id,nome,quartiere,classificazione,score,note,ciclabile_presente,n_corsie,senso_unico,n_testimonianze,zona,data_segnalazione
SS-NAP-0001,Anfiteatro,,blu,2,zona pedonale / living street,no,1,no,0,A2,
SS-NAP-0002,Asse viario Vomero-Soccavo-Pianura,,nero,5,strada ad alta velocità (trunk),no,2,si,0,A1,
SS-NAP-0003,Atrio dell'Ospedale degli Incurabili,,blu,2,zona pedonale / living street,no,1,no,0,B2,
SS-NAP-0004,Belvedere Cesare Andrea Bixio,,blu,2,zona pedonale / living street,no,1,no,0,A1,
SS-NAP-0005,Bivio di Mugnano,,giallo,3,strada urbana senza ciclabile,no,2,no,0,B1,
SS-NAP-0006,Calata Capodichino,,rosso,4,strada secondaria trafficata (2 corsie),no,2,si,0,B2,
SS-NAP-0007,Calata Fontanelle,,giallo,3,strada urbana senza ciclabile,no,2,si,0,B2,
SS-NAP-0008,Calata Ospedaletto,,giallo,3,strada urbana senza ciclabile,no,2,si,0,A2,
SS-NAP-0009,Calata San Francesco,,giallo,3,strada urbana senza ciclabile (1 corsie),no,1,si,0,A1,
SS-NAP-0010,Calata San Marco,,blu,2,zona pedonale / living street,no,1,no,0,A2,
SS-NAP-0011,Calata San Mattia,,blu,2,zona pedonale / living street,no,1,no,0,A2,
SS-NAP-0012,Calata Santi Cosma e Damiano,,giallo,3,strada urbana senza ciclabile,no,2,no,0,A2,
SS-NAP-0013,Calata Trinità Maggiore,,giallo,3,strada urbana senza ciclabile,no,2,no,0,A2,
SS-NAP-0014,Cavone Case Puntellate,,giallo,3,strada urbana senza ciclabile,no,2,no,0,A1,
SS-NAP-0015,Cavone case puntellate,,giallo,3,strada urbana senza ciclabile,no,2,no,0,A1,
SS-NAP-0016,Circumvallazione Esterna di Napoli,,nero,5,"strada ad alta velocità (trunk, 50 km/h)",no,2,si,0,B2,
SS-NAP-0017,Continuazione di Via Teano,,giallo,3,strada urbana senza ciclabile,no,2,no,0,B2,
SS-NAP-0018,Contrada Abbasso Maranda,,giallo,3,strada urbana senza ciclabile,no,2,no,0,B2,
SS-NAP-0019,Contrada Abbiendola,,giallo,3,strada urbana senza ciclabile,no,2,no,0,B1,
SS-NAP-0020,Contrada Pisciarelli,,giallo,3,strada urbana senza ciclabile,no,2,no,0,A1,
SS-NAP-0021,Corso Amedeo di Savoia Duca d'Aosta,,rosso,4,strada principale trafficata (2 corsie),no,2,no,0,B2,
SS-NAP-0022,Corso Arnaldo Lucci,,rosso,4,strada secondaria trafficata,no,2,si,0,A2,
SS-NAP-0023,Corso Bruno Buozzi,,giallo,3,strada urbana senza ciclabile,no,2,si,0,A2,
SS-NAP-0024,Corso Chiaiano,,giallo,3,strada urbana senza ciclabile,no,2,si,0,B1,
SS-NAP-0025,Corso Duca d'Aosta,,giallo,3,strada urbana senza ciclabile,no,2,si,0,B1,
SS-NAP-0026,Corso Europa,,rosso,4,strada secondaria trafficata,no,2,si,0,B2,
SS-NAP-0027,Corso Giuseppe Garibaldi,,rosso,4,strada secondaria trafficata (2 corsie),no,2,no,0,B2,
SS-NAP-0028,Corso Italia,,giallo,3,strada urbana senza ciclabile,no,2,si,0,B2,
SS-NAP-0029,Corso Malta,,giallo,3,strada urbana senza ciclabile,no,2,no,0,B2,
SS-NAP-0030,Corso Marianella,,giallo,3,strada urbana senza ciclabile,no,2,no,0,B1,
SS-NAP-0031,Corso Meridionale,,rosso,4,strada secondaria trafficata (2 corsie),no,2,si,0,B2,
SS-NAP-0032,Corso Mianella,,giallo,3,strada urbana senza ciclabile,no,2,no,0,B2,
SS-NAP-0033,Corso Nicolangelo Protopisani,,giallo,3,strada urbana senza ciclabile,no,2,no,0,A2,
SS-NAP-0034,Corso Novara,,rosso,4,strada secondaria trafficata (2 corsie),no,2,si,0,B2,
SS-NAP-0035,Corso Ponticelli,,giallo,3,strada urbana senza ciclabile,no,2,si,0,A2,
SS-NAP-0036,Corso Quattro Novembre,,giallo,3,strada urbana senza ciclabile,no,2,si,0,A2,
SS-NAP-0037,Corso San Giovanni a Teduccio,,rosso,4,strada principale trafficata (2 corsie),no,2,no,0,A2,
SS-NAP-0038,Corso San Pietro a Patierno,,giallo,3,strada urbana senza ciclabile,no,2,si,0,B2,
SS-NAP-0039,Corso Secondigliano,,rosso,4,strada secondaria trafficata,no,2,no,0,B2,
SS-NAP-0040,Corso Sirena,,giallo,3,strada urbana senza ciclabile,no,2,si,0,A2,
SS-NAP-0041,Corso Umberto Primo,,verde,1,ciclabile presente (da OpenStreetMap),si,2,si,0,A2,
SS-NAP-0042,Corso Vittorio Emanuele,,rosso,4,strada principale trafficata (2 corsie),no,2,no,0,A1,
SS-NAP-0043,Cortile Santa Chiara,,blu,2,zona pedonale / living street,no,1,no,0,A2,
SS-NAP-0044,Cupa Caiafa,,giallo,3,strada urbana senza ciclabile,no,2,si,0,A1,
SS-NAP-0045,Cupa Canzanella Vecchia,,giallo,3,strada urbana senza ciclabile,no,2,no,0,A1,
SS-NAP-0046,Cupa Capano,,giallo,3,strada urbana senza ciclabile,no,2,si,0,A1,
SS-NAP-0047,Cupa Capodichino,,giallo,3,strada urbana senza ciclabile,no,2,si,0,B2,
SS-NAP-0048,Cupa Carbone,,giallo,3,strada urbana senza ciclabile,no,2,no,0,B2,
SS-NAP-0049,Cupa Carderito,,giallo,3,strada urbana senza ciclabile,no,2,no,0,B1,
SS-NAP-0050,Cupa Cardone,,giallo,3,strada urbana senza ciclabile,no,2,no,0,B2,
SS-NAP-0051,Cupa Cavone,,giallo,3,strada urbana senza ciclabile,no,2,no,0,B2,
SS-NAP-0052,Cupa Censi dell'Arco,,giallo,3,strada urbana senza ciclabile,no,2,no,0,B2,
SS-NAP-0053,Cupa Coppa,,giallo,3,strada urbana senza ciclabile,no,2,no,0,B1,
SS-NAP-0054,Cupa Fosso del Lupo,,giallo,3,strada urbana senza ciclabile,no,2,si,0,B2,
SS-NAP-0055,Cupa Gerolomini alle due Porte,,giallo,3,strada urbana senza ciclabile,no,2,si,0,B1,
SS-NAP-0056,Cupa I Vrito - strada comunale Fragolara,,giallo,3,strada urbana senza ciclabile,no,2,no,0,B1,
SS-NAP-0057,Cupa Lettieri,,rosso,4,strada secondaria trafficata,no,2,si,0,B2,
SS-NAP-0058,Cupa Padre Eterno,,giallo,3,strada urbana senza ciclabile,no,2,no,0,B2,
SS-NAP-0059,Cupa Rubinacci,,giallo,3,strada urbana senza ciclabile,no,2,no,0,A2,
SS-NAP-0060,Cupa San Giovanni a Marianella,,giallo,3,strada urbana senza ciclabile,no,2,no,0,B1,
SS-NAP-0061,Cupa Santa Maria del Pozzo,,giallo,3,strada urbana senza ciclabile,no,2,si,0,A2,
SS-NAP-0062,Cupa Vicinale Pepe,,giallo,3,strada urbana senza ciclabile,no,2,no,0,B2,
SS-NAP-0063,Cupa Vicinale dell'Arco,,giallo,3,strada urbana senza ciclabile,no,2,si,0,B2,
SS-NAP-0064,Cupa dei Gerolomini alle due Porte,,giallo,3,strada urbana senza ciclabile,no,2,no,0,B1,
SS-NAP-0065,Cupa del Cimitero,,giallo,3,strada urbana senza ciclabile,no,2,no,0,A2,
SS-NAP-0066,Cupa del Principe,,giallo,3,strada urbana senza ciclabile,no,2,no,0,B2,
SS-NAP-0067,Cupa della Fascina,,giallo,3,strada urbana senza ciclabile,no,2,no,0,B1,
SS-NAP-0068,Cupa della Vedova,,giallo,3,strada urbana senza ciclabile,no,2,no,0,B2,
SS-NAP-0069,Cupa detta Santa Cesarea,,giallo,3,strada urbana senza ciclabile,no,2,si,0,B2,
SS-NAP-0070,Cupa vecchia Napoli,,giallo,3,strada urbana senza ciclabile,no,2,no,0,B1,
SS-NAP-0071,Discesa Bellaria,,giallo,3,strada urbana senza ciclabile,no,2,no,0,B2,
SS-NAP-0072,Discesa Coroglio,,giallo,3,strada urbana senza ciclabile,no,2,no,0,A1,
SS-NAP-0073,Discesa Lacco,,giallo,3,strada urbana senza ciclabile,no,2,no,0,A1,
SS-NAP-0074,Discesa Sanità,,giallo,3,strada urbana senza ciclabile,no,2,si,0,B2,
SS-NAP-0075,Discesa del Petraio,,blu,2,zona pedonale / living street,no,1,no,0,A1,
SS-NAP-0076,Fondaco Centocinquanta,,blu,2,zona pedonale / living street,no,1,no,0,B2,
SS-NAP-0077,Fondaco Perrone,,giallo,3,strada urbana senza ciclabile,no,2,no,0,A2,
SS-NAP-0078,Fondaco San Gregorio Armeno,,blu,2,zona pedonale / living street,no,1,no,0,A2,
SS-NAP-0079,Fondaco della Vicaria,,blu,2,zona pedonale / living street,no,1,no,0,B2,
SS-NAP-0080,Galleria Principe di Napoli,,blu,2,zona pedonale / living street,no,1,no,0,A2,
SS-NAP-0081,Galleria Umberto I,,blu,2,zona pedonale / living street,no,1,no,0,A2,
SS-NAP-0082,Galleria della Vittoria,,rosso,4,strada principale trafficata,no,2,si,0,A2,
SS-NAP-0083,Galleria delle Quattro Giornate,,rosso,4,strada principale trafficata,no,2,si,0,A1,
SS-NAP-0084,Galleria di Posillipo (Laziale),,rosso,4,strada principale trafficata,no,2,si,0,A1,
SS-NAP-0085,Gradini Amedeo,,blu,2,zona pedonale / living street,no,1,no,0,A1,
SS-NAP-0086,Gradini Forcella,,blu,2,zona pedonale / living street,no,1,no,0,A2,
SS-NAP-0087,Gradini Gesù e Maria,,blu,2,zona pedonale / living street,no,1,no,0,A2,
SS-NAP-0088,Gradini Ofanto,,blu,2,zona pedonale / living street,no,1,no,0,A1,
SS-NAP-0089,Gradini Pallonetto a Santa Lucia,,blu,2,zona pedonale / living street,no,1,no,0,A2,
SS-NAP-0090,Gradini Rosario a Portamedina,,blu,2,zona pedonale / living street,no,1,no,0,A2,
SS-NAP-0091,Gradini San Liborio,,blu,2,zona pedonale / living street,no,1,no,0,A2,
SS-NAP-0092,Gradini San Nicandro,,giallo,3,strada urbana senza ciclabile,no,2,no,0,B2,
SS-NAP-0093,Gradini Santa Caterina da Siena,,blu,2,zona pedonale / living street,no,1,no,0,A1,
SS-NAP-0094,Gradini del Petraio,,giallo,3,strada urbana senza ciclabile,no,2,no,0,A1,
SS-NAP-0095,Gradini della Piazzetta,,blu,2,zona pedonale / living street,no,1,no,0,A2,
SS-NAP-0096,Gradoni di Chiaia,,giallo,3,strada urbana senza ciclabile,no,2,si,0,A2,
SS-NAP-0097,Grotta di Seiano,,blu,2,zona pedonale / living street,no,1,no,0,A1,
SS-NAP-0098,I I Viale Malatesta,,giallo,3,strada urbana senza ciclabile,no,2,no,0,A1,
SS-NAP-0099,I Traversa Enrico Cosenz,,giallo,3,strada urbana senza ciclabile,no,2,si,0,A2,
SS-NAP-0100,I Traversa Giulio Cesare,,giallo,3,strada urbana senza ciclabile,no,2,no,0,A1,
SS-NAP-0101,I Traversa Nino Bixio,,giallo,3,strada urbana senza ciclabile,no,2,no,0,A1,
SS-NAP-0102,I Traversa Paolo della Valle,,giallo,3,strada urbana senza ciclabile,no,2,no,0,A1,
SS-NAP-0103,I Traversa degli Orefici,,giallo,3,strada urbana senza ciclabile,no,2,si,0,A2,
SS-NAP-0104,I Traversa di Via Villa Bisignano,,giallo,3,strada urbana senza ciclabile,no,2,no,0,A2,
SS-NAP-0105,I Traversa di Via Vincenzo Janfolla,,giallo,3,strada urbana senza ciclabile,no,2,no,0,B2,
SS-NAP-0106,II Traversa Garibaldi,,giallo,3,strada urbana senza ciclabile,no,2,no,0,A2,
SS-NAP-0107,II Traversa Niccolò Garzilli,,giallo,3,strada urbana senza ciclabile,no,2,no,0,A1,
SS-NAP-0108,II Traversa Nino Bixio,,giallo,3,strada urbana senza ciclabile,no,2,no,0,A1,
SS-NAP-0109,II Traversa Privata Epomeo,,giallo,3,strada urbana senza ciclabile,no,2,no,0,A1,
SS-NAP-0110,II Traversa Via Napoli,,giallo,3,strada urbana senza ciclabile,no,2,no,0,A1,
SS-NAP-0111,II Traversa degli Orefici,,blu,2,zona pedonale / living street,no,1,no,0,A2,
SS-NAP-0112,II Traversa di Via Villa Bisignano,,giallo,3,strada urbana senza ciclabile,no,2,no,0,A2,
SS-NAP-0113,II Traversa di Via Vincenzo Janfolla,,giallo,3,strada urbana senza ciclabile,no,2,no,0,B1,
SS-NAP-0114,II Traversa privata di Via Provinciale Napoli,,giallo,3,strada urbana senza ciclabile,no,2,si,0,B1,
SS-NAP-0115,III Traversa Nino Bixio,,giallo,3,strada urbana senza ciclabile,no,2,no,0,A1,
SS-NAP-0116,IV Traversa Botteghelle,,giallo,3,strada urbana senza ciclabile,no,2,no,0,B2,
SS-NAP-0117,IV Traversa di Via Villa Bisignano,,giallo,3,strada urbana senza ciclabile,no,2,no,0,A2,
SS-NAP-0118,Inversione di marcia,,giallo,3,strada urbana senza ciclabile,no,2,si,0,B2,
SS-NAP-0119,Largo 4 Aprile,,giallo,3,strada urbana senza ciclabile,no,2,no,0,B2,
SS-NAP-0120,Largo Aldo Capitini,,giallo,3,strada urbana senza ciclabile,no,2,no,0,B2,
SS-NAP-0121,Largo Alessandro Lala,,rosso,4,strada principale trafficata,no,2,si,0,A1,
SS-NAP-0122,Largo Antignano,,giallo,3,strada urbana senza ciclabile,no,2,si,0,A1,
SS-NAP-0123,Largo Banchi Nuovi,,blu,2,zona pedonale / living street,no,1,no,0,A2,
SS-NAP-0124,Largo Baracche,,blu,2,zona pedonale / living street,no,1,no,0,A2,
SS-NAP-0125,Largo Baruch De Spinoza,,giallo,3,strada urbana senza ciclabile,no,2,no,0,B1,
SS-NAP-0126,Largo Beato Gaetano Errico,,giallo,3,strada urbana senza ciclabile,no,2,si,0,B2,
SS-NAP-0127,Largo Cafiero,,giallo,3,strada urbana senza ciclabile,no,2,no,0,A1,
SS-NAP-0128,Largo Cangiani,,rosso,4,strada secondaria trafficata,no,2,no,0,B1,
SS-NAP-0129,Largo Caterina Volpicelli,,giallo,3,strada urbana senza ciclabile,no,2,si,0,B1,
SS-NAP-0130,Largo Corpo di Napoli,,blu,2,zona pedonale / living street,no,1,no,0,A2,
SS-NAP-0131,Largo Domenico Martuscelli,,rosso,4,strada secondaria trafficata (1 corsie),no,1,no,0,A1,
SS-NAP-0132,Largo Ecce Homo,,giallo,3,strada urbana senza ciclabile,no,2,si,0,A2,
SS-NAP-0133,Largo Enrico Berlinguer,,verde,1,ciclabile presente (da OpenStreetMap),si,2,no,0,A2,
SS-NAP-0134,Largo Ferrandina,,giallo,3,strada urbana senza ciclabile,no,2,si,0,A1,
SS-NAP-0135,Largo Francesco Celebrano,,giallo,3,strada urbana senza ciclabile,no,2,si,0,A1,
SS-NAP-0136,Largo Francesco De Martino,,giallo,3,strada urbana senza ciclabile,no,2,no,0,A1,
SS-NAP-0137,Largo Francesco Torraca,,blu,2,zona pedonale / living street,no,1,no,0,A2,
SS-NAP-0138,Largo Gaspare Colosimo,,blu,2,zona pedonale / living street,no,1,no,0,B1,
SS-NAP-0139,Largo Giuseppe Dossetti,,giallo,3,strada urbana senza ciclabile,no,2,no,0,B2,
SS-NAP-0140,Largo Giustiniano,,rosso,4,strada secondaria trafficata,no,2,si,0,A1,
SS-NAP-0141,Largo Luigi Negrelli,,blu,2,zona pedonale / living street,no,1,no,0,A1,
SS-NAP-0142,Largo Luisa Conte,,blu,2,zona pedonale / living street,no,1,no,0,A1,
SS-NAP-0143,Largo Martin Buber,,giallo,3,strada urbana senza ciclabile,no,2,no,0,B2,
SS-NAP-0144,Largo Maurizio Estate,,blu,2,zona pedonale / living street,no,1,no,0,A1,
SS-NAP-0145,Largo Miracoli,,giallo,3,strada urbana senza ciclabile,no,2,si,0,B2,
SS-NAP-0146,Largo Nicola Abbagnano,,giallo,3,strada urbana senza ciclabile,no,2,no,0,B1,
SS-NAP-0147,Largo Nicolangelo Protopisani,,blu,2,zona pedonale / living street,no,1,no,0,A2,
SS-NAP-0148,Largo Nunziatella,,giallo,3,strada urbana senza ciclabile,no,2,si,0,A2,
SS-NAP-0149,Largo Placido Rizzotto,,giallo,3,strada urbana senza ciclabile,no,2,no,0,B2,
SS-NAP-0150,Largo Ponte di Tappia,,blu,2,zona pedonale / living street,no,1,no,0,A2,
SS-NAP-0151,Largo Porteria al Consiglio,,blu,2,zona pedonale / living street,no,1,no,0,A2,
SS-NAP-0152,Largo Principessa Pignatelli,,giallo,3,strada urbana senza ciclabile,no,2,si,0,A1,
SS-NAP-0153,Largo Proprio D'Arianiello,,blu,2,zona pedonale / living street,no,1,no,0,A2,
SS-NAP-0154,Largo S. Marcellino,,giallo,3,strada urbana senza ciclabile,no,2,si,0,A2,
SS-NAP-0155,Largo San Martino,,giallo,3,strada urbana senza ciclabile,no,2,no,0,A1,
SS-NAP-0156,Largo Sant'Erasmo,,giallo,3,strada urbana senza ciclabile,no,2,si,0,A2,
SS-NAP-0157,Largo Sant'Orsola,,blu,2,zona pedonale / living street,no,1,no,0,A1,
SS-NAP-0158,Largo Santa Maria del Pianto,,rosso,4,strada principale trafficata,no,2,si,0,B2,
SS-NAP-0159,Largo Sergio Leone,,blu,2,zona pedonale / living street,no,1,no,0,B1,
SS-NAP-0160,Largo Soccorso,,blu,2,zona pedonale / living street,no,1,no,0,A2,
SS-NAP-0161,Largo del Petraio,,blu,2,zona pedonale / living street,no,1,no,0,A1,
SS-NAP-0162,Largo del Vasto a Chiaia,,giallo,3,strada urbana senza ciclabile,no,2,si,0,A1,
SS-NAP-0163,Parco Adele,,blu,2,zona pedonale / living street,no,1,no,0,A1,
SS-NAP-0164,Parco Arcadia,,blu,2,accesso limitato (ZTL),no,1,no,0,B1,
SS-NAP-0165,Parco Fontana,,blu,2,accesso limitato (ZTL),no,1,no,0,B1,
SS-NAP-0166,Parco Frascino,,giallo,3,strada urbana senza ciclabile,no,2,no,0,B1,
SS-NAP-0167,Parco Lamaro,,blu,2,accesso limitato (ZTL),no,1,no,0,B1,
SS-NAP-0168,Parco Montedonzelli,,giallo,3,strada urbana senza ciclabile,no,2,no,0,B1,
SS-NAP-0169,Parco Persichetti,,giallo,3,strada urbana senza ciclabile,no,2,no,0,A1,
SS-NAP-0170,Parco Saia,,blu,2,accesso limitato (ZTL),no,1,no,0,B1,
SS-NAP-0171,Parco Vomero Sole,,giallo,3,strada urbana senza ciclabile,no,2,no,0,A1,
SS-NAP-0172,Passaggio Nuova Poggioreale,,rosso,4,strada secondaria trafficata,no,2,no,0,B2,
SS-NAP-0173,Passeggiata Colonna,,blu,2,zona pedonale / living street,no,1,no,0,A1,
SS-NAP-0174,Pendino Santa Barbara,,blu,2,zona pedonale / living street,no,1,no,0,A2,
SS-NAP-0175,Percorso Ciclabile Napoli,,verde,1,ciclabile presente (da OpenStreetMap),si,2,no,0,A2,
SS-NAP-0176,Piazza Amedeo,,giallo,3,strada urbana senza ciclabile,no,2,si,0,A1,
SS-NAP-0177,Piazza Antonino Caponnetto,,blu,2,zona pedonale / living street,no,1,no,0,A2,
SS-NAP-0178,Piazza Bagnoli,,giallo,3,strada urbana senza ciclabile,no,2,si,0,A1,
SS-NAP-0179,Piazza Canneto,,rosso,4,strada secondaria trafficata,no,2,si,0,B1,
SS-NAP-0180,Piazza Capri,,blu,2,zona pedonale / living street,no,1,no,0,A2,
SS-NAP-0181,Piazza Capuana,,rosso,4,strada secondaria trafficata,no,2,si,0,B2,
SS-NAP-0182,Piazza Carità,,rosso,4,strada secondaria trafficata (2 corsie),no,2,si,0,A2,
SS-NAP-0183,Piazza Carlo III,,rosso,4,strada principale trafficata,no,2,si,0,B2,
SS-NAP-0184,Piazza Carlo Terzo,,rosso,4,strada principale trafficata (2 corsie),no,2,si,0,B2,
SS-NAP-0185,Piazza Carlo Troya,,blu,2,zona pedonale / living street,no,1,no,0,A2,
SS-NAP-0186,Piazza Carolina,,giallo,3,strada urbana senza ciclabile,no,2,no,0,A2,
SS-NAP-0187,Piazza Cavour,,giallo,3,strada urbana senza ciclabile,no,2,si,0,B2,
SS-NAP-0188,Piazza Cosimo Fanzago,,giallo,3,strada urbana senza ciclabile,no,2,no,0,A1,
SS-NAP-0189,Piazza Dante,,rosso,4,strada secondaria trafficata,no,2,no,0,A2,
SS-NAP-0190,Piazza Eduardo De Filippo,,giallo,3,strada urbana senza ciclabile,no,2,si,0,B2,
SS-NAP-0191,Piazza Enrico De Leva,,giallo,3,strada urbana senza ciclabile,no,2,no,0,B1,
SS-NAP-0192,Piazza Enrico De Nicola,,rosso,4,strada secondaria trafficata,no,2,no,0,B2,
SS-NAP-0193,Piazza Enrico de Nicola,,giallo,3,strada urbana senza ciclabile,no,2,si,0,B2,
SS-NAP-0194,Piazza Ezechiele Guardascione,,giallo,3,strada urbana senza ciclabile,no,2,si,0,B2,
SS-NAP-0195,Piazza Ferdinando Fuga,,giallo,3,strada urbana senza ciclabile,no,2,si,0,A1,
SS-NAP-0196,Piazza Francesco Coppola,,giallo,3,strada urbana senza ciclabile,no,2,no,0,B2,
SS-NAP-0197,Piazza Francesco Muzii,,rosso,4,strada secondaria trafficata,no,2,si,0,B1,
SS-NAP-0198,Piazza Francesco Saverio Arabia,,rosso,4,strada principale trafficata,no,2,si,0,B2,
SS-NAP-0199,Piazza Francese,,blu,2,zona pedonale / living street,no,1,no,0,A2,
SS-NAP-0200,Piazza Gabriele D'Annunzio,,rosso,4,strada secondaria trafficata,no,2,si,0,A1,
SS-NAP-0201,Piazza Gaetano Salvemini,,giallo,3,strada urbana senza ciclabile,no,2,no,0,A1,
SS-NAP-0202,Piazza Gesù e Maria,,giallo,3,strada urbana senza ciclabile,no,2,si,0,A2,
SS-NAP-0203,Piazza Giacomo Matteotti,,rosso,4,strada secondaria trafficata,no,2,si,0,A2,
SS-NAP-0204,Piazza Gianbattista Vico,,giallo,3,strada urbana senza ciclabile,no,2,si,0,B2,
SS-NAP-0205,Piazza Giovanni Battista Pacichelli,,blu,2,zona pedonale / living street,no,1,no,0,A2,
SS-NAP-0206,Piazza Giovanni Bernardino Tafuri,,blu,2,zona pedonale / living street,no,1,no,0,B1,
SS-NAP-0207,Piazza Giovanni Bovio,,verde,1,ciclabile presente (da OpenStreetMap),si,2,si,0,A2,
SS-NAP-0208,Piazza Giovanni Falcone e Paolo Borsellino,,giallo,3,strada urbana senza ciclabile,no,2,no,0,B2,
SS-NAP-0209,Piazza Giovanni Leone,,blu,2,zona pedonale / living street,no,1,no,0,B2,
SS-NAP-0210,Piazza Giovanni Paolo II,,blu,2,zona pedonale / living street,no,1,no,0,B1,
SS-NAP-0211,Piazza Giovanni XXII,,giallo,3,strada urbana senza ciclabile,no,2,si,0,B2,
SS-NAP-0212,Piazza Giuseppe Di Vittorio,,giallo,3,strada urbana senza ciclabile,no,2,si,0,B2,
SS-NAP-0213,Piazza Giuseppe Garibaldi,,rosso,4,strada secondaria trafficata,no,2,si,0,A2,
SS-NAP-0214,Piazza Giuseppe Mazzini,,rosso,4,strada principale trafficata,no,2,no,0,A1,
SS-NAP-0215,Piazza Giuseppe Zanardelli,,giallo,3,strada urbana senza ciclabile,no,2,no,0,B2,
SS-NAP-0216,Piazza Guglielmo Pepe,,giallo,3,strada urbana senza ciclabile,no,2,si,0,A2,
SS-NAP-0217,Piazza Ipogea,,blu,2,zona pedonale / living street,no,1,no,0,A2,
SS-NAP-0218,Piazza Italia,,giallo,3,strada urbana senza ciclabile,no,2,si,0,A1,
SS-NAP-0219,Piazza Jacopo Sannazaro,,rosso,4,strada principale trafficata,no,2,no,0,A1,
SS-NAP-0220,Piazza Leonardo,,giallo,3,strada urbana senza ciclabile,no,2,si,0,A1,
SS-NAP-0221,Piazza Luigi Poderico,,giallo,3,strada urbana senza ciclabile,no,2,si,0,B2,
SS-NAP-0222,Piazza Luigi Vanvitelli,,giallo,3,strada urbana senza ciclabile,no,2,no,0,A1,
SS-NAP-0223,Piazza Madonna dell'Arco,,giallo,3,strada urbana senza ciclabile,no,2,no,0,B2,
SS-NAP-0224,Piazza Marcantonio Colonna,,giallo,3,strada urbana senza ciclabile,no,2,si,0,A1,
SS-NAP-0225,Piazza Marianella,,giallo,3,strada urbana senza ciclabile,no,2,si,0,B1,
SS-NAP-0226,Piazza Mario Pagano,,giallo,3,strada urbana senza ciclabile,no,2,no,0,B2,
SS-NAP-0227,Piazza Medaglie D'Oro,,rosso,4,strada secondaria trafficata,no,2,no,0,A1,
SS-NAP-0228,Piazza Mercato,,giallo,3,strada urbana senza ciclabile,no,2,si,0,A2,
SS-NAP-0229,Piazza Miracoli,,giallo,3,strada urbana senza ciclabile,no,2,si,0,B2,
SS-NAP-0230,Piazza Montecalvario,,giallo,3,strada urbana senza ciclabile,no,2,si,0,A2,
SS-NAP-0231,Piazza Monteoliveto,,blu,2,zona pedonale / living street,no,1,no,0,A2,
SS-NAP-0232,Piazza Montesanto,,giallo,3,strada urbana senza ciclabile,no,2,si,0,A2,
SS-NAP-0233,Piazza Municipio,,giallo,3,strada urbana senza ciclabile,no,2,no,0,A2,
SS-NAP-0234,Piazza Municipio di Pianura,,blu,2,zona pedonale / living street,no,1,no,0,B1,
SS-NAP-0235,Piazza Museo Nazionale,,rosso,4,strada principale trafficata,no,2,si,0,A2,
SS-NAP-0236,Piazza Nazionale,,rosso,4,strada secondaria trafficata (2 corsie),no,2,si,0,B2,
SS-NAP-0237,Piazza Neghelli,,giallo,3,strada urbana senza ciclabile,no,2,no,0,A1,
SS-NAP-0238,Piazza Nicola Amore,,rosso,4,strada secondaria trafficata (2 corsie),no,2,si,0,A2,
SS-NAP-0239,Piazza Nicola Romano,,blu,2,zona pedonale / living street,no,1,no,0,B1,
SS-NAP-0240,Piazza Nolana,,rosso,4,strada secondaria trafficata (2 corsie),no,2,si,0,A2,
SS-NAP-0241,Piazza Parrocchia,,blu,2,zona pedonale / living street,no,1,no,0,A2,
SS-NAP-0242,Piazza Piedigrotta,,rosso,4,strada principale trafficata,no,2,si,0,A1,
SS-NAP-0243,Piazza Piero Della Francesca,,blu,2,zona pedonale / living street,no,1,no,0,B1,
SS-NAP-0244,Piazza Pietro Nenni,,blu,2,zona pedonale / living street,no,1,no,0,B2,
SS-NAP-0245,Piazza Pignasecca,,blu,2,zona pedonale / living street,no,1,no,0,A2,
SS-NAP-0246,Piazza Pilastri,,giallo,3,strada urbana senza ciclabile,no,2,si,0,A1,
SS-NAP-0247,Piazza Principe Umberto,,rosso,4,strada secondaria trafficata,no,2,si,0,B2,
SS-NAP-0248,Piazza Procida,,giallo,3,strada urbana senza ciclabile,no,2,no,0,A2,
SS-NAP-0249,Piazza Quattro Giornate,,rosso,4,strada secondaria trafficata,no,2,si,0,A1,
SS-NAP-0250,Piazza Regina Margherita,,giallo,3,strada urbana senza ciclabile,no,2,no,0,B2,
SS-NAP-0251,Piazza Roffredo Beneventano,,giallo,3,strada urbana senza ciclabile,no,2,si,0,A1,
SS-NAP-0252,Piazza Ruggero Bonghi,,giallo,3,strada urbana senza ciclabile,no,2,si,0,A2,
SS-NAP-0253,Piazza Salvatore Lobianco,,giallo,3,strada urbana senza ciclabile,no,2,si,0,B2,
SS-NAP-0254,Piazza Salvatore di Giacomo,,giallo,3,strada urbana senza ciclabile,no,2,si,0,A1,
SS-NAP-0255,Piazza San Francesco di Paola,,rosso,4,strada secondaria trafficata,no,2,si,0,B2,
SS-NAP-0256,Piazza San Giorgio,,giallo,3,strada urbana senza ciclabile,no,2,si,0,B1,
SS-NAP-0257,Piazza San Giovanni Battista,,blu,2,zona pedonale / living street,no,1,no,0,A2,
SS-NAP-0258,Piazza San Pietro,,giallo,3,strada urbana senza ciclabile,no,2,no,0,A1,
SS-NAP-0259,Piazza Sanità,,giallo,3,strada urbana senza ciclabile,no,2,no,0,B2,
SS-NAP-0260,Piazza Sant'Alfonso a Marianella,,giallo,3,strada urbana senza ciclabile,no,2,no,0,B1,
SS-NAP-0261,Piazza Sant'Anna a Capuana,,blu,2,zona pedonale / living street,no,1,no,0,B2,
SS-NAP-0262,Piazza Sant'Eframo Vecchio,,giallo,3,strada urbana senza ciclabile,no,2,si,0,B2,
SS-NAP-0263,Piazza Santa Maria degli Angeli,,giallo,3,strada urbana senza ciclabile,no,2,si,0,A2,
SS-NAP-0264,Piazza Santa Maria la Scala,,giallo,3,strada urbana senza ciclabile,no,2,no,0,A2,
SS-NAP-0265,Piazza Saverio Mercadante,,rosso,4,strada principale trafficata,no,2,no,0,A1,
SS-NAP-0266,Piazza Scipione Ammirato,,blu,2,zona pedonale / living street,no,1,no,0,B1,
SS-NAP-0267,Piazza Seneca,,giallo,3,strada urbana senza ciclabile,no,2,si,0,A1,
SS-NAP-0268,Piazza Trieste e Trento,,giallo,3,strada urbana senza ciclabile (1 corsie),no,1,si,0,A2,
SS-NAP-0269,Piazza Vincenzo Aprea,,giallo,3,strada urbana senza ciclabile,no,2,no,0,B2,
SS-NAP-0270,Piazza Vincenzo Bellini,,giallo,3,strada urbana senza ciclabile,no,2,si,0,A2,
SS-NAP-0271,Piazza Vincenzo De Franchis,,blu,2,zona pedonale / living street,no,1,no,0,A2,
SS-NAP-0272,Piazza Vittoria,,rosso,4,strada principale trafficata,no,2,si,0,A1,
SS-NAP-0273,Piazza Vittorio Emanuele,,giallo,3,strada urbana senza ciclabile,no,2,no,0,B1,
SS-NAP-0274,Piazza Volturno,,blu,2,zona pedonale / living street,no,1,no,0,B2,
SS-NAP-0275,Piazza de Martiri,,giallo,3,strada urbana senza ciclabile,no,2,si,0,A1,
SS-NAP-0276,Piazza degli Artisti,,giallo,3,strada urbana senza ciclabile,no,2,si,0,A1,
SS-NAP-0277,Piazza dei Martiri,,giallo,3,strada urbana senza ciclabile (1 corsie),no,1,si,0,A1,
SS-NAP-0278,Piazza del Gesù Nuovo,,blu,2,zona pedonale / living street,no,1,si,0,A2,
SS-NAP-0279,Piazza del Plebiscito,,giallo,3,strada urbana senza ciclabile (2 corsie),no,2,no,0,A2,
SS-NAP-0280,Piazza dell'Immacolata,,giallo,3,strada urbana senza ciclabile,no,2,si,0,A1,
SS-NAP-0281,Piazza della Libertà,,giallo,3,strada urbana senza ciclabile,no,2,no,0,B2,
SS-NAP-0282,Piazza della Repubblica,,rosso,4,strada principale trafficata,no,2,no,0,A1,
SS-NAP-0283,Piazzale Cristoforo Colombo,,blu,2,zona pedonale / living street,no,1,no,0,A1,
SS-NAP-0284,Piazzale Esedra,,giallo,3,strada urbana senza ciclabile,no,2,no,0,A1,
SS-NAP-0285,Piazzale Leonardo da Vinci,,blu,2,zona pedonale / living street,no,1,no,0,A1,
SS-NAP-0286,Piazzale Madre Landi,,blu,2,zona pedonale / living street,no,1,no,0,B2,
SS-NAP-0287,Piazzale Vincenzo Tecchio,,rosso,4,strada secondaria trafficata (2 corsie),no,2,si,0,A1,
SS-NAP-0288,Piazzale delle Costellazioni,,giallo,3,strada urbana senza ciclabile,no,2,no,0,B2,
SS-NAP-0289,Piazzetta Andrea Belvedere,,giallo,3,strada urbana senza ciclabile,no,2,no,0,A1,
SS-NAP-0290,Piazzetta Arenella,,giallo,3,strada urbana senza ciclabile,no,2,si,0,B1,
SS-NAP-0291,Piazzetta Ascensione a Chiaia,,blu,2,zona pedonale / living street,no,1,no,0,A1,
SS-NAP-0292,Piazzetta Cappelluccia,,blu,2,zona pedonale / living street,no,1,no,0,A2,
SS-NAP-0293,Piazzetta Cariati,,giallo,3,strada urbana senza ciclabile,no,2,si,0,A1,
SS-NAP-0294,Piazzetta Casanova,,blu,2,zona pedonale / living street,no,1,no,0,A2,
SS-NAP-0295,Piazzetta Crociferi,,blu,2,zona pedonale / living street,no,1,no,0,B2,
SS-NAP-0296,Piazzetta Domenico Salazar,,blu,2,zona pedonale / living street,no,1,no,0,A2,
SS-NAP-0297,Piazzetta Duca d'Aosta,,blu,2,zona pedonale / living street,no,1,no,0,A2,
SS-NAP-0298,Piazzetta Fabrizio Pignatelli,,giallo,3,strada urbana senza ciclabile,no,2,si,0,A2,
SS-NAP-0299,Piazzetta Girolamo Giusso,,giallo,3,strada urbana senza ciclabile,no,2,si,0,A1,
SS-NAP-0300,Piazzetta Giulio Rodinò,,blu,2,zona pedonale / living street,no,1,no,0,A1,
SS-NAP-0301,Piazzetta Giustino Fortunato,,giallo,3,strada urbana senza ciclabile,no,2,si,0,A2,
SS-NAP-0302,Piazzetta Leone a Mergellina,,giallo,3,strada urbana senza ciclabile,no,2,no,0,A1,
SS-NAP-0303,Piazzetta Lieti a Capodimonte,,giallo,3,strada urbana senza ciclabile,no,2,si,0,B2,
SS-NAP-0304,Piazzetta Marinari,,blu,2,zona pedonale / living street,no,1,no,0,A2,
SS-NAP-0305,Piazzetta Marinelli,,blu,2,zona pedonale / living street,no,1,no,0,A2,
SS-NAP-0306,Piazzetta Materdei,,giallo,3,strada urbana senza ciclabile,no,2,no,0,B2,
SS-NAP-0307,Piazzetta Matilde Serao,,blu,2,zona pedonale / living street,no,1,no,0,A2,
SS-NAP-0308,Piazzetta Mondragone,,giallo,3,strada urbana senza ciclabile,no,2,si,0,A1,
SS-NAP-0309,Piazzetta Olivella,,blu,2,zona pedonale / living street,no,1,no,0,A2,
SS-NAP-0310,Piazzetta Orticello a Loreto,,giallo,3,strada urbana senza ciclabile,no,2,si,0,A2,
SS-NAP-0311,Piazzetta Parrocchiella Santa Maria Ognibene,,blu,2,zona pedonale / living street,no,1,no,0,A2,
SS-NAP-0312,Piazzetta Pasquale Stanislao Mancini,,blu,2,zona pedonale / living street,no,1,no,0,A2,
SS-NAP-0313,Piazzetta Pietrasanta,,blu,2,zona pedonale / living street,no,1,no,0,A2,
SS-NAP-0314,Piazzetta Principessa Margherita,,blu,2,zona pedonale / living street,no,1,no,0,A2,
SS-NAP-0315,Piazzetta San Carlo all'Arena,,rosso,4,strada secondaria trafficata,no,2,no,0,B2,
SS-NAP-0316,Piazzetta San Carlo alle Mortelle,,giallo,3,strada urbana senza ciclabile,no,2,no,0,A1,
SS-NAP-0317,Piazzetta San Gennaro al Vomero,,giallo,3,strada urbana senza ciclabile,no,2,si,0,A1,
SS-NAP-0318,Piazzetta San Sepolcro,,giallo,3,strada urbana senza ciclabile,no,2,no,0,A2,
SS-NAP-0319,Piazzetta Sant'Anna di Palazzo,,giallo,3,strada urbana senza ciclabile,no,2,si,0,A2,
SS-NAP-0320,Piazzetta Santa Maria ad Agnone,,blu,2,zona pedonale / living street,no,1,no,0,A2,
SS-NAP-0321,Piazzetta Santo Stefano,,giallo,3,strada urbana senza ciclabile,no,2,si,0,A1,
SS-NAP-0322,Piazzetta Solofrano,,blu,2,zona pedonale / living street,no,1,no,0,A1,
SS-NAP-0323,Piazzetta Stella,,giallo,3,strada urbana senza ciclabile,no,2,si,0,B2,
SS-NAP-0324,Piazzetta Stella Mattutina,,blu,2,zona pedonale / living street,no,1,no,0,B2,
SS-NAP-0325,Piazzetta Teodoro Monticelli,,giallo,3,strada urbana senza ciclabile,no,2,si,0,A2,
SS-NAP-0326,Piazzetta Totò,,blu,2,zona pedonale / living street,no,1,no,0,B1,
SS-NAP-0327,Piazzetta Trinità degli Spagnoli,,blu,2,zona pedonale / living street,no,1,no,0,A2,
SS-NAP-0328,Piazzetta del Nilo,,blu,2,zona pedonale / living street,no,1,no,0,A2,
SS-NAP-0329,Pista Ciclabile Napoli,,verde,1,ciclabile presente (da OpenStreetMap),si,2,no,0,A1,
SS-NAP-0330,Pista ciclabile Napoli,,verde,1,ciclabile presente (da OpenStreetMap),si,2,no,0,A1,
SS-NAP-0331,Ponte Cavalcavia Ponticelli,,giallo,3,strada urbana senza ciclabile,no,2,no,0,A2,
SS-NAP-0332,Ponte Cavalcavia detto di Ponticelli,,giallo,3,strada urbana senza ciclabile,no,2,no,0,A2,
SS-NAP-0333,Ponte Maddalena Cerasuolo,,rosso,4,strada principale trafficata,no,2,no,0,B2,
SS-NAP-0334,Pontile Nord di Bagnoli,,blu,2,zona pedonale / living street,no,1,no,0,A1,
SS-NAP-0335,Pontile di Castel dell'Ovo,,blu,2,zona pedonale / living street,no,1,no,0,A2,
SS-NAP-0336,Prima Traversa Consalvo,,giallo,3,strada urbana senza ciclabile,no,2,no,0,A1,
SS-NAP-0337,Prima Traversa Diocleziano,,blu,2,zona pedonale / living street,no,1,no,0,A1,
SS-NAP-0338,Prima Traversa Vecchia Miano,,giallo,3,strada urbana senza ciclabile,no,2,no,0,B2,
SS-NAP-0339,Prolungamento Pasquale Borrelli,,giallo,3,strada urbana senza ciclabile,no,2,no,0,B2,
SS-NAP-0340,Rampa Maria Longo,,giallo,3,strada urbana senza ciclabile,no,2,si,0,B2,
SS-NAP-0341,Rampa via Domenico Fontana,,giallo,3,strada urbana senza ciclabile,no,2,no,0,B1,
SS-NAP-0342,Rampe Brancaccio,,giallo,3,strada urbana senza ciclabile,no,2,si,0,A1,
SS-NAP-0343,Rampe Paggeria,,giallo,3,strada urbana senza ciclabile,no,2,si,0,A2,
SS-NAP-0344,Rampe S. Gennaro dei Poveri,,giallo,3,strada urbana senza ciclabile,no,2,si,0,B2,
SS-NAP-0345,Rampe San Marcellino,,blu,2,zona pedonale / living street,no,1,no,0,A2,
SS-NAP-0346,Rampe del Campo,,giallo,3,strada urbana senza ciclabile,no,2,si,0,B2,
SS-NAP-0347,Rampe del Cavone,,giallo,3,strada urbana senza ciclabile,no,2,no,0,A2,
SS-NAP-0348,Rampe di Pizzofalcone,,giallo,3,strada urbana senza ciclabile,no,2,no,0,A2,
SS-NAP-0349,Rampe di Sant'Antonio a Posillipo,,giallo,3,strada urbana senza ciclabile,no,2,si,0,A1,
SS-NAP-0350,Rione Lauro,,giallo,3,strada urbana senza ciclabile,no,2,no,0,A1,
SS-NAP-0351,Riviera di Chiaia,,rosso,4,strada principale trafficata (2 corsie),no,2,si,0,A1,
SS-NAP-0352,Rotatoria Cilea,,rosso,4,strada secondaria trafficata,no,2,si,0,A1,
SS-NAP-0353,Rotonda Caldieri,,rosso,4,strada secondaria trafficata,no,2,no,0,A1,
SS-NAP-0354,Rotonda Diaz,,blu,2,zona pedonale / living street,no,1,no,0,A1,
SS-NAP-0355,Rotonda Largo Madre Teresa di Calcutta,,rosso,4,strada secondaria trafficata,no,2,no,0,A1,
SS-NAP-0356,Rotonda Manzoni,,rosso,4,strada secondaria trafficata,no,2,no,0,A1,
SS-NAP-0357,Rotonda Piazza Giuseppe Di Vittorio,,rosso,4,strada secondaria trafficata (2 corsie),no,2,no,0,B2,
SS-NAP-0358,Rotonda Piazza Immacolata,,giallo,3,strada urbana senza ciclabile (1 corsie),no,1,no,0,A1,
SS-NAP-0359,Rotonda Pietro Castellino,,rosso,4,strada secondaria trafficata (1 corsie),no,1,no,0,B1,
SS-NAP-0360,Rotonda Quattro Giornate,,rosso,4,strada secondaria trafficata,no,2,no,0,A1,
SS-NAP-0361,Rotonda Rossini,,giallo,3,strada urbana senza ciclabile,no,2,no,0,A1,
SS-NAP-0362,Rotonda Salvator Rosa,,rosso,4,strada secondaria trafficata,no,2,no,0,A1,
SS-NAP-0363,Rotonda San Domenico,,rosso,4,strada secondaria trafficata,no,2,no,0,A1,
SS-NAP-0364,Rotonda della Pigna,,rosso,4,strada secondaria trafficata,no,2,no,0,A1,
SS-NAP-0365,Rotonda di Agnano,,rosso,4,strada secondaria trafficata,no,2,no,0,A1,
SS-NAP-0366,Rotonda di Arzano,,rosso,4,strada principale trafficata (2 corsie),no,2,no,0,B2,
SS-NAP-0367,Rua Catalana,,giallo,3,strada urbana senza ciclabile,no,2,si,0,A2,
SS-NAP-0368,Rua Francesca,,giallo,3,strada urbana senza ciclabile,no,2,no,0,A2,
SS-NAP-0369,Rua Toscana,,giallo,3,strada urbana senza ciclabile,no,2,si,0,A2,
SS-NAP-0370,SP1 Circumvallazione Esterna di Napoli,,nero,5,"strada ad alta velocità (trunk, 50 km/h)",no,2,si,0,B2,
SS-NAP-0371,Salita Arenella,,giallo,3,strada urbana senza ciclabile,no,2,si,0,A1,
SS-NAP-0372,Salita Cacciottoli,,giallo,3,strada urbana senza ciclabile,no,2,no,0,A1,
SS-NAP-0373,Salita Capodimonte,,giallo,3,strada urbana senza ciclabile,no,2,si,0,B2,
SS-NAP-0374,Salita Cariati,,giallo,3,strada urbana senza ciclabile,no,2,si,0,A2,
SS-NAP-0375,Salita Due Porte all'Arenella,,giallo,3,strada urbana senza ciclabile,no,2,no,0,B1,
SS-NAP-0376,Salita Echia,,giallo,3,strada urbana senza ciclabile,no,2,no,0,A2,
SS-NAP-0377,Salita La Farina,,blu,2,accesso limitato (ZTL),no,1,no,0,A1,
SS-NAP-0378,Salita Miradois,,giallo,3,strada urbana senza ciclabile,no,2,no,0,B2,
SS-NAP-0379,Salita Moiariello,,giallo,3,strada urbana senza ciclabile,no,2,no,0,B2,
SS-NAP-0380,Salita Montagnola,,giallo,3,strada urbana senza ciclabile,no,2,no,0,B2,
SS-NAP-0381,Salita Piedigrotta,,rosso,4,strada principale trafficata,no,2,si,0,A1,
SS-NAP-0382,Salita Pontecorvo,,giallo,3,strada urbana senza ciclabile,no,2,no,0,A2,
SS-NAP-0383,Salita Pontenuovo,,giallo,3,strada urbana senza ciclabile,no,2,si,0,B2,
SS-NAP-0384,Salita Porteria San Raffaele,,giallo,3,strada urbana senza ciclabile,no,2,si,0,B1,
SS-NAP-0385,Salita Principi,,giallo,3,strada urbana senza ciclabile,no,2,no,0,B2,
SS-NAP-0386,Salita Ritito della Purità,,giallo,3,strada urbana senza ciclabile,no,2,no,0,B2,
SS-NAP-0387,Salita S. Elia,,giallo,3,strada urbana senza ciclabile,no,2,no,0,B2,
SS-NAP-0388,Salita San Nicola da Tolentino,,giallo,3,strada urbana senza ciclabile,no,2,si,0,A1,
SS-NAP-0389,Salita San Raffaele,,giallo,3,strada urbana senza ciclabile,no,2,si,0,B2,
SS-NAP-0390,Salita Sant'Anna di Palazzo,,blu,2,zona pedonale / living street,no,1,no,0,A2,
SS-NAP-0391,Salita Sant'Antonio a Tarsia,,giallo,3,strada urbana senza ciclabile,no,2,si,0,A2,
SS-NAP-0392,Salita Sant'Antonio ai Monti,,giallo,3,strada urbana senza ciclabile,no,2,no,0,A1,
SS-NAP-0393,Salita Santa Lucia al Monte,,blu,2,zona pedonale / living street,no,1,no,0,A2,
SS-NAP-0394,Salita Santa Maria Apparente,,blu,2,zona pedonale / living street,no,1,no,0,A1,
SS-NAP-0395,Salita Scudillo,,giallo,3,strada urbana senza ciclabile,no,2,si,0,B1,
SS-NAP-0396,Salita Stella,,giallo,3,strada urbana senza ciclabile,no,2,no,0,B2,
SS-NAP-0397,Salita Tarsia,,giallo,3,strada urbana senza ciclabile,no,2,si,0,A2,
SS-NAP-0398,Salita Trinità degli Spagnoli,,giallo,3,strada urbana senza ciclabile,no,2,si,0,A2,
SS-NAP-0399,Salita Ugo Di Fazio,,blu,2,zona pedonale / living street,no,1,no,0,B2,
SS-NAP-0400,Salita Ventaglieri,,blu,2,zona pedonale / living street,no,1,no,0,A1,
SS-NAP-0401,Salita Vetriera,,blu,2,zona pedonale / living street,no,1,no,0,A1,
SS-NAP-0402,Salita dei Cinesi,,giallo,3,strada urbana senza ciclabile,no,2,no,0,B2,
SS-NAP-0403,Salita dei Giudici,,giallo,3,strada urbana senza ciclabile,no,2,no,0,B1,
SS-NAP-0404,Salita del Casale,,giallo,3,strada urbana senza ciclabile,no,2,si,0,A1,
SS-NAP-0405,Salita del Petraio,,blu,2,zona pedonale / living street,no,1,no,0,A1,
SS-NAP-0406,Salita della Grotta,,rosso,4,strada principale trafficata,no,2,si,0,A1,
SS-NAP-0407,Salita di Mauro,,giallo,3,strada urbana senza ciclabile,no,2,no,0,B2,
SS-NAP-0408,Seconda Traversa Duca degli Abruzzi,,giallo,3,strada urbana senza ciclabile,no,2,no,0,B2,
SS-NAP-0409,Seconda Traversa Due Portoni,,giallo,3,strada urbana senza ciclabile,no,2,no,0,B1,
SS-NAP-0410,Sottopasso A4-A5,,giallo,3,strada urbana senza ciclabile,no,2,si,0,B2,
SS-NAP-0411,Sottopasso B1-B8,,giallo,3,strada urbana senza ciclabile,no,2,si,0,B2,
SS-NAP-0412,Sottopasso B5-B6,,giallo,3,strada urbana senza ciclabile,no,2,si,0,B2,
SS-NAP-0413,Sottopasso C1-C9,,giallo,3,strada urbana senza ciclabile,no,2,si,0,B2,
SS-NAP-0414,Sottopasso E2-E4,,giallo,3,strada urbana senza ciclabile,no,2,si,0,B2,
SS-NAP-0415,Sottopasso F1-F8,,giallo,3,strada urbana senza ciclabile,no,2,si,0,B2,
SS-NAP-0416,Sottopasso F3-F7,,giallo,3,strada urbana senza ciclabile,no,2,si,0,B2,
SS-NAP-0417,Sottopasso Francesco Lauria,,giallo,3,strada urbana senza ciclabile,no,2,si,0,B2,
SS-NAP-0418,Sottopasso G1-G9,,giallo,3,strada urbana senza ciclabile,no,2,si,0,B2,
SS-NAP-0419,Sottopasso Giovanni Porzio,,giallo,3,strada urbana senza ciclabile,no,2,si,0,B2,
SS-NAP-0420,Sottopasso Malta,,rosso,4,strada secondaria trafficata,no,2,si,0,B2,
SS-NAP-0421,Sottopasso Taddeo Da Sessa,,giallo,3,strada urbana senza ciclabile,no,2,si,0,B2,
SS-NAP-0422,Sottopasso della Costituzione,,rosso,4,strada secondaria trafficata,no,2,si,0,B2,
SS-NAP-0423,Strada Boccaperti,,giallo,3,strada urbana senza ciclabile,no,2,no,0,A2,
SS-NAP-0424,Strada Casa Maglione,,giallo,3,strada urbana senza ciclabile,no,2,si,0,B2,
SS-NAP-0425,Strada Comunale Casa Putana,,giallo,3,strada urbana senza ciclabile,no,2,no,0,B1,
SS-NAP-0426,Strada Comunale Cintia,,giallo,3,strada urbana senza ciclabile,no,2,si,0,A1,
SS-NAP-0427,Strada Comunale Cupa Santacroce,,giallo,3,strada urbana senza ciclabile,no,2,no,0,B2,
SS-NAP-0428,Strada Comunale Cupa dell'Arco,,giallo,3,strada urbana senza ciclabile,no,2,no,0,B2,
SS-NAP-0429,Strada Comunale Fossitelli,,giallo,3,strada urbana senza ciclabile,no,2,si,0,A2,
SS-NAP-0430,Strada Comunale Grottole,,giallo,3,strada urbana senza ciclabile,no,2,no,0,B1,
SS-NAP-0431,Strada Comunale Guantai a Nazareth,,giallo,3,strada urbana senza ciclabile,no,2,si,0,B1,
SS-NAP-0432,Strada Comunale Guantai ad Orsolone,,giallo,3,strada urbana senza ciclabile,no,2,no,0,B1,
SS-NAP-0433,Strada Comunale Lieto,,giallo,3,strada urbana senza ciclabile,no,2,no,0,A2,
SS-NAP-0434,Strada Comunale Pianura-Marano,,giallo,3,strada urbana senza ciclabile,no,2,no,0,B1,
SS-NAP-0435,Strada Comunale Santa Croce ad Orsolone,,giallo,3,strada urbana senza ciclabile,no,2,no,0,B1,
SS-NAP-0436,Strada Comunale Selva Cafaro,,giallo,3,strada urbana senza ciclabile,no,2,no,0,B2,
SS-NAP-0437,Strada Comunale delle Cavolelle,,giallo,3,strada urbana senza ciclabile,no,2,si,0,A2,
SS-NAP-0438,Strada Comunale dietro la Croce,,giallo,3,strada urbana senza ciclabile,no,2,si,0,B2,
SS-NAP-0439,Strada Pigna,,giallo,3,strada urbana senza ciclabile,no,2,no,0,A1,
SS-NAP-0440,Strada Pisanelli,,giallo,3,strada urbana senza ciclabile,no,2,si,0,A2,
SS-NAP-0441,Strada Privata Villa Maisto,,giallo,3,strada urbana senza ciclabile,no,2,no,0,A1,
SS-NAP-0442,Strada Provinciale 500 dell'Asse Perimetrale di Melito,,nero,5,strada ad alta velocità (trunk),no,2,si,0,B2,
SS-NAP-0443,Strada Provinciale Santa Maria a Cubito,,rosso,4,strada secondaria trafficata,no,2,no,0,B1,
SS-NAP-0444,Strada Vicinale Acquarola,,giallo,3,strada urbana senza ciclabile,no,2,no,0,B1,
SS-NAP-0445,Strada Vicinale Cimitero Istraelita,,giallo,3,strada urbana senza ciclabile,no,2,si,0,B2,
SS-NAP-0446,Strada Vicinale Consolo,,giallo,3,strada urbana senza ciclabile,no,2,no,0,B1,
SS-NAP-0447,Strada Vicinale Cupa Pironti,,giallo,3,strada urbana senza ciclabile,no,2,si,0,A2,
SS-NAP-0448,Strada Vicinale Cupa Segretario,,giallo,3,strada urbana senza ciclabile,no,2,si,0,B2,
SS-NAP-0449,Strada Vicinale Cupa delle Tozzole,,giallo,3,strada urbana senza ciclabile,no,2,no,0,B1,
SS-NAP-0450,Strada Vicinale Maranda,,giallo,3,strada urbana senza ciclabile,no,2,no,0,B2,
SS-NAP-0451,Strada Vicinale Montespina,,giallo,3,strada urbana senza ciclabile,no,2,no,0,A1,
SS-NAP-0452,Strada Vicinale Palmentiello,,giallo,3,strada urbana senza ciclabile,no,2,no,0,B1,
SS-NAP-0453,Strada Vicinale Quattrocalli,,giallo,3,strada urbana senza ciclabile,no,2,no,0,B2,
SS-NAP-0454,Strada Vicinale Reggente,,giallo,3,strada urbana senza ciclabile,no,2,no,0,B1,
SS-NAP-0455,Strada Vicinale Rotondella,,giallo,3,strada urbana senza ciclabile,no,2,no,0,B1,
SS-NAP-0456,Strada Vigliena,,giallo,3,strada urbana senza ciclabile,no,2,no,0,A2,
SS-NAP-0457,Strada Villa San Giovanni,,giallo,3,strada urbana senza ciclabile,no,2,si,0,A2,
SS-NAP-0458,Strada Vincenzo Russo,,giallo,3,strada urbana senza ciclabile,no,2,no,0,A2,
SS-NAP-0459,Strada comunale Cupa Toscanella,,giallo,3,strada urbana senza ciclabile,no,2,no,0,B1,
SS-NAP-0460,Strada comunale cupa Toscanella,,giallo,3,strada urbana senza ciclabile,no,2,no,0,B1,
SS-NAP-0461,Strada comunale del Principe,,giallo,3,strada urbana senza ciclabile,no,2,no,0,B1,
SS-NAP-0462,Strada del Formale,,giallo,3,strada urbana senza ciclabile,no,2,si,0,A2,
SS-NAP-0463,Strada dell'Anticaglia,,giallo,3,strada urbana senza ciclabile,no,2,si,0,A2,
SS-NAP-0464,Strada di Casavatore,,rosso,4,strada secondaria trafficata,no,2,no,0,B2,
SS-NAP-0465,Strada statale 162 dir del Centro Direzionale,,nero,5,"strada ad alta velocità (trunk, 80 km/h)",no,2,si,0,B2,
SS-NAP-0466,Strada vicinale,,giallo,3,strada urbana senza ciclabile,no,2,no,0,B2,
SS-NAP-0467,Strada vicinale dell'Arco,,giallo,3,strada urbana senza ciclabile,no,2,no,0,B2,
SS-NAP-0468,Stradone Vigliena,,giallo,3,strada urbana senza ciclabile,no,2,no,0,A2,
SS-NAP-0469,Strettola Sant'Anna alle Paludi,,giallo,3,strada urbana senza ciclabile,no,2,si,0,A2,
SS-NAP-0470,Supportico Capodimonte,,giallo,3,strada urbana senza ciclabile,no,2,no,0,B2,
SS-NAP-0471,Supportico Fondo di Separazione,,blu,2,zona pedonale / living street,no,1,no,0,A2,
SS-NAP-0472,Supportico Lopez,,giallo,3,strada urbana senza ciclabile,no,2,si,0,B2,
SS-NAP-0473,Supportico Santi Apostoli,,blu,2,zona pedonale / living street,no,1,no,0,B2,
SS-NAP-0474,Supportico Taverna del Ferro,,giallo,3,strada urbana senza ciclabile,no,2,no,0,A2,
SS-NAP-0475,Svincolo di Arzano,,rosso,4,strada principale trafficata,no,2,si,0,B2,
SS-NAP-0476,Terrazza di Sant'Antonio a Posillipo,,blu,2,zona pedonale / living street,no,1,no,0,A1,
SS-NAP-0477,Terrazza panoramica,,blu,2,zona pedonale / living street,no,1,no,0,A2,
SS-NAP-0478,Terza traversa Via Comunale S. Croce ad Orsolone,,giallo,3,strada urbana senza ciclabile,no,2,no,0,B1,
SS-NAP-0479,Tondo di Capodimonte,,rosso,4,strada principale trafficata,no,2,si,0,B2,
SS-NAP-0480,Trav. Zara,,giallo,3,strada urbana senza ciclabile,no,2,si,0,B2,
SS-NAP-0481,Traversa Acquedotto Campano,,giallo,3,strada urbana senza ciclabile,no,2,no,0,A1,
SS-NAP-0482,Traversa Alessandro Manzoni,,giallo,3,strada urbana senza ciclabile,no,2,no,0,A1,
SS-NAP-0483,Traversa Antonino Pio,,giallo,3,strada urbana senza ciclabile,no,2,si,0,A1,
SS-NAP-0484,Traversa Aviglione,,giallo,3,strada urbana senza ciclabile,no,2,si,0,A2,
SS-NAP-0485,Traversa Benedetto Brin,,giallo,3,strada urbana senza ciclabile,no,2,si,0,A2,
SS-NAP-0486,Traversa Benedetto Cairoli,,blu,2,zona pedonale / living street,no,1,no,0,B2,
SS-NAP-0487,Traversa Camillo Guerra,,giallo,3,strada urbana senza ciclabile,no,2,no,0,B1,
SS-NAP-0488,Traversa Canonico Scherillo,,giallo,3,strada urbana senza ciclabile,no,2,si,0,A1,
SS-NAP-0489,Traversa Carriera,,giallo,3,strada urbana senza ciclabile,no,2,si,0,B2,
SS-NAP-0490,Traversa Cavalleggeri d'Aosta,,blu,2,zona pedonale / living street,no,1,no,0,A1,
SS-NAP-0491,Traversa Contieri,,giallo,3,strada urbana senza ciclabile,no,2,no,0,A1,
SS-NAP-0492,Traversa Correale,,giallo,3,strada urbana senza ciclabile,no,2,no,0,A1,
SS-NAP-0493,Traversa E.A. Mario,,giallo,3,strada urbana senza ciclabile,no,2,no,0,A1,
SS-NAP-0494,Traversa Ernesto Capocci,,giallo,3,strada urbana senza ciclabile,no,2,si,0,A2,
SS-NAP-0495,Traversa Eurialo,,giallo,3,strada urbana senza ciclabile,no,2,no,0,A1,
SS-NAP-0496,Traversa Filippo Maria Briganti,,giallo,3,strada urbana senza ciclabile,no,2,no,0,B2,
SS-NAP-0497,Traversa Francesco Provenzale,,giallo,3,strada urbana senza ciclabile,no,2,no,0,B2,
SS-NAP-0498,Traversa Giovanni Antonio Campano,,giallo,3,strada urbana senza ciclabile,no,2,no,0,B1,
SS-NAP-0499,Traversa I Bernardino Martirano,,giallo,3,strada urbana senza ciclabile,no,2,no,0,A2,
SS-NAP-0500,Traversa I Corso San Giovanni,,giallo,3,strada urbana senza ciclabile,no,2,no,0,A2,
SS-NAP-0501,Traversa I Cupa Capodichino,,giallo,3,strada urbana senza ciclabile,no,2,si,0,B2,
SS-NAP-0502,Traversa I Parrocchia,,giallo,3,strada urbana senza ciclabile,no,2,no,0,A2,
SS-NAP-0503,Traversa I Pazzigno,,giallo,3,strada urbana senza ciclabile,no,2,no,0,A2,
SS-NAP-0504,Traversa I Privata Fumaroli,,giallo,3,strada urbana senza ciclabile,no,2,no,0,A2,
SS-NAP-0505,Traversa I Stella,,giallo,3,strada urbana senza ciclabile,no,2,si,0,B2,
SS-NAP-0506,Traversa II Bernardino Martirano,,giallo,3,strada urbana senza ciclabile,no,2,si,0,A2,
SS-NAP-0507,Traversa II Cupa Capodichino,,giallo,3,strada urbana senza ciclabile,no,2,no,0,B2,
SS-NAP-0508,Traversa II Nicolangelo Protopisani,,giallo,3,strada urbana senza ciclabile,no,2,no,0,A2,
SS-NAP-0509,Traversa II Privata Fumaroli,,giallo,3,strada urbana senza ciclabile,no,2,no,0,A2,
SS-NAP-0510,Traversa III Bernardino Martirano,,giallo,3,strada urbana senza ciclabile,no,2,si,0,A2,
SS-NAP-0511,Traversa III Cupa Capodichino,,giallo,3,strada urbana senza ciclabile,no,2,no,0,B2,
SS-NAP-0512,Traversa III Nicolangelo Protopisani,,giallo,3,strada urbana senza ciclabile,no,2,no,0,A2,
SS-NAP-0513,Traversa IV Cupa Capodichino,,giallo,3,strada urbana senza ciclabile,no,2,no,0,B2,
SS-NAP-0514,Traversa Maglione,,giallo,3,strada urbana senza ciclabile,no,2,no,0,B2,
SS-NAP-0515,Traversa Malta,,giallo,3,strada urbana senza ciclabile,no,2,no,0,B2,
SS-NAP-0516,Traversa Michele Pietravalle,,giallo,3,strada urbana senza ciclabile,no,2,si,0,B1,
SS-NAP-0517,Traversa Monte Faito,,giallo,3,strada urbana senza ciclabile,no,2,no,0,B2,
SS-NAP-0518,Traversa Nicola Rocco,,blu,2,zona pedonale / living street,no,1,no,0,B2,
SS-NAP-0519,Traversa Piemonte,,giallo,3,strada urbana senza ciclabile,no,2,no,0,B2,
SS-NAP-0520,Traversa Prima Cassano,,giallo,3,strada urbana senza ciclabile,no,2,no,0,B2,
SS-NAP-0521,Traversa Prima Duca degli Abruzzi,,giallo,3,strada urbana senza ciclabile,no,2,no,0,B2,
SS-NAP-0522,Traversa Prima Fosso del Lupo,,giallo,3,strada urbana senza ciclabile,no,2,si,0,B2,
SS-NAP-0523,Traversa Prima Mastellone,,giallo,3,strada urbana senza ciclabile,no,2,no,0,A2,
SS-NAP-0524,Traversa Prima Vecchia Miano,,giallo,3,strada urbana senza ciclabile,no,2,no,0,B2,
SS-NAP-0525,Traversa Prima detta Casilli,,giallo,3,strada urbana senza ciclabile,no,2,no,0,B2,
SS-NAP-0526,Traversa Privata Acquedotto Campano,,giallo,3,strada urbana senza ciclabile,no,2,no,0,A1,
SS-NAP-0527,Traversa Privata Annunziata,,rosso,4,strada secondaria trafficata,no,2,si,0,B1,
SS-NAP-0528,Traversa Privata Laganà,,giallo,3,strada urbana senza ciclabile,no,2,no,0,A1,
SS-NAP-0529,Traversa Privata Pola,,giallo,3,strada urbana senza ciclabile,no,2,si,0,B1,
SS-NAP-0530,Traversa Privata Polveriera,,giallo,3,strada urbana senza ciclabile,no,2,si,0,B2,
SS-NAP-0531,Traversa Privata Prima Ippolito,,giallo,3,strada urbana senza ciclabile,no,2,no,0,B2,
SS-NAP-0532,Traversa Privata San Severino,,giallo,3,strada urbana senza ciclabile,no,2,si,0,B1,
SS-NAP-0533,Traversa Privata Santacroce,,rosso,4,strada secondaria trafficata,no,2,si,0,B1,
SS-NAP-0534,Traversa Privata Seconda Ippolito,,giallo,3,strada urbana senza ciclabile,no,2,no,0,B2,
SS-NAP-0535,Traversa Privata Terza Ippolito,,giallo,3,strada urbana senza ciclabile,no,2,no,0,B2,
SS-NAP-0536,Traversa Privata acquedotto campano,,giallo,3,strada urbana senza ciclabile,no,2,no,0,B1,
SS-NAP-0537,Traversa Quarta Aria Nova,,giallo,3,strada urbana senza ciclabile,no,2,no,0,B2,
SS-NAP-0538,Traversa Quarta Cassano,,giallo,3,strada urbana senza ciclabile,no,2,no,0,B2,
SS-NAP-0539,Traversa Quarta Limitone di Arzano,,giallo,3,strada urbana senza ciclabile,no,2,no,0,B2,
SS-NAP-0540,Traversa Quarta Privata 4 Aprile,,giallo,3,strada urbana senza ciclabile,no,2,no,0,B2,
SS-NAP-0541,Traversa Quarta Vincenzo Janfolla,,giallo,3,strada urbana senza ciclabile,no,2,no,0,B1,
SS-NAP-0542,Traversa Quinta Aria Nova,,giallo,3,strada urbana senza ciclabile,no,2,no,0,B2,
SS-NAP-0543,Traversa Roma verso Scampia,,blu,2,zona pedonale / living street,no,1,no,0,B2,
SS-NAP-0544,Traversa Ruggero Il Normanno,,giallo,3,strada urbana senza ciclabile,no,2,no,0,B1,
SS-NAP-0545,Traversa Sebastiano Veniero,,giallo,3,strada urbana senza ciclabile,no,2,no,0,A1,
SS-NAP-0546,Traversa Seconda Cassano,,giallo,3,strada urbana senza ciclabile,no,2,si,0,B2,
SS-NAP-0547,Traversa Seconda Corso Secondigliano,,giallo,3,strada urbana senza ciclabile,no,2,no,0,B2,
SS-NAP-0548,Traversa Seconda Detta Maglione,,giallo,3,strada urbana senza ciclabile,no,2,no,0,B2,
SS-NAP-0549,Traversa Seconda Fosso del Lupo,,giallo,3,strada urbana senza ciclabile,no,2,si,0,B2,
SS-NAP-0550,Traversa Seconda Mastellone,,giallo,3,strada urbana senza ciclabile,no,2,si,0,A2,
SS-NAP-0551,Traversa Seconda detta Casilli,,giallo,3,strada urbana senza ciclabile,no,2,no,0,B2,
SS-NAP-0552,Traversa Serino,,giallo,3,strada urbana senza ciclabile,no,2,no,0,A2,
SS-NAP-0553,Traversa Silio Italico,,blu,2,zona pedonale / living street,no,1,no,0,A1,
SS-NAP-0554,Traversa Taverne delle Brecce,,giallo,3,strada urbana senza ciclabile,no,2,no,0,A2,
SS-NAP-0555,Traversa Terza Aria Nova,,giallo,3,strada urbana senza ciclabile,no,2,no,0,B2,
SS-NAP-0556,Traversa Terza Bis Aria Nova,,giallo,3,strada urbana senza ciclabile,no,2,no,0,B2,
SS-NAP-0557,Traversa Terza Cassano,,giallo,3,strada urbana senza ciclabile,no,2,no,0,B2,
SS-NAP-0558,Traversa Terza Corso Secondigliano,,giallo,3,strada urbana senza ciclabile,no,2,no,0,B2,
SS-NAP-0559,Traversa Terza Detta Maglione,,giallo,3,strada urbana senza ciclabile,no,2,no,0,B2,
SS-NAP-0560,Traversa Terza Giambattista Vela,,giallo,3,strada urbana senza ciclabile,no,2,no,0,A2,
SS-NAP-0561,Traversa Via GiusepTraversa Via Giuseppe Capaldope Capaldo,,giallo,3,strada urbana senza ciclabile,no,2,si,0,A1,
SS-NAP-0562,Traversa Via Giuseppe Capaldo,,giallo,3,strada urbana senza ciclabile,no,2,si,0,A1,
SS-NAP-0563,Traversa Via Giuseppe Capaldope Capaldo,,giallo,3,strada urbana senza ciclabile,no,2,si,0,A1,
SS-NAP-0564,Traversa Viale Colli Aminei,,blu,2,accesso limitato (ZTL),no,1,no,0,B1,
SS-NAP-0565,Traversa Vicinale Fossitelli,,giallo,3,strada urbana senza ciclabile,no,2,si,0,A2,
SS-NAP-0566,Traversa Vicinale Paradiso,,giallo,3,strada urbana senza ciclabile,no,2,no,0,A1,
SS-NAP-0567,Traversa Vincenzo Scala,,giallo,3,strada urbana senza ciclabile,no,2,no,0,A1,
SS-NAP-0568,Traversa dell'Abbeveratoio,,giallo,3,strada urbana senza ciclabile,no,2,si,0,A2,
SS-NAP-0569,Traversa detta Canonico Cosimo Stornaiuolo,,giallo,3,strada urbana senza ciclabile,no,2,si,0,B2,
SS-NAP-0570,Traversa di Via Comunale del Collettore,,giallo,3,strada urbana senza ciclabile,no,2,no,0,B1,
SS-NAP-0571,Traversa di Via Emanuele Gianturco,,giallo,3,strada urbana senza ciclabile,no,2,si,0,B2,
SS-NAP-0572,Traversa di Via Marino Di Caramanico,,rosso,4,strada principale trafficata,no,2,si,0,B2,
SS-NAP-0573,Traversa di Via Vesuvio,,rosso,4,strada principale trafficata,no,2,si,0,B2,
SS-NAP-0574,Traversa di Via Vittorio Veneto,,giallo,3,strada urbana senza ciclabile,no,2,no,0,B1,
SS-NAP-0575,V Traversa di Via Villa Bisignano,,giallo,3,strada urbana senza ciclabile,no,2,no,0,A2,
SS-NAP-0576,VI Traversa di Via Villa Bisignano,,giallo,3,strada urbana senza ciclabile,no,2,no,0,A2,
SS-NAP-0577,Via 11 Fiori del Melarancio,,giallo,3,strada urbana senza ciclabile,no,2,si,0,A1,
SS-NAP-0578,Via Abate Alferio,,giallo,3,strada urbana senza ciclabile,no,2,no,0,B2,
SS-NAP-0579,Via Abate Desiderio,,giallo,3,strada urbana senza ciclabile,no,2,no,0,B2,
SS-NAP-0580,Via Abate Gioacchino,,giallo,3,strada urbana senza ciclabile,no,2,no,0,B2,
SS-NAP-0581,Via Abate Minichini,,giallo,3,strada urbana senza ciclabile,no,2,no,0,B2,
SS-NAP-0582,Via Abbeveratoio,,giallo,3,strada urbana senza ciclabile,no,2,si,0,A2,
SS-NAP-0583,Via Abruzzi,,giallo,3,strada urbana senza ciclabile,no,2,no,0,B2,
SS-NAP-0584,Via Acate,,giallo,3,strada urbana senza ciclabile,no,2,si,0,A1,
SS-NAP-0585,Via Achille D'Orsi,,blu,2,accesso limitato (ZTL),no,1,no,0,B1,
SS-NAP-0586,Via Achille Lauro,,giallo,3,strada urbana senza ciclabile,no,2,no,0,A2,
SS-NAP-0587,Via Achille Torelli,,blu,2,zona pedonale / living street,no,1,no,0,A1,
SS-NAP-0588,Via Achille Vianelli,,giallo,3,strada urbana senza ciclabile,no,2,no,0,A1,
SS-NAP-0589,Via Adige,,giallo,3,strada urbana senza ciclabile,no,2,no,0,A1,
SS-NAP-0590,Via Adolfo Consolini,,giallo,3,strada urbana senza ciclabile,no,2,si,0,B2,
SS-NAP-0591,Via Adolfo Omodeo,,giallo,3,strada urbana senza ciclabile,no,2,si,0,A1,
SS-NAP-0592,Via Adriano,,giallo,3,strada urbana senza ciclabile,no,2,no,0,A1,
SS-NAP-0593,Via Adriano Tilgher,,giallo,3,strada urbana senza ciclabile,no,2,si,0,A1,
SS-NAP-0594,Via Agerola,,giallo,3,strada urbana senza ciclabile,no,2,no,0,A2,
SS-NAP-0595,Via Agnano agli Astroni,,rosso,4,strada secondaria trafficata,no,2,si,0,A1,
SS-NAP-0596,Via Agostino Depretis,,rosso,4,strada secondaria trafficata,no,2,si,0,A2,
SS-NAP-0597,Via Aida,,giallo,3,strada urbana senza ciclabile,no,2,no,0,A1,
SS-NAP-0598,Via Al Chiaro di Luna,,giallo,3,strada urbana senza ciclabile,no,2,no,0,B2,
SS-NAP-0599,Via Alberto Marghieri,,giallo,3,strada urbana senza ciclabile,no,2,si,0,A2,
SS-NAP-0600,Via Alberto Moravia,,giallo,3,strada urbana senza ciclabile,no,2,no,0,B1,
SS-NAP-0601,Via Alberto Pollio,,giallo,3,strada urbana senza ciclabile,no,2,no,0,B2,
SS-NAP-0602,Via Alberto Verdinois,,giallo,3,strada urbana senza ciclabile,no,2,si,0,A1,
SS-NAP-0603,Via Alcide Cervi,,giallo,3,strada urbana senza ciclabile,no,2,no,0,B2,
SS-NAP-0604,Via Alcide De Gasperi,,rosso,4,strada principale trafficata (1 corsie),no,1,si,0,A2,
SS-NAP-0605,Via Alessandro Abati,,giallo,3,strada urbana senza ciclabile,no,2,no,0,B2,
SS-NAP-0606,Via Alessandro Carratore,,giallo,3,strada urbana senza ciclabile,no,2,no,0,B2,
SS-NAP-0607,Via Alessandro D'Alessandro,,giallo,3,strada urbana senza ciclabile,no,2,no,0,A1,
SS-NAP-0608,Via Alessandro De Meo,,giallo,3,strada urbana senza ciclabile,no,2,si,0,B2,
SS-NAP-0609,Via Alessandro Dumas,,blu,2,accesso limitato (ZTL),no,1,si,0,A2,
SS-NAP-0610,Via Alessandro Longo,,giallo,3,strada urbana senza ciclabile,no,2,si,0,A1,
SS-NAP-0611,Via Alessandro Manzoni,,giallo,3,strada urbana senza ciclabile,no,2,si,0,A1,
SS-NAP-0612,Via Alessandro Poerio,,rosso,4,strada secondaria trafficata,no,2,si,0,A2,
SS-NAP-0613,Via Alessandro Scarlatti,,giallo,3,strada urbana senza ciclabile,no,2,si,0,A1,
SS-NAP-0614,Via Alessandro Telesino,,giallo,3,strada urbana senza ciclabile,no,2,no,0,B1,
SS-NAP-0615,Via Alessandro Volta,,rosso,4,strada principale trafficata (2 corsie),no,2,si,0,A2,
SS-NAP-0616,Via Alessio Aurelio Pelliccia,,giallo,3,strada urbana senza ciclabile,no,2,si,0,B1,
SS-NAP-0617,Via Alessio Mazzocchi,,giallo,3,strada urbana senza ciclabile,no,2,no,0,B2,
SS-NAP-0618,Via Alfonso Cioffi,,giallo,3,strada urbana senza ciclabile,no,2,no,0,A2,
SS-NAP-0619,Via Alfonso D'Avalos,,giallo,3,strada urbana senza ciclabile,no,2,si,0,B2,
SS-NAP-0620,Via Alfonso Gatto,,giallo,3,strada urbana senza ciclabile,no,2,no,0,B1,
SS-NAP-0621,Via Alfonso Ruta,,giallo,3,strada urbana senza ciclabile,no,2,no,0,B2,
SS-NAP-0622,Via Alfonso d'Aragona,,giallo,3,strada urbana senza ciclabile,no,2,si,0,A2,
SS-NAP-0623,Via Alfredo Capelli,,giallo,3,strada urbana senza ciclabile (2 corsie),no,2,no,0,B1,
SS-NAP-0624,Via Alfredo Catapano,,giallo,3,strada urbana senza ciclabile,no,2,no,0,B2,
SS-NAP-0625,Via Alfredo Paolella,,giallo,3,strada urbana senza ciclabile,no,2,si,0,A1,
SS-NAP-0626,Via Alfredo Pepe,,giallo,3,strada urbana senza ciclabile,no,2,no,0,B2,
SS-NAP-0627,Via Alfredo Rocco,,giallo,3,strada urbana senza ciclabile,no,2,si,0,B1,
SS-NAP-0628,Via Alfredo Vittorio Russo,,giallo,3,strada urbana senza ciclabile,no,2,si,0,B1,
SS-NAP-0629,Via Alveo Artificiale,,giallo,3,strada urbana senza ciclabile,no,2,no,0,A2,
SS-NAP-0630,Via Amalfi,,giallo,3,strada urbana senza ciclabile,no,2,si,0,A2,
SS-NAP-0631,Via Amato di Montecassino,,giallo,3,strada urbana senza ciclabile,no,2,si,0,B2,
SS-NAP-0632,Via Amedeo Bordiga,,giallo,3,strada urbana senza ciclabile,no,2,no,0,A1,
SS-NAP-0633,Via Amedeo Maiuri,,giallo,3,strada urbana senza ciclabile,no,2,si,0,A1,
SS-NAP-0634,Via Amedeo Modigliani,,giallo,3,strada urbana senza ciclabile (1 corsie),no,1,si,0,B1,
SS-NAP-0635,Via Amerigo Crispo,,giallo,3,strada urbana senza ciclabile,no,2,no,0,A1,
SS-NAP-0636,Via Amerigo Vespucci,,rosso,4,strada principale trafficata (2 corsie),no,2,si,0,A2,
SS-NAP-0637,Via Ammiraglio Aubry,,giallo,3,strada urbana senza ciclabile,no,2,no,0,A2,
SS-NAP-0638,Via Ammiraglio Ferdinando Acton,,giallo,3,strada urbana senza ciclabile (2 corsie),no,2,no,0,A2,
SS-NAP-0639,Via Anco Marzio,,giallo,3,strada urbana senza ciclabile,no,2,no,0,A1,
SS-NAP-0640,Via Andrea Cantelmo,,giallo,3,strada urbana senza ciclabile,no,2,si,0,B2,
SS-NAP-0641,Via Andrea Da Salerno,,giallo,3,strada urbana senza ciclabile,no,2,si,0,A1,
SS-NAP-0642,Via Andrea Doria,,giallo,3,strada urbana senza ciclabile,no,2,no,0,A1,
SS-NAP-0643,Via Andrea Mariconda,,giallo,3,strada urbana senza ciclabile,no,2,no,0,A1,
SS-NAP-0644,Via Andrea Pazienza,,giallo,3,strada urbana senza ciclabile,no,2,si,0,B1,
SS-NAP-0645,Via Andrea Vaccaro,,giallo,3,strada urbana senza ciclabile,no,2,si,0,A1,
SS-NAP-0646,Via Andrea d'Isernia,,giallo,3,strada urbana senza ciclabile,no,2,si,0,A1,
SS-NAP-0647,Via Angelica Kauffmann,,giallo,3,strada urbana senza ciclabile,no,2,no,0,A1,
SS-NAP-0648,Via Angelo Camillo De Meis,,giallo,3,strada urbana senza ciclabile (2 corsie),no,2,no,0,A2,
SS-NAP-0649,Via Angelo Di Costanzo,,giallo,3,strada urbana senza ciclabile,no,2,si,0,A2,
SS-NAP-0650,Via Aniello Falcone,,giallo,3,strada urbana senza ciclabile,no,2,no,0,A1,
SS-NAP-0651,Via Anna Maria Ortese,,giallo,3,strada urbana senza ciclabile,no,2,no,0,B2,
SS-NAP-0652,Via Annella di Massimo,,giallo,3,strada urbana senza ciclabile,no,2,si,0,A1,
SS-NAP-0653,Via Annibale Caccavello,,giallo,3,strada urbana senza ciclabile (1 corsie),no,1,si,0,A1,
SS-NAP-0654,Via Annibale Marchese,,giallo,3,strada urbana senza ciclabile,no,2,si,0,B2,
SS-NAP-0655,Via Annibale Maria di Francia,,giallo,3,strada urbana senza ciclabile,no,2,si,0,B1,
SS-NAP-0656,Via Annibale Ruccello,,giallo,3,strada urbana senza ciclabile,no,2,no,0,B1,
SS-NAP-0657,Via Antica di Chiaiano,,giallo,3,strada urbana senza ciclabile,no,2,no,0,B1,
SS-NAP-0658,Via Antiniana,,giallo,3,strada urbana senza ciclabile (2 corsie),no,2,no,0,A1,
SS-NAP-0659,Via Antonino D'Antona,,rosso,4,strada secondaria trafficata (3 corsie),no,3,no,0,B1,
SS-NAP-0660,Via Antonino Pio,,giallo,3,strada urbana senza ciclabile,no,2,si,0,A1,
SS-NAP-0661,Via Antonio Beccadelli,,rosso,4,strada principale trafficata (2 corsie),no,2,si,0,A1,
SS-NAP-0662,Via Antonio Cardarelli,,rosso,4,strada secondaria trafficata (2 corsie),no,2,si,0,B1,
SS-NAP-0663,Via Antonio Carrelli,,giallo,3,strada urbana senza ciclabile,no,2,no,0,A1,
SS-NAP-0664,Via Antonio Ciccone,,giallo,3,strada urbana senza ciclabile,no,2,si,0,A2,
SS-NAP-0665,Via Antonio Cinque,,giallo,3,strada urbana senza ciclabile,no,2,no,0,B1,
SS-NAP-0666,Via Antonio Genovesi,,giallo,3,strada urbana senza ciclabile,no,2,no,0,B2,
SS-NAP-0667,Via Antonio Golia,,giallo,3,strada urbana senza ciclabile,no,2,no,0,B2,
SS-NAP-0668,Via Antonio Labriola,,giallo,3,strada urbana senza ciclabile,no,2,si,0,B1,
SS-NAP-0669,Via Antonio Ludovico Antinori,,giallo,3,strada urbana senza ciclabile,no,2,no,0,B1,
SS-NAP-0670,Via Antonio Mancini,,giallo,3,strada urbana senza ciclabile,no,2,no,0,A1,
SS-NAP-0671,Via Antonio Muscettola,,giallo,3,strada urbana senza ciclabile,no,2,no,0,B2,
SS-NAP-0672,Via Antonio Pacinotti,,blu,2,accesso limitato (ZTL),no,1,no,0,A2,
SS-NAP-0673,Via Antonio Pitloo,,giallo,3,strada urbana senza ciclabile,no,2,si,0,A1,
SS-NAP-0674,Via Antonio Sacchini,,giallo,3,strada urbana senza ciclabile,no,2,si,0,A1,
SS-NAP-0675,Via Antonio Scialoia,,giallo,3,strada urbana senza ciclabile,no,2,si,0,A2,
SS-NAP-0676,Via Antonio Sogliano,,rosso,4,strada secondaria trafficata,no,2,no,0,B2,
SS-NAP-0677,Via Antonio Solario,,giallo,3,strada urbana senza ciclabile,no,2,si,0,A1,
SS-NAP-0678,Via Antonio Tagliamonte,,giallo,3,strada urbana senza ciclabile,no,2,si,0,B2,
SS-NAP-0679,Via Antonio Tari,,giallo,3,strada urbana senza ciclabile,no,2,si,0,A2,
SS-NAP-0680,Via Antonio Tarsia in Curia,,blu,2,zona pedonale / living street,no,1,no,0,A2,
SS-NAP-0681,Via Antonio Toscano,,giallo,3,strada urbana senza ciclabile,no,2,no,0,A2,
SS-NAP-0682,Via Antonio Villari,,giallo,3,strada urbana senza ciclabile,no,2,no,0,B2,
SS-NAP-0683,Via Antonio de Curtis,,giallo,3,strada urbana senza ciclabile,no,2,no,0,B2,
SS-NAP-0684,Via Antonio e Luigi Sementini,,giallo,3,strada urbana senza ciclabile,no,2,si,0,B1,
SS-NAP-0685,Via Aquila,,giallo,3,strada urbana senza ciclabile,no,2,si,0,B2,
SS-NAP-0686,Via Aquileia,,giallo,3,strada urbana senza ciclabile,no,2,no,0,B2,
SS-NAP-0687,Via Aquino,,giallo,3,strada urbana senza ciclabile,no,2,si,0,B2,
SS-NAP-0688,Via Arcangelo Ghisleri,,giallo,3,strada urbana senza ciclabile,no,2,si,0,B1,
SS-NAP-0689,Via Archimede,,giallo,3,strada urbana senza ciclabile,no,2,no,0,A1,
SS-NAP-0690,"Via Archimede,49",,giallo,3,strada urbana senza ciclabile,no,2,no,0,A1,
SS-NAP-0691,Via Arco Mirelli,,giallo,3,strada urbana senza ciclabile,no,2,si,0,A1,
SS-NAP-0692,Via Arena della Sanità,,giallo,3,strada urbana senza ciclabile,no,2,no,0,B2,
SS-NAP-0693,Via Arenaccia,,rosso,4,strada secondaria trafficata (3 corsie),no,3,si,0,B2,
SS-NAP-0694,Via Arenella,,giallo,3,strada urbana senza ciclabile,no,2,si,0,A1,
SS-NAP-0695,Via Argine,,giallo,3,strada urbana senza ciclabile,no,2,si,0,B2,
SS-NAP-0696,Via Armando Diaz,,giallo,3,strada urbana senza ciclabile (1 corsie),no,1,si,0,A2,
SS-NAP-0697,Via Arnaldo Cantani,,blu,2,zona pedonale / living street,no,1,no,0,A2,
SS-NAP-0698,Via Arno,,giallo,3,strada urbana senza ciclabile,no,2,si,0,A1,
SS-NAP-0699,Via Arte della Lana,,giallo,3,strada urbana senza ciclabile,no,2,si,0,A2,
SS-NAP-0700,Via Artemisia Gentileschi,,giallo,3,strada urbana senza ciclabile,no,2,no,0,B1,
SS-NAP-0701,Via Arturo Benedetti Michelangeli,,giallo,3,strada urbana senza ciclabile,no,2,no,0,B2,
SS-NAP-0702,Via Arturo Labriola,,giallo,3,strada urbana senza ciclabile,no,2,no,0,A1,
SS-NAP-0703,Via Arturo Rocco,,giallo,3,strada urbana senza ciclabile,no,2,si,0,B1,
SS-NAP-0704,Via Arturo Toscanini,,giallo,3,strada urbana senza ciclabile,no,2,no,0,B2,
SS-NAP-0705,Via Ascanio,,giallo,3,strada urbana senza ciclabile,no,2,si,0,A1,
SS-NAP-0706,Via Ascensione a Chiaia,,giallo,3,strada urbana senza ciclabile,no,2,si,0,A1,
SS-NAP-0707,Via Aspromonte,,giallo,3,strada urbana senza ciclabile,no,2,no,0,B2,
SS-NAP-0708,Via Atri,,giallo,3,strada urbana senza ciclabile,no,2,si,0,A2,
SS-NAP-0709,Via Attila Sallustro,,giallo,3,strada urbana senza ciclabile,no,2,no,0,B2,
SS-NAP-0710,Via Attilio Micheluzzi,,giallo,3,strada urbana senza ciclabile,no,2,no,0,B1,
SS-NAP-0711,Via Attilio Perrone Capano,,giallo,3,strada urbana senza ciclabile,no,2,si,0,A1,
SS-NAP-0712,Via Attilio Regolo,,giallo,3,strada urbana senza ciclabile (2 corsie),no,2,no,0,A1,
SS-NAP-0713,Via Augusto De Martino,,giallo,3,strada urbana senza ciclabile,no,2,si,0,B2,
SS-NAP-0714,Via Augusto Righi,,giallo,3,strada urbana senza ciclabile,no,2,no,0,A1,
SS-NAP-0715,Via Augusto Witting,,giallo,3,strada urbana senza ciclabile,no,2,si,0,A2,
SS-NAP-0716,Via Aurelio Fierro,,blu,2,zona pedonale / living street,no,1,no,0,A2,
SS-NAP-0717,Via Avellino a Tarsia,,giallo,3,strada urbana senza ciclabile,no,2,si,0,A2,
SS-NAP-0718,Via Aviglione,,giallo,3,strada urbana senza ciclabile,no,2,si,0,A2,
SS-NAP-0719,Via Avvocata,,giallo,3,strada urbana senza ciclabile,no,2,si,0,A2,
SS-NAP-0720,Via Bagnoli,,giallo,3,strada urbana senza ciclabile,no,2,no,0,A1,
SS-NAP-0721,Via Baku,,rosso,4,strada secondaria trafficata,no,2,si,0,B1,
SS-NAP-0722,Via Banchi Nuovi,,giallo,3,strada urbana senza ciclabile,no,2,si,0,A2,
SS-NAP-0723,Via Bari,,giallo,3,strada urbana senza ciclabile,no,2,si,0,B2,
SS-NAP-0724,Via Barone,,giallo,3,strada urbana senza ciclabile (2 corsie),no,2,no,0,B1,
SS-NAP-0725,Via Bartolo Longo,,giallo,3,strada urbana senza ciclabile,no,2,no,0,A2,
SS-NAP-0726,Via Bartolomeo Capasso,,giallo,3,strada urbana senza ciclabile,no,2,si,0,A2,
SS-NAP-0727,Via Bartolomeo Caracciolo Detto Carafa,,giallo,3,strada urbana senza ciclabile,no,2,no,0,B1,
SS-NAP-0728,Via Bartolomeo Chioccarelli,,giallo,3,strada urbana senza ciclabile,no,2,no,0,A2,
SS-NAP-0729,Via Bartolomeo Facio,,giallo,3,strada urbana senza ciclabile,no,2,si,0,B1,
SS-NAP-0730,Via Bartolomeo di Capua,,giallo,3,strada urbana senza ciclabile,no,2,si,0,A1,
SS-NAP-0731,Via Battistello Caracciolo,,rosso,4,strada secondaria trafficata,no,2,si,0,A1,
SS-NAP-0732,Via Beato Franco Cristiano,,giallo,3,strada urbana senza ciclabile,no,2,si,0,B2,
SS-NAP-0733,Via Beato Gerardo,,giallo,3,strada urbana senza ciclabile,no,2,si,0,A2,
SS-NAP-0734,Via Beato Leonardo Murialdo,,giallo,3,strada urbana senza ciclabile,no,2,si,0,B2,
SS-NAP-0735,Via Belisario Corenzio,,giallo,3,strada urbana senza ciclabile,no,2,si,0,A1,
SS-NAP-0736,Via Belsito,,giallo,3,strada urbana senza ciclabile,no,2,no,0,A1,
SS-NAP-0737,Via Belvedere,,giallo,3,strada urbana senza ciclabile (1 corsie),no,1,si,0,A1,
SS-NAP-0738,Via Ben Hur,,giallo,3,strada urbana senza ciclabile,no,2,no,0,A1,
SS-NAP-0739,Via Benedetto Brin,,giallo,3,strada urbana senza ciclabile,no,2,si,0,A2,
SS-NAP-0740,Via Benedetto Cairoli,,giallo,3,strada urbana senza ciclabile,no,2,si,0,B2,
SS-NAP-0741,Via Benedetto Cariteo,,giallo,3,strada urbana senza ciclabile,no,2,no,0,A1,
SS-NAP-0742,Via Benedetto Cozzolino,,giallo,3,strada urbana senza ciclabile,no,2,si,0,B2,
SS-NAP-0743,Via Benedetto Croce,,blu,2,zona pedonale / living street,no,1,si,0,A2,
SS-NAP-0744,Via Benedetto De Falco,,giallo,3,strada urbana senza ciclabile,no,2,si,0,B1,
SS-NAP-0745,Via Benevento,,giallo,3,strada urbana senza ciclabile,no,2,si,0,B2,
SS-NAP-0746,Via Beniamino Cesi,,giallo,3,strada urbana senza ciclabile,no,2,si,0,A1,
SS-NAP-0747,Via Beniamino Guidetti,,giallo,3,strada urbana senza ciclabile,no,2,si,0,A1,
SS-NAP-0748,Via Beniamino Segrè,,giallo,3,strada urbana senza ciclabile,no,2,no,0,B1,
SS-NAP-0749,Via Benvenuto Cellini,,giallo,3,strada urbana senza ciclabile,no,2,si,0,A2,
SS-NAP-0750,Via Berenice,,giallo,3,strada urbana senza ciclabile,no,2,no,0,A1,
SS-NAP-0751,Via Bernardino Martirano,,giallo,3,strada urbana senza ciclabile,no,2,no,0,A2,
SS-NAP-0752,Via Bernardino Rota,,giallo,3,strada urbana senza ciclabile,no,2,si,0,A2,
SS-NAP-0753,Via Bernardo Cavallino,,rosso,4,strada secondaria trafficata,no,2,no,0,B1,
SS-NAP-0754,Via Bernardo Celentano,,giallo,3,strada urbana senza ciclabile,no,2,no,0,B2,
SS-NAP-0755,Via Bernardo Quaranta,,giallo,3,strada urbana senza ciclabile,no,2,si,0,A2,
SS-NAP-0756,Via Bernardo Tanucci,,giallo,3,strada urbana senza ciclabile,no,2,no,0,B2,
SS-NAP-0757,Via Biagio Miraglia,,giallo,3,strada urbana senza ciclabile,no,2,si,0,B2,
SS-NAP-0758,Via Biagio da Morcone,,giallo,3,strada urbana senza ciclabile,no,2,si,0,A1,
SS-NAP-0759,Via Bologna,,giallo,3,strada urbana senza ciclabile,no,2,no,0,B2,
SS-NAP-0760,Via Bosco di Capodimonte,,giallo,3,strada urbana senza ciclabile,no,2,si,0,B2,
SS-NAP-0761,Via Brecce a Sant'Erasmo,,giallo,3,strada urbana senza ciclabile,no,2,no,0,A2,
SS-NAP-0762,Via Brigata Bologna,,giallo,3,strada urbana senza ciclabile,no,2,si,0,A1,
SS-NAP-0763,Via Brindisi,,giallo,3,strada urbana senza ciclabile,no,2,si,0,B2,
SS-NAP-0764,Via Broggia,,rosso,4,strada principale trafficata,no,2,si,0,A2,
SS-NAP-0765,Via Bruno Cirino,,giallo,3,strada urbana senza ciclabile,no,2,no,0,A2,
SS-NAP-0766,Via Bruno Falcomatà,,giallo,3,strada urbana senza ciclabile,no,2,si,0,A1,
SS-NAP-0767,Via Bruno Gaetano,,giallo,3,strada urbana senza ciclabile,no,2,no,0,B2,
SS-NAP-0768,Via Burali d'Arezzo,,giallo,3,strada urbana senza ciclabile,no,2,si,0,A2,
SS-NAP-0769,Via Caio Asinio Pollione,,giallo,3,strada urbana senza ciclabile,no,2,si,0,A1,
SS-NAP-0770,Via Caio Duilio,,rosso,4,strada principale trafficata,no,2,si,0,A1,
SS-NAP-0771,Via Caio Gracco,,giallo,3,strada urbana senza ciclabile,no,2,si,0,A1,
SS-NAP-0772,Via Caio Mario,,giallo,3,strada urbana senza ciclabile,no,2,si,0,A1,
SS-NAP-0773,Via Calabria,,giallo,3,strada urbana senza ciclabile,no,2,si,0,A2,
SS-NAP-0774,Via Calabritto,,blu,2,zona pedonale / living street,no,1,no,0,A1,
SS-NAP-0775,Via Calafimi,,giallo,3,strada urbana senza ciclabile,no,2,no,0,B2,
SS-NAP-0776,Via Camaldolilli,,giallo,3,strada urbana senza ciclabile,no,2,no,0,B1,
SS-NAP-0777,Via Camillo Boldoni,,giallo,3,strada urbana senza ciclabile,no,2,si,0,A2,
SS-NAP-0778,Via Camillo De Nardis,,giallo,3,strada urbana senza ciclabile,no,2,si,0,A1,
SS-NAP-0779,Via Camillo Guerra,,giallo,3,strada urbana senza ciclabile,no,2,no,0,B1,
SS-NAP-0780,Via Camillo Miola,,giallo,3,strada urbana senza ciclabile,no,2,si,0,A1,
SS-NAP-0781,Via Camillo Pellegrino,,giallo,3,strada urbana senza ciclabile,no,2,si,0,B1,
SS-NAP-0782,Via Camillo Porzio,,giallo,3,strada urbana senza ciclabile,no,2,no,0,B2,
SS-NAP-0783,Via Camillo Tutini,,giallo,3,strada urbana senza ciclabile,no,2,no,0,B1,
SS-NAP-0784,Via Campagnone,,giallo,3,strada urbana senza ciclabile,no,2,no,0,A1,
SS-NAP-0785,Via Campania,,giallo,3,strada urbana senza ciclabile,no,2,no,0,B2,
SS-NAP-0786,Via Campegna,,giallo,3,strada urbana senza ciclabile,no,2,no,0,A1,
SS-NAP-0787,Via Campiglione,,giallo,3,strada urbana senza ciclabile,no,2,no,0,A1,
SS-NAP-0788,Via Cancello di Ferro,,giallo,3,strada urbana senza ciclabile,no,2,no,0,A1,
SS-NAP-0789,Via Candelora,,giallo,3,strada urbana senza ciclabile,no,2,si,0,A2,
SS-NAP-0790,Via Cangiani,,giallo,3,strada urbana senza ciclabile,no,2,no,0,B1,
SS-NAP-0791,Via Cannavino,,giallo,3,strada urbana senza ciclabile,no,2,no,0,B1,
SS-NAP-0792,Via Canonico Cosimo Stornaiuolo,,giallo,3,strada urbana senza ciclabile,no,2,si,0,B2,
SS-NAP-0793,Via Canonico Giovanni Scherillo,,giallo,3,strada urbana senza ciclabile,no,2,no,0,A1,
SS-NAP-0794,Via Capodimonte,,rosso,4,strada principale trafficata,no,2,si,0,B2,
SS-NAP-0795,Via Caprera,,giallo,3,strada urbana senza ciclabile,no,2,no,0,B2,
SS-NAP-0796,Via Capuana,,giallo,3,strada urbana senza ciclabile,no,2,si,0,B2,
SS-NAP-0797,Via Caracciolo di Bella,,blu,2,zona pedonale / living street,no,1,no,0,A2,
SS-NAP-0798,Via Carbonara,,rosso,4,strada secondaria trafficata,no,2,si,0,B2,
SS-NAP-0799,Via Cardinale Baronio,,giallo,3,strada urbana senza ciclabile,no,2,no,0,B2,
SS-NAP-0800,Via Cardinale Capecelatro,,giallo,3,strada urbana senza ciclabile,no,2,no,0,B2,
SS-NAP-0801,Via Cardinale Filomarino,,giallo,3,strada urbana senza ciclabile,no,2,no,0,B2,
SS-NAP-0802,Via Cardinale Pisco,,giallo,3,strada urbana senza ciclabile,no,2,si,0,B2,
SS-NAP-0803,Via Carlo Bussola,,giallo,3,strada urbana senza ciclabile,no,2,si,0,B2,
SS-NAP-0804,Via Carlo Carrà,,giallo,3,strada urbana senza ciclabile,no,2,si,0,B1,
SS-NAP-0805,Via Carlo Cattaneo,,giallo,3,strada urbana senza ciclabile,no,2,si,0,B1,
SS-NAP-0806,Via Carlo Celano,,giallo,3,strada urbana senza ciclabile,no,2,no,0,A2,
SS-NAP-0807,Via Carlo De Cesare,,giallo,3,strada urbana senza ciclabile (1 corsie),no,1,si,0,A2,
SS-NAP-0808,Via Carlo De Marco,,giallo,3,strada urbana senza ciclabile,no,2,no,0,B2,
SS-NAP-0809,Via Carlo De Vincentiis,,giallo,3,strada urbana senza ciclabile,no,2,no,0,B2,
SS-NAP-0810,Via Carlo Della Gatta,,giallo,3,strada urbana senza ciclabile,no,2,si,0,B2,
SS-NAP-0811,Via Carlo Di Tocco,,giallo,3,strada urbana senza ciclabile,no,2,no,0,A2,
SS-NAP-0812,Via Carlo Doria,,blu,2,zona pedonale / living street,no,1,no,0,A2,
SS-NAP-0813,Via Carlo Federico gauss,,giallo,3,strada urbana senza ciclabile,no,2,no,0,B1,
SS-NAP-0814,Via Carlo Fiorante,,giallo,3,strada urbana senza ciclabile,no,2,si,0,B2,
SS-NAP-0815,Via Carlo I,,giallo,3,strada urbana senza ciclabile,no,2,no,0,B1,
SS-NAP-0816,Via Carlo Levi,,giallo,3,strada urbana senza ciclabile,no,2,no,0,B1,
SS-NAP-0817,Via Carlo Martinez,,giallo,3,strada urbana senza ciclabile,no,2,si,0,A2,
SS-NAP-0818,Via Carlo Mauri,,giallo,3,strada urbana senza ciclabile,no,2,no,0,B1,
SS-NAP-0819,Via Carlo Miranda,,giallo,3,strada urbana senza ciclabile,no,2,no,0,B2,
SS-NAP-0820,Via Carlo Pecchia,,giallo,3,strada urbana senza ciclabile,no,2,no,0,B2,
SS-NAP-0821,Via Carlo Pisacane,,giallo,3,strada urbana senza ciclabile,no,2,no,0,B2,
SS-NAP-0822,Via Carlo Poerio,,giallo,3,strada urbana senza ciclabile,no,2,si,0,A1,
SS-NAP-0823,Via Carlo Troya,,blu,2,zona pedonale / living street,no,1,no,0,A2,
SS-NAP-0824,Via Carmela Ferrara,,giallo,3,strada urbana senza ciclabile,no,2,si,0,A1,
SS-NAP-0825,Via Carmen,,giallo,3,strada urbana senza ciclabile,no,2,no,0,B2,
SS-NAP-0826,Via Carnaro,,giallo,3,strada urbana senza ciclabile,no,2,no,0,A1,
SS-NAP-0827,Via Carriera Grande,,giallo,3,strada urbana senza ciclabile,no,2,si,0,B2,
SS-NAP-0828,Via Cartesio,,giallo,3,strada urbana senza ciclabile,no,2,no,0,B1,
SS-NAP-0829,Via Casanova,,rosso,4,strada secondaria trafficata,no,2,si,0,B2,
SS-NAP-0830,Via Casciari alla Loggia,,blu,2,zona pedonale / living street,no,1,no,0,A2,
SS-NAP-0831,Via Case Puntellate,,giallo,3,strada urbana senza ciclabile,no,2,si,0,A1,
SS-NAP-0832,Via Case Ricciardi,,giallo,3,strada urbana senza ciclabile,no,2,no,0,B2,
SS-NAP-0833,Via Casoria,,giallo,3,strada urbana senza ciclabile,no,2,no,0,B2,
SS-NAP-0834,Via Cassano,,giallo,3,strada urbana senza ciclabile,no,2,no,0,B2,
SS-NAP-0835,Via Cassiodoro,,rosso,4,strada secondaria trafficata (1 corsie),no,1,si,0,A1,
SS-NAP-0836,Via Castagnola,,giallo,3,strada urbana senza ciclabile,no,2,no,0,A2,
SS-NAP-0837,Via Catone,,giallo,3,strada urbana senza ciclabile,no,2,no,0,A1,
SS-NAP-0838,Via Catullo,,giallo,3,strada urbana senza ciclabile,no,2,si,0,A1,
SS-NAP-0839,Via Cavone delle Noci allo Scudillo,,giallo,3,strada urbana senza ciclabile,no,2,si,0,B1,
SS-NAP-0840,Via Cedronio,,giallo,3,strada urbana senza ciclabile,no,2,si,0,A2,
SS-NAP-0841,Via Cesare Battisti,,rosso,4,strada secondaria trafficata,no,2,si,0,A2,
SS-NAP-0842,Via Cesare Carmignano,,giallo,3,strada urbana senza ciclabile,no,2,no,0,A2,
SS-NAP-0843,Via Cesare Falcone,,giallo,3,strada urbana senza ciclabile,no,2,si,0,A2,
SS-NAP-0844,Via Cesare Malpica,,giallo,3,strada urbana senza ciclabile,no,2,no,0,B1,
SS-NAP-0845,Via Cesare Pavese,,giallo,3,strada urbana senza ciclabile,no,2,no,0,A1,
SS-NAP-0846,Via Cesare Rosaroll,,rosso,4,strada secondaria trafficata,no,2,si,0,B2,
SS-NAP-0847,Via Cesare Sersale,,giallo,3,strada urbana senza ciclabile,no,2,si,0,A2,
SS-NAP-0848,Via Cesario Console,,giallo,3,strada urbana senza ciclabile,no,2,si,0,A2,
SS-NAP-0849,Via Charles Lindbergh,,giallo,3,strada urbana senza ciclabile,no,2,no,0,B2,
SS-NAP-0850,Via Charlie Chaplin,,giallo,3,strada urbana senza ciclabile,no,2,no,0,A2,
SS-NAP-0851,Via Chiaia,,blu,2,zona pedonale / living street,no,1,no,0,A2,
SS-NAP-0852,Via Chiara Lubich,,giallo,3,strada urbana senza ciclabile,no,2,si,0,A2,
SS-NAP-0853,Via Chiatamone,,giallo,3,strada urbana senza ciclabile,no,2,si,0,A2,
SS-NAP-0854,Via Chiesa a Santa Croce,,giallo,3,strada urbana senza ciclabile,no,2,no,0,B1,
SS-NAP-0855,Via Chieti,,giallo,3,strada urbana senza ciclabile,no,2,si,0,B2,
SS-NAP-0856,Via Cicerone,,giallo,3,strada urbana senza ciclabile,no,2,si,0,A1,
SS-NAP-0857,Via Cimitero,,giallo,3,strada urbana senza ciclabile,no,2,no,0,A2,
SS-NAP-0858,Via Cimitero a Scampia,,giallo,3,strada urbana senza ciclabile,no,2,no,0,B1,
SS-NAP-0859,Via Cincinnato,,giallo,3,strada urbana senza ciclabile,no,2,no,0,A1,
SS-NAP-0860,Via Cirillo a Miano,,giallo,3,strada urbana senza ciclabile,no,2,no,0,B2,
SS-NAP-0861,Via Ciro Improta,,giallo,3,strada urbana senza ciclabile,no,2,si,0,B2,
SS-NAP-0862,Via Cisterna dell'Olio,,giallo,3,strada urbana senza ciclabile,no,2,si,0,A2,
SS-NAP-0863,Via Cisterne Vecchie,,giallo,3,strada urbana senza ciclabile,no,2,no,0,B1,
SS-NAP-0864,Via Claude Monet,,giallo,3,strada urbana senza ciclabile,no,2,no,0,B1,
SS-NAP-0865,Via Claudio,,rosso,4,strada secondaria trafficata,no,2,si,0,A1,
SS-NAP-0866,Via Claudio Miccoli,,giallo,3,strada urbana senza ciclabile,no,2,no,0,B2,
SS-NAP-0867,Via Clemente Maglietta,,giallo,3,strada urbana senza ciclabile,no,2,no,0,B2,
SS-NAP-0868,Via Cleopatra,,giallo,3,strada urbana senza ciclabile,no,2,no,0,A2,
SS-NAP-0869,Via Cocceio Nerva,,giallo,3,strada urbana senza ciclabile,no,2,no,0,A1,
SS-NAP-0870,Via Colantonio Di Fiore,,giallo,3,strada urbana senza ciclabile,no,2,no,0,B1,
SS-NAP-0871,Via Colonello Carlo Lahalle,,giallo,3,strada urbana senza ciclabile,no,2,no,0,B2,
SS-NAP-0872,Via Colonnello Gabriele Pepe,,giallo,3,strada urbana senza ciclabile (2 corsie),no,2,no,0,B2,
SS-NAP-0873,Via Commissario Ammaturo,,giallo,3,strada urbana senza ciclabile,no,2,si,0,B2,
SS-NAP-0874,Via Comunale Acquarola,,giallo,3,strada urbana senza ciclabile,no,2,no,0,B2,
SS-NAP-0875,Via Comunale Catena,,giallo,3,strada urbana senza ciclabile,no,2,si,0,B1,
SS-NAP-0876,Via Comunale Collettore Palmentiello,,giallo,3,strada urbana senza ciclabile,no,2,no,0,B1,
SS-NAP-0877,Via Comunale Guantai ad Orsolone,,giallo,3,strada urbana senza ciclabile,no,2,no,0,B1,
SS-NAP-0878,Via Comunale Limitone d'Arzano,,rosso,4,strada principale trafficata,no,2,no,0,B2,
SS-NAP-0879,Via Comunale Luce,,giallo,3,strada urbana senza ciclabile,no,2,no,0,B2,
SS-NAP-0880,Via Comunale Maranda,,giallo,3,strada urbana senza ciclabile,no,2,no,0,B2,
SS-NAP-0881,Via Comunale Margherita,,giallo,3,strada urbana senza ciclabile,no,2,si,0,B1,
SS-NAP-0882,Via Comunale Masseria Grande,,giallo,3,strada urbana senza ciclabile,no,2,no,0,A1,
SS-NAP-0883,Via Comunale Napoli,,giallo,3,strada urbana senza ciclabile,no,2,si,0,B1,
SS-NAP-0884,Via Comunale Ottaviano,,giallo,3,strada urbana senza ciclabile,no,2,no,0,A2,
SS-NAP-0885,Via Comunale S. Severino,,giallo,3,strada urbana senza ciclabile,no,2,no,0,B2,
SS-NAP-0886,Via Comunale Spinelli,,giallo,3,strada urbana senza ciclabile,no,2,si,0,B1,
SS-NAP-0887,Via Comunale Tavernola,,giallo,3,strada urbana senza ciclabile,no,2,no,0,B2,
SS-NAP-0888,Via Comunale Tierzo,,giallo,3,strada urbana senza ciclabile,no,2,no,0,B2,
SS-NAP-0889,Via Comunale Vecchia,,giallo,3,strada urbana senza ciclabile,no,2,si,0,B1,
SS-NAP-0890,Via Comunale Vecchia di Miano,,giallo,3,strada urbana senza ciclabile,no,2,si,0,B2,
SS-NAP-0891,Via Comunale del Collettore,,giallo,3,strada urbana senza ciclabile,no,2,no,0,B1,
SS-NAP-0892,Via Comunale delle Murelle,,giallo,3,strada urbana senza ciclabile,no,2,no,0,A2,
SS-NAP-0893,Via Concezio Muzy,,giallo,3,strada urbana senza ciclabile,no,2,si,0,A2,
SS-NAP-0894,Via Concezione a Montecalvario,,giallo,3,strada urbana senza ciclabile,no,2,si,0,A2,
SS-NAP-0895,Via Concordia,,giallo,3,strada urbana senza ciclabile,no,2,si,0,A2,
SS-NAP-0896,Via Confalone,,giallo,3,strada urbana senza ciclabile,no,2,si,0,B1,
SS-NAP-0897,Via Consalvo,,giallo,3,strada urbana senza ciclabile,no,2,si,0,A1,
SS-NAP-0898,Via Consalvo Carelli,,giallo,3,strada urbana senza ciclabile,no,2,si,0,A1,
SS-NAP-0899,Via Conte Olivares,,giallo,3,strada urbana senza ciclabile,no,2,si,0,A2,
SS-NAP-0900,Via Conte di Ruvo,,rosso,4,strada secondaria trafficata,no,2,si,0,A2,
SS-NAP-0901,Via Contieri,,giallo,3,strada urbana senza ciclabile,no,2,no,0,A1,
SS-NAP-0902,Via Coriolano,,giallo,3,strada urbana senza ciclabile,no,2,no,0,A1,
SS-NAP-0903,Via Cornelia dei Gracchi,,giallo,3,strada urbana senza ciclabile (1 corsie),no,1,si,0,A1,
SS-NAP-0904,Via Coroglio,,giallo,3,strada urbana senza ciclabile,no,2,no,0,A1,
SS-NAP-0905,Via Corrado Alvaro,,giallo,3,strada urbana senza ciclabile,no,2,no,0,B1,
SS-NAP-0906,Via Corrado Barbagallo,,rosso,4,strada secondaria trafficata,no,2,no,0,A1,
SS-NAP-0907,Via Cosenza,,giallo,3,strada urbana senza ciclabile,no,2,si,0,B2,
SS-NAP-0908,Via Costantino,,giallo,3,strada urbana senza ciclabile,no,2,no,0,A1,
SS-NAP-0909,Via Costantino De Crescenzo,,giallo,3,strada urbana senza ciclabile,no,2,no,0,B2,
SS-NAP-0910,Via Costantino Grimaldi,,rosso,4,strada secondaria trafficata,no,2,no,0,B2,
SS-NAP-0911,Via Cristallini,,giallo,3,strada urbana senza ciclabile,no,2,no,0,B2,
SS-NAP-0912,Via Cristoforo Colombo,,rosso,4,strada principale trafficata (2 corsie),no,2,si,0,A2,
SS-NAP-0913,Via Cristoforo Marino,,giallo,3,strada urbana senza ciclabile,no,2,si,0,A2,
SS-NAP-0914,Via Croce,,giallo,3,strada urbana senza ciclabile,no,2,si,0,B1,
SS-NAP-0915,Via Croce Rossa,,giallo,3,strada urbana senza ciclabile,no,2,no,0,B1,
SS-NAP-0916,Via Croce di Piperno,,giallo,3,strada urbana senza ciclabile,no,2,si,0,A1,
SS-NAP-0917,Via Crocelle a Porta San Gennaro,,giallo,3,strada urbana senza ciclabile,no,2,si,0,B2,
SS-NAP-0918,Via Cuma,,giallo,3,strada urbana senza ciclabile,no,2,si,0,A2,
SS-NAP-0919,Via Cupa Grande,,giallo,3,strada urbana senza ciclabile,no,2,si,0,B2,
SS-NAP-0920,Via Cupa Pozzolelle,,giallo,3,strada urbana senza ciclabile,no,2,no,0,B2,
SS-NAP-0921,Via Cupa San Pietro,,giallo,3,strada urbana senza ciclabile,no,2,si,0,B2,
SS-NAP-0922,Via Cupa Vicinale Terracina,,giallo,3,strada urbana senza ciclabile,no,2,no,0,A1,
SS-NAP-0923,Via Cupa Vicinale dell'Olivo,,giallo,3,strada urbana senza ciclabile,no,2,no,0,A2,
SS-NAP-0924,Via Cupa degli Orefici allo Scudillo,,giallo,3,strada urbana senza ciclabile,no,2,no,0,B1,
SS-NAP-0925,Via Cupa dei Cani,,giallo,3,strada urbana senza ciclabile,no,2,si,0,B1,
SS-NAP-0926,Via Cupa del Cane,,giallo,3,strada urbana senza ciclabile,no,2,no,0,B1,
SS-NAP-0927,Via Cupa del Principe,,giallo,3,strada urbana senza ciclabile,no,2,no,0,B2,
SS-NAP-0928,Via Cupa della Filanda,,giallo,3,strada urbana senza ciclabile,no,2,no,0,B1,
SS-NAP-0929,Via Cupa della Ginestra,,giallo,3,strada urbana senza ciclabile,no,2,si,0,A1,
SS-NAP-0930,Via Curzio Malaparte,,giallo,3,strada urbana senza ciclabile,no,2,no,0,A2,
SS-NAP-0931,Via Dalmazia,,giallo,3,strada urbana senza ciclabile,no,2,si,0,A1,
SS-NAP-0932,Via Daniele Manin,,giallo,3,strada urbana senza ciclabile,no,2,no,0,A1,
SS-NAP-0933,Via Dante Alighieri,,giallo,3,strada urbana senza ciclabile,no,2,no,0,B2,
SS-NAP-0934,Via Davide Winspeare,,giallo,3,strada urbana senza ciclabile,no,2,no,0,A1,
SS-NAP-0935,Via De Rosa Pacecco,,giallo,3,strada urbana senza ciclabile,no,2,si,0,B2,
SS-NAP-0936,Via Della Maddalena,,giallo,3,strada urbana senza ciclabile,no,2,si,0,A2,
SS-NAP-0937,Via Della Scesa dei Pastori,,giallo,3,strada urbana senza ciclabile,no,2,no,0,B1,
SS-NAP-0938,Via Dello Sputnik,,giallo,3,strada urbana senza ciclabile,no,2,no,0,B2,
SS-NAP-0939,Via Diego Petriccione,,giallo,3,strada urbana senza ciclabile,no,2,no,0,B2,
SS-NAP-0940,Via Dietro La Vigna,,giallo,3,strada urbana senza ciclabile,no,2,si,0,B1,
SS-NAP-0941,Via Diocleziano,,giallo,3,strada urbana senza ciclabile,no,2,no,0,A1,
SS-NAP-0942,Via Diomede Carafa,,giallo,3,strada urbana senza ciclabile,no,2,si,0,A1,
SS-NAP-0943,Via Diomede Marvasi,,giallo,3,strada urbana senza ciclabile,no,2,no,0,A2,
SS-NAP-0944,Via Dirigibile Italia,,giallo,3,strada urbana senza ciclabile,no,2,no,0,B2,
SS-NAP-0945,Via Divisione Siena,,giallo,3,strada urbana senza ciclabile,no,2,no,0,A1,
SS-NAP-0946,Via Dogliuolo,,giallo,3,strada urbana senza ciclabile,no,2,no,0,B2,
SS-NAP-0947,Via Domenico Atripaldi,,giallo,3,strada urbana senza ciclabile,no,2,no,0,A2,
SS-NAP-0948,Via Domenico Aulisio,,giallo,3,strada urbana senza ciclabile,no,2,si,0,B2,
SS-NAP-0949,Via Domenico Capitelli,,blu,2,zona pedonale / living street,no,1,no,0,A2,
SS-NAP-0950,Via Domenico Cimarosa,,giallo,3,strada urbana senza ciclabile,no,2,si,0,A1,
SS-NAP-0951,Via Domenico Cirillo,,rosso,4,strada secondaria trafficata,no,2,si,0,B2,
SS-NAP-0952,Via Domenico Colasanto,,giallo,3,strada urbana senza ciclabile,no,2,si,0,A1,
SS-NAP-0953,Via Domenico Cotugno,,giallo,3,strada urbana senza ciclabile,no,2,si,0,A2,
SS-NAP-0954,Via Domenico D'Ambra,,giallo,3,strada urbana senza ciclabile,no,2,si,0,B2,
SS-NAP-0955,Via Domenico De Roberto,,giallo,3,strada urbana senza ciclabile,no,2,no,0,B2,
SS-NAP-0956,Via Domenico Fontana,,giallo,3,strada urbana senza ciclabile,no,2,si,0,B1,
SS-NAP-0957,Via Domenico Forges Davanzati,,giallo,3,strada urbana senza ciclabile,no,2,si,0,B2,
SS-NAP-0958,Via Domenico Minichino,,giallo,3,strada urbana senza ciclabile,no,2,si,0,A2,
SS-NAP-0959,Via Domenico Montesano,,rosso,4,strada secondaria trafficata (1 corsie),no,1,si,0,B1,
SS-NAP-0960,Via Domenico Morelli,,rosso,4,strada principale trafficata (2 corsie),no,2,si,0,A1,
SS-NAP-0961,Via Domenico Padula,,giallo,3,strada urbana senza ciclabile (1 corsie),no,1,si,0,A1,
SS-NAP-0962,Via Domenico Quaranta,,giallo,3,strada urbana senza ciclabile,no,2,si,0,A1,
SS-NAP-0963,Via Domenico Rea,,giallo,3,strada urbana senza ciclabile,no,2,si,0,A2,
SS-NAP-0964,Via Domenico Schiappoli,,giallo,3,strada urbana senza ciclabile,no,2,no,0,A1,
SS-NAP-0965,Via Domenico de Dominicis,,giallo,3,strada urbana senza ciclabile,no,2,si,0,A1,
SS-NAP-0966,Via Domenico di Gravina,,giallo,3,strada urbana senza ciclabile,no,2,no,0,B1,
SS-NAP-0967,Via Domenico fontana - Parco Orofino,,giallo,3,strada urbana senza ciclabile,no,2,no,0,B1,
SS-NAP-0968,Via Don Agostino Cozzolino,,giallo,3,strada urbana senza ciclabile,no,2,no,0,B2,
SS-NAP-0969,Via Don Bosco,,rosso,4,strada principale trafficata (2 corsie),no,2,si,0,B2,
SS-NAP-0970,Via Don Giovanni,,giallo,3,strada urbana senza ciclabile,no,2,no,0,A1,
SS-NAP-0971,Via Don Giovanni Minzoni,,blu,2,zona pedonale / living street,no,1,no,0,A2,
SS-NAP-0972,Via Don Giuseppe Diana,,blu,2,zona pedonale / living street,no,1,no,0,B1,
SS-NAP-0973,Via Don Giustino Maria Russolillo,,giallo,3,strada urbana senza ciclabile (1 corsie),no,1,si,0,B1,
SS-NAP-0974,Via Don Lorenzo Milani,,giallo,3,strada urbana senza ciclabile,no,2,si,0,B2,
SS-NAP-0975,Via Don Luigi Guanella,,blu,2,zona pedonale / living street,no,1,no,0,B2,
SS-NAP-0976,Via Don Luigi Sturzo,,giallo,3,strada urbana senza ciclabile,no,2,si,0,A1,
SS-NAP-0977,Via Don Pino Puglisi,,giallo,3,strada urbana senza ciclabile,no,2,no,0,B2,
SS-NAP-0978,Via Don Primo Mazzolari,,giallo,3,strada urbana senza ciclabile,no,2,no,0,B2,
SS-NAP-0979,Via Don Vincenzo Simeoli,,giallo,3,strada urbana senza ciclabile,no,2,si,0,B1,
SS-NAP-0980,Via Donato Bramante,,giallo,3,strada urbana senza ciclabile,no,2,no,0,A1,
SS-NAP-0981,Via Donnalbina,,giallo,3,strada urbana senza ciclabile,no,2,si,0,A2,
SS-NAP-0982,Via Donnaregina,,giallo,3,strada urbana senza ciclabile,no,2,si,0,B2,
SS-NAP-0983,Via Dorando Pietri,,giallo,3,strada urbana senza ciclabile,no,2,no,0,B2,
SS-NAP-0984,Via Duca Ferrante della Marra,,giallo,3,strada urbana senza ciclabile,no,2,si,0,B1,
SS-NAP-0985,Via Duca degli Abruzzi,,giallo,3,strada urbana senza ciclabile,no,2,si,0,B2,
SS-NAP-0986,Via Duca di San Donato,,giallo,3,strada urbana senza ciclabile,no,2,si,0,A2,
SS-NAP-0987,Via Due Luglio 1820,,giallo,3,strada urbana senza ciclabile,no,2,si,0,A1,
SS-NAP-0988,Via Due Portoni,,giallo,3,strada urbana senza ciclabile,no,2,no,0,B1,
SS-NAP-0989,Via Duomo,,giallo,3,strada urbana senza ciclabile,no,2,no,0,A2,
SS-NAP-0990,Via E. A. Mario,,giallo,3,strada urbana senza ciclabile,no,2,no,0,A1,
SS-NAP-0991,Via Ecce Homo,,giallo,3,strada urbana senza ciclabile,no,2,si,0,A2,
SS-NAP-0992,Via Edgar Degas,,giallo,3,strada urbana senza ciclabile,no,2,si,0,A2,
SS-NAP-0993,Via Edgardo Cortese,,giallo,3,strada urbana senza ciclabile,no,2,no,0,A1,
SS-NAP-0994,Via Edoardo Amaldi,,giallo,3,strada urbana senza ciclabile,no,2,no,0,A1,
SS-NAP-0995,Via Edoardo Dalbono,,giallo,3,strada urbana senza ciclabile (1 corsie),no,1,si,0,A1,
SS-NAP-0996,Via Edoardo Nicolardi,,giallo,3,strada urbana senza ciclabile,no,2,si,0,B1,
SS-NAP-0997,Via Edoardo Ruffa,,giallo,3,strada urbana senza ciclabile,no,2,si,0,A1,
SS-NAP-0998,Via Edoardo Scarpetta,,giallo,3,strada urbana senza ciclabile,no,2,si,0,B2,
SS-NAP-0999,Via Edouard Manet,,giallo,3,strada urbana senza ciclabile,no,2,si,0,A2,
SS-NAP-1000,Via Eduardo Caianiello,,giallo,3,strada urbana senza ciclabile,no,2,no,0,A1,
SS-NAP-1001,Via Eduardo Massari,,giallo,3,strada urbana senza ciclabile,no,2,si,0,B1,
SS-NAP-1002,Via Eduardo Pepe,,giallo,3,strada urbana senza ciclabile,no,2,no,0,A2,
SS-NAP-1003,Via Eduardo Scarfoglio,,giallo,3,strada urbana senza ciclabile,no,2,no,0,A1,
SS-NAP-1004,Via Eduardo Suarez,,giallo,3,strada urbana senza ciclabile,no,2,no,0,A1,
SS-NAP-1005,Via Egidio Velotti,,giallo,3,strada urbana senza ciclabile,no,2,si,0,A2,
SS-NAP-1006,Via Egiziaca a Forcella,,giallo,3,strada urbana senza ciclabile,no,2,si,0,A2,
SS-NAP-1007,Via Egiziaca a Pizzofalcone,,giallo,3,strada urbana senza ciclabile,no,2,si,0,A2,
SS-NAP-1008,Via Eldorado,,blu,2,zona pedonale / living street,no,1,no,0,A2,
SS-NAP-1009,Via Eleonora Duse,,giallo,3,strada urbana senza ciclabile,no,2,no,0,A1,
SS-NAP-1010,Via Eleonora Pimentel Fonseca,,giallo,3,strada urbana senza ciclabile,no,2,si,0,B2,
SS-NAP-1011,Via Eletto Genoino,,blu,2,zona pedonale / living street,no,1,no,0,A2,
SS-NAP-1012,Via Eletto Starace,,giallo,3,strada urbana senza ciclabile,no,2,si,0,A2,
SS-NAP-1013,Via Elisa Chimenti,,giallo,3,strada urbana senza ciclabile,no,2,si,0,A2,
SS-NAP-1014,Via Eliseo Primicile Carafa,,giallo,3,strada urbana senza ciclabile,no,2,no,0,B1,
SS-NAP-1015,Via Elsa Morante,,giallo,3,strada urbana senza ciclabile,no,2,no,0,B1,
SS-NAP-1016,Via Elvira Notari,,giallo,3,strada urbana senza ciclabile,no,2,no,0,A2,
SS-NAP-1017,Via Emanuele Gianturco,,rosso,4,strada principale trafficata,no,2,no,0,A2,
SS-NAP-1018,Via Emanuele de Deo,,giallo,3,strada urbana senza ciclabile,no,2,no,0,A2,
SS-NAP-1019,Via Emilia,,giallo,3,strada urbana senza ciclabile,no,2,no,0,B2,
SS-NAP-1020,Via Emilio Franceschini,,giallo,3,strada urbana senza ciclabile,no,2,no,0,A1,
SS-NAP-1021,Via Emilio Salgari,,giallo,3,strada urbana senza ciclabile,no,2,si,0,B2,
SS-NAP-1022,Via Emilio Scaglione,,rosso,4,strada secondaria trafficata (2 corsie),no,2,no,0,B1,
SS-NAP-1023,Via Empedocle,,giallo,3,strada urbana senza ciclabile,no,2,si,0,B1,
SS-NAP-1024,Via Enea,,giallo,3,strada urbana senza ciclabile,no,2,si,0,A1,
SS-NAP-1025,Via Enea Zanfagna,,giallo,3,strada urbana senza ciclabile,no,2,no,0,A1,
SS-NAP-1026,Via Eneide,,giallo,3,strada urbana senza ciclabile (1 corsie),no,1,no,0,A1,
SS-NAP-1027,Via Ennio,,giallo,3,strada urbana senza ciclabile,no,2,si,0,A1,
SS-NAP-1028,Via Enrico Alvino,,giallo,3,strada urbana senza ciclabile,no,2,si,0,A1,
SS-NAP-1029,Via Enrico Arlotta,,giallo,3,strada urbana senza ciclabile,no,2,no,0,A1,
SS-NAP-1030,Via Enrico Caruso,,blu,2,zona pedonale / living street,no,1,no,0,A1,
SS-NAP-1031,Via Enrico Cocchia,,giallo,3,strada urbana senza ciclabile,no,2,no,0,A1,
SS-NAP-1032,Via Enrico Cosenz,,giallo,3,strada urbana senza ciclabile,no,2,si,0,A2,
SS-NAP-1033,Via Enrico Forzati,,giallo,3,strada urbana senza ciclabile,no,2,no,0,A2,
SS-NAP-1034,Via Enrico Mazzoccolo,,giallo,3,strada urbana senza ciclabile,no,2,si,0,B1,
SS-NAP-1035,Via Enrico Pessina,,rosso,4,strada principale trafficata,no,2,no,0,B2,
SS-NAP-1036,Via Enrico Petrella,,giallo,3,strada urbana senza ciclabile,no,2,si,0,A1,
SS-NAP-1037,Via Enrico Presutti,,giallo,3,strada urbana senza ciclabile,no,2,si,0,B1,
SS-NAP-1038,Via Enrico Russo,,giallo,3,strada urbana senza ciclabile,no,2,si,0,A2,
SS-NAP-1039,Via Enrico Toti,,blu,2,zona pedonale / living street,no,1,no,0,A2,
SS-NAP-1040,Via Enrico de Marinis,,giallo,3,strada urbana senza ciclabile,no,2,si,0,A2,
SS-NAP-1041,Via Enzo Petraccone,,giallo,3,strada urbana senza ciclabile,no,2,si,0,A1,
SS-NAP-1042,Via Enzo Striano,,giallo,3,strada urbana senza ciclabile,no,2,no,0,B2,
SS-NAP-1043,Via Enzo Tortora,,giallo,3,strada urbana senza ciclabile,no,2,no,0,A1,
SS-NAP-1044,Via Epitaffio,,giallo,3,strada urbana senza ciclabile,no,2,si,0,B2,
SS-NAP-1045,Via Eraclito,,giallo,3,strada urbana senza ciclabile,no,2,no,0,B1,
SS-NAP-1046,Via Erasmo Percopo,,giallo,3,strada urbana senza ciclabile,no,2,si,0,A1,
SS-NAP-1047,Via Ercolano Salvi,,giallo,3,strada urbana senza ciclabile,no,2,no,0,A1,
SS-NAP-1048,Via Ernesto Capocci,,giallo,3,strada urbana senza ciclabile,no,2,si,0,A2,
SS-NAP-1049,Via Ernesto Cesaro,,giallo,3,strada urbana senza ciclabile,no,2,no,0,A1,
SS-NAP-1050,Via Ernesto Grassi,,giallo,3,strada urbana senza ciclabile,no,2,si,0,B2,
SS-NAP-1051,Via Ernesto Murolo,,giallo,3,strada urbana senza ciclabile,no,2,si,0,A1,
SS-NAP-1052,Via Ernesto Pascal,,giallo,3,strada urbana senza ciclabile,no,2,no,0,B2,
SS-NAP-1053,Via Ernesto Ricci,,giallo,3,strada urbana senza ciclabile,no,2,no,0,A1,
SS-NAP-1054,Via Ernesto Rossi,,giallo,3,strada urbana senza ciclabile,no,2,no,0,B1,
SS-NAP-1055,Via Esopo,,giallo,3,strada urbana senza ciclabile,no,2,si,0,B2,
SS-NAP-1056,Via Etna,,giallo,3,strada urbana senza ciclabile,no,2,si,0,B2,
SS-NAP-1057,Via Ettore Bellini,,giallo,3,strada urbana senza ciclabile,no,2,si,0,B2,
SS-NAP-1058,Via Ettore Ciccotti,,giallo,3,strada urbana senza ciclabile,no,2,si,0,B2,
SS-NAP-1059,Via Ettore Giannini,,giallo,3,strada urbana senza ciclabile,no,2,no,0,A2,
SS-NAP-1060,Via Ettore Lepore,,giallo,3,strada urbana senza ciclabile,no,2,si,0,B1,
SS-NAP-1061,Via Ettore Lupo,,giallo,3,strada urbana senza ciclabile,no,2,si,0,B2,
SS-NAP-1062,Via Ettore Majorana,,giallo,3,strada urbana senza ciclabile,no,2,no,0,B1,
SS-NAP-1063,Via Ettore Pancini,,giallo,3,strada urbana senza ciclabile,no,2,si,0,A2,
SS-NAP-1064,Via Euclide,,giallo,3,strada urbana senza ciclabile,no,2,no,0,A1,
SS-NAP-1065,Via Eugenio Colorni,,giallo,3,strada urbana senza ciclabile,no,2,no,0,B1,
SS-NAP-1066,Via Eugenio Montale,,giallo,3,strada urbana senza ciclabile,no,2,si,0,B2,
SS-NAP-1067,Via Eugenio Reale,,giallo,3,strada urbana senza ciclabile,no,2,no,0,A2,
SS-NAP-1068,Via Eurialo,,giallo,3,strada urbana senza ciclabile,no,2,si,0,A1,
SS-NAP-1069,Via Evangelista Torricelli,,giallo,3,strada urbana senza ciclabile,no,2,si,0,B1,
SS-NAP-1070,Via Fabio Filzi,,giallo,3,strada urbana senza ciclabile (1 corsie),no,1,si,0,A2,
SS-NAP-1071,Via Fabio Galeota,,blu,2,accesso limitato (ZTL),no,1,no,0,B2,
SS-NAP-1072,Via Fabio Giordano,,giallo,3,strada urbana senza ciclabile,no,2,no,0,A2,
SS-NAP-1073,Via Fabio Massimo,,giallo,3,strada urbana senza ciclabile,no,2,si,0,A1,
SS-NAP-1074,Via Fabrizio Padula,,giallo,3,strada urbana senza ciclabile,no,2,no,0,A1,
SS-NAP-1075,Via Fabrizio Pignatelli,,giallo,3,strada urbana senza ciclabile,no,2,si,0,A2,
SS-NAP-1076,Via Falcone Beneventano,,giallo,3,strada urbana senza ciclabile,no,2,si,0,B1,
SS-NAP-1077,Via Falero,,giallo,3,strada urbana senza ciclabile,no,2,si,0,A2,
SS-NAP-1078,Via Fausto Coppi,,giallo,3,strada urbana senza ciclabile,no,2,si,0,B2,
SS-NAP-1079,Via Federico Celentano,,giallo,3,strada urbana senza ciclabile,no,2,si,0,B1,
SS-NAP-1080,Via Federico Delpino,,giallo,3,strada urbana senza ciclabile,no,2,no,0,B2,
SS-NAP-1081,Via Federico Fellini,,giallo,3,strada urbana senza ciclabile,no,2,no,0,B2,
SS-NAP-1082,Via Federico II,,giallo,3,strada urbana senza ciclabile,no,2,no,0,B1,
SS-NAP-1083,Via Federico Persico,,giallo,3,strada urbana senza ciclabile,no,2,si,0,B2,
SS-NAP-1084,Via Federico d'Aragona,,giallo,3,strada urbana senza ciclabile,no,2,no,0,B2,
SS-NAP-1085,Via Fedro,,giallo,3,strada urbana senza ciclabile,no,2,no,0,A1,
SS-NAP-1086,Via Felice Cavallotti,,giallo,3,strada urbana senza ciclabile,no,2,si,0,B2,
SS-NAP-1087,Via Ferdinando Acton,,rosso,4,strada principale trafficata (2 corsie),no,2,si,0,A2,
SS-NAP-1088,Via Ferdinando Galiani,,giallo,3,strada urbana senza ciclabile,no,2,si,0,A1,
SS-NAP-1089,Via Ferdinando Grieco,,giallo,3,strada urbana senza ciclabile,no,2,no,0,A2,
SS-NAP-1090,Via Ferdinando Manlio,,giallo,3,strada urbana senza ciclabile,no,2,no,0,B2,
SS-NAP-1091,Via Ferdinando Nicola Sacco e Bartolomeo Vanzetti,,giallo,3,strada urbana senza ciclabile,no,2,no,0,A2,
SS-NAP-1092,Via Ferdinando Palasciano,,giallo,3,strada urbana senza ciclabile,no,2,si,0,A1,
SS-NAP-1093,Via Ferdinando Russo,,giallo,3,strada urbana senza ciclabile,no,2,no,0,A1,
SS-NAP-1094,Via Ferdinando del Carretto,,giallo,3,strada urbana senza ciclabile (1 corsie),no,1,si,0,A2,
SS-NAP-1095,Via Ferrante Imparato,,giallo,3,strada urbana senza ciclabile,no,2,si,0,A2,
SS-NAP-1096,Via Ferrante Loffredo,,giallo,3,strada urbana senza ciclabile,no,2,si,0,B2,
SS-NAP-1097,Via Ferrante d'Aragona,,giallo,3,strada urbana senza ciclabile,no,2,no,0,B1,
SS-NAP-1098,Via Ferrara,,giallo,3,strada urbana senza ciclabile,no,2,si,0,B2,
SS-NAP-1099,Via Fiammetta,,giallo,3,strada urbana senza ciclabile,no,2,si,0,A2,
SS-NAP-1100,Via Figurelle,,giallo,3,strada urbana senza ciclabile,no,2,si,0,A2,
SS-NAP-1101,Via Filippo Agresti,,giallo,3,strada urbana senza ciclabile,no,2,si,0,A2,
SS-NAP-1102,Via Filippo Bottazzi,,giallo,3,strada urbana senza ciclabile,no,2,si,0,A1,
SS-NAP-1103,Via Filippo Cavolino,,giallo,3,strada urbana senza ciclabile,no,2,si,0,B2,
SS-NAP-1104,Via Filippo Cifariello,,giallo,3,strada urbana senza ciclabile,no,2,no,0,A1,
SS-NAP-1105,Via Filippo Illuminato,,blu,2,accesso limitato (ZTL),no,1,no,0,A1,
SS-NAP-1106,Via Filippo Maria Briganti,,giallo,3,strada urbana senza ciclabile,no,2,no,0,B2,
SS-NAP-1107,Via Filippo Mazzei,,blu,2,zona pedonale / living street,no,1,no,0,A1,
SS-NAP-1108,Via Filippo Palizzi,,giallo,3,strada urbana senza ciclabile,no,2,no,0,A1,
SS-NAP-1109,Via Filippo Rega,,giallo,3,strada urbana senza ciclabile,no,2,no,0,A1,
SS-NAP-1110,Via Filippo de Grenet,,blu,2,zona pedonale / living street,no,1,no,0,A1,
SS-NAP-1111,Via Filomena Nitti Bovet,,giallo,3,strada urbana senza ciclabile,no,2,no,0,B1,
SS-NAP-1112,Via Filumena Marturano,,giallo,3,strada urbana senza ciclabile,no,2,no,0,A2,
SS-NAP-1113,Via Firenze,,rosso,4,strada secondaria trafficata,no,2,si,0,B2,
SS-NAP-1114,Via Fiume,,giallo,3,strada urbana senza ciclabile,no,2,si,0,B2,
SS-NAP-1115,Via Flavio Gioia,,giallo,3,strada urbana senza ciclabile,no,2,no,0,A2,
SS-NAP-1116,Via Florestano Rossomandi,,giallo,3,strada urbana senza ciclabile,no,2,no,0,A1,
SS-NAP-1117,Via Floriano del Secolo,,giallo,3,strada urbana senza ciclabile,no,2,no,0,A1,
SS-NAP-1118,Via Foggia,,giallo,3,strada urbana senza ciclabile,no,2,si,0,B2,
SS-NAP-1119,Via Fonseca,,giallo,3,strada urbana senza ciclabile,no,2,si,0,B2,
SS-NAP-1120,Via Fontanelle,,giallo,3,strada urbana senza ciclabile,no,2,no,0,B2,
SS-NAP-1121,Via Fontanelle al Trivio,,giallo,3,strada urbana senza ciclabile,no,2,no,0,B2,
SS-NAP-1122,Via Forcella,,giallo,3,strada urbana senza ciclabile,no,2,si,0,A2,
SS-NAP-1123,Via Foria,,rosso,4,strada principale trafficata (3 corsie),no,3,si,0,B2,
SS-NAP-1124,Via Forno Vecchio,,giallo,3,strada urbana senza ciclabile,no,2,no,0,A2,
SS-NAP-1125,Via Fosso Santo Stefano,,giallo,3,strada urbana senza ciclabile,no,2,si,0,A1,
SS-NAP-1126,Via Fra' Gregorio Carafa,,giallo,3,strada urbana senza ciclabile,no,2,si,0,B2,
SS-NAP-1127,Via Francesco Aggello,,giallo,3,strada urbana senza ciclabile,no,2,si,0,B2,
SS-NAP-1128,Via Francesco Arnaldi,,giallo,3,strada urbana senza ciclabile (1 corsie),no,1,si,0,B1,
SS-NAP-1129,Via Francesco Azzi,,giallo,3,strada urbana senza ciclabile,no,2,si,0,A1,
SS-NAP-1130,Via Francesco Bacone,,giallo,3,strada urbana senza ciclabile,no,2,si,0,B1,
SS-NAP-1131,Via Francesco Baracca,,blu,2,zona pedonale / living street,no,1,no,0,A2,
SS-NAP-1132,Via Francesco Barbato,,giallo,3,strada urbana senza ciclabile,no,2,si,0,B2,
SS-NAP-1133,Via Francesco Benigno,,giallo,3,strada urbana senza ciclabile,no,2,no,0,A2,
SS-NAP-1134,Via Francesco Blundo,,giallo,3,strada urbana senza ciclabile,no,2,si,0,A1,
SS-NAP-1135,Via Francesco Bolvito,,giallo,3,strada urbana senza ciclabile,no,2,no,0,B2,
SS-NAP-1136,Via Francesco Bufi,,giallo,3,strada urbana senza ciclabile,no,2,si,0,B2,
SS-NAP-1137,Via Francesco Capocelatro,,giallo,3,strada urbana senza ciclabile,no,2,si,0,B1,
SS-NAP-1138,Via Francesco Caracciolo,,giallo,3,strada urbana senza ciclabile,no,2,si,0,A1,
SS-NAP-1139,Via Francesco Cerlone,,giallo,3,strada urbana senza ciclabile,no,2,si,0,A1,
SS-NAP-1140,Via Francesco Cilea,,rosso,4,strada secondaria trafficata,no,2,no,0,A1,
SS-NAP-1141,Via Francesco Compagna,,giallo,3,strada urbana senza ciclabile,no,2,no,0,B1,
SS-NAP-1142,Via Francesco Crispi,,giallo,3,strada urbana senza ciclabile,no,2,no,0,A1,
SS-NAP-1143,Via Francesco Curia,,giallo,3,strada urbana senza ciclabile,no,2,si,0,B2,
SS-NAP-1144,Via Francesco De Mura,,giallo,3,strada urbana senza ciclabile,no,2,si,0,A1,
SS-NAP-1145,Via Francesco De Pinedo,,rosso,4,strada secondaria trafficata,no,2,si,0,B2,
SS-NAP-1146,Via Francesco Degni,,giallo,3,strada urbana senza ciclabile,no,2,si,0,A1,
SS-NAP-1147,Via Francesco Dell'Erba,,giallo,3,strada urbana senza ciclabile,no,2,no,0,B1,
SS-NAP-1148,Via Francesco Feo,,giallo,3,strada urbana senza ciclabile,no,2,no,0,B2,
SS-NAP-1149,Via Francesco Ferrante d'Avalos,,giallo,3,strada urbana senza ciclabile,no,2,no,0,B2,
SS-NAP-1150,Via Francesco Flora,,giallo,3,strada urbana senza ciclabile,no,2,no,0,B1,
SS-NAP-1151,Via Francesco Fracanzano,,giallo,3,strada urbana senza ciclabile,no,2,si,0,A1,
SS-NAP-1152,Via Francesco Gaeta,,giallo,3,strada urbana senza ciclabile,no,2,no,0,B2,
SS-NAP-1153,Via Francesco Galeota,,giallo,3,strada urbana senza ciclabile,no,2,no,0,A1,
SS-NAP-1154,Via Francesco Giordani,,giallo,3,strada urbana senza ciclabile,no,2,si,0,A1,
SS-NAP-1155,Via Francesco Girardi,,giallo,3,strada urbana senza ciclabile,no,2,no,0,A2,
SS-NAP-1156,Via Francesco Ierace,,giallo,3,strada urbana senza ciclabile,no,2,si,0,A1,
SS-NAP-1157,Via Francesco Lauria,,giallo,3,strada urbana senza ciclabile,no,2,si,0,B2,
SS-NAP-1158,Via Francesco Lomonaco,,giallo,3,strada urbana senza ciclabile,no,2,si,0,A1,
SS-NAP-1159,Via Francesco Maria De Luca,,giallo,3,strada urbana senza ciclabile,no,2,no,0,A2,
SS-NAP-1160,Via Francesco Morosini,,giallo,3,strada urbana senza ciclabile,no,2,no,0,A1,
SS-NAP-1161,Via Francesco Netti,,giallo,3,strada urbana senza ciclabile,no,2,no,0,A1,
SS-NAP-1162,Via Francesco Paolo Bozzelli,,giallo,3,strada urbana senza ciclabile,no,2,no,0,B2,
SS-NAP-1163,Via Francesco Paolo Michetti,,giallo,3,strada urbana senza ciclabile,no,2,si,0,A1,
SS-NAP-1164,Via Francesco Paolo Tosti,,giallo,3,strada urbana senza ciclabile (1 corsie),no,1,si,0,A1,
SS-NAP-1165,Via Francesco Parrillo,,giallo,3,strada urbana senza ciclabile,no,2,no,0,A2,
SS-NAP-1166,Via Francesco Petrarca,,giallo,3,strada urbana senza ciclabile,no,2,no,0,A1,
SS-NAP-1167,Via Francesco Provenzale,,giallo,3,strada urbana senza ciclabile,no,2,no,0,B2,
SS-NAP-1168,Via Francesco Rismondi,,giallo,3,strada urbana senza ciclabile,no,2,no,0,B2,
SS-NAP-1169,Via Francesco Saverio Correra,,giallo,3,strada urbana senza ciclabile,no,2,si,0,A2,
SS-NAP-1170,Via Francesco Saverio Granata,,giallo,3,strada urbana senza ciclabile,no,2,si,0,A2,
SS-NAP-1171,Via Francesco Saverio Nitti,,giallo,3,strada urbana senza ciclabile,no,2,no,0,B2,
SS-NAP-1172,Via Francesco Saverio Siniscalchi,,blu,2,zona pedonale / living street,no,1,no,0,A2,
SS-NAP-1173,Via Francesco Scandone,,giallo,3,strada urbana senza ciclabile,no,2,si,0,A1,
SS-NAP-1174,Via Francesco Solimena,,giallo,3,strada urbana senza ciclabile,no,2,si,0,A1,
SS-NAP-1175,Via Francesco Spinelli,,giallo,3,strada urbana senza ciclabile,no,2,no,0,A2,
SS-NAP-1176,Via Francesco Toraldo,,giallo,3,strada urbana senza ciclabile,no,2,no,0,B2,
SS-NAP-1177,Via Francesco Verrotti,,giallo,3,strada urbana senza ciclabile,no,2,si,0,A1,
SS-NAP-1178,Via Francesco Vico,,blu,2,zona pedonale / living street,no,1,no,0,A1,
SS-NAP-1179,Via Francesco Vizioli,,giallo,3,strada urbana senza ciclabile,no,2,si,0,B1,
SS-NAP-1180,Via Francesco del Giudice,,blu,2,zona pedonale / living street,no,1,no,0,A2,
SS-NAP-1181,Via Franco Alfano,,giallo,3,strada urbana senza ciclabile,no,2,si,0,A1,
SS-NAP-1182,Via Fratelli Cervi,,giallo,3,strada urbana senza ciclabile,no,2,no,0,B2,
SS-NAP-1183,Via Fratelli Lumiere,,giallo,3,strada urbana senza ciclabile,no,2,no,0,A2,
SS-NAP-1184,Via Fratelli Magnoni,,blu,2,zona pedonale / living street,no,1,si,0,A1,
SS-NAP-1185,Via Fratelli Ruggi,,blu,2,zona pedonale / living street,no,1,no,0,A2,
SS-NAP-1186,Via Fratelli Wright,,giallo,3,strada urbana senza ciclabile,no,2,no,0,B2,
SS-NAP-1187,Via Frediano Cavara,,giallo,3,strada urbana senza ciclabile,no,2,si,0,B2,
SS-NAP-1188,Via Fuori Porta San Gennaro,,giallo,3,strada urbana senza ciclabile,no,2,no,0,B2,
SS-NAP-1189,Via Fuorigrotta,,rosso,4,strada principale trafficata,no,2,si,0,A1,
SS-NAP-1190,Via Gabriele Cirillo,,giallo,3,strada urbana senza ciclabile,no,2,si,0,B2,
SS-NAP-1191,Via Gabriele Jannelli,,rosso,4,strada secondaria trafficata,no,2,no,0,B1,
SS-NAP-1192,Via Gabriele Rossetti,,giallo,3,strada urbana senza ciclabile,no,2,si,0,A1,
SS-NAP-1193,Via Gaetano Argento,,giallo,3,strada urbana senza ciclabile,no,2,si,0,B2,
SS-NAP-1194,Via Gaetano Donizetti,,giallo,3,strada urbana senza ciclabile,no,2,si,0,A1,
SS-NAP-1195,Via Gaetano Filangieri,,giallo,3,strada urbana senza ciclabile,no,2,si,0,A1,
SS-NAP-1196,Via Gaetano Forte,,giallo,3,strada urbana senza ciclabile,no,2,si,0,B2,
SS-NAP-1197,Via Gaetano Manfredi,,giallo,3,strada urbana senza ciclabile,no,2,no,0,B2,
SS-NAP-1198,Via Gaetano Quagliarello,,giallo,3,strada urbana senza ciclabile,no,2,si,0,B1,
SS-NAP-1199,Via Gaetano Salvatore,,giallo,3,strada urbana senza ciclabile,no,2,no,0,B1,
SS-NAP-1200,Via Galeone,,giallo,3,strada urbana senza ciclabile,no,2,no,0,B2,
SS-NAP-1201,Via Galileo Ferraris,,rosso,4,strada secondaria trafficata (2 corsie),no,2,si,0,A2,
SS-NAP-1202,Via Galileo Galilei,,giallo,3,strada urbana senza ciclabile,no,2,si,0,B1,
SS-NAP-1203,Via Gandhi,,giallo,3,strada urbana senza ciclabile,no,2,no,0,B2,
SS-NAP-1204,Via Generale Biagio de Benedictis,,giallo,3,strada urbana senza ciclabile,no,2,no,0,B2,
SS-NAP-1205,Via Generale Camillo Cucca,,giallo,3,strada urbana senza ciclabile,no,2,si,0,A1,
SS-NAP-1206,Via Generale D'Ambrosio,,giallo,3,strada urbana senza ciclabile,no,2,no,0,B2,
SS-NAP-1207,Via Generale Francesco Pignatelli,,giallo,3,strada urbana senza ciclabile (2 corsie),no,2,no,0,B2,
SS-NAP-1208,Via Generale Francesco Pinto,,giallo,3,strada urbana senza ciclabile,no,2,no,0,B2,
SS-NAP-1209,Via Generale Francesco Sponsilli,,giallo,3,strada urbana senza ciclabile (1 corsie),no,1,si,0,A2,
SS-NAP-1210,Via Generale Giordano Orsini,,giallo,3,strada urbana senza ciclabile,no,2,si,0,A2,
SS-NAP-1211,Via Generale Giovanni de Bonis,,giallo,3,strada urbana senza ciclabile,no,2,no,0,A1,
SS-NAP-1212,Via Generale Girolamo Calà Ulloa,,giallo,3,strada urbana senza ciclabile,no,2,no,0,B2,
SS-NAP-1213,Via Generale Luigi Parisi,,giallo,3,strada urbana senza ciclabile,no,2,si,0,A2,
SS-NAP-1214,Via Generale Pianell,,giallo,3,strada urbana senza ciclabile,no,2,si,0,B2,
SS-NAP-1215,Via Generale Raffaele Carrascosa,,giallo,3,strada urbana senza ciclabile,no,2,no,0,B2,
SS-NAP-1216,Via Gennaro Fermariello,,giallo,3,strada urbana senza ciclabile,no,2,si,0,A1,
SS-NAP-1217,Via Gennaro Galante Aspreno,,giallo,3,strada urbana senza ciclabile,no,2,si,0,B2,
SS-NAP-1218,Via Gennaro Marciano,,giallo,3,strada urbana senza ciclabile,no,2,si,0,B2,
SS-NAP-1219,Via Gennaro Pasquariello,,giallo,3,strada urbana senza ciclabile,no,2,no,0,B2,
SS-NAP-1220,Via Gennaro Serra,,giallo,3,strada urbana senza ciclabile,no,2,no,0,A2,
SS-NAP-1221,Via Genova,,giallo,3,strada urbana senza ciclabile,no,2,si,0,B2,
SS-NAP-1222,Via Gerardo Chiaromonte,,giallo,3,strada urbana senza ciclabile,no,2,si,0,A2,
SS-NAP-1223,Via Geronimo Carafa,,giallo,3,strada urbana senza ciclabile,no,2,si,0,B2,
SS-NAP-1224,Via Gesualdo di Venosa,,giallo,3,strada urbana senza ciclabile,no,2,no,0,B1,
SS-NAP-1225,Via Gesù e Maria,,giallo,3,strada urbana senza ciclabile,no,2,si,0,A2,
SS-NAP-1226,Via Gherarda Marone,,giallo,3,strada urbana senza ciclabile,no,2,no,0,B2,
SS-NAP-1227,Via Giacinto Albino,,giallo,3,strada urbana senza ciclabile,no,2,no,0,B2,
SS-NAP-1228,Via Giacinto De Sivo,,giallo,3,strada urbana senza ciclabile,no,2,no,0,A1,
SS-NAP-1229,Via Giacinto Gigante,,rosso,4,strada secondaria trafficata,no,2,si,0,B1,
SS-NAP-1230,Via Giacomo Brodolini,,giallo,3,strada urbana senza ciclabile,no,2,si,0,B2,
SS-NAP-1231,Via Giacomo Coppola,,giallo,3,strada urbana senza ciclabile,no,2,no,0,A1,
SS-NAP-1232,Via Giacomo Leopardi,,giallo,3,strada urbana senza ciclabile,no,2,si,0,A1,
SS-NAP-1233,Via Giacomo Notar,,giallo,3,strada urbana senza ciclabile,no,2,no,0,B2,
SS-NAP-1234,Via Giacomo Piscicelli,,giallo,3,strada urbana senza ciclabile,no,2,si,0,A1,
SS-NAP-1235,Via Giacomo Profumo,,giallo,3,strada urbana senza ciclabile,no,2,no,0,B2,
SS-NAP-1236,Via Giacomo Puccini,,giallo,3,strada urbana senza ciclabile,no,2,si,0,A1,
SS-NAP-1237,Via Giacomo Savarese,,giallo,3,strada urbana senza ciclabile (1 corsie),no,1,no,0,A2,
SS-NAP-1238,Via Giaime Pintor,,giallo,3,strada urbana senza ciclabile,no,2,no,0,B2,
SS-NAP-1239,Via Giambattista Basile,,giallo,3,strada urbana senza ciclabile,no,2,si,0,A2,
SS-NAP-1240,Via Giambattista Lorenzi,,giallo,3,strada urbana senza ciclabile,no,2,si,0,B2,
SS-NAP-1241,Via Giambattista Pergolesi,,giallo,3,strada urbana senza ciclabile,no,2,si,0,A1,
SS-NAP-1242,Via Giambattista Ruoppolo,,giallo,3,strada urbana senza ciclabile,no,2,si,0,A1,
SS-NAP-1243,Via Giambattista Vela,,giallo,3,strada urbana senza ciclabile,no,2,no,0,A2,
SS-NAP-1244,Via Gian Battista Manso,,giallo,3,strada urbana senza ciclabile,no,2,si,0,A2,
SS-NAP-1245,Via Gian Carlo Tramontano,,giallo,3,strada urbana senza ciclabile,no,2,si,0,A2,
SS-NAP-1246,Via Gian Domenico D'Auria,,giallo,3,strada urbana senza ciclabile,no,2,no,0,A1,
SS-NAP-1247,Via Gianlorenzo Bernini,,giallo,3,strada urbana senza ciclabile,no,2,si,0,A1,
SS-NAP-1248,Via Gianluca Cimminiello,,giallo,3,strada urbana senza ciclabile,no,2,no,0,B2,
SS-NAP-1249,Via Giannantonio Summonte,,giallo,3,strada urbana senza ciclabile,no,2,si,0,A2,
SS-NAP-1250,Via Gino Alfani,,giallo,3,strada urbana senza ciclabile,no,2,no,0,B2,
SS-NAP-1251,Via Gino Doria,,giallo,3,strada urbana senza ciclabile,no,2,si,0,A1,
SS-NAP-1252,Via Gino Severini,,giallo,3,strada urbana senza ciclabile,no,2,no,0,B1,
SS-NAP-1253,Via Gioacchino Luigi Mellucci,,giallo,3,strada urbana senza ciclabile,no,2,no,0,B2,
SS-NAP-1254,Via Gioacchino Murat,,blu,2,zona pedonale / living street,no,1,no,0,B1,
SS-NAP-1255,Via Gioacchino Rossini,,giallo,3,strada urbana senza ciclabile (2 corsie),no,2,no,0,A1,
SS-NAP-1256,Via Gioacchino Toma,,giallo,3,strada urbana senza ciclabile,no,2,no,0,A1,
SS-NAP-1257,Via Giordano Bruno,,giallo,3,strada urbana senza ciclabile,no,2,si,0,A1,
SS-NAP-1258,Via Giorgio Amendola,,giallo,3,strada urbana senza ciclabile,no,2,no,0,B2,
SS-NAP-1259,Via Giorgio Arcoleo,,rosso,4,strada principale trafficata,no,2,si,0,A1,
SS-NAP-1260,Via Giorgio De Chirico,,giallo,3,strada urbana senza ciclabile (1 corsie),no,1,si,0,B1,
SS-NAP-1261,Via Giorgio De' Grassi,,giallo,3,strada urbana senza ciclabile,no,2,si,0,B1,
SS-NAP-1262,Via Giorgio Pallavicino,,blu,2,zona pedonale / living street,no,1,no,0,A2,
SS-NAP-1263,Via Giosuè Carducci,,giallo,3,strada urbana senza ciclabile,no,2,no,0,A1,
SS-NAP-1264,Via Giotto,,rosso,4,strada secondaria trafficata,no,2,si,0,A1,
SS-NAP-1265,Via Giovan Battista Licata,,giallo,3,strada urbana senza ciclabile,no,2,no,0,A1,
SS-NAP-1266,Via Giovan Battista Marino,,rosso,4,strada secondaria trafficata,no,2,si,0,A1,
SS-NAP-1267,Via Giovanbattista Alfano,,giallo,3,strada urbana senza ciclabile,no,2,no,0,B2,
SS-NAP-1268,Via Giovanni Alfonso Borrelli,,giallo,3,strada urbana senza ciclabile,no,2,si,0,B2,
SS-NAP-1269,Via Giovanni Ansaldo,,giallo,3,strada urbana senza ciclabile,no,2,si,0,B1,
SS-NAP-1270,Via Giovanni Antonio Campano,,rosso,4,strada secondaria trafficata,no,2,no,0,B1,
SS-NAP-1271,Via Giovanni Bartoli,,blu,2,zona pedonale / living street,no,1,no,0,A2,
SS-NAP-1272,Via Giovanni Battista Riccioli,,giallo,3,strada urbana senza ciclabile,no,2,no,0,B1,
SS-NAP-1273,Via Giovanni Bertoli,,giallo,3,strada urbana senza ciclabile,no,2,no,0,A1,
SS-NAP-1274,Via Giovanni Boccaccio,,giallo,3,strada urbana senza ciclabile,no,2,no,0,A1,
SS-NAP-1275,Via Giovanni Brancaccio,,giallo,3,strada urbana senza ciclabile,no,2,no,0,B1,
SS-NAP-1276,Via Giovanni Brombeis,,giallo,3,strada urbana senza ciclabile,no,2,no,0,A2,
SS-NAP-1277,Via Giovanni Caproni,,giallo,3,strada urbana senza ciclabile,no,2,no,0,B2,
SS-NAP-1278,Via Giovanni Capurro,,giallo,3,strada urbana senza ciclabile,no,2,no,0,A1,
SS-NAP-1279,Via Giovanni Carfora,,giallo,3,strada urbana senza ciclabile,no,2,si,0,A2,
SS-NAP-1280,Via Giovanni Chiarini,,giallo,3,strada urbana senza ciclabile,no,2,si,0,A1,
SS-NAP-1281,Via Giovanni Cristiano Andersen,,giallo,3,strada urbana senza ciclabile,no,2,no,0,B2,
SS-NAP-1282,Via Giovanni Da Procida,,giallo,3,strada urbana senza ciclabile,no,2,si,0,B2,
SS-NAP-1283,Via Giovanni Di Marino,,giallo,3,strada urbana senza ciclabile,no,2,si,0,B1,
SS-NAP-1284,Via Giovanni Diacono,,giallo,3,strada urbana senza ciclabile,no,2,no,0,B2,
SS-NAP-1285,Via Giovanni Donadio,,giallo,3,strada urbana senza ciclabile,no,2,no,0,A1,
SS-NAP-1286,Via Giovanni Esposito,,giallo,3,strada urbana senza ciclabile,no,2,si,0,B2,
SS-NAP-1287,Via Giovanni Fiorentino,,blu,2,zona pedonale / living street,no,1,no,0,B2,
SS-NAP-1288,Via Giovanni Gussone,,rosso,4,strada secondaria trafficata (2 corsie),no,2,no,0,B2,
SS-NAP-1289,Via Giovanni Lombardi,,giallo,3,strada urbana senza ciclabile,no,2,no,0,B2,
SS-NAP-1290,Via Giovanni Manna,,giallo,3,strada urbana senza ciclabile,no,2,si,0,A2,
SS-NAP-1291,Via Giovanni Medrano,,giallo,3,strada urbana senza ciclabile,no,2,si,0,B2,
SS-NAP-1292,Via Giovanni Merliani,,giallo,3,strada urbana senza ciclabile (1 corsie),no,1,si,0,A1,
SS-NAP-1293,Via Giovanni Miranda,,giallo,3,strada urbana senza ciclabile (1 corsie),no,1,si,0,B1,
SS-NAP-1294,Via Giovanni Nicotera,,giallo,3,strada urbana senza ciclabile,no,2,si,0,A2,
SS-NAP-1295,Via Giovanni Ninni,,giallo,3,strada urbana senza ciclabile,no,2,si,0,A2,
SS-NAP-1296,Via Giovanni Paesiello,,giallo,3,strada urbana senza ciclabile,no,2,si,0,A1,
SS-NAP-1297,Via Giovanni Paladino,,giallo,3,strada urbana senza ciclabile,no,2,si,0,A2,
SS-NAP-1298,Via Giovanni Palatucci,,giallo,3,strada urbana senza ciclabile,no,2,no,0,B1,
SS-NAP-1299,Via Giovanni Papini,,giallo,3,strada urbana senza ciclabile,no,2,no,0,B1,
SS-NAP-1300,Via Giovanni Pascale,,giallo,3,strada urbana senza ciclabile,no,2,no,0,B2,
SS-NAP-1301,Via Giovanni Pascoli,,giallo,3,strada urbana senza ciclabile,no,2,no,0,B2,
SS-NAP-1302,Via Giovanni Porzio,,giallo,3,strada urbana senza ciclabile,no,2,si,0,B2,
SS-NAP-1303,Via Giovanni Sebastiano Caboto,,blu,2,zona pedonale / living street,no,1,no,0,A1,
SS-NAP-1304,Via Giovanni Tappia,,giallo,3,strada urbana senza ciclabile,no,2,no,0,A2,
SS-NAP-1305,Via Giovanni Tommaso Blanch,,giallo,3,strada urbana senza ciclabile,no,2,no,0,B2,
SS-NAP-1306,Via Giovanni Tritto,,giallo,3,strada urbana senza ciclabile,no,2,no,0,B2,
SS-NAP-1307,Via Giovenale,,giallo,3,strada urbana senza ciclabile,no,2,si,0,A1,
SS-NAP-1308,Via Girolamo Cardano,,giallo,3,strada urbana senza ciclabile,no,2,no,0,B1,
SS-NAP-1309,Via Girolamo Cerbone,,giallo,3,strada urbana senza ciclabile,no,2,no,0,A1,
SS-NAP-1310,Via Girolamo Giusso,,giallo,3,strada urbana senza ciclabile,no,2,si,0,A1,
SS-NAP-1311,Via Girolamo Imparato,,giallo,3,strada urbana senza ciclabile,no,2,si,0,B2,
SS-NAP-1312,Via Girolamo Santacroce,,giallo,3,strada urbana senza ciclabile,no,2,si,0,A1,
SS-NAP-1313,Via Giudecca Vecchia,,giallo,3,strada urbana senza ciclabile,no,2,si,0,A2,
SS-NAP-1314,Via Giulia Gonzaga,,giallo,3,strada urbana senza ciclabile,no,2,no,0,A1,
SS-NAP-1315,Via Giulia Lama,,giallo,3,strada urbana senza ciclabile,no,2,no,0,A2,
SS-NAP-1316,Via Giuliano Da Maiano,,giallo,3,strada urbana senza ciclabile,no,2,no,0,B2,
SS-NAP-1317,Via Giulio Cesare,,rosso,4,strada principale trafficata,no,2,si,0,A1,
SS-NAP-1318,Via Giulio Cesare Capaccio,,giallo,3,strada urbana senza ciclabile,no,2,no,0,A2,
SS-NAP-1319,Via Giulio Cesare Cortese,,giallo,3,strada urbana senza ciclabile,no,2,si,0,A2,
SS-NAP-1320,Via Giulio Natta,,giallo,3,strada urbana senza ciclabile,no,2,si,0,A1,
SS-NAP-1321,Via Giulio Palermo,,giallo,3,strada urbana senza ciclabile (1 corsie),no,1,si,0,B1,
SS-NAP-1322,Via Giulio de Petrax,,giallo,3,strada urbana senza ciclabile,no,2,si,0,A1,
SS-NAP-1323,Via Giuseppa Eleonora Barbapiccola,,giallo,3,strada urbana senza ciclabile,no,2,no,0,B1,
SS-NAP-1324,Via Giuseppe Antonio Pasquale,,giallo,3,strada urbana senza ciclabile,no,2,si,0,B2,
SS-NAP-1325,Via Giuseppe Baroni,,blu,2,zona pedonale / living street,no,1,no,0,A2,
SS-NAP-1326,Via Giuseppe Bonito,,giallo,3,strada urbana senza ciclabile,no,2,si,0,A1,
SS-NAP-1327,Via Giuseppe Bonocuore,,giallo,3,strada urbana senza ciclabile,no,2,no,0,B2,
SS-NAP-1328,Via Giuseppe Buonomo,,giallo,3,strada urbana senza ciclabile,no,2,no,0,B1,
SS-NAP-1329,Via Giuseppe Capaldo,,giallo,3,strada urbana senza ciclabile,no,2,no,0,A1,
SS-NAP-1330,Via Giuseppe Casciaro,,giallo,3,strada urbana senza ciclabile,no,2,no,0,B1,
SS-NAP-1331,Via Giuseppe Casciaro - Parco San Giacomo,,blu,2,accesso limitato (ZTL),no,1,no,0,A1,
SS-NAP-1332,Via Giuseppe Cesare Abba,,blu,2,zona pedonale / living street,no,1,no,0,B2,
SS-NAP-1333,Via Giuseppe Cotronei,,giallo,3,strada urbana senza ciclabile,no,2,si,0,A1,
SS-NAP-1334,Via Giuseppe De Lorenzo,,giallo,3,strada urbana senza ciclabile,no,2,si,0,A1,
SS-NAP-1335,Via Giuseppe Donzelli,,giallo,3,strada urbana senza ciclabile,no,2,si,0,B1,
SS-NAP-1336,Via Giuseppe Fava,,giallo,3,strada urbana senza ciclabile,no,2,no,0,B2,
SS-NAP-1337,Via Giuseppe Ferrigni,,blu,2,zona pedonale / living street,no,1,no,0,A1,
SS-NAP-1338,Via Giuseppe Fiorelli,,giallo,3,strada urbana senza ciclabile,no,2,si,0,A1,
SS-NAP-1339,Via Giuseppe Garibaldi,,giallo,3,strada urbana senza ciclabile,no,2,no,0,A2,
SS-NAP-1340,Via Giuseppe Leonardi Albanese,,giallo,3,strada urbana senza ciclabile,no,2,si,0,B2,
SS-NAP-1341,Via Giuseppe Mancinelli,,blu,2,zona pedonale / living street,no,1,no,0,A2,
SS-NAP-1342,Via Giuseppe Marrazzo,,giallo,3,strada urbana senza ciclabile,no,2,no,0,B2,
SS-NAP-1343,Via Giuseppe Martucci,,giallo,3,strada urbana senza ciclabile,no,2,si,0,A1,
SS-NAP-1344,Via Giuseppe Mercalli,,giallo,3,strada urbana senza ciclabile,no,2,no,0,A2,
SS-NAP-1345,Via Giuseppe Moscati,,blu,2,zona pedonale / living street,no,1,no,0,A2,
SS-NAP-1346,Via Giuseppe Occhialini,,giallo,3,strada urbana senza ciclabile,no,2,no,0,B1,
SS-NAP-1347,Via Giuseppe Orsi,,rosso,4,strada secondaria trafficata,no,2,si,0,A1,
SS-NAP-1348,Via Giuseppe Piazzi,,giallo,3,strada urbana senza ciclabile,no,2,si,0,B2,
SS-NAP-1349,Via Giuseppe Pica,,giallo,3,strada urbana senza ciclabile,no,2,si,0,A2,
SS-NAP-1350,Via Giuseppe Pisanelli,,giallo,3,strada urbana senza ciclabile (1 corsie),no,1,si,0,A2,
SS-NAP-1351,Via Giuseppe Recco,,giallo,3,strada urbana senza ciclabile,no,2,si,0,A1,
SS-NAP-1352,Via Giuseppe Ribera,,rosso,4,strada secondaria trafficata,no,2,si,0,A1,
SS-NAP-1353,Via Giuseppe Ricciardi,,giallo,3,strada urbana senza ciclabile,no,2,no,0,A2,
SS-NAP-1354,Via Giuseppe Silvati,,giallo,3,strada urbana senza ciclabile,no,2,si,0,B2,
SS-NAP-1355,Via Giuseppe Simonelli,,giallo,3,strada urbana senza ciclabile,no,2,no,0,A2,
SS-NAP-1356,Via Giuseppe Spano,,giallo,3,strada urbana senza ciclabile,no,2,si,0,B2,
SS-NAP-1357,Via Giuseppe Testa,,giallo,3,strada urbana senza ciclabile,no,2,no,0,A1,
SS-NAP-1358,Via Giuseppe Tropeano,,giallo,3,strada urbana senza ciclabile,no,2,si,0,B1,
SS-NAP-1359,Via Giuseppe Ungaretti,,giallo,3,strada urbana senza ciclabile,no,2,no,0,B2,
SS-NAP-1360,Via Giuseppe Verdi,,blu,2,zona pedonale / living street,no,1,no,0,A2,
SS-NAP-1361,Via Giuseppe Vitagliano,,giallo,3,strada urbana senza ciclabile,no,2,no,0,B2,
SS-NAP-1362,Via Giuseppe Zurlo,,giallo,3,strada urbana senza ciclabile,no,2,no,0,B2,
SS-NAP-1363,Via Giuseppe de Blasiis,,giallo,3,strada urbana senza ciclabile,no,2,si,0,A2,
SS-NAP-1364,Via Giuseppina Guacci Nobile,,giallo,3,strada urbana senza ciclabile,no,2,si,0,A2,
SS-NAP-1365,Via Giustiniano,,rosso,4,strada secondaria trafficata,no,2,no,0,A1,
SS-NAP-1366,Via Giustino De Jacobis,,giallo,3,strada urbana senza ciclabile,no,2,no,0,A1,
SS-NAP-1367,Via Giustino russolillo,,giallo,3,strada urbana senza ciclabile,no,2,no,0,B1,
SS-NAP-1368,Via Goffredo Malaterra,,giallo,3,strada urbana senza ciclabile,no,2,si,0,B1,
SS-NAP-1369,Via Gorizia,,giallo,3,strada urbana senza ciclabile,no,2,si,0,B2,
SS-NAP-1370,Via Grande Archivio,,giallo,3,strada urbana senza ciclabile,no,2,si,0,A2,
SS-NAP-1371,Via Grande degli Orefici,,blu,2,zona pedonale / living street,no,1,no,0,A2,
SS-NAP-1372,Via Gregorio Mattei,,giallo,3,strada urbana senza ciclabile,no,2,si,0,A2,
SS-NAP-1373,Via Guantai Nuovi,,blu,2,zona pedonale / living street,no,1,no,0,A2,
SS-NAP-1374,Via Guglielmo Appulo,,giallo,3,strada urbana senza ciclabile,no,2,si,0,B2,
SS-NAP-1375,Via Guglielmo Gasparrini,,giallo,3,strada urbana senza ciclabile,no,2,si,0,B2,
SS-NAP-1376,Via Guglielmo Lulli,,blu,2,zona pedonale / living street,no,1,no,0,A1,
SS-NAP-1377,Via Guglielmo Marconi,,giallo,3,strada urbana senza ciclabile,no,2,no,0,A1,
SS-NAP-1378,Via Guglielmo Melisurgo,,giallo,3,strada urbana senza ciclabile,no,2,si,0,A2,
SS-NAP-1379,Via Guglielmo Oberdan,,giallo,3,strada urbana senza ciclabile (1 corsie),no,1,si,0,A2,
SS-NAP-1380,Via Guglielmo Sagrera,,giallo,3,strada urbana senza ciclabile,no,2,si,0,A1,
SS-NAP-1381,Via Guglielmo Sanfelice,,verde,1,ciclabile presente (da OpenStreetMap),si,4,no,0,A2,
SS-NAP-1382,Via Guglielmo Scognamiglio,,giallo,3,strada urbana senza ciclabile,no,2,no,0,A1,
SS-NAP-1383,Via Guido Amedeo Vitale,,giallo,3,strada urbana senza ciclabile,no,2,no,0,B2,
SS-NAP-1384,Via Guido Calogero,,blu,2,zona pedonale / living street,no,1,no,0,B1,
SS-NAP-1385,Via Guido Cortese,,giallo,3,strada urbana senza ciclabile,no,2,si,0,A1,
SS-NAP-1386,Via Guido Della Valle,,giallo,3,strada urbana senza ciclabile,no,2,si,0,B2,
SS-NAP-1387,Via Guido Menzinger,,giallo,3,strada urbana senza ciclabile,no,2,no,0,A1,
SS-NAP-1388,Via Guido de Ruggiero,,giallo,3,strada urbana senza ciclabile (1 corsie),no,1,si,0,A1,
SS-NAP-1389,Via Gulliver,,giallo,3,strada urbana senza ciclabile,no,2,si,0,B2,
SS-NAP-1390,Via Heinrich Schliemann,,blu,2,zona pedonale / living street,no,1,no,0,A2,
SS-NAP-1391,Via Henri Matisse,,giallo,3,strada urbana senza ciclabile,no,2,no,0,A2,
SS-NAP-1392,Via Hugo Pratt,,giallo,3,strada urbana senza ciclabile,no,2,no,0,B1,
SS-NAP-1393,Via I Misteri di Parigi,,giallo,3,strada urbana senza ciclabile,no,2,no,0,B2,
SS-NAP-1394,Via IV Novembre,,giallo,3,strada urbana senza ciclabile,no,2,si,0,A1,
SS-NAP-1395,Via Ignazio Ciaia,,giallo,3,strada urbana senza ciclabile,no,2,si,0,B2,
SS-NAP-1396,Via Ignazio Falconieri,,giallo,3,strada urbana senza ciclabile,no,2,no,0,B2,
SS-NAP-1397,Via Ignazio Silone,,giallo,3,strada urbana senza ciclabile,no,2,no,0,B1,
SS-NAP-1398,Via Il Flauto Magico,,giallo,3,strada urbana senza ciclabile,no,2,no,0,B2,
SS-NAP-1399,Via Il Giardino dei Ciliegi,,giallo,3,strada urbana senza ciclabile,no,2,no,0,B2,
SS-NAP-1400,Via Il Posto delle Fragole,,giallo,3,strada urbana senza ciclabile,no,2,no,0,B2,
SS-NAP-1401,Via Ilioneo,,giallo,3,strada urbana senza ciclabile,no,2,si,0,A1,
SS-NAP-1402,Via Immacolata Concezione,,giallo,3,strada urbana senza ciclabile,no,2,no,0,B2,
SS-NAP-1403,Via Ippolito Nievo,,giallo,3,strada urbana senza ciclabile,no,2,si,0,B2,
SS-NAP-1404,Via Irpinia,,giallo,3,strada urbana senza ciclabile,no,2,si,0,A2,
SS-NAP-1405,Via Isidoro Fuortes,,giallo,3,strada urbana senza ciclabile,no,2,si,0,A2,
SS-NAP-1406,Via Isonzo,,giallo,3,strada urbana senza ciclabile,no,2,no,0,A1,
SS-NAP-1407,Via Italo Calvino,,giallo,3,strada urbana senza ciclabile,no,2,si,0,B2,
SS-NAP-1408,Via Jacopo Carrucci detto il Pontorno,,giallo,3,strada urbana senza ciclabile,no,2,no,0,B1,
SS-NAP-1409,Via Jacopo Sannazaro,,rosso,4,strada principale trafficata,no,2,si,0,A1,
SS-NAP-1410,Via Jan Palach,,giallo,3,strada urbana senza ciclabile,no,2,no,0,A1,
SS-NAP-1411,Via Kagoshima,,giallo,3,strada urbana senza ciclabile,no,2,no,0,A1,
SS-NAP-1412,Via Karl Barth,,giallo,3,strada urbana senza ciclabile,no,2,no,0,B1,
SS-NAP-1413,Via La Certosa di Parma,,giallo,3,strada urbana senza ciclabile,no,2,si,0,B2,
SS-NAP-1414,Via La Scala di Seta,,giallo,3,strada urbana senza ciclabile,no,2,no,0,B2,
SS-NAP-1415,Via Lago Fusaro,,giallo,3,strada urbana senza ciclabile,no,2,no,0,A2,
SS-NAP-1416,Via Lago Lucrino,,giallo,3,strada urbana senza ciclabile,no,2,no,0,A2,
SS-NAP-1417,Via Lago Patria,,giallo,3,strada urbana senza ciclabile,no,2,si,0,A2,
SS-NAP-1418,Via Lago d'Averno,,giallo,3,strada urbana senza ciclabile,no,2,no,0,A2,
SS-NAP-1419,Via Lago di Scanno,,giallo,3,strada urbana senza ciclabile,no,2,si,0,A2,
SS-NAP-1420,Via Lancisiano,,giallo,3,strada urbana senza ciclabile,no,2,si,0,B2,
SS-NAP-1421,Via Langella,,giallo,3,strada urbana senza ciclabile,no,2,no,0,B2,
SS-NAP-1422,Via Lanzieri,,giallo,3,strada urbana senza ciclabile,no,2,si,0,A2,
SS-NAP-1423,Via Lattanzio,,giallo,3,strada urbana senza ciclabile,no,2,no,0,A1,
SS-NAP-1424,Via Laura Mancini Oliva,,giallo,3,strada urbana senza ciclabile,no,2,si,0,A2,
SS-NAP-1425,Via Lavinia,,giallo,3,strada urbana senza ciclabile,no,2,si,0,A1,
SS-NAP-1426,Via Lazio,,giallo,3,strada urbana senza ciclabile,no,2,si,0,B2,
SS-NAP-1427,Via Le Bucoliche,,giallo,3,strada urbana senza ciclabile,no,2,no,0,A1,
SS-NAP-1428,Via Leo Longanesi,,giallo,3,strada urbana senza ciclabile,no,2,no,0,B1,
SS-NAP-1429,Via Leonardo Bianchi,,giallo,3,strada urbana senza ciclabile,no,2,si,0,B1,
SS-NAP-1430,Via Leonardo Di Capua,,giallo,3,strada urbana senza ciclabile,no,2,si,0,B2,
SS-NAP-1431,Via Leonardo Sciascia,,giallo,3,strada urbana senza ciclabile,no,2,si,0,B1,
SS-NAP-1432,Via Leone Marsicano,,giallo,3,strada urbana senza ciclabile,no,2,si,0,B1,
SS-NAP-1433,Via Leopoldo Rodinò,,giallo,3,strada urbana senza ciclabile,no,2,si,0,A2,
SS-NAP-1434,Via Leopoldo Tarantini,,rosso,4,strada principale trafficata,no,2,si,0,B2,
SS-NAP-1435,Via Lepanto,,giallo,3,strada urbana senza ciclabile,no,2,si,0,A1,
SS-NAP-1436,Via Libero Bovio,,giallo,3,strada urbana senza ciclabile,no,2,si,0,A1,
SS-NAP-1437,Via Libero Grassi,,giallo,3,strada urbana senza ciclabile,no,2,no,0,B2,
SS-NAP-1438,Via Liburia,,giallo,3,strada urbana senza ciclabile,no,2,no,0,B2,
SS-NAP-1439,Via Lieti a Capodimonte,,giallo,3,strada urbana senza ciclabile,no,2,no,0,B2,
SS-NAP-1440,Via Litoranea,,rosso,4,strada secondaria trafficata,no,2,si,0,A2,
SS-NAP-1441,Via Livio Andronico,,giallo,3,strada urbana senza ciclabile,no,2,no,0,A1,
SS-NAP-1442,Via Loggia dei Pisani,,giallo,3,strada urbana senza ciclabile,no,2,si,0,A2,
SS-NAP-1443,Via Loggia di Genova,,blu,2,zona pedonale / living street,no,1,no,0,A2,
SS-NAP-1444,Via Lombardia,,giallo,3,strada urbana senza ciclabile,no,2,si,0,B2,
SS-NAP-1445,Via Lorenzo Fazzini,,giallo,3,strada urbana senza ciclabile,no,2,si,0,A2,
SS-NAP-1446,Via Lorenzo Giusso,,giallo,3,strada urbana senza ciclabile,no,2,no,0,B2,
SS-NAP-1447,Via Lorenzo Giustiniani,,blu,2,zona pedonale / living street,no,1,no,0,B2,
SS-NAP-1448,Via Lorenzo Perosi,,giallo,3,strada urbana senza ciclabile,no,2,no,0,B1,
SS-NAP-1449,Via Louis Armstrong,,giallo,3,strada urbana senza ciclabile,no,2,si,0,B2,
SS-NAP-1450,Via Louis Bierot,,giallo,3,strada urbana senza ciclabile,no,2,no,0,B2,
SS-NAP-1451,Via Luca Giordano,,giallo,3,strada urbana senza ciclabile,no,2,no,0,A1,
SS-NAP-1452,Via Luca Pacioli,,rosso,4,strada secondaria trafficata,no,2,si,0,B2,
SS-NAP-1453,Via Luca Samuele Cagnazzi,,giallo,3,strada urbana senza ciclabile,no,2,no,0,B2,
SS-NAP-1454,Via Luca da Penne,,giallo,3,strada urbana senza ciclabile,no,2,si,0,A1,
SS-NAP-1455,Via Luciana Pacifici,,blu,2,zona pedonale / living street,no,1,no,0,A2,
SS-NAP-1456,Via Lucilio,,giallo,3,strada urbana senza ciclabile,no,2,si,0,A2,
SS-NAP-1457,Via Lucio Amelio,,rosso,4,strada principale trafficata (2 corsie),no,2,no,0,B2,
SS-NAP-1458,Via Lucio Silla,,giallo,3,strada urbana senza ciclabile,no,2,si,0,A1,
SS-NAP-1459,Via Lucrezia D'Alagno,,giallo,3,strada urbana senza ciclabile,no,2,si,0,A2,
SS-NAP-1460,Via Luculliana,,blu,2,zona pedonale / living street,no,1,no,0,A2,
SS-NAP-1461,Via Ludovico Antinori,,giallo,3,strada urbana senza ciclabile,no,2,no,0,B1,
SS-NAP-1462,Via Ludovico Ariosto,,giallo,3,strada urbana senza ciclabile,no,2,no,0,A1,
SS-NAP-1463,Via Ludovico Bianchini,,giallo,3,strada urbana senza ciclabile,no,2,si,0,A2,
SS-NAP-1464,Via Luigi Caldieri,,rosso,4,strada secondaria trafficata,no,2,si,0,A1,
SS-NAP-1465,Via Luigi Campagnone,,giallo,3,strada urbana senza ciclabile,no,2,no,0,B1,
SS-NAP-1466,Via Luigi Crisconio,,giallo,3,strada urbana senza ciclabile,no,2,si,0,B2,
SS-NAP-1467,Via Luigi Einaudi,,giallo,3,strada urbana senza ciclabile,no,2,no,0,A2,
SS-NAP-1468,Via Luigi Franciosa,,giallo,3,strada urbana senza ciclabile,no,2,no,0,B2,
SS-NAP-1469,Via Luigi Galvani,,giallo,3,strada urbana senza ciclabile,no,2,si,0,A2,
SS-NAP-1470,Via Luigi Incoronato,,giallo,3,strada urbana senza ciclabile,no,2,si,0,B1,
SS-NAP-1471,Via Luigi La Vista,,giallo,3,strada urbana senza ciclabile,no,2,si,0,B2,
SS-NAP-1472,Via Luigi Landolfi,,giallo,3,strada urbana senza ciclabile,no,2,si,0,B2,
SS-NAP-1473,Via Luigi Lanza,,giallo,3,strada urbana senza ciclabile,no,2,no,0,A2,
SS-NAP-1474,Via Luigi Martucci,,giallo,3,strada urbana senza ciclabile,no,2,no,0,A2,
SS-NAP-1475,Via Luigi Mercantini,,giallo,3,strada urbana senza ciclabile,no,2,si,0,A1,
SS-NAP-1476,Via Luigi Napolitano,,giallo,3,strada urbana senza ciclabile,no,2,no,0,B2,
SS-NAP-1477,Via Luigi Parascandalo,,giallo,3,strada urbana senza ciclabile,no,2,no,0,B2,
SS-NAP-1478,Via Luigi Pirandello,,giallo,3,strada urbana senza ciclabile,no,2,si,0,A1,
SS-NAP-1479,Via Luigi Piscettaro,,giallo,3,strada urbana senza ciclabile,no,2,no,0,A2,
SS-NAP-1480,Via Luigi Renato Sansone,,giallo,3,strada urbana senza ciclabile,no,2,no,0,B2,
SS-NAP-1481,Via Luigi Rizzo,,giallo,3,strada urbana senza ciclabile,no,2,no,0,A1,
SS-NAP-1482,Via Luigi Santamaria,,giallo,3,strada urbana senza ciclabile,no,2,no,0,B1,
SS-NAP-1483,Via Luigi Serio,,giallo,3,strada urbana senza ciclabile,no,2,no,0,A2,
SS-NAP-1484,Via Luigi Settembrini,,giallo,3,strada urbana senza ciclabile,no,2,si,0,B2,
SS-NAP-1485,Via Luigi Tammaro,,giallo,3,strada urbana senza ciclabile,no,2,no,0,A2,
SS-NAP-1486,Via Luigi Tansillo,,giallo,3,strada urbana senza ciclabile,no,2,si,0,A1,
SS-NAP-1487,Via Luigi Volpicella,,giallo,3,strada urbana senza ciclabile,no,2,no,0,A2,
SS-NAP-1488,Via Luigia Sanfelice,,giallo,3,strada urbana senza ciclabile,no,2,no,0,A1,
SS-NAP-1489,Via Lydia Cottone,,giallo,3,strada urbana senza ciclabile,no,2,no,0,B1,
SS-NAP-1490,Via Macedonia,,giallo,3,strada urbana senza ciclabile,no,2,no,0,B2,
SS-NAP-1491,Via Macedonio Melloni,,giallo,3,strada urbana senza ciclabile,no,2,si,0,B2,
SS-NAP-1492,Via Macello,,rosso,4,strada principale trafficata,no,2,si,0,B2,
SS-NAP-1493,Via Madame Butterfly,,giallo,3,strada urbana senza ciclabile,no,2,no,0,A1,
SS-NAP-1494,Via Maddaloni,,blu,2,zona pedonale / living street,no,1,no,0,A2,
SS-NAP-1495,Via Madonna delle Grazie,,giallo,3,strada urbana senza ciclabile,no,2,si,0,B1,
SS-NAP-1496,Via Maestri del Lavoro,,giallo,3,strada urbana senza ciclabile,no,2,no,0,B2,
SS-NAP-1497,Via Maestro Colantonio,,giallo,3,strada urbana senza ciclabile,no,2,si,0,A1,
SS-NAP-1498,Via Maio di Porto,,giallo,3,strada urbana senza ciclabile,no,2,si,0,A2,
SS-NAP-1499,Via Maiori,,giallo,3,strada urbana senza ciclabile,no,2,no,0,A2,
SS-NAP-1500,Via Manlio Rossi Doria,,giallo,3,strada urbana senza ciclabile,no,2,no,0,B2,
SS-NAP-1501,Via Marano Pianura,,giallo,3,strada urbana senza ciclabile,no,2,no,0,B1,
SS-NAP-1502,Via Marc'Antonio,,giallo,3,strada urbana senza ciclabile,no,2,si,0,A1,
SS-NAP-1503,Via Marcello Candia,,giallo,3,strada urbana senza ciclabile,no,2,si,0,A1,
SS-NAP-1504,Via Marcello Casale De Bustis,,giallo,3,strada urbana senza ciclabile,no,2,no,0,A1,
SS-NAP-1505,Via Marcello Fossataro,,giallo,3,strada urbana senza ciclabile,no,2,si,0,A2,
SS-NAP-1506,Via Marche,,giallo,3,strada urbana senza ciclabile,no,2,no,0,B2,
SS-NAP-1507,Via Marchese Campodisola,,giallo,3,strada urbana senza ciclabile,no,2,si,0,A2,
SS-NAP-1508,Via Marchese Giuseppe Palmieri,,giallo,3,strada urbana senza ciclabile,no,2,si,0,B2,
SS-NAP-1509,Via Marco Aurelio,,giallo,3,strada urbana senza ciclabile,no,2,no,0,A1,
SS-NAP-1510,Via Marco Aurelio Severino,,giallo,3,strada urbana senza ciclabile,no,2,si,0,B2,
SS-NAP-1511,Via Marco Di Lorenzo,,giallo,3,strada urbana senza ciclabile,no,2,no,0,A2,
SS-NAP-1512,Via Marco Pacuvio,,giallo,3,strada urbana senza ciclabile,no,2,no,0,A1,
SS-NAP-1513,Via Marco Polo,,giallo,3,strada urbana senza ciclabile,no,2,no,0,A1,
SS-NAP-1514,Via Marco Rocco di Torrepadula,,rosso,4,strada secondaria trafficata,no,2,no,0,B1,
SS-NAP-1515,Via Marechiaro,,giallo,3,strada urbana senza ciclabile,no,2,no,0,A1,
SS-NAP-1516,Via Maria Callas,,giallo,3,strada urbana senza ciclabile,no,2,no,0,B2,
SS-NAP-1517,Via Maria Longo,,giallo,3,strada urbana senza ciclabile,no,2,si,0,B2,
SS-NAP-1518,Via Maria Malibran,,giallo,3,strada urbana senza ciclabile,no,2,si,0,B2,
SS-NAP-1519,Via Maria Palliggiano,,giallo,3,strada urbana senza ciclabile,no,2,no,0,A2,
SS-NAP-1520,Via Marianella,,giallo,3,strada urbana senza ciclabile,no,2,si,0,B1,
SS-NAP-1521,Via Mariano Semmola,,rosso,4,strada secondaria trafficata,no,2,si,0,B1,
SS-NAP-1522,Via Mariano d'Amelio,,giallo,3,strada urbana senza ciclabile (1 corsie),no,1,si,0,A1,
SS-NAP-1523,Via Mariano d'Ayala,,giallo,3,strada urbana senza ciclabile,no,2,si,0,A1,
SS-NAP-1524,Via Marigliano,,giallo,3,strada urbana senza ciclabile,no,2,no,0,B2,
SS-NAP-1525,Via Marilyn Monroe,,giallo,3,strada urbana senza ciclabile,no,2,no,0,A2,
SS-NAP-1526,Via Marina dei Gigli,,rosso,4,strada secondaria trafficata,no,2,no,0,A2,
SS-NAP-1527,Via Marino Freccia,,giallo,3,strada urbana senza ciclabile,no,2,si,0,B2,
SS-NAP-1528,Via Marino Turchi,,giallo,3,strada urbana senza ciclabile,no,2,si,0,A2,
SS-NAP-1529,Via Marino di Caramanico,,rosso,4,strada secondaria trafficata,no,2,no,0,B2,
SS-NAP-1530,Via Marino e Cotronei,,rosso,4,strada secondaria trafficata,no,2,si,0,B1,
SS-NAP-1531,Via Mario Fiore,,giallo,3,strada urbana senza ciclabile (2 corsie),no,2,no,0,A1,
SS-NAP-1532,Via Mario Gigante,,giallo,3,strada urbana senza ciclabile,no,2,no,0,A1,
SS-NAP-1533,Via Mario Morgantini,,giallo,3,strada urbana senza ciclabile,no,2,si,0,A2,
SS-NAP-1534,Via Mario Pagano,,giallo,3,strada urbana senza ciclabile,no,2,si,0,B2,
SS-NAP-1535,Via Mario Palermo,,giallo,3,strada urbana senza ciclabile,no,2,si,0,B2,
SS-NAP-1536,Via Mario Pilati,,giallo,3,strada urbana senza ciclabile,no,2,no,0,B2,
SS-NAP-1537,Via Mario Pomilio,,giallo,3,strada urbana senza ciclabile,no,2,no,0,A2,
SS-NAP-1538,Via Mario Pomilio 9,,giallo,3,strada urbana senza ciclabile,no,2,no,0,A2,
SS-NAP-1539,Via Mario Ruta,,giallo,3,strada urbana senza ciclabile,no,2,si,0,A1,
SS-NAP-1540,Via Mario de Ciccio,,giallo,3,strada urbana senza ciclabile,no,2,no,0,A1,
SS-NAP-1541,Via Marramarra,,blu,2,zona pedonale / living street,no,1,no,0,A2,
SS-NAP-1542,Via Marsala,,giallo,3,strada urbana senza ciclabile,no,2,no,0,B2,
SS-NAP-1543,Via Martin Luter King,,giallo,3,strada urbana senza ciclabile,no,2,no,0,B2,
SS-NAP-1544,Via Martiri d'Otranto,,giallo,3,strada urbana senza ciclabile,no,2,si,0,B2,
SS-NAP-1545,Via Martiri del Cilento,,giallo,3,strada urbana senza ciclabile,no,2,no,0,A2,
SS-NAP-1546,Via Martiri della Libertà,,giallo,3,strada urbana senza ciclabile,no,2,no,0,B2,
SS-NAP-1547,Via Martiri di Nassirya,,giallo,3,strada urbana senza ciclabile,no,2,no,0,A1,
SS-NAP-1548,Via Masoni,,blu,2,accesso limitato (ZTL),no,1,no,0,B2,
SS-NAP-1549,Via Masseria Molisso,,giallo,3,strada urbana senza ciclabile,no,2,si,0,B2,
SS-NAP-1550,Via Masseria Sanità e Pace,,giallo,3,strada urbana senza ciclabile,no,2,si,0,B2,
SS-NAP-1551,Via Masseria del Monaco,,giallo,3,strada urbana senza ciclabile,no,2,no,0,B2,
SS-NAP-1552,Via Massimo Stanzione,,giallo,3,strada urbana senza ciclabile,no,2,si,0,A1,
SS-NAP-1553,Via Mastellone,,giallo,3,strada urbana senza ciclabile,no,2,si,0,A2,
SS-NAP-1554,Via Materdei,,giallo,3,strada urbana senza ciclabile,no,2,si,0,B2,
SS-NAP-1555,Via Matteo Andrea Acquaviva,,giallo,3,strada urbana senza ciclabile,no,2,no,0,B2,
SS-NAP-1556,Via Matteo Renato Imbriani,,rosso,4,strada secondaria trafficata,no,2,si,0,B1,
SS-NAP-1557,Via Matteo Ripa,,giallo,3,strada urbana senza ciclabile,no,2,no,0,B2,
SS-NAP-1558,Via Matteo Schilizzi,,giallo,3,strada urbana senza ciclabile,no,2,si,0,A2,
SS-NAP-1559,Via Mattia Preti,,giallo,3,strada urbana senza ciclabile,no,2,si,0,A1,
SS-NAP-1560,Via Maurizio Capuano,,giallo,3,strada urbana senza ciclabile (1 corsie),no,1,si,0,A2,
SS-NAP-1561,Via Maurizio De Vito Piscicelli,,rosso,4,strada secondaria trafficata,no,2,si,0,A1,
SS-NAP-1562,Via Medina,,rosso,4,strada secondaria trafficata (1 corsie),no,1,si,0,A2,
SS-NAP-1563,Via Menenio Agrippa,,giallo,3,strada urbana senza ciclabile,no,2,no,0,A1,
SS-NAP-1564,Via Mergellina,,giallo,3,strada urbana senza ciclabile,no,2,si,0,A1,
SS-NAP-1565,Via Mezzocannone,,giallo,3,strada urbana senza ciclabile,no,2,no,0,A2,
SS-NAP-1566,Via Mianella,,giallo,3,strada urbana senza ciclabile,no,2,si,0,B2,
SS-NAP-1567,Via Miano,,rosso,4,strada principale trafficata,no,2,no,0,B2,
SS-NAP-1568,Via Miano a Piscinola,,giallo,3,strada urbana senza ciclabile,no,2,si,0,B1,
SS-NAP-1569,Via Micco Spadaro,,blu,2,zona pedonale / living street,no,1,no,0,A2,
SS-NAP-1570,Via Michelangelo Ciccone,,giallo,3,strada urbana senza ciclabile,no,2,no,0,A2,
SS-NAP-1571,Via Michelangelo Naccherino,,giallo,3,strada urbana senza ciclabile,no,2,no,0,A1,
SS-NAP-1572,Via Michelangelo Schipa,,giallo,3,strada urbana senza ciclabile,no,2,no,0,A1,
SS-NAP-1573,Via Michelangelo da Caravaggio,,rosso,4,strada secondaria trafficata,no,2,si,0,A1,
SS-NAP-1574,Via Michele Cammarano,,giallo,3,strada urbana senza ciclabile,no,2,no,0,A1,
SS-NAP-1575,Via Michele Galdieri,,giallo,3,strada urbana senza ciclabile,no,2,si,0,B1,
SS-NAP-1576,Via Michele Guadagno,,giallo,3,strada urbana senza ciclabile,no,2,si,0,B2,
SS-NAP-1577,Via Michele Kerbaker,,giallo,3,strada urbana senza ciclabile,no,2,si,0,A1,
SS-NAP-1578,Via Michele Morelli,,giallo,3,strada urbana senza ciclabile,no,2,si,0,B2,
SS-NAP-1579,Via Michele Parise,,rosso,4,strada principale trafficata,no,2,si,0,B2,
SS-NAP-1580,Via Michele Pietravalle,,giallo,3,strada urbana senza ciclabile,no,2,no,0,B1,
SS-NAP-1581,Via Michele Pironti,,giallo,3,strada urbana senza ciclabile,no,2,si,0,A2,
SS-NAP-1582,Via Michele Pizzuti,,giallo,3,strada urbana senza ciclabile,no,2,no,0,B1,
SS-NAP-1583,Via Michele Sciuti,,giallo,3,strada urbana senza ciclabile,no,2,si,0,A2,
SS-NAP-1584,Via Michele Tenore,,giallo,3,strada urbana senza ciclabile,no,2,no,0,B2,
SS-NAP-1585,Via Michele Zannotti,,giallo,3,strada urbana senza ciclabile,no,2,si,0,A2,
SS-NAP-1586,Via Miguel Cervantes de Savedra,,blu,2,zona pedonale / living street,no,1,no,0,A2,
SS-NAP-1587,Via Milano,,giallo,3,strada urbana senza ciclabile,no,2,no,0,B2,
SS-NAP-1588,Via Minucio Felice,,giallo,3,strada urbana senza ciclabile,no,2,no,0,A1,
SS-NAP-1589,Via Miracoli,,giallo,3,strada urbana senza ciclabile,no,2,si,0,B2,
SS-NAP-1590,Via Miracolo a Milano,,giallo,3,strada urbana senza ciclabile,no,2,no,0,B2,
SS-NAP-1591,Via Miroballo al Pendino,,giallo,3,strada urbana senza ciclabile (1 corsie),no,1,si,0,A2,
SS-NAP-1592,Via Miseno,,giallo,3,strada urbana senza ciclabile,no,2,si,0,A1,
SS-NAP-1593,Via Misericordiella,,blu,2,zona pedonale / living street,no,1,no,0,B2,
SS-NAP-1594,Via Molino Fellapane,,giallo,3,strada urbana senza ciclabile,no,2,no,0,B2,
SS-NAP-1595,Via Molino Piscopio,,giallo,3,strada urbana senza ciclabile,no,2,no,0,B2,
SS-NAP-1596,Via Molino Salluzzo,,giallo,3,strada urbana senza ciclabile,no,2,no,0,B2,
SS-NAP-1597,Via Molino Vetere,,giallo,3,strada urbana senza ciclabile,no,2,no,0,B2,
SS-NAP-1598,Via Molino dei Cordari,,giallo,3,strada urbana senza ciclabile,no,2,no,0,B2,
SS-NAP-1599,Via Molino del Salice,,giallo,3,strada urbana senza ciclabile,no,2,no,0,B2,
SS-NAP-1600,Via Molise,,giallo,3,strada urbana senza ciclabile,no,2,si,0,A2,
SS-NAP-1601,Via Monfalcone,,giallo,3,strada urbana senza ciclabile,no,2,si,0,B2,
SS-NAP-1602,Via Monserrato,,giallo,3,strada urbana senza ciclabile,no,2,si,0,A2,
SS-NAP-1603,Via Montagna Spaccata,,rosso,4,strada secondaria trafficata,no,2,no,0,B1,
SS-NAP-1604,Via Monte Bianco,,giallo,3,strada urbana senza ciclabile,no,2,si,0,B2,
SS-NAP-1605,Via Monte Faito,,giallo,3,strada urbana senza ciclabile,no,2,no,0,B2,
SS-NAP-1606,Via Monte Grappa,,giallo,3,strada urbana senza ciclabile,no,2,no,0,B2,
SS-NAP-1607,Via Monte Nero,,giallo,3,strada urbana senza ciclabile,no,2,no,0,B2,
SS-NAP-1608,Via Monte Nevoso,,giallo,3,strada urbana senza ciclabile,no,2,no,0,B2,
SS-NAP-1609,Via Monte Poveri Vergognosi,,giallo,3,strada urbana senza ciclabile,no,2,si,0,A2,
SS-NAP-1610,Via Monte Rosa,,giallo,3,strada urbana senza ciclabile,no,2,no,0,B2,
SS-NAP-1611,Via Monte San Gabriele,,giallo,3,strada urbana senza ciclabile,no,2,si,0,B2,
SS-NAP-1612,Via Monte San Michele,,giallo,3,strada urbana senza ciclabile,no,2,no,0,B2,
SS-NAP-1613,Via Monte Somma,,giallo,3,strada urbana senza ciclabile,no,2,no,0,B2,
SS-NAP-1614,Via Monte Taburno,,giallo,3,strada urbana senza ciclabile,no,2,no,0,B2,
SS-NAP-1615,Via Monte Tifata,,giallo,3,strada urbana senza ciclabile,no,2,no,0,B2,
SS-NAP-1616,Via Monte di Dio,,giallo,3,strada urbana senza ciclabile,no,2,no,0,A2,
SS-NAP-1617,Via Montecalvario,,blu,2,zona pedonale / living street,no,1,no,0,A2,
SS-NAP-1618,Via Montedonzelli,,giallo,3,strada urbana senza ciclabile,no,2,si,0,B1,
SS-NAP-1619,Via Montello,,giallo,3,strada urbana senza ciclabile,no,2,no,0,B2,
SS-NAP-1620,Via Monteoliveto,,rosso,4,strada secondaria trafficata,no,2,no,0,A2,
SS-NAP-1621,Via Montesanto,,giallo,3,strada urbana senza ciclabile,no,2,si,0,A2,
SS-NAP-1622,Via Montesilvano,,giallo,3,strada urbana senza ciclabile,no,2,no,0,B2,
SS-NAP-1623,Via Montevergine,,giallo,3,strada urbana senza ciclabile,no,2,si,0,A1,
SS-NAP-1624,Via Monviso,,giallo,3,strada urbana senza ciclabile,no,2,si,0,B2,
SS-NAP-1625,Via Mugnano a Marianella,,giallo,3,strada urbana senza ciclabile,no,2,no,0,B1,
SS-NAP-1626,Via Muzio Scevola,,giallo,3,strada urbana senza ciclabile,no,2,si,0,A1,
SS-NAP-1627,Via Nabucco,,giallo,3,strada urbana senza ciclabile,no,2,si,0,B1,
SS-NAP-1628,Via Napoli,,giallo,3,strada urbana senza ciclabile,no,2,si,0,B2,
SS-NAP-1629,Via Napoli a Piscinola,,giallo,3,strada urbana senza ciclabile,no,2,si,0,B1,
SS-NAP-1630,Via Nardone,,giallo,3,strada urbana senza ciclabile,no,2,si,0,A2,
SS-NAP-1631,Via Nazario Sauro,,giallo,3,strada urbana senza ciclabile,no,2,si,0,A2,
SS-NAP-1632,Via Nazionale,,giallo,3,strada urbana senza ciclabile,no,2,no,0,B2,
SS-NAP-1633,Via Nazionale delle Puglie,,rosso,4,strada principale trafficata (1 corsie),no,1,si,0,B2,
SS-NAP-1634,Via Nelson Mandela,,giallo,3,strada urbana senza ciclabile,no,2,si,0,B1,
SS-NAP-1635,Via Nervesa della Battaglia,,giallo,3,strada urbana senza ciclabile,no,2,no,0,A1,
SS-NAP-1636,Via Nevio,,giallo,3,strada urbana senza ciclabile,no,2,si,0,A1,
SS-NAP-1637,Via Niccolò Copernico,,giallo,3,strada urbana senza ciclabile,no,2,no,0,B1,
SS-NAP-1638,Via Niccolò Garzilli,,giallo,3,strada urbana senza ciclabile,no,2,si,0,A1,
SS-NAP-1639,Via Niccolò Iommelli,,giallo,3,strada urbana senza ciclabile,no,2,no,0,A1,
SS-NAP-1640,Via Niccolò Paganini,,giallo,3,strada urbana senza ciclabile,no,2,no,0,B2,
SS-NAP-1641,Via Niccolò Piccinni,,blu,2,zona pedonale / living street,no,1,no,0,A1,
SS-NAP-1642,Via Niccolò Tartaglia,,giallo,3,strada urbana senza ciclabile,no,2,no,0,A1,
SS-NAP-1643,Via Niccolò Tommaseo,,giallo,3,strada urbana senza ciclabile,no,2,no,0,A1,
SS-NAP-1644,Via Nicola Amenta,,giallo,3,strada urbana senza ciclabile,no,2,no,0,B2,
SS-NAP-1645,Via Nicola Antonio Porpora,,giallo,3,strada urbana senza ciclabile,no,2,si,0,A1,
SS-NAP-1646,Via Nicola Antonio Zingarelli,,giallo,3,strada urbana senza ciclabile,no,2,no,0,A1,
SS-NAP-1647,Via Nicola Barone,,giallo,3,strada urbana senza ciclabile,no,2,si,0,A1,
SS-NAP-1648,Via Nicola Capasso,,giallo,3,strada urbana senza ciclabile,no,2,no,0,A2,
SS-NAP-1649,Via Nicola Del Pezzo,,giallo,3,strada urbana senza ciclabile,no,2,no,0,B2,
SS-NAP-1650,Via Nicola Fragianni,,giallo,3,strada urbana senza ciclabile,no,2,si,0,B2,
SS-NAP-1651,Via Nicola Migogna,,giallo,3,strada urbana senza ciclabile,no,2,si,0,A2,
SS-NAP-1652,Via Nicola Miraglia,,rosso,4,strada principale trafficata,no,2,si,0,B2,
SS-NAP-1653,Via Nicola Nicolini,,giallo,3,strada urbana senza ciclabile,no,2,si,0,B2,
SS-NAP-1654,Via Nicola Nisco,,giallo,3,strada urbana senza ciclabile,no,2,si,0,A1,
SS-NAP-1655,Via Nicola Ricciardi,,giallo,3,strada urbana senza ciclabile,no,2,no,0,A1,
SS-NAP-1656,Via Nicola Rocco,,giallo,3,strada urbana senza ciclabile,no,2,no,0,B2,
SS-NAP-1657,Via Nicola Romeo,,giallo,3,strada urbana senza ciclabile,no,2,no,0,A1,
SS-NAP-1658,Via Nicola Valletta,,giallo,3,strada urbana senza ciclabile,no,2,si,0,B2,
SS-NAP-1659,Via Nicola e Tullio Porcelli,,giallo,3,strada urbana senza ciclabile,no,2,si,0,A1,
SS-NAP-1660,Via Nicolardi,,giallo,3,strada urbana senza ciclabile,no,2,no,0,B1,
SS-NAP-1661,Via Nino Bixio,,giallo,3,strada urbana senza ciclabile,no,2,no,0,A1,
SS-NAP-1662,Via Nino Cortese,,giallo,3,strada urbana senza ciclabile,no,2,si,0,A2,
SS-NAP-1663,Via Nino Rota,,giallo,3,strada urbana senza ciclabile,no,2,no,0,B1,
SS-NAP-1664,Via Nolana,,blu,2,zona pedonale / living street,no,1,no,0,A2,
SS-NAP-1665,Via Nunziatella,,giallo,3,strada urbana senza ciclabile,no,2,si,0,A2,
SS-NAP-1666,Via Nunzio Federico Faraglia,,giallo,3,strada urbana senza ciclabile (1 corsie),no,1,no,0,A1,
SS-NAP-1667,Via Nuova Agnano,,giallo,3,strada urbana senza ciclabile,no,2,no,0,A1,
SS-NAP-1668,Via Nuova Galeoncello,,giallo,3,strada urbana senza ciclabile,no,2,no,0,B2,
SS-NAP-1669,Via Nuova Marina,,rosso,4,strada principale trafficata (2 corsie),no,2,si,0,A2,
SS-NAP-1670,Via Nuova Pazzigno,,giallo,3,strada urbana senza ciclabile,no,2,no,0,A2,
SS-NAP-1671,Via Nuova Pizzofalcone,,giallo,3,strada urbana senza ciclabile,no,2,si,0,A2,
SS-NAP-1672,Via Nuova Poggioreale,,rosso,4,strada secondaria trafficata (2 corsie),no,2,si,0,B2,
SS-NAP-1673,Via Nuova San Rocco,,rosso,4,strada secondaria trafficata,no,2,no,0,B2,
SS-NAP-1674,Via Nuova Santa Maria Ognibene,,giallo,3,strada urbana senza ciclabile,no,2,no,0,A2,
SS-NAP-1675,Via Nuova Toscanella,,rosso,4,strada secondaria trafficata,no,2,si,0,B1,
SS-NAP-1676,Via Nuova Verdolino,,giallo,3,strada urbana senza ciclabile,no,2,si,0,A1,
SS-NAP-1677,Via Nuova Villa,,giallo,3,strada urbana senza ciclabile,no,2,no,0,A2,
SS-NAP-1678,Via Nuova degli Armieri,,giallo,3,strada urbana senza ciclabile,no,2,si,0,A2,
SS-NAP-1679,Via Nuova del Campo,,rosso,4,strada principale trafficata (2 corsie),no,2,si,0,B2,
SS-NAP-1680,Via Nuova delle Brecce,,giallo,3,strada urbana senza ciclabile,no,2,no,0,A2,
SS-NAP-1681,Via Nuova detta Casoria,,giallo,3,strada urbana senza ciclabile,no,2,si,0,B2,
SS-NAP-1682,Via Nuova detta Palmentiello,,giallo,3,strada urbana senza ciclabile,no,2,no,0,B1,
SS-NAP-1683,Via Nuove Brecce,,giallo,3,strada urbana senza ciclabile,no,2,si,0,B2,
SS-NAP-1684,Via Nuovo Tempio,,giallo,3,strada urbana senza ciclabile,no,2,no,0,B2,
SS-NAP-1685,Via Odissea,,giallo,3,strada urbana senza ciclabile,no,2,si,0,A2,
SS-NAP-1686,Via Odoardo Carrelli,,blu,2,zona pedonale / living street,no,1,no,0,A2,
SS-NAP-1687,Via Odorico da Pordenone,,blu,2,zona pedonale / living street,no,1,no,0,A1,
SS-NAP-1688,Via Ofanto,,giallo,3,strada urbana senza ciclabile,no,2,no,0,A1,
SS-NAP-1689,Via Olivella,,giallo,3,strada urbana senza ciclabile,no,2,si,0,A2,
SS-NAP-1690,Via Oliviero Zuccarini,,rosso,4,strada secondaria trafficata,no,2,no,0,B1,
SS-NAP-1691,Via Onofrio Fragnito,,giallo,3,strada urbana senza ciclabile (2 corsie),no,2,no,0,B1,
SS-NAP-1692,Via Onorato Fava,,giallo,3,strada urbana senza ciclabile,no,2,no,0,B2,
SS-NAP-1693,Via Oplonti,,giallo,3,strada urbana senza ciclabile,no,2,si,0,A2,
SS-NAP-1694,Via Orazio,,giallo,3,strada urbana senza ciclabile,no,2,no,0,A1,
SS-NAP-1695,Via Orazio Coclite,,giallo,3,strada urbana senza ciclabile,no,2,no,0,A1,
SS-NAP-1696,Via Orazio Petruccelli,,giallo,3,strada urbana senza ciclabile,no,2,si,0,A1,
SS-NAP-1697,Via Oreste Salomone,,rosso,4,strada principale trafficata,no,2,si,0,B2,
SS-NAP-1698,Via Oronzio Massa,,giallo,3,strada urbana senza ciclabile,no,2,si,0,A2,
SS-NAP-1699,Via Oronzo Costa,,giallo,3,strada urbana senza ciclabile,no,2,si,0,B2,
SS-NAP-1700,Via Ortensio,,giallo,3,strada urbana senza ciclabile,no,2,si,0,A1,
SS-NAP-1701,Via Oscar Cinquegrani,,giallo,3,strada urbana senza ciclabile,no,2,no,0,B2,
SS-NAP-1702,Via Osci,,giallo,3,strada urbana senza ciclabile,no,2,no,0,B1,
SS-NAP-1703,Via Ospizio Pasqualino Cafaro,,giallo,3,strada urbana senza ciclabile,no,2,si,0,A1,
SS-NAP-1704,Via Otranto,,giallo,3,strada urbana senza ciclabile,no,2,si,0,B2,
SS-NAP-1705,Via Ottavio Caiazzo,,giallo,3,strada urbana senza ciclabile,no,2,si,0,A1,
SS-NAP-1706,Via Ottavio Morisani,,giallo,3,strada urbana senza ciclabile,no,2,no,0,B2,
SS-NAP-1707,Via Ottavio Tupputi,,giallo,3,strada urbana senza ciclabile,no,2,no,0,A2,
SS-NAP-1708,Via Ovidio,,giallo,3,strada urbana senza ciclabile,no,2,si,0,A1,
SS-NAP-1709,Via Pablo Picasso,,giallo,3,strada urbana senza ciclabile (2 corsie),no,2,si,0,B1,
SS-NAP-1710,Via Pacio Bertini,,blu,2,zona pedonale / living street,no,1,no,0,A1,
SS-NAP-1711,Via Padova,,giallo,3,strada urbana senza ciclabile,no,2,si,0,B2,
SS-NAP-1712,Via Padre Cosimo Maria Luciano,,giallo,3,strada urbana senza ciclabile,no,2,no,0,B2,
SS-NAP-1713,Via Padre Francesco Denza,,giallo,3,strada urbana senza ciclabile,no,2,si,0,A2,
SS-NAP-1714,Via Padre Gaetano Errico,,giallo,3,strada urbana senza ciclabile,no,2,si,0,B2,
SS-NAP-1715,Via Padre Ludovico da Casoria,,giallo,3,strada urbana senza ciclabile,no,2,no,0,A2,
SS-NAP-1716,Via Padre Luigi Tosti,,giallo,3,strada urbana senza ciclabile (1 corsie),no,1,si,0,A2,
SS-NAP-1717,Via Padre Rocco,,giallo,3,strada urbana senza ciclabile,no,2,no,0,A2,
SS-NAP-1718,Via Palazziello,,giallo,3,strada urbana senza ciclabile,no,2,no,0,B2,
SS-NAP-1719,Via Palepoli,,giallo,3,strada urbana senza ciclabile,no,2,si,0,A2,
SS-NAP-1720,Via Palepoli a Fuorigrotta,,blu,2,zona pedonale / living street,no,1,no,0,A1,
SS-NAP-1721,Via Palermo,,giallo,3,strada urbana senza ciclabile,no,2,si,0,B2,
SS-NAP-1722,Via Pallonetto a Santa Lucia,,blu,2,zona pedonale / living street,no,1,no,0,A2,
SS-NAP-1723,Via Pallucci,,giallo,3,strada urbana senza ciclabile (2 corsie),no,2,no,0,B1,
SS-NAP-1724,Via Paolo Castaldi e Luigi Sequino,,giallo,3,strada urbana senza ciclabile,no,2,si,0,B1,
SS-NAP-1725,Via Paolo De Matteis,,giallo,3,strada urbana senza ciclabile,no,2,si,0,B2,
SS-NAP-1726,Via Paolo Emilio Imbriani,,giallo,3,strada urbana senza ciclabile (1 corsie),no,1,si,0,A2,
SS-NAP-1727,Via Paolo Giovio,,giallo,3,strada urbana senza ciclabile,no,2,no,0,B2,
SS-NAP-1728,Via Paolo Grimaldi,,giallo,3,strada urbana senza ciclabile,no,2,si,0,A1,
SS-NAP-1729,Via Paolo Ricci,,giallo,3,strada urbana senza ciclabile,no,2,no,0,B2,
SS-NAP-1730,Via Paolo Uccello,,giallo,3,strada urbana senza ciclabile,no,2,si,0,B1,
SS-NAP-1731,Via Paolo della Valle,,giallo,3,strada urbana senza ciclabile,no,2,si,0,A1,
SS-NAP-1732,Via Papa,,giallo,3,strada urbana senza ciclabile,no,2,no,0,B1,
SS-NAP-1733,Via Papa Pio XII,,giallo,3,strada urbana senza ciclabile,no,2,si,0,B2,
SS-NAP-1734,Via Parco Carelli,,giallo,3,strada urbana senza ciclabile,no,2,si,0,A1,
SS-NAP-1735,Via Parise,,giallo,3,strada urbana senza ciclabile,no,2,si,0,B2,
SS-NAP-1736,Via Parma,,giallo,3,strada urbana senza ciclabile,no,2,si,0,B2,
SS-NAP-1737,Via Parmenide,,giallo,3,strada urbana senza ciclabile,no,2,no,0,B1,
SS-NAP-1738,Via Parrocchia,,giallo,3,strada urbana senza ciclabile,no,2,no,0,A2,
SS-NAP-1739,Via Partenope,,blu,2,zona pedonale / living street,no,1,no,0,A2,
SS-NAP-1740,Via Pasquale Baffi,,giallo,3,strada urbana senza ciclabile,no,2,si,0,B2,
SS-NAP-1741,Via Pasquale Borrelli,,giallo,3,strada urbana senza ciclabile,no,2,no,0,B2,
SS-NAP-1742,Via Pasquale Ciccarelli,,giallo,3,strada urbana senza ciclabile,no,2,si,0,A2,
SS-NAP-1743,Via Pasquale Del Pezzo,,giallo,3,strada urbana senza ciclabile,no,2,no,0,B2,
SS-NAP-1744,Via Pasquale Formisano,,giallo,3,strada urbana senza ciclabile,no,2,no,0,A1,
SS-NAP-1745,Via Pasquale Frustaci,,giallo,3,strada urbana senza ciclabile,no,2,si,0,A2,
SS-NAP-1746,Via Pasquale Galluppi,,giallo,3,strada urbana senza ciclabile,no,2,si,0,A2,
SS-NAP-1747,Via Pasquale Leonardi Cattolica,,giallo,3,strada urbana senza ciclabile,no,2,no,0,A1,
SS-NAP-1748,Via Pasquale Placido,,blu,2,zona pedonale / living street,no,1,no,0,A2,
SS-NAP-1749,Via Pasquale Scura,,giallo,3,strada urbana senza ciclabile,no,2,si,0,A2,
SS-NAP-1750,Via Pasquale Stanislao Mancini,,giallo,3,strada urbana senza ciclabile,no,2,si,0,A2,
SS-NAP-1751,Via Pasquale Turiello,,giallo,3,strada urbana senza ciclabile,no,2,no,0,B2,
SS-NAP-1752,Via Pasquale del Torto,,giallo,3,strada urbana senza ciclabile (1 corsie),no,1,si,0,B1,
SS-NAP-1753,Via Passibole,,giallo,3,strada urbana senza ciclabile,no,2,no,0,B2,
SS-NAP-1754,Via Paternum,,giallo,3,strada urbana senza ciclabile,no,2,no,0,B2,
SS-NAP-1755,Via Pavia,,giallo,3,strada urbana senza ciclabile,no,2,si,0,B2,
SS-NAP-1756,Via Pazzigno,,giallo,3,strada urbana senza ciclabile,no,2,no,0,A2,
SS-NAP-1757,Via Pendino,,giallo,3,strada urbana senza ciclabile,no,2,si,0,B1,
SS-NAP-1758,Via Peppino Impastato,,giallo,3,strada urbana senza ciclabile,no,2,no,0,B2,
SS-NAP-1759,Via Petronio,,giallo,3,strada urbana senza ciclabile,no,2,si,0,A2,
SS-NAP-1760,Via Pia,,giallo,3,strada urbana senza ciclabile,no,2,si,0,A1,
SS-NAP-1761,Via Piave,,giallo,3,strada urbana senza ciclabile (2 corsie),no,2,no,0,A1,
SS-NAP-1762,Via Piazza Larga al Mercato,,giallo,3,strada urbana senza ciclabile,no,2,no,0,A2,
SS-NAP-1763,Via Piazzolla,,giallo,3,strada urbana senza ciclabile,no,2,si,0,B2,
SS-NAP-1764,Via Piedigrotta,,rosso,4,strada principale trafficata,no,2,si,0,A1,
SS-NAP-1765,Via Piemonte,,giallo,3,strada urbana senza ciclabile,no,2,no,0,B2,
SS-NAP-1766,Via Pier delle Vigne,,giallo,3,strada urbana senza ciclabile,no,2,no,0,B2,
SS-NAP-1767,Via Pierpaolo Pasolini,,giallo,3,strada urbana senza ciclabile,no,2,no,0,B1,
SS-NAP-1768,Via Pietro Amendola,,giallo,3,strada urbana senza ciclabile,no,2,no,0,B2,
SS-NAP-1769,Via Pietro Antonio Lettieri,,giallo,3,strada urbana senza ciclabile,no,2,no,0,B2,
SS-NAP-1770,Via Pietro Castellino,,giallo,3,strada urbana senza ciclabile (1 corsie),no,1,si,0,B1,
SS-NAP-1771,"Via Pietro Castellino, 141",,giallo,3,strada urbana senza ciclabile,no,2,no,0,B1,
SS-NAP-1772,Via Pietro Colletta,,giallo,3,strada urbana senza ciclabile,no,2,no,0,A2,
SS-NAP-1773,Via Pietro Germi,,giallo,3,strada urbana senza ciclabile,no,2,no,0,B1,
SS-NAP-1774,Via Pietro Giannone,,giallo,3,strada urbana senza ciclabile,no,2,si,0,B2,
SS-NAP-1775,Via Pietro Gobetti,,giallo,3,strada urbana senza ciclabile,no,2,si,0,B1,
SS-NAP-1776,Via Pietro Jacopo De Gennaro,,rosso,4,strada secondaria trafficata,no,2,no,0,A1,
SS-NAP-1777,Via Pietro Mascagni,,giallo,3,strada urbana senza ciclabile,no,2,si,0,A1,
SS-NAP-1778,Via Pietro Metastasio,,giallo,3,strada urbana senza ciclabile,no,2,si,0,A1,
SS-NAP-1779,Via Pietro Napoli Signorelli,,giallo,3,strada urbana senza ciclabile,no,2,si,0,A1,
SS-NAP-1780,Via Pietro Piovani,,giallo,3,strada urbana senza ciclabile,no,2,no,0,B1,
SS-NAP-1781,Via Pietro Platania,,giallo,3,strada urbana senza ciclabile,no,2,si,0,B1,
SS-NAP-1782,Via Pietro Raimondi,,giallo,3,strada urbana senza ciclabile,no,2,no,0,B2,
SS-NAP-1783,Via Pietro Signorini,,giallo,3,strada urbana senza ciclabile,no,2,si,0,A2,
SS-NAP-1784,Via Pietro Testi,,giallo,3,strada urbana senza ciclabile,no,2,si,0,A1,
SS-NAP-1785,Via Pietro Trinchera,,giallo,3,strada urbana senza ciclabile,no,2,si,0,B2,
SS-NAP-1786,Via Pigna,,rosso,4,strada secondaria trafficata,no,2,no,0,A1,
SS-NAP-1787,Via Pignasecca,,giallo,3,strada urbana senza ciclabile,no,2,si,0,A2,
SS-NAP-1788,Via Pino Daniele,,giallo,3,strada urbana senza ciclabile,no,2,no,0,A2,
SS-NAP-1789,Via Pinocchio,,giallo,3,strada urbana senza ciclabile,no,2,no,0,B2,
SS-NAP-1790,Via Pirro Ligorio,,giallo,3,strada urbana senza ciclabile (1 corsie),no,1,si,0,A1,
SS-NAP-1791,Via Pisa,,giallo,3,strada urbana senza ciclabile,no,2,si,0,B2,
SS-NAP-1792,Via Pisani,,giallo,3,strada urbana senza ciclabile,no,2,no,0,B1,
SS-NAP-1793,Via Piscinola,,giallo,3,strada urbana senza ciclabile,no,2,si,0,B1,
SS-NAP-1794,Via Pitagora,,giallo,3,strada urbana senza ciclabile,no,2,no,0,A1,
SS-NAP-1795,Via Platone,,giallo,3,strada urbana senza ciclabile,no,2,no,0,B1,
SS-NAP-1796,Via Plauto,,giallo,3,strada urbana senza ciclabile,no,2,no,0,A1,
SS-NAP-1797,Via Plebiscito a Piscinola,,giallo,3,strada urbana senza ciclabile,no,2,si,0,B1,
SS-NAP-1798,Via Plinio,,giallo,3,strada urbana senza ciclabile,no,2,si,0,A1,
SS-NAP-1799,Via Po,,giallo,3,strada urbana senza ciclabile,no,2,no,0,A1,
SS-NAP-1800,Via Poggio dei Mari,,giallo,3,strada urbana senza ciclabile,no,2,no,0,A1,
SS-NAP-1801,Via Pollio Felice,,giallo,3,strada urbana senza ciclabile,no,2,si,0,A1,
SS-NAP-1802,Via Pollione Caio Asinio,,giallo,3,strada urbana senza ciclabile,no,2,no,0,A1,
SS-NAP-1803,Via Polveriera,,giallo,3,strada urbana senza ciclabile,no,2,si,0,B2,
SS-NAP-1804,Via Pompeo Magno,,giallo,3,strada urbana senza ciclabile,no,2,si,0,A1,
SS-NAP-1805,Via Pomponio De Algerio,,blu,2,zona pedonale / living street,no,1,no,0,A2,
SS-NAP-1806,Via Pomponio Gaurico,,giallo,3,strada urbana senza ciclabile,no,2,si,0,A1,
SS-NAP-1807,Via Pontano,,giallo,3,strada urbana senza ciclabile,no,2,si,0,A1,
SS-NAP-1808,Via Ponte dei Francesi,,rosso,4,strada principale trafficata (2 corsie),no,2,no,0,A2,
SS-NAP-1809,Via Ponte dei Granili,,rosso,4,strada principale trafficata (2 corsie),no,2,si,0,A2,
SS-NAP-1810,Via Ponte della Maddalena,,giallo,3,strada urbana senza ciclabile,no,2,si,0,A2,
SS-NAP-1811,Via Ponte di Tappia,,giallo,3,strada urbana senza ciclabile,no,2,no,0,A2,
SS-NAP-1812,Via Pontenuovo,,giallo,3,strada urbana senza ciclabile,no,2,si,0,B2,
SS-NAP-1813,Via Ponti Rossi,,giallo,3,strada urbana senza ciclabile,no,2,no,0,B2,
SS-NAP-1814,Via Port'Alba,,blu,2,zona pedonale / living street,no,1,no,0,A2,
SS-NAP-1815,Via Porta San Gennaro,,blu,2,zona pedonale / living street,no,1,no,0,B2,
SS-NAP-1816,Via Porta di Massa,,giallo,3,strada urbana senza ciclabile,no,2,si,0,A2,
SS-NAP-1817,Via Porta di Posillipo,,giallo,3,strada urbana senza ciclabile,no,2,si,0,A1,
SS-NAP-1818,Via Portacarrese a Montecalvario,,blu,2,zona pedonale / living street,no,1,no,0,A2,
SS-NAP-1819,Via Portamedina,,giallo,3,strada urbana senza ciclabile (1 corsie),no,1,si,0,A2,
SS-NAP-1820,Via Posillipo,,giallo,3,strada urbana senza ciclabile,no,2,no,0,A1,
SS-NAP-1821,Via Positano,,giallo,3,strada urbana senza ciclabile,no,2,no,0,A2,
SS-NAP-1822,Via Potenza,,giallo,3,strada urbana senza ciclabile,no,2,si,0,A2,
SS-NAP-1823,Via Praga Magica,,giallo,3,strada urbana senza ciclabile,no,2,no,0,B2,
SS-NAP-1824,Via Prima Racconti di Pietroburgo,,giallo,3,strada urbana senza ciclabile,no,2,no,0,B2,
SS-NAP-1825,Via Primo Alfano,,giallo,3,strada urbana senza ciclabile,no,2,no,0,B2,
SS-NAP-1826,Via Primo Levi,,giallo,3,strada urbana senza ciclabile,no,2,no,0,B1,
SS-NAP-1827,Via Principe Umberto,,giallo,3,strada urbana senza ciclabile,no,2,si,0,B2,
SS-NAP-1828,Via Principe di Napoli,,giallo,3,strada urbana senza ciclabile,no,2,no,0,B2,
SS-NAP-1829,Via Principe di Napoli a San Pietro a Patierno,,giallo,3,strada urbana senza ciclabile,no,2,no,0,B2,
SS-NAP-1830,Via Principe di Sannicandro,,giallo,3,strada urbana senza ciclabile,no,2,no,0,A2,
SS-NAP-1831,Via Privata Anna Maffettone,,giallo,3,strada urbana senza ciclabile,no,2,no,0,B2,
SS-NAP-1832,Via Privata Enrico Maffettone,,giallo,3,strada urbana senza ciclabile,no,2,no,0,B2,
SS-NAP-1833,Via Privata Giuseppe Imperatrice,,giallo,3,strada urbana senza ciclabile,no,2,no,0,B1,
SS-NAP-1834,Via Privata Pacifico,,giallo,3,strada urbana senza ciclabile,no,2,si,0,A1,
SS-NAP-1835,Via Privata Patroni Griffi,,giallo,3,strada urbana senza ciclabile,no,2,no,0,A1,
SS-NAP-1836,Via Privata Raffaele Barbato,,giallo,3,strada urbana senza ciclabile,no,2,no,0,B2,
SS-NAP-1837,Via Privata Sacra,,giallo,3,strada urbana senza ciclabile,no,2,no,0,B2,
SS-NAP-1838,Via Privata del Parco delle Mimose,,giallo,3,strada urbana senza ciclabile,no,2,no,0,B2,
SS-NAP-1839,Via Privata delle Stelle,,giallo,3,strada urbana senza ciclabile,no,2,no,0,B2,
SS-NAP-1840,Via Privata detta Maffettone,,giallo,3,strada urbana senza ciclabile,no,2,no,0,B2,
SS-NAP-1841,Via Privata detta Ricc,,giallo,3,strada urbana senza ciclabile,no,2,no,0,B2,
SS-NAP-1842,Via Privata detta Scippa,,blu,2,zona pedonale / living street,no,1,no,0,B2,
SS-NAP-1843,Via Proserpina,,giallo,3,strada urbana senza ciclabile,no,2,no,0,A1,
SS-NAP-1844,Via Prospero Guidone,,giallo,3,strada urbana senza ciclabile,no,2,si,0,A2,
SS-NAP-1845,Via Provinciale Botteghelle,,giallo,3,strada urbana senza ciclabile,no,2,si,0,B2,
SS-NAP-1846,Via Provinciale Botteghelle di Portici,,giallo,3,strada urbana senza ciclabile,no,2,no,0,B2,
SS-NAP-1847,Via Provinciale Madonnelle,,giallo,3,strada urbana senza ciclabile,no,2,no,0,B2,
SS-NAP-1848,Via Provinciale Montagna Spaccata,,giallo,3,strada urbana senza ciclabile (2 corsie),no,2,si,0,A1,
SS-NAP-1849,Via Provinciale Napoli,,giallo,3,strada urbana senza ciclabile (2 corsie),no,2,no,0,B1,
SS-NAP-1850,Via Provinciale San Gennaro,,rosso,4,strada principale trafficata (2 corsie),no,2,no,0,A1,
SS-NAP-1851,Via Provinciale delle Brecce,,giallo,3,strada urbana senza ciclabile,no,2,no,0,B2,
SS-NAP-1852,Via Provinciale di Caserta,,rosso,4,strada secondaria trafficata,no,2,si,0,B2,
SS-NAP-1853,Via Publio Decio Mure,,giallo,3,strada urbana senza ciclabile,no,2,si,0,A2,
SS-NAP-1854,Via Purgatorio,,giallo,3,strada urbana senza ciclabile,no,2,si,0,B2,
SS-NAP-1855,Via Quintiliano,,giallo,3,strada urbana senza ciclabile,no,2,si,0,A1,
SS-NAP-1856,Via Raffaele Angiulli,,giallo,3,strada urbana senza ciclabile,no,2,no,0,B2,
SS-NAP-1857,Via Raffaele Calvanico,,giallo,3,strada urbana senza ciclabile,no,2,si,0,B1,
SS-NAP-1858,Via Raffaele Caravaglios,,giallo,3,strada urbana senza ciclabile,no,2,no,0,A1,
SS-NAP-1859,Via Raffaele Conforti,,giallo,3,strada urbana senza ciclabile,no,2,si,0,A2,
SS-NAP-1860,Via Raffaele De Cesare,,giallo,3,strada urbana senza ciclabile,no,2,si,0,A2,
SS-NAP-1861,Via Raffaele Libroia,,giallo,3,strada urbana senza ciclabile,no,2,si,0,A1,
SS-NAP-1862,Via Raffaele Marfella,,giallo,3,strada urbana senza ciclabile,no,2,si,0,B1,
SS-NAP-1863,Via Raffaele Mattioli,,giallo,3,strada urbana senza ciclabile,no,2,no,0,B2,
SS-NAP-1864,Via Raffaele Morghen,,giallo,3,strada urbana senza ciclabile,no,2,no,0,A1,
SS-NAP-1865,Via Raffaele Ruggiero,,giallo,3,strada urbana senza ciclabile,no,2,no,0,A1,
SS-NAP-1866,Via Raffaele Stasi,,giallo,3,strada urbana senza ciclabile,no,2,si,0,A1,
SS-NAP-1867,Via Raffaele Tarantino,,giallo,3,strada urbana senza ciclabile,no,2,si,0,A1,
SS-NAP-1868,Via Raffaele Testa,,giallo,3,strada urbana senza ciclabile,no,2,no,0,A2,
SS-NAP-1869,Via Raffaele Viviani,,giallo,3,strada urbana senza ciclabile,no,2,si,0,A2,
SS-NAP-1870,Via Ramaglia,,giallo,3,strada urbana senza ciclabile,no,2,si,0,B1,
SS-NAP-1871,Via Ravello,,giallo,3,strada urbana senza ciclabile,no,2,no,0,A2,
SS-NAP-1872,Via Redipuglia,,giallo,3,strada urbana senza ciclabile,no,2,si,0,A1,
SS-NAP-1873,Via Reggia di Portici,,rosso,4,strada principale trafficata (2 corsie),no,2,si,0,A2,
SS-NAP-1874,Via Regina Margherita,,giallo,3,strada urbana senza ciclabile,no,2,no,0,B2,
SS-NAP-1875,Via Renato Caccioppoli,,giallo,3,strada urbana senza ciclabile,no,2,si,0,A1,
SS-NAP-1876,Via Renato Gomez De Ayala,,giallo,3,strada urbana senza ciclabile,no,2,si,0,A1,
SS-NAP-1877,Via Renato Lordi,,giallo,3,strada urbana senza ciclabile,no,2,si,0,A1,
SS-NAP-1878,Via Renovella,,giallo,3,strada urbana senza ciclabile,no,2,si,0,A2,
SS-NAP-1879,Via Riccardo Filangieri di Candida Gonzaga,,giallo,3,strada urbana senza ciclabile (1 corsie),no,1,si,0,A2,
SS-NAP-1880,Via Riccardo Pascale,,giallo,3,strada urbana senza ciclabile,no,2,no,0,A2,
SS-NAP-1881,Via Riccardo Wagner,,blu,2,zona pedonale / living street,no,1,no,0,A2,
SS-NAP-1882,Via Rigoletto,,giallo,3,strada urbana senza ciclabile,no,2,no,0,A1,
SS-NAP-1883,Via Rimini,,giallo,3,strada urbana senza ciclabile,no,2,si,0,B2,
SS-NAP-1884,Via Risorgimento,,giallo,3,strada urbana senza ciclabile,no,2,no,0,A1,
SS-NAP-1885,Via Roberto Bracco,,giallo,3,strada urbana senza ciclabile (1 corsie),no,1,si,0,A2,
SS-NAP-1886,Via Roberto Cortese,,giallo,3,strada urbana senza ciclabile,no,2,no,0,B1,
SS-NAP-1887,Via Roberto Marcolongo,,giallo,3,strada urbana senza ciclabile,no,2,no,0,B2,
SS-NAP-1888,Via Roberto Rossellini,,giallo,3,strada urbana senza ciclabile,no,2,no,0,A2,
SS-NAP-1889,Via Roberto Savarese,,giallo,3,strada urbana senza ciclabile,no,2,si,0,B2,
SS-NAP-1890,Via Rocchetti,,giallo,3,strada urbana senza ciclabile,no,2,no,0,B1,
SS-NAP-1891,Via Rocco Galdieri,,giallo,3,strada urbana senza ciclabile,no,2,si,0,A1,
SS-NAP-1892,Via Rocco Iemma,,giallo,3,strada urbana senza ciclabile,no,2,no,0,B1,
SS-NAP-1893,Via Rocco Marco di Torrepadula,,rosso,4,strada secondaria trafficata,no,2,no,0,B1,
SS-NAP-1894,Via Rocco Scotellaro,,giallo,3,strada urbana senza ciclabile,no,2,no,0,B1,
SS-NAP-1895,Via Rodi,,giallo,3,strada urbana senza ciclabile,no,2,si,0,A1,
SS-NAP-1896,Via Rodolfo Falvo,,giallo,3,strada urbana senza ciclabile,no,2,si,0,A1,
SS-NAP-1897,Via Rodolfo Morandi,,giallo,3,strada urbana senza ciclabile,no,2,si,0,A1,
SS-NAP-1898,Via Roma verso Scampia,,rosso,4,strada principale trafficata,no,2,si,0,B2,
SS-NAP-1899,Via Romano,,giallo,3,strada urbana senza ciclabile,no,2,no,0,B1,
SS-NAP-1900,Via Romolo e Remo,,giallo,3,strada urbana senza ciclabile,no,2,no,0,A1,
SS-NAP-1901,Via Ronchi dei Legionari,,giallo,3,strada urbana senza ciclabile,no,2,no,0,A1,
SS-NAP-1902,Via Rosa dei Venti,,giallo,3,strada urbana senza ciclabile,no,2,no,0,B2,
SS-NAP-1903,Via Rosalba Carriera,,giallo,3,strada urbana senza ciclabile,no,2,no,0,A2,
SS-NAP-1904,Via Rosario a Portamedina,,giallo,3,strada urbana senza ciclabile,no,2,si,0,A2,
SS-NAP-1905,Via Rubeo,,giallo,3,strada urbana senza ciclabile,no,2,si,0,B2,
SS-NAP-1906,Via Ruggero Il Normanno,,giallo,3,strada urbana senza ciclabile,no,2,no,0,B1,
SS-NAP-1907,Via Ruggiero Leoncavallo,,giallo,3,strada urbana senza ciclabile (1 corsie),no,1,si,0,A2,
SS-NAP-1908,Via Ruggiero Moscati,,giallo,3,strada urbana senza ciclabile,no,2,no,0,B1,
SS-NAP-1909,Via Ruocco,,giallo,3,strada urbana senza ciclabile,no,2,no,0,B1,
SS-NAP-1910,Via S. Domenico,,giallo,3,strada urbana senza ciclabile,no,2,no,0,A1,
SS-NAP-1911,Via S. Eframo Vecchio,,giallo,3,strada urbana senza ciclabile,no,2,si,0,B2,
SS-NAP-1912,Via Salvador Dalì,,giallo,3,strada urbana senza ciclabile,no,2,si,0,B1,
SS-NAP-1913,Via Salvator Rosa,,rosso,4,strada secondaria trafficata,no,2,si,0,A1,
SS-NAP-1914,Via Salvatore Aprea,,giallo,3,strada urbana senza ciclabile,no,2,no,0,A2,
SS-NAP-1915,Via Salvatore Battaglia,,giallo,3,strada urbana senza ciclabile,no,2,si,0,B1,
SS-NAP-1916,Via Salvatore De Renzi,,blu,2,zona pedonale / living street,no,1,no,0,A2,
SS-NAP-1917,Via Salvatore Fergola,,giallo,3,strada urbana senza ciclabile,no,2,no,0,B1,
SS-NAP-1918,Via Salvatore Ferrara,,giallo,3,strada urbana senza ciclabile,no,2,no,0,A1,
SS-NAP-1919,Via Salvatore Fusco,,giallo,3,strada urbana senza ciclabile,no,2,si,0,A2,
SS-NAP-1920,Via Salvatore Gambardella,,giallo,3,strada urbana senza ciclabile,no,2,no,0,B2,
SS-NAP-1921,Via Salvatore Girardi,,giallo,3,strada urbana senza ciclabile,no,2,no,0,B2,
SS-NAP-1922,Via Salvatore Morelli,,giallo,3,strada urbana senza ciclabile (1 corsie),no,1,si,0,B2,
SS-NAP-1923,Via Salvatore Quasimodo,,giallo,3,strada urbana senza ciclabile,no,2,no,0,B1,
SS-NAP-1924,Via Salvatore Tommasi,,giallo,3,strada urbana senza ciclabile,no,2,si,0,A2,
SS-NAP-1925,Via Salvatore Trinchese,,blu,2,zona pedonale / living street,no,1,no,0,A2,
SS-NAP-1926,Via Salve D'Esposito,,giallo,3,strada urbana senza ciclabile,no,2,no,0,B2,
SS-NAP-1927,Via Salvo D'Acquisto,,rosso,4,strada secondaria trafficata,no,2,si,0,B1,
SS-NAP-1928,Via Sambuco,,giallo,3,strada urbana senza ciclabile,no,2,si,0,B2,
SS-NAP-1929,Via San Bartolomeo,,giallo,3,strada urbana senza ciclabile,no,2,si,0,A2,
SS-NAP-1930,Via San Biagio ai Taffettanari,,giallo,3,strada urbana senza ciclabile,no,2,si,0,A2,
SS-NAP-1931,Via San Biagio dei Librai,,giallo,3,strada urbana senza ciclabile,no,2,si,0,A2,
SS-NAP-1932,Via San Carlo,,giallo,3,strada urbana senza ciclabile (1 corsie),no,1,si,0,A2,
SS-NAP-1933,Via San Carlo alle Mortelle,,giallo,3,strada urbana senza ciclabile,no,2,si,0,A1,
SS-NAP-1934,Via San Cosmo fuori Porta Nolana,,giallo,3,strada urbana senza ciclabile,no,2,si,0,A2,
SS-NAP-1935,Via San Domenico,,giallo,3,strada urbana senza ciclabile,no,2,no,0,A1,
SS-NAP-1936,Via San Domenico Soriano,,giallo,3,strada urbana senza ciclabile,no,2,no,0,A2,
SS-NAP-1937,Via San Donato,,giallo,3,strada urbana senza ciclabile,no,2,si,0,B1,
SS-NAP-1938,Via San Donà,,giallo,3,strada urbana senza ciclabile,no,2,si,0,A1,
SS-NAP-1939,Via San Filippo,,giallo,3,strada urbana senza ciclabile,no,2,si,0,A1,
SS-NAP-1940,Via San Francesco a San Lorenzo,,giallo,3,strada urbana senza ciclabile,no,2,no,0,B2,
SS-NAP-1941,Via San Francesco d'Assisi,,giallo,3,strada urbana senza ciclabile,no,2,si,0,B2,
SS-NAP-1942,Via San Francesco de Geronimo,,giallo,3,strada urbana senza ciclabile,no,2,si,0,B2,
SS-NAP-1943,Via San Gennaro ad Antignano,,giallo,3,strada urbana senza ciclabile,no,2,si,0,A1,
SS-NAP-1944,Via San Gennaro al Vomero,,giallo,3,strada urbana senza ciclabile,no,2,si,0,A1,
SS-NAP-1945,Via San Gennaro dei Poveri,,giallo,3,strada urbana senza ciclabile,no,2,no,0,B2,
SS-NAP-1946,Via San Giacomo,,giallo,3,strada urbana senza ciclabile (1 corsie),no,1,si,0,A2,
SS-NAP-1947,Via San Giacomo dei Capri,,giallo,3,strada urbana senza ciclabile (2 corsie),no,2,no,0,A1,
SS-NAP-1948,Via San Giovanni Battista della Salle,,giallo,3,strada urbana senza ciclabile,no,2,si,0,B1,
SS-NAP-1949,Via San Giovanni De Matha,,giallo,3,strada urbana senza ciclabile,no,2,no,0,B2,
SS-NAP-1950,Via San Giovanni Maggiore Pignatelli,,giallo,3,strada urbana senza ciclabile,no,2,si,0,A2,
SS-NAP-1951,Via San Giovanni a Mare,,giallo,3,strada urbana senza ciclabile (1 corsie),no,1,si,0,A2,
SS-NAP-1952,Via San Giovanni in Corte,,giallo,3,strada urbana senza ciclabile,no,2,si,0,A2,
SS-NAP-1953,Via San Giovanni in Porta,,giallo,3,strada urbana senza ciclabile,no,2,si,0,B2,
SS-NAP-1954,Via San Giuseppe dei Nudi,,giallo,3,strada urbana senza ciclabile,no,2,no,0,A2,
SS-NAP-1955,Via San Giuseppe dei Ruffi,,giallo,3,strada urbana senza ciclabile,no,2,si,0,A2,
SS-NAP-1956,Via San Gregorio Armeno,,blu,2,zona pedonale / living street,no,1,no,0,A2,
SS-NAP-1957,Via San Josemaria Escrivà,,giallo,3,strada urbana senza ciclabile,no,2,no,0,B1,
SS-NAP-1958,Via San Lazzaro,,rosso,4,strada secondaria trafficata,no,2,no,0,B2,
SS-NAP-1959,Via San Liborio,,giallo,3,strada urbana senza ciclabile,no,2,si,0,A2,
SS-NAP-1960,Via San Lorenzo da Brindisi,,giallo,3,strada urbana senza ciclabile,no,2,si,0,B2,
SS-NAP-1961,Via San Mandato,,giallo,3,strada urbana senza ciclabile,no,2,no,0,A1,
SS-NAP-1962,Via San Matteo a Toledo,,blu,2,zona pedonale / living street,no,1,no,0,A2,
SS-NAP-1963,Via San Mattia,,giallo,3,strada urbana senza ciclabile,no,2,si,0,A2,
SS-NAP-1964,Via San Michele,,giallo,3,strada urbana senza ciclabile,no,2,si,0,B2,
SS-NAP-1965,Via San Nicandro,,giallo,3,strada urbana senza ciclabile,no,2,si,0,B2,
SS-NAP-1966,Via San Nicola alla Dogana,,giallo,3,strada urbana senza ciclabile,no,2,si,0,A2,
SS-NAP-1967,Via San Pantaleone,,giallo,3,strada urbana senza ciclabile,no,2,si,0,A2,
SS-NAP-1968,Via San Paolo,,blu,2,zona pedonale / living street,no,1,si,0,A2,
SS-NAP-1969,Via San Pasquale a Chiaia,,giallo,3,strada urbana senza ciclabile (1 corsie),no,1,si,0,A1,
SS-NAP-1970,Via San Pietro,,giallo,3,strada urbana senza ciclabile,no,2,no,0,B2,
SS-NAP-1971,Via San Pietro a Maiella,,giallo,3,strada urbana senza ciclabile,no,2,si,0,A2,
SS-NAP-1972,Via San Pietro ad Aram,,giallo,3,strada urbana senza ciclabile,no,2,no,0,A2,
SS-NAP-1973,Via San Romualdo,,giallo,3,strada urbana senza ciclabile,no,2,no,0,B1,
SS-NAP-1974,Via San Sebastiano,,giallo,3,strada urbana senza ciclabile,no,2,si,0,A2,
SS-NAP-1975,Via San Severo Capodimonte,,giallo,3,strada urbana senza ciclabile,no,2,si,0,B2,
SS-NAP-1976,Via San Vincenzo,,giallo,3,strada urbana senza ciclabile,no,2,no,0,B2,
SS-NAP-1977,Via Sandro Botticelli,,giallo,3,strada urbana senza ciclabile,no,2,si,0,B1,
SS-NAP-1978,Via Sangro,,giallo,3,strada urbana senza ciclabile,no,2,no,0,A1,
SS-NAP-1979,Via Sanità,,giallo,3,strada urbana senza ciclabile,no,2,no,0,B2,
SS-NAP-1980,Via Sannio,,giallo,3,strada urbana senza ciclabile,no,2,si,0,A2,
SS-NAP-1981,Via Sant'Agostino alla Zecca,,blu,2,zona pedonale / living street,no,1,no,0,A2,
SS-NAP-1982,Via Sant'Alfonso Maria de' Liguori,,giallo,3,strada urbana senza ciclabile,no,2,no,0,B2,
SS-NAP-1983,Via Sant'Andrea Avellino,,giallo,3,strada urbana senza ciclabile,no,2,si,0,B2,
SS-NAP-1984,Via Sant'Anna dei Lombardi,,rosso,4,strada secondaria trafficata,no,2,si,0,A2,
SS-NAP-1985,Via Sant'Anna di Palazzo,,giallo,3,strada urbana senza ciclabile,no,2,si,0,A2,
SS-NAP-1986,Via Sant'Antonio Abate,,giallo,3,strada urbana senza ciclabile,no,2,no,0,B2,
SS-NAP-1987,Via Sant'Antonio a Capodimonte,,giallo,3,strada urbana senza ciclabile,no,2,no,0,B2,
SS-NAP-1988,Via Sant'Arcangelo a Baiano,,giallo,3,strada urbana senza ciclabile,no,2,no,0,A2,
SS-NAP-1989,Via Sant'Aspreno,,giallo,3,strada urbana senza ciclabile (1 corsie),no,1,si,0,A2,
SS-NAP-1990,Via Sant'Attanasio,,giallo,3,strada urbana senza ciclabile,no,2,si,0,B2,
SS-NAP-1991,Via Sant'Eligio,,blu,2,zona pedonale / living street,no,1,no,0,A2,
SS-NAP-1992,Via Santa Brigida,,giallo,3,strada urbana senza ciclabile,no,2,si,0,A2,
SS-NAP-1993,Via Santa Candida,,giallo,3,strada urbana senza ciclabile,no,2,si,0,A2,
SS-NAP-1994,Via Santa Caterina,,giallo,3,strada urbana senza ciclabile,no,2,si,0,A1,
SS-NAP-1995,Via Santa Caterina da Siena,,giallo,3,strada urbana senza ciclabile,no,2,si,0,A1,
SS-NAP-1996,Via Santa Chiara,,giallo,3,strada urbana senza ciclabile,no,2,si,0,A2,
SS-NAP-1997,Via Santa Lucia,,giallo,3,strada urbana senza ciclabile (2 corsie),no,2,si,0,A2,
SS-NAP-1998,Via Santa Lucia Filippini,,blu,2,accesso limitato (ZTL),no,1,no,0,A2,
SS-NAP-1999,Via Santa Lucia al Monte,,blu,2,zona pedonale / living street,no,1,no,0,A2,
SS-NAP-2000,Via Santa Luisa di Marillac,,giallo,3,strada urbana senza ciclabile,no,2,no,0,A1,
SS-NAP-2001,Via Santa Maria Antesaecula,,giallo,3,strada urbana senza ciclabile,no,2,si,0,B2,
SS-NAP-2002,Via Santa Maria Avvocata,,giallo,3,strada urbana senza ciclabile,no,2,no,0,B2,
SS-NAP-2003,Via Santa Maria Francesca,,blu,2,zona pedonale / living street,no,1,no,0,A2,
SS-NAP-2004,Via Santa Maria ai Monti,,giallo,3,strada urbana senza ciclabile,no,2,no,0,B2,
SS-NAP-2005,Via Santa Maria del Pianto,,giallo,3,strada urbana senza ciclabile,no,2,si,0,B2,
SS-NAP-2006,Via Santa Maria della Libera,,giallo,3,strada urbana senza ciclabile,no,2,si,0,A1,
SS-NAP-2007,Via Santa Maria della Neve,,giallo,3,strada urbana senza ciclabile,no,2,si,0,A1,
SS-NAP-2008,Via Santa Maria delle Grazie a Loreto,,giallo,3,strada urbana senza ciclabile,no,2,no,0,A2,
SS-NAP-2009,Via Santa Maria di Costantinopoli,,rosso,4,strada principale trafficata,no,2,si,0,A2,
SS-NAP-2010,Via Santa Maria di Costantinopoli alle Mosche,,giallo,3,strada urbana senza ciclabile,no,2,no,0,A2,
SS-NAP-2011,Via Santa Maria in Portico,,giallo,3,strada urbana senza ciclabile,no,2,si,0,A1,
SS-NAP-2012,Via Santa Maria la Nova,,blu,2,zona pedonale / living street,no,1,no,0,A2,
SS-NAP-2013,Via Santa Monica,,giallo,3,strada urbana senza ciclabile,no,2,si,0,A2,
SS-NAP-2014,Via Santa Sofia,,giallo,3,strada urbana senza ciclabile,no,2,no,0,B2,
SS-NAP-2015,Via Santa Teresa a Chiaia,,giallo,3,strada urbana senza ciclabile,no,2,si,0,A1,
SS-NAP-2016,Via Santa Teresa degli Scalzi,,rosso,4,strada principale trafficata (2 corsie),no,2,no,0,B2,
SS-NAP-2017,Via Santa Teresella degli Spagnoli,,giallo,3,strada urbana senza ciclabile,no,2,si,0,A2,
SS-NAP-2018,Via Santacroce,,blu,2,accesso limitato (ZTL),no,1,no,0,A1,
SS-NAP-2019,Via Santi Apostoli,,giallo,3,strada urbana senza ciclabile,no,2,si,0,B2,
SS-NAP-2020,Via Santi Giovanni e Paolo,,rosso,4,strada secondaria trafficata,no,2,si,0,B2,
SS-NAP-2021,Via Santi Quaranta,,giallo,3,strada urbana senza ciclabile,no,2,no,0,A2,
SS-NAP-2022,Via Santo Stefano,,giallo,3,strada urbana senza ciclabile,no,2,si,0,A1,
SS-NAP-2023,Via Santo Strato,,giallo,3,strada urbana senza ciclabile,no,2,no,0,A1,
SS-NAP-2024,Via Sapri,,giallo,3,strada urbana senza ciclabile,no,2,si,0,B2,
SS-NAP-2025,Via Sardegna,,giallo,3,strada urbana senza ciclabile,no,2,no,0,B2,
SS-NAP-2026,Via Sartania,,giallo,3,strada urbana senza ciclabile,no,2,si,0,B1,
SS-NAP-2027,Via Saverio Altamura,,rosso,4,strada secondaria trafficata,no,2,no,0,A1,
SS-NAP-2028,Via Saverio Baldacchini,,giallo,3,strada urbana senza ciclabile,no,2,si,0,A2,
SS-NAP-2029,Via Saverio Gatto,,giallo,3,strada urbana senza ciclabile,no,2,si,0,B1,
SS-NAP-2030,Via Saverio Simonetti,,giallo,3,strada urbana senza ciclabile,no,2,si,0,A1,
SS-NAP-2031,Via Scipione Bobbio,,giallo,3,strada urbana senza ciclabile,no,2,no,0,A1,
SS-NAP-2032,Via Scipione Capece,,giallo,3,strada urbana senza ciclabile,no,2,no,0,A1,
SS-NAP-2033,Via Scipione Mazzella,,giallo,3,strada urbana senza ciclabile,no,2,no,0,B1,
SS-NAP-2034,Via Scipione Rovito,,giallo,3,strada urbana senza ciclabile,no,2,si,0,B2,
SS-NAP-2035,Via Sebastiano Conca,,giallo,3,strada urbana senza ciclabile,no,2,no,0,A1,
SS-NAP-2036,Via Sebastiano Veniero,,giallo,3,strada urbana senza ciclabile,no,2,si,0,A1,
SS-NAP-2037,Via Sedile di Porto,,giallo,3,strada urbana senza ciclabile (1 corsie),no,1,si,0,A2,
SS-NAP-2038,Via Seggio del Popolo,,giallo,3,strada urbana senza ciclabile,no,2,si,0,A2,
SS-NAP-2039,Via Serafino Biscardi,,giallo,3,strada urbana senza ciclabile,no,2,no,0,B2,
SS-NAP-2040,Via Serapide,,giallo,3,strada urbana senza ciclabile,no,2,si,0,A2,
SS-NAP-2041,Via Sergio Abate,,giallo,3,strada urbana senza ciclabile,no,2,si,0,A1,
SS-NAP-2042,Via Sergio Pansini,,rosso,4,strada secondaria trafficata (3 corsie),no,3,si,0,B1,
SS-NAP-2043,Via Sergio de Simone,,giallo,3,strada urbana senza ciclabile,no,2,no,0,B2,
SS-NAP-2044,Via Serino,,giallo,3,strada urbana senza ciclabile,no,2,si,0,A2,
SS-NAP-2045,Via Servio Tullio,,giallo,3,strada urbana senza ciclabile,no,2,no,0,A1,
SS-NAP-2046,Via Sesto Fiorentino,,giallo,3,strada urbana senza ciclabile,no,2,si,0,A2,
SS-NAP-2047,Via Settimio Severo Caruso,,giallo,3,strada urbana senza ciclabile,no,2,si,0,A1,
SS-NAP-2048,Via Severino Boezio,,giallo,3,strada urbana senza ciclabile,no,2,no,0,A1,
SS-NAP-2049,Via Sgambati,,giallo,3,strada urbana senza ciclabile,no,2,no,0,B1,
SS-NAP-2050,Via Shelley,,giallo,3,strada urbana senza ciclabile (1 corsie),no,1,si,0,A2,
SS-NAP-2051,Via Sibilla,,giallo,3,strada urbana senza ciclabile,no,2,si,0,A1,
SS-NAP-2052,Via Sicilia,,giallo,3,strada urbana senza ciclabile,no,2,no,0,B2,
SS-NAP-2053,Via Sigismondo Castromediano,,giallo,3,strada urbana senza ciclabile,no,2,no,0,A2,
SS-NAP-2054,Via Sigmund Freud,,giallo,3,strada urbana senza ciclabile,no,2,si,0,B1,
SS-NAP-2055,Via Silio Italico,,giallo,3,strada urbana senza ciclabile,no,2,si,0,A1,
SS-NAP-2056,Via Silvio Spaventa,,giallo,3,strada urbana senza ciclabile,no,2,no,0,A2,
SS-NAP-2057,Via Simone Martini,,rosso,4,strada secondaria trafficata,no,2,si,0,A1,
SS-NAP-2058,Via Siro Solazzi,,giallo,3,strada urbana senza ciclabile,no,2,si,0,B2,
SS-NAP-2059,Via Socrate,,giallo,3,strada urbana senza ciclabile,no,2,no,0,B1,
SS-NAP-2060,Via Soffritto,,giallo,3,strada urbana senza ciclabile,no,2,no,0,B1,
SS-NAP-2061,Via Solitaria,,giallo,3,strada urbana senza ciclabile,no,2,si,0,A2,
SS-NAP-2062,Via Soprammuro,,giallo,3,strada urbana senza ciclabile,no,2,no,0,A2,
SS-NAP-2063,Via Sorrento,,giallo,3,strada urbana senza ciclabile,no,2,no,0,A2,
SS-NAP-2064,Via Spadari,,giallo,3,strada urbana senza ciclabile,no,2,no,0,B1,
SS-NAP-2065,Via Spartaco,,giallo,3,strada urbana senza ciclabile,no,2,si,0,A1,
SS-NAP-2066,Via Speranzella,,giallo,3,strada urbana senza ciclabile,no,2,si,0,A2,
SS-NAP-2067,Via Spezieria vecchia,,blu,2,zona pedonale / living street,no,1,no,0,A2,
SS-NAP-2068,Via Stanislao Manna,,giallo,3,strada urbana senza ciclabile,no,2,si,0,A1,
SS-NAP-2069,Via Stazio,,giallo,3,strada urbana senza ciclabile,no,2,no,0,A1,
SS-NAP-2070,Via Stefania Filo Speziale,,giallo,3,strada urbana senza ciclabile,no,2,no,0,A2,
SS-NAP-2071,Via Stefano Barbato,,giallo,3,strada urbana senza ciclabile,no,2,si,0,A2,
SS-NAP-2072,Via Stefano Brun,,giallo,3,strada urbana senza ciclabile,no,2,si,0,A2,
SS-NAP-2073,Via Stefano Giliberti,,giallo,3,strada urbana senza ciclabile,no,2,no,0,A2,
SS-NAP-2074,Via Stefano delle Chiaie,,giallo,3,strada urbana senza ciclabile,no,2,no,0,B2,
SS-NAP-2075,Via Stella,,giallo,3,strada urbana senza ciclabile,no,2,si,0,B2,
SS-NAP-2076,Via Stendhal,,giallo,3,strada urbana senza ciclabile,no,2,no,0,A2,
SS-NAP-2077,Via Suor Maria della Passione Beata,,giallo,3,strada urbana senza ciclabile,no,2,si,0,A2,
SS-NAP-2078,Via Suor Orsola,,giallo,3,strada urbana senza ciclabile,no,2,no,0,A1,
SS-NAP-2079,Via Svetonio,,giallo,3,strada urbana senza ciclabile,no,2,si,0,A1,
SS-NAP-2080,Via Tacito,,giallo,3,strada urbana senza ciclabile,no,2,no,0,A1,
SS-NAP-2081,Via Taddeo Da Sessa,,rosso,4,strada secondaria trafficata,no,2,si,0,B2,
SS-NAP-2082,Via Tagliamento,,giallo,3,strada urbana senza ciclabile,no,2,no,0,A1,
SS-NAP-2083,Via Talete di Mileto,,giallo,3,strada urbana senza ciclabile,no,2,no,0,B1,
SS-NAP-2084,Via Tancredi Galimberti,,rosso,4,strada secondaria trafficata,no,2,si,0,B1,
SS-NAP-2085,Via Tarquinio Prisco,,giallo,3,strada urbana senza ciclabile,no,2,si,0,A1,
SS-NAP-2086,Via Tarsia,,giallo,3,strada urbana senza ciclabile,no,2,si,0,A2,
SS-NAP-2087,Via Taverna del Ferro,,giallo,3,strada urbana senza ciclabile,no,2,si,0,A2,
SS-NAP-2088,Via Taverna delle Brecce,,giallo,3,strada urbana senza ciclabile,no,2,no,0,A2,
SS-NAP-2089,Via Tavernola a Casa Vecchia,,giallo,3,strada urbana senza ciclabile,no,2,si,0,A2,
SS-NAP-2090,Via Teano,,giallo,3,strada urbana senza ciclabile,no,2,no,0,B2,
SS-NAP-2091,Via Teodoro Capocci,,giallo,3,strada urbana senza ciclabile,no,2,si,0,A1,
SS-NAP-2092,Via Teofilo Patini,,giallo,3,strada urbana senza ciclabile,no,2,no,0,A1,
SS-NAP-2093,Via Teofilo Santi,,giallo,3,strada urbana senza ciclabile,no,2,no,0,B2,
SS-NAP-2094,Via Terenzio,,giallo,3,strada urbana senza ciclabile,no,2,no,0,A1,
SS-NAP-2095,Via Teresa Filangieri Fieschi Ravaschieri,,giallo,3,strada urbana senza ciclabile,no,2,no,0,A1,
SS-NAP-2096,Via Terracina,,rosso,4,strada secondaria trafficata,no,2,no,0,A1,
SS-NAP-2097,Via Tertulliano,,giallo,3,strada urbana senza ciclabile,no,2,no,0,A1,
SS-NAP-2098,Via Tevere,,giallo,3,strada urbana senza ciclabile,no,2,no,0,A1,
SS-NAP-2099,Via Thomas Eliot,,giallo,3,strada urbana senza ciclabile,no,2,no,0,B2,
SS-NAP-2100,Via Tiberio,,giallo,3,strada urbana senza ciclabile,no,2,no,0,A1,
SS-NAP-2101,Via Tibullo,,giallo,3,strada urbana senza ciclabile,no,2,no,0,A1,
SS-NAP-2102,Via Ticino,,giallo,3,strada urbana senza ciclabile,no,2,no,0,A1,
SS-NAP-2103,Via Tiglio,,giallo,3,strada urbana senza ciclabile,no,2,si,0,B1,
SS-NAP-2104,Via Timavo,,giallo,3,strada urbana senza ciclabile,no,2,si,0,A1,
SS-NAP-2105,Via Tino Di Camaino,,giallo,3,strada urbana senza ciclabile,no,2,no,0,A1,
SS-NAP-2106,Via Tirone,,giallo,3,strada urbana senza ciclabile,no,2,si,0,B1,
SS-NAP-2107,Via Titina De Filippo,,giallo,3,strada urbana senza ciclabile,no,2,no,0,B2,
SS-NAP-2108,Via Tito Angelini,,giallo,3,strada urbana senza ciclabile,no,2,no,0,A1,
SS-NAP-2109,Via Tito Lucrezio Caro,,giallo,3,strada urbana senza ciclabile,no,2,no,0,A1,
SS-NAP-2110,Via Toledo,,giallo,3,strada urbana senza ciclabile,no,2,no,0,A2,
SS-NAP-2111,Via Tommasina Colosimo,,giallo,3,strada urbana senza ciclabile,no,2,si,0,B2,
SS-NAP-2112,Via Tommaso Campanella,,giallo,3,strada urbana senza ciclabile,no,2,si,0,A1,
SS-NAP-2113,Via Tommaso Caravita,,giallo,3,strada urbana senza ciclabile,no,2,si,0,A2,
SS-NAP-2114,Via Tommaso Cornelio,,giallo,3,strada urbana senza ciclabile,no,2,si,0,B2,
SS-NAP-2115,Via Tommaso Costa,,giallo,3,strada urbana senza ciclabile,no,2,no,0,B2,
SS-NAP-2116,Via Tommaso De Amicis,,rosso,4,strada secondaria trafficata,no,2,no,0,B1,
SS-NAP-2117,Via Tommaso Fasano,,giallo,3,strada urbana senza ciclabile,no,2,no,0,B2,
SS-NAP-2118,Via Tommaso Traetta,,giallo,3,strada urbana senza ciclabile,no,2,no,0,B2,
SS-NAP-2119,Via Torino,,giallo,3,strada urbana senza ciclabile,no,2,si,0,B2,
SS-NAP-2120,Via Torquato Tasso,,rosso,4,strada secondaria trafficata,no,2,no,0,A1,
SS-NAP-2121,Via Torrione San Martino,,giallo,3,strada urbana senza ciclabile,no,2,si,0,A1,
SS-NAP-2122,Via Tosca,,giallo,3,strada urbana senza ciclabile,no,2,no,0,A1,
SS-NAP-2123,Via Traccia a Poggioreale,,giallo,3,strada urbana senza ciclabile,no,2,no,0,B2,
SS-NAP-2124,Via Transversa,,giallo,3,strada urbana senza ciclabile,no,2,no,0,B2,
SS-NAP-2125,Via Tranvia Fratta,,giallo,3,strada urbana senza ciclabile,no,2,si,0,B2,
SS-NAP-2126,Via Trentino,,giallo,3,strada urbana senza ciclabile,no,2,no,0,B2,
SS-NAP-2127,Via Tribuni della Plebe,,giallo,3,strada urbana senza ciclabile,no,2,si,0,A1,
SS-NAP-2128,Via Trinità degli Spagnoli,,giallo,3,strada urbana senza ciclabile,no,2,si,0,A2,
SS-NAP-2129,Via Tristano Caracciolo,,giallo,3,strada urbana senza ciclabile,no,2,no,0,B2,
SS-NAP-2130,Via Trovatore,,giallo,3,strada urbana senza ciclabile,no,2,no,0,B1,
SS-NAP-2131,Via Tullio Ostilio,,giallo,3,strada urbana senza ciclabile,no,2,no,0,A1,
SS-NAP-2132,Via Udalrigo Masoni,,giallo,3,strada urbana senza ciclabile,no,2,no,0,B2,
SS-NAP-2133,Via Ugo Falcando,,giallo,3,strada urbana senza ciclabile,no,2,no,0,B2,
SS-NAP-2134,Via Ugo Foscolo,,giallo,3,strada urbana senza ciclabile,no,2,no,0,A2,
SS-NAP-2135,Via Ugo Niutta,,rosso,4,strada secondaria trafficata (3 corsie),no,3,si,0,A1,
SS-NAP-2136,Via Ugo Palermo,,rosso,4,strada secondaria trafficata,no,2,si,0,B1,
SS-NAP-2137,Via Ugo Ricci,,giallo,3,strada urbana senza ciclabile,no,2,no,0,A1,
SS-NAP-2138,Via Ulisse Prota Giurleo,,giallo,3,strada urbana senza ciclabile,no,2,no,0,B2,
SS-NAP-2139,Via Umberto Boccioni,,giallo,3,strada urbana senza ciclabile,no,2,no,0,B1,
SS-NAP-2140,Via Umberto Improta,,giallo,3,strada urbana senza ciclabile,no,2,no,0,B1,
SS-NAP-2141,Via Umberto Pierantoni,,giallo,3,strada urbana senza ciclabile,no,2,si,0,A1,
SS-NAP-2142,Via Umberto Saba,,giallo,3,strada urbana senza ciclabile,no,2,no,0,B2,
SS-NAP-2143,Via Umberto Zanotti Bianco,,giallo,3,strada urbana senza ciclabile,no,2,no,0,B2,
SS-NAP-2144,Via Umbria,,giallo,3,strada urbana senza ciclabile,no,2,no,0,B2,
SS-NAP-2145,Via Valerio Verbano,,giallo,3,strada urbana senza ciclabile,no,2,no,0,B2,
SS-NAP-2146,Via Vallone Saliscendi,,giallo,3,strada urbana senza ciclabile,no,2,no,0,B1,
SS-NAP-2147,Via Vallone dei Gerolomini,,giallo,3,strada urbana senza ciclabile,no,2,no,0,B1,
SS-NAP-2148,Via Vannella Gaetani,,rosso,4,strada principale trafficata,no,2,si,0,A1,
SS-NAP-2149,Via Vecchia Miano a Piscinola,,giallo,3,strada urbana senza ciclabile,no,2,no,0,B2,
SS-NAP-2150,Via Vecchia Napoli,,giallo,3,strada urbana senza ciclabile,no,2,no,0,B1,
SS-NAP-2151,Via Vecchia Poggioreale,,giallo,3,strada urbana senza ciclabile,no,2,si,0,B2,
SS-NAP-2152,Via Vecchia Roma,,giallo,3,strada urbana senza ciclabile,no,2,si,0,B2,
SS-NAP-2153,Via Vecchia San Rocco,,giallo,3,strada urbana senza ciclabile,no,2,no,0,B1,
SS-NAP-2154,Via Venezia,,giallo,3,strada urbana senza ciclabile,no,2,si,0,B2,
SS-NAP-2155,Via Venezia Giulia,,giallo,3,strada urbana senza ciclabile,no,2,no,0,A1,
SS-NAP-2156,Via Ventaglieri,,giallo,3,strada urbana senza ciclabile,no,2,si,0,A2,
SS-NAP-2157,Via Ventilabro,,giallo,3,strada urbana senza ciclabile,no,2,no,0,A1,
SS-NAP-2158,Via Vera Lombardi,,giallo,3,strada urbana senza ciclabile,no,2,no,0,B2,
SS-NAP-2159,Via Vespulo,,giallo,3,strada urbana senza ciclabile,no,2,no,0,B2,
SS-NAP-2160,Via Vesuvio,,giallo,3,strada urbana senza ciclabile,no,2,no,0,B2,
SS-NAP-2161,Via Vicaria Vecchia,,giallo,3,strada urbana senza ciclabile,no,2,si,0,A2,
SS-NAP-2162,Via Vicinale,,giallo,3,strada urbana senza ciclabile,no,2,no,0,B1,
SS-NAP-2163,Via Vicinale Abbandonata agli Astroni,,giallo,3,strada urbana senza ciclabile,no,2,no,0,A1,
SS-NAP-2164,Via Vicinale Agnolella,,giallo,3,strada urbana senza ciclabile,no,2,no,0,B1,
SS-NAP-2165,Via Vicinale Agnolella 3,,giallo,3,strada urbana senza ciclabile,no,2,no,0,B1,
SS-NAP-2166,Via Vicinale Angogna,,giallo,3,strada urbana senza ciclabile,no,2,no,0,A1,
SS-NAP-2167,Via Vicinale Camaldolilli,,giallo,3,strada urbana senza ciclabile,no,2,no,0,A1,
SS-NAP-2168,Via Vicinale Campanile,,giallo,3,strada urbana senza ciclabile,no,2,no,0,A1,
SS-NAP-2169,Via Vicinale Cannola,,giallo,3,strada urbana senza ciclabile,no,2,no,0,B2,
SS-NAP-2170,Via Vicinale Cavone degli Sbirri,,giallo,3,strada urbana senza ciclabile,no,2,no,0,A1,
SS-NAP-2171,Via Vicinale Croce di Piperno,,giallo,3,strada urbana senza ciclabile,no,2,no,0,A1,
SS-NAP-2172,Via Vicinale Cupa Bolino,,giallo,3,strada urbana senza ciclabile,no,2,no,0,A2,
SS-NAP-2173,Via Vicinale Cupa Cintia,,rosso,4,strada secondaria trafficata,no,2,si,0,A1,
SS-NAP-2174,Via Vicinale Cupa San Severino,,giallo,3,strada urbana senza ciclabile,no,2,no,0,B2,
SS-NAP-2175,Via Vicinale Dietro la Vigna,,giallo,3,strada urbana senza ciclabile,no,2,si,0,B1,
SS-NAP-2176,Via Vicinale Fosso Santo Stefano,,giallo,3,strada urbana senza ciclabile,no,2,no,0,A1,
SS-NAP-2177,Via Vicinale Lardighello,,giallo,3,strada urbana senza ciclabile,no,2,no,0,B1,
SS-NAP-2178,Via Vicinale Lettieri,,giallo,3,strada urbana senza ciclabile,no,2,no,0,B2,
SS-NAP-2179,Via Vicinale Masseria Grande,,giallo,3,strada urbana senza ciclabile,no,2,no,0,A1,
SS-NAP-2180,Via Vicinale Micca,,giallo,3,strada urbana senza ciclabile,no,2,no,0,A1,
SS-NAP-2181,Via Vicinale Monte,,giallo,3,strada urbana senza ciclabile,no,2,no,0,B1,
SS-NAP-2182,Via Vicinale Murate,,giallo,3,strada urbana senza ciclabile,no,2,si,0,A1,
SS-NAP-2183,Via Vicinale Palazziello,,giallo,3,strada urbana senza ciclabile,no,2,no,0,A1,
SS-NAP-2184,Via Vicinale Paradiso,,giallo,3,strada urbana senza ciclabile,no,2,si,0,A1,
SS-NAP-2185,Via Vicinale Piscinelle ai Guantai,,giallo,3,strada urbana senza ciclabile,no,2,si,0,B1,
SS-NAP-2186,Via Vicinale Porchiano,,giallo,3,strada urbana senza ciclabile,no,2,no,0,B2,
SS-NAP-2187,Via Vicinale Rondinella,,giallo,3,strada urbana senza ciclabile,no,2,no,0,B2,
SS-NAP-2188,Via Vicinale Sant'Aniello,,giallo,3,strada urbana senza ciclabile,no,2,no,0,B1,
SS-NAP-2189,Via Vicinale Tavernola,,giallo,3,strada urbana senza ciclabile,no,2,no,0,B1,
SS-NAP-2190,Via Vicinale Tierzo,,giallo,3,strada urbana senza ciclabile,no,2,si,0,B2,
SS-NAP-2191,Via Vicinale Torre di Franco,,giallo,3,strada urbana senza ciclabile,no,2,no,0,A1,
SS-NAP-2192,Via Vicinale Trencia,,giallo,3,strada urbana senza ciclabile,no,2,si,0,B1,
SS-NAP-2193,Via Vicinale Vallone di Miano,,giallo,3,strada urbana senza ciclabile,no,2,no,0,B2,
SS-NAP-2194,Via Vicinale Vigna,,giallo,3,strada urbana senza ciclabile,no,2,si,0,B1,
SS-NAP-2195,Via Vicinale Volo Sant'Angelo,,giallo,3,strada urbana senza ciclabile,no,2,no,0,A1,
SS-NAP-2196,Via Vicinale de Mellis,,giallo,3,strada urbana senza ciclabile,no,2,no,0,B1,
SS-NAP-2197,Via Vicinale dell'Infermeria,,giallo,3,strada urbana senza ciclabile,no,2,no,0,A1,
SS-NAP-2198,Via Vicinale di Piscinola,,giallo,3,strada urbana senza ciclabile,no,2,no,0,B2,
SS-NAP-2199,Via Vicinale per Agnano Masseria Grande,,giallo,3,strada urbana senza ciclabile,no,2,no,0,A1,
SS-NAP-2200,Via Vicinale torciolano,,giallo,3,strada urbana senza ciclabile,no,2,no,0,B1,
SS-NAP-2201,Via Vietri,,giallo,3,strada urbana senza ciclabile,no,2,si,0,A2,
SS-NAP-2202,Via Villa Bisignano,,giallo,3,strada urbana senza ciclabile,no,2,si,0,A2,
SS-NAP-2203,Via Villanova,,giallo,3,strada urbana senza ciclabile,no,2,si,0,A1,
SS-NAP-2204,Via Vincenzo Arangio Ruiz,,giallo,3,strada urbana senza ciclabile,no,2,si,0,A1,
SS-NAP-2205,Via Vincenzo Bellini,,giallo,3,strada urbana senza ciclabile,no,2,si,0,A2,
SS-NAP-2206,Via Vincenzo Caprile,,blu,2,accesso limitato (ZTL),no,1,no,0,B1,
SS-NAP-2207,Via Vincenzo Ciaravolo,,giallo,3,strada urbana senza ciclabile,no,2,no,0,A1,
SS-NAP-2208,Via Vincenzo Ciardo,,giallo,3,strada urbana senza ciclabile,no,2,no,0,B1,
SS-NAP-2209,Via Vincenzo Cuoco,,giallo,3,strada urbana senza ciclabile,no,2,si,0,A1,
SS-NAP-2210,Via Vincenzo D'Annibale,,giallo,3,strada urbana senza ciclabile,no,2,si,0,A1,
SS-NAP-2211,Via Vincenzo De Giaxa,,giallo,3,strada urbana senza ciclabile,no,2,si,0,B2,
SS-NAP-2212,Via Vincenzo De Giovanni,,giallo,3,strada urbana senza ciclabile,no,2,si,0,A2,
SS-NAP-2213,Via Vincenzo Diamare,,giallo,3,strada urbana senza ciclabile,no,2,si,0,B1,
SS-NAP-2214,Via Vincenzo Gemito,,rosso,4,strada secondaria trafficata,no,2,si,0,A1,
SS-NAP-2215,Via Vincenzo Ingangi,,giallo,3,strada urbana senza ciclabile,no,2,no,0,B2,
SS-NAP-2216,Via Vincenzo Irolli,,blu,2,accesso limitato (ZTL),no,1,no,0,B2,
SS-NAP-2217,Via Vincenzo Janfolla,,rosso,4,strada secondaria trafficata,no,2,si,0,B1,
SS-NAP-2218,Via Vincenzo Lanza,,giallo,3,strada urbana senza ciclabile,no,2,no,0,B2,
SS-NAP-2219,Via Vincenzo Marrone,,giallo,3,strada urbana senza ciclabile,no,2,no,0,B1,
SS-NAP-2220,Via Vincenzo Migliaro,,giallo,3,strada urbana senza ciclabile,no,2,si,0,A1,
SS-NAP-2221,Via Vincenzo Mosca,,giallo,3,strada urbana senza ciclabile,no,2,si,0,A1,
SS-NAP-2222,Via Vincenzo Niutta,,giallo,3,strada urbana senza ciclabile,no,2,no,0,A2,
SS-NAP-2223,Via Vincenzo Padula,,giallo,3,strada urbana senza ciclabile,no,2,si,0,A1,
SS-NAP-2224,Via Vincenzo Petagna,,giallo,3,strada urbana senza ciclabile,no,2,si,0,B2,
SS-NAP-2225,Via Vincenzo Romaniello,,giallo,3,strada urbana senza ciclabile,no,2,no,0,A1,
SS-NAP-2226,Via Vincenzo Russo,,giallo,3,strada urbana senza ciclabile,no,2,si,0,A2,
SS-NAP-2227,Via Vincenzo Scala,,giallo,3,strada urbana senza ciclabile,no,2,no,0,A1,
SS-NAP-2228,Via Vincenzo Tiberio,,giallo,3,strada urbana senza ciclabile,no,2,si,0,A1,
SS-NAP-2229,Via Vincenzo Ussani,,giallo,3,strada urbana senza ciclabile,no,2,no,0,B1,
SS-NAP-2230,Via Vincenzo Vitale,,giallo,3,strada urbana senza ciclabile,no,2,no,0,B1,
SS-NAP-2231,Via Vincenzo de Monte,,giallo,3,strada urbana senza ciclabile,no,2,no,0,B2,
SS-NAP-2232,Via Virginia Wolf,,giallo,3,strada urbana senza ciclabile,no,2,si,0,B2,
SS-NAP-2233,Via Vita alla Sanità,,giallo,3,strada urbana senza ciclabile,no,2,no,0,B2,
SS-NAP-2234,Via Vitale Agrillo,,giallo,3,strada urbana senza ciclabile,no,2,si,0,A1,
SS-NAP-2235,Via Vito Fornari,,giallo,3,strada urbana senza ciclabile,no,2,no,0,A1,
SS-NAP-2236,Via Vittoria Aganoor,,giallo,3,strada urbana senza ciclabile,no,2,si,0,B1,
SS-NAP-2237,Via Vittoria Colonna,,giallo,3,strada urbana senza ciclabile (2 corsie),no,2,no,0,A1,
SS-NAP-2238,Via Vittorio Alfieri,,giallo,3,strada urbana senza ciclabile,no,2,si,0,B2,
SS-NAP-2239,Via Vittorio Cinquegrana,,giallo,3,strada urbana senza ciclabile,no,2,no,0,B2,
SS-NAP-2240,Via Vittorio De Sica,,giallo,3,strada urbana senza ciclabile,no,2,si,0,B2,
SS-NAP-2241,Via Vittorio Emanuele,,giallo,3,strada urbana senza ciclabile,no,2,no,0,B1,
SS-NAP-2242,Via Vittorio Emanuele III,,giallo,3,strada urbana senza ciclabile (1 corsie),no,1,si,0,A2,
SS-NAP-2243,Via Vittorio Emanuele III a Secondigliano,,giallo,3,strada urbana senza ciclabile,no,2,si,0,B2,
SS-NAP-2244,Via Vittorio Imbriani,,giallo,3,strada urbana senza ciclabile,no,2,si,0,A1,
SS-NAP-2245,Via Vittorio Veneto,,giallo,3,strada urbana senza ciclabile,no,2,no,0,B1,
SS-NAP-2246,Via Wolfgang Goethe,,giallo,3,strada urbana senza ciclabile (1 corsie),no,1,si,0,A2,
SS-NAP-2247,Via Yuri Gagarin,,giallo,3,strada urbana senza ciclabile,no,2,no,0,B2,
SS-NAP-2248,Via Zara,,giallo,3,strada urbana senza ciclabile,no,2,si,0,B2,
SS-NAP-2249,Via Zecca dei Panni,,giallo,3,strada urbana senza ciclabile,no,2,si,0,A2,
SS-NAP-2250,Via Zenone di Elea,,giallo,3,strada urbana senza ciclabile,no,2,no,0,B1,
SS-NAP-2251,Via comunale Toscanella,,giallo,3,strada urbana senza ciclabile,no,2,no,0,B1,
SS-NAP-2252,Via comunale del Principe,,giallo,3,strada urbana senza ciclabile,no,2,no,0,B1,
SS-NAP-2253,Via cupa Oliva,,giallo,3,strada urbana senza ciclabile,no,2,si,0,A2,
SS-NAP-2254,Via de Civitate Dei,,giallo,3,strada urbana senza ciclabile (1 corsie),no,1,si,0,A1,
SS-NAP-2255,Via degli Acquari,,giallo,3,strada urbana senza ciclabile,no,2,no,0,A2,
SS-NAP-2256,Via degli Artigiani,,giallo,3,strada urbana senza ciclabile,no,2,no,0,B2,
SS-NAP-2257,Via degli Incarnati,,giallo,3,strada urbana senza ciclabile,no,2,si,0,B2,
SS-NAP-2258,Via degli Ortolani,,giallo,3,strada urbana senza ciclabile,no,2,no,0,B2,
SS-NAP-2259,Via degli Scipioni,,giallo,3,strada urbana senza ciclabile (2 corsie),no,2,si,0,A1,
SS-NAP-2260,Via degli Spadari,,giallo,3,strada urbana senza ciclabile,no,2,si,0,A2,
SS-NAP-2261,Via degli Zingari,,giallo,3,strada urbana senza ciclabile,no,2,si,0,B2,
SS-NAP-2262,Via dei Bonifaci,,rosso,4,strada principale trafficata,no,2,no,0,B2,
SS-NAP-2263,Via dei Bottari,,giallo,3,strada urbana senza ciclabile,no,2,no,0,B2,
SS-NAP-2264,Via dei Bronzi di Riace,,giallo,3,strada urbana senza ciclabile,no,2,no,0,A2,
SS-NAP-2265,Via dei Calzolai,,giallo,3,strada urbana senza ciclabile,no,2,no,0,B2,
SS-NAP-2266,Via dei Carrozzieri a Monteoliveto,,giallo,3,strada urbana senza ciclabile,no,2,si,0,A2,
SS-NAP-2267,Via dei Cetrangolari,,giallo,3,strada urbana senza ciclabile,no,2,no,0,B2,
SS-NAP-2268,Via dei Chiavettieri al Porto,,giallo,3,strada urbana senza ciclabile,no,2,si,0,A2,
SS-NAP-2269,Via dei Ciliegi,,rosso,4,strada secondaria trafficata,no,2,si,0,B1,
SS-NAP-2270,Via dei Cimbri,,giallo,3,strada urbana senza ciclabile,no,2,no,0,A2,
SS-NAP-2271,Via dei Faenzari,,giallo,3,strada urbana senza ciclabile,no,2,no,0,B2,
SS-NAP-2272,Via dei Falegnami,,giallo,3,strada urbana senza ciclabile,no,2,si,0,B2,
SS-NAP-2273,Via dei Fiorentini,,giallo,3,strada urbana senza ciclabile (1 corsie),no,1,si,0,A2,
SS-NAP-2274,Via dei Giubbonari,,giallo,3,strada urbana senza ciclabile,no,2,si,0,A2,
SS-NAP-2275,Via dei Greci,,giallo,3,strada urbana senza ciclabile (1 corsie),no,1,si,0,A2,
SS-NAP-2276,Via dei Griffi,,giallo,3,strada urbana senza ciclabile,no,2,si,0,A2,
SS-NAP-2277,Via dei Melangolari,,giallo,3,strada urbana senza ciclabile,no,2,no,0,B2,
SS-NAP-2278,Via dei Mille,,giallo,3,strada urbana senza ciclabile,no,2,si,0,A1,
SS-NAP-2279,Via dei Missionari,,giallo,3,strada urbana senza ciclabile (2 corsie),no,2,no,0,A1,
SS-NAP-2280,Via dei Mosaici,,giallo,3,strada urbana senza ciclabile,no,2,no,0,A2,
SS-NAP-2281,Via dei Padulani,,giallo,3,strada urbana senza ciclabile,no,2,si,0,B2,
SS-NAP-2282,Via dei Papiri Ercolanesi,,giallo,3,strada urbana senza ciclabile,no,2,no,0,A2,
SS-NAP-2283,Via dei Pellegrini,,giallo,3,strada urbana senza ciclabile,no,2,si,0,A2,
SS-NAP-2284,Via dei Reggiolari,,giallo,3,strada urbana senza ciclabile,no,2,no,0,B2,
SS-NAP-2285,Via dei Sartori,,giallo,3,strada urbana senza ciclabile,no,2,si,0,B2,
SS-NAP-2286,Via dei Tessitori di Seta,,giallo,3,strada urbana senza ciclabile,no,2,no,0,B2,
SS-NAP-2287,Via dei Tribunali,,giallo,3,strada urbana senza ciclabile,no,2,si,0,A2,
SS-NAP-2288,Via dei Vergini,,giallo,3,strada urbana senza ciclabile,no,2,si,0,B2,
SS-NAP-2289,Via del Camposanto,,giallo,3,strada urbana senza ciclabile,no,2,no,0,B2,
SS-NAP-2290,Via del Carmine,,giallo,3,strada urbana senza ciclabile,no,2,no,0,A2,
SS-NAP-2291,Via del Cassano,,rosso,4,strada secondaria trafficata,no,2,si,0,B2,
SS-NAP-2292,Via del Cervino,,giallo,3,strada urbana senza ciclabile,no,2,no,0,B2,
SS-NAP-2293,Via del Cimitero,,giallo,3,strada urbana senza ciclabile,no,2,no,0,B2,
SS-NAP-2294,Via del Clivio,,giallo,3,strada urbana senza ciclabile,no,2,no,0,B2,
SS-NAP-2295,Via del Discobolo,,giallo,3,strada urbana senza ciclabile,no,2,no,0,A1,
SS-NAP-2296,Via del Fauno,,giallo,3,strada urbana senza ciclabile,no,2,no,0,A2,
SS-NAP-2297,Via del Finanziere,,giallo,3,strada urbana senza ciclabile,no,2,no,0,A1,
SS-NAP-2298,Via del Fiumicello,,giallo,3,strada urbana senza ciclabile,no,2,no,0,A2,
SS-NAP-2299,Via del Fosso,,blu,2,zona pedonale / living street,no,1,no,0,A1,
SS-NAP-2300,Via del Gran Paradiso,,giallo,3,strada urbana senza ciclabile,no,2,no,0,B2,
SS-NAP-2301,Via del Gran Sasso,,giallo,3,strada urbana senza ciclabile,no,2,si,0,B2,
SS-NAP-2302,Via del Grande Archivio,,giallo,3,strada urbana senza ciclabile,no,2,si,0,A2,
SS-NAP-2303,Via del Grecale,,giallo,3,strada urbana senza ciclabile,no,2,no,0,B2,
SS-NAP-2304,Via del Maestrale,,giallo,3,strada urbana senza ciclabile,no,2,si,0,B2,
SS-NAP-2305,Via del Maratoneta,,giallo,3,strada urbana senza ciclabile,no,2,si,0,A1,
SS-NAP-2306,Via del Marzano,,giallo,3,strada urbana senza ciclabile,no,2,no,0,A1,
SS-NAP-2307,Via del Parco Margherita,,giallo,3,strada urbana senza ciclabile,no,2,no,0,A1,
SS-NAP-2308,Via del Parco Quadrifoglio,,giallo,3,strada urbana senza ciclabile,no,2,no,0,A1,
SS-NAP-2309,Via del Pascone,,giallo,3,strada urbana senza ciclabile,no,2,si,0,B2,
SS-NAP-2310,Via del Ponte,,giallo,3,strada urbana senza ciclabile,no,2,si,0,B2,
SS-NAP-2311,Via del Priorato,,giallo,3,strada urbana senza ciclabile,no,2,si,0,B2,
SS-NAP-2312,Via del Rione Sirignano,,giallo,3,strada urbana senza ciclabile,no,2,no,0,A1,
SS-NAP-2313,Via del Riposo,,rosso,4,strada principale trafficata,no,2,no,0,B2,
SS-NAP-2314,Via del Risanamento,,giallo,3,strada urbana senza ciclabile,no,2,si,0,B2,
SS-NAP-2315,Via del Sabotino,,giallo,3,strada urbana senza ciclabile,no,2,si,0,B2,
SS-NAP-2316,Via del Salvatore,,giallo,3,strada urbana senza ciclabile,no,2,no,0,B1,
SS-NAP-2317,Via del Sebeto,,giallo,3,strada urbana senza ciclabile,no,2,no,0,A2,
SS-NAP-2318,Via del Serbatoio dello Scudillo,,giallo,3,strada urbana senza ciclabile,no,2,no,0,B1,
SS-NAP-2319,Via del Sole,,giallo,3,strada urbana senza ciclabile,no,2,si,0,A2,
SS-NAP-2320,Via del Trivio,,giallo,3,strada urbana senza ciclabile,no,2,no,0,B2,
SS-NAP-2321,Via dell'Abbondanza,,giallo,3,strada urbana senza ciclabile,no,2,si,0,B1,
SS-NAP-2322,Via dell'Acquario,,giallo,3,strada urbana senza ciclabile,no,2,no,0,B2,
SS-NAP-2323,Via dell'Annunziata,,giallo,3,strada urbana senza ciclabile,no,2,si,0,A2,
SS-NAP-2324,Via dell'Arco,,giallo,3,strada urbana senza ciclabile,no,2,si,0,B2,
SS-NAP-2325,Via dell'Avvenire,,giallo,3,strada urbana senza ciclabile,no,2,si,0,B1,
SS-NAP-2326,Via dell'Epomeo,,giallo,3,strada urbana senza ciclabile,no,2,si,0,A1,
SS-NAP-2327,Via dell'Eremo,,giallo,3,strada urbana senza ciclabile,no,2,no,0,B1,
SS-NAP-2328,Via dell'Ortigara,,giallo,3,strada urbana senza ciclabile,no,2,no,0,B2,
SS-NAP-2329,Via della Bolla,,giallo,3,strada urbana senza ciclabile,no,2,si,0,B2,
SS-NAP-2330,Via della Bontà,,giallo,3,strada urbana senza ciclabile,no,2,si,0,B1,
SS-NAP-2331,Via della Bussola,,giallo,3,strada urbana senza ciclabile,no,2,no,0,B2,
SS-NAP-2332,Via della Canzanella Vecchia,,giallo,3,strada urbana senza ciclabile,no,2,si,0,A1,
SS-NAP-2333,Via della Caserma di Cavalleria,,giallo,3,strada urbana senza ciclabile,no,2,no,0,A1,
SS-NAP-2334,Via della Cavallerizza,,blu,2,zona pedonale / living street,no,1,no,0,A1,
SS-NAP-2335,Via della Cerra,,giallo,3,strada urbana senza ciclabile,no,2,si,0,A1,
SS-NAP-2336,Via della Ferrovia,,giallo,3,strada urbana senza ciclabile,no,2,no,0,B2,
SS-NAP-2337,Via della Ferrovia Napoli Piedimonte d'Alife,,giallo,3,strada urbana senza ciclabile,no,2,no,0,B1,
SS-NAP-2338,Via della Gabella,,blu,2,zona pedonale / living street,no,1,no,0,A2,
SS-NAP-2339,Via della Grotta Vecchia,,giallo,3,strada urbana senza ciclabile,no,2,no,0,A1,
SS-NAP-2340,Via della Incoronata,,giallo,3,strada urbana senza ciclabile (1 corsie),no,1,si,0,A2,
SS-NAP-2341,Via della Liberazione,,giallo,3,strada urbana senza ciclabile,no,2,no,0,A1,
SS-NAP-2342,Via della Liguria,,giallo,3,strada urbana senza ciclabile,no,2,si,0,B2,
SS-NAP-2343,Via della Maiella,,giallo,3,strada urbana senza ciclabile,no,2,no,0,B2,
SS-NAP-2344,Via della Mongolfiera,,giallo,3,strada urbana senza ciclabile,no,2,no,0,B2,
SS-NAP-2345,Via della Pigna,,giallo,3,strada urbana senza ciclabile,no,2,si,0,A1,
SS-NAP-2346,Via della Sapienza,,giallo,3,strada urbana senza ciclabile,no,2,si,0,A2,
SS-NAP-2347,Via della Stadera,,rosso,4,strada principale trafficata (2 corsie),no,2,si,0,B2,
SS-NAP-2348,Via della Tramontana,,giallo,3,strada urbana senza ciclabile,no,2,no,0,B2,
SS-NAP-2349,Via della Veterinaria,,giallo,3,strada urbana senza ciclabile,no,2,si,0,B2,
SS-NAP-2350,Via della Villa Romana,,giallo,3,strada urbana senza ciclabile,no,2,no,0,A2,
SS-NAP-2351,Via della Vite Greca,,giallo,3,strada urbana senza ciclabile,no,2,no,0,B2,
SS-NAP-2352,Via delle Cave,,giallo,3,strada urbana senza ciclabile,no,2,no,0,B2,
SS-NAP-2353,Via delle Dolomiti,,giallo,3,strada urbana senza ciclabile,no,2,no,0,B2,
SS-NAP-2354,Via delle Filandare,,giallo,3,strada urbana senza ciclabile,no,2,si,0,B2,
SS-NAP-2355,Via delle Industrie,,giallo,3,strada urbana senza ciclabile,no,2,no,0,A2,
SS-NAP-2356,Via delle Legioni,,giallo,3,strada urbana senza ciclabile,no,2,si,0,A1,
SS-NAP-2357,Via delle Masserie,,giallo,3,strada urbana senza ciclabile,no,2,no,0,B2,
SS-NAP-2358,Via delle Messi,,giallo,3,strada urbana senza ciclabile,no,2,no,0,A1,
SS-NAP-2359,Via delle Mimose,,giallo,3,strada urbana senza ciclabile,no,2,si,0,B1,
SS-NAP-2360,Via delle Nebulose,,giallo,3,strada urbana senza ciclabile,no,2,si,0,B2,
SS-NAP-2361,Via delle Porcellane,,giallo,3,strada urbana senza ciclabile,no,2,si,0,B1,
SS-NAP-2362,Via delle Repubbliche Marinare,,rosso,4,strada secondaria trafficata,no,2,si,0,A2,
SS-NAP-2363,Via delle Scuole Pie,,giallo,3,strada urbana senza ciclabile,no,2,si,0,A1,
SS-NAP-2364,Via delle Zite,,giallo,3,strada urbana senza ciclabile,no,2,si,0,A2,
SS-NAP-2365,Via dello Scirocco,,giallo,3,strada urbana senza ciclabile,no,2,si,0,B2,
SS-NAP-2366,Via dello Sport,,giallo,3,strada urbana senza ciclabile,no,2,no,0,A1,
SS-NAP-2367,Via dello Stelvio,,giallo,3,strada urbana senza ciclabile,no,2,no,0,B2,
SS-NAP-2368,Via detta Innominata,,giallo,3,strada urbana senza ciclabile,no,2,no,0,A2,
SS-NAP-2369,Via detta Nominale,,giallo,3,strada urbana senza ciclabile,no,2,no,0,A2,
SS-NAP-2370,Via di Marano,,giallo,3,strada urbana senza ciclabile,no,2,no,0,B1,
SS-NAP-2371,Via di Niso,,giallo,3,strada urbana senza ciclabile,no,2,si,0,A1,
SS-NAP-2372,Via di Pozzuoli,,giallo,3,strada urbana senza ciclabile,no,2,no,0,A1,
SS-NAP-2373,Via privata Fiorentine a Chiaia,,blu,2,zona pedonale / living street,no,1,no,0,A1,
SS-NAP-2374,Via privata Orsa Minore,,giallo,3,strada urbana senza ciclabile,no,2,si,0,B2,
SS-NAP-2375,Via privata Viscardi,,giallo,3,strada urbana senza ciclabile,no,2,no,0,B2,
SS-NAP-2376,Via privata del Parco Bivona,,giallo,3,strada urbana senza ciclabile,no,2,si,0,A1,
SS-NAP-2377,Via venti Settembre,,giallo,3,strada urbana senza ciclabile,no,2,no,0,B1,
SS-NAP-2378,Via vicinale Santa Maria del Pianto,,giallo,3,strada urbana senza ciclabile,no,2,no,0,B2,
SS-NAP-2379,Viale 4 Aprile,,giallo,3,strada urbana senza ciclabile,no,2,no,0,B2,
SS-NAP-2380,Viale Aldebaran,,giallo,3,strada urbana senza ciclabile,no,2,si,0,B2,
SS-NAP-2381,Viale Aldo Merola,,giallo,3,strada urbana senza ciclabile,no,2,no,0,B2,
SS-NAP-2382,Viale Altair,,giallo,3,strada urbana senza ciclabile,no,2,no,0,B2,
SS-NAP-2383,Viale Andromeda,,giallo,3,strada urbana senza ciclabile,no,2,si,0,B2,
SS-NAP-2384,Viale Anton Dohrn,,rosso,4,strada principale trafficata,no,2,si,0,A1,
SS-NAP-2385,Viale Antonio Gramsci,,giallo,3,strada urbana senza ciclabile,no,2,si,0,A1,
SS-NAP-2386,Viale Antonio Pigafetta,,blu,2,zona pedonale / living street,no,1,no,0,A1,
SS-NAP-2387,Viale Astronauti,,giallo,3,strada urbana senza ciclabile,no,2,no,0,B1,
SS-NAP-2388,Viale Augusto,,rosso,4,strada principale trafficata,no,2,si,0,A1,
SS-NAP-2389,Viale Campi Flegrei,,giallo,3,strada urbana senza ciclabile,no,2,si,0,A1,
SS-NAP-2390,Viale Cavalleggeri d'Aosta,,giallo,3,strada urbana senza ciclabile,no,2,no,0,A1,
SS-NAP-2391,Viale Colli Aminei,,rosso,4,strada secondaria trafficata,no,2,si,0,B1,
SS-NAP-2392,Viale Comandante Umberto Maddalena,,rosso,4,strada principale trafficata (2 corsie),no,2,si,0,B2,
SS-NAP-2393,Viale Dello Zodiaco,,giallo,3,strada urbana senza ciclabile,no,2,si,0,B2,
SS-NAP-2394,Viale Due Giugno,,giallo,3,strada urbana senza ciclabile,no,2,si,0,A2,
SS-NAP-2395,Viale Ernest Hemingway,,giallo,3,strada urbana senza ciclabile,no,2,si,0,B2,
SS-NAP-2396,Viale Fratelli Grimm,,giallo,3,strada urbana senza ciclabile,no,2,si,0,B2,
SS-NAP-2397,Viale Fulco Ruffo di Calabria,,rosso,4,strada principale trafficata (2 corsie),no,2,si,0,B2,
SS-NAP-2398,Viale Gerusalemme Liberata,,giallo,3,strada urbana senza ciclabile,no,2,no,0,B2,
SS-NAP-2399,Viale Giochi del Mediterraneo,,rosso,4,strada secondaria trafficata (2 corsie),no,2,si,0,A1,
SS-NAP-2400,Viale Giovanni da Verrazzano,,blu,2,zona pedonale / living street,no,1,no,0,A1,
SS-NAP-2401,Viale Il Barbiere di Siviglia,,giallo,3,strada urbana senza ciclabile,no,2,no,0,B2,
SS-NAP-2402,Viale John Fitzgerald Kennedy,,rosso,4,strada principale trafficata,no,2,si,0,A1,
SS-NAP-2403,Viale Letizia,,giallo,3,strada urbana senza ciclabile,no,2,no,0,B2,
SS-NAP-2404,Viale Luigi Califano,,giallo,3,strada urbana senza ciclabile,no,2,no,0,B2,
SS-NAP-2405,Viale Margherita,,giallo,3,strada urbana senza ciclabile,no,2,no,0,B2,
SS-NAP-2406,Viale Maria Bakunin,,giallo,3,strada urbana senza ciclabile,no,2,si,0,A1,
SS-NAP-2407,Viale Maria Cristina di Savoia,,giallo,3,strada urbana senza ciclabile,no,2,si,0,A1,
SS-NAP-2408,Viale Messina,,giallo,3,strada urbana senza ciclabile,no,2,si,0,A1,
SS-NAP-2409,Viale Michelangelo,,giallo,3,strada urbana senza ciclabile,no,2,no,0,A1,
SS-NAP-2410,Viale Nicola Fornelli,,giallo,3,strada urbana senza ciclabile,no,2,no,0,A1,
SS-NAP-2411,Viale Olga Silvestri,,giallo,3,strada urbana senza ciclabile,no,2,no,0,B2,
SS-NAP-2412,Viale Piedimonte D'Alife,,rosso,4,strada secondaria trafficata,no,2,si,0,B1,
SS-NAP-2413,Viale Poggio di Capodimonte,,giallo,3,strada urbana senza ciclabile,no,2,no,0,B1,
SS-NAP-2414,Viale Privato Agrelli,,giallo,3,strada urbana senza ciclabile,no,2,no,0,B2,
SS-NAP-2415,Viale Privato Antonio Vitale,,giallo,3,strada urbana senza ciclabile,no,2,no,0,B2,
SS-NAP-2416,Viale Privato Farnese,,giallo,3,strada urbana senza ciclabile,no,2,si,0,B1,
SS-NAP-2417,Viale Privato Mario Costa,,giallo,3,strada urbana senza ciclabile,no,2,si,0,A1,
SS-NAP-2418,Viale Privato Rodolfo Falvo,,giallo,3,strada urbana senza ciclabile,no,2,no,0,A1,
SS-NAP-2419,Viale Privato degli Astronauti,,giallo,3,strada urbana senza ciclabile,no,2,si,0,B1,
SS-NAP-2420,Viale Privato dei Pini,,giallo,3,strada urbana senza ciclabile,no,2,si,0,B1,
SS-NAP-2421,Viale Privato di Parco degli Aranci,,blu,2,accesso limitato (ZTL),no,1,no,0,A1,
SS-NAP-2422,Viale Raffaello,,giallo,3,strada urbana senza ciclabile,no,2,no,0,A1,
SS-NAP-2423,Viale San Francesco d'Assisi,,giallo,3,strada urbana senza ciclabile,no,2,si,0,A2,
SS-NAP-2424,Viale San Francesco sul Corso,,giallo,3,strada urbana senza ciclabile,no,2,no,0,B2,
SS-NAP-2425,Viale Sant'Anna,,blu,2,accesso limitato (ZTL),no,1,no,0,A1,
SS-NAP-2426,Viale Sant'Ignazio di Loyola,,giallo,3,strada urbana senza ciclabile (2 corsie),no,2,no,0,B1,
SS-NAP-2427,Viale Traiano,,rosso,4,strada secondaria trafficata (1 corsie),no,1,si,0,A1,
SS-NAP-2428,Viale Umberto Terracini,,blu,2,zona pedonale / living street,no,1,no,0,B2,
SS-NAP-2429,Viale Villa Santa Maria,,giallo,3,strada urbana senza ciclabile,no,2,no,0,A1,
SS-NAP-2430,Viale Virgilio,,giallo,3,strada urbana senza ciclabile,no,2,no,0,A1,
SS-NAP-2431,Viale Walt Disney,,giallo,3,strada urbana senza ciclabile,no,2,no,0,B2,
SS-NAP-2432,Viale degli Aranci,,giallo,3,strada urbana senza ciclabile,no,2,si,0,B1,
SS-NAP-2433,Viale degli Astronauti,,giallo,3,strada urbana senza ciclabile,no,2,si,0,B1,
SS-NAP-2434,Viale degli Oleandri,,giallo,3,strada urbana senza ciclabile,no,2,si,0,B1,
SS-NAP-2435,Viale dei Gesuiti,,giallo,3,strada urbana senza ciclabile,no,2,no,0,B1,
SS-NAP-2436,Viale del Centauro,,giallo,3,strada urbana senza ciclabile,no,2,si,0,B2,
SS-NAP-2437,Viale del Pino,,giallo,3,strada urbana senza ciclabile,no,2,no,0,A1,
SS-NAP-2438,Viale del Toro,,giallo,3,strada urbana senza ciclabile,no,2,si,0,B1,
SS-NAP-2439,Viale della Liberazione,,rosso,4,strada secondaria trafficata,no,2,no,0,A1,
SS-NAP-2440,Viale della Madonnina,,giallo,3,strada urbana senza ciclabile,no,2,no,0,A1,
SS-NAP-2441,Viale della Resistenza,,giallo,3,strada urbana senza ciclabile,no,2,si,0,B1,
SS-NAP-2442,Viale della Villa Romana,,rosso,4,strada secondaria trafficata (2 corsie),no,2,si,0,A2,
SS-NAP-2443,Viale delle 28 Fontane,,blu,2,zona pedonale / living street,no,1,no,0,A1,
SS-NAP-2444,Viale delle Amazzoni,,giallo,3,strada urbana senza ciclabile,no,2,no,0,A2,
SS-NAP-2445,Viale delle Galassie,,giallo,3,strada urbana senza ciclabile,no,2,si,0,B2,
SS-NAP-2446,Viale delle Metamorfosi,,giallo,3,strada urbana senza ciclabile,no,2,si,0,A2,
SS-NAP-2447,Viale delle Ortensie,,blu,2,zona pedonale / living street,no,1,no,0,A1,
SS-NAP-2448,Viale privato Antonio Imperatore,,giallo,3,strada urbana senza ciclabile,no,2,no,0,B2,
SS-NAP-2449,Viale privato On. Luigi Amato,,blu,2,zona pedonale / living street,no,1,no,0,B2,
SS-NAP-2450,Viale privato Teresa Ravaschieri,,blu,2,accesso limitato (ZTL),no,1,no,0,A1,
SS-NAP-2451,Viale privato Winspeare,,giallo,3,strada urbana senza ciclabile,no,2,no,0,A1,
SS-NAP-2452,Viale privato degli Asteroidi,,giallo,3,strada urbana senza ciclabile,no,2,no,0,B2,
SS-NAP-2453,Viale privato dei Pianeti,,giallo,3,strada urbana senza ciclabile,no,2,no,0,B2,
SS-NAP-2454,Viale privato delle Comete,,giallo,3,strada urbana senza ciclabile,no,2,no,0,B2,
SS-NAP-2455,Viale privato di Parco Persichetti,,blu,2,accesso limitato (ZTL),no,1,no,0,A1,
SS-NAP-2456,Vialetto Villa D'Agostino,,blu,2,accesso limitato (ZTL),no,1,no,0,B2,
SS-NAP-2457,Viali della Corte,,giallo,3,strada urbana senza ciclabile,no,2,no,0,B1,
SS-NAP-2458,Vicinale Agnolella 11,,giallo,3,strada urbana senza ciclabile,no,2,no,0,B1,
SS-NAP-2459,Vico 1° Fornelle,,giallo,3,strada urbana senza ciclabile,no,2,no,0,B2,
SS-NAP-2460,Vico Acitillo,,giallo,3,strada urbana senza ciclabile,no,2,si,0,A1,
SS-NAP-2461,Vico Bagnara,,giallo,3,strada urbana senza ciclabile,no,2,no,0,A2,
SS-NAP-2462,Vico Banchi Nuovi,,giallo,3,strada urbana senza ciclabile,no,2,no,0,A2,
SS-NAP-2463,Vico Belvedere,,blu,2,zona pedonale / living street,no,1,no,0,A2,
SS-NAP-2464,Vico Berio,,blu,2,zona pedonale / living street,no,1,no,0,A2,
SS-NAP-2465,Vico Biagio Miraglia,,blu,2,zona pedonale / living street,no,1,no,0,B2,
SS-NAP-2466,Vico Bonafficiata Vecchia,,blu,2,zona pedonale / living street,no,1,no,0,A2,
SS-NAP-2467,Vico Buongiorno,,giallo,3,strada urbana senza ciclabile,no,2,no,0,B2,
SS-NAP-2468,Vico Cacciottoli,,giallo,3,strada urbana senza ciclabile,no,2,no,0,A1,
SS-NAP-2469,Vico Calcare,,giallo,3,strada urbana senza ciclabile,no,2,si,0,A2,
SS-NAP-2470,Vico Campane a Sant'Eligio,,giallo,3,strada urbana senza ciclabile,no,2,si,0,A2,
SS-NAP-2471,Vico Canale a Taverna Penta,,blu,2,zona pedonale / living street,no,1,no,0,A2,
SS-NAP-2472,Vico Cariati,,giallo,3,strada urbana senza ciclabile,no,2,si,0,A2,
SS-NAP-2473,Vico Carlo Carafa,,blu,2,zona pedonale / living street,no,1,no,0,A2,
SS-NAP-2474,Vico Carrozzieri,,giallo,3,strada urbana senza ciclabile,no,2,no,0,B1,
SS-NAP-2475,Vico Casa Maglione,,giallo,3,strada urbana senza ciclabile,no,2,no,0,B2,
SS-NAP-2476,Vico Catari,,giallo,3,strada urbana senza ciclabile,no,2,no,0,A2,
SS-NAP-2477,Vico Cavaioli,,blu,2,zona pedonale / living street,no,1,no,0,A2,
SS-NAP-2478,Vico Cesarea,,giallo,3,strada urbana senza ciclabile,no,2,no,0,A1,
SS-NAP-2479,Vico Colonne a Loreto,,blu,2,zona pedonale / living street,no,1,no,0,A2,
SS-NAP-2480,Vico Concordia,,giallo,3,strada urbana senza ciclabile,no,2,si,0,A2,
SS-NAP-2481,Vico Congregazione Sette Dolori,,blu,2,zona pedonale / living street,no,1,no,0,A2,
SS-NAP-2482,Vico Conte di Mola,,blu,2,zona pedonale / living street,no,1,no,0,A2,
SS-NAP-2483,Vico Corrieri a Santa Brigida,,blu,2,zona pedonale / living street,no,1,no,0,A2,
SS-NAP-2484,Vico Costanzi,,giallo,3,strada urbana senza ciclabile,no,2,no,0,B1,
SS-NAP-2485,Vico Crispano,,blu,2,zona pedonale / living street,no,1,no,0,B2,
SS-NAP-2486,Vico Croce,,giallo,3,strada urbana senza ciclabile,no,2,no,0,B2,
SS-NAP-2487,Vico Croce a Sant'Agostino alla Zecca,,blu,2,zona pedonale / living street,no,1,no,0,A2,
SS-NAP-2488,Vico Detto Emanuele,,giallo,3,strada urbana senza ciclabile,no,2,no,0,A2,
SS-NAP-2489,Vico Donnaregina,,blu,2,zona pedonale / living street,no,1,no,0,B2,
SS-NAP-2490,Vico Donnaromita,,blu,2,zona pedonale / living street,no,1,no,0,A2,
SS-NAP-2491,Vico Duchesca,,blu,2,zona pedonale / living street,no,1,no,0,A2,
SS-NAP-2492,Vico Due Porte a Toledo,,giallo,3,strada urbana senza ciclabile,no,2,si,0,A2,
SS-NAP-2493,Vico Egiziaca,,giallo,3,strada urbana senza ciclabile,no,2,si,0,A2,
SS-NAP-2494,Vico Evangelista,,giallo,3,strada urbana senza ciclabile,no,2,no,0,B2,
SS-NAP-2495,Vico Ferrovia,,giallo,3,strada urbana senza ciclabile,no,2,si,0,B2,
SS-NAP-2496,Vico Fico,,blu,2,zona pedonale / living street,no,1,no,0,A2,
SS-NAP-2497,Vico Figurari,,blu,2,zona pedonale / living street,no,1,no,0,A2,
SS-NAP-2498,Vico Figurelle a Montecalvario,,blu,2,zona pedonale / living street,no,1,no,0,A2,
SS-NAP-2499,Vico Flavio Gioia,,giallo,3,strada urbana senza ciclabile,no,2,si,0,A2,
SS-NAP-2500,Vico Fonseca,,giallo,3,strada urbana senza ciclabile,no,2,no,0,B2,
SS-NAP-2501,Vico Fontanelle Alla Zabbatteria,,blu,2,zona pedonale / living street,no,1,no,0,A2,
SS-NAP-2502,Vico Forno alla Solitaria,,blu,2,zona pedonale / living street,no,1,no,0,A2,
SS-NAP-2503,Vico Gabella Vecchia,,giallo,3,strada urbana senza ciclabile,no,2,si,0,A2,
SS-NAP-2504,Vico Gavine,,blu,2,zona pedonale / living street,no,1,no,0,A2,
SS-NAP-2505,Vico Giardinetto,,blu,2,zona pedonale / living street,no,1,no,0,A2,
SS-NAP-2506,Vico Grotta a Santa Lucia,,blu,2,zona pedonale / living street,no,1,no,0,A2,
SS-NAP-2507,Vico I Marina ai Due Palazzi,,giallo,3,strada urbana senza ciclabile,no,2,no,0,A2,
SS-NAP-2508,Vico I Montecalvario,,giallo,3,strada urbana senza ciclabile,no,2,no,0,A2,
SS-NAP-2509,Vico I Parise,,giallo,3,strada urbana senza ciclabile,no,2,no,0,B2,
SS-NAP-2510,Vico I Piazza Larga,,blu,2,zona pedonale / living street,no,1,no,0,A2,
SS-NAP-2511,Vico I Quercia,,blu,2,zona pedonale / living street,no,1,no,0,A2,
SS-NAP-2512,Vico II Alabardieri,,blu,2,zona pedonale / living street,no,1,no,0,A1,
SS-NAP-2513,Vico II Duchesca,,giallo,3,strada urbana senza ciclabile,no,2,si,0,A2,
SS-NAP-2514,Vico II Foria,,blu,2,zona pedonale / living street,no,1,no,0,B2,
SS-NAP-2515,Vico II Marina,,giallo,3,strada urbana senza ciclabile,no,2,no,0,A2,
SS-NAP-2516,Vico II Montecalvario,,giallo,3,strada urbana senza ciclabile,no,2,si,0,A2,
SS-NAP-2517,Vico II Piazza Larga,,blu,2,zona pedonale / living street,no,1,no,0,A2,
SS-NAP-2518,Vico II Ponte,,giallo,3,strada urbana senza ciclabile,no,2,no,0,B2,
SS-NAP-2519,Vico II Ponte a Miano,,giallo,3,strada urbana senza ciclabile,no,2,no,0,B2,
SS-NAP-2520,Vico II Villa,,giallo,3,strada urbana senza ciclabile,no,2,no,0,A2,
SS-NAP-2521,Vico II dei Liguori,,giallo,3,strada urbana senza ciclabile,no,2,no,0,B1,
SS-NAP-2522,Vico III Parise,,giallo,3,strada urbana senza ciclabile,no,2,no,0,B2,
SS-NAP-2523,Vico III Villa,,giallo,3,strada urbana senza ciclabile,no,2,no,0,A2,
SS-NAP-2524,Vico Impagliafiaschi,,blu,2,zona pedonale / living street,no,1,no,0,B2,
SS-NAP-2525,Vico Ischitella,,giallo,3,strada urbana senza ciclabile,no,2,si,0,A1,
SS-NAP-2526,Vico Lepre,,giallo,3,strada urbana senza ciclabile,no,2,si,0,B2,
SS-NAP-2527,Vico Lepre ai Ventaglieri,,giallo,3,strada urbana senza ciclabile,no,2,no,0,A2,
SS-NAP-2528,Vico Lungo Montecalvario,,blu,2,zona pedonale / living street,no,1,no,0,A2,
SS-NAP-2529,Vico Lungo Sant'Antonio Abate,,blu,2,zona pedonale / living street,no,1,no,0,B2,
SS-NAP-2530,Vico Lungo Teatro Nuovo,,blu,2,zona pedonale / living street,no,1,no,0,A2,
SS-NAP-2531,Vico Lungo Trinità degli Spagnoli,,blu,2,zona pedonale / living street,no,1,no,0,A2,
SS-NAP-2532,Vico Luperano,,blu,2,zona pedonale / living street,no,1,no,0,A2,
SS-NAP-2533,Vico Maddalenella degli Spagnoli,,blu,2,zona pedonale / living street,no,1,no,0,A2,
SS-NAP-2534,Vico Maglione,,rosso,4,strada secondaria trafficata,no,2,si,0,B2,
SS-NAP-2535,Vico Martiri d'Otranto,,blu,2,zona pedonale / living street,no,1,no,0,B2,
SS-NAP-2536,Vico Mastellone,,blu,2,zona pedonale / living street,no,1,no,0,A2,
SS-NAP-2537,Vico Medina,,blu,2,zona pedonale / living street,no,1,no,0,A2,
SS-NAP-2538,Vico Melofioccolo,,giallo,3,strada urbana senza ciclabile,no,2,no,0,A2,
SS-NAP-2539,Vico Milano,,giallo,3,strada urbana senza ciclabile,no,2,si,0,B2,
SS-NAP-2540,Vico Miradois,,blu,2,zona pedonale / living street,no,1,no,0,B2,
SS-NAP-2541,Vico Molino dell'Inferno,,giallo,3,strada urbana senza ciclabile,no,2,no,0,A2,
SS-NAP-2542,Vico Mondragone,,giallo,3,strada urbana senza ciclabile,no,2,si,0,A1,
SS-NAP-2543,Vico Monte di Pietà,,blu,2,zona pedonale / living street,no,1,no,0,A2,
SS-NAP-2544,Vico Monteleone,,blu,2,zona pedonale / living street,no,1,no,0,A2,
SS-NAP-2545,Vico Nocche,,blu,2,zona pedonale / living street,no,1,no,0,B2,
SS-NAP-2546,Vico Orto del Conte,,giallo,3,strada urbana senza ciclabile,no,2,no,0,A2,
SS-NAP-2547,Vico Pacella,,blu,2,zona pedonale / living street,no,1,no,0,A2,
SS-NAP-2548,Vico Palazzo Due Porte,,giallo,3,strada urbana senza ciclabile,no,2,no,0,A2,
SS-NAP-2549,Vico Pallonetto Santa Chiara,,blu,2,zona pedonale / living street,no,1,si,0,A2,
SS-NAP-2550,Vico Papa,,blu,2,zona pedonale / living street,no,1,no,0,A2,
SS-NAP-2551,Vico Paparelle al Mercato,,blu,2,zona pedonale / living street,no,1,no,0,A2,
SS-NAP-2552,Vico Paparelle al Pendino,,blu,2,zona pedonale / living street,no,1,no,0,A2,
SS-NAP-2553,Vico Paradisiello,,blu,2,zona pedonale / living street,no,1,no,0,B2,
SS-NAP-2554,Vico Parrocchia,,blu,2,zona pedonale / living street,no,1,no,0,B2,
SS-NAP-2555,Vico Parroco Vecchio,,blu,2,zona pedonale / living street,no,1,no,0,B2,
SS-NAP-2556,Vico Pergola a Nolana,,blu,2,zona pedonale / living street,no,1,no,0,A2,
SS-NAP-2557,Vico Pergola a Sant'Antonio Abate,,blu,2,zona pedonale / living street,no,1,no,0,B2,
SS-NAP-2558,Vico Piedigrotta,,giallo,3,strada urbana senza ciclabile,no,2,si,0,A1,
SS-NAP-2559,Vico Pignasecca,,blu,2,zona pedonale / living street,no,1,no,0,A2,
SS-NAP-2560,Vico Piscicelli ai Tribunali,,blu,2,zona pedonale / living street,no,1,no,0,A2,
SS-NAP-2561,Vico Potenza,,blu,2,zona pedonale / living street,no,1,no,0,A2,
SS-NAP-2562,Vico Primo Censi,,giallo,3,strada urbana senza ciclabile,no,2,si,0,B2,
SS-NAP-2563,Vico Primo Plebiscito,,giallo,3,strada urbana senza ciclabile,no,2,no,0,B1,
SS-NAP-2564,Vico Rosario a Portamedina,,blu,2,zona pedonale / living street,no,1,no,0,A2,
SS-NAP-2565,Vico Rosario di Palazzo,,giallo,3,strada urbana senza ciclabile,no,2,si,0,A2,
SS-NAP-2566,Vico Rose a San Potito,,blu,2,zona pedonale / living street,no,1,no,0,A2,
SS-NAP-2567,Vico Rotto al Lavinaio,,blu,2,zona pedonale / living street,no,1,no,0,A2,
SS-NAP-2568,Vico S. Nicandro,,giallo,3,strada urbana senza ciclabile,no,2,no,0,B2,
SS-NAP-2569,Vico S. Porzio,,blu,2,zona pedonale / living street,no,1,no,0,B2,
SS-NAP-2570,Vico Salata all'Olivella,,giallo,3,strada urbana senza ciclabile,no,2,si,0,A2,
SS-NAP-2571,Vico San Demetrio,,giallo,3,strada urbana senza ciclabile,no,2,no,0,A2,
SS-NAP-2572,Vico San Domenico Maggiore,,blu,2,zona pedonale / living street,no,1,no,0,A2,
SS-NAP-2573,Vico San Gennaro dei Poveri,,giallo,3,strada urbana senza ciclabile,no,2,no,0,B2,
SS-NAP-2574,Vico San Geronimo,,blu,2,zona pedonale / living street,no,1,no,0,A2,
SS-NAP-2575,Vico San Guido,,blu,2,zona pedonale / living street,no,1,si,0,A1,
SS-NAP-2576,Vico San Marcellino,,giallo,3,strada urbana senza ciclabile,no,2,si,0,A2,
SS-NAP-2577,Vico San Nicola alla Carità,,blu,2,zona pedonale / living street,no,1,no,0,A2,
SS-NAP-2578,Vico San Pietro a Majella,,blu,2,zona pedonale / living street,no,1,no,0,A2,
SS-NAP-2579,Vico San Raimo,,blu,2,zona pedonale / living street,no,1,no,0,A2,
SS-NAP-2580,Vico San Rocco,,blu,2,zona pedonale / living street,no,1,no,0,A1,
SS-NAP-2581,Vico San Sepolcro,,blu,2,zona pedonale / living street,no,1,no,0,A2,
SS-NAP-2582,Vico San Severino,,blu,2,zona pedonale / living street,no,1,no,0,A2,
SS-NAP-2583,Vico San Tommaso ai Cappellari,,blu,2,zona pedonale / living street,no,1,no,0,A2,
SS-NAP-2584,Vico Sant'Anna di Palazzo,,giallo,3,strada urbana senza ciclabile,no,2,si,0,A2,
SS-NAP-2585,Vico Sant'Arcangelo a Baiano,,blu,2,zona pedonale / living street,no,1,no,0,A2,
SS-NAP-2586,Vico Sant'Eframo Vecchio,,giallo,3,strada urbana senza ciclabile,no,2,si,0,B2,
SS-NAP-2587,Vico Sant'Erasmo,,giallo,3,strada urbana senza ciclabile,no,2,no,0,A2,
SS-NAP-2588,Vico Santa Luciella,,blu,2,zona pedonale / living street,no,1,no,0,A2,
SS-NAP-2589,Vico Santa Margherita a Fonseca,,giallo,3,strada urbana senza ciclabile,no,2,si,0,B2,
SS-NAP-2590,Vico Santa Maria Delle Grazie,,giallo,3,strada urbana senza ciclabile,no,2,si,0,B2,
SS-NAP-2591,Vico Santa Maria a Cappella Vecchia,,blu,2,zona pedonale / living street,no,1,no,0,A1,
SS-NAP-2592,Vico Santa Maria ad Agnone,,blu,2,zona pedonale / living street,no,1,no,0,B2,
SS-NAP-2593,Vico Santa Maria degli Angeli alle Croci,,giallo,3,strada urbana senza ciclabile,no,2,si,0,B2,
SS-NAP-2594,Vico Santa Maria delle Grazie a Loreto,,giallo,3,strada urbana senza ciclabile,no,2,no,0,A2,
SS-NAP-2595,Vico Santa Maria delle Grazie a Toledo,,blu,2,zona pedonale / living street,no,1,no,0,A2,
SS-NAP-2596,Vico Santa Maria in Portico,,blu,2,zona pedonale / living street,no,1,si,0,A1,
SS-NAP-2597,Vico Santa Teresella degli Spagnoli,,giallo,3,strada urbana senza ciclabile,no,2,si,0,A2,
SS-NAP-2598,Vico Santillo,,giallo,3,strada urbana senza ciclabile,no,2,no,0,B2,
SS-NAP-2599,Vico Santo Spirito di Palazzo,,blu,2,zona pedonale / living street,no,1,no,0,A2,
SS-NAP-2600,Vico Scassacocchi,,blu,2,zona pedonale / living street,no,1,no,0,A2,
SS-NAP-2601,Vico Scorziata,,blu,2,zona pedonale / living street,no,1,no,0,A2,
SS-NAP-2602,Vico Secondo Censi,,giallo,3,strada urbana senza ciclabile,no,2,no,0,B2,
SS-NAP-2603,Vico Secondo Montesanto,,giallo,3,strada urbana senza ciclabile,no,2,si,0,A2,
SS-NAP-2604,Vico Secondo Plebiscito,,giallo,3,strada urbana senza ciclabile,no,2,si,0,B1,
SS-NAP-2605,Vico Sempreviva,,giallo,3,strada urbana senza ciclabile,no,2,no,0,A2,
SS-NAP-2606,Vico Sergente Maggiore,,giallo,3,strada urbana senza ciclabile,no,2,si,0,A2,
SS-NAP-2607,Vico Solitaria,,giallo,3,strada urbana senza ciclabile,no,2,no,0,A2,
SS-NAP-2608,Vico Sottomonte,,giallo,3,strada urbana senza ciclabile,no,2,no,0,A1,
SS-NAP-2609,Vico Stella a Porto,,blu,2,zona pedonale / living street,no,1,no,0,A2,
SS-NAP-2610,Vico Storto Concordia,,blu,2,zona pedonale / living street,no,1,no,0,A2,
SS-NAP-2611,Vico Storto Pallonetto a Santa Lucia,,blu,2,zona pedonale / living street,no,1,no,0,A2,
SS-NAP-2612,Vico Storto Sant'Anna di Palazzo,,giallo,3,strada urbana senza ciclabile,no,2,si,0,A2,
SS-NAP-2613,Vico Storto del Pozzo,,blu,2,zona pedonale / living street,no,1,no,0,B2,
SS-NAP-2614,Vico Strettola a Chiaia,,giallo,3,strada urbana senza ciclabile,no,2,no,0,A1,
SS-NAP-2615,Vico Strettola agli Orefici,,blu,2,zona pedonale / living street,no,1,no,0,A2,
SS-NAP-2616,Vico Tarsia,,giallo,3,strada urbana senza ciclabile,no,2,no,0,A2,
SS-NAP-2617,Vico Taverna Penta,,blu,2,zona pedonale / living street,no,1,no,0,A2,
SS-NAP-2618,Vico Teatro Nuovo,,blu,2,zona pedonale / living street,no,1,no,0,A2,
SS-NAP-2619,Vico Terzo Censi,,giallo,3,strada urbana senza ciclabile,no,2,no,0,B2,
SS-NAP-2620,Vico Tiratoio,,giallo,3,strada urbana senza ciclabile,no,2,si,0,A2,
SS-NAP-2621,Vico Tre Re a Toledo,,blu,2,zona pedonale / living street,no,1,no,0,A2,
SS-NAP-2622,Vico Tre Regine,,blu,2,zona pedonale / living street,no,1,no,0,A2,
SS-NAP-2623,Vico Tre Tornesi,,blu,2,zona pedonale / living street,no,1,no,0,A2,
SS-NAP-2624,Vico Trinità delle Monache,,giallo,3,strada urbana senza ciclabile,no,2,no,0,A2,
SS-NAP-2625,Vico Tutti i Santi,,blu,2,zona pedonale / living street,no,1,no,0,B2,
SS-NAP-2626,Vico Urbano Rattazzi,,giallo,3,strada urbana senza ciclabile,no,2,no,0,B2,
SS-NAP-2627,Vico VII Duchesca,,giallo,3,strada urbana senza ciclabile,no,2,no,0,A2,
SS-NAP-2628,Vico Vacche a San Liborio,,blu,2,zona pedonale / living street,no,1,no,0,A2,
SS-NAP-2629,Vico Vasto a Capuana,,giallo,3,strada urbana senza ciclabile,no,2,si,0,B2,
SS-NAP-2630,Vico Venezia,,giallo,3,strada urbana senza ciclabile,no,2,si,0,B2,
SS-NAP-2631,Vico Vetriera,,giallo,3,strada urbana senza ciclabile,no,2,si,0,A1,
SS-NAP-2632,Vico Vincenzo Valente,,giallo,3,strada urbana senza ciclabile,no,2,no,0,B2,
SS-NAP-2633,Vico Vittorio Veneto,,giallo,3,strada urbana senza ciclabile,no,2,no,0,B2,
SS-NAP-2634,Vico Zappari,,giallo,3,strada urbana senza ciclabile,no,2,no,0,A2,
SS-NAP-2635,Vico degli Azzimatori,,blu,2,zona pedonale / living street,no,1,no,0,A2,
SS-NAP-2636,Vico dei Bianchi,,blu,2,zona pedonale / living street,no,1,no,0,B2,
SS-NAP-2637,Vico dei Carbonari,,blu,2,zona pedonale / living street,no,1,no,0,A2,
SS-NAP-2638,Vico dei Costanzi,,blu,2,zona pedonale / living street,no,1,no,0,A2,
SS-NAP-2639,Vico dei Liguori,,giallo,3,strada urbana senza ciclabile,no,2,no,0,B1,
SS-NAP-2640,Vico dei Maiorani,,blu,2,zona pedonale / living street,no,1,no,0,A2,
SS-NAP-2641,Vico dei Monti,,giallo,3,strada urbana senza ciclabile (1 corsie),no,1,no,0,A1,
SS-NAP-2642,Vico dei Panettieri,,blu,2,zona pedonale / living street,no,1,no,0,A2,
SS-NAP-2643,Vico dei Pezzi,,giallo,3,strada urbana senza ciclabile,no,2,si,0,A2,
SS-NAP-2644,Vico dei Sospiri,,blu,2,zona pedonale / living street,no,1,no,0,A1,
SS-NAP-2645,Vico dei Tarallari,,blu,2,zona pedonale / living street,no,1,no,0,A2,
SS-NAP-2646,Vico del Fico al Purgatorio,,blu,2,zona pedonale / living street,no,1,no,0,A2,
SS-NAP-2647,Vico del Forno,,blu,2,zona pedonale / living street,no,1,no,0,B2,
SS-NAP-2648,Vico del Forno a Santa Lucia,,blu,2,zona pedonale / living street,no,1,no,0,A2,
SS-NAP-2649,Vico del Grottone,,blu,2,zona pedonale / living street,no,1,no,0,A2,
SS-NAP-2650,Vico del Vasto a Casanova,,blu,2,zona pedonale / living street,no,1,no,0,B2,
SS-NAP-2651,Vico del Vasto a Chiaia,,giallo,3,strada urbana senza ciclabile,no,2,si,0,A1,
SS-NAP-2652,Vico della Consolazione,,blu,2,zona pedonale / living street,no,1,no,0,B2,
SS-NAP-2653,Vico della Graziella,,giallo,3,strada urbana senza ciclabile,no,2,si,0,A2,
SS-NAP-2654,Vico della Quercia,,blu,2,zona pedonale / living street,no,1,no,0,A2,
SS-NAP-2655,Vico della Serpe,,blu,2,zona pedonale / living street,no,1,no,0,B2,
SS-NAP-2656,Vico delle Sbreglie,,giallo,3,strada urbana senza ciclabile,no,2,no,0,A2,
SS-NAP-2657,Vico detto Pizzorosso,,blu,2,zona pedonale / living street,no,1,no,0,B2,
SS-NAP-2658,Vicoletto Antonio Tagliamonte,,giallo,3,strada urbana senza ciclabile,no,2,no,0,B2,
SS-NAP-2659,Vicoletto Belvedere,,giallo,3,strada urbana senza ciclabile,no,2,no,0,A1,
SS-NAP-2660,Vicoletto Camillo Porzio,,blu,2,zona pedonale / living street,no,1,no,0,B2,
SS-NAP-2661,Vicoletto Capo di Napoli,,blu,2,zona pedonale / living street,no,1,no,0,A2,
SS-NAP-2662,Vicoletto Domenico Cimarosa,,giallo,3,strada urbana senza ciclabile,no,2,no,0,A1,
SS-NAP-2663,Vicoletto Duca degli Abruzzi,,giallo,3,strada urbana senza ciclabile,no,2,no,0,B2,
SS-NAP-2664,Vicoletto I Politi,,blu,2,zona pedonale / living street,no,1,no,0,A2,
SS-NAP-2665,Vicoletto I Santa Maria ad Agnone,,blu,2,zona pedonale / living street,no,1,no,0,B2,
SS-NAP-2666,Vicoletto I del Cavone,,blu,2,zona pedonale / living street,no,1,no,0,A2,
SS-NAP-2667,Vicoletto II Pergola,,blu,2,zona pedonale / living street,no,1,no,0,B2,
SS-NAP-2668,Vicoletto II San Giovanni Maggiore,,blu,2,zona pedonale / living street,no,1,no,0,A2,
SS-NAP-2669,Vicoletto II del Cavone,,blu,2,zona pedonale / living street,no,1,no,0,A2,
SS-NAP-2670,Vicoletto II del Consiglio,,blu,2,zona pedonale / living street,no,1,no,0,A2,
SS-NAP-2671,Vicoletto Jesu,,giallo,3,strada urbana senza ciclabile,no,2,no,0,A2,
SS-NAP-2672,Vicoletto Lepri a Pontenuovo,,blu,2,zona pedonale / living street,no,1,no,0,B2,
SS-NAP-2673,Vicoletto Municipio,,giallo,3,strada urbana senza ciclabile,no,2,no,0,A2,
SS-NAP-2674,Vicoletto Padre Gaetano Errico,,blu,2,zona pedonale / living street,no,1,no,0,B2,
SS-NAP-2675,Vicoletto Privato Tarallo,,giallo,3,strada urbana senza ciclabile,no,2,no,0,A2,
SS-NAP-2676,Vicoletto Rosario a Portamedina,,blu,2,zona pedonale / living street,no,1,no,0,A2,
SS-NAP-2677,Vicoletto Rosario di Palazzo,,blu,2,zona pedonale / living street,no,1,no,0,A2,
SS-NAP-2678,Vicoletto San Gennaro dei Poveri,,giallo,3,strada urbana senza ciclabile,no,2,no,0,B2,
SS-NAP-2679,Vicoletto San Geronimo,,blu,2,zona pedonale / living street,no,1,no,0,A2,
SS-NAP-2680,Vicoletto San Guido,,blu,2,zona pedonale / living street,no,1,no,0,A1,
SS-NAP-2681,Vicoletto San Petrillo,,blu,2,zona pedonale / living street,no,1,no,0,B2,
SS-NAP-2682,Vicoletto San Pietro a Maiella,,blu,2,zona pedonale / living street,no,1,no,0,A2,
SS-NAP-2683,Vicoletto Sant'Antonio da Padova,,blu,2,zona pedonale / living street,no,1,no,0,B2,
SS-NAP-2684,Vicoletto Santa Caterina a Formiello,,blu,2,zona pedonale / living street,no,1,no,0,B2,
SS-NAP-2685,Vicoletto Santa Maria della Fede,,blu,2,zona pedonale / living street,no,1,no,0,B2,
SS-NAP-2686,Vicoletto Santa Maria delle Grazie a Loreto,,giallo,3,strada urbana senza ciclabile,no,2,si,0,A2,
SS-NAP-2687,Vicoletto Santi Filippo e Giacomo,,blu,2,zona pedonale / living street,no,1,no,0,A2,
SS-NAP-2688,Vicoletto Soprammuro,,blu,2,zona pedonale / living street,no,1,no,0,A2,
SS-NAP-2689,Vicoletto Storto del Purgatorio ad Arco,,blu,2,zona pedonale / living street,no,1,no,0,A2,
SS-NAP-2690,Vicoletto Trinità degli Spagnoli,,blu,2,zona pedonale / living street,no,1,no,0,A2,
SS-NAP-2691,Vicoletto Villa,,giallo,3,strada urbana senza ciclabile,no,2,no,0,A2,
SS-NAP-2692,Vicoletto a Carbonara,,blu,2,zona pedonale / living street,no,1,no,0,B2,
SS-NAP-2693,Vicoletto della Tofa,,blu,2,zona pedonale / living street,no,1,no,0,A2,
SS-NAP-2694,Vicoletto della Vicaria,,blu,2,zona pedonale / living street,no,1,no,0,B2,
SS-NAP-2695,Vicoletto detto Improta,,giallo,3,strada urbana senza ciclabile,no,2,no,0,B2,
SS-NAP-2696,Vicoletto detto della Torre,,giallo,3,strada urbana senza ciclabile,no,2,no,0,B2,
SS-NAP-2697,Vicoletto di Via Vecchia Roma,,giallo,3,strada urbana senza ciclabile,no,2,si,0,B2,
SS-NAP-2698,Vicolo Chianche alla Vicaria,,blu,2,zona pedonale / living street,no,1,no,0,A2,
SS-NAP-2699,Vicolo Cotugno a Miano,,giallo,3,strada urbana senza ciclabile,no,2,no,0,B2,
SS-NAP-2700,Vicolo I Chiesa,,giallo,3,strada urbana senza ciclabile,no,2,no,0,B2,
SS-NAP-2701,Vicolo I Santa Maria a Cancello,,blu,2,zona pedonale / living street,no,1,no,0,A2,
SS-NAP-2702,Vicolo Longo,,blu,2,zona pedonale / living street,no,1,no,0,B2,
SS-NAP-2703,Vicolo Quattromani,,giallo,3,strada urbana senza ciclabile,no,2,no,0,B2,
SS-NAP-2704,Vicolo Tiglio,,giallo,3,strada urbana senza ciclabile,no,2,no,0,B2,
SS-NAP-2705,via Antonio Vivaldi,,giallo,3,strada urbana senza ciclabile,no,2,no,0,B1,
SS-NAP-2706,via Cupa Camaldoli,,giallo,3,strada urbana senza ciclabile,no,2,no,0,B1,
SS-NAP-2707,via Eduardo Scarpetta,,giallo,3,strada urbana senza ciclabile,no,2,no,0,B1,
SS-NAP-2708,via Torre Poerio,,giallo,3,strada urbana senza ciclabile,no,2,no,0,B1,
SS-NAP-2709,via Vicinale Pignatiello,,giallo,3,strada urbana senza ciclabile,no,2,no,0,A1,
