{"type": "FeatureCollection", "features": [{"type": "Feature", "properties": {"id": "SS-MIL-0028", "nome": "Cavalcavia Don Lorenzo Milani", "quartiere": "", "classificazione": "rosso", "score": 4, "note": "strada secondaria trafficata", "ciclabile": "no", "n_corsie": "2", "senso_unico": "si", "n_testimonianze": "0", "zona": "B1"}, "geometry": {"type": "MultiLineString", "coordinates": [[[9.143863, 45.4489761], [9.1438782, 45.4489559], [9.1440294, 45.4487538]], [[9.1451874, 45.4471403], [9.1460239, 45.4457017], [9.1461555, 45.4454772], [9.1461677, 45.4454544], [9.1462148, 45.4453736], [9.1471132, 45.4438303]], [[9.1451874, 45.4471403], [9.1446752, 45.4480439]], [[9.1440294, 45.4487538], [9.1444546, 45.4483017], [9.1446752, 45.4480439]], [[9.1446752, 45.4480439], [9.1445891, 45.4482811], [9.1444197, 45.4488435]], [[9.1444197, 45.4488435], [9.1443264, 45.4490681], [9.144307, 45.4491147]]]}}, {"type": "Feature", "properties": {"id": "SS-MIL-0031", "nome": "Cavalcavia Giuseppe Luraghi", "quartiere": "", "classificazione": "giallo", "score": 3, "note": "strada urbana senza ciclabile", "ciclabile": "no", "n_corsie": "2", "senso_unico": "si", "n_testimonianze": "0", "zona": "B1"}, "geometry": {"type": "MultiLineString", "coordinates": [[[9.0890581, 45.4555718], [9.0887564, 45.4554799], [9.0885996, 45.455421], [9.0884496, 45.4553443], [9.0883157, 45.4552595]], [[9.0863719, 45.4530174], [9.0866381, 45.4531999], [9.0867529, 45.4533062]], [[9.0881491, 45.4548584], [9.0880094, 45.4549795]], [[9.087111, 45.4555011], [9.087043, 45.4555599]], [[9.0873246, 45.4551632], [9.087111, 45.4555011]], [[9.0880306, 45.4550051], [9.0880094, 45.4549795]], [[9.0883157, 45.4552595], [9.0880961, 45.4550635], [9.0880306, 45.4550051]], [[9.0885367, 45.4552123], [9.0886646, 45.4553089], [9.0888224, 45.4553901], [9.0890099, 45.4554667], [9.0890898, 45.4554925]], [[9.0882287, 45.4549272], [9.0885367, 45.4552123]], [[9.0869721, 45.4555131], [9.0871959, 45.4551826]], [[9.0866977, 45.4560289], [9.0867511, 45.4558334], [9.0868624, 45.4556747], [9.0868837, 45.4556327]], [[9.0867529, 45.4533062], [9.086932, 45.4534643], [9.0880351, 45.454728], [9.0880645, 45.4547617], [9.0881491, 45.4548584]], [[9.0871959, 45.4551826], [9.0872778, 45.4550632], [9.0873097, 45.4550411]], [[9.0873097, 45.4550411], [9.087628, 45.4549594]], [[9.087628, 45.4549594], [9.0877823, 45.4549059], [9.0878334, 45.4549141], [9.087935, 45.4548912]], [[9.0880094, 45.4549795], [9.087935, 45.4548912]], [[9.087935, 45.4548912], [9.0881491, 45.4548584]], [[9.0868837, 45.4556327], [9.0869721, 45.4555131]], [[9.0881491, 45.4548584], [9.0882287, 45.4549272]], [[9.087935, 45.4548912], [9.0878846, 45.4548394], [9.0877482, 45.4547]], [[9.0877482, 45.4547], [9.0868305, 45.453535], [9.086731, 45.4534358]], [[9.0890898, 45.4554925], [9.0893017, 45.4555688], [9.0898229, 45.4557646]], [[9.0880094, 45.4549795], [9.0879006, 45.4550039], [9.0875348, 45.4550829], [9.0874275, 45.4551031], [9.0873649, 45.4551319], [9.0873246, 45.4551632]], [[9.086731, 45.4534358], [9.086648, 45.4533505], [9.0865965, 45.4533008]], [[9.0865965, 45.4533008], [9.0865441, 45.453243], [9.0863719, 45.4530174]]]}}, {"type": "Feature", "properties": {"id": "SS-MIL-0033", "nome": "Cavalcavia Renato Serra", "quartiere": "", "classificazione": "nero", "score": 5, "note": "strada ad alta velocità (trunk, 70 km/h)", "ciclabile": "no", "n_corsie": "2", "senso_unico": "si", "n_testimonianze": "0", "zona": "B1"}, "geometry": {"type": "MultiLineString", "coordinates": [[[9.143387, 45.4837337], [9.1433497, 45.4838797], [9.1433713, 45.4840078], [9.1434108, 45.4841218], [9.1434678, 45.4842518], [9.1435254, 45.4843621], [9.1436027, 45.4844907], [9.1436834, 45.4846144], [9.1437714, 45.4847351], [9.1438698, 45.4848566], [9.1439787, 45.4849791], [9.1440845, 45.4850887]], [[9.1440845, 45.4850887], [9.1442122, 45.4852084], [9.1443315, 45.4853108], [9.1444533, 45.485407], [9.1446056, 45.485513], [9.1447524, 45.4856106], [9.1463704, 45.4866655]], [[9.1463083, 45.4867111], [9.1447873, 45.4857139], [9.1445493, 45.4855578], [9.1444341, 45.4854793], [9.1443231, 45.485395], [9.1442175, 45.4853075], [9.1441162, 45.4852187], [9.1440154, 45.4851242]], [[9.1440154, 45.4851242], [9.1439208, 45.4850276], [9.1438321, 45.4849304], [9.1437505, 45.4848341], [9.1436682, 45.4847278], [9.1435974, 45.4846263], [9.1435295, 45.4845215], [9.1434648, 45.484415], [9.1434101, 45.4843165], [9.1433644, 45.4842236], [9.1433203, 45.4841283], [9.1432795, 45.4840309], [9.1431099, 45.4837736]]]}}, {"type": "Feature", "properties": {"id": "SS-MIL-0061", "nome": "Corso Sempione", "quartiere": "", "classificazione": "giallo", "score": 3, "note": "strada urbana senza ciclabile (1 corsie)", "ciclabile": "no", "n_corsie": "1", "senso_unico": "si", "n_testimonianze": "0", "zona": "B1"}, "geometry": {"type": "MultiLineString", "coordinates": [[[9.1585135, 45.4858676], [9.1585851, 45.4857487], [9.1595931, 45.4849447]], [[9.1588279, 45.4862384], [9.1587626, 45.4862527], [9.1583434, 45.4865686]], [[9.1587877, 45.48605], [9.1586812, 45.4861405], [9.1586417, 45.4861741], [9.1585978, 45.4862076], [9.1583813, 45.4863729], [9.1572911, 45.487192]], [[9.1599407, 45.4851699], [9.1589403, 45.4859252], [9.1589131, 45.4859464], [9.1588887, 45.4859665], [9.1587877, 45.48605]], [[9.1585103, 45.4860264], [9.1585278, 45.4860007], [9.1585442, 45.485966], [9.1585558, 45.485932], [9.1585652, 45.485902]], [[9.1571391, 45.4871124], [9.1581735, 45.4862981], [9.1584456, 45.4860855], [9.1584728, 45.4860643]], [[9.160268, 45.4854034], [9.1593639, 45.4861105], [9.1592916, 45.4861671], [9.1592639, 45.4861888], [9.1591504, 45.4862834]], [[9.1584728, 45.4860643], [9.1585103, 45.4860264]], [[9.1589431, 45.48615], [9.1588279, 45.4862384]], [[9.158055, 45.4867859], [9.1573672, 45.4873253]], [[9.1583345, 45.4866221], [9.158128, 45.4867804]], [[9.158128, 45.4867804], [9.158055, 45.4867859]], [[9.1583434, 45.4865686], [9.1583345, 45.4866221]], [[9.163274, 45.482157], [9.1633505, 45.4820984], [9.1638804, 45.4816927], [9.1639162, 45.4816653]], [[9.163089, 45.4822867], [9.1631, 45.482279], [9.1631401, 45.4822509], [9.1632204, 45.4821946], [9.1632655, 45.482163], [9.163274, 45.482157]], [[9.1694173, 45.4779733], [9.169354, 45.4780221], [9.1693205, 45.4780479], [9.169292, 45.4780694], [9.168724, 45.4784972], [9.1686936, 45.4785201], [9.168681, 45.4785297], [9.1686119, 45.4785823]], [[9.163274, 45.482157], [9.1632815, 45.4821618], [9.1633211, 45.482187], [9.1633339, 45.4821951]], [[9.1637733, 45.4827574], [9.1637266, 45.4827259], [9.163588, 45.4826324], [9.1635798, 45.4826269], [9.1635531, 45.4826088], [9.1634442, 45.4825354]], [[9.1657248, 45.4807876], [9.165632, 45.4808578], [9.1648012, 45.4814961]], [[9.1698554, 45.4781196], [9.1698267, 45.4781493], [9.1697967, 45.4781803]], [[9.161044, 45.4838222], [9.1618717, 45.4831981], [9.1619345, 45.4831495]], [[9.161433, 45.4845276], [9.161339, 45.4845961], [9.1611812, 45.4847175], [9.1607259, 45.4850679]], [[9.1653895, 45.4805229], [9.1654707, 45.4804645], [9.1655035, 45.480441], [9.1656456, 45.4803341]], [[9.1661969, 45.4809102], [9.1658927, 45.481149], [9.1658146, 45.4812103]], [[9.1603777, 45.4838343], [9.1605486, 45.4838312], [9.1607429, 45.4838277], [9.1608993, 45.4838248], [9.1609795, 45.4838234], [9.161044, 45.4838222]], [[9.1603935, 45.4843202], [9.160391, 45.4842424], [9.160382, 45.4839665], [9.1603806, 45.4839246], [9.1603777, 45.4838343]], [[9.1663927, 45.4807566], [9.1663123, 45.4808197], [9.166302, 45.4808277]], [[9.1656456, 45.4803341], [9.1659761, 45.4800858], [9.1662783, 45.4798588]], [[9.167513, 45.4794127], [9.1673945, 45.4793377], [9.1673324, 45.4792979], [9.1672601, 45.4792527], [9.1672323, 45.4792351], [9.1671504, 45.4791833]], [[9.1686119, 45.4785823], [9.1685432, 45.4786345], [9.168529, 45.4786446], [9.1684736, 45.4786872], [9.167513, 45.4794127]], [[9.1648012, 45.4814961], [9.1643365, 45.4818531]], [[9.167513, 45.4794127], [9.1660943, 45.4805027], [9.1660496, 45.480537]], [[9.1643365, 45.4818531], [9.1637679, 45.48229], [9.163722, 45.482324], [9.1637156, 45.4823301], [9.1636387, 45.4823892]], [[9.1686119, 45.4785823], [9.1687459, 45.4786667], [9.1687895, 45.4786943], [9.1688668, 45.4787441], [9.1688782, 45.4787518], [9.1689654, 45.478809]], [[9.1622832, 45.4833887], [9.1612579, 45.484177], [9.1612333, 45.4841957], [9.1611939, 45.484226], [9.1610957, 45.4843013]], [[9.17159, 45.4763223], [9.1711849, 45.4766308]], [[9.170583, 45.4770894], [9.1705232, 45.4771346], [9.169649, 45.4777945]], [[9.1678575, 45.4796435], [9.1668417, 45.4804041]], [[9.1682548, 45.478348], [9.1683506, 45.4782855], [9.1688523, 45.4779009], [9.1689677, 45.4778124], [9.1689886, 45.4777969], [9.1690988, 45.4776957]], [[9.1626298, 45.4836224], [9.1625846, 45.4836565], [9.1615715, 45.4844228], [9.1615533, 45.4844366], [9.161433, 45.4845276]], [[9.1637733, 45.4827574], [9.1636849, 45.4828243], [9.1633498, 45.4830778], [9.1626914, 45.4835757], [9.1626298, 45.4836224]], [[9.1595931, 45.4849447], [9.1603935, 45.4843202]], [[9.1610957, 45.4843013], [9.1609937, 45.4843751], [9.1609605, 45.4843991], [9.160925, 45.4844259], [9.1606262, 45.4846511]], [[9.1607259, 45.4850679], [9.1605735, 45.4851796], [9.160268, 45.4854034]], [[9.1606262, 45.4846511], [9.1599407, 45.4851699]], [[9.1607326, 45.4840652], [9.1608372, 45.4839861], [9.161044, 45.4838222]], [[9.1603935, 45.4843202], [9.1605941, 45.4841694], [9.160633, 45.4841385], [9.1607326, 45.4840652]], [[9.1619345, 45.4831495], [9.1619858, 45.4831109], [9.1629558, 45.4823854], [9.1629949, 45.4823562], [9.1630186, 45.4823387], [9.163089, 45.4822867]], [[9.1634442, 45.4825354], [9.1633709, 45.4825907], [9.1633577, 45.4826006], [9.1633185, 45.4826293], [9.1622832, 45.4833887]], [[9.1668417, 45.4804041], [9.1664653, 45.4806995], [9.1664384, 45.4807206], [9.1663927, 45.4807566]], [[9.1658146, 45.4812103], [9.1651186, 45.4817373]], [[9.1639162, 45.4816653], [9.1643728, 45.4813157], [9.1644402, 45.4812641]], [[9.1639726, 45.4826049], [9.1638554, 45.4826946], [9.1637733, 45.4827574]], [[9.1651186, 45.4817373], [9.1647309, 45.4820308], [9.1646797, 45.4820696]], [[9.1636387, 45.4823892], [9.1635425, 45.4824615], [9.1634442, 45.4825354]], [[9.1646797, 45.4820696], [9.1640941, 45.4825129], [9.1640618, 45.4825374], [9.1639726, 45.4826049]], [[9.1644402, 45.4812641], [9.1651804, 45.4806861], [9.1652346, 45.4806438], [9.1652759, 45.4806125], [9.1653083, 45.480587], [9.1653895, 45.4805229]], [[9.163158, 45.482335], [9.1631401, 45.4823225], [9.1630999, 45.4822943], [9.163089, 45.4822867]], [[9.1636387, 45.4823892], [9.1637499, 45.4824611], [9.1637865, 45.4824847], [9.1638712, 45.4825394], [9.1639422, 45.4825853], [9.1639726, 45.4826049]], [[9.1634442, 45.4825354], [9.1633135, 45.4824439], [9.1632857, 45.4824244], [9.1632297, 45.4823852], [9.1631816, 45.4823515], [9.163158, 45.482335]], [[9.1633339, 45.4821951], [9.1633623, 45.4822132], [9.1633748, 45.4822212], [9.1634569, 45.4822735], [9.1634727, 45.4822835], [9.1635029, 45.4823028], [9.1636387, 45.4823892]], [[9.1662783, 45.4798588], [9.1669916, 45.4793035], [9.1671504, 45.4791833]], [[9.1671504, 45.4791833], [9.1672198, 45.4791305], [9.1680952, 45.4784558], [9.1681345, 45.4784255], [9.1682548, 45.478348]], [[9.1689654, 45.478809], [9.1688737, 45.4788774], [9.1684856, 45.4791708], [9.1679319, 45.479587], [9.1678575, 45.4796435]], [[9.1660496, 45.480537], [9.1660287, 45.4805531], [9.1659722, 45.4805965], [9.1659453, 45.4806171], [9.1658979, 45.4806536]], [[9.1694957, 45.4779074], [9.1694173, 45.4779733]], [[9.1697967, 45.4781803], [9.1697176, 45.4782401], [9.1693031, 45.4785536], [9.1691017, 45.4787059], [9.1690495, 45.4787454], [9.1689654, 45.478809]], [[9.1711849, 45.4766308], [9.170583, 45.4770894]], [[9.1686119, 45.4785823], [9.16851, 45.4785154], [9.1685008, 45.4785094], [9.1684738, 45.4784917], [9.1683912, 45.4784375], [9.1683831, 45.4784322], [9.1683609, 45.4784176], [9.1683325, 45.478399], [9.1682548, 45.478348]], [[9.169649, 45.4777945], [9.1696158, 45.4778196]], [[9.1695905, 45.4778387], [9.1695502, 45.4778679], [9.1694957, 45.4779074]], [[9.1658979, 45.4806536], [9.1658672, 45.4806772], [9.1658343, 45.4807024], [9.1657449, 45.480772], [9.1657248, 45.4807876]], [[9.166302, 45.4808277], [9.1662861, 45.4808402], [9.1661969, 45.4809102]], [[9.1696158, 45.4778196], [9.1695905, 45.4778387]], [[9.0468623, 45.5378231], [9.0469749, 45.5376751], [9.0471046, 45.5375685], [9.0472252, 45.5374608], [9.047498, 45.5372095], [9.047959, 45.5367401], [9.049164, 45.5355345]], [[9.0586887, 45.5261523], [9.0577119, 45.5271216]], [[9.0540853, 45.5307188], [9.0539617, 45.5308438]], [[9.053851, 45.5308259], [9.0539699, 45.5307093]], [[9.0539699, 45.5307093], [9.0541944, 45.5304821], [9.0546721, 45.5299987], [9.0555154, 45.5291453]], [[9.0513096, 45.5334947], [9.0510797, 45.5337214], [9.0501891, 45.5346351], [9.0493742, 45.5354492]], [[9.0574372, 45.5273942], [9.0567703, 45.5280545], [9.0556116, 45.529172]], [[9.0556116, 45.529172], [9.0554407, 45.5293452], [9.0549623, 45.5298301], [9.0540853, 45.5307188]], [[9.0555154, 45.5291453], [9.056665, 45.5280336], [9.0573202, 45.5273743]], [[9.0493742, 45.5354492], [9.0492372, 45.5355808]], [[9.049164, 45.5355345], [9.0493005, 45.535408]], [[9.0493005, 45.535408], [9.0500892, 45.5346136], [9.0510738, 45.5336139], [9.0512267, 45.5334604]], [[9.0492372, 45.5355808], [9.0480383, 45.5367807], [9.0475954, 45.5372385], [9.0473278, 45.5374975], [9.0472018, 45.5376071], [9.0470919, 45.5376906], [9.0468623, 45.5378231]], [[9.0513792, 45.5333073], [9.053851, 45.5308259]], [[9.0512267, 45.5334604], [9.0513792, 45.5333073]], [[9.0514575, 45.5333489], [9.0513096, 45.5334947]], [[9.0539617, 45.5308438], [9.0537804, 45.5310286], [9.0528817, 45.5319445], [9.0514575, 45.5333489]], [[9.0577119, 45.5271216], [9.0574372, 45.5273942]]]}}, {"type": "Feature", "properties": {"id": "SS-MIL-0064", "nome": "Corso Vercelli", "quartiere": "", "classificazione": "giallo", "score": 3, "note": "strada urbana senza ciclabile", "ciclabile": "no", "n_corsie": "2", "senso_unico": "no", "n_testimonianze": "0", "zona": "B1"}, "geometry": {"type": "MultiLineString", "coordinates": [[[9.1590686, 45.4665951], [9.158964, 45.4666028], [9.1585422, 45.4666344]], [[9.1569933, 45.4667575], [9.1561866, 45.4668169]], [[9.1580143, 45.4666823], [9.1569933, 45.4667575]], [[9.1582688, 45.4666655], [9.1580143, 45.4666823]], [[9.1585422, 45.4666344], [9.1582688, 45.4666655]], [[9.1594053, 45.4665792], [9.1593203, 45.4665843], [9.1590686, 45.4665951]], [[9.1585422, 45.4666344], [9.1585081, 45.4666583], [9.1584778, 45.4666796], [9.1584621, 45.4666907], [9.1581023, 45.4667177], [9.1580868, 45.4667188], [9.1580382, 45.4666941], [9.1580143, 45.4666823]], [[9.1582688, 45.4666655], [9.1582833, 45.4666486], [9.1583464, 45.4665985], [9.1584535, 45.4665896], [9.1589373, 45.4665498], [9.1589466, 45.4665497], [9.1590559, 45.4665904], [9.1590686, 45.4665951]], [[9.1597702, 45.4665431], [9.1596012, 45.4665553], [9.1594053, 45.4665792]], [[9.1648591, 45.4661717], [9.1648374, 45.4661732], [9.1647127, 45.4661815], [9.1646917, 45.4661829]], [[9.1637063, 45.4662546], [9.163121, 45.4662979], [9.163081, 45.4663016]], [[9.1637063, 45.4662546], [9.1637125, 45.4662491], [9.1637688, 45.4661991], [9.1645283, 45.4661397], [9.164581, 45.4661358], [9.1646643, 45.4661466], [9.1646918, 45.4661501], [9.1647569, 45.4661585], [9.1648273, 45.4661676], [9.1648359, 45.4661687], [9.1648591, 45.4661717]], [[9.1617306, 45.4664066], [9.1597702, 45.4665431]], [[9.1623274, 45.4663571], [9.1622124, 45.466372], [9.1617306, 45.4664066]], [[9.1623274, 45.4663571], [9.1625758, 45.4663377], [9.163081, 45.4663016]], [[9.1617306, 45.4664066], [9.1617472, 45.4663928], [9.1618044, 45.4663453], [9.1621695, 45.4663197], [9.1622037, 45.4663239], [9.1623043, 45.4663514], [9.1623274, 45.4663571]], [[9.163081, 45.4663016], [9.1630431, 45.4663275], [9.1629406, 45.46637], [9.1625844, 45.4663972], [9.1625325, 45.4663992], [9.1624024, 45.4663716], [9.1623274, 45.4663571]], [[9.1646917, 45.4661829], [9.1646823, 45.4661837], [9.1644373, 45.4662042], [9.1637063, 45.4662546]]]}}, {"type": "Feature", "properties": {"id": "SS-MIL-0093", "nome": "Largo Africa", "quartiere": "", "classificazione": "blu", "score": 2, "note": "zona pedonale / living street", "ciclabile": "no", "n_corsie": "1", "senso_unico": "no", "n_testimonianze": "0", "zona": "B1"}, "geometry": {"type": "LineString", "coordinates": [[9.1555215, 45.4755118], [9.1558335, 45.4755018], [9.1559393, 45.4755005], [9.1561526, 45.4754953], [9.1561477, 45.4753502], [9.1561444, 45.4752619], [9.1559243, 45.4752659], [9.1558161, 45.4752679], [9.1555083, 45.4752734], [9.1554009, 45.4752776], [9.1552893, 45.4753171], [9.155346, 45.4753646], [9.1554106, 45.4754189], [9.1555215, 45.4755118]]}}, {"type": "Feature", "properties": {"id": "SS-MIL-0102", "nome": "Largo Antonio Balestra", "quartiere": "", "classificazione": "blu", "score": 2, "note": "zona pedonale / living street", "ciclabile": "no", "n_corsie": "1", "senso_unico": "no", "n_testimonianze": "0", "zona": "B1"}, "geometry": {"type": "MultiLineString", "coordinates": [[[9.1416382, 45.4483109], [9.1416629, 45.448272], [9.1416731, 45.4482511], [9.141795, 45.4480619]], [[9.1416731, 45.4482511], [9.1415956, 45.4482278], [9.1417061, 45.4480252], [9.1417537, 45.4479422], [9.1417757, 45.447912], [9.1418091, 45.4478626], [9.1418135, 45.4478556], [9.1419817, 45.4479093], [9.1420055, 45.4479173], [9.1420379, 45.447928], [9.142055, 45.447934], [9.1419542, 45.4480905], [9.141918, 45.448152], [9.1418722, 45.4482246], [9.1418191, 45.4482072], [9.1417708, 45.4482843], [9.1416731, 45.4482511]]]}}, {"type": "Feature", "properties": {"id": "SS-MIL-0108", "nome": "Largo Brasilia", "quartiere": "", "classificazione": "giallo", "score": 3, "note": "strada urbana senza ciclabile", "ciclabile": "no", "n_corsie": "2", "senso_unico": "no", "n_testimonianze": "0", "zona": "B1"}, "geometry": {"type": "MultiLineString", "coordinates": [[[9.1363588, 45.4516203], [9.1363128, 45.4516917], [9.136155, 45.4519365]], [[9.1347123, 45.4510932], [9.134793, 45.4511126], [9.1348907, 45.4511388], [9.1349863, 45.4511872]], [[9.1342642, 45.4511893], [9.1343509, 45.4511764], [9.1343902, 45.4511635], [9.134417, 45.451149], [9.1344577, 45.4511139], [9.1344955, 45.4510934]], [[9.134567, 45.4512954], [9.1344924, 45.4512639], [9.1342642, 45.4511893]], [[9.1353062, 45.4512888], [9.1354202, 45.451325], [9.1362546, 45.4515878], [9.1363126, 45.4516059], [9.1363588, 45.4516203]], [[9.134708, 45.4516377], [9.1345686, 45.4517724]], [[9.1344378, 45.451502], [9.134567, 45.4512954]], [[9.134567, 45.4512954], [9.1347123, 45.4510932]], [[9.1353062, 45.4512888], [9.1352371, 45.4513038], [9.1349117, 45.4514587], [9.1348192, 45.4514874]], [[9.1349863, 45.4511872], [9.1348904, 45.4513553]], [[9.1343559, 45.451643], [9.1344378, 45.451502]], [[9.1348192, 45.4514874], [9.134708, 45.4516377]], [[9.1348904, 45.4513553], [9.1348192, 45.4514874]], [[9.1344955, 45.4510934], [9.1345431, 45.4510803], [9.1345986, 45.4510767], [9.1347123, 45.4510932]]]}}, {"type": "Feature", "properties": {"id": "SS-MIL-0111", "nome": "Largo Carlo Alberto dalla Chiesa", "quartiere": "", "classificazione": "giallo", "score": 3, "note": "strada urbana senza ciclabile", "ciclabile": "no", "n_corsie": "2", "senso_unico": "no", "n_testimonianze": "0", "zona": "B1"}, "geometry": {"type": "MultiLineString", "coordinates": [[[9.140371, 45.4637667], [9.1403472, 45.4637835], [9.1403201, 45.4637976], [9.1402907, 45.4638093], [9.1402594, 45.4638183], [9.1402269, 45.4638245], [9.1401934, 45.4638279], [9.1401596, 45.4638283], [9.1401261, 45.4638257], [9.1400932, 45.4638203], [9.1400615, 45.463812], [9.1400502, 45.4638085]], [[9.1399003, 45.4636442], [9.1399007, 45.4636361], [9.1399013, 45.4636205], [9.1399065, 45.4635971], [9.1399158, 45.4635743], [9.139929, 45.4635525], [9.139946, 45.4635321], [9.1399665, 45.4635132], [9.1399901, 45.4634963], [9.1400166, 45.4634816], [9.1400199, 45.4634802]], [[9.1404179, 45.4635573], [9.1404284, 45.4635751], [9.1404362, 45.4635935], [9.1404412, 45.4636118], [9.1404435, 45.4636304], [9.1404432, 45.4636491], [9.1404403, 45.4636676], [9.1404348, 45.4636859], [9.1404268, 45.4637037], [9.1404162, 45.4637208], [9.1404033, 45.4637371], [9.1403882, 45.4637525], [9.140371, 45.4637667]], [[9.1402093, 45.4634492], [9.1402424, 45.4634539], [9.1402744, 45.4634615], [9.1403048, 45.4634718], [9.1403332, 45.4634847], [9.1403591, 45.4634999], [9.140382, 45.4635172], [9.1404018, 45.4635365], [9.1404179, 45.4635573]], [[9.1400199, 45.4634802], [9.1400455, 45.4634693], [9.1400763, 45.4634596], [9.1401086, 45.4634526], [9.1401419, 45.4634486], [9.1401756, 45.4634474], [9.1402093, 45.4634492]], [[9.1400502, 45.4638085], [9.1400316, 45.4638011], [9.1400038, 45.4637876], [9.1399786, 45.4637718], [9.1399564, 45.463754], [9.1399375, 45.4637343], [9.1399223, 45.4637132], [9.1399109, 45.4636909], [9.1399036, 45.4636678], [9.1399003, 45.4636442]]]}}, {"type": "Feature", "properties": {"id": "SS-MIL-0113", "nome": "Largo Cavalieri di Malta", "quartiere": "", "classificazione": "giallo", "score": 3, "note": "strada urbana senza ciclabile", "ciclabile": "no", "n_corsie": "2", "senso_unico": "si", "n_testimonianze": "0", "zona": "B1"}, "geometry": {"type": "MultiLineString", "coordinates": [[[9.1380352, 45.4540166], [9.1380015, 45.4540368], [9.1379686, 45.4540449], [9.1376899, 45.4539825], [9.1376696, 45.4539688], [9.1376615, 45.4539465], [9.1377082, 45.4538242], [9.1378211, 45.4535121], [9.1378652, 45.4533906]], [[9.1384616, 45.4533134], [9.1383765, 45.4534371]], [[9.1383765, 45.4534371], [9.1383108, 45.4535533], [9.1380903, 45.4539231], [9.1380352, 45.4540166]], [[9.1378652, 45.4533906], [9.1378728, 45.4533739], [9.1378808, 45.4533488], [9.1379031, 45.4533087], [9.1381451, 45.4530326], [9.1382229, 45.4530097], [9.1383027, 45.4530267], [9.1384351, 45.4531431], [9.138472, 45.4532407], [9.1384616, 45.4533134]]]}}, {"type": "Feature", "properties": {"id": "SS-MIL-0123", "nome": "Largo Don Saturnino Villa", "quartiere": "", "classificazione": "blu", "score": 2, "note": "zona pedonale / living street", "ciclabile": "no", "n_corsie": "1", "senso_unico": "no", "n_testimonianze": "0", "zona": "B1"}, "geometry": {"type": "LineString", "coordinates": [[9.0699138, 45.4509321], [9.0699571, 45.4508798], [9.0699705, 45.4508636], [9.070172, 45.4507425]]}}, {"type": "Feature", "properties": {"id": "SS-MIL-0128", "nome": "Largo Fatima", "quartiere": "", "classificazione": "giallo", "score": 3, "note": "strada urbana senza ciclabile", "ciclabile": "no", "n_corsie": "2", "senso_unico": "no", "n_testimonianze": "0", "zona": "B1"}, "geometry": {"type": "MultiLineString", "coordinates": [[[9.1309864, 45.4492181], [9.1309091, 45.4492017], [9.1306356, 45.4491445]], [[9.1307687, 45.448903], [9.1305092, 45.4488195], [9.1295065, 45.4484968], [9.1293289, 45.4484397], [9.1292551, 45.4484159]], [[9.1311015, 45.4490102], [9.1310619, 45.4489974], [9.1310223, 45.4489847], [9.1307687, 45.448903]], [[9.1306356, 45.4491445], [9.1302501, 45.4490635], [9.1292432, 45.4488522], [9.1291291, 45.4488282], [9.1290401, 45.4488095]]]}}, {"type": "Feature", "properties": {"id": "SS-MIL-0134", "nome": "Largo Giambellino", "quartiere": "", "classificazione": "giallo", "score": 3, "note": "strada urbana senza ciclabile", "ciclabile": "no", "n_corsie": "2", "senso_unico": "si", "n_testimonianze": "0", "zona": "B1"}, "geometry": {"type": "MultiLineString", "coordinates": [[[9.1386205, 45.4481819], [9.1392615, 45.4483819], [9.139338, 45.4483951], [9.1393992, 45.4483931]], [[9.1374421, 45.4477975], [9.1375442, 45.4478293], [9.1384949, 45.4481415], [9.1386205, 45.4481819]], [[9.1370458, 45.4470121], [9.1370481, 45.4469877], [9.1370491, 45.4469632], [9.1370583, 45.4469311], [9.1370712, 45.4469044]], [[9.1377139, 45.4470537], [9.1377015, 45.4470807], [9.1376868, 45.4471035]], [[9.1393992, 45.4483931], [9.1394408, 45.4483759], [9.1394908, 45.4483406]], [[9.1342642, 45.4471815], [9.1344937, 45.4468417]], [[9.1344937, 45.4468417], [9.1346004, 45.4468762], [9.1364136, 45.4474604], [9.1364692, 45.4474759], [9.1365331, 45.4474802]], [[9.1344937, 45.4468417], [9.1348225, 45.4463415], [9.1348616, 45.4462877]], [[9.1371117, 45.4468536], [9.1377139, 45.4470537]], [[9.134946, 45.4461504], [9.1351109, 45.446204], [9.1369959, 45.4468148]], [[9.1369046, 45.446966], [9.1357179, 45.446572], [9.1350208, 45.4463409], [9.1348616, 45.4462877]], [[9.1394908, 45.4483406], [9.1397421, 45.4479183], [9.1397555, 45.4478977], [9.1397695, 45.4478763]], [[9.1375833, 45.4471875], [9.1370458, 45.4470121]], [[9.1370712, 45.4469044], [9.1371117, 45.4468536]], [[9.1376868, 45.4471035], [9.137666, 45.447128], [9.1376446, 45.4471478], [9.1376208, 45.4471656], [9.1375833, 45.4471875]], [[9.1377973, 45.4470814], [9.1395725, 45.447645], [9.1396911, 45.4476826], [9.1398594, 45.4477361]], [[9.1397695, 45.4478763], [9.1396028, 45.4478239], [9.1394843, 45.4477867], [9.1377149, 45.4472304]], [[9.1369959, 45.4468148], [9.1371117, 45.4468536]], [[9.1370458, 45.4470121], [9.1369046, 45.446966]], [[9.1377149, 45.4472304], [9.1375833, 45.4471875]], [[9.1377139, 45.4470537], [9.1377973, 45.4470814]]]}}, {"type": "Feature", "properties": {"id": "SS-MIL-0137", "nome": "Largo Giovan Battista Scalabrini", "quartiere": "", "classificazione": "giallo", "score": 3, "note": "strada urbana senza ciclabile", "ciclabile": "no", "n_corsie": "2", "senso_unico": "no", "n_testimonianze": "0", "zona": "B1"}, "geometry": {"type": "MultiLineString", "coordinates": [[[9.140843, 45.4498336], [9.1410501, 45.449932], [9.1411535, 45.4499655], [9.1412231, 45.4499912], [9.1413198, 45.4500235]], [[9.140843, 45.4498336], [9.1408327, 45.4498635], [9.1407275, 45.4499095], [9.1406693, 45.4499371], [9.1406415, 45.4499259]], [[9.1412164, 45.4502115], [9.1412372, 45.4501542], [9.1413198, 45.4500235]], [[9.1412164, 45.4502115], [9.1410749, 45.4503261], [9.1409997, 45.4503783]]]}}, {"type": "Feature", "properties": {"id": "SS-MIL-0164", "nome": "Largo Papa Giovanni Ventitreesimo", "quartiere": "", "classificazione": "blu", "score": 2, "note": "zona pedonale / living street", "ciclabile": "no", "n_corsie": "1", "senso_unico": "no", "n_testimonianze": "0", "zona": "B1"}, "geometry": {"type": "LineString", "coordinates": [[9.0546106, 45.4803497], [9.0551242, 45.4805585], [9.0550808, 45.480604], [9.0549285, 45.4805383], [9.0547997, 45.480685], [9.0547228, 45.4806518], [9.0546135, 45.4807763], [9.0545745, 45.4807863], [9.0545368, 45.480796], [9.0544488, 45.480803], [9.054348, 45.480823], [9.0543349, 45.4808201], [9.0542856, 45.4807943], [9.0542366, 45.4807831], [9.0542439, 45.4807704], [9.0540824, 45.4807248], [9.0540929, 45.480628], [9.0541419, 45.4805566], [9.0541749, 45.4805677], [9.0542208, 45.4805005], [9.0542431, 45.480508], [9.054267, 45.4804731], [9.054241, 45.4804643], [9.0542626, 45.4804327], [9.0542443, 45.4804266], [9.0542763, 45.4803799], [9.0544365, 45.4804337], [9.0544969, 45.4803454], [9.0545496, 45.4803745], [9.0546106, 45.4803497]]}}, {"type": "Feature", "properties": {"id": "SS-MIL-0193", "nome": "Largo dei Gelsomini", "quartiere": "", "classificazione": "giallo", "score": 3, "note": "strada urbana senza ciclabile", "ciclabile": "no", "n_corsie": "2", "senso_unico": "si", "n_testimonianze": "0", "zona": "B1"}, "geometry": {"type": "MultiLineString", "coordinates": [[[9.135951, 45.4494048], [9.1358538, 45.4495325], [9.135828, 45.4495764], [9.1358302, 45.4496581]], [[9.1366232, 45.4491377], [9.1362647, 45.4496989], [9.1362128, 45.4497807]], [[9.1369063, 45.447292], [9.1369928, 45.4472247], [9.1370085, 45.4471925], [9.137024, 45.447146], [9.1370283, 45.4471072], [9.1370343, 45.4470379]], [[9.1375833, 45.4471875], [9.1375341, 45.4472124], [9.1374901, 45.4472476], [9.1374509, 45.4472815], [9.1374219, 45.4473166], [9.1374036, 45.4473448], [9.1373887, 45.447412]], [[9.1373887, 45.447412], [9.1374486, 45.4477662], [9.1374421, 45.4477975]], [[9.1369063, 45.447292], [9.1370134, 45.4472483], [9.1370758, 45.4472337], [9.1371353, 45.4472306], [9.1371868, 45.4472363], [9.137236, 45.447252], [9.1372783, 45.4472729], [9.1373185, 45.4473071], [9.1373557, 45.4473541], [9.1373887, 45.447412]], [[9.1375341, 45.4472124], [9.1374865, 45.4472214], [9.1374451, 45.4472285], [9.1374, 45.447232], [9.1373553, 45.4472313], [9.1372825, 45.447221], [9.1372366, 45.4472081], [9.1371923, 45.4471899], [9.1371613, 45.4471729], [9.1371334, 45.4471535], [9.137107, 45.4471302], [9.137085, 45.4471048], [9.1370343, 45.4470379], [9.1370458, 45.4470121]], [[9.1357054, 45.4496171], [9.135773, 45.4495618], [9.1358077, 45.4495201], [9.1358812, 45.4493795]], [[9.135951, 45.4494048], [9.1358812, 45.4493795]], [[9.1365331, 45.4474802], [9.1369063, 45.447292]], [[9.1358812, 45.4493795], [9.1355875, 45.448953]], [[9.1355875, 45.448953], [9.1364706, 45.447534], [9.1365331, 45.4474802]], [[9.1374421, 45.4477975], [9.137429, 45.4478556], [9.1366232, 45.4491377]], [[9.1366232, 45.4491377], [9.1364181, 45.4492533], [9.1361222, 45.4493594]], [[9.1361222, 45.4493594], [9.135951, 45.4494048]], [[9.1352805, 45.4494781], [9.13533, 45.4493918], [9.1355213, 45.4490511], [9.1355875, 45.448953]]]}}, {"type": "Feature", "properties": {"id": "SS-MIL-0199", "nome": "Nuova Strada Vigevanese", "quartiere": "", "classificazione": "rosso", "score": 4, "note": "strada principale trafficata (3 corsie)", "ciclabile": "no", "n_corsie": "3", "senso_unico": "si", "n_testimonianze": "0", "zona": "B1"}, "geometry": {"type": "MultiLineString", "coordinates": [[[9.1012549, 45.4369113], [9.1020232, 45.4371437], [9.1039938, 45.4377399], [9.1051467, 45.4380825]], [[9.112767, 45.441904], [9.112312, 45.4416268], [9.1122169, 45.4415705], [9.1083525, 45.4392818], [9.1078377, 45.4390314], [9.1075733, 45.4389242], [9.1072811, 45.4388171], [9.1068685, 45.4386937], [9.1053736, 45.4382467]], [[9.1128494, 45.4418349], [9.112954, 45.4418954], [9.1132348, 45.4420578], [9.1143931, 45.4427278], [9.1155487, 45.4432232]], [[9.1155441, 45.4433771], [9.1154504, 45.443335]], [[9.112767, 45.441904], [9.1126724, 45.4419392], [9.1126155, 45.441948], [9.1125304, 45.441947], [9.1124398, 45.4419263], [9.1123713, 45.4418935], [9.1123059, 45.441834], [9.1122805, 45.4417875], [9.1122723, 45.441754], [9.1122734, 45.4417073], [9.112312, 45.4416268], [9.1123883, 45.4415649], [9.1124595, 45.4415355], [9.1125651, 45.441519], [9.1126228, 45.4415212]], [[9.1126228, 45.4415212], [9.1126702, 45.4415288], [9.1127694, 45.4415658], [9.1128397, 45.4416217], [9.1128724, 45.4416733], [9.1128844, 45.4417481], [9.1128494, 45.4418349]], [[9.1155487, 45.4432232], [9.1156488, 45.4432629]], [[9.1154504, 45.443335], [9.1153533, 45.4432897], [9.1143026, 45.4427918], [9.1140815, 45.442664], [9.1128736, 45.4419656], [9.112767, 45.441904]], [[9.1050954, 45.4381638], [9.1037426, 45.4377533], [9.1012094, 45.4369823]], [[9.1053736, 45.4382467], [9.1053019, 45.4382253], [9.1050954, 45.4381638]], [[9.1054215, 45.4381619], [9.1069084, 45.4386178], [9.1073385, 45.4387508], [9.1076233, 45.4388576], [9.1078995, 45.4389704], [9.1084271, 45.4392317], [9.1122918, 45.4415081], [9.1123883, 45.4415649], [9.1128494, 45.4418349]], [[9.1051467, 45.4380825], [9.1053441, 45.4381395], [9.1054215, 45.4381619]], [[9.1128494, 45.4418349], [9.112767, 45.441904]]]}}, {"type": "Feature", "properties": {"id": "SS-MIL-0222", "nome": "Piazza Alberto Burri", "quartiere": "", "classificazione": "blu", "score": 2, "note": "zona pedonale / living street", "ciclabile": "no", "n_corsie": "1", "senso_unico": "no", "n_testimonianze": "0", "zona": "B1"}, "geometry": {"type": "LineString", "coordinates": [[9.1575195, 45.4770443], [9.1575201, 45.4770727], [9.1575212, 45.477098], [9.1575075, 45.477098], [9.1575122, 45.4771936], [9.1576344, 45.4773059], [9.1577408, 45.4772785], [9.1577462, 45.4773577], [9.1579367, 45.4773961], [9.158037, 45.4774866], [9.157945, 45.4775842], [9.1578956, 45.4777065], [9.1579536, 45.4778802], [9.1579659, 45.4779017], [9.1579812, 45.4779213], [9.1580009, 45.4779379], [9.1580192, 45.4779496], [9.1580437, 45.4779606], [9.1580711, 45.4779677], [9.1580989, 45.4779732], [9.158124, 45.477976], [9.1581471, 45.4779766], [9.1581676, 45.4779762], [9.1582002, 45.4779749], [9.1582217, 45.4779733], [9.1582435, 45.4779724], [9.1583857, 45.4779704], [9.1583803, 45.4778731], [9.1583112, 45.4778751], [9.1582672, 45.4770232], [9.1582118, 45.4770247], [9.1581012, 45.4770276], [9.1575195, 45.4770443]]}}, {"type": "Feature", "properties": {"id": "SS-MIL-0227", "nome": "Piazza Anita Garibaldi", "quartiere": "", "classificazione": "giallo", "score": 3, "note": "strada urbana senza ciclabile", "ciclabile": "no", "n_corsie": "2", "senso_unico": "si", "n_testimonianze": "0", "zona": "B1"}, "geometry": {"type": "MultiLineString", "coordinates": [[[9.0879403, 45.4627072], [9.0875777, 45.4626102]], [[9.087935, 45.4634899], [9.0872381, 45.4632897], [9.0871737, 45.4632712]], [[9.087935, 45.4634899], [9.0879226, 45.4635116], [9.0877845, 45.4638281]]]}}, {"type": "Feature", "properties": {"id": "SS-MIL-0237", "nome": "Piazza Axum", "quartiere": "", "classificazione": "giallo", "score": 3, "note": "strada urbana senza ciclabile", "ciclabile": "no", "n_corsie": "2", "senso_unico": "si", "n_testimonianze": "0", "zona": "B1"}, "geometry": {"type": "MultiLineString", "coordinates": [[[9.1232922, 45.4760777], [9.1232907, 45.4760241], [9.1232814, 45.4754708], [9.1232964, 45.4754314], [9.1233242, 45.4754089], [9.123361, 45.4753862]], [[9.1243035, 45.4755529], [9.1243116, 45.4760182], [9.1243205, 45.4760651]], [[9.1240662, 45.4753733], [9.1242689, 45.475476], [9.1242917, 45.4755081], [9.1243035, 45.4755529]], [[9.1234776, 45.4762298], [9.1233581, 45.4761908], [9.1233167, 45.4761486], [9.1232961, 45.4761275]], [[9.1235098, 45.4751264], [9.1235438, 45.4752064], [9.123577, 45.4752512], [9.1236173, 45.4752932], [9.1236777, 45.4753376], [9.1237577, 45.4753792]], [[9.123361, 45.4753862], [9.1234174, 45.4753143], [9.1234555, 45.4752533], [9.1234711, 45.4752138], [9.1235098, 45.4751264]], [[9.1243205, 45.4760651], [9.1243365, 45.4761283], [9.1243435, 45.476156]], [[9.1237577, 45.4753792], [9.1239953, 45.4753747], [9.1240662, 45.4753733]], [[9.123361, 45.4753862], [9.1237577, 45.4753792]], [[9.1232922, 45.4760777], [9.1243205, 45.4760651]], [[9.1243435, 45.476156], [9.1243536, 45.4762192]], [[9.1243536, 45.4762192], [9.1240623, 45.4762227], [9.1234776, 45.4762298]], [[9.1232961, 45.4761275], [9.1232922, 45.4760777]]]}}, {"type": "Feature", "properties": {"id": "SS-MIL-0254", "nome": "Piazza Carlo Amati", "quartiere": "", "classificazione": "giallo", "score": 3, "note": "strada urbana senza ciclabile", "ciclabile": "no", "n_corsie": "2", "senso_unico": "si", "n_testimonianze": "0", "zona": "B1"}, "geometry": {"type": "MultiLineString", "coordinates": [[[9.1265066, 45.4684138], [9.1269587, 45.468696], [9.1270283, 45.4687401]], [[9.1264763, 45.4691767], [9.1263064, 45.4692285], [9.1260518, 45.469306]], [[9.1264763, 45.4691767], [9.1262317, 45.4689454]], [[9.1264733, 45.4682697], [9.1265066, 45.4684138], [9.1266107, 45.4687468], [9.1266245, 45.4687884]], [[9.1263773, 45.4685187], [9.1264733, 45.4682697]], [[9.1262317, 45.4689454], [9.1262783, 45.4687902], [9.1263773, 45.4685187]], [[9.1266245, 45.4687884], [9.1265549, 45.4689716], [9.1264763, 45.4691767]], [[9.1271855, 45.4689464], [9.1270427, 45.4689944], [9.1270268, 45.4689998], [9.1268338, 45.4690645], [9.1267212, 45.4691026], [9.1265075, 45.4691666], [9.1264763, 45.4691767]], [[9.1262317, 45.4689454], [9.1263672, 45.4688819], [9.1264814, 45.4688354], [9.1266245, 45.4687884]], [[9.1266245, 45.4687884], [9.1267297, 45.4687723], [9.1268339, 45.4687561], [9.1270283, 45.4687401]], [[9.1256157, 45.4693523], [9.1256761, 45.4693292], [9.1257309, 45.4693051], [9.1257857, 45.4692775], [9.125833, 45.4692474], [9.1258848, 45.4692081], [9.1259769, 45.4691333], [9.1261407, 45.4689972], [9.1262317, 45.4689454]]]}}, {"type": "Feature", "properties": {"id": "SS-MIL-0258", "nome": "Piazza Carlo Irnerio", "quartiere": "", "classificazione": "giallo", "score": 3, "note": "strada urbana senza ciclabile", "ciclabile": "no", "n_corsie": "2", "senso_unico": "no", "n_testimonianze": "0", "zona": "B1"}, "geometry": {"type": "MultiLineString", "coordinates": [[[9.152974, 45.4615854], [9.1529525, 45.4610302], [9.1529356, 45.4606226], [9.1529343, 45.4605602]], [[9.1536156, 45.4616249], [9.153615, 45.4615673], [9.1535679, 45.460627]], [[9.1529343, 45.4605602], [9.1530505, 45.4605579], [9.1531281, 45.4605561], [9.1532234, 45.4605541]], [[9.1532234, 45.4605541], [9.1534001, 45.4605481], [9.1535648, 45.4605436]], [[9.1536156, 45.4616249], [9.1532873, 45.4616341]], [[9.1532873, 45.4616341], [9.1529754, 45.4616423]]]}}, {"type": "Feature", "properties": {"id": "SS-MIL-0260", "nome": "Piazza Carlo Stuparich", "quartiere": "", "classificazione": "giallo", "score": 3, "note": "strada urbana senza ciclabile", "ciclabile": "no", "n_corsie": "2", "senso_unico": "si", "n_testimonianze": "0", "zona": "B1"}, "geometry": {"type": "MultiLineString", "coordinates": [[[9.142086, 45.4832184], [9.1421337, 45.483251], [9.1421995, 45.4832804], [9.1422933, 45.4833009], [9.1423665, 45.4833074]], [[9.1425929, 45.4834743], [9.1425083, 45.4835065]], [[9.1423665, 45.4833074], [9.1425993, 45.4831995], [9.1426331, 45.4831843], [9.1427276, 45.4831322], [9.1428885, 45.4829339]], [[9.1422009, 45.4833739], [9.1421437, 45.4833102], [9.1421069, 45.4832656], [9.142086, 45.4832184]], [[9.1422009, 45.4833739], [9.1423665, 45.4833074]], [[9.1425083, 45.4835065], [9.1424553, 45.4835251]], [[9.1430036, 45.4832774], [9.1427246, 45.4834195], [9.1425929, 45.4834743]]]}}, {"type": "Feature", "properties": {"id": "SS-MIL-0267", "nome": "Piazza Cesare Stovani", "quartiere": "", "classificazione": "giallo", "score": 3, "note": "strada urbana senza ciclabile", "ciclabile": "no", "n_corsie": "2", "senso_unico": "si", "n_testimonianze": "0", "zona": "B1"}, "geometry": {"type": "MultiLineString", "coordinates": [[[9.09272, 45.4608497], [9.0927126, 45.460816], [9.0926732, 45.460636]], [[9.0923184, 45.4608909], [9.0923093, 45.4608545], [9.092281, 45.4607063], [9.0922899, 45.4606838], [9.0923093, 45.4606701], [9.0926162, 45.4606416], [9.0926263, 45.4606406], [9.0926732, 45.460636]], [[9.0923446, 45.4608503], [9.0923198, 45.4606927], [9.0926079, 45.4606708], [9.0926215, 45.4606781], [9.0926477, 45.460823], [9.0923446, 45.4608503]]]}}, {"type": "Feature", "properties": {"id": "SS-MIL-0281", "nome": "Piazza Domenico Ghirlandaio", "quartiere": "", "classificazione": "giallo", "score": 3, "note": "strada urbana senza ciclabile", "ciclabile": "no", "n_corsie": "2", "senso_unico": "si", "n_testimonianze": "0", "zona": "B1"}, "geometry": {"type": "MultiLineString", "coordinates": [[[9.1462897, 45.466689], [9.146415, 45.4667822], [9.1464994, 45.4668464], [9.1465644, 45.4669036], [9.1465731, 45.4669112]], [[9.1462897, 45.466689], [9.1462366, 45.4668588], [9.1462135, 45.4669325], [9.1462092, 45.4669462]], [[9.1464502, 45.4671623], [9.1463894, 45.4671865], [9.1462012, 45.4672306], [9.14617, 45.4672384], [9.1461132, 45.467253]], [[9.1462092, 45.4669462], [9.1462045, 45.4669611], [9.1461745, 45.4670572], [9.1461132, 45.467253]], [[9.1465731, 45.4669112], [9.1465637, 45.4669311], [9.1465367, 45.4669965], [9.1464772, 45.4671373], [9.1464502, 45.4671623]]]}}, {"type": "Feature", "properties": {"id": "SS-MIL-0284", "nome": "Piazza Don Lorenzo Milani", "quartiere": "", "classificazione": "blu", "score": 2, "note": "zona pedonale / living street", "ciclabile": "no", "n_corsie": "1", "senso_unico": "no", "n_testimonianze": "0", "zona": "B1"}, "geometry": {"type": "LineString", "coordinates": [[9.0667696, 45.4739714], [9.0667966, 45.4738357], [9.0668179, 45.4737288], [9.0665008, 45.4734904], [9.0666526, 45.4732519], [9.0667561, 45.4731092], [9.066899, 45.4730945], [9.0669012, 45.4730938], [9.0670343, 45.4730805], [9.0670653, 45.4730576], [9.0671351, 45.4730501], [9.0671629, 45.4730225], [9.067157, 45.4729899], [9.0672107, 45.4729842], [9.0672477, 45.4730068], [9.0672676, 45.4731335], [9.0673169, 45.4731613], [9.0672796, 45.4731939], [9.0671947, 45.4731951], [9.0672187, 45.473313], [9.067203, 45.4733197], [9.0672236, 45.4733923], [9.0673148, 45.4734412], [9.0673324, 45.4734403], [9.0674243, 45.4734357], [9.067465, 45.4734337], [9.0675099, 45.4736046], [9.0676387, 45.4736272], [9.0676819, 45.4736348], [9.0676526, 45.4737188], [9.0676464, 45.4737386], [9.067312, 45.4736849], [9.0672972, 45.4737], [9.0672778, 45.4737272], [9.06723, 45.4737943], [9.0671328, 45.4739304], [9.0670432, 45.474056], [9.0667696, 45.4739714]]}}, {"type": "Feature", "properties": {"id": "SS-MIL-0295", "nome": "Piazza Enrico Berlinguer", "quartiere": "", "classificazione": "blu", "score": 2, "note": "zona pedonale / living street", "ciclabile": "no", "n_corsie": "1", "senso_unico": "no", "n_testimonianze": "0", "zona": "B1"}, "geometry": {"type": "LineString", "coordinates": [[9.1507822, 45.4497796], [9.1510039, 45.4494298], [9.1510467, 45.4494089], [9.1510826, 45.4494085], [9.1516716, 45.4495975], [9.1517619, 45.4496279], [9.1517722, 45.4496316], [9.1516368, 45.4498637], [9.1516271, 45.4498607], [9.1512203, 45.4497315], [9.1510974, 45.4499176], [9.150903, 45.4498544], [9.1507615, 45.4498021], [9.1507707, 45.4497885], [9.1507822, 45.4497796]]}}, {"type": "Feature", "properties": {"id": "SS-MIL-0302", "nome": "Piazza Ernesto De Angeli", "quartiere": "", "classificazione": "giallo", "score": 3, "note": "strada urbana senza ciclabile", "ciclabile": "no", "n_corsie": "2", "senso_unico": "si", "n_testimonianze": "0", "zona": "B1"}, "geometry": {"type": "MultiLineString", "coordinates": [[[9.1508952, 45.466478], [9.1507537, 45.4664628], [9.1506548, 45.4664566]], [[9.1484218, 45.4667318], [9.1484307, 45.4667211], [9.1484763, 45.4666693], [9.1485085, 45.4665652], [9.1485165, 45.4665399], [9.1485273, 45.4664892]], [[9.1506548, 45.4664566], [9.1505236, 45.4664854], [9.1504438, 45.4665042], [9.1503681, 45.4665291], [9.1503121, 45.4665549], [9.15026, 45.4665889], [9.1502127, 45.4666599], [9.150195, 45.466775], [9.1501954, 45.4668679], [9.1502034, 45.4669217], [9.1502165, 45.4669547], [9.150223, 45.4669709], [9.1502258, 45.466978]], [[9.1508952, 45.466478], [9.1508549, 45.4664299], [9.1508294, 45.4663941], [9.1508133, 45.4663545], [9.150808, 45.4663165], [9.1508147, 45.4662708], [9.1508601, 45.4662172]], [[9.1487913, 45.4665401], [9.1486961, 45.4665989], [9.1486384, 45.4666575], [9.1486148, 45.466702], [9.1486094, 45.4667116]], [[9.148857, 45.4664995], [9.1486002, 45.4665011], [9.1485616, 45.4664976], [9.1485273, 45.4664892]], [[9.1501768, 45.4664426], [9.148857, 45.4664995]], [[9.1485273, 45.4664892], [9.1485379, 45.466433], [9.1485532, 45.466408], [9.1486037, 45.4663929], [9.1494608, 45.4663135], [9.1500751, 45.4662491], [9.1503267, 45.466225], [9.1505353, 45.4662054], [9.1507241, 45.4661858], [9.1507714, 45.4661814], [9.1508215, 45.466198], [9.1508601, 45.4662172]], [[9.1501768, 45.4664426], [9.150291, 45.4664294], [9.1503854, 45.4664131], [9.1504653, 45.4663932], [9.1505384, 45.4663697], [9.1506085, 45.4663438]], [[9.1506548, 45.4664566], [9.1501768, 45.4664426]], [[9.1506085, 45.4663438], [9.1506825, 45.4663098], [9.1507345, 45.4662859], [9.1507787, 45.4662656], [9.1508601, 45.4662172]], [[9.148857, 45.4664995], [9.1487913, 45.4665401]]]}}, {"type": "Feature", "properties": {"id": "SS-MIL-0303", "nome": "Piazza Esquilino", "quartiere": "", "classificazione": "giallo", "score": 3, "note": "strada urbana senza ciclabile", "ciclabile": "no", "n_corsie": "2", "senso_unico": "no", "n_testimonianze": "0", "zona": "B1"}, "geometry": {"type": "MultiLineString", "coordinates": [[[9.1331857, 45.4752699], [9.1323697, 45.4752709]], [[9.1331857, 45.4752699], [9.1332012, 45.4758922], [9.1332019, 45.475927], [9.1332026, 45.4759566]], [[9.1323898, 45.4759665], [9.1323927, 45.4759058], [9.1323697, 45.4752709]]]}}, {"type": "Feature", "properties": {"id": "SS-MIL-0327", "nome": "Piazza Gio Ponti", "quartiere": "", "classificazione": "rosso", "score": 4, "note": "strada secondaria trafficata", "ciclabile": "no", "n_corsie": "2", "senso_unico": "si", "n_testimonianze": "0", "zona": "B1"}, "geometry": {"type": "MultiLineString", "coordinates": [[[9.1500556, 45.4410798], [9.1500241, 45.4410767], [9.1499477, 45.4410716], [9.1498152, 45.4410297]], [[9.1500061, 45.4408889], [9.1501106, 45.4409093], [9.150212, 45.4409486]], [[9.150212, 45.4409486], [9.1500556, 45.4410798]], [[9.1498152, 45.4410297], [9.1500061, 45.4408889]]]}}, {"type": "Feature", "properties": {"id": "SS-MIL-0329", "nome": "Piazza Giorgio Ceruti", "quartiere": "", "classificazione": "blu", "score": 2, "note": "zona pedonale / living street", "ciclabile": "no", "n_corsie": "1", "senso_unico": "no", "n_testimonianze": "0", "zona": "B1"}, "geometry": {"type": "LineString", "coordinates": [[9.144293, 45.4779243], [9.1448551, 45.4774845], [9.1445525, 45.4772944], [9.1439905, 45.4777342], [9.144293, 45.4779243]]}}, {"type": "Feature", "properties": {"id": "SS-MIL-0331", "nome": "Piazza Giorgio Simone Ohm", "quartiere": "", "classificazione": "rosso", "score": 4, "note": "strada secondaria trafficata (3 corsie)", "ciclabile": "no", "n_corsie": "3", "senso_unico": "si", "n_testimonianze": "0", "zona": "B1"}, "geometry": {"type": "MultiLineString", "coordinates": [[[9.1478357, 45.4429078], [9.1477416, 45.443058], [9.1475984, 45.4432681]], [[9.1476773, 45.4427321], [9.1478531, 45.4426277]], [[9.1479062, 45.4427913], [9.1478357, 45.4429078]], [[9.1479062, 45.4427913], [9.1479679, 45.4428259], [9.1480876, 45.4429175]], [[9.1473454, 45.4431823], [9.1474461, 45.4430174]], [[9.147554, 45.4428406], [9.1473866, 45.4428027]], [[9.1478357, 45.4429078], [9.147554, 45.4428406]], [[9.1469664, 45.4426477], [9.1473735, 45.4426892], [9.1474455, 45.4426951], [9.1476773, 45.4427321]], [[9.1485262, 45.4421911], [9.1481791, 45.4425597]], [[9.147554, 45.4428406], [9.1476773, 45.4427321]], [[9.1476773, 45.4427321], [9.1479062, 45.4427913]], [[9.1480876, 45.4429175], [9.1478357, 45.4429078]], [[9.1479909, 45.4427097], [9.1479062, 45.4427913]], [[9.1473866, 45.4428027], [9.1469664, 45.4426477]], [[9.1474461, 45.4430174], [9.1474706, 45.4429773], [9.147554, 45.4428406]], [[9.1478993, 45.4431675], [9.1478437, 45.4431797], [9.1477629, 45.4432054], [9.1475984, 45.4432681]], [[9.1478531, 45.4426277], [9.1481559, 45.4423966]], [[9.148137, 45.4432178], [9.1480943, 45.4431915], [9.1480395, 45.4431721], [9.1479807, 45.4431635], [9.1478993, 45.4431675]], [[9.1481791, 45.4425597], [9.1480757, 45.4426421], [9.1479909, 45.4427097]], [[9.1481559, 45.4423966], [9.1483496, 45.4422816], [9.1485262, 45.4421911]]]}}, {"type": "Feature", "properties": {"id": "SS-MIL-0332", "nome": "Piazza Giosia Monti", "quartiere": "", "classificazione": "giallo", "score": 3, "note": "strada urbana senza ciclabile", "ciclabile": "no", "n_corsie": "2", "senso_unico": "si", "n_testimonianze": "0", "zona": "B1"}, "geometry": {"type": "MultiLineString", "coordinates": [[[9.0886785, 45.4756677], [9.0887378, 45.4755347], [9.0887537, 45.4755109], [9.0888073, 45.4754692]], [[9.0885602, 45.4760385], [9.088537, 45.4759825], [9.0886785, 45.4756677]]]}}, {"type": "Feature", "properties": {"id": "SS-MIL-0333", "nome": "Piazza Giovanni Amendola", "quartiere": "", "classificazione": "giallo", "score": 3, "note": "strada urbana senza ciclabile (1 corsie)", "ciclabile": "no", "n_corsie": "1", "senso_unico": "si", "n_testimonianze": "0", "zona": "B1"}, "geometry": {"type": "MultiLineString", "coordinates": [[[9.1514281, 45.4742695], [9.15141, 45.4743166], [9.1513757, 45.4743594], [9.1513415, 45.4743878], [9.1513017, 45.4744093]], [[9.1520331, 45.4736395], [9.1519854, 45.4736525], [9.1518497, 45.4737112], [9.1517219, 45.4737939], [9.1514756, 45.4740482]], [[9.1514756, 45.4740482], [9.1514495, 45.4741865], [9.151442, 45.4742261]], [[9.1516262, 45.4734114], [9.1516384, 45.4734214], [9.1516537, 45.4734304], [9.1516699, 45.4734382], [9.1516877, 45.4734465], [9.1517073, 45.4734544], [9.1517318, 45.4734586], [9.1517666, 45.4734609], [9.1525436, 45.4734424]], [[9.1513144, 45.4746502], [9.151313, 45.4746364], [9.1513101, 45.4746228], [9.1513048, 45.4746096], [9.1512977, 45.4745971], [9.1512887, 45.4745844], [9.1512777, 45.4745728], [9.1512652, 45.4745623], [9.1512518, 45.4745522], [9.1511867, 45.4745055], [9.1510658, 45.4744248]], [[9.1512461, 45.4741349], [9.1513614, 45.4741059], [9.1514756, 45.4740482]], [[9.1506727, 45.4739198], [9.150592, 45.4739833], [9.1504655, 45.474083]], [[9.1509867, 45.474372], [9.1506746, 45.4741637], [9.1506417, 45.4741417], [9.1506082, 45.4741193], [9.150547, 45.4740785], [9.1504655, 45.474083]], [[9.1512461, 45.4741349], [9.1513836, 45.4741739]], [[9.1510658, 45.4744248], [9.1509867, 45.474372]], [[9.1513017, 45.4744093], [9.1512187, 45.4744341], [9.1511515, 45.474437], [9.1510658, 45.4744248]], [[9.1513836, 45.4741739], [9.151442, 45.4742261]], [[9.1506727, 45.4739198], [9.1507789, 45.4739928], [9.1508139, 45.474015], [9.1509507, 45.4741024], [9.1510226, 45.4741284], [9.1510964, 45.4741415]], [[9.1511213, 45.4736005], [9.1510507, 45.473655], [9.1508633, 45.4737984], [9.1508327, 45.4738204], [9.1507929, 45.4738518], [9.1506727, 45.4739198]], [[9.1513017, 45.4744093], [9.1512982, 45.4743437], [9.1513091, 45.4742818], [9.1513836, 45.4741739]], [[9.1510964, 45.4741415], [9.1512461, 45.4741349]], [[9.1509867, 45.474372], [9.1509649, 45.4743067], [9.1509769, 45.4742412], [9.151013, 45.474185], [9.1510964, 45.4741415]], [[9.1517639, 45.4748832], [9.1517546, 45.4746775], [9.1517415, 45.474386], [9.1517557, 45.4742727], [9.1517695, 45.4742458], [9.1517894, 45.474172], [9.1518353, 45.474085], [9.1519428, 45.4739714], [9.152097, 45.4738906], [9.1522801, 45.4738275]], [[9.1522801, 45.4738275], [9.1524312, 45.4738172]], [[9.151442, 45.4742261], [9.1514281, 45.4742695]], [[9.1513836, 45.4741739], [9.1514182, 45.4741267], [9.1514756, 45.4740482]], [[9.1516514, 45.4732332], [9.1516331, 45.4732483], [9.1516215, 45.4732613], [9.1516121, 45.4732734], [9.1516058, 45.4732846], [9.1516012, 45.4732962], [9.1515972, 45.4733087], [9.1515954, 45.4733174], [9.1515945, 45.4733241], [9.1515949, 45.4733382], [9.151596, 45.4733482], [9.1515979, 45.4733587], [9.1516012, 45.4733705], [9.1516069, 45.4733827], [9.1516153, 45.4733969], [9.1516262, 45.4734114]], [[9.1515166, 45.473299], [9.1512839, 45.4734758], [9.1512585, 45.4734953], [9.1512366, 45.4735121], [9.1511213, 45.4736005]]]}}, {"type": "Feature", "properties": {"id": "SS-MIL-0353", "nome": "Piazza Guglielmo Miani", "quartiere": "", "classificazione": "rosso", "score": 4, "note": "strada secondaria trafficata (2 corsie)", "ciclabile": "no", "n_corsie": "2", "senso_unico": "si", "n_testimonianze": "0", "zona": "B1"}, "geometry": {"type": "MultiLineString", "coordinates": [[[9.1547552, 45.4377796], [9.1546462, 45.4377825], [9.1545234, 45.4377758], [9.1544388, 45.4377492]], [[9.1551061, 45.4375733], [9.1550993, 45.437774], [9.1550952, 45.438023]], [[9.1550952, 45.438023], [9.155076, 45.4379962], [9.1549927, 45.4378797], [9.1549557, 45.4378411], [9.1548925, 45.4378106], [9.1548365, 45.4377958], [9.1547552, 45.4377796]], [[9.1542145, 45.4372582], [9.1542291, 45.4371616], [9.1542633, 45.4371046], [9.1544072, 45.4369857]], [[9.1551061, 45.4375733], [9.1550192, 45.4376634], [9.1549472, 45.4377215], [9.1548567, 45.4377574], [9.1547552, 45.4377796]], [[9.1544666, 45.4369714], [9.1546236, 45.4369491], [9.1547027, 45.4369385]], [[9.1544388, 45.4377492], [9.1543746, 45.4377254], [9.1543187, 45.4376851], [9.154268, 45.4376409], [9.1542399, 45.4376003], [9.1542078, 45.437543]], [[9.1547027, 45.4369385], [9.15487, 45.436948], [9.1549735, 45.436988]], [[9.1542078, 45.437543], [9.1542145, 45.4372582]], [[9.1551108, 45.4373474], [9.1551061, 45.4375733]], [[9.1549735, 45.436988], [9.1550611, 45.4370551], [9.1551043, 45.4371378], [9.1551108, 45.4373474]], [[9.1544072, 45.4369857], [9.1544666, 45.4369714]]]}}, {"type": "Feature", "properties": {"id": "SS-MIL-0365", "nome": "Piazza Lionello Bettini", "quartiere": "", "classificazione": "blu", "score": 2, "note": "zona pedonale / living street", "ciclabile": "no", "n_corsie": "1", "senso_unico": "no", "n_testimonianze": "0", "zona": "B1"}, "geometry": {"type": "MultiLineString", "coordinates": [[[9.1328865, 45.4629967], [9.1328966, 45.4626997]], [[9.1336819, 45.4627193], [9.1336578, 45.4627282], [9.1336449, 45.4627399], [9.1336397, 45.462761], [9.1336381, 45.4628041], [9.1336334, 45.4629731], [9.1336304, 45.4630193], [9.1336268, 45.4630572]], [[9.1336819, 45.4627193], [9.1335523, 45.4627145], [9.1328966, 45.4626997]]]}}, {"type": "Feature", "properties": {"id": "SS-MIL-0370", "nome": "Piazza Madonna della Provvidenza", "quartiere": "", "classificazione": "giallo", "score": 3, "note": "strada urbana senza ciclabile", "ciclabile": "no", "n_corsie": "2", "senso_unico": "si", "n_testimonianze": "0", "zona": "B1"}, "geometry": {"type": "MultiLineString", "coordinates": [[[9.0887622, 45.4768313], [9.0888803, 45.4768223], [9.0889547, 45.4768176], [9.089023, 45.4768197], [9.0890759, 45.4768269], [9.0890807, 45.4768297], [9.0891412, 45.4768648]], [[9.0891412, 45.4768648], [9.0890754, 45.4768773], [9.089011, 45.4768867], [9.0889117, 45.4768811], [9.0887622, 45.4768313]], [[9.0894235, 45.4765376], [9.0893155, 45.4766396], [9.0892029, 45.476759]], [[9.0892029, 45.476759], [9.0891675, 45.4768004], [9.0891412, 45.4768648]], [[9.0889455, 45.4763926], [9.0885969, 45.4767374], [9.0887517, 45.4767943], [9.0888932, 45.476806], [9.0890347, 45.4767966], [9.0891461, 45.4767517], [9.0892325, 45.4766725], [9.0893158, 45.4765833], [9.0893076, 45.4765467], [9.0892775, 45.4765234], [9.0889455, 45.4763926]]]}}, {"type": "Feature", "properties": {"id": "SS-MIL-0377", "nome": "Piazza Melozzo da Forlì", "quartiere": "", "classificazione": "giallo", "score": 3, "note": "strada urbana senza ciclabile", "ciclabile": "no", "n_corsie": "2", "senso_unico": "si", "n_testimonianze": "0", "zona": "B1"}, "geometry": {"type": "MultiLineString", "coordinates": [[[9.1312588, 45.4679895], [9.1312804, 45.4680115], [9.1313038, 45.4680363]], [[9.1310315, 45.4680181], [9.1309405, 45.4679645], [9.1302495, 45.4675252]], [[9.1311775, 45.4680927], [9.1310315, 45.4680181]], [[9.1310315, 45.4680181], [9.1311066, 45.4680089], [9.1311347, 45.4680061], [9.1311543, 45.4680042]], [[9.1303972, 45.4674113], [9.1311039, 45.4678589], [9.1312058, 45.4679343], [9.1312588, 45.4679895]], [[9.1301564, 45.4681676], [9.1301223, 45.4681723], [9.1299895, 45.4681906]], [[9.1311775, 45.4680927], [9.1310542, 45.4681059], [9.1309685, 45.4681169], [9.1306461, 45.468154], [9.1304388, 45.4681694], [9.1301564, 45.4681676]], [[9.1301564, 45.4681676], [9.1305668, 45.4680896], [9.1308133, 45.4680472], [9.1308968, 45.4680361], [9.1310315, 45.4680181]], [[9.1302495, 45.4675252], [9.1302551, 45.4675822], [9.1302575, 45.4676064], [9.1300623, 45.4680698], [9.1300471, 45.4680959], [9.1300258, 45.4681323], [9.1299895, 45.4681906]], [[9.1313038, 45.4680363], [9.1313071, 45.4680396], [9.1313192, 45.468052], [9.1313405, 45.4680745]], [[9.1311543, 45.4680042], [9.1312006, 45.4679981], [9.1312268, 45.4679947], [9.1312588, 45.4679895]]]}}, {"type": "Feature", "properties": {"id": "SS-MIL-0379", "nome": "Piazza Michelangelo Buonarroti", "quartiere": "", "classificazione": "rosso", "score": 4, "note": "strada secondaria trafficata", "ciclabile": "no", "n_corsie": "2", "senso_unico": "si", "n_testimonianze": "0", "zona": "B1"}, "geometry": {"type": "MultiLineString", "coordinates": [[[9.1553547, 45.4696487], [9.1554194, 45.4697433], [9.1554897, 45.4697847], [9.1555628, 45.4698038], [9.1558014, 45.4698732], [9.1558645, 45.4698894], [9.155916, 45.4698966], [9.1559888, 45.4698846]], [[9.1551109, 45.4702366], [9.1551653, 45.4701713], [9.1552538, 45.4701141], [9.1553145, 45.4700927]], [[9.1561315, 45.470832], [9.1560346, 45.4707925], [9.1559873, 45.4707854], [9.1559486, 45.4707866], [9.1558866, 45.4708052], [9.1556447, 45.470883], [9.1555606, 45.4709129], [9.1555294, 45.4709389], [9.1555107, 45.4709703]], [[9.1558638, 45.4699912], [9.1558381, 45.470057], [9.1558194, 45.4700772], [9.1557891, 45.4701076], [9.1557485, 45.4701421], [9.1556662, 45.4702286]], [[9.1555642, 45.4705522], [9.1555297, 45.4706206], [9.1555091, 45.4706807], [9.1555022, 45.4707163], [9.1555019, 45.4707462], [9.1555079, 45.4709212]], [[9.1546186, 45.469868], [9.1546851, 45.4698938], [9.1547361, 45.4699032], [9.1548049, 45.4699088], [9.1548654, 45.469912], [9.1549057, 45.4699059], [9.1551807, 45.4697927], [9.1552608, 45.4697645], [9.155312, 45.4697266], [9.1553547, 45.4696487]], [[9.1553327, 45.4709276], [9.1552279, 45.4708976], [9.1550036, 45.4708425], [9.1549573, 45.47083], [9.1548953, 45.4708174], [9.1547893, 45.4707996]], [[9.1559888, 45.4698846], [9.1558638, 45.4699912]], [[9.1555528, 45.4701038], [9.1556605, 45.4700903], [9.1557097, 45.4700774], [9.1557641, 45.4700573], [9.1558638, 45.4699912]], [[9.1553145, 45.4700927], [9.1553782, 45.4700831], [9.1554725, 45.4700828]], [[9.1556501, 45.4704821], [9.1556071, 45.470523], [9.1555642, 45.4705522]], [[9.1552269, 45.4705959], [9.1551673, 45.4705543], [9.155125, 45.4705056], [9.1551016, 45.4704642]], [[9.1555528, 45.4701038], [9.1556035, 45.4701306], [9.1556387, 45.4701635], [9.1556662, 45.4702286]], [[9.1551016, 45.4704642], [9.1550908, 45.4703138], [9.1551109, 45.4702366]], [[9.1555642, 45.4705522], [9.1554972, 45.4705827], [9.1554321, 45.4705997], [9.1553902, 45.4706072], [9.1553436, 45.4706105], [9.1552719, 45.47061]], [[9.1556662, 45.4702286], [9.1556776, 45.470286], [9.1556849, 45.470373], [9.1556789, 45.4704233], [9.1556501, 45.4704821]], [[9.1554725, 45.4700828], [9.1555528, 45.4701038]], [[9.1552719, 45.47061], [9.1552269, 45.4705959]]]}}, {"type": "Feature", "properties": {"id": "SS-MIL-0381", "nome": "Piazza Mons. Giovanni Pesci", "quartiere": "", "classificazione": "giallo", "score": 3, "note": "strada urbana senza ciclabile", "ciclabile": "no", "n_corsie": "2", "senso_unico": "si", "n_testimonianze": "0", "zona": "B1"}, "geometry": {"type": "MultiLineString", "coordinates": [[[9.0528092, 45.4816962], [9.0528478, 45.4816487], [9.0529769, 45.4814837], [9.0530012, 45.4814444], [9.053001, 45.4813748]], [[9.0528092, 45.4816962], [9.052788, 45.4817258], [9.0525992, 45.4819705]]]}}, {"type": "Feature", "properties": {"id": "SS-MIL-0382", "nome": "Piazza Monsignor Luigi Moneta", "quartiere": "", "classificazione": "giallo", "score": 3, "note": "strada urbana senza ciclabile", "ciclabile": "no", "n_corsie": "2", "senso_unico": "no", "n_testimonianze": "0", "zona": "B1"}, "geometry": {"type": "LineString", "coordinates": [[9.0928917, 45.4488555], [9.092931, 45.448872], [9.0930655, 45.4489913], [9.0930844, 45.4490081], [9.0931418, 45.4490591], [9.0932664, 45.4491697], [9.0933239, 45.4492208], [9.0933869, 45.4492767], [9.0935063, 45.4494263], [9.093529, 45.4494672], [9.0935537, 45.4495117], [9.0935897, 45.4495947], [9.0935888, 45.4497229]]}}, {"type": "Feature", "properties": {"id": "SS-MIL-0384", "nome": "Piazza Monte Falterona", "quartiere": "", "classificazione": "giallo", "score": 3, "note": "strada urbana senza ciclabile", "ciclabile": "no", "n_corsie": "2", "senso_unico": "no", "n_testimonianze": "0", "zona": "B1"}, "geometry": {"type": "MultiLineString", "coordinates": [[[9.1405366, 45.4741347], [9.1404902, 45.4741043], [9.1404612, 45.4740854]], [[9.1399853, 45.4743607], [9.1399626, 45.4743224], [9.1399451, 45.4742872], [9.1399207, 45.4738817], [9.1399331, 45.4738402], [9.1399397, 45.4738179], [9.139978, 45.4737696]], [[9.1405366, 45.4741347], [9.1404352, 45.474211], [9.1401235, 45.4744499]], [[9.1404, 45.4740454], [9.1404947, 45.4739749], [9.1408573, 45.4737026]], [[9.1408573, 45.4737026], [9.1409089, 45.4737498]], [[9.140961, 45.4738073], [9.1410018, 45.4738616], [9.1410065, 45.4738851], [9.1410119, 45.4739162], [9.1410179, 45.4743173], [9.1410174, 45.4743637], [9.1410164, 45.4744483]], [[9.1401235, 45.4744499], [9.1400756, 45.474419], [9.1400471, 45.4744006]], [[9.1404, 45.4740454], [9.1403523, 45.4740143], [9.1402301, 45.4739344], [9.139978, 45.4737696]], [[9.1410164, 45.4744483], [9.140836, 45.4744544], [9.1404543, 45.4744673], [9.1402126, 45.4744757], [9.1401792, 45.4744714], [9.1401495, 45.4744599], [9.1401235, 45.4744499]], [[9.1400471, 45.4744006], [9.1399853, 45.4743607]], [[9.1399853, 45.4743607], [9.1403017, 45.4741223], [9.1404, 45.4740454]], [[9.1404, 45.4740454], [9.1404612, 45.4740854]], [[9.139978, 45.4737696], [9.1401085, 45.4737164], [9.1407755, 45.4737041], [9.1407981, 45.4737037], [9.1408573, 45.4737026]], [[9.1409089, 45.4737498], [9.1409289, 45.47377], [9.140961, 45.4738073]]]}}, {"type": "Feature", "properties": {"id": "SS-MIL-0387", "nome": "Piazza Napoli", "quartiere": "", "classificazione": "giallo", "score": 3, "note": "strada urbana senza ciclabile", "ciclabile": "no", "n_corsie": "2", "senso_unico": "si", "n_testimonianze": "0", "zona": "B1"}, "geometry": {"type": "MultiLineString", "coordinates": [[[9.154354, 45.4525034], [9.1543179, 45.452564], [9.1542666, 45.4526509], [9.154086, 45.4529602], [9.1535562, 45.453869], [9.1534471, 45.4540541]], [[9.1546204, 45.453887], [9.1545839, 45.4541381], [9.1545752, 45.4541693], [9.1545718, 45.4541861], [9.1545661, 45.4542142]], [[9.1531461, 45.4521947], [9.1531093, 45.4522561], [9.152914, 45.4526066], [9.1526264, 45.4531168]], [[9.1523004, 45.4536913], [9.1527704, 45.4538457], [9.1530474, 45.4539353], [9.1530849, 45.4539474]], [[9.1532326, 45.4520605], [9.1540538, 45.452312], [9.1541267, 45.4524299]], [[9.1531875, 45.4539769], [9.153853, 45.4528802], [9.154036, 45.4525838], [9.1540434, 45.4525712], [9.1540894, 45.4524934], [9.1541193, 45.4524429], [9.1541267, 45.4524299]], [[9.1546204, 45.453887], [9.1547222, 45.4536906], [9.1549806, 45.4532184], [9.1551535, 45.4528993], [9.1551629, 45.4528812], [9.1552144, 45.4527818]], [[9.1552144, 45.4527818], [9.1544533, 45.4525354], [9.154354, 45.4525034]], [[9.1542392, 45.4524663], [9.1541267, 45.4524299]], [[9.154354, 45.4525034], [9.1542392, 45.4524663]], [[9.1541267, 45.4524299], [9.1539665, 45.4524629], [9.1536268, 45.452353], [9.1534033, 45.4522794], [9.1531461, 45.4521947]], [[9.1526264, 45.4531168], [9.1525316, 45.453089], [9.1517, 45.452845]], [[9.1526264, 45.4531168], [9.1525502, 45.4532511], [9.1523427, 45.453616], [9.1523004, 45.4536913]], [[9.1534471, 45.4540541], [9.1535168, 45.4540752], [9.1535852, 45.454096], [9.1536254, 45.4541082], [9.1541935, 45.4542805], [9.1542371, 45.4542925], [9.1542604, 45.4543], [9.1542988, 45.4543124]], [[9.1542988, 45.4543124], [9.1542989, 45.4542899], [9.1543054, 45.4542679], [9.1543173, 45.4542479], [9.1543343, 45.4542299], [9.1543559, 45.4542144], [9.1543812, 45.4542021], [9.1544094, 45.4541933]], [[9.1544094, 45.4541933], [9.1544372, 45.4541437], [9.1544547, 45.454116], [9.1546204, 45.453887]], [[9.1544094, 45.4541933], [9.1544502, 45.4541877], [9.1544916, 45.4541894], [9.1545311, 45.4541985], [9.1545661, 45.4542142]], [[9.1545661, 45.4542142], [9.1545913, 45.4542328], [9.15461, 45.454255], [9.1546211, 45.4542794], [9.1546242, 45.454305], [9.1546191, 45.4543305], [9.154606, 45.4543545], [9.1545868, 45.4543746], [9.154579, 45.4543827]], [[9.1544053, 45.4544093], [9.1543724, 45.4543978], [9.154344, 45.4543814], [9.1543216, 45.454361], [9.1543063, 45.4543376], [9.1542988, 45.4543124]], [[9.154579, 45.4543827], [9.1545565, 45.4543946], [9.1545218, 45.454408], [9.1544835, 45.4544151], [9.1544439, 45.4544156], [9.1544053, 45.4544093]], [[9.1530849, 45.4539474], [9.1531875, 45.4539769]]]}}, {"type": "Feature", "properties": {"id": "SS-MIL-0388", "nome": "Piazza Negrelli", "quartiere": "", "classificazione": "giallo", "score": 3, "note": "strada urbana senza ciclabile (2 corsie)", "ciclabile": "no", "n_corsie": "2", "senso_unico": "no", "n_testimonianze": "0", "zona": "B1"}, "geometry": {"type": "LineString", "coordinates": [[9.1393299, 45.443422], [9.1394931, 45.4431699]]}}, {"type": "Feature", "properties": {"id": "SS-MIL-0397", "nome": "Piazza Papa Giovanni Ventitreesimo", "quartiere": "", "classificazione": "giallo", "score": 3, "note": "strada urbana senza ciclabile", "ciclabile": "no", "n_corsie": "2", "senso_unico": "si", "n_testimonianze": "0", "zona": "B1"}, "geometry": {"type": "MultiLineString", "coordinates": [[[9.0850326, 45.4374491], [9.0850871, 45.4374657], [9.08532, 45.4375608], [9.0857348, 45.437722], [9.085824, 45.4376142], [9.0859956, 45.4374021], [9.0861885, 45.4371636], [9.0863722, 45.4369366], [9.0865867, 45.4366713], [9.0866193, 45.4366313], [9.0866479, 45.4365957]], [[9.1652265, 45.4763685], [9.1652035, 45.4763513], [9.1651828, 45.4763332], [9.1651635, 45.4763132], [9.1651493, 45.4762944], [9.1651346, 45.4762683], [9.1651267, 45.4762474], [9.1651198, 45.476219], [9.1651156, 45.4761976], [9.1651082, 45.4761412], [9.165105, 45.4761237], [9.1651003, 45.4761056], [9.1650937, 45.4760894], [9.1650856, 45.4760736], [9.1650761, 45.4760586], [9.1650664, 45.4760478], [9.1650527, 45.4760384], [9.1650364, 45.476029]], [[9.1652449, 45.4759988], [9.1652413, 45.4760214], [9.1652148, 45.4761301], [9.1652083, 45.4761636], [9.1652044, 45.4761905], [9.1652011, 45.4762203], [9.1652001, 45.4762512], [9.1652013, 45.4762823], [9.1652023, 45.4763074], [9.1652075, 45.4763326], [9.1652144, 45.4763522], [9.1652265, 45.4763685]]]}}, {"type": "Feature", "properties": {"id": "SS-MIL-0398", "nome": "Piazza Piemonte", "quartiere": "", "classificazione": "giallo", "score": 3, "note": "strada urbana senza ciclabile", "ciclabile": "no", "n_corsie": "2", "senso_unico": "no", "n_testimonianze": "0", "zona": "B1"}, "geometry": {"type": "MultiLineString", "coordinates": [[[9.1551094, 45.4668945], [9.1549816, 45.4669069], [9.1549009, 45.4669135], [9.1543403, 45.4669517]], [[9.1552044, 45.4659312], [9.155227, 45.466231], [9.1552564, 45.4663067]], [[9.1550962, 45.4663154], [9.1551054, 45.4662818], [9.1551039, 45.4662352], [9.155103, 45.4661896], [9.1551, 45.4660779], [9.1550962, 45.4659398]], [[9.1551094, 45.4668945], [9.1551066, 45.4668824], [9.1550958, 45.4668077], [9.1550675, 45.4666298]], [[9.1553295, 45.4665934], [9.1553116, 45.4667933], [9.155305, 45.466868], [9.1553034, 45.4668812]], [[9.1553034, 45.4668812], [9.1551094, 45.4668945]], [[9.1558811, 45.4663694], [9.1557455, 45.4664352], [9.1556961, 45.4664592], [9.1555833, 45.4665114], [9.1553295, 45.4665934]], [[9.1552879, 45.4663321], [9.1553878, 45.4663488]], [[9.1552044, 45.4659312], [9.1552538, 45.4659534], [9.155332, 45.4659689], [9.1556096, 45.4660091], [9.155661, 45.4660169], [9.1557616, 45.4660414]], [[9.1561161, 45.466265], [9.1561486, 45.4665128], [9.1561743, 45.466727], [9.1561771, 45.4667487], [9.1561848, 45.4668035], [9.1561866, 45.4668169]], [[9.1557616, 45.4660414], [9.1556441, 45.4663], [9.1555802, 45.4663768]], [[9.1555802, 45.4663768], [9.1555113, 45.4664582], [9.1554471, 45.4665162], [9.1553295, 45.4665934]], [[9.1550962, 45.4663154], [9.1551513, 45.4662976], [9.1552073, 45.466299], [9.1552564, 45.4663067]], [[9.154486, 45.4660763], [9.1544253, 45.466114], [9.154269, 45.4662077], [9.1541894, 45.4662597], [9.1541686, 45.4662747], [9.1541173, 45.4663053]], [[9.1545799, 45.4660206], [9.1546826, 45.4660315], [9.1547157, 45.4660226], [9.1549813, 45.4659766], [9.1550294, 45.4659654], [9.1550962, 45.4659398]], [[9.1547734, 45.4664138], [9.1549011, 45.4663558]], [[9.1550675, 45.4666298], [9.1549212, 45.4665446], [9.1547734, 45.4664138]], [[9.1555802, 45.4663768], [9.1556882, 45.4663846], [9.1557697, 45.4663826], [9.1558811, 45.4663694]], [[9.1547734, 45.4664138], [9.1547127, 45.4663393], [9.1546248, 45.4662373], [9.154486, 45.4660763]], [[9.1553295, 45.4665934], [9.1553038, 45.466612], [9.1552662, 45.4666287], [9.1551981, 45.4666429], [9.155164, 45.4666458], [9.1551246, 45.4666407], [9.1550675, 45.4666298]], [[9.1550675, 45.4666298], [9.1550269, 45.4665653], [9.1550135, 45.4664758], [9.1550143, 45.4663955], [9.1550306, 45.4663551], [9.1550666, 45.4663248]], [[9.1557616, 45.4660414], [9.1558512, 45.466075], [9.1559325, 45.4661162], [9.1560127, 45.4661622], [9.1560725, 45.466204], [9.1560955, 45.4662282], [9.1561161, 45.466265]], [[9.1552879, 45.4663321], [9.1553223, 45.4663937], [9.1553377, 45.4664646], [9.1553376, 45.4665251], [9.1553295, 45.4665934]], [[9.1553878, 45.4663488], [9.1554566, 45.4663331], [9.155507, 45.4663074], [9.1555539, 45.466272], [9.1557616, 45.4660414]], [[9.1558811, 45.4663694], [9.1559307, 45.4663473], [9.1561161, 45.466265]], [[9.1545799, 45.4660206], [9.154823, 45.466294], [9.1549011, 45.4663558]], [[9.1541173, 45.4663053], [9.1541541, 45.4663233], [9.1543056, 45.4664004]], [[9.1543056, 45.4664004], [9.1543913, 45.4664285], [9.1544575, 45.4664431], [9.1545395, 45.4664515], [9.154616, 45.4664509], [9.1546871, 45.4664416], [9.1547734, 45.4664138]], [[9.1553878, 45.4663488], [9.1554747, 45.4663647], [9.1555802, 45.4663768]], [[9.1561866, 45.4668169], [9.155457, 45.4668688], [9.1553034, 45.4668812]], [[9.1549011, 45.4663558], [9.1549649, 45.4663411], [9.1550666, 45.4663248]], [[9.1543403, 45.4669517], [9.1543533, 45.4669375], [9.1543829, 45.4669053], [9.1544115, 45.4668841], [9.1548928, 45.4668471], [9.1549731, 45.4668565], [9.1550743, 45.4668847], [9.1551094, 45.4668945]], [[9.1552564, 45.4663067], [9.1552879, 45.4663321]], [[9.1550666, 45.4663248], [9.1550962, 45.4663154]]]}}, {"type": "Feature", "properties": {"id": "SS-MIL-0399", "nome": "Piazza Pietro Frattini", "quartiere": "", "classificazione": "rosso", "score": 4, "note": "strada principale trafficata", "ciclabile": "no", "n_corsie": "2", "senso_unico": "si", "n_testimonianze": "0", "zona": "B1"}, "geometry": {"type": "MultiLineString", "coordinates": [[[9.1417648, 45.4515704], [9.1418262, 45.4515133], [9.1418943, 45.4514646], [9.1419705, 45.4514222], [9.1420536, 45.4513867], [9.1421423, 45.4513588], [9.1422353, 45.4513388], [9.1423311, 45.4513271], [9.1424156, 45.4513242], [9.1424282, 45.4513238], [9.1425252, 45.451329], [9.1426205, 45.4513426], [9.1426309, 45.451345]], [[9.1416747, 45.4517028], [9.1416802, 45.4516892], [9.1417149, 45.4516321], [9.1417648, 45.4515704]], [[9.1431622, 45.4520413], [9.1431462, 45.4520716], [9.1431304, 45.4520956], [9.1431054, 45.4521335], [9.1430691, 45.4521742]], [[9.1430691, 45.4521742], [9.1430539, 45.4521913], [9.1429925, 45.4522443], [9.1429386, 45.4522805], [9.1429223, 45.4522915], [9.1428442, 45.4523322], [9.1427596, 45.4523658], [9.1426697, 45.4523917], [9.1425759, 45.4524097], [9.1424796, 45.4524193], [9.1423824, 45.4524205], [9.1422857, 45.4524132], [9.1422415, 45.4524059]], [[9.1422415, 45.4524059], [9.1421976, 45.4523883], [9.1421488, 45.4523763], [9.1421034, 45.4523646], [9.1420154, 45.4523429]], [[9.1420154, 45.4523429], [9.1419336, 45.4523035], [9.1418611, 45.452258], [9.1417972, 45.4522066], [9.1417429, 45.45215], [9.141699, 45.4520892], [9.1416883, 45.4520683]], [[9.1428105, 45.4513986], [9.1428819, 45.451431], [9.1429564, 45.4514748], [9.1430226, 45.4515248], [9.1430794, 45.4515802], [9.143126, 45.4516401], [9.1431616, 45.4517036], [9.1431857, 45.4517696], [9.143198, 45.4518373], [9.1431996, 45.4518714], [9.1431937, 45.4519395], [9.1431758, 45.4520066], [9.1431622, 45.4520413]], [[9.1426309, 45.451345], [9.1427127, 45.4513643], [9.142723, 45.4513678], [9.1427394, 45.4513734], [9.1428003, 45.451394], [9.1428105, 45.4513986]], [[9.1416883, 45.4520683], [9.1416649, 45.4520209], [9.141645, 45.4519583], [9.1416358, 45.4518904], [9.1416386, 45.4518222], [9.1416535, 45.4517548], [9.1416747, 45.4517028]], [[9.1434283, 45.4520671], [9.1434343, 45.452057], [9.1434437, 45.4520414], [9.1433656, 45.4520163], [9.143379, 45.4519747], [9.1433854, 45.4519484], [9.143393, 45.4519245], [9.1433936, 45.4519049], [9.1433937, 45.4518842], [9.1433898, 45.4518564], [9.1433882, 45.4518214], [9.1433849, 45.4517778], [9.1433788, 45.4517582], [9.1433728, 45.4517247], [9.1433533, 45.4516833], [9.143331, 45.4516292], [9.1433051, 45.4515813], [9.1432708, 45.4515364], [9.1432356, 45.4514907], [9.1431912, 45.4514489], [9.1431433, 45.4514091], [9.1430926, 45.4513726], [9.1430353, 45.4513392], [9.1429664, 45.4513019], [9.1429827, 45.4512766], [9.1429614, 45.4512703], [9.1429133, 45.4512563], [9.1429029, 45.4512532], [9.1428929, 45.4512729], [9.1428797, 45.4512979], [9.1428679, 45.4513271], [9.1428627, 45.4513434], [9.1428582, 45.4513679], [9.1428595, 45.4513916], [9.1428677, 45.4514157], [9.1428887, 45.4514223], [9.1429174, 45.4514369], [9.1429578, 45.4514618], [9.1429965, 45.4514886], [9.143031, 45.4515174], [9.1430635, 45.4515471], [9.1430925, 45.4515787], [9.1431192, 45.4516113], [9.1431423, 45.4516453], [9.1431628, 45.4516799], [9.1431789, 45.4517152], [9.1431923, 45.4517513], [9.143202, 45.451788], [9.1432081, 45.4518249], [9.1432105, 45.451862], [9.1432099, 45.4518992], [9.143206, 45.4519364], [9.1431994, 45.4519736], [9.1431998, 45.4519811], [9.1432012, 45.4519881], [9.1432032, 45.4519942], [9.1432061, 45.4519999], [9.1432107, 45.4520065], [9.1432143, 45.4520125], [9.1432236, 45.4520188], [9.1432318, 45.4520239], [9.14324, 45.452028], [9.1432486, 45.4520316], [9.1432579, 45.4520348], [9.1432654, 45.4520372], [9.1433098, 45.4520492], [9.1433973, 45.4520791], [9.1434283, 45.4520671]]]}}, {"type": "Feature", "properties": {"id": "SS-MIL-0403", "nome": "Piazza Po", "quartiere": "", "classificazione": "giallo", "score": 3, "note": "strada urbana senza ciclabile", "ciclabile": "no", "n_corsie": "2", "senso_unico": "no", "n_testimonianze": "0", "zona": "B1"}, "geometry": {"type": "MultiLineString", "coordinates": [[[9.1585197, 45.4616821], [9.1585399, 45.4616832], [9.1585602, 45.4616861], [9.1585799, 45.4616908], [9.1585985, 45.4616971], [9.1586159, 45.4617049], [9.1586318, 45.4617143], [9.1586459, 45.4617249]], [[9.1580572, 45.4616566], [9.1579317, 45.4616115], [9.1578091, 45.4615719]], [[9.1583511, 45.4618074], [9.1582968, 45.461765], [9.1582533, 45.4617494], [9.1581323, 45.4616978], [9.1580572, 45.4616566]], [[9.1580572, 45.4616566], [9.1581428, 45.4616652], [9.1582933, 45.4616905], [9.1583768, 45.461711], [9.1583993, 45.4617165]], [[9.156803, 45.4622217], [9.1568576, 45.4621429], [9.1569886, 45.4619541], [9.1572568, 45.4615627], [9.1573003, 45.4614988], [9.157351, 45.4614576], [9.1574535, 45.4614234]], [[9.1586795, 45.4618241], [9.1587835, 45.4618544], [9.1590595, 45.4619346], [9.1590969, 45.4619729]], [[9.1590969, 45.4619729], [9.1590286, 45.4619821], [9.1587467, 45.4619228], [9.1586805, 45.4619073], [9.1586168, 45.4618923]], [[9.156803, 45.4622217], [9.1569159, 45.4622579], [9.1570721, 45.4623113], [9.1571998, 45.4623549], [9.1573076, 45.4623917], [9.1578506, 45.4625809], [9.1579263, 45.4626053]], [[9.1585508, 45.4619134], [9.1585199, 45.461931], [9.1584992, 45.4619477], [9.1584695, 45.4619796], [9.1584608, 45.4619927], [9.1581551, 45.4624552], [9.1581373, 45.4624864], [9.1580701, 45.4626237], [9.1580475, 45.4626665], [9.1580395, 45.4626792], [9.1579742, 45.4627631]], [[9.1579263, 45.4626053], [9.1580382, 45.4624792], [9.1583687, 45.4619645], [9.1583894, 45.4619171], [9.1584036, 45.4618844]], [[9.1584626, 45.462987], [9.1585039, 45.462921], [9.1590186, 45.4621003], [9.1590688, 45.4620111], [9.1590969, 45.4619729]], [[9.1578091, 45.4615719], [9.1575833, 45.461499], [9.1575074, 45.4614685], [9.1574535, 45.4614234]], [[9.1586795, 45.4618241], [9.1586723, 45.4618414], [9.1586636, 45.4618546], [9.1586526, 45.4618669], [9.1586395, 45.4618782], [9.1586246, 45.4618882], [9.1586168, 45.4618923]], [[9.1584997, 45.461915], [9.1584889, 45.4619142], [9.1584688, 45.4619109], [9.1584493, 45.4619058], [9.158431, 45.4618991], [9.1584139, 45.4618908], [9.1584036, 45.4618844]], [[9.1583993, 45.4617165], [9.1584217, 45.4617031], [9.1584394, 45.4616955], [9.1584583, 45.4616896], [9.1584781, 45.4616853], [9.1584986, 45.4616828], [9.1585197, 45.4616821]], [[9.1586168, 45.4618923], [9.1586079, 45.4618969], [9.1585899, 45.4619041], [9.1585708, 45.4619096], [9.1585508, 45.4619134], [9.1585303, 45.4619155], [9.1585095, 45.4619157], [9.1584997, 45.461915]], [[9.1584036, 45.4618844], [9.1583985, 45.4618812], [9.1583848, 45.4618702], [9.1583733, 45.4618581], [9.1583639, 45.4618452], [9.1583569, 45.4618315], [9.1583524, 45.4618173], [9.1583511, 45.4618074]], [[9.1583511, 45.4618074], [9.1583504, 45.4618029], [9.158351, 45.4617883], [9.1583542, 45.461774], [9.1583599, 45.46176], [9.158368, 45.4617466], [9.1583784, 45.4617341], [9.1583993, 45.4617165]], [[9.1586459, 45.4617249], [9.158658, 45.4617367], [9.1586679, 45.4617495], [9.1586755, 45.461763], [9.1586807, 45.4617771], [9.1586836, 45.4617988], [9.1586824, 45.4618133], [9.1586795, 45.4618241]]]}}, {"type": "Feature", "properties": {"id": "SS-MIL-0409", "nome": "Piazza Riccardo Wagner", "quartiere": "", "classificazione": "giallo", "score": 3, "note": "strada urbana senza ciclabile", "ciclabile": "no", "n_corsie": "2", "senso_unico": "si", "n_testimonianze": "0", "zona": "B1"}, "geometry": {"type": "MultiLineString", "coordinates": [[[9.1552939, 45.4688019], [9.155489, 45.4687075], [9.1560987, 45.4683743]], [[9.1558278, 45.4679869], [9.1554741, 45.4680354], [9.1554193, 45.4680499], [9.155355, 45.4680669], [9.155258, 45.4681463]], [[9.1570237, 45.4679319], [9.1569717, 45.4679167], [9.1569164, 45.4679091], [9.156816, 45.4679099], [9.1565973, 45.4679263], [9.1565688, 45.4679284]], [[9.1558278, 45.4679869], [9.1556474, 45.4679535], [9.1554694, 45.4679069], [9.1553185, 45.4678429]], [[9.1560267, 45.4679921], [9.1559326, 45.4679941], [9.1558278, 45.4679869]], [[9.1560987, 45.4683743], [9.1561439, 45.4683269], [9.1561664, 45.4682893], [9.1561821, 45.4682552], [9.1561912, 45.4682188], [9.1561885, 45.4681546], [9.1561441, 45.4680772], [9.1561102, 45.468045], [9.1560267, 45.4679921]], [[9.1565688, 45.4679284], [9.1564277, 45.4679483], [9.1561972, 45.4679808], [9.1560267, 45.4679921]]]}}, {"type": "Feature", "properties": {"id": "SS-MIL-0424", "nome": "Piazza San Giovanni Battista", "quartiere": "", "classificazione": "giallo", "score": 3, "note": "strada urbana senza ciclabile", "ciclabile": "no", "n_corsie": "2", "senso_unico": "no", "n_testimonianze": "0", "zona": "B1"}, "geometry": {"type": "LineString", "coordinates": [[9.0937652, 45.4472293], [9.0944474, 45.4472102]]}}, {"type": "Feature", "properties": {"id": "SS-MIL-0425", "nome": "Piazza San Giovanni Battista alla Creta", "quartiere": "", "classificazione": "giallo", "score": 3, "note": "strada urbana senza ciclabile", "ciclabile": "no", "n_corsie": "2", "senso_unico": "si", "n_testimonianze": "0", "zona": "B1"}, "geometry": {"type": "MultiLineString", "coordinates": [[[9.1217745, 45.4554395], [9.1216933, 45.4554189], [9.1211729, 45.4552836]], [[9.1215808, 45.454525], [9.122094, 45.4546658], [9.1221661, 45.4546844]], [[9.1221661, 45.4546844], [9.1220174, 45.4549619], [9.1219658, 45.4550726]], [[9.1219658, 45.4550726], [9.1219176, 45.4551733], [9.1217745, 45.4554395]]]}}, {"type": "Feature", "properties": {"id": "SS-MIL-0437", "nome": "Piazza Sandro Pertini", "quartiere": "", "classificazione": "rosso", "score": 4, "note": "strada secondaria trafficata (2 corsie)", "ciclabile": "no", "n_corsie": "2", "senso_unico": "no", "n_testimonianze": "0", "zona": "B1"}, "geometry": {"type": "MultiLineString", "coordinates": [[[9.070102, 45.4573223], [9.070025, 45.4574145], [9.0699792, 45.4574747], [9.0699421, 45.457548], [9.0699019, 45.4576611]], [[9.069575, 45.4572453], [9.0695632, 45.4572329], [9.0695417, 45.4572031], [9.0695363, 45.4571923], [9.0695257, 45.4571716], [9.0695154, 45.457139], [9.0695109, 45.4571058], [9.0695124, 45.4570724], [9.0695197, 45.4570395], [9.0695328, 45.4570074], [9.0695515, 45.4569767], [9.069556, 45.4569713]], [[9.069556, 45.4569713], [9.0695755, 45.4569478], [9.0696043, 45.4569213], [9.0696377, 45.4568975], [9.069675, 45.4568768], [9.0697157, 45.4568595], [9.0697591, 45.4568458], [9.0698047, 45.4568361], [9.0698515, 45.4568304], [9.0698991, 45.4568288], [9.0699465, 45.4568314], [9.0699932, 45.456838], [9.0700382, 45.4568487], [9.0700795, 45.4568627]], [[9.0700795, 45.4568627], [9.070121, 45.4568814], [9.0701575, 45.4569029], [9.0701898, 45.4569273], [9.0702176, 45.4569545], [9.0702403, 45.4569838], [9.0702577, 45.4570148], [9.0702695, 45.4570472], [9.0702754, 45.4570803], [9.0702762, 45.457097], [9.0702733, 45.4571303], [9.0702645, 45.4571631], [9.0702499, 45.4571949], [9.0702299, 45.4572252], [9.0702047, 45.4572535], [9.0701746, 45.4572794], [9.0701515, 45.4572948]], [[9.070102, 45.4573223], [9.0700606, 45.4573387], [9.0700166, 45.4573514], [9.0699706, 45.4573602], [9.0699235, 45.4573649], [9.0698759, 45.4573654], [9.0698286, 45.4573618], [9.0697823, 45.4573541], [9.0697377, 45.4573425], [9.0696955, 45.457327], [9.0696564, 45.457308], [9.0696395, 45.4572974]], [[9.0699019, 45.4576611], [9.0698473, 45.4577595], [9.0697356, 45.4579363]], [[9.0696395, 45.4572974], [9.069621, 45.4572857], [9.0695897, 45.4572606], [9.069575, 45.4572453]], [[9.0695321, 45.4578354], [9.0696114, 45.4576036]], [[9.0696114, 45.4576036], [9.0696325, 45.4575279], [9.0696453, 45.4574629], [9.069647, 45.4574191], [9.0696457, 45.4573748], [9.0696395, 45.4572974]], [[9.0701515, 45.4572948], [9.0701402, 45.4573024], [9.070102, 45.4573223]]]}}, {"type": "Feature", "properties": {"id": "SS-MIL-0442", "nome": "Piazza Sant'Apollinare", "quartiere": "", "classificazione": "giallo", "score": 3, "note": "strada urbana senza ciclabile", "ciclabile": "no", "n_corsie": "2", "senso_unico": "si", "n_testimonianze": "0", "zona": "B1"}, "geometry": {"type": "MultiLineString", "coordinates": [[[9.0943146, 45.4606949], [9.0943838, 45.4605907], [9.0943336, 45.4604021]], [[9.0947117, 45.4601278], [9.0947113, 45.4602062], [9.0947107, 45.4603285], [9.094684, 45.4603602], [9.0944303, 45.4603905], [9.0943336, 45.4604021]], [[9.0943156, 45.4600926], [9.0943376, 45.4599856], [9.094384, 45.4598717], [9.0944269, 45.4597899]], [[9.0945682, 45.4595684], [9.0945248, 45.4596462], [9.0944269, 45.4597899]], [[9.0943336, 45.4604021], [9.0943201, 45.4602997], [9.0943144, 45.4601863], [9.0943156, 45.4600926]], [[9.0943156, 45.4600926], [9.0944337, 45.4601022], [9.0947117, 45.4601278]], [[9.0944269, 45.4597899], [9.0945293, 45.4598181], [9.0947392, 45.4598744], [9.094773, 45.4599179], [9.0947259, 45.4600579], [9.0947117, 45.4601278]]]}}, {"type": "Feature", "properties": {"id": "SS-MIL-0450", "nome": "Piazza Santa Maria Nascente", "quartiere": "", "classificazione": "giallo", "score": 3, "note": "strada urbana senza ciclabile (1 corsie)", "ciclabile": "no", "n_corsie": "1", "senso_unico": "si", "n_testimonianze": "0", "zona": "B1"}, "geometry": {"type": "MultiLineString", "coordinates": [[[9.1370714, 45.486003], [9.1372665, 45.4859504], [9.1374119, 45.4858954], [9.1374684, 45.4858767], [9.1375704, 45.4858429], [9.1377816, 45.4857753], [9.1379266, 45.4857298], [9.1380367, 45.485685]], [[9.1342497, 45.4867013], [9.1343672, 45.4866676], [9.1347852, 45.4865478]], [[9.1348418, 45.4867632], [9.1347557, 45.4866809], [9.1347487, 45.4866276], [9.1347852, 45.4865478]], [[9.1376725, 45.4861314], [9.1375247, 45.4861722], [9.1374066, 45.4861959], [9.1371982, 45.4862201]], [[9.1368815, 45.486224], [9.1368006, 45.4862467], [9.1367054, 45.4862862], [9.1365221, 45.4863634], [9.1362677, 45.4864367]], [[9.1380367, 45.485685], [9.1381529, 45.4856326], [9.1382263, 45.4855946]], [[9.1381014, 45.4857564], [9.1380004, 45.4857964], [9.1378474, 45.4858432], [9.1373193, 45.485989], [9.1372993, 45.4859998], [9.1372836, 45.4860125], [9.137269, 45.4860256], [9.1372556, 45.4860412], [9.1372458, 45.4860541], [9.1372377, 45.486067], [9.137231, 45.486082], [9.1372259, 45.4860971]], [[9.1372319, 45.4861138], [9.137322, 45.4861352], [9.1373984, 45.4861419], [9.1374871, 45.4861399], [9.1376725, 45.4861314]], [[9.138254, 45.4860641], [9.1380339, 45.4860777], [9.1378185, 45.4861097], [9.1376725, 45.4861314]], [[9.1348418, 45.4867632], [9.1346761, 45.4867566], [9.1342497, 45.4867013]], [[9.1360921, 45.4862038], [9.1366032, 45.4861064], [9.1366509, 45.4860973], [9.1368611, 45.4860776]], [[9.1347852, 45.4865478], [9.1356096, 45.4863308], [9.1360921, 45.4862038]], [[9.1362677, 45.4864367], [9.1355624, 45.486603], [9.1349565, 45.4867597], [9.1348418, 45.4867632]], [[9.1383033, 45.4856617], [9.1382292, 45.4856961], [9.1381014, 45.4857564]]]}}, {"type": "Feature", "properties": {"id": "SS-MIL-0461", "nome": "Piazza Sicilia", "quartiere": "", "classificazione": "giallo", "score": 3, "note": "strada urbana senza ciclabile", "ciclabile": "no", "n_corsie": "2", "senso_unico": "si", "n_testimonianze": "0", "zona": "B1"}, "geometry": {"type": "MultiLineString", "coordinates": [[[9.1533157, 45.4640674], [9.1535869, 45.4643674]], [[9.152789, 45.4641037], [9.1528402, 45.4640915], [9.1529102, 45.4640748]], [[9.1533979, 45.4646343], [9.1532959, 45.4646818]], [[9.1527617, 45.4645489], [9.1526809, 45.4644513], [9.1526413, 45.4643952]], [[9.1529102, 45.4640748], [9.1530233, 45.4640563], [9.1530741, 45.4640546], [9.1532218, 45.4640537], [9.1533157, 45.4640674]], [[9.1526413, 45.4643952], [9.1526319, 45.464331], [9.1526531, 45.4642903], [9.1527368, 45.4641419], [9.152789, 45.4641037]], [[9.1535869, 45.4643674], [9.1535684, 45.464437], [9.1535312, 45.4644882], [9.1534656, 45.4645739], [9.1533979, 45.4646343]], [[9.1528042, 45.46473], [9.1528083, 45.4647023], [9.1528074, 45.4646702], [9.1528064, 45.464639], [9.1527904, 45.4645981], [9.1527617, 45.4645489]]]}}, {"type": "Feature", "properties": {"id": "SS-MIL-0463", "nome": "Piazza Simone Bolivar", "quartiere": "", "classificazione": "rosso", "score": 4, "note": "strada principale trafficata (2 corsie)", "ciclabile": "no", "n_corsie": "2", "senso_unico": "si", "n_testimonianze": "0", "zona": "B1"}, "geometry": {"type": "MultiLineString", "coordinates": [[[9.1527616, 45.4553494], [9.1526869, 45.4553791]], [[9.1523841, 45.4551372], [9.1523883, 45.4551194], [9.1523947, 45.4551019], [9.1524033, 45.4550849], [9.1524139, 45.4550685], [9.1524264, 45.4550528], [9.1524409, 45.4550379], [9.1524572, 45.4550239], [9.1524751, 45.4550109], [9.1524945, 45.4549992], [9.1525154, 45.4549886], [9.1525374, 45.4549793], [9.1525605, 45.4549714], [9.1525845, 45.4549649], [9.1526206, 45.454956], [9.1526567, 45.4549547]], [[9.1529144, 45.4551336], [9.1528934, 45.455207], [9.1528632, 45.4552588], [9.1527616, 45.4553494]], [[9.1526567, 45.4549547], [9.1526807, 45.4549541], [9.1527047, 45.4549549], [9.1527285, 45.454957], [9.152752, 45.4549605], [9.1527751, 45.4549653], [9.1527833, 45.4549678]], [[9.1517257, 45.4548092], [9.1519081, 45.4548485], [9.1522308, 45.454877], [9.1524052, 45.454894], [9.1524265, 45.4548961], [9.1526567, 45.4549547]], [[9.1529104, 45.4550317], [9.1529115, 45.4550839]], [[9.1527833, 45.4549678], [9.152819, 45.4549787], [9.1528396, 45.4549871], [9.1528592, 45.4549968], [9.1528776, 45.4550074], [9.1528947, 45.4550191], [9.1529104, 45.4550317]], [[9.1525554, 45.4553521], [9.1525335, 45.4553443], [9.1525125, 45.4553352], [9.1524928, 45.4553249], [9.1524743, 45.4553136], [9.1524572, 45.4553012], [9.1524416, 45.4552878]], [[9.1524416, 45.4552878], [9.1524256, 45.4552713], [9.1524119, 45.4552538], [9.1524007, 45.4552355], [9.152392, 45.4552164], [9.152386, 45.4551969], [9.1523826, 45.4551771], [9.152382, 45.4551571], [9.1523841, 45.4551372]], [[9.1526869, 45.4553791], [9.1525554, 45.4553521]], [[9.1529115, 45.4550839], [9.1529144, 45.4551336]], [[9.1517737, 45.4549823], [9.1514814, 45.4548823]]]}}, {"type": "Feature", "properties": {"id": "SS-MIL-0469", "nome": "Piazza Tirana", "quartiere": "", "classificazione": "giallo", "score": 3, "note": "strada urbana senza ciclabile", "ciclabile": "no", "n_corsie": "2", "senso_unico": "si", "n_testimonianze": "0", "zona": "B1"}, "geometry": {"type": "MultiLineString", "coordinates": [[[9.1286808, 45.4441408], [9.1287198, 45.4440687], [9.1288901, 45.4437524], [9.1292325, 45.4431169]], [[9.1298083, 45.4444228], [9.1298071, 45.4444829], [9.1297983, 45.4445356], [9.1297825, 45.4445695]], [[9.1285898, 45.4442675], [9.1286222, 45.4442035]], [[9.1286808, 45.4441408], [9.1289933, 45.4442029], [9.129086, 45.4442129], [9.1291745, 45.4442139], [9.129326, 45.4442109], [9.1294374, 45.4442149], [9.1295302, 45.4442234], [9.1296172, 45.4442486], [9.1296565, 45.4442681], [9.1296872, 45.4442875], [9.129737, 45.4443475], [9.1298083, 45.4444228]], [[9.1296812, 45.4446469], [9.129575, 45.4446776], [9.1294986, 45.4446914], [9.1293811, 45.4447056], [9.1293199, 45.444707]], [[9.128919, 45.4446143], [9.1287706, 45.4445344], [9.1287021, 45.4444681], [9.128632, 45.4443708]], [[9.1293199, 45.444707], [9.1290534, 45.4446479], [9.128919, 45.4446143]], [[9.1292325, 45.4431169], [9.1292624, 45.4430567], [9.1294606, 45.4426937], [9.1294969, 45.4426708], [9.1295526, 45.4426561], [9.1295944, 45.4426534], [9.1296447, 45.4426567], [9.1300844, 45.4427754]], [[9.1286222, 45.4442035], [9.1286373, 45.4441789], [9.1286808, 45.4441408]], [[9.1297825, 45.4445695], [9.1297611, 45.4446008], [9.129741, 45.4446225], [9.1296812, 45.4446469]], [[9.128632, 45.4443708], [9.1285898, 45.4442675]], [[9.1300844, 45.4427754], [9.1301357, 45.4427893], [9.1304727, 45.4428802], [9.1305085, 45.4428973], [9.1305326, 45.4429195], [9.1305436, 45.4429441], [9.1305428, 45.44297], [9.1305382, 45.4429936], [9.1305305, 45.4430135], [9.1304305, 45.443219], [9.1304152, 45.4432505], [9.1300304, 45.4439982], [9.130005, 45.4440483]], [[9.130005, 45.4440483], [9.1298686, 45.4443224], [9.1298519, 45.4443503], [9.1298083, 45.4444228]]]}}, {"type": "Feature", "properties": {"id": "SS-MIL-0473", "nome": "Piazza Tre Martiri", "quartiere": "", "classificazione": "giallo", "score": 3, "note": "strada urbana senza ciclabile", "ciclabile": "no", "n_corsie": "2", "senso_unico": "si", "n_testimonianze": "0", "zona": "B1"}, "geometry": {"type": "MultiLineString", "coordinates": [[[9.05492, 45.479353], [9.0548225, 45.4793389], [9.0542982, 45.4792848], [9.0540667, 45.4792607]], [[9.0548641, 45.4793662], [9.0543522, 45.4793218], [9.0543133, 45.4794818], [9.0544831, 45.4794992], [9.0544791, 45.4795088], [9.0547949, 45.4795404], [9.0547966, 45.4795355], [9.0548486, 45.4795396], [9.0548459, 45.4794719], [9.0548641, 45.4793662]]]}}, {"type": "Feature", "properties": {"id": "SS-MIL-0490", "nome": "Piazza degli Eroi", "quartiere": "", "classificazione": "giallo", "score": 3, "note": "strada urbana senza ciclabile", "ciclabile": "no", "n_corsie": "2", "senso_unico": "no", "n_testimonianze": "0", "zona": "B1"}, "geometry": {"type": "LineString", "coordinates": [[9.0546875, 45.4800306], [9.0547294, 45.4800467], [9.0547626, 45.4800595], [9.0548274, 45.4800846], [9.0548602, 45.4800971], [9.0551127, 45.4802006], [9.0551472, 45.4802148]]}}, {"type": "Feature", "properties": {"id": "SS-MIL-0503", "nome": "Piazza dell'Incontro fra i Popoli", "quartiere": "", "classificazione": "blu", "score": 2, "note": "zona pedonale / living street", "ciclabile": "no", "n_corsie": "1", "senso_unico": "no", "n_testimonianze": "0", "zona": "B1"}, "geometry": {"type": "LineString", "coordinates": [[9.0578999, 45.4820205], [9.058287, 45.4821762], [9.0583398, 45.4821974], [9.0591303, 45.4812311], [9.0590989, 45.4812185], [9.0586904, 45.4810542], [9.0578999, 45.4820205]]}}, {"type": "Feature", "properties": {"id": "SS-MIL-0520", "nome": "Piazzale Arduino", "quartiere": "", "classificazione": "rosso", "score": 4, "note": "strada secondaria trafficata (2 corsie)", "ciclabile": "no", "n_corsie": "2", "senso_unico": "si", "n_testimonianze": "0", "zona": "B1"}, "geometry": {"type": "MultiLineString", "coordinates": [[[9.1502691, 45.4778731], [9.1502528, 45.4778404], [9.1502406, 45.4776429], [9.1502341, 45.477538], [9.15022, 45.4772391], [9.1502092, 45.4772038], [9.1501803, 45.4771743]], [[9.1515723, 45.4769622], [9.1515768, 45.4771354], [9.1515885, 45.4772747]], [[9.1514103, 45.477877], [9.1512724, 45.4778794], [9.1512395, 45.4778801], [9.1506485, 45.4778909], [9.1505235, 45.4778935], [9.1503178, 45.4778978], [9.1502691, 45.4778731]], [[9.1506151, 45.4771587], [9.1505635, 45.4771644], [9.1501803, 45.4771743]], [[9.1516761, 45.4768269], [9.1516858, 45.4770105], [9.1516911, 45.4771339], [9.1517188, 45.4776757], [9.1517381, 45.4779424]], [[9.1514863, 45.4778274], [9.1514538, 45.4778553], [9.1514103, 45.477877]], [[9.1514863, 45.4778274], [9.1514481, 45.4771372]], [[9.1514481, 45.4771372], [9.1514368, 45.4769649]]]}}, {"type": "Feature", "properties": {"id": "SS-MIL-0523", "nome": "Piazzale Brescia", "quartiere": "", "classificazione": "rosso", "score": 4, "note": "strada principale trafficata", "ciclabile": "no", "n_corsie": "2", "senso_unico": "si", "n_testimonianze": "0", "zona": "B1"}, "geometry": {"type": "MultiLineString", "coordinates": [[[9.1452192, 45.4700725], [9.1453099, 45.4700995]], [[9.1440649, 45.4713926], [9.1440466, 45.471366], [9.1440159, 45.4713081], [9.1440109, 45.471282], [9.1440061, 45.4712566]], [[9.1446979, 45.4716345], [9.1445664, 45.4716208]], [[9.1453979, 45.4711397], [9.1453188, 45.4713907]], [[9.144822, 45.4716456], [9.1446979, 45.4716345]], [[9.1445664, 45.4716208], [9.1444727, 45.471607]], [[9.1440061, 45.4712566], [9.1440915, 45.4709512]], [[9.1442814, 45.4703449], [9.1443576, 45.470193]], [[9.1455237, 45.4702441], [9.1455434, 45.4702694], [9.1455707, 45.4703154], [9.1456015, 45.4703901]], [[9.1455617, 45.4706057], [9.1454651, 45.4709271], [9.1453979, 45.4711397]], [[9.1440061, 45.4712566], [9.1438563, 45.4712342], [9.1438386, 45.4712315], [9.1439097, 45.470989], [9.1439257, 45.4709343]], [[9.1439257, 45.4709343], [9.1439971, 45.4707103], [9.1441172, 45.4703619], [9.1442814, 45.4703449]], [[9.1440915, 45.4709512], [9.144158, 45.470739], [9.1441695, 45.4707045], [9.1442814, 45.4703449]], [[9.1456015, 45.4703901], [9.1456009, 45.4704474], [9.1455617, 45.4706057]], [[9.1453188, 45.4713907], [9.1452413, 45.4714781], [9.1451667, 45.4715346], [9.1450928, 45.4715686], [9.1450205, 45.4715953], [9.1449194, 45.4716249], [9.144822, 45.4716456]], [[9.1443576, 45.470193], [9.1444345, 45.4701348], [9.1445052, 45.4700986], [9.1445767, 45.4700663], [9.144624, 45.4700497], [9.144698, 45.4700339], [9.1447728, 45.4700249], [9.144833, 45.4700253]], [[9.1453452, 45.4701103], [9.1454073, 45.4701438], [9.1454918, 45.4702081], [9.1455237, 45.4702441]], [[9.1453188, 45.4713907], [9.1453286, 45.4714896], [9.1453251, 45.4715382], [9.1452727, 45.4716827], [9.1452652, 45.4717169], [9.1452732, 45.4717558], [9.1452939, 45.4717876]], [[9.1456908, 45.4710454], [9.1456143, 45.4710574], [9.1455511, 45.4710764], [9.1453979, 45.4711397]], [[9.1449761, 45.4700304], [9.1450314, 45.4700375], [9.1451093, 45.4700487], [9.1452192, 45.4700725]], [[9.144833, 45.4700253], [9.1448937, 45.4700258]], [[9.1448937, 45.4700258], [9.1449761, 45.4700304]], [[9.1453099, 45.4700995], [9.1453452, 45.4701103]]]}}, {"type": "Feature", "properties": {"id": "SS-MIL-0527", "nome": "Piazzale Carlo Magno", "quartiere": "", "classificazione": "giallo", "score": 3, "note": "strada urbana senza ciclabile", "ciclabile": "no", "n_corsie": "2", "senso_unico": "si", "n_testimonianze": "0", "zona": "B1"}, "geometry": {"type": "MultiLineString", "coordinates": [[[9.1559877, 45.4814843], [9.1559745, 45.4814675], [9.1559634, 45.481451], [9.1559568, 45.4814342], [9.1559551, 45.4814177], [9.155957, 45.4814021], [9.1559643, 45.4813837], [9.1559765, 45.4813656], [9.1559915, 45.4813489], [9.1560135, 45.4813312], [9.1560375, 45.4813182], [9.1560682, 45.4813091], [9.1561065, 45.4813029], [9.1561434, 45.4812995], [9.1561829, 45.4812973], [9.1562081, 45.481296], [9.1562447, 45.481294], [9.1562687, 45.4812912], [9.1562912, 45.4812863], [9.1563134, 45.4812787], [9.1563342, 45.4812686], [9.1563488, 45.4812574], [9.1563582, 45.4812433], [9.1563616, 45.4812286], [9.1563601, 45.4812122], [9.1563548, 45.4811956]], [[9.1555904, 45.481225], [9.155467, 45.4813185]], [[9.1556957, 45.4811452], [9.1557966, 45.4810588], [9.1560388, 45.4809533], [9.1560744, 45.4809362], [9.156277, 45.4808392]], [[9.1562889, 45.4809202], [9.1561303, 45.4809948], [9.1560953, 45.4810113], [9.1558224, 45.4811175], [9.1556957, 45.4811452]], [[9.1556957, 45.4811452], [9.1555904, 45.481225]], [[9.1562889, 45.4809202], [9.1563042, 45.480998], [9.1563096, 45.4810319], [9.1563183, 45.4811055], [9.1563212, 45.4811223], [9.1563262, 45.4811415], [9.1563338, 45.48116], [9.1563431, 45.4811773], [9.1563548, 45.4811956]]]}}, {"type": "Feature", "properties": {"id": "SS-MIL-0531", "nome": "Piazzale Crivellone", "quartiere": "", "classificazione": "giallo", "score": 3, "note": "strada urbana senza ciclabile", "ciclabile": "no", "n_corsie": "2", "senso_unico": "si", "n_testimonianze": "0", "zona": "B1"}, "geometry": {"type": "MultiLineString", "coordinates": [[[9.1464309, 45.4725334], [9.1463429, 45.4726126], [9.1463116, 45.4726392]], [[9.1464309, 45.4725334], [9.1467933, 45.4722554], [9.1469265, 45.4721533], [9.1471316, 45.4719961], [9.1471555, 45.4719777], [9.1471851, 45.471955]], [[9.1468709, 45.471742], [9.1468422, 45.4717635], [9.1467937, 45.4718], [9.1465789, 45.4719621], [9.1461667, 45.4722732], [9.1461022, 45.4723219]]]}}, {"type": "Feature", "properties": {"id": "SS-MIL-0532", "nome": "Piazzale Damiano Chiesa", "quartiere": "", "classificazione": "giallo", "score": 3, "note": "strada urbana senza ciclabile", "ciclabile": "no", "n_corsie": "2", "senso_unico": "no", "n_testimonianze": "0", "zona": "B1"}, "geometry": {"type": "MultiLineString", "coordinates": [[[9.1556196, 45.483993], [9.1556825, 45.4839493], [9.1557528, 45.4839115], [9.1558294, 45.4838802], [9.155911, 45.4838562], [9.1559729, 45.4838431], [9.1560362, 45.4838337], [9.1561097, 45.4838278]], [[9.1566522, 45.4846558], [9.1565784, 45.4847038], [9.1565241, 45.4847308], [9.1564582, 45.4847573], [9.1563886, 45.4847787], [9.1563161, 45.4847947], [9.1562415, 45.4848051], [9.1561658, 45.4848097]], [[9.1556593, 45.4846742], [9.1556038, 45.4846325], [9.1555555, 45.4845865], [9.1555152, 45.4845369], [9.1554834, 45.4844844], [9.1554605, 45.4844296], [9.1554469, 45.4843733], [9.1554426, 45.4843164], [9.1554478, 45.4842594], [9.1554624, 45.4842033], [9.1554862, 45.4841487], [9.1555189, 45.4840964], [9.155565, 45.4840417], [9.1555884, 45.4840193], [9.1556196, 45.483993]], [[9.1566472, 45.4839789], [9.1566969, 45.4840193], [9.15674, 45.4840632], [9.1567761, 45.4841101], [9.1568047, 45.4841595], [9.1568255, 45.4842108], [9.1568382, 45.4842634], [9.1568428, 45.4843166], [9.156839, 45.4843699], [9.1568271, 45.4844226], [9.156807, 45.484474], [9.1567791, 45.4845236], [9.1567437, 45.4845708], [9.1567013, 45.4846151], [9.1566522, 45.4846558]], [[9.1561658, 45.4848097], [9.1560986, 45.484809], [9.1560317, 45.4848038], [9.1559659, 45.4847941], [9.1558817, 45.4847746], [9.1558017, 45.4847479], [9.1557272, 45.4847142], [9.1556593, 45.4846742]], [[9.1561097, 45.4838278], [9.156176, 45.4838289], [9.1562509, 45.4838344], [9.1563281, 45.483846], [9.1564142, 45.4838668], [9.1564989, 45.4838966], [9.1565437, 45.4839182], [9.156577, 45.4839342], [9.1566472, 45.4839789]]]}}, {"type": "Feature", "properties": {"id": "SS-MIL-0534", "nome": "Piazzale Diego Velasquez", "quartiere": "", "classificazione": "giallo", "score": 3, "note": "strada urbana senza ciclabile", "ciclabile": "no", "n_corsie": "2", "senso_unico": "si", "n_testimonianze": "0", "zona": "B1"}, "geometry": {"type": "MultiLineString", "coordinates": [[[9.1411638, 45.4680147], [9.1410557, 45.4679452], [9.140587, 45.4676373]], [[9.1412864, 45.4677785], [9.1412244, 45.4678959]], [[9.140108, 45.4673239], [9.140588, 45.4673215]], [[9.140588, 45.4673215], [9.1406439, 45.4673581], [9.1406662, 45.4673727]], [[9.1415256, 45.467369], [9.1414832, 45.4673818], [9.1413601, 45.467419], [9.1413076, 45.4674193], [9.1408503, 45.467419], [9.1408436, 45.4674189], [9.1407421, 45.4674224]], [[9.1407421, 45.4674224], [9.1402625, 45.4674249]], [[9.1402625, 45.4674249], [9.1402165, 45.4673949], [9.1402079, 45.4673893], [9.1401858, 45.4673748]], [[9.1401858, 45.4673748], [9.1401647, 45.467361], [9.1401464, 45.467349], [9.140108, 45.4673239]], [[9.1406662, 45.4673727], [9.1406873, 45.4673865], [9.140698, 45.4673935], [9.1407421, 45.4674224]], [[9.1404636, 45.4675566], [9.1403444, 45.4674809], [9.1402625, 45.4674249]], [[9.1407421, 45.4674224], [9.1408294, 45.4674771], [9.1411873, 45.4677136], [9.1412864, 45.4677785]], [[9.1415256, 45.467369], [9.141519, 45.4673816], [9.141463, 45.4674886], [9.1414167, 45.4675554], [9.1413525, 45.4676653], [9.1413265, 45.4677231], [9.1412964, 45.4677613], [9.1412864, 45.4677785]], [[9.140588, 45.4673215], [9.1407145, 45.4673203], [9.140807, 45.4673205], [9.1413051, 45.4673183], [9.1413268, 45.4673195], [9.141449, 45.4673436], [9.1414794, 45.4673537], [9.1415256, 45.467369]], [[9.1412244, 45.4678959], [9.1411638, 45.4680147]], [[9.140587, 45.4676373], [9.1404636, 45.4675566]]]}}, {"type": "Feature", "properties": {"id": "SS-MIL-0543", "nome": "Piazzale Fratelli Zavattari", "quartiere": "", "classificazione": "rosso", "score": 4, "note": "strada principale trafficata", "ciclabile": "no", "n_corsie": "2", "senso_unico": "no", "n_testimonianze": "0", "zona": "B1"}, "geometry": {"type": "MultiLineString", "coordinates": [[[9.1434334, 45.4757355], [9.1434998, 45.4759497]], [[9.1433004, 45.4763578], [9.1431942, 45.4763775], [9.143088, 45.4763787], [9.1430521, 45.4763754], [9.1429828, 45.4763689], [9.1428758, 45.4763419]], [[9.1430861, 45.4754899], [9.1431734, 45.4755085]], [[9.1428758, 45.4763419], [9.1427836, 45.4762978], [9.1427153, 45.4762424], [9.142659, 45.4761764], [9.1426119, 45.476111], [9.1425564, 45.475998]], [[9.1434007, 45.4763114], [9.1433004, 45.4763578]], [[9.1426311, 45.4756471], [9.1426768, 45.4756086], [9.1427305, 45.4755645], [9.1428296, 45.4755151]], [[9.1428296, 45.4755151], [9.1429616, 45.4754925], [9.1430861, 45.4754899]], [[9.1434998, 45.4759497], [9.143504, 45.4760532], [9.1434983, 45.4761521], [9.1434792, 45.4762204], [9.1434527, 45.4762668], [9.1434007, 45.4763114]], [[9.1425564, 45.475998], [9.1425504, 45.4759505], [9.142553, 45.4758681], [9.1425566, 45.4758423]], [[9.1425566, 45.4758423], [9.1425799, 45.4757514], [9.1426066, 45.4756968], [9.1426311, 45.4756471]], [[9.1431734, 45.4755085], [9.1432475, 45.4755312], [9.143323, 45.4755719], [9.1433822, 45.4756307]], [[9.1433822, 45.4756307], [9.1434334, 45.4757355]]]}}, {"type": "Feature", "properties": {"id": "SS-MIL-0546", "nome": "Piazzale Giovanni de Agostini", "quartiere": "", "classificazione": "giallo", "score": 3, "note": "strada urbana senza ciclabile", "ciclabile": "no", "n_corsie": "2", "senso_unico": "no", "n_testimonianze": "0", "zona": "B1"}, "geometry": {"type": "MultiLineString", "coordinates": [[[9.1558695, 45.458303], [9.1558599, 45.4582952], [9.1558343, 45.4582686], [9.1558136, 45.4582399], [9.1557982, 45.4582097], [9.1557882, 45.4581784], [9.1557857, 45.4581602]], [[9.1562314, 45.4583898], [9.1561812, 45.4583953], [9.1561354, 45.4583959], [9.1560899, 45.4583925], [9.1560453, 45.4583851], [9.1560024, 45.4583739], [9.1559618, 45.4583591], [9.1559241, 45.4583408], [9.15589, 45.4583194], [9.1558695, 45.458303]], [[9.1557857, 45.4581602], [9.1557838, 45.4581464], [9.1557852, 45.4581143], [9.1557922, 45.4580826], [9.1558047, 45.4580517], [9.1558227, 45.4580221], [9.1558457, 45.4579944], [9.1558734, 45.4579688], [9.1559055, 45.4579459], [9.1559414, 45.4579259], [9.1559805, 45.4579092], [9.1560028, 45.4579022]], [[9.15633, 45.4579119], [9.1563705, 45.45793], [9.1564056, 45.4579507], [9.1564368, 45.4579742], [9.1564635, 45.4580003], [9.1564854, 45.4580284], [9.1565022, 45.4580583], [9.1565136, 45.4580894], [9.1565194, 45.4581213], [9.1565201, 45.4581374], [9.1565174, 45.4581694], [9.1565089, 45.458201], [9.156495, 45.4582316], [9.156492, 45.4582362]], [[9.1560028, 45.4579022], [9.1560223, 45.4578961], [9.156066, 45.4578867], [9.1561112, 45.4578812], [9.1561569, 45.4578796], [9.1562025, 45.457882], [9.1562474, 45.4578884], [9.1562908, 45.4578987], [9.15633, 45.4579119]], [[9.156492, 45.4582362], [9.1564758, 45.4582607], [9.1564515, 45.458288], [9.1564227, 45.4583129], [9.1563896, 45.4583351], [9.1563529, 45.4583543], [9.156313, 45.4583701], [9.1562707, 45.4583823], [9.1562314, 45.4583898]]]}}, {"type": "Feature", "properties": {"id": "SS-MIL-0547", "nome": "Piazzale Giovanni delle Bande Nere", "quartiere": "", "classificazione": "rosso", "score": 4, "note": "strada secondaria trafficata", "ciclabile": "no", "n_corsie": "2", "senso_unico": "si", "n_testimonianze": "0", "zona": "B1"}, "geometry": {"type": "MultiLineString", "coordinates": [[[9.1369003, 45.4612629], [9.1369107, 45.4612332], [9.1369242, 45.4611946], [9.1369955, 45.4610511]], [[9.1368652, 45.4613636], [9.1369003, 45.4612629]], [[9.1370467, 45.4612838], [9.1371378, 45.4612945], [9.1373552, 45.4613202]], [[9.1369955, 45.4610511], [9.1371356, 45.4608024]], [[9.1371738, 45.4610281], [9.1370885, 45.4611881], [9.1370736, 45.461218], [9.1370467, 45.4612838]], [[9.1366184, 45.4613251], [9.1360003, 45.4612077]], [[9.1369003, 45.4612629], [9.1370467, 45.4612838]], [[9.1370467, 45.4612838], [9.1370127, 45.4613821]], [[9.1371356, 45.4608024], [9.1372075, 45.4606854]], [[9.1360586, 45.461822], [9.1360109, 45.4612858], [9.1360082, 45.4612621], [9.1360065, 45.4612473], [9.1360046, 45.4612349], [9.1360003, 45.4612077]], [[9.1373538, 45.4607344], [9.1372855, 45.4608438]], [[9.1372855, 45.4608438], [9.137235, 45.4609271], [9.1371738, 45.4610281]], [[9.1384055, 45.4614348], [9.1381847, 45.4614893], [9.1380465, 45.461523], [9.1379663, 45.4615621], [9.1379334, 45.461594], [9.1379017, 45.4616568], [9.1378267, 45.4618357], [9.1377814, 45.4619041], [9.1377255, 45.461973], [9.1376712, 45.4620245]], [[9.1364677, 45.4623283], [9.1364466, 45.4622511], [9.1364378, 45.4620772], [9.1364245, 45.462052], [9.1364087, 45.4620334], [9.1363817, 45.4620158], [9.1361152, 45.4619069], [9.1360838, 45.4618838], [9.1360691, 45.4618578], [9.1360586, 45.461822]], [[9.1370127, 45.4613821], [9.1369908, 45.4614526], [9.13695, 45.461593]], [[9.1364677, 45.4623283], [9.1365876, 45.4620588], [9.1366847, 45.4619477]], [[9.1368652, 45.4613636], [9.1368325, 45.4613592], [9.1367505, 45.4613482], [9.1366184, 45.4613251]], [[9.1367956, 45.461571], [9.1368449, 45.4614296], [9.1368503, 45.4614064], [9.1368652, 45.4613636]], [[9.1373641, 45.4614226], [9.1373053, 45.4614164], [9.1371436, 45.4613969]], [[9.1370127, 45.4613821], [9.1368652, 45.4613636]], [[9.1368426, 45.4620947], [9.1369045, 45.4623999]], [[9.1367115, 45.4626262], [9.1366379, 45.4625168], [9.1366269, 45.4624035], [9.1366847, 45.4619477]], [[9.1366847, 45.4619477], [9.1367956, 45.461571]], [[9.13695, 45.461593], [9.1368844, 45.4618701], [9.1368426, 45.4620947]], [[9.1368426, 45.4620947], [9.1368, 45.4621649], [9.1367784, 45.4622281], [9.136759, 45.4624428], [9.1367505, 45.4625113], [9.1367115, 45.4626262]], [[9.1376712, 45.4620245], [9.1375883, 45.4621014], [9.1375526, 45.4621345], [9.1374056, 45.4622313], [9.1372949, 45.4622868], [9.1371862, 45.4623284], [9.1370616, 45.4623657], [9.1369849, 45.4623847], [9.1369361, 45.4623934], [9.1369045, 45.4623999]], [[9.1371436, 45.4613969], [9.1370944, 45.4613913], [9.1370127, 45.4613821]]]}}, {"type": "Feature", "properties": {"id": "SS-MIL-0548", "nome": "Piazzale Giulio Cesare", "quartiere": "", "classificazione": "giallo", "score": 3, "note": "strada urbana senza ciclabile", "ciclabile": "no", "n_corsie": "2", "senso_unico": "si", "n_testimonianze": "0", "zona": "B1"}, "geometry": {"type": "MultiLineString", "coordinates": [[[9.1554413, 45.4731536], [9.1556117, 45.4731481]], [[9.1556117, 45.4731481], [9.1558479, 45.4731416], [9.1572769, 45.4731077], [9.1573574, 45.4731057]], [[9.1551556, 45.4735077], [9.1551705, 45.4734375], [9.1551791, 45.4734015], [9.1552091, 45.4733034], [9.1552536, 45.4732574], [9.1554413, 45.4731536]], [[9.1537321, 45.4732167], [9.1538327, 45.4732123], [9.1552405, 45.4731681], [9.1553133, 45.4731593], [9.1554413, 45.4731536]], [[9.1551556, 45.4735077], [9.1550446, 45.4735119], [9.1546569, 45.4735242], [9.1538756, 45.473549], [9.1537511, 45.4735529]], [[9.1556117, 45.4731481], [9.1557918, 45.4732404], [9.1558424, 45.473291], [9.1558851, 45.4733857], [9.1558967, 45.4734209], [9.1559169, 45.4734893]], [[9.1568342, 45.4738768], [9.1573105, 45.4738642], [9.1574115, 45.4738625]], [[9.1558469, 45.4739375], [9.1552849, 45.4739493], [9.1552527, 45.4739452], [9.1551922, 45.4739374]], [[9.1548417, 45.4739295], [9.1538961, 45.4739527], [9.1537765, 45.4739541]], [[9.1559879, 45.4741796], [9.1560333, 45.4741474], [9.1560916, 45.474134], [9.1561526, 45.4741281], [9.1562245, 45.4741066], [9.156293, 45.4740605], [9.1563362, 45.4740019], [9.156341, 45.4739538], [9.1563405, 45.4739214], [9.1563399, 45.473889]], [[9.1552152, 45.4741542], [9.1551146, 45.4741583], [9.1549934, 45.4741471], [9.1549225, 45.4741107], [9.1548603, 45.4740516], [9.154846, 45.4739957], [9.1548417, 45.4739295]], [[9.1560176, 45.4748391], [9.1559904, 45.4742287], [9.1559879, 45.4741796]], [[9.1546828, 45.4753771], [9.1552309, 45.4749727], [9.1552592, 45.4749365], [9.1552556, 45.4748339]], [[9.1536421, 45.47379], [9.1537055, 45.4738146], [9.153745, 45.4738503], [9.1537685, 45.4739072], [9.1537765, 45.4739541]], [[9.1559169, 45.4734893], [9.1551556, 45.4735077]], [[9.1559169, 45.4734893], [9.1560459, 45.473486], [9.1561791, 45.4734824], [9.1572961, 45.4734523], [9.157393, 45.4734498]], [[9.156657, 45.4753388], [9.1560629, 45.4749558], [9.1560375, 45.4749346], [9.1560213, 45.4749069], [9.1560176, 45.4748391]], [[9.1552556, 45.4748339], [9.1552221, 45.4742522], [9.1552152, 45.4741542]], [[9.1559747, 45.4738416], [9.156074, 45.4738959], [9.1563399, 45.473889]], [[9.1559169, 45.4734893], [9.1559601, 45.4735798], [9.1559747, 45.4738416]], [[9.1551922, 45.4739374], [9.1550969, 45.4739244], [9.1548417, 45.4739295]], [[9.1559879, 45.4741796], [9.1559857, 45.474026], [9.1559645, 45.4739923], [9.1559214, 45.4739606], [9.1558469, 45.4739375]], [[9.1563399, 45.473889], [9.1568342, 45.4738768]], [[9.1552152, 45.4741542], [9.1551922, 45.4739374]], [[9.1551922, 45.4739374], [9.1551636, 45.4736017], [9.1551556, 45.4735077]], [[9.1537427, 45.4734085], [9.1537321, 45.4732167]], [[9.1573574, 45.4731057], [9.1573685, 45.4732647], [9.1573883, 45.4732863], [9.1574188, 45.4732973]], [[9.1574062, 45.4737018], [9.1574115, 45.4738625]], [[9.1559747, 45.4738416], [9.1559493, 45.4738829], [9.1559103, 45.4739156], [9.1558469, 45.4739375]]]}}, {"type": "Feature", "properties": {"id": "SS-MIL-0550", "nome": "Piazzale Giuseppe Perrucchetti", "quartiere": "", "classificazione": "giallo", "score": 3, "note": "strada urbana senza ciclabile", "ciclabile": "no", "n_corsie": "2", "senso_unico": "si", "n_testimonianze": "0", "zona": "B1"}, "geometry": {"type": "MultiLineString", "coordinates": [[[9.1277076, 45.4658791], [9.127611, 45.4659178], [9.1275197, 45.4659436], [9.1274198, 45.4659582], [9.1273311, 45.4659636], [9.1272633, 45.4659621], [9.1271153, 45.4659407]], [[9.1273995, 45.4649676], [9.1275175, 45.4649914], [9.1276326, 45.465028]], [[9.1279098, 45.4657194], [9.1278682, 45.4657679], [9.1278569, 45.4657787], [9.1278163, 45.4658173], [9.1277997, 45.4658315]], [[9.127965, 45.46534], [9.1279871, 45.4654222], [9.1279919, 45.4654896], [9.1279925, 45.4655367]], [[9.1276326, 45.465028], [9.1277461, 45.4650834], [9.127832, 45.4651454], [9.1278874, 45.4652078], [9.1279309, 45.4652636], [9.127965, 45.46534]], [[9.1277997, 45.4658315], [9.1277891, 45.4658368], [9.1277664, 45.4658484], [9.1277076, 45.4658791]], [[9.1279925, 45.4655367], [9.1279619, 45.4656105], [9.1279426, 45.4656646], [9.1279098, 45.4657194]]]}}, {"type": "Feature", "properties": {"id": "SS-MIL-0558", "nome": "Piazzale Lorenzo Lotto", "quartiere": "", "classificazione": "giallo", "score": 3, "note": "strada urbana senza ciclabile", "ciclabile": "no", "n_corsie": "2", "senso_unico": "si", "n_testimonianze": "0", "zona": "B1"}, "geometry": {"type": "MultiLineString", "coordinates": [[[9.143116, 45.4791866], [9.1431233, 45.4793217]], [[9.1428579, 45.4804849], [9.1428529, 45.4803923], [9.1428231, 45.4798364]], [[9.1428231, 45.4798364], [9.1427995, 45.4793947], [9.1427962, 45.4793332]], [[9.1442994, 45.4795999], [9.144316, 45.4796408], [9.1443237, 45.4796811], [9.144334, 45.4798785], [9.1443352, 45.4799033], [9.1443316, 45.4799382]], [[9.1437211, 45.479218], [9.1437484, 45.4792251], [9.1437724, 45.4792337], [9.1437957, 45.4792446], [9.1438174, 45.4792569], [9.144024, 45.4793933]], [[9.143116, 45.4791866], [9.143242, 45.4792178], [9.1436095, 45.4792083], [9.1436373, 45.4792088], [9.1436652, 45.47921], [9.1436937, 45.4792132], [9.1437211, 45.479218]], [[9.1416299, 45.4800461], [9.141609, 45.4799904], [9.1415948, 45.4799338], [9.1415875, 45.4798766], [9.1415863, 45.4798203], [9.1415907, 45.479759]], [[9.1443316, 45.4799382], [9.1443176, 45.4799723], [9.1442908, 45.4800025], [9.1442577, 45.4800291], [9.1441487, 45.4801138]], [[9.1427962, 45.4793332], [9.1427868, 45.479158]], [[9.1420405, 45.4791774], [9.1426888, 45.4791606], [9.1427868, 45.479158]], [[9.1437538, 45.480413], [9.1437224, 45.4804263], [9.1436898, 45.4804371], [9.1436569, 45.4804459], [9.1436241, 45.4804521], [9.1435908, 45.4804565], [9.1435574, 45.4804592], [9.1432871, 45.4804691], [9.1431854, 45.4804729]], [[9.1431233, 45.4793217], [9.1431271, 45.4793923], [9.1431557, 45.4799234]], [[9.1441487, 45.4801138], [9.1438049, 45.480381], [9.1437803, 45.4803978], [9.1437538, 45.480413]], [[9.1416388, 45.4795759], [9.1417648, 45.4794178], [9.1418229, 45.47934]], [[9.1428579, 45.4804849], [9.1427631, 45.4804884], [9.1426761, 45.4804906], [9.1425891, 45.4804915], [9.142505, 45.4804894], [9.1424224, 45.4804835], [9.1423383, 45.4804728], [9.1422481, 45.480456], [9.1421617, 45.4804308], [9.1420759, 45.4803966], [9.141996, 45.48036], [9.1419175, 45.4803197], [9.1418542, 45.480282], [9.1417936, 45.4802415], [9.141739, 45.4801966], [9.141691, 45.4801479], [9.1416564, 45.4800979], [9.1416299, 45.4800461]], [[9.1418705, 45.4792878], [9.1420405, 45.4791774]], [[9.1418229, 45.47934], [9.1418705, 45.4792878]], [[9.144024, 45.4793933], [9.1442315, 45.4795304], [9.1442699, 45.4795613], [9.1442994, 45.4795999]], [[9.1431557, 45.4799234], [9.1431806, 45.4803847], [9.1431854, 45.4804729]], [[9.1415907, 45.479759], [9.1416025, 45.4796987], [9.1416173, 45.4796368], [9.1416388, 45.4795759]]]}}, {"type": "Feature", "properties": {"id": "SS-MIL-0563", "nome": "Piazzale Luigi Negrelli", "quartiere": "", "classificazione": "giallo", "score": 3, "note": "strada urbana senza ciclabile (2 corsie)", "ciclabile": "no", "n_corsie": "2", "senso_unico": "no", "n_testimonianze": "0", "zona": "B1"}, "geometry": {"type": "MultiLineString", "coordinates": [[[9.1389207, 45.4440648], [9.1389627, 45.4439941], [9.1391684, 45.4436669]], [[9.1391684, 45.4436669], [9.1392383, 45.4435629], [9.1393299, 45.443422]]]}}, {"type": "Feature", "properties": {"id": "SS-MIL-0578", "nome": "Piazzale Segesta", "quartiere": "", "classificazione": "giallo", "score": 3, "note": "strada urbana senza ciclabile", "ciclabile": "no", "n_corsie": "2", "senso_unico": "si", "n_testimonianze": "0", "zona": "B1"}, "geometry": {"type": "MultiLineString", "coordinates": [[[9.1385859, 45.4760463], [9.1380812, 45.4760524]], [[9.1385859, 45.4760463], [9.1385927, 45.4760942], [9.138593, 45.4762426], [9.1386022, 45.476263]], [[9.1386022, 45.476263], [9.1385872, 45.4763142], [9.1385595, 45.4763597]], [[9.1374301, 45.4752818], [9.137541, 45.4752626], [9.1376728, 45.4752534], [9.1378051, 45.475258], [9.13791, 45.4752701]], [[9.1371184, 45.4754513], [9.1371456, 45.4754012], [9.1371874, 45.4753662], [9.1372479, 45.4753392]], [[9.1380812, 45.4760524], [9.1371357, 45.4760639]], [[9.1371327, 45.4759973], [9.1371328, 45.4759086]], [[9.1385595, 45.4763597], [9.1385156, 45.4763318], [9.1381593, 45.4761057], [9.1380812, 45.4760524]], [[9.1371328, 45.4759086], [9.1371285, 45.4758547], [9.1371184, 45.4754513]], [[9.138385, 45.4755699], [9.1383951, 45.4755805], [9.1384353, 45.4756224]], [[9.1371328, 45.4759086], [9.1379879, 45.4758978], [9.1380718, 45.4758967], [9.1385662, 45.4758905]], [[9.1384875, 45.475674], [9.138535, 45.4757468], [9.138557, 45.475833], [9.1385662, 45.4758905]], [[9.1385662, 45.4758905], [9.1385859, 45.4760463]], [[9.1385595, 45.4763597], [9.1385215, 45.4764106], [9.1384676, 45.4764595], [9.138156, 45.4767072]], [[9.1384353, 45.4756224], [9.138459, 45.4756458], [9.1384875, 45.475674]], [[9.1371002, 45.4766482], [9.1371327, 45.4766107], [9.1371464, 45.476586], [9.1371706, 45.4765319], [9.1371502, 45.4763452], [9.1371413, 45.4761683], [9.137139, 45.4761232], [9.1371357, 45.4760639]], [[9.1372479, 45.4753392], [9.1374301, 45.4752818]], [[9.13791, 45.4752701], [9.1379711, 45.4752895], [9.1380882, 45.4753376], [9.1382072, 45.4754049], [9.1382873, 45.4754821], [9.138385, 45.4755699]], [[9.1371357, 45.4760639], [9.1371327, 45.4759973]]]}}, {"type": "Feature", "properties": {"id": "SS-MIL-0580", "nome": "Piazzale Selinunte", "quartiere": "", "classificazione": "giallo", "score": 3, "note": "strada urbana senza ciclabile", "ciclabile": "no", "n_corsie": "2", "senso_unico": "no", "n_testimonianze": "0", "zona": "B1"}, "geometry": {"type": "MultiLineString", "coordinates": [[[9.1368082, 45.471856], [9.136855, 45.4717926], [9.1369061, 45.4717437], [9.1369608, 45.4717042], [9.1370134, 45.4716709], [9.1370533, 45.471649]], [[9.1377002, 45.4716272], [9.1377707, 45.4716126], [9.1378278, 45.471602], [9.1378751, 45.471597], [9.13794, 45.4716074], [9.1379803, 45.4716328], [9.1380162, 45.4716671], [9.1380348, 45.4716989]], [[9.1379035, 45.4725433], [9.137822, 45.4725738], [9.1377452, 45.4726017]], [[9.1380633, 45.4723711], [9.1380423, 45.4724207], [9.1380177, 45.4724497], [9.1379615, 45.4725007], [9.1379035, 45.4725433]], [[9.1370533, 45.471649], [9.1370949, 45.4716361], [9.1371569, 45.4716269], [9.1372447, 45.4716163], [9.1373947, 45.4716079], [9.1374846, 45.4716095], [9.137574, 45.4716149], [9.137661, 45.4716206]], [[9.1380305, 45.4718152], [9.1380349, 45.471887], [9.1380457, 45.4720715], [9.1380633, 45.4723711]], [[9.136867, 45.4724574], [9.1368546, 45.4724027], [9.1368149, 45.4720623], [9.1368056, 45.4719399], [9.1368082, 45.471856]], [[9.1377452, 45.4726017], [9.1376572, 45.4726167], [9.1375651, 45.4726251], [9.1374783, 45.4726305], [9.1373805, 45.4726276], [9.1372855, 45.4726216], [9.1372045, 45.4726108]], [[9.137661, 45.4716206], [9.1377002, 45.4716272], [9.1378156, 45.4716647], [9.1378744, 45.4716864], [9.1379268, 45.4717159], [9.1379758, 45.4717593], [9.1380305, 45.4718152]], [[9.1372045, 45.4726108], [9.137121, 45.4725948], [9.1370416, 45.472568], [9.1369783, 45.4725398], [9.1369202, 45.472502], [9.136867, 45.4724574]]]}}, {"type": "Feature", "properties": {"id": "SS-MIL-0581", "nome": "Piazzale Siena", "quartiere": "", "classificazione": "rosso", "score": 4, "note": "strada secondaria trafficata", "ciclabile": "no", "n_corsie": "2", "senso_unico": "no", "n_testimonianze": "0", "zona": "B1"}, "geometry": {"type": "MultiLineString", "coordinates": [[[9.1368583, 45.4645609], [9.1368995, 45.4645632], [9.1369123, 45.4645643], [9.1369764, 45.4645699], [9.1370627, 45.4645822], [9.137069, 45.4645837]], [[9.13669, 45.4655398], [9.1366734, 45.465538], [9.1365908, 45.4655165], [9.1365127, 45.4654879], [9.1364402, 45.4654528], [9.1363745, 45.4654116], [9.1363571, 45.4653993], [9.1363166, 45.465365], [9.1362673, 45.4653137], [9.1362276, 45.4652586]], [[9.1371575, 45.465525], [9.1370222, 45.465549], [9.1369349, 45.4655577], [9.1368468, 45.4655588], [9.1367592, 45.4655522], [9.13669, 45.4655398]], [[9.1361864, 45.4649557], [9.1362106, 45.4648963], [9.1362451, 45.4648394], [9.1362895, 45.464786], [9.1363429, 45.4647369], [9.1363588, 45.4647255], [9.1364046, 45.4646927], [9.1364737, 45.4646543], [9.136549, 45.4646222], [9.1366087, 45.4646035]], [[9.137069, 45.4645837], [9.1371462, 45.464602], [9.1372256, 45.4646288], [9.1372996, 45.4646624], [9.1373671, 45.4647021], [9.1374275, 45.4647562], [9.1374702, 45.4647891], [9.1374786, 45.4647975], [9.1375208, 45.4648518], [9.137553, 45.4649093], [9.1375749, 45.4649692], [9.137586, 45.4650305], [9.1375869, 45.4650506]], [[9.1373073, 45.4654569], [9.1372654, 45.4654788], [9.1372086, 45.4655052], [9.1371575, 45.465525]], [[9.1366087, 45.4646035], [9.1366294, 45.4645969], [9.1367137, 45.4645789], [9.1368005, 45.4645682], [9.1368583, 45.4645609]], [[9.137464, 45.4653415], [9.1374553, 45.4653512], [9.1373997, 45.4653992], [9.1373941, 45.465403], [9.1373361, 45.4654419], [9.1373073, 45.4654569]], [[9.1375869, 45.4650506], [9.1375874, 45.4650614], [9.1375821, 45.4651231], [9.1375659, 45.4651838], [9.1375602, 45.4651963], [9.1375416, 45.465237], [9.137539, 45.4652427], [9.137502, 45.4652988], [9.137464, 45.4653415]], [[9.1362276, 45.4652586], [9.1361978, 45.4652004], [9.1361787, 45.4651401], [9.1361729, 45.4650977], [9.1361703, 45.4650786], [9.1361729, 45.4650168], [9.1361864, 45.4649557]]]}}, {"type": "Feature", "properties": {"id": "SS-MIL-0583", "nome": "Piazzale Stefano Türr", "quartiere": "", "classificazione": "verde", "score": 1, "note": "ciclabile presente (da OpenStreetMap)", "ciclabile": "si", "n_corsie": "2", "senso_unico": "si", "n_testimonianze": "0", "zona": "B1"}, "geometry": {"type": "MultiLineString", "coordinates": [[[9.1530804, 45.484051], [9.1530205, 45.4840994], [9.1528093, 45.484271]], [[9.1521499, 45.4838283], [9.1522248, 45.4838786], [9.152282, 45.483917]], [[9.1530804, 45.484051], [9.1525525, 45.4837117], [9.1524922, 45.483673], [9.1524152, 45.4836235]], [[9.1524152, 45.4836235], [9.1523334, 45.4836867], [9.1521499, 45.4838283]], [[9.152282, 45.483917], [9.1524724, 45.4840448], [9.1527553, 45.4842347], [9.1528093, 45.484271]]]}}, {"type": "Feature", "properties": {"id": "SS-MIL-0587", "nome": "Piazzale Tripoli", "quartiere": "", "classificazione": "giallo", "score": 3, "note": "strada urbana senza ciclabile", "ciclabile": "no", "n_corsie": "2", "senso_unico": "si", "n_testimonianze": "0", "zona": "B1"}, "geometry": {"type": "MultiLineString", "coordinates": [[[9.1495253, 45.4602772], [9.149585, 45.4601749], [9.1496588, 45.4600483]], [[9.1485384, 45.4585016], [9.1485109, 45.4585277], [9.1484574, 45.458555], [9.1483386, 45.4585947]], [[9.1482962, 45.4585383], [9.1484633, 45.4583942]], [[9.148219, 45.4587129], [9.1481665, 45.4587961], [9.1477798, 45.4594053], [9.1477693, 45.4594219], [9.1477361, 45.4594743]], [[9.1485384, 45.4585016], [9.1485928, 45.4585189], [9.1496041, 45.4588199], [9.1496563, 45.4588354]], [[9.1495253, 45.4602772], [9.1494895, 45.4602549], [9.1494469, 45.4602299], [9.1490228, 45.4601104]], [[9.1496563, 45.4588354], [9.1495148, 45.4590771]], [[9.1496588, 45.4600483], [9.1497326, 45.4601993]], [[9.1498031, 45.4603499], [9.1497466, 45.4604459], [9.149714, 45.4605013]], [[9.149714, 45.4605013], [9.1496217, 45.4603895]], [[9.1492049, 45.4599044], [9.1494992, 45.4599977], [9.1495615, 45.4600174], [9.1496588, 45.4600483]], [[9.1477361, 45.4594743], [9.1478832, 45.4595189], [9.1487967, 45.4597827], [9.1490706, 45.4598618]], [[9.1501317, 45.4589615], [9.149751, 45.4588605], [9.1496563, 45.4588354]], [[9.1480486, 45.4586149], [9.1480492, 45.4586023], [9.148052, 45.4585898], [9.148057, 45.4585777], [9.148064, 45.458566], [9.1480731, 45.4585551]], [[9.1496217, 45.4603895], [9.1495253, 45.4602772]], [[9.1490228, 45.4601104], [9.1489525, 45.460089]], [[9.1497326, 45.4601993], [9.1498031, 45.4603499]], [[9.1490706, 45.4598618], [9.1492049, 45.4599044]], [[9.1478874, 45.4586668], [9.1480054, 45.4586163], [9.1480486, 45.4586149]], [[9.1495148, 45.4590771], [9.1491135, 45.4597874], [9.1490706, 45.4598618]], [[9.1495148, 45.4590771], [9.1494391, 45.4590541], [9.1494187, 45.4590479], [9.1489942, 45.4589201], [9.1483485, 45.4587291]], [[9.1489525, 45.460089], [9.1478683, 45.4597769], [9.147783, 45.4597651], [9.1477065, 45.4597699]], [[9.1475268, 45.459236], [9.1475599, 45.4592026], [9.1478172, 45.4587661], [9.1478874, 45.4586668]], [[9.1483386, 45.4585947], [9.1483406, 45.458608], [9.1483401, 45.4586214], [9.148337, 45.4586347], [9.1483316, 45.4586475], [9.1483238, 45.4586598], [9.1483137, 45.4586712], [9.1483017, 45.4586816], [9.1482878, 45.4586908], [9.1482723, 45.4586987], [9.1482555, 45.458705], [9.1482376, 45.4587098], [9.148219, 45.4587129]], [[9.148219, 45.4587129], [9.1482013, 45.4587142], [9.1481835, 45.458714], [9.1481658, 45.4587123], [9.1481486, 45.4587091], [9.1481321, 45.4587045], [9.1481165, 45.4586984], [9.148102, 45.4586911], [9.148089, 45.4586826], [9.1480775, 45.4586731], [9.1480677, 45.4586626], [9.1480599, 45.4586514], [9.148054, 45.4586396], [9.1480503, 45.4586274], [9.1480486, 45.4586149]], [[9.1482962, 45.4585383], [9.1483086, 45.4585478], [9.1483193, 45.4585585], [9.1483279, 45.4585699], [9.1483344, 45.4585821], [9.1483386, 45.4585947]], [[9.1481953, 45.4585095], [9.1482138, 45.4585103], [9.1482321, 45.4585129], [9.1482497, 45.458517], [9.1482664, 45.4585227], [9.148282, 45.4585298], [9.1482962, 45.4585383]], [[9.1480731, 45.4585551], [9.148084, 45.458545], [9.1480965, 45.458536], [9.1481106, 45.4585281], [9.148126, 45.4585215], [9.1481424, 45.4585162], [9.1481595, 45.4585125], [9.1481773, 45.4585102], [9.1481953, 45.4585095]]]}}, {"type": "Feature", "properties": {"id": "SS-MIL-0590", "nome": "Piazzale Veronica Gambara", "quartiere": "", "classificazione": "giallo", "score": 3, "note": "strada urbana senza ciclabile", "ciclabile": "no", "n_corsie": "2", "senso_unico": "no", "n_testimonianze": "0", "zona": "B1"}, "geometry": {"type": "MultiLineString", "coordinates": [[[9.1429752, 45.4651317], [9.1429193, 45.4651317], [9.1428657, 45.4651207], [9.1428188, 45.4650995], [9.1427822, 45.4650699]], [[9.1427518, 45.465007], [9.1426916, 45.4649259], [9.1424171, 45.4647227]], [[9.1424171, 45.4647227], [9.1418092, 45.4644147], [9.1416889, 45.4643537]], [[9.1424684, 45.4646749], [9.1426823, 45.4647624], [9.1427985, 45.4648025], [9.1428579, 45.4648319], [9.1429014, 45.464862]], [[9.1430345, 45.4651187], [9.1429752, 45.4651317]], [[9.1431261, 45.4649397], [9.1431417, 45.4649801], [9.1431394, 45.4650219], [9.1431193, 45.4650612], [9.1430832, 45.4650945], [9.1430345, 45.4651187]], [[9.1427518, 45.465007], [9.1427551, 45.4649682], [9.1427737, 45.4649316], [9.1428062, 45.4649002], [9.1428499, 45.4648763], [9.1429014, 45.464862]], [[9.1429014, 45.464862], [9.1429387, 45.4648584], [9.1429982, 45.464863], [9.143053, 45.4648801], [9.1430979, 45.4649079]], [[9.1425158, 45.4648327], [9.1424566, 45.4649246], [9.1427131, 45.4650882], [9.1427442, 45.4650981], [9.1427223, 45.4651741], [9.1427124, 45.4651959], [9.1426743, 45.4651843], [9.1426526, 45.4651777], [9.1425798, 45.4651572], [9.1423203, 45.4650841], [9.1421317, 45.4650297], [9.1420519, 45.4650109], [9.1418677, 45.4650182], [9.141865, 45.464985], [9.1418558, 45.4648702], [9.1418481, 45.4647742], [9.1418463, 45.4647358], [9.1418345, 45.4647415], [9.1418221, 45.464745], [9.1418108, 45.4647469], [9.1417974, 45.4647481], [9.1417944, 45.4647144], [9.141828, 45.464713], [9.141824, 45.4646577], [9.1418824, 45.4646054], [9.1418974, 45.4645883], [9.1419064, 45.4645811], [9.1419276, 45.4645631], [9.1420604, 45.4646439], [9.1423074, 45.4647267], [9.142381, 45.4647562], [9.1425158, 45.4648327]], [[9.1422366, 45.4645372], [9.1422545, 45.4645158], [9.1422725, 45.4644841], [9.1427967, 45.4636506]], [[9.1427822, 45.4650699], [9.1427615, 45.4650398], [9.1427518, 45.465007]], [[9.1422366, 45.4645372], [9.1424684, 45.4646749]], [[9.1430979, 45.4649079], [9.1431261, 45.4649397]], [[9.1417668, 45.4642733], [9.1421282, 45.4644763], [9.1422366, 45.4645372]]]}}, {"type": "Feature", "properties": {"id": "SS-MIL-0594", "nome": "Piazzale della Cooperazione", "quartiere": "", "classificazione": "blu", "score": 2, "note": "zona pedonale / living street", "ciclabile": "no", "n_corsie": "1", "senso_unico": "no", "n_testimonianze": "0", "zona": "B1"}, "geometry": {"type": "LineString", "coordinates": [[9.109885, 45.469402], [9.109859, 45.4695126], [9.1098473, 45.4695576], [9.1098808, 45.469583], [9.1104895, 45.4695791], [9.1106862, 45.469179], [9.1099822, 45.4689897], [9.109885, 45.469402]]}}, {"type": "Feature", "properties": {"id": "SS-MIL-0596", "nome": "Piazzale delle Milizie", "quartiere": "", "classificazione": "verde", "score": 1, "note": "ciclabile presente (da OpenStreetMap)", "ciclabile": "si", "n_corsie": "2", "senso_unico": "si", "n_testimonianze": "0", "zona": "B1"}, "geometry": {"type": "MultiLineString", "coordinates": [[[9.1553471, 45.4503291], [9.1554401, 45.450285], [9.1554762, 45.4502745], [9.1555219, 45.4502698], [9.155565, 45.4502736]], [[9.1558472, 45.4501542], [9.1557588, 45.4502341], [9.1557443, 45.4502472], [9.1557268, 45.450263]], [[9.1556213, 45.4500675], [9.1560915, 45.4498028]], [[9.1562466, 45.4499091], [9.1560452, 45.4500289], [9.1558472, 45.4501542]], [[9.1553928, 45.4502766], [9.1553832, 45.4501327], [9.1553894, 45.4501152], [9.1553989, 45.450088], [9.1554265, 45.4500384]], [[9.1557593, 45.4494911], [9.156153, 45.44882]], [[9.1554265, 45.4500384], [9.1554438, 45.45001], [9.1557311, 45.4495375], [9.1557593, 45.4494911]], [[9.1553928, 45.4502766], [9.1554446, 45.4502171], [9.1554849, 45.4501713]], [[9.1554849, 45.4501713], [9.1555007, 45.450156], [9.1556213, 45.4500675]], [[9.1557268, 45.450263], [9.1556809, 45.4503167]], [[9.155565, 45.4502736], [9.1556809, 45.4503167]], [[9.1553471, 45.4503291], [9.1553928, 45.4502766]]]}}, {"type": "Feature", "properties": {"id": "SS-MIL-0597", "nome": "Piazzale dello Sport", "quartiere": "", "classificazione": "giallo", "score": 3, "note": "strada urbana senza ciclabile", "ciclabile": "no", "n_corsie": "2", "senso_unico": "no", "n_testimonianze": "0", "zona": "B1"}, "geometry": {"type": "MultiLineString", "coordinates": [[[9.127814, 45.4800602], [9.1273164, 45.4801952]], [[9.1281968, 45.4807462], [9.127814, 45.4800602]], [[9.1289915, 45.4805209], [9.1281968, 45.4807462]], [[9.1261342, 45.4810561], [9.1255529, 45.4800157], [9.125578, 45.479905]], [[9.1306814, 45.4790582], [9.130169, 45.480065], [9.1301484, 45.4801493]], [[9.1300678, 45.4790363], [9.1301201, 45.4789927], [9.1301568, 45.47897], [9.1302009, 45.478961], [9.1302859, 45.4789623]], [[9.1300678, 45.4790363], [9.1300884, 45.4789628], [9.1301057, 45.4789357], [9.1301463, 45.4789167], [9.13024, 45.4788936]], [[9.1299932, 45.4802919], [9.1299775, 45.4802879], [9.1299627, 45.4802825], [9.1299489, 45.4802759], [9.1299364, 45.4802682], [9.1299253, 45.4802594], [9.1299158, 45.4802498], [9.129908, 45.4802394], [9.1299021, 45.4802285], [9.1298982, 45.4802171], [9.1298963, 45.4802055], [9.1298964, 45.4801938]], [[9.1299412, 45.480129], [9.1298739, 45.4800828], [9.1297458, 45.479863]], [[9.1297458, 45.479863], [9.1296959, 45.4797773], [9.1296859, 45.4797585], [9.1296796, 45.4797413], [9.1296768, 45.4797237], [9.1296781, 45.4797059], [9.1296839, 45.4796868], [9.1296916, 45.4796685], [9.1297125, 45.4796293], [9.1298014, 45.4794733]], [[9.1292623, 45.480444], [9.1292869, 45.4804362], [9.1293096, 45.480426], [9.12933, 45.4804139], [9.1293477, 45.4803999], [9.1293653, 45.4803859], [9.1293852, 45.4803736], [9.1294086, 45.480364], [9.1294331, 45.4803557], [9.1297712, 45.4802598], [9.1298964, 45.4801938]], [[9.1299932, 45.4802919], [9.129923, 45.4802981], [9.1294731, 45.4804256], [9.1294471, 45.4804315], [9.1294206, 45.4804344], [9.1293942, 45.4804354], [9.1293677, 45.4804348], [9.1293414, 45.4804342], [9.1293148, 45.4804351], [9.1292881, 45.4804387], [9.1292623, 45.480444]], [[9.1261269, 45.4801566], [9.1256501, 45.4799364], [9.125578, 45.479905]], [[9.1273397, 45.4807165], [9.1264213, 45.4802925], [9.1261269, 45.4801566]], [[9.1281968, 45.4807462], [9.1279011, 45.4808301], [9.1278574, 45.4808413], [9.1278162, 45.4808495], [9.1277797, 45.4808543], [9.1277466, 45.4808562], [9.1277105, 45.480855], [9.1276729, 45.4808505], [9.1276375, 45.4808435], [9.1276035, 45.4808337], [9.1275652, 45.4808191], [9.1275167, 45.4807982], [9.1273397, 45.4807165]], [[9.1298014, 45.4794733], [9.1300678, 45.4790363]], [[9.127814, 45.4800602], [9.1295581, 45.4795716], [9.12972, 45.4795253], [9.1298014, 45.4794733]], [[9.13024, 45.4788936], [9.1302859, 45.4789623]], [[9.1305698, 45.4790212], [9.1306814, 45.4790582]], [[9.1302859, 45.4789623], [9.1305698, 45.4790212]], [[9.1297458, 45.479863], [9.1296501, 45.4797925], [9.1296139, 45.4797573], [9.1295732, 45.4797274], [9.1295168, 45.4796969], [9.1294602, 45.4796836], [9.1294097, 45.479683], [9.1293393, 45.4796987], [9.1287754, 45.4798561], [9.1287312, 45.4798844], [9.1287036, 45.4799182], [9.1286934, 45.4799531], [9.1286933, 45.4799954], [9.1287058, 45.4800357], [9.1289915, 45.4805209]], [[9.1292623, 45.480444], [9.1289915, 45.4805209]], [[9.1301693, 45.4802002], [9.1301683, 45.4802121], [9.1301652, 45.4802238], [9.13016, 45.4802351], [9.1301528, 45.4802459], [9.1301438, 45.480256], [9.1301331, 45.4802652], [9.1301208, 45.4802734], [9.1301072, 45.4802805], [9.1300924, 45.4802864], [9.1300767, 45.4802909], [9.1300604, 45.480294]], [[9.1299412, 45.480129], [9.1299545, 45.4801216], [9.1299691, 45.4801154], [9.1299846, 45.4801105], [9.1300009, 45.480107], [9.1300176, 45.480105], [9.1300346, 45.4801044], [9.1300516, 45.4801053], [9.1300682, 45.4801077], [9.1300843, 45.4801115], [9.1300997, 45.4801167], [9.1301139, 45.4801232], [9.130127, 45.4801309], [9.1301385, 45.4801396], [9.1301484, 45.4801493]], [[9.1301484, 45.4801493], [9.1301574, 45.4801611], [9.130164, 45.4801737], [9.130168, 45.4801868], [9.1301693, 45.4802002]], [[9.1300604, 45.480294], [9.1300435, 45.4802957], [9.1300266, 45.4802959], [9.1300097, 45.4802947], [9.1299932, 45.4802919]], [[9.1298964, 45.4801938], [9.1298982, 45.4801833], [9.1299016, 45.4801731], [9.1299067, 45.4801632], [9.1299133, 45.4801537], [9.1299213, 45.4801448], [9.1299306, 45.4801365], [9.1299412, 45.480129]]]}}, {"type": "Feature", "properties": {"id": "SS-MIL-0614", "nome": "Piazzetta Santi Patroni D'Italia", "quartiere": "", "classificazione": "giallo", "score": 3, "note": "strada urbana senza ciclabile", "ciclabile": "no", "n_corsie": "2", "senso_unico": "no", "n_testimonianze": "0", "zona": "B1"}, "geometry": {"type": "LineString", "coordinates": [[9.1345681, 45.4556271], [9.1347712, 45.4556917], [9.1346669, 45.4558603], [9.1346253, 45.4559217]]}}, {"type": "Feature", "properties": {"id": "SS-MIL-0616", "nome": "Piazzetta della Misericordia", "quartiere": "", "classificazione": "blu", "score": 2, "note": "zona pedonale / living street", "ciclabile": "no", "n_corsie": "1", "senso_unico": "no", "n_testimonianze": "0", "zona": "B1"}, "geometry": {"type": "LineString", "coordinates": [[9.0912513, 45.4472324], [9.0911754, 45.4472042], [9.0911403, 45.4471876], [9.0911704, 45.447152], [9.0910374, 45.4471026], [9.0910677, 45.4470624], [9.0910894, 45.4470704], [9.0911008, 45.4470553], [9.090976, 45.4469942], [9.0908667, 45.4469623], [9.0908515, 45.4469992], [9.090892, 45.4470074], [9.09084, 45.4471336], [9.0908259, 45.4471728], [9.0908746, 45.4471835], [9.0909969, 45.4472103], [9.0911138, 45.447236], [9.0910426, 45.4473956], [9.0910906, 45.4474054], [9.0911664, 45.4473776], [9.0912426, 45.447253], [9.0912513, 45.4472324]]}}, {"type": "Feature", "properties": {"id": "SS-MIL-0621", "nome": "Ponte Guido Crepax", "quartiere": "", "classificazione": "verde", "score": 1, "note": "ciclabile presente (da OpenStreetMap)", "ciclabile": "si", "n_corsie": "2", "senso_unico": "si", "n_testimonianze": "0", "zona": "B1"}, "geometry": {"type": "MultiLineString", "coordinates": [[[9.158039, 45.4480662], [9.1578819, 45.44838]], [[9.1572203, 45.4490326], [9.1572893, 45.4489456], [9.1573502, 45.4488575]], [[9.1574335, 45.4490816], [9.1573567, 45.4491719], [9.1572715, 45.4492609], [9.1572473, 45.4492842], [9.1571276, 45.4493806], [9.1569335, 45.4495177], [9.1566727, 45.4496674], [9.1562466, 45.4499091]], [[9.1574957, 45.4485789], [9.1575099, 45.4485437], [9.1576099, 45.4483197]], [[9.1573502, 45.4488575], [9.1573971, 45.4487768]], [[9.1575648, 45.4489072], [9.1575016, 45.4489978], [9.1574335, 45.4490816]], [[9.1578819, 45.44838], [9.1577383, 45.4486321], [9.1577122, 45.4486793]], [[9.1573971, 45.4487768], [9.1574957, 45.4485789]], [[9.1577122, 45.4486793], [9.1575648, 45.4489072]], [[9.1563427, 45.4496655], [9.1564798, 45.4495892], [9.1567482, 45.4494337], [9.1569646, 45.4492803], [9.1571729, 45.4490891], [9.1572203, 45.4490326]], [[9.1576099, 45.4483197], [9.1577504, 45.448003]], [[9.1560915, 45.4498028], [9.1563427, 45.4496655]]]}}, {"type": "Feature", "properties": {"id": "SS-MIL-0631", "nome": "Ripa di Porta Ticinese", "quartiere": "", "classificazione": "giallo", "score": 3, "note": "strada urbana senza ciclabile (2 corsie)", "ciclabile": "no", "n_corsie": "2", "senso_unico": "no", "n_testimonianze": "0", "zona": "B1"}, "geometry": {"type": "MultiLineString", "coordinates": [[[9.1581954, 45.4481763], [9.1582894, 45.4481948], [9.1586283, 45.4482643], [9.1602182, 45.4485906]], [[9.1661429, 45.4498344], [9.165181, 45.4496228], [9.1644896, 45.449474], [9.1641867, 45.4494089], [9.1639741, 45.4493646]], [[9.1677856, 45.449932], [9.1679901, 45.4499624], [9.1680975, 45.4499894], [9.168208, 45.4500169], [9.1683213, 45.4500599], [9.1689387, 45.450365], [9.1689679, 45.4503822], [9.1689875, 45.4504071], [9.1689915, 45.4504195], [9.1689872, 45.4504292], [9.1689817, 45.4504413]], [[9.171379, 45.4509437], [9.1712746, 45.450922], [9.1695334, 45.4505596]], [[9.171379, 45.4509437], [9.1714758, 45.4509648], [9.171511, 45.4509719], [9.1715408, 45.450978], [9.1737913, 45.4514657], [9.1741787, 45.4515461]], [[9.1678809, 45.4504155], [9.1678528, 45.4503378], [9.1678463, 45.4503212], [9.1678352, 45.4502987], [9.1678271, 45.4502855], [9.1678142, 45.4502647], [9.1677977, 45.4502451]], [[9.1621716, 45.4489917], [9.1604273, 45.4486347], [9.1603204, 45.4486121], [9.1602182, 45.4485906]], [[9.1639741, 45.4493646], [9.163796, 45.4493264], [9.1637407, 45.4493151], [9.1634178, 45.4492484], [9.1631698, 45.4491972], [9.1628753, 45.4491363], [9.1621716, 45.4489917]], [[9.1662585, 45.4497303], [9.1662964, 45.4497368], [9.1663447, 45.4497509], [9.1677856, 45.449932]], [[9.1677185, 45.4501701], [9.1677091, 45.4501681], [9.1661429, 45.4498344]], [[9.1661429, 45.4498344], [9.1661504, 45.4498225], [9.1661912, 45.4497542], [9.166218, 45.4497387], [9.1662585, 45.4497303]], [[9.1741787, 45.4515461], [9.1747877, 45.4516616], [9.1769163, 45.4521076], [9.1772381, 45.4521767], [9.1773105, 45.4522431], [9.1773363, 45.4522685], [9.1773445, 45.4522798]], [[9.1677977, 45.4502451], [9.1677877, 45.4502326], [9.1677572, 45.4502013], [9.1677317, 45.4501807], [9.1677185, 45.4501701]], [[9.1689817, 45.4504413], [9.1679517, 45.4502238], [9.1677185, 45.4501701]], [[9.1689817, 45.4504413], [9.1695334, 45.4505596]]]}}, {"type": "Feature", "properties": {"id": "SS-MIL-0639", "nome": "Rotatoria Herbert Kilpin", "quartiere": "", "classificazione": "giallo", "score": 3, "note": "strada urbana senza ciclabile", "ciclabile": "no", "n_corsie": "2", "senso_unico": "no", "n_testimonianze": "0", "zona": "B1"}, "geometry": {"type": "MultiLineString", "coordinates": [[[9.1499173, 45.4856446], [9.14995, 45.485714], [9.1499499, 45.485787], [9.1499171, 45.4858563], [9.1498548, 45.4859149], [9.1497694, 45.4859567], [9.1496695, 45.4859775], [9.1495654, 45.4859753]], [[9.1497784, 45.4855472], [9.1498585, 45.4855884], [9.1499173, 45.4856446]], [[9.1495524, 45.4855274], [9.1496293, 45.4855213], [9.149706, 45.485528], [9.1497784, 45.4855472]], [[9.1493125, 45.4856892], [9.1493467, 45.4856331], [9.1494009, 45.4855853], [9.1494711, 45.4855492], [9.1495524, 45.4855274]], [[9.1493216, 45.485831], [9.149301, 45.4857606], [9.1493125, 45.4856892]], [[9.1495654, 45.4859753], [9.1494865, 45.485957], [9.1494167, 45.4859254], [9.1493605, 45.4858825], [9.1493216, 45.485831]]]}}, {"type": "Feature", "properties": {"id": "SS-MIL-0652", "nome": "Sottopasso Patroclo", "quartiere": "", "classificazione": "rosso", "score": 4, "note": "strada secondaria trafficata", "ciclabile": "no", "n_corsie": "2", "senso_unico": "si", "n_testimonianze": "0", "zona": "B1"}, "geometry": {"type": "MultiLineString", "coordinates": [[[9.1195372, 45.4809432], [9.1198836, 45.480511], [9.1201913, 45.4800572], [9.1204914, 45.4795795], [9.1207339, 45.4792111], [9.1209324, 45.4788088], [9.120963, 45.478617], [9.1209333, 45.4767911], [9.1209231, 45.4761669]], [[9.1209231, 45.4761669], [9.1209247, 45.4760448], [9.1209295, 45.4757689]], [[9.121026, 45.476178], [9.1210654, 45.4786384], [9.1210236, 45.4788304], [9.1208085, 45.4792553], [9.1202887, 45.4800758], [9.1199717, 45.4805367], [9.1197685, 45.4807815], [9.1196046, 45.4809789]], [[9.1210309, 45.4757713], [9.121026, 45.476178]]]}}, {"type": "Feature", "properties": {"id": "SS-MIL-0674", "nome": "Strada del Molinetto di Lorenteggio", "quartiere": "", "classificazione": "giallo", "score": 3, "note": "strada urbana senza ciclabile", "ciclabile": "no", "n_corsie": "2", "senso_unico": "si", "n_testimonianze": "0", "zona": "B1"}, "geometry": {"type": "LineString", "coordinates": [[9.1174255, 45.4408363], [9.1173226, 45.4408758]]}}, {"type": "Feature", "properties": {"id": "SS-MIL-0695", "nome": "Via A. Pacinotti", "quartiere": "", "classificazione": "giallo", "score": 3, "note": "strada urbana senza ciclabile", "ciclabile": "no", "n_corsie": "2", "senso_unico": "no", "n_testimonianze": "0", "zona": "B1"}, "geometry": {"type": "LineString", "coordinates": [[9.0684974, 45.4793909], [9.0684401, 45.4793732], [9.0665784, 45.478798]]}}, {"type": "Feature", "properties": {"id": "SS-MIL-0707", "nome": "Via Achille", "quartiere": "", "classificazione": "giallo", "score": 3, "note": "strada urbana senza ciclabile", "ciclabile": "no", "n_corsie": "2", "senso_unico": "si", "n_testimonianze": "0", "zona": "B1"}, "geometry": {"type": "MultiLineString", "coordinates": [[[9.1211722, 45.4808413], [9.1209922, 45.4808978], [9.1208703, 45.4809302], [9.1201768, 45.4811118]], [[9.1230785, 45.4803046], [9.1220518, 45.4805936], [9.1211722, 45.4808413]], [[9.1200795, 45.4808835], [9.1205605, 45.4808864], [9.1208387, 45.4808571], [9.12096, 45.4808377], [9.1211722, 45.4808413]], [[9.1200795, 45.4808835], [9.1201503, 45.480934], [9.1201894, 45.4809905], [9.120198, 45.4810399], [9.1201768, 45.4811118]], [[9.123877, 45.4800798], [9.1238098, 45.4800987], [9.1230785, 45.4803046]], [[9.125578, 45.479905], [9.1254992, 45.4798754], [9.1254157, 45.4798479], [9.1253319, 45.4798253], [9.1252427, 45.4798091], [9.1251582, 45.4797994], [9.1250741, 45.4797964], [9.1249926, 45.4797983], [9.1249172, 45.4798049], [9.124837, 45.4798159], [9.1247737, 45.4798284], [9.124711, 45.479845], [9.1240499, 45.4800311], [9.1239469, 45.4800601], [9.123877, 45.4800798]]]}}, {"type": "Feature", "properties": {"id": "SS-MIL-0711", "nome": "Via Achille Funi", "quartiere": "", "classificazione": "giallo", "score": 3, "note": "strada urbana senza ciclabile", "ciclabile": "no", "n_corsie": "2", "senso_unico": "no", "n_testimonianze": "0", "zona": "B1"}, "geometry": {"type": "MultiLineString", "coordinates": [[[9.0695556, 45.4518447], [9.0698568, 45.451974]], [[9.0700505, 45.4520593], [9.0701778, 45.4521179], [9.0702292, 45.4521416]], [[9.0698568, 45.451974], [9.0699644, 45.4520203], [9.0700505, 45.4520593]]]}}, {"type": "Feature", "properties": {"id": "SS-MIL-0743", "nome": "Via Agrigento", "quartiere": "", "classificazione": "giallo", "score": 3, "note": "strada urbana senza ciclabile", "ciclabile": "no", "n_corsie": "2", "senso_unico": "si", "n_testimonianze": "0", "zona": "B1"}, "geometry": {"type": "LineString", "coordinates": [[9.1369055, 45.4829769], [9.136944, 45.4830549], [9.1372125, 45.4835977], [9.1372919, 45.4837573], [9.1373831, 45.483941], [9.1373889, 45.4839639], [9.1373814, 45.4839849], [9.1373699, 45.484]]}}, {"type": "Feature", "properties": {"id": "SS-MIL-0749", "nome": "Via Albarella", "quartiere": "", "classificazione": "giallo", "score": 3, "note": "strada urbana senza ciclabile", "ciclabile": "no", "n_corsie": "2", "senso_unico": "si", "n_testimonianze": "0", "zona": "B1"}, "geometry": {"type": "MultiLineString", "coordinates": [[[9.0638613, 45.4733449], [9.0638748, 45.4733747], [9.0638981, 45.4734073]], [[9.0625305, 45.4730201], [9.0625805, 45.4730357], [9.0626271, 45.4730573], [9.0626843, 45.4730939], [9.0631491, 45.4734473], [9.0631907, 45.4734662], [9.0632341, 45.4734724], [9.0635857, 45.4734829]], [[9.0641213, 45.4709785], [9.0641079, 45.4710782], [9.064078, 45.4711984]], [[9.0637112, 45.4735026], [9.0636546, 45.4734896], [9.0635857, 45.4734829]], [[9.0635857, 45.4734829], [9.0636671, 45.4734713], [9.0637159, 45.4734602]], [[9.0638173, 45.4733987], [9.0638412, 45.4733747], [9.0638613, 45.4733449]], [[9.064078, 45.4711984], [9.0640705, 45.4710746], [9.0640777, 45.4709777]], [[9.0638613, 45.4733449], [9.0639353, 45.4727014], [9.0640067, 45.4720042], [9.0640136, 45.4719214], [9.0640229, 45.471809], [9.0640245, 45.4717898], [9.0640477, 45.4715105], [9.064078, 45.4711984]]]}}, {"type": "Feature", "properties": {"id": "SS-MIL-0750", "nome": "Via Albenga", "quartiere": "", "classificazione": "giallo", "score": 3, "note": "strada urbana senza ciclabile", "ciclabile": "no", "n_corsie": "2", "senso_unico": "no", "n_testimonianze": "0", "zona": "B1"}, "geometry": {"type": "MultiLineString", "coordinates": [[[9.1184147, 45.4743068], [9.1183949, 45.474307], [9.117451, 45.4743173], [9.1172752, 45.4741767], [9.1172693, 45.474172]], [[9.1184151, 45.4742642], [9.1184147, 45.4743068]]]}}, {"type": "Feature", "properties": {"id": "SS-MIL-0753", "nome": "Via Alberico Gentili", "quartiere": "", "classificazione": "giallo", "score": 3, "note": "strada urbana senza ciclabile", "ciclabile": "no", "n_corsie": "2", "senso_unico": "si", "n_testimonianze": "0", "zona": "B1"}, "geometry": {"type": "MultiLineString", "coordinates": [[[9.1515212, 45.464102], [9.1515544, 45.4640414], [9.1517742, 45.4636363], [9.1518039, 45.4635836]], [[9.1518039, 45.4635836], [9.1519898, 45.4632992], [9.1520162, 45.4632588], [9.1520649, 45.4632376]]]}}, {"type": "Feature", "properties": {"id": "SS-MIL-0754", "nome": "Via Alberico da Rosciate", "quartiere": "", "classificazione": "giallo", "score": 3, "note": "strada urbana senza ciclabile", "ciclabile": "no", "n_corsie": "2", "senso_unico": "no", "n_testimonianze": "0", "zona": "B1"}, "geometry": {"type": "MultiLineString", "coordinates": [[[9.0929128, 45.459082], [9.0929553, 45.4590257], [9.0930072, 45.4589569], [9.0930611, 45.4588666], [9.0932558, 45.45854], [9.093504, 45.4581082]], [[9.0941581, 45.4570005], [9.0941094, 45.4570753]], [[9.093504, 45.4581082], [9.0936193, 45.4579075], [9.0936499, 45.4578543]], [[9.0936499, 45.4578543], [9.0939519, 45.4573402], [9.0939699, 45.4573095], [9.094063, 45.457151], [9.0941094, 45.4570753]]]}}, {"type": "Feature", "properties": {"id": "SS-MIL-0755", "nome": "Via Albert B. Sabin", "quartiere": "", "classificazione": "giallo", "score": 3, "note": "strada urbana senza ciclabile (2 corsie)", "ciclabile": "no", "n_corsie": "2", "senso_unico": "no", "n_testimonianze": "0", "zona": "B1"}, "geometry": {"type": "MultiLineString", "coordinates": [[[9.0645232, 45.4806088], [9.0659477, 45.4793418], [9.0660081, 45.4792881], [9.0660424, 45.4792576], [9.0660905, 45.4792088]], [[9.0683513, 45.4771905], [9.0694156, 45.4762456]], [[9.0660905, 45.4792088], [9.0665784, 45.478798], [9.0671541, 45.478276], [9.0677435, 45.4777416], [9.0683513, 45.4771905]], [[9.0652578, 45.4811003], [9.0645566, 45.4806901], [9.0645321, 45.4806557], [9.0645232, 45.4806088]]]}}, {"type": "Feature", "properties": {"id": "SS-MIL-0760", "nome": "Via Alberto Durer", "quartiere": "", "classificazione": "giallo", "score": 3, "note": "strada urbana senza ciclabile", "ciclabile": "no", "n_corsie": "2", "senso_unico": "si", "n_testimonianze": "0", "zona": "B1"}, "geometry": {"type": "MultiLineString", "coordinates": [[[9.1381675, 45.4673314], [9.1381049, 45.4662409]], [[9.1381049, 45.4662409], [9.138099, 45.4660896], [9.1380979, 45.4660624], [9.1380957, 45.4660057]]]}}, {"type": "Feature", "properties": {"id": "SS-MIL-0763", "nome": "Via Alberto Mario", "quartiere": "", "classificazione": "giallo", "score": 3, "note": "strada urbana senza ciclabile (1 corsie)", "ciclabile": "no", "n_corsie": "1", "senso_unico": "si", "n_testimonianze": "0", "zona": "B1"}, "geometry": {"type": "MultiLineString", "coordinates": [[[9.1525546, 45.4725154], [9.1524597, 45.4724516], [9.1524116, 45.4724195], [9.1519646, 45.4721215]], [[9.1471224, 45.4689662], [9.1470631, 45.468932], [9.1463304, 45.468456]], [[9.1463304, 45.468456], [9.1460414, 45.4682764], [9.1460036, 45.4682679], [9.1458965, 45.4682815], [9.1457867, 45.4682965]], [[9.1519646, 45.4721215], [9.1508378, 45.4713907], [9.1507788, 45.4713527], [9.1507286, 45.4713201]], [[9.1507286, 45.4713201], [9.1506649, 45.4712788], [9.1501553, 45.4709485]], [[9.1480597, 45.4695758], [9.147302, 45.4690796], [9.1472643, 45.4690546], [9.1472428, 45.4690405]], [[9.1489431, 45.4701578], [9.1488499, 45.4700968], [9.1480597, 45.4695758]], [[9.1501553, 45.4709485], [9.1501186, 45.4709244], [9.1490483, 45.4702232], [9.1490029, 45.4701968], [9.1489431, 45.4701578]]]}}, {"type": "Feature", "properties": {"id": "SS-MIL-0765", "nome": "Via Alberto Pepere", "quartiere": "", "classificazione": "giallo", "score": 3, "note": "strada urbana senza ciclabile", "ciclabile": "no", "n_corsie": "2", "senso_unico": "no", "n_testimonianze": "0", "zona": "B1"}, "geometry": {"type": "MultiLineString", "coordinates": [[[9.1378877, 45.4403097], [9.1379167, 45.4402628], [9.1379346, 45.4402339], [9.1380657, 45.4400179], [9.138082, 45.439989], [9.1381271, 45.4399174]], [[9.1384175, 45.4394496], [9.1384692, 45.4393602], [9.1387412, 45.4389204], [9.1389593, 45.4385534]], [[9.13913, 45.438287], [9.1392017, 45.4381664], [9.1392129, 45.4381511], [9.1392848, 45.4380773], [9.1393504, 45.4380449], [9.1394245, 45.4380246]], [[9.1389593, 45.4385534], [9.1390532, 45.4384068], [9.1391085, 45.4383206], [9.13913, 45.438287]], [[9.1381271, 45.4399174], [9.1381395, 45.4398977], [9.1383443, 45.4395719], [9.1384175, 45.4394496]]]}}, {"type": "Feature", "properties": {"id": "SS-MIL-0768", "nome": "Via Alberto da Gandino", "quartiere": "", "classificazione": "giallo", "score": 3, "note": "strada urbana senza ciclabile", "ciclabile": "no", "n_corsie": "2", "senso_unico": "no", "n_testimonianze": "0", "zona": "B1"}, "geometry": {"type": "MultiLineString", "coordinates": [[[9.0952791, 45.4583412], [9.0952032, 45.4583199], [9.0937689, 45.4578863], [9.0936499, 45.4578543]], [[9.0966223, 45.458761], [9.0965709, 45.4587451], [9.0952791, 45.4583412]]]}}, {"type": "Feature", "properties": {"id": "SS-MIL-0770", "nome": "Via Albino", "quartiere": "", "classificazione": "giallo", "score": 3, "note": "strada urbana senza ciclabile", "ciclabile": "no", "n_corsie": "2", "senso_unico": "si", "n_testimonianze": "0", "zona": "B1"}, "geometry": {"type": "LineString", "coordinates": [[9.1269772, 45.4629099], [9.1270066, 45.4628461], [9.1270167, 45.4628239], [9.1274428, 45.461896], [9.1274504, 45.4618794], [9.1274757, 45.4618244]]}}, {"type": "Feature", "properties": {"id": "SS-MIL-0772", "nome": "Via Alcamo", "quartiere": "", "classificazione": "giallo", "score": 3, "note": "strada urbana senza ciclabile", "ciclabile": "no", "n_corsie": "2", "senso_unico": "si", "n_testimonianze": "0", "zona": "B1"}, "geometry": {"type": "MultiLineString", "coordinates": [[[9.1383252, 45.4826317], [9.1383255, 45.482713], [9.1383245, 45.4831161]], [[9.1383245, 45.4831161], [9.1383269, 45.4832349], [9.1383163, 45.4832629], [9.1383076, 45.4832782], [9.1382915, 45.483295]]]}}, {"type": "Feature", "properties": {"id": "SS-MIL-0775", "nome": "Via Alcide de Gaspari", "quartiere": "", "classificazione": "giallo", "score": 3, "note": "strada urbana senza ciclabile (2 corsie)", "ciclabile": "no", "n_corsie": "2", "senso_unico": "no", "n_testimonianze": "0", "zona": "B1"}, "geometry": {"type": "MultiLineString", "coordinates": [[[9.0422868, 45.4578937], [9.0423689, 45.4577485]], [[9.0419515, 45.4585356], [9.0421467, 45.4581565], [9.042245, 45.4579655], [9.0422868, 45.4578937]]]}}, {"type": "Feature", "properties": {"id": "SS-MIL-0776", "nome": "Via Alcuino", "quartiere": "", "classificazione": "giallo", "score": 3, "note": "strada urbana senza ciclabile (2 corsie)", "ciclabile": "no", "n_corsie": "2", "senso_unico": "no", "n_testimonianze": "0", "zona": "B1"}, "geometry": {"type": "MultiLineString", "coordinates": [[[9.1561097, 45.4838278], [9.1561163, 45.4837517], [9.1561193, 45.483702], [9.1560661, 45.4827228]], [[9.1559877, 45.4814843], [9.155995, 45.4814981], [9.1559988, 45.4815122], [9.1560012, 45.4815311], [9.1560028, 45.4815632], [9.156024, 45.4819816], [9.1560473, 45.4824051], [9.1560613, 45.4826345], [9.1560661, 45.4827228]]]}}, {"type": "Feature", "properties": {"id": "SS-MIL-0786", "nome": "Via Alessandro Algardi", "quartiere": "", "classificazione": "giallo", "score": 3, "note": "strada urbana senza ciclabile", "ciclabile": "no", "n_corsie": "2", "senso_unico": "si", "n_testimonianze": "0", "zona": "B1"}, "geometry": {"type": "MultiLineString", "coordinates": [[[9.1462374, 45.4843192], [9.1461754, 45.4842815], [9.1445096, 45.4831915]], [[9.1445096, 45.4831915], [9.1443747, 45.4831037], [9.1443031, 45.4830642], [9.1441076, 45.4830224], [9.1440482, 45.4830235], [9.1440083, 45.4830243], [9.143922, 45.4830284], [9.1438159, 45.4830443], [9.1437923, 45.4830507], [9.1436899, 45.4830785], [9.1436187, 45.483107], [9.1435822, 45.4831339]]]}}, {"type": "Feature", "properties": {"id": "SS-MIL-0792", "nome": "Via Alessandro Fleming", "quartiere": "", "classificazione": "giallo", "score": 3, "note": "strada urbana senza ciclabile", "ciclabile": "no", "n_corsie": "2", "senso_unico": "no", "n_testimonianze": "0", "zona": "B1"}, "geometry": {"type": "MultiLineString", "coordinates": [[[9.0727229, 45.4596713], [9.0726757, 45.4596554], [9.0710282, 45.4591026]], [[9.1194839, 45.4687503], [9.1200447, 45.4685222]], [[9.1194839, 45.4687503], [9.1194361, 45.4687679], [9.1193656, 45.4687954], [9.1192448, 45.4688428]], [[9.1226324, 45.4706346], [9.1225662, 45.4706159], [9.1225134, 45.4705977], [9.1224369, 45.4705634], [9.1223622, 45.4705208], [9.122015, 45.4702242]], [[9.1221826, 45.4701315], [9.122015, 45.4702242]], [[9.1204639, 45.4686696], [9.1202977, 45.4687572]], [[9.1204639, 45.4686696], [9.1205681, 45.4687642], [9.1217313, 45.4697514]], [[9.122015, 45.4702242], [9.1219744, 45.4701895], [9.121569, 45.469843]], [[9.1217313, 45.4697514], [9.1221826, 45.4701315]], [[9.1192448, 45.4688428], [9.1186582, 45.4690946]], [[9.1202977, 45.4687572], [9.1194839, 45.4687503]], [[9.121569, 45.469843], [9.1210335, 45.4693856], [9.1203945, 45.4688399], [9.1202977, 45.4687572]], [[9.1186582, 45.4690946], [9.1184731, 45.4691809], [9.118392, 45.469212], [9.1183089, 45.4692207], [9.1182464, 45.4692053], [9.1182061, 45.4691731]], [[9.1202977, 45.4687572], [9.1200447, 45.4685222]], [[9.1182061, 45.4691731], [9.118194, 45.4691377], [9.1182118, 45.4690943], [9.1182707, 45.4690513], [9.1183437, 45.469037], [9.118411, 45.4690373], [9.118488, 45.469043], [9.1186582, 45.4690946]], [[9.1200447, 45.4685222], [9.1201521, 45.4684788], [9.1202118, 45.4684658], [9.1202562, 45.468479], [9.1204639, 45.4686696]], [[9.1221826, 45.4701315], [9.1223955, 45.4703086], [9.1224782, 45.4703523], [9.1225393, 45.4703697], [9.1225938, 45.4703788], [9.1226676, 45.4703771], [9.1227581, 45.4703734], [9.1229498, 45.4703627]]]}}, {"type": "Feature", "properties": {"id": "SS-MIL-0794", "nome": "Via Alessandro Magnasco", "quartiere": "", "classificazione": "giallo", "score": 3, "note": "strada urbana senza ciclabile", "ciclabile": "no", "n_corsie": "2", "senso_unico": "si", "n_testimonianze": "0", "zona": "B1"}, "geometry": {"type": "LineString", "coordinates": [[9.1452939, 45.4717876], [9.1453434, 45.471829], [9.1460267, 45.4722709], [9.1460533, 45.4722884], [9.1461022, 45.4723219]]}}, {"type": "Feature", "properties": {"id": "SS-MIL-0801", "nome": "Via Alessandro Sanquirico", "quartiere": "", "classificazione": "giallo", "score": 3, "note": "strada urbana senza ciclabile", "ciclabile": "no", "n_corsie": "2", "senso_unico": "si", "n_testimonianze": "0", "zona": "B1"}, "geometry": {"type": "LineString", "coordinates": [[9.1238581, 45.4694919], [9.1239124, 45.4694713], [9.1245093, 45.4692238], [9.1245253, 45.4692199], [9.1245584, 45.4692064]]}}, {"type": "Feature", "properties": {"id": "SS-MIL-0802", "nome": "Via Alessandro Silva", "quartiere": "", "classificazione": "giallo", "score": 3, "note": "strada urbana senza ciclabile", "ciclabile": "no", "n_corsie": "2", "senso_unico": "no", "n_testimonianze": "0", "zona": "B1"}, "geometry": {"type": "MultiLineString", "coordinates": [[[9.0931653, 45.4640026], [9.0931383, 45.4640421], [9.0928469, 45.4644686]], [[9.0928469, 45.4644686], [9.0920864, 45.4655829]], [[9.0921251, 45.4656417], [9.0920182, 45.4657772], [9.0919598, 45.4657709], [9.0915772, 45.4663214], [9.0915411, 45.4663734]]]}}, {"type": "Feature", "properties": {"id": "SS-MIL-0809", "nome": "Via Alessio Olivieri", "quartiere": "", "classificazione": "rosso", "score": 4, "note": "strada secondaria trafficata", "ciclabile": "no", "n_corsie": "2", "senso_unico": "si", "n_testimonianze": "0", "zona": "B1"}, "geometry": {"type": "MultiLineString", "coordinates": [[[9.1157633, 45.4605195], [9.1157065, 45.4606176], [9.1147731, 45.4623767], [9.1147146, 45.4624898], [9.1138931, 45.464077], [9.1138243, 45.4642104], [9.1129802, 45.4658471], [9.1129893, 45.4658869], [9.1129941, 45.4659012]], [[9.1137986, 45.4640549], [9.1140014, 45.4636561], [9.1146702, 45.4623409], [9.1150425, 45.4616111], [9.1155663, 45.4605842], [9.1156201, 45.4604844]], [[9.1128641, 45.4658776], [9.1129076, 45.4658763], [9.1129711, 45.4658893], [9.1129941, 45.4659012]], [[9.1127694, 45.4660391], [9.1127491, 45.4659911], [9.1127516, 45.4659711]], [[9.1128882, 45.4660862], [9.1128369, 45.4660771], [9.1127933, 45.4660562], [9.1127694, 45.4660391]], [[9.1129941, 45.4659012], [9.1130411, 45.4659489], [9.1130483, 45.4659806]], [[9.1130483, 45.4659806], [9.1130381, 45.4660195], [9.113008, 45.466053]], [[9.113008, 45.466053], [9.1129534, 45.4660791], [9.1128882, 45.4660862]], [[9.1127516, 45.4659711], [9.1127716, 45.4659251], [9.1128023, 45.4659005], [9.1128641, 45.4658776]], [[9.1128641, 45.4658776], [9.1128695, 45.4658369], [9.1130284, 45.4655321], [9.1130817, 45.4654298], [9.1137986, 45.4640549]]]}}, {"type": "Feature", "properties": {"id": "SS-MIL-0814", "nome": "Via Alfonso Capecelatro", "quartiere": "", "classificazione": "giallo", "score": 3, "note": "strada urbana senza ciclabile", "ciclabile": "no", "n_corsie": "2", "senso_unico": "si", "n_testimonianze": "0", "zona": "B1"}, "geometry": {"type": "MultiLineString", "coordinates": [[[9.1240662, 45.4753733], [9.1242629, 45.4753602], [9.1243014, 45.4753488], [9.1243558, 45.4753086], [9.1247155, 45.4750301], [9.1248126, 45.474955], [9.1249871, 45.4748198], [9.1252134, 45.474646]], [[9.1344255, 45.4677075], [9.13439, 45.4678085], [9.1343389, 45.4678673]], [[9.1258612, 45.4743114], [9.1257656, 45.4742413]], [[9.1340248, 45.4679502], [9.1340676, 45.4679371], [9.134115, 45.4679383], [9.1341486, 45.4679552], [9.134162, 45.4679823], [9.1341554, 45.468014]], [[9.1327483, 45.4690617], [9.1326442, 45.4691463], [9.1325361, 45.4692342]], [[9.1326535, 45.4689996], [9.132771, 45.4689104], [9.1328355, 45.4688615]], [[9.1340248, 45.4679502], [9.1340521, 45.4679118]], [[9.1272184, 45.4732928], [9.1271, 45.4732147]], [[9.1340521, 45.4679118], [9.1340806, 45.4678298]], [[9.1287177, 45.4721492], [9.1286733, 45.472183], [9.1284466, 45.472356], [9.1272827, 45.4732437], [9.1272184, 45.4732928]], [[9.1300964, 45.4710951], [9.129993, 45.471176], [9.1293054, 45.4717142]], [[9.1291835, 45.4716347], [9.1298841, 45.4711004], [9.1299837, 45.4710242]], [[9.1301369, 45.4709064], [9.1302766, 45.4707994]], [[9.1303947, 45.4708718], [9.1302522, 45.4709785]], [[9.1293054, 45.4717142], [9.1287177, 45.4721492]], [[9.1286086, 45.4720767], [9.1287613, 45.4719599], [9.1291835, 45.4716347]], [[9.1299837, 45.4710242], [9.1300772, 45.4709525], [9.1301369, 45.4709064]], [[9.1302522, 45.4709785], [9.130189, 45.4710258], [9.1300964, 45.4710951]], [[9.1302766, 45.4707994], [9.1303474, 45.4707449], [9.1304196, 45.4706893]], [[9.1343389, 45.4678673], [9.1341554, 45.468014]], [[9.1325361, 45.4692342], [9.132231, 45.4694757], [9.1319618, 45.469689]], [[9.1304196, 45.4706893], [9.1310171, 45.4702283]], [[9.1311404, 45.47031], [9.1305394, 45.4707621]], [[9.1329343, 45.4689224], [9.1328675, 45.4689714], [9.1327483, 45.4690617]], [[9.1305394, 45.4707621], [9.1304636, 45.4708195], [9.1303947, 45.4708718]], [[9.1318353, 45.4696118], [9.1319218, 45.4695472], [9.1319712, 45.4695103], [9.1324538, 45.4691496]], [[9.1310171, 45.4702283], [9.1315269, 45.4698443], [9.1318353, 45.4696118]], [[9.1319618, 45.469689], [9.1316491, 45.4699254], [9.1312478, 45.4702288], [9.1311404, 45.47031]], [[9.1324538, 45.4691496], [9.1325457, 45.4690806], [9.1326535, 45.4689996]], [[9.1328355, 45.4688615], [9.1339651, 45.468005], [9.134006, 45.4679696], [9.1340248, 45.4679502]], [[9.1340521, 45.4679118], [9.1339849, 45.4678155], [9.1339676, 45.46778], [9.1339627, 45.4677608]], [[9.1341554, 45.468014], [9.1329343, 45.4689224]], [[9.1271, 45.4732147], [9.1271646, 45.4731661], [9.1272811, 45.4730782], [9.1285594, 45.4721138], [9.1286086, 45.4720767]], [[9.1257656, 45.4742413], [9.1258517, 45.474179], [9.1260468, 45.4740381]], [[9.1252134, 45.474646], [9.1256502, 45.4743248], [9.1256958, 45.4742913], [9.1257656, 45.4742413]], [[9.1260468, 45.4740381], [9.1261646, 45.473946], [9.1266049, 45.4736018], [9.1267652, 45.4734765], [9.1268722, 45.4733928], [9.1271, 45.4732147]], [[9.1272184, 45.4732928], [9.126515, 45.4738234], [9.125952, 45.4742437], [9.1258612, 45.4743114]], [[9.1258612, 45.4743114], [9.1257926, 45.4743607], [9.1256665, 45.4744562]], [[9.125322, 45.4747196], [9.1246303, 45.4752398], [9.1244567, 45.4753703], [9.1243834, 45.4754334], [9.1243407, 45.4754838], [9.1243035, 45.4755529]], [[9.1340806, 45.4678298], [9.1340822, 45.4678014], [9.1340805, 45.467772], [9.1340804, 45.4677466]], [[9.1256665, 45.4744562], [9.125322, 45.4747196]]]}}, {"type": "Feature", "properties": {"id": "SS-MIL-0828", "nome": "Via Almerico da Schio", "quartiere": "", "classificazione": "giallo", "score": 3, "note": "strada urbana senza ciclabile", "ciclabile": "no", "n_corsie": "2", "senso_unico": "no", "n_testimonianze": "0", "zona": "B1"}, "geometry": {"type": "MultiLineString", "coordinates": [[[9.139097, 45.4495252], [9.1390465, 45.4494936], [9.1389881, 45.4494718], [9.1380838, 45.4491852], [9.1379892, 45.4491567]], [[9.1399692, 45.4491508], [9.139921, 45.4491712], [9.1398949, 45.449182], [9.1397129, 45.4492591], [9.1394624, 45.4493658], [9.1394134, 45.4493866], [9.1391746, 45.4494881], [9.139097, 45.4495252]]]}}, {"type": "Feature", "properties": {"id": "SS-MIL-0836", "nome": "Via Amantea", "quartiere": "", "classificazione": "giallo", "score": 3, "note": "strada urbana senza ciclabile", "ciclabile": "no", "n_corsie": "2", "senso_unico": "no", "n_testimonianze": "0", "zona": "B1"}, "geometry": {"type": "MultiLineString", "coordinates": [[[9.0858118, 45.4655282], [9.0857393, 45.4655068], [9.0850652, 45.465308], [9.084697, 45.4652035], [9.0846177, 45.4651783], [9.0845245, 45.4651486]], [[9.0845245, 45.4651486], [9.0843899, 45.465153], [9.0843731, 45.4651535], [9.0831103, 45.4651943], [9.0827296, 45.4652066], [9.0823316, 45.4652194]]]}}, {"type": "Feature", "properties": {"id": "SS-MIL-0839", "nome": "Via Ambrogio Alciati", "quartiere": "", "classificazione": "giallo", "score": 3, "note": "strada urbana senza ciclabile", "ciclabile": "no", "n_corsie": "2", "senso_unico": "si", "n_testimonianze": "0", "zona": "B1"}, "geometry": {"type": "MultiLineString", "coordinates": [[[9.1376309, 45.4564397], [9.1376209, 45.4565081], [9.1376004, 45.4566517], [9.1376669, 45.4574802]], [[9.1376669, 45.4574802], [9.1377186, 45.458145], [9.1376901, 45.4582024], [9.1374554, 45.458639], [9.1374203, 45.4587091]]]}}, {"type": "Feature", "properties": {"id": "SS-MIL-0840", "nome": "Via Ambrogio Binda", "quartiere": "", "classificazione": "giallo", "score": 3, "note": "strada urbana senza ciclabile (2 corsie)", "ciclabile": "no", "n_corsie": "2", "senso_unico": "no", "n_testimonianze": "0", "zona": "B1"}, "geometry": {"type": "MultiLineString", "coordinates": [[[9.1551054, 45.440461], [9.1548169, 45.4406777]], [[9.1553442, 45.4423225], [9.1551817, 45.4423185], [9.1551258, 45.4423309], [9.1550496, 45.4423709], [9.1550111, 45.4423963], [9.154983, 45.4424289], [9.1549532, 45.4424869]], [[9.1549532, 45.4424869], [9.1549331, 45.4423489], [9.1549281, 45.4422595]], [[9.1549131, 45.4421113], [9.1549083, 45.442069], [9.1548986, 45.4419579], [9.1548952, 45.441916], [9.1548118, 45.4408103], [9.1548169, 45.4406777]], [[9.1551012, 45.4444574], [9.1550924, 45.4443789], [9.155036, 45.4435942], [9.1549532, 45.4424869]], [[9.1546957, 45.4420601], [9.1547471, 45.4420502], [9.154783, 45.4420315], [9.1548986, 45.4419579]], [[9.1549281, 45.4422595], [9.1549131, 45.4421113]]]}}, {"type": "Feature", "properties": {"id": "SS-MIL-0844", "nome": "Via Ambrogio Portaluppi", "quartiere": "", "classificazione": "giallo", "score": 3, "note": "strada urbana senza ciclabile", "ciclabile": "no", "n_corsie": "2", "senso_unico": "no", "n_testimonianze": "0", "zona": "B1"}, "geometry": {"type": "MultiLineString", "coordinates": [[[9.1519358, 45.4396177], [9.1518175, 45.4395851]], [[9.1551054, 45.440461], [9.1549529, 45.4404353], [9.1539521, 45.4401679]], [[9.1535878, 45.440042], [9.1535542, 45.4400399], [9.1535125, 45.4400327], [9.1523412, 45.4397242], [9.1520553, 45.43965], [9.1519358, 45.4396177]]]}}, {"type": "Feature", "properties": {"id": "SS-MIL-0845", "nome": "Via Ambrogio Spinola", "quartiere": "", "classificazione": "giallo", "score": 3, "note": "strada urbana senza ciclabile (1 corsie)", "ciclabile": "no", "n_corsie": "1", "senso_unico": "si", "n_testimonianze": "0", "zona": "B1"}, "geometry": {"type": "MultiLineString", "coordinates": [[[9.1538422, 45.4753974], [9.1540743, 45.475391], [9.1546828, 45.4753771]], [[9.1538422, 45.4753974], [9.1535742, 45.4754043], [9.1530066, 45.4754189], [9.1527713, 45.4754244]], [[9.1527713, 45.4754244], [9.1522502, 45.4754365], [9.1518008, 45.4754476]], [[9.1518008, 45.4754476], [9.1517021, 45.475451], [9.1516022, 45.4754545]]]}}, {"type": "Feature", "properties": {"id": "SS-MIL-0848", "nome": "Via Amedeo Modigliani", "quartiere": "", "classificazione": "giallo", "score": 3, "note": "strada urbana senza ciclabile", "ciclabile": "no", "n_corsie": "2", "senso_unico": "no", "n_testimonianze": "0", "zona": "B1"}, "geometry": {"type": "LineString", "coordinates": [[9.1575974, 45.4560213], [9.1576455, 45.456034], [9.1576674, 45.4560398], [9.1577019, 45.4560509], [9.1587283, 45.4563873]]}}, {"type": "Feature", "properties": {"id": "SS-MIL-0851", "nome": "Via Amerigo Vespucci", "quartiere": "", "classificazione": "giallo", "score": 3, "note": "strada urbana senza ciclabile", "ciclabile": "no", "n_corsie": "2", "senso_unico": "si", "n_testimonianze": "0", "zona": "B1"}, "geometry": {"type": "MultiLineString", "coordinates": [[[9.086602, 45.4432274], [9.0864426, 45.4432399], [9.0862337, 45.4432812]], [[9.0862915, 45.4431031], [9.0863867, 45.4431237], [9.0864531, 45.4431562], [9.086602, 45.4432274]], [[9.0858931, 45.4431015], [9.0858451, 45.44299], [9.085764, 45.4429005], [9.0856376, 45.442805]], [[9.0856376, 45.442805], [9.0858923, 45.442951], [9.0860229, 45.4430196]], [[9.086602, 45.4432274], [9.0866558, 45.4432496], [9.0866821, 45.4432605], [9.086777, 45.4432998], [9.0868962, 45.4433462], [9.0870606, 45.4434101], [9.0871483, 45.4434371], [9.0873609, 45.4435026], [9.0874227, 45.4435197], [9.0875754, 45.443565], [9.0878912, 45.4436755], [9.0880279, 45.4437178], [9.0885285, 45.4439121], [9.0885677, 45.4439274], [9.0886832, 45.4439723], [9.0889902, 45.4441168], [9.0892314, 45.4442492], [9.0894449, 45.4443664], [9.0895294, 45.4444136], [9.0898194, 45.4445757], [9.0898613, 45.4445994], [9.0899139, 45.44463], [9.0902356, 45.4448088], [9.0903404, 45.4448847], [9.0904154, 45.4449648], [9.0904539, 45.4450673], [9.0904947, 45.4452103], [9.0905244, 45.4453987]], [[9.0855621, 45.4366335], [9.0854718, 45.4367726], [9.0852486, 45.4371165], [9.0851491, 45.4372697], [9.0850326, 45.4374491], [9.0849511, 45.4375753], [9.0849467, 45.4375821], [9.0848046, 45.4378073], [9.0847706, 45.4378591], [9.0847086, 45.4379535], [9.0845683, 45.4381673], [9.084435, 45.4383694], [9.0841126, 45.4388581], [9.0840847, 45.4389004], [9.0840379, 45.4389714], [9.0838587, 45.439243], [9.0837198, 45.4394535], [9.0836189, 45.4395869]], [[9.0855621, 45.4366335], [9.0856869, 45.4364417], [9.0857189, 45.43633]], [[9.0858735, 45.4364038], [9.0857547, 45.4364779], [9.0857457, 45.4364835], [9.0855621, 45.4366335]], [[9.0824884, 45.4412546], [9.0836243, 45.4416652], [9.0837146, 45.4417113], [9.0841486, 45.4419413], [9.0847257, 45.4422793], [9.0849515, 45.4424116], [9.0850993, 45.4424963], [9.085483, 45.4427163], [9.0856376, 45.442805]], [[9.0903248, 45.4457217], [9.0904284, 45.4456097], [9.0904708, 45.4455342], [9.0904969, 45.4454853], [9.0905021, 45.4454732], [9.0905176, 45.4454266], [9.0905244, 45.4453987]], [[9.0905244, 45.4453987], [9.0905545, 45.4455029], [9.0905785, 45.445538], [9.0906067, 45.4455647], [9.0906582, 45.4455925]], [[9.0823241, 45.4407732], [9.0821056, 45.4409862], [9.082025, 45.4410648]], [[9.0861093, 45.443315], [9.0860798, 45.4433178], [9.0860011, 45.4433041], [9.0859348, 45.4432713], [9.0858903, 45.4432237]], [[9.0858903, 45.4432237], [9.0858751, 45.4431833], [9.0858761, 45.4431416], [9.0858931, 45.4431015]], [[9.0858931, 45.4431015], [9.0859458, 45.4430511], [9.0860229, 45.4430196]], [[9.0860229, 45.4430196], [9.0861022, 45.4430119], [9.0861802, 45.4430249], [9.0862462, 45.4430567], [9.0862915, 45.4431031], [9.086309, 45.4431503], [9.0863046, 45.4431989], [9.0862786, 45.4432441], [9.0862337, 45.4432812], [9.0861602, 45.4433103], [9.0861093, 45.443315]], [[9.0834432, 45.4397305], [9.0833837, 45.4398033], [9.0832468, 45.4399214], [9.0832029, 45.4399598], [9.0827731, 45.4403354], [9.0826699, 45.4404257], [9.0824018, 45.4406909], [9.0823241, 45.4407732]], [[9.1930214, 45.4809946], [9.1929846, 45.4809875], [9.1929582, 45.4809724], [9.19294, 45.4809485], [9.1929246, 45.4808925], [9.1929116, 45.4808324], [9.1928296, 45.4804471], [9.1928207, 45.4804236], [9.1928116, 45.4804077], [9.1927993, 45.4803949], [9.1927818, 45.4803816]], [[9.192835, 45.4810929], [9.1927981, 45.4809059], [9.1927842, 45.4808529]], [[9.1927842, 45.4808529], [9.1926902, 45.4804643], [9.1926749, 45.4804021]], [[9.1929675, 45.4817155], [9.1929354, 45.4817183], [9.192906, 45.481721], [9.1928796, 45.4817258], [9.192856, 45.4817306], [9.1928087, 45.4817429], [9.1927648, 45.4817568], [9.1927209, 45.4817736], [9.1926392, 45.4818128]], [[9.1929347, 45.4815802], [9.1929189, 45.4815141], [9.192835, 45.4810929]], [[9.1926392, 45.4818128], [9.1926113, 45.4818323], [9.1925942, 45.4818481], [9.192577, 45.4818688], [9.1925625, 45.4818904], [9.1925487, 45.481914], [9.1925376, 45.4819384]], [[9.192959, 45.4816814], [9.1929347, 45.4815802]]]}}, {"type": "Feature", "properties": {"id": "SS-MIL-0852", "nome": "Via Amero Cagnoni", "quartiere": "", "classificazione": "giallo", "score": 3, "note": "strada urbana senza ciclabile", "ciclabile": "no", "n_corsie": "2", "senso_unico": "no", "n_testimonianze": "0", "zona": "B1"}, "geometry": {"type": "LineString", "coordinates": [[9.1386187, 45.4649983], [9.138612, 45.4649024], [9.1385179, 45.4636067], [9.1385143, 45.4635142]]}}, {"type": "Feature", "properties": {"id": "SS-MIL-0862", "nome": "Via Andora", "quartiere": "", "classificazione": "giallo", "score": 3, "note": "strada urbana senza ciclabile", "ciclabile": "no", "n_corsie": "2", "senso_unico": "no", "n_testimonianze": "0", "zona": "B1"}, "geometry": {"type": "LineString", "coordinates": [[9.1337314, 45.483764], [9.1337522, 45.4838036], [9.1337714, 45.4838402], [9.1342308, 45.4847167]]}}, {"type": "Feature", "properties": {"id": "SS-MIL-0877", "nome": "Via Andrea Ponti", "quartiere": "", "classificazione": "giallo", "score": 3, "note": "strada urbana senza ciclabile", "ciclabile": "no", "n_corsie": "2", "senso_unico": "si", "n_testimonianze": "0", "zona": "B1"}, "geometry": {"type": "MultiLineString", "coordinates": [[[9.1561794, 45.4464026], [9.156165, 45.4464448], [9.1557778, 45.4475816], [9.1557705, 45.447602], [9.1557648, 45.4476206], [9.1557597, 45.4476357]], [[9.1569321, 45.4471224], [9.1570586, 45.4470435], [9.1572824, 45.4466839], [9.15729, 45.4466695], [9.1572892, 45.4466532], [9.1572814, 45.4466368], [9.1572684, 45.4466204], [9.1570608, 45.4465518], [9.1562716, 45.4464018], [9.1561794, 45.4464026]], [[9.1561794, 45.4464026], [9.1562041, 45.4463313], [9.1565622, 45.4452451], [9.1565802, 45.4452134], [9.1566203, 45.4451876]]]}}, {"type": "Feature", "properties": {"id": "SS-MIL-0879", "nome": "Via Andrea Solari", "quartiere": "", "classificazione": "giallo", "score": 3, "note": "strada urbana senza ciclabile (1 corsie)", "ciclabile": "no", "n_corsie": "1", "senso_unico": "si", "n_testimonianze": "0", "zona": "B1"}, "geometry": {"type": "MultiLineString", "coordinates": [[[9.156425, 45.4531706], [9.1563912, 45.4531597], [9.1561546, 45.4530838], [9.1553545, 45.4528267], [9.1552144, 45.4527818]], [[9.1580736, 45.4537054], [9.157364, 45.4534752], [9.1567665, 45.4532814], [9.156425, 45.4531706]], [[9.1589467, 45.4539914], [9.1588813, 45.4539696], [9.1588298, 45.4539528], [9.1581321, 45.4537244]], [[9.1596771, 45.4542227], [9.1590129, 45.4540117], [9.1589467, 45.4539914]], [[9.1581321, 45.4537244], [9.158164, 45.45372], [9.1582715, 45.4537051], [9.158864, 45.4539], [9.1588922, 45.45391], [9.1589132, 45.4539203], [9.1589242, 45.4539328], [9.1589316, 45.453945], [9.1589369, 45.4539549], [9.1589419, 45.4539693], [9.1589467, 45.4539914]], [[9.1596771, 45.4542227], [9.1596455, 45.4542283], [9.1595462, 45.4542453], [9.158978, 45.4540651], [9.1589672, 45.4540593], [9.1589631, 45.4540563], [9.1589595, 45.4540523], [9.1589554, 45.4540473], [9.1589524, 45.4540413], [9.1589594, 45.4540148], [9.15896, 45.4540105], [9.1589591, 45.4540062], [9.1589579, 45.4540021], [9.1589551, 45.453998], [9.1589467, 45.4539914]], [[9.1581321, 45.4537244], [9.1580736, 45.4537054]], [[9.1656776, 45.4561641], [9.1656862, 45.4561523], [9.1657015, 45.4561314], [9.1657325, 45.4561149], [9.1660443, 45.4560389], [9.1660946, 45.456033], [9.1661532, 45.4560432]], [[9.1687612, 45.4575663], [9.16875, 45.4575552], [9.1686695, 45.4574758], [9.1683831, 45.4571965]], [[9.1694821, 45.4570899], [9.169432, 45.457104], [9.1693898, 45.4571159], [9.1693478, 45.4571277], [9.1692587, 45.4571521], [9.1692121, 45.4571568], [9.1691688, 45.4571577], [9.1690449, 45.4571468], [9.1685258, 45.4570906], [9.1684509, 45.4570797], [9.1684075, 45.4570358], [9.1683974, 45.457022]], [[9.1683974, 45.457022], [9.1684115, 45.4570083], [9.1684518, 45.4569701], [9.1687397, 45.4569776]], [[9.1683974, 45.457022], [9.1683377, 45.4570119], [9.168269, 45.4569965], [9.1682152, 45.4569818], [9.1680845, 45.4569405]], [[9.1694821, 45.4570899], [9.1694483, 45.4570935], [9.1693633, 45.4571024], [9.1693078, 45.4571044], [9.1692533, 45.4571027], [9.1691749, 45.4570965], [9.1690283, 45.4570788], [9.1686669, 45.457045], [9.1683974, 45.457022]], [[9.1687397, 45.4569776], [9.1691819, 45.4570254], [9.1692821, 45.4570373], [9.1693847, 45.4570576], [9.1694404, 45.4570761], [9.1694633, 45.4570837], [9.1694821, 45.4570899]], [[9.1607122, 45.4545579], [9.1606237, 45.4545306], [9.1596771, 45.4542227]], [[9.1662909, 45.4563615], [9.1662826, 45.4563735], [9.1662757, 45.4563913], [9.1662197, 45.4564205], [9.1661738, 45.456471]], [[9.1661532, 45.4560432], [9.1661996, 45.4560554], [9.1662455, 45.4560925], [9.1663249, 45.4562346]], [[9.1656728, 45.4562539], [9.1656661, 45.4562017], [9.1656737, 45.4561769], [9.1656776, 45.4561641]], [[9.1647698, 45.4558708], [9.1640654, 45.4556422], [9.1634297, 45.4554358]], [[9.1621491, 45.4550202], [9.162007, 45.4549745], [9.1607122, 45.4545579]], [[9.1656728, 45.4562539], [9.1656381, 45.45621], [9.1655908, 45.45615], [9.165576, 45.4561313]], [[9.165576, 45.4561313], [9.1647698, 45.4558708]], [[9.1663249, 45.4562346], [9.1664122, 45.4563194], [9.1665015, 45.4564137], [9.1665193, 45.4564324]], [[9.1665193, 45.4564324], [9.1664818, 45.4564376], [9.1663237, 45.4564596], [9.1661738, 45.456471]], [[9.1663249, 45.4562346], [9.1663033, 45.4563298], [9.166296, 45.4563484], [9.1662909, 45.4563615]], [[9.1661738, 45.456471], [9.1659983, 45.456512], [9.1659203, 45.4565065], [9.165855, 45.4564972], [9.1657959, 45.45647]], [[9.1657959, 45.45647], [9.1656728, 45.4562539]], [[9.165576, 45.4561313], [9.1656102, 45.4561277], [9.1657325, 45.4561149]], [[9.1683831, 45.4571965], [9.1683686, 45.4571381], [9.1683659, 45.4571266], [9.1683722, 45.4571036], [9.1683941, 45.4570342], [9.1683974, 45.457022]], [[9.1683831, 45.4571965], [9.1683212, 45.4571425], [9.1681598, 45.457005], [9.1681151, 45.4569667], [9.1680845, 45.4569405]], [[9.1680845, 45.4569405], [9.1679787, 45.4569071], [9.1665193, 45.4564324]]]}}, {"type": "Feature", "properties": {"id": "SS-MIL-0884", "nome": "Via André-Marie Ampère", "quartiere": "", "classificazione": "giallo", "score": 3, "note": "strada urbana senza ciclabile", "ciclabile": "no", "n_corsie": "2", "senso_unico": "no", "n_testimonianze": "0", "zona": "B1"}, "geometry": {"type": "LineString", "coordinates": [[9.0759567, 45.4733864], [9.0758976, 45.4733456], [9.0753182, 45.472945]]}}, {"type": "Feature", "properties": {"id": "SS-MIL-0888", "nome": "Via Angelo Bisi", "quartiere": "", "classificazione": "giallo", "score": 3, "note": "strada urbana senza ciclabile", "ciclabile": "no", "n_corsie": "2", "senso_unico": "no", "n_testimonianze": "0", "zona": "B1"}, "geometry": {"type": "MultiLineString", "coordinates": [[[9.0929427, 45.4661857], [9.0926227, 45.4667174]], [[9.0937929, 45.464781], [9.0932687, 45.4656485]], [[9.0939661, 45.4644894], [9.0937929, 45.464781]], [[9.0932687, 45.4656485], [9.0929427, 45.4661857]], [[9.0940541, 45.4643884], [9.0939661, 45.4644894]], [[9.0929427, 45.4661857], [9.0929025, 45.4661724], [9.0923401, 45.4659868]], [[9.0927414, 45.4654688], [9.0932008, 45.4656249], [9.0932687, 45.4656485]]]}}, {"type": "Feature", "properties": {"id": "SS-MIL-0898", "nome": "Via Angelo Inganni", "quartiere": "", "classificazione": "giallo", "score": 3, "note": "strada urbana senza ciclabile", "ciclabile": "no", "n_corsie": "2", "senso_unico": "si", "n_testimonianze": "0", "zona": "B1"}, "geometry": {"type": "MultiLineString", "coordinates": [[[9.122182, 45.4575064], [9.1222195, 45.4574297], [9.1222261, 45.457416], [9.1223654, 45.4571298]], [[9.1293199, 45.444707], [9.129145, 45.4447799]], [[9.1268603, 45.4490487], [9.1266351, 45.4489668]], [[9.1256758, 45.4508152], [9.1257454, 45.4508267], [9.1258094, 45.4508377], [9.1258577, 45.4508535], [9.1258937, 45.4508899]], [[9.1250554, 45.4525411], [9.1247996, 45.4524752]], [[9.1258937, 45.4508899], [9.1258089, 45.4510829], [9.1255159, 45.4516503], [9.125098, 45.4524594], [9.1250554, 45.4525411]], [[9.1258937, 45.4508899], [9.1258219, 45.4509533], [9.1257832, 45.4509672], [9.1257278, 45.4509687], [9.1256712, 45.4509642], [9.1256021, 45.4509545]], [[9.1235245, 45.4554656], [9.123268, 45.4554011]], [[9.1234249, 45.4551015], [9.1236807, 45.4551673]], [[9.1225581, 45.4571797], [9.1224354, 45.457418], [9.1224108, 45.4574658], [9.1223617, 45.4575568]], [[9.122609, 45.4566382], [9.1226805, 45.4564879]], [[9.1229471, 45.4565446], [9.122872, 45.4566896], [9.1228536, 45.4567251]], [[9.1223654, 45.4571298], [9.1224137, 45.4570324], [9.122609, 45.4566382]], [[9.1228536, 45.4567251], [9.1226845, 45.4570538], [9.1226579, 45.4570803], [9.1225581, 45.4571797]], [[9.1226805, 45.4564879], [9.1229396, 45.4560191], [9.1230718, 45.4557714], [9.1232191, 45.4554956], [9.123268, 45.4554011]], [[9.1244263, 45.4531884], [9.124514, 45.4530209], [9.12476, 45.452551], [9.1247996, 45.4524752]], [[9.1246844, 45.4532498], [9.1245232, 45.4535578], [9.1244573, 45.4536837], [9.1243942, 45.4538043], [9.1241831, 45.4542075], [9.1237246, 45.455083], [9.1236807, 45.4551673]], [[9.1247996, 45.4524752], [9.1248502, 45.4524001], [9.125203, 45.4517147], [9.1254893, 45.4511586]], [[9.1250554, 45.4525411], [9.1250139, 45.4526201], [9.1249625, 45.4527185], [9.1247692, 45.4530877], [9.1246844, 45.4532498]], [[9.1256021, 45.4509545], [9.1256758, 45.4508152]], [[9.1254893, 45.4511586], [9.1255683, 45.4510225], [9.1256021, 45.4509545]], [[9.1256758, 45.4508152], [9.1257139, 45.4507407], [9.1265818, 45.4490631], [9.1266351, 45.4489668]], [[9.1268603, 45.4490487], [9.1268177, 45.4491251], [9.1259436, 45.4507971], [9.125925, 45.4508319], [9.1258937, 45.4508899]], [[9.1274142, 45.4474993], [9.1275611, 45.4471971], [9.127596, 45.447132]], [[9.1278298, 45.4472165], [9.1277993, 45.4472711], [9.1276696, 45.4475193], [9.1276674, 45.4475235], [9.1276478, 45.4475604]], [[9.1276478, 45.4475604], [9.1276206, 45.447612], [9.1276139, 45.4476246], [9.1271716, 45.4484604], [9.1269154, 45.4489446], [9.1269029, 45.448958], [9.1268603, 45.4490487]], [[9.1266351, 45.4489668], [9.1266715, 45.4489017], [9.1269482, 45.4483722], [9.1272002, 45.4478898], [9.1274142, 45.4474993]], [[9.127596, 45.447132], [9.1276501, 45.4470093]], [[9.1288775, 45.4447124], [9.128919, 45.4446143]], [[9.1279049, 45.4470934], [9.1278298, 45.4472165]], [[9.1286416, 45.445643], [9.1284241, 45.4460723], [9.128385, 45.4461503]], [[9.1276501, 45.4470093], [9.1276807, 45.4469449], [9.1278195, 45.4466725], [9.1280821, 45.4461723], [9.1281281, 45.4460833]], [[9.128385, 45.4461503], [9.1283414, 45.4462371], [9.1280752, 45.446769], [9.1279434, 45.4470305], [9.1279049, 45.4470934]], [[9.1288272, 45.4452855], [9.1287858, 45.4453656], [9.1286914, 45.4455472], [9.1286416, 45.445643]], [[9.129145, 45.4447799], [9.1289873, 45.4450024], [9.128856, 45.4452304], [9.1288473, 45.4452472], [9.1288272, 45.4452855]], [[9.1281281, 45.4460833], [9.1281645, 45.4460122], [9.1281794, 45.445985], [9.128419, 45.4455292], [9.1285653, 45.4452508], [9.1288775, 45.4447124]], [[9.123268, 45.4554011], [9.1234249, 45.4551015]], [[9.1234249, 45.4551015], [9.1234722, 45.4550114], [9.1242005, 45.4536198], [9.1243109, 45.4534089], [9.1244263, 45.4531884]], [[9.1236807, 45.4551673], [9.1235245, 45.4554656]], [[9.1235245, 45.4554656], [9.1234748, 45.4555585], [9.1234706, 45.4555662], [9.123426, 45.4556496], [9.1229471, 45.4565446]]]}}, {"type": "Feature", "properties": {"id": "SS-MIL-0904", "nome": "Via Angelo Morbelli", "quartiere": "", "classificazione": "giallo", "score": 3, "note": "strada urbana senza ciclabile", "ciclabile": "no", "n_corsie": "2", "senso_unico": "si", "n_testimonianze": "0", "zona": "B1"}, "geometry": {"type": "LineString", "coordinates": [[9.1492141, 45.4716517], [9.1492613, 45.4716164], [9.1501072, 45.4709844], [9.15013, 45.4709674], [9.1501553, 45.4709485]]}}, {"type": "Feature", "properties": {"id": "SS-MIL-0914", "nome": "Via Angelo de Vincenti", "quartiere": "", "classificazione": "giallo", "score": 3, "note": "strada urbana senza ciclabile", "ciclabile": "no", "n_corsie": "2", "senso_unico": "no", "n_testimonianze": "0", "zona": "B1"}, "geometry": {"type": "MultiLineString", "coordinates": [[[9.1405971, 45.4760218], [9.1405968, 45.4760622], [9.1406371, 45.4768726], [9.1406482, 45.4769131], [9.1406657, 45.4769382], [9.1406836, 45.4769639]], [[9.1407799, 45.4770575], [9.1408118, 45.4770806], [9.1409383, 45.4771614], [9.1410711, 45.4772462], [9.1411933, 45.4773253]], [[9.1427122, 45.4777425], [9.1426548, 45.4777436], [9.1426207, 45.4777441], [9.1420153, 45.4777606], [9.1419196, 45.4777524], [9.1418407, 45.4777295], [9.1417737, 45.477698], [9.1416683, 45.4776296]], [[9.1406836, 45.4769639], [9.1407249, 45.4769703], [9.1407522, 45.476981], [9.1407741, 45.4769947], [9.1407926, 45.4770072], [9.1408001, 45.4770225], [9.1407977, 45.477039], [9.1407885, 45.4770489], [9.1407799, 45.4770575], [9.1407618, 45.4770633], [9.1407297, 45.4770599], [9.1407109, 45.477051], [9.1407082, 45.4770479], [9.1407016, 45.4770402], [9.1406934, 45.477023], [9.1406825, 45.4769981], [9.1406836, 45.4769639]], [[9.1416683, 45.4776296], [9.1415896, 45.4776065], [9.1415574, 45.4775957], [9.1415326, 45.4775844], [9.1415205, 45.4775602], [9.1415279, 45.4775344], [9.1415631, 45.4775191], [9.141605, 45.4775275], [9.1416271, 45.4775487], [9.1416395, 45.4775764], [9.1416683, 45.4776296]], [[9.1411933, 45.4773253], [9.1413015, 45.4773954], [9.1414369, 45.4774848], [9.1414642, 45.4775005], [9.1415279, 45.4775344]]]}}, {"type": "Feature", "properties": {"id": "SS-MIL-0921", "nome": "Via Anna Maria Mozzoni", "quartiere": "", "classificazione": "giallo", "score": 3, "note": "strada urbana senza ciclabile", "ciclabile": "no", "n_corsie": "2", "senso_unico": "si", "n_testimonianze": "0", "zona": "B1"}, "geometry": {"type": "MultiLineString", "coordinates": [[[9.1177322, 45.4442783], [9.1176178, 45.4443183], [9.1173153, 45.4444393]], [[9.114733, 45.447184], [9.1147893, 45.4471184], [9.1148782, 45.4470148]], [[9.1173153, 45.4444393], [9.117113, 45.4443722]], [[9.1173153, 45.4444393], [9.1172887, 45.4445055], [9.1169919, 45.4448224], [9.1168202, 45.4450348]], [[9.1160453, 45.445986], [9.1150974, 45.4470949]], [[9.1157977, 45.4459084], [9.1158619, 45.445832], [9.1159002, 45.4457851], [9.1159384, 45.4457382]], [[9.1148782, 45.4470148], [9.1157977, 45.4459084]], [[9.1161889, 45.4458148], [9.1161071, 45.4459143], [9.1160453, 45.445986]], [[9.1159384, 45.4457382], [9.1159838, 45.445683], [9.1159921, 45.4456739], [9.1160127, 45.4456512], [9.1166089, 45.4449524]], [[9.1168202, 45.4450348], [9.1162567, 45.4457278], [9.1162357, 45.445755], [9.1162285, 45.4457633], [9.1161889, 45.4458148]], [[9.1150974, 45.4470949], [9.115018, 45.4471869], [9.1149799, 45.4472311], [9.1149597, 45.4472545]], [[9.1166089, 45.4449524], [9.1170759, 45.444415], [9.117113, 45.4443722]]]}}, {"type": "Feature", "properties": {"id": "SS-MIL-0925", "nome": "Via Annibale Cusi", "quartiere": "", "classificazione": "giallo", "score": 3, "note": "strada urbana senza ciclabile", "ciclabile": "no", "n_corsie": "2", "senso_unico": "no", "n_testimonianze": "0", "zona": "B1"}, "geometry": {"type": "LineString", "coordinates": [[9.1584713, 45.4370462], [9.1584768, 45.4369596], [9.1585375, 45.4360159], [9.1585424, 45.4359599], [9.1585453, 45.4359263]]}}, {"type": "Feature", "properties": {"id": "SS-MIL-0929", "nome": "Via Anselmo da Baggio", "quartiere": "", "classificazione": "giallo", "score": 3, "note": "strada urbana senza ciclabile", "ciclabile": "no", "n_corsie": "2", "senso_unico": "no", "n_testimonianze": "0", "zona": "B1"}, "geometry": {"type": "MultiLineString", "coordinates": [[[9.0915714, 45.4648964], [9.091488, 45.4648777], [9.0909502, 45.4647582], [9.0909106, 45.4647494], [9.0900282, 45.464553]], [[9.0877845, 45.4638281], [9.0877647, 45.4638698], [9.0877629, 45.4639369], [9.0877722, 45.4639755], [9.0877809, 45.4640113]], [[9.0887439, 45.4642571], [9.0885837, 45.4642219], [9.0884493, 45.4641924], [9.08825, 45.4641471], [9.0881906, 45.4641346]], [[9.0875865, 45.4640202], [9.0869338, 45.4638747], [9.0868197, 45.4638351]], [[9.0900282, 45.464553], [9.0899488, 45.4645347], [9.0888771, 45.4642878], [9.0887439, 45.4642571]], [[9.0881906, 45.4641346], [9.0881399, 45.4641452], [9.0878315, 45.4640803]], [[9.0875865, 45.4640202], [9.0877809, 45.4640113]], [[9.0877809, 45.4640113], [9.0878949, 45.4640033], [9.0881291, 45.4640544], [9.0881864, 45.464093], [9.0881906, 45.4641346]], [[9.0878315, 45.4640803], [9.0875865, 45.4640202]]]}}, {"type": "Feature", "properties": {"id": "SS-MIL-0935", "nome": "Via Antonello da Messina", "quartiere": "", "classificazione": "giallo", "score": 3, "note": "strada urbana senza ciclabile", "ciclabile": "no", "n_corsie": "2", "senso_unico": "si", "n_testimonianze": "0", "zona": "B1"}, "geometry": {"type": "MultiLineString", "coordinates": [[[9.1417502, 45.4671626], [9.1417032, 45.467174], [9.1416717, 45.4671775], [9.1416408, 45.467172], [9.1416103, 45.4671496], [9.1416008, 45.4671172]], [[9.1416008, 45.4671172], [9.1418165, 45.4667541], [9.1423938, 45.4657652]], [[9.1417502, 45.4671626], [9.1417193, 45.4672656], [9.1415549, 45.4673534], [9.1415256, 45.467369]], [[9.1424405, 45.465689], [9.142681, 45.4652833], [9.1427151, 45.4652438], [9.142755, 45.4651838], [9.1427882, 45.4651075], [9.1427822, 45.4650699]], [[9.1425327, 45.46581], [9.141995, 45.4667524], [9.1419435, 45.4668438], [9.1418351, 45.4670255], [9.1417502, 45.4671626]], [[9.1429752, 45.4651317], [9.1429228, 45.46515], [9.1428677, 45.4652159], [9.1426005, 45.4656936]], [[9.1423938, 45.4657652], [9.1424405, 45.465689]], [[9.1426005, 45.4656936], [9.1425327, 45.46581]]]}}, {"type": "Feature", "properties": {"id": "SS-MIL-0936", "nome": "Via Antonia Pozzi", "quartiere": "", "classificazione": "giallo", "score": 3, "note": "strada urbana senza ciclabile (1 corsie)", "ciclabile": "no", "n_corsie": "1", "senso_unico": "si", "n_testimonianze": "0", "zona": "B1"}, "geometry": {"type": "LineString", "coordinates": [[9.1490268, 45.4788009], [9.1489363, 45.4787423], [9.1479136, 45.4780688], [9.1478762, 45.4780445]]}}, {"type": "Feature", "properties": {"id": "SS-MIL-0944", "nome": "Via Antonio Bezzola", "quartiere": "", "classificazione": "giallo", "score": 3, "note": "strada urbana senza ciclabile", "ciclabile": "no", "n_corsie": "2", "senso_unico": "si", "n_testimonianze": "0", "zona": "B1"}, "geometry": {"type": "LineString", "coordinates": [[9.1129287, 45.4759083], [9.1128961, 45.475864], [9.1128794, 45.4758413], [9.1123672, 45.4750807], [9.1122417, 45.4748947], [9.1121989, 45.474828]]}}, {"type": "Feature", "properties": {"id": "SS-MIL-0951", "nome": "Via Antonio Cecchi", "quartiere": "", "classificazione": "giallo", "score": 3, "note": "strada urbana senza ciclabile", "ciclabile": "no", "n_corsie": "2", "senso_unico": "si", "n_testimonianze": "0", "zona": "B1"}, "geometry": {"type": "MultiLineString", "coordinates": [[[9.1503498, 45.4606014], [9.1504617, 45.4606136], [9.1505282, 45.4606154], [9.1505891, 45.4606154], [9.151323, 45.4605975], [9.1519861, 45.4605813], [9.1521027, 45.4605816]], [[9.1499597, 45.4605458], [9.1500163, 45.4605689], [9.1500901, 45.4605836], [9.1502246, 45.4605853], [9.1503498, 45.4606014]], [[9.1503498, 45.4606014], [9.1502262, 45.4607855], [9.1501472, 45.4608256]], [[9.1521027, 45.4605816], [9.1528437, 45.4605625], [9.1529343, 45.4605602]]]}}, {"type": "Feature", "properties": {"id": "SS-MIL-0953", "nome": "Via Antonio Ceriani", "quartiere": "", "classificazione": "giallo", "score": 3, "note": "strada urbana senza ciclabile", "ciclabile": "no", "n_corsie": "2", "senso_unico": "si", "n_testimonianze": "0", "zona": "B1"}, "geometry": {"type": "MultiLineString", "coordinates": [[[9.0900079, 45.4613056], [9.089892, 45.4613712], [9.0896941, 45.4615035]], [[9.0896941, 45.4615035], [9.089632, 45.461565], [9.089099, 45.4620838], [9.0890237, 45.4621299]], [[9.0890237, 45.4621299], [9.0889339, 45.4620821], [9.0886176, 45.4620195]]]}}, {"type": "Feature", "properties": {"id": "SS-MIL-0974", "nome": "Via Antonio Mosca", "quartiere": "", "classificazione": "giallo", "score": 3, "note": "strada urbana senza ciclabile", "ciclabile": "no", "n_corsie": "2", "senso_unico": "no", "n_testimonianze": "0", "zona": "B1"}, "geometry": {"type": "MultiLineString", "coordinates": [[[9.086641, 45.4586721], [9.0857262, 45.4583641], [9.0853331, 45.4582318], [9.0852187, 45.4581921]], [[9.0684137, 45.4493753], [9.0682946, 45.4493199], [9.0676251, 45.4490025], [9.0674671, 45.4489391]], [[9.0767383, 45.4555343], [9.0768142, 45.4556198], [9.0768802, 45.4558397], [9.0769395, 45.4559068], [9.0770283, 45.4559276], [9.0772354, 45.4558951], [9.0776628, 45.4557929], [9.0778205, 45.4557418], [9.078075, 45.4555612]], [[9.0884597, 45.4593447], [9.0885787, 45.4593883], [9.0889983, 45.4595414]], [[9.0782555, 45.4556748], [9.0780837, 45.4557486], [9.0776168, 45.4558739], [9.0773078, 45.4559506], [9.077127, 45.4559853], [9.077025, 45.4559923], [9.0769363, 45.4559739], [9.0767947, 45.4559045], [9.0767552, 45.4557889], [9.0767154, 45.4556084], [9.0767383, 45.4555343]], [[9.0684137, 45.4493753], [9.068601, 45.4495086], [9.0686482, 45.4495643], [9.0687624, 45.4498802], [9.0688208, 45.4499488]], [[9.0705092, 45.4516216], [9.0705373, 45.4515901], [9.0705434, 45.4515815], [9.070582, 45.4515696]], [[9.0710283, 45.4519439], [9.0708742, 45.4518806], [9.0706414, 45.4517855]], [[9.0901422, 45.4591119], [9.090101, 45.4591679], [9.0896786, 45.4597452], [9.0896486, 45.459782]], [[9.0889983, 45.4595414], [9.0896486, 45.459782]], [[9.0894979, 45.4588626], [9.0894607, 45.458911], [9.0894524, 45.4589219], [9.0890315, 45.4594962], [9.0889983, 45.4595414]], [[9.0884597, 45.4593447], [9.0884215, 45.4593304], [9.0883993, 45.4593221], [9.0881615, 45.4592342], [9.086641, 45.4586721]], [[9.0767383, 45.4555343], [9.0766848, 45.4553099], [9.0766339, 45.4552076], [9.0765534, 45.4551205], [9.0764453, 45.4550416], [9.076343, 45.4549899], [9.0760349, 45.4548343]], [[9.0760349, 45.4548343], [9.0757525, 45.4546801], [9.0754645, 45.4545228], [9.073834, 45.4536324]], [[9.073834, 45.4536324], [9.073763, 45.4535967], [9.0735702, 45.4534996], [9.073523, 45.4534758], [9.0731941, 45.4533102], [9.0731223, 45.4532741]], [[9.0710801, 45.4519943], [9.0710283, 45.4519439]], [[9.0699138, 45.4509321], [9.0697461, 45.4507761], [9.0697129, 45.4507376]], [[9.070582, 45.4515696], [9.070531, 45.4514875], [9.0702904, 45.4512631]], [[9.0702904, 45.4512631], [9.0699138, 45.4509321]], [[9.0716912, 45.4525043], [9.0713164, 45.4521907], [9.0712636, 45.4521465], [9.0711376, 45.452041], [9.0710801, 45.4519943]], [[9.0688208, 45.4499488], [9.0688865, 45.4500056], [9.0689349, 45.4500494], [9.0689381, 45.4500535], [9.0692504, 45.4503181], [9.0696383, 45.4506616], [9.0697129, 45.4507376]], [[9.070582, 45.4515696], [9.0706295, 45.4515728], [9.0706706, 45.4515801], [9.0707146, 45.4516109], [9.0710283, 45.4519439]], [[9.0731223, 45.4532741], [9.0716912, 45.4525043]], [[9.0674671, 45.4489391], [9.0673986, 45.4489159], [9.0673015, 45.4488799]]]}}, {"type": "Feature", "properties": {"id": "SS-MIL-0977", "nome": "Via Antonio Panizzi", "quartiere": "", "classificazione": "giallo", "score": 3, "note": "strada urbana senza ciclabile", "ciclabile": "no", "n_corsie": "2", "senso_unico": "si", "n_testimonianze": "0", "zona": "B1"}, "geometry": {"type": "MultiLineString", "coordinates": [[[9.1381199, 45.4521663], [9.138912, 45.4524127], [9.1392061, 45.4525028], [9.1392998, 45.4525318]], [[9.1363588, 45.4516203], [9.1364699, 45.4516552], [9.136892, 45.4517859], [9.1369589, 45.4518067], [9.1370287, 45.4518283], [9.137381, 45.4519374], [9.1375732, 45.4519969], [9.1377102, 45.4520394], [9.1380109, 45.4521326], [9.1381199, 45.4521663]]]}}, {"type": "Feature", "properties": {"id": "SS-MIL-0979", "nome": "Via Antonio Pianella", "quartiere": "", "classificazione": "giallo", "score": 3, "note": "strada urbana senza ciclabile", "ciclabile": "no", "n_corsie": "2", "senso_unico": "si", "n_testimonianze": "0", "zona": "B1"}, "geometry": {"type": "MultiLineString", "coordinates": [[[9.1336955, 45.4696781], [9.1335785, 45.469765], [9.1328778, 45.4702862]], [[9.1328778, 45.4702862], [9.1320597, 45.4709168]], [[9.1320597, 45.4709168], [9.1313685, 45.4714351], [9.13132, 45.4714709]]]}}, {"type": "Feature", "properties": {"id": "SS-MIL-0980", "nome": "Via Antonio Picozzi", "quartiere": "", "classificazione": "giallo", "score": 3, "note": "strada urbana senza ciclabile", "ciclabile": "no", "n_corsie": "2", "senso_unico": "no", "n_testimonianze": "0", "zona": "B1"}, "geometry": {"type": "LineString", "coordinates": [[9.0938586, 45.4460562], [9.0916792, 45.4458268]]}}, {"type": "Feature", "properties": {"id": "SS-MIL-0984", "nome": "Via Antonio Rubino", "quartiere": "", "classificazione": "giallo", "score": 3, "note": "strada urbana senza ciclabile (2 corsie)", "ciclabile": "no", "n_corsie": "2", "senso_unico": "no", "n_testimonianze": "0", "zona": "B1"}, "geometry": {"type": "LineString", "coordinates": [[9.0686888, 45.4514666], [9.0679178, 45.4511451], [9.0678437, 45.451114]]}}, {"type": "Feature", "properties": {"id": "SS-MIL-0994", "nome": "Via Antonio Tolomeo Trivulzio", "quartiere": "", "classificazione": "giallo", "score": 3, "note": "strada urbana senza ciclabile", "ciclabile": "no", "n_corsie": "2", "senso_unico": "si", "n_testimonianze": "0", "zona": "B1"}, "geometry": {"type": "MultiLineString", "coordinates": [[[9.1431261, 45.4649397], [9.1432012, 45.4649927], [9.14334, 45.4650593], [9.1433639, 45.4650692]], [[9.1465047, 45.4660133], [9.146377, 45.4659775]], [[9.1435799, 45.4651574], [9.1434142, 45.4651288], [9.143367, 45.4651223], [9.14331, 45.4651147], [9.1431436, 45.4651065], [9.1430345, 45.4651187]], [[9.1485273, 45.4664892], [9.1483235, 45.4664418], [9.1480133, 45.4663689], [9.1478011, 45.466319]], [[9.146377, 45.4659775], [9.146234, 45.4659354]], [[9.1437399, 45.4652042], [9.1435799, 45.4651574]], [[9.146234, 45.4659354], [9.1461399, 45.4659078], [9.1458193, 45.4658131], [9.1455428, 45.4657314], [9.1448805, 45.4655357], [9.1446426, 45.4654662], [9.1437399, 45.4652042]], [[9.1478011, 45.466319], [9.1476605, 45.4662875], [9.1466162, 45.4660472], [9.1465047, 45.4660133]], [[9.1433639, 45.4650692], [9.143392, 45.4650809]], [[9.143392, 45.4650809], [9.1435799, 45.4651574]]]}}, {"type": "Feature", "properties": {"id": "SS-MIL-1014", "nome": "Via Arenzano", "quartiere": "", "classificazione": "giallo", "score": 3, "note": "strada urbana senza ciclabile", "ciclabile": "no", "n_corsie": "2", "senso_unico": "no", "n_testimonianze": "0", "zona": "B1"}, "geometry": {"type": "LineString", "coordinates": [[9.1341001, 45.4836765], [9.1341195, 45.483714], [9.134138, 45.4837495], [9.1345972, 45.4846353]]}}, {"type": "Feature", "properties": {"id": "SS-MIL-1018", "nome": "Via Arioli Venegoni", "quartiere": "", "classificazione": "verde", "score": 1, "note": "ciclabile presente (da OpenStreetMap)", "ciclabile": "si", "n_corsie": "2", "senso_unico": "si", "n_testimonianze": "0", "zona": "B1"}, "geometry": {"type": "MultiLineString", "coordinates": [[[9.1160302, 45.4698742], [9.116215, 45.4697775], [9.1162942, 45.469718], [9.116382, 45.4696229], [9.1165587, 45.4694085]], [[9.1111494, 45.4695998], [9.1111145, 45.4695439], [9.1110894, 45.4694802], [9.1110643, 45.469381], [9.1110593, 45.4692948], [9.1110729, 45.4692144], [9.1111109, 45.4691255], [9.1116334, 45.4681606], [9.1116369, 45.4681535], [9.1116966, 45.4680412], [9.1127222, 45.4661124], [9.1127577, 45.4660573], [9.1127694, 45.4660391]], [[9.1128882, 45.4660862], [9.1127965, 45.4661361], [9.1127647, 45.4661795], [9.1126082, 45.4664777], [9.1125622, 45.4665654], [9.1119462, 45.4677395], [9.1117149, 45.4681804], [9.1117123, 45.4681853], [9.1116747, 45.4682564], [9.1112777, 45.4690083], [9.1112243, 45.4691095]], [[9.1112243, 45.4691095], [9.1111855, 45.4691828], [9.1111638, 45.4692711], [9.1111657, 45.4693408], [9.1111795, 45.4694154], [9.1112006, 45.4694789], [9.1112326, 45.4695421], [9.1112428, 45.4695581], [9.1112861, 45.4696097]]]}}, {"type": "Feature", "properties": {"id": "SS-MIL-1022", "nome": "Via Armando Diaz", "quartiere": "", "classificazione": "giallo", "score": 3, "note": "strada urbana senza ciclabile", "ciclabile": "no", "n_corsie": "2", "senso_unico": "no", "n_testimonianze": "0", "zona": "B1"}, "geometry": {"type": "MultiLineString", "coordinates": [[[9.0978282, 45.4449189], [9.097556, 45.4447563], [9.0974885, 45.4447158], [9.0974176, 45.4446748], [9.0966101, 45.444209], [9.0965434, 45.4441705]], [[9.1134809, 45.435555], [9.1135592, 45.4353942], [9.1137304, 45.435043], [9.1138586, 45.4347799], [9.114096, 45.4342612], [9.1141168, 45.4342146], [9.114147, 45.4341453], [9.1145039, 45.4333542], [9.1145335, 45.4332902], [9.1148889, 45.4328789], [9.1151376, 45.4325911]], [[9.1163595, 45.4311956], [9.1167266, 45.4307437]], [[9.1152844, 45.432406], [9.1154988, 45.4321558], [9.1161852, 45.4313901], [9.1163595, 45.4311956]], [[9.1345569, 45.5326882], [9.1345046, 45.5326827], [9.1344033, 45.5326719], [9.1340438, 45.5326339]]]}}, {"type": "Feature", "properties": {"id": "SS-MIL-1033", "nome": "Via Arona", "quartiere": "", "classificazione": "giallo", "score": 3, "note": "strada urbana senza ciclabile", "ciclabile": "no", "n_corsie": "2", "senso_unico": "si", "n_testimonianze": "0", "zona": "B1"}, "geometry": {"type": "MultiLineString", "coordinates": [[[9.1579254, 45.4822465], [9.1581369, 45.4823087], [9.1583085, 45.4823294], [9.1584589, 45.4823294], [9.158658, 45.4823084], [9.1588867, 45.4822373]], [[9.1597079, 45.4833987], [9.1594931, 45.483259], [9.1592242, 45.483084], [9.1585478, 45.4826442], [9.1584388, 45.4825732]], [[9.1579254, 45.4822465], [9.1583451, 45.4825136], [9.1584388, 45.4825732]], [[9.1579254, 45.4822465], [9.157569, 45.4820197], [9.1568338, 45.4815519], [9.1566552, 45.4814382]], [[9.1563548, 45.4811956], [9.1563692, 45.4812172], [9.1563843, 45.4812359], [9.156402, 45.4812548], [9.1564264, 45.4812775], [9.1564577, 45.4813026], [9.1564938, 45.4813278], [9.1565209, 45.4813467], [9.1565445, 45.4813625], [9.1565926, 45.4813937], [9.1566552, 45.4814382]], [[9.161433, 45.4845276], [9.1613872, 45.4844966], [9.1613243, 45.4844542], [9.1612554, 45.4844074], [9.1612463, 45.4844012], [9.1612135, 45.4843792], [9.1610957, 45.4843013]], [[9.1603777, 45.4838343], [9.1603264, 45.4838009]], [[9.1607326, 45.4840652], [9.1606609, 45.4840185], [9.1606284, 45.4839974], [9.1603777, 45.4838343]], [[9.1599966, 45.4835864], [9.1597079, 45.4833987]], [[9.1603264, 45.4838009], [9.1599966, 45.4835864]], [[9.1610957, 45.4843013], [9.1609714, 45.4842205], [9.1609446, 45.484203], [9.1608909, 45.4841681]], [[9.1608909, 45.4841681], [9.1608511, 45.4841422], [9.160834, 45.4841311], [9.1608057, 45.4841127], [9.1607326, 45.4840652]]]}}, {"type": "Feature", "properties": {"id": "SS-MIL-1037", "nome": "Via Arturo Carlo Jemolo", "quartiere": "", "classificazione": "giallo", "score": 3, "note": "strada urbana senza ciclabile (2 corsie)", "ciclabile": "no", "n_corsie": "2", "senso_unico": "no", "n_testimonianze": "0", "zona": "B1"}, "geometry": {"type": "MultiLineString", "coordinates": [[[9.0681659, 45.4507103], [9.068062, 45.4506665], [9.067756, 45.4505351]], [[9.070001, 45.4514981], [9.0701433, 45.4515602]], [[9.067756, 45.4505351], [9.06666, 45.4500726], [9.0666, 45.450039], [9.0665589, 45.4500105], [9.0665482, 45.4499992], [9.0665442, 45.4499956], [9.0665264, 45.4499768], [9.0664997, 45.4499357], [9.0664863, 45.449901], [9.0664838, 45.449865], [9.0664978, 45.4497935], [9.0665137, 45.4497499], [9.0665248, 45.4497287], [9.066915, 45.4492956], [9.0672325, 45.4489584], [9.0673015, 45.4488799]], [[9.0695683, 45.4513093], [9.070001, 45.4514981]], [[9.0695683, 45.4513093], [9.0694259, 45.4512446], [9.0682642, 45.4507511], [9.0681659, 45.4507103]], [[9.0706414, 45.4517855], [9.0705349, 45.4517413]], [[9.0705349, 45.4517413], [9.0701433, 45.4515602]], [[9.0701433, 45.4515602], [9.070299, 45.4516049], [9.0703642, 45.4516172], [9.0704245, 45.4516234], [9.0705092, 45.4516216]]]}}, {"type": "Feature", "properties": {"id": "SS-MIL-1045", "nome": "Via Arzaga", "quartiere": "", "classificazione": "giallo", "score": 3, "note": "strada urbana senza ciclabile", "ciclabile": "no", "n_corsie": "2", "senso_unico": "no", "n_testimonianze": "0", "zona": "B1"}, "geometry": {"type": "MultiLineString", "coordinates": [[[9.1376309, 45.4564397], [9.1375865, 45.4564349], [9.1375716, 45.4564333], [9.1375582, 45.4564318], [9.1365343, 45.4563483], [9.1364676, 45.4563428]], [[9.1395673, 45.4565984], [9.1394951, 45.4565923], [9.1392913, 45.4565762], [9.1384759, 45.456517], [9.1383733, 45.456507]], [[9.1361058, 45.4563175], [9.1360365, 45.4563036], [9.1358785, 45.456272], [9.135211, 45.4560883], [9.1350442, 45.4560433], [9.1349827, 45.4560267]], [[9.1346253, 45.4559217], [9.1343714, 45.4558516], [9.1342692, 45.455821], [9.1331958, 45.4555084], [9.1324925, 45.4553063], [9.1324409, 45.4552952], [9.1324165, 45.455291], [9.1323502, 45.4552777]], [[9.1349827, 45.4560267], [9.1347507, 45.4559579], [9.1346253, 45.4559217]], [[9.1364676, 45.4563428], [9.1361743, 45.4563225], [9.1361058, 45.4563175]], [[9.1383733, 45.456507], [9.1381219, 45.4564819], [9.1377564, 45.4564486], [9.1376309, 45.4564397]]]}}, {"type": "Feature", "properties": {"id": "SS-MIL-1051", "nome": "Via Assiano", "quartiere": "", "classificazione": "giallo", "score": 3, "note": "strada urbana senza ciclabile", "ciclabile": "no", "n_corsie": "2", "senso_unico": "no", "n_testimonianze": "0", "zona": "B1"}, "geometry": {"type": "MultiLineString", "coordinates": [[[9.0564076, 45.4541142], [9.0563894, 45.4540995], [9.0563835, 45.4540809], [9.0563868, 45.4540595], [9.0564003, 45.4540405], [9.0564273, 45.4540138], [9.0565162, 45.4539367], [9.0578667, 45.4526269], [9.0578751, 45.4526209], [9.0578904, 45.4526157], [9.0578995, 45.4526153], [9.0579074, 45.4526157], [9.0579193, 45.4526201], [9.058382, 45.4528591], [9.0585728, 45.4529655], [9.0587307, 45.4530395], [9.0587716, 45.4530454], [9.0588124, 45.453047], [9.0588532, 45.4530453], [9.0588804, 45.4530374], [9.0590987, 45.4528223], [9.0629288, 45.4494767], [9.0636886, 45.448837]], [[9.0636886, 45.448837], [9.0638071, 45.4487351], [9.0638112, 45.4487315], [9.063891, 45.448634], [9.0640259, 45.4481997], [9.064098, 45.4479867], [9.0642096, 45.4478756], [9.0642853, 45.4478649], [9.064298, 45.4478662], [9.0643168, 45.4478697], [9.0643227, 45.4478722], [9.064396, 45.4478887], [9.0672057, 45.4488513], [9.0673015, 45.4488799]]]}}, {"type": "Feature", "properties": {"id": "SS-MIL-1057", "nome": "Via Aterno", "quartiere": "", "classificazione": "giallo", "score": 3, "note": "strada urbana senza ciclabile", "ciclabile": "no", "n_corsie": "2", "senso_unico": "no", "n_testimonianze": "0", "zona": "B1"}, "geometry": {"type": "LineString", "coordinates": [[9.0716912, 45.4525043], [9.0716066, 45.4525745], [9.0702649, 45.4536917]]}}, {"type": "Feature", "properties": {"id": "SS-MIL-1065", "nome": "Via Augusto Murri", "quartiere": "", "classificazione": "giallo", "score": 3, "note": "strada urbana senza ciclabile", "ciclabile": "no", "n_corsie": "2", "senso_unico": "no", "n_testimonianze": "0", "zona": "B1"}, "geometry": {"type": "LineString", "coordinates": [[9.0708325, 45.4793118], [9.0694933, 45.478574], [9.0694712, 45.4785618]]}}, {"type": "Feature", "properties": {"id": "SS-MIL-1072", "nome": "Via Auronzo", "quartiere": "", "classificazione": "giallo", "score": 3, "note": "strada urbana senza ciclabile", "ciclabile": "no", "n_corsie": "2", "senso_unico": "si", "n_testimonianze": "0", "zona": "B1"}, "geometry": {"type": "LineString", "coordinates": [[9.1160094, 45.4757325], [9.1159705, 45.4757327], [9.1151936, 45.4757375], [9.1151136, 45.4757566]]}}, {"type": "Feature", "properties": {"id": "SS-MIL-1079", "nome": "Via Bacone", "quartiere": "", "classificazione": "giallo", "score": 3, "note": "strada urbana senza ciclabile", "ciclabile": "no", "n_corsie": "2", "senso_unico": "no", "n_testimonianze": "0", "zona": "B1"}, "geometry": {"type": "MultiLineString", "coordinates": [[[9.0583107, 45.4660312], [9.0585577, 45.4650369]], [[9.0563726, 45.464469], [9.0558666, 45.4657147]], [[9.0585577, 45.4650369], [9.0591024, 45.4640419]]]}}, {"type": "Feature", "properties": {"id": "SS-MIL-1080", "nome": "Via Baggio", "quartiere": "", "classificazione": "giallo", "score": 3, "note": "strada urbana senza ciclabile (1 corsie)", "ciclabile": "no", "n_corsie": "1", "senso_unico": "si", "n_testimonianze": "0", "zona": "B1"}, "geometry": {"type": "MultiLineString", "coordinates": [[[9.0473202, 45.4515207], [9.0471771, 45.4514767], [9.0470807, 45.4514578], [9.0469646, 45.4514479]], [[9.0378454, 45.4490451], [9.0379559, 45.4490751], [9.0386105, 45.4492526], [9.0387587, 45.4492931], [9.0388547, 45.4493191], [9.0399368, 45.4496162], [9.0409301, 45.4498889], [9.0410302, 45.4499164]], [[9.0935423, 45.4508917], [9.0939842, 45.4505058], [9.0943677, 45.4501212], [9.0947686, 45.4497675]], [[9.0469646, 45.4514479], [9.0470436, 45.451423], [9.0471341, 45.4513811], [9.0472242, 45.4513161]], [[9.046649, 45.4514266], [9.0467951, 45.4514531], [9.0468459, 45.4514618]], [[9.0463785, 45.4513598], [9.046469, 45.4513793], [9.046548, 45.4513978], [9.0466223, 45.4514178]], [[9.0464994, 45.4514696], [9.0464412, 45.4514102], [9.0463785, 45.4513598]], [[9.0468459, 45.4514618], [9.0469646, 45.4514479]], [[9.0468459, 45.4514618], [9.0467866, 45.4514832], [9.0467406, 45.451498], [9.0466775, 45.4515187]], [[9.0424319, 45.4502825], [9.0427749, 45.4503765], [9.0431263, 45.45047], [9.043242, 45.4505024], [9.0448248, 45.4509464], [9.0448897, 45.4509646], [9.0458184, 45.4512111], [9.0463785, 45.4513598]], [[9.0424319, 45.4502825], [9.0422317, 45.4502654]], [[9.0422755, 45.4501809], [9.0423268, 45.4502178], [9.0424319, 45.4502825]], [[9.041942, 45.4501667], [9.0421078, 45.4501492]], [[9.0420844, 45.4502367], [9.041942, 45.4501667]], [[9.041942, 45.4501667], [9.0420771, 45.4499072], [9.0421604, 45.4497472]], [[9.0422889, 45.4499631], [9.0420771, 45.4499072]], [[9.0411774, 45.4499568], [9.0414385, 45.4494987], [9.0417325, 45.4495812]], [[9.0409301, 45.4498889], [9.0411913, 45.4494005]], [[9.0411023, 45.4499362], [9.0411774, 45.4499568], [9.041942, 45.4501667]], [[9.0410302, 45.4499164], [9.0411023, 45.4499362]]]}}, {"type": "Feature", "properties": {"id": "SS-MIL-1095", "nome": "Via Bari", "quartiere": "", "classificazione": "giallo", "score": 3, "note": "strada urbana senza ciclabile", "ciclabile": "no", "n_corsie": "2", "senso_unico": "si", "n_testimonianze": "0", "zona": "B1"}, "geometry": {"type": "MultiLineString", "coordinates": [[[9.1471645, 45.4370342], [9.1471583, 45.4371105], [9.147153, 45.4371455], [9.1471346, 45.437448]], [[9.1502067, 45.4391496], [9.1500927, 45.4391165], [9.150023, 45.4390977], [9.1492746, 45.4388975], [9.1486425, 45.4387284], [9.148569, 45.4387088]], [[9.1471346, 45.437448], [9.147066, 45.4374481], [9.1465268, 45.4374479], [9.1462624, 45.4374677], [9.1460618, 45.4374967], [9.1458268, 45.4375463], [9.1457053, 45.4375776]], [[9.1457867, 45.4381796], [9.1457392, 45.4379445], [9.1457053, 45.4375776]], [[9.1471346, 45.437448], [9.1470763, 45.4382366], [9.1470778, 45.4382612], [9.1470878, 45.4382913], [9.1470954, 45.4383014], [9.1471115, 45.4383153], [9.1471349, 45.4383244], [9.1482365, 45.4386194], [9.148485, 45.4386867], [9.148569, 45.4387088]], [[9.1518175, 45.4395851], [9.1516912, 45.4395506], [9.1512865, 45.4394413], [9.1508322, 45.4393189], [9.1502067, 45.4391496]], [[9.1457053, 45.4375776], [9.1453188, 45.4376812], [9.1449908, 45.4377914], [9.1447094, 45.4379182], [9.1444397, 45.4380641], [9.1444264, 45.4380713]]]}}, {"type": "Feature", "properties": {"id": "SS-MIL-1098", "nome": "Via Barni", "quartiere": "", "classificazione": "giallo", "score": 3, "note": "strada urbana senza ciclabile", "ciclabile": "no", "n_corsie": "2", "senso_unico": "no", "n_testimonianze": "0", "zona": "B1"}, "geometry": {"type": "MultiLineString", "coordinates": [[[9.060337, 45.4732711], [9.0605048, 45.4732735], [9.0613441, 45.4732957], [9.0614705, 45.473299], [9.0615403, 45.4732903], [9.0616137, 45.4732763], [9.0621798, 45.4730794], [9.0622712, 45.4730491], [9.062349, 45.4730233], [9.0624187, 45.4730123], [9.0624762, 45.4730145], [9.0625305, 45.4730201]], [[9.0625305, 45.4730201], [9.0625673, 45.472968], [9.062608, 45.4728966], [9.0626202, 45.4728403], [9.0626252, 45.4722453], [9.0625959, 45.4721073], [9.0625858, 45.4720597]]]}}, {"type": "Feature", "properties": {"id": "SS-MIL-1100", "nome": "Via Bartolomeo Cabella", "quartiere": "", "classificazione": "giallo", "score": 3, "note": "strada urbana senza ciclabile", "ciclabile": "no", "n_corsie": "2", "senso_unico": "no", "n_testimonianze": "0", "zona": "B1"}, "geometry": {"type": "MultiLineString", "coordinates": [[[9.08985, 45.4581623], [9.089636, 45.4580975], [9.0895988, 45.4580876], [9.0895605, 45.4580846], [9.0895253, 45.4580848], [9.0894884, 45.4580912]], [[9.0929128, 45.459082], [9.09278, 45.4590398], [9.0926615, 45.4590021], [9.0923902, 45.4589207], [9.0923216, 45.4589001], [9.0918947, 45.458772], [9.0913041, 45.4585947], [9.0911885, 45.45856], [9.0906426, 45.4583963], [9.0902471, 45.4582777], [9.0902362, 45.4582744], [9.0899646, 45.458193], [9.08985, 45.4581623]], [[9.0945682, 45.4595684], [9.0944494, 45.4595462], [9.0944256, 45.4595392], [9.0932548, 45.45919], [9.0930794, 45.4591301], [9.0930503, 45.4591217], [9.0929128, 45.459082]], [[9.0959411, 45.4599648], [9.09586, 45.4599406], [9.0947196, 45.4595992], [9.0946978, 45.4595926], [9.0945682, 45.4595684]]]}}, {"type": "Feature", "properties": {"id": "SS-MIL-1101", "nome": "Via Bartolomeo Colleoni", "quartiere": "", "classificazione": "giallo", "score": 3, "note": "strada urbana senza ciclabile", "ciclabile": "no", "n_corsie": "2", "senso_unico": "no", "n_testimonianze": "0", "zona": "B1"}, "geometry": {"type": "MultiLineString", "coordinates": [[[9.1556196, 45.483993], [9.1555672, 45.4839583], [9.1555132, 45.4839226], [9.1553163, 45.4837922], [9.155114, 45.4836583], [9.154922, 45.4835312], [9.1545159, 45.4832623], [9.1540393, 45.4829468], [9.1538331, 45.4828103], [9.1537879, 45.4827804], [9.1537255, 45.4827391]], [[9.1523636, 45.4818375], [9.1520719, 45.4816444]], [[9.1536545, 45.4826921], [9.1535568, 45.4826274]], [[9.1512957, 45.4811305], [9.1511672, 45.4810467], [9.151093, 45.4809985]], [[9.1535568, 45.4826274], [9.1534952, 45.4825866], [9.1532385, 45.4824167], [9.1523636, 45.4818375]], [[9.1515646, 45.4813085], [9.1513692, 45.4811791]], [[9.1520719, 45.4816444], [9.1517269, 45.4814159], [9.1515646, 45.4813085]], [[9.1537255, 45.4827391], [9.1536545, 45.4826921]], [[9.1513692, 45.4811791], [9.1512957, 45.4811305]]]}}, {"type": "Feature", "properties": {"id": "SS-MIL-1106", "nome": "Via Bartolomeo d'Alviano", "quartiere": "", "classificazione": "rosso", "score": 4, "note": "strada secondaria trafficata", "ciclabile": "no", "n_corsie": "2", "senso_unico": "si", "n_testimonianze": "0", "zona": "B1"}, "geometry": {"type": "MultiLineString", "coordinates": [[[9.1422415, 45.4524059], [9.1422109, 45.4524449], [9.1421599, 45.4525238], [9.1421162, 45.4525645]], [[9.1419487, 45.4525243], [9.1419809, 45.4524699], [9.1420093, 45.4523913], [9.1420154, 45.4523429]], [[9.1417186, 45.4529152], [9.1417307, 45.4528947], [9.1419487, 45.4525243]], [[9.1399696, 45.4559205], [9.1400186, 45.4558307]], [[9.1409952, 45.4541852], [9.1410282, 45.4541219]], [[9.1418139, 45.4530854], [9.1416537, 45.4533616], [9.1415716, 45.4535028]], [[9.1401895, 45.4558802], [9.140135, 45.4559685]], [[9.14115, 45.4542294], [9.1411172, 45.4542857], [9.1409602, 45.4545564]], [[9.1408072, 45.4545039], [9.140843, 45.4544438], [9.1409464, 45.4542702], [9.1409608, 45.4542456], [9.1409952, 45.4541852]], [[9.1416558, 45.4530358], [9.1417186, 45.4529152]], [[9.1410282, 45.4541219], [9.1410369, 45.4541057], [9.1410473, 45.4540868], [9.141133, 45.4539323], [9.1414078, 45.4534602]], [[9.1414078, 45.4534602], [9.1414923, 45.4533166], [9.1414985, 45.4533065], [9.1416045, 45.4531249], [9.1416211, 45.4530963], [9.1416345, 45.4530729], [9.1416558, 45.4530358]], [[9.140135, 45.4559685], [9.1401074, 45.4560155], [9.1398588, 45.4564381], [9.1397532, 45.4566192]], [[9.1395673, 45.4565984], [9.1399406, 45.4559663], [9.1399696, 45.4559205]], [[9.138784, 45.4579445], [9.1395673, 45.4565984]], [[9.1372075, 45.4606854], [9.1378081, 45.459592], [9.1378504, 45.4595203]], [[9.1378504, 45.4595203], [9.1378987, 45.4594382], [9.1382789, 45.4588192]], [[9.138458, 45.4588664], [9.1383355, 45.4590678], [9.1381095, 45.4594394], [9.1380785, 45.4594903], [9.1380325, 45.4595708]], [[9.1380325, 45.4595708], [9.1380074, 45.4596131], [9.1379887, 45.4596444], [9.1379172, 45.4597635], [9.1377727, 45.4600105], [9.1373887, 45.4606671], [9.1373538, 45.4607344]], [[9.1397532, 45.4566192], [9.1393126, 45.4573804], [9.1389564, 45.4579958]], [[9.1389564, 45.4579958], [9.1389214, 45.4580569], [9.1385418, 45.4587201], [9.1385008, 45.4587917], [9.138458, 45.4588664]], [[9.1415716, 45.4535028], [9.1411888, 45.4541689]], [[9.141878, 45.4529748], [9.1418555, 45.4530136], [9.1418139, 45.4530854]], [[9.1411888, 45.4541689], [9.14115, 45.4542294]], [[9.1409602, 45.4545564], [9.140227, 45.4558197], [9.1401895, 45.4558802]], [[9.1421162, 45.4525645], [9.142104, 45.4525854], [9.1421015, 45.4525897], [9.1420966, 45.4525982], [9.1419907, 45.4527806], [9.1419088, 45.4529217], [9.141878, 45.4529748]], [[9.1382789, 45.4588192], [9.1383244, 45.4587405], [9.1384572, 45.4585005], [9.1384636, 45.4584884], [9.138784, 45.4579445]], [[9.1400186, 45.4558307], [9.1400517, 45.4557698], [9.1401363, 45.4556281], [9.1401524, 45.455601], [9.1408072, 45.4545039]]]}}, {"type": "Feature", "properties": {"id": "SS-MIL-1107", "nome": "Via Basilea", "quartiere": "", "classificazione": "rosso", "score": 4, "note": "strada secondaria trafficata", "ciclabile": "no", "n_corsie": "2", "senso_unico": "si", "n_testimonianze": "0", "zona": "B1"}, "geometry": {"type": "MultiLineString", "coordinates": [[[9.1144035, 45.4573082], [9.1142503, 45.457303]], [[9.1142503, 45.457303], [9.1142746, 45.457238]], [[9.1149527, 45.4557291], [9.1149387, 45.4558437], [9.1149324, 45.4558736], [9.1148595, 45.45611]], [[9.1143818, 45.4570906], [9.1144347, 45.4569976], [9.1146559, 45.4564319], [9.1146875, 45.4563511], [9.1147602, 45.4561163]], [[9.1148595, 45.45611], [9.1148019, 45.4562684], [9.1145263, 45.4570264], [9.1144487, 45.4571836], [9.1144343, 45.457213], [9.1144035, 45.4573082]], [[9.1147602, 45.4561163], [9.1148104, 45.4558428], [9.1148145, 45.4558067], [9.1148347, 45.4557037]], [[9.1142746, 45.457238], [9.1144035, 45.4573082]], [[9.1142746, 45.457238], [9.1143002, 45.457184], [9.1143818, 45.4570906]]]}}, {"type": "Feature", "properties": {"id": "SS-MIL-1113", "nome": "Via Beato Michele da Carcano", "quartiere": "", "classificazione": "giallo", "score": 3, "note": "strada urbana senza ciclabile", "ciclabile": "no", "n_corsie": "2", "senso_unico": "si", "n_testimonianze": "0", "zona": "B1"}, "geometry": {"type": "MultiLineString", "coordinates": [[[9.0926732, 45.460636], [9.0925566, 45.4599002], [9.0925188, 45.4598328], [9.0924697, 45.4597799], [9.0924397, 45.4597476]], [[9.0924397, 45.4597476], [9.0924774, 45.4597198], [9.0927908, 45.4592426], [9.0928584, 45.4591537], [9.0929128, 45.459082]]]}}, {"type": "Feature", "properties": {"id": "SS-MIL-1117", "nome": "Via Belfiore", "quartiere": "", "classificazione": "giallo", "score": 3, "note": "strada urbana senza ciclabile", "ciclabile": "no", "n_corsie": "2", "senso_unico": "si", "n_testimonianze": "0", "zona": "B1"}, "geometry": {"type": "MultiLineString", "coordinates": [[[9.1592, 45.466828], [9.1590896, 45.4668829], [9.1576508, 45.4675863]], [[9.1576508, 45.4675863], [9.1571504, 45.4678295], [9.1571132, 45.4678527], [9.1570829, 45.4678782], [9.1570237, 45.4679319]]]}}, {"type": "Feature", "properties": {"id": "SS-MIL-1124", "nome": "Via Benedetto Brin", "quartiere": "", "classificazione": "blu", "score": 2, "note": "accesso limitato (ZTL)", "ciclabile": "no", "n_corsie": "2", "senso_unico": "no", "n_testimonianze": "0", "zona": "B1"}, "geometry": {"type": "MultiLineString", "coordinates": [[[9.1519103, 45.4747469], [9.1520264, 45.4748215], [9.1523406, 45.4750235]], [[9.1523406, 45.4750235], [9.152719, 45.4752847], [9.1527526, 45.4753189], [9.1527659, 45.4753556], [9.1527694, 45.4753899], [9.1527699, 45.4753987], [9.1527713, 45.4754244]]]}}, {"type": "Feature", "properties": {"id": "SS-MIL-1125", "nome": "Via Benedetto Cacciatori", "quartiere": "", "classificazione": "giallo", "score": 3, "note": "strada urbana senza ciclabile", "ciclabile": "no", "n_corsie": "2", "senso_unico": "no", "n_testimonianze": "0", "zona": "B1"}, "geometry": {"type": "MultiLineString", "coordinates": [[[9.1091358, 45.4715258], [9.1092464, 45.471582], [9.1111274, 45.4718345]], [[9.1111274, 45.4718345], [9.1110807, 45.4720127]]]}}, {"type": "Feature", "properties": {"id": "SS-MIL-1127", "nome": "Via Benedetto Diotti", "quartiere": "", "classificazione": "giallo", "score": 3, "note": "strada urbana senza ciclabile", "ciclabile": "no", "n_corsie": "2", "senso_unico": "si", "n_testimonianze": "0", "zona": "B1"}, "geometry": {"type": "MultiLineString", "coordinates": [[[9.089604, 45.4693999], [9.089849, 45.4694293], [9.0903855, 45.469494]], [[9.089604, 45.4693999], [9.0893708, 45.4693422], [9.0878374, 45.4691479], [9.0872615, 45.4690749], [9.0866828, 45.4690016], [9.0863612, 45.4689608], [9.0861848, 45.4689198], [9.0860416, 45.4688691], [9.085882, 45.468795], [9.0854999, 45.4686152], [9.0852501, 45.4684826]], [[9.0852501, 45.4684826], [9.0846133, 45.4682548], [9.0845097, 45.4682154]]]}}, {"type": "Feature", "properties": {"id": "SS-MIL-1129", "nome": "Via Benedetto Menzini", "quartiere": "", "classificazione": "giallo", "score": 3, "note": "strada urbana senza ciclabile", "ciclabile": "no", "n_corsie": "2", "senso_unico": "no", "n_testimonianze": "0", "zona": "B1"}, "geometry": {"type": "LineString", "coordinates": [[9.1302127, 45.4630289], [9.1302169, 45.4630842], [9.1302194, 45.4631121], [9.1302912, 45.4640229], [9.130295, 45.4640721]]}}, {"type": "Feature", "properties": {"id": "SS-MIL-1134", "nome": "Via Benevento", "quartiere": "", "classificazione": "giallo", "score": 3, "note": "strada urbana senza ciclabile", "ciclabile": "no", "n_corsie": "2", "senso_unico": "si", "n_testimonianze": "0", "zona": "B1"}, "geometry": {"type": "LineString", "coordinates": [[9.1523, 45.4371833], [9.1522932, 45.437285], [9.1522155, 45.4384417], [9.1522206, 45.4385578]]}}, {"type": "Feature", "properties": {"id": "SS-MIL-1138", "nome": "Via Benjamin Constant", "quartiere": "", "classificazione": "giallo", "score": 3, "note": "strada urbana senza ciclabile", "ciclabile": "no", "n_corsie": "2", "senso_unico": "no", "n_testimonianze": "0", "zona": "B1"}, "geometry": {"type": "MultiLineString", "coordinates": [[[9.1113116, 45.4718589], [9.1114262, 45.4718694]], [[9.1114262, 45.4718694], [9.1115369, 45.4718808], [9.1119265, 45.4719209]], [[9.1131067, 45.4720237], [9.1136481, 45.4720694], [9.1137769, 45.4720811], [9.1139468, 45.4721146], [9.1140762, 45.4721514], [9.1141856, 45.4721999], [9.1146891, 45.4725464]], [[9.1119265, 45.4719209], [9.1120471, 45.4719323]], [[9.1120471, 45.4719323], [9.1131067, 45.4720237]]]}}, {"type": "Feature", "properties": {"id": "SS-MIL-1140", "nome": "Via Benozzo Gozzoli", "quartiere": "", "classificazione": "giallo", "score": 3, "note": "strada urbana senza ciclabile", "ciclabile": "no", "n_corsie": "2", "senso_unico": "no", "n_testimonianze": "0", "zona": "B1"}, "geometry": {"type": "MultiLineString", "coordinates": [[[9.0904088, 45.4571999], [9.0900596, 45.4578245]], [[9.0914703, 45.455523], [9.0915504, 45.4552419]], [[9.0925979, 45.4532913], [9.0925072, 45.4536028]], [[9.0914703, 45.455523], [9.0913318, 45.4557432], [9.0912544, 45.4558662]], [[9.0912544, 45.4558662], [9.0913323, 45.4560186], [9.0914072, 45.4562262]], [[9.0922918, 45.4541701], [9.0921974, 45.4543462]], [[9.0918312, 45.4543205], [9.0918743, 45.4542727], [9.0923402, 45.4536408], [9.0925979, 45.4532913]], [[9.0910978, 45.4561343], [9.0910237, 45.4562497], [9.0905273, 45.4570448], [9.090524, 45.4570486], [9.0905217, 45.4570531], [9.0904673, 45.4571141], [9.0904482, 45.4571472], [9.0904088, 45.4571999]], [[9.0966061, 45.4495367], [9.0964581, 45.4496846], [9.0961732, 45.4499861], [9.0960042, 45.4501656], [9.095989, 45.4501811], [9.0958902, 45.4502769], [9.095808, 45.4503567], [9.0953948, 45.4507578], [9.0951324, 45.4509575], [9.0948254, 45.4511603], [9.0946105, 45.4512987], [9.0942599, 45.4515245], [9.0938118, 45.4518132]], [[9.0970352, 45.4490907], [9.0969137, 45.4492151]], [[9.097403, 45.4487041], [9.0970352, 45.4490907]], [[9.0969137, 45.4492151], [9.096879, 45.4492514], [9.0968535, 45.4492781], [9.0966061, 45.4495367]], [[9.0984731, 45.4473805], [9.0983002, 45.4476619], [9.0982949, 45.4476699], [9.0982268, 45.4477722], [9.098225, 45.4477743], [9.0981429, 45.4479028]], [[9.0938118, 45.4518132], [9.093683, 45.4519116], [9.0934691, 45.4521095], [9.0933349, 45.4522765], [9.0932557, 45.4523752]], [[9.0932557, 45.4523752], [9.0931931, 45.4524613]], [[9.0912544, 45.4558662], [9.0911589, 45.4560297], [9.0911519, 45.4560409], [9.0910978, 45.4561343]], [[9.0915504, 45.4552419], [9.0916188, 45.4548537]], [[9.0917245, 45.4544826], [9.0918312, 45.4543205]], [[9.0921974, 45.4543462], [9.0921334, 45.4544845], [9.0920589, 45.4546231]], [[9.0916347, 45.4547635], [9.0916584, 45.4546835], [9.0916725, 45.4546301], [9.0917245, 45.4544826]], [[9.0920589, 45.4546231], [9.0916667, 45.4552366], [9.0916633, 45.4552406], [9.0915553, 45.4554253], [9.0914703, 45.455523]], [[9.0925072, 45.4536028], [9.0923498, 45.4540173], [9.0922918, 45.4541701]], [[9.0900596, 45.4578245], [9.0899055, 45.4580744], [9.0898842, 45.4581086], [9.08985, 45.4581623]], [[9.0931931, 45.4524613], [9.0931361, 45.452542], [9.0926628, 45.453201], [9.0925979, 45.4532913]], [[9.0981429, 45.4479028], [9.0978305, 45.4482442], [9.097403, 45.4487041]], [[9.0916188, 45.4548537], [9.0916347, 45.4547635]]]}}, {"type": "Feature", "properties": {"id": "SS-MIL-1147", "nome": "Via Berna", "quartiere": "", "classificazione": "rosso", "score": 4, "note": "strada secondaria trafficata", "ciclabile": "no", "n_corsie": "2", "senso_unico": "si", "n_testimonianze": "0", "zona": "B1"}, "geometry": {"type": "MultiLineString", "coordinates": [[[9.1247182, 45.4567166], [9.1246279, 45.4568904], [9.1245449, 45.4570776], [9.1246291, 45.4572591], [9.1242396, 45.4579811], [9.1242263, 45.4580057], [9.1241978, 45.4580585], [9.1241791, 45.4580933]], [[9.1262069, 45.458669], [9.1260989, 45.4586438], [9.1259439, 45.4586006], [9.1256065, 45.458469]], [[9.122182, 45.4575064], [9.1223617, 45.4575568]], [[9.1256065, 45.458469], [9.1258016, 45.4585005], [9.1260011, 45.4585328], [9.1260789, 45.4585521], [9.1261423, 45.4585681], [9.1262508, 45.4585969]], [[9.1256065, 45.458469], [9.1246682, 45.458222], [9.1241791, 45.4580933]], [[9.1241791, 45.4580933], [9.1231894, 45.4578314]], [[9.1223083, 45.4576538], [9.1221365, 45.4576079]], [[9.1223617, 45.4575568], [9.1225145, 45.4575964], [9.1225378, 45.4576035], [9.1230124, 45.4577468], [9.1231894, 45.4578314]], [[9.1231894, 45.4578314], [9.1229706, 45.4578248], [9.1225067, 45.4577065], [9.1224567, 45.4576949], [9.1223083, 45.4576538]]]}}, {"type": "Feature", "properties": {"id": "SS-MIL-1154", "nome": "Via Bernardino Ghiringhelli", "quartiere": "", "classificazione": "giallo", "score": 3, "note": "strada urbana senza ciclabile", "ciclabile": "no", "n_corsie": "2", "senso_unico": "si", "n_testimonianze": "0", "zona": "B1"}, "geometry": {"type": "LineString", "coordinates": [[9.087258, 45.4580023], [9.085566, 45.4578464], [9.0854712, 45.457827]]}}, {"type": "Feature", "properties": {"id": "SS-MIL-1163", "nome": "Via Bernardo Daddi", "quartiere": "", "classificazione": "giallo", "score": 3, "note": "strada urbana senza ciclabile", "ciclabile": "no", "n_corsie": "2", "senso_unico": "no", "n_testimonianze": "0", "zona": "B1"}, "geometry": {"type": "LineString", "coordinates": [[9.1345094, 45.4855804], [9.1341594, 45.484854]]}}, {"type": "Feature", "properties": {"id": "SS-MIL-1168", "nome": "Via Bernardo Zamagna", "quartiere": "", "classificazione": "giallo", "score": 3, "note": "strada urbana senza ciclabile", "ciclabile": "no", "n_corsie": "2", "senso_unico": "no", "n_testimonianze": "0", "zona": "B1"}, "geometry": {"type": "MultiLineString", "coordinates": [[[9.1349215, 45.4740248], [9.1333419, 45.4752216], [9.1332965, 45.4752415], [9.1332519, 45.4752549], [9.1331857, 45.4752699]], [[9.1349693, 45.473863], [9.135019, 45.4738258], [9.1356364, 45.4733551], [9.1356852, 45.473318], [9.1358289, 45.4732086]], [[9.1358289, 45.4732086], [9.1359093, 45.4731549], [9.1359775, 45.4731171]], [[9.1359775, 45.4731171], [9.1360371, 45.4730864], [9.1361122, 45.4730586], [9.1362264, 45.4730168], [9.136261, 45.4730027], [9.1362886, 45.472982], [9.1367957, 45.4725781], [9.136828, 45.4725395], [9.1368481, 45.4724987], [9.136867, 45.4724574]]]}}, {"type": "Feature", "properties": {"id": "SS-MIL-1177", "nome": "Via Bianca Ceva", "quartiere": "", "classificazione": "giallo", "score": 3, "note": "strada urbana senza ciclabile (1 corsie)", "ciclabile": "no", "n_corsie": "1", "senso_unico": "si", "n_testimonianze": "0", "zona": "B1"}, "geometry": {"type": "MultiLineString", "coordinates": [[[9.1150591, 45.4524858], [9.1151177, 45.4523841], [9.115147, 45.4523214], [9.1151844, 45.4522395], [9.1153394, 45.4519227], [9.1154618, 45.4516645], [9.1155569, 45.4514736], [9.1157782, 45.4510259], [9.1158956, 45.4507705], [9.116022, 45.4505205], [9.1160931, 45.4503744], [9.1162455, 45.4500585], [9.1163478, 45.4498487], [9.1165785, 45.4493684], [9.1166245, 45.4492659], [9.1167079, 45.4490977], [9.1167372, 45.4490385], [9.1167482, 45.4490163], [9.1167584, 45.4489761], [9.1167487, 45.4488646], [9.1167528, 45.4488252], [9.1167749, 45.4487888], [9.1168125, 45.4487594], [9.1168616, 45.44874], [9.116917, 45.4487329], [9.1169732, 45.4487389], [9.1170228, 45.4487568], [9.1170622, 45.4487858], [9.117086, 45.4488222], [9.1170915, 45.448862], [9.117078, 45.4489009], [9.1170472, 45.4489346], [9.1169319, 45.4490169], [9.1168911, 45.4490596], [9.116884, 45.4490738], [9.1168503, 45.4491414], [9.1164742, 45.4498952], [9.1164401, 45.4499635], [9.1162512, 45.450342]], [[9.1162512, 45.450342], [9.1161264, 45.4505992]], [[9.1161264, 45.4505992], [9.1160788, 45.4506971], [9.1160252, 45.4508076], [9.1156271, 45.4516274], [9.1156017, 45.4516797], [9.1155956, 45.4516923], [9.1155314, 45.4518245], [9.115522, 45.4518438], [9.1154685, 45.451954], [9.1153997, 45.4520957], [9.1153645, 45.4521682], [9.1152455, 45.4524133], [9.1152138, 45.4524787], [9.115194, 45.4525194]], [[9.1143402, 45.4532799], [9.1144931, 45.4532797], [9.1145606, 45.4532744], [9.1145979, 45.4532589], [9.1146259, 45.4532473], [9.1147062, 45.4532106], [9.1148102, 45.4530098]], [[9.1148102, 45.4530098], [9.1148491, 45.4529302], [9.1150346, 45.4525414], [9.1150591, 45.4524858]], [[9.115194, 45.4525194], [9.115168, 45.4525728], [9.1149387, 45.4530456]], [[9.1149387, 45.4530456], [9.1148404, 45.4532481], [9.1148238, 45.4533241], [9.1148257, 45.4533472], [9.114856, 45.4534343], [9.1149377, 45.4535292]]]}}, {"type": "Feature", "properties": {"id": "SS-MIL-1178", "nome": "Via Bianca Milesi", "quartiere": "", "classificazione": "giallo", "score": 3, "note": "strada urbana senza ciclabile", "ciclabile": "no", "n_corsie": "2", "senso_unico": "si", "n_testimonianze": "0", "zona": "B1"}, "geometry": {"type": "MultiLineString", "coordinates": [[[9.103307, 45.4593836], [9.1033086, 45.4594097], [9.1033084, 45.459437], [9.1033028, 45.4595065], [9.1032752, 45.4595797]], [[9.1029793, 45.4592363], [9.103028, 45.459276], [9.1030872, 45.4592989], [9.1032366, 45.4593302], [9.1032745, 45.4593515], [9.103307, 45.4593836]], [[9.1032752, 45.4595797], [9.1030862, 45.4599948], [9.1029531, 45.4602501], [9.1029014, 45.4603497], [9.1028656, 45.4605799], [9.1028531, 45.4606838]], [[9.1028531, 45.4606838], [9.1028432, 45.4607942]], [[9.1032752, 45.4595797], [9.1032568, 45.4594929], [9.1032317, 45.4594467], [9.1032002, 45.4594126], [9.1031937, 45.4594056], [9.1031279, 45.4593648]], [[9.1028432, 45.4607942], [9.1028379, 45.4608646], [9.1027877, 45.4615367]], [[9.1026954, 45.4616699], [9.1025512, 45.4617813]], [[9.1027877, 45.4615367], [9.1027595, 45.4615954], [9.1027231, 45.4616442], [9.1026954, 45.4616699]]]}}, {"type": "Feature", "properties": {"id": "SS-MIL-1181", "nome": "Via Biella", "quartiere": "", "classificazione": "giallo", "score": 3, "note": "strada urbana senza ciclabile (2 corsie)", "ciclabile": "no", "n_corsie": "2", "senso_unico": "no", "n_testimonianze": "0", "zona": "B1"}, "geometry": {"type": "MultiLineString", "coordinates": [[[9.155323, 45.4386734], [9.1551704, 45.4382386], [9.1551087, 45.4380628], [9.1550952, 45.438023]], [[9.1555268, 45.4392867], [9.155524, 45.4392195], [9.1554809, 45.4391025], [9.155323, 45.4386734]], [[9.1551054, 45.440461], [9.155247, 45.4403482], [9.155285, 45.440308], [9.1553209, 45.4402488], [9.1553408, 45.4401913], [9.155486, 45.4395039], [9.1555097, 45.4393877], [9.1555268, 45.4392867]]]}}, {"type": "Feature", "properties": {"id": "SS-MIL-1185", "nome": "Via Bisceglie", "quartiere": "", "classificazione": "rosso", "score": 4, "note": "strada secondaria trafficata", "ciclabile": "no", "n_corsie": "2", "senso_unico": "si", "n_testimonianze": "0", "zona": "B1"}, "geometry": {"type": "MultiLineString", "coordinates": [[[9.1148347, 45.4557037], [9.1148493, 45.4556481], [9.1148704, 45.4555711]], [[9.1214662, 45.4458495], [9.121461, 45.4460261], [9.1214535, 45.4460775], [9.1214383, 45.4461398], [9.1208227, 45.447039], [9.1207882, 45.4470888], [9.1207634, 45.4471214], [9.1206962, 45.4472091]], [[9.1194872, 45.4486808], [9.1196121, 45.4487106], [9.11964, 45.4487172], [9.11986, 45.4487697]], [[9.1187071, 45.4510751], [9.1185675, 45.451042]], [[9.1149568, 45.455147], [9.1149792, 45.4550905], [9.1151197, 45.4547375], [9.1151421, 45.4546811], [9.1152315, 45.4544565], [9.115318, 45.4542392]], [[9.1218526, 45.4452967], [9.1217737, 45.4454095]], [[9.1194872, 45.4486808], [9.1193974, 45.4488141], [9.1192517, 45.4490201], [9.119171, 45.4491317], [9.1190782, 45.449291], [9.1190497, 45.4493984], [9.1189688, 45.4498314], [9.1188777, 45.4504877], [9.1188575, 45.4505891]], [[9.1217737, 45.4454095], [9.1217132, 45.4454978], [9.1215737, 45.4456957]], [[9.1157474, 45.4538923], [9.1156763, 45.4539781], [9.115656, 45.4540026], [9.1153125, 45.4545054], [9.1152275, 45.4547017], [9.1151104, 45.455166]], [[9.1193558, 45.448643], [9.1194218, 45.4485494], [9.1194407, 45.4485217], [9.1198813, 45.4478927], [9.1199379, 45.447812], [9.1202883, 45.4473118], [9.1203218, 45.447264], [9.1203419, 45.4472353], [9.1204133, 45.4471333]], [[9.1157264, 45.4537622], [9.1158127, 45.4536764], [9.1162342, 45.4532521], [9.1169597, 45.45258], [9.1173626, 45.4522068], [9.1174366, 45.4521385], [9.1176124, 45.451971], [9.1184118, 45.4512349], [9.1184995, 45.4511371], [9.1185028, 45.4511325], [9.1185675, 45.451042]], [[9.115318, 45.4542392], [9.1155101, 45.4539974], [9.1155356, 45.4539621], [9.1155609, 45.453936], [9.1156335, 45.4538614]], [[9.1158351, 45.4538017], [9.1157474, 45.4538923]], [[9.1216439, 45.4453767], [9.1217234, 45.4452622]], [[9.1185675, 45.451042], [9.1185978, 45.4509935], [9.1186474, 45.4509036], [9.118696, 45.4507744], [9.1187506, 45.4503677], [9.1188455, 45.4498777], [9.1189283, 45.4493774], [9.1189577, 45.4492778], [9.1191453, 45.448937], [9.119252, 45.4487815], [9.1193558, 45.448643]], [[9.1204133, 45.4471333], [9.1204694, 45.4470555], [9.120487, 45.4470309], [9.1205797, 45.4468983], [9.1211419, 45.446094], [9.121398, 45.4457277]], [[9.1199731, 45.448594], [9.1199517, 45.4486831], [9.11986, 45.4487697]], [[9.121398, 45.4457277], [9.1215869, 45.4454592], [9.1216439, 45.4453767]], [[9.1214662, 45.4458495], [9.1206148, 45.4470713], [9.120595, 45.4470987], [9.120544, 45.4471689]], [[9.120544, 45.4471689], [9.1204727, 45.4472792], [9.1204554, 45.4473062], [9.1202149, 45.4476474], [9.1195688, 45.4485642], [9.1195521, 45.4485886], [9.1194872, 45.4486808]], [[9.1187071, 45.4510751], [9.1185992, 45.4512153], [9.1175906, 45.4521439], [9.1175196, 45.4522094], [9.1173607, 45.4523556], [9.1173301, 45.4523838], [9.1163337, 45.4533277]], [[9.1206962, 45.4472091], [9.1206456, 45.4473234], [9.1206406, 45.4473506], [9.1206254, 45.4474321], [9.1198607, 45.4484782], [9.1198831, 45.4485263], [9.11989, 45.4485396], [9.1199731, 45.448594]], [[9.1215737, 45.4456957], [9.1214662, 45.4458495]], [[9.1156335, 45.4538614], [9.1157264, 45.4537622]], [[9.1149946, 45.4555963], [9.1149696, 45.4556759], [9.1149527, 45.4557291]], [[9.1151104, 45.455166], [9.1150427, 45.4554071], [9.1150339, 45.455441], [9.1150255, 45.455473], [9.1149946, 45.4555963]], [[9.1148704, 45.4555711], [9.1149004, 45.455443], [9.1149061, 45.4554156], [9.1149568, 45.455147]], [[9.1229677, 45.444144], [9.1230032, 45.4440982], [9.1230589, 45.4440338], [9.12308, 45.444005]], [[9.1196747, 45.4486671], [9.11964, 45.4487172], [9.1195994, 45.448779]], [[9.1163337, 45.4533277], [9.1159727, 45.4536696], [9.1159173, 45.453723], [9.1158351, 45.4538017]], [[9.1188575, 45.4505891], [9.1188184, 45.450785], [9.1187314, 45.4510301], [9.1187071, 45.4510751]]]}}, {"type": "Feature", "properties": {"id": "SS-MIL-1195", "nome": "Via Bonaventura Broggini", "quartiere": "", "classificazione": "giallo", "score": 3, "note": "strada urbana senza ciclabile", "ciclabile": "no", "n_corsie": "2", "senso_unico": "no", "n_testimonianze": "0", "zona": "B1"}, "geometry": {"type": "MultiLineString", "coordinates": [[[9.0923897, 45.4637283], [9.0924527, 45.463749], [9.0931653, 45.4640026]], [[9.0936773, 45.4641862], [9.0937701, 45.464233], [9.0940541, 45.4643884]], [[9.0939661, 45.4644894], [9.0936773, 45.4641862]], [[9.0940541, 45.4643884], [9.0946207, 45.4646871]], [[9.0931653, 45.4640026], [9.0936773, 45.4641862]], [[9.0946207, 45.4646871], [9.0948781, 45.4648267], [9.0951918, 45.4649967]]]}}, {"type": "Feature", "properties": {"id": "SS-MIL-1197", "nome": "Via Bonaventura Zumbini", "quartiere": "", "classificazione": "giallo", "score": 3, "note": "strada urbana senza ciclabile", "ciclabile": "no", "n_corsie": "2", "senso_unico": "no", "n_testimonianze": "0", "zona": "B1"}, "geometry": {"type": "MultiLineString", "coordinates": [[[9.157124, 45.4410031], [9.1570225, 45.4409752], [9.1559884, 45.4406961], [9.1553047, 45.440492], [9.1552079, 45.4404701], [9.1551054, 45.440461]], [[9.1590375, 45.441512], [9.1584709, 45.4413642], [9.157124, 45.4410031]], [[9.1601123, 45.4418012], [9.160035, 45.4417806], [9.1599855, 45.4417671], [9.1591319, 45.4415374], [9.1590375, 45.441512]]]}}, {"type": "Feature", "properties": {"id": "SS-MIL-1226", "nome": "Via Brentonico", "quartiere": "", "classificazione": "giallo", "score": 3, "note": "strada urbana senza ciclabile", "ciclabile": "no", "n_corsie": "2", "senso_unico": "no", "n_testimonianze": "0", "zona": "B1"}, "geometry": {"type": "LineString", "coordinates": [[9.1420715, 45.4867064], [9.1406667, 45.4861226], [9.1406029, 45.4860856], [9.1405534, 45.4860443], [9.140508, 45.48599], [9.1404765, 45.4859348], [9.140466, 45.4859176], [9.1404466, 45.4858842]]}}, {"type": "Feature", "properties": {"id": "SS-MIL-1247", "nome": "Via Buccinasco", "quartiere": "", "classificazione": "rosso", "score": 4, "note": "strada secondaria trafficata", "ciclabile": "no", "n_corsie": "2", "senso_unico": "si", "n_testimonianze": "0", "zona": "B1"}, "geometry": {"type": "MultiLineString", "coordinates": [[[9.125791, 45.437135], [9.1256975, 45.437031], [9.1255358, 45.4368927], [9.1246111, 45.4363365], [9.1242036, 45.4360914], [9.1240565, 45.4360029]], [[9.1263068, 45.4371513], [9.1263797, 45.4372229], [9.1264307, 45.4372699], [9.1268024, 45.4374885], [9.126817, 45.4374972], [9.1271903, 45.4376991], [9.1272942, 45.4377528]], [[9.127246, 45.4378744], [9.1271314, 45.4378122], [9.1267108, 45.4375762], [9.1263219, 45.4373598], [9.1262495, 45.4373259], [9.1261604, 45.4372951]], [[9.1252183, 45.4322993], [9.1248863, 45.4329031], [9.1240612, 45.434397], [9.1237915, 45.4348723]], [[9.1217756, 45.4346098], [9.1219314, 45.4346678], [9.1223048, 45.434847], [9.1225781, 45.4350134], [9.1225877, 45.4350194], [9.1229653, 45.4352297], [9.1229768, 45.4352364], [9.1231047, 45.4353106], [9.1231906, 45.4353351], [9.123271, 45.4353483], [9.1233692, 45.4353449]], [[9.1235858, 45.4354296], [9.1236439, 45.4355252], [9.1237243, 45.4356306], [9.123837, 45.4357209], [9.1241674, 45.4359107]], [[9.1235858, 45.4354296], [9.1235874, 45.4354413], [9.1235863, 45.4354545], [9.1235828, 45.4354676], [9.123577, 45.4354803], [9.123569, 45.4354924], [9.123559, 45.4355037], [9.123547, 45.435514], [9.1235333, 45.4355232], [9.1235181, 45.4355312], [9.1235016, 45.4355377], [9.123484, 45.4355428], [9.1234657, 45.4355463], [9.1234474, 45.4355481]], [[9.1237915, 45.4348723], [9.1236336, 45.4352097], [9.1236318, 45.435219], [9.1236175, 45.4352735], [9.12358, 45.4354085]], [[9.1233993, 45.4353373], [9.1234233, 45.4352906], [9.1234937, 45.4352184], [9.1236102, 45.4351012], [9.1237915, 45.4348723]], [[9.1233035, 45.4354959], [9.1231879, 45.4354593], [9.1230833, 45.435416], [9.1228946, 45.4353056], [9.1228825, 45.4352985], [9.122349, 45.4349928], [9.1218529, 45.434738], [9.121717, 45.4346782]], [[9.1240565, 45.4360029], [9.1236546, 45.435768], [9.1235554, 45.4356871], [9.1234937, 45.4356268], [9.1234682, 45.4355935], [9.1234474, 45.4355481]], [[9.1234474, 45.4355481], [9.123428, 45.4355484], [9.1234091, 45.435547], [9.1233906, 45.4355439], [9.1233728, 45.4355393], [9.123356, 45.4355331], [9.1233404, 45.4355255], [9.1233263, 45.4355167], [9.1233138, 45.4355066], [9.1233035, 45.4354959]], [[9.1233035, 45.4354959], [9.1232946, 45.4354837], [9.1232883, 45.4354712], [9.1232841, 45.4354582], [9.1232823, 45.4354449], [9.1232829, 45.4354316], [9.1232858, 45.4354184], [9.123291, 45.4354056], [9.1232985, 45.4353934], [9.123308, 45.4353819], [9.1233195, 45.4353713], [9.1233328, 45.4353618], [9.1233477, 45.4353535], [9.1233692, 45.4353449]], [[9.1233692, 45.4353449], [9.1233812, 45.4353412], [9.1233993, 45.4353373], [9.123418, 45.435335], [9.123437, 45.4353344], [9.1234559, 45.4353354], [9.1234745, 45.435338], [9.1234925, 45.4353423], [9.1235095, 45.4353481], [9.1235255, 45.4353553], [9.12354, 45.4353638], [9.1235529, 45.4353736], [9.123564, 45.4353844], [9.1235731, 45.4353961], [9.12358, 45.4354085], [9.1235847, 45.4354214], [9.1235858, 45.4354296]], [[9.121502, 45.4345264], [9.1215412, 45.4345376], [9.1217756, 45.4346098]], [[9.121717, 45.4346782], [9.1214484, 45.4346002], [9.1213749, 45.4345805]], [[9.1258495, 45.4311438], [9.1256641, 45.4314532]], [[9.1256641, 45.4314532], [9.1252183, 45.4322993]], [[9.1258939, 45.4310745], [9.1258495, 45.4311438]], [[9.1241674, 45.4359107], [9.1243204, 45.4359948], [9.1244768, 45.4360884], [9.1257092, 45.4368257], [9.1258138, 45.4368747], [9.1259291, 45.4369161], [9.1260855, 45.4369491]]]}}, {"type": "Feature", "properties": {"id": "SS-MIL-1248", "nome": "Via Budrio", "quartiere": "", "classificazione": "giallo", "score": 3, "note": "strada urbana senza ciclabile", "ciclabile": "no", "n_corsie": "2", "senso_unico": "si", "n_testimonianze": "0", "zona": "B1"}, "geometry": {"type": "MultiLineString", "coordinates": [[[9.084901, 45.4675776], [9.0848368, 45.4675576], [9.083516, 45.4671556], [9.0834099, 45.4671233]], [[9.0834099, 45.4671233], [9.0833255, 45.4670987], [9.082491, 45.4668485], [9.0824348, 45.4668318], [9.0822019, 45.4667626], [9.0821153, 45.4667474], [9.0820288, 45.4667492], [9.081938, 45.4667688], [9.0816429, 45.4668795], [9.0815477, 45.4668948], [9.0814576, 45.4668932], [9.0814, 45.4668855], [9.0813678, 45.4668812], [9.0801758, 45.466603], [9.0793905, 45.4664492], [9.0792959, 45.4664307]]]}}, {"type": "Feature", "properties": {"id": "SS-MIL-1255", "nome": "Via Caccialepori", "quartiere": "", "classificazione": "giallo", "score": 3, "note": "strada urbana senza ciclabile", "ciclabile": "no", "n_corsie": "2", "senso_unico": "si", "n_testimonianze": "0", "zona": "B1"}, "geometry": {"type": "MultiLineString", "coordinates": [[[9.1441732, 45.467135], [9.1441639, 45.4671585], [9.1441351, 45.4672318], [9.1436599, 45.4680852], [9.1432459, 45.4688483], [9.1431926, 45.4689393], [9.1431596, 45.4690041]], [[9.1431596, 45.4690041], [9.1431125, 45.4691312]], [[9.1422706, 45.470676], [9.1417792, 45.4715653], [9.1417462, 45.4716135], [9.1417078, 45.4716515]], [[9.1430653, 45.4692587], [9.1430371, 45.4693265], [9.1423701, 45.4704883], [9.1423203, 45.4705816]], [[9.1423203, 45.4705816], [9.1423019, 45.4706139], [9.1422706, 45.470676]], [[9.1431125, 45.4691312], [9.1430653, 45.4692587]]]}}, {"type": "Feature", "properties": {"id": "SS-MIL-1256", "nome": "Via Cacciatori delle Alpi", "quartiere": "", "classificazione": "giallo", "score": 3, "note": "strada urbana senza ciclabile", "ciclabile": "no", "n_corsie": "2", "senso_unico": "si", "n_testimonianze": "0", "zona": "B1"}, "geometry": {"type": "MultiLineString", "coordinates": [[[9.0726111, 45.4640024], [9.0729856, 45.4641], [9.0733445, 45.4641932], [9.0736083, 45.4642823], [9.0737195, 45.4643183], [9.0746948, 45.464648], [9.0747496, 45.4646637]], [[9.0726111, 45.4640024], [9.0720597, 45.4638428]]]}}, {"type": "Feature", "properties": {"id": "SS-MIL-1264", "nome": "Via Caio Mario", "quartiere": "", "classificazione": "giallo", "score": 3, "note": "strada urbana senza ciclabile", "ciclabile": "no", "n_corsie": "2", "senso_unico": "si", "n_testimonianze": "0", "zona": "B1"}, "geometry": {"type": "MultiLineString", "coordinates": [[[9.0890489, 45.476351], [9.0890034, 45.476324], [9.0889117, 45.4762698], [9.0888297, 45.4762158], [9.0885602, 45.4760385]], [[9.0869165, 45.4795986], [9.0863025, 45.4807849], [9.0859754, 45.4815398]], [[9.0874429, 45.4780485], [9.0874112, 45.4781293], [9.0873687, 45.4781841]], [[9.0873687, 45.4781841], [9.0873183, 45.4781057], [9.087261, 45.4779948]], [[9.0876494, 45.4780898], [9.0875246, 45.4781285], [9.0874852, 45.4781481], [9.0873687, 45.4781841]], [[9.0873687, 45.4781841], [9.0872641, 45.4783133], [9.087181, 45.4784439], [9.0871411, 45.4785625], [9.0871013, 45.4788914], [9.0870566, 45.479278], [9.0869627, 45.4794018], [9.0869577, 45.4794266]], [[9.0886203, 45.4767913], [9.088586, 45.4768308], [9.0883848, 45.4770624]], [[9.0869577, 45.4794266], [9.0869165, 45.4795986]], [[9.0857949, 45.4819548], [9.0857122, 45.4819963], [9.0845619, 45.4822131], [9.0844076, 45.482287], [9.0843413, 45.482351], [9.0842765, 45.4824877], [9.0842304, 45.4827241], [9.0842183, 45.4830565], [9.0842427, 45.4840066], [9.0843221, 45.4843213], [9.0844299, 45.4844845], [9.0844511, 45.4845118], [9.0844761, 45.4845441]], [[9.0859754, 45.4815398], [9.0858547, 45.4818818], [9.0858252, 45.4819281], [9.0857949, 45.4819548]], [[9.0844761, 45.4845441], [9.0845472, 45.4846432]], [[9.0883848, 45.4770624], [9.0881226, 45.4773658], [9.0880045, 45.4774976], [9.0877707, 45.4773988]], [[9.0894235, 45.4765376], [9.0893173, 45.4764821], [9.0890489, 45.476351]]]}}, {"type": "Feature", "properties": {"id": "SS-MIL-1268", "nome": "Via Caldera", "quartiere": "", "classificazione": "giallo", "score": 3, "note": "strada urbana senza ciclabile", "ciclabile": "no", "n_corsie": "2", "senso_unico": "no", "n_testimonianze": "0", "zona": "B1"}, "geometry": {"type": "MultiLineString", "coordinates": [[[9.0996241, 45.4771556], [9.100051, 45.4773362], [9.1013364, 45.4778979], [9.1017947, 45.4781024], [9.1018871, 45.4781436], [9.1019746, 45.4781919], [9.1020538, 45.4782356], [9.1021812, 45.4783357], [9.1022799, 45.4784452], [9.102418, 45.4786579], [9.1026003, 45.4789389], [9.1028403, 45.4793087], [9.1028701, 45.479354], [9.102896, 45.4793992], [9.1029115, 45.4794332]], [[9.094903, 45.4760484], [9.093961, 45.4759395]], [[9.093961, 45.4759395], [9.0935136, 45.4758895]], [[9.0935136, 45.4758895], [9.0926248, 45.475787], [9.0924153, 45.4757628], [9.0922808, 45.4757472], [9.0916777, 45.4756774], [9.0916249, 45.4756724]], [[9.0996241, 45.4771556], [9.0996106, 45.47715], [9.0995548, 45.4771269], [9.0978998, 45.4764222], [9.097814, 45.4763996], [9.0977067, 45.4763789], [9.0974312, 45.4763441], [9.0971987, 45.4763148], [9.0969336, 45.4762846], [9.0963313, 45.4762159], [9.096282, 45.4762095], [9.094903, 45.4760484]], [[9.0916249, 45.4756724], [9.091479, 45.4756494], [9.091369, 45.475625], [9.0910499, 45.4755178], [9.0908916, 45.4754595], [9.0907692, 45.4754017], [9.0906364, 45.4753258]], [[9.0888073, 45.4754692], [9.0891535, 45.475247], [9.0892229, 45.475194], [9.0893198, 45.475104], [9.0893923, 45.4750532], [9.0896712, 45.4749528], [9.0897234, 45.4749402], [9.0897785, 45.4749347], [9.0898408, 45.4749415], [9.0898961, 45.4749533], [9.0900436, 45.4750003], [9.0903418, 45.4751567], [9.0905739, 45.4752881], [9.0906364, 45.4753258]]]}}, {"type": "Feature", "properties": {"id": "SS-MIL-1279", "nome": "Via Camillo Giussani", "quartiere": "", "classificazione": "giallo", "score": 3, "note": "strada urbana senza ciclabile", "ciclabile": "no", "n_corsie": "2", "senso_unico": "no", "n_testimonianze": "0", "zona": "B1"}, "geometry": {"type": "MultiLineString", "coordinates": [[[9.1369723, 45.4401161], [9.1370405, 45.4400979], [9.1371205, 45.4400918], [9.1371823, 45.4400968], [9.1376644, 45.4402405]], [[9.1378877, 45.4403097], [9.1383641, 45.4404515]], [[9.1403059, 45.4410308], [9.140667, 45.4411394], [9.140696, 45.441148], [9.1407589, 45.4411667]], [[9.1383641, 45.4404515], [9.138483, 45.4404871]], [[9.1399108, 45.4409129], [9.1400707, 45.4409606]], [[9.1400707, 45.4409606], [9.1403059, 45.4410308]], [[9.138483, 45.4404871], [9.1397673, 45.4408701], [9.1398271, 45.4408879], [9.1399108, 45.4409129]], [[9.1376644, 45.4402405], [9.1377903, 45.440278], [9.1378877, 45.4403097]]]}}, {"type": "Feature", "properties": {"id": "SS-MIL-1297", "nome": "Via Cantello", "quartiere": "", "classificazione": "giallo", "score": 3, "note": "strada urbana senza ciclabile", "ciclabile": "no", "n_corsie": "2", "senso_unico": "si", "n_testimonianze": "0", "zona": "B1"}, "geometry": {"type": "MultiLineString", "coordinates": [[[9.0893127, 45.4582323], [9.0892308, 45.4581892], [9.088776, 45.4579062], [9.0883645, 45.4576523]], [[9.0883645, 45.4576523], [9.0882648, 45.4575917], [9.0880268, 45.4574471]], [[9.0880268, 45.4574471], [9.0879899, 45.457423], [9.0878746, 45.4573513]]]}}, {"type": "Feature", "properties": {"id": "SS-MIL-1300", "nome": "Via Capo Palinuro", "quartiere": "", "classificazione": "giallo", "score": 3, "note": "strada urbana senza ciclabile", "ciclabile": "no", "n_corsie": "2", "senso_unico": "no", "n_testimonianze": "0", "zona": "B1"}, "geometry": {"type": "MultiLineString", "coordinates": [[[9.1527196, 45.4388769], [9.1526307, 45.4388176], [9.152479, 45.4387217], [9.1522206, 45.4385578]], [[9.1522206, 45.4385578], [9.1511252, 45.4385173], [9.1506275, 45.438499], [9.1506035, 45.4384979], [9.1505402, 45.4384948]]]}}, {"type": "Feature", "properties": {"id": "SS-MIL-1306", "nome": "Via Capri", "quartiere": "", "classificazione": "giallo", "score": 3, "note": "strada urbana senza ciclabile", "ciclabile": "no", "n_corsie": "2", "senso_unico": "no", "n_testimonianze": "0", "zona": "B1"}, "geometry": {"type": "MultiLineString", "coordinates": [[[9.0911277, 45.4669158], [9.0911752, 45.4669307], [9.0921977, 45.467247]], [[9.0921977, 45.467247], [9.093112, 45.4675066]], [[9.093112, 45.4675066], [9.0935727, 45.4676424], [9.0936408, 45.4676996], [9.0936664, 45.467739], [9.0936753, 45.4677757], [9.0936779, 45.467798]], [[9.0921977, 45.467247], [9.0919571, 45.4676042], [9.0919554, 45.4676087], [9.091971, 45.4676229], [9.0919714, 45.4676275], [9.091724, 45.4680057], [9.0917353, 45.4680119], [9.0917679, 45.468035], [9.0924985, 45.4682624]]]}}, {"type": "Feature", "properties": {"id": "SS-MIL-1317", "nome": "Via Cardinale Tosi", "quartiere": "", "classificazione": "giallo", "score": 3, "note": "strada urbana senza ciclabile", "ciclabile": "no", "n_corsie": "2", "senso_unico": "si", "n_testimonianze": "0", "zona": "B1"}, "geometry": {"type": "MultiLineString", "coordinates": [[[9.1130483, 45.4659806], [9.1131226, 45.4660005]], [[9.1133874, 45.4660829], [9.1130972, 45.4660628]], [[9.1170263, 45.4667821], [9.116584, 45.4666982]], [[9.1174637, 45.4669427], [9.117365, 45.4668939], [9.1171923, 45.4668551]], [[9.1170263, 45.4667821], [9.117219, 45.466809]], [[9.1177455, 45.4670377], [9.1177036, 45.4670548], [9.1176476, 45.4670659], [9.1176016, 45.4670647], [9.1175593, 45.4670538]], [[9.1171923, 45.4668551], [9.1170263, 45.4667821]], [[9.117219, 45.466809], [9.1174153, 45.4668299], [9.1175169, 45.4668376], [9.1175644, 45.4668412]], [[9.1174637, 45.4669427], [9.1174786, 45.4669003], [9.1175115, 45.4668667], [9.1175644, 45.4668412]], [[9.116584, 45.4666982], [9.1146919, 45.466334]], [[9.1175593, 45.4670538], [9.117547, 45.4670507], [9.1175025, 45.4670244], [9.1174707, 45.4669832], [9.1174637, 45.4669427]], [[9.1175644, 45.4668412], [9.117621, 45.4668318], [9.117694, 45.4668403], [9.1177433, 45.466862], [9.117783, 45.4668998]], [[9.1131226, 45.4660005], [9.1133874, 45.4660829]], [[9.1146919, 45.466334], [9.1135264, 45.4661097]], [[9.1130972, 45.4660628], [9.1130416, 45.4660567], [9.113008, 45.466053]], [[9.1135264, 45.4661097], [9.1133874, 45.4660829]], [[9.117783, 45.4668998], [9.1177978, 45.4669392], [9.1177889, 45.466988], [9.1177576, 45.4670239], [9.1177455, 45.4670377]]]}}, {"type": "Feature", "properties": {"id": "SS-MIL-1322", "nome": "Via Carlo Antonio Carlone", "quartiere": "", "classificazione": "giallo", "score": 3, "note": "strada urbana senza ciclabile (1 corsie)", "ciclabile": "no", "n_corsie": "1", "senso_unico": "si", "n_testimonianze": "0", "zona": "B1"}, "geometry": {"type": "MultiLineString", "coordinates": [[[9.1337543, 45.4618828], [9.1337527, 45.4618173], [9.1337158, 45.4609651], [9.1337185, 45.4609273], [9.1337305, 45.4608926], [9.1338115, 45.4607378], [9.13382, 45.4607194], [9.1338446, 45.4606689], [9.1338664, 45.4606262]], [[9.1337543, 45.4618828], [9.1337538, 45.4619309], [9.1337679, 45.4622161], [9.133775, 45.4622484], [9.1337876, 45.4622708], [9.1339789, 45.4625148], [9.1340347, 45.462584]]]}}, {"type": "Feature", "properties": {"id": "SS-MIL-1345", "nome": "Via Carlo Dolci", "quartiere": "", "classificazione": "giallo", "score": 3, "note": "strada urbana senza ciclabile", "ciclabile": "no", "n_corsie": "2", "senso_unico": "si", "n_testimonianze": "0", "zona": "B1"}, "geometry": {"type": "MultiLineString", "coordinates": [[[9.1442549, 45.4715545], [9.144133, 45.4715441], [9.144011, 45.4715467], [9.1439345, 45.4715616], [9.1438813, 45.4715798], [9.1438323, 45.4716107], [9.1429107, 45.4723074], [9.1428136, 45.4723816]], [[9.1428136, 45.4723816], [9.1427265, 45.4724576], [9.1417905, 45.4731786]], [[9.1426947, 45.4723047], [9.1427854, 45.4722306], [9.1436828, 45.4715731], [9.1438578, 45.471438], [9.1439302, 45.4713586], [9.1440109, 45.471282]], [[9.1408573, 45.4737026], [9.1409232, 45.4736522], [9.1416652, 45.4730842]], [[9.140961, 45.4738073], [9.1406314, 45.4740642], [9.1405366, 45.4741347]], [[9.1420931, 45.4727602], [9.1424348, 45.4725015], [9.1425993, 45.4723769], [9.1426947, 45.4723047]], [[9.1417905, 45.4731786], [9.1414479, 45.4734425]], [[9.1414479, 45.4734425], [9.1410548, 45.473735], [9.140961, 45.4738073]], [[9.1416652, 45.4730842], [9.1420931, 45.4727602]]]}}, {"type": "Feature", "properties": {"id": "SS-MIL-1353", "nome": "Via Carlo Fornara", "quartiere": "", "classificazione": "giallo", "score": 3, "note": "strada urbana senza ciclabile", "ciclabile": "no", "n_corsie": "2", "senso_unico": "si", "n_testimonianze": "0", "zona": "B1"}, "geometry": {"type": "LineString", "coordinates": [[9.131825, 45.4600945], [9.1317849, 45.4601853], [9.1317748, 45.4602079], [9.1317693, 45.4602193], [9.1316096, 45.4605437], [9.1315677, 45.460648], [9.1314883, 45.4608694], [9.1313161, 45.4611993], [9.1312916, 45.4612417]]}}, {"type": "Feature", "properties": {"id": "SS-MIL-1357", "nome": "Via Carlo Goldoni", "quartiere": "", "classificazione": "giallo", "score": 3, "note": "strada urbana senza ciclabile", "ciclabile": "no", "n_corsie": "2", "senso_unico": "si", "n_testimonianze": "0", "zona": "B1"}, "geometry": {"type": "MultiLineString", "coordinates": [[[9.0985304, 45.4398562], [9.098093, 45.4396081], [9.0980018, 45.4395574], [9.0971182, 45.4390758]], [[9.071816, 45.4283731], [9.0690194, 45.4305192], [9.0685031, 45.4309216], [9.0682186, 45.4311433], [9.0678181, 45.4314553], [9.0674532, 45.4317397], [9.0670551, 45.4320499], [9.0666383, 45.4323817], [9.0664686, 45.4325167]], [[9.071816, 45.4283731], [9.0720335, 45.4281865], [9.0722091, 45.4279899], [9.0722318, 45.4279607], [9.0727601, 45.4272815], [9.0727776, 45.4272589], [9.0728719, 45.4271377], [9.072918, 45.4270784], [9.072982, 45.4269961], [9.0730286, 45.4269362]], [[9.2070215, 45.4691774], [9.2071101, 45.4691795], [9.208536, 45.4691951], [9.2086285, 45.4691962]], [[9.2147293, 45.469258], [9.2148801, 45.46926], [9.2158637, 45.4692728], [9.2158799, 45.469273], [9.2159554, 45.469274]], [[9.2159554, 45.469274], [9.2160364, 45.469275], [9.2170192, 45.4692879], [9.2171149, 45.4692891]], [[9.211219, 45.4692242], [9.2113631, 45.4692238], [9.2132504, 45.4692427], [9.2133186, 45.4692429]], [[9.2133186, 45.4692429], [9.2134015, 45.4692442], [9.2146397, 45.4692571], [9.2147293, 45.469258]], [[9.2171149, 45.4692891], [9.2172583, 45.469291]], [[9.2183638, 45.4693054], [9.2184293, 45.4693061], [9.2195508, 45.4693206], [9.219638, 45.469322]], [[9.217419, 45.4692931], [9.2175397, 45.4692946], [9.2182676, 45.4693041], [9.2183638, 45.4693054]], [[9.2086285, 45.4691962], [9.2087144, 45.4691972], [9.2101051, 45.4692134], [9.2101964, 45.4692143]], [[9.2101964, 45.4692143], [9.2102874, 45.4692151], [9.2110438, 45.4692244], [9.211136, 45.4692243], [9.211219, 45.4692242]], [[9.2172583, 45.469291], [9.217419, 45.4692931]], [[9.2214275, 45.4693401], [9.2215269, 45.4693404], [9.2221886, 45.4693397], [9.222259, 45.4693393]], [[9.219638, 45.469322], [9.2197204, 45.4693238], [9.2213272, 45.4693391], [9.2214275, 45.4693401]], [[9.222259, 45.4693393], [9.2224477, 45.4693605], [9.2225076, 45.4693847]], [[9.2690503, 45.5282276], [9.2690355, 45.5282899], [9.2690395, 45.528352], [9.2691444, 45.5300515], [9.2691326, 45.5301715], [9.269068, 45.5302484], [9.2690723, 45.5302873]]]}}, {"type": "Feature", "properties": {"id": "SS-MIL-1369", "nome": "Via Carlo Maratta", "quartiere": "", "classificazione": "giallo", "score": 3, "note": "strada urbana senza ciclabile", "ciclabile": "no", "n_corsie": "2", "senso_unico": "si", "n_testimonianze": "0", "zona": "B1"}, "geometry": {"type": "MultiLineString", "coordinates": [[[9.1382742, 45.4726559], [9.1380642, 45.4725756], [9.1380179, 45.4725581], [9.1379691, 45.4725492], [9.1379035, 45.4725433]], [[9.1380633, 45.4723711], [9.1380765, 45.4724191], [9.1380863, 45.4724495], [9.1381042, 45.4724798], [9.1381352, 45.4725154], [9.1382742, 45.4726559]], [[9.1395644, 45.4734998], [9.1382742, 45.4726559]], [[9.139978, 45.4737696], [9.1398901, 45.4737121], [9.1395644, 45.4734998]]]}}, {"type": "Feature", "properties": {"id": "SS-MIL-1373", "nome": "Via Carlo Marx", "quartiere": "", "classificazione": "giallo", "score": 3, "note": "strada urbana senza ciclabile", "ciclabile": "no", "n_corsie": "2", "senso_unico": "no", "n_testimonianze": "0", "zona": "B1"}, "geometry": {"type": "MultiLineString", "coordinates": [[[9.1101798, 45.4743085], [9.1102042, 45.4743281], [9.1102115, 45.4743374], [9.1102171, 45.4743473], [9.1102208, 45.4743577], [9.110223, 45.4743736], [9.1102221, 45.4743842], [9.1102193, 45.4743947], [9.1102146, 45.4744048], [9.1102082, 45.4744145], [9.1102047, 45.4744184]], [[9.1100987, 45.4742881], [9.1101653, 45.4742131], [9.110218, 45.47414], [9.1103035, 45.4740529], [9.1103984, 45.473974], [9.110563, 45.4738557]], [[9.11167, 45.4700033], [9.1117824, 45.4698788]], [[9.1105138, 45.4750006], [9.1103236, 45.4747815], [9.1101537, 45.4745619], [9.110103, 45.4744882], [9.1100728, 45.474457]], [[9.1102047, 45.4744184], [9.1102654, 45.4745302], [9.1103779, 45.4747263], [9.1105138, 45.4750006]], [[9.1112069, 45.4723764], [9.1112538, 45.472136], [9.1113116, 45.4718589]], [[9.1116469, 45.4703899], [9.1115116, 45.4713217]], [[9.111335, 45.4723946], [9.1113261, 45.4724415], [9.1113176, 45.4724917]], [[9.1118048, 45.4700207], [9.1117778, 45.4701032], [9.1117242, 45.4702215], [9.1116639, 45.4703158]], [[9.1111417, 45.473408], [9.1111227, 45.473505]], [[9.1110897, 45.4729581], [9.1112232, 45.4729729]], [[9.1105138, 45.4750006], [9.1106439, 45.4751924]], [[9.1112232, 45.4729729], [9.1111417, 45.473408]], [[9.1111868, 45.4724792], [9.1111979, 45.4724226], [9.1112069, 45.4723764]], [[9.1116639, 45.4703158], [9.1116453, 45.4702127], [9.1116633, 45.4700852], [9.11167, 45.4700033]], [[9.1115116, 45.4713217], [9.1114601, 45.4716526], [9.1114382, 45.4717927], [9.1114348, 45.4718137], [9.1114262, 45.4718694]], [[9.1117824, 45.4698788], [9.1118048, 45.4700207]], [[9.1116639, 45.4703158], [9.1116469, 45.4703899]], [[9.1114262, 45.4718694], [9.1114146, 45.4719606], [9.1113843, 45.4721256], [9.111335, 45.4723946]], [[9.1113116, 45.4718589], [9.1113218, 45.4718039], [9.1113387, 45.4717597], [9.1113846, 45.4716434], [9.1114643, 45.4714414], [9.1115116, 45.4713217]], [[9.1127642, 45.4707348], [9.1124669, 45.4705048], [9.1124342, 45.4704779], [9.1124211, 45.470473], [9.1123822, 45.4704584], [9.1123408, 45.4704533], [9.1123349, 45.4704512], [9.1117944, 45.4704031], [9.1116469, 45.4703899]], [[9.110563, 45.4738557], [9.1107585, 45.4737109], [9.1109321, 45.4735902], [9.1109638, 45.4735564], [9.1109795, 45.4735281], [9.1109897, 45.4734953]], [[9.1100728, 45.474457], [9.1100653, 45.4744557], [9.1100511, 45.474452], [9.1100376, 45.4744471], [9.1100251, 45.474441], [9.1100138, 45.4744339], [9.1100038, 45.4744259], [9.1099953, 45.474417], [9.1099884, 45.4744075], [9.1099833, 45.4743975], [9.1099811, 45.4743906]], [[9.1102047, 45.4744184], [9.1102002, 45.4744235], [9.1101906, 45.4744318], [9.1101796, 45.4744392], [9.1101674, 45.4744455], [9.1101542, 45.4744508], [9.1101401, 45.4744548], [9.1101255, 45.4744576], [9.1101104, 45.4744591], [9.1100952, 45.4744593], [9.1100801, 45.4744582], [9.1100728, 45.474457]], [[9.1109897, 45.4734953], [9.1109976, 45.4734514], [9.1110081, 45.4733952]], [[9.1106491, 45.4739152], [9.1104514, 45.4740604], [9.1102598, 45.4742374], [9.1101798, 45.4743085]], [[9.1100987, 45.4742881], [9.1101176, 45.4742888], [9.1101325, 45.4742909], [9.1101469, 45.4742943], [9.1101606, 45.4742989], [9.1101734, 45.4743047], [9.1101798, 45.4743085]], [[9.1100104, 45.4743161], [9.110019, 45.4743099], [9.1100309, 45.4743033], [9.1100439, 45.4742978], [9.1100578, 45.4742934], [9.1100723, 45.4742903], [9.1100873, 45.4742885], [9.1100987, 45.4742881]], [[9.1110897, 45.4729581], [9.1111868, 45.4724792]], [[9.1113176, 45.4724917], [9.1112232, 45.4729729]], [[9.1110081, 45.4733952], [9.111055, 45.4731439], [9.1110897, 45.4729581]], [[9.1111227, 45.473505], [9.1111175, 45.4735328], [9.1111004, 45.4735724], [9.1110683, 45.4736199], [9.1110228, 45.4736643], [9.1106491, 45.4739152]], [[9.1106439, 45.4751924], [9.1106673, 45.475219], [9.110702, 45.4752463], [9.1107305, 45.4752676], [9.1107675, 45.4752914], [9.1108095, 45.4753138]], [[9.1106769, 45.4753559], [9.1106789, 45.4753292], [9.1106789, 45.4753006], [9.1106727, 45.4752655], [9.1106704, 45.4752572], [9.1106604, 45.4752282], [9.1106439, 45.4751924]], [[9.2477635, 45.5252743], [9.2477674, 45.525363], [9.2477695, 45.525669], [9.2477682, 45.5257623], [9.2477551, 45.5265654], [9.2477543, 45.5266252], [9.2477603, 45.527649]], [[9.2454179, 45.5320055], [9.2455112, 45.5319202], [9.2456837, 45.531767], [9.2457724, 45.5316883]], [[9.2475879, 45.5282198], [9.2475881, 45.5281426], [9.2476089, 45.5266271], [9.2475929, 45.5265482], [9.2475943, 45.5260928], [9.2475954, 45.5257133]], [[9.244974, 45.5204729], [9.2450763, 45.5204965], [9.2451173, 45.5205072]], [[9.2449603, 45.5219455], [9.2447512, 45.5220332], [9.2443821, 45.5221865], [9.2443433, 45.5222026], [9.2441945, 45.5222667], [9.24396, 45.5223678], [9.2439151, 45.5223768], [9.2438702, 45.5223803], [9.2438274, 45.52238], [9.2437886, 45.5223756], [9.2437469, 45.522368], [9.2437092, 45.5223563], [9.2436665, 45.5223368], [9.2436348, 45.5223152], [9.2436107, 45.5222915], [9.2434657, 45.5221336], [9.2433474, 45.5220007]], [[9.2475927, 45.5252518], [9.2475676, 45.5251584], [9.2474961, 45.5248986], [9.2474536, 45.5248287], [9.2474144, 45.5247692], [9.2473751, 45.5247162], [9.2473039, 45.5246344], [9.2472327, 45.5245592], [9.2472086, 45.5245313], [9.2471441, 45.5244567], [9.2464957, 45.5237029], [9.2464501, 45.5236499], [9.2463416, 45.5235213], [9.2462571, 45.523421], [9.246037, 45.5231749], [9.2460107, 45.5231435], [9.2459483, 45.523069], [9.2458796, 45.5229928], [9.2458109, 45.5229166], [9.2456454, 45.5227246]], [[9.2452089, 45.5222224], [9.2450488, 45.5220475], [9.2450039, 45.521997], [9.2449603, 45.5219455], [9.2449164, 45.5218831], [9.2448738, 45.5218197], [9.2448192, 45.5217359], [9.2447932, 45.5216881], [9.2447726, 45.5216404], [9.244757, 45.5215944], [9.2447468, 45.5215483], [9.2447382, 45.521492], [9.244738, 45.521462], [9.2447377, 45.5214329], [9.2447407, 45.5214024], [9.2447437, 45.5213728], [9.2447481, 45.5213427], [9.2447538, 45.5213146], [9.2447615, 45.5212835], [9.2447706, 45.5212544], [9.2447837, 45.5212173], [9.2447994, 45.5211793], [9.244816, 45.5211433]], [[9.2453604, 45.5221568], [9.2454245, 45.5222293], [9.246038, 45.5229237], [9.2461064, 45.5230012], [9.2461695, 45.5230744], [9.2465098, 45.5234688], [9.2466472, 45.5236281], [9.2467871, 45.5237903], [9.2473027, 45.5243882], [9.2473683, 45.5244636], [9.2475161, 45.5246333]], [[9.245066, 45.5206647], [9.2450793, 45.5206433], [9.2451006, 45.5206199], [9.2451202, 45.5206065], [9.2451421, 45.5205976], [9.2451602, 45.5205919], [9.2451829, 45.5205896], [9.2452, 45.5205901], [9.2452271, 45.5205945]], [[9.247659, 45.5248175], [9.2477802, 45.5249896], [9.2478439, 45.5250991], [9.2479093, 45.5252002], [9.2479239, 45.5252143], [9.2479549, 45.5252366], [9.2479927, 45.5252598], [9.2480497, 45.5252857], [9.2480722, 45.5252952], [9.2481063, 45.5253065], [9.248287, 45.5253529]], [[9.2454179, 45.5320055], [9.2453363, 45.5320719]], [[9.2476423, 45.5286404], [9.2475863, 45.5283192], [9.2475879, 45.5282198]], [[9.2477508, 45.5282193], [9.247725, 45.5283042], [9.2476423, 45.5286404]], [[9.2456454, 45.5227246], [9.245269, 45.5222878], [9.2452089, 45.5222224]], [[9.2475954, 45.5257133], [9.2475963, 45.5253594], [9.2475927, 45.5252518]], [[9.2466854, 45.5308736], [9.2472682, 45.530367], [9.2473583, 45.5302835], [9.2474139, 45.5302278], [9.2474613, 45.5301764], [9.2474917, 45.5301373], [9.2475213, 45.5300895], [9.2475432, 45.5300517], [9.2475638, 45.5300147], [9.2475831, 45.5299759], [9.2475984, 45.5299424], [9.2476163, 45.5298937], [9.2476307, 45.5298353], [9.247641, 45.529765], [9.2476474, 45.5296378], [9.2476461, 45.5295991], [9.2476473, 45.529484], [9.2476423, 45.5286404]], [[9.245066, 45.5206647], [9.2450707, 45.5206237], [9.2450717, 45.5206045], [9.2450714, 45.5205854], [9.2450676, 45.520568], [9.245062, 45.5205488], [9.2450518, 45.5205293], [9.2450431, 45.5205177], [9.24503, 45.5205068], [9.2450112, 45.5204939], [9.244974, 45.5204729]], [[9.2451173, 45.5205072], [9.2451457, 45.5205163], [9.2451697, 45.5205275], [9.245191, 45.5205412], [9.245207, 45.5205567], [9.245219, 45.5205752], [9.2452271, 45.5205945], [9.2452315, 45.520614], [9.2452318, 45.5206335], [9.2452277, 45.5206539], [9.2452203, 45.5206747], [9.2452118, 45.5206942], [9.2450187, 45.5210595], [9.2449573, 45.5211757], [9.2449299, 45.5212307], [9.2449147, 45.5212657], [9.2449026, 45.5213023], [9.2448933, 45.5213381], [9.2448872, 45.5213742], [9.2448839, 45.5214086], [9.2448832, 45.5214419], [9.2448852, 45.5214734], [9.2448932, 45.5215373], [9.2449022, 45.521571], [9.2449139, 45.5216028], [9.2449269, 45.5216327], [9.2449426, 45.5216607], [9.2449683, 45.5216962], [9.2451387, 45.5219015], [9.2452362, 45.5220138], [9.2453604, 45.5221568]], [[9.244816, 45.5211433], [9.245066, 45.5206647]], [[9.2477612, 45.5278115], [9.2477631, 45.5281405], [9.2477508, 45.5282193]], [[9.247659, 45.5248175], [9.2477452, 45.5251802], [9.2477635, 45.5252743]], [[9.2457724, 45.5316883], [9.2466854, 45.5308736]], [[9.2477603, 45.527649], [9.2477612, 45.5278115]], [[9.2475161, 45.5246333], [9.2475673, 45.5246936], [9.2476084, 45.5247481], [9.247659, 45.5248175]]]}}, {"type": "Feature", "properties": {"id": "SS-MIL-1379", "nome": "Via Carlo Osma", "quartiere": "", "classificazione": "giallo", "score": 3, "note": "strada urbana senza ciclabile", "ciclabile": "no", "n_corsie": "2", "senso_unico": "no", "n_testimonianze": "0", "zona": "B1"}, "geometry": {"type": "MultiLineString", "coordinates": [[[9.1302253, 45.4859339], [9.130139, 45.4859389], [9.1300414, 45.4859707], [9.1300356, 45.4859727], [9.1298598, 45.4860755]], [[9.1286819, 45.4858782], [9.1280422, 45.4857239], [9.1280015, 45.4857127], [9.1279389, 45.4856822]], [[9.1294719, 45.4862117], [9.1294396, 45.4861981], [9.1293761, 45.4861713], [9.1291485, 45.4860752], [9.1288864, 45.4859479], [9.1287899, 45.4859069], [9.1286819, 45.4858782]], [[9.1298598, 45.4860755], [9.1298258, 45.4860968], [9.1295271, 45.486208], [9.1294719, 45.4862117]]]}}, {"type": "Feature", "properties": {"id": "SS-MIL-1383", "nome": "Via Carlo Patellani", "quartiere": "", "classificazione": "giallo", "score": 3, "note": "strada urbana senza ciclabile", "ciclabile": "no", "n_corsie": "2", "senso_unico": "si", "n_testimonianze": "0", "zona": "B1"}, "geometry": {"type": "MultiLineString", "coordinates": [[[9.0946096, 45.4444857], [9.0946609, 45.4444587], [9.0948477, 45.4443363], [9.0953672, 45.443959], [9.0954152, 45.4439237], [9.0957889, 45.4436446], [9.0962296, 45.4433131], [9.0962907, 45.4432673], [9.0964143, 45.443173], [9.0968384, 45.4428492], [9.0969459, 45.4427769], [9.0969907, 45.442762], [9.0970396, 45.4427515], [9.0971398, 45.4427546], [9.0979932, 45.4428494], [9.0980854, 45.4428597]], [[9.1938882, 45.4519497], [9.1938954, 45.4518742], [9.193905, 45.4517711], [9.1939628, 45.4511498], [9.1939754, 45.451024], [9.1939815, 45.4509509], [9.1939831, 45.4509319]], [[9.1941732, 45.4509339], [9.1941719, 45.4509509], [9.1941686, 45.45103], [9.194156, 45.4511519], [9.1941071, 45.4517747], [9.1940988, 45.451878], [9.1940951, 45.4519251], [9.1940929, 45.4519511]]]}}, {"type": "Feature", "properties": {"id": "SS-MIL-1389", "nome": "Via Carlo Ravizza", "quartiere": "", "classificazione": "giallo", "score": 3, "note": "strada urbana senza ciclabile", "ciclabile": "no", "n_corsie": "2", "senso_unico": "no", "n_testimonianze": "0", "zona": "B1"}, "geometry": {"type": "MultiLineString", "coordinates": [[[9.1530274, 45.4671231], [9.1529158, 45.4671725], [9.1528727, 45.4671973], [9.1527306, 45.4672946]], [[9.1517932, 45.4679879], [9.1516734, 45.468079], [9.1509191, 45.4686627], [9.1508506, 45.4687152]], [[9.1527306, 45.4672946], [9.1523352, 45.4675986], [9.1519559, 45.4678851]], [[9.1519559, 45.4678851], [9.1518967, 45.4679271], [9.1517932, 45.4679879]], [[9.1475651, 45.4712151], [9.1471764, 45.4715059], [9.1471229, 45.4715485], [9.1470908, 45.4715743]], [[9.1480336, 45.4708773], [9.147965, 45.4709243], [9.1475651, 45.4712151]], [[9.1499073, 45.469418], [9.1498145, 45.4694892], [9.1490077, 45.4701082], [9.1489431, 45.4701578]], [[9.1489431, 45.4701578], [9.1488782, 45.4702058], [9.1481033, 45.470826], [9.1480336, 45.4708773]], [[9.1508506, 45.4687152], [9.1507936, 45.4687598], [9.1499976, 45.4693622], [9.1499073, 45.469418]]]}}, {"type": "Feature", "properties": {"id": "SS-MIL-1399", "nome": "Via Carlo d'Adda", "quartiere": "", "classificazione": "giallo", "score": 3, "note": "strada urbana senza ciclabile", "ciclabile": "no", "n_corsie": "2", "senso_unico": "no", "n_testimonianze": "0", "zona": "B1"}, "geometry": {"type": "MultiLineString", "coordinates": [[[9.0548976, 45.4795256], [9.0549014, 45.4795672], [9.0548961, 45.4796024]], [[9.0545496, 45.4803745], [9.0544265, 45.4805701], [9.0543362, 45.4807137]], [[9.0545496, 45.4803745], [9.0545777, 45.4802754], [9.0546182, 45.4801786], [9.0546875, 45.4800306], [9.0547516, 45.4798817], [9.0548961, 45.4796024]], [[9.05492, 45.479353], [9.054899, 45.4794275], [9.0548974, 45.4794358], [9.0548955, 45.4794801], [9.0548976, 45.4795256]], [[9.0548961, 45.4796024], [9.0548006, 45.4798911], [9.0547294, 45.4800467], [9.0546589, 45.4801982], [9.0545496, 45.4803745]]]}}, {"type": "Feature", "properties": {"id": "SS-MIL-1411", "nome": "Via Cascina Barocco", "quartiere": "", "classificazione": "giallo", "score": 3, "note": "strada urbana senza ciclabile", "ciclabile": "no", "n_corsie": "2", "senso_unico": "no", "n_testimonianze": "0", "zona": "B1"}, "geometry": {"type": "MultiLineString", "coordinates": [[[9.1090865, 45.4604868], [9.1090213, 45.4606046], [9.1088238, 45.4610909]], [[9.1088238, 45.4610909], [9.1087963, 45.4611679], [9.1086111, 45.4616598], [9.1085905, 45.461713]], [[9.1082193, 45.4626529], [9.1080881, 45.4626329], [9.1074431, 45.4625222]], [[9.1085905, 45.461713], [9.1082476, 45.4625692], [9.1082193, 45.4626529]], [[9.1082193, 45.4626529], [9.1080881, 45.4630519]]]}}, {"type": "Feature", "properties": {"id": "SS-MIL-1413", "nome": "Via Cascina Bellaria", "quartiere": "", "classificazione": "giallo", "score": 3, "note": "strada urbana senza ciclabile", "ciclabile": "no", "n_corsie": "2", "senso_unico": "si", "n_testimonianze": "0", "zona": "B1"}, "geometry": {"type": "MultiLineString", "coordinates": [[[9.1064153, 45.4799649], [9.1064301, 45.4799177], [9.1064416, 45.4798659], [9.1064356, 45.4798208], [9.106426, 45.4797928], [9.1064094, 45.4797512], [9.1063678, 45.4796976], [9.1063155, 45.4796562], [9.1062552, 45.4796224], [9.1061855, 45.4795941], [9.1060942, 45.4795618], [9.105982, 45.4795347]], [[9.1070155, 45.4791811], [9.1067934, 45.4794705], [9.106784, 45.4794827]], [[9.1064153, 45.4799649], [9.1060832, 45.4804845], [9.1059872, 45.4806709], [9.1059068, 45.480874], [9.1057781, 45.4812064], [9.1057555, 45.4812647]], [[9.1070155, 45.4791811], [9.1068329, 45.4793048], [9.1066548, 45.4793804]], [[9.1080295, 45.4777287], [9.1078526, 45.4779874], [9.1075899, 45.4783927], [9.1073332, 45.4787758], [9.1071614, 45.4790121], [9.1070155, 45.4791811]], [[9.105982, 45.4795347], [9.1041363, 45.4795811]], [[9.1073807, 45.4796704], [9.1073113, 45.4795082], [9.1068871, 45.4795605], [9.1068359, 45.4795441], [9.1068264, 45.4795411]], [[9.1020256, 45.4873501], [9.1019859, 45.487441], [9.1015243, 45.4884531]], [[9.1041531, 45.4841825], [9.1038785, 45.4844374], [9.1036853, 45.4846405], [9.1035244, 45.4848436], [9.1033796, 45.4850693], [9.1020256, 45.4873501]], [[9.1057555, 45.4812647], [9.1053976, 45.4822337], [9.1052668, 45.4826544], [9.1049976, 45.4831306], [9.1047581, 45.4834498], [9.1047277, 45.4834903], [9.1046648, 45.4835615], [9.1045475, 45.4837096], [9.1044227, 45.4838667]], [[9.106784, 45.4794827], [9.1067615, 45.4795155], [9.1067544, 45.4795254], [9.1064153, 45.4799649]], [[9.1066548, 45.4793804], [9.1064767, 45.4794539], [9.1062807, 45.4795032], [9.1060954, 45.4795278], [9.105982, 45.4795347]], [[9.1044227, 45.4838667], [9.1042331, 45.484101], [9.1041531, 45.4841825]]]}}, {"type": "Feature", "properties": {"id": "SS-MIL-1416", "nome": "Via Cascina Corba", "quartiere": "", "classificazione": "giallo", "score": 3, "note": "strada urbana senza ciclabile", "ciclabile": "no", "n_corsie": "2", "senso_unico": "si", "n_testimonianze": "0", "zona": "B1"}, "geometry": {"type": "MultiLineString", "coordinates": [[[9.1335938, 45.4529713], [9.133484, 45.4529372], [9.1334382, 45.4529239], [9.1328421, 45.4527531], [9.1327759, 45.4527345]], [[9.1294709, 45.4519277], [9.129393, 45.4519048], [9.1284149, 45.4516203], [9.127907, 45.4514738], [9.1278462, 45.4514562]], [[9.1327759, 45.4527345], [9.1327163, 45.4527184], [9.1320743, 45.4525309]], [[9.1320743, 45.4525309], [9.1314072, 45.4523374]], [[9.1314072, 45.4523374], [9.1307104, 45.4521352]], [[9.1301353, 45.4519684], [9.1296301, 45.4518224], [9.129544, 45.4517968]], [[9.1307104, 45.4521352], [9.130253, 45.4520025], [9.1301353, 45.4519684]], [[9.1278462, 45.4514562], [9.1275823, 45.4513797]], [[9.1275823, 45.4513797], [9.127507, 45.4513578], [9.1268958, 45.4511805], [9.1266283, 45.4511029], [9.1263931, 45.4510347], [9.1262735, 45.451], [9.125981, 45.4509152], [9.1258937, 45.4508899]]]}}, {"type": "Feature", "properties": {"id": "SS-MIL-1420", "nome": "Via Cascina Mojetta", "quartiere": "", "classificazione": "giallo", "score": 3, "note": "strada urbana senza ciclabile", "ciclabile": "no", "n_corsie": "2", "senso_unico": "si", "n_testimonianze": "0", "zona": "B1"}, "geometry": {"type": "MultiLineString", "coordinates": [[[9.1381447, 45.4852955], [9.1382387, 45.4853287], [9.1383511, 45.485379], [9.1383966, 45.4854041], [9.1384224, 45.4854241], [9.1384553, 45.4854497]], [[9.1384553, 45.4854497], [9.1385378, 45.4855338]], [[9.1381447, 45.4852955], [9.138064, 45.4852609], [9.1362394, 45.4844798], [9.1362313, 45.4845779]]]}}, {"type": "Feature", "properties": {"id": "SS-MIL-1431", "nome": "Via Cassino", "quartiere": "", "classificazione": "giallo", "score": 3, "note": "strada urbana senza ciclabile", "ciclabile": "no", "n_corsie": "2", "senso_unico": "si", "n_testimonianze": "0", "zona": "B1"}, "geometry": {"type": "MultiLineString", "coordinates": [[[9.13781, 45.4834109], [9.137773, 45.4833375], [9.1375535, 45.4829061], [9.1375372, 45.4828739], [9.1375134, 45.4828271]], [[9.1380356, 45.483796], [9.1379638, 45.4837044], [9.1378265, 45.4834477], [9.13781, 45.4834109]]]}}, {"type": "Feature", "properties": {"id": "SS-MIL-1433", "nome": "Via Cassolnovo", "quartiere": "", "classificazione": "giallo", "score": 3, "note": "strada urbana senza ciclabile", "ciclabile": "no", "n_corsie": "2", "senso_unico": "no", "n_testimonianze": "0", "zona": "B1"}, "geometry": {"type": "LineString", "coordinates": [[9.0968634, 45.4583636], [9.0968081, 45.4583474], [9.0967755, 45.4583378], [9.0955087, 45.4579583]]}}, {"type": "Feature", "properties": {"id": "SS-MIL-1442", "nome": "Via Castrovillari", "quartiere": "", "classificazione": "giallo", "score": 3, "note": "strada urbana senza ciclabile", "ciclabile": "no", "n_corsie": "2", "senso_unico": "si", "n_testimonianze": "0", "zona": "B1"}, "geometry": {"type": "MultiLineString", "coordinates": [[[9.087043, 45.4555599], [9.0869781, 45.4556717], [9.0868545, 45.4558682], [9.0866977, 45.4560289]], [[9.087043, 45.4555599], [9.0869755, 45.4555977], [9.0868837, 45.4556327]], [[9.0858142, 45.4573194], [9.0866977, 45.4560289]], [[9.0854712, 45.457827], [9.0857803, 45.4573697], [9.0858142, 45.4573194]], [[9.0868837, 45.4556327], [9.0864348, 45.4557376]], [[9.0852187, 45.4581921], [9.0852533, 45.458142], [9.0854712, 45.457827]]]}}, {"type": "Feature", "properties": {"id": "SS-MIL-1449", "nome": "Via Cavalcabò", "quartiere": "", "classificazione": "giallo", "score": 3, "note": "strada urbana senza ciclabile", "ciclabile": "no", "n_corsie": "2", "senso_unico": "si", "n_testimonianze": "0", "zona": "B1"}, "geometry": {"type": "MultiLineString", "coordinates": [[[9.1529754, 45.4616423], [9.152851, 45.4616461], [9.1522472, 45.4616616], [9.1521486, 45.4616636]], [[9.1521486, 45.4616636], [9.1511989, 45.4616887], [9.1511751, 45.4616912], [9.1511636, 45.4616952], [9.1510486, 45.461736], [9.1510029, 45.4617522], [9.1509521, 45.4617703]]]}}, {"type": "Feature", "properties": {"id": "SS-MIL-1451", "nome": "Via Cavalieri di Vittorio Veneto", "quartiere": "", "classificazione": "giallo", "score": 3, "note": "strada urbana senza ciclabile", "ciclabile": "no", "n_corsie": "2", "senso_unico": "si", "n_testimonianze": "0", "zona": "B1"}, "geometry": {"type": "MultiLineString", "coordinates": [[[9.0824795, 45.4509157], [9.0824341, 45.4509195], [9.0823841, 45.4509108], [9.0819378, 45.4506436]], [[9.0814516, 45.4503632], [9.0815082, 45.4503967], [9.0819378, 45.4506436]]]}}, {"type": "Feature", "properties": {"id": "SS-MIL-1477", "nome": "Via Cesare Chiodi", "quartiere": "", "classificazione": "giallo", "score": 3, "note": "strada urbana senza ciclabile", "ciclabile": "no", "n_corsie": "2", "senso_unico": "no", "n_testimonianze": "0", "zona": "B1"}, "geometry": {"type": "MultiLineString", "coordinates": [[[9.1394245, 45.4380246], [9.1395065, 45.4380157], [9.1396058, 45.4380284], [9.139756, 45.4380623], [9.1406967, 45.4383399], [9.1407546, 45.438357], [9.1409883, 45.4384259], [9.1411475, 45.4384729], [9.1414157, 45.4385527]], [[9.1422439, 45.4388983], [9.1421919, 45.4388492], [9.1421199, 45.4388216], [9.1414157, 45.4385527]], [[9.1414157, 45.4385527], [9.1421721, 45.4387337], [9.1422505, 45.4387523], [9.142295, 45.4387561]]]}}, {"type": "Feature", "properties": {"id": "SS-MIL-1479", "nome": "Via Cesare Dal Fabbro", "quartiere": "", "classificazione": "giallo", "score": 3, "note": "strada urbana senza ciclabile", "ciclabile": "no", "n_corsie": "2", "senso_unico": "si", "n_testimonianze": "0", "zona": "B1"}, "geometry": {"type": "LineString", "coordinates": [[9.110573, 45.4614271], [9.1106925, 45.4614428], [9.1114626, 45.4615375], [9.111517, 45.4615513], [9.1115783, 45.4615757], [9.1116384, 45.4616095], [9.1118042, 45.4617198], [9.1118253, 45.4617359], [9.1118551, 45.461757]]}}, {"type": "Feature", "properties": {"id": "SS-MIL-1480", "nome": "Via Cesare Faccioli", "quartiere": "", "classificazione": "giallo", "score": 3, "note": "strada urbana senza ciclabile", "ciclabile": "no", "n_corsie": "2", "senso_unico": "si", "n_testimonianze": "0", "zona": "B1"}, "geometry": {"type": "LineString", "coordinates": [[9.0918701, 45.4621844], [9.091795, 45.4621095], [9.0918093, 45.4609888], [9.0918095, 45.4609687], [9.0918098, 45.4609418]]}}, {"type": "Feature", "properties": {"id": "SS-MIL-1483", "nome": "Via Cesare Manaresi", "quartiere": "", "classificazione": "giallo", "score": 3, "note": "strada urbana senza ciclabile", "ciclabile": "no", "n_corsie": "2", "senso_unico": "no", "n_testimonianze": "0", "zona": "B1"}, "geometry": {"type": "MultiLineString", "coordinates": [[[9.0900282, 45.464553], [9.0899849, 45.4646436], [9.0894385, 45.4658354], [9.0894179, 45.4658688]], [[9.0898645, 45.4660278], [9.0897782, 45.4659478], [9.089646, 45.4659112], [9.0894179, 45.4658688]], [[9.0881077, 45.465743], [9.0882275, 45.4657463], [9.0883661, 45.4657031], [9.0893143, 45.4658853], [9.0894179, 45.4658688]]]}}, {"type": "Feature", "properties": {"id": "SS-MIL-1492", "nome": "Via Cesenatico", "quartiere": "", "classificazione": "giallo", "score": 3, "note": "strada urbana senza ciclabile", "ciclabile": "no", "n_corsie": "2", "senso_unico": "no", "n_testimonianze": "0", "zona": "B1"}, "geometry": {"type": "LineString", "coordinates": [[9.1355354, 45.4833198], [9.1355614, 45.4833713], [9.135573, 45.4833943], [9.1359612, 45.4841644], [9.1359933, 45.4843381]]}}, {"type": "Feature", "properties": {"id": "SS-MIL-1505", "nome": "Via Ciniselli", "quartiere": "", "classificazione": "giallo", "score": 3, "note": "strada urbana senza ciclabile", "ciclabile": "no", "n_corsie": "2", "senso_unico": "si", "n_testimonianze": "0", "zona": "B1"}, "geometry": {"type": "MultiLineString", "coordinates": [[[9.0508312, 45.4767669], [9.0500752, 45.4764261], [9.0499832, 45.4763846], [9.0499182, 45.4763553], [9.0497658, 45.4762459]], [[9.0510672, 45.4762509], [9.0510479, 45.4763153], [9.0510374, 45.476343], [9.0510205, 45.4763857], [9.0508312, 45.4767669]], [[9.0508312, 45.4767669], [9.0518272, 45.4772807], [9.0519774, 45.4773286], [9.0523252, 45.4774002]], [[9.0540667, 45.4792607], [9.0540813, 45.4791936], [9.0540836, 45.4791134], [9.0540825, 45.4790277], [9.0540848, 45.4789667], [9.0540543, 45.478768], [9.0540486, 45.4787357], [9.05397, 45.4782943], [9.0539659, 45.4782716], [9.0539368, 45.4780354], [9.0538874, 45.4777227], [9.0538697, 45.4776743], [9.0538296, 45.4776487]], [[9.0523252, 45.4774002], [9.0524549, 45.4774216], [9.0529362, 45.4775012], [9.0533138, 45.4775664], [9.0533933, 45.4775802], [9.0537351, 45.4776325], [9.0538296, 45.4776487]]]}}, {"type": "Feature", "properties": {"id": "SS-MIL-1523", "nome": "Via Cividale del Friuli", "quartiere": "", "classificazione": "giallo", "score": 3, "note": "strada urbana senza ciclabile", "ciclabile": "no", "n_corsie": "2", "senso_unico": "si", "n_testimonianze": "0", "zona": "B1"}, "geometry": {"type": "MultiLineString", "coordinates": [[[9.0979615, 45.458025], [9.0980226, 45.4580799], [9.0980802, 45.4581272], [9.0980958, 45.4581359], [9.0981957, 45.458192], [9.0983105, 45.4582401]], [[9.0991303, 45.4584736], [9.0989202, 45.4584274]], [[9.0989202, 45.4584274], [9.0984169, 45.4583471], [9.0983033, 45.458323]], [[9.1002834, 45.458729], [9.1002217, 45.4587149], [9.0991303, 45.4584736]], [[9.0983033, 45.458323], [9.0981963, 45.4582907]], [[9.0984521, 45.4582756], [9.0986958, 45.4583546], [9.0989202, 45.4584274]], [[9.0981963, 45.4582907], [9.0980792, 45.4582477], [9.0979975, 45.4582213], [9.0979635, 45.4582071], [9.0978114, 45.4581538]], [[9.0983105, 45.4582401], [9.0984521, 45.4582756]], [[9.1012591, 45.4589379], [9.1014674, 45.4589525], [9.1017632, 45.4590086], [9.1019376, 45.4590422]], [[9.1002834, 45.458729], [9.1005319, 45.4587819], [9.1009215, 45.4588655], [9.1009438, 45.4588703], [9.1011713, 45.4589191], [9.1012591, 45.4589379]]]}}, {"type": "Feature", "properties": {"id": "SS-MIL-1526", "nome": "Via Claude Debussy", "quartiere": "", "classificazione": "giallo", "score": 3, "note": "strada urbana senza ciclabile", "ciclabile": "no", "n_corsie": "2", "senso_unico": "no", "n_testimonianze": "0", "zona": "B1"}, "geometry": {"type": "LineString", "coordinates": [[9.1306834, 45.4653326], [9.1306914, 45.4654304], [9.130759, 45.4664022], [9.1307717, 45.4664373], [9.1308041, 45.4664705], [9.1311838, 45.4667192]]}}, {"type": "Feature", "properties": {"id": "SS-MIL-1533", "nome": "Via Clefi", "quartiere": "", "classificazione": "giallo", "score": 3, "note": "strada urbana senza ciclabile", "ciclabile": "no", "n_corsie": "2", "senso_unico": "si", "n_testimonianze": "0", "zona": "B1"}, "geometry": {"type": "LineString", "coordinates": [[9.1503417, 45.4625138], [9.1502491, 45.4624887], [9.1488806, 45.4620962], [9.1487937, 45.4620712]]}}, {"type": "Feature", "properties": {"id": "SS-MIL-1547", "nome": "Via Col di Lana", "quartiere": "", "classificazione": "giallo", "score": 3, "note": "strada urbana senza ciclabile (2 corsie)", "ciclabile": "no", "n_corsie": "2", "senso_unico": "no", "n_testimonianze": "0", "zona": "B1"}, "geometry": {"type": "LineString", "coordinates": [[9.0829358, 45.4506167], [9.0831116, 45.4507308], [9.0837483, 45.4511439]]}}, {"type": "Feature", "properties": {"id": "SS-MIL-1549", "nome": "Via Cola di Rienzo", "quartiere": "", "classificazione": "verde", "score": 1, "note": "ciclabile presente (da OpenStreetMap)", "ciclabile": "si", "n_corsie": "2", "senso_unico": "si", "n_testimonianze": "0", "zona": "B1"}, "geometry": {"type": "MultiLineString", "coordinates": [[[9.1579018, 45.4554788], [9.1578102, 45.4554572]], [[9.1581084, 45.4555094], [9.159683, 45.4560081], [9.1597555, 45.4560309]], [[9.1558105, 45.4547844], [9.1562505, 45.4549223]], [[9.156328, 45.4549468], [9.1565042, 45.4550057], [9.1565748, 45.4550438], [9.1566036, 45.4550739], [9.1566129, 45.4551104]], [[9.1545868, 45.4543746], [9.1547485, 45.4544494], [9.1551717, 45.4545923], [9.1558105, 45.4547844]], [[9.156822, 45.4551487], [9.156711, 45.4551148], [9.1566586, 45.4551026], [9.1566462, 45.4551021], [9.1566346, 45.455104], [9.1566129, 45.4551104]], [[9.1562505, 45.4549223], [9.156328, 45.4549468]], [[9.1578102, 45.4554572], [9.156822, 45.4551487]], [[9.1580169, 45.4554957], [9.1581084, 45.4555094]], [[9.1597555, 45.4560309], [9.1598576, 45.4560616], [9.1613693, 45.4565498], [9.1614391, 45.4565989]]]}}, {"type": "Feature", "properties": {"id": "SS-MIL-1551", "nome": "Via Collecchio", "quartiere": "", "classificazione": "giallo", "score": 3, "note": "strada urbana senza ciclabile", "ciclabile": "no", "n_corsie": "2", "senso_unico": "si", "n_testimonianze": "0", "zona": "B1"}, "geometry": {"type": "MultiLineString", "coordinates": [[[9.1415853, 45.4857284], [9.1416081, 45.4857333], [9.1417083, 45.4857549], [9.14183, 45.4857847]], [[9.1402555, 45.4859311], [9.1399741, 45.4859833], [9.1398168, 45.4860013], [9.1396736, 45.4860122], [9.1395572, 45.486013], [9.1393481, 45.4860128]], [[9.1390384, 45.4860121], [9.1388317, 45.4860241], [9.1384009, 45.4860464], [9.138254, 45.4860641]], [[9.1411645, 45.4857208], [9.1412731, 45.485714], [9.1413759, 45.4857118], [9.1414816, 45.4857145], [9.1415238, 45.4857179], [9.1415853, 45.4857284]], [[9.1393481, 45.4860128], [9.1390384, 45.4860121]], [[9.1401241, 45.4864222], [9.1393868, 45.4861272], [9.139348, 45.4860959], [9.139348, 45.4860701], [9.1393481, 45.4860128]], [[9.1404466, 45.4858842], [9.1409776, 45.4857476], [9.1410204, 45.4857395], [9.1411645, 45.4857208]], [[9.14183, 45.4857847], [9.1419497, 45.4858325], [9.1421963, 45.4859485], [9.1422846, 45.48599], [9.1431157, 45.4863915], [9.1431756, 45.4864211]], [[9.1404466, 45.4858842], [9.1402741, 45.4859278], [9.1402555, 45.4859311]]]}}, {"type": "Feature", "properties": {"id": "SS-MIL-1552", "nome": "Via Coluccio Salutati", "quartiere": "", "classificazione": "giallo", "score": 3, "note": "strada urbana senza ciclabile", "ciclabile": "no", "n_corsie": "2", "senso_unico": "si", "n_testimonianze": "0", "zona": "B1"}, "geometry": {"type": "MultiLineString", "coordinates": [[[9.1584626, 45.462987], [9.1585454, 45.4630136], [9.1588714, 45.4631232], [9.1589079, 45.463136], [9.1589312, 45.4631442], [9.1589927, 45.4631673]], [[9.1589927, 45.4631673], [9.1590903, 45.4632091], [9.1591823, 45.4632452], [9.1608613, 45.4639474], [9.1609272, 45.4639754], [9.1609468, 45.4639836]]]}}, {"type": "Feature", "properties": {"id": "SS-MIL-1570", "nome": "Via Constantino Borsini", "quartiere": "", "classificazione": "giallo", "score": 3, "note": "strada urbana senza ciclabile", "ciclabile": "no", "n_corsie": "2", "senso_unico": "no", "n_testimonianze": "0", "zona": "B1"}, "geometry": {"type": "LineString", "coordinates": [[9.1039437, 45.4471466], [9.1057815, 45.4475403], [9.1059227, 45.4475705]]}}, {"type": "Feature", "properties": {"id": "SS-MIL-1586", "nome": "Via Corno di Cavento", "quartiere": "", "classificazione": "giallo", "score": 3, "note": "strada urbana senza ciclabile", "ciclabile": "no", "n_corsie": "2", "senso_unico": "no", "n_testimonianze": "0", "zona": "B1"}, "geometry": {"type": "MultiLineString", "coordinates": [[[9.126748, 45.4731753], [9.1267387, 45.472795], [9.126726, 45.472275], [9.1267195, 45.4722288], [9.1266967, 45.4721904], [9.1266695, 45.4721576], [9.12663, 45.4721283], [9.125975, 45.4717068], [9.1258573, 45.4716371]], [[9.1244123, 45.4706921], [9.1237884, 45.4702847]], [[9.1244123, 45.4706921], [9.1257754, 45.4715839], [9.1258573, 45.4716371]]]}}, {"type": "Feature", "properties": {"id": "SS-MIL-1588", "nome": "Via Corrado Alvaro", "quartiere": "", "classificazione": "giallo", "score": 3, "note": "strada urbana senza ciclabile", "ciclabile": "no", "n_corsie": "2", "senso_unico": "si", "n_testimonianze": "0", "zona": "B1"}, "geometry": {"type": "MultiLineString", "coordinates": [[[9.0684059, 45.4722048], [9.0684023, 45.4722211], [9.0683898, 45.4722362], [9.0683679, 45.4722522], [9.068331, 45.4722611], [9.067718, 45.4722889], [9.0676864, 45.4722834], [9.0676547, 45.4722714]], [[9.0671801, 45.4723208], [9.0674866, 45.472302], [9.0675965, 45.4722953], [9.0676303, 45.4722858], [9.0676547, 45.4722714]], [[9.2331216, 45.5117647], [9.2331198, 45.5118013], [9.2330798, 45.5126149], [9.2330791, 45.5126238], [9.2330773, 45.5126569]]]}}, {"type": "Feature", "properties": {"id": "SS-MIL-1594", "nome": "Via Corte Nuova", "quartiere": "", "classificazione": "giallo", "score": 3, "note": "strada urbana senza ciclabile", "ciclabile": "no", "n_corsie": "2", "senso_unico": "no", "n_testimonianze": "0", "zona": "B1"}, "geometry": {"type": "LineString", "coordinates": [[9.0408486, 45.4582717], [9.0412121, 45.4583587], [9.0416678, 45.4584677], [9.0419515, 45.4585356]]}}, {"type": "Feature", "properties": {"id": "SS-MIL-1606", "nome": "Via Costanza", "quartiere": "", "classificazione": "giallo", "score": 3, "note": "strada urbana senza ciclabile", "ciclabile": "no", "n_corsie": "2", "senso_unico": "si", "n_testimonianze": "0", "zona": "B1"}, "geometry": {"type": "MultiLineString", "coordinates": [[[9.150728, 45.4599551], [9.1506527, 45.4599361], [9.1502049, 45.4598053], [9.1501275, 45.4597923]], [[9.150728, 45.4599551], [9.1508102, 45.4599768], [9.1510235, 45.4599746]], [[9.1532052, 45.4599174], [9.1530423, 45.4599194], [9.1518409, 45.459946]], [[9.1518409, 45.459946], [9.1510235, 45.4599746]], [[9.1548932, 45.45987], [9.1547692, 45.459873]], [[9.1567823, 45.4597735], [9.1566537, 45.4597969], [9.1565556, 45.4598169]], [[9.1565556, 45.4598169], [9.1564735, 45.4598244], [9.1552818, 45.4598574], [9.155025, 45.4598645], [9.1548932, 45.45987]], [[9.1547692, 45.459873], [9.1546379, 45.4598789], [9.1544073, 45.4598843], [9.1532879, 45.4599133], [9.1532052, 45.4599174]]]}}, {"type": "Feature", "properties": {"id": "SS-MIL-1612", "nome": "Via Creta", "quartiere": "", "classificazione": "giallo", "score": 3, "note": "strada urbana senza ciclabile", "ciclabile": "no", "n_corsie": "2", "senso_unico": "no", "n_testimonianze": "0", "zona": "B1"}, "geometry": {"type": "MultiLineString", "coordinates": [[[9.1139299, 45.4582343], [9.1139619, 45.4581512], [9.1141338, 45.4577046], [9.11414, 45.4576885], [9.1141457, 45.4576736]], [[9.113196, 45.4602577], [9.1131898, 45.4601944], [9.1132437, 45.460016], [9.1132832, 45.4599634]], [[9.1132832, 45.4599634], [9.1132932, 45.460051], [9.1133193, 45.4601145], [9.1133563, 45.4601716], [9.1134109, 45.46021], [9.1134987, 45.4602341]], [[9.1132832, 45.4599634], [9.113306, 45.4599022]], [[9.1136734, 45.4588983], [9.1137555, 45.4586864]], [[9.1137555, 45.4586864], [9.1138349, 45.4584806], [9.1139299, 45.4582343]], [[9.1136734, 45.4588983], [9.113306, 45.4599022]]]}}, {"type": "Feature", "properties": {"id": "SS-MIL-1615", "nome": "Via Cristoforo Colombo", "quartiere": "", "classificazione": "giallo", "score": 3, "note": "strada urbana senza ciclabile", "ciclabile": "no", "n_corsie": "2", "senso_unico": "no", "n_testimonianze": "0", "zona": "B1"}, "geometry": {"type": "MultiLineString", "coordinates": [[[9.0871057, 45.4447989], [9.0872408, 45.4448364], [9.0879338, 45.4450731], [9.088171, 45.4451535], [9.0882338, 45.4451758], [9.0885137, 45.4452716], [9.0889968, 45.4454369], [9.0892522, 45.4455242], [9.0892983, 45.4455401], [9.0893761, 45.4455666], [9.0898971, 45.4457444]], [[9.1059227, 45.4475705], [9.1056979, 45.4481154], [9.105716, 45.4481689], [9.1057469, 45.4482112], [9.1058153, 45.4482508], [9.1076977, 45.4486592]], [[9.1059227, 45.4475705], [9.1059735, 45.447457], [9.1061586, 45.447043], [9.1069476, 45.4452787], [9.1070105, 45.4451376]]]}}, {"type": "Feature", "properties": {"id": "SS-MIL-1618", "nome": "Via Cristoforo Madruzzo", "quartiere": "", "classificazione": "giallo", "score": 3, "note": "strada urbana senza ciclabile (2 corsie)", "ciclabile": "no", "n_corsie": "2", "senso_unico": "no", "n_testimonianze": "0", "zona": "B1"}, "geometry": {"type": "LineString", "coordinates": [[9.1477703, 45.4797723], [9.1478025, 45.4797933], [9.1478654, 45.4798326], [9.1496046, 45.4809642]]}}, {"type": "Feature", "properties": {"id": "SS-MIL-1623", "nome": "Via Cueno", "quartiere": "", "classificazione": "giallo", "score": 3, "note": "strada urbana senza ciclabile", "ciclabile": "no", "n_corsie": "2", "senso_unico": "si", "n_testimonianze": "0", "zona": "B1"}, "geometry": {"type": "LineString", "coordinates": [[9.1542784, 45.4669581], [9.1541668, 45.4670047], [9.1538921, 45.4670296], [9.1535383, 45.4670575], [9.1535272, 45.4670584], [9.1534528, 45.4670344], [9.1534169, 45.4670222]]}}, {"type": "Feature", "properties": {"id": "SS-MIL-1625", "nome": "Via Cuneo", "quartiere": "", "classificazione": "giallo", "score": 3, "note": "strada urbana senza ciclabile", "ciclabile": "no", "n_corsie": "2", "senso_unico": "no", "n_testimonianze": "0", "zona": "B1"}, "geometry": {"type": "MultiLineString", "coordinates": [[[9.1534169, 45.4670222], [9.1542784, 45.4669581]], [[9.1534169, 45.4670222], [9.1533002, 45.4670281]], [[9.1543403, 45.4669517], [9.1542784, 45.4669581]], [[9.1533002, 45.4670281], [9.1531501, 45.4670835], [9.1530274, 45.4671231]], [[9.2661773, 45.4834282], [9.2661731, 45.4832135], [9.2659366, 45.4805519], [9.2659254, 45.480426], [9.26594, 45.4803923], [9.2659109, 45.4803528]]]}}, {"type": "Feature", "properties": {"id": "SS-MIL-1627", "nome": "Via Curie", "quartiere": "", "classificazione": "giallo", "score": 3, "note": "strada urbana senza ciclabile", "ciclabile": "no", "n_corsie": "2", "senso_unico": "si", "n_testimonianze": "0", "zona": "B1"}, "geometry": {"type": "LineString", "coordinates": [[9.0663167, 45.4652504], [9.0686398, 45.4658211]]}}, {"type": "Feature", "properties": {"id": "SS-MIL-1629", "nome": "Via Curio Dentato", "quartiere": "", "classificazione": "giallo", "score": 3, "note": "strada urbana senza ciclabile", "ciclabile": "no", "n_corsie": "2", "senso_unico": "si", "n_testimonianze": "0", "zona": "B1"}, "geometry": {"type": "LineString", "coordinates": [[9.1413198, 45.4500235], [9.1413381, 45.4500036], [9.141384, 45.449943], [9.1415737, 45.4496534], [9.1417152, 45.4494373], [9.1420191, 45.4489774], [9.1422022, 45.4487115], [9.1422122, 45.4486972], [9.1422291, 45.448673]]}}, {"type": "Feature", "properties": {"id": "SS-MIL-1632", "nome": "Via Cusago", "quartiere": "", "classificazione": "rosso", "score": 4, "note": "strada secondaria trafficata (2 corsie)", "ciclabile": "no", "n_corsie": "2", "senso_unico": "si", "n_testimonianze": "0", "zona": "B1"}, "geometry": {"type": "MultiLineString", "coordinates": [[[9.0637361, 45.4564756], [9.0638567, 45.4565217], [9.0640938, 45.4566003], [9.0646666, 45.4567297], [9.065134, 45.4568267]], [[9.0702964, 45.4579058], [9.0701661, 45.4578909], [9.0700461, 45.4578856], [9.069963, 45.4578859], [9.0698864, 45.4578918], [9.0698121, 45.4579076], [9.0697356, 45.4579363]], [[9.0590736, 45.4552276], [9.0591605, 45.4552882], [9.0592553, 45.4553319], [9.0608209, 45.4557588], [9.0629648, 45.4563097], [9.0631054, 45.4563418], [9.0633442, 45.456352]], [[9.0525945, 45.453425], [9.0525996, 45.4534214], [9.0526241, 45.4534078], [9.0526509, 45.4533964], [9.0526794, 45.4533875], [9.0527093, 45.4533811], [9.0527401, 45.4533773], [9.0527713, 45.4533763], [9.0528025, 45.453378], [9.0528331, 45.4533824], [9.0528627, 45.4533894], [9.0528909, 45.4533989], [9.0529171, 45.4534109], [9.052941, 45.453425], [9.0529623, 45.4534411], [9.0529805, 45.4534589], [9.0529955, 45.4534781], [9.0530069, 45.4534985], [9.0530146, 45.4535198], [9.0530185, 45.4535416], [9.0530188, 45.4535482]], [[9.0530188, 45.4535482], [9.0531664, 45.4536126], [9.0539638, 45.4538399], [9.0555162, 45.4542738], [9.0573586, 45.4547924], [9.0585548, 45.4551114], [9.0586695, 45.4551197]], [[9.0632265, 45.4565267], [9.0631349, 45.4564844], [9.0629028, 45.4564017], [9.0619191, 45.4561516], [9.0603437, 45.4557385], [9.0591606, 45.4554195], [9.0589766, 45.4554074]], [[9.0585674, 45.4552796], [9.0583817, 45.4551967], [9.057313, 45.4548913], [9.0560644, 45.4545424], [9.0544956, 45.4540924], [9.0530674, 45.4537091], [9.0529237, 45.4536905]], [[9.0525169, 45.4535624], [9.05237, 45.4535049], [9.0507521, 45.4530658], [9.0496598, 45.4527715]], [[9.0589928, 45.4549927], [9.0589839, 45.4550363], [9.0589875, 45.4550773], [9.0589973, 45.455112], [9.0590148, 45.4551452]], [[9.043153, 45.4462352], [9.0445704, 45.447374], [9.0452118, 45.4478926], [9.0456946, 45.4483031], [9.0459982, 45.4486138], [9.0462425, 45.4489027], [9.0464275, 45.4491737], [9.0466615, 45.4495756], [9.0469048, 45.4501029]], [[9.0497288, 45.452688], [9.0517889, 45.453238], [9.052474, 45.4534152], [9.0525945, 45.453425]], [[9.059052, 45.4548695], [9.0564076, 45.4541142]], [[9.0718805, 45.4583285], [9.0702964, 45.4579058]], [[9.0699019, 45.4576611], [9.069916, 45.457707], [9.0699434, 45.4577442], [9.0699702, 45.4577686], [9.0700029, 45.4577892], [9.0700441, 45.45781], [9.0701152, 45.4578383], [9.0702964, 45.4579058]], [[9.0636579, 45.4566362], [9.0636482, 45.4566427], [9.0636224, 45.4566561], [9.0635945, 45.4566671], [9.0635649, 45.4566757], [9.0635339, 45.4566816], [9.0635022, 45.4566847], [9.0634701, 45.4566851], [9.0634383, 45.4566827], [9.0634071, 45.4566775], [9.063377, 45.4566696], [9.0633486, 45.4566592], [9.0633189, 45.4566443]], [[9.059052, 45.4548695], [9.0590353, 45.4549044], [9.0590046, 45.4549681], [9.0589928, 45.4549927]], [[9.0588092, 45.4550845], [9.0588672, 45.4550739], [9.0589133, 45.4550601], [9.0589591, 45.4550302], [9.0589928, 45.4549927]], [[9.0529237, 45.4536905], [9.0529045, 45.4537005], [9.0528773, 45.4537113], [9.052852, 45.4537186], [9.0528484, 45.4537196], [9.0528182, 45.4537254], [9.0527873, 45.4537285], [9.0527774, 45.4537286]], [[9.0632265, 45.4565267], [9.0632243, 45.4565102], [9.0632253, 45.4564877], [9.0632302, 45.4564655], [9.063239, 45.4564439], [9.0632516, 45.4564232], [9.0632678, 45.4564038], [9.0632872, 45.4563859], [9.0633097, 45.4563699], [9.0633348, 45.4563559], [9.0633442, 45.456352]], [[9.0589766, 45.4554074], [9.0589623, 45.4554148], [9.0589345, 45.4554258], [9.058905, 45.4554343], [9.0588742, 45.4554402], [9.0588426, 45.4554433], [9.0588177, 45.4554436]], [[9.0525169, 45.4535624], [9.0525173, 45.4535363], [9.0525221, 45.4535146], [9.0525307, 45.4534936], [9.052543, 45.4534734], [9.0525587, 45.4534545], [9.0525777, 45.453437], [9.0525945, 45.453425]], [[9.0637361, 45.4564756], [9.0637393, 45.4564931], [9.0637398, 45.4565043], [9.0637378, 45.4565267], [9.0637319, 45.4565488], [9.0637221, 45.4565702], [9.0637086, 45.4565906], [9.0636916, 45.4566097], [9.0636713, 45.4566271], [9.0636579, 45.4566362]], [[9.0633442, 45.456352], [9.0633622, 45.4563443], [9.0633915, 45.4563351], [9.0634222, 45.4563285], [9.0634537, 45.4563247], [9.0634858, 45.4563236], [9.0635177, 45.4563254], [9.0635491, 45.4563299], [9.0635705, 45.4563349]], [[9.0637295, 45.4562855], [9.0637153, 45.4563159], [9.0637062, 45.4563461], [9.0637023, 45.4563747], [9.063702, 45.4564104]], [[9.0530188, 45.4535482], [9.053019, 45.4535525], [9.0530171, 45.4535744], [9.0530113, 45.453596], [9.0530017, 45.4536168], [9.0529886, 45.4536367], [9.052972, 45.4536553], [9.0529522, 45.4536723], [9.0529296, 45.4536875], [9.0529237, 45.4536905]], [[9.0635705, 45.4563349], [9.0636171, 45.4563284], [9.0636567, 45.4563178], [9.0636939, 45.4563032], [9.0637295, 45.4562855]], [[9.0585674, 45.4552796], [9.058566, 45.4552696], [9.058567, 45.4552472], [9.0585719, 45.4552251], [9.0585807, 45.4552036], [9.0585932, 45.455183], [9.0586093, 45.4551637], [9.0586287, 45.4551459], [9.058651, 45.45513], [9.0586695, 45.4551197]], [[9.0590736, 45.4552276], [9.0590786, 45.4552526], [9.0590791, 45.4552638], [9.0590771, 45.4552861], [9.0590712, 45.4553081], [9.0590615, 45.4553294], [9.059048, 45.4553497], [9.0590311, 45.4553687], [9.0590109, 45.455386], [9.0589879, 45.4554015], [9.0589766, 45.4554074]], [[9.0586695, 45.4551197], [9.0586761, 45.4551161], [9.0587033, 45.4551045], [9.0587325, 45.4550953], [9.058763, 45.4550888], [9.0587944, 45.455085], [9.0588092, 45.4550845]], [[9.0787324, 45.4601748], [9.0775031, 45.4598218], [9.076268, 45.4595015]], [[9.0793135, 45.46034], [9.0787324, 45.4601748]], [[9.076268, 45.4595015], [9.0747626, 45.4590989]], [[9.0527774, 45.4537286], [9.0526941, 45.4537832], [9.0526063, 45.4538207]], [[9.0688032, 45.4571986], [9.0682987, 45.4572092], [9.0679796, 45.4572082], [9.0677274, 45.4572007], [9.0674213, 45.4571907], [9.0672389, 45.4571827], [9.0670435, 45.4571696], [9.0667838, 45.4571507], [9.0665054, 45.457125], [9.0660795, 45.4570782], [9.065828, 45.4570439], [9.0656212, 45.4570131], [9.0653875, 45.4569748], [9.0649096, 45.4568886]], [[9.0684749, 45.4571097], [9.0690969, 45.4570838], [9.069324, 45.4570605], [9.0694273, 45.4570282], [9.069556, 45.4569713]], [[9.0718805, 45.4583285], [9.0726916, 45.4585445], [9.0735586, 45.4587829], [9.0736097, 45.4587969], [9.0747626, 45.4590989]], [[9.0649096, 45.4568886], [9.0638733, 45.4566537], [9.0636579, 45.4566362]], [[9.065134, 45.4568267], [9.0658681, 45.4569514], [9.0669511, 45.4570688], [9.0670959, 45.4570758], [9.0675468, 45.4571056], [9.0680701, 45.4571122], [9.0684749, 45.4571097]], [[9.063702, 45.4564104], [9.0637156, 45.456428], [9.0637273, 45.456449], [9.0637353, 45.4564708], [9.0637361, 45.4564756]], [[9.0635705, 45.4563349], [9.0635795, 45.4563371], [9.0636084, 45.4563468], [9.0636353, 45.4563591], [9.0636598, 45.4563735], [9.0636816, 45.45639], [9.063702, 45.4564104]], [[9.0633189, 45.4566443], [9.0632984, 45.4566314], [9.0632774, 45.4566145], [9.0632595, 45.4565958], [9.063245, 45.4565757], [9.0632342, 45.4565545], [9.0632273, 45.4565326], [9.0632265, 45.4565267]], [[9.0590148, 45.4551452], [9.0590212, 45.45515], [9.0590398, 45.4551682], [9.059055, 45.4551878], [9.0590667, 45.4552087], [9.0590736, 45.4552276]], [[9.0638049, 45.4561712], [9.0638012, 45.4561595], [9.0637898, 45.4561482], [9.0637697, 45.4561388], [9.0605942, 45.4552855], [9.0602734, 45.4552117], [9.0601078, 45.4551675], [9.059052, 45.4548695]], [[9.058636, 45.4553872], [9.0586188, 45.4553734], [9.058601, 45.4553548], [9.0585867, 45.4553348], [9.0585759, 45.4553137], [9.058569, 45.4552919], [9.0585674, 45.4552796]], [[9.0637295, 45.4562855], [9.0637474, 45.4562676], [9.0637931, 45.4562195], [9.0638015, 45.456204], [9.0638055, 45.4561863], [9.0638049, 45.4561712]], [[9.0588177, 45.4554436], [9.0588107, 45.4554437], [9.058779, 45.4554413], [9.0587479, 45.4554361], [9.058718, 45.4554283], [9.0586898, 45.4554179], [9.0586635, 45.4554052], [9.058636, 45.4553872]], [[9.0588092, 45.4550845], [9.0588263, 45.4550839], [9.0588581, 45.4550856], [9.0588893, 45.4550901], [9.0589196, 45.4550973], [9.0589483, 45.455107], [9.0589751, 45.4551192], [9.0589995, 45.4551336], [9.0590148, 45.4551452]], [[9.0526063, 45.4538207], [9.0526131, 45.4537539], [9.0526057, 45.4536872]], [[9.0526057, 45.4536872], [9.0525886, 45.4536764], [9.052568, 45.4536599], [9.0525506, 45.4536417], [9.0525365, 45.4536221], [9.052526, 45.4536015], [9.0525192, 45.4535801], [9.0525169, 45.4535624]], [[9.0527774, 45.4537286], [9.052756, 45.4537288], [9.0527249, 45.4537264], [9.0526945, 45.4537214], [9.0526652, 45.4537137], [9.0526375, 45.4537036], [9.0526118, 45.4536911], [9.0526057, 45.4536872]], [[9.0802663, 45.4605906], [9.0801995, 45.4605728], [9.0793135, 45.46034]], [[9.0812599, 45.4608641], [9.0802663, 45.4605906]], [[9.0830606, 45.4613599], [9.0812599, 45.4608641]], [[9.069575, 45.4572453], [9.0694796, 45.4572135], [9.0693622, 45.4571885], [9.0692791, 45.4571838], [9.0691691, 45.4571847], [9.0688032, 45.4571986]], [[9.0863657, 45.4622572], [9.0862531, 45.462226], [9.0861889, 45.4622071], [9.0860127, 45.4621554]], [[9.0860127, 45.4621554], [9.0844412, 45.4617033]], [[9.0844412, 45.4617033], [9.0830606, 45.4613599]], [[9.0875777, 45.4626102], [9.0874938, 45.4625831], [9.0864969, 45.4622981], [9.0863657, 45.4622572]]]}}, {"type": "Feature", "properties": {"id": "SS-MIL-1639", "nome": "Via Dalmine", "quartiere": "", "classificazione": "giallo", "score": 3, "note": "strada urbana senza ciclabile", "ciclabile": "no", "n_corsie": "2", "senso_unico": "si", "n_testimonianze": "0", "zona": "B1"}, "geometry": {"type": "LineString", "coordinates": [[9.0905842, 45.4613198], [9.0906094, 45.461439], [9.0907963, 45.461778], [9.0908484, 45.4619183], [9.0908783, 45.4620258], [9.0909254, 45.4621292], [9.090958, 45.4621454], [9.0916927, 45.4621662], [9.0918701, 45.4621844]]}}, {"type": "Feature", "properties": {"id": "SS-MIL-1644", "nome": "Via Daniele Ricciarelli", "quartiere": "", "classificazione": "giallo", "score": 3, "note": "strada urbana senza ciclabile", "ciclabile": "no", "n_corsie": "2", "senso_unico": "si", "n_testimonianze": "0", "zona": "B1"}, "geometry": {"type": "MultiLineString", "coordinates": [[[9.1374076, 45.4688695], [9.1374852, 45.4689058], [9.1379432, 45.4691906]], [[9.1379432, 45.4691906], [9.1378505, 45.46917], [9.1377911, 45.4691646], [9.1375279, 45.4691763], [9.1374648, 45.4691795], [9.1374272, 45.4691815]], [[9.1439722, 45.4731355], [9.1438869, 45.4730801], [9.1438403, 45.4730506], [9.1436405, 45.4729206], [9.1428847, 45.4724275], [9.1428136, 45.4723816]], [[9.1382661, 45.4694066], [9.1379432, 45.4691906]], [[9.1407599, 45.4710306], [9.1398413, 45.4704442], [9.1397428, 45.470377]], [[9.1397428, 45.470377], [9.1396253, 45.4703058], [9.1385772, 45.4696129], [9.1383418, 45.4694582], [9.1382661, 45.4694066]], [[9.1426947, 45.4723047], [9.1426515, 45.4722761], [9.1417078, 45.4716515]], [[9.1417078, 45.4716515], [9.1415357, 45.4715375], [9.1407599, 45.4710306]], [[9.1427556, 45.4723445], [9.1426947, 45.4723047]], [[9.1428136, 45.4723816], [9.1427849, 45.4723634], [9.1427556, 45.4723445]]]}}, {"type": "Feature", "properties": {"id": "SS-MIL-1646", "nome": "Via Dante", "quartiere": "", "classificazione": "verde", "score": 1, "note": "ciclabile presente (da OpenStreetMap)", "ciclabile": "si", "n_corsie": "2", "senso_unico": "no", "n_testimonianze": "0", "zona": "B1"}, "geometry": {"type": "MultiLineString", "coordinates": [[[9.053001, 45.4813748], [9.0529885, 45.4813459], [9.0529542, 45.481324], [9.0528543, 45.4812869], [9.0528139, 45.4812689], [9.0527959, 45.4812441], [9.052791, 45.4812222], [9.0528038, 45.4811946], [9.0528172, 45.4811674], [9.0528346, 45.4811397], [9.0529624, 45.4809431], [9.0529947, 45.4808963], [9.0533068, 45.4804033], [9.0533355, 45.4803887], [9.0533856, 45.4803792]], [[9.1851994, 45.4659945], [9.1851609, 45.4660255], [9.185148, 45.4660395], [9.1850392, 45.4661256], [9.1847163, 45.466381]], [[9.1837848, 45.466905], [9.1838209, 45.466931], [9.1839131, 45.4669944]], [[9.1847163, 45.466381], [9.1845732, 45.4664901], [9.1839486, 45.4669672], [9.1839131, 45.4669944]], [[9.1827446, 45.4680479], [9.1827346, 45.4680473], [9.1826638, 45.4679895], [9.1826344, 45.4679695], [9.182611, 45.467953], [9.1825754, 45.4679279], [9.1825243, 45.4679036], [9.1824584, 45.4678831], [9.1824401, 45.4678692], [9.182444, 45.4678584], [9.1824533, 45.4678385], [9.1824602, 45.4678252], [9.1825238, 45.4677232], [9.1825712, 45.4676422], [9.182584, 45.4676484], [9.1825953, 45.4676539], [9.1827138, 45.4677309], [9.1829488, 45.4675547], [9.1831606, 45.467395], [9.1832371, 45.4673362], [9.1834131, 45.4672064], [9.1837513, 45.4669493], [9.1837348, 45.4669387], [9.183744, 45.4669323], [9.1837848, 45.466905], [9.1838081, 45.4668848], [9.1838387, 45.4668805], [9.1840025, 45.4667526], [9.1840753, 45.4666987], [9.1841711, 45.4666263], [9.1843379, 45.4665014], [9.1844899, 45.4663863], [9.1848807, 45.4660858], [9.1848444, 45.4660129], [9.1848343, 45.4660125], [9.1848372, 45.4659992], [9.1850093, 45.4660161], [9.1850333, 45.4660184], [9.1851131, 45.4660237], [9.1851609, 45.4660255], [9.1852762, 45.4660305], [9.1853143, 45.4660336], [9.1854134, 45.4660373], [9.1853952, 45.4660477], [9.1853745, 45.4660566], [9.1852897, 45.4660717], [9.1852216, 45.4660957], [9.1852088, 45.4661005], [9.1847897, 45.4664202], [9.1847682, 45.4664417], [9.1847274, 45.4664671], [9.1847016, 45.466488], [9.1846551, 45.4665257], [9.1845885, 45.4665798], [9.1845771, 45.4665891], [9.1841782, 45.4668913], [9.1840268, 45.467006], [9.184017, 45.4670134], [9.1839785, 45.4670401], [9.1839479, 45.4670689], [9.1839376, 45.4670775], [9.1837963, 45.4671843], [9.1835864, 45.4673429], [9.1833614, 45.4675129], [9.1831374, 45.4676822], [9.182907, 45.4678557], [9.1830335, 45.4679377], [9.1830374, 45.4679417], [9.1830429, 45.4679474], [9.1829504, 45.4679786], [9.1827884, 45.4680333], [9.1827579, 45.4680435], [9.1827446, 45.4680479]], [[9.1839131, 45.4669944], [9.183891, 45.467011], [9.183877, 45.4670215], [9.1835439, 45.4672722], [9.1831431, 45.4675737], [9.1828236, 45.4678251], [9.1827646, 45.4678716]], [[9.0901324, 45.507832], [9.0900927, 45.5078521], [9.0900615, 45.507868], [9.0876111, 45.5091762]]]}}, {"type": "Feature", "properties": {"id": "SS-MIL-1653", "nome": "Via Darix Togni", "quartiere": "", "classificazione": "giallo", "score": 3, "note": "strada urbana senza ciclabile", "ciclabile": "no", "n_corsie": "2", "senso_unico": "no", "n_testimonianze": "0", "zona": "B1"}, "geometry": {"type": "MultiLineString", "coordinates": [[[9.0876494, 45.4780898], [9.0875976, 45.4780803], [9.0874429, 45.4780485]], [[9.0887539, 45.4782966], [9.0888593, 45.4782856], [9.0889743, 45.4782673], [9.0890204, 45.4782416], [9.0890552, 45.4782222], [9.0890741, 45.4782042], [9.0891308, 45.4781502]], [[9.0891185, 45.478363], [9.0890213, 45.4783449], [9.0887539, 45.4782966]], [[9.0887539, 45.4782966], [9.0884387, 45.4782372], [9.0883559, 45.4782248], [9.0880238, 45.4781599], [9.0876494, 45.4780898]]]}}, {"type": "Feature", "properties": {"id": "SS-MIL-1658", "nome": "Via De Ruggiero", "quartiere": "", "classificazione": "giallo", "score": 3, "note": "strada urbana senza ciclabile", "ciclabile": "no", "n_corsie": "2", "senso_unico": "si", "n_testimonianze": "0", "zona": "B1"}, "geometry": {"type": "MultiLineString", "coordinates": [[[9.0692618, 45.4712688], [9.0691546, 45.4701508]], [[9.0693046, 45.4720526], [9.0692911, 45.4718858], [9.06931, 45.4717192], [9.0692618, 45.4712688]]]}}, {"type": "Feature", "properties": {"id": "SS-MIL-1660", "nome": "Via Dei Benedettini", "quartiere": "", "classificazione": "giallo", "score": 3, "note": "strada urbana senza ciclabile", "ciclabile": "no", "n_corsie": "2", "senso_unico": "si", "n_testimonianze": "0", "zona": "B1"}, "geometry": {"type": "MultiLineString", "coordinates": [[[9.1346659, 45.4565692], [9.1347641, 45.4566206], [9.134799, 45.4566543], [9.1348158, 45.4566893], [9.1348229, 45.456729], [9.1349143, 45.4579251], [9.1349133, 45.4579296], [9.1349056, 45.4579659], [9.1348778, 45.4580877], [9.1348532, 45.4581438], [9.1348254, 45.4582089]], [[9.1319449, 45.4558989], [9.1320224, 45.4559221], [9.1320915, 45.4559431], [9.132699, 45.456129], [9.1333342, 45.4561803], [9.1333468, 45.4561827], [9.1346659, 45.4565692]], [[9.1349827, 45.4560267], [9.1349496, 45.4560834], [9.134946, 45.4560895], [9.1348979, 45.4561719], [9.1346659, 45.4565692]]]}}, {"type": "Feature", "properties": {"id": "SS-MIL-1662", "nome": "Via Dei Frati", "quartiere": "", "classificazione": "giallo", "score": 3, "note": "strada urbana senza ciclabile", "ciclabile": "no", "n_corsie": "2", "senso_unico": "si", "n_testimonianze": "0", "zona": "B1"}, "geometry": {"type": "MultiLineString", "coordinates": [[[9.0558135, 45.4780573], [9.056913, 45.4782235], [9.0569746, 45.4782334]], [[9.055743, 45.4780297], [9.0558135, 45.4780573]]]}}, {"type": "Feature", "properties": {"id": "SS-MIL-1667", "nome": "Via Demetrio Stratos", "quartiere": "", "classificazione": "verde", "score": 1, "note": "ciclabile presente (da OpenStreetMap)", "ciclabile": "si", "n_corsie": "2", "senso_unico": "no", "n_testimonianze": "0", "zona": "B1"}, "geometry": {"type": "MultiLineString", "coordinates": [[[9.1596599, 45.4767103], [9.1596325, 45.4767109], [9.1596193, 45.4767114], [9.1595947, 45.4767121], [9.1589269, 45.4767316], [9.158522, 45.476742], [9.1583901, 45.4767482], [9.1582144, 45.4767527], [9.1579894, 45.476759], [9.1573542, 45.4767709], [9.1572819, 45.4767756], [9.1568028, 45.4768141], [9.1562889, 45.4768684], [9.1559385, 45.4769225]], [[9.1556896, 45.4769634], [9.1556832, 45.4769644], [9.1552979, 45.4770243], [9.1545037, 45.4771407], [9.1540272, 45.4772199], [9.1536448, 45.4773015], [9.1533337, 45.4773879], [9.1533102, 45.4773972], [9.1531708, 45.4774526], [9.1530025, 45.4775407], [9.1528904, 45.4776237]], [[9.1528904, 45.4776237], [9.152831, 45.4776736], [9.1527201, 45.4777971], [9.1526656, 45.4779106], [9.152577, 45.4781449], [9.1525458, 45.4782598], [9.1525038, 45.4783915], [9.1524125, 45.4786814], [9.1523366, 45.4788436], [9.1521971, 45.4791208], [9.1521874, 45.4791401], [9.1520698, 45.479344], [9.1520183, 45.4794398], [9.1519735, 45.4795292], [9.1518967, 45.479634], [9.1518759, 45.4796599]], [[9.159771, 45.476708], [9.15972, 45.4767088], [9.1596599, 45.4767103]]]}}, {"type": "Feature", "properties": {"id": "SS-MIL-1673", "nome": "Via Desenzano", "quartiere": "", "classificazione": "giallo", "score": 3, "note": "strada urbana senza ciclabile (1 corsie)", "ciclabile": "no", "n_corsie": "1", "senso_unico": "si", "n_testimonianze": "0", "zona": "B1"}, "geometry": {"type": "MultiLineString", "coordinates": [[[9.1413332, 45.4612826], [9.1413126, 45.4613133], [9.141122, 45.4616885]], [[9.1414173, 45.4610081], [9.141426, 45.4610543], [9.1414261, 45.4610981], [9.1413332, 45.4612826]], [[9.1402866, 45.4633683], [9.1402737, 45.4633933], [9.1402424, 45.4634539]], [[9.141122, 45.4616885], [9.1402866, 45.4633683]]]}}, {"type": "Feature", "properties": {"id": "SS-MIL-1675", "nome": "Via Desiderio da Settignano", "quartiere": "", "classificazione": "giallo", "score": 3, "note": "strada urbana senza ciclabile", "ciclabile": "no", "n_corsie": "2", "senso_unico": "si", "n_testimonianze": "0", "zona": "B1"}, "geometry": {"type": "MultiLineString", "coordinates": [[[9.1501803, 45.4771743], [9.1501511, 45.4771562], [9.149609, 45.4767966], [9.1495505, 45.4767585]], [[9.1495505, 45.4767585], [9.1494879, 45.4767183], [9.1487826, 45.4762633], [9.1487036, 45.4762124]], [[9.1487036, 45.4762124], [9.1486559, 45.4761812], [9.1483324, 45.4759735], [9.1483045, 45.4759554], [9.1482525, 45.4759181], [9.1481555, 45.4758536]]]}}, {"type": "Feature", "properties": {"id": "SS-MIL-1676", "nome": "Via Dessiè", "quartiere": "", "classificazione": "rosso", "score": 4, "note": "strada principale trafficata", "ciclabile": "no", "n_corsie": "2", "senso_unico": "si", "n_testimonianze": "0", "zona": "B1"}, "geometry": {"type": "MultiLineString", "coordinates": [[[9.1211064, 45.4762586], [9.1208878, 45.4762613]], [[9.1211114, 45.4761043], [9.1212127, 45.4761031], [9.1212189, 45.476103]], [[9.1234776, 45.4762298], [9.1231897, 45.4762333], [9.1214332, 45.4762547]], [[9.1208857, 45.476107], [9.1211114, 45.4761043]], [[9.1212189, 45.476103], [9.1231799, 45.476079], [9.1232922, 45.4760777]], [[9.1214332, 45.4762547], [9.1211604, 45.476258], [9.1211538, 45.476258], [9.1211064, 45.4762586]]]}}, {"type": "Feature", "properties": {"id": "SS-MIL-1677", "nome": "Via Diano Marina", "quartiere": "", "classificazione": "giallo", "score": 3, "note": "strada urbana senza ciclabile", "ciclabile": "no", "n_corsie": "2", "senso_unico": "no", "n_testimonianze": "0", "zona": "B1"}, "geometry": {"type": "LineString", "coordinates": [[9.1318813, 45.4842183], [9.1319048, 45.4842655], [9.1319211, 45.4842982], [9.1323695, 45.4852012]]}}, {"type": "Feature", "properties": {"id": "SS-MIL-1679", "nome": "Via Digione", "quartiere": "", "classificazione": "giallo", "score": 3, "note": "strada urbana senza ciclabile (1 corsie)", "ciclabile": "no", "n_corsie": "1", "senso_unico": "si", "n_testimonianze": "0", "zona": "B1"}, "geometry": {"type": "MultiLineString", "coordinates": [[[9.1549202, 45.4605026], [9.1550574, 45.4604975], [9.1556063, 45.460484], [9.1559805, 45.4604743]], [[9.1535648, 45.4605436], [9.1536954, 45.4605397], [9.1546702, 45.4605086], [9.1548048, 45.4605063]], [[9.1559805, 45.4604743], [9.1563631, 45.460464], [9.1566992, 45.460455]]]}}, {"type": "Feature", "properties": {"id": "SS-MIL-1684", "nome": "Via Diomede", "quartiere": "", "classificazione": "giallo", "score": 3, "note": "strada urbana senza ciclabile", "ciclabile": "no", "n_corsie": "2", "senso_unico": "no", "n_testimonianze": "0", "zona": "B1"}, "geometry": {"type": "MultiLineString", "coordinates": [[[9.1408074, 45.4804339], [9.1408986, 45.4803436], [9.1410139, 45.4802609], [9.1411507, 45.4801894], [9.1412669, 45.480151], [9.1413548, 45.480122], [9.1415069, 45.4800762], [9.1415685, 45.4800611], [9.1416299, 45.4800461]], [[9.1403057, 45.4788295], [9.1404493, 45.4790663], [9.1405527, 45.4792786], [9.1406309, 45.479497], [9.1406916, 45.4797028], [9.140713, 45.4798218], [9.1407403, 45.480054], [9.1407513, 45.4803251], [9.1407538, 45.4803681], [9.1407725, 45.4804094], [9.1408074, 45.4804339]], [[9.1352258, 45.4835293], [9.1352318, 45.4834787], [9.1352227, 45.4834517], [9.135203, 45.4834047]], [[9.1300964, 45.4846658], [9.129937, 45.4847077], [9.1295618, 45.4848065]], [[9.1305635, 45.4845428], [9.1300964, 45.4846658]], [[9.1295618, 45.4848065], [9.1283668, 45.4850901], [9.128017, 45.4851731]], [[9.1252357, 45.4858733], [9.1252747, 45.4858607], [9.1253664, 45.4858196], [9.1254942, 45.4857824], [9.125753, 45.4857418]], [[9.125753, 45.4857418], [9.1255161, 45.4858286], [9.1254181, 45.4858687], [9.125382, 45.4858913], [9.1253639, 45.4859101], [9.1253436, 45.4859365]], [[9.128017, 45.4851731], [9.1278976, 45.4852012], [9.1277026, 45.4852501], [9.1268525, 45.4854634], [9.125753, 45.4857418]], [[9.1347444, 45.4835135], [9.1344611, 45.4835852], [9.1343402, 45.4836158], [9.1341001, 45.4836765]], [[9.1355354, 45.4833198], [9.135203, 45.4834047]], [[9.1375134, 45.4828271], [9.1372668, 45.4828878], [9.1369055, 45.4829769]], [[9.1362864, 45.4831304], [9.1355354, 45.4833198]], [[9.135203, 45.4834047], [9.1347444, 45.4835135]], [[9.1348291, 45.4836708], [9.1349113, 45.4836503], [9.1351779, 45.4835837], [9.1352019, 45.4835716], [9.1352181, 45.4835527], [9.1352258, 45.4835293]], [[9.1369055, 45.4829769], [9.1362864, 45.4831304]], [[9.1383252, 45.4826317], [9.1379721, 45.4827167], [9.1378367, 45.4827493], [9.1376421, 45.4827961], [9.1375134, 45.4828271]], [[9.1408074, 45.4804339], [9.1407564, 45.4805242], [9.1407299, 45.4806091], [9.1407028, 45.4807291], [9.1406575, 45.4808742], [9.140591, 45.4810834], [9.1405022, 45.4813188], [9.1403693, 45.481547], [9.1401752, 45.4817721], [9.1398221, 45.4821044], [9.1396254, 45.4822617], [9.1395122, 45.4823219], [9.1393546, 45.4823826], [9.1383252, 45.4826317]], [[9.1326307, 45.4840389], [9.1318813, 45.4842183]], [[9.1307692, 45.4844911], [9.1305635, 45.4845428]], [[9.1318813, 45.4842183], [9.1315205, 45.4843075]], [[9.1333717, 45.4838518], [9.1330049, 45.4839401]], [[9.1315205, 45.4843075], [9.1311462, 45.4844003]], [[9.1330049, 45.4839401], [9.1326307, 45.4840389]], [[9.1311462, 45.4844003], [9.1309325, 45.4844476], [9.1307909, 45.4844846], [9.1307692, 45.4844911]], [[9.1341001, 45.4836765], [9.1340541, 45.4836874], [9.1337314, 45.483764]], [[9.1337314, 45.483764], [9.1333717, 45.4838518]], [[9.1400961, 45.4786176], [9.1401798, 45.4786736], [9.1402303, 45.4787239], [9.1403057, 45.4788295]]]}}, {"type": "Feature", "properties": {"id": "SS-MIL-1685", "nome": "Via Dionigi Bussola", "quartiere": "", "classificazione": "giallo", "score": 3, "note": "strada urbana senza ciclabile", "ciclabile": "no", "n_corsie": "2", "senso_unico": "si", "n_testimonianze": "0", "zona": "B1"}, "geometry": {"type": "MultiLineString", "coordinates": [[[9.1566203, 45.4451876], [9.1566741, 45.4451827], [9.156733, 45.4451962], [9.1581406, 45.4457168], [9.1582128, 45.4457511]], [[9.1587483, 45.4459166], [9.1586596, 45.4458907], [9.1582773, 45.4457862], [9.1582128, 45.4457511]], [[9.1593942, 45.4462791], [9.1593771, 45.4462282], [9.1593808, 45.4462095], [9.1593402, 45.4461713], [9.1592966, 45.4461468], [9.1591236, 45.4460826], [9.1590003, 45.4460369], [9.1587483, 45.4459166]], [[9.1587483, 45.4459166], [9.1590244, 45.4460013], [9.15935, 45.446097], [9.1594741, 45.4461538], [9.1595559, 45.4461927]]]}}, {"type": "Feature", "properties": {"id": "SS-MIL-1690", "nome": "Via Domaso", "quartiere": "", "classificazione": "giallo", "score": 3, "note": "strada urbana senza ciclabile", "ciclabile": "no", "n_corsie": "2", "senso_unico": "no", "n_testimonianze": "0", "zona": "B1"}, "geometry": {"type": "MultiLineString", "coordinates": [[[9.1155852, 45.4749573], [9.1156835, 45.4750383]], [[9.116212, 45.4754655], [9.1157542, 45.4750975], [9.1157265, 45.4750752], [9.1156835, 45.4750383]]]}}, {"type": "Feature", "properties": {"id": "SS-MIL-1691", "nome": "Via Domenichino", "quartiere": "", "classificazione": "giallo", "score": 3, "note": "strada urbana senza ciclabile", "ciclabile": "no", "n_corsie": "2", "senso_unico": "si", "n_testimonianze": "0", "zona": "B1"}, "geometry": {"type": "MultiLineString", "coordinates": [[[9.1504655, 45.474083], [9.1503724, 45.4740234], [9.1503427, 45.4740041], [9.1487312, 45.4729502], [9.1486563, 45.4729036]], [[9.1470908, 45.4715743], [9.1471773, 45.4716327], [9.1479794, 45.4721598]], [[9.1471851, 45.471955], [9.1469544, 45.4717973], [9.1468709, 45.471742]], [[9.1477568, 45.4723437], [9.1471851, 45.471955]], [[9.1486563, 45.4729036], [9.1485828, 45.4728578], [9.1477568, 45.4723437]], [[9.1479794, 45.4721598], [9.1488019, 45.472688], [9.1488745, 45.4727346]], [[9.1488745, 45.4727346], [9.148957, 45.4727885], [9.1505261, 45.4738232], [9.1505602, 45.473847], [9.1505854, 45.4738622], [9.1506727, 45.4739198]]]}}, {"type": "Feature", "properties": {"id": "SS-MIL-1698", "nome": "Via Domenico Millelire", "quartiere": "", "classificazione": "giallo", "score": 3, "note": "strada urbana senza ciclabile", "ciclabile": "no", "n_corsie": "2", "senso_unico": "si", "n_testimonianze": "0", "zona": "B1"}, "geometry": {"type": "MultiLineString", "coordinates": [[[9.1279098, 45.4657194], [9.1279248, 45.4657747], [9.1279432, 45.4658123], [9.1279854, 45.4658459], [9.1286791, 45.4662941]], [[9.1302495, 45.4675252], [9.1301932, 45.467489], [9.1294185, 45.4669908], [9.1291107, 45.4667897], [9.1289198, 45.4666651]], [[9.1286791, 45.4662941], [9.1290017, 45.4665026]], [[9.1290017, 45.4665026], [9.1303323, 45.467369], [9.1303972, 45.4674113]], [[9.1289198, 45.4666651], [9.1288212, 45.4666014], [9.1285841, 45.4664467], [9.1285224, 45.466409]], [[9.1285224, 45.466409], [9.1280008, 45.4660656], [9.1278358, 45.465957], [9.1277076, 45.4658791]]]}}, {"type": "Feature", "properties": {"id": "SS-MIL-1702", "nome": "Via Domizio Ulpiano", "quartiere": "", "classificazione": "giallo", "score": 3, "note": "strada urbana senza ciclabile", "ciclabile": "no", "n_corsie": "2", "senso_unico": "si", "n_testimonianze": "0", "zona": "B1"}, "geometry": {"type": "LineString", "coordinates": [[9.1557857, 45.4581602], [9.1556761, 45.4581677], [9.1556322, 45.4581702], [9.1549306, 45.458189], [9.1548399, 45.4581914], [9.1547824, 45.4581929]]}}, {"type": "Feature", "properties": {"id": "SS-MIL-1704", "nome": "Via Domokos", "quartiere": "", "classificazione": "verde", "score": 1, "note": "ciclabile presente (da OpenStreetMap)", "ciclabile": "si", "n_corsie": "2", "senso_unico": "no", "n_testimonianze": "0", "zona": "B1"}, "geometry": {"type": "MultiLineString", "coordinates": [[[9.1263773, 45.4685187], [9.1263225, 45.4685097], [9.1262736, 45.4685016], [9.1260283, 45.4684533], [9.1250647, 45.4682673]], [[9.1250647, 45.4682673], [9.1242863, 45.4681171], [9.1240409, 45.4680698], [9.1235389, 45.4679729], [9.123506, 45.4679666], [9.1234024, 45.4679479], [9.1233359, 45.4679297], [9.1232739, 45.4679024], [9.1225619, 45.4675323], [9.1224786, 45.4674959], [9.1223837, 45.467463], [9.1223029, 45.4674413], [9.1222284, 45.467426], [9.1221437, 45.4674135]], [[9.1221437, 45.4674135], [9.1220641, 45.4674062], [9.1219916, 45.4674089], [9.1219178, 45.4674243], [9.1218691, 45.4674485], [9.121827, 45.4674747], [9.1217893, 45.4675049], [9.1217665, 45.4675416], [9.1217595, 45.4675865], [9.121762, 45.4676309], [9.1217793, 45.4676825], [9.1218001, 45.4677225], [9.1218409, 45.4677742], [9.1219243, 45.4678497]]]}}, {"type": "Feature", "properties": {"id": "SS-MIL-1706", "nome": "Via Don Carlo Gnocchi", "quartiere": "", "classificazione": "giallo", "score": 3, "note": "strada urbana senza ciclabile", "ciclabile": "no", "n_corsie": "2", "senso_unico": "si", "n_testimonianze": "0", "zona": "B1"}, "geometry": {"type": "MultiLineString", "coordinates": [[[9.1239011, 45.4733478], [9.1238373, 45.4733589], [9.1238237, 45.4733603], [9.1238099, 45.4733604], [9.1237962, 45.4733594], [9.1237828, 45.4733572], [9.1237699, 45.4733538], [9.1237577, 45.4733494], [9.1237464, 45.4733439], [9.1237361, 45.4733374], [9.1237271, 45.4733302], [9.1237194, 45.4733221], [9.1237131, 45.4733135], [9.1237085, 45.4733044], [9.1237055, 45.473295], [9.1237042, 45.4732854], [9.1237046, 45.4732757], [9.1237067, 45.4732662], [9.1237105, 45.4732569], [9.1237571, 45.4731982]], [[9.1237571, 45.4731982], [9.1238189, 45.4731952], [9.1238326, 45.4731947], [9.1238464, 45.4731954], [9.1238599, 45.4731974], [9.1238729, 45.4732005], [9.1238853, 45.4732046], [9.1238969, 45.4732099], [9.1239074, 45.4732161], [9.1239168, 45.4732232], [9.1239248, 45.473231], [9.1239314, 45.4732395], [9.1239365, 45.4732485], [9.1239399, 45.4732578], [9.1239418, 45.4732722], [9.123941, 45.4732819], [9.1239365, 45.4732962], [9.1239011, 45.4733478]], [[9.1242424, 45.4730893], [9.1241593, 45.4731007], [9.1241465, 45.4731008], [9.1241337, 45.4730999], [9.1241212, 45.4730978], [9.1241092, 45.4730947], [9.1240978, 45.4730905], [9.1240873, 45.4730854], [9.1240777, 45.4730794], [9.1240693, 45.4730726], [9.1240621, 45.4730652], [9.1240563, 45.4730571], [9.124052, 45.4730487], [9.1240492, 45.4730399], [9.124048, 45.4730309], [9.1240484, 45.4730219], [9.1240579, 45.4729707]], [[9.1240579, 45.4729707], [9.1241271, 45.4729582], [9.1241398, 45.4729566], [9.1241526, 45.4729562], [9.1241654, 45.4729569], [9.124178, 45.4729587], [9.1241901, 45.4729616], [9.1242017, 45.4729655], [9.1242124, 45.4729703], [9.1242223, 45.4729761], [9.124231, 45.4729827], [9.1242446, 45.4729979], [9.1242493, 45.4730063], [9.1242525, 45.473015], [9.1242543, 45.4730284], [9.1242424, 45.4730893]], [[9.1244888, 45.4729026], [9.1244448, 45.4729102], [9.1244313, 45.4729128], [9.1244175, 45.4729141], [9.1244035, 45.4729143], [9.1243895, 45.4729133], [9.1243759, 45.472911], [9.1243628, 45.4729076], [9.1243504, 45.472903], [9.1243389, 45.4728974], [9.1243284, 45.4728909], [9.1243192, 45.4728835], [9.1243114, 45.4728754], [9.1243051, 45.4728666], [9.1243004, 45.4728573], [9.1242973, 45.4728478], [9.124296, 45.472838], [9.1242964, 45.4728282], [9.1242985, 45.4728185], [9.1243024, 45.472809], [9.1243079, 45.4728], [9.1243386, 45.4727698]], [[9.1243386, 45.4727698], [9.1243823, 45.4727586], [9.1243961, 45.4727569], [9.1244101, 45.4727564], [9.1244241, 45.4727572], [9.1244378, 45.4727591], [9.1244511, 45.4727623], [9.1244637, 45.4727665], [9.1244755, 45.4727719], [9.1244862, 45.4727782], [9.1244957, 45.4727854], [9.1245039, 45.4727933], [9.1245106, 45.472802], [9.1245157, 45.4728111], [9.1245192, 45.4728206], [9.1245212, 45.4728353], [9.1245203, 45.4728451], [9.1245178, 45.4728547], [9.1245135, 45.4728641], [9.1245076, 45.472873], [9.1244888, 45.4729026]], [[9.1234347, 45.4737935], [9.1234111, 45.4735837], [9.1234102, 45.4735233], [9.1234229, 45.4734789], [9.1234678, 45.4734242]], [[9.1234397, 45.4739035], [9.1234347, 45.4737935]], [[9.1246939, 45.472546], [9.1246131, 45.4727451], [9.1245653, 45.4728263], [9.1244888, 45.4729026]], [[9.1283287, 45.4697497], [9.1283553, 45.4697108], [9.1283718, 45.4696653], [9.1283818, 45.4696043]], [[9.1258573, 45.4716371], [9.1271939, 45.4706154], [9.1276472, 45.4702697], [9.1282814, 45.4697863], [9.1283287, 45.4697497]], [[9.1246939, 45.472546], [9.1248325, 45.4724275], [9.1256848, 45.4717755], [9.1258244, 45.4716687], [9.1258573, 45.4716371]], [[9.1237571, 45.4731982], [9.1240579, 45.4729707]], [[9.1242424, 45.4730893], [9.1239011, 45.4733478]], [[9.1234678, 45.4734242], [9.1235917, 45.4733216], [9.1237571, 45.4731982]], [[9.1235098, 45.4751264], [9.1235057, 45.4750977], [9.1234803, 45.4746467], [9.1234775, 45.4745959], [9.123452, 45.4741276], [9.123449, 45.4740719], [9.1234397, 45.4739035]], [[9.1239011, 45.4733478], [9.1237194, 45.4734857], [9.1236773, 45.4735186], [9.1235255, 45.4736344], [9.123485, 45.473675], [9.1234629, 45.4737246], [9.1234347, 45.4737935]], [[9.1240579, 45.4729707], [9.1243386, 45.4727698]], [[9.1244888, 45.4729026], [9.1242424, 45.4730893]], [[9.1243386, 45.4727698], [9.1246939, 45.472546]], [[9.1930702, 45.5285972], [9.194308, 45.5285474], [9.194662, 45.5285332]], [[9.1930702, 45.5285972], [9.1929159, 45.5286561], [9.1928667, 45.5286741], [9.1927656, 45.5286865]], [[9.1927507, 45.52853], [9.192849, 45.528532], [9.1929199, 45.5285486], [9.1930702, 45.5285972]]]}}, {"type": "Feature", "properties": {"id": "SS-MIL-1710", "nome": "Via Don Ernesto Vercesi", "quartiere": "", "classificazione": "giallo", "score": 3, "note": "strada urbana senza ciclabile", "ciclabile": "no", "n_corsie": "2", "senso_unico": "si", "n_testimonianze": "0", "zona": "B1"}, "geometry": {"type": "MultiLineString", "coordinates": [[[9.0971453, 45.4579852], [9.0971046, 45.4580423], [9.0968634, 45.4583636]], [[9.0968634, 45.4583636], [9.0966223, 45.458761]], [[9.0966223, 45.458761], [9.095958, 45.4599028], [9.0959411, 45.4599648]], [[9.1931995, 45.5297653], [9.1941749, 45.5297245], [9.1946955, 45.5297654], [9.1956395, 45.5298552], [9.1965933, 45.529946], [9.1967136, 45.5299595], [9.1975758, 45.5300458], [9.1976112, 45.5300489], [9.1977248, 45.5300634]], [[9.1928598, 45.5296831], [9.1929348, 45.5296862], [9.1929958, 45.5296945], [9.1931995, 45.5297653]], [[9.1931995, 45.5297653], [9.1930175, 45.5298775], [9.192954, 45.5298994], [9.1928818, 45.5299159]], [[9.1977248, 45.5300634], [9.1977882, 45.5300719], [9.1990098, 45.530313], [9.1991871, 45.530344]]]}}, {"type": "Feature", "properties": {"id": "SS-MIL-1712", "nome": "Via Don Flaminio Tornaghi", "quartiere": "", "classificazione": "verde", "score": 1, "note": "ciclabile presente (da OpenStreetMap)", "ciclabile": "si", "n_corsie": "2", "senso_unico": "no", "n_testimonianze": "0", "zona": "B1"}, "geometry": {"type": "MultiLineString", "coordinates": [[[9.1129439, 45.4397384], [9.1117874, 45.4393836], [9.1114507, 45.4392797], [9.1104642, 45.4389754], [9.1100942, 45.4388612]], [[9.1129439, 45.4397384], [9.1134309, 45.4398824], [9.1140946, 45.4400787], [9.1141601, 45.4400981]]]}}, {"type": "Feature", "properties": {"id": "SS-MIL-1720", "nome": "Via Don Giuseppe Gervasini", "quartiere": "", "classificazione": "giallo", "score": 3, "note": "strada urbana senza ciclabile", "ciclabile": "no", "n_corsie": "2", "senso_unico": "no", "n_testimonianze": "0", "zona": "B1"}, "geometry": {"type": "MultiLineString", "coordinates": [[[9.0823316, 45.4652194], [9.0821044, 45.465208], [9.0819312, 45.4651905], [9.0817711, 45.4651623], [9.0815868, 45.4651237], [9.0809157, 45.4649481], [9.0808628, 45.4649472]], [[9.0816523, 45.4663264], [9.0816835, 45.466287], [9.082061, 45.4656766], [9.0821418, 45.4655384], [9.0821509, 45.4655229], [9.0821997, 45.4654403], [9.0822369, 45.4653774], [9.0822501, 45.465355], [9.0823316, 45.4652194]], [[9.0802482, 45.4658819], [9.0802434, 45.4659181], [9.0802643, 45.4659562], [9.0803156, 45.4659823], [9.0805928, 45.4660689], [9.0807287, 45.4661114], [9.0815156, 45.4663541], [9.0815664, 45.4663528], [9.0816141, 45.4663469], [9.0816523, 45.4663264]], [[9.0807183, 45.4651246], [9.0802482, 45.4658819]], [[9.0807992, 45.4649943], [9.0807742, 45.4650307], [9.0807552, 45.4650652]], [[9.0807552, 45.4650652], [9.080734, 45.4650994], [9.0807183, 45.4651246]], [[9.0808628, 45.4649472], [9.0808271, 45.4649657], [9.0807992, 45.4649943]]]}}, {"type": "Feature", "properties": {"id": "SS-MIL-1731", "nome": "Via Donatello", "quartiere": "", "classificazione": "giallo", "score": 3, "note": "strada urbana senza ciclabile", "ciclabile": "no", "n_corsie": "2", "senso_unico": "no", "n_testimonianze": "0", "zona": "B1"}, "geometry": {"type": "MultiLineString", "coordinates": [[[9.0882653, 45.4381801], [9.0870992, 45.4376992]], [[9.0518434, 45.4300431], [9.0520448, 45.4297408], [9.0517904, 45.4296573]], [[9.051649, 45.4299755], [9.0514492, 45.4302654], [9.0515808, 45.430312]], [[9.0525658, 45.4302942], [9.0518434, 45.4300431], [9.051649, 45.4299755], [9.0515296, 45.4299341]], [[9.2172193, 45.4802664], [9.2173034, 45.4802675], [9.2173383, 45.480268], [9.2193036, 45.480295], [9.2193892, 45.4802962]], [[9.2170776, 45.4802627], [9.2171665, 45.480264], [9.2172193, 45.4802664]], [[9.2193892, 45.4802962], [9.219495, 45.4802969], [9.2211322, 45.4803084], [9.2212314, 45.4803091]], [[9.2212314, 45.4803091], [9.2213377, 45.4803098], [9.2227609, 45.4803199], [9.2228126, 45.4803139], [9.2228861, 45.4803052]]]}}, {"type": "Feature", "properties": {"id": "SS-MIL-1734", "nome": "Via Donato Montorfano", "quartiere": "", "classificazione": "giallo", "score": 3, "note": "strada urbana senza ciclabile", "ciclabile": "no", "n_corsie": "2", "senso_unico": "no", "n_testimonianze": "0", "zona": "B1"}, "geometry": {"type": "LineString", "coordinates": [[9.14551, 45.4727759], [9.1454683, 45.4727484], [9.1454053, 45.4727071], [9.1446987, 45.4722422], [9.1446574, 45.4722201], [9.1445635, 45.4722041]]}}, {"type": "Feature", "properties": {"id": "SS-MIL-1746", "nome": "Via Edgardo Moltoni", "quartiere": "", "classificazione": "giallo", "score": 3, "note": "strada urbana senza ciclabile", "ciclabile": "no", "n_corsie": "2", "senso_unico": "si", "n_testimonianze": "0", "zona": "B1"}, "geometry": {"type": "MultiLineString", "coordinates": [[[9.0681659, 45.4507103], [9.0682157, 45.4506533], [9.0682779, 45.4505806]], [[9.0683998, 45.4504406], [9.0685168, 45.4503022]], [[9.0681659, 45.4507103], [9.0681074, 45.45079], [9.0678437, 45.451114]], [[9.067169, 45.451871], [9.0667917, 45.4522888]], [[9.0678437, 45.451114], [9.0675105, 45.4514933]], [[9.0675105, 45.4514933], [9.067169, 45.451871]], [[9.0682779, 45.4505806], [9.0683998, 45.4504406]], [[9.0667917, 45.4522888], [9.0665289, 45.4525976], [9.0664906, 45.4526284], [9.0664562, 45.4526496], [9.0664312, 45.4526591]], [[9.0685168, 45.4503022], [9.0685572, 45.4502361], [9.0686888, 45.4500799], [9.0687636, 45.4500017], [9.0688208, 45.4499488]]]}}, {"type": "Feature", "properties": {"id": "SS-MIL-1752", "nome": "Via Edoardo Chinotto", "quartiere": "", "classificazione": "verde", "score": 1, "note": "ciclabile presente (da OpenStreetMap)", "ciclabile": "si", "n_corsie": "2", "senso_unico": "no", "n_testimonianze": "0", "zona": "B1"}, "geometry": {"type": "MultiLineString", "coordinates": [[[9.1271153, 45.4659407], [9.1270845, 45.4660546], [9.1270712, 45.4661029], [9.1270159, 45.4663035], [9.1268474, 45.466914], [9.1265014, 45.4681678], [9.1264733, 45.4682697]], [[9.1273298, 45.4652172], [9.1271488, 45.4658277], [9.1271153, 45.4659407]], [[9.1279824, 45.4630238], [9.1279718, 45.4630587], [9.1279546, 45.4631156], [9.1279098, 45.4632482]], [[9.1279098, 45.4632482], [9.127455, 45.4647794], [9.1274494, 45.4647994], [9.1274227, 45.4648895], [9.1273995, 45.4649676]], [[9.1273995, 45.4649676], [9.1273639, 45.4650951]], [[9.1273639, 45.4650951], [9.1273298, 45.4652172]]]}}, {"type": "Feature", "properties": {"id": "SS-MIL-1757", "nome": "Via Egadi", "quartiere": "", "classificazione": "giallo", "score": 3, "note": "strada urbana senza ciclabile (2 corsie)", "ciclabile": "no", "n_corsie": "2", "senso_unico": "no", "n_testimonianze": "0", "zona": "B1"}, "geometry": {"type": "MultiLineString", "coordinates": [[[9.1574024, 45.4596501], [9.1569453, 45.4597402], [9.1567823, 45.4597735]], [[9.1591302, 45.4602141], [9.1589922, 45.4601688], [9.1589537, 45.4601527], [9.157814, 45.4597823], [9.1574887, 45.4596766], [9.1574024, 45.4596501]]]}}, {"type": "Feature", "properties": {"id": "SS-MIL-1760", "nome": "Via Elba", "quartiere": "", "classificazione": "giallo", "score": 3, "note": "strada urbana senza ciclabile", "ciclabile": "no", "n_corsie": "2", "senso_unico": "si", "n_testimonianze": "0", "zona": "B1"}, "geometry": {"type": "MultiLineString", "coordinates": [[[9.1581413, 45.4632977], [9.1582352, 45.4632645], [9.1582836, 45.4632339], [9.1583094, 45.4632151], [9.1583301, 45.4631923], [9.1584626, 45.462987]], [[9.1571695, 45.4638905], [9.1572187, 45.4637765], [9.1572596, 45.4636917], [9.1572976, 45.4636168], [9.1573096, 45.4635931]], [[9.1579742, 45.4627631], [9.1580115, 45.4628607], [9.1581071, 45.4631871], [9.1581413, 45.4632977]], [[9.1574437, 45.4636128], [9.1574005, 45.4636401], [9.1573359, 45.4637159], [9.15727, 45.4637937], [9.1571695, 45.4638905]], [[9.157375, 45.4634559], [9.1574476, 45.4633674], [9.1578034, 45.4628223], [9.1579034, 45.4626401], [9.1579263, 45.4626053]], [[9.1579742, 45.4627631], [9.1579129, 45.4628399], [9.157546, 45.4634004], [9.1575188, 45.4634614], [9.1575016, 45.4634999]], [[9.1557616, 45.4660414], [9.1561622, 45.4654148], [9.1564761, 45.4649515]], [[9.1569074, 45.464279], [9.1571695, 45.4638905]], [[9.1569074, 45.464279], [9.1568657, 45.4643961], [9.1568328, 45.4644971], [9.1567623, 45.4646298]], [[9.1566778, 45.4645473], [9.1567287, 45.4644798], [9.1568135, 45.4643766], [9.1569074, 45.464279]], [[9.1567623, 45.4646298], [9.1565785, 45.4648409], [9.1564761, 45.4649515]], [[9.1564761, 45.4649515], [9.15652, 45.4648227], [9.1566778, 45.4645473]], [[9.1567623, 45.4646298], [9.1567121, 45.4646066], [9.1566958, 45.4645916], [9.1566828, 45.4645693], [9.1566778, 45.4645473]]]}}, {"type": "Feature", "properties": {"id": "SS-MIL-1763", "nome": "Via Eleuterio Pagliano", "quartiere": "", "classificazione": "giallo", "score": 3, "note": "strada urbana senza ciclabile", "ciclabile": "no", "n_corsie": "2", "senso_unico": "no", "n_testimonianze": "0", "zona": "B1"}, "geometry": {"type": "MultiLineString", "coordinates": [[[9.1463139, 45.4746655], [9.1462483, 45.4746225], [9.145746, 45.4742938]], [[9.1481555, 45.4758536], [9.1480501, 45.4757844], [9.1480134, 45.4757609], [9.1479816, 45.4757407], [9.1464181, 45.4747323], [9.1463139, 45.4746655]], [[9.1454747, 45.4741236], [9.1446256, 45.4735545], [9.1446171, 45.4735488], [9.1445427, 45.4734993]], [[9.145746, 45.4742938], [9.1454747, 45.4741236]]]}}, {"type": "Feature", "properties": {"id": "SS-MIL-1765", "nome": "Via Eligio Brigatti", "quartiere": "", "classificazione": "giallo", "score": 3, "note": "strada urbana senza ciclabile", "ciclabile": "no", "n_corsie": "2", "senso_unico": "si", "n_testimonianze": "0", "zona": "B1"}, "geometry": {"type": "MultiLineString", "coordinates": [[[9.0927948, 45.4608426], [9.0928033, 45.4609054], [9.0927417, 45.4618106], [9.0927509, 45.4618516]], [[9.0927509, 45.4618516], [9.0927812, 45.4619028], [9.0928507, 45.46202], [9.0928548, 45.4620236], [9.0928596, 45.4620266], [9.0933019, 45.4621628], [9.093332, 45.4621717], [9.0933614, 45.4621804]]]}}, {"type": "Feature", "properties": {"id": "SS-MIL-1769", "nome": "Via Emanuele Filiberto", "quartiere": "", "classificazione": "giallo", "score": 3, "note": "strada urbana senza ciclabile", "ciclabile": "no", "n_corsie": "2", "senso_unico": "no", "n_testimonianze": "0", "zona": "B1"}, "geometry": {"type": "MultiLineString", "coordinates": [[[9.1587877, 45.48605], [9.1586877, 45.4859835], [9.1586589, 45.4859643], [9.1586261, 45.4859425]], [[9.1585135, 45.4858676], [9.1584568, 45.4858307], [9.1583643, 45.4857704], [9.1582301, 45.4856831], [9.1567595, 45.4847256], [9.1567027, 45.4846887], [9.1566522, 45.4846558]], [[9.1586261, 45.4859425], [9.1585652, 45.485902]], [[9.1585652, 45.485902], [9.1585266, 45.4858763], [9.1585135, 45.4858676]]]}}, {"type": "Feature", "properties": {"id": "SS-MIL-1773", "nome": "Via Emanuele Odazio", "quartiere": "", "classificazione": "giallo", "score": 3, "note": "strada urbana senza ciclabile", "ciclabile": "no", "n_corsie": "2", "senso_unico": "no", "n_testimonianze": "0", "zona": "B1"}, "geometry": {"type": "MultiLineString", "coordinates": [[[9.133211, 45.4488033], [9.1332539, 45.4487364], [9.1335226, 45.4483235]], [[9.1335226, 45.4483235], [9.1342322, 45.4472318], [9.1342642, 45.4471815]]]}}, {"type": "Feature", "properties": {"id": "SS-MIL-1796", "nome": "Via Enna", "quartiere": "", "classificazione": "giallo", "score": 3, "note": "strada urbana senza ciclabile (1 corsie)", "ciclabile": "no", "n_corsie": "1", "senso_unico": "si", "n_testimonianze": "0", "zona": "B1"}, "geometry": {"type": "MultiLineString", "coordinates": [[[9.1288595, 45.4383439], [9.1287925, 45.438289], [9.1286983, 45.4382591], [9.1278718, 45.4380574], [9.1274087, 45.43792], [9.1273312, 45.4378968], [9.127246, 45.4378744]], [[9.1272942, 45.4377528], [9.1273825, 45.4377957], [9.1274749, 45.4378255], [9.1279036, 45.4379631], [9.128765, 45.4381771], [9.1288526, 45.4382099], [9.1288845, 45.4382493], [9.1288835, 45.4382817], [9.1288595, 45.4383439]], [[9.127246, 45.4378744], [9.1272942, 45.4377528]]]}}, {"type": "Feature", "properties": {"id": "SS-MIL-1829", "nome": "Via Enzo Ferrieri", "quartiere": "", "classificazione": "giallo", "score": 3, "note": "strada urbana senza ciclabile", "ciclabile": "no", "n_corsie": "2", "senso_unico": "si", "n_testimonianze": "0", "zona": "B1"}, "geometry": {"type": "MultiLineString", "coordinates": [[[9.0901189, 45.4782505], [9.090118, 45.4783188], [9.0901207, 45.4784497], [9.090116, 45.4784684], [9.0900982, 45.4785358]], [[9.089906, 45.4785084], [9.0899405, 45.4784473], [9.0899634, 45.4784082], [9.0899814, 45.4783869], [9.090042, 45.4783204], [9.0901189, 45.4782505]], [[9.0901189, 45.4782505], [9.0907658, 45.4772041]], [[9.0907658, 45.4772041], [9.0908229, 45.4771101], [9.0911682, 45.4765714], [9.0912025, 45.4765502]], [[9.0912025, 45.4765502], [9.0912517, 45.4765503], [9.0913929, 45.4765945], [9.0931204, 45.4771351], [9.0932405, 45.4771722]]]}}, {"type": "Feature", "properties": {"id": "SS-MIL-1845", "nome": "Via Ernesto Besenzanica", "quartiere": "", "classificazione": "giallo", "score": 3, "note": "strada urbana senza ciclabile (1 corsie)", "ciclabile": "no", "n_corsie": "1", "senso_unico": "si", "n_testimonianze": "0", "zona": "B1"}, "geometry": {"type": "MultiLineString", "coordinates": [[[9.1321562, 45.4652524], [9.1321461, 45.4651494], [9.1321234, 45.4648161], [9.132092, 45.4640634], [9.1320875, 45.4640065]], [[9.1320875, 45.4640065], [9.1321114, 45.4631343], [9.1321123, 45.4631139], [9.1321108, 45.4630442]]]}}, {"type": "Feature", "properties": {"id": "SS-MIL-1850", "nome": "Via Ernesto Rossi", "quartiere": "", "classificazione": "giallo", "score": 3, "note": "strada urbana senza ciclabile (2 corsie)", "ciclabile": "no", "n_corsie": "2", "senso_unico": "no", "n_testimonianze": "0", "zona": "B1"}, "geometry": {"type": "MultiLineString", "coordinates": [[[9.1435273, 45.443561], [9.1434421, 45.4435436], [9.1419984, 45.4431691], [9.1418929, 45.443145], [9.1417648, 45.4431161]], [[9.1417648, 45.4431161], [9.1413497, 45.4430247], [9.1411675, 45.4429836], [9.1409599, 45.4429371], [9.1407684, 45.4428951], [9.1405491, 45.4428444], [9.1402193, 45.4427697]], [[9.1402193, 45.4427697], [9.1399238, 45.4427028], [9.1398579, 45.442683], [9.1398092, 45.4426684]]]}}, {"type": "Feature", "properties": {"id": "SS-MIL-1855", "nome": "Via Eschilo", "quartiere": "", "classificazione": "giallo", "score": 3, "note": "strada urbana senza ciclabile (1 corsie)", "ciclabile": "no", "n_corsie": "1", "senso_unico": "si", "n_testimonianze": "0", "zona": "B1"}, "geometry": {"type": "MultiLineString", "coordinates": [[[9.1589618, 45.4748639], [9.1588815, 45.4748128], [9.1584719, 45.4745355], [9.1584348, 45.4745102]], [[9.1584348, 45.4745102], [9.1575327, 45.4745343], [9.157505, 45.474535], [9.157445, 45.4745363]]]}}, {"type": "Feature", "properties": {"id": "SS-MIL-1864", "nome": "Via Ettore Ponti", "quartiere": "", "classificazione": "giallo", "score": 3, "note": "strada urbana senza ciclabile", "ciclabile": "no", "n_corsie": "2", "senso_unico": "si", "n_testimonianze": "0", "zona": "B1"}, "geometry": {"type": "MultiLineString", "coordinates": [[[9.1553442, 45.4423225], [9.1550247, 45.4422665], [9.1549281, 45.4422595]], [[9.1549281, 45.4422595], [9.1548268, 45.442247], [9.1547272, 45.4422233], [9.1533302, 45.4418521], [9.1532301, 45.4418247]], [[9.1533116, 45.4416851], [9.1532627, 45.441769]], [[9.1517632, 45.4414348], [9.151789, 45.4413712]], [[9.1507087, 45.4410004], [9.1506764, 45.4410739]], [[9.150212, 45.4409486], [9.1504342, 45.4409236], [9.1506103, 45.4409676]], [[9.1506493, 45.4411334], [9.150552, 45.4411145]], [[9.1517632, 45.4414348], [9.1506493, 45.4411334]], [[9.1507087, 45.4410004], [9.1518296, 45.4412852]], [[9.1506103, 45.4409676], [9.1507087, 45.4410004]], [[9.150552, 45.4411145], [9.1505002, 45.4411003], [9.1503973, 45.4410743], [9.1502791, 45.4410601], [9.1500556, 45.4410798]], [[9.1518296, 45.4412852], [9.1519085, 45.4413065], [9.1528169, 45.4415516], [9.1533116, 45.4416851]], [[9.1586032, 45.4431875], [9.1588328, 45.4432246], [9.159003, 45.443253], [9.1591111, 45.4432719], [9.159216, 45.4432954]], [[9.1532301, 45.4418247], [9.152486, 45.4416198], [9.1518257, 45.4414503], [9.1517632, 45.4414348]], [[9.1586032, 45.4431875], [9.1585823, 45.4431815], [9.1576068, 45.4429207], [9.1564585, 45.4426133], [9.156314, 45.4425746]], [[9.1533116, 45.4416851], [9.1534065, 45.4417105], [9.1546751, 45.442056], [9.1546957, 45.4420601]], [[9.1591502, 45.4433924], [9.1590412, 45.4433567], [9.1588023, 45.4432732], [9.1586032, 45.4431875]], [[9.1506764, 45.4410739], [9.1506493, 45.4411334]], [[9.1532627, 45.441769], [9.1532301, 45.4418247]], [[9.151789, 45.4413712], [9.1518296, 45.4412852]], [[9.156314, 45.4425746], [9.1562069, 45.4425459], [9.1560884, 45.4425142], [9.1556373, 45.4424002], [9.1554885, 45.4423579]], [[9.1549131, 45.4421113], [9.1550267, 45.4421477], [9.155239, 45.4422158], [9.1554885, 45.4423579]], [[9.1554885, 45.4423579], [9.1553442, 45.4423225]], [[9.1546957, 45.4420601], [9.1548235, 45.4420925], [9.1549131, 45.4421113]]]}}, {"type": "Feature", "properties": {"id": "SS-MIL-1865", "nome": "Via Ettore Romagnoli", "quartiere": "", "classificazione": "giallo", "score": 3, "note": "strada urbana senza ciclabile", "ciclabile": "no", "n_corsie": "2", "senso_unico": "si", "n_testimonianze": "0", "zona": "B1"}, "geometry": {"type": "MultiLineString", "coordinates": [[[9.1460178, 45.4560133], [9.1460502, 45.455957], [9.1463627, 45.4554218]], [[9.1466304, 45.4549628], [9.1466712, 45.4548929]], [[9.1469367, 45.4544375], [9.1468179, 45.4546413], [9.1467817, 45.4547033]], [[9.1466304, 45.4549628], [9.1465815, 45.4550429], [9.1464614, 45.4552526]], [[9.1474514, 45.453564], [9.1474192, 45.4536174], [9.1472523, 45.4538948], [9.1471894, 45.4540042], [9.1469688, 45.454384], [9.1469367, 45.4544375]], [[9.1467817, 45.4547033], [9.1466712, 45.4548929]], [[9.1464614, 45.4552526], [9.1463974, 45.4553623], [9.1463627, 45.4554218]]]}}, {"type": "Feature", "properties": {"id": "SS-MIL-1878", "nome": "Via Eugenio Montale", "quartiere": "", "classificazione": "verde", "score": 1, "note": "ciclabile presente (da OpenStreetMap)", "ciclabile": "si", "n_corsie": "2", "senso_unico": "no", "n_testimonianze": "0", "zona": "B1"}, "geometry": {"type": "MultiLineString", "coordinates": [[[9.0448897, 45.4509646], [9.0449149, 45.4509341], [9.0449448, 45.450898], [9.0449788, 45.4508568], [9.0453186, 45.450679], [9.0456145, 45.4504819], [9.0456509, 45.4504566], [9.0456688, 45.450423], [9.045665, 45.4503872], [9.04564, 45.4503558], [9.0455986, 45.4503347], [9.0454287, 45.4502707], [9.0453986, 45.4502594]], [[9.1179401, 45.4880705], [9.1176067, 45.4882798], [9.1175606, 45.4883067], [9.1174332, 45.4883811]], [[9.1166574, 45.4888792], [9.1150465, 45.4897387], [9.1150315, 45.4897481], [9.115022, 45.489761], [9.1150157, 45.4897746], [9.115013, 45.489787], [9.1150145, 45.4897992]], [[9.1179401, 45.4880705], [9.1179704, 45.4880143], [9.1179968, 45.4879881], [9.1180903, 45.4879079]], [[9.1181834, 45.4877987], [9.1182622, 45.4877156], [9.1183293, 45.4875657], [9.1184073, 45.487503]], [[9.1184073, 45.487503], [9.1184188, 45.4875835], [9.1183543, 45.4877451], [9.118333, 45.4878171]], [[9.1181629, 45.4879846], [9.1180674, 45.4880329], [9.118021, 45.4880546], [9.1179401, 45.4880705]], [[9.118238, 45.485497], [9.1185825, 45.4866148], [9.1185829, 45.4866186], [9.1186022, 45.4868565], [9.118573, 45.4871212], [9.1184994, 45.4873019], [9.1184318, 45.4874681], [9.1184073, 45.487503]], [[9.118238, 45.485497], [9.1181234, 45.4852421], [9.1180444, 45.4850601], [9.1180267, 45.4850193], [9.1179744, 45.4849071]], [[9.1174332, 45.4883811], [9.1167745, 45.4887327], [9.1166533, 45.4887968], [9.1148534, 45.4897495]], [[9.1181004, 45.4849335], [9.1181299, 45.485032], [9.1181925, 45.485245]], [[9.1181925, 45.485245], [9.118238, 45.485497]], [[9.1135032, 45.4905804], [9.1131846, 45.4907535], [9.1131399, 45.4907873], [9.1131156, 45.4908118], [9.1130996, 45.490828], [9.113078, 45.490838]], [[9.1148865, 45.4898632], [9.1148411, 45.4898895], [9.1147607, 45.4899107], [9.11449, 45.4900515]], [[9.1150145, 45.4897992], [9.1149398, 45.4898364], [9.1148865, 45.4898632]], [[9.113078, 45.490838], [9.1130148, 45.4908633]], [[9.1135691, 45.4905434], [9.1135299, 45.4905654], [9.1135032, 45.4905804]], [[9.1137687, 45.4904357], [9.1135691, 45.4905434]], [[9.1144513, 45.4900728], [9.1141328, 45.4902434]], [[9.11449, 45.4900515], [9.1144782, 45.4900578], [9.1144513, 45.4900728]], [[9.1140859, 45.4902664], [9.1138374, 45.4903987]], [[9.1141328, 45.4902434], [9.1141041, 45.4902574], [9.1140859, 45.4902664]], [[9.1138374, 45.4903987], [9.1137687, 45.4904357]], [[9.1168023, 45.4888012], [9.116741, 45.4888344], [9.1166994, 45.4888566], [9.1166574, 45.4888792]], [[9.1174688, 45.4884651], [9.1171664, 45.4886244], [9.1169359, 45.4887312], [9.1168023, 45.4888012]], [[9.1175325, 45.4884312], [9.1174985, 45.4884486], [9.1174688, 45.4884651]], [[9.1175606, 45.4883067], [9.1175842, 45.4883626], [9.1175902, 45.4883786], [9.1175882, 45.4883917], [9.1175754, 45.4884054], [9.1175325, 45.4884312]]]}}, {"type": "Feature", "properties": {"id": "SS-MIL-1880", "nome": "Via Eugenio Quarti", "quartiere": "", "classificazione": "giallo", "score": 3, "note": "strada urbana senza ciclabile", "ciclabile": "no", "n_corsie": "2", "senso_unico": "no", "n_testimonianze": "0", "zona": "B1"}, "geometry": {"type": "MultiLineString", "coordinates": [[[9.0901533, 45.470037], [9.0902122, 45.4700525], [9.0902428, 45.4700605], [9.0912602, 45.4703293]], [[9.0912602, 45.4703293], [9.0915309, 45.4703981]], [[9.0915309, 45.4703981], [9.0927993, 45.4705883]]]}}, {"type": "Feature", "properties": {"id": "SS-MIL-1885", "nome": "Via Euripide", "quartiere": "", "classificazione": "giallo", "score": 3, "note": "strada urbana senza ciclabile (1 corsie)", "ciclabile": "no", "n_corsie": "1", "senso_unico": "si", "n_testimonianze": "0", "zona": "B1"}, "geometry": {"type": "MultiLineString", "coordinates": [[[9.1588306, 45.475264], [9.1587714, 45.4751674], [9.1587295, 45.47511], [9.1587197, 45.4750895], [9.1587296, 45.4750649], [9.1587538, 45.4750317], [9.1589618, 45.4748639]], [[9.1589618, 45.4748639], [9.1592155, 45.4746618], [9.159241, 45.4746515], [9.1593237, 45.4746512], [9.1594578, 45.474709], [9.1595066, 45.4747301]]]}}, {"type": "Feature", "properties": {"id": "SS-MIL-1894", "nome": "Via F.R. Lamennais", "quartiere": "", "classificazione": "giallo", "score": 3, "note": "strada urbana senza ciclabile", "ciclabile": "no", "n_corsie": "2", "senso_unico": "no", "n_testimonianze": "0", "zona": "B1"}, "geometry": {"type": "MultiLineString", "coordinates": [[[9.1131067, 45.4720237], [9.1130893, 45.4721131], [9.1128087, 45.4735595], [9.112844, 45.473606], [9.1129214, 45.4736304], [9.1129955, 45.4736636], [9.1130672, 45.4737724], [9.1131606, 45.4739264]], [[9.1131606, 45.4739264], [9.1131083, 45.4742]]]}}, {"type": "Feature", "properties": {"id": "SS-MIL-1908", "nome": "Via Fantasio Piccoli", "quartiere": "", "classificazione": "giallo", "score": 3, "note": "strada urbana senza ciclabile", "ciclabile": "no", "n_corsie": "2", "senso_unico": "no", "n_testimonianze": "0", "zona": "B1"}, "geometry": {"type": "MultiLineString", "coordinates": [[[9.0863687, 45.4762427], [9.086393, 45.4761619]], [[9.0855579, 45.4770185], [9.0857123, 45.4769151], [9.0858269, 45.4768278]], [[9.0855579, 45.4770185], [9.0855346, 45.4770934], [9.0854956, 45.4772184]], [[9.0853138, 45.4771712], [9.0854714, 45.4770726], [9.0855579, 45.4770185]], [[9.0862997, 45.4763832], [9.0863329, 45.4763211], [9.0863687, 45.4762427]], [[9.086393, 45.4761619], [9.086406, 45.4761149], [9.0864833, 45.4758352], [9.0865176, 45.4757061]], [[9.0860702, 45.4766428], [9.0861629, 45.4765691], [9.0862246, 45.4764996], [9.0862723, 45.4764236], [9.0862997, 45.4763832]], [[9.0865176, 45.4757061], [9.0865455, 45.4756092], [9.0865995, 45.4754508], [9.0870304, 45.4747922]], [[9.0858269, 45.4768278], [9.0860395, 45.476666], [9.0860702, 45.4766428]]]}}, {"type": "Feature", "properties": {"id": "SS-MIL-1913", "nome": "Via Fausto Coppi", "quartiere": "", "classificazione": "giallo", "score": 3, "note": "strada urbana senza ciclabile (1 corsie)", "ciclabile": "no", "n_corsie": "1", "senso_unico": "si", "n_testimonianze": "0", "zona": "B1"}, "geometry": {"type": "MultiLineString", "coordinates": [[[9.138156, 45.4767072], [9.1380042, 45.4768225], [9.1378747, 45.4769209], [9.1378099, 45.4770749]], [[9.1378099, 45.4770749], [9.1377342, 45.4772551], [9.1377255, 45.4772748], [9.1376911, 45.4773124], [9.1371469, 45.4777281], [9.1371033, 45.4777535], [9.137059, 45.4777583]]]}}, {"type": "Feature", "properties": {"id": "SS-MIL-1921", "nome": "Via Federico Engels", "quartiere": "", "classificazione": "giallo", "score": 3, "note": "strada urbana senza ciclabile", "ciclabile": "no", "n_corsie": "2", "senso_unico": "si", "n_testimonianze": "0", "zona": "B1"}, "geometry": {"type": "MultiLineString", "coordinates": [[[9.1106974, 45.4754697], [9.1106718, 45.4754672], [9.110641, 45.4754672], [9.1106041, 45.4754715], [9.1105687, 45.475479], [9.1100649, 45.4756446]], [[9.1100649, 45.4756446], [9.1099404, 45.4756897]], [[9.1099404, 45.4756897], [9.1094272, 45.4758549], [9.1084564, 45.4761903], [9.1083944, 45.4762092], [9.1083188, 45.4762335]]]}}, {"type": "Feature", "properties": {"id": "SS-MIL-1922", "nome": "Via Federico Faruffini", "quartiere": "", "classificazione": "giallo", "score": 3, "note": "strada urbana senza ciclabile", "ciclabile": "no", "n_corsie": "2", "senso_unico": "si", "n_testimonianze": "0", "zona": "B1"}, "geometry": {"type": "MultiLineString", "coordinates": [[[9.1502258, 45.466978], [9.1501994, 45.466977], [9.1501522, 45.4669753], [9.1500569, 45.4669718], [9.149988, 45.4669805], [9.1499265, 45.467007], [9.1498883, 45.467034], [9.1494784, 45.4673376]], [[9.1453452, 45.4701103], [9.1454976, 45.470088], [9.1455774, 45.4700799], [9.1456183, 45.4700697], [9.1456788, 45.4700526], [9.1457162, 45.470033]], [[9.1458551, 45.4700976], [9.145764, 45.4701748], [9.1457145, 45.4702313], [9.1456015, 45.4703901]], [[9.146316, 45.4697465], [9.1462502, 45.4697966], [9.1458551, 45.4700976]], [[9.1461873, 45.4696756], [9.1466567, 45.4693195]], [[9.1494784, 45.4673376], [9.1492004, 45.4675493], [9.1491423, 45.4675937]], [[9.1491423, 45.4675937], [9.149081, 45.4676403], [9.1483008, 45.4682346], [9.1482076, 45.4683056]], [[9.1480912, 45.4682311], [9.1481808, 45.4681632], [9.1489695, 45.4675648], [9.1490293, 45.4675195]], [[9.1482076, 45.4683056], [9.148125, 45.4683685], [9.1476942, 45.4686967]], [[9.1472428, 45.4690405], [9.1470363, 45.4691979], [9.1467757, 45.4693964]], [[9.1476942, 45.4686967], [9.1473007, 45.4689964], [9.1472428, 45.4690405]], [[9.1467757, 45.4693964], [9.146316, 45.4697465]], [[9.1471224, 45.4689662], [9.1471823, 45.4689207], [9.1475796, 45.4686193]], [[9.1466567, 45.4693195], [9.1471224, 45.4689662]], [[9.1475796, 45.4686193], [9.1480108, 45.4682922], [9.1480912, 45.4682311]], [[9.1457162, 45.470033], [9.1461318, 45.4697178], [9.1461873, 45.4696756]]]}}, {"type": "Feature", "properties": {"id": "SS-MIL-1926", "nome": "Via Federico Tesio", "quartiere": "", "classificazione": "giallo", "score": 3, "note": "strada urbana senza ciclabile", "ciclabile": "no", "n_corsie": "2", "senso_unico": "no", "n_testimonianze": "0", "zona": "B1"}, "geometry": {"type": "MultiLineString", "coordinates": [[[9.1189333, 45.4806687], [9.1191826, 45.4807423], [9.1194523, 45.4808136]], [[9.1201768, 45.4811118], [9.1200797, 45.481086], [9.1198953, 45.481023], [9.1197152, 45.4809347], [9.1194523, 45.4808136]], [[9.1194523, 45.4808136], [9.1200795, 45.4808835]], [[9.1173267, 45.4769503], [9.1173368, 45.477247], [9.1173393, 45.4772901], [9.1173602, 45.4776459], [9.1173723, 45.4780935], [9.1174016, 45.4792499], [9.1174131, 45.4797187], [9.1174513, 45.4798851], [9.1175424, 45.4800013], [9.1176765, 45.4800978], [9.1179721, 45.4802545], [9.1187851, 45.4806133], [9.1189333, 45.4806687]], [[9.1173091, 45.4765089], [9.1173115, 45.4765745], [9.1173317, 45.4767344], [9.1173267, 45.4769503]], [[9.1171608, 45.4765403], [9.1171047, 45.476412], [9.1170793, 45.4763623], [9.1170633, 45.4763078]], [[9.117301, 45.4763049], [9.1173041, 45.476364], [9.1173091, 45.4765089]], [[9.1173267, 45.4769503], [9.1172227, 45.4766819], [9.1171608, 45.4765403]]]}}, {"type": "Feature", "properties": {"id": "SS-MIL-1931", "nome": "Via Felice Bisleri", "quartiere": "", "classificazione": "giallo", "score": 3, "note": "strada urbana senza ciclabile", "ciclabile": "no", "n_corsie": "2", "senso_unico": "no", "n_testimonianze": "0", "zona": "B1"}, "geometry": {"type": "MultiLineString", "coordinates": [[[9.140587, 45.4676373], [9.1405627, 45.4676557], [9.1405327, 45.4676788], [9.1393488, 45.4685841], [9.1393084, 45.468615]], [[9.1393084, 45.468615], [9.1392694, 45.468644], [9.1383466, 45.4693465], [9.1382661, 45.4694066]]]}}, {"type": "Feature", "properties": {"id": "SS-MIL-1933", "nome": "Via Felice Casorati", "quartiere": "", "classificazione": "giallo", "score": 3, "note": "strada urbana senza ciclabile", "ciclabile": "no", "n_corsie": "2", "senso_unico": "no", "n_testimonianze": "0", "zona": "B1"}, "geometry": {"type": "MultiLineString", "coordinates": [[[9.0694165, 45.4528282], [9.0693517, 45.4528932], [9.0693028, 45.4529464]], [[9.0702292, 45.4521416], [9.0694165, 45.4528282]], [[9.0702292, 45.4521416], [9.0705803, 45.4518392], [9.0706414, 45.4517855]]]}}, {"type": "Feature", "properties": {"id": "SS-MIL-1941", "nome": "Via Felice Venosta", "quartiere": "", "classificazione": "giallo", "score": 3, "note": "strada urbana senza ciclabile", "ciclabile": "no", "n_corsie": "2", "senso_unico": "no", "n_testimonianze": "0", "zona": "B1"}, "geometry": {"type": "MultiLineString", "coordinates": [[[9.1583566, 45.4387585], [9.1583592, 45.4387194], [9.1583685, 45.4385811], [9.1584415, 45.437493], [9.158448, 45.4373896]], [[9.157748, 45.4398841], [9.1577746, 45.4398348], [9.1577975, 45.4397901], [9.1580401, 45.4393439], [9.1580742, 45.4392808], [9.1582914, 45.4388791], [9.1583421, 45.4387853], [9.1583566, 45.4387585]], [[9.157124, 45.4410031], [9.1571735, 45.4409493], [9.1576995, 45.4399707], [9.1577308, 45.4399148], [9.157748, 45.4398841]]]}}, {"type": "Feature", "properties": {"id": "SS-MIL-1949", "nome": "Via Ferdinando Magellano", "quartiere": "", "classificazione": "giallo", "score": 3, "note": "strada urbana senza ciclabile", "ciclabile": "no", "n_corsie": "2", "senso_unico": "no", "n_testimonianze": "0", "zona": "B1"}, "geometry": {"type": "MultiLineString", "coordinates": [[[9.0826699, 45.4404257], [9.0825842, 45.4403819], [9.0800188, 45.4390707], [9.0798241, 45.4389992], [9.0796802, 45.4390005], [9.0795247, 45.439042], [9.0794269, 45.4391327], [9.0778576, 45.4406944], [9.0778189, 45.4407979], [9.0778472, 45.4408571], [9.0779232, 45.4409298], [9.0794257, 45.4416594], [9.0796003, 45.4417447], [9.0803255, 45.4420956], [9.0804161, 45.4421394]], [[9.0810815, 45.4419846], [9.0810389, 45.4421493], [9.0810346, 45.4422445]], [[9.0804161, 45.4421394], [9.0806237, 45.4421875], [9.0807285, 45.4421932], [9.080814, 45.4421959]], [[9.0808535, 45.4421821], [9.080932, 45.4420942], [9.0810815, 45.4419846]], [[9.08077, 45.4423279], [9.0804161, 45.4421394]], [[9.082025, 45.4410648], [9.081762, 45.4413212], [9.0810815, 45.4419846]]]}}, {"type": "Feature", "properties": {"id": "SS-MIL-1961", "nome": "Via Fetonte", "quartiere": "", "classificazione": "giallo", "score": 3, "note": "strada urbana senza ciclabile", "ciclabile": "no", "n_corsie": "2", "senso_unico": "si", "n_testimonianze": "0", "zona": "B1"}, "geometry": {"type": "LineString", "coordinates": [[9.1246398, 45.481477], [9.1245766, 45.4813621], [9.1242853, 45.4808271], [9.1239209, 45.4801573], [9.123877, 45.4800798]]}}, {"type": "Feature", "properties": {"id": "SS-MIL-1962", "nome": "Via Fezzan", "quartiere": "", "classificazione": "giallo", "score": 3, "note": "strada urbana senza ciclabile (1 corsie)", "ciclabile": "no", "n_corsie": "1", "senso_unico": "si", "n_testimonianze": "0", "zona": "B1"}, "geometry": {"type": "MultiLineString", "coordinates": [[[9.1460234, 45.4595142], [9.1460617, 45.459452], [9.1467757, 45.4582511], [9.1469323, 45.4579926], [9.1469625, 45.4579365]], [[9.1456923, 45.4601378], [9.1460234, 45.4595142]], [[9.14622, 45.459477], [9.1458661, 45.4601032]], [[9.1470945, 45.4579715], [9.1470552, 45.4580305], [9.1469401, 45.4582129], [9.1463252, 45.4592797]], [[9.1463252, 45.4592797], [9.1462457, 45.4594196], [9.14622, 45.459477]]]}}, {"type": "Feature", "properties": {"id": "SS-MIL-1969", "nome": "Via Filippo Abbiati", "quartiere": "", "classificazione": "giallo", "score": 3, "note": "strada urbana senza ciclabile", "ciclabile": "no", "n_corsie": "2", "senso_unico": "si", "n_testimonianze": "0", "zona": "B1"}, "geometry": {"type": "LineString", "coordinates": [[9.1387242, 45.4711649], [9.1388153, 45.4712249], [9.1416414, 45.4730686], [9.1416652, 45.4730842]]}}, {"type": "Feature", "properties": {"id": "SS-MIL-1974", "nome": "Via Filippo Carcano", "quartiere": "", "classificazione": "giallo", "score": 3, "note": "strada urbana senza ciclabile", "ciclabile": "no", "n_corsie": "2", "senso_unico": "si", "n_testimonianze": "0", "zona": "B1"}, "geometry": {"type": "MultiLineString", "coordinates": [[[9.145972, 45.4733139], [9.1460399, 45.4733529], [9.147048, 45.4740061], [9.1470953, 45.4740357], [9.1471318, 45.4740592]], [[9.1471318, 45.4740592], [9.1472162, 45.4741151], [9.1488222, 45.4751694], [9.1488383, 45.4751809], [9.1489345, 45.4752438]]]}}, {"type": "Feature", "properties": {"id": "SS-MIL-1980", "nome": "Via Filippo Maria Beltrami", "quartiere": "", "classificazione": "verde", "score": 1, "note": "ciclabile presente (da OpenStreetMap)", "ciclabile": "si", "n_corsie": "2", "senso_unico": "si", "n_testimonianze": "0", "zona": "B1"}, "geometry": {"type": "MultiLineString", "coordinates": [[[9.1156201, 45.4604844], [9.1156781, 45.460389], [9.1163255, 45.4591708], [9.1163591, 45.4590862], [9.1163838, 45.4589961], [9.1163937, 45.4589115], [9.1163927, 45.4588317], [9.1163779, 45.4587555], [9.1163611, 45.4586924], [9.1163274, 45.4586182], [9.11628, 45.4585544], [9.1162306, 45.4584885], [9.1161505, 45.4584067], [9.1160656, 45.4583394], [9.1159182, 45.4582479], [9.1157323, 45.4581799], [9.1148279, 45.4579726], [9.1147138, 45.457934], [9.1145957, 45.4578774], [9.1144958, 45.4578118], [9.114408, 45.4577333], [9.1143282, 45.4576385], [9.1142704, 45.4575425]], [[9.1144035, 45.4573082], [9.1144008, 45.45735], [9.1143971, 45.4574068], [9.1144108, 45.457509], [9.1144555, 45.4576061], [9.1145141, 45.4576887], [9.1146058, 45.4577673], [9.1147382, 45.4578389], [9.1148835, 45.4578889], [9.1157046, 45.4580794], [9.1158393, 45.4581182], [9.1159814, 45.4581791], [9.1161219, 45.45826], [9.1162313, 45.4583292], [9.1163138, 45.4584046], [9.1163803, 45.458482], [9.1164459, 45.4585886], [9.1164923, 45.4587162], [9.1165156, 45.4588643], [9.1164951, 45.4590338], [9.1164309, 45.459223], [9.1164047, 45.4592949], [9.1163214, 45.4594575], [9.1161014, 45.4598871], [9.1158265, 45.4604237], [9.1157633, 45.4605195]], [[9.1142704, 45.4575425], [9.1142369, 45.4574248], [9.1142374, 45.4574031], [9.1142418, 45.4573495], [9.1142503, 45.457303]]]}}, {"type": "Feature", "properties": {"id": "SS-MIL-1983", "nome": "Via Filippo Severoli", "quartiere": "", "classificazione": "giallo", "score": 3, "note": "strada urbana senza ciclabile", "ciclabile": "no", "n_corsie": "2", "senso_unico": "si", "n_testimonianze": "0", "zona": "B1"}, "geometry": {"type": "LineString", "coordinates": [[9.1333999, 45.4591376], [9.1334276, 45.4590854], [9.1339747, 45.4580588], [9.1340073, 45.4579974]]}}, {"type": "Feature", "properties": {"id": "SS-MIL-1987", "nome": "Via Finale Ligure", "quartiere": "", "classificazione": "giallo", "score": 3, "note": "strada urbana senza ciclabile", "ciclabile": "no", "n_corsie": "2", "senso_unico": "no", "n_testimonianze": "0", "zona": "B1"}, "geometry": {"type": "LineString", "coordinates": [[9.1333717, 45.4838518], [9.1333907, 45.4838878], [9.1334124, 45.4839291], [9.1338738, 45.4848035]]}}, {"type": "Feature", "properties": {"id": "SS-MIL-1999", "nome": "Via Flavio Vegezio", "quartiere": "", "classificazione": "giallo", "score": 3, "note": "strada urbana senza ciclabile (1 corsie)", "ciclabile": "no", "n_corsie": "1", "senso_unico": "si", "n_testimonianze": "0", "zona": "B1"}, "geometry": {"type": "MultiLineString", "coordinates": [[[9.1538017, 45.4746394], [9.1538374, 45.4753079], [9.15384, 45.4753631], [9.1538422, 45.4753974]], [[9.1537765, 45.4739541], [9.1538017, 45.4746394]]]}}, {"type": "Feature", "properties": {"id": "SS-MIL-2004", "nome": "Via Fontanile Aiana", "quartiere": "", "classificazione": "giallo", "score": 3, "note": "strada urbana senza ciclabile", "ciclabile": "no", "n_corsie": "2", "senso_unico": "no", "n_testimonianze": "0", "zona": "B1"}, "geometry": {"type": "LineString", "coordinates": [[9.0836558, 45.439716], [9.0837386, 45.439757], [9.08424, 45.4399404], [9.0844497, 45.4400103], [9.0846699, 45.4400838], [9.084941, 45.4401664]]}}, {"type": "Feature", "properties": {"id": "SS-MIL-2005", "nome": "Via Fontanile Boss", "quartiere": "", "classificazione": "verde", "score": 1, "note": "ciclabile presente (da OpenStreetMap)", "ciclabile": "si", "n_corsie": "2", "senso_unico": "no", "n_testimonianze": "0", "zona": "B1"}, "geometry": {"type": "LineString", "coordinates": [[9.0955934, 45.4487922], [9.0941852, 45.4483343]]}}, {"type": "Feature", "properties": {"id": "SS-MIL-2006", "nome": "Via Fontanile Orenella", "quartiere": "", "classificazione": "giallo", "score": 3, "note": "strada urbana senza ciclabile", "ciclabile": "no", "n_corsie": "2", "senso_unico": "si", "n_testimonianze": "0", "zona": "B1"}, "geometry": {"type": "MultiLineString", "coordinates": [[[9.0808284, 45.4425257], [9.0808494, 45.4424421], [9.0808312, 45.44237]], [[9.0809581, 45.4423722], [9.0809421, 45.4424421], [9.0808284, 45.4425257]], [[9.0808284, 45.4425257], [9.0807896, 45.44256], [9.0804661, 45.442838], [9.0803779, 45.4428953], [9.0797482, 45.4432263]]]}}, {"type": "Feature", "properties": {"id": "SS-MIL-2007", "nome": "Via Fontanile Sant'Agnese", "quartiere": "", "classificazione": "giallo", "score": 3, "note": "strada urbana senza ciclabile", "ciclabile": "no", "n_corsie": "2", "senso_unico": "no", "n_testimonianze": "0", "zona": "B1"}, "geometry": {"type": "MultiLineString", "coordinates": [[[9.0822199, 45.4453903], [9.0819862, 45.4453362], [9.0814666, 45.4452161], [9.080804, 45.4450628], [9.0806914, 45.4453022], [9.0806132, 45.4454687]], [[9.0823774, 45.4454129], [9.0825861, 45.4454608], [9.0826817, 45.4454856], [9.083965, 45.4458418]], [[9.0823774, 45.4454129], [9.0822199, 45.4453903]]]}}, {"type": "Feature", "properties": {"id": "SS-MIL-2013", "nome": "Via Fra Bartolomeo", "quartiere": "", "classificazione": "giallo", "score": 3, "note": "strada urbana senza ciclabile", "ciclabile": "no", "n_corsie": "2", "senso_unico": "si", "n_testimonianze": "0", "zona": "B1"}, "geometry": {"type": "MultiLineString", "coordinates": [[[9.1530813, 45.457141], [9.1531593, 45.4571364], [9.1544824, 45.4571013], [9.1546709, 45.4570976]], [[9.1530813, 45.457141], [9.1529843, 45.4571428], [9.1517621, 45.4571596], [9.1517153, 45.4571575], [9.1516739, 45.4571556]]]}}, {"type": "Feature", "properties": {"id": "SS-MIL-2015", "nome": "Via Fra Galgario", "quartiere": "", "classificazione": "giallo", "score": 3, "note": "strada urbana senza ciclabile", "ciclabile": "no", "n_corsie": "2", "senso_unico": "no", "n_testimonianze": "0", "zona": "B1"}, "geometry": {"type": "MultiLineString", "coordinates": [[[9.1395802, 45.4647327], [9.1397091, 45.4644787], [9.1400051, 45.4638953], [9.1400305, 45.4638464], [9.1400502, 45.4638085]], [[9.1395802, 45.4647327], [9.13965, 45.4648204], [9.1396987, 45.4648637], [9.1397318, 45.4648879], [9.1397629, 45.46491], [9.1398233, 45.4649506]], [[9.1395602, 45.464961], [9.1395561, 45.4649194], [9.1395531, 45.4648783], [9.1395488, 45.4648333], [9.1395561, 45.4647829], [9.1395802, 45.4647327]]]}}, {"type": "Feature", "properties": {"id": "SS-MIL-2020", "nome": "Via Francesco Albani", "quartiere": "", "classificazione": "giallo", "score": 3, "note": "strada urbana senza ciclabile (2 corsie)", "ciclabile": "no", "n_corsie": "2", "senso_unico": "no", "n_testimonianze": "0", "zona": "B1"}, "geometry": {"type": "MultiLineString", "coordinates": [[[9.1498362, 45.4781801], [9.1493414, 45.478557]], [[9.1465972, 45.4806544], [9.1462676, 45.4809031], [9.1460982, 45.4810309], [9.146026, 45.4810853]], [[9.1465972, 45.4806544], [9.1466463, 45.4806161], [9.1471969, 45.4802087]], [[9.1471969, 45.4802087], [9.1472638, 45.4801575], [9.1477703, 45.4797723]], [[9.1477703, 45.4797723], [9.1482123, 45.4794319], [9.1483265, 45.479344], [9.1484267, 45.479267]], [[9.1448379, 45.4819816], [9.1445749, 45.48218], [9.144312, 45.4823784], [9.1440695, 45.4825614], [9.1439153, 45.4826973], [9.1438509, 45.4827425]], [[9.146026, 45.4810853], [9.1459078, 45.4811745]], [[9.1459078, 45.4811745], [9.1458484, 45.4812193], [9.1456362, 45.4813794], [9.1454355, 45.4815308]], [[9.1454355, 45.4815308], [9.1453603, 45.4815876], [9.1448379, 45.4819816]], [[9.1493414, 45.478557], [9.1490268, 45.4788009]], [[9.1490268, 45.4788009], [9.148703, 45.4790524], [9.1485272, 45.4791889], [9.1484267, 45.479267]], [[9.1502691, 45.4778731], [9.1502194, 45.4779035], [9.1498362, 45.4781801]], [[9.1434478, 45.4828499], [9.143574, 45.4828433], [9.1436894, 45.4828177], [9.1438509, 45.4827425]], [[9.1438509, 45.4827425], [9.1437413, 45.4828848], [9.143609, 45.4830534], [9.1435968, 45.4830684]]]}}, {"type": "Feature", "properties": {"id": "SS-MIL-2035", "nome": "Via Francesco Carlini", "quartiere": "", "classificazione": "giallo", "score": 3, "note": "strada urbana senza ciclabile", "ciclabile": "no", "n_corsie": "2", "senso_unico": "si", "n_testimonianze": "0", "zona": "B1"}, "geometry": {"type": "LineString", "coordinates": [[9.141878, 45.4529748], [9.1419663, 45.4530004], [9.144015, 45.4535943], [9.1440424, 45.4536019], [9.1441252, 45.4536242]]}}, {"type": "Feature", "properties": {"id": "SS-MIL-2052", "nome": "Via Francesco Gonin", "quartiere": "", "classificazione": "giallo", "score": 3, "note": "strada urbana senza ciclabile", "ciclabile": "no", "n_corsie": "2", "senso_unico": "si", "n_testimonianze": "0", "zona": "B1"}, "geometry": {"type": "MultiLineString", "coordinates": [[[9.1178307, 45.4406123], [9.1179138, 45.4406358], [9.1184719, 45.4408176], [9.1187333, 45.440902], [9.1190527, 45.4410062]], [[9.1285898, 45.4442675], [9.1285128, 45.4442426], [9.1282621, 45.4441615], [9.1266994, 45.4436559], [9.1261364, 45.4434738], [9.1258069, 45.4433672]], [[9.1176415, 45.4402723], [9.1176351, 45.4403144], [9.117632, 45.4403551], [9.1176362, 45.4403934], [9.117648, 45.4404258], [9.1176661, 45.4404656], [9.1176887, 45.4405031], [9.1177186, 45.4405451], [9.1177514, 45.4405684], [9.1178307, 45.4406123]], [[9.1251338, 45.444398], [9.1251078, 45.4444209], [9.1250915, 45.4444324], [9.1250666, 45.4444428], [9.1250412, 45.4444428], [9.1247382, 45.4443461]], [[9.1255286, 45.4431134], [9.1255656, 45.4430568], [9.1260534, 45.4423125]], [[9.1175021, 45.4405944], [9.1175922, 45.4405925], [9.1176218, 45.4405924], [9.1177003, 45.4405953], [9.1178307, 45.4406123]], [[9.1237206, 45.4426945], [9.1237136, 45.4426924], [9.1236015, 45.4426523]], [[9.1232659, 45.4425441], [9.1225492, 45.4423111], [9.1220455, 45.4421473], [9.1219513, 45.4421167], [9.1209682, 45.4417971], [9.1207702, 45.4417333]], [[9.1176641, 45.4408144], [9.1176094, 45.4408114], [9.1175364, 45.4408124], [9.117504, 45.4408156], [9.117459, 45.4408275], [9.1174255, 45.4408363]], [[9.1207702, 45.4417333], [9.1207162, 45.4417169], [9.1186386, 45.4410448], [9.1181288, 45.440883], [9.1179205, 45.4408387], [9.1177291, 45.4408198], [9.1176641, 45.4408144]], [[9.1208759, 45.4415969], [9.1210602, 45.4416551], [9.1224723, 45.442107], [9.1236255, 45.4424757], [9.1237062, 45.442498]], [[9.1237062, 45.442498], [9.1238173, 45.4425348]], [[9.1241826, 45.4426725], [9.1255286, 45.4431134]], [[9.1253864, 45.4432312], [9.1241333, 45.4428258]], [[9.1238173, 45.4425348], [9.1239288, 45.4425811], [9.1239616, 45.4425896], [9.1241826, 45.4426725]], [[9.1241333, 45.4428258], [9.1238727, 45.4427439], [9.1238326, 45.4427313], [9.1237206, 45.4426945]], [[9.1255286, 45.4431134], [9.1263468, 45.4433789], [9.1285958, 45.4441131], [9.1286808, 45.4441408]], [[9.1258069, 45.4433672], [9.1253864, 45.4432312]], [[9.1236015, 45.4426523], [9.1235251, 45.4426277], [9.1232659, 45.4425441]], [[9.1190527, 45.4410062], [9.1208759, 45.4415969]], [[9.1249841, 45.4438372], [9.1253703, 45.4432557], [9.1253864, 45.4432312]], [[9.124672, 45.4442878], [9.1249622, 45.4438659], [9.1249841, 45.4438372]], [[9.1247382, 45.4443461], [9.1246524, 45.444316], [9.124672, 45.4442878]], [[9.1258069, 45.4433672], [9.1257924, 45.4433945], [9.1251338, 45.444398]]]}}, {"type": "Feature", "properties": {"id": "SS-MIL-2053", "nome": "Via Francesco Goya", "quartiere": "", "classificazione": "giallo", "score": 3, "note": "strada urbana senza ciclabile", "ciclabile": "no", "n_corsie": "2", "senso_unico": "no", "n_testimonianze": "0", "zona": "B1"}, "geometry": {"type": "MultiLineString", "coordinates": [[[9.132718, 45.4860274], [9.132338, 45.4861168]], [[9.1312514, 45.4863892], [9.1309527, 45.4864651]], [[9.132338, 45.4861168], [9.1312514, 45.4863892]], [[9.1309527, 45.4864651], [9.1302914, 45.4866268], [9.1301815, 45.4866531]]]}}, {"type": "Feature", "properties": {"id": "SS-MIL-2065", "nome": "Via Francesco Olgiati", "quartiere": "", "classificazione": "giallo", "score": 3, "note": "strada urbana senza ciclabile", "ciclabile": "no", "n_corsie": "2", "senso_unico": "no", "n_testimonianze": "0", "zona": "B1"}, "geometry": {"type": "MultiLineString", "coordinates": [[[9.1463157, 45.4401008], [9.1463845, 45.4400042]], [[9.1447039, 45.4421048], [9.1447941, 45.4419884]], [[9.1463845, 45.4400042], [9.1464258, 45.4399516], [9.1464616, 45.4398882], [9.1464676, 45.4398657], [9.1465157, 45.439726], [9.1466222, 45.4394522], [9.1467484, 45.4391014], [9.1467977, 45.4389865], [9.1467869, 45.4388728], [9.1466952, 45.4387339], [9.1465856, 45.4386003]], [[9.1456775, 45.4408904], [9.1462704, 45.4401573], [9.1463157, 45.4401008]], [[9.1447941, 45.4419884], [9.1448279, 45.4419485], [9.1455887, 45.4409978], [9.1456775, 45.4408904]]]}}, {"type": "Feature", "properties": {"id": "SS-MIL-2067", "nome": "Via Francesco Pastonchi", "quartiere": "", "classificazione": "giallo", "score": 3, "note": "strada urbana senza ciclabile", "ciclabile": "no", "n_corsie": "2", "senso_unico": "si", "n_testimonianze": "0", "zona": "B1"}, "geometry": {"type": "MultiLineString", "coordinates": [[[9.1196806, 45.4696309], [9.1196716, 45.4693995], [9.1196571, 45.4693728], [9.1196291, 45.4693489], [9.1195766, 45.4693394], [9.1194511, 45.4693401]], [[9.1200607, 45.4707395], [9.1200234, 45.4707036], [9.1199897, 45.4706646], [9.1199761, 45.4706184], [9.1199601, 45.4702133], [9.1199584, 45.4700247], [9.1199476, 45.4699793], [9.1199405, 45.4699619], [9.1199278, 45.4699412], [9.1196806, 45.4696309]], [[9.1196806, 45.4696309], [9.1195612, 45.4694925], [9.1194758, 45.4693935], [9.1194555, 45.4693652], [9.1194511, 45.4693401]], [[9.1194511, 45.4693401], [9.1194436, 45.4689355], [9.1194355, 45.4688941], [9.1194133, 45.4688445], [9.1193656, 45.4687954]]]}}, {"type": "Feature", "properties": {"id": "SS-MIL-2075", "nome": "Via Francesco Primaticcio", "quartiere": "", "classificazione": "giallo", "score": 3, "note": "strada urbana senza ciclabile", "ciclabile": "no", "n_corsie": "2", "senso_unico": "si", "n_testimonianze": "0", "zona": "B1"}, "geometry": {"type": "MultiLineString", "coordinates": [[[9.1361756, 45.4499178], [9.1361314, 45.4499832], [9.1358574, 45.4504031]], [[9.1357468, 45.4497818], [9.1357183, 45.4498241], [9.1356939, 45.4498603], [9.1356094, 45.4499854]], [[9.1330469, 45.4538651], [9.1330591, 45.4538455], [9.1331391, 45.4537174], [9.1331637, 45.4536739]], [[9.1331845, 45.4539117], [9.1331083, 45.4540375], [9.1330411, 45.4541429]], [[9.1302552, 45.4583137], [9.1303036, 45.4583019], [9.1303347, 45.4582964], [9.1303663, 45.4582979], [9.1303841, 45.4583053], [9.130399, 45.4583167], [9.1304224, 45.4583567]], [[9.1295754, 45.4597838], [9.1294831, 45.4599743]], [[9.1353917, 45.4501037], [9.1355705, 45.4498263], [9.1355951, 45.4497881], [9.1356241, 45.4497431]], [[9.1358302, 45.4496581], [9.1357468, 45.4497818]], [[9.1356241, 45.4497431], [9.1357054, 45.4496171]], [[9.1331845, 45.4539117], [9.1330469, 45.4538651]], [[9.1321993, 45.4552473], [9.1322342, 45.4551942], [9.132273, 45.4551025], [9.1324008, 45.4549258], [9.1325586, 45.4546668], [9.1329018, 45.4541034]], [[9.1333098, 45.4537166], [9.1332814, 45.4537685], [9.1332642, 45.453796], [9.1331845, 45.4539117]], [[9.1294438, 45.4597637], [9.1293872, 45.4596737], [9.1293604, 45.4596111], [9.1293228, 45.4595498], [9.1292766, 45.459478]], [[9.1296835, 45.4595897], [9.1296376, 45.4596627], [9.1295754, 45.4597838]], [[9.1294438, 45.4597637], [9.1294893, 45.4596676], [9.1295049, 45.4596355], [9.1295477, 45.4595562]], [[9.1356094, 45.4499854], [9.135658, 45.4500586], [9.1358574, 45.4504031]], [[9.1294831, 45.4599743], [9.1294522, 45.4600403], [9.1293871, 45.4601916], [9.1291885, 45.4606073], [9.129151, 45.4606858]], [[9.129599, 45.4594569], [9.1296368, 45.4593789], [9.1296936, 45.4592455]], [[9.1293485, 45.4599554], [9.1294438, 45.4597637]], [[9.131516, 45.4565963], [9.1311993, 45.4570998]], [[9.1296936, 45.4592455], [9.129709, 45.4592178], [9.1297691, 45.4591091]], [[9.1310468, 45.457048], [9.1313226, 45.4565963], [9.1313529, 45.4565467]], [[9.1317974, 45.455866], [9.1321177, 45.4553748], [9.1321582, 45.4553115], [9.1321993, 45.4552473]], [[9.1299293, 45.4591564], [9.1298743, 45.459257], [9.1298589, 45.4592852]], [[9.1313529, 45.4565467], [9.1314691, 45.4563741], [9.1315117, 45.4563066], [9.1316632, 45.456073], [9.1317974, 45.455866]], [[9.1302552, 45.4583137], [9.1303441, 45.4581777], [9.1309684, 45.4571741], [9.1310468, 45.457048]], [[9.1297691, 45.4591091], [9.1301768, 45.4584433], [9.1302552, 45.4583137]], [[9.1319449, 45.4558989], [9.1318098, 45.4561161], [9.1317925, 45.456144], [9.1316532, 45.456369], [9.1316225, 45.4564196], [9.1315674, 45.4565147], [9.1315216, 45.4565864], [9.131516, 45.4565963]], [[9.1299527, 45.4596583], [9.1297425, 45.4597108], [9.1296693, 45.4597401], [9.1295754, 45.4597838]], [[9.1311993, 45.4570998], [9.1311722, 45.457148], [9.1310834, 45.457291], [9.1305031, 45.4582261], [9.1304224, 45.4583567]], [[9.1304224, 45.4583567], [9.1303356, 45.4584973], [9.1299293, 45.4591564]], [[9.129311, 45.4593867], [9.1293631, 45.4593639], [9.1293894, 45.4593589], [9.1295567, 45.4593214], [9.1296186, 45.4592948], [9.1296936, 45.4592455]], [[9.1304224, 45.4583567], [9.1303727, 45.4583785], [9.1303439, 45.4583847], [9.1303124, 45.4583811], [9.1302792, 45.4583671], [9.1302637, 45.4583475], [9.1302552, 45.4583137]], [[9.1331637, 45.4536739], [9.1332674, 45.4535046], [9.1332926, 45.4534633], [9.1333199, 45.4534186], [9.1335938, 45.4529713]], [[9.1341432, 45.4523393], [9.1339213, 45.4527028], [9.1337318, 45.4530134]], [[9.1337318, 45.4530134], [9.1335221, 45.4533628], [9.1334905, 45.4534155], [9.1333774, 45.4536039], [9.1333098, 45.4537166]], [[9.1330411, 45.4541429], [9.1324256, 45.4551507], [9.1323502, 45.4552777]], [[9.1335938, 45.4529713], [9.133788, 45.4526621], [9.1340149, 45.4523009]], [[9.1340149, 45.4523009], [9.1341494, 45.4520986], [9.134183, 45.4520328], [9.1342814, 45.4517874], [9.134302, 45.4517474], [9.1343559, 45.451643]], [[9.1329018, 45.4541034], [9.1329528, 45.4540181], [9.1329683, 45.4539921], [9.1330469, 45.4538651]], [[9.1323502, 45.4552777], [9.1322557, 45.4554159], [9.1319449, 45.4558989]], [[9.1353017, 45.450235], [9.1353786, 45.450124], [9.1353917, 45.4501037]], [[9.1356094, 45.4499854], [9.1354606, 45.4502145], [9.1354388, 45.4502492]], [[9.1345686, 45.4517724], [9.1345059, 45.4518544], [9.1343611, 45.4520481], [9.1342069, 45.4522541], [9.1341432, 45.4523393]], [[9.1350207, 45.4506792], [9.1353017, 45.450235]], [[9.1354388, 45.4502492], [9.1353702, 45.4503791], [9.1352968, 45.450553], [9.1352539, 45.4506968], [9.1350703, 45.4510341], [9.1349863, 45.4511872]], [[9.1358574, 45.4504031], [9.1356687, 45.4506861], [9.1353647, 45.4511971], [9.1353062, 45.4512888]], [[9.1286977, 45.4613444], [9.1287615, 45.4612147], [9.1288113, 45.4611059]], [[9.1288113, 45.4611059], [9.1288404, 45.4610444], [9.1288966, 45.4609169]], [[9.129151, 45.4606858], [9.1290345, 45.4609421]], [[9.1289219, 45.461154], [9.1288787, 45.4612441], [9.1288201, 45.4613733]], [[9.1288966, 45.4609169], [9.1290246, 45.4606489]], [[9.1290345, 45.4609421], [9.1289551, 45.4610873], [9.1289219, 45.461154]], [[9.1290246, 45.4606489], [9.1290565, 45.4605787], [9.1292726, 45.4601311], [9.1293066, 45.4600558], [9.1293485, 45.4599554]], [[9.1347123, 45.4510932], [9.1347559, 45.4510272], [9.1348746, 45.4508638], [9.1350207, 45.4506792]], [[9.1279824, 45.4630238], [9.1279526, 45.4629228], [9.1280174, 45.462784]], [[9.1283741, 45.4623314], [9.1281785, 45.4627723]], [[9.1288201, 45.4613733], [9.1287279, 45.4615695], [9.1286986, 45.4616319]], [[9.1286986, 45.4616319], [9.1286748, 45.4616824], [9.1286058, 45.461829], [9.128506, 45.4620409]], [[9.1283763, 45.4620207], [9.1284802, 45.4618014], [9.1285472, 45.461657], [9.1285744, 45.4616013]], [[9.1282364, 45.4623151], [9.1283763, 45.4620207]], [[9.1285744, 45.4616013], [9.1285987, 45.4615522], [9.1286977, 45.4613444]], [[9.1280174, 45.462784], [9.1280822, 45.4626503], [9.1281251, 45.4625658], [9.1282364, 45.4623151]], [[9.1281785, 45.4627723], [9.128104, 45.4629297], [9.1279824, 45.4630238]], [[9.128506, 45.4620409], [9.1284631, 45.4621432], [9.1284268, 45.462218], [9.1283741, 45.4623314]]]}}, {"type": "Feature", "properties": {"id": "SS-MIL-2079", "nome": "Via Francesco Rismondo", "quartiere": "", "classificazione": "giallo", "score": 3, "note": "strada urbana senza ciclabile (2 corsie)", "ciclabile": "no", "n_corsie": "2", "senso_unico": "no", "n_testimonianze": "0", "zona": "B1"}, "geometry": {"type": "MultiLineString", "coordinates": [[[9.0943146, 45.4606949], [9.0942826, 45.4607459], [9.0942634, 45.4607764], [9.0938266, 45.4614541], [9.0936662, 45.461703], [9.0936221, 45.4617714]], [[9.0893069, 45.4682249], [9.0898035, 45.4674521]], [[9.0920536, 45.4641702], [9.092008, 45.4642465], [9.0918074, 45.4645451], [9.0917864, 45.4645763], [9.0916041, 45.4648478], [9.0915714, 45.4648964]], [[9.0901146, 45.466964], [9.0900872, 45.4669598], [9.0900349, 45.4669518], [9.0898267, 45.4668952]], [[9.090992, 45.4657604], [9.0910942, 45.4656195]], [[9.0910942, 45.4656195], [9.0915046, 45.4649974], [9.0915714, 45.4648964]], [[9.0906067, 45.4662964], [9.0908862, 45.4659035], [9.0909682, 45.4657886], [9.090992, 45.4657604]], [[9.0923897, 45.4637283], [9.0923235, 45.4637975], [9.0922612, 45.463883], [9.0920536, 45.4641702]], [[9.0898035, 45.4674521], [9.0900886, 45.4670084], [9.0901146, 45.466964]], [[9.0903727, 45.4666158], [9.0906067, 45.4662964]], [[9.0901146, 45.466964], [9.0903186, 45.4666888], [9.0903727, 45.4666158]], [[9.0933614, 45.4621804], [9.0932291, 45.4623889]], [[9.0936221, 45.4617714], [9.0935809, 45.461838], [9.0933614, 45.4621804]], [[9.0930011, 45.462764], [9.0929725, 45.462814], [9.0927651, 45.4631499], [9.0924423, 45.4636726], [9.0923897, 45.4637283]], [[9.0932291, 45.4623889], [9.0931958, 45.4624378], [9.0930757, 45.462639], [9.0930011, 45.462764]]]}}, {"type": "Feature", "properties": {"id": "SS-MIL-2080", "nome": "Via Francesco Saverio Nitti", "quartiere": "", "classificazione": "giallo", "score": 3, "note": "strada urbana senza ciclabile", "ciclabile": "no", "n_corsie": "2", "senso_unico": "si", "n_testimonianze": "0", "zona": "B1"}, "geometry": {"type": "MultiLineString", "coordinates": [[[9.1008783, 45.4548211], [9.1010212, 45.4548647], [9.1010938, 45.4548881]], [[9.1008323, 45.4548987], [9.1007841, 45.4549175], [9.1007293, 45.4549212]], [[9.1030729, 45.4552918], [9.1023058, 45.455133]], [[9.1010938, 45.4548881], [9.1010322, 45.4548906], [9.1010127, 45.4548918], [9.1008323, 45.4548987]], [[9.1008783, 45.4548211], [9.1008747, 45.4548499], [9.1008589, 45.4548766], [9.1008323, 45.4548987]], [[9.1008215, 45.4547504], [9.1008503, 45.4547696], [9.1008698, 45.4547939], [9.1008783, 45.4548211]], [[9.101707, 45.4550119], [9.1010938, 45.4548881]], [[9.102267, 45.455125], [9.1018982, 45.4550498], [9.1017872, 45.4550281], [9.101707, 45.4550119]], [[9.1023058, 45.455133], [9.102267, 45.455125]]]}}, {"type": "Feature", "properties": {"id": "SS-MIL-2095", "nome": "Via Franco Tosi", "quartiere": "", "classificazione": "giallo", "score": 3, "note": "strada urbana senza ciclabile", "ciclabile": "no", "n_corsie": "2", "senso_unico": "si", "n_testimonianze": "0", "zona": "B1"}, "geometry": {"type": "LineString", "coordinates": [[9.1591286, 45.4435982], [9.1589802, 45.4436202], [9.1587675, 45.4436645], [9.1586393, 45.4436919], [9.1582899, 45.443778], [9.1581267, 45.4438183], [9.1556914, 45.4444292], [9.1553873, 45.4445055], [9.1552809, 45.4445322]]}}, {"type": "Feature", "properties": {"id": "SS-MIL-2099", "nome": "Via Fratelli Bozzi", "quartiere": "", "classificazione": "giallo", "score": 3, "note": "strada urbana senza ciclabile", "ciclabile": "no", "n_corsie": "2", "senso_unico": "si", "n_testimonianze": "0", "zona": "B1"}, "geometry": {"type": "MultiLineString", "coordinates": [[[9.1124144, 45.4747254], [9.1124866, 45.4747347], [9.1135823, 45.4748803], [9.1147669, 45.4751053], [9.1148423, 45.4751318], [9.1148738, 45.4751533], [9.1148911, 45.4751667], [9.1149019, 45.4751751], [9.1149321, 45.475198]], [[9.1124144, 45.4747254], [9.1122406, 45.4746763], [9.1116876, 45.474593]], [[9.1124144, 45.4747254], [9.1121989, 45.474828]], [[9.1116876, 45.474593], [9.1110492, 45.4745147]]]}}, {"type": "Feature", "properties": {"id": "SS-MIL-2118", "nome": "Via Fratelli Lumiere", "quartiere": "", "classificazione": "giallo", "score": 3, "note": "strada urbana senza ciclabile", "ciclabile": "no", "n_corsie": "2", "senso_unico": "no", "n_testimonianze": "0", "zona": "B1"}, "geometry": {"type": "LineString", "coordinates": [[9.0651878, 45.4660147], [9.0631164, 45.465601], [9.0630324, 45.4655685], [9.0629823, 45.4655182], [9.0629636, 45.4654543], [9.0629563, 45.4653304]]}}, {"type": "Feature", "properties": {"id": "SS-MIL-2128", "nome": "Via Fratelli Wright", "quartiere": "", "classificazione": "giallo", "score": 3, "note": "strada urbana senza ciclabile", "ciclabile": "no", "n_corsie": "2", "senso_unico": "no", "n_testimonianze": "0", "zona": "B1"}, "geometry": {"type": "LineString", "coordinates": [[9.068948, 45.4613591], [9.0703046, 45.4618459], [9.0704123, 45.4618866], [9.0704585, 45.461904]]}}, {"type": "Feature", "properties": {"id": "SS-MIL-2130", "nome": "Via Fratelli Zoia", "quartiere": "", "classificazione": "giallo", "score": 3, "note": "strada urbana senza ciclabile", "ciclabile": "no", "n_corsie": "2", "senso_unico": "si", "n_testimonianze": "0", "zona": "B1"}, "geometry": {"type": "MultiLineString", "coordinates": [[[9.1110738, 45.460464], [9.1110358, 45.4605595], [9.110873, 45.460865], [9.1106063, 45.4613653], [9.110573, 45.4614271]], [[9.1095458, 45.4699736], [9.1095172, 45.4698206], [9.1095046, 45.4697685], [9.1094893, 45.469705]], [[9.1100774, 45.4634788], [9.1101188, 45.4627735], [9.110136, 45.4624833], [9.1101545, 45.4623843], [9.1101895, 45.462291], [9.1105464, 45.4614892], [9.110573, 45.4614271]], [[9.1089718, 45.4741441], [9.1089749, 45.474163], [9.1089739, 45.474174], [9.108971, 45.4741849], [9.1089662, 45.4741955], [9.1089596, 45.4742055], [9.1089517, 45.4742143]], [[9.1090755, 45.4717211], [9.1090897, 45.4716725], [9.1091358, 45.4715258]], [[9.1083188, 45.4762335], [9.1083148, 45.4763141], [9.1083137, 45.4763322], [9.1083144, 45.4764882], [9.1082939, 45.4767804]], [[9.1083188, 45.4762335], [9.1083274, 45.4759164], [9.1083372, 45.4755625], [9.1084334, 45.4750029], [9.1084449, 45.4749357], [9.1084982, 45.4747829], [9.1085358, 45.4747177], [9.108548, 45.4747018], [9.1085799, 45.4746581], [9.1087624, 45.4744053], [9.1087866, 45.4743372], [9.1088178, 45.4742495]], [[9.1088623, 45.4740747], [9.10889, 45.4740401], [9.1088956, 45.4740267], [9.1089175, 45.4739741], [9.1089737, 45.4739301]], [[9.1089737, 45.4739301], [9.1089942, 45.473986], [9.1089858, 45.4740295], [9.108979, 45.4740437], [9.1089481, 45.4741085]], [[9.1090901, 45.4721965], [9.1090712, 45.4721971], [9.1090273, 45.472202], [9.1089801, 45.4721939], [9.108944, 45.4721748], [9.108919, 45.4721441], [9.1089147, 45.4721078], [9.1089792, 45.4718963], [9.1090222, 45.4717885], [9.1090755, 45.4717211]], [[9.1090901, 45.4721965], [9.1091894, 45.4722387], [9.1092409, 45.4722627], [9.1095305, 45.4724266], [9.1095728, 45.4724723], [9.1095831, 45.4725133], [9.1095869, 45.4726033], [9.1094942, 45.4727837], [9.1093141, 45.4731953], [9.1091098, 45.4734239], [9.1091009, 45.4734583]], [[9.1089737, 45.4739301], [9.1090223, 45.4737663], [9.1091009, 45.4734583]], [[9.1082939, 45.4767804], [9.1082934, 45.4768907], [9.1082934, 45.4768952], [9.1082921, 45.4773737], [9.1082913, 45.4774034], [9.1082976, 45.4774367]], [[9.1097284, 45.4693298], [9.109738, 45.4694915], [9.1097281, 45.4695235], [9.1097135, 45.4695709]], [[9.1097235, 45.4695807], [9.1097329, 45.4695926], [9.1097397, 45.4696046], [9.1097442, 45.469617], [9.1097468, 45.4696362], [9.1097457, 45.4696491], [9.1097423, 45.4696617], [9.1097367, 45.4696739], [9.109729, 45.4696856], [9.1097193, 45.4696965], [9.1097077, 45.4697065], [9.1096945, 45.4697154], [9.1096839, 45.4697209]], [[9.1097284, 45.4693298], [9.1098135, 45.4689589], [9.1098314, 45.4688831], [9.1101069, 45.4677175], [9.1101208, 45.4675748], [9.1101218, 45.4674833], [9.1100993, 45.4673821], [9.1100628, 45.4672952], [9.1099873, 45.467211], [9.1097954, 45.4670784], [9.1097035, 45.4670178], [9.1096323, 45.4669523], [9.1095797, 45.4668934], [9.1095454, 45.4668247], [9.1095012, 45.4666753], [9.1093588, 45.4658503], [9.1093526, 45.4657323], [9.1093654, 45.4656046], [9.1093888, 45.4654999], [9.1100518, 45.4636012], [9.1100711, 45.4635363], [9.1100774, 45.4634788]], [[9.1094231, 45.4704832], [9.1094353, 45.4704326], [9.1094445, 45.4703942], [9.10948, 45.4702468], [9.1094903, 45.4702041], [9.1095458, 45.4699736]], [[9.1095379, 45.4695426], [9.1095725, 45.4695237], [9.1096468, 45.4694755], [9.1097284, 45.4693298]], [[9.1094741, 45.4696911], [9.1094638, 45.4696772], [9.1094576, 45.4696651], [9.1094536, 45.4696525], [9.1094519, 45.4696397], [9.1094525, 45.4696269], [9.1094553, 45.4696142], [9.1094603, 45.4696018], [9.1094675, 45.46959], [9.1094767, 45.4695789], [9.1094879, 45.4695686], [9.1095007, 45.4695595], [9.1095151, 45.4695515], [9.1095308, 45.4695448], [9.1095379, 45.4695426]], [[9.1096658, 45.4697289], [9.1096122, 45.4698556], [9.1095458, 45.4699736]], [[9.1090755, 45.4717211], [9.1091231, 45.472122], [9.1090901, 45.4721965]], [[9.1092318, 45.4711889], [9.1093761, 45.4706564], [9.1094142, 45.4705159], [9.1094231, 45.4704832]], [[9.1091358, 45.4715258], [9.109156, 45.4714505], [9.1091749, 45.4713902], [9.1092318, 45.4711889]], [[9.1089517, 45.4742143], [9.1089412, 45.4742235], [9.1089298, 45.4742312], [9.1089171, 45.4742378], [9.1089034, 45.4742432], [9.1088888, 45.4742474], [9.1088735, 45.4742504], [9.1088579, 45.4742519], [9.1088421, 45.4742521], [9.1088264, 45.4742509], [9.1088178, 45.4742495]], [[9.1089481, 45.4741085], [9.1089554, 45.4741157], [9.108963, 45.4741254], [9.1089687, 45.4741357], [9.1089718, 45.4741441]], [[9.1088623, 45.4740747], [9.1088809, 45.4740771], [9.1088959, 45.4740806], [9.1089101, 45.4740855], [9.1089233, 45.4740915], [9.1089354, 45.4740986], [9.1089481, 45.4741085]], [[9.1088178, 45.4742495], [9.108811, 45.4742484], [9.1087962, 45.4742445], [9.1087822, 45.4742394], [9.1087692, 45.4742331], [9.1087574, 45.4742257], [9.1087471, 45.4742173], [9.1087367, 45.474206]], [[9.1096839, 45.4697209], [9.1096658, 45.4697289]]]}}, {"type": "Feature", "properties": {"id": "SS-MIL-2131", "nome": "Via Fratelli di Dio", "quartiere": "", "classificazione": "giallo", "score": 3, "note": "strada urbana senza ciclabile", "ciclabile": "no", "n_corsie": "2", "senso_unico": "no", "n_testimonianze": "0", "zona": "B1"}, "geometry": {"type": "MultiLineString", "coordinates": [[[9.0969497, 45.4603599], [9.0969481, 45.4603781], [9.0969228, 45.4604198]], [[9.0969228, 45.4604198], [9.0967298, 45.4609266]], [[9.0970948, 45.4602778], [9.097039, 45.4603048], [9.0969768, 45.4603328], [9.0969497, 45.4603599]], [[9.0969497, 45.4603599], [9.0969253, 45.4603332], [9.0969122, 45.4603267], [9.0968992, 45.4603203], [9.0968687, 45.4603133], [9.0968356, 45.4602992]], [[9.1350729, 45.5266613], [9.1345802, 45.526587], [9.1338282, 45.5265141], [9.132646, 45.5263864], [9.1317201, 45.5262854], [9.1310381, 45.5262069], [9.1310151, 45.526184], [9.131062, 45.5259985]], [[9.2477635, 45.5252743], [9.2478946, 45.5252933], [9.248287, 45.5253529]], [[9.2477635, 45.5252743], [9.2475927, 45.5252518]], [[9.2471849, 45.5251907], [9.2472547, 45.5251792], [9.2472952, 45.5251718], [9.2473348, 45.5251604], [9.2473691, 45.525148], [9.2473947, 45.5251334], [9.2474154, 45.5251149], [9.2474348, 45.5250873], [9.2474514, 45.5250606], [9.2474625, 45.5250339], [9.2474708, 45.525008], [9.2474961, 45.5248986]], [[9.250076, 45.5256247], [9.2505819, 45.5256931], [9.2506469, 45.5257019], [9.2506493, 45.5257022], [9.2507518, 45.5257163], [9.2508651, 45.5257325], [9.2510676, 45.5257663], [9.2510932, 45.5257683], [9.2511132, 45.5257692], [9.2511379, 45.5257671], [9.2511642, 45.5257635], [9.2511883, 45.5257574], [9.2512098, 45.5257541], [9.2512306, 45.5257537], [9.2512541, 45.5257541], [9.2512789, 45.5257574], [9.2513023, 45.5257616], [9.2517467, 45.5258785], [9.2518622, 45.5259008], [9.252196, 45.5259765]], [[9.2475927, 45.5252518], [9.2474438, 45.5252295], [9.2471849, 45.5251907]], [[9.2471849, 45.5251907], [9.247044, 45.5251689]], [[9.248287, 45.5253529], [9.2488788, 45.5254428], [9.2491705, 45.5254871], [9.2496503, 45.52556], [9.2499026, 45.5255984], [9.250076, 45.5256247]], [[9.247044, 45.5251689], [9.2459101, 45.5249936], [9.2451998, 45.5248804], [9.2451434, 45.5248714], [9.2443864, 45.5247509], [9.2439291, 45.5246788], [9.243816, 45.524662], [9.2431605, 45.5245647], [9.2430231, 45.5245443], [9.2428681, 45.5245213], [9.2411545, 45.5242657], [9.2409966, 45.5242432]]]}}, {"type": "Feature", "properties": {"id": "SS-MIL-2138", "nome": "Via Frosinone", "quartiere": "", "classificazione": "giallo", "score": 3, "note": "strada urbana senza ciclabile", "ciclabile": "no", "n_corsie": "2", "senso_unico": "no", "n_testimonianze": "0", "zona": "B1"}, "geometry": {"type": "MultiLineString", "coordinates": [[[9.0768702, 45.4611035], [9.0771195, 45.4612024], [9.0783534, 45.4615377]], [[9.0764723, 45.4610081], [9.0762605, 45.4609585], [9.0762033, 45.4609451]], [[9.0755682, 45.4607963], [9.0753638, 45.4607303], [9.0753573, 45.4607301], [9.0753231, 45.4607294]], [[9.0762033, 45.4609451], [9.0756977, 45.4608266], [9.0755682, 45.4607963]], [[9.0785679, 45.4616023], [9.0783534, 45.4615377]], [[9.0822849, 45.4626761], [9.0821184, 45.4626075], [9.081605, 45.462456], [9.0814688, 45.4624201], [9.0811015, 45.4623272]], [[9.0811015, 45.4623272], [9.0802251, 45.4620856], [9.0795004, 45.4618589]], [[9.0795004, 45.4618589], [9.0794194, 45.4618371], [9.0785679, 45.4616023]]]}}, {"type": "Feature", "properties": {"id": "SS-MIL-2142", "nome": "Via Gabriele D'Annunzio", "quartiere": "", "classificazione": "giallo", "score": 3, "note": "strada urbana senza ciclabile", "ciclabile": "no", "n_corsie": "2", "senso_unico": "si", "n_testimonianze": "0", "zona": "B1"}, "geometry": {"type": "MultiLineString", "coordinates": [[[9.095828, 45.4420889], [9.0957401, 45.4420447], [9.0956324, 45.4419906], [9.0950555, 45.4417015], [9.0948556, 45.4416003], [9.0946241, 45.4414894], [9.0943514, 45.4414018], [9.0942112, 45.4413568]], [[9.0897893, 45.5120979], [9.0898274, 45.5121202], [9.0899077, 45.5121671], [9.0905036, 45.5125158], [9.0914514, 45.5130962]], [[9.088932, 45.5116034], [9.0893183, 45.5118176]], [[9.0886395, 45.5109523], [9.088964, 45.5104465], [9.0891286, 45.5101899]], [[9.0636506, 45.5293142], [9.0636332, 45.5294139], [9.0636202, 45.529465], [9.063293, 45.5303439], [9.0632693, 45.5304074], [9.0632534, 45.5304502], [9.0632419, 45.5304794], [9.0632162, 45.5305449], [9.0628214, 45.5315515], [9.0628153, 45.5316063], [9.0628354, 45.5316468], [9.0632376, 45.5320988], [9.0632976, 45.5321238]], [[9.0893183, 45.5118176], [9.0893745, 45.5118473], [9.0896528, 45.5120152], [9.0897519, 45.512075], [9.0897893, 45.5120979]], [[9.0914514, 45.5130962], [9.0918034, 45.5133355], [9.0918679, 45.5133736], [9.091994, 45.5134299]], [[9.0888416, 45.5118474], [9.0888935, 45.5118013], [9.0889214, 45.5117435], [9.088936, 45.5116817], [9.088932, 45.5116034]], [[9.088932, 45.5116034], [9.0889161, 45.5115506], [9.088879, 45.5114446], [9.0887431, 45.5111228], [9.0887046, 45.5110358], [9.0886395, 45.5109523]], [[9.0918034, 45.5133355], [9.0917386, 45.5133966], [9.0915874, 45.5135319], [9.0915141, 45.5135948], [9.0914168, 45.513657], [9.0913599, 45.513684], [9.0912861, 45.5137079], [9.0912065, 45.5137219], [9.0911313, 45.5137238], [9.0910352, 45.5137157], [9.0909626, 45.5136979]], [[9.0895375, 45.5145911], [9.0896402, 45.5146426], [9.089723, 45.5146731], [9.0898297, 45.5147068], [9.0899789, 45.5147387], [9.0901466, 45.5147658], [9.0903026, 45.5147805], [9.0903721, 45.5147835], [9.0904486, 45.5147835], [9.0905354, 45.5147779], [9.0906284, 45.5147692], [9.0907171, 45.5147651], [9.0907805, 45.5147667]], [[9.0892481, 45.5138175], [9.0892108, 45.5138924], [9.0891935, 45.5139836], [9.0891888, 45.51404], [9.0891932, 45.5141391], [9.0892245, 45.5142445], [9.0893067, 45.5143735], [9.0893691, 45.5144389], [9.0894597, 45.5145206], [9.0895375, 45.5145911]], [[9.0909626, 45.5136979], [9.090886, 45.513671], [9.0907785, 45.5136191], [9.0906825, 45.5135742], [9.0905675, 45.5135242], [9.0904706, 45.5134884], [9.0903996, 45.5134689], [9.0903211, 45.5134513], [9.0902181, 45.5134386], [9.0900829, 45.5134348], [9.0900247, 45.5134347], [9.0898767, 45.5134524], [9.0897063, 45.5134903], [9.0895697, 45.5135459], [9.0894885, 45.5135888], [9.0893962, 45.513654], [9.0893579, 45.5136882], [9.0893047, 45.5137428], [9.0892481, 45.5138175]], [[9.091994, 45.5134299], [9.0921803, 45.5134772], [9.0935214, 45.5137627], [9.0935032, 45.5139643]], [[9.0876971, 45.5175403], [9.0876341, 45.5172978], [9.0876254, 45.5172588], [9.0876206, 45.5172384], [9.0876161, 45.5172156], [9.0876103, 45.517193], [9.087603, 45.5171705], [9.0875944, 45.5171483], [9.0875845, 45.5171264], [9.0875732, 45.5171048], [9.0874069, 45.5167411], [9.087383, 45.5166441], [9.087381, 45.5165776], [9.0874127, 45.5165112], [9.0874788, 45.5164386], [9.0875768, 45.5163598], [9.0876853, 45.516276], [9.0877617, 45.5162084], [9.0878349, 45.5161431], [9.0878919, 45.516086], [9.087941, 45.5160265], [9.0879796, 45.5159618], [9.0880049, 45.5159091], [9.0882313, 45.5154206]], [[9.0882313, 45.5154206], [9.0883048, 45.5152688], [9.0883265, 45.5152383], [9.0883553, 45.5152115], [9.0883823, 45.515195], [9.0884293, 45.5151757], [9.08846, 45.5151677], [9.0884937, 45.5151641], [9.0885265, 45.5151654], [9.0885691, 45.5151691], [9.0886225, 45.5151828]], [[9.0886225, 45.5151828], [9.0886676, 45.515195], [9.0889716, 45.5152893], [9.0899675, 45.5155918], [9.0904154, 45.5157473], [9.0904859, 45.5157664], [9.0905687, 45.5157831], [9.0906213, 45.5157839], [9.0906783, 45.5157768], [9.0907464, 45.5157517], [9.0907968, 45.5157177], [9.0908185, 45.5156917], [9.0908396, 45.5156581], [9.0908446, 45.515629], [9.0908461, 45.5155955], [9.0908524, 45.5155595], [9.0908734, 45.5153461], [9.0908944, 45.5152792], [9.0909154, 45.5152263]], [[9.0907805, 45.5147667], [9.0908691, 45.5147651], [9.0909313, 45.5147713], [9.0909928, 45.5147857], [9.0910492, 45.5147974], [9.0911005, 45.5148003], [9.0912006, 45.5147959]], [[9.0910537, 45.5149464], [9.091035, 45.5149225], [9.090989, 45.5148653], [9.0909567, 45.5148358], [9.0909191, 45.5148103], [9.0908807, 45.5147951], [9.0907805, 45.5147667]], [[9.0912659, 45.5151056], [9.0911728, 45.5151155], [9.091105, 45.5151293], [9.0910401, 45.5151473], [9.0909986, 45.51517], [9.0909154, 45.5152263]], [[9.0909154, 45.5152263], [9.0909337, 45.5151801], [9.0909508, 45.5151526], [9.0909844, 45.5151138], [9.0910116, 45.5150857], [9.0910364, 45.5150475], [9.0910507, 45.5150149], [9.0910584, 45.5149783]], [[9.0878838, 45.517846], [9.0877894, 45.5176938], [9.0877292, 45.5175886], [9.0876971, 45.5175403]]]}}, {"type": "Feature", "properties": {"id": "SS-MIL-2150", "nome": "Via Gaetano Airaghi", "quartiere": "", "classificazione": "giallo", "score": 3, "note": "strada urbana senza ciclabile", "ciclabile": "no", "n_corsie": "2", "senso_unico": "no", "n_testimonianze": "0", "zona": "B1"}, "geometry": {"type": "MultiLineString", "coordinates": [[[9.0801895, 45.4730432], [9.0800082, 45.4730353], [9.0794482, 45.473011], [9.0793065, 45.4729839], [9.0791552, 45.472955], [9.0790049, 45.4729073], [9.0788275, 45.4727715]], [[9.0865176, 45.4757061], [9.0864507, 45.4757074], [9.0864264, 45.4757086], [9.0863142, 45.4757019], [9.0853576, 45.4755966], [9.0851544, 45.4755736], [9.084578, 45.4755048], [9.0844937, 45.4755016], [9.0843335, 45.4755205], [9.0842457, 45.4755115], [9.0841479, 45.4754838], [9.0840686, 45.4754438], [9.0833535, 45.4750585], [9.0832743, 45.4750348]], [[9.0829889, 45.4749686], [9.0829063, 45.4748912], [9.0826626, 45.4747277], [9.0825674, 45.4746747], [9.08209, 45.474414], [9.0819855, 45.4743637], [9.0818052, 45.4742722], [9.0811893, 45.4739597], [9.0810097, 45.4738686], [9.0807831, 45.4737539], [9.0802767, 45.4735169], [9.080236, 45.4734876], [9.0802186, 45.4734686], [9.0802064, 45.4734472], [9.0801977, 45.4734253], [9.0801971, 45.4734208], [9.0801851, 45.473372], [9.0801842, 45.4731952], [9.0801895, 45.4730432]], [[9.0886785, 45.4756677], [9.0885653, 45.475602], [9.0879059, 45.475182]], [[9.0741755, 45.4763033], [9.0757299, 45.4751952]], [[9.0759567, 45.4733864], [9.0759747, 45.4733987], [9.07701, 45.4741067], [9.0770299, 45.4741432], [9.07703, 45.4741971], [9.0770028, 45.474237], [9.0757299, 45.4751952]], [[9.0832743, 45.4750348], [9.0830681, 45.4750852]], [[9.0829889, 45.4749686], [9.0832743, 45.4750348]], [[9.0879059, 45.475182], [9.08783, 45.4751459], [9.0877519, 45.4751574], [9.0877398, 45.4751602], [9.0873354, 45.475294], [9.0873305, 45.475299], [9.087101, 45.475413], [9.0867377, 45.4756718], [9.0866664, 45.4757011], [9.0865959, 45.4757046], [9.0865176, 45.4757061]], [[9.0788275, 45.4727715], [9.0780721, 45.4721936], [9.0779542, 45.4721111], [9.0779235, 45.4720955], [9.0778809, 45.4720823], [9.0778455, 45.4720772]]]}}, {"type": "Feature", "properties": {"id": "SS-MIL-2161", "nome": "Via Gaetano Moretti", "quartiere": "", "classificazione": "verde", "score": 1, "note": "ciclabile presente (da OpenStreetMap)", "ciclabile": "si", "n_corsie": "2", "senso_unico": "no", "n_testimonianze": "0", "zona": "B1"}, "geometry": {"type": "LineString", "coordinates": [[9.1312787, 45.4855647], [9.1303194, 45.485798]]}}, {"type": "Feature", "properties": {"id": "SS-MIL-2164", "nome": "Via Gaetano Previati", "quartiere": "", "classificazione": "giallo", "score": 3, "note": "strada urbana senza ciclabile", "ciclabile": "no", "n_corsie": "2", "senso_unico": "si", "n_testimonianze": "0", "zona": "B1"}, "geometry": {"type": "MultiLineString", "coordinates": [[[9.146316, 45.4697465], [9.1463771, 45.4697871], [9.1473798, 45.4704468], [9.1479187, 45.4708027], [9.1479681, 45.4708341], [9.1480336, 45.4708773]], [[9.1454973, 45.4692216], [9.1455789, 45.4692689], [9.1461283, 45.4696367], [9.1461532, 45.4696531], [9.1461873, 45.4696756]], [[9.1498057, 45.4720415], [9.149888, 45.4720953], [9.1514928, 45.4731312], [9.1515269, 45.4731548], [9.1515547, 45.4731718], [9.1515755, 45.4731792], [9.151591, 45.473182], [9.151607, 45.4731795], [9.151623, 45.4731731]], [[9.1492141, 45.4716517], [9.1497171, 45.4719831], [9.1497664, 45.4720156], [9.1498057, 45.4720415]], [[9.1480336, 45.4708773], [9.1481165, 45.4709324], [9.1492141, 45.4716517]]]}}, {"type": "Feature", "properties": {"id": "SS-MIL-2173", "nome": "Via Galileo Ferraris", "quartiere": "", "classificazione": "giallo", "score": 3, "note": "strada urbana senza ciclabile", "ciclabile": "no", "n_corsie": "2", "senso_unico": "no", "n_testimonianze": "0", "zona": "B1"}, "geometry": {"type": "MultiLineString", "coordinates": [[[9.0477217, 45.435944], [9.0478758, 45.4360165], [9.0509281, 45.4372603], [9.0515601, 45.4375238], [9.0516681, 45.4375688], [9.0519613, 45.437691], [9.0522187, 45.4377983], [9.0525804, 45.4379491], [9.052579, 45.4385213]], [[9.0476032, 45.4358286], [9.0477217, 45.435944]], [[9.0477217, 45.435944], [9.0476162, 45.4359266], [9.0475423, 45.4359144]], [[9.0499258, 45.5267019], [9.0503846, 45.5268121], [9.0508627, 45.5269239]]]}}, {"type": "Feature", "properties": {"id": "SS-MIL-2175", "nome": "Via Gallarata", "quartiere": "", "classificazione": "giallo", "score": 3, "note": "strada urbana senza ciclabile", "ciclabile": "no", "n_corsie": "2", "senso_unico": "si", "n_testimonianze": "0", "zona": "B1"}, "geometry": {"type": "MultiLineString", "coordinates": [[[9.0671754, 45.4669133], [9.0663134, 45.4668796], [9.0653558, 45.4668657], [9.0652468, 45.4668704]], [[9.067417, 45.4669253], [9.0664219, 45.468912], [9.066326, 45.4691176]], [[9.0671754, 45.4669133], [9.067417, 45.4669253], [9.0680921, 45.466958]]]}}, {"type": "Feature", "properties": {"id": "SS-MIL-2183", "nome": "Via Garian", "quartiere": "", "classificazione": "giallo", "score": 3, "note": "strada urbana senza ciclabile", "ciclabile": "no", "n_corsie": "2", "senso_unico": "si", "n_testimonianze": "0", "zona": "B1"}, "geometry": {"type": "MultiLineString", "coordinates": [[[9.1546896, 45.4582014], [9.1545496, 45.4582072], [9.1531961, 45.4582449], [9.1531292, 45.4582468]], [[9.1531292, 45.4582468], [9.1530321, 45.4582465], [9.1510896, 45.4583045], [9.1510484, 45.4583073], [9.1510053, 45.4583102]]]}}, {"type": "Feature", "properties": {"id": "SS-MIL-2195", "nome": "Via Gattamelata", "quartiere": "", "classificazione": "verde", "score": 1, "note": "ciclabile presente (da OpenStreetMap)", "ciclabile": "si", "n_corsie": "1", "senso_unico": "no", "n_testimonianze": "0", "zona": "B1"}, "geometry": {"type": "MultiLineString", "coordinates": [[[9.1524152, 45.4836235], [9.1524995, 45.4835601], [9.153538, 45.4827797], [9.1536545, 45.4826921]], [[9.151276, 45.4845032], [9.151238, 45.484534], [9.1511397, 45.4846138]], [[9.1520638, 45.4838948], [9.1514098, 45.4843999], [9.1513502, 45.4844459], [9.151276, 45.4845032]], [[9.1497784, 45.4855472], [9.1498878, 45.4855317], [9.1499371, 45.4855199], [9.1499654, 45.4855118]], [[9.1499654, 45.4855118], [9.1505655, 45.4850531], [9.1508073, 45.4848682], [9.1508351, 45.4848469], [9.1508735, 45.4848175]], [[9.1499654, 45.4855118], [9.1499567, 45.4855326], [9.1499405, 45.4855744], [9.1499326, 45.4855983], [9.1499173, 45.4856446]], [[9.1511199, 45.4847977], [9.1509527, 45.4849234], [9.1509242, 45.4849448], [9.1503047, 45.4854105], [9.1500992, 45.4855744], [9.1500448, 45.4855618]], [[9.1498505, 45.4854118], [9.1498785, 45.4853966], [9.149923, 45.4853689], [9.1499553, 45.4853447], [9.1504467, 45.4849761], [9.1506892, 45.4847942]], [[9.1551014, 45.4815956], [9.154994, 45.481677], [9.1545938, 45.4819803], [9.1543892, 45.4821353], [9.1538613, 45.4825355], [9.1537597, 45.4826124], [9.1536545, 45.4826921]], [[9.1537255, 45.4827391], [9.1536116, 45.4828261], [9.1525764, 45.4836088]], [[9.1510884, 45.4846552], [9.1510976, 45.4846479], [9.1511397, 45.4846138]], [[9.1510884, 45.4846552], [9.1510823, 45.4846732], [9.1511272, 45.4847663], [9.1511199, 45.4847977]], [[9.1500448, 45.4855618], [9.1500271, 45.4855534], [9.1499654, 45.4855118], [9.1498883, 45.4854598], [9.1498877, 45.4854595]], [[9.1508735, 45.4848175], [9.1510563, 45.4846776], [9.1510884, 45.4846552]], [[9.1521499, 45.4838283], [9.1520638, 45.4838948]], [[9.1552184, 45.4816094], [9.1551754, 45.4816433], [9.1550673, 45.4817248], [9.1546698, 45.4820298], [9.15437, 45.4822562], [9.1539864, 45.4825505], [9.1538379, 45.4826584], [9.1537255, 45.4827391]], [[9.155467, 45.4813185], [9.1551014, 45.4815956]]]}}, {"type": "Feature", "properties": {"id": "SS-MIL-2199", "nome": "Via Gavirate", "quartiere": "", "classificazione": "giallo", "score": 3, "note": "strada urbana senza ciclabile", "ciclabile": "no", "n_corsie": "2", "senso_unico": "si", "n_testimonianze": "0", "zona": "B1"}, "geometry": {"type": "MultiLineString", "coordinates": [[[9.1427737, 45.4789129], [9.1426859, 45.4789086], [9.1426085, 45.4788998], [9.1425365, 45.4788895], [9.142465, 45.4788736], [9.1423941, 45.4788518], [9.1423353, 45.4788231], [9.1421905, 45.4787334]], [[9.1404225, 45.4775724], [9.1404037, 45.4775571], [9.1400188, 45.4773055], [9.1386298, 45.4763975], [9.1385595, 45.4763597]], [[9.1386022, 45.476263], [9.1386792, 45.4763093], [9.1398435, 45.4770719], [9.1404776, 45.4774872], [9.1404976, 45.4775033]], [[9.1409019, 45.4777629], [9.1410315, 45.4778463], [9.1422907, 45.4786572]], [[9.1421905, 45.4787334], [9.1409071, 45.4779053], [9.1407938, 45.4778268]], [[9.1422907, 45.4786572], [9.1424264, 45.4787453], [9.1424675, 45.4787636], [9.1425136, 45.4787716], [9.1426004, 45.4787709], [9.1426739, 45.4787581], [9.1427132, 45.478746], [9.1427633, 45.4787182]], [[9.140649, 45.4777264], [9.1404225, 45.4775724]], [[9.1404976, 45.4775033], [9.1407424, 45.4776593]], [[9.1409019, 45.4777629], [9.1408826, 45.4777775], [9.1408618, 45.4777901], [9.1408349, 45.4778051], [9.1408179, 45.4778148], [9.1407938, 45.4778268]], [[9.1407424, 45.4776593], [9.1409019, 45.4777629]], [[9.1407938, 45.4778268], [9.140649, 45.4777264]]]}}, {"type": "Feature", "properties": {"id": "SS-MIL-2205", "nome": "Via Gentile Bellini", "quartiere": "", "classificazione": "rosso", "score": 4, "note": "strada secondaria trafficata", "ciclabile": "no", "n_corsie": "2", "senso_unico": "si", "n_testimonianze": "0", "zona": "B1"}, "geometry": {"type": "MultiLineString", "coordinates": [[[9.1426309, 45.451345], [9.1426496, 45.4513108], [9.14267, 45.4512734], [9.1427257, 45.4511711]], [[9.1427257, 45.4511711], [9.1429374, 45.4508339], [9.1429458, 45.4508192], [9.1429825, 45.450755]], [[9.1435202, 45.4498289], [9.1437378, 45.4494692]], [[9.1439862, 45.4494076], [9.1439402, 45.4494532], [9.143903, 45.4495154]], [[9.1431538, 45.4508039], [9.1431153, 45.4508698], [9.1431064, 45.450885], [9.1429136, 45.4512157]], [[9.1429825, 45.450755], [9.14302, 45.4506945], [9.1430284, 45.450681], [9.1434497, 45.449951], [9.1435202, 45.4498289]], [[9.1437378, 45.4494692], [9.1437662, 45.4494184], [9.1437744, 45.449392], [9.1437822, 45.4493419]], [[9.143903, 45.4495154], [9.1437676, 45.4497518], [9.1436939, 45.4498804]], [[9.1436939, 45.4498804], [9.1431953, 45.4507317], [9.1431857, 45.4507483], [9.1431538, 45.4508039]], [[9.1429136, 45.4512157], [9.1428533, 45.4513227], [9.1428337, 45.4513575], [9.1428105, 45.4513986]]]}}, {"type": "Feature", "properties": {"id": "SS-MIL-2210", "nome": "Via George Stephenson", "quartiere": "", "classificazione": "giallo", "score": 3, "note": "strada urbana senza ciclabile", "ciclabile": "no", "n_corsie": "2", "senso_unico": "no", "n_testimonianze": "0", "zona": "B1"}, "geometry": {"type": "MultiLineString", "coordinates": [[[9.0640535, 45.4686645], [9.0639949, 45.4687691], [9.063873, 45.4689833], [9.0637451, 45.4692269], [9.0637021, 45.469305], [9.0633719, 45.4698797]], [[9.0642176, 45.4685015], [9.06424, 45.4684782], [9.0643314, 45.4683828], [9.0644031, 45.4683079], [9.0647113, 45.4679304], [9.064834, 45.4677365], [9.0648403, 45.4677256], [9.0650499, 45.4673654], [9.0651461, 45.4671762], [9.0652341, 45.4669787], [9.0652468, 45.4668704], [9.0652485, 45.4668002], [9.0652264, 45.4665134]], [[9.0629032, 45.470929], [9.0631623, 45.470259], [9.0633089, 45.4700098], [9.0633719, 45.4698797]], [[9.0652264, 45.4665134], [9.0651878, 45.4660147], [9.0651663, 45.4655926], [9.0651522, 45.4655019], [9.0651201, 45.4654188], [9.0650823, 45.4653603], [9.0645631, 45.464752], [9.0645257, 45.4647122]]]}}, {"type": "Feature", "properties": {"id": "SS-MIL-2222", "nome": "Via Gerolamo Saporiti", "quartiere": "", "classificazione": "giallo", "score": 3, "note": "strada urbana senza ciclabile", "ciclabile": "no", "n_corsie": "2", "senso_unico": "no", "n_testimonianze": "0", "zona": "B1"}, "geometry": {"type": "LineString", "coordinates": [[9.0903727, 45.4666158], [9.0903456, 45.4666059], [9.0897689, 45.466395]]}}, {"type": "Feature", "properties": {"id": "SS-MIL-2229", "nome": "Via Giacinto Bruzzesi", "quartiere": "", "classificazione": "giallo", "score": 3, "note": "strada urbana senza ciclabile", "ciclabile": "no", "n_corsie": "2", "senso_unico": "si", "n_testimonianze": "0", "zona": "B1"}, "geometry": {"type": "MultiLineString", "coordinates": [[[9.1470135, 45.448675], [9.1469629, 45.4487611], [9.1463736, 45.4497749], [9.1463552, 45.4498061], [9.1463392, 45.4498332]], [[9.1462591, 45.4499635], [9.1462239, 45.4500241], [9.145405, 45.451436], [9.1453783, 45.45148], [9.1453611, 45.4515096]], [[9.1453611, 45.4515096], [9.1453212, 45.4515784], [9.1453156, 45.4515882], [9.1447762, 45.4524734], [9.1447398, 45.452536]], [[9.1462966, 45.4499017], [9.1462897, 45.449913], [9.1462591, 45.4499635]], [[9.1463392, 45.4498332], [9.1463047, 45.4498889], [9.1462966, 45.4499017]]]}}, {"type": "Feature", "properties": {"id": "SS-MIL-2233", "nome": "Via Giacinto Gigante", "quartiere": "", "classificazione": "giallo", "score": 3, "note": "strada urbana senza ciclabile", "ciclabile": "no", "n_corsie": "2", "senso_unico": "no", "n_testimonianze": "0", "zona": "B1"}, "geometry": {"type": "MultiLineString", "coordinates": [[[9.1397428, 45.470377], [9.139693, 45.4704096], [9.1396375, 45.4704478], [9.1387242, 45.4711649]], [[9.1380348, 45.4716989], [9.1380315, 45.4717536], [9.1380305, 45.4718152]], [[9.1387242, 45.4711649], [9.1386426, 45.4712259], [9.138223, 45.4715397]], [[9.138223, 45.4715397], [9.1381318, 45.4716068], [9.1380715, 45.4716539], [9.1380348, 45.4716989]]]}}, {"type": "Feature", "properties": {"id": "SS-MIL-2239", "nome": "Via Giacomo Boni", "quartiere": "", "classificazione": "giallo", "score": 3, "note": "strada urbana senza ciclabile", "ciclabile": "no", "n_corsie": "2", "senso_unico": "si", "n_testimonianze": "0", "zona": "B1"}, "geometry": {"type": "MultiLineString", "coordinates": [[[9.1574024, 45.4596501], [9.1570701, 45.4601496], [9.1570099, 45.4603496]], [[9.1574535, 45.4614234], [9.1574099, 45.4613516], [9.1571515, 45.4606961], [9.1571208, 45.460614]], [[9.1568097, 45.4603885], [9.156774, 45.4603096], [9.1565857, 45.4598948], [9.1565556, 45.4598169]], [[9.1566493, 45.4605295], [9.1569424, 45.4606315], [9.1570273, 45.4606332], [9.1571208, 45.460614]], [[9.1567823, 45.4597735], [9.1567513, 45.4596976], [9.1562789, 45.4584999], [9.1562691, 45.4584758], [9.1562587, 45.4584521], [9.1562314, 45.4583898]], [[9.1570099, 45.4603496], [9.1571208, 45.460614]], [[9.1570099, 45.4603496], [9.1568152, 45.45986], [9.1567823, 45.4597735]]]}}, {"type": "Feature", "properties": {"id": "SS-MIL-2255", "nome": "Via Giacomo Watt", "quartiere": "", "classificazione": "giallo", "score": 3, "note": "strada urbana senza ciclabile (2 corsie)", "ciclabile": "no", "n_corsie": "2", "senso_unico": "no", "n_testimonianze": "0", "zona": "B1"}, "geometry": {"type": "MultiLineString", "coordinates": [[[9.1547818, 45.4445408], [9.1547657, 45.444538], [9.1540245, 45.4443586], [9.1539606, 45.4443431], [9.1527719, 45.4440553], [9.1526428, 45.444024], [9.1510781, 45.4436451], [9.1503057, 45.4434581], [9.1498507, 45.4433478], [9.1496416, 45.4432973]], [[9.1496416, 45.4432973], [9.1496821, 45.4432343], [9.1500261, 45.4426985]], [[9.1547818, 45.4445408], [9.1548931, 45.4445373], [9.1550086, 45.4445317]], [[9.1550383, 45.4446117], [9.1549136, 45.4445833], [9.1548261, 45.4445531], [9.1547818, 45.4445408]], [[9.1496416, 45.4432973], [9.1494497, 45.4432504], [9.1491606, 45.4431797], [9.1490081, 45.4431425], [9.1481734, 45.4429385], [9.1481118, 45.4429234], [9.1480876, 45.4429175]]]}}, {"type": "Feature", "properties": {"id": "SS-MIL-2258", "nome": "Via Giambattista Tiepolo", "quartiere": "", "classificazione": "giallo", "score": 3, "note": "strada urbana senza ciclabile", "ciclabile": "no", "n_corsie": "2", "senso_unico": "si", "n_testimonianze": "0", "zona": "B1"}, "geometry": {"type": "LineString", "coordinates": [[9.1044115, 45.4444366], [9.104355, 45.4445384], [9.1039426, 45.445279], [9.1038711, 45.4454022]]}}, {"type": "Feature", "properties": {"id": "SS-MIL-2259", "nome": "Via Giambellino", "quartiere": "", "classificazione": "giallo", "score": 3, "note": "strada urbana senza ciclabile", "ciclabile": "no", "n_corsie": "2", "senso_unico": "si", "n_testimonianze": "0", "zona": "B1"}, "geometry": {"type": "MultiLineString", "coordinates": [[[9.1438231, 45.4490222], [9.1441476, 45.4491268], [9.1442788, 45.4491691]], [[9.143737, 45.4491592], [9.1436405, 45.4491275], [9.1429411, 45.4489014]], [[9.1531461, 45.4521947], [9.1509577, 45.4514841], [9.1508882, 45.4514618], [9.1508242, 45.4514417]], [[9.1320181, 45.4451953], [9.1321549, 45.4452399], [9.1348342, 45.4461139], [9.134946, 45.4461504]], [[9.1348616, 45.4462877], [9.1347414, 45.4462489], [9.1320661, 45.4453816], [9.1319276, 45.4453367]], [[9.1298083, 45.4444228], [9.1299202, 45.4445175], [9.1299387, 45.4445331], [9.1299803, 45.4445475], [9.1307059, 45.4447811], [9.1310681, 45.4448953], [9.1319371, 45.4451695], [9.1320181, 45.4451953]], [[9.1319276, 45.4453367], [9.1318422, 45.4453093], [9.1298969, 45.4446851], [9.1298922, 45.4446833], [9.1298257, 45.4446594], [9.1298012, 45.4446506], [9.1296812, 45.4446469]], [[9.1415449, 45.4484497], [9.1408558, 45.4482271], [9.1397695, 45.4478763]], [[9.1411218, 45.4481427], [9.1416382, 45.4483109]], [[9.1398594, 45.4477361], [9.1399941, 45.4477803]], [[9.1399941, 45.4477803], [9.1402208, 45.4478531], [9.1407228, 45.4480145], [9.1411218, 45.4481427]], [[9.1416382, 45.4483109], [9.1422903, 45.4485228]], [[9.1422291, 45.448673], [9.1415769, 45.4484603], [9.1415449, 45.4484497]], [[9.1431085, 45.4487877], [9.1436748, 45.4489725], [9.1437279, 45.4489897], [9.1438231, 45.4490222]], [[9.1422903, 45.4485228], [9.1424277, 45.4485675], [9.1426374, 45.4486357]], [[9.1425531, 45.4487754], [9.1424647, 45.4487474], [9.1423367, 45.4487079]], [[9.1441935, 45.4493025], [9.1439104, 45.4492136], [9.143737, 45.4491592]], [[9.1462591, 45.4499635], [9.1461591, 45.4499315], [9.1443736, 45.4493598], [9.1443058, 45.4493381], [9.1441935, 45.4493025]], [[9.1442788, 45.4491691], [9.1443838, 45.4492029], [9.1449203, 45.4493759], [9.146234, 45.4497993], [9.1463392, 45.4498332]], [[9.1463392, 45.4498332], [9.1464413, 45.4498654], [9.1473968, 45.4501742], [9.148059, 45.4503878], [9.1485216, 45.4505378], [9.1486221, 45.4505703]], [[9.1500974, 45.4510477], [9.1507835, 45.451268], [9.1509056, 45.4513056]], [[9.1486221, 45.4505703], [9.1487068, 45.450598], [9.1500974, 45.4510477]], [[9.1499625, 45.4511649], [9.1486294, 45.4507283], [9.1485458, 45.4507009]], [[9.1508242, 45.4514417], [9.1507071, 45.4514044], [9.1499625, 45.4511649]], [[9.1485458, 45.4507009], [9.1484416, 45.4506669], [9.1473181, 45.4503049], [9.1463596, 45.4499959], [9.1462591, 45.4499635]], [[9.1509056, 45.4513056], [9.1510342, 45.4513463], [9.1532326, 45.4520605]], [[9.1426374, 45.4486357], [9.14282, 45.448695], [9.1431085, 45.4487877]], [[9.1429411, 45.4489014], [9.1425531, 45.4487754]], [[9.1423367, 45.4487079], [9.1422291, 45.448673]]]}}, {"type": "Feature", "properties": {"id": "SS-MIL-2274", "nome": "Via Gian Giacomo Poldi Pezzoli", "quartiere": "", "classificazione": "giallo", "score": 3, "note": "strada urbana senza ciclabile", "ciclabile": "no", "n_corsie": "2", "senso_unico": "si", "n_testimonianze": "0", "zona": "B1"}, "geometry": {"type": "LineString", "coordinates": [[9.1394575, 45.4775574], [9.1394078, 45.4775908], [9.1379984, 45.4785397], [9.1379026, 45.4786029]]}}, {"type": "Feature", "properties": {"id": "SS-MIL-2276", "nome": "Via Gian Lorenzo Bernini", "quartiere": "", "classificazione": "giallo", "score": 3, "note": "strada urbana senza ciclabile", "ciclabile": "no", "n_corsie": "2", "senso_unico": "no", "n_testimonianze": "0", "zona": "B1"}, "geometry": {"type": "LineString", "coordinates": [[9.0897394, 45.436398], [9.0898032, 45.4364246], [9.0919537, 45.4373216]]}}, {"type": "Feature", "properties": {"id": "SS-MIL-2277", "nome": "Via Gian Pietro Puricelli", "quartiere": "", "classificazione": "giallo", "score": 3, "note": "strada urbana senza ciclabile (1 corsie)", "ciclabile": "no", "n_corsie": "1", "senso_unico": "si", "n_testimonianze": "0", "zona": "B1"}, "geometry": {"type": "MultiLineString", "coordinates": [[[9.1293533, 45.4630192], [9.1293608, 45.4631112], [9.1293615, 45.4631191], [9.1294382, 45.4641038]], [[9.1294382, 45.4641038], [9.1295434, 45.4652093], [9.1295562, 45.4652496], [9.1295743, 45.4652796], [9.1296047, 45.4653225]]]}}, {"type": "Feature", "properties": {"id": "SS-MIL-2289", "nome": "Via Giasone del Maino", "quartiere": "", "classificazione": "giallo", "score": 3, "note": "strada urbana senza ciclabile", "ciclabile": "no", "n_corsie": "2", "senso_unico": "si", "n_testimonianze": "0", "zona": "B1"}, "geometry": {"type": "MultiLineString", "coordinates": [[[9.1533157, 45.4640674], [9.153413, 45.4639292], [9.1534156, 45.4637174]], [[9.1533197, 45.4622697], [9.1532887, 45.4617003], [9.1532873, 45.4616341]], [[9.1534156, 45.4637174], [9.1533812, 45.4631626], [9.1533779, 45.4631257]], [[9.1533779, 45.4631257], [9.1533777, 45.4630614], [9.1533197, 45.4622697]]]}}, {"type": "Feature", "properties": {"id": "SS-MIL-2290", "nome": "Via Gignese", "quartiere": "", "classificazione": "giallo", "score": 3, "note": "strada urbana senza ciclabile", "ciclabile": "no", "n_corsie": "2", "senso_unico": "si", "n_testimonianze": "0", "zona": "B1"}, "geometry": {"type": "MultiLineString", "coordinates": [[[9.1407424, 45.4776593], [9.140649, 45.4777264]], [[9.1396895, 45.4786181], [9.1397482, 45.4785236], [9.1398756, 45.4783309]], [[9.1399608, 45.4785454], [9.1398966, 45.4784889], [9.1398795, 45.4784351], [9.1398691, 45.4783855], [9.1398756, 45.4783309]], [[9.1400343, 45.4781958], [9.1399946, 45.4782604], [9.1399613, 45.4783268], [9.1399712, 45.4783953], [9.1399861, 45.4784521], [9.1400574, 45.4785382]], [[9.140649, 45.4777264], [9.140579, 45.477779], [9.1402201, 45.4780528]], [[9.1398756, 45.4783309], [9.1399001, 45.4782798], [9.1399547, 45.4782329], [9.1400343, 45.4781958]], [[9.1401291, 45.4781241], [9.1400343, 45.4781958]], [[9.1402201, 45.4780528], [9.1401291, 45.4781241]]]}}, {"type": "Feature", "properties": {"id": "SS-MIL-2292", "nome": "Via Giletta", "quartiere": "", "classificazione": "verde", "score": 1, "note": "ciclabile presente (da OpenStreetMap)", "ciclabile": "si", "n_corsie": "2", "senso_unico": "no", "n_testimonianze": "0", "zona": "B1"}, "geometry": {"type": "LineString", "coordinates": [[9.0540873, 45.481745], [9.0541567, 45.4817656], [9.0558213, 45.4823507], [9.0559224, 45.482386], [9.056311, 45.4825223], [9.0563917, 45.4825515], [9.0575826, 45.482987], [9.0576536, 45.4830228]]}}, {"type": "Feature", "properties": {"id": "SS-MIL-2296", "nome": "Via Gino Zappa", "quartiere": "", "classificazione": "giallo", "score": 3, "note": "strada urbana senza ciclabile", "ciclabile": "no", "n_corsie": "2", "senso_unico": "no", "n_testimonianze": "0", "zona": "B1"}, "geometry": {"type": "MultiLineString", "coordinates": [[[9.1360038, 45.4672077], [9.1359609, 45.4669808], [9.1359027, 45.4663448], [9.1358939, 45.46628]], [[9.1360466, 45.4673963], [9.1360395, 45.4673655], [9.1360356, 45.4673483], [9.1360038, 45.4672077]]]}}, {"type": "Feature", "properties": {"id": "SS-MIL-2297", "nome": "Via Gio' Ponti", "quartiere": "", "classificazione": "giallo", "score": 3, "note": "strada urbana senza ciclabile", "ciclabile": "no", "n_corsie": "2", "senso_unico": "no", "n_testimonianze": "0", "zona": "B1"}, "geometry": {"type": "MultiLineString", "coordinates": [[[9.1326428, 45.4577688], [9.1326303, 45.4577656], [9.1326182, 45.4577612], [9.132607, 45.4577557], [9.1325968, 45.4577494], [9.1325879, 45.4577422], [9.1325803, 45.4577342], [9.1325741, 45.4577257], [9.1325695, 45.4577167], [9.1325666, 45.4577074], [9.1325653, 45.4576979], [9.1325657, 45.4576883], [9.1325678, 45.4576789], [9.1325715, 45.4576697], [9.1325769, 45.4576609], [9.1325837, 45.4576526], [9.132592, 45.457645], [9.1326015, 45.4576382], [9.1326122, 45.4576323], [9.1326238, 45.4576273], [9.1326363, 45.4576234], [9.1326493, 45.4576206], [9.1326627, 45.457619], [9.1326763, 45.4576185], [9.1326899, 45.4576192], [9.1327033, 45.4576211], [9.1327162, 45.4576242], [9.1327284, 45.4576283], [9.1327399, 45.4576335], [9.1327503, 45.4576397], [9.1327596, 45.4576467], [9.1327675, 45.4576544], [9.1327741, 45.4576628], [9.1327793, 45.4576723]], [[9.1340073, 45.4579974], [9.1339598, 45.4579848], [9.132971, 45.4577239], [9.1327793, 45.4576723]], [[9.1327793, 45.4576723], [9.1327824, 45.457681], [9.1327844, 45.4576952], [9.1327835, 45.4577048], [9.132781, 45.4577142], [9.1327769, 45.4577233], [9.1327712, 45.4577319], [9.1327639, 45.45774], [9.1327554, 45.4577475], [9.1327455, 45.4577541], [9.1327346, 45.4577598], [9.1327227, 45.4577645], [9.1327101, 45.4577681], [9.132697, 45.4577706], [9.1326835, 45.457772], [9.1326699, 45.4577721], [9.1326563, 45.4577711], [9.1326428, 45.4577688]]]}}, {"type": "Feature", "properties": {"id": "SS-MIL-2299", "nome": "Via Gioacchino Rossini", "quartiere": "", "classificazione": "giallo", "score": 3, "note": "strada urbana senza ciclabile", "ciclabile": "no", "n_corsie": "2", "senso_unico": "no", "n_testimonianze": "0", "zona": "B1"}, "geometry": {"type": "MultiLineString", "coordinates": [[[9.0896507, 45.440708], [9.0897043, 45.4407267], [9.0897802, 45.4407531], [9.0905923, 45.4410455], [9.090852, 45.4412013], [9.0909765, 45.441276], [9.0910604, 45.4413263], [9.0911389, 45.4413734], [9.0914348, 45.4415509], [9.0914727, 45.4415736], [9.0917016, 45.4417109], [9.0917435, 45.4417361], [9.0919527, 45.4418615], [9.0920237, 45.4419041], [9.0921467, 45.4419779], [9.0928254, 45.4423849], [9.0929012, 45.4424305], [9.0929336, 45.4424498]], [[9.0582385, 45.4261757], [9.0578818, 45.4267914], [9.0582844, 45.4269053], [9.0596486, 45.4272911]], [[9.2055387, 45.4694933], [9.2054122, 45.4694745], [9.2050785, 45.4694408], [9.2040847, 45.4693383], [9.203983, 45.4693304]], [[9.2715874, 45.4803797], [9.2716757, 45.4803789], [9.2729963, 45.4803594], [9.2730563, 45.4803607]], [[9.0472737, 45.5264016], [9.0473253, 45.5263684], [9.0477629, 45.5260867], [9.0478174, 45.5260748], [9.0478902, 45.5260869], [9.0487381, 45.5263519], [9.0492557, 45.5265126], [9.0495089, 45.5265868]]]}}, {"type": "Feature", "properties": {"id": "SS-MIL-2320", "nome": "Via Giorgio Washington", "quartiere": "", "classificazione": "giallo", "score": 3, "note": "strada urbana senza ciclabile", "ciclabile": "no", "n_corsie": "2", "senso_unico": "si", "n_testimonianze": "0", "zona": "B1"}, "geometry": {"type": "MultiLineString", "coordinates": [[[9.1547824, 45.4581929], [9.1546896, 45.4582014]], [[9.1546078, 45.4558111], [9.1546236, 45.4559443], [9.1546263, 45.4561171], [9.1546279, 45.4561574], [9.154638, 45.4563649], [9.1546424, 45.4564405], [9.1546454, 45.4565366], [9.1546709, 45.4570976]], [[9.1548048, 45.4605063], [9.1549202, 45.4605026]], [[9.1547785, 45.4586451], [9.1547555, 45.458714], [9.1547226, 45.4587594]], [[9.1545421, 45.4546946], [9.1544864, 45.4545162], [9.1544774, 45.4544927], [9.1544373, 45.4544474], [9.1544053, 45.4544093]], [[9.154579, 45.4543827], [9.1545866, 45.4544907], [9.1545906, 45.4545247], [9.1545421, 45.4546946]], [[9.1545476, 45.4548523], [9.1545507, 45.4549124], [9.1545608, 45.4551031]], [[9.1552003, 45.4560048], [9.1552287, 45.455958], [9.1552307, 45.4559466], [9.1552348, 45.4559237], [9.1552104, 45.4558581], [9.1549437, 45.4552107]], [[9.1545608, 45.4551031], [9.1545781, 45.455373], [9.1545785, 45.4554786], [9.154609, 45.455747], [9.1546078, 45.4558111]], [[9.1547638, 45.4584429], [9.1547785, 45.4586451], [9.1547891, 45.4589549], [9.1547943, 45.4590586], [9.1548117, 45.4594018], [9.1548201, 45.4595533]], [[9.1546709, 45.4570976], [9.1547064, 45.4576475]], [[9.1547824, 45.4581929], [9.1547888, 45.4582946], [9.1547638, 45.4584429]], [[9.1548466, 45.4600991], [9.1547753, 45.459976], [9.1547692, 45.459873]], [[9.1548932, 45.45987], [9.1548969, 45.4599721], [9.1548466, 45.4600991]], [[9.1547064, 45.4576475], [9.1547204, 45.4579431]], [[9.1549202, 45.4605026], [9.154925, 45.4606007], [9.1549481, 45.4610429], [9.1549582, 45.4612471], [9.1549731, 45.4615471], [9.1549795, 45.4616479]], [[9.1548669, 45.4616257], [9.1548615, 45.4615305], [9.1548452, 45.4613046], [9.1548423, 45.4612511], [9.1548207, 45.4608483], [9.154811, 45.4606056], [9.1548048, 45.4605063]], [[9.1547676, 45.4548636], [9.1548033, 45.4548833], [9.1549437, 45.4552107]], [[9.1545476, 45.4548523], [9.1546646, 45.4548522], [9.1546854, 45.4548512], [9.1547368, 45.4548521], [9.1547676, 45.4548636]], [[9.1548048, 45.4605063], [9.1547996, 45.4604164], [9.1548589, 45.4602799]], [[9.1548589, 45.4602799], [9.1549161, 45.4604132], [9.1549202, 45.4605026]], [[9.1548466, 45.4600991], [9.1548589, 45.4602799]], [[9.1547692, 45.459873], [9.1547644, 45.4597737], [9.1548201, 45.4595533]], [[9.1548201, 45.4595533], [9.1548869, 45.4597695], [9.1548932, 45.45987]], [[9.1547638, 45.4584429], [9.1546912, 45.4582975], [9.1546896, 45.4582014]], [[9.1546896, 45.4582014], [9.1546874, 45.4581043], [9.1547204, 45.4579431]], [[9.1547204, 45.4579431], [9.1547775, 45.4581026], [9.1547786, 45.4581224], [9.1547824, 45.4581929]], [[9.1545421, 45.4546946], [9.1545476, 45.4548523]], [[9.1550274, 45.4633032], [9.155032, 45.4634471], [9.1550418, 45.4636744], [9.1550511, 45.4638478], [9.1550642, 45.4643179]], [[9.1549491, 45.4619324], [9.1549899, 45.4626561], [9.1550011, 45.4628461]], [[9.1550963, 45.4646331], [9.155146, 45.4656076], [9.155151, 45.4656645]], [[9.1550962, 45.4659398], [9.1550907, 45.4658288], [9.155151, 45.4656645]], [[9.1550963, 45.4646331], [9.1550217, 45.4644262], [9.1550642, 45.4643179]], [[9.155151, 45.4656645], [9.1552044, 45.4659312]], [[9.1550642, 45.4643179], [9.1551144, 45.4644215], [9.1550963, 45.4646331]], [[9.1550274, 45.4633032], [9.1549504, 45.4631744], [9.1549462, 45.4630763]], [[9.1550482, 45.4630739], [9.1550534, 45.4631707], [9.1550274, 45.4633032]], [[9.1549462, 45.4630763], [9.1549408, 45.4629803], [9.1550011, 45.4628461]], [[9.1550011, 45.4628461], [9.1550427, 45.462976], [9.1550482, 45.4630739]], [[9.1549491, 45.4619324], [9.1548733, 45.4617414], [9.1548669, 45.4616257]], [[9.1549795, 45.4616479], [9.1549821, 45.4617703], [9.1549491, 45.4619324]]]}}, {"type": "Feature", "properties": {"id": "SS-MIL-2329", "nome": "Via Giovanni Alfonso Borelli", "quartiere": "", "classificazione": "giallo", "score": 3, "note": "strada urbana senza ciclabile", "ciclabile": "no", "n_corsie": "2", "senso_unico": "si", "n_testimonianze": "0", "zona": "B1"}, "geometry": {"type": "LineString", "coordinates": [[9.1383733, 45.456507], [9.1383648, 45.456562], [9.1383393, 45.4567111], [9.1378713, 45.4575069], [9.1378683, 45.4575109], [9.1378645, 45.4575147], [9.1378595, 45.4575175], [9.1378502, 45.4575232], [9.137839, 45.4575245], [9.1378296, 45.4575234], [9.137823, 45.4575238], [9.1378166, 45.457523], [9.1378105, 45.4575216], [9.1377327, 45.457498], [9.1376669, 45.4574802]]}}, {"type": "Feature", "properties": {"id": "SS-MIL-2349", "nome": "Via Giovanni Battista Moroni", "quartiere": "", "classificazione": "giallo", "score": 3, "note": "strada urbana senza ciclabile (1 corsie)", "ciclabile": "no", "n_corsie": "1", "senso_unico": "si", "n_testimonianze": "0", "zona": "B1"}, "geometry": {"type": "MultiLineString", "coordinates": [[[9.1416421, 45.4655553], [9.1397206, 45.4656286], [9.1396751, 45.4656301], [9.1396211, 45.4656319]], [[9.1396211, 45.4656319], [9.1395212, 45.465634], [9.1382004, 45.4656912], [9.1381677, 45.4656979], [9.1381257, 45.4657203]], [[9.1423938, 45.4657652], [9.1417008, 45.4655631], [9.1416421, 45.4655553]]]}}, {"type": "Feature", "properties": {"id": "SS-MIL-2365", "nome": "Via Giovanni Bensi", "quartiere": "", "classificazione": "giallo", "score": 3, "note": "strada urbana senza ciclabile", "ciclabile": "no", "n_corsie": "2", "senso_unico": "no", "n_testimonianze": "0", "zona": "B1"}, "geometry": {"type": "MultiLineString", "coordinates": [[[9.1156263, 45.4456398], [9.1155017, 45.4456003], [9.1149436, 45.4454269], [9.1144538, 45.4452757], [9.1143827, 45.4452541], [9.1143115, 45.4452324]], [[9.120544, 45.4471689], [9.1204133, 45.4471333]], [[9.1157634, 45.4456838], [9.1156263, 45.4456398]], [[9.1159384, 45.4457382], [9.1158965, 45.4457262], [9.1157634, 45.4456838]], [[9.1204133, 45.4471333], [9.1203115, 45.4471011], [9.1202794, 45.4470912], [9.1199799, 45.446998], [9.1194612, 45.4468366], [9.1173007, 45.4461642], [9.1171787, 45.4461262]], [[9.1161889, 45.4458148], [9.1159384, 45.4457382]], [[9.1171787, 45.4461262], [9.1162657, 45.4458407], [9.1161889, 45.4458148]]]}}, {"type": "Feature", "properties": {"id": "SS-MIL-2368", "nome": "Via Giovanni Boine", "quartiere": "", "classificazione": "giallo", "score": 3, "note": "strada urbana senza ciclabile", "ciclabile": "no", "n_corsie": "2", "senso_unico": "si", "n_testimonianze": "0", "zona": "B1"}, "geometry": {"type": "MultiLineString", "coordinates": [[[9.1435434, 45.4847478], [9.1434723, 45.4847482], [9.1433094, 45.4847453], [9.1431976, 45.4847696], [9.1430924, 45.4848321], [9.142954, 45.4849482], [9.142922, 45.484975], [9.1428993, 45.4849897], [9.1427329, 45.4850982], [9.1425212, 45.4852223], [9.1424565, 45.485252], [9.1421324, 45.4854006], [9.1418342, 45.4855388]], [[9.1418342, 45.4855388], [9.1416924, 45.4856036], [9.1416284, 45.4856791], [9.1416066, 45.4857035], [9.1415853, 45.4857284]], [[9.1418342, 45.4855388], [9.1418133, 45.4855859], [9.1417962, 45.4856344], [9.1417926, 45.4856566], [9.1417887, 45.4856805], [9.1417896, 45.485711], [9.141804, 45.4857501], [9.14183, 45.4857847]]]}}, {"type": "Feature", "properties": {"id": "SS-MIL-2369", "nome": "Via Giovanni Boldini", "quartiere": "", "classificazione": "giallo", "score": 3, "note": "strada urbana senza ciclabile (2 corsie)", "ciclabile": "no", "n_corsie": "2", "senso_unico": "no", "n_testimonianze": "0", "zona": "B1"}, "geometry": {"type": "MultiLineString", "coordinates": [[[9.1288113, 45.4611059], [9.1287767, 45.4610971], [9.1287475, 45.4610884], [9.1287071, 45.4610773], [9.1283442, 45.460978]], [[9.1283442, 45.460978], [9.1281673, 45.4609288], [9.127657, 45.4607883], [9.1274255, 45.4607246], [9.1270512, 45.4606178], [9.1266987, 45.4605172], [9.1266594, 45.460506]]]}}, {"type": "Feature", "properties": {"id": "SS-MIL-2388", "nome": "Via Giovanni Enrico Pestalozzi", "quartiere": "", "classificazione": "giallo", "score": 3, "note": "strada urbana senza ciclabile (1 corsie)", "ciclabile": "no", "n_corsie": "1", "senso_unico": "si", "n_testimonianze": "0", "zona": "B1"}, "geometry": {"type": "MultiLineString", "coordinates": [[[9.1550145, 45.4474738], [9.1550189, 45.4474613], [9.155029, 45.4474135], [9.155215, 45.4463494], [9.1552209, 45.446246]], [[9.1552, 45.4446386], [9.1551658, 45.4447451], [9.1551334, 45.4448383]], [[9.1551012, 45.4444574], [9.1551124, 45.444455], [9.1551293, 45.444453], [9.1551465, 45.4444524], [9.1551637, 45.4444533], [9.1551806, 45.4444557], [9.155197, 45.4444595], [9.1552125, 45.4444648], [9.155227, 45.4444714], [9.1552402, 45.4444791], [9.1552519, 45.444488], [9.155262, 45.4444978], [9.1552702, 45.4445084], [9.1552765, 45.4445197], [9.1552809, 45.4445322]], [[9.1550086, 45.4445317], [9.155014, 45.4445172], [9.1550207, 45.444506], [9.1550294, 45.4444956], [9.1550399, 45.444486], [9.1550654, 45.4444698], [9.1550802, 45.4444635], [9.1551012, 45.4444574]], [[9.1552809, 45.4445322], [9.1552833, 45.4445494], [9.1552822, 45.4445615], [9.1552791, 45.4445734], [9.1552738, 45.4445849], [9.1552666, 45.4445959], [9.1552575, 45.4446061], [9.1552466, 45.4446155], [9.1552341, 45.4446239], [9.1552203, 45.4446311], [9.1552, 45.4446386]], [[9.1552209, 45.446246], [9.1552184, 45.446194], [9.1552332, 45.4461382], [9.1551696, 45.4453731], [9.155149, 45.445039], [9.1551334, 45.4448383]], [[9.1552, 45.4446386], [9.1551894, 45.4446416], [9.1551728, 45.4446448], [9.1551557, 45.4446465], [9.1551385, 45.4446467], [9.1551213, 45.4446455], [9.1551045, 45.4446427], [9.1550884, 45.4446385], [9.1550731, 45.4446329], [9.1550461, 45.444618], [9.1550383, 45.4446117]], [[9.1551334, 45.4448383], [9.1550944, 45.4447474], [9.1550823, 45.4446824], [9.1550731, 45.4446329]], [[9.1550383, 45.4446117], [9.1550251, 45.4445988], [9.1550173, 45.444588], [9.1550115, 45.4445767], [9.1550078, 45.4445649], [9.1550061, 45.4445528], [9.1550066, 45.4445407], [9.1550086, 45.4445317]]]}}, {"type": "Feature", "properties": {"id": "SS-MIL-2391", "nome": "Via Giovanni Fantoni", "quartiere": "", "classificazione": "giallo", "score": 3, "note": "strada urbana senza ciclabile", "ciclabile": "no", "n_corsie": "2", "senso_unico": "si", "n_testimonianze": "0", "zona": "B1"}, "geometry": {"type": "MultiLineString", "coordinates": [[[9.1344255, 45.4677075], [9.1345952, 45.4678233], [9.1351439, 45.4681936], [9.1353699, 45.4683453], [9.1354255, 45.4683827]], [[9.1354255, 45.4683827], [9.1362591, 45.4689218], [9.1364744, 45.4690646], [9.1365009, 45.469081], [9.136538, 45.4691045]]]}}, {"type": "Feature", "properties": {"id": "SS-MIL-2395", "nome": "Via Giovanni Gioacchino Winckelmann", "quartiere": "", "classificazione": "giallo", "score": 3, "note": "strada urbana senza ciclabile", "ciclabile": "no", "n_corsie": "2", "senso_unico": "si", "n_testimonianze": "0", "zona": "B1"}, "geometry": {"type": "MultiLineString", "coordinates": [[[9.1463627, 45.4554218], [9.1464737, 45.4554532], [9.1469736, 45.4555992], [9.1472891, 45.4556913], [9.1480678, 45.455918], [9.1481105, 45.4559303], [9.1481273, 45.4559352]], [[9.1482379, 45.4559674], [9.1481273, 45.4559352]]]}}, {"type": "Feature", "properties": {"id": "SS-MIL-2398", "nome": "Via Giovanni Keplero", "quartiere": "", "classificazione": "giallo", "score": 3, "note": "strada urbana senza ciclabile (2 corsie)", "ciclabile": "no", "n_corsie": "2", "senso_unico": "no", "n_testimonianze": "0", "zona": "B1"}, "geometry": {"type": "MultiLineString", "coordinates": [[[9.0518895, 45.4652423], [9.0545294, 45.4655415], [9.0558666, 45.4657147], [9.0583107, 45.4660312], [9.0613194, 45.4664174], [9.0615122, 45.4664419]], [[9.1988819, 45.4925903], [9.1984946, 45.4927419], [9.1983891, 45.4927832]], [[9.1983891, 45.4927832], [9.1982689, 45.4928161], [9.1976913, 45.4929739], [9.1975341, 45.4930169], [9.1968028, 45.4932168], [9.1967137, 45.4932411]], [[9.1967137, 45.4932411], [9.1966091, 45.4932694], [9.1955041, 45.4935718], [9.1954654, 45.4935819], [9.1953342, 45.4936183]], [[9.1953342, 45.4936183], [9.1952316, 45.4936462], [9.1951841, 45.4936585], [9.1941261, 45.4939504]], [[9.1941261, 45.4939504], [9.1940274, 45.4939764], [9.1939954, 45.4939847], [9.193965, 45.4939926]], [[9.0889674, 45.5015956], [9.0887705, 45.5018351], [9.0887245, 45.501891], [9.0885016, 45.5021623], [9.0882154, 45.5025072], [9.0881569, 45.5025776], [9.0876101, 45.5032364], [9.08757, 45.5032848], [9.0875677, 45.5032875], [9.0874458, 45.5034344], [9.0874289, 45.5034547], [9.085631, 45.5056311], [9.085596, 45.5056734]]]}}, {"type": "Feature", "properties": {"id": "SS-MIL-2399", "nome": "Via Giovanni Labus", "quartiere": "", "classificazione": "giallo", "score": 3, "note": "strada urbana senza ciclabile (2 corsie)", "ciclabile": "no", "n_corsie": "2", "senso_unico": "no", "n_testimonianze": "0", "zona": "B1"}, "geometry": {"type": "MultiLineString", "coordinates": [[[9.1240617, 45.4622911], [9.1240957, 45.4622306], [9.1241068, 45.462211], [9.1246294, 45.4612822], [9.1246629, 45.4612226]], [[9.1246629, 45.4612226], [9.12471, 45.4611461], [9.1250525, 45.4605795], [9.1253084, 45.460156]], [[9.1253084, 45.460156], [9.1253124, 45.4601493], [9.1261339, 45.4587898], [9.1261556, 45.4587531], [9.1261765, 45.4587189], [9.1262069, 45.458669]]]}}, {"type": "Feature", "properties": {"id": "SS-MIL-2432", "nome": "Via Giovanni Rota", "quartiere": "", "classificazione": "giallo", "score": 3, "note": "strada urbana senza ciclabile (2 corsie)", "ciclabile": "no", "n_corsie": "2", "senso_unico": "no", "n_testimonianze": "0", "zona": "B1"}, "geometry": {"type": "MultiLineString", "coordinates": [[[9.1542934, 45.4665467], [9.1542983, 45.466583], [9.1543448, 45.4668707]], [[9.1542934, 45.4665467], [9.1542846, 45.4664722], [9.1542809, 45.4664331], [9.1543056, 45.4664004]]]}}, {"type": "Feature", "properties": {"id": "SS-MIL-2435", "nome": "Via Giovanni Schiaparelli", "quartiere": "", "classificazione": "giallo", "score": 3, "note": "strada urbana senza ciclabile", "ciclabile": "no", "n_corsie": "2", "senso_unico": "no", "n_testimonianze": "0", "zona": "B1"}, "geometry": {"type": "MultiLineString", "coordinates": [[[9.0691588, 45.464824], [9.0669402, 45.4644485]], [[9.2027103, 45.4907894], [9.2027454, 45.4907719], [9.2027526, 45.4907683], [9.202937, 45.4906764], [9.2036427, 45.4903244], [9.2037326, 45.4902795], [9.2037822, 45.4902548]], [[9.2037822, 45.4902548], [9.2038565, 45.4902136]], [[9.2047536, 45.489756], [9.2048072, 45.4897346], [9.2048405, 45.4897213], [9.2049125, 45.4896856], [9.2049657, 45.4896593], [9.2049769, 45.4896538]], [[9.2038565, 45.4902136], [9.2039159, 45.4901828], [9.2041194, 45.4900773], [9.2046328, 45.4898111], [9.2047446, 45.4897594], [9.2047536, 45.489756]], [[9.2049769, 45.4896538], [9.2049955, 45.4896447], [9.2050477, 45.4896193]], [[9.2057481, 45.4892671], [9.2058348, 45.4892224], [9.2059017, 45.4891952]], [[9.2050477, 45.4896193], [9.2051074, 45.4895894], [9.2057481, 45.4892671]]]}}, {"type": "Feature", "properties": {"id": "SS-MIL-2440", "nome": "Via Giovanni Spagliardi", "quartiere": "", "classificazione": "giallo", "score": 3, "note": "strada urbana senza ciclabile", "ciclabile": "no", "n_corsie": "2", "senso_unico": "si", "n_testimonianze": "0", "zona": "B1"}, "geometry": {"type": "MultiLineString", "coordinates": [[[9.1115873, 45.4549025], [9.1116094, 45.4548281], [9.1116326, 45.4547502], [9.1116264, 45.4546586]], [[9.1120812, 45.4535122], [9.1121011, 45.4534541], [9.1121205, 45.4533976], [9.1122462, 45.4530964]], [[9.1116264, 45.4546586], [9.1120812, 45.4535122]], [[9.1112234, 45.4548311], [9.1113562, 45.4548156], [9.1114757, 45.4547827], [9.1115469, 45.4547367], [9.1115877, 45.4546966], [9.1116264, 45.4546586]]]}}, {"type": "Feature", "properties": {"id": "SS-MIL-2442", "nome": "Via Giovanni Titta Rosa", "quartiere": "", "classificazione": "blu", "score": 2, "note": "zona pedonale / living street", "ciclabile": "no", "n_corsie": "1", "senso_unico": "no", "n_testimonianze": "0", "zona": "B1"}, "geometry": {"type": "LineString", "coordinates": [[9.0675105, 45.4514933], [9.0675814, 45.451523], [9.0681978, 45.4517817]]}}, {"type": "Feature", "properties": {"id": "SS-MIL-2450", "nome": "Via Giovanni da Procida", "quartiere": "", "classificazione": "giallo", "score": 3, "note": "strada urbana senza ciclabile (1 corsie)", "ciclabile": "no", "n_corsie": "1", "senso_unico": "si", "n_testimonianze": "0", "zona": "B1"}, "geometry": {"type": "MultiLineString", "coordinates": [[[9.1572865, 45.4834372], [9.1572247, 45.4834842], [9.1567399, 45.4838525], [9.1567167, 45.4838739], [9.1567003, 45.4838961], [9.1566858, 45.4839265], [9.1566472, 45.4839789]], [[9.1584388, 45.4825732], [9.1585485, 45.4824909], [9.1588867, 45.4822373]], [[9.1572865, 45.4834372], [9.1573385, 45.4833982], [9.1578869, 45.482987], [9.1583306, 45.4826543], [9.1584388, 45.4825732]], [[9.1588867, 45.4822373], [9.1592897, 45.4819351]], [[9.1592897, 45.4819351], [9.1595814, 45.4817164], [9.159637, 45.4816747]], [[9.1621364, 45.4797815], [9.1610546, 45.480601], [9.1609844, 45.4806541]], [[9.1607976, 45.4807956], [9.1608727, 45.4807387]], [[9.159637, 45.4816747], [9.1597058, 45.4816226], [9.1601679, 45.4812726], [9.1605906, 45.4809524], [9.1607185, 45.4808556], [9.1607976, 45.4807956]], [[9.1633331, 45.4788751], [9.1632961, 45.4789031], [9.1632661, 45.4789258], [9.1621364, 45.4797815]], [[9.1608727, 45.4807387], [9.1608987, 45.480719], [9.1609844, 45.4806541]]]}}, {"type": "Feature", "properties": {"id": "SS-MIL-2453", "nome": "Via Giovanni de Castro", "quartiere": "", "classificazione": "giallo", "score": 3, "note": "strada urbana senza ciclabile", "ciclabile": "no", "n_corsie": "2", "senso_unico": "si", "n_testimonianze": "0", "zona": "B1"}, "geometry": {"type": "LineString", "coordinates": [[9.1569933, 45.4667575], [9.1569913, 45.4667438], [9.1569804, 45.4666712], [9.1568915, 45.4660482], [9.1568798, 45.4660153], [9.1568631, 45.4659939], [9.1568228, 45.4659508]]}}, {"type": "Feature", "properties": {"id": "SS-MIL-2454", "nome": "Via Giovanni di Breganze", "quartiere": "", "classificazione": "giallo", "score": 3, "note": "strada urbana senza ciclabile", "ciclabile": "no", "n_corsie": "2", "senso_unico": "no", "n_testimonianze": "0", "zona": "B1"}, "geometry": {"type": "LineString", "coordinates": [[9.1085905, 45.461713], [9.1084867, 45.461675], [9.1075475, 45.4614897]]}}, {"type": "Feature", "properties": {"id": "SS-MIL-2475", "nome": "Via Giulio Ferreri", "quartiere": "", "classificazione": "giallo", "score": 3, "note": "strada urbana senza ciclabile", "ciclabile": "no", "n_corsie": "2", "senso_unico": "no", "n_testimonianze": "0", "zona": "B1"}, "geometry": {"type": "MultiLineString", "coordinates": [[[9.1217313, 45.4697514], [9.121569, 45.469843]], [[9.1206425, 45.4703868], [9.1200607, 45.4707395]], [[9.121569, 45.469843], [9.1214843, 45.4698929], [9.1206425, 45.4703868]], [[9.1200607, 45.4707395], [9.1199706, 45.4707898], [9.1188145, 45.471436], [9.1187919, 45.4714487], [9.1181089, 45.4718461]], [[9.1181089, 45.4718461], [9.1179985, 45.4719097], [9.1179018, 45.4719736]]]}}, {"type": "Feature", "properties": {"id": "SS-MIL-2495", "nome": "Via Giuseppe Biancardi", "quartiere": "", "classificazione": "giallo", "score": 3, "note": "strada urbana senza ciclabile", "ciclabile": "no", "n_corsie": "2", "senso_unico": "si", "n_testimonianze": "0", "zona": "B1"}, "geometry": {"type": "LineString", "coordinates": [[9.1481725, 45.4778182], [9.1482114, 45.4778423], [9.1492506, 45.4784995], [9.1493414, 45.478557]]}}, {"type": "Feature", "properties": {"id": "SS-MIL-2503", "nome": "Via Giuseppe Canella", "quartiere": "", "classificazione": "giallo", "score": 3, "note": "strada urbana senza ciclabile", "ciclabile": "no", "n_corsie": "2", "senso_unico": "si", "n_testimonianze": "0", "zona": "B1"}, "geometry": {"type": "LineString", "coordinates": [[9.1327696, 45.4603405], [9.132807, 45.4602688], [9.1328154, 45.4602525], [9.13283, 45.4602252], [9.1333529, 45.4592273], [9.1333999, 45.4591376]]}}, {"type": "Feature", "properties": {"id": "SS-MIL-2504", "nome": "Via Giuseppe Carozzi", "quartiere": "", "classificazione": "giallo", "score": 3, "note": "strada urbana senza ciclabile", "ciclabile": "no", "n_corsie": "2", "senso_unico": "si", "n_testimonianze": "0", "zona": "B1"}, "geometry": {"type": "MultiLineString", "coordinates": [[[9.1186962, 45.4546624], [9.1187565, 45.4545543], [9.1190493, 45.453997], [9.1191178, 45.4538803]], [[9.1186962, 45.4546624], [9.1186725, 45.4547153], [9.1186669, 45.4547254], [9.118265, 45.4554892], [9.1178412, 45.456294], [9.1178276, 45.4563166], [9.1178175, 45.456335], [9.1177886, 45.4563877]], [[9.1191178, 45.4538803], [9.1191434, 45.453829], [9.1195991, 45.4529813], [9.1196164, 45.4529651], [9.11964, 45.4529545], [9.1196706, 45.4529512]]]}}, {"type": "Feature", "properties": {"id": "SS-MIL-2506", "nome": "Via Giuseppe Chiostergi", "quartiere": "", "classificazione": "giallo", "score": 3, "note": "strada urbana senza ciclabile", "ciclabile": "no", "n_corsie": "2", "senso_unico": "si", "n_testimonianze": "0", "zona": "B1"}, "geometry": {"type": "MultiLineString", "coordinates": [[[9.0868372, 45.4763193], [9.0867284, 45.476315], [9.086656, 45.4763074]], [[9.086393, 45.4761619], [9.0865376, 45.4761921], [9.0868372, 45.4763193]], [[9.086656, 45.4763074], [9.0865518, 45.4763247], [9.0864662, 45.476346], [9.0863852, 45.4763634], [9.0862997, 45.4763832]], [[9.0887622, 45.4768313], [9.0886641, 45.4768036], [9.0886203, 45.4767913]], [[9.086656, 45.4763074], [9.0864901, 45.4762682], [9.0864274, 45.476255], [9.0863687, 45.4762427]], [[9.0872206, 45.476419], [9.0868372, 45.4763193]], [[9.0878577, 45.47658], [9.0877218, 45.4765452], [9.087461, 45.4764829], [9.0872206, 45.476419]], [[9.0886203, 45.4767913], [9.0885842, 45.4767814], [9.0880785, 45.4766377], [9.0878577, 45.47658]]]}}, {"type": "Feature", "properties": {"id": "SS-MIL-2520", "nome": "Via Giuseppe Frua", "quartiere": "", "classificazione": "giallo", "score": 3, "note": "strada urbana senza ciclabile", "ciclabile": "no", "n_corsie": "2", "senso_unico": "si", "n_testimonianze": "0", "zona": "B1"}, "geometry": {"type": "MultiLineString", "coordinates": [[[9.1520676, 45.4653088], [9.1519524, 45.4652485], [9.1515419, 45.4650552], [9.1512698, 45.4649234]], [[9.1479585, 45.4650805], [9.1478772, 45.4650798], [9.1477896, 45.4650756], [9.1476768, 45.4650663], [9.1475703, 45.4650495], [9.1473432, 45.4649851], [9.1472252, 45.464951], [9.1471292, 45.4649233]], [[9.1506627, 45.4648083], [9.1498623, 45.4648889]], [[9.1490739, 45.4649682], [9.1490019, 45.4649755], [9.1482091, 45.4650553], [9.1479585, 45.4650805]], [[9.1498623, 45.4648889], [9.1490739, 45.4649682]], [[9.1512698, 45.4649234], [9.1511884, 45.4648844], [9.1511781, 45.4648813], [9.1511007, 45.4648581], [9.1510276, 45.4648418], [9.1508997, 45.4648224], [9.1508367, 45.4648129], [9.1506627, 45.4648083]]]}}, {"type": "Feature", "properties": {"id": "SS-MIL-2521", "nome": "Via Giuseppe Gabetti", "quartiere": "", "classificazione": "giallo", "score": 3, "note": "strada urbana senza ciclabile", "ciclabile": "no", "n_corsie": "2", "senso_unico": "si", "n_testimonianze": "0", "zona": "B1"}, "geometry": {"type": "MultiLineString", "coordinates": [[[9.124011, 45.4696215], [9.1241129, 45.4697096], [9.124156, 45.469745], [9.1242037, 45.4697881]], [[9.1238581, 45.4694919], [9.1231481, 45.4689079]], [[9.124011, 45.4696215], [9.1238581, 45.4694919]], [[9.1231481, 45.4689079], [9.1231102, 45.4688753], [9.1227722, 45.4685833], [9.1220329, 45.4679445], [9.1219243, 45.4678497]], [[9.1239078, 45.4698644], [9.1239958, 45.4697193], [9.124011, 45.4696215]]]}}, {"type": "Feature", "properties": {"id": "SS-MIL-2522", "nome": "Via Giuseppe Galliano", "quartiere": "", "classificazione": "giallo", "score": 3, "note": "strada urbana senza ciclabile", "ciclabile": "no", "n_corsie": "2", "senso_unico": "no", "n_testimonianze": "0", "zona": "B1"}, "geometry": {"type": "MultiLineString", "coordinates": [[[9.0935054, 45.4646824], [9.0937655, 45.4647716], [9.0937929, 45.464781]], [[9.0928469, 45.4644686], [9.0935054, 45.4646824]], [[9.0928469, 45.4644686], [9.0921428, 45.464212], [9.0921281, 45.4642051], [9.0920536, 45.4641702]], [[9.0935054, 45.4646824], [9.0931251, 45.4652396]]]}}, {"type": "Feature", "properties": {"id": "SS-MIL-2525", "nome": "Via Giuseppe Gianella", "quartiere": "", "classificazione": "giallo", "score": 3, "note": "strada urbana senza ciclabile", "ciclabile": "no", "n_corsie": "2", "senso_unico": "si", "n_testimonianze": "0", "zona": "B1"}, "geometry": {"type": "MultiLineString", "coordinates": [[[9.0896486, 45.459782], [9.0898075, 45.4598395], [9.089834, 45.4598745], [9.0899077, 45.4602001]], [[9.0900151, 45.4609283], [9.0900162, 45.4609675], [9.090029, 45.4611452], [9.090019, 45.4612662], [9.0900112, 45.4612939], [9.0900079, 45.4613056]], [[9.0899077, 45.4602001], [9.0899446, 45.4603634], [9.0900151, 45.4609283]]]}}, {"type": "Feature", "properties": {"id": "SS-MIL-2528", "nome": "Via Giuseppe Giusti", "quartiere": "", "classificazione": "giallo", "score": 3, "note": "strada urbana senza ciclabile", "ciclabile": "no", "n_corsie": "2", "senso_unico": "si", "n_testimonianze": "0", "zona": "B1"}, "geometry": {"type": "MultiLineString", "coordinates": [[[9.0963077, 45.4398651], [9.0963474, 45.4398871], [9.0975261, 45.4405397], [9.0976026, 45.440582]], [[9.0614343, 45.4265962], [9.0619879, 45.4267148], [9.061856, 45.426901], [9.0612843, 45.4274457]], [[9.1795317, 45.4805037], [9.1795109, 45.4805008], [9.1794469, 45.4804921], [9.1779737, 45.48029]], [[9.1774223, 45.4802144], [9.1773584, 45.4802057], [9.1771438, 45.4801764], [9.1764374, 45.48008], [9.1761036, 45.4800345]], [[9.1779737, 45.48029], [9.1775004, 45.4802251], [9.1774752, 45.4802217], [9.1774223, 45.4802144]], [[9.1748843, 45.4798731], [9.1748132, 45.4798634], [9.1731861, 45.4796431], [9.1731266, 45.4796375], [9.1730744, 45.479643]], [[9.1761036, 45.4800345], [9.1760302, 45.4800221], [9.1758234, 45.4799974], [9.1751002, 45.4799017], [9.1749599, 45.4798832], [9.1748843, 45.4798731]], [[9.1387859, 45.5276882], [9.1388057, 45.5276534], [9.1388593, 45.52722], [9.138878, 45.5271283], [9.1389193, 45.5270518], [9.1389818, 45.526995], [9.1391492, 45.5269039], [9.1392369, 45.5268467], [9.139248, 45.5268381]], [[9.139248, 45.5268381], [9.139295, 45.5267526], [9.1393365, 45.5266503], [9.1393926, 45.5265733], [9.1394987, 45.5264553]]]}}, {"type": "Feature", "properties": {"id": "SS-MIL-2539", "nome": "Via Giuseppe Massarenti", "quartiere": "", "classificazione": "giallo", "score": 3, "note": "strada urbana senza ciclabile", "ciclabile": "no", "n_corsie": "2", "senso_unico": "no", "n_testimonianze": "0", "zona": "B1"}, "geometry": {"type": "MultiLineString", "coordinates": [[[9.1423203, 45.4705816], [9.1422574, 45.470542], [9.1414727, 45.4700216], [9.1414355, 45.4699959], [9.141399, 45.4699718]], [[9.141399, 45.4699718], [9.1413423, 45.4699362], [9.1413038, 45.4699133], [9.1405138, 45.4693911], [9.1404595, 45.4693602], [9.1403862, 45.4693115]], [[9.1393084, 45.468615], [9.1391593, 45.4685189], [9.1384874, 45.468082], [9.1383899, 45.4680201]], [[9.1403862, 45.4693115], [9.1403426, 45.4692836], [9.1403061, 45.4692565], [9.13948, 45.4687284], [9.1393084, 45.468615]]]}}, {"type": "Feature", "properties": {"id": "SS-MIL-2547", "nome": "Via Giuseppe Monti", "quartiere": "", "classificazione": "giallo", "score": 3, "note": "strada urbana senza ciclabile (2 corsie)", "ciclabile": "no", "n_corsie": "2", "senso_unico": "no", "n_testimonianze": "0", "zona": "B1"}, "geometry": {"type": "MultiLineString", "coordinates": [[[9.0700683, 45.45014], [9.0707132, 45.4491617], [9.0707306, 45.4491011]], [[9.0697129, 45.4507376], [9.0697057, 45.4507047], [9.0697101, 45.4506752], [9.0697173, 45.4506615], [9.0697496, 45.4506084], [9.0700683, 45.45014]]]}}, {"type": "Feature", "properties": {"id": "SS-MIL-2549", "nome": "Via Giuseppe Organdino", "quartiere": "", "classificazione": "giallo", "score": 3, "note": "strada urbana senza ciclabile", "ciclabile": "no", "n_corsie": "2", "senso_unico": "si", "n_testimonianze": "0", "zona": "B1"}, "geometry": {"type": "LineString", "coordinates": [[9.1548669, 45.4616257], [9.1547072, 45.4615952], [9.1537035, 45.4616254], [9.1536156, 45.4616249]]}}, {"type": "Feature", "properties": {"id": "SS-MIL-2555", "nome": "Via Giuseppe Pellizza da Volpedo", "quartiere": "", "classificazione": "giallo", "score": 3, "note": "strada urbana senza ciclabile", "ciclabile": "no", "n_corsie": "2", "senso_unico": "si", "n_testimonianze": "0", "zona": "B1"}, "geometry": {"type": "MultiLineString", "coordinates": [[[9.1497049, 45.4746597], [9.1496511, 45.4746248], [9.1496041, 45.4745942], [9.1479901, 45.4735434], [9.1479308, 45.473504], [9.1478843, 45.4734737]], [[9.1471562, 45.472996], [9.1465044, 45.4725807], [9.1464309, 45.4725334]], [[9.1478843, 45.4734737], [9.1478154, 45.4734298], [9.1471562, 45.472996]]]}}, {"type": "Feature", "properties": {"id": "SS-MIL-2558", "nome": "Via Giuseppe Pinelli", "quartiere": "", "classificazione": "giallo", "score": 3, "note": "strada urbana senza ciclabile", "ciclabile": "no", "n_corsie": "2", "senso_unico": "si", "n_testimonianze": "0", "zona": "B1"}, "geometry": {"type": "LineString", "coordinates": [[9.1341856, 45.4722363], [9.1342545, 45.4722355], [9.1356304, 45.4721996], [9.1356906, 45.4721995]]}}, {"type": "Feature", "properties": {"id": "SS-MIL-2560", "nome": "Via Giuseppe Pogatschnig", "quartiere": "", "classificazione": "giallo", "score": 3, "note": "strada urbana senza ciclabile", "ciclabile": "no", "n_corsie": "2", "senso_unico": "si", "n_testimonianze": "0", "zona": "B1"}, "geometry": {"type": "MultiLineString", "coordinates": [[[9.1347444, 45.4835135], [9.1347853, 45.4835894], [9.1348291, 45.4836708]], [[9.1348291, 45.4836708], [9.1352837, 45.4845779]], [[9.1352837, 45.4845779], [9.1353996, 45.4848187], [9.135633, 45.4853037]], [[9.135633, 45.4853037], [9.1357746, 45.4855814], [9.1357894, 45.4856103], [9.1359415, 45.4859086], [9.1360695, 45.4861599], [9.1360762, 45.4861726], [9.1360921, 45.4862038]]]}}, {"type": "Feature", "properties": {"id": "SS-MIL-2578", "nome": "Via Giuseppe Solenghi", "quartiere": "", "classificazione": "giallo", "score": 3, "note": "strada urbana senza ciclabile", "ciclabile": "no", "n_corsie": "2", "senso_unico": "no", "n_testimonianze": "0", "zona": "B1"}, "geometry": {"type": "LineString", "coordinates": [[9.1587651, 45.4696665], [9.1586897, 45.4697183], [9.1581738, 45.4700966], [9.1580979, 45.4701509]]}}, {"type": "Feature", "properties": {"id": "SS-MIL-2582", "nome": "Via Giuseppe Terragni", "quartiere": "", "classificazione": "giallo", "score": 3, "note": "strada urbana senza ciclabile", "ciclabile": "no", "n_corsie": "2", "senso_unico": "no", "n_testimonianze": "0", "zona": "B1"}, "geometry": {"type": "MultiLineString", "coordinates": [[[9.1326307, 45.4840389], [9.1326517, 45.4840811], [9.1326678, 45.4841134], [9.1331614, 45.4851038]], [[9.1331614, 45.4851038], [9.1334456, 45.4857209]]]}}, {"type": "Feature", "properties": {"id": "SS-MIL-2585", "nome": "Via Giuseppe Ungaretti", "quartiere": "", "classificazione": "giallo", "score": 3, "note": "strada urbana senza ciclabile", "ciclabile": "no", "n_corsie": "2", "senso_unico": "no", "n_testimonianze": "0", "zona": "B1"}, "geometry": {"type": "MultiLineString", "coordinates": [[[9.0424891, 45.4495307], [9.0424662, 45.4495658], [9.0422889, 45.4499631], [9.0422418, 45.4500697]], [[9.0422418, 45.4500697], [9.0422596, 45.4501596]], [[9.0421697, 45.4501309], [9.0422018, 45.4501066], [9.0422418, 45.4500697]], [[9.0420374, 45.4493497], [9.0419885, 45.4493365], [9.0415355, 45.4492136]], [[9.0423788, 45.4494468], [9.0420374, 45.4493497], [9.0420592, 45.449314], [9.0421413, 45.4491795]], [[9.1425662, 45.5137468], [9.1424097, 45.5142115]], [[9.1421241, 45.5151143], [9.1421059, 45.5151755], [9.1419079, 45.5158423], [9.1418778, 45.5159438]], [[9.1424097, 45.5142115], [9.1421445, 45.5150497], [9.1421241, 45.5151143]], [[9.1418778, 45.5159438], [9.141846, 45.516047], [9.1417776, 45.5162691], [9.1417722, 45.5162865], [9.1417606, 45.5163241]]]}}, {"type": "Feature", "properties": {"id": "SS-MIL-2603", "nome": "Via Gozzadini", "quartiere": "", "classificazione": "giallo", "score": 3, "note": "strada urbana senza ciclabile", "ciclabile": "no", "n_corsie": "2", "senso_unico": "si", "n_testimonianze": "0", "zona": "B1"}, "geometry": {"type": "MultiLineString", "coordinates": [[[9.1315924, 45.4718665], [9.1315531, 45.4718963], [9.129537, 45.4734255]], [[9.129537, 45.4734255], [9.1288723, 45.4739328], [9.1288502, 45.4739458], [9.1288445, 45.4739485], [9.1288211, 45.4739565], [9.128815, 45.473958], [9.1287756, 45.4739628], [9.1287412, 45.4739666], [9.1287162, 45.4739618], [9.1286694, 45.4739527], [9.1284594, 45.4738582], [9.1283099, 45.4738218], [9.1282108, 45.4738466], [9.1281788, 45.4738742], [9.1272079, 45.4746088], [9.1267941, 45.4749219]]]}}, {"type": "Feature", "properties": {"id": "SS-MIL-2610", "nome": "Via Grazia Deledda", "quartiere": "", "classificazione": "giallo", "score": 3, "note": "strada urbana senza ciclabile", "ciclabile": "no", "n_corsie": "2", "senso_unico": "no", "n_testimonianze": "0", "zona": "B1"}, "geometry": {"type": "MultiLineString", "coordinates": [[[9.043242, 45.4505024], [9.0432491, 45.4504766], [9.0432588, 45.4504413], [9.0433272, 45.4501664], [9.0434568, 45.4497947]], [[9.0433272, 45.4501664], [9.043553, 45.450184], [9.0437978, 45.4502752], [9.0439633, 45.4503369]], [[9.2153777, 45.4865684], [9.2154204, 45.486613], [9.2157173, 45.4869053]], [[9.216128, 45.4873114], [9.2161295, 45.4873162], [9.2161293, 45.4873207], [9.2161269, 45.4873249], [9.2161232, 45.487329], [9.2159118, 45.4874753], [9.2159056, 45.4874805], [9.2159019, 45.4874854], [9.2159003, 45.4874902], [9.2159006, 45.4874947]], [[9.2157173, 45.4869053], [9.216128, 45.4873114]], [[9.2159006, 45.4874947], [9.2159029, 45.487499], [9.2163142, 45.48788], [9.2163539, 45.4879121]], [[9.1789358, 45.5351405], [9.17901, 45.5352054], [9.1792267, 45.5354164], [9.1796411, 45.5358383], [9.1801197, 45.5363242], [9.1801699, 45.5363752]], [[9.1801699, 45.5363752], [9.1803952, 45.535296], [9.1804425, 45.5352743], [9.1804976, 45.5352792], [9.1805567, 45.5353039], [9.1805586, 45.535361], [9.1802843, 45.5364306]]]}}, {"type": "Feature", "properties": {"id": "SS-MIL-2622", "nome": "Via Guascona", "quartiere": "", "classificazione": "giallo", "score": 3, "note": "strada urbana senza ciclabile", "ciclabile": "no", "n_corsie": "2", "senso_unico": "si", "n_testimonianze": "0", "zona": "B1"}, "geometry": {"type": "MultiLineString", "coordinates": [[[9.0679449, 45.4480995], [9.0680265, 45.4480705], [9.0681242, 45.4480236], [9.0681811, 45.4479804], [9.0682603, 45.4478563], [9.068316, 45.4477296], [9.0683546, 45.4476153], [9.068331, 45.4475434], [9.0683218, 45.447517], [9.0683193, 45.4475128], [9.0683007, 45.4474939], [9.0682512, 45.4474654], [9.067815, 45.4473148], [9.0674531, 45.4471993], [9.0671308, 45.4470883], [9.0668873, 45.4469913], [9.0666439, 45.4468804], [9.0665385, 45.4467462], [9.0665184, 45.4466392], [9.0665843, 45.4464315], [9.0667219, 45.4461398], [9.0668532, 45.4459083], [9.0669516, 45.4457508], [9.0670633, 45.4456165], [9.0671946, 45.4454821], [9.0673719, 45.4452924], [9.0674836, 45.4451488], [9.0675228, 45.4450238], [9.0675162, 45.4449081], [9.0673713, 45.4448202], [9.0653729, 45.444181], [9.0650704, 45.4440769], [9.0646691, 45.4439291], [9.0640734, 45.4436634]], [[9.0673015, 45.4488799], [9.0673649, 45.4488102], [9.0676459, 45.4484078]], [[9.0679182, 45.4482064], [9.06791, 45.4482107], [9.0678975, 45.4482157], [9.0678841, 45.4482195], [9.0678703, 45.4482221], [9.067856, 45.4482236], [9.0678416, 45.4482237], [9.0678261, 45.4482224]], [[9.0640734, 45.4436634], [9.0643434, 45.4431125]], [[9.0643434, 45.4431125], [9.0643335, 45.4430697], [9.0650436, 45.4423581], [9.0650493, 45.442356], [9.0650766, 45.442352], [9.0651728, 45.4422665], [9.0655748, 45.4418539], [9.0662743, 45.4411917], [9.066698, 45.4408072], [9.06678, 45.4406661], [9.0667951, 45.4406014], [9.0667936, 45.4405925], [9.0667802, 45.4405669], [9.0667234, 45.4405419], [9.0665167, 45.4404364], [9.0664921, 45.4404236], [9.0664565, 45.4403954], [9.0664571, 45.4403909], [9.0671954, 45.4395723], [9.0673032, 45.4394528], [9.0674219, 45.4393212]], [[9.0674219, 45.4393212], [9.0675, 45.4394327], [9.0675693, 45.439525], [9.067485, 45.4396009], [9.0673538, 45.4395782], [9.0671954, 45.4395723]], [[9.0677522, 45.4481889], [9.0677471, 45.4481836], [9.0677406, 45.4481746], [9.0677358, 45.4481651], [9.0677326, 45.4481553], [9.0677313, 45.4481452], [9.0677317, 45.4481351], [9.0677339, 45.4481252], [9.0677379, 45.4481155], [9.0677436, 45.4481062], [9.0677508, 45.4480975], [9.0677595, 45.4480894], [9.0677696, 45.4480822], [9.0677809, 45.448076], [9.0677932, 45.4480707], [9.0678063, 45.4480666], [9.0678201, 45.4480637], [9.0678343, 45.4480619], [9.0678486, 45.4480615], [9.067863, 45.4480622], [9.0678771, 45.4480643], [9.0678907, 45.4480675], [9.0679037, 45.4480719], [9.0679157, 45.4480774], [9.0679267, 45.4480839], [9.0679449, 45.4480995]], [[9.0676459, 45.4484078], [9.0676831, 45.4483222], [9.0677002, 45.4482845], [9.0677522, 45.4481889]], [[9.0678261, 45.4482224], [9.067756, 45.4483048], [9.0677294, 45.4483357], [9.0676459, 45.4484078]], [[9.0679449, 45.4480995], [9.0679518, 45.4481083], [9.0679571, 45.4481177], [9.0679606, 45.4481275], [9.067962, 45.4481381]], [[9.0678261, 45.4482224], [9.0678133, 45.4482203], [9.0677999, 45.4482168], [9.0677871, 45.4482121], [9.0677753, 45.4482064], [9.0677646, 45.4481996], [9.0677522, 45.4481889]], [[9.067962, 45.4481381], [9.0679626, 45.4481426], [9.0679618, 45.4481526], [9.0679591, 45.4481626], [9.0679547, 45.4481722], [9.0679486, 45.4481813], [9.067941, 45.4481899], [9.0679319, 45.4481977], [9.0679182, 45.4482064]]]}}, {"type": "Feature", "properties": {"id": "SS-MIL-2625", "nome": "Via Guglielmo Ciardi", "quartiere": "", "classificazione": "giallo", "score": 3, "note": "strada urbana senza ciclabile", "ciclabile": "no", "n_corsie": "2", "senso_unico": "no", "n_testimonianze": "0", "zona": "B1"}, "geometry": {"type": "MultiLineString", "coordinates": [[[9.1323697, 45.4752709], [9.1322672, 45.4752038], [9.1320908, 45.4750882], [9.131545, 45.4747298]], [[9.130248, 45.4738872], [9.1302102, 45.4738628], [9.1301951, 45.473853], [9.1301879, 45.4738483], [9.129612, 45.4734742], [9.129537, 45.4734255]], [[9.131545, 45.4747298], [9.1304224, 45.4740006], [9.1303917, 45.4739807], [9.1303536, 45.4739558]]]}}, {"type": "Feature", "properties": {"id": "SS-MIL-2626", "nome": "Via Guglielmo Ferrero", "quartiere": "", "classificazione": "giallo", "score": 3, "note": "strada urbana senza ciclabile", "ciclabile": "no", "n_corsie": "2", "senso_unico": "no", "n_testimonianze": "0", "zona": "B1"}, "geometry": {"type": "MultiLineString", "coordinates": [[[9.155323, 45.4386734], [9.155394, 45.4386635], [9.1554864, 45.4386547], [9.1572251, 45.4387157]], [[9.1572251, 45.4387157], [9.158174, 45.4387514], [9.1583566, 45.4387585]]]}}, {"type": "Feature", "properties": {"id": "SS-MIL-2627", "nome": "Via Guglielmo Guintellino", "quartiere": "", "classificazione": "giallo", "score": 3, "note": "strada urbana senza ciclabile", "ciclabile": "no", "n_corsie": "2", "senso_unico": "si", "n_testimonianze": "0", "zona": "B1"}, "geometry": {"type": "MultiLineString", "coordinates": [[[9.1425209, 45.4448212], [9.1425246, 45.444815], [9.1425658, 45.4447596], [9.1429614, 45.4442564]], [[9.1440384, 45.4429264], [9.1442673, 45.4426467]], [[9.1437702, 45.4432643], [9.1440384, 45.4429264]], [[9.1429614, 45.4442564], [9.1435273, 45.443561]], [[9.1435273, 45.443561], [9.1435694, 45.4435093], [9.1437702, 45.4432643]], [[9.1442673, 45.4426467], [9.1443969, 45.4424734], [9.1446565, 45.4421642], [9.1446892, 45.4421238], [9.1447039, 45.4421048]]]}}, {"type": "Feature", "properties": {"id": "SS-MIL-2633", "nome": "Via Guglielmo Reiss Romoli", "quartiere": "", "classificazione": "giallo", "score": 3, "note": "strada urbana senza ciclabile", "ciclabile": "no", "n_corsie": "2", "senso_unico": "si", "n_testimonianze": "0", "zona": "B1"}, "geometry": {"type": "MultiLineString", "coordinates": [[[9.0604603, 45.477875], [9.0605708, 45.4778838], [9.0606701, 45.4778876], [9.0607489, 45.4778947], [9.0608643, 45.4779084], [9.0610063, 45.4779344], [9.0623283, 45.478177], [9.0626809, 45.4782456], [9.0632035, 45.4783516], [9.0636601, 45.4784596], [9.0642721, 45.4786402], [9.0658613, 45.4791373], [9.0660905, 45.4792088], [9.0670184, 45.4795059], [9.0672855, 45.4795908], [9.0676388, 45.4797031], [9.0677558, 45.4797725]], [[9.0569292, 45.4771747], [9.0567618, 45.4771364], [9.0566767, 45.4771185], [9.0564567, 45.4770715], [9.0562361, 45.4770073]], [[9.0601365, 45.4778921], [9.0600766, 45.477838], [9.0600363, 45.4778173], [9.0599934, 45.4777966], [9.0599171, 45.4777703], [9.0583246, 45.4774667], [9.0581875, 45.4774383], [9.0574609, 45.4772874], [9.0573867, 45.4772698], [9.0573333, 45.4772681], [9.057264, 45.4772744]], [[9.06765, 45.47985], [9.06758, 45.4797351], [9.0675003, 45.4797129], [9.0673647, 45.4796701], [9.0669831, 45.4795496], [9.0660424, 45.4792576], [9.0658291, 45.4791876], [9.0642449, 45.4787046], [9.0640481, 45.4786489], [9.0634791, 45.4784881], [9.0631979, 45.4784183], [9.0631087, 45.4783995], [9.062892, 45.4783542], [9.0615103, 45.4780922], [9.0610576, 45.4780063], [9.0608422, 45.4779654], [9.060736, 45.4779546], [9.060639, 45.4779495], [9.0605486, 45.4779652], [9.0604829, 45.478008]], [[9.0562361, 45.4770073], [9.0546267, 45.476622], [9.0533132, 45.4762936], [9.0530752, 45.4762326], [9.0529258, 45.4762047], [9.0527408, 45.4761775], [9.0526199, 45.4761742], [9.0523928, 45.4761702], [9.0510672, 45.4762509], [9.050469, 45.4762869], [9.050214, 45.4762889], [9.0499862, 45.4762718], [9.0497658, 45.4762459], [9.0495394, 45.4761948], [9.0480362, 45.4757399], [9.047141, 45.4754916], [9.0467048, 45.4753987], [9.0464311, 45.4753532], [9.0463076, 45.4753356], [9.0462306, 45.4753267], [9.0443912, 45.4751547], [9.044184, 45.4751278], [9.043983, 45.475085], [9.0437586, 45.4750285], [9.0435703, 45.4749685], [9.0433726, 45.4748996], [9.0409579, 45.4737021], [9.0406687, 45.4735587], [9.0403518, 45.4733938], [9.040129, 45.4732803], [9.0398187, 45.4731241], [9.0394798, 45.4729973], [9.0380112, 45.4725001], [9.0350751, 45.4714949], [9.034749, 45.4713832]], [[9.0562361, 45.4770073], [9.056497, 45.4770414], [9.0567706, 45.4770733], [9.0568945, 45.4770806], [9.056991, 45.477083]], [[9.0573169, 45.477157], [9.0573934, 45.4771991], [9.0574373, 45.4772211], [9.0574847, 45.4772377], [9.0582077, 45.4773964], [9.0583428, 45.4774259], [9.0599956, 45.4777365], [9.0600819, 45.477759], [9.0601293, 45.4777765], [9.0602376, 45.4778295]], [[9.0670184, 45.4795059], [9.0669831, 45.4795496], [9.0669552, 45.4795762], [9.0664967, 45.4800129], [9.0652578, 45.4811003]]]}}, {"type": "Feature", "properties": {"id": "SS-MIL-2634", "nome": "Via Guglielmo Silva", "quartiere": "", "classificazione": "giallo", "score": 3, "note": "strada urbana senza ciclabile (2 corsie)", "ciclabile": "no", "n_corsie": "2", "senso_unico": "no", "n_testimonianze": "0", "zona": "B1"}, "geometry": {"type": "MultiLineString", "coordinates": [[[9.1464235, 45.4779661], [9.1463384, 45.4779108], [9.1461896, 45.4778142], [9.1460981, 45.4777548], [9.1460311, 45.4777113], [9.1459837, 45.4776805], [9.1459127, 45.4776344], [9.1458539, 45.4775962]], [[9.1484267, 45.479267], [9.148385, 45.47924], [9.1483248, 45.4792009], [9.1482041, 45.4791225], [9.1472562, 45.4785069]], [[9.1497151, 45.4801037], [9.1493914, 45.4798935]], [[9.1493914, 45.4798935], [9.148984, 45.4796289], [9.1485183, 45.4793265], [9.1484267, 45.479267]], [[9.1472562, 45.4785069], [9.1465108, 45.4780228], [9.1464235, 45.4779661]], [[9.150334, 45.4805056], [9.1504127, 45.4805567]], [[9.1507754, 45.4807923], [9.1509128, 45.4808815], [9.1509736, 45.480921]], [[9.1497151, 45.4801037], [9.150334, 45.4805056]], [[9.1504127, 45.4805567], [9.1505946, 45.4806749], [9.1507754, 45.4807923]]]}}, {"type": "Feature", "properties": {"id": "SS-MIL-2639", "nome": "Via Guido Coppin", "quartiere": "", "classificazione": "giallo", "score": 3, "note": "strada urbana senza ciclabile", "ciclabile": "no", "n_corsie": "2", "senso_unico": "no", "n_testimonianze": "0", "zona": "B1"}, "geometry": {"type": "LineString", "coordinates": [[9.133825, 45.4409313], [9.1338667, 45.4408599], [9.1340873, 45.4404731], [9.1340891, 45.4404687], [9.1340888, 45.4403964], [9.1340903, 45.4403916], [9.1343469, 45.4399534]]}}, {"type": "Feature", "properties": {"id": "SS-MIL-2644", "nome": "Via Guido Martinelli", "quartiere": "", "classificazione": "giallo", "score": 3, "note": "strada urbana senza ciclabile", "ciclabile": "no", "n_corsie": "2", "senso_unico": "no", "n_testimonianze": "0", "zona": "B1"}, "geometry": {"type": "MultiLineString", "coordinates": [[[9.133825, 45.4409313], [9.13345, 45.4408219], [9.1330612, 45.4407142]], [[9.1355604, 45.4414274], [9.135461, 45.4413986], [9.1339332, 45.4409628], [9.133825, 45.4409313]], [[9.1287591, 45.4394858], [9.1288463, 45.4395108], [9.1297609, 45.4397687], [9.1306784, 45.4400278], [9.1308291, 45.4400704], [9.1312298, 45.4401852], [9.1313406, 45.440217]], [[9.1326809, 45.4406011], [9.1327825, 45.4406309], [9.1329767, 45.4406878], [9.1330612, 45.4407142]], [[9.1324554, 45.4405364], [9.1326809, 45.4406011]], [[9.1313406, 45.440217], [9.1314443, 45.4402467], [9.1322466, 45.4404766], [9.1324554, 45.4405364]]]}}, {"type": "Feature", "properties": {"id": "SS-MIL-2652", "nome": "Via Gustavo Bontadini", "quartiere": "", "classificazione": "giallo", "score": 3, "note": "strada urbana senza ciclabile", "ciclabile": "no", "n_corsie": "2", "senso_unico": "si", "n_testimonianze": "0", "zona": "B1"}, "geometry": {"type": "MultiLineString", "coordinates": [[[9.0874693, 45.4578059], [9.0874176, 45.457853], [9.087258, 45.4580023]], [[9.0877535, 45.4574947], [9.0877378, 45.457546], [9.0877092, 45.4575726], [9.0874693, 45.4578059]]]}}, {"type": "Feature", "properties": {"id": "SS-MIL-2656", "nome": "Via Harar", "quartiere": "", "classificazione": "rosso", "score": 4, "note": "strada principale trafficata", "ciclabile": "no", "n_corsie": "2", "senso_unico": "si", "n_testimonianze": "0", "zona": "B1"}, "geometry": {"type": "MultiLineString", "coordinates": [[[9.1172957, 45.4761509], [9.117301, 45.4763049]], [[9.1208878, 45.4762613], [9.1207803, 45.4762628], [9.1207743, 45.4762629], [9.1194902, 45.4762783]], [[9.1194881, 45.4761241], [9.1207765, 45.4761085], [9.1207967, 45.476108], [9.1208857, 45.476107]], [[9.1151811, 45.4761767], [9.1153913, 45.4761742], [9.1160196, 45.4761665], [9.1169784, 45.4761548], [9.1170502, 45.4761539]], [[9.1134725, 45.4762035], [9.1137356, 45.4761944], [9.1147885, 45.4761765], [9.1151811, 45.4761767]], [[9.1118865, 45.4762708], [9.1120649, 45.4762436], [9.1121929, 45.4762347], [9.1123894, 45.476222], [9.112608, 45.4762131], [9.1128006, 45.4762101]], [[9.1194902, 45.4762783], [9.118283, 45.4762929]], [[9.1172957, 45.4761509], [9.1173878, 45.4761498], [9.1184324, 45.476137], [9.1185638, 45.4761354]], [[9.1152197, 45.4763302], [9.114788, 45.4763354], [9.1137477, 45.476348], [9.113677, 45.476338], [9.1136031, 45.4763283], [9.1134352, 45.4763053], [9.113304, 45.4762981], [9.1130352, 45.476305], [9.1129852, 45.4763064], [9.1129451, 45.476307], [9.1126996, 45.4763111]], [[9.1170633, 45.4763078], [9.1169963, 45.4763086], [9.1167362, 45.4763117]], [[9.1128006, 45.4762101], [9.1129481, 45.4762089], [9.1129884, 45.4762086], [9.1134725, 45.4762035]], [[9.1176316, 45.4763009], [9.1173869, 45.4763038], [9.117301, 45.4763049]], [[9.1170502, 45.4761539], [9.1172957, 45.4761509]], [[9.1170633, 45.4763078], [9.1170502, 45.4761539]], [[9.117301, 45.4763049], [9.1170633, 45.4763078]], [[9.118283, 45.4762929], [9.1176316, 45.4763009]], [[9.1185638, 45.4761354], [9.1194881, 45.4761241]], [[9.1167362, 45.4763117], [9.1153943, 45.476328], [9.1152197, 45.4763302]]]}}, {"type": "Feature", "properties": {"id": "SS-MIL-2664", "nome": "Via Ignazio Silone", "quartiere": "", "classificazione": "giallo", "score": 3, "note": "strada urbana senza ciclabile", "ciclabile": "no", "n_corsie": "2", "senso_unico": "no", "n_testimonianze": "0", "zona": "B1"}, "geometry": {"type": "MultiLineString", "coordinates": [[[9.0650363, 45.4714616], [9.0650438, 45.4715524], [9.0650802, 45.4719912], [9.0651065, 45.472308], [9.0651363, 45.472667], [9.0651488, 45.4727698], [9.0651796, 45.4732031], [9.0651932, 45.4733184], [9.0652098, 45.4735295], [9.0652438, 45.4740581]], [[9.1412772, 45.5135461], [9.1411181, 45.5140148]], [[9.1412772, 45.5135461], [9.1414419, 45.5130596], [9.141465, 45.5129943]]]}}, {"type": "Feature", "properties": {"id": "SS-MIL-2675", "nome": "Via Ippodromo", "quartiere": "", "classificazione": "giallo", "score": 3, "note": "strada urbana senza ciclabile", "ciclabile": "no", "n_corsie": "2", "senso_unico": "si", "n_testimonianze": "0", "zona": "B1"}, "geometry": {"type": "MultiLineString", "coordinates": [[[9.1276063, 45.4865241], [9.1275378, 45.4865135], [9.1254449, 45.4861611]], [[9.1179744, 45.4849071], [9.1179562, 45.4848225]], [[9.1250334, 45.4860496], [9.1249033, 45.486047], [9.1247729, 45.4860432], [9.1246517, 45.4860276], [9.1244577, 45.4859967], [9.1241822, 45.485925], [9.124003, 45.4858783]], [[9.124003, 45.4858783], [9.1243185, 45.4859176], [9.124485, 45.4859384], [9.1246763, 45.4859611], [9.1247636, 45.4859698], [9.1248725, 45.4859708], [9.1249423, 45.4859632], [9.1249905, 45.4859529], [9.1250282, 45.4859399]], [[9.124003, 45.4858783], [9.1235031, 45.4857982], [9.122349, 45.4855968]], [[9.1180823, 45.4848435], [9.1180911, 45.4848875], [9.1181004, 45.4849335]], [[9.1181004, 45.4849335], [9.1180314, 45.484919], [9.1179744, 45.4849071]], [[9.1185292, 45.4849893], [9.1184678, 45.4850048], [9.1184064, 45.4850292], [9.1183143, 45.4850869], [9.1182554, 45.4851316], [9.1182203, 45.4851813], [9.1181925, 45.485245]], [[9.1174681, 45.4847868], [9.1167764, 45.4846865], [9.1144701, 45.4843519], [9.1143863, 45.4843353], [9.1143132, 45.4843082], [9.1142706, 45.4842894], [9.1142333, 45.4842635]], [[9.1174681, 45.4847868], [9.1176525, 45.4847537], [9.1177409, 45.4847275], [9.1178023, 45.4847013], [9.1178396, 45.4846739], [9.1178931, 45.4846277], [9.117943, 45.4845727]], [[9.1189097, 45.485021], [9.1185292, 45.4849893]], [[9.1179562, 45.4848225], [9.1180823, 45.4848435]], [[9.1174681, 45.4847868], [9.117797, 45.4848109], [9.117837, 45.4848138], [9.1179562, 45.4848225]], [[9.1180823, 45.4848435], [9.1182475, 45.4848735], [9.1183972, 45.4849061], [9.1189097, 45.485021]], [[9.122349, 45.4855968], [9.1211185, 45.4853929], [9.1210425, 45.4853793], [9.1199501, 45.4851942], [9.1196976, 45.4851534], [9.1193525, 45.4850954], [9.1189097, 45.485021]], [[9.1179744, 45.4849071], [9.1178213, 45.4848707], [9.1174681, 45.4847868]], [[9.1185292, 45.4849893], [9.1182947, 45.4849607], [9.1182509, 45.4849554], [9.1181004, 45.4849335]], [[9.1254449, 45.4861611], [9.1253721, 45.4861489], [9.1253395, 45.4861398], [9.1253036, 45.4861182], [9.1252712, 45.4860986]]]}}, {"type": "Feature", "properties": {"id": "SS-MIL-2676", "nome": "Via Ippolito Nievo", "quartiere": "", "classificazione": "giallo", "score": 3, "note": "strada urbana senza ciclabile", "ciclabile": "no", "n_corsie": "2", "senso_unico": "si", "n_testimonianze": "0", "zona": "B1"}, "geometry": {"type": "MultiLineString", "coordinates": [[[9.0676547, 45.4722714], [9.0675701, 45.4713399], [9.0675646, 45.4713], [9.0674638, 45.4702025]], [[9.1602164, 45.4722109], [9.1602932, 45.4723827], [9.1607034, 45.473299], [9.1607366, 45.4733575], [9.1607777, 45.4734036], [9.1608358, 45.4734444]], [[9.1615412, 45.4751863], [9.1615662, 45.4752419], [9.1617455, 45.4756396]], [[9.1615412, 45.4751863], [9.1610417, 45.4740781]], [[9.1628998, 45.4782005], [9.1628753, 45.4781461], [9.1622954, 45.4768597]], [[9.1617455, 45.4756396], [9.1620061, 45.4762179], [9.1620259, 45.4762618], [9.1620539, 45.476324], [9.1620607, 45.4763391]], [[9.1622954, 45.4768597], [9.1621726, 45.4765873]], [[9.1595779, 45.471632], [9.159697, 45.4717097], [9.1597308, 45.4717313], [9.1598521, 45.4718113], [9.1599297, 45.4718709], [9.1599919, 45.4719269], [9.1600523, 45.471985], [9.160146, 45.4720986], [9.1601865, 45.4721576], [9.1602164, 45.4722109]], [[9.1621726, 45.4765873], [9.1619375, 45.476552], [9.1618954, 45.4765471], [9.1618207, 45.4765407], [9.1618021, 45.4765377]], [[9.1621726, 45.4765873], [9.1621081, 45.4764456], [9.1620956, 45.4764164], [9.1620661, 45.476351], [9.1620607, 45.4763391]], [[9.2255426, 45.5353081], [9.2256535, 45.5353141], [9.2276189, 45.5354202]]]}}, {"type": "Feature", "properties": {"id": "SS-MIL-2691", "nome": "Via Jacopo Palma", "quartiere": "", "classificazione": "giallo", "score": 3, "note": "strada urbana senza ciclabile (2 corsie)", "ciclabile": "no", "n_corsie": "2", "senso_unico": "no", "n_testimonianze": "0", "zona": "B1"}, "geometry": {"type": "MultiLineString", "coordinates": [[[9.1418558, 45.4648702], [9.1416077, 45.46488]], [[9.1395602, 45.464961], [9.1394413, 45.4649663], [9.1386187, 45.4649983]], [[9.1416077, 45.46488], [9.1398233, 45.4649506]], [[9.1398233, 45.4649506], [9.1396604, 45.4649571], [9.1395602, 45.464961]], [[9.1386187, 45.4649983], [9.137938, 45.4650252], [9.1378956, 45.4650283], [9.1375869, 45.4650506]]]}}, {"type": "Feature", "properties": {"id": "SS-MIL-2693", "nome": "Via Jacopo della Quercia", "quartiere": "", "classificazione": "giallo", "score": 3, "note": "strada urbana senza ciclabile", "ciclabile": "no", "n_corsie": "2", "senso_unico": "si", "n_testimonianze": "0", "zona": "B1"}, "geometry": {"type": "LineString", "coordinates": [[9.1438498, 45.4745035], [9.1439241, 45.47455], [9.1452106, 45.4753935], [9.1452672, 45.4754307], [9.1452927, 45.4754506]]}}, {"type": "Feature", "properties": {"id": "SS-MIL-2698", "nome": "Via Johann Gutemberg", "quartiere": "", "classificazione": "giallo", "score": 3, "note": "strada urbana senza ciclabile", "ciclabile": "no", "n_corsie": "2", "senso_unico": "si", "n_testimonianze": "0", "zona": "B1"}, "geometry": {"type": "MultiLineString", "coordinates": [[[9.097403, 45.4487041], [9.0973411, 45.4488548], [9.0972742, 45.4490511], [9.0972729, 45.4491406], [9.0972821, 45.4491902], [9.0972908, 45.4492372]], [[9.0981807, 45.4498731], [9.0981906, 45.449914], [9.0981898, 45.44994], [9.0981847, 45.449959], [9.0981763, 45.4499774], [9.0981647, 45.4499949], [9.0981501, 45.4500113], [9.0981327, 45.4500263], [9.0981127, 45.4500397], [9.0980906, 45.4500512], [9.0980666, 45.4500607], [9.0980411, 45.4500681], [9.0980223, 45.4500717]], [[9.0977716, 45.4498511], [9.0977475, 45.4498], [9.0976518, 45.4496623], [9.0975485, 45.4495516], [9.0974699, 45.4494819], [9.0973466, 45.4493858], [9.0972653, 45.4493302], [9.0972251, 45.4493157]], [[9.0970352, 45.4490907], [9.0971416, 45.449144], [9.0972908, 45.4492372]], [[9.0972251, 45.4493157], [9.0970274, 45.4492575], [9.0969137, 45.4492151]], [[9.0972251, 45.4493157], [9.0970881, 45.4493168], [9.0970047, 45.4493349], [9.0968525, 45.4494083], [9.0967862, 45.4494429], [9.0966061, 45.4495367]], [[9.0977716, 45.4498511], [9.0977855, 45.4498343], [9.0978022, 45.449819], [9.0978215, 45.4498052], [9.0978431, 45.4497932], [9.0978667, 45.4497831], [9.0978919, 45.4497752], [9.0979182, 45.4497696], [9.0979454, 45.4497663], [9.0979729, 45.4497653], [9.0979892, 45.4497662]], [[9.0980223, 45.4500717], [9.0979872, 45.4500759], [9.0979597, 45.4500762], [9.0979322, 45.4500741], [9.0979054, 45.4500697], [9.0978796, 45.4500629], [9.0978551, 45.450054], [9.0978325, 45.450043], [9.0978119, 45.4500301], [9.0977938, 45.4500155], [9.0977784, 45.4499995], [9.0977662, 45.4499825]], [[9.0979892, 45.4497662], [9.0980004, 45.4497668], [9.0980274, 45.4497707], [9.0980535, 45.4497769], [9.0980784, 45.4497853], [9.0981015, 45.4497958], [9.0981226, 45.4498082], [9.0981414, 45.4498224], [9.0981574, 45.4498381], [9.0981706, 45.4498551], [9.0981807, 45.4498731]], [[9.0972908, 45.4492372], [9.0973403, 45.4493003], [9.097532, 45.4494605], [9.0976324, 45.449545], [9.0976719, 45.44957], [9.0977299, 45.4496034], [9.0979334, 45.4497191], [9.0979514, 45.4497326], [9.0979892, 45.4497662]], [[9.0977662, 45.4499825], [9.0977567, 45.449964], [9.0977507, 45.4499451], [9.0977481, 45.4499259], [9.097749, 45.4499065], [9.0977532, 45.4498874], [9.0977608, 45.4498688], [9.0977716, 45.4498511]]]}}, {"type": "Feature", "properties": {"id": "SS-MIL-2699", "nome": "Via Johannes Gutenberg", "quartiere": "", "classificazione": "giallo", "score": 3, "note": "strada urbana senza ciclabile", "ciclabile": "no", "n_corsie": "2", "senso_unico": "si", "n_testimonianze": "0", "zona": "B1"}, "geometry": {"type": "MultiLineString", "coordinates": [[[9.0990332, 45.4512928], [9.0990769, 45.4512379], [9.0991361, 45.4511008]], [[9.0981807, 45.4498731], [9.0983334, 45.4500345], [9.0985539, 45.4502545]], [[9.0991361, 45.4511008], [9.0991132, 45.450927], [9.0990883, 45.4508209], [9.0990395, 45.4507149], [9.0989298, 45.4505579], [9.0988383, 45.4504526], [9.0987648, 45.4503928], [9.0986059, 45.4502879], [9.0985539, 45.4502545]], [[9.0985539, 45.4502545], [9.0983867, 45.4501957], [9.0982443, 45.450152], [9.0981456, 45.4501256], [9.0981092, 45.4500994], [9.0980223, 45.4500717]], [[9.0991361, 45.4511008], [9.0992238, 45.4512508], [9.0992718, 45.4512922]]]}}, {"type": "Feature", "properties": {"id": "SS-MIL-2704", "nome": "Via Keplero", "quartiere": "", "classificazione": "blu", "score": 2, "note": "zona pedonale / living street", "ciclabile": "no", "n_corsie": "1", "senso_unico": "no", "n_testimonianze": "0", "zona": "B1"}, "geometry": {"type": "LineString", "coordinates": [[9.1100942, 45.4388612], [9.1105575, 45.4381155], [9.1110814, 45.4372862]]}}, {"type": "Feature", "properties": {"id": "SS-MIL-2705", "nome": "Via Koch", "quartiere": "", "classificazione": "giallo", "score": 3, "note": "strada urbana senza ciclabile", "ciclabile": "no", "n_corsie": "2", "senso_unico": "si", "n_testimonianze": "0", "zona": "B1"}, "geometry": {"type": "LineString", "coordinates": [[9.0659456, 45.4660266], [9.0663167, 45.4652504]]}}, {"type": "Feature", "properties": {"id": "SS-MIL-2712", "nome": "Via Laigueglia", "quartiere": "", "classificazione": "giallo", "score": 3, "note": "strada urbana senza ciclabile", "ciclabile": "no", "n_corsie": "2", "senso_unico": "no", "n_testimonianze": "0", "zona": "B1"}, "geometry": {"type": "LineString", "coordinates": [[9.1315205, 45.4843075], [9.1315443, 45.4843554], [9.1315603, 45.4843875], [9.1320073, 45.4852888]]}}, {"type": "Feature", "properties": {"id": "SS-MIL-2732", "nome": "Via Laveno", "quartiere": "", "classificazione": "giallo", "score": 3, "note": "strada urbana senza ciclabile", "ciclabile": "no", "n_corsie": "2", "senso_unico": "si", "n_testimonianze": "0", "zona": "B1"}, "geometry": {"type": "MultiLineString", "coordinates": [[[9.138156, 45.4767072], [9.1382186, 45.4767411], [9.1389115, 45.4771976], [9.1394575, 45.4775574]], [[9.1401291, 45.4781241], [9.1400475, 45.4780726], [9.1398448, 45.477946], [9.1397989, 45.4779025], [9.1397882, 45.4778479], [9.1397804, 45.4777674]], [[9.1397804, 45.4777674], [9.14014, 45.4780007], [9.1402201, 45.4780528]], [[9.1397804, 45.4777674], [9.1395075, 45.4775898], [9.1394575, 45.4775574]]]}}, {"type": "Feature", "properties": {"id": "SS-MIL-2745", "nome": "Via Leon Battista Alberti", "quartiere": "", "classificazione": "giallo", "score": 3, "note": "strada urbana senza ciclabile (1 corsie)", "ciclabile": "no", "n_corsie": "1", "senso_unico": "si", "n_testimonianze": "0", "zona": "B1"}, "geometry": {"type": "MultiLineString", "coordinates": [[[9.1560661, 45.4827228], [9.1561538, 45.4827225], [9.156218, 45.4827442], [9.1562487, 45.482761], [9.1562837, 45.4827825], [9.1571911, 45.4833749], [9.1572865, 45.4834372]], [[9.1595931, 45.4849447], [9.1595248, 45.4848983], [9.1581714, 45.4840149], [9.1580475, 45.483934], [9.1573981, 45.48351], [9.1572865, 45.4834372]]]}}, {"type": "Feature", "properties": {"id": "SS-MIL-2751", "nome": "Via Leone Leoni", "quartiere": "", "classificazione": "giallo", "score": 3, "note": "strada urbana senza ciclabile", "ciclabile": "no", "n_corsie": "2", "senso_unico": "no", "n_testimonianze": "0", "zona": "B1"}, "geometry": {"type": "MultiLineString", "coordinates": [[[9.0697826, 45.4530783], [9.0697294, 45.4530658], [9.0693028, 45.4529464]], [[9.0693028, 45.4529464], [9.0691671, 45.452909], [9.069089, 45.4528859]]]}}, {"type": "Feature", "properties": {"id": "SS-MIL-2753", "nome": "Via Leone Tolstoi", "quartiere": "", "classificazione": "giallo", "score": 3, "note": "strada urbana senza ciclabile", "ciclabile": "no", "n_corsie": "2", "senso_unico": "no", "n_testimonianze": "0", "zona": "B1"}, "geometry": {"type": "MultiLineString", "coordinates": [[[9.1499489, 45.4529567], [9.1499104, 45.4530179], [9.1498959, 45.4530409], [9.1498896, 45.4530518], [9.1493861, 45.4539227], [9.1493725, 45.4539461], [9.1493659, 45.4539556], [9.1493247, 45.4540216]], [[9.1492348, 45.4541475], [9.1492438, 45.4542406], [9.149128, 45.4544339], [9.1490669, 45.454543], [9.1488243, 45.4549759]], [[9.1469625, 45.4579365], [9.1470086, 45.4578564]], [[9.1470086, 45.4578564], [9.1470445, 45.4577935], [9.1472606, 45.4574125]], [[9.1472606, 45.4574125], [9.1474087, 45.4571824]], [[9.1516333, 45.4501952], [9.1515946, 45.450259], [9.1514948, 45.4503954], [9.1513353, 45.4505776]], [[9.1478311, 45.4564588], [9.1478998, 45.4563664], [9.1481273, 45.4559352]], [[9.147935, 45.4564802], [9.1479403, 45.4564843], [9.1479482, 45.4564919], [9.1479546, 45.4565001], [9.1479595, 45.4565089], [9.1479628, 45.456518], [9.1479647, 45.456532], [9.1479639, 45.4565414], [9.1479614, 45.4565506], [9.1479574, 45.4565595], [9.1479517, 45.4565681], [9.1479488, 45.4565714]], [[9.1478788, 45.4566061], [9.1477966, 45.4567402], [9.1475196, 45.4572152]], [[9.1508616, 45.4513775], [9.1508551, 45.4513883], [9.1508242, 45.4514417]], [[9.1509056, 45.4513056], [9.1508692, 45.4513642], [9.1508616, 45.4513775]], [[9.1505312, 45.4519504], [9.1500035, 45.4528618], [9.1499981, 45.452871], [9.1499489, 45.4529567]], [[9.1508242, 45.4514417], [9.1507842, 45.4515148], [9.1507089, 45.4516459], [9.1505312, 45.4519504]], [[9.1515066, 45.4501516], [9.1515451, 45.4500875], [9.1516045, 45.4499866], [9.1516672, 45.4498738], [9.1517968, 45.4496463], [9.1518418, 45.4495716]], [[9.1488243, 45.4549759], [9.1487856, 45.4550413], [9.1482918, 45.4558761], [9.1482379, 45.4559674]], [[9.1481273, 45.4559352], [9.1481824, 45.4558414], [9.1483166, 45.4556135], [9.1485088, 45.4552854], [9.1486726, 45.4550087], [9.1487109, 45.4549435]], [[9.1482379, 45.4559674], [9.148199, 45.4560294], [9.1481825, 45.4560587], [9.1480027, 45.4563773], [9.1479488, 45.4564593], [9.147935, 45.4564802]], [[9.1487109, 45.4549435], [9.1489656, 45.4545139], [9.1490297, 45.4544057], [9.149147, 45.4542089], [9.1492348, 45.4541475]], [[9.1471381, 45.4578893], [9.1470945, 45.4579715]], [[9.1475196, 45.4572152], [9.1473891, 45.4574472]], [[9.1474087, 45.4571824], [9.1477077, 45.4567141], [9.1477364, 45.4566273], [9.147758, 45.4565619]], [[9.1473891, 45.4574472], [9.1471732, 45.4578278], [9.1471381, 45.4578893]], [[9.1477521, 45.4565152], [9.1477555, 45.4565069], [9.1477607, 45.4564983], [9.1477674, 45.4564901], [9.1477756, 45.4564827], [9.1477849, 45.456476], [9.1477954, 45.4564701], [9.1478069, 45.4564652], [9.1478191, 45.4564614], [9.1478311, 45.4564588]], [[9.1479488, 45.4565714], [9.1479446, 45.456576], [9.1479362, 45.4565833], [9.1479265, 45.4565898], [9.1479158, 45.4565954], [9.1479041, 45.4566001], [9.1478917, 45.4566036], [9.1478788, 45.4566061], [9.1478656, 45.4566074], [9.1478547, 45.4566076]], [[9.1478311, 45.4564588], [9.1478451, 45.456457], [9.1478585, 45.4564566], [9.1478718, 45.4564573], [9.147885, 45.4564592], [9.1478976, 45.4564622], [9.1479097, 45.4564662], [9.147921, 45.4564713], [9.1479312, 45.4564774], [9.147935, 45.4564802]], [[9.1478547, 45.4566076], [9.1478389, 45.4566066], [9.1478258, 45.4566044], [9.1478133, 45.4566012], [9.1478014, 45.4565968], [9.1477904, 45.4565915], [9.1477804, 45.4565852], [9.1477716, 45.4565781], [9.1477641, 45.4565704], [9.147758, 45.4565619]], [[9.147758, 45.4565619], [9.1477535, 45.4565531], [9.1477506, 45.456544], [9.1477493, 45.4565346], [9.1477497, 45.4565252], [9.1477521, 45.4565152]], [[9.1524651, 45.4485219], [9.1524974, 45.448516], [9.1525262, 45.4485196], [9.152549, 45.4485283], [9.1525723, 45.448548]], [[9.1513353, 45.4505776], [9.1509389, 45.4512475], [9.1509056, 45.4513056]], [[9.1527108, 45.4483826], [9.1526681, 45.4484032], [9.1526332, 45.4484371], [9.1525723, 45.448548]], [[9.1519723, 45.4495992], [9.1519412, 45.4496169], [9.151909, 45.4496207], [9.1518813, 45.4496153], [9.1518581, 45.4496], [9.1518418, 45.4495716]], [[9.1513353, 45.4505776], [9.1513942, 45.4503592], [9.1514647, 45.4502182], [9.1515066, 45.4501516]], [[9.1525723, 45.448548], [9.1524591, 45.4487433], [9.1519987, 45.4495528], [9.1519723, 45.4495992]], [[9.1519723, 45.4495992], [9.1517364, 45.4500139], [9.151673, 45.4501255], [9.1516333, 45.4501952]], [[9.1524651, 45.4485219], [9.1525489, 45.4483794], [9.1525677, 45.4483411], [9.1526002, 45.4483149]], [[9.1518418, 45.4495716], [9.1518735, 45.4495187], [9.1519214, 45.4494389], [9.152015, 45.4492839], [9.1523169, 45.4487839], [9.1523553, 45.4487144], [9.1524651, 45.4485219]]]}}, {"type": "Feature", "properties": {"id": "SS-MIL-2763", "nome": "Via Leopoldo Pollak", "quartiere": "", "classificazione": "giallo", "score": 3, "note": "strada urbana senza ciclabile", "ciclabile": "no", "n_corsie": "2", "senso_unico": "no", "n_testimonianze": "0", "zona": "B1"}, "geometry": {"type": "LineString", "coordinates": [[9.1197318, 45.4725336], [9.1197905, 45.4725823], [9.1198024, 45.4725922], [9.1198775, 45.472654], [9.1199612, 45.472725], [9.1204691, 45.4731555], [9.1208028, 45.4734384], [9.1206532, 45.4735298]]}}, {"type": "Feature", "properties": {"id": "SS-MIL-2768", "nome": "Via Lerici", "quartiere": "", "classificazione": "giallo", "score": 3, "note": "strada urbana senza ciclabile", "ciclabile": "no", "n_corsie": "2", "senso_unico": "no", "n_testimonianze": "0", "zona": "B1"}, "geometry": {"type": "MultiLineString", "coordinates": [[[9.1311959, 45.4853246], [9.1308108, 45.4845739], [9.1307941, 45.4845415], [9.1307692, 45.4844911]], [[9.1313154, 45.4855549], [9.1314103, 45.4856903]], [[9.1311959, 45.4853246], [9.1313154, 45.4855549]]]}}, {"type": "Feature", "properties": {"id": "SS-MIL-2771", "nome": "Via Levanto", "quartiere": "", "classificazione": "giallo", "score": 3, "note": "strada urbana senza ciclabile", "ciclabile": "no", "n_corsie": "2", "senso_unico": "si", "n_testimonianze": "0", "zona": "B1"}, "geometry": {"type": "LineString", "coordinates": [[9.136796, 45.4841231], [9.1367782, 45.4841113], [9.1367644, 45.4840954], [9.1366764, 45.4839118], [9.1365957, 45.4837487], [9.1363253, 45.4832081], [9.1363127, 45.483183], [9.1362864, 45.4831304]]}}, {"type": "Feature", "properties": {"id": "SS-MIL-2774", "nome": "Via Libertà", "quartiere": "", "classificazione": "giallo", "score": 3, "note": "strada urbana senza ciclabile", "ciclabile": "no", "n_corsie": "2", "senso_unico": "no", "n_testimonianze": "0", "zona": "B1"}, "geometry": {"type": "MultiLineString", "coordinates": [[[9.0892719, 45.4472525], [9.0891369, 45.4472609], [9.0890353, 45.4472626], [9.0889629, 45.4472583], [9.0888968, 45.4472544], [9.088765, 45.447245], [9.0886448, 45.4472344], [9.0884532, 45.4472174]], [[9.0778438, 45.4494462], [9.0778865, 45.4494515], [9.0786664, 45.4495506], [9.0787953, 45.4495463], [9.0788749, 45.449522], [9.0789292, 45.4494985], [9.0789834, 45.4494556], [9.0790312, 45.4494007], [9.0796147, 45.4485187], [9.0796476, 45.4484912], [9.0796915, 45.4484694], [9.0797215, 45.4484617], [9.0797479, 45.4484567], [9.0797934, 45.448456], [9.0798979, 45.4484661], [9.0803635, 45.4486027], [9.0806743, 45.4486827], [9.080821, 45.4487033], [9.0811051, 45.4487194], [9.0816618, 45.4488105], [9.0820486, 45.448878], [9.0822652, 45.4488987], [9.0823581, 45.4488777], [9.0824153, 45.4488477], [9.0824411, 45.4488251], [9.0824462, 45.4488124]], [[9.0843083, 45.4460738], [9.0842362, 45.4461906], [9.0841779, 45.4462768], [9.0841538, 45.4463408], [9.0841296, 45.4464048], [9.0841189, 45.4464819], [9.0839687, 45.4468169], [9.0838658, 45.4469904], [9.083797, 45.4471029], [9.08373, 45.4472008], [9.0836334, 45.4473588], [9.0835155, 45.4475115], [9.0834323, 45.4476204], [9.0829671, 45.44823], [9.0829188, 45.4482912], [9.082869, 45.4483599], [9.0826848, 45.4485947], [9.0825625, 45.4486679]], [[9.0902642, 45.4467812], [9.0902271, 45.4468258], [9.0901673, 45.4468731], [9.0900785, 45.4469273], [9.0899032, 45.4470315], [9.0897461, 45.4471149], [9.0896659, 45.4471501], [9.089586, 45.447178], [9.089492, 45.4472035], [9.0892719, 45.4472525]], [[9.0884532, 45.4472174], [9.0881935, 45.4471875], [9.0880133, 45.4471667], [9.0879018, 45.4471539], [9.0877623, 45.4471483], [9.0876791, 45.447147], [9.087508, 45.4471454], [9.087405, 45.4471408], [9.0873292, 45.4471331], [9.0872427, 45.4471178], [9.0871648, 45.4470925], [9.0870988, 45.4470625], [9.0869034, 45.4469615], [9.0868447, 45.4469312], [9.0865562, 45.4467822], [9.0865139, 45.4467603], [9.08647, 45.4467374], [9.0863085, 45.4466533], [9.0859361, 45.4464714], [9.0858199, 45.4464031], [9.0857053, 45.4463472], [9.0855881, 45.446299], [9.0853824, 45.446229], [9.0851449, 45.4461576], [9.084914, 45.4460908], [9.0846662, 45.4460249]], [[9.0824462, 45.4488124], [9.0825625, 45.4486679], [9.0826218, 45.4485607], [9.08279, 45.4483345], [9.0828496, 45.4482543], [9.0828941, 45.4481958], [9.0833464, 45.4475922], [9.0834427, 45.4474717], [9.0838039, 45.4469592], [9.0838869, 45.4467999], [9.0839995, 45.4465374], [9.0840572, 45.4463747], [9.0841082, 45.4461705], [9.084143, 45.4460387]]]}}, {"type": "Feature", "properties": {"id": "SS-MIL-2796", "nome": "Via Lodovico il Moro", "quartiere": "", "classificazione": "giallo", "score": 3, "note": "strada urbana senza ciclabile (2 corsie)", "ciclabile": "no", "n_corsie": "2", "senso_unico": "no", "n_testimonianze": "0", "zona": "B1"}, "geometry": {"type": "MultiLineString", "coordinates": [[[9.1389207, 45.4440648], [9.1385978, 45.4440122]], [[9.1533366, 45.447107], [9.1516296, 45.4467547], [9.1506215, 45.4465466], [9.149992, 45.4464167], [9.1495816, 45.4463305], [9.149255, 45.446257], [9.1472736, 45.4458239], [9.1468822, 45.4457383], [9.1467861, 45.4457183]], [[9.1227113, 45.4379343], [9.1217068, 45.4376576], [9.1207984, 45.4374073]], [[9.1389994, 45.443051], [9.1388112, 45.4433572], [9.1387749, 45.4434162], [9.1387432, 45.4434739], [9.138628, 45.4439073], [9.1386143, 45.4439503], [9.1385978, 45.4440122]], [[9.1550145, 45.4474738], [9.1549917, 45.4474689], [9.1545047, 45.4473665], [9.1541052, 45.4472777], [9.1533366, 45.447107]], [[9.1580962, 45.4481545], [9.1581954, 45.4481763]], [[9.1576295, 45.4480518], [9.1576779, 45.4480625], [9.1580578, 45.448146], [9.1580962, 45.4481545]], [[9.1467861, 45.4457183], [9.1463438, 45.4456267]], [[9.1263943, 45.4393494], [9.1261721, 45.4391809]], [[9.1281088, 45.4405864], [9.1279941, 45.4405368], [9.127987, 45.4405335], [9.1279755, 45.4405291], [9.1277278, 45.440373], [9.1269601, 45.4397836], [9.1268412, 45.4396923], [9.1265191, 45.439445], [9.1263943, 45.4393494]], [[9.1322317, 45.4419132], [9.1303839, 45.4413013], [9.1303313, 45.4412867], [9.1302103, 45.4412473], [9.1301372, 45.4412235], [9.1294411, 45.4410042], [9.1291892, 45.4409231], [9.1281088, 45.4405864]], [[9.1357841, 45.4432225], [9.1352545, 45.4430246], [9.1350662, 45.4429543], [9.1348889, 45.442888], [9.1342723, 45.4426524]], [[9.1385978, 45.4440122], [9.1383091, 45.4439675], [9.1380292, 45.4439204], [9.1377344, 45.4438663], [9.1375872, 45.4438375], [9.1374657, 45.4438109], [9.1372923, 45.4437635], [9.1365057, 45.4434925], [9.1357841, 45.4432225]], [[9.1342723, 45.4426524], [9.1340882, 45.4425842], [9.1337663, 45.4424673], [9.1335139, 45.4423728], [9.1328478, 45.442127], [9.1322317, 45.4419132]], [[9.1389207, 45.4440648], [9.1390204, 45.4440847], [9.1391529, 45.4441131], [9.1392752, 45.4441394]], [[9.1392752, 45.4441394], [9.1392864, 45.4441418], [9.1398429, 45.4442616], [9.1399208, 45.4442784]], [[9.1408342, 45.4444699], [9.1406491, 45.4444315], [9.1405479, 45.4444108], [9.1399933, 45.444294], [9.1399208, 45.4442784]], [[9.1459166, 45.4455391], [9.1458018, 45.4455153], [9.1443213, 45.4452043]], [[9.1462586, 45.4456093], [9.1460071, 45.4455578], [9.14599, 45.4455543], [9.1459707, 45.4455503]], [[9.1443213, 45.4452043], [9.1433498, 45.4449981], [9.1426433, 45.4448473], [9.1425209, 45.4448212]], [[9.1550145, 45.4474738], [9.1550843, 45.4474891], [9.1553768, 45.4475526], [9.1557597, 45.4476357]], [[9.1562749, 45.4477466], [9.1562326, 45.4477375], [9.1557597, 45.4476357]], [[9.156715, 45.4478393], [9.1576295, 45.4480518]], [[9.1261721, 45.4391809], [9.1260429, 45.4390902], [9.1258296, 45.4389678], [9.1254855, 45.4388067], [9.1253784, 45.4387656], [9.125063, 45.4386447], [9.1243874, 45.4384227]], [[9.1425209, 45.4448212], [9.1423981, 45.4447982], [9.1409948, 45.4445034], [9.1408342, 45.4444699]], [[9.1565179, 45.4477958], [9.1562749, 45.4477466]], [[9.156715, 45.4478393], [9.1566826, 45.4478327], [9.1565179, 45.4477958]], [[9.1243874, 45.4384227], [9.1237091, 45.4382251], [9.1228785, 45.437983], [9.1227113, 45.4379343]], [[9.1463438, 45.4456267], [9.1462728, 45.4456122], [9.1462586, 45.4456093]], [[9.1459707, 45.4455503], [9.1459166, 45.4455391]]]}}, {"type": "Feature", "properties": {"id": "SS-MIL-2800", "nome": "Via Lorenteggio", "quartiere": "", "classificazione": "rosso", "score": 4, "note": "strada principale trafficata (2 corsie)", "ciclabile": "no", "n_corsie": "2", "senso_unico": "si", "n_testimonianze": "0", "zona": "B1"}, "geometry": {"type": "MultiLineString", "coordinates": [[[9.1431622, 45.4520413], [9.1432024, 45.4520538], [9.1432881, 45.4520779], [9.1433985, 45.452109]], [[9.1489094, 45.4538932], [9.1491812, 45.4539765], [9.1493247, 45.4540216]], [[9.1157733, 45.4433153], [9.1158162, 45.4433342], [9.1158586, 45.443352], [9.116046, 45.4434354], [9.1163982, 45.4435877]], [[9.1156797, 45.4434339], [9.1155441, 45.4433771]], [[9.117113, 45.4443722], [9.1170369, 45.4443447], [9.116497, 45.4441383], [9.1164448, 45.4441186], [9.1159143, 45.4438892], [9.1156162, 45.4437604], [9.115505, 45.4437126], [9.1153788, 45.4436577]], [[9.1155441, 45.4433771], [9.1156488, 45.4432629]], [[9.1230904, 45.4457394], [9.1231454, 45.4456267]], [[9.1416747, 45.4517028], [9.1416308, 45.4516877], [9.1415383, 45.4516559], [9.1415002, 45.4516428], [9.1408642, 45.4514399], [9.1406027, 45.4513469], [9.1405445, 45.4513284]], [[9.1357468, 45.4497818], [9.1356241, 45.4497431]], [[9.1217737, 45.4454095], [9.1217593, 45.4454069], [9.1216439, 45.4453767]], [[9.1218526, 45.4452967], [9.1219996, 45.4453337], [9.1220373, 45.4453435], [9.1224365, 45.4454444]], [[9.1358302, 45.4496581], [9.1359282, 45.4496902], [9.1359974, 45.4497128], [9.1360809, 45.44974], [9.1362128, 45.4497807]], [[9.1156488, 45.4432629], [9.1157733, 45.4433153]], [[9.1216439, 45.4453767], [9.1215359, 45.4453512], [9.1213995, 45.4453159], [9.1205886, 45.4451125], [9.1203297, 45.4450454], [9.11972, 45.4449009], [9.1192438, 45.4447723]], [[9.1163982, 45.4435877], [9.1168103, 45.4437583]], [[9.1177322, 45.4442783], [9.1167309, 45.4438965], [9.1167012, 45.4438835], [9.116341, 45.4437252], [9.1161216, 45.4436288], [9.1157679, 45.4434725], [9.1157053, 45.4434452], [9.1156797, 45.4434339]], [[9.1168103, 45.4437583], [9.117256, 45.44395], [9.1178165, 45.4441579], [9.1179322, 45.4442016]], [[9.1523841, 45.4551372], [9.1522672, 45.4550997], [9.1522558, 45.455097], [9.1517737, 45.4549823]], [[9.1324847, 45.4487194], [9.1319701, 45.4485596], [9.1315396, 45.4484184]], [[9.1314644, 45.448393], [9.1312659, 45.4483319]], [[9.1357054, 45.4496171], [9.1358302, 45.4496581]], [[9.1315396, 45.4484184], [9.1314644, 45.448393]], [[9.1319476, 45.4484193], [9.1320394, 45.4484517], [9.1325539, 45.4485969]], [[9.133211, 45.4488033], [9.1333666, 45.4488557], [9.1338142, 45.448998]], [[9.1337407, 45.4491284], [9.1332816, 45.4489804], [9.1331339, 45.4489322]], [[9.1325539, 45.4485969], [9.133211, 45.4488033]], [[9.1331339, 45.4489322], [9.1324847, 45.4487194]], [[9.1230904, 45.4457394], [9.1227152, 45.4456463], [9.1226952, 45.4456413], [9.122242, 45.4455289]], [[9.1224365, 45.4454444], [9.1228284, 45.4455435], [9.1231454, 45.4456267]], [[9.1192438, 45.4447723], [9.1185421, 45.4445772], [9.1185342, 45.4445743], [9.1177322, 45.4442783]], [[9.122242, 45.4455289], [9.1219618, 45.4454584], [9.1219158, 45.4454455], [9.1217737, 45.4454095]], [[9.1242143, 45.4460363], [9.1241351, 45.4460145], [9.1231694, 45.4457602], [9.1230904, 45.4457394]], [[9.124917, 45.4462675], [9.1246403, 45.4461771], [9.1244138, 45.4461022], [9.1242143, 45.4460363]], [[9.1217234, 45.4452622], [9.121826, 45.44529], [9.1218526, 45.4452967]], [[9.1231454, 45.4456267], [9.1233703, 45.4456859]], [[9.1256068, 45.4464877], [9.1255163, 45.446459], [9.1253981, 45.446421], [9.124917, 45.4462675]], [[9.1242874, 45.4459225], [9.124358, 45.4459453], [9.1245103, 45.4459945]], [[9.1206118, 45.4449803], [9.1209547, 45.4450682], [9.121164, 45.4451218], [9.1214555, 45.4451985]], [[9.1276501, 45.4470093], [9.1279049, 45.4470934]], [[9.1270552, 45.4468176], [9.1269796, 45.4469299]], [[9.1256532, 45.4463673], [9.1270552, 45.4468176]], [[9.1278298, 45.4472165], [9.127596, 45.447132]], [[9.127596, 45.447132], [9.1274967, 45.447098], [9.1269796, 45.4469299]], [[9.1287683, 45.4475195], [9.1279442, 45.4472526], [9.1278298, 45.4472165]], [[9.1270552, 45.4468176], [9.1275607, 45.4469798], [9.1276501, 45.4470093]], [[9.1279049, 45.4470934], [9.1280136, 45.4471267], [9.1284841, 45.4472787], [9.128775, 45.4473727], [9.128849, 45.4473966]], [[9.1269796, 45.4469299], [9.1267613, 45.4468594], [9.1265707, 45.4467981], [9.1261103, 45.446649], [9.1256068, 45.4464877]], [[9.1296484, 45.4476545], [9.1304674, 45.4479269]], [[9.1295705, 45.4477788], [9.1295007, 45.4477566], [9.1288455, 45.4475445], [9.1288338, 45.4475407], [9.1288279, 45.4475388], [9.1288222, 45.447537], [9.1287683, 45.4475195]], [[9.128849, 45.4473966], [9.1289027, 45.4474139], [9.1289085, 45.4474158], [9.1289143, 45.4474177], [9.1289201, 45.4474196], [9.1289259, 45.4474214], [9.1295791, 45.4476328], [9.1296484, 45.4476545]], [[9.1303879, 45.4480439], [9.1295705, 45.4477788]], [[9.1304674, 45.4479269], [9.1310002, 45.4481027], [9.1312281, 45.4481689]], [[9.1312281, 45.4481689], [9.1314339, 45.4482314], [9.1315347, 45.4482704], [9.1316982, 45.4483264], [9.1319476, 45.4484193]], [[9.1179322, 45.4442016], [9.1180648, 45.4442497], [9.1186808, 45.4444731], [9.1189, 45.4445331], [9.1193118, 45.4446472]], [[9.1405445, 45.4513284], [9.1405112, 45.4513176], [9.1395872, 45.4510184], [9.13948, 45.4509832], [9.1389685, 45.4508181]], [[9.1391095, 45.4507153], [9.1393496, 45.4507994]], [[9.1393496, 45.4507994], [9.1395702, 45.4508689], [9.1398811, 45.4509716], [9.1406179, 45.4512104]], [[9.1362128, 45.4497807], [9.136333, 45.4498218], [9.1366916, 45.4499372], [9.1368798, 45.4499972], [9.1369185, 45.4500102]], [[9.1361756, 45.4499178], [9.1359794, 45.4498556], [9.1359339, 45.4498412], [9.1359197, 45.4498367], [9.1358478, 45.4498139], [9.1357468, 45.4497818]], [[9.1406179, 45.4512104], [9.1406735, 45.4512277], [9.1409466, 45.4513155], [9.1415807, 45.4515194], [9.1416148, 45.4515289], [9.1417089, 45.4515562], [9.1417648, 45.4515704]], [[9.1368415, 45.4501325], [9.136801, 45.4501198], [9.1364115, 45.4499939], [9.1362567, 45.449944], [9.1361756, 45.4499178]], [[9.1369185, 45.4500102], [9.1373366, 45.4501448]], [[9.1373366, 45.4501448], [9.138929, 45.4506572], [9.1391095, 45.4507153]], [[9.1389685, 45.4508181], [9.1388442, 45.450778], [9.1377005, 45.4504094], [9.1372359, 45.4502596]], [[9.1372359, 45.4502596], [9.1368415, 45.4501325]], [[9.1447398, 45.452536], [9.1459732, 45.4529414], [9.1460454, 45.4529657]], [[9.1433263, 45.4522311], [9.1431945, 45.4522022], [9.1431202, 45.4521859], [9.1430691, 45.4521742]], [[9.1433985, 45.452109], [9.1434236, 45.4521203], [9.1434423, 45.4521239], [9.1436861, 45.4522014], [9.1446693, 45.4525138], [9.1447398, 45.452536]], [[9.1446862, 45.4526756], [9.1445854, 45.4526421], [9.1440346, 45.4524634], [9.1433459, 45.4522386], [9.143341, 45.4522354], [9.1433263, 45.4522311]], [[9.1459593, 45.4530814], [9.1446862, 45.4526756]], [[9.146815, 45.4533616], [9.1462504, 45.4531775], [9.1460426, 45.453109], [9.1459593, 45.4530814]], [[9.147392, 45.4535425], [9.146815, 45.4533616]], [[9.1493247, 45.4540216], [9.1494683, 45.4540696], [9.1499853, 45.4542404], [9.1508515, 45.4545264], [9.1512109, 45.4546451]], [[9.1512109, 45.4546451], [9.1515376, 45.4547492], [9.1516328, 45.4547796], [9.1517257, 45.4548092]], [[9.1460454, 45.4529657], [9.1462229, 45.4530224], [9.1464153, 45.4530836], [9.1466039, 45.4531437], [9.1470206, 45.4532765]], [[9.1511398, 45.4547655], [9.1503864, 45.4545209], [9.1493903, 45.4541976], [9.1492348, 45.4541475]], [[9.1492348, 45.4541475], [9.1490995, 45.4541007], [9.1487479, 45.4539877]], [[9.1487479, 45.4539877], [9.1476638, 45.4536371], [9.1475004, 45.4535817], [9.1474514, 45.453564], [9.1474053, 45.4535473], [9.147392, 45.4535425]], [[9.1514814, 45.4548823], [9.1512165, 45.4547917], [9.1511398, 45.4547655]], [[9.1493247, 45.4540216], [9.1492348, 45.4541475]], [[9.1312659, 45.4483319], [9.1310254, 45.4482526], [9.1303879, 45.4480439]], [[9.1470206, 45.4532765], [9.1475626, 45.4534476]], [[9.1475626, 45.4534476], [9.1489094, 45.4538932]], [[9.1245103, 45.4459945], [9.1246892, 45.4460525], [9.124769, 45.4460784], [9.1255827, 45.4463427], [9.1256532, 45.4463673]], [[9.1214555, 45.4451985], [9.1215145, 45.4452113], [9.1216131, 45.4452368], [9.1217234, 45.4452622]], [[9.1338277, 45.449156], [9.1337407, 45.4491284]], [[9.1338142, 45.448998], [9.1339086, 45.4490287]], [[9.1356241, 45.4497431], [9.1355142, 45.4497065], [9.1354632, 45.44969], [9.1353166, 45.4496425], [9.1349534, 45.449524], [9.13442, 45.4493478]], [[9.1344988, 45.4492227], [9.1349936, 45.4493838], [9.1352805, 45.4494781], [9.135363, 45.4495052], [9.1355468, 45.4495641], [9.1355972, 45.4495803], [9.1357054, 45.4496171]], [[9.1200123, 45.4448267], [9.1206118, 45.4449803]], [[9.1193118, 45.4446472], [9.1200123, 45.4448267]], [[9.1233703, 45.4456859], [9.1242874, 45.4459225]], [[9.13442, 45.4493478], [9.1338277, 45.449156]], [[9.1339086, 45.4490287], [9.1344988, 45.4492227]]]}}, {"type": "Feature", "properties": {"id": "SS-MIL-2802", "nome": "Via Lorenzo Ghiberti", "quartiere": "", "classificazione": "giallo", "score": 3, "note": "strada urbana senza ciclabile", "ciclabile": "no", "n_corsie": "2", "senso_unico": "si", "n_testimonianze": "0", "zona": "B1"}, "geometry": {"type": "LineString", "coordinates": [[9.1457835, 45.4750808], [9.1457182, 45.4750384], [9.1441318, 45.4739891], [9.1440191, 45.4739354]]}}, {"type": "Feature", "properties": {"id": "SS-MIL-2804", "nome": "Via Lorenzo Perosi", "quartiere": "", "classificazione": "giallo", "score": 3, "note": "strada urbana senza ciclabile", "ciclabile": "no", "n_corsie": "2", "senso_unico": "si", "n_testimonianze": "0", "zona": "B1"}, "geometry": {"type": "LineString", "coordinates": [[9.1428998, 45.4566694], [9.1429375, 45.4566032], [9.1436254, 45.455408], [9.143641, 45.4553818], [9.1436686, 45.4553356]]}}, {"type": "Feature", "properties": {"id": "SS-MIL-2806", "nome": "Via Lorenzo di Credi", "quartiere": "", "classificazione": "giallo", "score": 3, "note": "strada urbana senza ciclabile", "ciclabile": "no", "n_corsie": "2", "senso_unico": "si", "n_testimonianze": "0", "zona": "B1"}, "geometry": {"type": "MultiLineString", "coordinates": [[[9.1455617, 45.4706057], [9.1456922, 45.470673], [9.1458276, 45.4707617]], [[9.1468709, 45.471742], [9.146791, 45.4716886], [9.1458994, 45.4711099], [9.1458471, 45.4710758], [9.1457929, 45.4710552], [9.1457467, 45.4710473], [9.1456908, 45.4710454]], [[9.1458276, 45.4707617], [9.1460337, 45.4708943], [9.1470068, 45.4715213], [9.1470908, 45.4715743]]]}}, {"type": "Feature", "properties": {"id": "SS-MIL-2809", "nome": "Via Lovere", "quartiere": "", "classificazione": "giallo", "score": 3, "note": "strada urbana senza ciclabile", "ciclabile": "no", "n_corsie": "2", "senso_unico": "si", "n_testimonianze": "0", "zona": "B1"}, "geometry": {"type": "MultiLineString", "coordinates": [[[9.1392278, 45.4846554], [9.1379132, 45.4841203], [9.1378776, 45.484112], [9.1378371, 45.4841134]], [[9.1394658, 45.4850167], [9.1393604, 45.4849198]], [[9.1393604, 45.4849198], [9.139343, 45.4848851], [9.1392278, 45.4846554]]]}}, {"type": "Feature", "properties": {"id": "SS-MIL-2817", "nome": "Via Lucca", "quartiere": "", "classificazione": "giallo", "score": 3, "note": "strada urbana senza ciclabile", "ciclabile": "no", "n_corsie": "2", "senso_unico": "si", "n_testimonianze": "0", "zona": "B1"}, "geometry": {"type": "MultiLineString", "coordinates": [[[9.1030729, 45.4552918], [9.1031504, 45.4552634], [9.1032845, 45.4551692], [9.1033359, 45.455141], [9.1034097, 45.4551025], [9.1035756, 45.4550296]], [[9.1078637, 45.4549311], [9.1078796, 45.4548828], [9.1078851, 45.4548662], [9.1080055, 45.4545013], [9.1080344, 45.4544139]], [[9.1113292, 45.4555365], [9.1110645, 45.4554898], [9.1109446, 45.4554688]], [[9.1110321, 45.4552498], [9.1110686, 45.4551112], [9.1110845, 45.4550766], [9.1111266, 45.4549978]], [[9.1136047, 45.4568281], [9.1136624, 45.4570165], [9.1136793, 45.4570331], [9.113802, 45.4571124], [9.1138524, 45.457145]], [[9.1134029, 45.4572011], [9.1135034, 45.457137], [9.1136047, 45.4568281]], [[9.1052907, 45.4544706], [9.1051469, 45.4544479], [9.1051085, 45.4544411], [9.1047928, 45.4543855], [9.1047611, 45.4543832], [9.1047213, 45.4543846], [9.1046649, 45.4543929], [9.1046109, 45.4544082], [9.1045469, 45.4544379], [9.1042034, 45.4546522], [9.1040689, 45.454736], [9.1039239, 45.4548223], [9.1035756, 45.4550296]], [[9.1034892, 45.4551499], [9.103357, 45.4552963], [9.1033323, 45.4553154], [9.1033068, 45.4553358]], [[9.1035756, 45.4550296], [9.1034892, 45.4551499]], [[9.1109446, 45.4554688], [9.1109624, 45.455426], [9.1109724, 45.4554018], [9.1110321, 45.4552498]], [[9.1110321, 45.4552498], [9.1110099, 45.4551959], [9.110982, 45.4551416], [9.1109308, 45.4550668], [9.1108513, 45.4550111], [9.1106534, 45.4549082]], [[9.1115738, 45.4550825], [9.1113778, 45.455092], [9.1112462, 45.4551266], [9.1111152, 45.4551794], [9.1110321, 45.4552498]], [[9.1034892, 45.4551499], [9.1035238, 45.4552434], [9.1035898, 45.4553332], [9.1036434, 45.4553983]], [[9.1136047, 45.4568281], [9.1138515, 45.4561803], [9.1138564, 45.4561399], [9.1138532, 45.4561085], [9.1138383, 45.4560738], [9.1138307, 45.4560613], [9.1137997, 45.4560226], [9.1137757, 45.4560014], [9.1137383, 45.4559766], [9.1137228, 45.4559686], [9.1136895, 45.4559551], [9.1134486, 45.4559106]], [[9.1109446, 45.4554688], [9.1105424, 45.4553976]], [[9.1082424, 45.4549982], [9.1078637, 45.4549311]], [[9.1132479, 45.4558735], [9.1128315, 45.4558017], [9.1125838, 45.455758], [9.1123759, 45.4557213], [9.1113292, 45.4555365]], [[9.1105424, 45.4553976], [9.1102875, 45.4553526], [9.1102214, 45.4553409], [9.1082424, 45.4549982]], [[9.1075046, 45.4548614], [9.1071569, 45.4548], [9.1070087, 45.4547739], [9.1055077, 45.4545089], [9.1052907, 45.4544706]], [[9.1078637, 45.4549311], [9.1077278, 45.4549074], [9.1075046, 45.4548614]], [[9.1134486, 45.4559106], [9.1132479, 45.4558735]]]}}, {"type": "Feature", "properties": {"id": "SS-MIL-2818", "nome": "Via Lucera", "quartiere": "", "classificazione": "giallo", "score": 3, "note": "strada urbana senza ciclabile", "ciclabile": "no", "n_corsie": "2", "senso_unico": "no", "n_testimonianze": "0", "zona": "B1"}, "geometry": {"type": "MultiLineString", "coordinates": [[[9.0700683, 45.45014], [9.0701306, 45.4501686], [9.0721334, 45.4509482]], [[9.0721334, 45.4509482], [9.0741401, 45.4517961], [9.0742346, 45.451851], [9.0742875, 45.4519022], [9.0743266, 45.451953], [9.0743455, 45.4520148], [9.0743481, 45.4520811], [9.0743325, 45.4521381], [9.0742883, 45.4522076], [9.0742122, 45.4522883], [9.0731939, 45.4532081], [9.0731223, 45.4532741]]]}}, {"type": "Feature", "properties": {"id": "SS-MIL-2819", "nome": "Via Lucerna", "quartiere": "", "classificazione": "giallo", "score": 3, "note": "strada urbana senza ciclabile", "ciclabile": "no", "n_corsie": "2", "senso_unico": "no", "n_testimonianze": "0", "zona": "B1"}, "geometry": {"type": "MultiLineString", "coordinates": [[[9.1184983, 45.4598761], [9.1187272, 45.4595072], [9.118758, 45.4594872], [9.1187922, 45.459465], [9.1188464, 45.4594591], [9.1193775, 45.4595159], [9.1195139, 45.4595266]], [[9.1198958, 45.4583491], [9.1196105, 45.4582999]], [[9.1195139, 45.4595266], [9.119534, 45.4594604], [9.1195539, 45.4594033], [9.1198958, 45.4583491]], [[9.1195139, 45.4595266], [9.1209521, 45.4596945], [9.1209917, 45.4596992], [9.1210312, 45.4597039]], [[9.1196105, 45.4582999], [9.11898, 45.4581872], [9.1187538, 45.4581468]], [[9.1187538, 45.4581468], [9.1180772, 45.4580257], [9.1176382, 45.4579471], [9.1149765, 45.4574722], [9.1144779, 45.4573911]]]}}, {"type": "Feature", "properties": {"id": "SS-MIL-2821", "nome": "Via Luchino del Maino", "quartiere": "", "classificazione": "giallo", "score": 3, "note": "strada urbana senza ciclabile", "ciclabile": "no", "n_corsie": "2", "senso_unico": "si", "n_testimonianze": "0", "zona": "B1"}, "geometry": {"type": "MultiLineString", "coordinates": [[[9.1512952, 45.4589954], [9.1512631, 45.4590527], [9.1511997, 45.4591231], [9.1511294, 45.4592481], [9.1510728, 45.4593489], [9.1508458, 45.4597525]], [[9.150728, 45.4599551], [9.1506888, 45.4600455], [9.1506153, 45.4601688], [9.1505702, 45.4602478], [9.1504381, 45.4604716], [9.1504088, 45.460517], [9.1503498, 45.4606014]], [[9.1508458, 45.4597525], [9.150886, 45.4598422], [9.1509185, 45.4598755], [9.150971, 45.4599251], [9.1510235, 45.4599746]], [[9.1508458, 45.4597525], [9.1507673, 45.4598841], [9.150728, 45.4599551]]]}}, {"type": "Feature", "properties": {"id": "SS-MIL-2823", "nome": "Via Luciano Berio", "quartiere": "", "classificazione": "verde", "score": 1, "note": "ciclabile presente (da OpenStreetMap)", "ciclabile": "si", "n_corsie": "2", "senso_unico": "no", "n_testimonianze": "0", "zona": "B1"}, "geometry": {"type": "LineString", "coordinates": [[9.1582669, 45.475363], [9.1567614, 45.4765113], [9.1564303, 45.4767713], [9.1562889, 45.4768684], [9.156229, 45.476943], [9.1561497, 45.4770496], [9.1561239, 45.4771029], [9.1561104, 45.4771541], [9.1561375, 45.477479]]}}, {"type": "Feature", "properties": {"id": "SS-MIL-2824", "nome": "Via Luciano Bianciardi", "quartiere": "", "classificazione": "giallo", "score": 3, "note": "strada urbana senza ciclabile", "ciclabile": "no", "n_corsie": "2", "senso_unico": "no", "n_testimonianze": "0", "zona": "B1"}, "geometry": {"type": "LineString", "coordinates": [[9.0667917, 45.4522888], [9.0668878, 45.4523286], [9.0674259, 45.4525519]]}}, {"type": "Feature", "properties": {"id": "SS-MIL-2832", "nome": "Via Lucio Mastronardi", "quartiere": "", "classificazione": "giallo", "score": 3, "note": "strada urbana senza ciclabile", "ciclabile": "no", "n_corsie": "2", "senso_unico": "no", "n_testimonianze": "0", "zona": "B1"}, "geometry": {"type": "LineString", "coordinates": [[9.067169, 45.451871], [9.0672616, 45.4519101], [9.0678492, 45.4521591]]}}, {"type": "Feature", "properties": {"id": "SS-MIL-2834", "nome": "Via Ludovico Cavaleri", "quartiere": "", "classificazione": "giallo", "score": 3, "note": "strada urbana senza ciclabile (1 corsie)", "ciclabile": "no", "n_corsie": "1", "senso_unico": "si", "n_testimonianze": "0", "zona": "B1"}, "geometry": {"type": "MultiLineString", "coordinates": [[[9.132935, 45.4616706], [9.1329311, 45.4615991], [9.1328912, 45.4608714], [9.1328902, 45.4608319], [9.1329066, 45.4607903], [9.1330324, 45.4605342], [9.1330416, 45.4605158], [9.1330649, 45.4604681], [9.1330869, 45.4604231]], [[9.1328966, 45.4626997], [9.132909, 45.4626826], [9.1329133, 45.4626632], [9.1329153, 45.4626392], [9.132923, 45.4625044], [9.1329473, 45.4623539], [9.1329467, 45.462321], [9.1329457, 45.4622681], [9.1329423, 45.4620855], [9.1329399, 45.4619556], [9.1329357, 45.4617308], [9.1329349, 45.4617043], [9.132935, 45.4616706]]]}}, {"type": "Feature", "properties": {"id": "SS-MIL-2846", "nome": "Via Luigi Annoni", "quartiere": "", "classificazione": "giallo", "score": 3, "note": "strada urbana senza ciclabile", "ciclabile": "no", "n_corsie": "2", "senso_unico": "si", "n_testimonianze": "0", "zona": "B1"}, "geometry": {"type": "MultiLineString", "coordinates": [[[9.1320875, 45.4640065], [9.1319952, 45.4640092], [9.1313847, 45.4640273]], [[9.130295, 45.4640721], [9.1295466, 45.4641005], [9.1294382, 45.4641038]], [[9.1308493, 45.4640506], [9.130295, 45.4640721]], [[9.1313847, 45.4640273], [9.1308493, 45.4640506]]]}}, {"type": "Feature", "properties": {"id": "SS-MIL-2854", "nome": "Via Luigi Brugnatelli", "quartiere": "", "classificazione": "giallo", "score": 3, "note": "strada urbana senza ciclabile", "ciclabile": "no", "n_corsie": "2", "senso_unico": "si", "n_testimonianze": "0", "zona": "B1"}, "geometry": {"type": "LineString", "coordinates": [[9.1552209, 45.446246], [9.155261, 45.4462447], [9.1553417, 45.446249], [9.1554013, 45.4462513], [9.1561036, 45.4463878], [9.1561794, 45.4464026]]}}, {"type": "Feature", "properties": {"id": "SS-MIL-2870", "nome": "Via Luigi Conconi", "quartiere": "", "classificazione": "giallo", "score": 3, "note": "strada urbana senza ciclabile", "ciclabile": "no", "n_corsie": "2", "senso_unico": "no", "n_testimonianze": "0", "zona": "B1"}, "geometry": {"type": "MultiLineString", "coordinates": [[[9.1473034, 45.4677184], [9.1469393, 45.4679945]], [[9.1469393, 45.4679945], [9.1463924, 45.468409]], [[9.1463924, 45.468409], [9.1463837, 45.4684156], [9.1463304, 45.468456]]]}}, {"type": "Feature", "properties": {"id": "SS-MIL-2879", "nome": "Via Luigi Giuseppe Faravelli", "quartiere": "", "classificazione": "giallo", "score": 3, "note": "strada urbana senza ciclabile", "ciclabile": "no", "n_corsie": "2", "senso_unico": "si", "n_testimonianze": "0", "zona": "B1"}, "geometry": {"type": "MultiLineString", "coordinates": [[[9.1537055, 45.4844526], [9.1536353, 45.4844075], [9.1530804, 45.484051]], [[9.1537055, 45.4844526], [9.1548367, 45.4851795], [9.1548779, 45.4852053], [9.1549326, 45.4852404]], [[9.1549326, 45.4852404], [9.1549783, 45.4852701], [9.1550361, 45.4853076], [9.1558335, 45.4858372], [9.1558984, 45.4858697], [9.1559697, 45.4858922], [9.1560587, 45.4859072], [9.1562417, 45.48591]], [[9.1524152, 45.4836235], [9.1523552, 45.4835838], [9.1523223, 45.4835614], [9.1512639, 45.4828611]]]}}, {"type": "Feature", "properties": {"id": "SS-MIL-2889", "nome": "Via Luigi Mengoni", "quartiere": "", "classificazione": "giallo", "score": 3, "note": "strada urbana senza ciclabile (1 corsie)", "ciclabile": "no", "n_corsie": "1", "senso_unico": "si", "n_testimonianze": "0", "zona": "B1"}, "geometry": {"type": "MultiLineString", "coordinates": [[[9.1093477, 45.4522964], [9.1093455, 45.4522165], [9.1093407, 45.4521834], [9.1093382, 45.4521662], [9.1093356, 45.4521249]], [[9.1044666, 45.452571], [9.1043521, 45.4524854], [9.1042676, 45.4524253], [9.104239, 45.4524083], [9.1038948, 45.4522032], [9.1036243, 45.4520456], [9.1035221, 45.4519861]], [[9.1044915, 45.4528558], [9.1045078, 45.4527752], [9.1045144, 45.452714], [9.1044666, 45.452571]], [[9.1030311, 45.4516983], [9.1029368, 45.4516447], [9.1028845, 45.451615]], [[9.1035221, 45.4519861], [9.1034933, 45.4519695], [9.1031404, 45.4517654], [9.1030311, 45.4516983]], [[9.1044666, 45.452571], [9.1046431, 45.4526941], [9.1046841, 45.452721], [9.1047837, 45.4527863]], [[9.1028845, 45.451615], [9.1025953, 45.45143], [9.1018577, 45.4509852], [9.1017893, 45.450943]], [[9.1014223, 45.4506601], [9.1014331, 45.4506361], [9.1014526, 45.4506217], [9.1015009, 45.4506085], [9.101555, 45.4506138], [9.1015917, 45.4506326], [9.1016152, 45.45067], [9.1016284, 45.450707], [9.101658, 45.4507823], [9.1017071, 45.4508503], [9.1017893, 45.450943]], [[9.1017893, 45.450943], [9.1016662, 45.4508779], [9.1014502, 45.4507435], [9.101426, 45.4507135], [9.1014157, 45.4506842], [9.1014223, 45.4506601]], [[9.1049397, 45.4532596], [9.1048169, 45.4531395], [9.1047575, 45.4530979], [9.1047231, 45.4530739]], [[9.104859, 45.453013], [9.1048653, 45.4531142], [9.1049397, 45.4532596]], [[9.1087784, 45.4537915], [9.1087254, 45.4538636], [9.1086718, 45.453905], [9.1085606, 45.4539731], [9.1084265, 45.4540239], [9.1082882, 45.4540499], [9.1081368, 45.4540465], [9.1080379, 45.4540294], [9.1075085, 45.4539375]], [[9.1057958, 45.4535668], [9.1053498, 45.4534628], [9.1052372, 45.4534262], [9.1051219, 45.4533866], [9.1050146, 45.4533245], [9.1049397, 45.4532596]], [[9.1093477, 45.4522964], [9.1092006, 45.452671], [9.1090689, 45.4530188], [9.1089668, 45.4533027], [9.1087784, 45.4537915]], [[9.1095176, 45.4521568], [9.1094484, 45.4521931], [9.1094031, 45.4522316], [9.1093477, 45.4522964]], [[9.1069476, 45.4538308], [9.1057958, 45.4535668]], [[9.1075085, 45.4539375], [9.1074441, 45.4539267], [9.1072609, 45.4538913], [9.1071283, 45.4538657], [9.1069476, 45.4538308]]]}}, {"type": "Feature", "properties": {"id": "SS-MIL-2893", "nome": "Via Luigi Pasteur", "quartiere": "", "classificazione": "giallo", "score": 3, "note": "strada urbana senza ciclabile", "ciclabile": "no", "n_corsie": "2", "senso_unico": "si", "n_testimonianze": "0", "zona": "B1"}, "geometry": {"type": "MultiLineString", "coordinates": [[[9.0682364, 45.4665962], [9.0681557, 45.4665762], [9.0659456, 45.4660266]], [[9.2179874, 45.4902872], [9.2181043, 45.4902523], [9.2194645, 45.4898455]], [[9.2194645, 45.4898455], [9.2201046, 45.4896528]], [[9.2201046, 45.4896528], [9.2208973, 45.4894176], [9.2209352, 45.489405], [9.2209441, 45.489402], [9.2209871, 45.4893891]]]}}, {"type": "Feature", "properties": {"id": "SS-MIL-2905", "nome": "Via Luigi Sacco", "quartiere": "", "classificazione": "giallo", "score": 3, "note": "strada urbana senza ciclabile", "ciclabile": "no", "n_corsie": "2", "senso_unico": "si", "n_testimonianze": "0", "zona": "B1"}, "geometry": {"type": "MultiLineString", "coordinates": [[[9.1508601, 45.4662172], [9.1509389, 45.4661581], [9.1519276, 45.4654141], [9.15198, 45.4653767], [9.1520143, 45.4653488], [9.1520676, 45.4653088]], [[9.1520676, 45.4653088], [9.1522145, 45.4651923], [9.1528042, 45.46473]]]}}, {"type": "Feature", "properties": {"id": "SS-MIL-2907", "nome": "Via Luigi Scrosati", "quartiere": "", "classificazione": "giallo", "score": 3, "note": "strada urbana senza ciclabile", "ciclabile": "no", "n_corsie": "2", "senso_unico": "si", "n_testimonianze": "0", "zona": "B1"}, "geometry": {"type": "MultiLineString", "coordinates": [[[9.1389488, 45.4535971], [9.1383765, 45.4534371]], [[9.1384616, 45.4533134], [9.1385991, 45.4533778], [9.1389066, 45.4534672], [9.1390081, 45.4534997]], [[9.1389488, 45.4535971], [9.1390459, 45.4536251], [9.1398317, 45.4538512], [9.1409131, 45.4541624], [9.1409952, 45.4541852]]]}}, {"type": "Feature", "properties": {"id": "SS-MIL-2909", "nome": "Via Luigi Soderini", "quartiere": "", "classificazione": "giallo", "score": 3, "note": "strada urbana senza ciclabile", "ciclabile": "no", "n_corsie": "2", "senso_unico": "si", "n_testimonianze": "0", "zona": "B1"}, "geometry": {"type": "MultiLineString", "coordinates": [[[9.1363515, 45.4547709], [9.1363673, 45.4547755], [9.13654, 45.4548254]], [[9.1449236, 45.4572522], [9.1448773, 45.4573322]], [[9.1469625, 45.4579365], [9.1468916, 45.4579159], [9.1448773, 45.4573322]], [[9.1359118, 45.4547482], [9.1357755, 45.4547083], [9.1356547, 45.4546734]], [[9.1333358, 45.4539536], [9.1334833, 45.4539443], [9.1344388, 45.4542193]], [[9.1400186, 45.4558307], [9.1401895, 45.4558802]], [[9.1359045, 45.4546417], [9.136013, 45.4546731]], [[9.1363628, 45.4548793], [9.1361363, 45.4548122], [9.1360155, 45.4547777]], [[9.136013, 45.4546731], [9.1361448, 45.4547103], [9.1363515, 45.4547709]], [[9.136489, 45.4549145], [9.13654, 45.4548254]], [[9.1333358, 45.4539536], [9.1332837, 45.4539405], [9.1331845, 45.4539117]], [[9.135674, 45.4545751], [9.1357721, 45.4546042], [9.1359045, 45.4546417]], [[9.1343897, 45.4543079], [9.133743, 45.4541195], [9.1334335, 45.4540294], [9.1333358, 45.4539536]], [[9.1344388, 45.4542193], [9.1344927, 45.4542337], [9.134528, 45.4542439], [9.135674, 45.4545751]], [[9.1356547, 45.4546734], [9.1352785, 45.4545647], [9.135099, 45.4545128], [9.1344759, 45.4543327], [9.1344417, 45.4543228], [9.1343897, 45.4543079]], [[9.140135, 45.4559685], [9.1399696, 45.4559205]], [[9.1399696, 45.4559205], [9.1398929, 45.4558981], [9.1395063, 45.4557865]], [[9.1405757, 45.4560925], [9.1402437, 45.4560003], [9.1402356, 45.4559979], [9.140135, 45.4559685]], [[9.1401895, 45.4558802], [9.1402903, 45.4559094], [9.1405716, 45.4559905], [9.1406295, 45.4560073]], [[9.1425352, 45.456558], [9.1426185, 45.4565821], [9.1426244, 45.4565838], [9.1428998, 45.4566694]], [[9.1395585, 45.4556977], [9.1398971, 45.4557956], [9.1399412, 45.4558084], [9.1400186, 45.4558307]], [[9.1424866, 45.4566388], [9.1423889, 45.4566095], [9.1405757, 45.4560925]], [[9.1428516, 45.4567482], [9.1424866, 45.4566388]], [[9.1395063, 45.4557865], [9.1376563, 45.4552517], [9.1373958, 45.4551772]], [[9.1406295, 45.4560073], [9.141611, 45.456289], [9.142436, 45.4565294], [9.1425352, 45.456558]], [[9.1428998, 45.4566694], [9.1434859, 45.4568397], [9.143905, 45.4569615]], [[9.136489, 45.4549145], [9.1363628, 45.4548793]], [[9.13654, 45.4548254], [9.1369332, 45.454939], [9.1371144, 45.4549914], [9.1373698, 45.4550652]], [[9.1373958, 45.4551772], [9.1369445, 45.4550464], [9.1365499, 45.4549321], [9.136489, 45.4549145]], [[9.1373698, 45.4550652], [9.1374676, 45.4550934], [9.1376775, 45.4551543], [9.1394987, 45.4556804], [9.1395585, 45.4556977]], [[9.1360155, 45.4547777], [9.1359118, 45.4547482]], [[9.1449236, 45.4572522], [9.1469397, 45.4578359], [9.1470086, 45.4578564]], [[9.1438445, 45.4570376], [9.1437707, 45.4570143], [9.1432711, 45.4568697], [9.1431495, 45.4568345], [9.1428516, 45.4567482]], [[9.143905, 45.4569615], [9.1448211, 45.4572208], [9.1449236, 45.4572522]], [[9.1448773, 45.4573322], [9.1447729, 45.4572995], [9.1438445, 45.4570376]]]}}, {"type": "Feature", "properties": {"id": "SS-MIL-2917", "nome": "Via Luigi Zoja", "quartiere": "", "classificazione": "giallo", "score": 3, "note": "strada urbana senza ciclabile", "ciclabile": "no", "n_corsie": "2", "senso_unico": "no", "n_testimonianze": "0", "zona": "B1"}, "geometry": {"type": "MultiLineString", "coordinates": [[[9.108037, 45.474162], [9.1078803, 45.4741462], [9.1073592, 45.4740938], [9.1070279, 45.4740605], [9.1069286, 45.4740778], [9.1066973, 45.4741806], [9.1065766, 45.4742332]], [[9.1056478, 45.4758907], [9.1055452, 45.4759322], [9.1050346, 45.4760829], [9.1049389, 45.4760863]], [[9.1065766, 45.4742332], [9.1062546, 45.4743831], [9.1062056, 45.4744363], [9.1060569, 45.4748729], [9.1060144, 45.4749291], [9.10573, 45.4751141], [9.1054006, 45.475341], [9.1053503, 45.4753999], [9.1053308, 45.4754717], [9.1053507, 45.4755458], [9.1055585, 45.4758405], [9.1056478, 45.4758907]], [[9.108037, 45.474162], [9.1083441, 45.4741522], [9.108464, 45.4741456], [9.1085928, 45.4741342], [9.1087343, 45.4741232]], [[9.1087367, 45.474206], [9.1086093, 45.4742137], [9.1085074, 45.4742217], [9.1083718, 45.4742169], [9.1082253, 45.4741986], [9.108037, 45.474162]], [[9.1067008, 45.4775266], [9.1069251, 45.4778301], [9.1069546, 45.4778666], [9.1069772, 45.4778912]], [[9.1063405, 45.4765854], [9.1065261, 45.4768472], [9.106663, 45.477097], [9.1066656, 45.4771395], [9.1066854, 45.4774623], [9.1067008, 45.4775266]], [[9.1056478, 45.4758907], [9.1057894, 45.4759355], [9.1058694, 45.4759809], [9.1059314, 45.4760416], [9.1060521, 45.4761801], [9.1060575, 45.4761855], [9.1063405, 45.4765854]], [[9.1087343, 45.4741232], [9.1087423, 45.4741136], [9.1087518, 45.4741048], [9.1087629, 45.4740969], [9.1087753, 45.47409], [9.1087888, 45.4740842], [9.1088032, 45.4740797], [9.1088183, 45.4740765], [9.1088339, 45.4740746], [9.1088497, 45.474074], [9.1088623, 45.4740747]], [[9.1087367, 45.474206], [9.1087311, 45.4741983], [9.1087258, 45.4741878], [9.1087224, 45.474177], [9.1087209, 45.474166], [9.1087214, 45.4741549], [9.1087238, 45.474144], [9.1087281, 45.4741333], [9.1087343, 45.4741232]], [[9.1050346, 45.4760829], [9.1050409, 45.4759879], [9.1050081, 45.4758432], [9.1043826, 45.4747695], [9.1041484, 45.4746215], [9.1040499, 45.4745592]]]}}, {"type": "Feature", "properties": {"id": "SS-MIL-2940", "nome": "Via Madre Teresa di Calcutta", "quartiere": "", "classificazione": "giallo", "score": 3, "note": "strada urbana senza ciclabile", "ciclabile": "no", "n_corsie": "2", "senso_unico": "si", "n_testimonianze": "0", "zona": "B1"}, "geometry": {"type": "MultiLineString", "coordinates": [[[9.0860989, 45.4515415], [9.0861255, 45.4515422], [9.0861477, 45.4515524], [9.0861592, 45.4515692], [9.0861566, 45.4515878], [9.0861408, 45.4516028], [9.085975, 45.4516583], [9.0860609, 45.4515773], [9.0860989, 45.4515415]], [[9.0849931, 45.4523109], [9.085175, 45.4521215], [9.085351, 45.4519382], [9.0855952, 45.4520537], [9.085975, 45.4516583]]]}}, {"type": "Feature", "properties": {"id": "SS-MIL-2944", "nome": "Via Maffeo Bagarotti", "quartiere": "", "classificazione": "giallo", "score": 3, "note": "strada urbana senza ciclabile", "ciclabile": "no", "n_corsie": "2", "senso_unico": "no", "n_testimonianze": "0", "zona": "B1"}, "geometry": {"type": "MultiLineString", "coordinates": [[[9.0910978, 45.4561343], [9.0909823, 45.4561003], [9.0909821, 45.4561006], [9.0903801, 45.4559261], [9.0898229, 45.4557646]], [[9.0936358, 45.4568913], [9.0940119, 45.4569654], [9.0940398, 45.4569719], [9.0941581, 45.4570005]], [[9.0965667, 45.4577713], [9.0964885, 45.457748], [9.0958903, 45.45757], [9.0957828, 45.4575382], [9.0957601, 45.4575315]], [[9.0979615, 45.458025], [9.0979587, 45.4580353], [9.0979493, 45.458056], [9.0979363, 45.4580756], [9.0979199, 45.4580941], [9.0979004, 45.4581109], [9.097878, 45.4581259], [9.0978532, 45.4581388], [9.0978262, 45.4581495], [9.0978114, 45.4581538]], [[9.0974907, 45.458064], [9.0974188, 45.458053], [9.0973281, 45.4580315], [9.0972344, 45.4580079], [9.0971453, 45.4579852]], [[9.0965667, 45.4577713], [9.0970239, 45.4578601], [9.0970257, 45.4578607], [9.0971432, 45.457895]], [[9.0974835, 45.4579334], [9.0974952, 45.4579142], [9.0975107, 45.4578955], [9.0975295, 45.4578782], [9.0975512, 45.4578627], [9.0975754, 45.4578493], [9.0976019, 45.457838], [9.097631, 45.4578289]], [[9.0914072, 45.4562262], [9.0912222, 45.4561748], [9.0910978, 45.4561343]], [[9.0978109, 45.4578308], [9.0978394, 45.4578404], [9.0978654, 45.4578522], [9.0978891, 45.4578661], [9.0979101, 45.457882], [9.0979282, 45.4578997], [9.097943, 45.4579187], [9.0979543, 45.4579389], [9.0979619, 45.4579599], [9.0979658, 45.4579815], [9.0979663, 45.4579923], [9.0979644, 45.458014], [9.0979615, 45.458025]], [[9.0978114, 45.4581538], [9.0977976, 45.4581577], [9.0977678, 45.4581634], [9.0977371, 45.4581665], [9.0977062, 45.4581669], [9.0976754, 45.4581645], [9.0976453, 45.4581595], [9.0976163, 45.458152], [9.0975889, 45.4581419], [9.0975635, 45.4581296], [9.0975404, 45.4581151], [9.0975201, 45.4580988], [9.0975028, 45.4580807], [9.0974907, 45.458064]], [[9.0971453, 45.4579852], [9.0969865, 45.4579374], [9.0969822, 45.4579356], [9.0965667, 45.4577713]], [[9.0971432, 45.457895], [9.0973034, 45.4579412], [9.097329, 45.4579427], [9.0973605, 45.4579442], [9.0973904, 45.4579427], [9.0974835, 45.4579334]], [[9.0974907, 45.458064], [9.0974785, 45.4580409], [9.0974717, 45.4580198], [9.0974688, 45.4579982], [9.0974697, 45.4579765], [9.0974745, 45.457955], [9.0974835, 45.4579334]], [[9.0957601, 45.4575315], [9.0956792, 45.4575069], [9.0945697, 45.4571695]], [[9.0936358, 45.4568913], [9.0935857, 45.4568763], [9.09343, 45.4568299], [9.0928961, 45.4566705], [9.0917347, 45.4563239], [9.0914072, 45.4562262]], [[9.0945697, 45.4571695], [9.0942355, 45.4571058], [9.0941094, 45.4570753]], [[9.0941581, 45.4570005], [9.0942733, 45.4570436], [9.0945697, 45.4571695]], [[9.0941094, 45.4570753], [9.0940006, 45.4570363], [9.0939759, 45.4570275], [9.0936358, 45.4568913]]]}}, {"type": "Feature", "properties": {"id": "SS-MIL-2954", "nome": "Via Malakoff", "quartiere": "", "classificazione": "giallo", "score": 3, "note": "strada urbana senza ciclabile", "ciclabile": "no", "n_corsie": "2", "senso_unico": "si", "n_testimonianze": "0", "zona": "B1"}, "geometry": {"type": "LineString", "coordinates": [[9.1147442, 45.4398254], [9.1150691, 45.4399171], [9.1151565, 45.439941], [9.1155425, 45.4400464], [9.1156385, 45.4400835], [9.1157245, 45.4401402], [9.1158022, 45.4402028], [9.116262, 45.4406671], [9.1163524, 45.4407297], [9.1166466, 45.4409123]]}}, {"type": "Feature", "properties": {"id": "SS-MIL-2959", "nome": "Via Manfredonia", "quartiere": "", "classificazione": "giallo", "score": 3, "note": "strada urbana senza ciclabile", "ciclabile": "no", "n_corsie": "2", "senso_unico": "si", "n_testimonianze": "0", "zona": "B1"}, "geometry": {"type": "LineString", "coordinates": [[9.1322317, 45.4419132], [9.132281, 45.4418461], [9.1330221, 45.4407751], [9.1330612, 45.4407142]]}}, {"type": "Feature", "properties": {"id": "SS-MIL-2965", "nome": "Via Manzano", "quartiere": "", "classificazione": "giallo", "score": 3, "note": "strada urbana senza ciclabile", "ciclabile": "no", "n_corsie": "2", "senso_unico": "si", "n_testimonianze": "0", "zona": "B1"}, "geometry": {"type": "MultiLineString", "coordinates": [[[9.1301864, 45.4466132], [9.130087, 45.4465922], [9.1293008, 45.446388], [9.1284499, 45.4461671], [9.128385, 45.4461503]], [[9.128385, 45.4461503], [9.1281281, 45.4460833]]]}}, {"type": "Feature", "properties": {"id": "SS-MIL-2966", "nome": "Via Mar Nero", "quartiere": "", "classificazione": "giallo", "score": 3, "note": "strada urbana senza ciclabile", "ciclabile": "no", "n_corsie": "2", "senso_unico": "si", "n_testimonianze": "0", "zona": "B1"}, "geometry": {"type": "MultiLineString", "coordinates": [[[9.1030729, 45.4572751], [9.1031941, 45.4572979], [9.1046193, 45.4575797], [9.1060703, 45.4578667], [9.106179, 45.4578846]], [[9.1028197, 45.4579079], [9.1029793, 45.4575091], [9.1030729, 45.4572751]], [[9.1023496, 45.4591183], [9.1023694, 45.4590617], [9.1024518, 45.4588523], [9.1028197, 45.4579079]]]}}, {"type": "Feature", "properties": {"id": "SS-MIL-2967", "nome": "Via Marcantonio Colonna", "quartiere": "", "classificazione": "giallo", "score": 3, "note": "strada urbana senza ciclabile", "ciclabile": "no", "n_corsie": "2", "senso_unico": "no", "n_testimonianze": "0", "zona": "B1"}, "geometry": {"type": "MultiLineString", "coordinates": [[[9.1556593, 45.4846742], [9.1556026, 45.4847184], [9.1555355, 45.4847707], [9.1550059, 45.4851851], [9.1549326, 45.4852404]], [[9.1498608, 45.4891169], [9.1497414, 45.4892022], [9.1489066, 45.4898348], [9.1488354, 45.4898733]], [[9.1536377, 45.4862198], [9.1535676, 45.4862734], [9.1527271, 45.4869164], [9.1526471, 45.4869776]], [[9.1537521, 45.4861303], [9.1536377, 45.4862198]], [[9.1549326, 45.4852404], [9.1548488, 45.4853035], [9.1538225, 45.4860774], [9.1537521, 45.4861303]], [[9.1526471, 45.4869776], [9.1521382, 45.4873533], [9.15165, 45.4877293], [9.1515777, 45.4878022]], [[9.1515777, 45.4878022], [9.1514966, 45.4878675], [9.150762, 45.4884306], [9.1501222, 45.4889142], [9.1500657, 45.4889582]]]}}, {"type": "Feature", "properties": {"id": "SS-MIL-2973", "nome": "Via Marcello Nizzoli", "quartiere": "", "classificazione": "giallo", "score": 3, "note": "strada urbana senza ciclabile", "ciclabile": "no", "n_corsie": "2", "senso_unico": "no", "n_testimonianze": "0", "zona": "B1"}, "geometry": {"type": "LineString", "coordinates": [[9.1326428, 45.4577688], [9.1325877, 45.4578736], [9.1321349, 45.4587357], [9.1321192, 45.4587658], [9.1321025, 45.4587976]]}}, {"type": "Feature", "properties": {"id": "SS-MIL-2978", "nome": "Via Marchesi de' Taddei", "quartiere": "", "classificazione": "giallo", "score": 3, "note": "strada urbana senza ciclabile", "ciclabile": "no", "n_corsie": "2", "senso_unico": "si", "n_testimonianze": "0", "zona": "B1"}, "geometry": {"type": "MultiLineString", "coordinates": [[[9.1508389, 45.4618149], [9.1507422, 45.4618477], [9.1507052, 45.4618748], [9.1506857, 45.4619022], [9.1505779, 45.4620924], [9.1503417, 45.4625138]], [[9.1503417, 45.4625138], [9.1497665, 45.4634893], [9.1497374, 45.4635367], [9.1497184, 45.4635656]]]}}, {"type": "Feature", "properties": {"id": "SS-MIL-2985", "nome": "Via Marco Cremosano", "quartiere": "", "classificazione": "giallo", "score": 3, "note": "strada urbana senza ciclabile", "ciclabile": "no", "n_corsie": "2", "senso_unico": "no", "n_testimonianze": "0", "zona": "B1"}, "geometry": {"type": "MultiLineString", "coordinates": [[[9.142086, 45.4832184], [9.1419641, 45.4830883], [9.1419051, 45.483048], [9.1418253, 45.4830301], [9.1417129, 45.4830306], [9.1400779, 45.4831049]], [[9.1382915, 45.483295], [9.1378851, 45.4833929], [9.13781, 45.4834109]], [[9.1400779, 45.4831049], [9.1389236, 45.4831574], [9.1388463, 45.4831671], [9.1385778, 45.483229]], [[9.1385778, 45.483229], [9.1384147, 45.4832668], [9.1382915, 45.483295]]]}}, {"type": "Feature", "properties": {"id": "SS-MIL-2992", "nome": "Via Marco Terenzio Varrone", "quartiere": "", "classificazione": "blu", "score": 2, "note": "accesso limitato (ZTL)", "ciclabile": "no", "n_corsie": "1", "senso_unico": "no", "n_testimonianze": "0", "zona": "B1"}, "geometry": {"type": "LineString", "coordinates": [[9.1527586, 45.4738105], [9.1527979, 45.4746659]]}}, {"type": "Feature", "properties": {"id": "SS-MIL-3000", "nome": "Via Marghera", "quartiere": "", "classificazione": "giallo", "score": 3, "note": "strada urbana senza ciclabile", "ciclabile": "no", "n_corsie": "2", "senso_unico": "si", "n_testimonianze": "0", "zona": "B1"}, "geometry": {"type": "MultiLineString", "coordinates": [[[9.1553185, 45.4678429], [9.1551933, 45.4678038]], [[9.1530274, 45.4671231], [9.1529951, 45.4671131], [9.1528858, 45.4670819], [9.1527255, 45.4670285]], [[9.1533669, 45.4672365], [9.1533169, 45.4672322], [9.1532421, 45.467228], [9.1531529, 45.4672356], [9.1530643, 45.4672402], [9.1529539, 45.4672474], [9.1527962, 45.4672668], [9.1527306, 45.4672946]], [[9.1527255, 45.4670285], [9.1511187, 45.4665294], [9.1509709, 45.4664905], [9.1508952, 45.466478]], [[9.1551933, 45.4678038], [9.1550749, 45.4677685], [9.1549108, 45.46772], [9.1548731, 45.4677078], [9.1548443, 45.4676984], [9.1545502, 45.4676028]], [[9.1545502, 45.4676028], [9.1533669, 45.4672365]], [[9.1533669, 45.4672365], [9.1531941, 45.4671803], [9.153039, 45.4671274], [9.1530274, 45.4671231]]]}}, {"type": "Feature", "properties": {"id": "SS-MIL-3004", "nome": "Via Maria Monegherio", "quartiere": "", "classificazione": "giallo", "score": 3, "note": "strada urbana senza ciclabile", "ciclabile": "no", "n_corsie": "2", "senso_unico": "si", "n_testimonianze": "0", "zona": "B1"}, "geometry": {"type": "MultiLineString", "coordinates": [[[9.0928917, 45.4488555], [9.0925836, 45.4485946], [9.0924593, 45.4484499], [9.092454, 45.4483155], [9.0924913, 45.4482066], [9.0925652, 45.4479793], [9.092661, 45.4476893], [9.0927793, 45.447392]], [[9.0938026, 45.4517324], [9.0936089, 45.4512055], [9.0935423, 45.4508917], [9.0935227, 45.4506866], [9.0935174, 45.4502397], [9.0935467, 45.450051], [9.0935859, 45.4497454], [9.0935888, 45.4497229]]]}}, {"type": "Feature", "properties": {"id": "SS-MIL-3014", "nome": "Via Mario Donati", "quartiere": "", "classificazione": "giallo", "score": 3, "note": "strada urbana senza ciclabile", "ciclabile": "no", "n_corsie": "2", "senso_unico": "si", "n_testimonianze": "0", "zona": "B1"}, "geometry": {"type": "MultiLineString", "coordinates": [[[9.1466304, 45.4549628], [9.1465095, 45.4549304], [9.1458814, 45.4547493], [9.1457953, 45.4547259]], [[9.1438587, 45.4540818], [9.1439759, 45.4541166], [9.1441381, 45.4541601], [9.1457684, 45.4546309], [9.1458397, 45.4546509]], [[9.1457953, 45.4547259], [9.1457211, 45.4547047], [9.1439281, 45.4541958], [9.1438781, 45.4541821], [9.1438112, 45.4541627]], [[9.1458397, 45.4546509], [9.1459264, 45.4546751], [9.1465526, 45.4548575], [9.1466712, 45.4548929]], [[9.1438112, 45.4541627], [9.1436595, 45.4541226], [9.1431288, 45.4539651], [9.1428739, 45.4538894], [9.1422598, 45.4537071], [9.1419723, 45.4536217], [9.1416562, 45.453528], [9.1416148, 45.4535156], [9.1415716, 45.4535028]]]}}, {"type": "Feature", "properties": {"id": "SS-MIL-3020", "nome": "Via Mario Morgantini", "quartiere": "", "classificazione": "giallo", "score": 3, "note": "strada urbana senza ciclabile (2 corsie)", "ciclabile": "no", "n_corsie": "2", "senso_unico": "no", "n_testimonianze": "0", "zona": "B1"}, "geometry": {"type": "MultiLineString", "coordinates": [[[9.1365334, 45.471529], [9.1357493, 45.4710213]], [[9.1313405, 45.4680745], [9.1314002, 45.4681366], [9.1314051, 45.4681402], [9.1314894, 45.4682275]], [[9.1327483, 45.4690617], [9.1326535, 45.4689996]], [[9.1326535, 45.4689996], [9.1325954, 45.4689625], [9.1317398, 45.4684037], [9.1316641, 45.4683526]], [[9.1314894, 45.4682275], [9.1313173, 45.4681618], [9.1312983, 45.4681582], [9.1311775, 45.4680927]], [[9.1368082, 45.471856], [9.1368024, 45.4717809], [9.1367838, 45.4717422], [9.1367404, 45.4716903], [9.1366995, 45.4716512], [9.1365334, 45.471529]], [[9.1365334, 45.471529], [9.1367506, 45.4716012], [9.136854, 45.4716236], [9.13693, 45.4716376], [9.1370105, 45.4716464], [9.1370533, 45.471649]], [[9.1315432, 45.4682615], [9.1314894, 45.4682275]], [[9.131609, 45.4681206], [9.1316057, 45.4681276], [9.1315736, 45.468195], [9.1315432, 45.4682615]], [[9.1316641, 45.4683526], [9.1315432, 45.4682615]], [[9.1349302, 45.4704839], [9.1348222, 45.470415]], [[9.1357493, 45.4710213], [9.1351659, 45.4706393], [9.1349854, 45.4705211], [9.1349302, 45.4704839]], [[9.1348222, 45.470415], [9.1347717, 45.4703802], [9.134594, 45.4702643], [9.1337996, 45.4697463], [9.1336955, 45.4696781]], [[9.1336955, 45.4696781], [9.1328234, 45.4691105], [9.1327483, 45.4690617]], [[9.1317108, 45.468045], [9.131609, 45.4681206]]]}}, {"type": "Feature", "properties": {"id": "SS-MIL-3026", "nome": "Via Mario Sironi", "quartiere": "", "classificazione": "giallo", "score": 3, "note": "strada urbana senza ciclabile", "ciclabile": "no", "n_corsie": "2", "senso_unico": "no", "n_testimonianze": "0", "zona": "B1"}, "geometry": {"type": "MultiLineString", "coordinates": [[[9.135633, 45.4853037], [9.1356088, 45.4853097], [9.1345094, 45.4855804]], [[9.1345094, 45.4855804], [9.1342688, 45.4856407]]]}}, {"type": "Feature", "properties": {"id": "SS-MIL-3028", "nome": "Via Mariotto Albertinelli", "quartiere": "", "classificazione": "giallo", "score": 3, "note": "strada urbana senza ciclabile", "ciclabile": "no", "n_corsie": "2", "senso_unico": "si", "n_testimonianze": "0", "zona": "B1"}, "geometry": {"type": "MultiLineString", "coordinates": [[[9.138385, 45.4755699], [9.1384893, 45.4755131], [9.1386787, 45.4753819], [9.1390467, 45.4750953], [9.1390544, 45.47509], [9.1393516, 45.4748639], [9.1394034, 45.4748163], [9.1395461, 45.474685]], [[9.1396714, 45.4747686], [9.1385957, 45.4755929], [9.1384875, 45.475674]], [[9.1401235, 45.4744499], [9.1400253, 45.4745211], [9.1396714, 45.4747686]], [[9.1395461, 45.474685], [9.1398901, 45.4744327], [9.1399853, 45.4743607]]]}}, {"type": "Feature", "properties": {"id": "SS-MIL-3030", "nome": "Via Marostica", "quartiere": "", "classificazione": "giallo", "score": 3, "note": "strada urbana senza ciclabile", "ciclabile": "no", "n_corsie": "2", "senso_unico": "si", "n_testimonianze": "0", "zona": "B1"}, "geometry": {"type": "MultiLineString", "coordinates": [[[9.1416616, 45.4609168], [9.14169, 45.4609643], [9.1417172, 45.4610072], [9.1418012, 45.4611051], [9.1418407, 45.4611378], [9.1418894, 45.4611641], [9.1419927, 45.4612198]], [[9.1432535, 45.4615979], [9.1431745, 45.4615742], [9.1419927, 45.4612198]], [[9.1418663, 45.461196], [9.1417971, 45.4611729], [9.1417528, 45.4611548], [9.1417153, 45.4611296], [9.1416499, 45.4610676], [9.1415906, 45.4610111], [9.1415539, 45.4609727]], [[9.1419927, 45.4612198], [9.1418663, 45.461196]], [[9.1479399, 45.4630121], [9.1478413, 45.4629823], [9.1467978, 45.4626666], [9.146045, 45.4624387], [9.1458867, 45.4623908], [9.1448024, 45.4620625], [9.1447919, 45.4620591], [9.1447821, 45.4620561], [9.1446434, 45.4620168]], [[9.1446434, 45.4620168], [9.1445364, 45.4619846], [9.1432535, 45.4615979]]]}}, {"type": "Feature", "properties": {"id": "SS-MIL-3032", "nome": "Via Marta Navarra Bernstein", "quartiere": "", "classificazione": "giallo", "score": 3, "note": "strada urbana senza ciclabile", "ciclabile": "no", "n_corsie": "2", "senso_unico": "no", "n_testimonianze": "0", "zona": "B1"}, "geometry": {"type": "LineString", "coordinates": [[9.1095978, 45.4612388], [9.1093678, 45.4618586], [9.1093506, 45.4618697], [9.1093234, 45.4618698], [9.1086965, 45.461743], [9.1085905, 45.461713]]}}, {"type": "Feature", "properties": {"id": "SS-MIL-3035", "nome": "Via Martino Bassi", "quartiere": "", "classificazione": "giallo", "score": 3, "note": "strada urbana senza ciclabile", "ciclabile": "no", "n_corsie": "2", "senso_unico": "si", "n_testimonianze": "0", "zona": "B1"}, "geometry": {"type": "LineString", "coordinates": [[9.1373699, 45.484], [9.1373476, 45.4840131], [9.1373246, 45.4840225], [9.1368818, 45.4841304], [9.1368548, 45.4841322], [9.1368254, 45.4841302], [9.136796, 45.4841231]]}}, {"type": "Feature", "properties": {"id": "SS-MIL-3036", "nome": "Via Martirano", "quartiere": "", "classificazione": "giallo", "score": 3, "note": "strada urbana senza ciclabile", "ciclabile": "no", "n_corsie": "2", "senso_unico": "si", "n_testimonianze": "0", "zona": "B1"}, "geometry": {"type": "MultiLineString", "coordinates": [[[9.0640734, 45.4436634], [9.063837, 45.444111], [9.0632316, 45.4452801], [9.0624969, 45.4467436], [9.0617917, 45.4480547], [9.0617644, 45.4481229], [9.0617654, 45.4481274], [9.0617841, 45.4481494], [9.0618079, 45.4481713], [9.0618737, 45.4482061], [9.0630274, 45.448597], [9.0631859, 45.4486423]], [[9.062422, 45.4415313], [9.0623854, 45.4416159], [9.0623809, 45.4416246], [9.0616767, 45.4426518], [9.0616325, 45.4427679], [9.0616859, 45.4428234], [9.0617069, 45.4428339], [9.0617126, 45.442836], [9.0638504, 45.4435468], [9.0640423, 45.4436277], [9.0640734, 45.4436634]], [[9.062422, 45.4415313], [9.0623414, 45.4415337], [9.0587535, 45.4404131], [9.0587534, 45.4403482], [9.0588057, 45.440052], [9.0594358, 45.4390427], [9.0594883, 45.4388297], [9.0592646, 45.4387187], [9.0579624, 45.4384046], [9.0578705, 45.4383772], [9.0578354, 45.4383562]], [[9.0601725, 45.4358822], [9.0608854, 45.4349404]], [[9.0578354, 45.4383562], [9.0578126, 45.4383031], [9.0578533, 45.4382165], [9.0588811, 45.4373897], [9.0592277, 45.4370302], [9.0601725, 45.4358822]], [[9.0631859, 45.4486423], [9.0634726, 45.4487428], [9.0636743, 45.448832], [9.0636886, 45.448837]]]}}, {"type": "Feature", "properties": {"id": "SS-MIL-3045", "nome": "Via Masaccio", "quartiere": "", "classificazione": "giallo", "score": 3, "note": "strada urbana senza ciclabile (1 corsie)", "ciclabile": "no", "n_corsie": "1", "senso_unico": "si", "n_testimonianze": "0", "zona": "B1"}, "geometry": {"type": "LineString", "coordinates": [[9.1471969, 45.4802087], [9.1470915, 45.4801389], [9.1452832, 45.4789419], [9.1452519, 45.4789206], [9.1451966, 45.4788844]]}}, {"type": "Feature", "properties": {"id": "SS-MIL-3046", "nome": "Via Masaniello", "quartiere": "", "classificazione": "giallo", "score": 3, "note": "strada urbana senza ciclabile", "ciclabile": "no", "n_corsie": "2", "senso_unico": "si", "n_testimonianze": "0", "zona": "B1"}, "geometry": {"type": "MultiLineString", "coordinates": [[[9.0909332, 45.4629444], [9.0913929, 45.4625942], [9.0918032, 45.4622824], [9.0918701, 45.4621844]], [[9.0918701, 45.4621844], [9.0919711, 45.462134], [9.0920688, 45.4620906], [9.0926872, 45.4618711], [9.0927509, 45.4618516]], [[9.0927509, 45.4618516], [9.0928314, 45.4618339], [9.0934225, 45.4617576], [9.0935045, 45.4617524], [9.0935341, 45.4617503], [9.0936221, 45.4617714]]]}}, {"type": "Feature", "properties": {"id": "SS-MIL-3048", "nome": "Via Massaua", "quartiere": "", "classificazione": "giallo", "score": 3, "note": "strada urbana senza ciclabile", "ciclabile": "no", "n_corsie": "2", "senso_unico": "no", "n_testimonianze": "0", "zona": "B1"}, "geometry": {"type": "MultiLineString", "coordinates": [[[9.1490472, 45.4611061], [9.1490049, 45.4610944], [9.1489548, 45.4610805], [9.1485293, 45.4609581], [9.1484565, 45.4609373]], [[9.1484565, 45.4609373], [9.148352, 45.4609052], [9.1477246, 45.4607259], [9.1476667, 45.4607088], [9.1475803, 45.4606811], [9.146472, 45.4603622]]]}}, {"type": "Feature", "properties": {"id": "SS-MIL-3050", "nome": "Via Massimiliano Kolbe", "quartiere": "", "classificazione": "giallo", "score": 3, "note": "strada urbana senza ciclabile", "ciclabile": "no", "n_corsie": "2", "senso_unico": "no", "n_testimonianze": "0", "zona": "B1"}, "geometry": {"type": "LineString", "coordinates": [[9.0838039, 45.4469592], [9.0838658, 45.4469904], [9.084904, 45.4476542], [9.0851043, 45.4477822], [9.085167, 45.4478223]]}}, {"type": "Feature", "properties": {"id": "SS-MIL-3052", "nome": "Via Massimo Gorki", "quartiere": "", "classificazione": "giallo", "score": 3, "note": "strada urbana senza ciclabile", "ciclabile": "no", "n_corsie": "2", "senso_unico": "si", "n_testimonianze": "0", "zona": "B1"}, "geometry": {"type": "MultiLineString", "coordinates": [[[9.1506842, 45.4500735], [9.1501226, 45.4510059], [9.1500974, 45.4510477]], [[9.1507823, 45.4499184], [9.1507365, 45.4499866], [9.1506842, 45.4500735]]]}}, {"type": "Feature", "properties": {"id": "SS-MIL-3056", "nome": "Via Matilde Serao", "quartiere": "", "classificazione": "giallo", "score": 3, "note": "strada urbana senza ciclabile (2 corsie)", "ciclabile": "no", "n_corsie": "2", "senso_unico": "no", "n_testimonianze": "0", "zona": "B1"}, "geometry": {"type": "LineString", "coordinates": [[9.1561998, 45.463156], [9.1562192, 45.463126], [9.1562336, 45.4631037], [9.1565042, 45.4626846], [9.156763, 45.4622836], [9.156803, 45.4622217]]}}, {"type": "Feature", "properties": {"id": "SS-MIL-3059", "nome": "Via Matteo Civitali", "quartiere": "", "classificazione": "giallo", "score": 3, "note": "strada urbana senza ciclabile", "ciclabile": "no", "n_corsie": "2", "senso_unico": "si", "n_testimonianze": "0", "zona": "B1"}, "geometry": {"type": "MultiLineString", "coordinates": [[[9.1369924, 45.4691936], [9.136917, 45.4691959], [9.1367713, 45.4691983], [9.1367329, 45.4691998], [9.1366975, 45.4692024], [9.136666, 45.4692067], [9.1366326, 45.469213], [9.1366018, 45.4692202]], [[9.1339288, 45.4710769], [9.1340491, 45.4711525]], [[9.1278993, 45.4756338], [9.1279764, 45.4755769], [9.1280784, 45.4755253]], [[9.1325749, 45.4722917], [9.1324259, 45.4723959]], [[9.1323049, 45.4723156], [9.1324554, 45.472214]], [[9.1281985, 45.4756094], [9.1281209, 45.4756663], [9.1280765, 45.4756988], [9.1280411, 45.4757248]], [[9.1349302, 45.4704839], [9.1348373, 45.470554], [9.1341433, 45.471076], [9.1340491, 45.4711525]], [[9.1348222, 45.470415], [9.1349202, 45.4703354], [9.1356955, 45.4697219]], [[9.1339288, 45.4710769], [9.1340261, 45.4710004], [9.1343853, 45.4707348], [9.1347221, 45.4704859], [9.1348222, 45.470415]], [[9.1366018, 45.4692202], [9.1365759, 45.4692325], [9.1365626, 45.4692398], [9.1358136, 45.4697991]], [[9.1324554, 45.472214], [9.1325084, 45.4721753], [9.1326091, 45.4720975], [9.1338175, 45.4711639], [9.1339288, 45.4710769]], [[9.1340491, 45.4711525], [9.1339284, 45.4712451], [9.1329525, 45.4719986], [9.1327099, 45.4721858], [9.1326286, 45.4722486], [9.1325749, 45.4722917]], [[9.1324554, 45.472214], [9.1325749, 45.4722917]], [[9.136538, 45.4691045], [9.1365592, 45.4691232], [9.1365764, 45.4691419], [9.1365877, 45.4691602], [9.1365948, 45.469178], [9.1365996, 45.4692], [9.1366018, 45.4692202]], [[9.136538, 45.4691045], [9.1367827, 45.4689222], [9.136809, 45.4689057], [9.1368322, 45.4688972], [9.1368535, 45.4688924], [9.1368985, 45.4688863], [9.1369683, 45.4688813]], [[9.1280784, 45.4755253], [9.130053, 45.4740307]], [[9.130248, 45.4738872], [9.1303439, 45.4738167], [9.1304466, 45.4737411]], [[9.1324259, 45.4723959], [9.1323049, 45.4723156]], [[9.130552, 45.4738146], [9.1304508, 45.4738867], [9.1303536, 45.4739558]], [[9.1303536, 45.4739558], [9.130248, 45.4738872]], [[9.1301691, 45.4740871], [9.1284931, 45.47538], [9.1281985, 45.4756094]], [[9.1303536, 45.4739558], [9.1302587, 45.4740233], [9.1301691, 45.4740871]], [[9.130053, 45.4740307], [9.1301523, 45.4739576], [9.130248, 45.4738872]], [[9.1322773, 45.4724999], [9.130552, 45.4738146]], [[9.1304466, 45.4737411], [9.1321622, 45.4724265]], [[9.1321622, 45.4724265], [9.1322409, 45.4723676], [9.1323049, 45.4723156]], [[9.1324259, 45.4723959], [9.1323594, 45.4724413], [9.1322773, 45.4724999]], [[9.1358136, 45.4697991], [9.1351986, 45.4702758], [9.1350285, 45.4704077], [9.1349302, 45.4704839]], [[9.1356955, 45.4697219], [9.1364565, 45.4691585], [9.136538, 45.4691045]]]}}, {"type": "Feature", "properties": {"id": "SS-MIL-3078", "nome": "Via Meloria", "quartiere": "", "classificazione": "giallo", "score": 3, "note": "strada urbana senza ciclabile", "ciclabile": "no", "n_corsie": "2", "senso_unico": "si", "n_testimonianze": "0", "zona": "B1"}, "geometry": {"type": "LineString", "coordinates": [[9.1448379, 45.4819816], [9.1449425, 45.4820482], [9.1472059, 45.4835266], [9.1472228, 45.4835369], [9.1472484, 45.4835529]]}}, {"type": "Feature", "properties": {"id": "SS-MIL-3080", "nome": "Via Menaggio", "quartiere": "", "classificazione": "giallo", "score": 3, "note": "strada urbana senza ciclabile", "ciclabile": "no", "n_corsie": "2", "senso_unico": "si", "n_testimonianze": "0", "zona": "B1"}, "geometry": {"type": "LineString", "coordinates": [[9.1260863, 45.4455516], [9.1260558, 45.4456084], [9.12569, 45.446298], [9.1256825, 45.4463121], [9.1256532, 45.4463673]]}}, {"type": "Feature", "properties": {"id": "SS-MIL-3087", "nome": "Via Meriggia", "quartiere": "", "classificazione": "giallo", "score": 3, "note": "strada urbana senza ciclabile", "ciclabile": "no", "n_corsie": "2", "senso_unico": "no", "n_testimonianze": "0", "zona": "B1"}, "geometry": {"type": "MultiLineString", "coordinates": [[[9.0713098, 45.4682855], [9.071844, 45.4683547], [9.0721736, 45.468398], [9.0723141, 45.467927], [9.07236, 45.4677644], [9.0724539, 45.4675556], [9.0724968, 45.4675312], [9.0725478, 45.4675274], [9.073183, 45.4676699], [9.0738057, 45.4678096], [9.0738406, 45.467834], [9.073854, 45.4678792], [9.0734758, 45.4686654]], [[9.0722904, 45.4674751], [9.0722833, 45.4674479], [9.0722648, 45.4674192], [9.072232, 45.4673934]], [[9.0693661, 45.4678468], [9.0699968, 45.4679787], [9.0713098, 45.4682855]], [[9.0691232, 45.4677823], [9.0693661, 45.4678468]], [[9.0722904, 45.4674751], [9.0721894, 45.4677116], [9.0721255, 45.4678873], [9.0720837, 45.4679897], [9.0720677, 45.4680296], [9.071844, 45.4683547]], [[9.0723832, 45.4673972], [9.0723324, 45.4674292], [9.0722904, 45.4674751]], [[9.0693661, 45.4678468], [9.0690894, 45.4678687]]]}}, {"type": "Feature", "properties": {"id": "SS-MIL-3104", "nome": "Via Milly Carla Mignone", "quartiere": "", "classificazione": "giallo", "score": 3, "note": "strada urbana senza ciclabile", "ciclabile": "no", "n_corsie": "2", "senso_unico": "no", "n_testimonianze": "0", "zona": "B1"}, "geometry": {"type": "MultiLineString", "coordinates": [[[9.1067893, 45.4713573], [9.1067601, 45.471482], [9.1066901, 45.471783], [9.1066627, 45.4719008], [9.1066497, 45.4719603]], [[9.1068538, 45.471966], [9.1068599, 45.4719369], [9.1069616, 45.4714517], [9.106966, 45.4714306]], [[9.1066497, 45.4719603], [9.1066257, 45.4720677]], [[9.1064192, 45.4730593], [9.1064103, 45.4731024], [9.1064007, 45.4731488], [9.1063676, 45.4733082], [9.1063406, 45.4734383], [9.1062842, 45.4737105]], [[9.1064788, 45.4727796], [9.1064192, 45.4730593]], [[9.1065725, 45.4723377], [9.1065007, 45.4726775]], [[9.1065007, 45.4726775], [9.1064788, 45.4727796]], [[9.1066257, 45.4720677], [9.1066082, 45.4721564], [9.106575, 45.4723248], [9.1065725, 45.4723377]], [[9.1062781, 45.4738973], [9.1065256, 45.4741758], [9.1065766, 45.4742332]], [[9.1062842, 45.4737105], [9.1062734, 45.4738148], [9.106276, 45.4738611], [9.1062781, 45.4738973]], [[9.1069866, 45.4713142], [9.1070189, 45.4711339], [9.1070437, 45.4710528], [9.1070759, 45.4708719], [9.1072584, 45.4700025]], [[9.106966, 45.4714306], [9.1069761, 45.4713707], [9.1069866, 45.4713142]]]}}, {"type": "Feature", "properties": {"id": "SS-MIL-3109", "nome": "Via Modica", "quartiere": "", "classificazione": "giallo", "score": 3, "note": "strada urbana senza ciclabile", "ciclabile": "no", "n_corsie": "2", "senso_unico": "si", "n_testimonianze": "0", "zona": "B1"}, "geometry": {"type": "MultiLineString", "coordinates": [[[9.1528092, 45.4389405], [9.152918, 45.4390047], [9.1530359, 45.4390781], [9.1537755, 45.4395401], [9.1538371, 45.4395785]], [[9.1538371, 45.4395785], [9.1538165, 45.4396191], [9.1536254, 45.4399954], [9.1536083, 45.4400236], [9.1535878, 45.440042]], [[9.1538371, 45.4395785], [9.1553786, 45.4393069], [9.1554364, 45.4392968], [9.1555268, 45.4392867]]]}}, {"type": "Feature", "properties": {"id": "SS-MIL-3110", "nome": "Via Mogadiscio", "quartiere": "", "classificazione": "giallo", "score": 3, "note": "strada urbana senza ciclabile", "ciclabile": "no", "n_corsie": "2", "senso_unico": "si", "n_testimonianze": "0", "zona": "B1"}, "geometry": {"type": "LineString", "coordinates": [[9.1484565, 45.4609373], [9.1484933, 45.4608795], [9.1489163, 45.4601506], [9.1489334, 45.4601215], [9.1489428, 45.4601056], [9.1489525, 45.460089]]}}, {"type": "Feature", "properties": {"id": "SS-MIL-3113", "nome": "Via Moirano", "quartiere": "", "classificazione": "giallo", "score": 3, "note": "strada urbana senza ciclabile", "ciclabile": "no", "n_corsie": "2", "senso_unico": "si", "n_testimonianze": "0", "zona": "B1"}, "geometry": {"type": "MultiLineString", "coordinates": [[[9.0614578, 45.4712636], [9.0613097, 45.4712137], [9.0607311, 45.4711406], [9.0606234, 45.471127], [9.0605057, 45.4711067]], [[9.0605108, 45.4709836], [9.0606251, 45.4710125], [9.0607448, 45.4710282], [9.061323, 45.4711041], [9.0614351, 45.4711251], [9.0614669, 45.4711641], [9.0614703, 45.4711977], [9.0614578, 45.4712636]], [[9.0614578, 45.4712636], [9.0614143, 45.4715003], [9.0613996, 45.4715314]], [[9.0625858, 45.4720597], [9.0615229, 45.4716062], [9.0613996, 45.4715314]], [[9.0613996, 45.4715314], [9.0613563, 45.4715768], [9.0613111, 45.4716151], [9.0612892, 45.4716522], [9.0612884, 45.4718538], [9.0612704, 45.4720226], [9.0612114, 45.4722069], [9.0612248, 45.4722765], [9.0614287, 45.4724797], [9.0613965, 45.4728032]], [[9.0607311, 45.4711406], [9.0606944, 45.4710923], [9.0607038, 45.4710557], [9.0607448, 45.4710282]]]}}, {"type": "Feature", "properties": {"id": "SS-MIL-3114", "nome": "Via Moisè Loria", "quartiere": "", "classificazione": "giallo", "score": 3, "note": "strada urbana senza ciclabile (1 corsie)", "ciclabile": "no", "n_corsie": "1", "senso_unico": "si", "n_testimonianze": "0", "zona": "B1"}, "geometry": {"type": "MultiLineString", "coordinates": [[[9.1574024, 45.4596501], [9.1574492, 45.45958], [9.1577938, 45.4590639], [9.1579821, 45.458782], [9.158025, 45.4587176]], [[9.1589742, 45.4572205], [9.1590111, 45.4571643], [9.159044, 45.4571147], [9.1594101, 45.4565568], [9.1596972, 45.4561196], [9.1597163, 45.4560906], [9.1597237, 45.456079], [9.1597555, 45.4560309]], [[9.158025, 45.4587176], [9.1580726, 45.4586426], [9.1582349, 45.4583866], [9.1584034, 45.4581209], [9.1585101, 45.4579526], [9.1589074, 45.4573259], [9.1589405, 45.4572736], [9.1589742, 45.4572205]], [[9.1597555, 45.4560309], [9.1597887, 45.4559796], [9.1601958, 45.45535]], [[9.1601958, 45.45535], [9.1606403, 45.4546653], [9.160673, 45.4546167], [9.1607043, 45.4545702], [9.1607122, 45.4545579]]]}}, {"type": "Feature", "properties": {"id": "SS-MIL-3115", "nome": "Via Molinetto di Lorenteggio", "quartiere": "", "classificazione": "giallo", "score": 3, "note": "strada urbana senza ciclabile", "ciclabile": "no", "n_corsie": "2", "senso_unico": "si", "n_testimonianze": "0", "zona": "B1"}, "geometry": {"type": "MultiLineString", "coordinates": [[[9.1171379, 45.4407593], [9.1171802, 45.4406764], [9.1172378, 45.4405914], [9.1173742, 45.4404646]], [[9.1168909, 45.4410685], [9.1169349, 45.4410074], [9.1169801, 45.4409479], [9.1170085, 45.4409059], [9.1171379, 45.4407593]], [[9.1173226, 45.4408758], [9.1172457, 45.4409241], [9.117184, 45.4409734], [9.117131, 45.4410425], [9.1170974, 45.4410862], [9.1170277, 45.4411789]], [[9.1166466, 45.4409123], [9.116737, 45.440907], [9.116814, 45.4408996], [9.1168319, 45.4408967], [9.1168643, 45.4408933], [9.1169176, 45.4408724], [9.1171379, 45.4407593]], [[9.1156488, 45.4432629], [9.1157271, 45.4431682], [9.115831, 45.4430092]], [[9.1163967, 45.4419853], [9.1163114, 45.4419642], [9.1162146, 45.4419399]], [[9.1187582, 45.4393347], [9.1181007, 45.4399299], [9.1180878, 45.4399408]], [[9.1170277, 45.4411789], [9.116995, 45.4412512], [9.1166008, 45.4419466]], [[9.1186709, 45.4392794], [9.118685, 45.4392797], [9.1186992, 45.439283], [9.1188305, 45.4393463]], [[9.1182096, 45.4400372], [9.1181515, 45.4400073], [9.1180804, 45.4399706], [9.1180634, 45.4399618], [9.1179955, 45.4399268]], [[9.1180879, 45.4398366], [9.1186518, 45.4392863]], [[9.1188874, 45.4393737], [9.1186795, 45.4395772], [9.118245, 45.4400025], [9.1182096, 45.4400372]], [[9.1168909, 45.4410685], [9.1170277, 45.4411789]], [[9.1166466, 45.4409123], [9.1167475, 45.440982], [9.1167848, 45.4410027], [9.1168364, 45.4410349], [9.1168909, 45.4410685]], [[9.1161615, 45.4424142], [9.116238, 45.442272]], [[9.115831, 45.4430092], [9.1159885, 45.4427302]], [[9.1159851, 45.4423635], [9.1160135, 45.442311], [9.1162146, 45.4419399]], [[9.1156266, 45.4429903], [9.1157242, 45.442835]], [[9.1157242, 45.442835], [9.1159851, 45.4423635]], [[9.1159885, 45.4427302], [9.1161615, 45.4424142]], [[9.116238, 45.442272], [9.1163316, 45.4421075], [9.1163967, 45.4419853]], [[9.1161291, 45.4427607], [9.1160386, 45.4429274]], [[9.1171379, 45.4407593], [9.1172121, 45.4407131], [9.1173917, 45.4406291], [9.1175021, 45.4405944]], [[9.1164459, 45.442207], [9.1164148, 45.4422629], [9.1161291, 45.4427607]], [[9.1163967, 45.4419853], [9.1168549, 45.4411439], [9.1168909, 45.4410685]], [[9.1173742, 45.4404646], [9.1175616, 45.4403041], [9.1176415, 45.4402723]], [[9.1179955, 45.4399268], [9.1180879, 45.4398366]], [[9.1176415, 45.4402723], [9.117584, 45.4403499], [9.1175377, 45.4404305], [9.1175235, 45.4404783]], [[9.1175235, 45.4404783], [9.1175203, 45.4404956], [9.1175097, 45.4405531], [9.1175021, 45.4405944]], [[9.1173742, 45.4404646], [9.1174213, 45.4404584], [9.1174607, 45.4404602], [9.1174909, 45.4404665], [9.1175235, 45.4404783]], [[9.1160386, 45.4429274], [9.1158594, 45.4432035], [9.1157733, 45.4433153]], [[9.1176415, 45.4402723], [9.1179955, 45.4399268]], [[9.1180284, 45.439993], [9.1180301, 45.4400111]], [[9.1180878, 45.4399408], [9.1180634, 45.4399618], [9.1180284, 45.439993]], [[9.1196665, 45.4384045], [9.1195599, 45.4385237], [9.1194885, 45.4386259], [9.1194832, 45.4386353]], [[9.1188305, 45.4393463], [9.1188874, 45.4393737]], [[9.1186518, 45.4392863], [9.1186611, 45.4392809], [9.1186709, 45.4392794]], [[9.1166008, 45.4419466], [9.1164787, 45.4421483], [9.1164459, 45.442207]]]}}, {"type": "Feature", "properties": {"id": "SS-MIL-3123", "nome": "Via Moltrasio", "quartiere": "", "classificazione": "giallo", "score": 3, "note": "strada urbana senza ciclabile", "ciclabile": "no", "n_corsie": "2", "senso_unico": "si", "n_testimonianze": "0", "zona": "B1"}, "geometry": {"type": "LineString", "coordinates": [[9.0874693, 45.4578059], [9.0875342, 45.4578446], [9.0884333, 45.4583961], [9.0888715, 45.4586648], [9.0889054, 45.4586751], [9.0889772, 45.4586756]]}}, {"type": "Feature", "properties": {"id": "SS-MIL-3127", "nome": "Via Monegherio", "quartiere": "", "classificazione": "giallo", "score": 3, "note": "strada urbana senza ciclabile", "ciclabile": "no", "n_corsie": "2", "senso_unico": "no", "n_testimonianze": "0", "zona": "B1"}, "geometry": {"type": "LineString", "coordinates": [[9.0938118, 45.4518132], [9.0938026, 45.4517324]]}}, {"type": "Feature", "properties": {"id": "SS-MIL-3132", "nome": "Via Monreale", "quartiere": "", "classificazione": "rosso", "score": 4, "note": "strada principale trafficata", "ciclabile": "no", "n_corsie": "2", "senso_unico": "si", "n_testimonianze": "0", "zona": "B1"}, "geometry": {"type": "MultiLineString", "coordinates": [[[9.1385662, 45.4758905], [9.1387081, 45.4758894], [9.1387775, 45.4758885]], [[9.1425564, 45.475998], [9.1424252, 45.4759998], [9.1424117, 45.476], [9.1421767, 45.4760027]], [[9.138777, 45.476044], [9.1387103, 45.4760448], [9.1385859, 45.4760463]], [[9.1387775, 45.4758885], [9.1408133, 45.4758636]], [[9.1405971, 45.4760218], [9.138777, 45.476044]], [[9.1408133, 45.4758636], [9.1414295, 45.4758561]], [[9.1414295, 45.4758561], [9.1421684, 45.4758471]], [[9.1421767, 45.4760027], [9.1405971, 45.4760218]], [[9.1421684, 45.4758471], [9.1424079, 45.4758441], [9.1424192, 45.4758442], [9.1425566, 45.4758423]]]}}, {"type": "Feature", "properties": {"id": "SS-MIL-3134", "nome": "Via Monsignor Oscar Arnulfo Romero", "quartiere": "", "classificazione": "giallo", "score": 3, "note": "strada urbana senza ciclabile", "ciclabile": "no", "n_corsie": "2", "senso_unico": "si", "n_testimonianze": "0", "zona": "B1"}, "geometry": {"type": "MultiLineString", "coordinates": [[[9.0855411, 45.4635304], [9.0854771, 45.4636016], [9.0852806, 45.463835]], [[9.0857902, 45.4630959], [9.0856893, 45.4633001], [9.0856517, 45.4633667], [9.085633, 45.4633997]], [[9.0863657, 45.4622572], [9.0863622, 45.4623044], [9.0862998, 45.4624007], [9.0862901, 45.4624146], [9.0862396, 45.4624805], [9.0861852, 45.4625314], [9.0861538, 45.4625549]], [[9.0857902, 45.4630959], [9.0861538, 45.4625549]], [[9.0855326, 45.4633682], [9.0856249, 45.4632805], [9.0857902, 45.4630959]], [[9.0852806, 45.463835], [9.085389, 45.4635671], [9.0854061, 45.4635255], [9.085429, 45.4634695]], [[9.0845245, 45.4651486], [9.0845766, 45.4650579], [9.0848935, 45.4645066]], [[9.0861538, 45.4625549], [9.0861551, 45.4625224], [9.0861603, 45.4624992], [9.0861889, 45.4624337], [9.0862276, 45.4623813], [9.0862893, 45.4622972], [9.0863657, 45.4622572]], [[9.0852117, 45.4639506], [9.0852806, 45.463835]], [[9.0850614, 45.4642097], [9.0852117, 45.4639506]], [[9.0848935, 45.4645066], [9.084971, 45.4643718], [9.0850614, 45.4642097]]]}}, {"type": "Feature", "properties": {"id": "SS-MIL-3135", "nome": "Via Monsignor Pogliani", "quartiere": "", "classificazione": "giallo", "score": 3, "note": "strada urbana senza ciclabile", "ciclabile": "no", "n_corsie": "2", "senso_unico": "no", "n_testimonianze": "0", "zona": "B1"}, "geometry": {"type": "MultiLineString", "coordinates": [[[9.0947482, 45.4447367], [9.0947157, 45.4448686], [9.0946576, 45.4450111], [9.0945561, 45.4452178], [9.0945353, 45.4454518], [9.0945309, 45.4455008], [9.0945121, 45.445602], [9.0944193, 45.4461007], [9.0944118, 45.4461407], [9.0944138, 45.4461803], [9.0944313, 45.4462106], [9.0944415, 45.4462446]], [[9.0944415, 45.4462446], [9.0943119, 45.44628], [9.0942016, 45.4463102], [9.0939806, 45.4463639], [9.0938313, 45.4464024], [9.0937439, 45.4464677], [9.0936826, 45.4465725], [9.0936752, 45.4467026], [9.0936651, 45.4468166], [9.0936838, 45.4469302], [9.0937278, 45.4470365], [9.0937572, 45.4471476], [9.0937652, 45.4472293], [9.0937519, 45.4472902], [9.0937077, 45.4473526], [9.093626, 45.447438], [9.0935597, 45.447483], [9.0934474, 45.4475268]], [[9.0934474, 45.4475268], [9.0935962, 45.4476156]]]}}, {"type": "Feature", "properties": {"id": "SS-MIL-3137", "nome": "Via Montanara", "quartiere": "", "classificazione": "giallo", "score": 3, "note": "strada urbana senza ciclabile", "ciclabile": "no", "n_corsie": "2", "senso_unico": "si", "n_testimonianze": "0", "zona": "B1"}, "geometry": {"type": "LineString", "coordinates": [[9.0688032, 45.4655072], [9.0710987, 45.4662716]]}}, {"type": "Feature", "properties": {"id": "SS-MIL-3143", "nome": "Via Monte Baldo", "quartiere": "", "classificazione": "giallo", "score": 3, "note": "strada urbana senza ciclabile", "ciclabile": "no", "n_corsie": "2", "senso_unico": "si", "n_testimonianze": "0", "zona": "B1"}, "geometry": {"type": "MultiLineString", "coordinates": [[[9.1174464, 45.4757046], [9.1167543, 45.4757148], [9.1166804, 45.4757008], [9.1164196, 45.4754659]], [[9.1200749, 45.4756713], [9.1207953, 45.475665], [9.1208337, 45.4756636]], [[9.1185327, 45.4756926], [9.1177103, 45.4757017]], [[9.1200749, 45.4756713], [9.1200262, 45.4756723], [9.1198109, 45.4756768], [9.1188691, 45.4756883]], [[9.1177103, 45.4757017], [9.1175716, 45.4757032]], [[9.1175716, 45.4757032], [9.1174464, 45.4757046]], [[9.1188691, 45.4756883], [9.1185327, 45.4756926]]]}}, {"type": "Feature", "properties": {"id": "SS-MIL-3149", "nome": "Via Monte Cervino", "quartiere": "", "classificazione": "giallo", "score": 3, "note": "strada urbana senza ciclabile", "ciclabile": "no", "n_corsie": "2", "senso_unico": "si", "n_testimonianze": "0", "zona": "B1"}, "geometry": {"type": "MultiLineString", "coordinates": [[[9.1502986, 45.4761714], [9.1501316, 45.4760549], [9.1496894, 45.4757463], [9.1495615, 45.4756573], [9.1494902, 45.4756076]], [[9.1489345, 45.4752438], [9.1490452, 45.4753168], [9.1490615, 45.4753269], [9.1494902, 45.4756076]], [[9.0497454, 45.532331], [9.0497235, 45.5323526], [9.0497022, 45.5323735], [9.0490352, 45.5330288], [9.0488201, 45.5332343]]]}}, {"type": "Feature", "properties": {"id": "SS-MIL-3154", "nome": "Via Monte Leone", "quartiere": "", "classificazione": "giallo", "score": 3, "note": "strada urbana senza ciclabile", "ciclabile": "no", "n_corsie": "2", "senso_unico": "si", "n_testimonianze": "0", "zona": "B1"}, "geometry": {"type": "MultiLineString", "coordinates": [[[9.150276, 45.4750274], [9.1502214, 45.474991], [9.1498348, 45.4747434], [9.1497774, 45.4747068], [9.1497049, 45.4746597]], [[9.1513723, 45.4757447], [9.1512389, 45.4756473], [9.151211, 45.475627], [9.1510463, 45.4755196], [9.1503358, 45.4750656], [9.150276, 45.4750274]]]}}, {"type": "Feature", "properties": {"id": "SS-MIL-3180", "nome": "Via Montecatini", "quartiere": "", "classificazione": "giallo", "score": 3, "note": "strada urbana senza ciclabile", "ciclabile": "no", "n_corsie": "2", "senso_unico": "si", "n_testimonianze": "0", "zona": "B1"}, "geometry": {"type": "LineString", "coordinates": [[9.156425, 45.4531706], [9.1564233, 45.4531878], [9.156412, 45.4533008], [9.1563547, 45.4538762], [9.1562588, 45.454839], [9.1562534, 45.454893], [9.1562505, 45.4549223]]}}, {"type": "Feature", "properties": {"id": "SS-MIL-3189", "nome": "Via Montichiari", "quartiere": "", "classificazione": "giallo", "score": 3, "note": "strada urbana senza ciclabile", "ciclabile": "no", "n_corsie": "2", "senso_unico": "no", "n_testimonianze": "0", "zona": "B1"}, "geometry": {"type": "LineString", "coordinates": [[9.140243, 45.4845703], [9.1402672, 45.4846212], [9.1405939, 45.4853064]]}}, {"type": "Feature", "properties": {"id": "SS-MIL-3192", "nome": "Via Monzoro", "quartiere": "", "classificazione": "giallo", "score": 3, "note": "strada urbana senza ciclabile (2 corsie)", "ciclabile": "no", "n_corsie": "2", "senso_unico": "no", "n_testimonianze": "0", "zona": "B1"}, "geometry": {"type": "LineString", "coordinates": [[9.034749, 45.4713832], [9.034868, 45.4711757], [9.035187, 45.4706195], [9.0352134, 45.4705663], [9.0355802, 45.4698275], [9.0356867, 45.469561], [9.0357772, 45.4693003], [9.0358827, 45.4689479], [9.0360646, 45.4683202], [9.0361998, 45.4680613], [9.0365946, 45.467327], [9.0374357, 45.4657619], [9.0376305, 45.4654098], [9.037822, 45.4650636], [9.0379576, 45.464803], [9.0386803, 45.4634142], [9.0387661, 45.463342], [9.0389035, 45.4632155], [9.0391009, 45.4630711], [9.0396158, 45.4627099], [9.0398304, 45.4625473], [9.0399337, 45.4624325], [9.0400461, 45.4622546], [9.0404842, 45.4614182], [9.0405031, 45.4613806], [9.0406578, 45.4610726], [9.0409065, 45.4605792], [9.0409422, 45.4605064], [9.0409634, 45.4604644], [9.0411591, 45.4600784], [9.0412621, 45.4598918], [9.0413342, 45.4597433], [9.0415145, 45.459402], [9.0415442, 45.4593457], [9.04157, 45.459293], [9.0416398, 45.4591505], [9.0417112, 45.4590049], [9.0417757, 45.4588732], [9.0418012, 45.4588212], [9.0418439, 45.4587453], [9.0419515, 45.4585356]]}}, {"type": "Feature", "properties": {"id": "SS-MIL-3196", "nome": "Via Morimondo", "quartiere": "", "classificazione": "giallo", "score": 3, "note": "strada urbana senza ciclabile", "ciclabile": "no", "n_corsie": "2", "senso_unico": "si", "n_testimonianze": "0", "zona": "B1"}, "geometry": {"type": "LineString", "coordinates": [[9.1533366, 45.447107], [9.1533225, 45.4470896], [9.1532811, 45.4470395], [9.1524678, 45.4460781], [9.152173, 45.4458198], [9.1513645, 45.4451079], [9.1513133, 45.4450791], [9.1512648, 45.4450524], [9.1509328, 45.4449295], [9.1508194, 45.4448907], [9.1503357, 45.4447188], [9.1502091, 45.4446688], [9.1500331, 45.4445827], [9.1498063, 45.444464], [9.1493574, 45.4441933], [9.1487778, 45.4438786], [9.1487545, 45.443865], [9.148434, 45.4435291], [9.148137, 45.4432178]]}}, {"type": "Feature", "properties": {"id": "SS-MIL-3201", "nome": "Via Mosè Bianchi", "quartiere": "", "classificazione": "giallo", "score": 3, "note": "strada urbana senza ciclabile", "ciclabile": "no", "n_corsie": "2", "senso_unico": "si", "n_testimonianze": "0", "zona": "B1"}, "geometry": {"type": "MultiLineString", "coordinates": [[[9.1488745, 45.4727346], [9.1489349, 45.4726897], [9.1497425, 45.4720884], [9.1498057, 45.4720415]], [[9.1486563, 45.4729036], [9.1486998, 45.4728699], [9.1487672, 45.4728177], [9.1488332, 45.4727666], [9.1488745, 45.4727346]], [[9.1440237, 45.4764129], [9.1441327, 45.476337], [9.144712, 45.4758944], [9.1452042, 45.4755182], [9.1452927, 45.4754506]], [[9.1452927, 45.4754506], [9.1457835, 45.4750808]], [[9.1457835, 45.4750808], [9.1462258, 45.4747302], [9.1462833, 45.4746894], [9.1463139, 45.4746655]], [[9.1463139, 45.4746655], [9.1464136, 45.4745919], [9.1470659, 45.474108], [9.1471318, 45.4740592]], [[9.1471318, 45.4740592], [9.1472005, 45.4740054], [9.1475024, 45.4737696]], [[9.1475024, 45.4737696], [9.1478115, 45.4735282], [9.1478843, 45.4734737]], [[9.1498057, 45.4720415], [9.1498711, 45.4719911], [9.1506695, 45.4713661], [9.1507286, 45.4713201]], [[9.1507286, 45.4713201], [9.1507954, 45.4712675], [9.1515899, 45.4706472], [9.1516378, 45.4706098], [9.1516851, 45.4705729]], [[9.1478843, 45.4734737], [9.1479447, 45.4734273], [9.1485703, 45.4729669], [9.1486208, 45.4729297], [9.1486563, 45.4729036]]]}}, {"type": "Feature", "properties": {"id": "SS-MIL-3202", "nome": "Via Muggiano", "quartiere": "", "classificazione": "giallo", "score": 3, "note": "strada urbana senza ciclabile", "ciclabile": "no", "n_corsie": "2", "senso_unico": "no", "n_testimonianze": "0", "zona": "B1"}, "geometry": {"type": "MultiLineString", "coordinates": [[[9.0758013, 45.449484], [9.0761988, 45.4494233], [9.0764511, 45.4493858], [9.0768028, 45.4493486], [9.0770437, 45.4493532], [9.0772881, 45.449376], [9.0774896, 45.4494014]], [[9.0751389, 45.4495827], [9.0758013, 45.449484]], [[9.0690391, 45.4485127], [9.0684581, 45.4493179], [9.0684137, 45.4493753]], [[9.0706407, 45.4489505], [9.0706564, 45.4489434], [9.0706701, 45.4489392], [9.0706844, 45.4489361], [9.0706991, 45.4489343], [9.070714, 45.4489338], [9.0707289, 45.4489346], [9.0707435, 45.4489367], [9.0707576, 45.4489401], [9.0707711, 45.4489446], [9.0707836, 45.4489503], [9.070795, 45.448957], [9.0708052, 45.4489647], [9.0708139, 45.4489732], [9.070821, 45.4489824]], [[9.067962, 45.4481381], [9.0680595, 45.4481794], [9.0680839, 45.448193], [9.068204, 45.4482534]], [[9.0774896, 45.4494014], [9.0773074, 45.449295], [9.077086, 45.4492248], [9.0768752, 45.4491844], [9.0759021, 45.4492068], [9.0756628, 45.4486168], [9.0760844, 45.4485421], [9.0758033, 45.447616], [9.0761951, 45.4467317]], [[9.0731852, 45.4497515], [9.0735124, 45.4497482], [9.0738531, 45.449758], [9.0741602, 45.4497325], [9.0751389, 45.4495827]], [[9.0693025, 45.4485877], [9.0696436, 45.4486762]], [[9.0715262, 45.4491113], [9.0727046, 45.4495738]], [[9.0690391, 45.4485127], [9.0690939, 45.4485284], [9.0693025, 45.4485877]], [[9.070821, 45.4489824], [9.070927, 45.4489671], [9.0709899, 45.448958], [9.0711473, 45.4489669]], [[9.0727046, 45.4495738], [9.0728653, 45.4496364], [9.0731852, 45.4497515]], [[9.0699207, 45.4487481], [9.070528, 45.4489187], [9.0706407, 45.4489505]], [[9.0711473, 45.4489669], [9.071281, 45.4489824], [9.0714409, 45.4490477], [9.0715262, 45.4491113]], [[9.0715262, 45.4491113], [9.071431, 45.4490873], [9.0712486, 45.4490201], [9.0711473, 45.4489669]], [[9.068204, 45.4482534], [9.068573, 45.448368], [9.0688496, 45.4484539], [9.0690391, 45.4485127]], [[9.068204, 45.4482534], [9.0680599, 45.448229], [9.0680293, 45.4482266], [9.0679182, 45.4482064]], [[9.0774896, 45.4494014], [9.077639, 45.4494203], [9.077794, 45.4494398], [9.0778438, 45.4494462]], [[9.0761951, 45.4467317], [9.076809, 45.4468333], [9.0776915, 45.4447957]], [[9.0696436, 45.4486762], [9.0699207, 45.4487481]]]}}, {"type": "Feature", "properties": {"id": "SS-MIL-3205", "nome": "Via Nago", "quartiere": "", "classificazione": "giallo", "score": 3, "note": "strada urbana senza ciclabile", "ciclabile": "no", "n_corsie": "2", "senso_unico": "no", "n_testimonianze": "0", "zona": "B1"}, "geometry": {"type": "LineString", "coordinates": [[9.1410941, 45.4871387], [9.1409798, 45.4870982], [9.1409218, 45.4870706], [9.1390744, 45.486287], [9.1390498, 45.486259], [9.1390417, 45.486089], [9.1390403, 45.4860572], [9.1390384, 45.4860121]]}}, {"type": "Feature", "properties": {"id": "SS-MIL-3208", "nome": "Via Nazario Sauro", "quartiere": "", "classificazione": "giallo", "score": 3, "note": "strada urbana senza ciclabile (1 corsie)", "ciclabile": "no", "n_corsie": "1", "senso_unico": "si", "n_testimonianze": "0", "zona": "B1"}, "geometry": {"type": "MultiLineString", "coordinates": [[[9.0935962, 45.4476156], [9.0936345, 45.4476311], [9.0937929, 45.4476952], [9.0939521, 45.447757], [9.0940195, 45.4477825], [9.0946992, 45.448049], [9.0956644, 45.4484407], [9.0957433, 45.4484446], [9.0958241, 45.44843]], [[9.1063711, 45.432922], [9.1056224, 45.4321572], [9.105223, 45.4315988], [9.105189, 45.431561], [9.1051367, 45.4315174], [9.1044079, 45.4312179], [9.1043464, 45.4311915]], [[9.0686898, 45.5299474], [9.0686361, 45.5299593], [9.0685094, 45.5299651], [9.068406, 45.5299698], [9.0677413, 45.5299943], [9.0676247, 45.5300055], [9.0675738, 45.5300226], [9.0675582, 45.5300279], [9.0675056, 45.530065], [9.0674807, 45.5300965], [9.0674733, 45.5301279], [9.0674698, 45.5302683], [9.0674786, 45.5309016], [9.0674837, 45.5310045]], [[9.0674891, 45.5311211], [9.0674977, 45.5313314], [9.0675106, 45.5315678], [9.0675248, 45.5316159]], [[9.0674837, 45.5310045], [9.0674891, 45.5311211]], [[9.1162318, 45.5296811], [9.1162555, 45.5296155], [9.1163447, 45.5293682], [9.1164251, 45.529143], [9.1164568, 45.5290544], [9.116489, 45.5289684], [9.1166807, 45.5284561], [9.1169, 45.5278578], [9.1169783, 45.5276317], [9.1170214, 45.5275071], [9.1170698, 45.5273741], [9.1170894, 45.5273211], [9.1171179, 45.5272263], [9.1171407, 45.52712], [9.1171692, 45.5269446], [9.1171731, 45.5268523]], [[9.1161073, 45.5300237], [9.1161411, 45.52993], [9.1161669, 45.5298586], [9.1161886, 45.5297992], [9.1162318, 45.5296811]], [[9.1153491, 45.5329645], [9.1153163, 45.5332333], [9.1153106, 45.5332802], [9.1152432, 45.5338318], [9.1151382, 45.5346917], [9.1151305, 45.5347552], [9.1150153, 45.5356985]], [[9.1480453, 45.527553], [9.1481246, 45.5275662], [9.1493133, 45.5277588]], [[9.1171731, 45.5268523], [9.1172753, 45.5268612], [9.1179619, 45.5268681], [9.1181134, 45.526867], [9.1182473, 45.5268609], [9.1186836, 45.5268164], [9.1187472, 45.5266552], [9.1187231, 45.5265641], [9.1187084, 45.5265328], [9.1186795, 45.5265024], [9.1186585, 45.5264803]], [[9.1161073, 45.5300237], [9.1160875, 45.5300776], [9.115985, 45.5303573], [9.1158894, 45.530618], [9.1158657, 45.5306889], [9.1158483, 45.5307508], [9.1158336, 45.5308146], [9.1158199, 45.5308755], [9.1157936, 45.5309595], [9.1156442, 45.5313574], [9.1155823, 45.5315399], [9.1155228, 45.5317967], [9.1154628, 45.53208], [9.1154279, 45.5323514], [9.1153491, 45.5329645]], [[9.1150153, 45.5356985], [9.1149976, 45.5358176], [9.1149698, 45.5359392], [9.1149413, 45.5360307], [9.1149092, 45.5361203]]]}}, {"type": "Feature", "properties": {"id": "SS-MIL-3229", "nome": "Via Nicolò Tommaseo", "quartiere": "", "classificazione": "giallo", "score": 3, "note": "strada urbana senza ciclabile (1 corsie)", "ciclabile": "no", "n_corsie": "1", "senso_unico": "si", "n_testimonianze": "0", "zona": "B1"}, "geometry": {"type": "LineString", "coordinates": [[9.0979442, 45.4382961], [9.098001, 45.4383284], [9.0992043, 45.4390119], [9.0992961, 45.439064]]}}, {"type": "Feature", "properties": {"id": "SS-MIL-3231", "nome": "Via Nikolajevka", "quartiere": "", "classificazione": "giallo", "score": 3, "note": "strada urbana senza ciclabile", "ciclabile": "no", "n_corsie": "2", "senso_unico": "no", "n_testimonianze": "0", "zona": "B1"}, "geometry": {"type": "MultiLineString", "coordinates": [[[9.1067225, 45.4564567], [9.1068264, 45.4561912], [9.1068577, 45.4561084], [9.1068723, 45.4560665]], [[9.106179, 45.4578846], [9.1058701, 45.4586389], [9.1054614, 45.4596741], [9.1054307, 45.4597541]], [[9.1065983, 45.4567863], [9.1066199, 45.4567308], [9.1067225, 45.4564567]], [[9.106179, 45.4578846], [9.1062051, 45.457812], [9.1062088, 45.4577988], [9.1062547, 45.4576654], [9.1064606, 45.4571381], [9.1065492, 45.456912], [9.1065651, 45.4568713], [9.1065983, 45.4567863]]]}}, {"type": "Feature", "properties": {"id": "SS-MIL-3232", "nome": "Via Nilde Iotti", "quartiere": "", "classificazione": "giallo", "score": 3, "note": "strada urbana senza ciclabile", "ciclabile": "no", "n_corsie": "2", "senso_unico": "si", "n_testimonianze": "0", "zona": "B1"}, "geometry": {"type": "MultiLineString", "coordinates": [[[9.0961986, 45.4484867], [9.0961177, 45.4485286], [9.0960185, 45.4485404], [9.0959224, 45.4485196], [9.0958501, 45.4484705], [9.0958241, 45.44843], [9.0958175, 45.4483706], [9.0965881, 45.4474519], [9.0966123, 45.4474231], [9.096659, 45.4473953], [9.0968062, 45.4473167], [9.0969706, 45.4472565], [9.097008, 45.4472097], [9.0970234, 45.4471738], [9.0970253, 45.4470067], [9.0970269, 45.4468595], [9.0970313, 45.4464631], [9.0970326, 45.4463659], [9.0970337, 45.4462825]], [[9.100303, 45.4319734], [9.1006892, 45.4320592], [9.1009148, 45.4321166], [9.101394, 45.4322473], [9.1028902, 45.4326131], [9.1031325, 45.4326663]]]}}, {"type": "Feature", "properties": {"id": "SS-MIL-3239", "nome": "Via Noale", "quartiere": "", "classificazione": "giallo", "score": 3, "note": "strada urbana senza ciclabile", "ciclabile": "no", "n_corsie": "2", "senso_unico": "no", "n_testimonianze": "0", "zona": "B1"}, "geometry": {"type": "MultiLineString", "coordinates": [[[9.0852187, 45.4581921], [9.0851795, 45.4582498], [9.0848649, 45.4587147]], [[9.0844043, 45.4593935], [9.0840607, 45.4599007]], [[9.0840607, 45.4599007], [9.084029, 45.4599462]], [[9.0839487, 45.4600617], [9.0838596, 45.4601917]], [[9.0846744, 45.4589944], [9.0844043, 45.4593935]], [[9.0848649, 45.4587147], [9.0847487, 45.458884]], [[9.0838596, 45.4601917], [9.0836793, 45.460454]], [[9.0847487, 45.458884], [9.0847173, 45.4589302], [9.0846744, 45.4589944]], [[9.0835914, 45.4605822], [9.0832998, 45.4610119], [9.0830905, 45.4613202], [9.0830606, 45.4613599]], [[9.0836793, 45.460454], [9.0835914, 45.4605822]], [[9.084029, 45.4599462], [9.0839793, 45.4600174], [9.0839487, 45.4600617]]]}}, {"type": "Feature", "properties": {"id": "SS-MIL-3246", "nome": "Via Novegno", "quartiere": "", "classificazione": "giallo", "score": 3, "note": "strada urbana senza ciclabile", "ciclabile": "no", "n_corsie": "2", "senso_unico": "si", "n_testimonianze": "0", "zona": "B1"}, "geometry": {"type": "LineString", "coordinates": [[9.1506059, 45.4761707], [9.1506116, 45.4762762], [9.1506518, 45.4770822], [9.1506442, 45.4771309], [9.1506151, 45.4771587]]}}, {"type": "Feature", "properties": {"id": "SS-MIL-3253", "nome": "Via Oderzo", "quartiere": "", "classificazione": "giallo", "score": 3, "note": "strada urbana senza ciclabile", "ciclabile": "no", "n_corsie": "2", "senso_unico": "si", "n_testimonianze": "0", "zona": "B1"}, "geometry": {"type": "MultiLineString", "coordinates": [[[9.1392278, 45.4846554], [9.1395323, 45.4847763], [9.1395663, 45.4847899]], [[9.1392278, 45.4846554], [9.1388204, 45.4838433]]]}}, {"type": "Feature", "properties": {"id": "SS-MIL-3281", "nome": "Via Osoppo", "quartiere": "", "classificazione": "giallo", "score": 3, "note": "strada urbana senza ciclabile", "ciclabile": "no", "n_corsie": "2", "senso_unico": "si", "n_testimonianze": "0", "zona": "B1"}, "geometry": {"type": "MultiLineString", "coordinates": [[[9.1443576, 45.470193], [9.1443472, 45.4701539], [9.1443301, 45.4701186], [9.1443063, 45.4700859], [9.1442787, 45.4700569], [9.1442585, 45.4700393], [9.1441684, 45.469981], [9.1440989, 45.4699349]], [[9.1412864, 45.4677785], [9.1414258, 45.4678697], [9.1415404, 45.4679447], [9.1422785, 45.4684276]], [[9.1414327, 45.4681906], [9.1412786, 45.4680906], [9.1411638, 45.4680147]], [[9.1416183, 45.468312], [9.1414327, 45.4681906]], [[9.1421541, 45.4686626], [9.1416183, 45.468312]], [[9.1430653, 45.4692587], [9.1429685, 45.4691956], [9.1421541, 45.4686626]], [[9.1422785, 45.4684276], [9.1430773, 45.4689513], [9.1431596, 45.4690041]], [[9.1443239, 45.4697658], [9.1444835, 45.4698702], [9.1445542, 45.4699129], [9.1445962, 45.4699333], [9.1447048, 45.4699775], [9.144833, 45.4700253]], [[9.1440989, 45.4699349], [9.1431429, 45.4693113], [9.1430653, 45.4692587]], [[9.1431596, 45.4690041], [9.1432574, 45.4690685], [9.1443239, 45.4697658]]]}}, {"type": "Feature", "properties": {"id": "SS-MIL-3283", "nome": "Via Osteno", "quartiere": "", "classificazione": "giallo", "score": 3, "note": "strada urbana senza ciclabile", "ciclabile": "no", "n_corsie": "2", "senso_unico": "si", "n_testimonianze": "0", "zona": "B1"}, "geometry": {"type": "MultiLineString", "coordinates": [[[9.1134987, 45.4602341], [9.1135458, 45.460317], [9.1135473, 45.4604068], [9.113503, 45.4604888], [9.1134186, 45.4606254], [9.1132866, 45.4608467]], [[9.1132866, 45.4608467], [9.1129707, 45.4614783], [9.1129621, 45.461556], [9.1129704, 45.4616351], [9.1129948, 45.461769], [9.1130459, 45.4618992], [9.1131006, 45.4619896]], [[9.1118987, 45.4629965], [9.111937, 45.4633258], [9.1119241, 45.4633962], [9.111874, 45.4635183]], [[9.1132592, 45.4622376], [9.1132983, 45.4623359], [9.1133004, 45.4623989], [9.1132833, 45.4624796], [9.1132526, 45.4625453], [9.1132181, 45.4625934], [9.1131707, 45.4626417], [9.1131223, 45.4626776], [9.1130421, 45.4627224], [9.1129633, 45.4627521], [9.1119785, 45.4629763], [9.1119186, 45.4629903], [9.1118987, 45.4629965]], [[9.1118987, 45.4629965], [9.111659, 45.4630508]], [[9.1131006, 45.4619896], [9.1132592, 45.4622376]], [[9.111937, 45.4633258], [9.1118968, 45.4633443], [9.1118438, 45.4633512], [9.1118016, 45.4633469]]]}}, {"type": "Feature", "properties": {"id": "SS-MIL-3297", "nome": "Via Pacifico Arcangeli", "quartiere": "", "classificazione": "giallo", "score": 3, "note": "strada urbana senza ciclabile", "ciclabile": "no", "n_corsie": "2", "senso_unico": "no", "n_testimonianze": "0", "zona": "B1"}, "geometry": {"type": "MultiLineString", "coordinates": [[[9.1121989, 45.474828], [9.1120841, 45.4748827], [9.1120448, 45.474901], [9.1120147, 45.4749183], [9.1117238, 45.4750879], [9.1116976, 45.4751014], [9.1116706, 45.4751122], [9.1115832, 45.4751414]], [[9.1115832, 45.4751414], [9.1110136, 45.4753315]], [[9.1108674, 45.4753295], [9.1109006, 45.4753354], [9.1109322, 45.4753392], [9.1109669, 45.4753392], [9.1109938, 45.475336], [9.1110136, 45.4753315]], [[9.1110136, 45.4753315], [9.1109923, 45.4753425], [9.1109684, 45.4753581], [9.1109476, 45.4753765], [9.1109208, 45.475408]]]}}, {"type": "Feature", "properties": {"id": "SS-MIL-3304", "nome": "Via Padre Leonardo Murialdo", "quartiere": "", "classificazione": "giallo", "score": 3, "note": "strada urbana senza ciclabile", "ciclabile": "no", "n_corsie": "2", "senso_unico": "no", "n_testimonianze": "0", "zona": "B1"}, "geometry": {"type": "MultiLineString", "coordinates": [[[9.1295705, 45.4477788], [9.1295265, 45.447855], [9.1294562, 45.4479879]], [[9.1292551, 45.4484159], [9.1290401, 45.4488095]], [[9.1290401, 45.4488095], [9.1290094, 45.4488666], [9.1286694, 45.4494989], [9.1286358, 45.4495613]], [[9.1294562, 45.4479879], [9.1292832, 45.448363], [9.1292551, 45.4484159]]]}}, {"type": "Feature", "properties": {"id": "SS-MIL-3312", "nome": "Via Palatino", "quartiere": "", "classificazione": "giallo", "score": 3, "note": "strada urbana senza ciclabile (1 corsie)", "ciclabile": "no", "n_corsie": "1", "senso_unico": "si", "n_testimonianze": "0", "zona": "B1"}, "geometry": {"type": "MultiLineString", "coordinates": [[[9.1321475, 45.4761245], [9.1321397, 45.4761926], [9.1315988, 45.4772554]], [[9.1309475, 45.4780751], [9.1311455, 45.4781463]], [[9.13024, 45.4788936], [9.1303744, 45.4788952], [9.1304404, 45.4788916], [9.1305009, 45.478878], [9.1305494, 45.4788582]], [[9.1307377, 45.4789475], [9.1306814, 45.4790582]], [[9.1305494, 45.4788582], [9.1309475, 45.4780751]], [[9.1311455, 45.4781463], [9.1307508, 45.4789217], [9.1307377, 45.4789475]], [[9.1309475, 45.4780751], [9.1314488, 45.477089]], [[9.1314488, 45.477089], [9.1318058, 45.4763866], [9.1319013, 45.4761987], [9.1319376, 45.4761273]], [[9.1315988, 45.4772554], [9.1311455, 45.4781463]], [[9.1307377, 45.4789475], [9.1306815, 45.4789505], [9.130629, 45.4789667], [9.1305698, 45.4790212]]]}}, {"type": "Feature", "properties": {"id": "SS-MIL-3319", "nome": "Via Palmi", "quartiere": "", "classificazione": "giallo", "score": 3, "note": "strada urbana senza ciclabile", "ciclabile": "no", "n_corsie": "2", "senso_unico": "no", "n_testimonianze": "0", "zona": "B1"}, "geometry": {"type": "MultiLineString", "coordinates": [[[9.0972573, 45.4599775], [9.098101, 45.4585441]], [[9.098101, 45.4585441], [9.0981467, 45.4584204], [9.0981657, 45.4583617], [9.0981963, 45.4582907]], [[9.0983033, 45.458323], [9.0982628, 45.4583872], [9.098212, 45.4584332], [9.098101, 45.4585441]], [[9.0983105, 45.4582401], [9.0983033, 45.458323]], [[9.0972573, 45.4599775], [9.0972659, 45.460056], [9.097259, 45.4600862], [9.0972522, 45.4601158]], [[9.0971152, 45.4601284], [9.0971807, 45.4600286], [9.0971846, 45.4600226], [9.0972573, 45.4599775]]]}}, {"type": "Feature", "properties": {"id": "SS-MIL-3325", "nome": "Via Pantigliate", "quartiere": "", "classificazione": "giallo", "score": 3, "note": "strada urbana senza ciclabile", "ciclabile": "no", "n_corsie": "2", "senso_unico": "si", "n_testimonianze": "0", "zona": "B1"}, "geometry": {"type": "LineString", "coordinates": [[9.1321025, 45.4587976], [9.1315258, 45.459891], [9.1315131, 45.4599165], [9.1314906, 45.4599634], [9.1314714, 45.4600024]]}}, {"type": "Feature", "properties": {"id": "SS-MIL-3328", "nome": "Via Paolo Bentivoglio", "quartiere": "", "classificazione": "giallo", "score": 3, "note": "strada urbana senza ciclabile", "ciclabile": "no", "n_corsie": "2", "senso_unico": "no", "n_testimonianze": "0", "zona": "B1"}, "geometry": {"type": "LineString", "coordinates": [[9.1137555, 45.4586864], [9.1137082, 45.4586714], [9.1136681, 45.4586586], [9.1120771, 45.4583153], [9.111938, 45.4582997], [9.1118353, 45.4582991], [9.1103983, 45.4584253], [9.1103065, 45.4584342]]}}, {"type": "Feature", "properties": {"id": "SS-MIL-3334", "nome": "Via Paolo Gerli", "quartiere": "", "classificazione": "giallo", "score": 3, "note": "strada urbana senza ciclabile", "ciclabile": "no", "n_corsie": "2", "senso_unico": "no", "n_testimonianze": "0", "zona": "B1"}, "geometry": {"type": "LineString", "coordinates": [[9.0429566, 45.4568716], [9.0430263, 45.456895], [9.0437856, 45.4571417], [9.0438348, 45.4571577], [9.0438658, 45.4571678], [9.0439095, 45.4572138], [9.0440057, 45.4573525]]}}, {"type": "Feature", "properties": {"id": "SS-MIL-3349", "nome": "Via Paolo Segneri", "quartiere": "", "classificazione": "giallo", "score": 3, "note": "strada urbana senza ciclabile", "ciclabile": "no", "n_corsie": "2", "senso_unico": "si", "n_testimonianze": "0", "zona": "B1"}, "geometry": {"type": "MultiLineString", "coordinates": [[[9.1295494, 45.444891], [9.1294388, 45.444788], [9.1293199, 45.444707]], [[9.1296812, 45.4446469], [9.1295875, 45.4447512], [9.1295494, 45.444891]], [[9.1295494, 45.444891], [9.1295881, 45.4449515], [9.1305789, 45.4464186], [9.130646, 45.4464808]], [[9.1312281, 45.4481689], [9.1313488, 45.4481606], [9.1313926, 45.4481566], [9.1314948, 45.4481145], [9.1315471, 45.4480737], [9.1315801, 45.4480313], [9.1315984, 45.4479587], [9.1315951, 45.4478882], [9.1315671, 45.4478489], [9.1311818, 45.4473067], [9.1306989, 45.446554], [9.1306639, 45.4465063], [9.130646, 45.4464808]]]}}, {"type": "Feature", "properties": {"id": "SS-MIL-3352", "nome": "Via Paolo Uccello", "quartiere": "", "classificazione": "giallo", "score": 3, "note": "strada urbana senza ciclabile (1 corsie)", "ciclabile": "no", "n_corsie": "1", "senso_unico": "si", "n_testimonianze": "0", "zona": "B1"}, "geometry": {"type": "MultiLineString", "coordinates": [[[9.1445819, 45.4793444], [9.1454771, 45.4799318], [9.1455629, 45.4799581], [9.1464952, 45.480586], [9.1465443, 45.48062], [9.1465972, 45.4806544]], [[9.1465972, 45.4806544], [9.1466453, 45.4806856], [9.1467044, 45.4807194], [9.1489549, 45.4821888], [9.1489816, 45.4822041], [9.1490167, 45.4822255]]]}}, {"type": "Feature", "properties": {"id": "SS-MIL-3353", "nome": "Via Paolo Veronese", "quartiere": "", "classificazione": "giallo", "score": 3, "note": "strada urbana senza ciclabile", "ciclabile": "no", "n_corsie": "2", "senso_unico": "si", "n_testimonianze": "0", "zona": "B1"}, "geometry": {"type": "LineString", "coordinates": [[9.1574139, 45.471684], [9.1573413, 45.4717907], [9.157315, 45.4718622], [9.1572926, 45.4719566], [9.1573322, 45.472653], [9.1573525, 45.4730069], [9.1573574, 45.4731057]]}}, {"type": "Feature", "properties": {"id": "SS-MIL-3357", "nome": "Via Papa Giovanni Paolo Secondo", "quartiere": "", "classificazione": "giallo", "score": 3, "note": "strada urbana senza ciclabile", "ciclabile": "no", "n_corsie": "2", "senso_unico": "no", "n_testimonianze": "0", "zona": "B1"}, "geometry": {"type": "LineString", "coordinates": [[9.0599079, 45.4853568], [9.0598388, 45.4853286], [9.0583514, 45.4847159], [9.0574995, 45.4843877], [9.0573873, 45.4843492]]}}, {"type": "Feature", "properties": {"id": "SS-MIL-3364", "nome": "Via Paris Bordone", "quartiere": "", "classificazione": "giallo", "score": 3, "note": "strada urbana senza ciclabile", "ciclabile": "no", "n_corsie": "2", "senso_unico": "si", "n_testimonianze": "0", "zona": "B1"}, "geometry": {"type": "MultiLineString", "coordinates": [[[9.1461756, 45.4729224], [9.145972, 45.4733139]], [[9.145972, 45.4733139], [9.1458733, 45.4735243], [9.1456572, 45.473985], [9.145571, 45.4740504], [9.1454747, 45.4741236]], [[9.1463116, 45.4726392], [9.1462929, 45.4726638], [9.1461756, 45.4729224]]]}}, {"type": "Feature", "properties": {"id": "SS-MIL-3366", "nome": "Via Parmigianino", "quartiere": "", "classificazione": "giallo", "score": 3, "note": "strada urbana senza ciclabile (2 corsie)", "ciclabile": "no", "n_corsie": "2", "senso_unico": "no", "n_testimonianze": "0", "zona": "B1"}, "geometry": {"type": "MultiLineString", "coordinates": [[[9.1462092, 45.4669462], [9.1460568, 45.4669589]], [[9.1486094, 45.4667116], [9.1484218, 45.4667318]], [[9.1465731, 45.4669112], [9.1462995, 45.466938], [9.1462092, 45.4669462]], [[9.1479078, 45.4667832], [9.1478496, 45.4667888], [9.1469827, 45.4668728], [9.1466289, 45.4669065], [9.1465731, 45.4669112]], [[9.1484218, 45.4667318], [9.1483629, 45.4667378], [9.1479078, 45.4667832]]]}}, {"type": "Feature", "properties": {"id": "SS-MIL-3368", "nome": "Via Pasquale Fornari", "quartiere": "", "classificazione": "giallo", "score": 3, "note": "strada urbana senza ciclabile", "ciclabile": "no", "n_corsie": "2", "senso_unico": "si", "n_testimonianze": "0", "zona": "B1"}, "geometry": {"type": "MultiLineString", "coordinates": [[[9.1455039, 45.4605718], [9.1455329, 45.4604669], [9.1455516, 45.4603962]], [[9.1446434, 45.4620168], [9.1446877, 45.4619393], [9.1446994, 45.4619208], [9.1452079, 45.4610483], [9.1455039, 45.4605718]], [[9.1456215, 45.4604424], [9.1455874, 45.4604824], [9.1455039, 45.4605718]], [[9.1431445, 45.4646427], [9.1431135, 45.4647417]], [[9.1429387, 45.4648584], [9.1430468, 45.4647269]], [[9.1430468, 45.4647269], [9.1431445, 45.4646427]], [[9.1431135, 45.4647417], [9.1430908, 45.4648111], [9.1430945, 45.4648601], [9.1430979, 45.4649079]], [[9.1431445, 45.4646427], [9.143481, 45.4640525], [9.1437236, 45.463627], [9.1442002, 45.4627911], [9.1445961, 45.4620972], [9.1446434, 45.4620168]]]}}, {"type": "Feature", "properties": {"id": "SS-MIL-3372", "nome": "Via Pasquale Stanislao Mancini", "quartiere": "", "classificazione": "giallo", "score": 3, "note": "strada urbana senza ciclabile", "ciclabile": "no", "n_corsie": "2", "senso_unico": "no", "n_testimonianze": "0", "zona": "B1"}, "geometry": {"type": "MultiLineString", "coordinates": [[[9.1377788, 45.4786162], [9.1377474, 45.4785688], [9.1377351, 45.4785502], [9.1374067, 45.4780594], [9.1373624, 45.4780519], [9.1373205, 45.4780675], [9.1367651, 45.478351]], [[9.137059, 45.4777583], [9.1363908, 45.4773102], [9.1363071, 45.4772549]], [[9.138013, 45.4788367], [9.1380502, 45.4788936], [9.1380591, 45.4789134], [9.1380699, 45.4789301]], [[9.1377788, 45.4786162], [9.1379026, 45.4786029]], [[9.1379026, 45.4786029], [9.1379158, 45.4786419], [9.138013, 45.4788367]], [[9.1380699, 45.4789301], [9.1381285, 45.4789666], [9.1381719, 45.4789938], [9.1382119, 45.4790264], [9.1382363, 45.4790591]], [[9.1379818, 45.4791198], [9.1379638, 45.47908], [9.1379594, 45.4790447], [9.1379692, 45.4789966], [9.1379997, 45.4789489], [9.1380699, 45.4789301]]]}}, {"type": "Feature", "properties": {"id": "SS-MIL-3380", "nome": "Via Passo di Brizio", "quartiere": "", "classificazione": "giallo", "score": 3, "note": "strada urbana senza ciclabile", "ciclabile": "no", "n_corsie": "2", "senso_unico": "no", "n_testimonianze": "0", "zona": "B1"}, "geometry": {"type": "MultiLineString", "coordinates": [[[9.1237571, 45.4731982], [9.12369, 45.4731394], [9.1228832, 45.4724473], [9.1228101, 45.4723944], [9.1226537, 45.4723305]], [[9.1226537, 45.4723305], [9.1225089, 45.4724182], [9.1219371, 45.4727437]]]}}, {"type": "Feature", "properties": {"id": "SS-MIL-3382", "nome": "Via Pasubio", "quartiere": "", "classificazione": "giallo", "score": 3, "note": "strada urbana senza ciclabile", "ciclabile": "no", "n_corsie": "2", "senso_unico": "si", "n_testimonianze": "0", "zona": "B1"}, "geometry": {"type": "MultiLineString", "coordinates": [[[9.0884532, 45.4472174], [9.0883945, 45.4472724], [9.0882213, 45.4474346]], [[9.0882213, 45.4474346], [9.0881272, 45.4475274], [9.0878932, 45.4477583], [9.0875001, 45.4481464], [9.0873826, 45.4482623], [9.0867142, 45.4489164], [9.0866597, 45.4489702], [9.0865678, 45.4490611], [9.0863155, 45.4493071], [9.0860719, 45.4495082], [9.085821, 45.4496979], [9.0856766, 45.4498113], [9.085247, 45.4501485], [9.0850206, 45.4503193], [9.0849282, 45.450368]], [[9.0849282, 45.450368], [9.0848665, 45.4504039], [9.0847658, 45.4504578], [9.084453, 45.450625], [9.0844114, 45.4506473], [9.0842917, 45.450724], [9.0841812, 45.4507948], [9.083981, 45.450951], [9.083935, 45.4509892], [9.0838105, 45.4510924], [9.0837483, 45.4511439], [9.0836907, 45.4511961], [9.0836305, 45.4512506], [9.0836009, 45.4512775]], [[9.1561045, 45.5270158], [9.1541296, 45.5267749], [9.1540833, 45.5267692]]]}}, {"type": "Feature", "properties": {"id": "SS-MIL-3383", "nome": "Via Patroclo", "quartiere": "", "classificazione": "rosso", "score": 4, "note": "strada secondaria trafficata", "ciclabile": "no", "n_corsie": "2", "senso_unico": "si", "n_testimonianze": "0", "zona": "B1"}, "geometry": {"type": "MultiLineString", "coordinates": [[[9.1196046, 45.4809789], [9.1193437, 45.4813192], [9.1189007, 45.4820761], [9.1187278, 45.4824586]], [[9.1187278, 45.4824586], [9.1183031, 45.4832932]], [[9.1188859, 45.4818981], [9.1193113, 45.4812401], [9.1195372, 45.4809432]], [[9.1183031, 45.4832932], [9.1181601, 45.4838084], [9.1181105, 45.4840812], [9.1180957, 45.4846126]], [[9.1181796, 45.4832926], [9.1182491, 45.4831115], [9.1187647, 45.4821291], [9.1188859, 45.4818981]], [[9.117943, 45.4845727], [9.1180094, 45.4839253], [9.1181222, 45.4835041], [9.1181682, 45.4833323], [9.1181796, 45.4832926]], [[9.1179562, 45.4848225], [9.1179397, 45.484725], [9.117943, 45.4845727]], [[9.1180957, 45.4846126], [9.1180911, 45.4846918], [9.1180875, 45.4847536], [9.1180823, 45.4848435]]]}}, {"type": "Feature", "properties": {"id": "SS-MIL-3389", "nome": "Via Pegaso", "quartiere": "", "classificazione": "giallo", "score": 3, "note": "strada urbana senza ciclabile", "ciclabile": "no", "n_corsie": "2", "senso_unico": "si", "n_testimonianze": "0", "zona": "B1"}, "geometry": {"type": "MultiLineString", "coordinates": [[[9.1273397, 45.4807165], [9.1261342, 45.4810561]], [[9.1261342, 45.4810561], [9.1246398, 45.481477]]]}}, {"type": "Feature", "properties": {"id": "SS-MIL-3403", "nome": "Via Pessano", "quartiere": "", "classificazione": "giallo", "score": 3, "note": "strada urbana senza ciclabile", "ciclabile": "no", "n_corsie": "2", "senso_unico": "no", "n_testimonianze": "0", "zona": "B1"}, "geometry": {"type": "MultiLineString", "coordinates": [[[9.1280411, 45.4757248], [9.1278993, 45.4756338]], [[9.1278993, 45.4756338], [9.1271744, 45.4751669]], [[9.1267941, 45.4749219], [9.1259264, 45.4743547], [9.1258865, 45.4743282], [9.1258612, 45.4743114]], [[9.1282349, 45.4760173], [9.1282909, 45.4759887], [9.128305, 45.4759559], [9.1283158, 45.4759327], [9.1283062, 45.4758943]], [[9.1283062, 45.4758943], [9.1280411, 45.4757248]], [[9.1283062, 45.4758943], [9.128351, 45.4759158], [9.1284414, 45.4759593], [9.128484, 45.4759848], [9.1286108, 45.4760127]], [[9.1271744, 45.4751669], [9.1267941, 45.4749219]]]}}, {"type": "Feature", "properties": {"id": "SS-MIL-3404", "nome": "Via Pesto", "quartiere": "", "classificazione": "giallo", "score": 3, "note": "strada urbana senza ciclabile", "ciclabile": "no", "n_corsie": "2", "senso_unico": "no", "n_testimonianze": "0", "zona": "B1"}, "geometry": {"type": "MultiLineString", "coordinates": [[[9.1545951, 45.448639], [9.1532228, 45.4484235]], [[9.1526002, 45.4483149], [9.1526626, 45.4483036], [9.1527226, 45.4483098], [9.1528771, 45.4483379], [9.1532228, 45.4484235]], [[9.1532228, 45.4484235], [9.1528518, 45.4483882], [9.1527754, 45.4483825], [9.1527108, 45.4483826]], [[9.154924, 45.4486903], [9.1548538, 45.4486794], [9.1547704, 45.4486665], [9.1545951, 45.448639]]]}}, {"type": "Feature", "properties": {"id": "SS-MIL-3405", "nome": "Via Petralia", "quartiere": "", "classificazione": "giallo", "score": 3, "note": "strada urbana senza ciclabile", "ciclabile": "no", "n_corsie": "2", "senso_unico": "no", "n_testimonianze": "0", "zona": "B1"}, "geometry": {"type": "MultiLineString", "coordinates": [[[9.0867902, 45.4593515], [9.0865182, 45.4597689]], [[9.0865182, 45.4597689], [9.086326, 45.460083]]]}}, {"type": "Feature", "properties": {"id": "SS-MIL-3411", "nome": "Via Pier Alessandro Paravia", "quartiere": "", "classificazione": "giallo", "score": 3, "note": "strada urbana senza ciclabile", "ciclabile": "no", "n_corsie": "2", "senso_unico": "si", "n_testimonianze": "0", "zona": "B1"}, "geometry": {"type": "MultiLineString", "coordinates": [[[9.1295936, 45.4703669], [9.1296234, 45.4703858], [9.129671, 45.4703908], [9.1297171, 45.4704238], [9.1297645, 45.4704589], [9.1302333, 45.4707719], [9.1302766, 45.4707994]], [[9.1283818, 45.4696043], [9.1284237, 45.4696075], [9.1284734, 45.4696175], [9.1285086, 45.4696319], [9.128568, 45.4696707]], [[9.1325749, 45.4722917], [9.132629, 45.4723352], [9.1337229, 45.4730569]], [[9.1323049, 45.4723156], [9.1322263, 45.4722666], [9.1319643, 45.4720983]], [[9.1269063, 45.4696957], [9.1270783, 45.4695675], [9.1274823, 45.469267], [9.1275226, 45.4692361], [9.1275644, 45.469205]], [[9.1302522, 45.4709785], [9.1301369, 45.4709064]], [[9.1302766, 45.4707994], [9.1303947, 45.4708718]], [[9.1275644, 45.469205], [9.1276461, 45.4692565], [9.1280993, 45.4695521], [9.1281438, 45.4695737], [9.1281878, 45.4695871], [9.128241, 45.4695932], [9.1283818, 45.4696043]], [[9.1271855, 45.4689464], [9.127234, 45.4689794], [9.1272819, 45.4690122], [9.1274569, 45.4691316], [9.1275644, 45.469205]], [[9.1301369, 45.4709064], [9.1300952, 45.4708798], [9.1294592, 45.4704707], [9.1293823, 45.4704079]], [[9.1303947, 45.4708718], [9.1304634, 45.4709145], [9.1307683, 45.4711149]], [[9.13132, 45.4714709], [9.1317443, 45.4717501]], [[9.1307683, 45.4711149], [9.13132, 45.4714709]], [[9.1311684, 45.4715894], [9.1306289, 45.4712269]], [[9.1315924, 45.4718665], [9.1315405, 45.471831], [9.1311684, 45.4715894]], [[9.1306289, 45.4712269], [9.1303235, 45.4710248], [9.1302522, 45.4709785]], [[9.1317443, 45.4717501], [9.1321184, 45.4719845]], [[9.1342614, 45.473402], [9.134613, 45.473631], [9.1349102, 45.4738245], [9.1349693, 45.473863]], [[9.1337229, 45.4730569], [9.1342614, 45.473402]], [[9.1349693, 45.473863], [9.1349215, 45.4740248]], [[9.1319643, 45.4720983], [9.1315924, 45.4718665]], [[9.1349215, 45.4740248], [9.1347692, 45.4739336], [9.1341864, 45.4735511]], [[9.1341864, 45.4735511], [9.1335958, 45.4731658]], [[9.1337229, 45.4730569], [9.1335958, 45.4731658]], [[9.1321184, 45.4719845], [9.132377, 45.4721567], [9.1324199, 45.472188], [9.1324554, 45.472214]], [[9.1335958, 45.4731658], [9.1330426, 45.4727997], [9.1324907, 45.4724345], [9.1324646, 45.472419], [9.1324259, 45.4723959]], [[9.1349693, 45.473863], [9.1351544, 45.4739855], [9.1359757, 45.4745281], [9.1361585, 45.4746487]], [[9.1360291, 45.4747471], [9.1361585, 45.4746487]], [[9.1361585, 45.4746487], [9.1368969, 45.4751168], [9.1371335, 45.4752806], [9.1372479, 45.4753392]], [[9.1360291, 45.4747471], [9.1358334, 45.4746244], [9.1353083, 45.4742748], [9.1352075, 45.4742094], [9.1350264, 45.4740919], [9.1349215, 45.4740248]], [[9.128568, 45.4696707], [9.1292342, 45.4701047], [9.1292672, 45.4701191], [9.1293056, 45.4701197], [9.1293429, 45.4701097]], [[9.1293823, 45.4704079], [9.1293316, 45.4704224], [9.1293162, 45.4704379], [9.1293013, 45.470453], [9.1292023, 45.4707041]], [[9.1293823, 45.4704079], [9.1294422, 45.4703878], [9.1295273, 45.4703651], [9.1295936, 45.4703669]], [[9.1294338, 45.4702244], [9.1295936, 45.4703669]], [[9.1371184, 45.4754513], [9.1370119, 45.4753743], [9.1365751, 45.4750964], [9.1365498, 45.4750802], [9.1360291, 45.4747471]]]}}, {"type": "Feature", "properties": {"id": "SS-MIL-3422", "nome": "Via Piero Capponi", "quartiere": "", "classificazione": "giallo", "score": 3, "note": "strada urbana senza ciclabile", "ciclabile": "no", "n_corsie": "2", "senso_unico": "no", "n_testimonianze": "0", "zona": "B1"}, "geometry": {"type": "MultiLineString", "coordinates": [[[9.1570237, 45.4679319], [9.1570448, 45.4679536], [9.1574654, 45.4683737]], [[9.1587651, 45.4696665], [9.1590609, 45.4699444], [9.1592258, 45.4701122], [9.1592456, 45.4701454], [9.1592553, 45.4701782], [9.1592546, 45.4702224], [9.1592375, 45.4702545], [9.1591962, 45.4702887]], [[9.1580005, 45.4688987], [9.1583067, 45.4692062], [9.1587651, 45.4696665]]]}}, {"type": "Feature", "properties": {"id": "SS-MIL-3423", "nome": "Via Piero Colombi", "quartiere": "", "classificazione": "giallo", "score": 3, "note": "strada urbana senza ciclabile (2 corsie)", "ciclabile": "no", "n_corsie": "2", "senso_unico": "no", "n_testimonianze": "0", "zona": "B1"}, "geometry": {"type": "MultiLineString", "coordinates": [[[9.1107607, 45.4567529], [9.1107452, 45.4567972], [9.1107349, 45.4568272], [9.1105802, 45.4572705], [9.1102718, 45.4582161]], [[9.1100864, 45.4584721], [9.1102718, 45.4582161]], [[9.1102718, 45.4582161], [9.1102865, 45.4583381], [9.1103065, 45.4584342]]]}}, {"type": "Feature", "properties": {"id": "SS-MIL-3431", "nome": "Via Piero Strozzi", "quartiere": "", "classificazione": "giallo", "score": 3, "note": "strada urbana senza ciclabile", "ciclabile": "no", "n_corsie": "2", "senso_unico": "no", "n_testimonianze": "0", "zona": "B1"}, "geometry": {"type": "MultiLineString", "coordinates": [[[9.1448773, 45.4573322], [9.1448555, 45.4573679], [9.1448405, 45.4573926], [9.1438869, 45.4590129], [9.1435074, 45.4596577]], [[9.1435074, 45.4596577], [9.1434938, 45.459761], [9.1435048, 45.4597904], [9.1435307, 45.4598252], [9.1435928, 45.4598843], [9.1436255, 45.4599033], [9.143666, 45.4599377]], [[9.1433083, 45.4599897], [9.1433429, 45.4599225], [9.1434185, 45.4597694], [9.1434623, 45.4596951], [9.1435074, 45.4596577]]]}}, {"type": "Feature", "properties": {"id": "SS-MIL-3433", "nome": "Via Pietra Ligure", "quartiere": "", "classificazione": "giallo", "score": 3, "note": "strada urbana senza ciclabile", "ciclabile": "no", "n_corsie": "2", "senso_unico": "no", "n_testimonianze": "0", "zona": "B1"}, "geometry": {"type": "LineString", "coordinates": [[9.1330049, 45.4839401], [9.1330299, 45.4839887], [9.1330458, 45.4840198], [9.1334979, 45.4849009]]}}, {"type": "Feature", "properties": {"id": "SS-MIL-3442", "nome": "Via Pietro Canevari", "quartiere": "", "classificazione": "giallo", "score": 3, "note": "strada urbana senza ciclabile", "ciclabile": "no", "n_corsie": "2", "senso_unico": "si", "n_testimonianze": "0", "zona": "B1"}, "geometry": {"type": "MultiLineString", "coordinates": [[[9.0926212, 45.4625269], [9.0920662, 45.4621967], [9.0919711, 45.462134]], [[9.0930011, 45.462764], [9.0930435, 45.4627893], [9.0937673, 45.4632503]], [[9.0930011, 45.462764], [9.092974, 45.4627474], [9.0926327, 45.4625379], [9.0926212, 45.4625269]]]}}, {"type": "Feature", "properties": {"id": "SS-MIL-3450", "nome": "Via Pietro Giordani", "quartiere": "", "classificazione": "rosso", "score": 4, "note": "strada secondaria trafficata (2 corsie)", "ciclabile": "no", "n_corsie": "2", "senso_unico": "si", "n_testimonianze": "0", "zona": "B1"}, "geometry": {"type": "MultiLineString", "coordinates": [[[9.1246149, 45.4412777], [9.1245545, 45.4414301], [9.1245129, 45.4415176], [9.1244344, 45.4416575], [9.1244175, 45.4416879], [9.1242564, 45.441977], [9.1241393, 45.4421872], [9.1240677, 45.4423001], [9.1240686, 45.4423586], [9.1240817, 45.4424473]], [[9.1217234, 45.4452622], [9.1217764, 45.4451748], [9.1218039, 45.4451342], [9.1218425, 45.4450769], [9.121867, 45.445043]], [[9.1258647, 45.4373798], [9.1258526, 45.4372463]], [[9.1244332, 45.4412523], [9.124478, 45.4411242], [9.1249593, 45.4394279]], [[9.126103, 45.437473], [9.126025, 45.437629], [9.1259195, 45.4378533], [9.1256769, 45.4383574], [9.1255429, 45.4386573], [9.1254225, 45.4389067], [9.1253024, 45.4391486], [9.1252395, 45.4392712], [9.1251825, 45.4393974], [9.1251171, 45.4396058], [9.1249499, 45.4401912], [9.124719, 45.4409873], [9.1246765, 45.4411188], [9.1246149, 45.4412777]], [[9.1261396, 45.4373012], [9.1261234, 45.4373259], [9.1260766, 45.4373828], [9.126043, 45.4374369]], [[9.1258647, 45.4373798], [9.126043, 45.4374369]], [[9.1260252, 45.4374695], [9.1252043, 45.439171], [9.1251099, 45.439405]], [[9.1245467, 45.4412682], [9.1244646, 45.4414516], [9.1243895, 45.4415853], [9.1240127, 45.4422233]], [[9.125791, 45.437135], [9.1257919, 45.4371124], [9.1257969, 45.4370901], [9.1258057, 45.4370684], [9.1258131, 45.4370563], [9.1258184, 45.4370476], [9.1258345, 45.4370281], [9.1258541, 45.4370101], [9.1258766, 45.436994], [9.1259019, 45.4369799], [9.1259258, 45.4369697], [9.1259588, 45.436959], [9.1259896, 45.4369523], [9.1260213, 45.4369485], [9.1260855, 45.4369491]], [[9.1227673, 45.4440187], [9.1221422, 45.4448801]], [[9.1237206, 45.4426945], [9.1236689, 45.4427691], [9.1235411, 45.4429479]], [[9.1237062, 45.442498], [9.1237372, 45.442449], [9.1239389, 45.4421235], [9.1242769, 45.4415683], [9.1243439, 45.4414479], [9.1243949, 45.4413406], [9.1244332, 45.4412523]], [[9.1234154, 45.4429159], [9.123548, 45.4427252], [9.1236015, 45.4426523]], [[9.1233751, 45.4431836], [9.1228341, 45.443934], [9.1227673, 45.4440187]], [[9.1221422, 45.4448801], [9.1221016, 45.4449404]], [[9.1235411, 45.4429479], [9.1233751, 45.4431836]], [[9.121867, 45.445043], [9.1219754, 45.4448991], [9.1220446, 45.4447996], [9.1224275, 45.4442851], [9.1224906, 45.4441994], [9.1226403, 45.4439875]], [[9.1221016, 45.4449404], [9.1219388, 45.4451731], [9.1218526, 45.4452967]], [[9.1226403, 45.4439875], [9.122802, 45.4437662], [9.1231017, 45.4433541], [9.1232186, 45.443199], [9.1232292, 45.4431836]], [[9.1238173, 45.4425348], [9.1237743, 45.442606]], [[9.1236015, 45.4426523], [9.1236416, 45.4425937], [9.1236592, 45.4425681]], [[9.1250165, 45.4392358], [9.1250662, 45.4391327], [9.12582, 45.4375579], [9.1258398, 45.4375108], [9.1258554, 45.4374619]], [[9.1249593, 45.4394279], [9.1249857, 45.4393255], [9.1250165, 45.4392358]], [[9.1251099, 45.439405], [9.1245942, 45.4411501], [9.1245467, 45.4412682]], [[9.1240127, 45.4422233], [9.1238494, 45.4424838], [9.1238173, 45.4425348]], [[9.1236592, 45.4425681], [9.1237062, 45.442498]], [[9.1237743, 45.442606], [9.1237588, 45.4426311], [9.1237206, 45.4426945]], [[9.1258526, 45.4372463], [9.1258444, 45.4372397], [9.1258264, 45.437221], [9.1258119, 45.4372008], [9.125801, 45.4371795], [9.125794, 45.4371575], [9.125791, 45.437135]], [[9.1263068, 45.4371513], [9.1263009, 45.4371735], [9.1262933, 45.4371901], [9.1262911, 45.4371951], [9.1262775, 45.4372156], [9.1262605, 45.4372347], [9.1262402, 45.4372523], [9.1262169, 45.4372679], [9.1261991, 45.4372772], [9.1261911, 45.4372814], [9.1261604, 45.4372951]], [[9.1261396, 45.4373012], [9.1261111, 45.4373053], [9.1261022, 45.437307], [9.1260703, 45.4373102], [9.1260381, 45.4373106], [9.1260061, 45.4373082], [9.1259748, 45.437303], [9.1259446, 45.4372951], [9.125916, 45.4372847], [9.1258896, 45.4372718], [9.1258656, 45.4372568], [9.1258526, 45.4372463]], [[9.1260855, 45.4369491], [9.1261171, 45.4369536], [9.1261476, 45.4369608], [9.1261766, 45.4369706], [9.1262036, 45.4369829], [9.1262283, 45.4369974], [9.1262502, 45.437014], [9.126269, 45.4370323], [9.1262844, 45.4370522], [9.1262962, 45.4370732], [9.1263042, 45.4370951], [9.1263082, 45.4371175], [9.1263088, 45.4371288], [9.1263068, 45.4371513]], [[9.1232292, 45.4431836], [9.1233499, 45.4430101], [9.1234154, 45.4429159]], [[9.1258554, 45.4374619], [9.1258634, 45.4373938], [9.1258647, 45.4373798]], [[9.126043, 45.4374369], [9.1260386, 45.4374457], [9.1260252, 45.4374695]], [[9.1261108, 45.4374563], [9.1261061, 45.437466], [9.126103, 45.437473]], [[9.126043, 45.4374369], [9.1261108, 45.4374563]], [[9.1261604, 45.4372951], [9.1261396, 45.4373012]]]}}, {"type": "Feature", "properties": {"id": "SS-MIL-3467", "nome": "Via Pietro Redaelli", "quartiere": "", "classificazione": "giallo", "score": 3, "note": "strada urbana senza ciclabile (2 corsie)", "ciclabile": "no", "n_corsie": "2", "senso_unico": "no", "n_testimonianze": "0", "zona": "B1"}, "geometry": {"type": "MultiLineString", "coordinates": [[[9.1438587, 45.4540818], [9.1438112, 45.4541627]], [[9.1446862, 45.4526756], [9.1446436, 45.4527343], [9.1444853, 45.4530031], [9.1441252, 45.4536242]], [[9.1441252, 45.4536242], [9.1440945, 45.4536737], [9.1438949, 45.4540191], [9.1438587, 45.4540818]], [[9.1438112, 45.4541627], [9.1437687, 45.4542316], [9.1434786, 45.4547347], [9.1432282, 45.4551459], [9.1431994, 45.4551984]]]}}, {"type": "Feature", "properties": {"id": "SS-MIL-3468", "nome": "Via Pietro Rondoni", "quartiere": "", "classificazione": "giallo", "score": 3, "note": "strada urbana senza ciclabile", "ciclabile": "no", "n_corsie": "2", "senso_unico": "no", "n_testimonianze": "0", "zona": "B1"}, "geometry": {"type": "MultiLineString", "coordinates": [[[9.1431994, 45.4551984], [9.1410487, 45.4545817], [9.1409602, 45.4545564]], [[9.1477521, 45.4565152], [9.1477163, 45.4565048], [9.1476104, 45.4564739], [9.1468871, 45.4562646], [9.1460712, 45.4560286], [9.1460178, 45.4560133]], [[9.1436686, 45.4553356], [9.1436028, 45.4553147], [9.1431994, 45.4551984]], [[9.1446687, 45.4556232], [9.1436686, 45.4553356]], [[9.1451758, 45.4557695], [9.1447566, 45.4556485], [9.1446687, 45.4556232]], [[9.1460178, 45.4560133], [9.1451758, 45.4557695]]]}}, {"type": "Feature", "properties": {"id": "SS-MIL-3469", "nome": "Via Pietro Rubens", "quartiere": "", "classificazione": "giallo", "score": 3, "note": "strada urbana senza ciclabile (2 corsie)", "ciclabile": "no", "n_corsie": "2", "senso_unico": "no", "n_testimonianze": "0", "zona": "B1"}, "geometry": {"type": "MultiLineString", "coordinates": [[[9.1460568, 45.4669589], [9.1459044, 45.4669716]], [[9.1459044, 45.4669716], [9.1457885, 45.4669833], [9.1452838, 45.4670269], [9.1442455, 45.4671282], [9.1441732, 45.467135]], [[9.1441732, 45.467135], [9.1440182, 45.4671506], [9.1426557, 45.4672854], [9.1425643, 45.4672947], [9.1422154, 45.4673319], [9.1420925, 45.467345], [9.1419119, 45.4673627], [9.1418087, 45.4673644], [9.1415256, 45.467369]]]}}, {"type": "Feature", "properties": {"id": "SS-MIL-3471", "nome": "Via Pietro Tempesta", "quartiere": "", "classificazione": "giallo", "score": 3, "note": "strada urbana senza ciclabile (2 corsie)", "ciclabile": "no", "n_corsie": "2", "senso_unico": "no", "n_testimonianze": "0", "zona": "B1"}, "geometry": {"type": "MultiLineString", "coordinates": [[[9.1440237, 45.4764129], [9.1438713, 45.4763132]], [[9.1434998, 45.4759497], [9.1437229, 45.4761834], [9.1438066, 45.4762619], [9.1438713, 45.4763132]], [[9.1458539, 45.4775962], [9.1457942, 45.4775575], [9.1457194, 45.4775092], [9.1456814, 45.4774846], [9.1445782, 45.4767714], [9.1441924, 45.476522], [9.1440237, 45.4764129]], [[9.1438713, 45.4763132], [9.1437374, 45.4762893], [9.1437294, 45.4762889], [9.1436431, 45.4762849], [9.1435717, 45.4762888], [9.1434007, 45.4763114]]]}}, {"type": "Feature", "properties": {"id": "SS-MIL-3486", "nome": "Via Pinerolo", "quartiere": "", "classificazione": "giallo", "score": 3, "note": "strada urbana senza ciclabile", "ciclabile": "no", "n_corsie": "2", "senso_unico": "si", "n_testimonianze": "0", "zona": "B1"}, "geometry": {"type": "MultiLineString", "coordinates": [[[9.1151811, 45.4761767], [9.115173, 45.476126], [9.1151136, 45.4757566]], [[9.1151136, 45.4757566], [9.1150656, 45.4754585], [9.1150492, 45.4753561], [9.1150453, 45.4753321], [9.1150438, 45.4752763]], [[9.1152197, 45.4763302], [9.1152235, 45.4763626], [9.115226, 45.4763842], [9.1152514, 45.476601], [9.115262, 45.4766912], [9.1152677, 45.4767351], [9.1152852, 45.4768706], [9.115311, 45.4770515], [9.1153165, 45.4773421], [9.1153616, 45.4776875], [9.1153148, 45.4784099], [9.1152928, 45.4785098], [9.1151215, 45.4792871], [9.1151101, 45.4793474], [9.1150222, 45.4798109], [9.1149865, 45.4799997], [9.1148479, 45.4807049], [9.1145046, 45.4824513], [9.114414, 45.4829122], [9.1141725, 45.4841403], [9.114177, 45.4841788], [9.11419, 45.4842105], [9.1142073, 45.4842355], [9.1142333, 45.4842635]]]}}, {"type": "Feature", "properties": {"id": "SS-MIL-3490", "nome": "Via Pio Secondo", "quartiere": "", "classificazione": "rosso", "score": 4, "note": "strada secondaria trafficata", "ciclabile": "no", "n_corsie": "2", "senso_unico": "si", "n_testimonianze": "0", "zona": "B1"}, "geometry": {"type": "MultiLineString", "coordinates": [[[9.1149041, 45.4703959], [9.1154798, 45.4701267], [9.115545, 45.470097], [9.1156613, 45.4700429], [9.1157912, 45.469983], [9.1159123, 45.4699272], [9.1160302, 45.4698742]], [[9.1148406, 45.4707484], [9.11425, 45.4706218], [9.1141958, 45.4706081], [9.1139148, 45.4705369], [9.1131357, 45.4703396]], [[9.11167, 45.4700033], [9.1115334, 45.4699814], [9.1114611, 45.4699658], [9.1110916, 45.4698862], [9.1109722, 45.4698605]], [[9.1112861, 45.4696097], [9.1113399, 45.4696744], [9.1114042, 45.4697287], [9.1114756, 45.4697754], [9.1115573, 45.469813], [9.1116568, 45.4698479], [9.1117824, 45.4698788]], [[9.1167231, 45.4707736], [9.1166256, 45.4708099], [9.116208, 45.4708982], [9.1160089, 45.4709283]], [[9.1160089, 45.4709283], [9.1151149, 45.4707935], [9.1148914, 45.4707568], [9.1148406, 45.4707484]], [[9.1117824, 45.4698788], [9.1120032, 45.4699318], [9.1123074, 45.4700092]], [[9.11167, 45.4700033], [9.1114105, 45.4698678], [9.1112473, 45.4697391], [9.1112085, 45.4696991]], [[9.1125897, 45.470086], [9.1129009, 45.4701703], [9.1130395, 45.4702078], [9.1131041, 45.4702245]], [[9.1118048, 45.4700207], [9.11167, 45.4700033]], [[9.1123074, 45.4700092], [9.1125897, 45.470086]], [[9.1112085, 45.4696991], [9.1111494, 45.4695998]], [[9.1164877, 45.4699181], [9.1165782, 45.4699764], [9.1166144, 45.4700107], [9.1166595, 45.4700562]], [[9.1160302, 45.4698742], [9.1161379, 45.469855], [9.1162245, 45.4698541], [9.1163107, 45.4698614], [9.1164057, 45.4698842], [9.1164877, 45.4699181]], [[9.1122474, 45.4700993], [9.1119583, 45.4700342], [9.1118048, 45.4700207]], [[9.113619, 45.470355], [9.1139352, 45.4704357], [9.1140841, 45.4704563], [9.1142519, 45.4704699], [9.1144585, 45.4704599], [9.1146644, 45.4704374], [9.1149041, 45.4703959]], [[9.1127383, 45.4702364], [9.1122474, 45.4700993]], [[9.1131357, 45.4703396], [9.1129885, 45.4703013], [9.112806, 45.470254], [9.1127383, 45.4702364]], [[9.1168376, 45.4711933], [9.1167599, 45.47116], [9.1164962, 45.471047], [9.1163184, 45.4709907], [9.1160089, 45.4709283]], [[9.1131041, 45.4702245], [9.113619, 45.470355]]]}}, {"type": "Feature", "properties": {"id": "SS-MIL-3493", "nome": "Via Pisanello", "quartiere": "", "classificazione": "giallo", "score": 3, "note": "strada urbana senza ciclabile", "ciclabile": "no", "n_corsie": "2", "senso_unico": "si", "n_testimonianze": "0", "zona": "B1"}, "geometry": {"type": "MultiLineString", "coordinates": [[[9.137464, 45.4653415], [9.1377105, 45.4654567], [9.1381257, 45.4657203]], [[9.140108, 45.4673239], [9.1400086, 45.4672671], [9.1397735, 45.4671135]], [[9.1380957, 45.4660057], [9.1379176, 45.4658875]], [[9.1397735, 45.4671135], [9.1394197, 45.4668697]], [[9.1394197, 45.4668697], [9.1382511, 45.4661088], [9.1380957, 45.4660057]], [[9.1396476, 45.4667096], [9.1402452, 45.4671127]], [[9.1381257, 45.4657203], [9.1396476, 45.4667096]], [[9.1379176, 45.4658875], [9.1374988, 45.4656214], [9.1374548, 45.4655836], [9.1373073, 45.4654569]], [[9.1402452, 45.4671127], [9.1403711, 45.4671891], [9.1404969, 45.4672654], [9.140588, 45.4673215]]]}}, {"type": "Feature", "properties": {"id": "SS-MIL-3495", "nome": "Via Pistoia", "quartiere": "", "classificazione": "giallo", "score": 3, "note": "strada urbana senza ciclabile", "ciclabile": "no", "n_corsie": "2", "senso_unico": "si", "n_testimonianze": "0", "zona": "B1"}, "geometry": {"type": "MultiLineString", "coordinates": [[[9.0890237, 45.4621299], [9.089083, 45.4621712], [9.0893336, 45.4622845], [9.0894967, 45.4623475], [9.0898036, 45.4624661], [9.0900395, 45.4625727], [9.0904609, 45.4627936]], [[9.0923897, 45.4637283], [9.0923106, 45.4636959], [9.0916468, 45.4633821], [9.0912764, 45.463207], [9.0911701, 45.4631568]], [[9.0904609, 45.4627936], [9.0907515, 45.4629356], [9.0907793, 45.4629509]], [[9.0911701, 45.4631568], [9.0909817, 45.4630243], [9.0909295, 45.4629838], [9.0909332, 45.4629444]], [[9.0907793, 45.4629509], [9.0908558, 45.4629616], [9.0909332, 45.4629444]]]}}, {"type": "Feature", "properties": {"id": "SS-MIL-3501", "nome": "Via Plutarco", "quartiere": "", "classificazione": "giallo", "score": 3, "note": "strada urbana senza ciclabile (1 corsie)", "ciclabile": "no", "n_corsie": "1", "senso_unico": "si", "n_testimonianze": "0", "zona": "B1"}, "geometry": {"type": "MultiLineString", "coordinates": [[[9.157445, 45.4745363], [9.1574842, 45.4751883], [9.1574877, 45.4752639], [9.1574892, 45.4752975]], [[9.1574115, 45.4738625], [9.1574145, 45.4739136], [9.157445, 45.4745363]]]}}, {"type": "Feature", "properties": {"id": "SS-MIL-3503", "nome": "Via Podere la Vigna", "quartiere": "", "classificazione": "giallo", "score": 3, "note": "strada urbana senza ciclabile", "ciclabile": "no", "n_corsie": "2", "senso_unico": "si", "n_testimonianze": "0", "zona": "B1"}, "geometry": {"type": "MultiLineString", "coordinates": [[[9.0497005, 45.4839642], [9.0497285, 45.4838868], [9.0502376, 45.4824942], [9.0502568, 45.4824418]], [[9.0510913, 45.4850343], [9.0504413, 45.484971], [9.0493943, 45.4848446], [9.0489195, 45.4848177], [9.0488699, 45.4848258], [9.0488451, 45.4848501], [9.0487625, 45.48501]], [[9.0493943, 45.4848446], [9.0497005, 45.4839642]]]}}, {"type": "Feature", "properties": {"id": "SS-MIL-3510", "nome": "Via Poliziano", "quartiere": "", "classificazione": "giallo", "score": 3, "note": "strada urbana senza ciclabile (1 corsie)", "ciclabile": "no", "n_corsie": "1", "senso_unico": "si", "n_testimonianze": "0", "zona": "B1"}, "geometry": {"type": "MultiLineString", "coordinates": [[[9.0989094, 45.4394689], [9.0988357, 45.4394123], [9.0975899, 45.4387161], [9.0975325, 45.438684]], [[9.1639726, 45.4826049], [9.1640496, 45.4826506], [9.1641443, 45.482712], [9.164785, 45.4831266], [9.1649225, 45.4832161], [9.1649779, 45.4832524]], [[9.1660699, 45.4842448], [9.1659605, 45.4841814], [9.1657471, 45.4840432]], [[9.1659701, 45.4838962], [9.1661631, 45.4840271], [9.1662632, 45.4840983]], [[9.1649779, 45.4832524], [9.1650563, 45.4833013], [9.1656052, 45.4836585], [9.1659701, 45.4838962]], [[9.1657471, 45.4840432], [9.1653931, 45.4838179], [9.1648153, 45.4834396], [9.1647276, 45.4833824]], [[9.1647276, 45.4833824], [9.1646823, 45.4833534], [9.1645687, 45.4832772], [9.1639391, 45.4828667], [9.163887, 45.4828317], [9.1638456, 45.4828039], [9.1637733, 45.4827574]]]}}, {"type": "Feature", "properties": {"id": "SS-MIL-3512", "nome": "Via Pompeo", "quartiere": "", "classificazione": "giallo", "score": 3, "note": "strada urbana senza ciclabile (1 corsie)", "ciclabile": "no", "n_corsie": "1", "senso_unico": "si", "n_testimonianze": "0", "zona": "B1"}, "geometry": {"type": "LineString", "coordinates": [[9.1568342, 45.4738768], [9.1568372, 45.4739296], [9.1568993, 45.4752383], [9.1569026, 45.4753121]]}}, {"type": "Feature", "properties": {"id": "SS-MIL-3516", "nome": "Via Pompeo Marchesi", "quartiere": "", "classificazione": "giallo", "score": 3, "note": "strada urbana senza ciclabile (2 corsie)", "ciclabile": "no", "n_corsie": "2", "senso_unico": "si", "n_testimonianze": "0", "zona": "B1"}, "geometry": {"type": "MultiLineString", "coordinates": [[[9.1063157, 45.4690021], [9.1061913, 45.4689857], [9.1060813, 45.4689955], [9.1060575, 45.4689907], [9.1053394, 45.4688445], [9.1052132, 45.4688197]], [[9.1091358, 45.4715258], [9.108884, 45.4715082], [9.1083976, 45.4714729], [9.1070152, 45.4713727], [9.1069761, 45.4713707], [9.1067893, 45.4713573]], [[9.1067893, 45.4713573], [9.1065357, 45.4713349], [9.1063537, 45.4713137], [9.1061795, 45.4712841], [9.1060271, 45.4712484], [9.1057888, 45.4711889], [9.1057297, 45.4711732]], [[9.1052132, 45.4688197], [9.1052387, 45.4687492], [9.1052681, 45.4686894], [9.1053207, 45.4686692], [9.1053814, 45.4686646], [9.1054155, 45.4686719], [9.1061286, 45.4688323], [9.1061432, 45.4688356], [9.1062462, 45.4689043], [9.1063671, 45.4689257]], [[9.1029706, 45.4705382], [9.1031301, 45.4705803]], [[9.1054697, 45.471088], [9.1054098, 45.4710654], [9.1053017, 45.4710278], [9.1044991, 45.4708045], [9.1043026, 45.4707781]], [[9.1056559, 45.4711164], [9.1056451, 45.4711512], [9.1056244, 45.4711703], [9.1056065, 45.471177], [9.1055795, 45.471187]], [[9.1028501, 45.4705685], [9.102826, 45.470558], [9.1028075, 45.4705429], [9.1027962, 45.4705246], [9.1027933, 45.4705048], [9.1027989, 45.4704853], [9.1028125, 45.4704678], [9.102833, 45.470454], [9.1028584, 45.4704451], [9.1028864, 45.470442], [9.1029145, 45.4704448]], [[9.1025377, 45.4710409], [9.1025601, 45.4710056], [9.1028501, 45.4705685]], [[9.1025377, 45.4710409], [9.1025096, 45.4710746], [9.1024916, 45.4710962]], [[9.1029145, 45.4704448], [9.102936, 45.4704516], [9.1029544, 45.4704618], [9.1029686, 45.470475], [9.1029777, 45.4704902], [9.1029811, 45.4705065], [9.1029706, 45.4705382]], [[9.1029706, 45.4705382], [9.1029573, 45.4705518], [9.1029397, 45.4705626], [9.1029188, 45.47057], [9.102896, 45.4705735], [9.1028726, 45.470573], [9.1028501, 45.4705685]], [[9.1024916, 45.4710962], [9.1023244, 45.4712807]], [[9.1054697, 45.471088], [9.1054904, 45.4710689], [9.1055205, 45.4710555]], [[9.1054616, 45.4711359], [9.1054594, 45.471112], [9.1054697, 45.471088]], [[9.1055205, 45.4710555], [9.105554, 45.4710505], [9.1055925, 45.471055], [9.1056219, 45.4710673], [9.1056484, 45.4710929]], [[9.1055795, 45.471187], [9.1055453, 45.4711882], [9.105503, 45.4711772], [9.1054781, 45.4711607], [9.1054616, 45.4711359]], [[9.1033871, 45.4706442], [9.1035953, 45.4706949], [9.1037812, 45.4707226], [9.1039204, 45.4707194], [9.1040636, 45.4706902], [9.1041853, 45.4706492], [9.104305, 45.4705789], [9.1044113, 45.470474], [9.1045069, 45.470303], [9.1049563, 45.4694294], [9.1052132, 45.4688197]], [[9.1031301, 45.4705803], [9.1032773, 45.4706177], [9.1033871, 45.4706442]], [[9.1056484, 45.4710929], [9.1056559, 45.4711164]]]}}, {"type": "Feature", "properties": {"id": "SS-MIL-3518", "nome": "Via Pompeo Neri", "quartiere": "", "classificazione": "giallo", "score": 3, "note": "strada urbana senza ciclabile", "ciclabile": "no", "n_corsie": "2", "senso_unico": "si", "n_testimonianze": "0", "zona": "B1"}, "geometry": {"type": "LineString", "coordinates": [[9.1446687, 45.4556232], [9.1446348, 45.4556839], [9.1439377, 45.4569011], [9.1439214, 45.4569313], [9.143905, 45.4569615]]}}, {"type": "Feature", "properties": {"id": "SS-MIL-3544", "nome": "Via Prato", "quartiere": "", "classificazione": "giallo", "score": 3, "note": "strada urbana senza ciclabile", "ciclabile": "no", "n_corsie": "2", "senso_unico": "no", "n_testimonianze": "0", "zona": "B1"}, "geometry": {"type": "MultiLineString", "coordinates": [[[9.10379, 45.4534], [9.1038342, 45.4533907], [9.1038804, 45.4533925], [9.103923, 45.453405], [9.1039549, 45.453425], [9.1039762, 45.453451], [9.1039849, 45.4534804], [9.1039801, 45.4535102], [9.1039621, 45.4535375], [9.1039329, 45.4535594], [9.1038954, 45.4535738], [9.1038533, 45.4535793], [9.1038109, 45.4535752], [9.1037725, 45.453562], [9.1037398, 45.4535391]], [[9.1016936, 45.4529236], [9.101735, 45.4529236], [9.1017984, 45.452914], [9.1018508, 45.4528966], [9.1018977, 45.4528637], [9.1020162, 45.4527689], [9.1020659, 45.4527379], [9.1021321, 45.4527108], [9.1021955, 45.4526992], [9.1022672, 45.4526992], [9.1023279, 45.4527128], [9.1023855, 45.4527392], [9.1024332, 45.452766], [9.1030496, 45.4531131], [9.1034081, 45.4533149]], [[9.1034081, 45.4533149], [9.103461, 45.4533405], [9.1035129, 45.4533569], [9.1035883, 45.4533769], [9.103624, 45.4533829], [9.103682, 45.4533945], [9.1037285, 45.4533969], [9.10379, 45.4534]], [[9.1037201, 45.4535098], [9.1036301, 45.4534497], [9.1035896, 45.4534251], [9.1034081, 45.4533149]], [[9.1014905, 45.4528739], [9.1015331, 45.4528935], [9.1015784, 45.4529084], [9.1016326, 45.452918], [9.1016936, 45.4529236]], [[9.1016936, 45.4529236], [9.1016184, 45.4529358], [9.1015188, 45.4529622], [9.1014409, 45.4529921]], [[9.1018442, 45.4549426], [9.10266, 45.4544536], [9.1033669, 45.4540395], [9.10348, 45.453963], [9.1035614, 45.453899], [9.10362, 45.4538419], [9.1036689, 45.4537825], [9.1036907, 45.4537413], [9.1037307, 45.453682], [9.1037438, 45.4536432], [9.1037503, 45.4536089], [9.1037398, 45.4535391]], [[9.1037201, 45.4535098], [9.1037157, 45.4534775], [9.103727, 45.4534461], [9.1037528, 45.4534192], [9.10379, 45.4534]], [[9.1037398, 45.4535391], [9.1037201, 45.4535098]], [[9.1017749, 45.454972], [9.1018442, 45.4549426]], [[9.101707, 45.4550119], [9.1017749, 45.454972]]]}}, {"type": "Feature", "properties": {"id": "SS-MIL-3553", "nome": "Via Privata Albona", "quartiere": "", "classificazione": "giallo", "score": 3, "note": "strada urbana senza ciclabile", "ciclabile": "no", "n_corsie": "2", "senso_unico": "no", "n_testimonianze": "0", "zona": "B1"}, "geometry": {"type": "MultiLineString", "coordinates": [[[9.0952791, 45.4583412], [9.0955087, 45.4579583]], [[9.0955087, 45.4579583], [9.0956497, 45.4577214], [9.0956977, 45.4576409], [9.0957601, 45.4575315]], [[9.0945682, 45.4595684], [9.0946103, 45.4594952], [9.0952418, 45.4584035], [9.0952791, 45.4583412]]]}}, {"type": "Feature", "properties": {"id": "SS-MIL-3556", "nome": "Via Privata Bernardino Zendrini", "quartiere": "", "classificazione": "giallo", "score": 3, "note": "strada urbana senza ciclabile", "ciclabile": "no", "n_corsie": "2", "senso_unico": "si", "n_testimonianze": "0", "zona": "B1"}, "geometry": {"type": "MultiLineString", "coordinates": [[[9.1274757, 45.4618244], [9.1273914, 45.461808], [9.125807, 45.4614671], [9.1248025, 45.4612536], [9.1246629, 45.4612226]], [[9.1283763, 45.4620207], [9.128309, 45.4620058], [9.1282505, 45.4619929], [9.1274757, 45.4618244]]]}}, {"type": "Feature", "properties": {"id": "SS-MIL-3562", "nome": "Via Privata Duccio di Boninsegna", "quartiere": "", "classificazione": "blu", "score": 2, "note": "accesso limitato (ZTL)", "ciclabile": "no", "n_corsie": "1", "senso_unico": "si", "n_testimonianze": "0", "zona": "B1"}, "geometry": {"type": "LineString", "coordinates": [[9.1587765, 45.4705996], [9.1587121, 45.4705567], [9.1586895, 45.4705417], [9.1580979, 45.4701509], [9.1579513, 45.4700562], [9.1579315, 45.4700435], [9.1575326, 45.469786], [9.1573542, 45.4696708], [9.1572829, 45.4696248], [9.1570627, 45.4694817], [9.1569288, 45.4693946], [9.156896, 45.4693738], [9.156767, 45.4692917]]}}, {"type": "Feature", "properties": {"id": "SS-MIL-3565", "nome": "Via Privata Giovanni Sgambati", "quartiere": "", "classificazione": "giallo", "score": 3, "note": "strada urbana senza ciclabile (1 corsie)", "ciclabile": "no", "n_corsie": "1", "senso_unico": "no", "n_testimonianze": "0", "zona": "B1"}, "geometry": {"type": "LineString", "coordinates": [[9.0900151, 45.4609283], [9.089952, 45.460923], [9.0895227, 45.4608863], [9.0895004, 45.4608855], [9.0894846, 45.4608907], [9.0893592, 45.4609572], [9.0892376, 45.4610182], [9.0891805, 45.4610249], [9.0886444, 45.4609785], [9.0885812, 45.4609745], [9.0885763, 45.4610033], [9.0884955, 45.46124]]}}, {"type": "Feature", "properties": {"id": "SS-MIL-3566", "nome": "Via Privata Giulio Branca", "quartiere": "", "classificazione": "giallo", "score": 3, "note": "strada urbana senza ciclabile", "ciclabile": "no", "n_corsie": "2", "senso_unico": "si", "n_testimonianze": "0", "zona": "B1"}, "geometry": {"type": "LineString", "coordinates": [[9.133946, 45.4676474], [9.1339342, 45.4676046], [9.1338383, 45.4673079], [9.1337787, 45.4666315]]}}, {"type": "Feature", "properties": {"id": "SS-MIL-3567", "nome": "Via Privata Ischia", "quartiere": "", "classificazione": "giallo", "score": 3, "note": "strada urbana senza ciclabile", "ciclabile": "no", "n_corsie": "2", "senso_unico": "si", "n_testimonianze": "0", "zona": "B1"}, "geometry": {"type": "LineString", "coordinates": [[9.1578091, 45.4615719], [9.1578541, 45.4615034], [9.1583074, 45.4608128], [9.1583323, 45.4607749]]}}, {"type": "Feature", "properties": {"id": "SS-MIL-3573", "nome": "Via Privata Mulino", "quartiere": "", "classificazione": "giallo", "score": 3, "note": "strada urbana senza ciclabile", "ciclabile": "no", "n_corsie": "2", "senso_unico": "no", "n_testimonianze": "0", "zona": "B1"}, "geometry": {"type": "MultiLineString", "coordinates": [[[9.120393, 45.4373012], [9.1203923, 45.4372383], [9.1203907, 45.4372145], [9.120389, 45.4371907], [9.1204164, 45.4370791], [9.1205086, 45.4368192], [9.1207186, 45.4364336], [9.1211008, 45.4357317], [9.1213221, 45.4353569], [9.1214385, 45.4351596], [9.121564, 45.4349388]], [[9.121717, 45.4346782], [9.121686, 45.4347305], [9.1216549, 45.4347827], [9.1216384, 45.4348111], [9.121564, 45.4349388]]]}}, {"type": "Feature", "properties": {"id": "SS-MIL-3580", "nome": "Via Privata Rieti", "quartiere": "", "classificazione": "giallo", "score": 3, "note": "strada urbana senza ciclabile", "ciclabile": "no", "n_corsie": "2", "senso_unico": "no", "n_testimonianze": "0", "zona": "B1"}, "geometry": {"type": "LineString", "coordinates": [[9.0783534, 45.4615377], [9.0780955, 45.462036], [9.0781449, 45.4620973], [9.0780796, 45.4623026], [9.0780375, 45.4623428], [9.0779742, 45.4624499], [9.0779047, 45.4625749], [9.07811, 45.4626249]]}}, {"type": "Feature", "properties": {"id": "SS-MIL-3581", "nome": "Via Privata Rosalba Carriera", "quartiere": "", "classificazione": "giallo", "score": 3, "note": "strada urbana senza ciclabile (2 corsie)", "ciclabile": "no", "n_corsie": "2", "senso_unico": "no", "n_testimonianze": "0", "zona": "B1"}, "geometry": {"type": "MultiLineString", "coordinates": [[[9.1430209, 45.4480492], [9.1430146, 45.4480588], [9.1429767, 45.4481163], [9.1429517, 45.4481542], [9.1429309, 45.4481868], [9.14268, 45.4485706], [9.1426733, 45.4485809], [9.1426637, 45.4485956], [9.1426374, 45.4486357]], [[9.1430209, 45.4480492], [9.1430932, 45.4479374]], [[9.1433427, 45.4475735], [9.1433536, 45.4475574], [9.1438091, 45.446852], [9.1439819, 45.4466048], [9.1439952, 45.4465839], [9.1440203, 45.4465514], [9.1440361, 45.4465276]], [[9.1430932, 45.4479374], [9.1433427, 45.4475735]]]}}, {"type": "Feature", "properties": {"id": "SS-MIL-3585", "nome": "Via Privata Tre Castelli", "quartiere": "", "classificazione": "giallo", "score": 3, "note": "strada urbana senza ciclabile", "ciclabile": "no", "n_corsie": "2", "senso_unico": "no", "n_testimonianze": "0", "zona": "B1"}, "geometry": {"type": "LineString", "coordinates": [[9.1366222, 45.4389123], [9.1366493, 45.4388681], [9.137386, 45.4376676], [9.1374181, 45.4376153], [9.1375965, 45.4374433], [9.1376098, 45.4373963], [9.1376672, 45.4371937], [9.1379569, 45.4360765], [9.1379729, 45.4359147], [9.1379637, 45.4359057], [9.1379583, 45.4359031], [9.1379292, 45.4358937], [9.1379111, 45.4358893], [9.1379045, 45.4358888], [9.1378495, 45.435877], [9.1378431, 45.4358763], [9.1377053, 45.4358562], [9.1376987, 45.4358571], [9.1370505, 45.4357966], [9.1361416, 45.4357494], [9.1361351, 45.4357495], [9.1352021, 45.4357737], [9.1351906, 45.4357794], [9.1351845, 45.435781], [9.1351659, 45.4357844], [9.1351594, 45.435785], [9.1349281, 45.435777], [9.1332248, 45.4357183], [9.133121, 45.4357185], [9.1329521, 45.4357145]]}}, {"type": "Feature", "properties": {"id": "SS-MIL-3587", "nome": "Via Privata del Centauro", "quartiere": "", "classificazione": "giallo", "score": 3, "note": "strada urbana senza ciclabile", "ciclabile": "no", "n_corsie": "2", "senso_unico": "no", "n_testimonianze": "0", "zona": "B1"}, "geometry": {"type": "MultiLineString", "coordinates": [[[9.1232382, 45.4830773], [9.1230574, 45.483135], [9.1221368, 45.4834359], [9.1207736, 45.4838816], [9.1184553, 45.4846395], [9.1182323, 45.4847129], [9.118206, 45.4847215], [9.1180875, 45.4847536]], [[9.1250402, 45.482249], [9.1250308, 45.4823172], [9.1250112, 45.4823791], [9.1249567, 45.4824465], [9.124845, 45.4825117], [9.1245251, 45.4826422], [9.1235341, 45.4829771], [9.1232382, 45.4830773]], [[9.1250402, 45.482249], [9.1250241, 45.4821636], [9.1249901, 45.4820764], [9.124765, 45.4816473], [9.1246398, 45.481477]]]}}, {"type": "Feature", "properties": {"id": "SS-MIL-3596", "nome": "Via Quarnero", "quartiere": "", "classificazione": "giallo", "score": 3, "note": "strada urbana senza ciclabile", "ciclabile": "no", "n_corsie": "2", "senso_unico": "si", "n_testimonianze": "0", "zona": "B1"}, "geometry": {"type": "LineString", "coordinates": [[9.1550418, 45.4636744], [9.1548539, 45.4636777], [9.1547893, 45.4636793], [9.1534826, 45.4637168], [9.1534156, 45.4637174]]}}, {"type": "Feature", "properties": {"id": "SS-MIL-3599", "nome": "Via Quinto Cenni", "quartiere": "", "classificazione": "giallo", "score": 3, "note": "strada urbana senza ciclabile", "ciclabile": "no", "n_corsie": "2", "senso_unico": "si", "n_testimonianze": "0", "zona": "B1"}, "geometry": {"type": "MultiLineString", "coordinates": [[[9.1248561, 45.4695878], [9.1248121, 45.4695212], [9.1247365, 45.4694206]], [[9.1245584, 45.4692064], [9.1244957, 45.4691661], [9.1241059, 45.4689844], [9.124063, 45.4689646], [9.1236325, 45.4687991], [9.1235796, 45.4687897], [9.1235239, 45.4687878], [9.1234562, 45.4687982], [9.1232202, 45.4688725], [9.1231959, 45.4688822], [9.1231481, 45.4689079]], [[9.1247365, 45.4694206], [9.1246903, 45.469361], [9.1245881, 45.4692366], [9.1245584, 45.4692064]]]}}, {"type": "Feature", "properties": {"id": "SS-MIL-3600", "nome": "Via Quinto Romano", "quartiere": "", "classificazione": "giallo", "score": 3, "note": "strada urbana senza ciclabile (2 corsie)", "ciclabile": "no", "n_corsie": "2", "senso_unico": "no", "n_testimonianze": "0", "zona": "B1"}, "geometry": {"type": "MultiLineString", "coordinates": [[[9.0845097, 45.4682154], [9.0843555, 45.4683862], [9.0842578, 45.4684704], [9.0841639, 45.4685275], [9.0840546, 45.4685837], [9.0837013, 45.4687415], [9.0821425, 45.4693605], [9.0820162, 45.4694206], [9.0819148, 45.4694797], [9.0813675, 45.4699161], [9.081233, 45.469983], [9.0811179, 45.4700288], [9.0809987, 45.4700713], [9.0803855, 45.4702784], [9.080227, 45.4703617], [9.0800956, 45.4704689], [9.0799832, 45.4705922], [9.0799133, 45.4707297], [9.0798957, 45.4708458], [9.0799066, 45.4709923], [9.0799693, 45.4712035], [9.0800624, 45.4715172], [9.0801592, 45.4721769], [9.0801859, 45.4729391], [9.0801895, 45.4730432]], [[9.084901, 45.4675776], [9.0848011, 45.4677405], [9.0845097, 45.4682154]], [[9.0868197, 45.4638351], [9.086869, 45.4637554], [9.0871737, 45.4632712]], [[9.0853713, 45.4664348], [9.0854785, 45.466455], [9.0863883, 45.4666313], [9.0864622, 45.4666381]], [[9.0853713, 45.4664348], [9.0853343, 45.4665247], [9.0852534, 45.4667213], [9.0851552, 45.46696], [9.0849415, 45.4674792], [9.084901, 45.4675776]], [[9.084901, 45.4675776], [9.0849841, 45.4675933], [9.0850078, 45.4675978], [9.085885, 45.4677647], [9.0860769, 45.4678012], [9.0862707, 45.4678435]], [[9.0874914, 45.4627216], [9.0875454, 45.4626511], [9.0875777, 45.4626102]], [[9.0871737, 45.4632712], [9.0873133, 45.4630389], [9.0874914, 45.4627216]], [[9.0858118, 45.4655282], [9.085558, 45.4659725], [9.0853713, 45.4664348]], [[9.0859094, 45.4653571], [9.0858575, 45.465448], [9.0858118, 45.4655282]], [[9.0864622, 45.4666381], [9.086513, 45.4666288], [9.0865625, 45.4665976], [9.0865896, 45.4665566], [9.0869318, 45.4660612]], [[9.0868197, 45.4638351], [9.0867708, 45.4639119], [9.0865716, 45.4642186], [9.0865559, 45.464246]], [[9.0865559, 45.464246], [9.0864195, 45.4644772], [9.0861702, 45.4649071], [9.0861426, 45.4649548], [9.0859094, 45.4653571]]]}}, {"type": "Feature", "properties": {"id": "SS-MIL-3601", "nome": "Via Quinto Sella", "quartiere": "", "classificazione": "giallo", "score": 3, "note": "strada urbana senza ciclabile", "ciclabile": "no", "n_corsie": "2", "senso_unico": "no", "n_testimonianze": "0", "zona": "B1"}, "geometry": {"type": "LineString", "coordinates": [[9.1090776, 45.4507438], [9.109313, 45.4501722], [9.1110446, 45.4462107], [9.1111208, 45.4460377]]}}, {"type": "Feature", "properties": {"id": "SS-MIL-3610", "nome": "Via Raffaello Barbiera", "quartiere": "", "classificazione": "giallo", "score": 3, "note": "strada urbana senza ciclabile", "ciclabile": "no", "n_corsie": "2", "senso_unico": "no", "n_testimonianze": "0", "zona": "B1"}, "geometry": {"type": "LineString", "coordinates": [[9.0812599, 45.4608641], [9.081282, 45.4608331], [9.0825629, 45.4590405], [9.0829634, 45.458498], [9.0830302, 45.4584075]]}}, {"type": "Feature", "properties": {"id": "SS-MIL-3611", "nome": "Via Raffaello Bertieri", "quartiere": "", "classificazione": "giallo", "score": 3, "note": "strada urbana senza ciclabile", "ciclabile": "no", "n_corsie": "2", "senso_unico": "si", "n_testimonianze": "0", "zona": "B1"}, "geometry": {"type": "MultiLineString", "coordinates": [[[9.1487109, 45.4549435], [9.1486459, 45.454925], [9.1476335, 45.4546351], [9.1470425, 45.4544658], [9.1469367, 45.4544375]], [[9.1488243, 45.4549759], [9.1487109, 45.4549435]]]}}, {"type": "Feature", "properties": {"id": "SS-MIL-3616", "nome": "Via Raimondo Montecuccoli", "quartiere": "", "classificazione": "giallo", "score": 3, "note": "strada urbana senza ciclabile", "ciclabile": "no", "n_corsie": "2", "senso_unico": "no", "n_testimonianze": "0", "zona": "B1"}, "geometry": {"type": "MultiLineString", "coordinates": [[[9.1304224, 45.4583567], [9.1305062, 45.4583789], [9.1305152, 45.4583807], [9.1305668, 45.4583955], [9.1320113, 45.4587753], [9.1320378, 45.4587816], [9.1321025, 45.4587976]], [[9.1333999, 45.4591376], [9.1335352, 45.4591727], [9.1362063, 45.4598623], [9.136267, 45.4598688], [9.1363606, 45.4598683]], [[9.1321025, 45.4587976], [9.1321149, 45.4588009], [9.1333104, 45.4591141], [9.1333999, 45.4591376]]]}}, {"type": "Feature", "properties": {"id": "SS-MIL-3621", "nome": "Via Recoaro", "quartiere": "", "classificazione": "giallo", "score": 3, "note": "strada urbana senza ciclabile", "ciclabile": "no", "n_corsie": "2", "senso_unico": "no", "n_testimonianze": "0", "zona": "B1"}, "geometry": {"type": "MultiLineString", "coordinates": [[[9.1296484, 45.4476545], [9.1296953, 45.4475876], [9.130172, 45.4467017], [9.1301864, 45.4466132]], [[9.130646, 45.4464808], [9.1301864, 45.4466132]]]}}, {"type": "Feature", "properties": {"id": "SS-MIL-3623", "nome": "Via Redipuglia", "quartiere": "", "classificazione": "giallo", "score": 3, "note": "strada urbana senza ciclabile", "ciclabile": "no", "n_corsie": "2", "senso_unico": "si", "n_testimonianze": "0", "zona": "B1"}, "geometry": {"type": "MultiLineString", "coordinates": [[[9.0819378, 45.4506436], [9.083397, 45.4494916], [9.083439, 45.4494584], [9.0834769, 45.4494285]], [[9.0461338, 45.5359858], [9.0457152, 45.5356685]], [[9.0457152, 45.5356685], [9.0456571, 45.5356273], [9.045204, 45.5353057], [9.04514, 45.5352602]], [[9.04514, 45.5352602], [9.0443636, 45.5346641], [9.0443499, 45.5346536], [9.044193, 45.5345331], [9.044126, 45.5344663], [9.0439682, 45.534337], [9.0436254, 45.534074], [9.0430797, 45.5336801], [9.0427141, 45.5334163], [9.0418916, 45.5328375], [9.0418253, 45.5327915], [9.041788, 45.5327657], [9.0416321, 45.532657]], [[9.1216356, 45.5222289], [9.1216851, 45.5218323], [9.1217175, 45.5215893]]]}}, {"type": "Feature", "properties": {"id": "SS-MIL-3627", "nome": "Via Rembrandt", "quartiere": "", "classificazione": "giallo", "score": 3, "note": "strada urbana senza ciclabile (2 corsie)", "ciclabile": "no", "n_corsie": "2", "senso_unico": "si", "n_testimonianze": "0", "zona": "B1"}, "geometry": {"type": "MultiLineString", "coordinates": [[[9.1312588, 45.4679895], [9.131348, 45.4679796], [9.1315375, 45.4679555], [9.1318906, 45.4679107], [9.13262, 45.467817], [9.1329831, 45.4677703], [9.1338476, 45.4676596], [9.133946, 45.4676474]], [[9.1313405, 45.4680745], [9.1311775, 45.4680927]], [[9.1368311, 45.4673429], [9.13729, 45.4673238]], [[9.1372965, 45.4674414], [9.1368461, 45.4674606]], [[9.1396524, 45.4673261], [9.1396785, 45.4672811], [9.1397735, 45.4671135]], [[9.1402625, 45.4674249], [9.1401462, 45.4674256], [9.1399816, 45.4674265], [9.1385694, 45.4674342], [9.1384508, 45.4674349]], [[9.1340804, 45.4677466], [9.1339627, 45.4677608]], [[9.1344118, 45.4675958], [9.1346942, 45.4675617], [9.1347229, 45.4675589], [9.135018, 45.467523], [9.1357658, 45.4674321]], [[9.1344255, 45.4677075], [9.1340804, 45.4677466]], [[9.1340828, 45.4676319], [9.134327, 45.4676051], [9.1344118, 45.4675958]], [[9.133946, 45.4676474], [9.1340828, 45.4676319]], [[9.1360544, 45.4674998], [9.1347305, 45.4676683], [9.1344255, 45.4677075]], [[9.1317108, 45.468045], [9.1314742, 45.4680661], [9.1313405, 45.4680745]], [[9.1339627, 45.4677608], [9.1338682, 45.4677704], [9.1317108, 45.468045]], [[9.1357658, 45.4674321], [9.1360466, 45.4673963]], [[9.1360466, 45.4673963], [9.1363016, 45.4673591], [9.1367012, 45.4673433], [9.1368311, 45.4673429]], [[9.1368461, 45.4674606], [9.1367508, 45.4674638], [9.1366921, 45.4674642], [9.1365239, 45.4674701], [9.1360544, 45.4674998]], [[9.1384508, 45.4674349], [9.1381726, 45.4674364]], [[9.1381675, 45.4673314], [9.1384413, 45.4673321]], [[9.1396524, 45.4673261], [9.1400074, 45.4673254], [9.140108, 45.4673239]], [[9.1384413, 45.4673321], [9.138565, 45.4673311], [9.1396524, 45.4673261]], [[9.13729, 45.4673238], [9.1373983, 45.4673218], [9.1381675, 45.4673314]], [[9.1381726, 45.4674364], [9.1374615, 45.467442], [9.1374161, 45.4674405], [9.1372965, 45.4674414]]]}}, {"type": "Feature", "properties": {"id": "SS-MIL-3628", "nome": "Via Remigio Paone", "quartiere": "", "classificazione": "giallo", "score": 3, "note": "strada urbana senza ciclabile", "ciclabile": "no", "n_corsie": "2", "senso_unico": "si", "n_testimonianze": "0", "zona": "B1"}, "geometry": {"type": "MultiLineString", "coordinates": [[[9.1063515, 45.4692443], [9.1063535, 45.469119], [9.1063556, 45.4690768]], [[9.106531, 45.4691004], [9.1064288, 45.4691852], [9.1063515, 45.4692443]], [[9.1062633, 45.4694561], [9.1063515, 45.4692443]], [[9.1056383, 45.4709508], [9.1057198, 45.4707183], [9.1057524, 45.4706425], [9.1058869, 45.4703302], [9.1060295, 45.469999], [9.1061293, 45.4697674], [9.106132, 45.4697612], [9.1062633, 45.4694561]], [[9.1063157, 45.4690021], [9.1063198, 45.4689806], [9.10633, 45.4689601], [9.106346, 45.4689416], [9.1063671, 45.4689257]], [[9.106531, 45.4691004], [9.1065054, 45.4691071], [9.1064786, 45.4691104], [9.1064513, 45.4691102], [9.1064245, 45.4691066], [9.1063991, 45.4690997], [9.1063758, 45.4690896], [9.1063556, 45.4690768]]]}}, {"type": "Feature", "properties": {"id": "SS-MIL-3629", "nome": "Via Remo La Valle", "quartiere": "", "classificazione": "giallo", "score": 3, "note": "strada urbana senza ciclabile", "ciclabile": "no", "n_corsie": "2", "senso_unico": "si", "n_testimonianze": "0", "zona": "B1"}, "geometry": {"type": "MultiLineString", "coordinates": [[[9.1281281, 45.4460833], [9.1280546, 45.4460642], [9.1261792, 45.4455759], [9.1260863, 45.4455516]], [[9.1265133, 45.4449277], [9.1260863, 45.4455516]]]}}, {"type": "Feature", "properties": {"id": "SS-MIL-3639", "nome": "Via Repubblica dell'Ossola", "quartiere": "", "classificazione": "giallo", "score": 3, "note": "strada urbana senza ciclabile", "ciclabile": "no", "n_corsie": "2", "senso_unico": "no", "n_testimonianze": "0", "zona": "B1"}, "geometry": {"type": "LineString", "coordinates": [[9.0948939, 45.440328], [9.0948659, 45.4403705], [9.0947029, 45.4406175], [9.0944945, 45.4409334], [9.0944659, 45.4409767], [9.0942979, 45.4412374], [9.0942112, 45.4413568]]}}, {"type": "Feature", "properties": {"id": "SS-MIL-3647", "nome": "Via Riccardo Balsamo Crivelli", "quartiere": "", "classificazione": "giallo", "score": 3, "note": "strada urbana senza ciclabile", "ciclabile": "no", "n_corsie": "2", "senso_unico": "no", "n_testimonianze": "0", "zona": "B1"}, "geometry": {"type": "MultiLineString", "coordinates": [[[9.1361828, 45.4387792], [9.1357557, 45.4386515]], [[9.1373336, 45.4391189], [9.1371616, 45.4390689], [9.1368551, 45.4389799], [9.1366222, 45.4389123]], [[9.1374867, 45.4391653], [9.1374487, 45.4391538], [9.1373336, 45.4391189]], [[9.1366222, 45.4389123], [9.1361828, 45.4387792]], [[9.1384175, 45.4394496], [9.1382936, 45.4394121], [9.1381472, 45.4393643]], [[9.1376483, 45.439214], [9.1374867, 45.4391653]], [[9.1381472, 45.4393643], [9.1376833, 45.4392245], [9.1376483, 45.439214]]]}}, {"type": "Feature", "properties": {"id": "SS-MIL-3651", "nome": "Via Riccardo Lombardi", "quartiere": "", "classificazione": "giallo", "score": 3, "note": "strada urbana senza ciclabile", "ciclabile": "no", "n_corsie": "2", "senso_unico": "si", "n_testimonianze": "0", "zona": "B1"}, "geometry": {"type": "MultiLineString", "coordinates": [[[9.067783, 45.4607939], [9.0678608, 45.4606863], [9.067965, 45.4605411], [9.0683627, 45.4599348], [9.0688609, 45.4591354], [9.0689709, 45.4589622], [9.0690534, 45.4588322], [9.0691206, 45.45872], [9.0691846, 45.4586219], [9.0693548, 45.458329], [9.0693941, 45.4582444], [9.0694542, 45.4580671], [9.0695321, 45.4578354]], [[9.0683388, 45.4611697], [9.0681622, 45.4611571], [9.0680319, 45.461147], [9.0679311, 45.4611484], [9.0678704, 45.4611485], [9.0678099, 45.4611536]], [[9.0697356, 45.4579363], [9.0696179, 45.4581316], [9.068453, 45.4599892], [9.068126, 45.4605085], [9.0680761, 45.4605955], [9.0680119, 45.460735], [9.0679788, 45.4608446]], [[9.0679788, 45.4608446], [9.0679682, 45.4609103], [9.0679326, 45.460985], [9.0678982, 45.461045], [9.0678576, 45.4611064], [9.0678215, 45.4611429], [9.0678099, 45.4611536], [9.0677661, 45.4611965]], [[9.0683388, 45.4611697], [9.0686949, 45.4612805], [9.0687605, 45.4613021]], [[9.0679682, 45.4609103], [9.0680366, 45.4609989], [9.0680798, 45.4610352], [9.0681715, 45.4610926], [9.0683388, 45.4611697]], [[9.0677661, 45.4611965], [9.0677299, 45.4612067], [9.0676968, 45.4612029], [9.0676625, 45.4611975], [9.0676116, 45.4611874], [9.0675626, 45.4611714]], [[9.0664781, 45.4629224], [9.0665381, 45.4628246], [9.0674314, 45.4614017], [9.0675197, 45.4612473], [9.0675626, 45.4611714]], [[9.0677661, 45.4611965], [9.0676948, 45.4612827], [9.0675361, 45.4614807], [9.066658, 45.4628506], [9.0665752, 45.4629638]], [[9.0675626, 45.4611714], [9.0675529, 45.4611588], [9.0675489, 45.4611447], [9.0675522, 45.4611268], [9.0675614, 45.4610908], [9.0675956, 45.4610089], [9.0676481, 45.4609356], [9.0677125, 45.460851], [9.067783, 45.4607939]], [[9.067783, 45.4607939], [9.0678215, 45.4607846], [9.0678735, 45.4607838], [9.067918, 45.4607958], [9.0679505, 45.460814], [9.0679788, 45.4608446]], [[9.0687605, 45.4613021], [9.068948, 45.4613591]], [[9.0664325, 45.4638045], [9.0664376, 45.4638896]], [[9.0663271, 45.4638103], [9.0663098, 45.4635336], [9.066322, 45.4633777], [9.0663725, 45.4631665], [9.0664781, 45.4629224]], [[9.0665752, 45.4629638], [9.0664924, 45.4631675], [9.0664309, 45.4633649], [9.0664262, 45.4635619]], [[9.0664262, 45.4635619], [9.0664643, 45.4636774], [9.066471, 45.463733], [9.0664883, 45.4637695], [9.0665101, 45.4637897], [9.0665314, 45.4637997], [9.0666329, 45.4638317]], [[9.0664262, 45.4635619], [9.0664325, 45.4638045]]]}}, {"type": "Feature", "properties": {"id": "SS-MIL-3655", "nome": "Via Rilè", "quartiere": "", "classificazione": "giallo", "score": 3, "note": "strada urbana senza ciclabile", "ciclabile": "no", "n_corsie": "2", "senso_unico": "no", "n_testimonianze": "0", "zona": "B1"}, "geometry": {"type": "MultiLineString", "coordinates": [[[9.0535039, 45.479586], [9.0526095, 45.47925], [9.0522583, 45.4790424], [9.0522307, 45.4790254]], [[9.0523252, 45.4774002], [9.0523168, 45.4774666], [9.0514986, 45.4785028], [9.0515135, 45.4785381], [9.0520243, 45.4788136], [9.0522307, 45.4790254]]]}}, {"type": "Feature", "properties": {"id": "SS-MIL-3656", "nome": "Via Rimembranze", "quartiere": "", "classificazione": "giallo", "score": 3, "note": "strada urbana senza ciclabile", "ciclabile": "no", "n_corsie": "2", "senso_unico": "no", "n_testimonianze": "0", "zona": "B1"}, "geometry": {"type": "MultiLineString", "coordinates": [[[9.0935888, 45.4497229], [9.093874, 45.4497217], [9.093911, 45.4497186], [9.0939382, 45.4497103], [9.0939796, 45.4496908], [9.0954574, 45.4489863]], [[9.0954574, 45.4489863], [9.0956094, 45.4488171], [9.0956217, 45.4488019], [9.0956692, 45.4487416], [9.0958501, 45.4484705]], [[9.0960986, 45.4486189], [9.0959819, 45.4486973], [9.0957504, 45.4488458], [9.0957325, 45.4488562], [9.0957278, 45.4488577], [9.0954574, 45.4489863]], [[9.1464727, 45.5301159], [9.1463594, 45.5300517], [9.1461889, 45.5299482], [9.1460954, 45.5298998], [9.1459619, 45.529841], [9.1458573, 45.52981], [9.1457809, 45.5297936], [9.1456662, 45.5297706], [9.1455643, 45.5297551], [9.1454583, 45.5297466]], [[9.1432149, 45.5301179], [9.1435152, 45.5300652], [9.1440144, 45.5299776], [9.144533, 45.529887], [9.1445845, 45.5298783], [9.144627, 45.5298711], [9.1446878, 45.5298608]], [[9.1454583, 45.5297466], [9.1455536, 45.5297269], [9.1456521, 45.5297142], [9.1457668, 45.5297133], [9.1458751, 45.5297277], [9.1462282, 45.5298189], [9.1463203, 45.5298422], [9.1463938, 45.5298551], [9.1464734, 45.529861], [9.1465913, 45.5298573]], [[9.1449671, 45.529809], [9.1449929, 45.5298046], [9.1450259, 45.529799], [9.145093, 45.5297905], [9.1453519, 45.5297575], [9.145388, 45.5297529]], [[9.1424141, 45.5303718], [9.142549, 45.5303051], [9.1426695, 45.5302544], [9.1428327, 45.5302071], [9.1429413, 45.5301734], [9.1431189, 45.5301348], [9.1432149, 45.5301179]], [[9.145388, 45.5297529], [9.1454583, 45.5297466]]]}}, {"type": "Feature", "properties": {"id": "SS-MIL-3667", "nome": "Via Roald Amundsen", "quartiere": "", "classificazione": "giallo", "score": 3, "note": "strada urbana senza ciclabile", "ciclabile": "no", "n_corsie": "2", "senso_unico": "si", "n_testimonianze": "0", "zona": "B1"}, "geometry": {"type": "LineString", "coordinates": [[9.1336955, 45.4696781], [9.1338196, 45.4695852], [9.1354255, 45.4683827]]}}, {"type": "Feature", "properties": {"id": "SS-MIL-3669", "nome": "Via Robert Koch", "quartiere": "", "classificazione": "giallo", "score": 3, "note": "strada urbana senza ciclabile", "ciclabile": "no", "n_corsie": "2", "senso_unico": "si", "n_testimonianze": "0", "zona": "B1"}, "geometry": {"type": "MultiLineString", "coordinates": [[[9.1156797, 45.4434339], [9.1156091, 45.443504], [9.1155199, 45.4435785], [9.1153788, 45.4436577]], [[9.1153788, 45.4436577], [9.115256, 45.4437775]], [[9.1153788, 45.4436577], [9.1154238, 45.4435469], [9.1154834, 45.4434496], [9.1155441, 45.4433771]], [[9.1134579, 45.4467877], [9.1134801, 45.4467445], [9.1135078, 45.4466907], [9.1135283, 45.4466583]], [[9.1135283, 45.4466583], [9.1136036, 45.4465095]], [[9.1136036, 45.4465095], [9.1139295, 45.4459265]], [[9.115256, 45.4437775], [9.1151756, 45.443888], [9.1147205, 45.4444923], [9.114626, 45.4446627], [9.1145662, 45.4447706]], [[9.1144949, 45.4449031], [9.1143733, 45.4451184], [9.1143654, 45.4451333], [9.1143115, 45.4452324]], [[9.1139295, 45.4459265], [9.114269, 45.4453098], [9.1143115, 45.4452324]], [[9.1145662, 45.4447706], [9.1145178, 45.4448579], [9.1144949, 45.4449031]], [[9.114614, 45.4449559], [9.1146244, 45.4449371], [9.1146418, 45.444906]]]}}, {"type": "Feature", "properties": {"id": "SS-MIL-3676", "nome": "Via Roberto Rossellini", "quartiere": "", "classificazione": "giallo", "score": 3, "note": "strada urbana senza ciclabile", "ciclabile": "no", "n_corsie": "2", "senso_unico": "si", "n_testimonianze": "0", "zona": "B1"}, "geometry": {"type": "MultiLineString", "coordinates": [[[9.1097235, 45.4695807], [9.1098732, 45.4696251], [9.1099718, 45.4696366], [9.1106145, 45.4696253]], [[9.1095379, 45.4695426], [9.1095475, 45.4695395], [9.109565, 45.4695358], [9.1095831, 45.4695336], [9.1096014, 45.469533], [9.1096197, 45.4695339], [9.1096377, 45.4695365], [9.109655, 45.4695406], [9.1096715, 45.4695462], [9.109687, 45.4695532], [9.109701, 45.4695615], [9.1097135, 45.4695709], [9.1097235, 45.4695807]], [[9.1094741, 45.4696911], [9.109365, 45.4696451], [9.1089607, 45.4695596], [9.1088802, 45.4695417]], [[9.110687, 45.4698163], [9.1099141, 45.4697175], [9.1098578, 45.4697103], [9.1097992, 45.4697139], [9.1096839, 45.4697209]], [[9.1063671, 45.4689257], [9.1063869, 45.4689155], [9.1064087, 45.4689076], [9.1064321, 45.4689024], [9.1064564, 45.4688998], [9.106481, 45.4689001], [9.1065051, 45.4689032], [9.1065283, 45.468909], [9.1065497, 45.4689174], [9.106569, 45.4689281], [9.1065855, 45.4689408], [9.1065988, 45.4689553], [9.1066086, 45.4689711]], [[9.1069567, 45.4691055], [9.1065971, 45.4690573]], [[9.1089218, 45.4694664], [9.1089999, 45.4694833], [9.1093886, 45.4695787], [9.1094476, 45.469566], [9.1095151, 45.4695515]], [[9.1066086, 45.4689711], [9.1067206, 45.4689865], [9.1068717, 45.4690095], [9.1069938, 45.469037]], [[9.1069938, 45.469037], [9.1071081, 45.4690601], [9.1077345, 45.4692001], [9.1088521, 45.4694511], [9.1089218, 45.4694664]], [[9.1065971, 45.4690573], [9.1065843, 45.4690706], [9.1065688, 45.4690824], [9.1065509, 45.4690924], [9.106531, 45.4691004]], [[9.1088802, 45.4695417], [9.108803, 45.4695251], [9.1077024, 45.4692791], [9.107292, 45.4691876], [9.1070722, 45.4691386], [9.1069567, 45.4691055]], [[9.1063556, 45.4690768], [9.106338, 45.4690605], [9.1063252, 45.4690422], [9.1063177, 45.4690225], [9.1063157, 45.4690021]], [[9.1066086, 45.4689711], [9.1066148, 45.4689884], [9.1066167, 45.4690062], [9.1066143, 45.4690239], [9.1066077, 45.4690411], [9.1065971, 45.4690573]], [[9.1096658, 45.4697289], [9.1096468, 45.4697343], [9.1096291, 45.4697376], [9.109611, 45.4697395], [9.1095926, 45.4697397], [9.1095744, 45.4697383], [9.1095566, 45.4697353], [9.1095394, 45.4697309], [9.1095231, 45.4697249], [9.109508, 45.4697176], [9.1094944, 45.469709], [9.1094893, 45.469705]], [[9.1109722, 45.4698605], [9.1107395, 45.4698261], [9.110687, 45.4698163]], [[9.1107252, 45.4696233], [9.1107618, 45.4696213], [9.1109904, 45.4696088], [9.1111494, 45.4695998]], [[9.1094893, 45.469705], [9.1094823, 45.4696993], [9.1094741, 45.4696911]], [[9.1106145, 45.4696253], [9.1107252, 45.4696233]]]}}, {"type": "Feature", "properties": {"id": "SS-MIL-3693", "nome": "Via Romeo Frassinetti", "quartiere": "", "classificazione": "giallo", "score": 3, "note": "strada urbana senza ciclabile", "ciclabile": "no", "n_corsie": "2", "senso_unico": "no", "n_testimonianze": "0", "zona": "B1"}, "geometry": {"type": "MultiLineString", "coordinates": [[[9.1421541, 45.4686626], [9.1421407, 45.4686858], [9.142116, 45.4687271], [9.1414378, 45.4699045], [9.141399, 45.4699718]], [[9.141399, 45.4699718], [9.1413557, 45.4700419], [9.1408171, 45.4709424], [9.1407802, 45.470997], [9.1407599, 45.4710306]]]}}, {"type": "Feature", "properties": {"id": "SS-MIL-3696", "nome": "Via Romolo Gessi", "quartiere": "", "classificazione": "giallo", "score": 3, "note": "strada urbana senza ciclabile", "ciclabile": "no", "n_corsie": "2", "senso_unico": "si", "n_testimonianze": "0", "zona": "B1"}, "geometry": {"type": "MultiLineString", "coordinates": [[[9.1532234, 45.4605541], [9.1532211, 45.4605028], [9.1532032, 45.4599748], [9.1532052, 45.4599174]], [[9.1531292, 45.4582468], [9.1531244, 45.4581873], [9.1531006, 45.4577506], [9.153097, 45.4576909]], [[9.153097, 45.4576909], [9.1530851, 45.4572061], [9.1530813, 45.457141]], [[9.1530813, 45.457141], [9.1530393, 45.4564464], [9.153046, 45.4564037], [9.153069, 45.456366]], [[9.1532052, 45.4599174], [9.1532026, 45.4598042], [9.1531736, 45.4590875], [9.1531713, 45.459011], [9.1531701, 45.4589346]], [[9.1531701, 45.4589346], [9.1531604, 45.4587957], [9.1531327, 45.4583069], [9.1531292, 45.4582468]], [[9.1531023, 45.4553538], [9.1530436, 45.4554498], [9.1529925, 45.455528], [9.1529826, 45.4556524], [9.1530124, 45.4563063], [9.1530252, 45.4563382], [9.153069, 45.456366]]]}}, {"type": "Feature", "properties": {"id": "SS-MIL-3698", "nome": "Via Romualdo Marenco", "quartiere": "", "classificazione": "giallo", "score": 3, "note": "strada urbana senza ciclabile", "ciclabile": "no", "n_corsie": "2", "senso_unico": "si", "n_testimonianze": "0", "zona": "B1"}, "geometry": {"type": "LineString", "coordinates": [[9.1584086, 45.4651042], [9.1583488, 45.4651183], [9.1582907, 45.4651245], [9.158265, 45.46512], [9.1568771, 45.4646678], [9.1568016, 45.4646448], [9.1567623, 45.4646298]]}}, {"type": "Feature", "properties": {"id": "SS-MIL-3699", "nome": "Via Roncaglia", "quartiere": "", "classificazione": "giallo", "score": 3, "note": "strada urbana senza ciclabile", "ciclabile": "no", "n_corsie": "2", "senso_unico": "si", "n_testimonianze": "0", "zona": "B1"}, "geometry": {"type": "MultiLineString", "coordinates": [[[9.1507414, 45.4587532], [9.1508016, 45.4587869], [9.1508467, 45.4588112], [9.1508824, 45.4588242], [9.1508972, 45.4588304]], [[9.1547943, 45.4590586], [9.1545884, 45.4589578], [9.1544237, 45.4588996]], [[9.1547226, 45.4587594], [9.1545858, 45.4588369], [9.1544237, 45.4588996]], [[9.1544237, 45.4588996], [9.1532656, 45.4589305], [9.1531701, 45.4589346]], [[9.1512952, 45.4589954], [9.1509678, 45.459017], [9.1509384, 45.4590211]], [[9.1517998, 45.4589892], [9.1513444, 45.4590007], [9.1512952, 45.4589954]], [[9.1509384, 45.4590211], [9.1506451, 45.4590538], [9.150556, 45.4590679]], [[9.1508972, 45.4588304], [9.1509771, 45.4588565], [9.1512204, 45.4589237], [9.1512618, 45.4589483], [9.1512952, 45.4589954]], [[9.1531701, 45.4589346], [9.1530621, 45.4589359], [9.1517998, 45.4589892]]]}}, {"type": "Feature", "properties": {"id": "SS-MIL-3705", "nome": "Via Rosa Vergani Marelli", "quartiere": "", "classificazione": "giallo", "score": 3, "note": "strada urbana senza ciclabile", "ciclabile": "no", "n_corsie": "2", "senso_unico": "si", "n_testimonianze": "0", "zona": "B1"}, "geometry": {"type": "LineString", "coordinates": [[9.1345681, 45.4556271], [9.1345306, 45.4556129], [9.1345119, 45.4555772], [9.1344802, 45.4554978], [9.1342339, 45.454661], [9.1342276, 45.4546323], [9.1342371, 45.4546022], [9.1343599, 45.4543659], [9.134371, 45.4543439], [9.1343897, 45.4543079]]}}, {"type": "Feature", "properties": {"id": "SS-MIL-3721", "nome": "Via Ruggiero Settimo", "quartiere": "", "classificazione": "giallo", "score": 3, "note": "strada urbana senza ciclabile (2 corsie)", "ciclabile": "no", "n_corsie": "2", "senso_unico": "no", "n_testimonianze": "0", "zona": "B1"}, "geometry": {"type": "LineString", "coordinates": [[9.1550642, 45.4643179], [9.1549617, 45.4643256], [9.1548899, 45.4643278], [9.1537353, 45.4643626], [9.1536777, 45.4643646], [9.1535869, 45.4643674]]}}, {"type": "Feature", "properties": {"id": "SS-MIL-3735", "nome": "Via Salerno", "quartiere": "", "classificazione": "giallo", "score": 3, "note": "strada urbana senza ciclabile", "ciclabile": "no", "n_corsie": "2", "senso_unico": "si", "n_testimonianze": "0", "zona": "B1"}, "geometry": {"type": "MultiLineString", "coordinates": [[[9.148569, 45.4387088], [9.148603, 45.438648], [9.1486776, 45.4385133], [9.1487441, 45.4383934], [9.1487707, 45.4380271], [9.148784, 45.4378474]], [[9.148784, 45.4378474], [9.1487851, 45.4378213], [9.1488036, 45.4373793], [9.1488125, 45.4371662], [9.1488139, 45.437131], [9.1488146, 45.4371148], [9.1488162, 45.437077]]]}}, {"type": "Feature", "properties": {"id": "SS-MIL-3738", "nome": "Via Sally Mayer", "quartiere": "", "classificazione": "giallo", "score": 3, "note": "strada urbana senza ciclabile", "ciclabile": "no", "n_corsie": "2", "senso_unico": "no", "n_testimonianze": "0", "zona": "B1"}, "geometry": {"type": "MultiLineString", "coordinates": [[[9.1373958, 45.4551772], [9.137408, 45.4552304], [9.1374391, 45.4553305], [9.1374294, 45.4553441], [9.1373929, 45.4553544]], [[9.1374515, 45.4553936], [9.1376708, 45.4562292], [9.1376973, 45.4563533], [9.1376309, 45.4564397]]]}}, {"type": "Feature", "properties": {"id": "SS-MIL-3743", "nome": "Via Salvatore Barzilai", "quartiere": "", "classificazione": "giallo", "score": 3, "note": "strada urbana senza ciclabile", "ciclabile": "no", "n_corsie": "2", "senso_unico": "si", "n_testimonianze": "0", "zona": "B1"}, "geometry": {"type": "MultiLineString", "coordinates": [[[9.1398917, 45.4518995], [9.1399369, 45.4518932], [9.1399925, 45.4519103], [9.1402979, 45.4520036], [9.1409007, 45.4521879], [9.1409688, 45.4522017], [9.1410512, 45.4522105], [9.1411239, 45.4522099], [9.1412318, 45.452197], [9.1415566, 45.4521055], [9.14164, 45.4520819], [9.1416883, 45.4520683]], [[9.1396495, 45.4519589], [9.1398917, 45.4518995]], [[9.1392998, 45.4525318], [9.1393335, 45.4524764], [9.13962, 45.452007], [9.1396373, 45.4519788], [9.1396495, 45.4519589]], [[9.1392998, 45.4525318], [9.1393275, 45.4525447], [9.1394084, 45.4526747], [9.1394525, 45.4527453], [9.1394599, 45.4527641], [9.1394615, 45.4527852], [9.1394553, 45.4528064], [9.1390333, 45.4534606], [9.1390081, 45.4534997]], [[9.1390081, 45.4534997], [9.1389488, 45.4535971]]]}}, {"type": "Feature", "properties": {"id": "SS-MIL-3746", "nome": "Via Salvio Giuliano", "quartiere": "", "classificazione": "giallo", "score": 3, "note": "strada urbana senza ciclabile", "ciclabile": "no", "n_corsie": "2", "senso_unico": "no", "n_testimonianze": "0", "zona": "B1"}, "geometry": {"type": "MultiLineString", "coordinates": [[[9.1551559, 45.4587431], [9.1557756, 45.4583605], [9.1558067, 45.4583415], [9.1558695, 45.458303]], [[9.1551559, 45.4587431], [9.1549616, 45.4588748], [9.1548732, 45.4589223], [9.1547891, 45.4589549]], [[9.1547785, 45.4586451], [9.1548681, 45.4586939], [9.1549358, 45.4587255], [9.15504, 45.4587432], [9.1551559, 45.4587431]]]}}, {"type": "Feature", "properties": {"id": "SS-MIL-3759", "nome": "Via San Carlo", "quartiere": "", "classificazione": "giallo", "score": 3, "note": "strada urbana senza ciclabile", "ciclabile": "no", "n_corsie": "2", "senso_unico": "si", "n_testimonianze": "0", "zona": "B1"}, "geometry": {"type": "MultiLineString", "coordinates": [[[9.084023, 45.4497716], [9.0839862, 45.4497996], [9.0839425, 45.4498336], [9.0829358, 45.4506167], [9.0825589, 45.4508842], [9.0825119, 45.4509056], [9.0824795, 45.4509157]], [[9.087405, 45.4471408], [9.0872225, 45.4472843]], [[9.0872225, 45.4472843], [9.0872265, 45.4472488], [9.0872292, 45.4472065], [9.0872265, 45.4471717], [9.0872091, 45.4471275], [9.0871648, 45.4470925]], [[9.0860415, 45.4482051], [9.0865716, 45.4477918], [9.0872225, 45.4472843]]]}}, {"type": "Feature", "properties": {"id": "SS-MIL-3762", "nome": "Via San Colombano", "quartiere": "", "classificazione": "giallo", "score": 3, "note": "strada urbana senza ciclabile", "ciclabile": "no", "n_corsie": "2", "senso_unico": "no", "n_testimonianze": "0", "zona": "B1"}, "geometry": {"type": "MultiLineString", "coordinates": [[[9.1267373, 45.4388546], [9.1267872, 45.438759], [9.1271981, 45.4379711], [9.127246, 45.4378744]], [[9.1275198, 45.4391079], [9.1268141, 45.4388794], [9.1267373, 45.4388546]], [[9.1275198, 45.4391079], [9.1275613, 45.4390599], [9.1279327, 45.4385818]], [[9.1275198, 45.4391079], [9.1277043, 45.4391601], [9.1277824, 45.4391695], [9.1278263, 45.4391748], [9.1282246, 45.4392831], [9.1282396, 45.4392878]], [[9.1267373, 45.4388546], [9.1265692, 45.4391698], [9.1265018, 45.439239]], [[9.1265018, 45.439239], [9.126457, 45.4392808], [9.1263943, 45.4393494]]]}}, {"type": "Feature", "properties": {"id": "SS-MIL-3769", "nome": "Via San Fermo", "quartiere": "", "classificazione": "giallo", "score": 3, "note": "strada urbana senza ciclabile", "ciclabile": "no", "n_corsie": "2", "senso_unico": "no", "n_testimonianze": "0", "zona": "B1"}, "geometry": {"type": "MultiLineString", "coordinates": [[[9.0757393, 45.4635692], [9.075729, 45.4634934], [9.0757148, 45.4634775], [9.0756158, 45.4633903], [9.0754844, 45.463304], [9.0753881, 45.4632538], [9.0752906, 45.463212], [9.0741586, 45.4628821], [9.0738636, 45.4633189]], [[9.1898533, 45.4767186], [9.1898257, 45.4766409], [9.1894234, 45.4754988]]]}}, {"type": "Feature", "properties": {"id": "SS-MIL-3782", "nome": "Via San Giuseppe Cottolengo", "quartiere": "", "classificazione": "giallo", "score": 3, "note": "strada urbana senza ciclabile", "ciclabile": "no", "n_corsie": "2", "senso_unico": "si", "n_testimonianze": "0", "zona": "B1"}, "geometry": {"type": "MultiLineString", "coordinates": [[[9.0885693, 45.4482169], [9.0886058, 45.448265], [9.0888327, 45.4484254], [9.0888429, 45.4484517], [9.0888355, 45.4484764], [9.0887624, 45.448546], [9.0877902, 45.4494702], [9.0866459, 45.4505579], [9.0865762, 45.4505681], [9.0861373, 45.4503652], [9.0861249, 45.4503187]], [[9.1458875, 45.4423853], [9.1447584, 45.4421116], [9.1447039, 45.4421048]], [[9.1447941, 45.4419884], [9.1447381, 45.4419589], [9.1445954, 45.441884], [9.144497, 45.4418264], [9.1444191, 45.4417697], [9.144355, 45.4417087], [9.1443039, 45.4416188], [9.1442752, 45.4415323], [9.1442737, 45.441447], [9.1443035, 45.4413427], [9.1443782, 45.4412231], [9.144464, 45.441138], [9.1445637, 45.4410775], [9.1448707, 45.4409479], [9.1450014, 45.4408877], [9.1452007, 45.4407401], [9.1453159, 45.4406501], [9.1459301, 45.4400363], [9.1459677, 45.4399987]], [[9.1469664, 45.4426477], [9.1467481, 45.4425974], [9.1466306, 45.4425703], [9.146578, 45.4425574], [9.1464734, 45.442532]], [[9.1464734, 45.442532], [9.1460145, 45.4424211], [9.1458875, 45.4423853]]]}}, {"type": "Feature", "properties": {"id": "SS-MIL-3783", "nome": "Via San Giusto", "quartiere": "", "classificazione": "rosso", "score": 4, "note": "strada secondaria trafficata", "ciclabile": "no", "n_corsie": "2", "senso_unico": "si", "n_testimonianze": "0", "zona": "B1"}, "geometry": {"type": "MultiLineString", "coordinates": [[[9.1203216, 45.4740407], [9.1204694, 45.4741979]], [[9.1168159, 45.4706204], [9.1168914, 45.4707746], [9.1169334, 45.4708604], [9.1170457, 45.4710485], [9.1171739, 45.4712238], [9.1173809, 45.4714564], [9.117744, 45.4717868], [9.1177919, 45.4718304]], [[9.1170564, 45.4713115], [9.1168376, 45.4711933]], [[9.1170564, 45.4713115], [9.1167231, 45.4707736]], [[9.1204694, 45.4741979], [9.1206049, 45.4742933], [9.1207071, 45.4743927]], [[9.1211324, 45.475821], [9.1210682, 45.4758385], [9.1210248, 45.475848], [9.1209773, 45.4758536], [9.1209162, 45.4758511], [9.120874, 45.4758381], [9.1208437, 45.4758112]], [[9.1166595, 45.4700562], [9.1166868, 45.4702211], [9.1167891, 45.4705486], [9.1168159, 45.4706204]], [[9.1168159, 45.4706204], [9.1168066, 45.4706784], [9.1167913, 45.4707183], [9.1167231, 45.4707736]], [[9.1190698, 45.4729307], [9.1191458, 45.4729941], [9.1193515, 45.4731662]], [[9.1189161, 45.4728634], [9.1190698, 45.4729307]], [[9.1209295, 45.4757689], [9.1208986, 45.4753344], [9.12084, 45.4750565], [9.1207228, 45.4747665], [9.1206022, 45.4745442], [9.1205163, 45.4744305], [9.1204344, 45.4743219]], [[9.1189567, 45.4729968], [9.1189161, 45.4728634]], [[9.1202185, 45.4740816], [9.1201428, 45.4740018], [9.1200798, 45.4739408]], [[9.1183836, 45.4723955], [9.1179669, 45.4720303], [9.1179018, 45.4719736]], [[9.1177455, 45.4670377], [9.1177042, 45.4671575], [9.1176778, 45.4672155], [9.1175778, 45.4673487]], [[9.1208857, 45.476107], [9.1208849, 45.4760445], [9.1208849, 45.4760418], [9.1208739, 45.4759318], [9.1208437, 45.4758112]], [[9.1211324, 45.475821], [9.1211108, 45.4760408], [9.12111, 45.47605], [9.1211114, 45.4761043]], [[9.1204344, 45.4743219], [9.1202818, 45.4741559]], [[9.1208437, 45.4758112], [9.1208337, 45.4756636]], [[9.1208337, 45.4756636], [9.1208283, 45.4754872], [9.1208179, 45.4753825], [9.1207943, 45.4752622], [9.1207593, 45.4751407]], [[9.1164877, 45.4699181], [9.1165587, 45.4694085]], [[9.117687, 45.4718901], [9.1173273, 45.471581], [9.1172361, 45.4715001], [9.1170564, 45.4713115]], [[9.1167842, 45.4690348], [9.1168286, 45.4689375], [9.117272, 45.4679939], [9.1175778, 45.4673487]], [[9.1177919, 45.4718304], [9.1179018, 45.4719736]], [[9.1165587, 45.4694085], [9.1166521, 45.469214], [9.1167311, 45.4691068], [9.1167842, 45.4690348]], [[9.1175778, 45.4673487], [9.1175772, 45.4672177], [9.1175988, 45.4671542], [9.1175799, 45.4671062], [9.1175593, 45.4670538]], [[9.1167842, 45.4690348], [9.1167745, 45.4692371], [9.1167221, 45.4693824], [9.1166686, 45.4695771], [9.1166601, 45.4696713], [9.1166595, 45.4700562]], [[9.1167231, 45.4707736], [9.1166456, 45.4706261], [9.1165516, 45.4704124], [9.1165058, 45.470245], [9.1164812, 45.4701155], [9.1164822, 45.4699973], [9.1164877, 45.4699181]], [[9.1201661, 45.4738879], [9.1203216, 45.4740407]], [[9.1192518, 45.4732426], [9.1190313, 45.4730624], [9.1189567, 45.4729968]], [[9.1199016, 45.4736535], [9.1201661, 45.4738879]], [[9.1200798, 45.4739408], [9.1200155, 45.4738815], [9.1199214, 45.4738018], [9.1198118, 45.473709]], [[9.1193515, 45.4731662], [9.1195914, 45.4733787], [9.119858, 45.4736149], [9.1199016, 45.4736535]], [[9.1207071, 45.4743927], [9.1207438, 45.474453], [9.1208079, 45.4745583], [9.1209013, 45.4747233], [9.1209599, 45.4748583], [9.1210022, 45.4749702]], [[9.1207593, 45.4751407], [9.1207254, 45.4750301], [9.1206412, 45.4748261], [9.1205849, 45.4747098], [9.1205202, 45.4745989], [9.120467, 45.4745033]], [[9.1198118, 45.473709], [9.1197617, 45.473668], [9.1196849, 45.4736034], [9.1192518, 45.4732426]], [[9.120467, 45.4745033], [9.1203663, 45.4743186], [9.1203151, 45.4742201], [9.1202818, 45.4741559]], [[9.1210022, 45.4749702], [9.1210357, 45.4750701], [9.1210682, 45.4751897], [9.1210944, 45.4752994], [9.1211089, 45.4754008], [9.1211187, 45.4755083], [9.1211237, 45.4756292], [9.1211316, 45.4757682], [9.1211324, 45.475821]], [[9.1179018, 45.4719736], [9.117687, 45.4718901]], [[9.1208878, 45.4762613], [9.1208857, 45.476107]], [[9.1211114, 45.4761043], [9.1211087, 45.4761886], [9.1211064, 45.4762586]], [[9.1204694, 45.4741979], [9.1205433, 45.4743006], [9.1206878, 45.4745302], [9.1208252, 45.4747529], [9.1209368, 45.4750479], [9.1210054, 45.4753307], [9.1210309, 45.4757713]], [[9.1202818, 45.4741559], [9.1202185, 45.4740816]], [[9.1189161, 45.4728634], [9.1188921, 45.4728418], [9.1188601, 45.472813], [9.1183836, 45.4723955]]]}}, {"type": "Feature", "properties": {"id": "SS-MIL-3816", "nome": "Via San Siro", "quartiere": "", "classificazione": "giallo", "score": 3, "note": "strada urbana senza ciclabile", "ciclabile": "no", "n_corsie": "2", "senso_unico": "si", "n_testimonianze": "0", "zona": "B1"}, "geometry": {"type": "MultiLineString", "coordinates": [[[9.1553022, 45.4689181], [9.1550886, 45.4689284], [9.155011, 45.4689467], [9.1549534, 45.4689717], [9.154287, 45.4694717], [9.1541651, 45.4695645]], [[9.1523595, 45.4710135], [9.1523027, 45.4711314], [9.1519903, 45.4720606], [9.1519646, 45.4721215]], [[9.1532459, 45.4702622], [9.1531824, 45.4703092], [9.1523894, 45.4709], [9.1523409, 45.4709482], [9.1523169, 45.4709759]], [[9.1541651, 45.4695645], [9.1540567, 45.4696468], [9.1532861, 45.4702317], [9.1532459, 45.4702622]]]}}, {"type": "Feature", "properties": {"id": "SS-MIL-3839", "nome": "Via Sant'Anatalone", "quartiere": "", "classificazione": "giallo", "score": 3, "note": "strada urbana senza ciclabile", "ciclabile": "no", "n_corsie": "2", "senso_unico": "si", "n_testimonianze": "0", "zona": "B1"}, "geometry": {"type": "LineString", "coordinates": [[9.1256068, 45.4464877], [9.125579, 45.4465387], [9.1255702, 45.4465567], [9.1246454, 45.4483261], [9.1246275, 45.4483613], [9.1246072, 45.4484005], [9.124588, 45.4484323]]}}, {"type": "Feature", "properties": {"id": "SS-MIL-3844", "nome": "Via Sant'Apollinare", "quartiere": "", "classificazione": "giallo", "score": 3, "note": "strada urbana senza ciclabile", "ciclabile": "no", "n_corsie": "2", "senso_unico": "si", "n_testimonianze": "0", "zona": "B1"}, "geometry": {"type": "LineString", "coordinates": [[9.0947117, 45.4601278], [9.0948114, 45.4601388], [9.0957163, 45.4601893], [9.0957371, 45.4601897], [9.0957579, 45.4601888], [9.0957754, 45.4601875], [9.095793, 45.4601852], [9.0958097, 45.460181], [9.0958233, 45.4601739], [9.0958328, 45.4601667], [9.0958403, 45.4601584], [9.0958459, 45.4601495], [9.0958507, 45.4601407], [9.0959005, 45.460033], [9.0959089, 45.4600168], [9.0959181, 45.4600012], [9.0959411, 45.4599648]]}}, {"type": "Feature", "properties": {"id": "SS-MIL-3845", "nome": "Via Sant'Aquilino", "quartiere": "", "classificazione": "giallo", "score": 3, "note": "strada urbana senza ciclabile (1 corsie)", "ciclabile": "no", "n_corsie": "1", "senso_unico": "si", "n_testimonianze": "0", "zona": "B1"}, "geometry": {"type": "LineString", "coordinates": [[9.1363071, 45.4772549], [9.1362334, 45.4772102], [9.136058, 45.4771015], [9.1359336, 45.4770139], [9.1358204, 45.4769043], [9.1356841, 45.4767334], [9.1356157, 45.4766101], [9.1355543, 45.4764579], [9.135531, 45.4763144], [9.1355178, 45.4761494], [9.1355119, 45.4760836]]}}, {"type": "Feature", "properties": {"id": "SS-MIL-3850", "nome": "Via Sant'Eusebio", "quartiere": "", "classificazione": "giallo", "score": 3, "note": "strada urbana senza ciclabile (2 corsie)", "ciclabile": "no", "n_corsie": "2", "senso_unico": "no", "n_testimonianze": "0", "zona": "B1"}, "geometry": {"type": "MultiLineString", "coordinates": [[[9.1587945, 45.4613719], [9.1590326, 45.4610006]], [[9.1590326, 45.4610006], [9.1592426, 45.460703]], [[9.1587945, 45.4613719], [9.1587698, 45.4614899], [9.1587037, 45.4616088], [9.1586787, 45.4616538], [9.1586589, 45.4616967], [9.1586459, 45.4617249]], [[9.1585197, 45.4616821], [9.1585863, 45.4616222], [9.1586991, 45.4614712], [9.1587945, 45.4613719]]]}}, {"type": "Feature", "properties": {"id": "SS-MIL-3870", "nome": "Via Santa Rita da Cascia", "quartiere": "", "classificazione": "rosso", "score": 4, "note": "strada secondaria trafficata (4 corsie)", "ciclabile": "no", "n_corsie": "4", "senso_unico": "no", "n_testimonianze": "0", "zona": "B1"}, "geometry": {"type": "MultiLineString", "coordinates": [[[9.1485262, 45.4421911], [9.1486119, 45.4421252], [9.148637, 45.4421063], [9.148706, 45.4420523], [9.1487245, 45.4420379], [9.1491579, 45.4417037]], [[9.1500061, 45.4408889], [9.150177, 45.4407961], [9.1502158, 45.4407721], [9.150475, 45.440615], [9.1507786, 45.4404487]], [[9.1528092, 45.4389405], [9.1527196, 45.4388769]], [[9.1544388, 45.4377492], [9.1542932, 45.4377685], [9.1542185, 45.4378218], [9.1537854, 45.438147], [9.1529037, 45.4388648], [9.1528092, 45.4389405]], [[9.1500556, 45.4410798], [9.149978, 45.4411348], [9.1499494, 45.4411522], [9.149672, 45.4413658], [9.1496182, 45.4414054], [9.1494872, 45.4415018], [9.1491579, 45.4417037]], [[9.1518175, 45.4395851], [9.1518913, 45.4395208], [9.1521382, 45.4393236], [9.1522011, 45.4392756], [9.1526536, 45.4389277], [9.1527196, 45.4388769]], [[9.1519358, 45.4396177], [9.1518093, 45.4397196], [9.1516879, 45.4397928], [9.1515885, 45.4398545], [9.1514333, 45.4399445]], [[9.1507786, 45.4404487], [9.1511408, 45.440159], [9.1514333, 45.4399445]], [[9.1507786, 45.4404487], [9.1506157, 45.4406382], [9.1505696, 45.4406931]], [[9.1491579, 45.4417037], [9.149326, 45.4415193], [9.1495023, 45.441352], [9.1495779, 45.4412495]], [[9.1514333, 45.4399445], [9.1515975, 45.4397618], [9.1517187, 45.439665], [9.1518175, 45.4395851]], [[9.1505696, 45.4406931], [9.1503733, 45.440844], [9.150212, 45.4409486]], [[9.1495779, 45.4412495], [9.1496884, 45.4411089], [9.1498152, 45.4410297]], [[9.1528092, 45.4389405], [9.1527483, 45.4389894], [9.1525968, 45.4391065], [9.1521717, 45.4394352], [9.1520198, 45.4395528], [9.1519358, 45.4396177]], [[9.1527196, 45.4388769], [9.1528079, 45.4388079], [9.1530068, 45.4386527], [9.1530979, 45.4385825], [9.1533357, 45.4384007], [9.1536649, 45.4381386], [9.1540356, 45.4378655], [9.1541497, 45.4377731], [9.1541723, 45.4377413], [9.1541826, 45.4377139], [9.1541989, 45.4376342], [9.1542078, 45.437543]]]}}, {"type": "Feature", "properties": {"id": "SS-MIL-3880", "nome": "Via Sant’Elena", "quartiere": "", "classificazione": "giallo", "score": 3, "note": "strada urbana senza ciclabile", "ciclabile": "no", "n_corsie": "2", "senso_unico": "no", "n_testimonianze": "0", "zona": "B1"}, "geometry": {"type": "MultiLineString", "coordinates": [[[9.1114495, 45.4763828], [9.1114351, 45.4763603], [9.1114272, 45.4763482], [9.1114085, 45.4763202], [9.1111442, 45.4759286], [9.111023, 45.475749], [9.1109515, 45.4756431]], [[9.1109119, 45.4754373], [9.1109046, 45.4754691], [9.1109038, 45.4754977], [9.1109076, 45.4755258], [9.1109195, 45.4755613], [9.1109515, 45.4756431]], [[9.1109515, 45.4756431], [9.1109207, 45.475609], [9.1108834, 45.475573], [9.1108622, 45.4755544], [9.1108368, 45.4755361], [9.1108029, 45.4755155], [9.1107558, 45.4754916]]]}}, {"type": "Feature", "properties": {"id": "SS-MIL-3887", "nome": "Via Saverio Altamura", "quartiere": "", "classificazione": "giallo", "score": 3, "note": "strada urbana senza ciclabile", "ciclabile": "no", "n_corsie": "2", "senso_unico": "no", "n_testimonianze": "0", "zona": "B1"}, "geometry": {"type": "MultiLineString", "coordinates": [[[9.1403862, 45.4693115], [9.140347, 45.4693752], [9.1398139, 45.4702951], [9.1397854, 45.470339], [9.1397428, 45.470377]], [[9.1410332, 45.468247], [9.1409415, 45.4683981], [9.1407159, 45.4687698], [9.1404329, 45.4692443], [9.1403862, 45.4693115]], [[9.1411638, 45.4680147], [9.1411487, 45.4680415], [9.1411232, 45.4680703], [9.1410332, 45.468247]]]}}, {"type": "Feature", "properties": {"id": "SS-MIL-3889", "nome": "Via Savona", "quartiere": "", "classificazione": "giallo", "score": 3, "note": "strada urbana senza ciclabile", "ciclabile": "no", "n_corsie": "2", "senso_unico": "no", "n_testimonianze": "0", "zona": "B1"}, "geometry": {"type": "MultiLineString", "coordinates": [[[9.1493033, 45.4494372], [9.1493201, 45.449411], [9.1493508, 45.4493639], [9.1494984, 45.4491385], [9.1495643, 45.4490374], [9.1498044, 45.4486697], [9.1499091, 45.4485095], [9.1499396, 45.4484447], [9.1499443, 45.4483956]], [[9.1470135, 45.448675], [9.1469343, 45.4486497], [9.1468157, 45.4486117], [9.1461629, 45.4483997], [9.1461058, 45.4483811], [9.1459014, 45.4483149], [9.1450469, 45.448038], [9.1449591, 45.4480127]], [[9.1507823, 45.4499184], [9.1493923, 45.4494689], [9.1493033, 45.4494372]], [[9.1493033, 45.4494372], [9.1492151, 45.4494106], [9.148332, 45.4491131], [9.1481911, 45.4490655], [9.1480247, 45.4490101], [9.1477947, 45.4489335], [9.1475233, 45.4488432], [9.1472477, 45.4487514], [9.1471031, 45.4487032], [9.1470135, 45.448675]], [[9.1548392, 45.4512239], [9.1547114, 45.4511813], [9.1516982, 45.4502161], [9.1516333, 45.4501952]], [[9.1515066, 45.4501516], [9.1514311, 45.4501289], [9.15104, 45.4500019], [9.1508431, 45.4499381], [9.1507823, 45.4499184]], [[9.1550705, 45.4512898], [9.1549539, 45.4512566]], [[9.1549539, 45.4512566], [9.1548552, 45.4512285], [9.1548392, 45.4512239]], [[9.1557296, 45.4515048], [9.1554026, 45.4513981], [9.1551748, 45.4513238], [9.1550705, 45.4512898]], [[9.1593076, 45.4526687], [9.1588923, 45.4525344], [9.1586373, 45.4524506], [9.1584708, 45.4523964], [9.158258, 45.4523272], [9.15783, 45.452188], [9.1569876, 45.451912]], [[9.1516333, 45.4501952], [9.1515066, 45.4501516]], [[9.1569876, 45.451912], [9.1567975, 45.4518521], [9.1558425, 45.4515416], [9.1557296, 45.4515048]], [[9.1597054, 45.4527972], [9.1596414, 45.4527777], [9.1596257, 45.452772], [9.1595956, 45.4527623], [9.1593076, 45.4526687]], [[9.1667522, 45.4549973], [9.1666937, 45.4549887], [9.1661504, 45.4548662], [9.1654788, 45.4546748], [9.1653865, 45.4546455], [9.1641717, 45.4542474], [9.1637647, 45.4541144], [9.1635933, 45.4540583]], [[9.170621, 45.456342], [9.1706063, 45.4563338], [9.1705293, 45.4562906], [9.1694101, 45.4559073], [9.1693377, 45.4558821]], [[9.1635933, 45.4540583], [9.1633958, 45.4539968], [9.1633616, 45.4539855], [9.1598086, 45.4528317], [9.1597488, 45.4528129], [9.1597054, 45.4527972]], [[9.1693377, 45.4558821], [9.169231, 45.4558371], [9.169171, 45.4558125], [9.1691334, 45.4557971], [9.168804, 45.455662], [9.1686439, 45.4555964], [9.1683375, 45.4554608], [9.1678511, 45.4553001], [9.1670654, 45.4550745], [9.1668594, 45.4550256], [9.1667522, 45.4549973]], [[9.2532781, 45.5336841], [9.253277, 45.5336286], [9.2532754, 45.5335836], [9.2532753, 45.5335569], [9.2532757, 45.5335327], [9.253304, 45.5329535], [9.2533051, 45.5328793], [9.2533075, 45.5327158], [9.2533221, 45.5317501], [9.2533225, 45.5317247], [9.2533233, 45.5316697]]]}}, {"type": "Feature", "properties": {"id": "SS-MIL-3895", "nome": "Via Scipione Riva Rocci", "quartiere": "", "classificazione": "giallo", "score": 3, "note": "strada urbana senza ciclabile", "ciclabile": "no", "n_corsie": "2", "senso_unico": "si", "n_testimonianze": "0", "zona": "B1"}, "geometry": {"type": "MultiLineString", "coordinates": [[[9.1451758, 45.4557695], [9.1452085, 45.4557117], [9.145454, 45.4553027], [9.1457583, 45.454792], [9.1457953, 45.4547259]], [[9.1463, 45.4538711], [9.1459836, 45.454412], [9.1458829, 45.4545775], [9.1458397, 45.4546509]]]}}, {"type": "Feature", "properties": {"id": "SS-MIL-3899", "nome": "Via Sebastiano Caboto", "quartiere": "", "classificazione": "giallo", "score": 3, "note": "strada urbana senza ciclabile (2 corsie)", "ciclabile": "no", "n_corsie": "2", "senso_unico": "si", "n_testimonianze": "0", "zona": "B1"}, "geometry": {"type": "MultiLineString", "coordinates": [[[9.1122723, 45.441754], [9.1121213, 45.4416502], [9.1102993, 45.4405685], [9.1099798, 45.4403788], [9.1082581, 45.4393687], [9.1077474, 45.4391326], [9.107212, 45.4389287], [9.1055309, 45.4384178], [9.1054972, 45.4384128], [9.1054356, 45.4384093], [9.1053746, 45.4384008]], [[9.1153533, 45.4432897], [9.1151596, 45.4432743], [9.1150161, 45.4432457], [9.1148223, 45.4431786], [9.1141777, 45.4428783], [9.1140816, 45.442833]], [[9.1053746, 45.4384008], [9.1050438, 45.4383001], [9.1050148, 45.4382913]], [[9.1140816, 45.442833], [9.1139829, 45.4427734], [9.11278, 45.4420473], [9.1126155, 45.441948]], [[9.156803, 45.4622217], [9.156714, 45.4621915], [9.1563528, 45.4620732], [9.1560728, 45.4619803], [9.1558242, 45.4618979], [9.1557528, 45.4618748]], [[9.1557528, 45.4618748], [9.155665, 45.4618458], [9.1551796, 45.4616888], [9.1551322, 45.4616755], [9.1550508, 45.461662], [9.1549795, 45.4616479]]]}}, {"type": "Feature", "properties": {"id": "SS-MIL-3901", "nome": "Via Sebastiano Veniero", "quartiere": "", "classificazione": "giallo", "score": 3, "note": "strada urbana senza ciclabile (2 corsie)", "ciclabile": "no", "n_corsie": "2", "senso_unico": "no", "n_testimonianze": "0", "zona": "B1"}, "geometry": {"type": "MultiLineString", "coordinates": [[[9.1477471, 45.4830384], [9.1455385, 45.481597], [9.1454355, 45.4815308]], [[9.1454355, 45.4815308], [9.1453455, 45.4814728], [9.144796, 45.4811164]], [[9.144796, 45.4811164], [9.1438843, 45.4805133], [9.1437974, 45.4804516], [9.1437742, 45.4804325], [9.1437538, 45.480413]]]}}, {"type": "Feature", "properties": {"id": "SS-MIL-3903", "nome": "Via Sebastiano del Piombo", "quartiere": "", "classificazione": "giallo", "score": 3, "note": "strada urbana senza ciclabile", "ciclabile": "no", "n_corsie": "2", "senso_unico": "si", "n_testimonianze": "0", "zona": "B1"}, "geometry": {"type": "MultiLineString", "coordinates": [[[9.1472562, 45.4785069], [9.1473544, 45.4784336], [9.1478762, 45.4780445]], [[9.1478762, 45.4780445], [9.1481725, 45.4778182]], [[9.1481725, 45.4778182], [9.1486856, 45.4774197]], [[9.1486856, 45.4774197], [9.1494616, 45.4768262], [9.1494986, 45.4767982], [9.1495505, 45.4767585]], [[9.1495505, 45.4767585], [9.1496252, 45.4766974], [9.1502986, 45.4761714]]]}}, {"type": "Feature", "properties": {"id": "SS-MIL-3909", "nome": "Via Seguro", "quartiere": "", "classificazione": "giallo", "score": 3, "note": "strada urbana senza ciclabile", "ciclabile": "no", "n_corsie": "2", "senso_unico": "no", "n_testimonianze": "0", "zona": "B1"}, "geometry": {"type": "MultiLineString", "coordinates": [[[9.0868197, 45.4638351], [9.0867169, 45.4637976], [9.0859471, 45.4635726]], [[9.0854278, 45.4634317], [9.0853701, 45.4633815], [9.0853106, 45.4633415]], [[9.0776343, 45.4631799], [9.0778691, 45.4632802], [9.0778789, 45.463307]], [[9.0822849, 45.4626761], [9.0822015, 45.4627187], [9.0821338, 45.4627747], [9.0817059, 45.4635386], [9.081618, 45.4636543], [9.0814288, 45.4638419], [9.0810935, 45.4640708], [9.0810093, 45.4641097], [9.0809008, 45.464145], [9.0807829, 45.4641638], [9.0806475, 45.4641733], [9.0791975, 45.4640929], [9.0789613, 45.4640729], [9.0778032, 45.4639746], [9.0775664, 45.4639522]], [[9.0759088, 45.4635894], [9.0757852, 45.4635747], [9.0757393, 45.4635692]], [[9.0775664, 45.4639522], [9.0773799, 45.4639235], [9.0772251, 45.4638899], [9.0767927, 45.4637666]], [[9.076338, 45.4636672], [9.0759088, 45.4635894]], [[9.0767927, 45.4637666], [9.0766774, 45.4637393], [9.0764768, 45.4636924], [9.076338, 45.4636672]], [[9.0859471, 45.4635726], [9.0857208, 45.4635283], [9.0856887, 45.463522], [9.0856201, 45.4635086]], [[9.0856567, 45.4634534], [9.0857445, 45.4634914], [9.0859471, 45.4635726]], [[9.0778789, 45.463307], [9.0779112, 45.4633951], [9.0776997, 45.4637226], [9.0775664, 45.4639522]], [[9.0849039, 45.4631274], [9.0845183, 45.4629333], [9.0844842, 45.4629203], [9.0836161, 45.4627109], [9.08355, 45.4627109], [9.0834938, 45.4627195], [9.0832948, 45.4627591], [9.0831898, 45.4627672], [9.0831046, 45.462763], [9.0826155, 45.4626709], [9.0825052, 45.4626563], [9.0823791, 45.4626617], [9.0822849, 45.4626761]], [[9.0853106, 45.4633415], [9.085397, 45.4633561], [9.0854652, 45.4633642], [9.0855142, 45.4633701]], [[9.0853106, 45.4633415], [9.0849039, 45.4631274]]]}}, {"type": "Feature", "properties": {"id": "SS-MIL-3910", "nome": "Via Sella Nuova", "quartiere": "", "classificazione": "giallo", "score": 3, "note": "strada urbana senza ciclabile", "ciclabile": "no", "n_corsie": "2", "senso_unico": "no", "n_testimonianze": "0", "zona": "B1"}, "geometry": {"type": "MultiLineString", "coordinates": [[[9.1090865, 45.4604868], [9.1091402, 45.460387], [9.1092499, 45.4601211], [9.1093939, 45.4597468], [9.109435, 45.4596485], [9.1094639, 45.45957]], [[9.1094639, 45.45957], [9.1093895, 45.4595257], [9.1093515, 45.4595031], [9.1093118, 45.4594955], [9.1080671, 45.4592655]], [[9.1103065, 45.4584342], [9.110175, 45.4584512], [9.1100864, 45.4584721]], [[9.1094639, 45.45957], [9.1096537, 45.4590834], [9.1098448, 45.458656], [9.1099043, 45.4585844], [9.10999, 45.4585195], [9.1100864, 45.4584721]]]}}, {"type": "Feature", "properties": {"id": "SS-MIL-3919", "nome": "Via Senofonte", "quartiere": "", "classificazione": "giallo", "score": 3, "note": "strada urbana senza ciclabile (2 corsie)", "ciclabile": "no", "n_corsie": "2", "senso_unico": "no", "n_testimonianze": "0", "zona": "B1"}, "geometry": {"type": "MultiLineString", "coordinates": [[[9.1588306, 45.475264], [9.1583071, 45.4752766], [9.1582626, 45.4752777], [9.1574892, 45.4752975]], [[9.1569026, 45.4753121], [9.1568657, 45.475328], [9.1568236, 45.4753353], [9.1567299, 45.4753373], [9.156657, 45.4753388]], [[9.1574892, 45.4752975], [9.1570258, 45.475309], [9.1569026, 45.4753121]], [[9.1595298, 45.4752473], [9.1594237, 45.4752497], [9.1591415, 45.4752568], [9.1588306, 45.475264]], [[9.1596707, 45.4752433], [9.1595298, 45.4752473]]]}}, {"type": "Feature", "properties": {"id": "SS-MIL-3921", "nome": "Via Seprio", "quartiere": "", "classificazione": "giallo", "score": 3, "note": "strada urbana senza ciclabile", "ciclabile": "no", "n_corsie": "2", "senso_unico": "si", "n_testimonianze": "0", "zona": "B1"}, "geometry": {"type": "LineString", "coordinates": [[9.1520676, 45.4653088], [9.1521815, 45.465364], [9.1530407, 45.4657821], [9.1540091, 45.466253], [9.1541173, 45.4663053]]}}, {"type": "Feature", "properties": {"id": "SS-MIL-3925", "nome": "Via Sergio Tofano", "quartiere": "", "classificazione": "giallo", "score": 3, "note": "strada urbana senza ciclabile", "ciclabile": "no", "n_corsie": "2", "senso_unico": "si", "n_testimonianze": "0", "zona": "B1"}, "geometry": {"type": "MultiLineString", "coordinates": [[[9.093961, 45.4759395], [9.09398, 45.4759752], [9.09397, 45.4760176], [9.0939654, 45.4760302], [9.0938524, 45.4762209], [9.0937806, 45.4763215]], [[9.089906, 45.4785084], [9.0892396, 45.4783875], [9.0891185, 45.478363]], [[9.0937822, 45.4761415], [9.0937692, 45.4760705], [9.0937422, 45.4760202], [9.0937048, 45.4759708], [9.0936458, 45.4759332], [9.0935136, 45.4758895]], [[9.0932405, 45.4771722], [9.0933345, 45.4772078], [9.0933493, 45.4772134], [9.0935198, 45.4772647], [9.0935309, 45.4772696], [9.0935363, 45.4772726], [9.0935491, 45.4772848], [9.0935621, 45.4773033], [9.093569, 45.4773176], [9.0935694, 45.4773267], [9.093568, 45.4773357], [9.093562, 45.4773532], [9.0934749, 45.4775046]], [[9.0936478, 45.4765075], [9.0937475, 45.4762172], [9.0937822, 45.4761415]], [[9.094903, 45.4760484], [9.0945877, 45.476067], [9.0943999, 45.4760933], [9.0942857, 45.476116], [9.0941754, 45.4761452], [9.0940003, 45.4762043], [9.0937806, 45.4763215]], [[9.0936478, 45.4765075], [9.0935249, 45.4767049], [9.0933378, 45.4770054], [9.0932405, 45.4771722]], [[9.0934749, 45.4775046], [9.0933387, 45.4777413]], [[9.0937822, 45.4761415], [9.0938216, 45.4760768], [9.0938697, 45.4760022], [9.0939016, 45.4759691], [9.0939281, 45.4759529], [9.093961, 45.4759395]], [[9.0932405, 45.4771722], [9.0931641, 45.4773031], [9.0930021, 45.4775691], [9.0928949, 45.4777451], [9.0928093, 45.4778644], [9.0927168, 45.4779932], [9.0926434, 45.4780637]], [[9.0926434, 45.4780637], [9.0924477, 45.478195], [9.0922867, 45.4782679], [9.0920687, 45.4783328], [9.0918327, 45.4783752], [9.0906632, 45.4785176], [9.0905723, 45.4785287]], [[9.0900982, 45.4785358], [9.089906, 45.4785084]], [[9.0933387, 45.4777413], [9.0933166, 45.4777754]], [[9.0937806, 45.4763215], [9.0936478, 45.4765075]], [[9.0905723, 45.4785287], [9.0904761, 45.4785404], [9.0903393, 45.4785494], [9.090236, 45.4785493], [9.0900982, 45.4785358]]]}}, {"type": "Feature", "properties": {"id": "SS-MIL-3931", "nome": "Via Sesto Calende", "quartiere": "", "classificazione": "giallo", "score": 3, "note": "strada urbana senza ciclabile", "ciclabile": "no", "n_corsie": "2", "senso_unico": "si", "n_testimonianze": "0", "zona": "B1"}, "geometry": {"type": "MultiLineString", "coordinates": [[[9.1378371, 45.4841134], [9.137809, 45.4841233], [9.1377851, 45.4841469], [9.1377737, 45.4841731], [9.1377672, 45.4843878], [9.1377721, 45.4844186], [9.1377823, 45.4844483], [9.1381646, 45.4852218], [9.1381563, 45.4852526], [9.1381447, 45.4852955]], [[9.1383033, 45.4856617], [9.1382263, 45.4855946]], [[9.1382263, 45.4855946], [9.1382024, 45.4855528], [9.1381356, 45.4853769], [9.1381286, 45.4853336], [9.1381447, 45.4852955]]]}}, {"type": "Feature", "properties": {"id": "SS-MIL-3934", "nome": "Via Settimo Milanese", "quartiere": "", "classificazione": "giallo", "score": 3, "note": "strada urbana senza ciclabile", "ciclabile": "no", "n_corsie": "2", "senso_unico": "si", "n_testimonianze": "0", "zona": "B1"}, "geometry": {"type": "MultiLineString", "coordinates": [[[9.0633189, 45.4566443], [9.0628578, 45.4570751], [9.0624302, 45.4574763], [9.0624016, 45.4575237], [9.0623775, 45.4576009], [9.0619867, 45.4581802], [9.0618626, 45.4584845], [9.0617142, 45.4596991], [9.0616406, 45.4602553], [9.0615475, 45.4612705], [9.0614611, 45.4623842], [9.0615336, 45.4627915]], [[9.06153, 45.4628962], [9.0615336, 45.4627915]]]}}, {"type": "Feature", "properties": {"id": "SS-MIL-3951", "nome": "Via Simone Martini", "quartiere": "", "classificazione": "giallo", "score": 3, "note": "strada urbana senza ciclabile", "ciclabile": "no", "n_corsie": "2", "senso_unico": "no", "n_testimonianze": "0", "zona": "B1"}, "geometry": {"type": "MultiLineString", "coordinates": [[[9.1555268, 45.4392867], [9.1555871, 45.439288], [9.1556593, 45.4393029], [9.1572544, 45.4397474]], [[9.1572544, 45.4397474], [9.1576303, 45.4398514], [9.157748, 45.4398841]], [[9.157748, 45.4398841], [9.1578752, 45.4399192], [9.1595083, 45.440375]], [[9.1595083, 45.440375], [9.1595706, 45.4403927], [9.1596665, 45.4404172]], [[9.1596665, 45.4404172], [9.1606733, 45.4407013], [9.1607625, 45.4407267]]]}}, {"type": "Feature", "properties": {"id": "SS-MIL-3952", "nome": "Via Simone Saint Bon", "quartiere": "", "classificazione": "verde", "score": 1, "note": "ciclabile presente (da OpenStreetMap)", "ciclabile": "si", "n_corsie": "2", "senso_unico": "si", "n_testimonianze": "0", "zona": "B1"}, "geometry": {"type": "MultiLineString", "coordinates": [[[9.1201228, 45.4614497], [9.1201774, 45.461344], [9.1204339, 45.4608511]], [[9.1223617, 45.4575568], [9.122334, 45.457607], [9.1223083, 45.4576538]], [[9.1209008, 45.4603392], [9.1208687, 45.4604019], [9.1208055, 45.4605209], [9.1206139, 45.4609003]], [[9.1221365, 45.4576079], [9.1221577, 45.4575607], [9.122182, 45.4575064]], [[9.1223083, 45.4576538], [9.1222512, 45.4577702], [9.1221142, 45.458028]], [[9.1215735, 45.4587071], [9.1219463, 45.4579892]], [[9.1219463, 45.4579892], [9.1220355, 45.45781], [9.1220779, 45.4577248], [9.1221365, 45.4576079]], [[9.1221142, 45.458028], [9.1217333, 45.4587438]], [[9.1212321, 45.4597296], [9.1211709, 45.4598348], [9.1209008, 45.4603392]], [[9.1217333, 45.4587438], [9.121641, 45.4589384], [9.1212321, 45.4597296]], [[9.1210312, 45.4597039], [9.1212895, 45.4592291], [9.1214713, 45.4588953], [9.1215735, 45.4587071]], [[9.1207312, 45.4602975], [9.1208464, 45.4600696], [9.1209681, 45.4598288], [9.1209878, 45.4597897], [9.1210312, 45.4597039]], [[9.1206139, 45.4609003], [9.1203637, 45.4613885], [9.1203109, 45.4614918]], [[9.1204339, 45.4608511], [9.1206978, 45.4603596], [9.1207312, 45.4602975]]]}}, {"type": "Feature", "properties": {"id": "SS-MIL-3954", "nome": "Via Simone Stratico", "quartiere": "", "classificazione": "rosso", "score": 4, "note": "strada principale trafficata (2 corsie)", "ciclabile": "no", "n_corsie": "2", "senso_unico": "si", "n_testimonianze": "0", "zona": "B1"}, "geometry": {"type": "MultiLineString", "coordinates": [[[9.1371357, 45.4760639], [9.1370253, 45.4760652], [9.1367762, 45.4760683], [9.1355615, 45.476083], [9.1355119, 45.4760836]], [[9.1323898, 45.4759665], [9.1332026, 45.4759566]], [[9.1323866, 45.4761214], [9.1322415, 45.4761234], [9.1321475, 45.4761245]], [[9.1337932, 45.4761045], [9.133059, 45.4761134]], [[9.1332026, 45.4759566], [9.1339528, 45.4759462], [9.1355496, 45.4759279]], [[9.1355119, 45.4760836], [9.133962, 45.4761025], [9.1337932, 45.4761045]], [[9.1355496, 45.4759279], [9.1370149, 45.47591], [9.1371328, 45.4759086]], [[9.133059, 45.4761134], [9.1323866, 45.4761214]]]}}, {"type": "Feature", "properties": {"id": "SS-MIL-3956", "nome": "Via Siro Taddei", "quartiere": "", "classificazione": "giallo", "score": 3, "note": "strada urbana senza ciclabile", "ciclabile": "no", "n_corsie": "2", "senso_unico": "no", "n_testimonianze": "0", "zona": "B1"}, "geometry": {"type": "LineString", "coordinates": [[9.0906067, 45.4662964], [9.0905745, 45.4662847], [9.0898645, 45.4660278]]}}, {"type": "Feature", "properties": {"id": "SS-MIL-3957", "nome": "Via Sirte", "quartiere": "", "classificazione": "giallo", "score": 3, "note": "strada urbana senza ciclabile", "ciclabile": "no", "n_corsie": "2", "senso_unico": "si", "n_testimonianze": "0", "zona": "B1"}, "geometry": {"type": "MultiLineString", "coordinates": [[[9.1530013, 45.4548547], [9.1531223, 45.4548961], [9.1533115, 45.4549489]], [[9.1549437, 45.4552107], [9.1550378, 45.4551917], [9.1555166, 45.4551209], [9.1557287, 45.4550649], [9.1557554, 45.455051], [9.1557795, 45.4550279], [9.1557988, 45.4548869], [9.1557992, 45.4548715], [9.1558105, 45.4547844]], [[9.1533115, 45.4549489], [9.1533816, 45.4549684], [9.1534285, 45.4549814], [9.1539427, 45.4550601], [9.1542929, 45.4551078], [9.1543719, 45.4551127], [9.1544323, 45.4551081], [9.1544917, 45.4551036], [9.1545608, 45.4551031]]]}}, {"type": "Feature", "properties": {"id": "SS-MIL-3962", "nome": "Via Sofocle", "quartiere": "", "classificazione": "giallo", "score": 3, "note": "strada urbana senza ciclabile (1 corsie)", "ciclabile": "no", "n_corsie": "1", "senso_unico": "si", "n_testimonianze": "0", "zona": "B1"}, "geometry": {"type": "LineString", "coordinates": [[9.1583989, 45.4736825], [9.1584014, 45.4737404], [9.1584333, 45.4744763], [9.1584348, 45.4745102]]}}, {"type": "Feature", "properties": {"id": "SS-MIL-3963", "nome": "Via Sofonisba Anguissola", "quartiere": "", "classificazione": "giallo", "score": 3, "note": "strada urbana senza ciclabile", "ciclabile": "no", "n_corsie": "2", "senso_unico": "si", "n_testimonianze": "0", "zona": "B1"}, "geometry": {"type": "MultiLineString", "coordinates": [[[9.1400199, 45.4634802], [9.1399767, 45.4634276], [9.1388436, 45.4628]], [[9.1404179, 45.4635573], [9.1405362, 45.4635924], [9.1406598, 45.4636472], [9.1417668, 45.4642733]], [[9.1407297, 45.4638303], [9.1406706, 45.4638047], [9.1406136, 45.4637892], [9.1405573, 45.4637778], [9.1404855, 45.4637657], [9.1404733, 45.4637656], [9.140444, 45.4637655], [9.140371, 45.4637667]], [[9.1388436, 45.4628], [9.137681, 45.4621481], [9.1375883, 45.4621014]], [[9.1388352, 45.4626837], [9.1389196, 45.4627306], [9.1400722, 45.4633769], [9.1401296, 45.4634072], [9.1402093, 45.4634492]], [[9.1376712, 45.4620245], [9.1377661, 45.4620759], [9.1387244, 45.4626192], [9.1388352, 45.4626837]], [[9.1416889, 45.4643537], [9.1415442, 45.4642805], [9.1415196, 45.4642669]], [[9.1415196, 45.4642669], [9.1414141, 45.4642086], [9.1407297, 45.4638303]]]}}, {"type": "Feature", "properties": {"id": "SS-MIL-3971", "nome": "Via Sorrento", "quartiere": "", "classificazione": "giallo", "score": 3, "note": "strada urbana senza ciclabile", "ciclabile": "no", "n_corsie": "2", "senso_unico": "no", "n_testimonianze": "0", "zona": "B1"}, "geometry": {"type": "MultiLineString", "coordinates": [[[9.0912732, 45.4662928], [9.0913347, 45.4663111], [9.0915411, 45.4663734]], [[9.0926227, 45.4667174], [9.0932885, 45.4669325]], [[9.0915411, 45.4663734], [9.0926227, 45.4667174]]]}}, {"type": "Feature", "properties": {"id": "SS-MIL-3973", "nome": "Via Spagnoletto", "quartiere": "", "classificazione": "giallo", "score": 3, "note": "strada urbana senza ciclabile (2 corsie)", "ciclabile": "no", "n_corsie": "2", "senso_unico": "no", "n_testimonianze": "0", "zona": "B1"}, "geometry": {"type": "MultiLineString", "coordinates": [[[9.14551, 45.4727759], [9.1450878, 45.4730887], [9.1446214, 45.4734404], [9.1445427, 45.4734993]], [[9.1461022, 45.4723219], [9.1460242, 45.4723783], [9.14551, 45.4727759]]]}}, {"type": "Feature", "properties": {"id": "SS-MIL-3995", "nome": "Via Stigliano", "quartiere": "", "classificazione": "giallo", "score": 3, "note": "strada urbana senza ciclabile", "ciclabile": "no", "n_corsie": "2", "senso_unico": "no", "n_testimonianze": "0", "zona": "B1"}, "geometry": {"type": "MultiLineString", "coordinates": [[[9.0475451, 45.4581646], [9.0473516, 45.4582444]], [[9.0471699, 45.4581412], [9.0471286, 45.4581736], [9.0470647, 45.4582372]], [[9.0471699, 45.4581412], [9.0472271, 45.458144], [9.0472816, 45.4581678], [9.0473278, 45.4582039], [9.0473516, 45.4582444]], [[9.050532, 45.4531415], [9.0504894, 45.4531801], [9.0490371, 45.4553506], [9.0479395, 45.4569011], [9.0474219, 45.4577101], [9.0471911, 45.4581095], [9.0471699, 45.4581412]], [[9.0526063, 45.4538207], [9.0525712, 45.4538474], [9.0525037, 45.4538484], [9.0524308, 45.4538295], [9.0523512, 45.4537784], [9.0522217, 45.453678], [9.0520455, 45.4535478], [9.051963, 45.4535074], [9.0514735, 45.4533763], [9.0510862, 45.4532693], [9.0506539, 45.4531443], [9.0506176, 45.4531342], [9.0505731, 45.453129], [9.050532, 45.4531415]]]}}, {"type": "Feature", "properties": {"id": "SS-MIL-3997", "nome": "Via Storo", "quartiere": "", "classificazione": "giallo", "score": 3, "note": "strada urbana senza ciclabile", "ciclabile": "no", "n_corsie": "2", "senso_unico": "no", "n_testimonianze": "0", "zona": "B1"}, "geometry": {"type": "MultiLineString", "coordinates": [[[9.1169816, 45.4751407], [9.1166035, 45.4753537], [9.1164196, 45.4754659]], [[9.1160094, 45.4757325], [9.1160196, 45.4760976]], [[9.1164196, 45.4754659], [9.1160309, 45.4756957], [9.1160164, 45.4757052], [9.1160099, 45.4757158], [9.1160094, 45.4757325]], [[9.1164638, 45.4753201], [9.116212, 45.4754655]]]}}, {"type": "Feature", "properties": {"id": "SS-MIL-4000", "nome": "Via Stravella", "quartiere": "", "classificazione": "giallo", "score": 3, "note": "strada urbana senza ciclabile", "ciclabile": "no", "n_corsie": "2", "senso_unico": "si", "n_testimonianze": "0", "zona": "B1"}, "geometry": {"type": "MultiLineString", "coordinates": [[[9.0516573, 45.4827565], [9.0510555, 45.4842687]], [[9.0525992, 45.4819705], [9.0525855, 45.4819802], [9.0525604, 45.4819889], [9.052524, 45.4819942], [9.0524965, 45.4819959], [9.0524664, 45.4819929], [9.0524198, 45.4819836], [9.0523727, 45.4819711], [9.0523337, 45.4819585], [9.0522894, 45.4819509], [9.0522499, 45.4819478], [9.0522105, 45.4819504], [9.0521723, 45.4819601], [9.0521325, 45.4819822], [9.052106, 45.4820043], [9.0520828, 45.4820302], [9.0519772, 45.4821482], [9.0519537, 45.4821835], [9.0519222, 45.4822424], [9.0517416, 45.4826665], [9.0516573, 45.4827565]]]}}, {"type": "Feature", "properties": {"id": "SS-MIL-4003", "nome": "Via Stupinigi", "quartiere": "", "classificazione": "giallo", "score": 3, "note": "strada urbana senza ciclabile", "ciclabile": "no", "n_corsie": "2", "senso_unico": "no", "n_testimonianze": "0", "zona": "B1"}, "geometry": {"type": "LineString", "coordinates": [[9.0802663, 45.4605906], [9.0802435, 45.4606284], [9.0795004, 45.4618589]]}}, {"type": "Feature", "properties": {"id": "SS-MIL-4009", "nome": "Via Taggia", "quartiere": "", "classificazione": "giallo", "score": 3, "note": "strada urbana senza ciclabile", "ciclabile": "no", "n_corsie": "2", "senso_unico": "no", "n_testimonianze": "0", "zona": "B1"}, "geometry": {"type": "MultiLineString", "coordinates": [[[9.1054146, 45.4712552], [9.1051703, 45.4715113], [9.1049395, 45.4717531], [9.1044555, 45.4722473], [9.1043775, 45.4723161], [9.1043395, 45.4723496], [9.1041555, 45.4725501], [9.1039364, 45.4728597], [9.1038911, 45.4729491], [9.1038735, 45.4729774], [9.1034771, 45.4737434]], [[9.1034771, 45.4737434], [9.1034475, 45.4738006], [9.1034448, 45.4738046], [9.1034393, 45.4738076], [9.1034046, 45.4738925], [9.1033616, 45.4738895]]]}}, {"type": "Feature", "properties": {"id": "SS-MIL-4010", "nome": "Via Tagiura", "quartiere": "", "classificazione": "giallo", "score": 3, "note": "strada urbana senza ciclabile", "ciclabile": "no", "n_corsie": "2", "senso_unico": "no", "n_testimonianze": "0", "zona": "B1"}, "geometry": {"type": "MultiLineString", "coordinates": [[[9.1474087, 45.4571824], [9.1475196, 45.4572152]], [[9.1501615, 45.4579828], [9.1478035, 45.4572986]], [[9.1507447, 45.458155], [9.1507182, 45.4581466], [9.1506651, 45.4581298], [9.1501615, 45.4579828]], [[9.1478035, 45.4572986], [9.1476009, 45.457239], [9.147578, 45.4572323], [9.1475196, 45.4572152]]]}}, {"type": "Feature", "properties": {"id": "SS-MIL-4016", "nome": "Via Taranto", "quartiere": "", "classificazione": "giallo", "score": 3, "note": "strada urbana senza ciclabile", "ciclabile": "no", "n_corsie": "2", "senso_unico": "no", "n_testimonianze": "0", "zona": "B1"}, "geometry": {"type": "MultiLineString", "coordinates": [[[9.1506293, 45.4371233], [9.1506216, 45.4372284], [9.1505402, 45.4384948]], [[9.1505402, 45.4384948], [9.1505233, 45.4385656], [9.1504927, 45.4386291], [9.1503279, 45.438918], [9.1503062, 45.4389601], [9.1502409, 45.4390789], [9.150224, 45.4391134], [9.1502067, 45.4391496]]]}}, {"type": "Feature", "properties": {"id": "SS-MIL-4026", "nome": "Via Teobaldo Ciconi", "quartiere": "", "classificazione": "giallo", "score": 3, "note": "strada urbana senza ciclabile", "ciclabile": "no", "n_corsie": "2", "senso_unico": "no", "n_testimonianze": "0", "zona": "B1"}, "geometry": {"type": "MultiLineString", "coordinates": [[[9.1186962, 45.4546624], [9.1186361, 45.4546459], [9.1182289, 45.4545339], [9.1181073, 45.4545005], [9.117447, 45.454319], [9.1162292, 45.4539842], [9.1161058, 45.4539515]], [[9.1158351, 45.4538017], [9.115976, 45.4538586], [9.1160218, 45.4538775], [9.1161058, 45.4539515]], [[9.1161058, 45.4539515], [9.1159908, 45.4539551], [9.1159542, 45.4539456], [9.1159125, 45.4539328], [9.1157474, 45.4538923]], [[9.1157474, 45.4538923], [9.1156335, 45.4538614]], [[9.1157264, 45.4537622], [9.1158351, 45.4538017]]]}}, {"type": "Feature", "properties": {"id": "SS-MIL-4034", "nome": "Via Terni", "quartiere": "", "classificazione": "giallo", "score": 3, "note": "strada urbana senza ciclabile", "ciclabile": "no", "n_corsie": "2", "senso_unico": "no", "n_testimonianze": "0", "zona": "B1"}, "geometry": {"type": "LineString", "coordinates": [[9.0910942, 45.4656195], [9.0910585, 45.4656116], [9.0902026, 45.4654151]]}}, {"type": "Feature", "properties": {"id": "SS-MIL-4054", "nome": "Via Tito Vignoli", "quartiere": "", "classificazione": "giallo", "score": 3, "note": "strada urbana senza ciclabile", "ciclabile": "no", "n_corsie": "2", "senso_unico": "si", "n_testimonianze": "0", "zona": "B1"}, "geometry": {"type": "MultiLineString", "coordinates": [[[9.1470206, 45.4532765], [9.1470594, 45.4532164], [9.1476216, 45.4522885], [9.1476365, 45.4522638], [9.1476571, 45.45223]], [[9.1486221, 45.4505703], [9.1486551, 45.4505161], [9.1492495, 45.4495154], [9.1492859, 45.4494626], [9.1493033, 45.4494372]], [[9.1485458, 45.4507009], [9.1485734, 45.450651], [9.1485809, 45.4506398]], [[9.1485809, 45.4506398], [9.1485884, 45.4506281], [9.1486221, 45.4505703]], [[9.1476571, 45.45223], [9.1476954, 45.4521641], [9.1481172, 45.45144], [9.1484154, 45.450928], [9.1484309, 45.4509013], [9.1485089, 45.4507673], [9.1485266, 45.450737], [9.1485458, 45.4507009]]]}}, {"type": "Feature", "properties": {"id": "SS-MIL-4057", "nome": "Via Tiziano Vecellio", "quartiere": "", "classificazione": "giallo", "score": 3, "note": "strada urbana senza ciclabile", "ciclabile": "no", "n_corsie": "2", "senso_unico": "no", "n_testimonianze": "0", "zona": "B1"}, "geometry": {"type": "LineString", "coordinates": [[9.1026784, 45.4450024], [9.1037291, 45.4453533], [9.1038711, 45.4454022], [9.1040388, 45.4454567], [9.1050235, 45.4457962]]}}, {"type": "Feature", "properties": {"id": "SS-MIL-4058", "nome": "Via Tobruk", "quartiere": "", "classificazione": "giallo", "score": 3, "note": "strada urbana senza ciclabile", "ciclabile": "no", "n_corsie": "2", "senso_unico": "no", "n_testimonianze": "0", "zona": "B1"}, "geometry": {"type": "LineString", "coordinates": [[9.1520614, 45.4559298], [9.1520064, 45.4559152], [9.1519376, 45.4558969], [9.1510892, 45.4556533]]}}, {"type": "Feature", "properties": {"id": "SS-MIL-4069", "nome": "Via Tommaso Edison", "quartiere": "", "classificazione": "giallo", "score": 3, "note": "strada urbana senza ciclabile", "ciclabile": "no", "n_corsie": "2", "senso_unico": "no", "n_testimonianze": "0", "zona": "B1"}, "geometry": {"type": "MultiLineString", "coordinates": [[[9.0664376, 45.4638896], [9.0666329, 45.4638317], [9.0674253, 45.463597], [9.0692717, 45.4630501], [9.0693903, 45.4629769], [9.0704585, 45.461904], [9.0718981, 45.4604845], [9.0727229, 45.4596713], [9.0728063, 45.459589], [9.0736097, 45.4587969]], [[9.0612251, 45.4679199], [9.0607683, 45.4695263], [9.0607285, 45.4696517], [9.0606834, 45.4698308], [9.0605686, 45.4702553], [9.0605371, 45.4706518], [9.0605147, 45.4709339], [9.0605108, 45.4709836], [9.0605057, 45.4711067], [9.0604786, 45.4715657], [9.0604241, 45.4724897], [9.0604052, 45.4726943], [9.0603979, 45.4730626], [9.0603445, 45.4732216]], [[9.0618258, 45.4657632], [9.0618967, 45.4657178], [9.0620284, 45.4656363], [9.0621864, 45.4655579], [9.0622827, 45.4655174], [9.0624875, 45.4654312], [9.0626704, 45.4653862], [9.0628667, 45.4653566]], [[9.0628667, 45.4653566], [9.0625328, 45.465466], [9.0621673, 45.4656274], [9.0620493, 45.4657065], [9.0619805, 45.4657675], [9.061937, 45.4658148]], [[9.061838, 45.4660268], [9.0617438, 45.4661034], [9.0616804, 45.4661742], [9.061619, 45.4663212], [9.0612251, 45.4679199]], [[9.0629563, 45.4653304], [9.0632349, 45.4652436], [9.0636002, 45.465111], [9.0645257, 45.4647122], [9.0659162, 45.4641141], [9.0663242, 45.4639405], [9.0664376, 45.4638896]], [[9.061145, 45.4679022], [9.0615122, 45.4664419], [9.0616191, 45.4660558], [9.0616067, 45.4659587]], [[9.0603445, 45.4732216], [9.0603181, 45.4730645], [9.0603298, 45.4726944], [9.0603974, 45.4715639], [9.0604245, 45.4711047], [9.0604297, 45.4709812], [9.0604338, 45.4709283], [9.0604559, 45.4706406], [9.0604878, 45.4702484], [9.0606035, 45.4698205], [9.0606488, 45.4696406], [9.0606888, 45.4695145], [9.061145, 45.4679022]], [[9.0603445, 45.4732216], [9.060337, 45.4732711]], [[9.0576777, 45.4767158], [9.0574467, 45.4769229], [9.0573797, 45.4769849], [9.0573488, 45.4770292], [9.0573278, 45.4770704], [9.0573083, 45.477134]], [[9.0571183, 45.4770451], [9.0572566, 45.476981], [9.0573213, 45.4769448], [9.0576777, 45.4767158]], [[9.0628667, 45.4653566], [9.0629563, 45.4653304]]]}}, {"type": "Feature", "properties": {"id": "SS-MIL-4071", "nome": "Via Tommaso Gulli", "quartiere": "", "classificazione": "giallo", "score": 3, "note": "strada urbana senza ciclabile", "ciclabile": "no", "n_corsie": "2", "senso_unico": "no", "n_testimonianze": "0", "zona": "B1"}, "geometry": {"type": "MultiLineString", "coordinates": [[[9.1294686, 45.4653657], [9.129404, 45.4653619], [9.1293426, 45.4653616], [9.1281418, 45.4654068]], [[9.1306834, 45.4653326], [9.1305828, 45.4653363], [9.1297243, 45.4653683], [9.1296391, 45.4653674]], [[9.1321562, 45.4652524], [9.131988, 45.4652586], [9.1316643, 45.4652704]], [[9.1362276, 45.4652586], [9.1361048, 45.4652024], [9.1359895, 45.4651568], [9.1358949, 45.4651239], [9.1358269, 45.4651055]], [[9.1352127, 45.4651299], [9.1350111, 45.4651377]], [[9.1343733, 45.4651797], [9.1342781, 45.4651857], [9.1338, 45.4652065], [9.13345, 45.4652202], [9.1332568, 45.4652274], [9.1331306, 45.4652321], [9.1330977, 45.4652323], [9.1330639, 45.4652295], [9.1329673, 45.4652212], [9.1329074, 45.4652196], [9.13275, 45.4652265], [9.1321562, 45.4652524]], [[9.1316643, 45.4652704], [9.1314787, 45.4652805], [9.1314293, 45.4652827], [9.1312759, 45.4653025], [9.1312299, 45.4653064], [9.1306834, 45.4653326]], [[9.1350111, 45.4651377], [9.1346663, 45.4651524], [9.1346164, 45.4651556], [9.1343733, 45.4651797]], [[9.1281418, 45.4654068], [9.1280928, 45.4654402], [9.1280328, 45.4654793], [9.1280119, 45.4654988], [9.1279925, 45.4655367]], [[9.127965, 45.46534], [9.1281418, 45.4654068]], [[9.1358269, 45.4651055], [9.1352127, 45.4651299]], [[9.1358269, 45.4651055], [9.135903, 45.4650844], [9.1359905, 45.465056], [9.1360706, 45.4650195], [9.1361864, 45.4649557]]]}}, {"type": "Feature", "properties": {"id": "SS-MIL-4077", "nome": "Via Tonezza", "quartiere": "", "classificazione": "giallo", "score": 3, "note": "strada urbana senza ciclabile (1 corsie)", "ciclabile": "no", "n_corsie": "1", "senso_unico": "si", "n_testimonianze": "0", "zona": "B1"}, "geometry": {"type": "LineString", "coordinates": [[9.1289219, 45.461154], [9.1289976, 45.4611794], [9.1290485, 45.4612], [9.1302325, 45.4616734], [9.1316135, 45.4622219], [9.1328104, 45.4626989], [9.1328473, 45.4627076], [9.1328772, 45.4627078], [9.1328874, 45.4627035], [9.1328966, 45.4626997]]}}, {"type": "Feature", "properties": {"id": "SS-MIL-4082", "nome": "Via Tortona", "quartiere": "", "classificazione": "giallo", "score": 3, "note": "strada urbana senza ciclabile", "ciclabile": "no", "n_corsie": "2", "senso_unico": "si", "n_testimonianze": "0", "zona": "B1"}, "geometry": {"type": "MultiLineString", "coordinates": [[[9.1562466, 45.4499091], [9.1562327, 45.4499803], [9.1562298, 45.4500262], [9.1562275, 45.4501038], [9.1562353, 45.4501832], [9.1562596, 45.4502751], [9.1563072, 45.4503484], [9.1563577, 45.4504295]], [[9.1564725, 45.4504894], [9.1570208, 45.4505823]], [[9.1556809, 45.4503167], [9.1557411, 45.4503442], [9.1558, 45.4503698], [9.1558851, 45.4504106], [9.1559271, 45.4504293], [9.1559637, 45.4504378], [9.1560153, 45.450447]], [[9.1560153, 45.450447], [9.1562994, 45.4504771], [9.1563207, 45.4504775], [9.1564725, 45.4504894]], [[9.1570208, 45.4505823], [9.1570482, 45.4505867], [9.1593956, 45.4509667], [9.1602615, 45.4511048], [9.1606399, 45.4511651], [9.1607456, 45.4511925]], [[9.1563577, 45.4504295], [9.1564725, 45.4504894]], [[9.1661291, 45.4527877], [9.1662249, 45.4528375], [9.1663097, 45.4528668], [9.1672924, 45.453206], [9.1675067, 45.4532817]], [[9.1661291, 45.4527877], [9.1660593, 45.4527526], [9.1651579, 45.4524945], [9.1649789, 45.4524412], [9.1649071, 45.4524199]], [[9.1634313, 45.4519845], [9.1634662, 45.4519957]], [[9.1634662, 45.4519957], [9.164211, 45.4522142], [9.1644785, 45.4522821]], [[9.1675067, 45.4532817], [9.167632, 45.4533301], [9.1679075, 45.4534381]], [[9.1692444, 45.4539897], [9.1692667, 45.4540351], [9.1693181, 45.45414], [9.1693775, 45.454299], [9.1694121, 45.4544535], [9.1694321, 45.4547923], [9.1694344, 45.454852]], [[9.1607456, 45.4511925], [9.1608462, 45.4512216], [9.1608901, 45.4512338], [9.1612355, 45.4513419], [9.1615301, 45.4514271], [9.1616307, 45.4514577], [9.1618056, 45.4515089], [9.1631135, 45.4518918], [9.1633358, 45.4519564], [9.1634218, 45.4519813], [9.1634313, 45.4519845]], [[9.1679075, 45.4534381], [9.1692444, 45.4539897]], [[9.1694344, 45.454852], [9.1694337, 45.4549685], [9.1694074, 45.4552375], [9.1693588, 45.4554573], [9.1692346, 45.4557671], [9.1692022, 45.4557902], [9.169171, 45.4558125]]]}}, {"type": "Feature", "properties": {"id": "SS-MIL-4085", "nome": "Via Tranquillo Cremona", "quartiere": "", "classificazione": "giallo", "score": 3, "note": "strada urbana senza ciclabile", "ciclabile": "no", "n_corsie": "2", "senso_unico": "no", "n_testimonianze": "0", "zona": "B1"}, "geometry": {"type": "MultiLineString", "coordinates": [[[9.1584162, 45.4708771], [9.1575183, 45.4715845], [9.1575098, 45.4715912], [9.1574744, 45.4716191], [9.1574139, 45.471684]], [[9.1591962, 45.4702887], [9.1587765, 45.4705996]], [[9.1587765, 45.4705996], [9.1584162, 45.4708771]]]}}, {"type": "Feature", "properties": {"id": "SS-MIL-4088", "nome": "Via Travaglia", "quartiere": "", "classificazione": "giallo", "score": 3, "note": "strada urbana senza ciclabile", "ciclabile": "no", "n_corsie": "2", "senso_unico": "no", "n_testimonianze": "0", "zona": "B1"}, "geometry": {"type": "LineString", "coordinates": [[9.1118542, 45.4462686], [9.1118743, 45.4462323], [9.111878, 45.4462257], [9.1128562, 45.4444624], [9.1129779, 45.4442417], [9.1134342, 45.4434124], [9.1134672, 45.4433523], [9.1134803, 45.4433285]]}}, {"type": "Feature", "properties": {"id": "SS-MIL-4094", "nome": "Via Trenno", "quartiere": "", "classificazione": "giallo", "score": 3, "note": "strada urbana senza ciclabile", "ciclabile": "no", "n_corsie": "2", "senso_unico": "si", "n_testimonianze": "0", "zona": "B1"}, "geometry": {"type": "MultiLineString", "coordinates": [[[9.128017, 45.4851731], [9.1280466, 45.4852555], [9.1279936, 45.4856047], [9.1279389, 45.4856822]], [[9.1279389, 45.4856822], [9.1278766, 45.4857781], [9.1278015, 45.4859718], [9.1277693, 45.4860279], [9.1276124, 45.4864228], [9.1276054, 45.4864433], [9.1275993, 45.4864747], [9.1276063, 45.4865241]], [[9.1276063, 45.4865241], [9.1275925, 45.486568], [9.1275235, 45.4867279], [9.1274077, 45.4869255], [9.1273458, 45.4869895]], [[9.1260102, 45.4874738], [9.1259735, 45.4874826], [9.1258649, 45.4875059], [9.1258255, 45.4875168], [9.125788, 45.4875313], [9.1257514, 45.4875496], [9.125707, 45.4875749], [9.1256073, 45.4876494], [9.1255604, 45.4876984], [9.1255232, 45.4877568], [9.1254981, 45.4878146], [9.1254807, 45.487885], [9.1254704, 45.4879554], [9.1254746, 45.487987], [9.125488, 45.4880108], [9.1255858, 45.4881406], [9.1260083, 45.4886919], [9.1260457, 45.4887651]], [[9.1273458, 45.4869895], [9.1272652, 45.487061], [9.1272269, 45.4870934], [9.1271816, 45.4871272], [9.1271368, 45.4871541], [9.1268679, 45.487274], [9.1268282, 45.4872913], [9.1267806, 45.4873066], [9.1264442, 45.4873858], [9.1262406, 45.487426], [9.126123, 45.4874504], [9.1260102, 45.4874738]]]}}, {"type": "Feature", "properties": {"id": "SS-MIL-4100", "nome": "Via Trezzo d'Adda", "quartiere": "", "classificazione": "giallo", "score": 3, "note": "strada urbana senza ciclabile", "ciclabile": "no", "n_corsie": "2", "senso_unico": "si", "n_testimonianze": "0", "zona": "B1"}, "geometry": {"type": "MultiLineString", "coordinates": [[[9.1566129, 45.4551104], [9.156613, 45.4551215], [9.1566055, 45.4551579], [9.1565669, 45.4554686]], [[9.1565669, 45.4554686], [9.1564795, 45.4562856], [9.1564526, 45.4563346], [9.1564067, 45.4563929]]]}}, {"type": "Feature", "properties": {"id": "SS-MIL-4115", "nome": "Via Ugo Frigerio", "quartiere": "", "classificazione": "giallo", "score": 3, "note": "strada urbana senza ciclabile", "ciclabile": "no", "n_corsie": "2", "senso_unico": "si", "n_testimonianze": "0", "zona": "B1"}, "geometry": {"type": "LineString", "coordinates": [[9.0834099, 45.4671233], [9.0834191, 45.4670297], [9.0841971, 45.4657058], [9.0844193, 45.4653277], [9.0845245, 45.4651486]]}}, {"type": "Feature", "properties": {"id": "SS-MIL-4121", "nome": "Via Ugo Pisa", "quartiere": "", "classificazione": "giallo", "score": 3, "note": "strada urbana senza ciclabile", "ciclabile": "no", "n_corsie": "2", "senso_unico": "si", "n_testimonianze": "0", "zona": "B1"}, "geometry": {"type": "LineString", "coordinates": [[9.1196706, 45.4529512], [9.1197008, 45.452955], [9.1197301, 45.4529617], [9.1211513, 45.4533332], [9.1212147, 45.4533497]]}}, {"type": "Feature", "properties": {"id": "SS-MIL-4147", "nome": "Via Val Badia", "quartiere": "", "classificazione": "giallo", "score": 3, "note": "strada urbana senza ciclabile", "ciclabile": "no", "n_corsie": "2", "senso_unico": "no", "n_testimonianze": "0", "zona": "B1"}, "geometry": {"type": "LineString", "coordinates": [[9.0852557, 45.4604333], [9.0852062, 45.460416], [9.0848323, 45.4601965], [9.0845698, 45.4600669], [9.0841942, 45.4599455], [9.0841551, 45.4599324], [9.0840607, 45.4599007]]}}, {"type": "Feature", "properties": {"id": "SS-MIL-4148", "nome": "Via Val Bavona", "quartiere": "", "classificazione": "giallo", "score": 3, "note": "strada urbana senza ciclabile (2 corsie)", "ciclabile": "no", "n_corsie": "2", "senso_unico": "no", "n_testimonianze": "0", "zona": "B1"}, "geometry": {"type": "MultiLineString", "coordinates": [[[9.1266351, 45.4489668], [9.1265507, 45.4489448], [9.1263111, 45.4488822], [9.1262453, 45.448865], [9.1256264, 45.4487034], [9.1253354, 45.4486274]], [[9.1253354, 45.4486274], [9.1252075, 45.4485941], [9.1251165, 45.4485703]], [[9.124588, 45.4484323], [9.1245135, 45.4484129], [9.124366, 45.4483743], [9.1242061, 45.4483326], [9.1241448, 45.4483166]], [[9.120544, 45.4471689], [9.1206962, 45.4472091]], [[9.1239651, 45.4482658], [9.1240066, 45.4482707], [9.1240376, 45.4482794], [9.1240697, 45.4482884], [9.1241448, 45.4483166]], [[9.1218589, 45.4476328], [9.1220213, 45.4476992], [9.1221372, 45.4477411], [9.122216, 45.4477637], [9.1236141, 45.4481647], [9.1236493, 45.4481776], [9.1236741, 45.4481871], [9.1237412, 45.4482285]], [[9.1251165, 45.4485703], [9.124588, 45.4484323]], [[9.1253485, 45.4487012], [9.1253859, 45.4487112], [9.1254635, 45.4487304], [9.1255941, 45.4487654], [9.1257347, 45.4488016], [9.1257535, 45.4488167], [9.1259367, 45.4488651], [9.1261726, 45.4489258], [9.1262202, 45.4489263], [9.1262785, 45.4489445], [9.1265218, 45.449008], [9.12654, 45.4490128], [9.1265818, 45.4490631]], [[9.1239189, 45.4483428], [9.1239421, 45.4483437], [9.123976, 45.4483451], [9.1240017, 45.4483491], [9.1240681, 45.4483662], [9.1241074, 45.4483758], [9.1250855, 45.4486304], [9.1252376, 45.44867], [9.1252734, 45.4486803]], [[9.1238226, 45.4483136], [9.1238659, 45.4483267], [9.1239189, 45.4483428]], [[9.1207981, 45.4473442], [9.1208413, 45.4473457], [9.1209195, 45.4473612], [9.121004, 45.44738], [9.1211783, 45.4474223], [9.1212916, 45.4474548], [9.1213962, 45.4474957], [9.1215887, 45.4475856], [9.1216485, 45.4476124], [9.1217348, 45.447651], [9.1218209, 45.447686], [9.1218448, 45.4476957], [9.1219629, 45.447746], [9.1220386, 45.4477737], [9.1221218, 45.4477968], [9.1221895, 45.4478147], [9.1224155, 45.4478805], [9.1226998, 45.4479619], [9.1229633, 45.4480391], [9.1232269, 45.4481153], [9.123424, 45.4481745], [9.1235554, 45.4482131], [9.1235876, 45.4482338], [9.1235997, 45.4482639], [9.1236202, 45.4482871], [9.1236403, 45.4483038], [9.1236681, 45.4483176], [9.123719, 45.4483307], [9.1237539, 45.4483307], [9.1237754, 45.4483273], [9.1237958, 45.4483219], [9.1238226, 45.4483136]], [[9.1216857, 45.4475589], [9.1217756, 45.4475989], [9.1218589, 45.4476328]], [[9.1206962, 45.4472091], [9.1208432, 45.4472401], [9.1208857, 45.4472504], [9.1209927, 45.4472745], [9.1210965, 45.4473026], [9.1212057, 45.4473474], [9.1216857, 45.4475589]]]}}, {"type": "Feature", "properties": {"id": "SS-MIL-4149", "nome": "Via Val Blenio", "quartiere": "", "classificazione": "giallo", "score": 3, "note": "strada urbana senza ciclabile", "ciclabile": "no", "n_corsie": "2", "senso_unico": "no", "n_testimonianze": "0", "zona": "B1"}, "geometry": {"type": "LineString", "coordinates": [[9.1283548, 45.4591874], [9.1283761, 45.4591474], [9.1284017, 45.4590993], [9.1284152, 45.4590718], [9.1290412, 45.4580538], [9.129072, 45.4580078]]}}, {"type": "Feature", "properties": {"id": "SS-MIL-4151", "nome": "Via Val Bregaglia", "quartiere": "", "classificazione": "giallo", "score": 3, "note": "strada urbana senza ciclabile", "ciclabile": "no", "n_corsie": "2", "senso_unico": "si", "n_testimonianze": "0", "zona": "B1"}, "geometry": {"type": "MultiLineString", "coordinates": [[[9.1285224, 45.466409], [9.128493, 45.4664313], [9.1279982, 45.4668064], [9.1279769, 45.4668301], [9.1279533, 45.4668726], [9.1279664, 45.4669009], [9.1281304, 45.4670557], [9.1281316, 45.4670817], [9.1281121, 45.4671028], [9.1280527, 45.4671505], [9.1280101, 45.4671718], [9.1279909, 45.4671819], [9.1279875, 45.4671959], [9.1281716, 45.4674859]], [[9.1286305, 45.4682035], [9.1287228, 45.4683512], [9.1287699, 45.4684267]], [[9.1281716, 45.4674859], [9.128614, 45.4681778], [9.1286305, 45.4682035]]]}}, {"type": "Feature", "properties": {"id": "SS-MIL-4152", "nome": "Via Val Cannobina", "quartiere": "", "classificazione": "giallo", "score": 3, "note": "strada urbana senza ciclabile", "ciclabile": "no", "n_corsie": "2", "senso_unico": "no", "n_testimonianze": "0", "zona": "B1"}, "geometry": {"type": "MultiLineString", "coordinates": [[[9.0894979, 45.4588626], [9.0894177, 45.4588285], [9.0890808, 45.458685], [9.0890458, 45.4586771], [9.0889772, 45.4586756]], [[9.0901422, 45.4591119], [9.0894979, 45.4588626]], [[9.0924397, 45.4597476], [9.0923769, 45.4597597], [9.0923019, 45.4597554], [9.0922691, 45.4597447], [9.0907248, 45.459286], [9.0901422, 45.4591119]]]}}, {"type": "Feature", "properties": {"id": "SS-MIL-4153", "nome": "Via Val Cavallina", "quartiere": "", "classificazione": "giallo", "score": 3, "note": "strada urbana senza ciclabile (1 corsie)", "ciclabile": "no", "n_corsie": "1", "senso_unico": "si", "n_testimonianze": "0", "zona": "B1"}, "geometry": {"type": "MultiLineString", "coordinates": [[[9.0710801, 45.4519943], [9.0709952, 45.4520635], [9.0697826, 45.4530783]], [[9.0697826, 45.4530783], [9.0693998, 45.453399]]]}}, {"type": "Feature", "properties": {"id": "SS-MIL-4156", "nome": "Via Val Devero", "quartiere": "", "classificazione": "giallo", "score": 3, "note": "strada urbana senza ciclabile", "ciclabile": "no", "n_corsie": "2", "senso_unico": "si", "n_testimonianze": "0", "zona": "B1"}, "geometry": {"type": "MultiLineString", "coordinates": [[[9.1111619, 45.460457], [9.1111446, 45.4603856], [9.1109954, 45.4596603]], [[9.1109954, 45.4596603], [9.1109501, 45.4595428], [9.1107601, 45.4591804], [9.1105103, 45.458704], [9.1105, 45.4586843]]]}}, {"type": "Feature", "properties": {"id": "SS-MIL-4160", "nome": "Via Val Lavizzana", "quartiere": "", "classificazione": "giallo", "score": 3, "note": "strada urbana senza ciclabile", "ciclabile": "no", "n_corsie": "2", "senso_unico": "si", "n_testimonianze": "0", "zona": "B1"}, "geometry": {"type": "LineString", "coordinates": [[9.141122, 45.4616885], [9.141197, 45.4617052], [9.1428233, 45.4621274], [9.1428619, 45.4621384], [9.1428968, 45.4621482]]}}, {"type": "Feature", "properties": {"id": "SS-MIL-4164", "nome": "Via Val Morea", "quartiere": "", "classificazione": "giallo", "score": 3, "note": "strada urbana senza ciclabile", "ciclabile": "no", "n_corsie": "2", "senso_unico": "no", "n_testimonianze": "0", "zona": "B1"}, "geometry": {"type": "LineString", "coordinates": [[9.0856811, 45.4600001], [9.0857305, 45.4599776], [9.0859629, 45.4596262], [9.0859854, 45.4595921]]}}, {"type": "Feature", "properties": {"id": "SS-MIL-4165", "nome": "Via Val Pantena", "quartiere": "", "classificazione": "giallo", "score": 3, "note": "strada urbana senza ciclabile", "ciclabile": "no", "n_corsie": "2", "senso_unico": "no", "n_testimonianze": "0", "zona": "B1"}, "geometry": {"type": "LineString", "coordinates": [[9.1178675, 45.4737642], [9.1179313, 45.4738183], [9.1183323, 45.4741563], [9.1184043, 45.4742421], [9.1184151, 45.4742642]]}}, {"type": "Feature", "properties": {"id": "SS-MIL-4167", "nome": "Via Val Pellice", "quartiere": "", "classificazione": "giallo", "score": 3, "note": "strada urbana senza ciclabile", "ciclabile": "no", "n_corsie": "2", "senso_unico": "si", "n_testimonianze": "0", "zona": "B1"}, "geometry": {"type": "LineString", "coordinates": [[9.120467, 45.4745033], [9.1204223, 45.4745189], [9.1201426, 45.4746179], [9.1200661, 45.4746614], [9.1200515, 45.4747125], [9.1200749, 45.4756713]]}}, {"type": "Feature", "properties": {"id": "SS-MIL-4168", "nome": "Via Val Poschiavina", "quartiere": "", "classificazione": "giallo", "score": 3, "note": "strada urbana senza ciclabile", "ciclabile": "no", "n_corsie": "2", "senso_unico": "si", "n_testimonianze": "0", "zona": "B1"}, "geometry": {"type": "MultiLineString", "coordinates": [[[9.1207071, 45.4743927], [9.1207535, 45.4743796], [9.1211389, 45.4742643], [9.1211601, 45.4742645], [9.1211803, 45.4742717], [9.1215446, 45.4745806], [9.1215541, 45.4745964], [9.1215577, 45.4746753], [9.1215593, 45.4748701], [9.1215251, 45.4748949]], [[9.1215251, 45.4748949], [9.1213875, 45.4749737], [9.1210817, 45.4749711], [9.1210022, 45.4749702]]]}}, {"type": "Feature", "properties": {"id": "SS-MIL-4170", "nome": "Via Val Senales", "quartiere": "", "classificazione": "giallo", "score": 3, "note": "strada urbana senza ciclabile", "ciclabile": "no", "n_corsie": "2", "senso_unico": "no", "n_testimonianze": "0", "zona": "B1"}, "geometry": {"type": "LineString", "coordinates": [[9.0886417, 45.4590997], [9.0885929, 45.4590829], [9.0882193, 45.458953], [9.0872123, 45.4583414]]}}, {"type": "Feature", "properties": {"id": "SS-MIL-4173", "nome": "Via Val Vigezzo", "quartiere": "", "classificazione": "giallo", "score": 3, "note": "strada urbana senza ciclabile", "ciclabile": "no", "n_corsie": "2", "senso_unico": "si", "n_testimonianze": "0", "zona": "B1"}, "geometry": {"type": "LineString", "coordinates": [[9.1525468, 45.4853261], [9.1525997, 45.485286], [9.1536276, 45.4845115], [9.153658, 45.4844884], [9.1537055, 45.4844526]]}}, {"type": "Feature", "properties": {"id": "SS-MIL-4175", "nome": "Via Val d'Intelvi", "quartiere": "", "classificazione": "giallo", "score": 3, "note": "strada urbana senza ciclabile (2 corsie)", "ciclabile": "no", "n_corsie": "2", "senso_unico": "no", "n_testimonianze": "0", "zona": "B1"}, "geometry": {"type": "MultiLineString", "coordinates": [[[9.0884597, 45.4593447], [9.0884175, 45.4594043], [9.088287, 45.459585], [9.088139, 45.4597899]], [[9.088139, 45.4597899], [9.0876416, 45.4604693]], [[9.0876416, 45.4604693], [9.0875385, 45.4606112], [9.0874152, 45.4607806], [9.0869659, 45.4613991], [9.0867852, 45.4616708]], [[9.0867852, 45.4616708], [9.0866852, 45.4618166], [9.0864059, 45.4622051], [9.0863657, 45.4622572]]]}}, {"type": "Feature", "properties": {"id": "SS-MIL-4180", "nome": "Via Val di Noce", "quartiere": "", "classificazione": "giallo", "score": 3, "note": "strada urbana senza ciclabile", "ciclabile": "no", "n_corsie": "2", "senso_unico": "no", "n_testimonianze": "0", "zona": "B1"}, "geometry": {"type": "MultiLineString", "coordinates": [[[9.0868841, 45.4598818], [9.0865182, 45.4597689]], [[9.0865182, 45.4597689], [9.0859854, 45.4595921]], [[9.0859854, 45.4595921], [9.0859339, 45.4595759], [9.0848289, 45.4589293], [9.0847487, 45.458884]]]}}, {"type": "Feature", "properties": {"id": "SS-MIL-4186", "nome": "Via Valdagno", "quartiere": "", "classificazione": "giallo", "score": 3, "note": "strada urbana senza ciclabile", "ciclabile": "no", "n_corsie": "2", "senso_unico": "si", "n_testimonianze": "0", "zona": "B1"}, "geometry": {"type": "MultiLineString", "coordinates": [[[9.1118551, 45.461757], [9.1119063, 45.4617172], [9.1119211, 45.4617085], [9.1120499, 45.4615946], [9.112076, 45.4615228], [9.1120481, 45.4614388], [9.1120429, 45.4614233], [9.1116802, 45.460931], [9.1115681, 45.460783], [9.111381, 45.460545], [9.1113639, 45.4605185], [9.1113153, 45.4604447]], [[9.111659, 45.4630508], [9.1116354, 45.4629988], [9.1116262, 45.4629782], [9.111372, 45.4624156], [9.1113505, 45.4623451], [9.1113473, 45.462282], [9.1113588, 45.4622151], [9.1113985, 45.4621247], [9.1114353, 45.4620722], [9.1114678, 45.4620388], [9.1117922, 45.4618023], [9.1118003, 45.4617948], [9.1118551, 45.461757]], [[9.111874, 45.4635183], [9.1118508, 45.4635741], [9.1117661, 45.4637655]], [[9.111874, 45.4635183], [9.1118016, 45.4633469], [9.111659, 45.4630508]]]}}, {"type": "Feature", "properties": {"id": "SS-MIL-4196", "nome": "Via Valle Antigorio", "quartiere": "", "classificazione": "giallo", "score": 3, "note": "strada urbana senza ciclabile", "ciclabile": "no", "n_corsie": "2", "senso_unico": "si", "n_testimonianze": "0", "zona": "B1"}, "geometry": {"type": "LineString", "coordinates": [[9.1109954, 45.4596603], [9.1105285, 45.4597201], [9.1103252, 45.4597302], [9.1101882, 45.4597294], [9.1095557, 45.4596133], [9.1095179, 45.4595955], [9.1094639, 45.45957]]}}, {"type": "Feature", "properties": {"id": "SS-MIL-4197", "nome": "Via Valle Antrona", "quartiere": "", "classificazione": "giallo", "score": 3, "note": "strada urbana senza ciclabile", "ciclabile": "no", "n_corsie": "2", "senso_unico": "no", "n_testimonianze": "0", "zona": "B1"}, "geometry": {"type": "MultiLineString", "coordinates": [[[9.0900596, 45.4578245], [9.0899819, 45.4577936], [9.089977, 45.4577904], [9.0886642, 45.4572931]], [[9.0884201, 45.4571985], [9.0884527, 45.4571377], [9.0888231, 45.4564582], [9.0888431, 45.4562532], [9.0888556, 45.4558843], [9.089009, 45.455651], [9.0890581, 45.4555718]], [[9.0878746, 45.4573513], [9.0880131, 45.4572628], [9.0880947, 45.4572472], [9.0883335, 45.4572016], [9.0884201, 45.4571985]], [[9.0877535, 45.4574947], [9.0878746, 45.4573513]], [[9.0886642, 45.4572931], [9.0886089, 45.4572718], [9.0884201, 45.4571985]]]}}, {"type": "Feature", "properties": {"id": "SS-MIL-4198", "nome": "Via Valle Anzasca", "quartiere": "", "classificazione": "giallo", "score": 3, "note": "strada urbana senza ciclabile", "ciclabile": "no", "n_corsie": "2", "senso_unico": "si", "n_testimonianze": "0", "zona": "B1"}, "geometry": {"type": "LineString", "coordinates": [[9.0904088, 45.4571999], [9.0905361, 45.4572374], [9.0912509, 45.45745], [9.0926558, 45.4578636], [9.0934043, 45.4580851], [9.0934189, 45.4580892], [9.093504, 45.4581082]]}}, {"type": "Feature", "properties": {"id": "SS-MIL-4199", "nome": "Via Valle Aurina", "quartiere": "", "classificazione": "giallo", "score": 3, "note": "strada urbana senza ciclabile", "ciclabile": "no", "n_corsie": "2", "senso_unico": "no", "n_testimonianze": "0", "zona": "B1"}, "geometry": {"type": "LineString", "coordinates": [[9.0858142, 45.4573194], [9.0859213, 45.4573366], [9.0876332, 45.4574885], [9.0877535, 45.4574947]]}}, {"type": "Feature", "properties": {"id": "SS-MIL-4200", "nome": "Via Valle Isorno", "quartiere": "", "classificazione": "giallo", "score": 3, "note": "strada urbana senza ciclabile (2 corsie)", "ciclabile": "no", "n_corsie": "2", "senso_unico": "no", "n_testimonianze": "0", "zona": "B1"}, "geometry": {"type": "MultiLineString", "coordinates": [[[9.0884597, 45.4593447], [9.0884997, 45.4592915], [9.0886417, 45.4590997]], [[9.0886417, 45.4590997], [9.0887333, 45.4589764], [9.0889772, 45.4586756]], [[9.0889772, 45.4586756], [9.0890425, 45.458596], [9.0893127, 45.4582323]], [[9.0893127, 45.4582323], [9.0893831, 45.4581372], [9.0894287, 45.4581078], [9.0894884, 45.4580912]]]}}, {"type": "Feature", "properties": {"id": "SS-MIL-4206", "nome": "Via Valsesia", "quartiere": "", "classificazione": "giallo", "score": 3, "note": "strada urbana senza ciclabile", "ciclabile": "no", "n_corsie": "2", "senso_unico": "no", "n_testimonianze": "0", "zona": "B1"}, "geometry": {"type": "MultiLineString", "coordinates": [[[9.1010765, 45.4538253], [9.1009923, 45.4538018], [9.0994122, 45.4533519]], [[9.0967552, 45.4533559], [9.0968056, 45.453413], [9.0973672, 45.4540521], [9.0973859, 45.4540985], [9.0973873, 45.4541327], [9.0973808, 45.4541742], [9.0971304, 45.4546476], [9.0970763, 45.4547363]], [[9.0978839, 45.4575939], [9.0980081, 45.4574662], [9.0990016, 45.4564444], [9.0990711, 45.4563739], [9.0991325, 45.4563117]], [[9.097631, 45.4578289], [9.0977374, 45.4577116], [9.0978839, 45.4575939]], [[9.0978839, 45.4575939], [9.0978511, 45.4576903], [9.097839, 45.4577266], [9.0978264, 45.4577562], [9.0978109, 45.4578308]], [[9.0991325, 45.4563117], [9.0992682, 45.4561741], [9.1003279, 45.4550994], [9.1004336, 45.4549922]], [[9.1009724, 45.4528553], [9.1009035, 45.4528457], [9.1008448, 45.4528327], [9.1003145, 45.4526641], [9.0999238, 45.4525399], [9.0998111, 45.4525215], [9.0996378, 45.4524931], [9.0994732, 45.4524791], [9.099085, 45.4524847], [9.098737, 45.4525364], [9.0986538, 45.4525491], [9.0985335, 45.4525796], [9.0980602, 45.4527829], [9.0968168, 45.4533288], [9.0967552, 45.4533559]], [[9.097631, 45.4578289], [9.0976597, 45.4578228], [9.0976902, 45.4578191], [9.0977211, 45.457818], [9.0977519, 45.4578197], [9.0977822, 45.457824], [9.0978109, 45.4578308]], [[9.0970311, 45.4548254], [9.097013, 45.4548185], [9.0970117, 45.4548176], [9.0970011, 45.4548101], [9.0969926, 45.4547999], [9.0969879, 45.4547886], [9.0969874, 45.4547768], [9.096991, 45.4547652], [9.0969986, 45.4547547], [9.0970096, 45.4547458], [9.0970234, 45.454739], [9.0970392, 45.4547349], [9.0970559, 45.4547336], [9.0970763, 45.4547363]], [[9.0967552, 45.4533559], [9.0965875, 45.4534241], [9.0963914, 45.4534961], [9.0961537, 45.4535816], [9.0959152, 45.4536611], [9.095658, 45.453744], [9.0954602, 45.4538047], [9.095327, 45.4538437], [9.0951957, 45.4538822], [9.0950485, 45.4539248], [9.0950023, 45.4539377], [9.0948365, 45.4539839], [9.0944261, 45.4540832], [9.0929923, 45.4544073], [9.0929297, 45.4544232], [9.0928363, 45.4544556], [9.0927281, 45.4544996], [9.0926404, 45.4545427], [9.0925718, 45.4545816], [9.0925155, 45.4546193], [9.0924508, 45.4546734], [9.0924021, 45.4547176], [9.0923538, 45.454768], [9.0923101, 45.4548212], [9.0922745, 45.4548725], [9.0918894, 45.455505], [9.0918823, 45.4555166], [9.0916601, 45.4558815]], [[9.0916601, 45.4558815], [9.0916493, 45.455904], [9.0916429, 45.4559278], [9.0916416, 45.4559434], [9.0916465, 45.4559713], [9.0916605, 45.4559925], [9.0916798, 45.4560094], [9.0917142, 45.4560283], [9.0917605, 45.4560476], [9.0933346, 45.4565162]], [[9.0938739, 45.4566772], [9.0940578, 45.4567313], [9.094093, 45.4567441], [9.0941201, 45.4567558], [9.094141, 45.4567681], [9.094166, 45.4567833], [9.0941867, 45.456805], [9.0942017, 45.4568274], [9.0942147, 45.4568535], [9.094222, 45.456876], [9.0942215, 45.4568947], [9.0942154, 45.4569106], [9.0941927, 45.4569473], [9.0941581, 45.4570005]], [[9.0970763, 45.4547363], [9.0970882, 45.4547397], [9.0971018, 45.4547467], [9.0971124, 45.4547558], [9.0971195, 45.4547665], [9.0971228, 45.4547811], [9.0971208, 45.4547928], [9.0971146, 45.4548038], [9.0971048, 45.4548134], [9.097092, 45.454821], [9.0970768, 45.4548262], [9.0970603, 45.4548286], [9.0970435, 45.4548281], [9.0970311, 45.4548254]], [[9.0933346, 45.4565162], [9.0938022, 45.4566533], [9.0938739, 45.4566772]], [[9.0990844, 45.456288], [9.098338, 45.4559209]], [[9.1007423, 45.4545748], [9.1007883, 45.4546545], [9.1008215, 45.4547504]], [[9.1007423, 45.4545748], [9.1008494, 45.4543328], [9.1008811, 45.4542611], [9.1009244, 45.4541633], [9.1009265, 45.4541586], [9.1010765, 45.4538253]], [[9.1004336, 45.4549922], [9.1005053, 45.4549092], [9.1006098, 45.4548252]], [[9.1006606, 45.4547536], [9.1006937, 45.454652], [9.1007423, 45.4545748]], [[9.1007293, 45.4549212], [9.1005721, 45.4549705], [9.1004336, 45.4549922]], [[9.1006606, 45.4547536], [9.1006981, 45.4547389], [9.1007403, 45.4547332], [9.1007829, 45.4547372], [9.1008215, 45.4547504]], [[9.1006098, 45.4548252], [9.1006164, 45.4547982], [9.1006338, 45.4547736], [9.1006606, 45.4547536]], [[9.1010765, 45.4538253], [9.1012846, 45.4532878], [9.1012954, 45.4532476], [9.1013031, 45.4531971]], [[9.1007293, 45.4549212], [9.1006909, 45.454914], [9.1006571, 45.4548993], [9.100631, 45.4548783], [9.1006147, 45.4548529], [9.1006098, 45.4548252]], [[9.1011519, 45.4528246], [9.1011967, 45.4527928], [9.101254, 45.4527733], [9.1013172, 45.4527684], [9.1013792, 45.4527785], [9.1014306, 45.4528012], [9.1014506, 45.4528184]], [[9.1013031, 45.4531971], [9.1012972, 45.4531576], [9.1012828, 45.4531204], [9.10126, 45.45307], [9.1012166, 45.4530161]], [[9.1013922, 45.4530174], [9.1013632, 45.4530528], [9.1013418, 45.4530902], [9.1013266, 45.4531232], [9.1013125, 45.4531606], [9.1013031, 45.4531971]], [[9.1009724, 45.4528553], [9.1010073, 45.4528528], [9.1010676, 45.4528446], [9.1011111, 45.4528361], [9.1011519, 45.4528246]], [[9.1011337, 45.4529528], [9.1010998, 45.4529193], [9.101054, 45.4528894], [9.1010063, 45.452868], [9.1009724, 45.4528553]], [[9.1011337, 45.4529528], [9.1011185, 45.4529094], [9.1011248, 45.452865], [9.1011519, 45.4528246]], [[9.1012166, 45.4530161], [9.1011686, 45.4529901], [9.1011337, 45.4529528]], [[9.1013922, 45.4530174], [9.1013345, 45.4530305], [9.1012739, 45.4530301], [9.1012166, 45.4530161]], [[9.1014506, 45.4528184], [9.101469, 45.4528341], [9.1014905, 45.4528739]], [[9.1014905, 45.4528739], [9.1014928, 45.4529164], [9.1014757, 45.4529572], [9.1014409, 45.4529921]], [[9.1014409, 45.4529921], [9.1013922, 45.4530174]]]}}, {"type": "Feature", "properties": {"id": "SS-MIL-4210", "nome": "Via Varazze", "quartiere": "", "classificazione": "giallo", "score": 3, "note": "strada urbana senza ciclabile", "ciclabile": "no", "n_corsie": "2", "senso_unico": "no", "n_testimonianze": "0", "zona": "B1"}, "geometry": {"type": "LineString", "coordinates": [[9.1439257, 45.4709343], [9.1438333, 45.4709194], [9.1423674, 45.4706936], [9.1422706, 45.470676]]}}, {"type": "Feature", "properties": {"id": "SS-MIL-4211", "nome": "Via Varenna", "quartiere": "", "classificazione": "giallo", "score": 3, "note": "strada urbana senza ciclabile", "ciclabile": "no", "n_corsie": "2", "senso_unico": "no", "n_testimonianze": "0", "zona": "B1"}, "geometry": {"type": "MultiLineString", "coordinates": [[[9.1164314, 45.4746069], [9.1164827, 45.4746509], [9.1170253, 45.475116]], [[9.1170253, 45.475116], [9.1172848, 45.4753395]], [[9.1172848, 45.4753395], [9.117377, 45.4754154], [9.1174146, 45.4754478], [9.1174316, 45.4754727], [9.1174418, 45.4755083], [9.1174458, 45.4756768], [9.1174464, 45.4757046]]]}}, {"type": "Feature", "properties": {"id": "SS-MIL-4227", "nome": "Via Ventiquattro Maggio", "quartiere": "", "classificazione": "giallo", "score": 3, "note": "strada urbana senza ciclabile", "ciclabile": "no", "n_corsie": "2", "senso_unico": "no", "n_testimonianze": "0", "zona": "B1"}, "geometry": {"type": "MultiLineString", "coordinates": [[[9.0412621, 45.4598918], [9.0412961, 45.4599039], [9.0418969, 45.460118], [9.0421973, 45.4602251], [9.0421844, 45.4605578]], [[9.1101331, 45.4307381], [9.1100166, 45.4306825], [9.1095411, 45.4304556]], [[9.1073137, 45.4300547], [9.1072428, 45.4300365], [9.1050029, 45.4294664], [9.1044237, 45.4293056], [9.10424, 45.4291617], [9.104155, 45.4290978], [9.1040305, 45.4290044]], [[9.1095411, 45.4304556], [9.1093535, 45.4304376], [9.1087407, 45.4303995], [9.1086794, 45.4303942], [9.1086124, 45.4303777], [9.1073977, 45.4300763], [9.1073137, 45.4300547]], [[9.1029873, 45.4287513], [9.1030731, 45.4287721], [9.1031964, 45.428802], [9.1039328, 45.4289807], [9.1040305, 45.4290044]], [[9.2394626, 45.5291333], [9.2395974, 45.5291455], [9.2396306, 45.5291309], [9.2396976, 45.5290699]], [[9.2346684, 45.528324], [9.2347644, 45.5283387], [9.2359098, 45.5285141], [9.2362667, 45.5285677], [9.2365096, 45.5286099], [9.2368291, 45.5286655], [9.2369289, 45.5286813]], [[9.2329712, 45.5281129], [9.2327895, 45.5280804], [9.2321181, 45.5279603], [9.2317185, 45.5278888], [9.2312977, 45.5278136], [9.2303891, 45.5276511], [9.2296232, 45.5275141], [9.2294408, 45.5274953], [9.2293666, 45.5275156], [9.2293308, 45.5275254], [9.2292854, 45.5275769], [9.2292602, 45.5276056]], [[9.2291885, 45.527359], [9.2293156, 45.5273812], [9.2304166, 45.5275736], [9.2313264, 45.5277326], [9.2317469, 45.5278087], [9.2321463, 45.5278809], [9.2326219, 45.527967]], [[9.233472, 45.5281947], [9.2333622, 45.528138], [9.233338, 45.5280722], [9.2333611, 45.5280174], [9.233371, 45.5279939]], [[9.2326219, 45.527967], [9.2328142, 45.528013], [9.2329679, 45.5280497], [9.2329697, 45.5280851], [9.2329712, 45.5281129]], [[9.2326219, 45.527967], [9.2328287, 45.5279734], [9.233371, 45.5279939], [9.2336438, 45.5279933], [9.2338799, 45.5280459], [9.2340649, 45.5281718], [9.2345057, 45.5282584], [9.234549, 45.5282669], [9.2346684, 45.528324]], [[9.237261, 45.5287342], [9.2373969, 45.5287558], [9.2376184, 45.5287945]], [[9.2369289, 45.5286813], [9.237261, 45.5287342]], [[9.239765, 45.5291912], [9.2394626, 45.5291333]], [[9.2376184, 45.5287945], [9.2379046, 45.5288444], [9.2379257, 45.5288485], [9.2379468, 45.5288531], [9.2379672, 45.5288585], [9.2379871, 45.5288645], [9.2380073, 45.5288706], [9.2380276, 45.528876], [9.2380486, 45.5288807], [9.2380696, 45.5288846], [9.2382926, 45.5289244], [9.238852, 45.5290243], [9.2394626, 45.5291333]], [[9.2346684, 45.528324], [9.2345457, 45.5283622], [9.2344786, 45.5283517], [9.233472, 45.5281947], [9.2329712, 45.5281129]]]}}, {"type": "Feature", "properties": {"id": "SS-MIL-4233", "nome": "Via Versilia", "quartiere": "", "classificazione": "giallo", "score": 3, "note": "strada urbana senza ciclabile", "ciclabile": "no", "n_corsie": "2", "senso_unico": "no", "n_testimonianze": "0", "zona": "B1"}, "geometry": {"type": "LineString", "coordinates": [[9.1316433, 45.4853957], [9.1311861, 45.4844802], [9.1311701, 45.4844481], [9.1311462, 45.4844003]]}}, {"type": "Feature", "properties": {"id": "SS-MIL-4236", "nome": "Via Vesio", "quartiere": "", "classificazione": "giallo", "score": 3, "note": "strada urbana senza ciclabile", "ciclabile": "no", "n_corsie": "2", "senso_unico": "no", "n_testimonianze": "0", "zona": "B1"}, "geometry": {"type": "LineString", "coordinates": [[9.1410679, 45.4841117], [9.1410997, 45.4841511], [9.1416449, 45.4851807]]}}, {"type": "Feature", "properties": {"id": "SS-MIL-4237", "nome": "Via Vespri Siciliani", "quartiere": "", "classificazione": "verde", "score": 1, "note": "ciclabile presente (da OpenStreetMap)", "ciclabile": "si", "n_corsie": "2", "senso_unico": "si", "n_testimonianze": "0", "zona": "B1"}, "geometry": {"type": "MultiLineString", "coordinates": [[[9.1432341, 45.4508293], [9.1432634, 45.4508386], [9.1441328, 45.4511177], [9.1452768, 45.4514826], [9.1453611, 45.4515096]], [[9.1429825, 45.450755], [9.1429067, 45.4507342], [9.1428909, 45.4507299], [9.1419212, 45.4504176], [9.1413003, 45.450219], [9.1412164, 45.4502115]], [[9.1453611, 45.4515096], [9.145451, 45.451537], [9.1475657, 45.4522028], [9.1475919, 45.4522104], [9.1476571, 45.45223]], [[9.1476571, 45.45223], [9.1477404, 45.4522577], [9.1483937, 45.4524628]], [[9.1483937, 45.4524628], [9.1489941, 45.452655]], [[9.1489941, 45.452655], [9.1497917, 45.4529055], [9.1498041, 45.4529094], [9.1498596, 45.4529268], [9.1499489, 45.4529567]], [[9.1499489, 45.4529567], [9.1500862, 45.4529988], [9.1521914, 45.4536572], [9.1523004, 45.4536913]], [[9.1431538, 45.4508039], [9.1432341, 45.4508293]]]}}, {"type": "Feature", "properties": {"id": "SS-MIL-4240", "nome": "Via Vetta d'Italia", "quartiere": "", "classificazione": "giallo", "score": 3, "note": "strada urbana senza ciclabile", "ciclabile": "no", "n_corsie": "2", "senso_unico": "si", "n_testimonianze": "0", "zona": "B1"}, "geometry": {"type": "MultiLineString", "coordinates": [[[9.1590326, 45.4610006], [9.158877, 45.4609501], [9.1583323, 45.4607749]], [[9.1583323, 45.4607749], [9.1571781, 45.4604024], [9.1570099, 45.4603496]]]}}, {"type": "Feature", "properties": {"id": "SS-MIL-4256", "nome": "Via Villafranca", "quartiere": "", "classificazione": "giallo", "score": 3, "note": "strada urbana senza ciclabile", "ciclabile": "no", "n_corsie": "2", "senso_unico": "no", "n_testimonianze": "0", "zona": "B1"}, "geometry": {"type": "MultiLineString", "coordinates": [[[9.0729856, 45.4641], [9.0730053, 45.4640705], [9.0738056, 45.462868]], [[9.0416804, 45.5246689], [9.0416535, 45.5249665], [9.0416521, 45.5250684], [9.0416392, 45.5251491], [9.0414301, 45.5254142], [9.0414165, 45.5254315], [9.0413958, 45.5254577]], [[9.0416726, 45.5244122], [9.0416865, 45.5241164], [9.0416897, 45.5240495]], [[9.0416726, 45.5244122], [9.0416804, 45.5246689]]]}}, {"type": "Feature", "properties": {"id": "SS-MIL-4258", "nome": "Via Villette", "quartiere": "", "classificazione": "giallo", "score": 3, "note": "strada urbana senza ciclabile", "ciclabile": "no", "n_corsie": "2", "senso_unico": "si", "n_testimonianze": "0", "zona": "B1"}, "geometry": {"type": "LineString", "coordinates": [[9.092072, 45.4472395], [9.0919959, 45.4474445], [9.0919614, 45.4475392], [9.0918821, 45.4475926], [9.0917703, 45.4476913], [9.0916355, 45.4478232], [9.0915979, 45.4478778], [9.0913612, 45.4483941], [9.0913264, 45.4484091]]}}, {"type": "Feature", "properties": {"id": "SS-MIL-4266", "nome": "Via Vincenzo Foppa", "quartiere": "", "classificazione": "giallo", "score": 3, "note": "strada urbana senza ciclabile (2 corsie)", "ciclabile": "no", "n_corsie": "2", "senso_unico": "no", "n_testimonianze": "0", "zona": "B1"}, "geometry": {"type": "MultiLineString", "coordinates": [[[9.1571843, 45.4566434], [9.1570914, 45.4566133], [9.1564067, 45.4563929]], [[9.1581613, 45.4569613], [9.1580075, 45.456909], [9.1572969, 45.45668], [9.1572678, 45.4566705], [9.1571843, 45.4566434]], [[9.1589742, 45.4572205], [9.1589086, 45.4571993], [9.1587935, 45.4571627], [9.1585358, 45.4570806], [9.1581613, 45.4569613]], [[9.1529144, 45.4551336], [9.1529575, 45.4552132], [9.1529813, 45.4552744], [9.1529855, 45.4553169]], [[9.1564067, 45.4563929], [9.1557228, 45.4561709]], [[9.1544247, 45.455764], [9.1546078, 45.4558111], [9.1547672, 45.4558731], [9.1548083, 45.4558861], [9.1552003, 45.4560048], [9.1554127, 45.4560723], [9.1557228, 45.4561709]], [[9.1557228, 45.4561709], [9.1556531, 45.4561856], [9.1556003, 45.4562044], [9.1555564, 45.4562351], [9.1554872, 45.4563045], [9.1554253, 45.4563382], [9.1553872, 45.4563505]], [[9.1529855, 45.4553169], [9.1530309, 45.455333], [9.1531023, 45.4553538], [9.1536589, 45.4555172], [9.1543716, 45.4557476], [9.1544247, 45.455764]], [[9.1529855, 45.4553169], [9.1529123, 45.455347], [9.1528251, 45.4553579], [9.1527616, 45.4553494]], [[9.1589742, 45.4572205], [9.159089, 45.4572578], [9.1598569, 45.4575075], [9.1599512, 45.4575381], [9.1600193, 45.4575602], [9.1607688, 45.457804], [9.1608758, 45.4578388], [9.1609416, 45.4578602]], [[9.1641091, 45.4588885], [9.1642344, 45.4588386]], [[9.1636978, 45.4587598], [9.1635605, 45.4587157], [9.1627664, 45.4584472], [9.1626688, 45.4584191], [9.1626052, 45.4583974], [9.1624804, 45.4583548]], [[9.1624804, 45.4583548], [9.1623913, 45.458325], [9.1623159, 45.4583006], [9.1614089, 45.4580074], [9.1612844, 45.4579674], [9.1611709, 45.4579292]], [[9.1609416, 45.4578602], [9.1610616, 45.4578961], [9.1610978, 45.457907], [9.1611709, 45.4579292]], [[9.1646284, 45.4590559], [9.1645098, 45.4591028], [9.1644246, 45.4591365]], [[9.1658171, 45.4595046], [9.1657989, 45.4594948], [9.1657505, 45.4594686], [9.1657196, 45.4594519], [9.1655934, 45.4593833]], [[9.1655934, 45.4593833], [9.1654682, 45.4593385], [9.1650422, 45.4591861], [9.1647608, 45.4590975], [9.1646284, 45.4590559]], [[9.1646284, 45.4590559], [9.1645748, 45.4590389], [9.1645281, 45.459024], [9.1642443, 45.4589337], [9.1641675, 45.4589085], [9.1641091, 45.4588885], [9.1640549, 45.4588698]], [[9.1655934, 45.4593833], [9.1657785, 45.4593586], [9.1658499, 45.4593491], [9.1659769, 45.4593325], [9.1660617, 45.4593224], [9.1660941, 45.4593172]], [[9.1640549, 45.4588698], [9.1638591, 45.4588111], [9.1636978, 45.4587598]]]}}, {"type": "Feature", "properties": {"id": "SS-MIL-4269", "nome": "Via Vincenzo Giordano Orsini", "quartiere": "", "classificazione": "giallo", "score": 3, "note": "strada urbana senza ciclabile (2 corsie)", "ciclabile": "no", "n_corsie": "2", "senso_unico": "no", "n_testimonianze": "0", "zona": "B1"}, "geometry": {"type": "MultiLineString", "coordinates": [[[9.1360586, 45.461822], [9.1359284, 45.4618668], [9.1352778, 45.462112], [9.1349985, 45.4622173]], [[9.1340347, 45.462584], [9.133751, 45.4626923], [9.1336819, 45.4627193]], [[9.1349985, 45.4622173], [9.1348089, 45.4622874], [9.1343516, 45.4624621], [9.1341204, 45.4625504], [9.1340347, 45.462584]]]}}, {"type": "Feature", "properties": {"id": "SS-MIL-4271", "nome": "Via Vincenzo Maria Coronelli", "quartiere": "", "classificazione": "giallo", "score": 3, "note": "strada urbana senza ciclabile", "ciclabile": "no", "n_corsie": "2", "senso_unico": "no", "n_testimonianze": "0", "zona": "B1"}, "geometry": {"type": "MultiLineString", "coordinates": [[[9.1398623, 45.450516], [9.1398322, 45.4504628], [9.1397159, 45.4503146], [9.1391259, 45.4495652], [9.139097, 45.4495252]], [[9.1399403, 45.4506456], [9.1398623, 45.450516]]]}}, {"type": "Feature", "properties": {"id": "SS-MIL-4288", "nome": "Via Viterbo", "quartiere": "", "classificazione": "giallo", "score": 3, "note": "strada urbana senza ciclabile (2 corsie)", "ciclabile": "no", "n_corsie": "2", "senso_unico": "no", "n_testimonianze": "0", "zona": "B1"}, "geometry": {"type": "MultiLineString", "coordinates": [[[9.1134029, 45.4572011], [9.1132465, 45.4571915], [9.1132331, 45.4571892], [9.1126619, 45.4570885], [9.1123089, 45.4570262], [9.1121708, 45.4570018], [9.1120422, 45.4569791]], [[9.1134029, 45.4572011], [9.1135291, 45.4571799], [9.1138524, 45.457145]], [[9.1142704, 45.4575425], [9.114114, 45.4574268], [9.1139392, 45.4573498], [9.1137367, 45.4572737]], [[9.1107607, 45.4567529], [9.1106015, 45.4567248], [9.10816, 45.4562938], [9.1077048, 45.4562135], [9.1075461, 45.4561854], [9.1068723, 45.4560665]], [[9.1033068, 45.4553358], [9.1030729, 45.4552918]], [[9.1138524, 45.457145], [9.1140104, 45.4571681]], [[9.1137367, 45.4572737], [9.1134029, 45.4572011]], [[9.1120422, 45.4569791], [9.1110001, 45.4567951], [9.1107607, 45.4567529]], [[9.1142503, 45.457303], [9.1141632, 45.4573005], [9.1141441, 45.4572984], [9.1137367, 45.4572737]], [[9.1140104, 45.4571681], [9.1141922, 45.4571392], [9.1142623, 45.4571212], [9.1143818, 45.4570906]], [[9.1140104, 45.4571681], [9.1141254, 45.4571975], [9.1141919, 45.4572146], [9.1142746, 45.457238]], [[9.1036434, 45.4553983], [9.1033068, 45.4553358]], [[9.1068723, 45.4560665], [9.1067278, 45.4560359], [9.1056149, 45.4558062], [9.1051249, 45.4557047], [9.1039292, 45.4554573], [9.1036434, 45.4553983]]]}}, {"type": "Feature", "properties": {"id": "SS-MIL-4293", "nome": "Via Vittoria Colonna", "quartiere": "", "classificazione": "giallo", "score": 3, "note": "strada urbana senza ciclabile", "ciclabile": "no", "n_corsie": "2", "senso_unico": "si", "n_testimonianze": "0", "zona": "B1"}, "geometry": {"type": "MultiLineString", "coordinates": [[[9.1491423, 45.4675937], [9.1492045, 45.4676345], [9.1499836, 45.468146], [9.1507581, 45.4686545], [9.1508032, 45.4686841], [9.1508506, 45.4687152]], [[9.1490293, 45.4675195], [9.1489701, 45.4674806], [9.1480176, 45.4668553], [9.147997, 45.4668418], [9.1479286, 45.4667969], [9.1479078, 45.4667832]], [[9.1490724, 45.4675478], [9.1490293, 45.4675195]], [[9.1508506, 45.4687152], [9.1509588, 45.468781], [9.1531816, 45.4702205], [9.1532459, 45.4702622]], [[9.1491423, 45.4675937], [9.1491033, 45.4675681], [9.1490724, 45.4675478]], [[9.1532459, 45.4702622], [9.1533164, 45.4703084], [9.1535804, 45.4704827], [9.1543313, 45.4709758], [9.1543565, 45.4709925], [9.1544076, 45.471028], [9.1544477, 45.4710545]]]}}, {"type": "Feature", "properties": {"id": "SS-MIL-4294", "nome": "Via Vittorio Alfieri", "quartiere": "", "classificazione": "giallo", "score": 3, "note": "strada urbana senza ciclabile", "ciclabile": "no", "n_corsie": "2", "senso_unico": "si", "n_testimonianze": "0", "zona": "B1"}, "geometry": {"type": "MultiLineString", "coordinates": [[[9.0974733, 45.4417625], [9.097351, 45.4418693], [9.0968812, 45.4422797], [9.0968324, 45.442315], [9.0968037, 45.4423247], [9.0967621, 45.4423194], [9.0966418, 45.4422612], [9.0966099, 45.4422485], [9.0965726, 45.442247], [9.0965375, 45.4422582], [9.0965065, 45.4422759], [9.0957305, 45.4428747], [9.0956529, 45.4429346]], [[9.05662, 45.4272882], [9.056991, 45.4275448], [9.0570653, 45.4275963], [9.0570929, 45.4276161], [9.0573505, 45.4278013], [9.0574135, 45.4278469], [9.0577274, 45.4280741], [9.0581119, 45.4283494], [9.0582829, 45.4284672], [9.0583372, 45.4285047], [9.0591535, 45.4290879], [9.0596583, 45.4294492], [9.0598034, 45.4295519], [9.0600592, 45.429733], [9.0601535, 45.4297832], [9.0603229, 45.4298734], [9.0606143, 45.4300738], [9.0606659, 45.4301093], [9.0606977, 45.4301312]], [[9.0591535, 45.4290879], [9.0594652, 45.4288616], [9.0593989, 45.4288169]], [[9.1110462, 45.432792], [9.1109523, 45.4328986], [9.1107894, 45.4330941], [9.1106085, 45.433316], [9.110403, 45.4335513], [9.1101637, 45.4338256], [9.1100184, 45.4339884]], [[9.2723291, 45.4471804], [9.2723906, 45.4471794], [9.2724322, 45.4471787], [9.2727343, 45.4471735], [9.2733569, 45.447163]], [[9.0586707, 45.4886669], [9.0591141, 45.4887105], [9.0592462, 45.4886647], [9.0595062, 45.4873494], [9.0595151, 45.487304], [9.0595245, 45.4872569], [9.0597224, 45.4862613], [9.0597294, 45.4862277]], [[9.0597294, 45.4862277], [9.0597819, 45.4859546], [9.0598658, 45.4855178]], [[9.1772377, 45.4788613], [9.1771959, 45.4788581], [9.1770408, 45.4788623], [9.1762485, 45.4788806]], [[9.1762485, 45.4788806], [9.1752325, 45.4789034], [9.1750752, 45.4789068], [9.1750176, 45.4789075], [9.174975, 45.4789062]], [[9.1398313, 45.5277233], [9.1400933, 45.5277459], [9.1401616, 45.5277614], [9.1402093, 45.5277859], [9.1402582, 45.5278187], [9.1403065, 45.5278629], [9.1403434, 45.5279169], [9.1403549, 45.5279841], [9.1403507, 45.5280832], [9.1403006, 45.5283217]], [[9.1397926, 45.52772], [9.1398313, 45.5277233]], [[9.139722, 45.5283435], [9.1396838, 45.5283405]], [[9.1401854, 45.5283803], [9.139748, 45.5283456], [9.139722, 45.5283435]], [[9.1403006, 45.5283217], [9.1402917, 45.5283641], [9.140277, 45.5283796], [9.1402475, 45.5283853], [9.1401854, 45.5283803]]]}}, {"type": "Feature", "properties": {"id": "SS-MIL-4300", "nome": "Via Vittorio De Sica", "quartiere": "", "classificazione": "giallo", "score": 3, "note": "strada urbana senza ciclabile", "ciclabile": "no", "n_corsie": "2", "senso_unico": "no", "n_testimonianze": "0", "zona": "B1"}, "geometry": {"type": "MultiLineString", "coordinates": [[[9.0830681, 45.4750852], [9.0829889, 45.4749686]], [[9.0853138, 45.4771712], [9.0853653, 45.4771656], [9.0854166, 45.4771723], [9.0854617, 45.4771906], [9.0854956, 45.4772184]], [[9.087261, 45.4779948], [9.0867187, 45.477824], [9.0861964, 45.4776594], [9.0858333, 45.477545], [9.0856817, 45.477495]], [[9.0848691, 45.4770728], [9.0841244, 45.4766466]], [[9.0850469, 45.4771641], [9.0848691, 45.4770728]], [[9.0841244, 45.4766466], [9.0839633, 45.476554], [9.083912, 45.4765201], [9.0837961, 45.4764426], [9.0837068, 45.4763598], [9.0836346, 45.4762644], [9.0830681, 45.4750852]], [[9.0874429, 45.4780485], [9.087261, 45.4779948]], [[9.0856817, 45.477495], [9.0855417, 45.4774429], [9.0853779, 45.4773819]], [[9.0855003, 45.4773238], [9.0855924, 45.4774107], [9.0856817, 45.477495]], [[9.0852087, 45.4772815], [9.0850769, 45.4771859], [9.0850469, 45.4771641]], [[9.0850469, 45.4771641], [9.0850898, 45.4771688], [9.0852679, 45.4771885]], [[9.0852679, 45.4771885], [9.0853138, 45.4771712]], [[9.0852087, 45.4772815], [9.0852132, 45.4772472], [9.0852328, 45.4772155], [9.0852679, 45.4771885]], [[9.0852199, 45.4773151], [9.0852087, 45.4772815]], [[9.0853288, 45.4773797], [9.0852831, 45.4773668], [9.0852456, 45.4773446], [9.0852199, 45.4773151]], [[9.0853779, 45.4773819], [9.0853288, 45.4773797]], [[9.0855003, 45.4773238], [9.0854689, 45.477353], [9.0854255, 45.4773732], [9.0853779, 45.4773819]], [[9.0854956, 45.4772184], [9.0855145, 45.4772524], [9.0855161, 45.477289], [9.0855003, 45.4773238]]]}}, {"type": "Feature", "properties": {"id": "SS-MIL-4308", "nome": "Via Vittuone", "quartiere": "", "classificazione": "giallo", "score": 3, "note": "strada urbana senza ciclabile", "ciclabile": "no", "n_corsie": "2", "senso_unico": "no", "n_testimonianze": "0", "zona": "B1"}, "geometry": {"type": "MultiLineString", "coordinates": [[[9.086263, 45.4591827], [9.0849552, 45.4587453], [9.0848649, 45.4587147]], [[9.088139, 45.4597899], [9.0880928, 45.4597748], [9.0867902, 45.4593515]], [[9.0867902, 45.4593515], [9.086263, 45.4591827]]]}}, {"type": "Feature", "properties": {"id": "SS-MIL-4311", "nome": "Via Vodice", "quartiere": "", "classificazione": "giallo", "score": 3, "note": "strada urbana senza ciclabile", "ciclabile": "no", "n_corsie": "2", "senso_unico": "si", "n_testimonianze": "0", "zona": "B1"}, "geometry": {"type": "MultiLineString", "coordinates": [[[9.1425208, 45.4754421], [9.1426636, 45.4754851], [9.1426674, 45.475486], [9.1427468, 45.4755083], [9.1428296, 45.4755151]], [[9.1425208, 45.4754421], [9.1422628, 45.4752719]], [[9.1426311, 45.4756471], [9.1425956, 45.4755472], [9.1425921, 45.4755406], [9.1425208, 45.4754421]], [[9.1422628, 45.4752719], [9.1421129, 45.4751731]], [[9.1421129, 45.4751731], [9.1420102, 45.4751053], [9.1419485, 45.4750646]], [[9.1419485, 45.4750646], [9.1412024, 45.4745699]], [[9.1412024, 45.4745699], [9.1410417, 45.4744649], [9.1410164, 45.4744483]], [[9.1410164, 45.4744483], [9.1406959, 45.4742388], [9.1405984, 45.4741751], [9.1405366, 45.4741347]]]}}, {"type": "Feature", "properties": {"id": "SS-MIL-4316", "nome": "Via Volterra", "quartiere": "", "classificazione": "giallo", "score": 3, "note": "strada urbana senza ciclabile", "ciclabile": "no", "n_corsie": "2", "senso_unico": "si", "n_testimonianze": "0", "zona": "B1"}, "geometry": {"type": "MultiLineString", "coordinates": [[[9.1533197, 45.4622697], [9.1532392, 45.4622721], [9.1515978, 45.4623287], [9.1514973, 45.4623288], [9.1514279, 45.4623288]], [[9.1533197, 45.4622697], [9.1534283, 45.4622663], [9.1542047, 45.4622418]]]}}, {"type": "Feature", "properties": {"id": "SS-MIL-4317", "nome": "Via Voltri", "quartiere": "", "classificazione": "giallo", "score": 3, "note": "strada urbana senza ciclabile", "ciclabile": "no", "n_corsie": "2", "senso_unico": "si", "n_testimonianze": "0", "zona": "B1"}, "geometry": {"type": "MultiLineString", "coordinates": [[[9.1544666, 45.4369714], [9.1545137, 45.4368799], [9.1545272, 45.4368537], [9.1545971, 45.4366956]], [[9.1546512, 45.4321744], [9.1546207, 45.4322411], [9.1546121, 45.4323182], [9.1546216, 45.4324584], [9.1546499, 45.432605], [9.1546628, 45.4330336]], [[9.1545971, 45.4366956], [9.1545796, 45.4360793], [9.1545759, 45.4358785], [9.1545726, 45.4358026]], [[9.1546628, 45.4330336], [9.1545935, 45.4330389], [9.1545248, 45.4330485], [9.1544789, 45.4330447], [9.1544316, 45.4330293]], [[9.1544159, 45.4335756], [9.1544687, 45.4334936], [9.1545473, 45.4334459], [9.1546018, 45.4334382], [9.1546565, 45.4334305]], [[9.1545971, 45.4366956], [9.1546624, 45.4368479], [9.1547027, 45.4369385]], [[9.1545404, 45.4343764], [9.1544909, 45.4341877], [9.1544758, 45.4341226], [9.1544376, 45.4339311], [9.1544266, 45.4337819], [9.1544144, 45.433617]], [[9.1544144, 45.433617], [9.1544159, 45.4335756]], [[9.1544316, 45.4330293], [9.154439, 45.4323144], [9.1544325, 45.4322365], [9.15441, 45.4321865]], [[9.1545988, 45.4340706], [9.1545404, 45.4343764]], [[9.1546565, 45.4334305], [9.1546296, 45.4337327]], [[9.1545726, 45.4358026], [9.1545667, 45.4357201], [9.1545642, 45.4354305], [9.1545571, 45.4352175]], [[9.1545413, 45.434438], [9.1545404, 45.4343764]], [[9.1546296, 45.4337327], [9.1546259, 45.4338009], [9.1545988, 45.4340706]], [[9.1546628, 45.4330336], [9.1546595, 45.4333469], [9.1546565, 45.4334305]], [[9.1546296, 45.4337327], [9.1545306, 45.4337077], [9.1544657, 45.4336717], [9.1544144, 45.433617]], [[9.1544159, 45.4335756], [9.1544394, 45.4333884], [9.1544316, 45.4330293]], [[9.1545571, 45.4352175], [9.1545413, 45.434438]]]}}, {"type": "Feature", "properties": {"id": "SS-MIL-4326", "nome": "Via Zanzur", "quartiere": "", "classificazione": "giallo", "score": 3, "note": "strada urbana senza ciclabile", "ciclabile": "no", "n_corsie": "2", "senso_unico": "no", "n_testimonianze": "0", "zona": "B1"}, "geometry": {"type": "LineString", "coordinates": [[9.1501615, 45.4579828], [9.1501207, 45.4580484], [9.1501104, 45.458065], [9.1496942, 45.4587674], [9.1496563, 45.4588354]]}}, {"type": "Feature", "properties": {"id": "SS-MIL-4330", "nome": "Via Zuara", "quartiere": "", "classificazione": "giallo", "score": 3, "note": "strada urbana senza ciclabile", "ciclabile": "no", "n_corsie": "2", "senso_unico": "no", "n_testimonianze": "0", "zona": "B1"}, "geometry": {"type": "LineString", "coordinates": [[9.1511306, 45.4574913], [9.1511038, 45.4574835], [9.1510565, 45.4574697], [9.149504, 45.4570206], [9.1494405, 45.4570028], [9.1493818, 45.4569859], [9.1480998, 45.456612], [9.1480106, 45.456588], [9.1479488, 45.4565714]]}}, {"type": "Feature", "properties": {"id": "SS-MIL-4331", "nome": "Via Zurigo", "quartiere": "", "classificazione": "rosso", "score": 4, "note": "strada secondaria trafficata", "ciclabile": "no", "n_corsie": "2", "senso_unico": "si", "n_testimonianze": "0", "zona": "B1"}, "geometry": {"type": "MultiLineString", "coordinates": [[[9.1214705, 45.4573805], [9.1215994, 45.4573716], [9.1220072, 45.457464], [9.1220819, 45.4574819], [9.122182, 45.4575064]], [[9.1149946, 45.4555963], [9.1150708, 45.4556117], [9.1151347, 45.4556269], [9.1151854, 45.4556374], [9.1155731, 45.4557346]], [[9.1161659, 45.4559994], [9.1158239, 45.4559346], [9.1154965, 45.4558586]], [[9.118841, 45.4566977], [9.118446, 45.4565951], [9.1182542, 45.4565452], [9.1181674, 45.4565227]], [[9.1214705, 45.4573805], [9.1214166, 45.4573669], [9.1212576, 45.4573266], [9.1208519, 45.4572204]], [[9.1203766, 45.4570995], [9.1198462, 45.4569605]], [[9.1199999, 45.4580595], [9.1199603, 45.4581698], [9.1198958, 45.4583491]], [[9.119408, 45.4568477], [9.1192696, 45.4568111], [9.118841, 45.4566977]], [[9.1221365, 45.4576079], [9.1220338, 45.4575765], [9.1216439, 45.4574571], [9.1215816, 45.4574372], [9.1214705, 45.4573805]], [[9.1198462, 45.4569605], [9.1195007, 45.4568715], [9.119408, 45.4568477]], [[9.1177886, 45.4563877], [9.1181674, 45.4565227]], [[9.1208519, 45.4572204], [9.1206438, 45.4571692], [9.1206213, 45.4571621], [9.1203766, 45.4570995]], [[9.1163401, 45.4560442], [9.1161659, 45.4559994]], [[9.1181674, 45.4565227], [9.1179187, 45.456484], [9.117758, 45.4564486]], [[9.1155731, 45.4557346], [9.1159717, 45.4558904], [9.1161659, 45.4559994]], [[9.1174383, 45.4563306], [9.1174019, 45.4563209], [9.1172765, 45.456286]], [[9.1174383, 45.4563306], [9.1176461, 45.456358], [9.1176993, 45.4563659], [9.1177886, 45.4563877]], [[9.117758, 45.4564486], [9.1176663, 45.456427], [9.1174383, 45.4563306]], [[9.1154965, 45.4558586], [9.1151542, 45.4557752], [9.1151129, 45.4557668], [9.1149527, 45.4557291]], [[9.1172765, 45.456286], [9.1169059, 45.4561904], [9.1165112, 45.4560888], [9.1163401, 45.4560442]]]}}, {"type": "Feature", "properties": {"id": "SS-MIL-4332", "nome": "Via degli Abeti", "quartiere": "", "classificazione": "giallo", "score": 3, "note": "strada urbana senza ciclabile", "ciclabile": "no", "n_corsie": "2", "senso_unico": "si", "n_testimonianze": "0", "zona": "B1"}, "geometry": {"type": "MultiLineString", "coordinates": [[[9.0849931, 45.4523109], [9.0849165, 45.4523687], [9.0846641, 45.452558], [9.0846091, 45.452589], [9.084547, 45.4526116], [9.0844922, 45.4526231], [9.0844357, 45.4526302], [9.0841232, 45.4526109]], [[9.0841232, 45.4526109], [9.0826521, 45.4525165], [9.0826274, 45.4525116], [9.0825913, 45.4524992], [9.0825601, 45.4524829], [9.0825465, 45.4524733], [9.0825351, 45.4524623], [9.0825233, 45.4524453], [9.0825203, 45.4524417], [9.0825112, 45.4524247], [9.0825072, 45.4524111], [9.0825074, 45.4523795], [9.0825987, 45.4516988], [9.0826051, 45.451673], [9.0826221, 45.4515792]]]}}, {"type": "Feature", "properties": {"id": "SS-MIL-4335", "nome": "Via degli Aldobrandini", "quartiere": "", "classificazione": "giallo", "score": 3, "note": "strada urbana senza ciclabile (1 corsie)", "ciclabile": "no", "n_corsie": "1", "senso_unico": "si", "n_testimonianze": "0", "zona": "B1"}, "geometry": {"type": "MultiLineString", "coordinates": [[[9.1292732, 45.4771238], [9.1297808, 45.4780637]], [[9.1297808, 45.4780637], [9.1300598, 45.4785446]], [[9.1291584, 45.4761608], [9.1291612, 45.4762551], [9.129183, 45.4769589], [9.1292008, 45.4770053], [9.1292403, 45.4770725], [9.1292732, 45.4771238]], [[9.1300598, 45.4785446], [9.1302081, 45.478832], [9.13024, 45.4788936]]]}}, {"type": "Feature", "properties": {"id": "SS-MIL-4336", "nome": "Via degli Alerami", "quartiere": "", "classificazione": "giallo", "score": 3, "note": "strada urbana senza ciclabile (1 corsie)", "ciclabile": "no", "n_corsie": "1", "senso_unico": "si", "n_testimonianze": "0", "zona": "B1"}, "geometry": {"type": "MultiLineString", "coordinates": [[[9.1326434, 45.4783161], [9.1326511, 45.4782826], [9.1327171, 45.4779942], [9.1328121, 45.4777452]], [[9.1326434, 45.4783161], [9.1326701, 45.4783203], [9.1326959, 45.4783266], [9.1327206, 45.478335], [9.1327437, 45.4783453], [9.1327649, 45.4783574], [9.132784, 45.4783712], [9.1328007, 45.4783864], [9.1328147, 45.4784029], [9.132826, 45.4784204], [9.1328343, 45.4784387], [9.1328395, 45.4784576]], [[9.1326121, 45.4786451], [9.1326184, 45.4786773], [9.1326216, 45.478694], [9.1326566, 45.478912], [9.1326814, 45.4790247], [9.1327037, 45.4791123], [9.1328178, 45.4793954]], [[9.1328121, 45.4777452], [9.133047, 45.4772459]], [[9.133047, 45.4772459], [9.1330584, 45.477174], [9.1330672, 45.4771234], [9.133082, 45.4770026], [9.1330561, 45.4761726], [9.1330576, 45.476143], [9.133059, 45.4761134]], [[9.1326121, 45.4786451], [9.1325839, 45.4786444], [9.1325559, 45.4786415], [9.1325287, 45.4786362], [9.1325026, 45.4786286], [9.1324779, 45.478619], [9.1324551, 45.4786073], [9.1324344, 45.4785938], [9.1324162, 45.4785787], [9.1324007, 45.4785621], [9.1323881, 45.4785444], [9.1323786, 45.4785257], [9.1323723, 45.4785064]], [[9.1323723, 45.4785064], [9.1323694, 45.4784869], [9.1323698, 45.4784673], [9.1323736, 45.4784478], [9.1323806, 45.4784288], [9.1323907, 45.4784105], [9.1324039, 45.4783932], [9.1324199, 45.478377], [9.1324385, 45.4783624], [9.1324594, 45.4783493], [9.1324824, 45.4783381], [9.1325071, 45.4783289], [9.1325332, 45.4783218], [9.1325604, 45.478317], [9.1325881, 45.4783144], [9.132615, 45.4783131], [9.1326434, 45.4783161]], [[9.1328395, 45.4784576], [9.1328415, 45.478476], [9.1328406, 45.4784945], [9.1328367, 45.4785128], [9.13283, 45.4785306], [9.1328205, 45.4785479], [9.1328083, 45.4785643], [9.1327935, 45.4785796], [9.1327765, 45.4785937], [9.1327573, 45.4786063], [9.1327362, 45.4786174], [9.1327134, 45.4786268], [9.1326894, 45.4786343], [9.1326642, 45.4786399], [9.1326384, 45.4786435], [9.1326121, 45.4786451]]]}}, {"type": "Feature", "properties": {"id": "SS-MIL-4338", "nome": "Via degli Anemoni", "quartiere": "", "classificazione": "giallo", "score": 3, "note": "strada urbana senza ciclabile", "ciclabile": "no", "n_corsie": "2", "senso_unico": "no", "n_testimonianze": "0", "zona": "B1"}, "geometry": {"type": "MultiLineString", "coordinates": [[[9.1323502, 45.4552777], [9.1321993, 45.4552473]], [[9.1321993, 45.4552473], [9.1321206, 45.4552314], [9.1320686, 45.455221], [9.1320414, 45.4552155], [9.1316294, 45.455095], [9.1312754, 45.4549915], [9.1312439, 45.4549828]], [[9.130905, 45.4548973], [9.1308299, 45.4548812], [9.1289804, 45.4543443], [9.1289159, 45.4543232], [9.1288619, 45.4543074]], [[9.1312439, 45.4549828], [9.1310464, 45.4549271], [9.130905, 45.4548973]]]}}, {"type": "Feature", "properties": {"id": "SS-MIL-4339", "nome": "Via degli Apuli", "quartiere": "", "classificazione": "giallo", "score": 3, "note": "strada urbana senza ciclabile", "ciclabile": "no", "n_corsie": "2", "senso_unico": "no", "n_testimonianze": "0", "zona": "B1"}, "geometry": {"type": "LineString", "coordinates": [[9.1342642, 45.4471815], [9.1341836, 45.4471745], [9.1341449, 45.4471609], [9.1314646, 45.4462922], [9.1313478, 45.446259]]}}, {"type": "Feature", "properties": {"id": "SS-MIL-4345", "nome": "Via degli Astri", "quartiere": "", "classificazione": "giallo", "score": 3, "note": "strada urbana senza ciclabile", "ciclabile": "no", "n_corsie": "2", "senso_unico": "si", "n_testimonianze": "0", "zona": "B1"}, "geometry": {"type": "MultiLineString", "coordinates": [[[9.1275823, 45.4513797], [9.1275558, 45.4514292], [9.127179, 45.4521306], [9.1267405, 45.4529791], [9.1267196, 45.4530197]], [[9.1267196, 45.4530197], [9.1266989, 45.4530591], [9.1266335, 45.4531842], [9.1261691, 45.4540716], [9.1256415, 45.4550794], [9.125633, 45.4551068], [9.1256339, 45.4551317], [9.1256341, 45.4551385], [9.1256425, 45.4551656], [9.1256676, 45.4551942]]]}}, {"type": "Feature", "properties": {"id": "SS-MIL-4347", "nome": "Via degli Erizzo", "quartiere": "", "classificazione": "giallo", "score": 3, "note": "strada urbana senza ciclabile (1 corsie)", "ciclabile": "no", "n_corsie": "1", "senso_unico": "si", "n_testimonianze": "0", "zona": "B1"}, "geometry": {"type": "LineString", "coordinates": [[9.133047, 45.4772459], [9.1331428, 45.4772421], [9.1333381, 45.4772151], [9.1335222, 45.4771763], [9.1336902, 45.4771258], [9.1338705, 45.4770617], [9.1340185, 45.4770048], [9.1340599, 45.4769875], [9.1341101, 45.4769653]]}}, {"type": "Feature", "properties": {"id": "SS-MIL-4350", "nome": "Via degli Ippocastani", "quartiere": "", "classificazione": "giallo", "score": 3, "note": "strada urbana senza ciclabile", "ciclabile": "no", "n_corsie": "2", "senso_unico": "no", "n_testimonianze": "0", "zona": "B1"}, "geometry": {"type": "MultiLineString", "coordinates": [[[9.0802452, 45.4508336], [9.080323, 45.4508202], [9.0804038, 45.4508167], [9.0804787, 45.4508234], [9.0805622, 45.4508383], [9.0806405, 45.4508567], [9.0811555, 45.4510423]], [[9.0861464, 45.4528661], [9.085948, 45.4527615], [9.0856089, 45.4526015], [9.0851323, 45.4523766], [9.0849931, 45.4523109]], [[9.0861464, 45.4528661], [9.0862632, 45.4529388], [9.0863719, 45.4530174]], [[9.0849931, 45.4523109], [9.0844313, 45.4520406]], [[9.0823657, 45.4514863], [9.082094, 45.4513866], [9.0812545, 45.4510787], [9.0811555, 45.4510423]], [[9.0835113, 45.4516267], [9.0833184, 45.4516214]], [[9.0826221, 45.4515792], [9.0823657, 45.4514863]], [[9.0844313, 45.4520406], [9.0837153, 45.4516968], [9.0836691, 45.4516814]], [[9.0836691, 45.4516814], [9.0836119, 45.4516616], [9.0835983, 45.4516555], [9.0835113, 45.4516267]], [[9.0833184, 45.4516214], [9.0828142, 45.4515962], [9.0827635, 45.4515956], [9.0826221, 45.4515792]]]}}, {"type": "Feature", "properties": {"id": "SS-MIL-4351", "nome": "Via degli Odescalchi", "quartiere": "", "classificazione": "giallo", "score": 3, "note": "strada urbana senza ciclabile (2 corsie)", "ciclabile": "no", "n_corsie": "2", "senso_unico": "no", "n_testimonianze": "0", "zona": "B1"}, "geometry": {"type": "MultiLineString", "coordinates": [[[9.1345597, 45.4775266], [9.1348418, 45.4777557], [9.1349498, 45.4778374], [9.1351706, 45.4779812], [9.1352124, 45.4780064], [9.1352739, 45.4780434]], [[9.1337932, 45.4761045], [9.1338012, 45.476155], [9.133842, 45.4763317], [9.1338959, 45.4765157], [9.1339885, 45.4767286], [9.1341101, 45.4769653]], [[9.1341101, 45.4769653], [9.1342489, 45.4771693], [9.1343936, 45.4773514], [9.1345597, 45.4775266]], [[9.1363896, 45.4793213], [9.1364055, 45.4792519], [9.1363908, 45.4792056], [9.1363113, 45.4790287], [9.136292, 45.4789867], [9.1362549, 45.4789109], [9.1362306, 45.4788707], [9.1361623, 45.478787], [9.1360838, 45.4787097], [9.135354, 45.4780931], [9.1352739, 45.4780434]]]}}, {"type": "Feature", "properties": {"id": "SS-MIL-4352", "nome": "Via degli Oleandri", "quartiere": "", "classificazione": "giallo", "score": 3, "note": "strada urbana senza ciclabile", "ciclabile": "no", "n_corsie": "2", "senso_unico": "no", "n_testimonianze": "0", "zona": "B1"}, "geometry": {"type": "MultiLineString", "coordinates": [[[9.1322354, 45.4522562], [9.1321036, 45.4524812], [9.1320743, 45.4525309]], [[9.1323736, 45.4520205], [9.1323094, 45.4520015], [9.1317666, 45.4518409], [9.1317103, 45.4518243]], [[9.1324496, 45.4518908], [9.1323736, 45.4520205]], [[9.1322354, 45.4522562], [9.1321706, 45.4522373], [9.1316266, 45.4520789], [9.1315705, 45.4520626]], [[9.132741, 45.4513939], [9.1326869, 45.4513783], [9.1321246, 45.4512163], [9.1320787, 45.4512025]], [[9.1323736, 45.4520205], [9.1323039, 45.4521394]], [[9.1323039, 45.4521394], [9.1322354, 45.4522562]], [[9.1325953, 45.4516424], [9.132741, 45.4513939]], [[9.1325953, 45.4516424], [9.1324496, 45.4518908]], [[9.1330643, 45.4508424], [9.1330428, 45.4508792], [9.1330293, 45.4509022], [9.1327616, 45.4513587], [9.132741, 45.4513939]]]}}, {"type": "Feature", "properties": {"id": "SS-MIL-4356", "nome": "Via degli Ontani", "quartiere": "", "classificazione": "giallo", "score": 3, "note": "strada urbana senza ciclabile", "ciclabile": "no", "n_corsie": "2", "senso_unico": "si", "n_testimonianze": "0", "zona": "B1"}, "geometry": {"type": "MultiLineString", "coordinates": [[[9.0778581, 45.4546179], [9.0779684, 45.4545934], [9.0785203, 45.4544718]], [[9.0812305, 45.4544562], [9.0812842, 45.4544791], [9.0816122, 45.4546558], [9.0816916, 45.4547007]], [[9.0800073, 45.4541452], [9.0802189, 45.4540979], [9.0802847, 45.4540927], [9.0803258, 45.4540895], [9.0803733, 45.4540928], [9.0805041, 45.4541346], [9.0808526, 45.4542889], [9.0812176, 45.4544505], [9.0812305, 45.4544562]], [[9.0785203, 45.4544718], [9.0788683, 45.4543954], [9.0796449, 45.4542249]], [[9.0796449, 45.4542249], [9.0800073, 45.4541452]]]}}, {"type": "Feature", "properties": {"id": "SS-MIL-4359", "nome": "Via degli Ottoboni", "quartiere": "", "classificazione": "giallo", "score": 3, "note": "strada urbana senza ciclabile", "ciclabile": "no", "n_corsie": "2", "senso_unico": "si", "n_testimonianze": "0", "zona": "B1"}, "geometry": {"type": "MultiLineString", "coordinates": [[[9.1328178, 45.4793954], [9.1331888, 45.4793309], [9.1333626, 45.4792854], [9.1335022, 45.4792435], [9.1336399, 45.47919], [9.1337712, 45.4791312], [9.1338901, 45.4790643], [9.1341494, 45.4788849]], [[9.1352739, 45.4780434], [9.1353477, 45.4779861], [9.1362406, 45.4773069], [9.1363071, 45.4772549]], [[9.1306814, 45.4790582], [9.1307565, 45.4790563], [9.1315252, 45.4792325], [9.1316565, 45.4792642]], [[9.1341494, 45.4788849], [9.1351866, 45.4781088], [9.1352739, 45.4780434]], [[9.1316565, 45.4792642], [9.1321376, 45.4793786], [9.1322477, 45.4793946], [9.1323668, 45.4794086], [9.1325058, 45.4794169], [9.1326914, 45.4794225], [9.1328178, 45.4793954]], [[9.1363071, 45.4772549], [9.1371002, 45.4766482]]]}}, {"type": "Feature", "properties": {"id": "SS-MIL-4361", "nome": "Via degli Ulivi", "quartiere": "", "classificazione": "giallo", "score": 3, "note": "strada urbana senza ciclabile", "ciclabile": "no", "n_corsie": "2", "senso_unico": "si", "n_testimonianze": "0", "zona": "B1"}, "geometry": {"type": "MultiLineString", "coordinates": [[[9.0787908, 45.4553566], [9.0787318, 45.4554197], [9.0784516, 45.4555563]], [[9.078075, 45.4555612], [9.0781393, 45.4555264], [9.0783692, 45.4554106], [9.0784222, 45.4553944]], [[9.0816916, 45.4547007], [9.0813229, 45.454784], [9.0804517, 45.4549811], [9.0787908, 45.4553566]], [[9.078039, 45.4551591], [9.0781251, 45.4552018], [9.0783801, 45.4553396], [9.0783847, 45.4553429], [9.0784222, 45.4553944]], [[9.0784222, 45.4553944], [9.0786907, 45.4553393], [9.0787908, 45.4553566]], [[9.078075, 45.4555612], [9.078039, 45.4551591]], [[9.0778581, 45.4546179], [9.0777993, 45.4544187], [9.0775961, 45.4537296], [9.0775914, 45.4536847], [9.0776147, 45.453623], [9.077761, 45.4533939]], [[9.078039, 45.4551591], [9.0778848, 45.4546978], [9.0778581, 45.4546179]], [[9.0822411, 45.4545926], [9.0818778, 45.4546601], [9.0816916, 45.4547007]], [[9.0784516, 45.4555563], [9.0782555, 45.4556748]], [[9.0857479, 45.4537231], [9.0855439, 45.4538016], [9.0853123, 45.4538907], [9.0851994, 45.4539312]], [[9.0851994, 45.4539312], [9.085036, 45.4539766], [9.0849108, 45.4540074], [9.0843974, 45.4541196]], [[9.0864394, 45.4534385], [9.0865109, 45.4533674], [9.0865965, 45.4533008]], [[9.0864394, 45.4534385], [9.0861469, 45.453567], [9.0857479, 45.4537231]], [[9.0796964, 45.451116], [9.0800094, 45.4509335], [9.0801061, 45.4508844], [9.0801834, 45.4508524], [9.0802452, 45.4508336]], [[9.0835793, 45.4542991], [9.0832853, 45.4543636], [9.0828775, 45.454453], [9.0823712, 45.4545641], [9.0822411, 45.4545926]], [[9.0787741, 45.4519895], [9.0790679, 45.4515698], [9.0791231, 45.4515039], [9.0791863, 45.4514417], [9.0792535, 45.4513845], [9.0793074, 45.4513444], [9.0793932, 45.4512896], [9.0794975, 45.4512278], [9.0796964, 45.451116]], [[9.077761, 45.4533939], [9.0781368, 45.452873], [9.0787741, 45.4519895]], [[9.086731, 45.4534358], [9.0865927, 45.4534327], [9.0864394, 45.4534385]], [[9.0867529, 45.4533062], [9.086731, 45.4534358]], [[9.0865965, 45.4533008], [9.0867529, 45.4533062]], [[9.0843974, 45.4541196], [9.0841984, 45.4541633], [9.0840214, 45.4542021], [9.0835793, 45.4542991]]]}}, {"type": "Feature", "properties": {"id": "SS-MIL-4363", "nome": "Via degli Zuccaro", "quartiere": "", "classificazione": "giallo", "score": 3, "note": "strada urbana senza ciclabile", "ciclabile": "no", "n_corsie": "2", "senso_unico": "si", "n_testimonianze": "0", "zona": "B1"}, "geometry": {"type": "MultiLineString", "coordinates": [[[9.1391095, 45.4507153], [9.1392584, 45.4506779], [9.1397402, 45.4505486], [9.1398623, 45.450516]], [[9.1399403, 45.4506456], [9.1398263, 45.4506749], [9.1395005, 45.4507592], [9.13943, 45.450778], [9.1393496, 45.4507994]]]}}, {"type": "Feature", "properties": {"id": "SS-MIL-4365", "nome": "Via dei Biancospini", "quartiere": "", "classificazione": "giallo", "score": 3, "note": "strada urbana senza ciclabile", "ciclabile": "no", "n_corsie": "2", "senso_unico": "si", "n_testimonianze": "0", "zona": "B1"}, "geometry": {"type": "MultiLineString", "coordinates": [[[9.1406415, 45.4499259], [9.1399692, 45.4491508]], [[9.1401812, 45.4490608], [9.1399692, 45.4491508]], [[9.1394908, 45.4483406], [9.1395736, 45.4483759], [9.1396246, 45.4484102], [9.1398667, 45.4487036], [9.1401812, 45.4490608]], [[9.1401812, 45.4490608], [9.140843, 45.4498336]], [[9.1399692, 45.4491508], [9.139664, 45.44879], [9.1396469, 45.4487698], [9.139624, 45.4487428], [9.1394292, 45.4485127], [9.1394019, 45.4484775], [9.1393885, 45.4484323], [9.1393992, 45.4483931]]]}}, {"type": "Feature", "properties": {"id": "SS-MIL-4371", "nome": "Via dei Calchi Taeggi", "quartiere": "", "classificazione": "giallo", "score": 3, "note": "strada urbana senza ciclabile (2 corsie)", "ciclabile": "no", "n_corsie": "2", "senso_unico": "no", "n_testimonianze": "0", "zona": "B1"}, "geometry": {"type": "MultiLineString", "coordinates": [[[9.1118155, 45.4528494], [9.1114479, 45.4527441], [9.1103174, 45.4524095], [9.1101447, 45.452344], [9.1099714, 45.4522592], [9.1099017, 45.4522251], [9.1098144, 45.4521665]], [[9.1122462, 45.4530964], [9.1123055, 45.4530157], [9.1123309, 45.4529964], [9.1123744, 45.4529634], [9.1123951, 45.4529476], [9.1125345, 45.4529058], [9.1127837, 45.4528814]], [[9.1122462, 45.4530964], [9.1122222, 45.4530555], [9.1121759, 45.4529849], [9.1120981, 45.4529503], [9.1119205, 45.4528854], [9.1118155, 45.4528494]], [[9.1118155, 45.4528494], [9.1119796, 45.4528672], [9.1120571, 45.4528688], [9.1121359, 45.4528685], [9.1121996, 45.4528686], [9.1122934, 45.4528687], [9.112765, 45.4528695], [9.1127837, 45.4528814]], [[9.1132459, 45.4529781], [9.1139394, 45.453159], [9.1140196, 45.4531793], [9.1141702, 45.453221], [9.1143402, 45.4532799], [9.1149377, 45.4535292], [9.1149945, 45.4535538], [9.1154661, 45.4536801], [9.1155115, 45.4536934], [9.1155666, 45.4537096]], [[9.1127837, 45.4528814], [9.1128706, 45.4528885], [9.1129715, 45.4529077], [9.1131379, 45.4529504], [9.1132459, 45.4529781]], [[9.1093938, 45.4518844], [9.1094612, 45.451874], [9.1095296, 45.45188], [9.1095914, 45.4519016], [9.1096394, 45.4519363], [9.1096681, 45.4519803]], [[9.1096681, 45.4519803], [9.1096744, 45.4520285], [9.1096575, 45.4520754], [9.1096236, 45.4521123], [9.1095755, 45.4521403]], [[9.1096681, 45.4519803], [9.1097071, 45.4520517], [9.10975, 45.4521157], [9.1098144, 45.4521665]], [[9.1098144, 45.4521665], [9.1097232, 45.4521402], [9.1096785, 45.4521349], [9.1096469, 45.4521311], [9.1095755, 45.4521403]], [[9.1095755, 45.4521403], [9.1095176, 45.4521568]], [[9.1092692, 45.4520417], [9.1092691, 45.4519933], [9.1092919, 45.4519476], [9.1093352, 45.4519099], [9.1093938, 45.4518844]], [[9.1095176, 45.4521568], [9.1094552, 45.4521602], [9.1093943, 45.4521503], [9.1093356, 45.4521249]], [[9.1093356, 45.4521249], [9.1092922, 45.4520873], [9.1092692, 45.4520417]], [[9.1155666, 45.4537096], [9.1157264, 45.4537622]], [[9.1156335, 45.4538614], [9.1154996, 45.4538248]]]}}, {"type": "Feature", "properties": {"id": "SS-MIL-4374", "nome": "Via dei Carracci", "quartiere": "", "classificazione": "giallo", "score": 3, "note": "strada urbana senza ciclabile (1 corsie)", "ciclabile": "no", "n_corsie": "1", "senso_unico": "si", "n_testimonianze": "0", "zona": "B1"}, "geometry": {"type": "LineString", "coordinates": [[9.1498362, 45.4781801], [9.1497478, 45.4781236], [9.1487351, 45.477452], [9.1486856, 45.4774197]]}}, {"type": "Feature", "properties": {"id": "SS-MIL-4377", "nome": "Via dei Chiaramonti", "quartiere": "", "classificazione": "giallo", "score": 3, "note": "strada urbana senza ciclabile (1 corsie)", "ciclabile": "no", "n_corsie": "1", "senso_unico": "si", "n_testimonianze": "0", "zona": "B1"}, "geometry": {"type": "MultiLineString", "coordinates": [[[9.1345597, 45.4775266], [9.134313, 45.4776581], [9.1341325, 45.4777753], [9.1340233, 45.4778517], [9.133971, 45.4778945], [9.1339268, 45.4779679], [9.1338721, 45.4780881], [9.1338439, 45.4781803], [9.1338428, 45.4782901], [9.1338458, 45.4783846]], [[9.1341494, 45.4788849], [9.1342179, 45.4789466], [9.1343765, 45.4791035], [9.1345003, 45.4792713], [9.1345159, 45.4792959], [9.1346103, 45.4794734], [9.1346747, 45.4796003]], [[9.1338458, 45.4783846], [9.1338694, 45.4784979], [9.1338802, 45.4785495], [9.1339258, 45.478638], [9.1340138, 45.4787573], [9.134065, 45.4788028], [9.1340948, 45.4788312], [9.1341117, 45.4788468], [9.1341494, 45.4788849]]]}}, {"type": "Feature", "properties": {"id": "SS-MIL-4378", "nome": "Via dei Ciclamini", "quartiere": "", "classificazione": "giallo", "score": 3, "note": "strada urbana senza ciclabile", "ciclabile": "no", "n_corsie": "2", "senso_unico": "no", "n_testimonianze": "0", "zona": "B1"}, "geometry": {"type": "MultiLineString", "coordinates": [[[9.1262069, 45.458669], [9.1262315, 45.4586286]], [[9.1288619, 45.4543074], [9.1289159, 45.454217], [9.1289936, 45.4540881], [9.1296752, 45.4529555], [9.1297078, 45.452895]], [[9.1262508, 45.4585969], [9.1262791, 45.4585508], [9.1262988, 45.4585186], [9.1263296, 45.4584696], [9.1265181, 45.4581649], [9.1269606, 45.4574496]], [[9.1269606, 45.4574496], [9.1269985, 45.4573855], [9.1272214, 45.4570116], [9.1273255, 45.4568367], [9.1277464, 45.4561519], [9.1279237, 45.4558635], [9.1279665, 45.4557943]], [[9.1279665, 45.4557943], [9.1280328, 45.45568], [9.1281202, 45.4555292]], [[9.1281202, 45.4555292], [9.1282107, 45.4553801], [9.1283242, 45.4551931], [9.1283554, 45.4551409]], [[9.1283554, 45.4551409], [9.1283866, 45.4550895], [9.1284376, 45.4550057], [9.1285167, 45.4548756], [9.1288063, 45.454399], [9.1288619, 45.4543074]], [[9.1262315, 45.4586286], [9.1262508, 45.4585969]]]}}, {"type": "Feature", "properties": {"id": "SS-MIL-4384", "nome": "Via dei Fiordalisi", "quartiere": "", "classificazione": "giallo", "score": 3, "note": "strada urbana senza ciclabile", "ciclabile": "no", "n_corsie": "2", "senso_unico": "no", "n_testimonianze": "0", "zona": "B1"}, "geometry": {"type": "LineString", "coordinates": [[9.1372359, 45.4502596], [9.1372013, 45.4503132], [9.1368258, 45.4508957], [9.1364107, 45.4515398], [9.1363588, 45.4516203]]}}, {"type": "Feature", "properties": {"id": "SS-MIL-4385", "nome": "Via dei Fiori", "quartiere": "", "classificazione": "giallo", "score": 3, "note": "strada urbana senza ciclabile", "ciclabile": "no", "n_corsie": "2", "senso_unico": "no", "n_testimonianze": "0", "zona": "B1"}, "geometry": {"type": "LineString", "coordinates": [[9.0935749, 45.4437466], [9.0935177, 45.4437105], [9.0926833, 45.4431836]]}}, {"type": "Feature", "properties": {"id": "SS-MIL-4387", "nome": "Via dei Foscari", "quartiere": "", "classificazione": "giallo", "score": 3, "note": "strada urbana senza ciclabile (1 corsie)", "ciclabile": "no", "n_corsie": "1", "senso_unico": "si", "n_testimonianze": "0", "zona": "B1"}, "geometry": {"type": "LineString", "coordinates": [[9.1309475, 45.4780751], [9.1308859, 45.478056], [9.1308549, 45.4780477], [9.1305778, 45.478001], [9.1303874, 45.4779866], [9.1301224, 45.4780009], [9.1298768, 45.4780377], [9.1297808, 45.4780637]]}}, {"type": "Feature", "properties": {"id": "SS-MIL-4388", "nome": "Via dei Frangipani", "quartiere": "", "classificazione": "giallo", "score": 3, "note": "strada urbana senza ciclabile (1 corsie)", "ciclabile": "no", "n_corsie": "1", "senso_unico": "si", "n_testimonianze": "0", "zona": "B1"}, "geometry": {"type": "MultiLineString", "coordinates": [[[9.1311455, 45.4781463], [9.1311926, 45.4781734], [9.1312008, 45.4781794], [9.1314364, 45.4783525], [9.131546, 45.4784581], [9.1316199, 45.4785631], [9.1316586, 45.4786425]], [[9.1316586, 45.4786425], [9.1316756, 45.4787008], [9.1317085, 45.4788135], [9.1317156, 45.4789709], [9.1316787, 45.479202], [9.1316676, 45.4792331], [9.1316565, 45.4792642]]]}}, {"type": "Feature", "properties": {"id": "SS-MIL-4389", "nome": "Via dei Garofani", "quartiere": "", "classificazione": "giallo", "score": 3, "note": "strada urbana senza ciclabile", "ciclabile": "no", "n_corsie": "2", "senso_unico": "si", "n_testimonianze": "0", "zona": "B1"}, "geometry": {"type": "MultiLineString", "coordinates": [[[9.1340848, 45.4504974], [9.1331772, 45.450227]], [[9.1328949, 45.4505421], [9.1329823, 45.4503885]], [[9.1326735, 45.4507294], [9.1327239, 45.4506738], [9.1328143, 45.450601], [9.1328949, 45.4505421]], [[9.1331772, 45.450227], [9.1330421, 45.4503447], [9.1329823, 45.4503885]], [[9.1328949, 45.4505421], [9.1328849, 45.4506295], [9.1328648, 45.4507139], [9.1328322, 45.4507753]], [[9.1329823, 45.4503885], [9.1329819, 45.4503261], [9.1330118, 45.4501788]], [[9.1330118, 45.4501788], [9.1321286, 45.4499164], [9.1320936, 45.4498977], [9.1320747, 45.4498766]], [[9.131395, 45.4499596], [9.1320189, 45.4498965], [9.1320493, 45.4498897], [9.1320747, 45.4498766]], [[9.1331772, 45.450227], [9.1330118, 45.4501788]], [[9.1340848, 45.4504974], [9.1344022, 45.4510234], [9.1344398, 45.4510624], [9.1344955, 45.4510934]], [[9.130876, 45.4500124], [9.131395, 45.4499596]]]}}, {"type": "Feature", "properties": {"id": "SS-MIL-4391", "nome": "Via dei Gerani", "quartiere": "", "classificazione": "giallo", "score": 3, "note": "strada urbana senza ciclabile", "ciclabile": "no", "n_corsie": "2", "senso_unico": "si", "n_testimonianze": "0", "zona": "B1"}, "geometry": {"type": "LineString", "coordinates": [[9.131395, 45.4499596], [9.1314296, 45.4499193], [9.1314406, 45.4498985], [9.1319342, 45.4489633], [9.1319498, 45.4489367], [9.1319694, 45.4489032]]}}, {"type": "Feature", "properties": {"id": "SS-MIL-4392", "nome": "Via dei Giacinti", "quartiere": "", "classificazione": "giallo", "score": 3, "note": "strada urbana senza ciclabile", "ciclabile": "no", "n_corsie": "2", "senso_unico": "si", "n_testimonianze": "0", "zona": "B1"}, "geometry": {"type": "MultiLineString", "coordinates": [[[9.1305755, 45.4499484], [9.1306835, 45.4499797], [9.130794, 45.4500106], [9.130876, 45.4500124]], [[9.130755, 45.4501747], [9.1307868, 45.450118], [9.1308175, 45.4500635], [9.1308282, 45.4500461], [9.130845, 45.4500308], [9.130876, 45.4500124]], [[9.1286358, 45.4495613], [9.1285468, 45.4495363], [9.1272359, 45.4491573], [9.1269596, 45.4490774], [9.1268603, 45.4490487]], [[9.1305816, 45.4500853], [9.1305916, 45.450096], [9.1306096, 45.4501118], [9.1306234, 45.4501235], [9.1306409, 45.4501348], [9.1306533, 45.4501417], [9.1306714, 45.45015], [9.130755, 45.4501747]], [[9.1311225, 45.450281], [9.1314265, 45.4503689], [9.1317007, 45.4504482]], [[9.1328322, 45.4507753], [9.132921, 45.450801], [9.1330643, 45.4508424]], [[9.1324012, 45.4506507], [9.1326735, 45.4507294]], [[9.1317007, 45.4504482], [9.1324012, 45.4506507]], [[9.1326735, 45.4507294], [9.1328322, 45.4507753]], [[9.1337599, 45.4510435], [9.133969, 45.451104], [9.1342642, 45.4511893]], [[9.130755, 45.4501747], [9.1308749, 45.4502094], [9.1311225, 45.450281]], [[9.1330643, 45.4508424], [9.1332954, 45.4509092], [9.1337599, 45.4510435]], [[9.1305816, 45.4500853], [9.1304917, 45.4500986]]]}}, {"type": "Feature", "properties": {"id": "SS-MIL-4393", "nome": "Via dei Giaggioli", "quartiere": "", "classificazione": "giallo", "score": 3, "note": "strada urbana senza ciclabile", "ciclabile": "no", "n_corsie": "2", "senso_unico": "no", "n_testimonianze": "0", "zona": "B1"}, "geometry": {"type": "MultiLineString", "coordinates": [[[9.1314644, 45.448393], [9.1313931, 45.4484767], [9.1311295, 45.4489554], [9.1311015, 45.4490102]], [[9.1307687, 45.448903], [9.1306356, 45.4491445]], [[9.1294709, 45.4519277], [9.1294466, 45.4519713], [9.1293236, 45.4521918]], [[9.1304917, 45.4500986], [9.1304586, 45.4501579], [9.1300627, 45.4508673]], [[9.1291772, 45.452454], [9.1290648, 45.4526553], [9.1290641, 45.4526842]], [[9.1300627, 45.4508673], [9.1299643, 45.4510436]], [[9.1311015, 45.4490102], [9.1309864, 45.4492181]], [[9.1309864, 45.4492181], [9.1306296, 45.449851], [9.1305755, 45.4499484]], [[9.1305755, 45.4499484], [9.1305566, 45.4499891], [9.1305521, 45.450004], [9.1305494, 45.4500157], [9.1305507, 45.4500304], [9.1305538, 45.4500404], [9.1305612, 45.4500558], [9.1305685, 45.4500684], [9.1305816, 45.4500853]], [[9.1299643, 45.4510436], [9.1297557, 45.4514188], [9.1295793, 45.4517362], [9.1295596, 45.4517687], [9.129544, 45.4517968]], [[9.129544, 45.4517968], [9.1294709, 45.4519277]], [[9.1293236, 45.4521918], [9.1291772, 45.452454]]]}}, {"type": "Feature", "properties": {"id": "SS-MIL-4395", "nome": "Via dei Gigli", "quartiere": "", "classificazione": "giallo", "score": 3, "note": "strada urbana senza ciclabile", "ciclabile": "no", "n_corsie": "2", "senso_unico": "no", "n_testimonianze": "0", "zona": "B1"}, "geometry": {"type": "MultiLineString", "coordinates": [[[9.1291772, 45.452454], [9.1292537, 45.4524763], [9.1299223, 45.4526693], [9.1305851, 45.4528624], [9.1309765, 45.452976], [9.13233, 45.4533699], [9.1323917, 45.4533866]], [[9.132545, 45.4531264], [9.1324797, 45.4531087], [9.1300747, 45.4524093], [9.1294101, 45.452216], [9.1293236, 45.4521918]], [[9.1323917, 45.4533866], [9.1322748, 45.4535852], [9.1322472, 45.4536317]], [[9.1330029, 45.4523444], [9.1329444, 45.4523294], [9.1323433, 45.452151], [9.1323039, 45.4521394]], [[9.1331492, 45.452093], [9.1330919, 45.4520777], [9.1324959, 45.4519052], [9.1324496, 45.4518908]], [[9.1332939, 45.4518443], [9.1332377, 45.4518292], [9.1326508, 45.4516591], [9.1325953, 45.4516424]], [[9.1334387, 45.4515954], [9.1333867, 45.4515816], [9.1328044, 45.4514123], [9.132741, 45.4513939]], [[9.1134233, 45.431746], [9.1131022, 45.4321017], [9.1129679, 45.4322505], [9.1129136, 45.4323159], [9.1124362, 45.4328906], [9.1123944, 45.4329699], [9.1123573, 45.4330404]], [[9.132545, 45.4531264], [9.1323917, 45.4533866]], [[9.1327759, 45.4527345], [9.1327481, 45.4527813], [9.132545, 45.4531264]], [[9.1330029, 45.4523444], [9.1331492, 45.452093]], [[9.1330029, 45.4523444], [9.1328105, 45.45267], [9.1327759, 45.4527345]], [[9.1334387, 45.4515954], [9.1332939, 45.4518443]], [[9.1337599, 45.4510435], [9.1337391, 45.4510792], [9.1337243, 45.4511047], [9.1334387, 45.4515954]], [[9.1331492, 45.452093], [9.1332939, 45.4518443]]]}}, {"type": "Feature", "properties": {"id": "SS-MIL-4399", "nome": "Via dei Gracchi", "quartiere": "", "classificazione": "giallo", "score": 3, "note": "strada urbana senza ciclabile", "ciclabile": "no", "n_corsie": "2", "senso_unico": "si", "n_testimonianze": "0", "zona": "B1"}, "geometry": {"type": "MultiLineString", "coordinates": [[[9.148206, 45.4630984], [9.1482928, 45.4631249], [9.1485011, 45.4631874], [9.1496314, 45.4635379], [9.1497184, 45.4635656]], [[9.1497184, 45.4635656], [9.1510348, 45.4639658], [9.1515212, 45.464102]], [[9.1515212, 45.464102], [9.1515469, 45.4641099], [9.151785, 45.4641818], [9.1521888, 45.4643046], [9.1525128, 45.4643987], [9.1526087, 45.464396], [9.1526413, 45.4643952]]]}}, {"type": "Feature", "properties": {"id": "SS-MIL-4400", "nome": "Via dei Gradenigo", "quartiere": "", "classificazione": "giallo", "score": 3, "note": "strada urbana senza ciclabile (2 corsie)", "ciclabile": "no", "n_corsie": "2", "senso_unico": "si", "n_testimonianze": "0", "zona": "B1"}, "geometry": {"type": "LineString", "coordinates": [[9.1328121, 45.4777452], [9.1327386, 45.4777295], [9.1326141, 45.477702], [9.1324558, 45.4776631], [9.1323035, 45.4776163], [9.1321578, 45.4775641], [9.132015, 45.477499], [9.1318935, 45.4774381], [9.1317871, 45.4773746], [9.1316658, 45.4772978], [9.1316323, 45.4772766], [9.1315988, 45.4772554]]}}, {"type": "Feature", "properties": {"id": "SS-MIL-4401", "nome": "Via dei Grimani", "quartiere": "", "classificazione": "giallo", "score": 3, "note": "strada urbana senza ciclabile (2 corsie)", "ciclabile": "no", "n_corsie": "2", "senso_unico": "no", "n_testimonianze": "0", "zona": "B1"}, "geometry": {"type": "MultiLineString", "coordinates": [[[9.1553872, 45.4563505], [9.1554052, 45.4564003], [9.1559684, 45.45782], [9.1559807, 45.4578493], [9.1560028, 45.4579022]], [[9.1553872, 45.4563505], [9.1552797, 45.4563511], [9.1548411, 45.4563956]], [[9.1548411, 45.4563956], [9.154638, 45.4563649]]]}}, {"type": "Feature", "properties": {"id": "SS-MIL-4403", "nome": "Via dei Larici", "quartiere": "", "classificazione": "giallo", "score": 3, "note": "strada urbana senza ciclabile", "ciclabile": "no", "n_corsie": "2", "senso_unico": "si", "n_testimonianze": "0", "zona": "B1"}, "geometry": {"type": "MultiLineString", "coordinates": [[[9.0851994, 45.4539312], [9.0850753, 45.4538641], [9.0849465, 45.4537998], [9.08469, 45.4536946]], [[9.0838812, 45.4535146], [9.0835785, 45.4534953], [9.0831514, 45.453468], [9.0827928, 45.453445], [9.0826185, 45.4534339], [9.0825931, 45.4534347], [9.0825618, 45.4534393], [9.0825137, 45.4534516], [9.0824802, 45.4534639], [9.0824643, 45.4534717], [9.0824049, 45.4535122], [9.0823862, 45.4535303], [9.0823624, 45.4535625], [9.0823557, 45.453575], [9.0823432, 45.4536042], [9.082342, 45.4536149], [9.0822387, 45.4545005], [9.0822411, 45.4545926]], [[9.08469, 45.4536946], [9.0843863, 45.4535766], [9.0843695, 45.4535701], [9.0843164, 45.4535555], [9.0842159, 45.453539], [9.0840805, 45.4535265]], [[9.0840805, 45.4535265], [9.083951, 45.4535189]], [[9.083951, 45.4535189], [9.0838812, 45.4535146]]]}}, {"type": "Feature", "properties": {"id": "SS-MIL-4405", "nome": "Via dei Loredan", "quartiere": "", "classificazione": "giallo", "score": 3, "note": "strada urbana senza ciclabile (1 corsie)", "ciclabile": "no", "n_corsie": "1", "senso_unico": "si", "n_testimonianze": "0", "zona": "B1"}, "geometry": {"type": "MultiLineString", "coordinates": [[[9.1314488, 45.477089], [9.1313749, 45.4770609], [9.1311441, 45.4769963], [9.1309583, 45.4769561], [9.1307431, 45.4769172], [9.1305404, 45.4768905], [9.1302844, 45.476871]], [[9.1302844, 45.476871], [9.1300843, 45.4768942], [9.1299011, 45.4769318], [9.1297487, 45.47697], [9.1296224, 45.4770081], [9.129377, 45.4770939], [9.1293139, 45.4771097], [9.1292732, 45.4771238]]]}}, {"type": "Feature", "properties": {"id": "SS-MIL-4406", "nome": "Via dei Malatesta", "quartiere": "", "classificazione": "giallo", "score": 3, "note": "strada urbana senza ciclabile (2 corsie)", "ciclabile": "no", "n_corsie": "2", "senso_unico": "no", "n_testimonianze": "0", "zona": "B1"}, "geometry": {"type": "LineString", "coordinates": [[9.1365733, 45.4638309], [9.1365287, 45.4638307], [9.1364827, 45.4638323], [9.1352209, 45.4638764], [9.1351627, 45.4638785], [9.1351157, 45.4638802]]}}, {"type": "Feature", "properties": {"id": "SS-MIL-4407", "nome": "Via dei Mandorli", "quartiere": "", "classificazione": "giallo", "score": 3, "note": "strada urbana senza ciclabile", "ciclabile": "no", "n_corsie": "2", "senso_unico": "no", "n_testimonianze": "0", "zona": "B1"}, "geometry": {"type": "MultiLineString", "coordinates": [[[9.0888502, 45.4374808], [9.0887584, 45.4375906], [9.0884589, 45.4379487], [9.0882653, 45.4381801], [9.0878616, 45.4386626], [9.0877971, 45.4387397], [9.0877743, 45.438767], [9.0876602, 45.4389035], [9.0875599, 45.4390234]], [[9.0861331, 45.440729], [9.086214, 45.4406323], [9.0862428, 45.4405979], [9.0863244, 45.4405003], [9.0865098, 45.4402787], [9.0865912, 45.4401826], [9.086808, 45.4399268], [9.0869793, 45.4397174], [9.0871528, 45.43951], [9.0873084, 45.4393241], [9.0874358, 45.4391717], [9.0874709, 45.4391298], [9.0875599, 45.4390234]]]}}, {"type": "Feature", "properties": {"id": "SS-MIL-4411", "nome": "Via dei Mughetti", "quartiere": "", "classificazione": "giallo", "score": 3, "note": "strada urbana senza ciclabile", "ciclabile": "no", "n_corsie": "2", "senso_unico": "no", "n_testimonianze": "0", "zona": "B1"}, "geometry": {"type": "MultiLineString", "coordinates": [[[9.1305746, 45.45122], [9.1305567, 45.4512504], [9.1301687, 45.4519114], [9.1301353, 45.4519684]], [[9.13115, 45.4513863], [9.1310908, 45.4513694], [9.1305746, 45.45122]], [[9.1311225, 45.450281], [9.1311008, 45.4503181], [9.1310877, 45.4503404], [9.1306745, 45.4510442]], [[9.1312533, 45.4512114], [9.1312037, 45.4511976], [9.1306745, 45.4510442]], [[9.1300627, 45.4508673], [9.1301257, 45.4508855], [9.1306745, 45.4510442]], [[9.1299643, 45.4510436], [9.1300275, 45.4510618], [9.1305746, 45.45122]]]}}, {"type": "Feature", "properties": {"id": "SS-MIL-4412", "nome": "Via dei Narcisi", "quartiere": "", "classificazione": "giallo", "score": 3, "note": "strada urbana senza ciclabile", "ciclabile": "no", "n_corsie": "2", "senso_unico": "no", "n_testimonianze": "0", "zona": "B1"}, "geometry": {"type": "LineString", "coordinates": [[9.1280134, 45.4511564], [9.1278784, 45.4513986], [9.1278462, 45.4514562]]}}, {"type": "Feature", "properties": {"id": "SS-MIL-4419", "nome": "Via dei Piccolomini", "quartiere": "", "classificazione": "blu", "score": 2, "note": "zona pedonale / living street", "ciclabile": "no", "n_corsie": "1", "senso_unico": "no", "n_testimonianze": "0", "zona": "B1"}, "geometry": {"type": "MultiLineString", "coordinates": [[[9.124499, 45.47679], [9.1257916, 45.4790817], [9.1263329, 45.4801016]], [[9.1243536, 45.4762192], [9.1243589, 45.4762679], [9.1243603, 45.4763135], [9.1244053, 45.4765293], [9.1244327, 45.476677], [9.124499, 45.47679]]]}}, {"type": "Feature", "properties": {"id": "SS-MIL-4421", "nome": "Via dei Pioppi", "quartiere": "", "classificazione": "giallo", "score": 3, "note": "strada urbana senza ciclabile", "ciclabile": "no", "n_corsie": "2", "senso_unico": "si", "n_testimonianze": "0", "zona": "B1"}, "geometry": {"type": "LineString", "coordinates": [[9.0893122, 45.4412622], [9.089203, 45.4413256], [9.0891013, 45.4413283], [9.088158, 45.4411072], [9.0879724, 45.4410882], [9.0877724, 45.4410687], [9.0874912, 45.4410384], [9.0874611, 45.4410367], [9.0872696, 45.4410257], [9.0870545, 45.4410134], [9.0869082, 45.4410035], [9.0866434, 45.440939], [9.086409, 45.4408492], [9.0861331, 45.440729]]}}, {"type": "Feature", "properties": {"id": "SS-MIL-4424", "nome": "Via dei Rospigliosi", "quartiere": "", "classificazione": "rosso", "score": 4, "note": "strada principale trafficata (2 corsie)", "ciclabile": "no", "n_corsie": "2", "senso_unico": "si", "n_testimonianze": "0", "zona": "B1"}, "geometry": {"type": "MultiLineString", "coordinates": [[[9.1321226, 45.4760606], [9.1321475, 45.4761245]], [[9.1321475, 45.4761245], [9.1319376, 45.4761273]], [[9.1319376, 45.4761273], [9.1319925, 45.4760622]], [[9.1302787, 45.4761472], [9.1294561, 45.4761572], [9.1291584, 45.4761608]], [[9.1320953, 45.4759701], [9.1322369, 45.4759684], [9.1323898, 45.4759665]], [[9.1302801, 45.4759923], [9.1317892, 45.4759739], [9.1318343, 45.4759733], [9.1320953, 45.4759701]], [[9.1319376, 45.4761273], [9.1317929, 45.4761288], [9.1315957, 45.4761312], [9.1313392, 45.4761343], [9.1302787, 45.4761472]], [[9.1291584, 45.4761608], [9.1287305, 45.476166]], [[9.1243205, 45.4760651], [9.1244942, 45.4760629], [9.1282349, 45.4760173]], [[9.1286108, 45.4760127], [9.128731, 45.4760112], [9.1294581, 45.4760023]], [[9.1320211, 45.4760344], [9.1320953, 45.4759701]], [[9.1319925, 45.4760622], [9.1320211, 45.4760344]], [[9.1320953, 45.4759701], [9.1321142, 45.4760333]], [[9.1321142, 45.4760333], [9.1321226, 45.4760606]], [[9.1294581, 45.4760023], [9.1302801, 45.4759923]], [[9.1287305, 45.476166], [9.124495, 45.4762175], [9.1243536, 45.4762192]], [[9.1282349, 45.4760173], [9.1286108, 45.4760127]]]}}, {"type": "Feature", "properties": {"id": "SS-MIL-4425", "nome": "Via dei Sagredo", "quartiere": "", "classificazione": "giallo", "score": 3, "note": "strada urbana senza ciclabile (1 corsie)", "ciclabile": "no", "n_corsie": "1", "senso_unico": "si", "n_testimonianze": "0", "zona": "B1"}, "geometry": {"type": "LineString", "coordinates": [[9.1302787, 45.4761472], [9.1302802, 45.4762238], [9.1302837, 45.476816], [9.1302844, 45.476871]]}}, {"type": "Feature", "properties": {"id": "SS-MIL-4426", "nome": "Via dei Salici", "quartiere": "", "classificazione": "giallo", "score": 3, "note": "strada urbana senza ciclabile", "ciclabile": "no", "n_corsie": "2", "senso_unico": "si", "n_testimonianze": "0", "zona": "B1"}, "geometry": {"type": "MultiLineString", "coordinates": [[[9.0811555, 45.4510423], [9.0810658, 45.4511645], [9.0809284, 45.4513523]], [[9.0798606, 45.4523474], [9.0793094, 45.4521486], [9.0792801, 45.4521398], [9.0792294, 45.4521314], [9.0791666, 45.4521214], [9.0791371, 45.4521162], [9.0791102, 45.4521086], [9.0789507, 45.4520521], [9.0787741, 45.4519895]], [[9.0893122, 45.4412622], [9.0893598, 45.4411997], [9.0896246, 45.4408069], [9.0896419, 45.4407782], [9.0896507, 45.440708], [9.0897002, 45.4406087], [9.0898386, 45.4403878], [9.0899339, 45.4402356], [9.0899551, 45.4401401]], [[9.0804389, 45.4520416], [9.0803574, 45.4521532], [9.0803439, 45.4521717], [9.0803225, 45.452193], [9.0802967, 45.45221], [9.0802686, 45.4522208], [9.0802365, 45.4522281], [9.0802021, 45.4522346], [9.0800081, 45.4522711], [9.0799733, 45.4522809], [9.0799297, 45.4522983], [9.0798973, 45.4523175], [9.0798606, 45.4523474]], [[9.0809284, 45.4513523], [9.0808191, 45.4515063], [9.0804389, 45.4520416]], [[9.0798606, 45.4523474], [9.0798264, 45.4523861], [9.0793, 45.4531238], [9.0790311, 45.4535007], [9.0789923, 45.45353], [9.0789482, 45.4535485], [9.07889, 45.4535571], [9.0788148, 45.4535604], [9.0787271, 45.4535507], [9.0778872, 45.4534129], [9.077761, 45.4533939]]]}}, {"type": "Feature", "properties": {"id": "SS-MIL-4427", "nome": "Via dei Sanniti", "quartiere": "", "classificazione": "giallo", "score": 3, "note": "strada urbana senza ciclabile", "ciclabile": "no", "n_corsie": "2", "senso_unico": "no", "n_testimonianze": "0", "zona": "B1"}, "geometry": {"type": "MultiLineString", "coordinates": [[[9.1313478, 45.446259], [9.1312857, 45.4462891], [9.1307857, 45.4464452], [9.130646, 45.4464808]], [[9.1319276, 45.4453367], [9.1318939, 45.4453887], [9.1314076, 45.4461635], [9.1314005, 45.4461749], [9.1313478, 45.446259]]]}}, {"type": "Feature", "properties": {"id": "SS-MIL-4428", "nome": "Via dei Soranzo", "quartiere": "", "classificazione": "giallo", "score": 3, "note": "strada urbana senza ciclabile (1 corsie)", "ciclabile": "no", "n_corsie": "1", "senso_unico": "si", "n_testimonianze": "0", "zona": "B1"}, "geometry": {"type": "MultiLineString", "coordinates": [[[9.1338458, 45.4783846], [9.1337937, 45.4783907], [9.1335436, 45.4783946], [9.133284, 45.4784104], [9.1330518, 45.4784338], [9.1329241, 45.4784481], [9.1328992, 45.4784509], [9.1328395, 45.4784576]], [[9.1323723, 45.4785064], [9.1323322, 45.478511], [9.1322944, 45.4785154], [9.1317212, 45.47863], [9.1316586, 45.4786425]]]}}, {"type": "Feature", "properties": {"id": "SS-MIL-4432", "nome": "Via dei Tulipani", "quartiere": "", "classificazione": "giallo", "score": 3, "note": "strada urbana senza ciclabile", "ciclabile": "no", "n_corsie": "2", "senso_unico": "no", "n_testimonianze": "0", "zona": "B1"}, "geometry": {"type": "MultiLineString", "coordinates": [[[9.1386205, 45.4481819], [9.1385809, 45.448243], [9.1384804, 45.4483983], [9.1379892, 45.4491567]], [[9.1379892, 45.4491567], [9.1373827, 45.4500758], [9.1373637, 45.4501042], [9.1373366, 45.4501448]]]}}, {"type": "Feature", "properties": {"id": "SS-MIL-4435", "nome": "Via del Burchiello", "quartiere": "", "classificazione": "rosso", "score": 4, "note": "strada secondaria trafficata", "ciclabile": "no", "n_corsie": "2", "senso_unico": "si", "n_testimonianze": "0", "zona": "B1"}, "geometry": {"type": "MultiLineString", "coordinates": [[[9.1577016, 45.4686165], [9.1578327, 45.4685754], [9.1579168, 45.4685719], [9.1581272, 45.468563]], [[9.1581272, 45.468563], [9.1586383, 45.4684972]], [[9.1586383, 45.4684972], [9.1587753, 45.468452], [9.1593499, 45.4684166], [9.1594756, 45.4684088], [9.1598888, 45.46842]], [[9.1598888, 45.46842], [9.1597861, 45.4684361], [9.1597579, 45.4684405], [9.1594888, 45.4684826], [9.1587827, 45.4685242], [9.1586383, 45.4684972]], [[9.1611362, 45.4683306], [9.1609788, 45.4683373], [9.1606213, 45.4683701]], [[9.1606213, 45.4683701], [9.1605137, 45.4683769], [9.1604678, 45.4683801], [9.1599847, 45.4684134], [9.1598888, 45.46842]]]}}, {"type": "Feature", "properties": {"id": "SS-MIL-4436", "nome": "Via del Campaccio", "quartiere": "", "classificazione": "giallo", "score": 3, "note": "strada urbana senza ciclabile", "ciclabile": "no", "n_corsie": "2", "senso_unico": "no", "n_testimonianze": "0", "zona": "B1"}, "geometry": {"type": "MultiLineString", "coordinates": [[[9.0489505, 45.4821886], [9.0502568, 45.4824418]], [[9.0502568, 45.4824418], [9.0503623, 45.4824611], [9.0515567, 45.4826907], [9.0516251, 45.4827048], [9.0516466, 45.4827189], [9.0516573, 45.4827358], [9.0516573, 45.4827565]]]}}, {"type": "Feature", "properties": {"id": "SS-MIL-4437", "nome": "Via del Camposanto", "quartiere": "", "classificazione": "giallo", "score": 3, "note": "strada urbana senza ciclabile", "ciclabile": "no", "n_corsie": "2", "senso_unico": "si", "n_testimonianze": "0", "zona": "B1"}, "geometry": {"type": "MultiLineString", "coordinates": [[[9.0539396, 45.4820966], [9.0538799, 45.4820907]], [[9.0538799, 45.4820907], [9.0538451, 45.4820856], [9.0538098, 45.4820787], [9.0537783, 45.4820701], [9.0537503, 45.4820615], [9.0531011, 45.4818115], [9.0528523, 45.4817157], [9.0528092, 45.4816962]]]}}, {"type": "Feature", "properties": {"id": "SS-MIL-4439", "nome": "Via del Cardellino", "quartiere": "", "classificazione": "giallo", "score": 3, "note": "strada urbana senza ciclabile", "ciclabile": "no", "n_corsie": "2", "senso_unico": "si", "n_testimonianze": "0", "zona": "B1"}, "geometry": {"type": "MultiLineString", "coordinates": [[[9.1212147, 45.4533497], [9.1211861, 45.4534049], [9.1207487, 45.4542383], [9.1207255, 45.4542885]], [[9.1212147, 45.4533497], [9.1212391, 45.4533035], [9.12147, 45.4528657], [9.1216266, 45.452582], [9.1216904, 45.4524553]], [[9.1216904, 45.4524553], [9.1217333, 45.4523685], [9.1218189, 45.4522017], [9.122174, 45.4515223], [9.1226198, 45.4506694], [9.1227535, 45.4504136], [9.1227782, 45.4503665], [9.1228159, 45.4502943]], [[9.1228159, 45.4502943], [9.1228868, 45.4501634]], [[9.1228868, 45.4501634], [9.1229472, 45.4500474]], [[9.1234995, 45.4490088], [9.123799, 45.4484457], [9.1238495, 45.448356], [9.1238659, 45.4483267], [9.1239007, 45.448284], [9.1239242, 45.44827], [9.1239651, 45.4482658]], [[9.1229472, 45.4500474], [9.1229879, 45.4499694], [9.1234995, 45.4490088]]]}}, {"type": "Feature", "properties": {"id": "SS-MIL-4444", "nome": "Via del Fusaro", "quartiere": "", "classificazione": "giallo", "score": 3, "note": "strada urbana senza ciclabile", "ciclabile": "no", "n_corsie": "2", "senso_unico": "si", "n_testimonianze": "0", "zona": "B1"}, "geometry": {"type": "LineString", "coordinates": [[9.1521486, 45.4616636], [9.1521463, 45.4616095], [9.1521055, 45.4606492], [9.1521027, 45.4605816]]}}, {"type": "Feature", "properties": {"id": "SS-MIL-4449", "nome": "Via del Lucarino", "quartiere": "", "classificazione": "giallo", "score": 3, "note": "strada urbana senza ciclabile", "ciclabile": "no", "n_corsie": "2", "senso_unico": "si", "n_testimonianze": "0", "zona": "B1"}, "geometry": {"type": "MultiLineString", "coordinates": [[[9.1243472, 45.450484], [9.1244478, 45.4505078], [9.1246566, 45.4505606], [9.1253448, 45.4507325], [9.1255808, 45.4507915], [9.1256758, 45.4508152]], [[9.1256021, 45.4509545], [9.1255071, 45.4509314], [9.1251605, 45.4508405]], [[9.1254893, 45.4511586], [9.1254076, 45.4511402], [9.1253632, 45.4511288], [9.1253367, 45.4511133], [9.1253176, 45.4510951], [9.1251759, 45.4508697], [9.1251605, 45.4508405]], [[9.1251605, 45.4508405], [9.1248617, 45.4507402], [9.1243855, 45.4506205], [9.1243531, 45.4506122], [9.1242875, 45.4505955]]]}}, {"type": "Feature", "properties": {"id": "SS-MIL-4452", "nome": "Via del Mella", "quartiere": "", "classificazione": "giallo", "score": 3, "note": "strada urbana senza ciclabile", "ciclabile": "no", "n_corsie": "2", "senso_unico": "si", "n_testimonianze": "0", "zona": "B1"}, "geometry": {"type": "MultiLineString", "coordinates": [[[9.110573, 45.4614271], [9.1104795, 45.4614087], [9.1096547, 45.4612515], [9.1095978, 45.4612388]], [[9.1095978, 45.4612388], [9.1089381, 45.4611109], [9.1088238, 45.4610909]]]}}, {"type": "Feature", "properties": {"id": "SS-MIL-4453", "nome": "Via del Molinazzo", "quartiere": "", "classificazione": "giallo", "score": 3, "note": "strada urbana senza ciclabile (1 corsie)", "ciclabile": "no", "n_corsie": "1", "senso_unico": "si", "n_testimonianze": "0", "zona": "B1"}, "geometry": {"type": "LineString", "coordinates": [[9.1350111, 45.4651377], [9.1350228, 45.4652609], [9.1350551, 45.4656929], [9.1350587, 45.4657188], [9.1350705, 45.4657337], [9.1350994, 45.4657529], [9.1353059, 45.4658817], [9.1356367, 45.4660882], [9.1358065, 45.4661969], [9.1358534, 45.466224], [9.1358939, 45.46628]]}}, {"type": "Feature", "properties": {"id": "SS-MIL-4456", "nome": "Via del Passero", "quartiere": "", "classificazione": "giallo", "score": 3, "note": "strada urbana senza ciclabile", "ciclabile": "no", "n_corsie": "2", "senso_unico": "no", "n_testimonianze": "0", "zona": "B1"}, "geometry": {"type": "LineString", "coordinates": [[9.123268, 45.4554011], [9.1231193, 45.4553633], [9.1220569, 45.4550941], [9.1219658, 45.4550726]]}}, {"type": "Feature", "properties": {"id": "SS-MIL-4458", "nome": "Via del Pettirosso", "quartiere": "", "classificazione": "giallo", "score": 3, "note": "strada urbana senza ciclabile", "ciclabile": "no", "n_corsie": "2", "senso_unico": "si", "n_testimonianze": "0", "zona": "B1"}, "geometry": {"type": "LineString", "coordinates": [[9.1217745, 45.4554395], [9.1217393, 45.4555091], [9.120909, 45.4571043], [9.1208945, 45.4571378], [9.1208711, 45.4571837], [9.1208519, 45.4572204]]}}, {"type": "Feature", "properties": {"id": "SS-MIL-4469", "nome": "Via del Ticino", "quartiere": "", "classificazione": "giallo", "score": 3, "note": "strada urbana senza ciclabile", "ciclabile": "no", "n_corsie": "2", "senso_unico": "no", "n_testimonianze": "0", "zona": "B1"}, "geometry": {"type": "LineString", "coordinates": [[9.1216683, 45.471247], [9.121648, 45.4712302], [9.1216188, 45.471206], [9.1213131, 45.4709502], [9.1206995, 45.4704372], [9.1206425, 45.4703868]]}}, {"type": "Feature", "properties": {"id": "SS-MIL-4474", "nome": "Via dell'Allodola", "quartiere": "", "classificazione": "giallo", "score": 3, "note": "strada urbana senza ciclabile", "ciclabile": "no", "n_corsie": "2", "senso_unico": "si", "n_testimonianze": "0", "zona": "B1"}, "geometry": {"type": "MultiLineString", "coordinates": [[[9.1203173, 45.4550622], [9.1202325, 45.4550401], [9.1188083, 45.4546906], [9.1186962, 45.4546624]], [[9.1211729, 45.4552836], [9.1208495, 45.4551999], [9.1203173, 45.4550622]]]}}, {"type": "Feature", "properties": {"id": "SS-MIL-4489", "nome": "Via dell'Usignolo", "quartiere": "", "classificazione": "giallo", "score": 3, "note": "strada urbana senza ciclabile", "ciclabile": "no", "n_corsie": "2", "senso_unico": "si", "n_testimonianze": "0", "zona": "B1"}, "geometry": {"type": "MultiLineString", "coordinates": [[[9.1191178, 45.4538803], [9.1192216, 45.4539075], [9.1207255, 45.4542885]], [[9.1207255, 45.4542885], [9.1215808, 45.454525]]]}}, {"type": "Feature", "properties": {"id": "SS-MIL-4492", "nome": "Via della Capinera", "quartiere": "", "classificazione": "giallo", "score": 3, "note": "strada urbana senza ciclabile", "ciclabile": "no", "n_corsie": "2", "senso_unico": "si", "n_testimonianze": "0", "zona": "B1"}, "geometry": {"type": "LineString", "coordinates": [[9.119408, 45.4568477], [9.1194492, 45.4567593], [9.1194601, 45.4567379], [9.1202805, 45.4551331], [9.1202931, 45.4551088], [9.1203173, 45.4550622]]}}, {"type": "Feature", "properties": {"id": "SS-MIL-4499", "nome": "Via della Ferrera", "quartiere": "", "classificazione": "giallo", "score": 3, "note": "strada urbana senza ciclabile", "ciclabile": "no", "n_corsie": "2", "senso_unico": "si", "n_testimonianze": "0", "zona": "B1"}, "geometry": {"type": "MultiLineString", "coordinates": [[[9.1355604, 45.4414274], [9.1353652, 45.4416159], [9.1350108, 45.4419544], [9.1345621, 45.4423849], [9.1343267, 45.442606], [9.1342723, 45.4426524]], [[9.1355604, 45.4414274], [9.135614, 45.4413788], [9.1359138, 45.4410894], [9.1362434, 45.4407694], [9.1365294, 45.4404918], [9.1367015, 45.4403247], [9.1368052, 45.4402281], [9.1368471, 45.4401882], [9.1369018, 45.4401508], [9.1369723, 45.4401161]]]}}, {"type": "Feature", "properties": {"id": "SS-MIL-4508", "nome": "Via della Martinella", "quartiere": "", "classificazione": "giallo", "score": 3, "note": "strada urbana senza ciclabile", "ciclabile": "no", "n_corsie": "2", "senso_unico": "no", "n_testimonianze": "0", "zona": "B1"}, "geometry": {"type": "MultiLineString", "coordinates": [[[9.1112225, 45.4596483], [9.1109954, 45.4596603]], [[9.113306, 45.4599022], [9.1132255, 45.4598894], [9.1125329, 45.4597091]], [[9.1125329, 45.4597091], [9.1122474, 45.4596344], [9.1121755, 45.4596195]], [[9.1119373, 45.4596001], [9.1115828, 45.4596235], [9.1112225, 45.4596483]], [[9.1121755, 45.4596195], [9.1121023, 45.4595987], [9.1120068, 45.4595953], [9.1119373, 45.4596001]]]}}, {"type": "Feature", "properties": {"id": "SS-MIL-4517", "nome": "Via della Repubblica", "quartiere": "", "classificazione": "giallo", "score": 3, "note": "strada urbana senza ciclabile", "ciclabile": "no", "n_corsie": "2", "senso_unico": "si", "n_testimonianze": "0", "zona": "B1"}, "geometry": {"type": "MultiLineString", "coordinates": [[[9.0983373, 45.4426467], [9.0983574, 45.4426166], [9.0983802, 45.4425837], [9.0984178, 45.4424795]], [[9.0471394, 45.4308539], [9.0468258, 45.4309777], [9.046492, 45.4311095]], [[9.0472722, 45.4307588], [9.0473228, 45.430702], [9.0473575, 45.4306496], [9.0473613, 45.4305814], [9.0473412, 45.4305111], [9.046938, 45.4298341], [9.0467878, 45.4295821], [9.0467341, 45.4294756], [9.0466119, 45.4292333]], [[9.096053, 45.4444013], [9.0956821, 45.4444967], [9.0955754, 45.4445241], [9.0948713, 45.4447051], [9.0947482, 45.4447367]], [[9.0986915, 45.442264], [9.0988782, 45.4421896]], [[9.0985451, 45.4425654], [9.0984244, 45.4426006], [9.0983855, 45.4426194], [9.0983373, 45.4426467]], [[9.0988782, 45.4421896], [9.098813, 45.4423258]], [[9.0983373, 45.4426467], [9.0982366, 45.4427318], [9.0980854, 45.4428597], [9.0978001, 45.4431022], [9.097679, 45.4432051], [9.0974767, 45.4433771], [9.0973474, 45.4434871], [9.0966395, 45.4440807], [9.0965434, 45.4441705], [9.0964452, 45.4442549], [9.0963502, 45.4443098], [9.0961363, 45.4443756], [9.096053, 45.4444013]], [[9.1019987, 45.439509], [9.1012329, 45.4401671], [9.1010067, 45.4403632], [9.1009171, 45.44044], [9.1008142, 45.4405299], [9.1007187, 45.4406088], [9.1003675, 45.4409036], [9.1002974, 45.440965], [9.1002545, 45.4410038], [9.1001938, 45.4410564], [9.1000396, 45.4411888], [9.0999634, 45.441257], [9.0998572, 45.4413454], [9.0994486, 45.441696], [9.0993438, 45.4417875], [9.0992514, 45.4418675], [9.0991693, 45.4419345], [9.0988782, 45.4421896]], [[9.046492, 45.4311095], [9.0450321, 45.4317047]], [[9.1022007, 45.4393357], [9.1021715, 45.4393835], [9.1021408, 45.4394136], [9.1019987, 45.439509]], [[9.1019987, 45.439509], [9.1020429, 45.4394268], [9.1020452, 45.4393651], [9.1020381, 45.4393015]], [[9.1390917, 45.5317205], [9.1391769, 45.5317291], [9.1395666, 45.5317687], [9.1396746, 45.5317797]], [[9.1396746, 45.5317797], [9.1403401, 45.5316801], [9.1404489, 45.531658], [9.14053, 45.5316388], [9.1405793, 45.5316265], [9.140621, 45.5316161]], [[9.139005, 45.5317292], [9.1387643, 45.5317054], [9.1386188, 45.5316929], [9.1384182, 45.5316757], [9.1379605, 45.531633], [9.1374249, 45.531556], [9.1374095, 45.531554], [9.1373716, 45.531549]], [[9.1373716, 45.531549], [9.1370135, 45.5315012], [9.1364106, 45.5314204], [9.1357211, 45.53132], [9.1356097, 45.5313019]], [[9.1350111, 45.5312051], [9.1351302, 45.5312238]], [[9.1351302, 45.5312238], [9.1354268, 45.5312722], [9.1356097, 45.5313019]], [[9.1390917, 45.5317205], [9.139005, 45.5317292]]]}}, {"type": "Feature", "properties": {"id": "SS-MIL-4520", "nome": "Via della Rondine", "quartiere": "", "classificazione": "giallo", "score": 3, "note": "strada urbana senza ciclabile", "ciclabile": "no", "n_corsie": "2", "senso_unico": "no", "n_testimonianze": "0", "zona": "B1"}, "geometry": {"type": "MultiLineString", "coordinates": [[[9.1231221, 45.452848], [9.1230302, 45.4528222], [9.1217876, 45.4524853], [9.1216904, 45.4524553]], [[9.1244263, 45.4531884], [9.1243715, 45.4531744], [9.1242777, 45.4531518], [9.1232472, 45.4528815], [9.1231221, 45.452848]]]}}, {"type": "Feature", "properties": {"id": "SS-MIL-4530", "nome": "Via delle Acacie", "quartiere": "", "classificazione": "giallo", "score": 3, "note": "strada urbana senza ciclabile", "ciclabile": "no", "n_corsie": "2", "senso_unico": "no", "n_testimonianze": "0", "zona": "B1"}, "geometry": {"type": "MultiLineString", "coordinates": [[[9.0899551, 45.4401401], [9.0899381, 45.4400301], [9.0898648, 45.4399807], [9.0898347, 45.4399603], [9.0897487, 45.439902]], [[9.0862866, 45.4384948], [9.0862501, 45.4385379], [9.0861851, 45.4386146], [9.08591, 45.4389391], [9.0858735, 45.4389822], [9.0858466, 45.4390139]], [[9.0875599, 45.4390234], [9.0874428, 45.4389745], [9.0873748, 45.4389461], [9.0873288, 45.4389269], [9.0871156, 45.4388379], [9.0869776, 45.4387803], [9.0868943, 45.4387455], [9.086804, 45.4387066], [9.0864021, 45.4385401], [9.0862866, 45.4384948]], [[9.0897487, 45.439902], [9.0896563, 45.4398907], [9.0895126, 45.4398314], [9.0894229, 45.4397944], [9.0892327, 45.4397161], [9.0891517, 45.4396827], [9.0884537, 45.4393953], [9.0882201, 45.4392991], [9.0877182, 45.4390924], [9.0875599, 45.4390234]]]}}, {"type": "Feature", "properties": {"id": "SS-MIL-4536", "nome": "Via delle Camelie", "quartiere": "", "classificazione": "giallo", "score": 3, "note": "strada urbana senza ciclabile", "ciclabile": "no", "n_corsie": "2", "senso_unico": "no", "n_testimonianze": "0", "zona": "B1"}, "geometry": {"type": "MultiLineString", "coordinates": [[[9.1317216, 45.4534792], [9.1298143, 45.4529267], [9.1297303, 45.4529017], [9.1297078, 45.452895]], [[9.1297078, 45.452895], [9.1293866, 45.4528018], [9.1291012, 45.452719], [9.1290707, 45.4527018], [9.1290641, 45.4526842]], [[9.1322472, 45.4536317], [9.1318079, 45.4535042], [9.1317216, 45.4534792]], [[9.1287131, 45.4526449], [9.1287509, 45.4526411], [9.1288105, 45.4526453], [9.1290641, 45.4526842]], [[9.1322472, 45.4536317], [9.1329194, 45.4538275], [9.132959, 45.4538392], [9.1330469, 45.4538651]]]}}, {"type": "Feature", "properties": {"id": "SS-MIL-4541", "nome": "Via delle Foppette", "quartiere": "", "classificazione": "giallo", "score": 3, "note": "strada urbana senza ciclabile", "ciclabile": "no", "n_corsie": "2", "senso_unico": "si", "n_testimonianze": "0", "zona": "B1"}, "geometry": {"type": "LineString", "coordinates": [[9.1557296, 45.4515048], [9.1557652, 45.4514558], [9.1558794, 45.4512945], [9.1558825, 45.4512858], [9.1559289, 45.4509836], [9.1559233, 45.4506843], [9.1559262, 45.4506489], [9.156002, 45.4504807], [9.1560153, 45.450447]]}}, {"type": "Feature", "properties": {"id": "SS-MIL-4542", "nome": "Via delle Forze Armate", "quartiere": "", "classificazione": "giallo", "score": 3, "note": "strada urbana senza ciclabile", "ciclabile": "no", "n_corsie": "2", "senso_unico": "si", "n_testimonianze": "0", "zona": "B1"}, "geometry": {"type": "MultiLineString", "coordinates": [[[9.09272, 45.4608497], [9.0926544, 45.460858], [9.0923184, 45.4608909]], [[9.0943146, 45.4606949], [9.0941063, 45.4607152], [9.0935919, 45.4607657], [9.0929586, 45.4608278], [9.0927948, 45.4608426], [9.09272, 45.4608497]], [[9.0957127, 45.4604691], [9.095189, 45.460549], [9.0947406, 45.4606175], [9.094518, 45.4606515], [9.0943146, 45.4606949]], [[9.1012294, 45.4595592], [9.1008387, 45.4596263], [9.1007697, 45.4596382], [9.0999087, 45.4597861], [9.099873, 45.4597923], [9.0998478, 45.4597966], [9.0996222, 45.4598354]], [[9.0996222, 45.4598354], [9.0993733, 45.4598781], [9.0992338, 45.4599025], [9.098832, 45.459971], [9.098754, 45.4599845], [9.0985053, 45.4600273], [9.0979094, 45.4601296], [9.0976366, 45.4601765]], [[9.096057, 45.4599996], [9.0959411, 45.4599648]], [[9.0963845, 45.4600874], [9.096057, 45.4599996]], [[9.0918098, 45.4609418], [9.0912188, 45.4609852], [9.0905842, 45.4613198]], [[9.0972801, 45.4602444], [9.0972563, 45.4602577], [9.0972283, 45.4602663], [9.0971981, 45.4602695]], [[9.0923184, 45.4608909], [9.0918098, 45.4609418]], [[9.0963845, 45.4600874], [9.0964419, 45.4601035], [9.09652, 45.4601283], [9.0965958, 45.4601523]], [[9.0963405, 45.4603743], [9.0959971, 45.4604257]], [[9.0968356, 45.4602992], [9.0967979, 45.4602984], [9.0967816, 45.4602984], [9.0967653, 45.4602993], [9.096749, 45.4603013], [9.0967327, 45.4603043], [9.0967164, 45.4603084], [9.0967, 45.460313], [9.0966848, 45.4603183], [9.09667, 45.4603241]], [[9.0959971, 45.4604257], [9.0957677, 45.4604607], [9.0957127, 45.4604691]], [[9.0963405, 45.4603743], [9.0964216, 45.4603193], [9.0964366, 45.4603049], [9.0964563, 45.460239]], [[9.0966068, 45.4603413], [9.0964451, 45.4603736], [9.0963979, 45.4603809], [9.0963405, 45.4603743]], [[9.0971981, 45.4602695], [9.0971723, 45.46027], [9.0971465, 45.4602715], [9.0971206, 45.4602744], [9.0970948, 45.4602778], [9.0970225, 45.4602883], [9.0969858, 45.4602924], [9.0969487, 45.4602958], [9.0969112, 45.4602979], [9.0968735, 45.4602991], [9.0968356, 45.4602992]], [[9.0976366, 45.4601765], [9.0974311, 45.4602106], [9.0973581, 45.4602269], [9.0972801, 45.4602444]], [[9.0972768, 45.4601284], [9.0974362, 45.4601548], [9.0975093, 45.4601633], [9.0976366, 45.4601765]], [[9.0964635, 45.4602156], [9.0964324, 45.4601622], [9.096407, 45.4601218], [9.0963845, 45.4600874]], [[9.0966607, 45.4601658], [9.096765, 45.4602005], [9.0967993, 45.46021], [9.096834, 45.4602178], [9.0968655, 45.4602236], [9.0969066, 45.4602254], [9.0969391, 45.4602243], [9.0969717, 45.4602199], [9.0970038, 45.4602123], [9.0970344, 45.4602016], [9.097052, 45.4601927], [9.097066, 45.460183], [9.097077, 45.4601725], [9.0970854, 45.4601611]], [[9.0971981, 45.4602695], [9.0971703, 45.4602675], [9.097144, 45.4602609], [9.0971206, 45.4602502], [9.0971016, 45.4602359], [9.0970879, 45.4602188], [9.0970805, 45.4601999], [9.0970796, 45.4601803], [9.0970854, 45.4601611]], [[9.0966068, 45.4603413], [9.0965727, 45.460341], [9.0965397, 45.4603348], [9.09651, 45.460323], [9.0964854, 45.4603063], [9.0964677, 45.4602859], [9.0964577, 45.4602629], [9.0964563, 45.460239]], [[9.0971152, 45.4601284], [9.0971376, 45.4601166], [9.0971632, 45.4601089], [9.0971934, 45.4601056], [9.0972238, 45.460108], [9.0972522, 45.4601158], [9.0972768, 45.4601284]], [[9.09667, 45.4603241], [9.09664, 45.4603355], [9.0966068, 45.4603413]], [[9.0965958, 45.4601523], [9.0966295, 45.4601562], [9.0966607, 45.4601658]], [[9.0972768, 45.4601284], [9.0972959, 45.4601451], [9.0973082, 45.4601648], [9.0973128, 45.4601859], [9.0973094, 45.4602072], [9.0972982, 45.4602271], [9.0972801, 45.4602444]], [[9.0964635, 45.4602156], [9.0964789, 45.4601942], [9.0965014, 45.4601761], [9.0965296, 45.4601626], [9.0965617, 45.4601545], [9.0965958, 45.4601523]], [[9.0970854, 45.4601611], [9.0970975, 45.4601435], [9.0971152, 45.4601284]], [[9.0966607, 45.4601658], [9.096687, 45.4601803], [9.0967073, 45.4601987], [9.0967207, 45.4602202], [9.0967261, 45.4602432], [9.0967234, 45.4602665], [9.0967126, 45.4602886], [9.0966944, 45.4603082], [9.09667, 45.4603241]], [[9.0964563, 45.460239], [9.0964635, 45.4602156]], [[9.1157633, 45.4605195], [9.1156201, 45.4604844]], [[9.1090865, 45.4604868], [9.1089304, 45.4604598], [9.1078857, 45.4602564]], [[9.1012294, 45.4595592], [9.1015463, 45.4594773], [9.1016209, 45.4594404], [9.1016646, 45.4593983], [9.1016995, 45.4593429], [9.101734, 45.4592801], [9.101755, 45.4592242], [9.1017753, 45.4591725], [9.101799, 45.4591281]], [[9.1201228, 45.4614497], [9.1200069, 45.4614209], [9.1193938, 45.4612911], [9.1191298, 45.4612352], [9.118219, 45.4610424], [9.118024, 45.4609982], [9.1179159, 45.4609781]], [[9.1134987, 45.4602341], [9.1136641, 45.4602251], [9.1139382, 45.460212], [9.1143159, 45.4602209], [9.1145951, 45.4602515], [9.1147885, 45.4603083]], [[9.1040391, 45.459482], [9.1038795, 45.4594684], [9.1036602, 45.4594337], [9.103307, 45.4593836]], [[9.1019376, 45.4590422], [9.1023496, 45.4591183]], [[9.1021002, 45.4594394], [9.102025, 45.4593633], [9.1019658, 45.459299], [9.1019158, 45.4592316], [9.101853, 45.4591629], [9.101799, 45.4591281]], [[9.113196, 45.4602577], [9.1134987, 45.4602341]], [[9.1023496, 45.4591183], [9.1024816, 45.4591395], [9.1029793, 45.4592363]], [[9.1029793, 45.4592363], [9.1035751, 45.4593644], [9.1038945, 45.4594364], [9.1040391, 45.459482]], [[9.1023496, 45.4591183], [9.1023378, 45.4591977], [9.1023101, 45.4593141], [9.1022851, 45.4593987]], [[9.103307, 45.4593836], [9.1031279, 45.4593648]], [[9.1022851, 45.4593987], [9.1021002, 45.4594394]], [[9.1078857, 45.4602564], [9.1070532, 45.4600909], [9.1065871, 45.4599977], [9.1060926, 45.4598831], [9.1056046, 45.4597893], [9.1054307, 45.4597541]], [[9.1021002, 45.4594394], [9.1019745, 45.4594629], [9.1017969, 45.459496], [9.1015908, 45.4595292], [9.1013701, 45.4595536], [9.1012294, 45.4595592]], [[9.1054307, 45.4597541], [9.104982, 45.4596612], [9.1047338, 45.4596134], [9.1040391, 45.459482]], [[9.1031279, 45.4593648], [9.1028895, 45.4593476], [9.1027179, 45.4593437], [9.1025667, 45.4593513], [9.1024664, 45.4593647], [9.102383, 45.459379], [9.1022851, 45.4593987]], [[9.101799, 45.4591281], [9.101824, 45.4591019], [9.1018744, 45.4590688], [9.1019376, 45.4590422]], [[9.1113153, 45.4604447], [9.1111619, 45.460457], [9.1110873, 45.4604629], [9.1110738, 45.460464]], [[9.1121266, 45.4603853], [9.1116963, 45.4604157], [9.1114677, 45.4604336], [9.1113153, 45.4604447]], [[9.1110738, 45.460464], [9.1104422, 45.4605049], [9.110309, 45.4605135], [9.1101383, 45.4605234], [9.1100455, 45.4605294], [9.1098338, 45.4605416], [9.109738, 45.4605434], [9.1097182, 45.4605432], [9.1096196, 45.4605423], [9.1094121, 45.4605253], [9.1093512, 45.4605179], [9.1092309, 45.4605032], [9.1090865, 45.4604868]], [[9.116835, 45.460747], [9.1167892, 45.4607373], [9.1167745, 45.4607342], [9.116617, 45.460701], [9.1166105, 45.4606996], [9.1164451, 45.4606647]], [[9.1179159, 45.4609781], [9.1177243, 45.4609375], [9.1175232, 45.4608949], [9.116835, 45.460747]], [[9.1125457, 45.4603036], [9.112952, 45.4602744], [9.1130294, 45.4602693], [9.113196, 45.4602577]], [[9.1164451, 45.4606647], [9.1158849, 45.4605486], [9.1157633, 45.4605195]], [[9.1147885, 45.4603083], [9.1145341, 45.4603132], [9.1141115, 45.460302], [9.1136762, 45.4603095], [9.1135458, 45.460317], [9.1132574, 45.4603311], [9.1130408, 45.4603401], [9.1129171, 45.4603495], [9.1126011, 45.4603739], [9.112355, 45.4603932], [9.1121266, 45.4603853]], [[9.1147885, 45.4603083], [9.1148327, 45.4603164], [9.1148597, 45.4603212], [9.1155496, 45.4604675], [9.1156201, 45.4604844]], [[9.0905842, 45.4613198], [9.0900981, 45.4613135], [9.090055, 45.4613097], [9.0900079, 45.4613056]], [[9.1385143, 45.4635142], [9.1384315, 45.4635056], [9.1370829, 45.4633666], [9.1369734, 45.4633553]], [[9.1367588, 45.4633336], [9.1365327, 45.4633107]], [[9.1281512, 45.4630165], [9.1283748, 45.463016]], [[9.1281512, 45.4630165], [9.1280382, 45.4630214], [9.1279824, 45.4630238]], [[9.1293533, 45.4630192], [9.128861, 45.463017], [9.1287078, 45.4630163], [9.128495, 45.4630161], [9.1284629, 45.4630161], [9.1283748, 45.463016]], [[9.1369734, 45.4633553], [9.1367588, 45.4633336]], [[9.1203109, 45.4614918], [9.1201228, 45.4614497]], [[9.1302127, 45.4630289], [9.12948, 45.4630203], [9.1294522, 45.46302], [9.1293533, 45.4630192]], [[9.1269772, 45.4629099], [9.1266999, 45.4628511], [9.124953, 45.4624805], [9.1246149, 45.4624088], [9.1244052, 45.4623643], [9.1242171, 45.4623244], [9.1240617, 45.4622911]], [[9.1240617, 45.4622911], [9.1239175, 45.4622615], [9.1235721, 45.4621878], [9.1234027, 45.4621517], [9.1204144, 45.4615141], [9.1203109, 45.4614918]], [[9.13076, 45.4630313], [9.1303345, 45.4630299], [9.1302127, 45.4630289]], [[9.1275209, 45.4630136], [9.1273542, 45.4629869], [9.1271761, 45.4629505], [9.1269772, 45.4629099]], [[9.1275209, 45.4630136], [9.1276154, 45.4630239], [9.1277142, 45.4630254], [9.1278155, 45.4630243], [9.1279824, 45.4630238]], [[9.1336268, 45.4630572], [9.1335415, 45.4630566], [9.1334579, 45.4630554], [9.1334079, 45.4630551], [9.1333108, 45.4630545], [9.1327616, 45.4630509]], [[9.1321108, 45.4630442], [9.1320192, 45.4630426], [9.1312883, 45.4630366]], [[9.1312883, 45.4630366], [9.1310884, 45.4630346], [9.13076, 45.4630313]], [[9.1365327, 45.4633107], [9.1364555, 45.4633021], [9.1358377, 45.4632414], [9.135711, 45.463229], [9.1356194, 45.4632195], [9.135043, 45.4631634]], [[9.135043, 45.4631634], [9.1350053, 45.4631595], [9.1349852, 45.4631574], [9.1348754, 45.4631471], [9.1342551, 45.463086]], [[9.1327616, 45.4630509], [9.1325382, 45.4630483], [9.1324201, 45.463047], [9.1322621, 45.4630452], [9.132158, 45.463044], [9.1321108, 45.4630442]], [[9.1342551, 45.463086], [9.1339977, 45.4630661], [9.1338525, 45.4630601], [9.1337626, 45.463059], [9.1336268, 45.4630572]], [[9.1399003, 45.4636442], [9.1398626, 45.4636446], [9.1397655, 45.4636457], [9.1385143, 45.4635142]]]}}, {"type": "Feature", "properties": {"id": "SS-MIL-4543", "nome": "Via delle Gardenie", "quartiere": "", "classificazione": "giallo", "score": 3, "note": "strada urbana senza ciclabile", "ciclabile": "no", "n_corsie": "2", "senso_unico": "si", "n_testimonianze": "0", "zona": "B1"}, "geometry": {"type": "LineString", "coordinates": [[9.130905, 45.4548973], [9.1309674, 45.4547941], [9.1313946, 45.4540481], [9.1314748, 45.4539082], [9.131532, 45.4538084], [9.1316762, 45.4535566], [9.1317216, 45.4534792]]}}, {"type": "Feature", "properties": {"id": "SS-MIL-4544", "nome": "Via delle Genziane", "quartiere": "", "classificazione": "giallo", "score": 3, "note": "strada urbana senza ciclabile", "ciclabile": "no", "n_corsie": "2", "senso_unico": "si", "n_testimonianze": "0", "zona": "B1"}, "geometry": {"type": "MultiLineString", "coordinates": [[[9.1282544, 45.4534601], [9.1282008, 45.4534447], [9.128178, 45.4534381], [9.1274259, 45.4532224], [9.12679, 45.4530399], [9.1267588, 45.4530309], [9.1267196, 45.4530197]], [[9.1267196, 45.4530197], [9.1266443, 45.4529979], [9.1264431, 45.4529398], [9.1259391, 45.4527942], [9.1252074, 45.452584], [9.1251135, 45.452557], [9.1250554, 45.4525411]]]}}, {"type": "Feature", "properties": {"id": "SS-MIL-4545", "nome": "Via delle Ginestre", "quartiere": "", "classificazione": "giallo", "score": 3, "note": "strada urbana senza ciclabile", "ciclabile": "no", "n_corsie": "2", "senso_unico": "no", "n_testimonianze": "0", "zona": "B1"}, "geometry": {"type": "LineString", "coordinates": [[9.0865098, 45.4402787], [9.0864243, 45.4402416], [9.0858712, 45.4400013], [9.0852987, 45.4397597], [9.0852625, 45.4397454], [9.0851749, 45.4397116]]}}, {"type": "Feature", "properties": {"id": "SS-MIL-4548", "nome": "Via delle Magnolie", "quartiere": "", "classificazione": "giallo", "score": 3, "note": "strada urbana senza ciclabile", "ciclabile": "no", "n_corsie": "2", "senso_unico": "no", "n_testimonianze": "0", "zona": "B1"}, "geometry": {"type": "LineString", "coordinates": [[9.0922675, 45.4394774], [9.0922381, 45.4395319], [9.0921892, 45.4396226], [9.0918522, 45.4402473], [9.0916385, 45.4405599], [9.091348, 45.4409455], [9.0912141, 45.4411244], [9.0911031, 45.4412674], [9.0910604, 45.4413263]]}}, {"type": "Feature", "properties": {"id": "SS-MIL-4549", "nome": "Via delle Margherite", "quartiere": "", "classificazione": "giallo", "score": 3, "note": "strada urbana senza ciclabile", "ciclabile": "no", "n_corsie": "2", "senso_unico": "si", "n_testimonianze": "0", "zona": "B1"}, "geometry": {"type": "MultiLineString", "coordinates": [[[9.1241795, 45.4552968], [9.1242541, 45.4553045], [9.1243218, 45.4553069], [9.1243736, 45.4553026], [9.1246575, 45.4552788], [9.1256676, 45.4551942]], [[9.1241795, 45.4552968], [9.1237698, 45.4551904], [9.123727, 45.4551788], [9.1236807, 45.4551673]], [[9.1256676, 45.4551942], [9.1258052, 45.4551824], [9.1271149, 45.4550742], [9.1273206, 45.4550571], [9.1273704, 45.4550427]]]}}, {"type": "Feature", "properties": {"id": "SS-MIL-4550", "nome": "Via delle Mimose", "quartiere": "", "classificazione": "giallo", "score": 3, "note": "strada urbana senza ciclabile", "ciclabile": "no", "n_corsie": "2", "senso_unico": "si", "n_testimonianze": "0", "zona": "B1"}, "geometry": {"type": "MultiLineString", "coordinates": [[[9.1273704, 45.4550427], [9.1274134, 45.4550222], [9.1274413, 45.454994], [9.1275196, 45.4548416], [9.1280663, 45.4538119], [9.1282322, 45.4534975], [9.1282544, 45.4534601]], [[9.1282544, 45.4534601], [9.1286603, 45.4527066], [9.1286862, 45.4526686], [9.1287131, 45.4526449]]]}}, {"type": "Feature", "properties": {"id": "SS-MIL-4551", "nome": "Via delle Orchidee", "quartiere": "", "classificazione": "giallo", "score": 3, "note": "strada urbana senza ciclabile", "ciclabile": "no", "n_corsie": "2", "senso_unico": "si", "n_testimonianze": "0", "zona": "B1"}, "geometry": {"type": "MultiLineString", "coordinates": [[[9.1313529, 45.4565467], [9.1312511, 45.4565036], [9.1307434, 45.4563533], [9.1306284, 45.4563234], [9.1305433, 45.4563143], [9.1304933, 45.4563154], [9.1304763, 45.4563174], [9.1304557, 45.4563198]], [[9.1304557, 45.4563198], [9.1301245, 45.4563888], [9.130079, 45.4563919], [9.1300326, 45.4563924], [9.1299748, 45.4563893], [9.1299685, 45.4563885], [9.1299629, 45.4563873], [9.1299188, 45.4563797], [9.1290787, 45.456128], [9.1280575, 45.455822], [9.1279665, 45.4557943]]]}}, {"type": "Feature", "properties": {"id": "SS-MIL-4554", "nome": "Via delle Ortensie", "quartiere": "", "classificazione": "giallo", "score": 3, "note": "strada urbana senza ciclabile", "ciclabile": "no", "n_corsie": "2", "senso_unico": "no", "n_testimonianze": "0", "zona": "B1"}, "geometry": {"type": "MultiLineString", "coordinates": [[[9.1319273, 45.451452], [9.1318764, 45.4514373], [9.1313008, 45.4512708], [9.1312298, 45.4512503]], [[9.1315705, 45.4520626], [9.131437, 45.4522872], [9.1314072, 45.4523374]], [[9.1317808, 45.4517011], [9.1317329, 45.4516873], [9.1310835, 45.4514995]], [[9.1316358, 45.4519507], [9.1309373, 45.4517488]], [[9.1319273, 45.451452], [9.1319107, 45.4514802], [9.1318017, 45.4516655], [9.1317808, 45.4517011]], [[9.1317103, 45.4518243], [9.1316358, 45.4519507]], [[9.1316358, 45.4519507], [9.1315705, 45.4520626]], [[9.1317808, 45.4517011], [9.1317654, 45.451728], [9.1317103, 45.4518243]], [[9.1320787, 45.4512025], [9.1320533, 45.4512444], [9.1319509, 45.4514131], [9.1319273, 45.451452]], [[9.1324012, 45.4506507], [9.1323799, 45.4506879], [9.1323669, 45.4507107], [9.1320787, 45.4512025]]]}}, {"type": "Feature", "properties": {"id": "SS-MIL-4560", "nome": "Via delle Tuberose", "quartiere": "", "classificazione": "giallo", "score": 3, "note": "strada urbana senza ciclabile", "ciclabile": "no", "n_corsie": "2", "senso_unico": "no", "n_testimonianze": "0", "zona": "B1"}, "geometry": {"type": "MultiLineString", "coordinates": [[[9.1348254, 45.4582089], [9.1346613, 45.4581663], [9.134649, 45.4581639], [9.1340073, 45.4579974]], [[9.1362583, 45.4585746], [9.1361588, 45.4585578], [9.136097, 45.4585474], [9.1360556, 45.4585378], [9.1348254, 45.4582089]], [[9.1366291, 45.4586131], [9.1363381, 45.4585784], [9.1362583, 45.4585746]], [[9.1374203, 45.4587091], [9.1368689, 45.4586443]], [[9.1368689, 45.4586443], [9.1367184, 45.4587305], [9.1366937, 45.4587446], [9.1366298, 45.4587812]], [[9.1382789, 45.4588192], [9.1381793, 45.4588064], [9.1374966, 45.4587189], [9.1374203, 45.4587091]], [[9.1368689, 45.4586443], [9.1367184, 45.4586269], [9.1366929, 45.4586214], [9.1366291, 45.4586131]]]}}, {"type": "Feature", "properties": {"id": "SS-MIL-4561", "nome": "Via delle Viole", "quartiere": "", "classificazione": "giallo", "score": 3, "note": "strada urbana senza ciclabile", "ciclabile": "no", "n_corsie": "2", "senso_unico": "no", "n_testimonianze": "0", "zona": "B1"}, "geometry": {"type": "MultiLineString", "coordinates": [[[9.1309373, 45.4517488], [9.1307442, 45.452079], [9.1307104, 45.4521352]], [[9.1312298, 45.4512503], [9.13115, 45.4513863]], [[9.1310835, 45.4514995], [9.1309373, 45.4517488]], [[9.13115, 45.4513863], [9.1311321, 45.4514167], [9.1310835, 45.4514995]], [[9.1317007, 45.4504482], [9.1316794, 45.4504844], [9.1316656, 45.450508], [9.1312533, 45.4512114], [9.1312298, 45.4512503]]]}}, {"type": "Feature", "properties": {"id": "SS-MIL-4562", "nome": "Via dello Storno", "quartiere": "", "classificazione": "giallo", "score": 3, "note": "strada urbana senza ciclabile", "ciclabile": "no", "n_corsie": "2", "senso_unico": "si", "n_testimonianze": "0", "zona": "B1"}, "geometry": {"type": "MultiLineString", "coordinates": [[[9.1253354, 45.4486274], [9.1253061, 45.44869], [9.1252872, 45.4487252], [9.1251766, 45.4489321], [9.1245792, 45.45005], [9.1243736, 45.4504354], [9.1243472, 45.450484]], [[9.1243472, 45.450484], [9.1242875, 45.4505955]], [[9.1231221, 45.452848], [9.1230552, 45.4529747], [9.1221963, 45.4546229], [9.1221661, 45.4546844]], [[9.1242875, 45.4505955], [9.124257, 45.4506516], [9.1241498, 45.4508592], [9.1237509, 45.4516265], [9.1232691, 45.4525533], [9.1231795, 45.4527284], [9.1231548, 45.4527799], [9.1231221, 45.452848]]]}}, {"type": "Feature", "properties": {"id": "SS-MIL-4568", "nome": "Via passo di Fargorida", "quartiere": "", "classificazione": "giallo", "score": 3, "note": "strada urbana senza ciclabile", "ciclabile": "no", "n_corsie": "2", "senso_unico": "si", "n_testimonianze": "0", "zona": "B1"}, "geometry": {"type": "LineString", "coordinates": [[9.1243386, 45.4727698], [9.1242626, 45.4727017], [9.1241696, 45.4726184], [9.1231681, 45.4717396], [9.1231523, 45.47172], [9.1231477, 45.4717161], [9.1231438, 45.4717074], [9.1231405, 45.4716942], [9.1231402, 45.4716806], [9.1231434, 45.4716624], [9.1231482, 45.4716492], [9.1231602, 45.4716331], [9.1231835, 45.4716116], [9.1243432, 45.4707426], [9.1244123, 45.4706921]]}}, {"type": "Feature", "properties": {"id": "SS-MIL-4569", "nome": "Via per Cesano Boscone", "quartiere": "", "classificazione": "giallo", "score": 3, "note": "strada urbana senza ciclabile", "ciclabile": "no", "n_corsie": "2", "senso_unico": "si", "n_testimonianze": "0", "zona": "B1"}, "geometry": {"type": "MultiLineString", "coordinates": [[[9.1007118, 45.4373223], [9.1007544, 45.4371995], [9.1007697, 45.4371332], [9.1007636, 45.4370707], [9.1007592, 45.4370604], [9.1007392, 45.4370133]], [[9.1060472, 45.4365609], [9.106114, 45.4364087], [9.1064993, 45.4358003], [9.106521, 45.4357659], [9.1055496, 45.4355331], [9.1053207, 45.4354988], [9.1046037, 45.4354883], [9.1041569, 45.4354818], [9.1039402, 45.4354932], [9.1038485, 45.4355088], [9.1037696, 45.4355366], [9.1035655, 45.43563], [9.1033738, 45.4357309], [9.102971, 45.4359202], [9.102725, 45.4360095], [9.1020619, 45.4362124], [9.1017349, 45.4363128], [9.101454, 45.4363632], [9.1013961, 45.4363965]], [[9.1010198, 45.4370711], [9.1008638, 45.4371751], [9.1007118, 45.4373223]], [[9.1005494, 45.4375673], [9.1007118, 45.4373223]], [[9.1003075, 45.4379195], [9.1005494, 45.4375673]]]}}, {"type": "Feature", "properties": {"id": "SS-MIL-4572", "nome": "Via privata Alessandro Scanini", "quartiere": "", "classificazione": "giallo", "score": 3, "note": "strada urbana senza ciclabile", "ciclabile": "no", "n_corsie": "2", "senso_unico": "si", "n_testimonianze": "0", "zona": "B1"}, "geometry": {"type": "MultiLineString", "coordinates": [[[9.090992, 45.4657604], [9.0910277, 45.465835], [9.0912525, 45.4662544], [9.0912732, 45.4662928]], [[9.0907956, 45.4682922], [9.0908225, 45.468347], [9.0908448, 45.4683981], [9.09085, 45.4684433], [9.0908405, 45.4684785], [9.0904085, 45.4694449], [9.0903855, 45.469494]], [[9.0903855, 45.469494], [9.0901533, 45.470037]], [[9.0901533, 45.470037], [9.089999, 45.469997], [9.0899164, 45.4699578], [9.0898555, 45.469895], [9.0897277, 45.4696831]], [[9.0910657, 45.4671552], [9.0909963, 45.4674377], [9.0909593, 45.4675894]], [[9.0912732, 45.4662928], [9.091135, 45.4668846], [9.0911277, 45.4669158]], [[9.0911277, 45.4669158], [9.0910657, 45.4671552]], [[9.0909593, 45.4675894], [9.0907983, 45.4682457], [9.0907956, 45.4682922]], [[9.0897277, 45.4696831], [9.0896512, 45.4695152], [9.089604, 45.4693999]]]}}, {"type": "Feature", "properties": {"id": "SS-MIL-4590", "nome": "Via privata Armida Barelli", "quartiere": "", "classificazione": "giallo", "score": 3, "note": "strada urbana senza ciclabile", "ciclabile": "no", "n_corsie": "2", "senso_unico": "si", "n_testimonianze": "0", "zona": "B1"}, "geometry": {"type": "LineString", "coordinates": [[9.1320597, 45.4709168], [9.1320086, 45.4708827], [9.1319819, 45.4708648], [9.1312065, 45.4703585], [9.1311404, 45.47031]]}}, {"type": "Feature", "properties": {"id": "SS-MIL-4592", "nome": "Via privata Arosio", "quartiere": "", "classificazione": "giallo", "score": 3, "note": "strada urbana senza ciclabile", "ciclabile": "no", "n_corsie": "2", "senso_unico": "si", "n_testimonianze": "0", "zona": "B1"}, "geometry": {"type": "MultiLineString", "coordinates": [[[9.1256836, 45.474035], [9.1257779, 45.4740549], [9.1258756, 45.4740803], [9.1259505, 45.4740645], [9.1260468, 45.4740381]], [[9.1256836, 45.474035], [9.1252881, 45.4737782]], [[9.1257656, 45.4742413], [9.1257522, 45.4741583], [9.1257299, 45.4741031], [9.1256836, 45.474035]], [[9.1252881, 45.4737782], [9.1251689, 45.4736997], [9.1247625, 45.4734319], [9.1243583, 45.4731656], [9.1242826, 45.4731158], [9.1242424, 45.4730893]]]}}, {"type": "Feature", "properties": {"id": "SS-MIL-4593", "nome": "Via privata Arpino", "quartiere": "", "classificazione": "giallo", "score": 3, "note": "strada urbana senza ciclabile", "ciclabile": "no", "n_corsie": "2", "senso_unico": "no", "n_testimonianze": "0", "zona": "B1"}, "geometry": {"type": "LineString", "coordinates": [[9.0892029, 45.476759], [9.089313, 45.4767994], [9.0893732, 45.4768218], [9.0893874, 45.4768256], [9.0906884, 45.4771759], [9.0907658, 45.4772041]]}}, {"type": "Feature", "properties": {"id": "SS-MIL-4596", "nome": "Via privata Asti", "quartiere": "", "classificazione": "giallo", "score": 3, "note": "strada urbana senza ciclabile", "ciclabile": "no", "n_corsie": "2", "senso_unico": "no", "n_testimonianze": "0", "zona": "B1"}, "geometry": {"type": "LineString", "coordinates": [[9.1525492, 45.4662349], [9.1533941, 45.4666078], [9.1542018, 45.4665544], [9.1542462, 45.4665507], [9.1542934, 45.4665467]]}}, {"type": "Feature", "properties": {"id": "SS-MIL-4598", "nome": "Via privata Attilio e Teresa Cassoni", "quartiere": "", "classificazione": "blu", "score": 2, "note": "accesso limitato (ZTL)", "ciclabile": "no", "n_corsie": "1", "senso_unico": "no", "n_testimonianze": "0", "zona": "B1"}, "geometry": {"type": "LineString", "coordinates": [[9.157124, 45.4410031], [9.1570989, 45.4410487], [9.157075, 45.441098], [9.1567292, 45.4417677], [9.1563802, 45.4424439], [9.1563723, 45.4424608], [9.156314, 45.4425746]]}}, {"type": "Feature", "properties": {"id": "SS-MIL-4605", "nome": "Via privata Bernabò Visconti", "quartiere": "", "classificazione": "giallo", "score": 3, "note": "strada urbana senza ciclabile", "ciclabile": "no", "n_corsie": "2", "senso_unico": "no", "n_testimonianze": "0", "zona": "B1"}, "geometry": {"type": "MultiLineString", "coordinates": [[[9.1146937, 45.4738308], [9.1145959, 45.4738468], [9.1141297, 45.4738049]], [[9.1157584, 45.474727], [9.1157284, 45.4747017], [9.1156977, 45.4746758], [9.1146937, 45.4738308]]]}}, {"type": "Feature", "properties": {"id": "SS-MIL-4618", "nome": "Via privata Celio", "quartiere": "", "classificazione": "giallo", "score": 3, "note": "strada urbana senza ciclabile", "ciclabile": "no", "n_corsie": "2", "senso_unico": "si", "n_testimonianze": "0", "zona": "B1"}, "geometry": {"type": "LineString", "coordinates": [[9.1299895, 45.4681906], [9.1298874, 45.4683265], [9.1296934, 45.4684842], [9.1289213, 45.4691119], [9.1284429, 45.4695068], [9.1284073, 45.4695361], [9.1283916, 45.4695679], [9.1283818, 45.4696043]]}}, {"type": "Feature", "properties": {"id": "SS-MIL-4626", "nome": "Via privata Claudiano", "quartiere": "", "classificazione": "giallo", "score": 3, "note": "strada urbana senza ciclabile", "ciclabile": "no", "n_corsie": "2", "senso_unico": "no", "n_testimonianze": "0", "zona": "B1"}, "geometry": {"type": "MultiLineString", "coordinates": [[[9.1527979, 45.4746659], [9.1524205, 45.4749631], [9.1524028, 45.4749765], [9.1523406, 45.4750235]], [[9.1538017, 45.4746394], [9.1537124, 45.4746421], [9.1527979, 45.4746659]]]}}, {"type": "Feature", "properties": {"id": "SS-MIL-4647", "nome": "Via privata Fratelli Ciani", "quartiere": "", "classificazione": "giallo", "score": 3, "note": "strada urbana senza ciclabile", "ciclabile": "no", "n_corsie": "2", "senso_unico": "no", "n_testimonianze": "0", "zona": "B1"}, "geometry": {"type": "LineString", "coordinates": [[9.1455483, 45.4429983], [9.1454944, 45.4429833], [9.1454584, 45.4429732], [9.1443349, 45.4426662], [9.1442673, 45.4426467]]}}, {"type": "Feature", "properties": {"id": "SS-MIL-4649", "nome": "Via privata Fratelli Lorenzetti", "quartiere": "", "classificazione": "giallo", "score": 3, "note": "strada urbana senza ciclabile (1 corsie)", "ciclabile": "no", "n_corsie": "1", "senso_unico": "si", "n_testimonianze": "0", "zona": "B1"}, "geometry": {"type": "LineString", "coordinates": [[9.1416077, 45.46488], [9.1416154, 45.4649948], [9.1416534, 45.465522], [9.1416421, 45.4655553]]}}, {"type": "Feature", "properties": {"id": "SS-MIL-4650", "nome": "Via privata Fratelli Piazza", "quartiere": "", "classificazione": "giallo", "score": 3, "note": "strada urbana senza ciclabile", "ciclabile": "no", "n_corsie": "2", "senso_unico": "no", "n_testimonianze": "0", "zona": "B1"}, "geometry": {"type": "LineString", "coordinates": [[9.0932291, 45.4623889], [9.0945774, 45.4627993]]}}, {"type": "Feature", "properties": {"id": "SS-MIL-4651", "nome": "Via privata Gabriele Camozzi", "quartiere": "", "classificazione": "giallo", "score": 3, "note": "strada urbana senza ciclabile", "ciclabile": "no", "n_corsie": "2", "senso_unico": "no", "n_testimonianze": "0", "zona": "B1"}, "geometry": {"type": "MultiLineString", "coordinates": [[[9.0945946, 45.4620683], [9.0946185, 45.4620305], [9.0947324, 45.4618501], [9.094757, 45.4618187], [9.0948698, 45.4610627]], [[9.0965964, 45.4612879], [9.096631, 45.4611818], [9.0966308, 45.4611771], [9.0966322, 45.4611727], [9.0966385, 45.4611598], [9.0967298, 45.4609266]], [[9.096086, 45.4624891], [9.0961493, 45.4624053], [9.0962838, 45.4620717], [9.0963026, 45.462025], [9.0963872, 45.4618139], [9.0965551, 45.4613912], [9.0965964, 45.4612879]], [[9.0936221, 45.4617714], [9.0937005, 45.461795], [9.0941166, 45.4619224], [9.0945946, 45.4620683]], [[9.0945946, 45.4620683], [9.09537, 45.4623]], [[9.09537, 45.4623], [9.0958897, 45.4624486], [9.096086, 45.4624891]]]}}, {"type": "Feature", "properties": {"id": "SS-MIL-4658", "nome": "Via privata Gerolamo Avogadro", "quartiere": "", "classificazione": "giallo", "score": 3, "note": "strada urbana senza ciclabile", "ciclabile": "no", "n_corsie": "2", "senso_unico": "no", "n_testimonianze": "0", "zona": "B1"}, "geometry": {"type": "LineString", "coordinates": [[9.1451447, 45.4437239], [9.1450913, 45.443706], [9.1440281, 45.4433498], [9.1438356, 45.4432853], [9.1437702, 45.4432643]]}}, {"type": "Feature", "properties": {"id": "SS-MIL-4659", "nome": "Via privata Giacomo Favretto", "quartiere": "", "classificazione": "giallo", "score": 3, "note": "strada urbana senza ciclabile", "ciclabile": "no", "n_corsie": "2", "senso_unico": "si", "n_testimonianze": "0", "zona": "B1"}, "geometry": {"type": "LineString", "coordinates": [[9.1513451, 45.4577322], [9.1514355, 45.4577287], [9.1530039, 45.4576915], [9.1530371, 45.4576913], [9.153097, 45.4576909]]}}, {"type": "Feature", "properties": {"id": "SS-MIL-4663", "nome": "Via privata Gianicolo", "quartiere": "", "classificazione": "giallo", "score": 3, "note": "strada urbana senza ciclabile", "ciclabile": "no", "n_corsie": "2", "senso_unico": "no", "n_testimonianze": "0", "zona": "B1"}, "geometry": {"type": "LineString", "coordinates": [[9.1316641, 45.4683526], [9.1315511, 45.4684381], [9.1307278, 45.4690613], [9.1293429, 45.4701097]]}}, {"type": "Feature", "properties": {"id": "SS-MIL-4678", "nome": "Via privata Giuseppe Padulli", "quartiere": "", "classificazione": "giallo", "score": 3, "note": "strada urbana senza ciclabile (2 corsie)", "ciclabile": "no", "n_corsie": "2", "senso_unico": "no", "n_testimonianze": "0", "zona": "B1"}, "geometry": {"type": "MultiLineString", "coordinates": [[[9.135043, 45.4631634], [9.135049, 45.4632224], [9.1350517, 45.4632551], [9.1351157, 45.4638802]], [[9.1351157, 45.4638802], [9.1351282, 45.4640358], [9.1351665, 45.4645142], [9.1352079, 45.465031], [9.1352109, 45.465098], [9.1352127, 45.4651299]]]}}, {"type": "Feature", "properties": {"id": "SS-MIL-4689", "nome": "Via privata Leto Pomponio", "quartiere": "", "classificazione": "giallo", "score": 3, "note": "strada urbana senza ciclabile", "ciclabile": "no", "n_corsie": "2", "senso_unico": "no", "n_testimonianze": "0", "zona": "B1"}, "geometry": {"type": "LineString", "coordinates": [[9.1518409, 45.459946], [9.1518379, 45.4598775], [9.1517998, 45.4591138], [9.1517998, 45.4590454], [9.1517998, 45.4589892]]}}, {"type": "Feature", "properties": {"id": "SS-MIL-4691", "nome": "Via privata Linda Malnati", "quartiere": "", "classificazione": "giallo", "score": 3, "note": "strada urbana senza ciclabile", "ciclabile": "no", "n_corsie": "2", "senso_unico": "si", "n_testimonianze": "0", "zona": "B1"}, "geometry": {"type": "LineString", "coordinates": [[9.1319618, 45.469689], [9.1320102, 45.4697187], [9.1328257, 45.4702497], [9.1328778, 45.4702862]]}}, {"type": "Feature", "properties": {"id": "SS-MIL-4693", "nome": "Via privata Lodovico Pogliaghi", "quartiere": "", "classificazione": "giallo", "score": 3, "note": "strada urbana senza ciclabile", "ciclabile": "no", "n_corsie": "2", "senso_unico": "no", "n_testimonianze": "0", "zona": "B1"}, "geometry": {"type": "LineString", "coordinates": [[9.1444407, 45.4479287], [9.1443698, 45.4479069], [9.1440533, 45.4478062], [9.143915, 45.4477625], [9.1433427, 45.4475735]]}}, {"type": "Feature", "properties": {"id": "SS-MIL-4705", "nome": "Via privata Metauro", "quartiere": "", "classificazione": "giallo", "score": 3, "note": "strada urbana senza ciclabile", "ciclabile": "no", "n_corsie": "2", "senso_unico": "si", "n_testimonianze": "0", "zona": "B1"}, "geometry": {"type": "LineString", "coordinates": [[9.1499625, 45.4511649], [9.1499349, 45.4512087], [9.1490375, 45.4525885], [9.1489941, 45.452655]]}}, {"type": "Feature", "properties": {"id": "SS-MIL-4706", "nome": "Via privata Michele Faraday", "quartiere": "", "classificazione": "giallo", "score": 3, "note": "strada urbana senza ciclabile", "ciclabile": "no", "n_corsie": "2", "senso_unico": "si", "n_testimonianze": "0", "zona": "B1"}, "geometry": {"type": "MultiLineString", "coordinates": [[[9.1458875, 45.4423853], [9.145842, 45.4424684], [9.1455483, 45.4429983]], [[9.1455483, 45.4429983], [9.1453405, 45.4433718]], [[9.1453405, 45.4433718], [9.1451447, 45.4437239]], [[9.1451447, 45.4437239], [9.1450175, 45.4439521], [9.1448908, 45.4441795], [9.1447401, 45.44445], [9.144355, 45.445143], [9.1443447, 45.4451617], [9.1443272, 45.4451935], [9.1443213, 45.4452043]]]}}, {"type": "Feature", "properties": {"id": "SS-MIL-4708", "nome": "Via privata Moncalvo", "quartiere": "", "classificazione": "giallo", "score": 3, "note": "strada urbana senza ciclabile", "ciclabile": "no", "n_corsie": "2", "senso_unico": "si", "n_testimonianze": "0", "zona": "B1"}, "geometry": {"type": "MultiLineString", "coordinates": [[[9.1417668, 45.4642733], [9.1418126, 45.4642268], [9.1418487, 45.4641507]], [[9.1423021, 45.4632171], [9.1423436, 45.4631376], [9.1424029, 45.4630299], [9.142487, 45.462885]], [[9.1427047, 45.462519], [9.1428968, 45.4621482]], [[9.142487, 45.462885], [9.1427047, 45.462519]], [[9.142176, 45.4634783], [9.1423021, 45.4632171]], [[9.1418487, 45.4641507], [9.142176, 45.4634783]], [[9.1428968, 45.4621482], [9.1432082, 45.4616666], [9.1432276, 45.4616378], [9.1432535, 45.4615979]]]}}, {"type": "Feature", "properties": {"id": "SS-MIL-4716", "nome": "Via privata Nicolò Alunno", "quartiere": "", "classificazione": "giallo", "score": 3, "note": "strada urbana senza ciclabile (1 corsie)", "ciclabile": "no", "n_corsie": "1", "senso_unico": "si", "n_testimonianze": "0", "zona": "B1"}, "geometry": {"type": "LineString", "coordinates": [[9.1342551, 45.463086], [9.1342535, 45.4631637], [9.1342618, 45.4633593], [9.134358, 45.4650641], [9.1343697, 45.4651474], [9.1343733, 45.4651797]]}}, {"type": "Feature", "properties": {"id": "SS-MIL-4725", "nome": "Via privata Pandino", "quartiere": "", "classificazione": "blu", "score": 2, "note": "accesso limitato (ZTL)", "ciclabile": "no", "n_corsie": "1", "senso_unico": "no", "n_testimonianze": "0", "zona": "B1"}, "geometry": {"type": "LineString", "coordinates": [[9.1429614, 45.4442564], [9.1429027, 45.4442329], [9.1428812, 45.4442242], [9.1428734, 45.4442212], [9.1415726, 45.4437152]]}}, {"type": "Feature", "properties": {"id": "SS-MIL-4732", "nome": "Via privata Parenzo", "quartiere": "", "classificazione": "giallo", "score": 3, "note": "strada urbana senza ciclabile", "ciclabile": "no", "n_corsie": "2", "senso_unico": "si", "n_testimonianze": "0", "zona": "B1"}, "geometry": {"type": "MultiLineString", "coordinates": [[[9.1424623, 45.4390273], [9.1423746, 45.4391168], [9.1421841, 45.4393376], [9.1421061, 45.4394118], [9.1417424, 45.4397094]], [[9.1405045, 45.4415763], [9.1405639, 45.4415938], [9.140691, 45.4416312], [9.1413421, 45.4418279]], [[9.1407589, 45.4411667], [9.1408036, 45.4411001], [9.1413596, 45.4402304], [9.1415, 45.4400102], [9.1415717, 45.4399102], [9.1417424, 45.4397094]], [[9.1417424, 45.4397094], [9.1420346, 45.4393468], [9.1422683, 45.4390807], [9.1422951, 45.4390162], [9.1422955, 45.4389705]], [[9.1406815, 45.4425618], [9.1400746, 45.4423869], [9.1400613, 45.4423831], [9.1399996, 45.4423657]], [[9.1405045, 45.4415763], [9.1407589, 45.4411667]], [[9.1398092, 45.4426684], [9.139848, 45.4426043], [9.1399996, 45.4423657], [9.1400979, 45.4422124], [9.1402712, 45.4419399]], [[9.1402712, 45.4419399], [9.1405045, 45.4415763]], [[9.1413421, 45.4418279], [9.1419656, 45.4420128], [9.1419861, 45.4419706], [9.1420161, 45.4419187]], [[9.1413421, 45.4418279], [9.1413949, 45.4417409], [9.1420161, 45.4419187]], [[9.1394931, 45.4431699], [9.1397301, 45.4427938]], [[9.1397301, 45.4427938], [9.1398092, 45.4426684]]]}}, {"type": "Feature", "properties": {"id": "SS-MIL-4736", "nome": "Via privata Piero Martinetti", "quartiere": "", "classificazione": "giallo", "score": 3, "note": "strada urbana senza ciclabile (1 corsie)", "ciclabile": "no", "n_corsie": "1", "senso_unico": "si", "n_testimonianze": "0", "zona": "B1"}, "geometry": {"type": "MultiLineString", "coordinates": [[[9.1303972, 45.4674113], [9.1304393, 45.4673784], [9.1304632, 45.4673613], [9.1312697, 45.466766]], [[9.1336402, 45.4666431], [9.1336377, 45.4666011], [9.1336269, 45.4664198], [9.1336388, 45.4663878], [9.1336662, 45.4663741], [9.1337101, 45.4663684], [9.1347686, 45.4663256], [9.1358939, 45.46628]], [[9.1336402, 45.4666431], [9.1337787, 45.4666315], [9.1342492, 45.4666118], [9.1342914, 45.4666144], [9.1344053, 45.4666563], [9.1344463, 45.4666565]], [[9.1344463, 45.4666565], [9.135222, 45.466631]], [[9.1358939, 45.46628], [9.1361931, 45.4662597], [9.1367015, 45.4662337], [9.1367153, 45.466233], [9.1367556, 45.4662309]], [[9.1312697, 45.466766], [9.1313085, 45.4667442], [9.1313559, 45.4667373], [9.1315297, 45.4667312]], [[9.1315297, 45.4667312], [9.1315963, 45.4667273], [9.1325469, 45.4666852], [9.1335725, 45.4666473], [9.1336402, 45.4666431]]]}}, {"type": "Feature", "properties": {"id": "SS-MIL-4738", "nome": "Via privata Pietro Colla", "quartiere": "", "classificazione": "giallo", "score": 3, "note": "strada urbana senza ciclabile", "ciclabile": "no", "n_corsie": "2", "senso_unico": "si", "n_testimonianze": "0", "zona": "B1"}, "geometry": {"type": "MultiLineString", "coordinates": [[[9.0907956, 45.4682922], [9.090755, 45.4682904], [9.0893069, 45.4682249]], [[9.0893069, 45.4682249], [9.0892268, 45.4682215], [9.0883057, 45.4681734]]]}}, {"type": "Feature", "properties": {"id": "SS-MIL-4742", "nome": "Via privata Poggibonsi", "quartiere": "", "classificazione": "giallo", "score": 3, "note": "strada urbana senza ciclabile (2 corsie)", "ciclabile": "no", "n_corsie": "2", "senso_unico": "no", "n_testimonianze": "0", "zona": "B1"}, "geometry": {"type": "MultiLineString", "coordinates": [[[9.1396211, 45.4656319], [9.1396229, 45.4656852], [9.139686, 45.4666419], [9.1396738, 45.466682], [9.1396476, 45.4667096]], [[9.1395602, 45.464961], [9.1395667, 45.4650112], [9.1395708, 45.4650895], [9.1396172, 45.4655858], [9.1396211, 45.4656319]]]}}, {"type": "Feature", "properties": {"id": "SS-MIL-4745", "nome": "Via privata Postumia", "quartiere": "", "classificazione": "giallo", "score": 3, "note": "strada urbana senza ciclabile", "ciclabile": "no", "n_corsie": "2", "senso_unico": "si", "n_testimonianze": "0", "zona": "B1"}, "geometry": {"type": "MultiLineString", "coordinates": [[[9.1168376, 45.4711933], [9.1167451, 45.4712385], [9.1167071, 45.4712606], [9.1162405, 45.4715418], [9.1160813, 45.4717194], [9.1160683, 45.4717293], [9.1159997, 45.47177], [9.1148027, 45.472477], [9.1146891, 45.4725464]], [[9.1157015, 45.4732388], [9.1156265, 45.4731883], [9.1146891, 45.4725464]]]}}, {"type": "Feature", "properties": {"id": "SS-MIL-4747", "nome": "Via privata Preneste", "quartiere": "", "classificazione": "giallo", "score": 3, "note": "strada urbana senza ciclabile", "ciclabile": "no", "n_corsie": "2", "senso_unico": "si", "n_testimonianze": "0", "zona": "B1"}, "geometry": {"type": "MultiLineString", "coordinates": [[[9.1341856, 45.4722363], [9.1342592, 45.4733233], [9.1342614, 45.473402]], [[9.1340491, 45.4711525], [9.1340722, 45.4711681], [9.1340925, 45.4711884], [9.134119, 45.4712126], [9.1341209, 45.4712248], [9.1341207, 45.4712445], [9.1341231, 45.4712655], [9.1341856, 45.4722363]]]}}, {"type": "Feature", "properties": {"id": "SS-MIL-4748", "nome": "Via privata Procopio", "quartiere": "", "classificazione": "giallo", "score": 3, "note": "strada urbana senza ciclabile", "ciclabile": "no", "n_corsie": "2", "senso_unico": "si", "n_testimonianze": "0", "zona": "B1"}, "geometry": {"type": "LineString", "coordinates": [[9.153069, 45.456366], [9.1530995, 45.4563652], [9.154443, 45.4563398], [9.1544877, 45.4563452], [9.154638, 45.4563649]]}}, {"type": "Feature", "properties": {"id": "SS-MIL-4750", "nome": "Via privata Quarto Cagnino", "quartiere": "", "classificazione": "giallo", "score": 3, "note": "strada urbana senza ciclabile", "ciclabile": "no", "n_corsie": "2", "senso_unico": "no", "n_testimonianze": "0", "zona": "B1"}, "geometry": {"type": "MultiLineString", "coordinates": [[[9.1179018, 45.4719736], [9.117771, 45.4720531], [9.1157015, 45.4732388]], [[9.1157015, 45.4732388], [9.114719, 45.4738277], [9.1146937, 45.4738308]]]}}, {"type": "Feature", "properties": {"id": "SS-MIL-4759", "nome": "Via privata Riccardo Galli", "quartiere": "", "classificazione": "giallo", "score": 3, "note": "strada urbana senza ciclabile", "ciclabile": "no", "n_corsie": "2", "senso_unico": "si", "n_testimonianze": "0", "zona": "B1"}, "geometry": {"type": "MultiLineString", "coordinates": [[[9.1432352, 45.4813984], [9.1433117, 45.4813969], [9.1437675, 45.4813856], [9.1443662, 45.4813708]], [[9.1443662, 45.4813708], [9.1444236, 45.481364], [9.1444594, 45.4813567], [9.144485, 45.4813484], [9.1445077, 45.4813383], [9.1445615, 45.4812995], [9.1447243, 45.4811721], [9.144796, 45.4811164]]]}}, {"type": "Feature", "properties": {"id": "SS-MIL-4760", "nome": "Via privata Roane", "quartiere": "", "classificazione": "blu", "score": 2, "note": "accesso limitato (ZTL)", "ciclabile": "no", "n_corsie": "1", "senso_unico": "no", "n_testimonianze": "0", "zona": "B1"}, "geometry": {"type": "LineString", "coordinates": [[9.0859094, 45.4653571], [9.0859965, 45.4653777], [9.0860261, 45.4653847], [9.0867239, 45.4655499]]}}, {"type": "Feature", "properties": {"id": "SS-MIL-4765", "nome": "Via privata San Romanello", "quartiere": "", "classificazione": "giallo", "score": 3, "note": "strada urbana senza ciclabile", "ciclabile": "no", "n_corsie": "2", "senso_unico": "no", "n_testimonianze": "0", "zona": "B1"}, "geometry": {"type": "MultiLineString", "coordinates": [[[9.0891308, 45.4781502], [9.089129, 45.4782628], [9.0891185, 45.478363]], [[9.0891412, 45.4768648], [9.0891242, 45.4769256], [9.0891173, 45.4769826], [9.0891308, 45.4781502]], [[9.0891185, 45.478363], [9.0891189, 45.4784568], [9.0891286, 45.4787478], [9.0891285, 45.4787949], [9.0891282, 45.4790081], [9.0891268, 45.4798795], [9.0891233, 45.4821329], [9.089123, 45.4823385], [9.0891226, 45.4825345], [9.0891225, 45.4826117], [9.0891208, 45.4829976], [9.0891236, 45.4831147], [9.0891305, 45.4831563], [9.0891446, 45.483192]]]}}, {"type": "Feature", "properties": {"id": "SS-MIL-4768", "nome": "Via privata Santi Nabore e Felice", "quartiere": "", "classificazione": "giallo", "score": 3, "note": "strada urbana senza ciclabile", "ciclabile": "no", "n_corsie": "2", "senso_unico": "no", "n_testimonianze": "0", "zona": "B1"}, "geometry": {"type": "LineString", "coordinates": [[9.1290017, 45.4665026], [9.1290244, 45.4664728], [9.1290454, 45.4664454], [9.1290797, 45.4663812], [9.1295147, 45.4655304], [9.1295277, 45.4655008], [9.1295367, 45.4654764], [9.1295436, 45.4654301]]}}, {"type": "Feature", "properties": {"id": "SS-MIL-4769", "nome": "Via privata Saverio Griffini", "quartiere": "", "classificazione": "giallo", "score": 3, "note": "strada urbana senza ciclabile", "ciclabile": "no", "n_corsie": "2", "senso_unico": "no", "n_testimonianze": "0", "zona": "B1"}, "geometry": {"type": "LineString", "coordinates": [[9.1453405, 45.4433718], [9.1452875, 45.4433537], [9.1452521, 45.4433416], [9.1442437, 45.4429978], [9.1441052, 45.4429501], [9.1440384, 45.4429264]]}}, {"type": "Feature", "properties": {"id": "SS-MIL-4774", "nome": "Via privata Spinazzola", "quartiere": "", "classificazione": "giallo", "score": 3, "note": "strada urbana senza ciclabile", "ciclabile": "no", "n_corsie": "2", "senso_unico": "no", "n_testimonianze": "0", "zona": "B1"}, "geometry": {"type": "LineString", "coordinates": [[9.073834, 45.4536324], [9.0729349, 45.4544801]]}}, {"type": "Feature", "properties": {"id": "SS-MIL-4781", "nome": "Via privata Tracia", "quartiere": "", "classificazione": "giallo", "score": 3, "note": "strada urbana senza ciclabile", "ciclabile": "no", "n_corsie": "2", "senso_unico": "si", "n_testimonianze": "0", "zona": "B1"}, "geometry": {"type": "MultiLineString", "coordinates": [[[9.1358289, 45.4732086], [9.1357944, 45.473189], [9.1357684, 45.4731697], [9.1357475, 45.4731411], [9.13573, 45.4730963], [9.1356906, 45.4721995]], [[9.1356906, 45.4721995], [9.1356317, 45.4711638], [9.1356332, 45.4711376], [9.1356387, 45.4711157], [9.1356412, 45.4711029], [9.1356719, 45.4710749], [9.1356994, 45.4710558], [9.1357493, 45.4710213]]]}}, {"type": "Feature", "properties": {"id": "SS-MIL-4789", "nome": "Via privata Val Leventina", "quartiere": "", "classificazione": "giallo", "score": 3, "note": "strada urbana senza ciclabile", "ciclabile": "no", "n_corsie": "2", "senso_unico": "no", "n_testimonianze": "0", "zona": "B1"}, "geometry": {"type": "MultiLineString", "coordinates": [[[9.1383899, 45.4680201], [9.138326, 45.4680687], [9.1374429, 45.4681012], [9.1373525, 45.4681051]], [[9.1384508, 45.4674349], [9.1384511, 45.4674723], [9.1384513, 45.4674996], [9.1384555, 45.4679681], [9.1383899, 45.4680201]]]}}, {"type": "Feature", "properties": {"id": "SS-MIL-4790", "nome": "Via privata Val Morea", "quartiere": "", "classificazione": "giallo", "score": 3, "note": "strada urbana senza ciclabile", "ciclabile": "no", "n_corsie": "2", "senso_unico": "no", "n_testimonianze": "0", "zona": "B1"}, "geometry": {"type": "MultiLineString", "coordinates": [[[9.0861312, 45.4601493], [9.0856811, 45.4600001]], [[9.0856811, 45.4600001], [9.0849333, 45.4595793], [9.084496, 45.4594257]]]}}, {"type": "Feature", "properties": {"id": "SS-MIL-4793", "nome": "Via privata Valtravaglia", "quartiere": "", "classificazione": "giallo", "score": 3, "note": "strada urbana senza ciclabile", "ciclabile": "no", "n_corsie": "2", "senso_unico": "no", "n_testimonianze": "0", "zona": "B1"}, "geometry": {"type": "LineString", "coordinates": [[9.0844412, 45.4617033], [9.0844598, 45.4616707], [9.0844681, 45.4616587], [9.0851577, 45.4605807]]}}, {"type": "Feature", "properties": {"id": "SS-MIL-4805", "nome": "Via privata delle Primule", "quartiere": "", "classificazione": "giallo", "score": 3, "note": "strada urbana senza ciclabile", "ciclabile": "no", "n_corsie": "2", "senso_unico": "no", "n_testimonianze": "0", "zona": "B1"}, "geometry": {"type": "LineString", "coordinates": [[9.1389685, 45.4508181], [9.1389245, 45.4508882], [9.1381623, 45.4520964], [9.1381199, 45.4521663]]}}, {"type": "Feature", "properties": {"id": "SS-MIL-4811", "nome": "Viale Alessandro Volta", "quartiere": "", "classificazione": "giallo", "score": 3, "note": "strada urbana senza ciclabile", "ciclabile": "no", "n_corsie": "2", "senso_unico": "si", "n_testimonianze": "0", "zona": "B1"}, "geometry": {"type": "MultiLineString", "coordinates": [[[9.0428263, 45.4454168], [9.0428639, 45.4454419], [9.0428857, 45.4454707], [9.0428941, 45.4455028], [9.0428883, 45.4455351], [9.0428689, 45.4455648], [9.0428377, 45.4455889], [9.0427975, 45.4456054], [9.0427467, 45.4456127], [9.0426953, 45.4456077], [9.0426493, 45.4455909], [9.042614, 45.4455642], [9.0425935, 45.4455308], [9.0425901, 45.4454944], [9.0426043, 45.4454594], [9.0426345, 45.4454298], [9.042677, 45.4454089], [9.0427271, 45.4453993], [9.0427789, 45.4454021], [9.0428263, 45.4454168]], [[9.0428639, 45.4454419], [9.0433072, 45.4451977], [9.0451491, 45.4441415], [9.045554, 45.4436632], [9.0458242, 45.443344], [9.0461048, 45.4430127], [9.0467613, 45.4422535], [9.0469524, 45.4420325], [9.0470527, 45.4419165], [9.04717, 45.4417781], [9.0472953, 45.4416274], [9.048333, 45.4403801], [9.0491066, 45.4394501], [9.0500823, 45.4382772], [9.0505178, 45.4377536], [9.0505574, 45.437706], [9.0509281, 45.4372603]]]}}, {"type": "Feature", "properties": {"id": "SS-MIL-4814", "nome": "Viale Angelo Salmoiraghi", "quartiere": "", "classificazione": "verde", "score": 1, "note": "ciclabile presente (da OpenStreetMap)", "ciclabile": "si", "n_corsie": "2", "senso_unico": "si", "n_testimonianze": "0", "zona": "B1"}, "geometry": {"type": "MultiLineString", "coordinates": [[[9.1395663, 45.4847899], [9.1401542, 45.4844614]], [[9.1382263, 45.4855946], [9.1384553, 45.4854497]], [[9.1393604, 45.4849198], [9.1394683, 45.4848517], [9.1395663, 45.4847899]], [[9.1385378, 45.4855338], [9.1383033, 45.4856617]], [[9.1405511, 45.4843947], [9.140243, 45.4845703]], [[9.1410679, 45.4841117], [9.1405511, 45.4843947]], [[9.1404362, 45.4842956], [9.1410005, 45.4839733]], [[9.1384553, 45.4854497], [9.138489, 45.4854289], [9.1392808, 45.4849649], [9.1393604, 45.4849198]], [[9.1401542, 45.4844614], [9.1402025, 45.484433], [9.140381, 45.4843281], [9.1404362, 45.4842956]], [[9.1410005, 45.4839733], [9.1414817, 45.4837151]], [[9.1414817, 45.4837151], [9.1416787, 45.4836115]], [[9.1419692, 45.483717], [9.1416379, 45.4838604]], [[9.1416379, 45.4838604], [9.1410679, 45.4841117]], [[9.1416787, 45.4836115], [9.1417822, 45.4835621], [9.142104, 45.4834175], [9.1422009, 45.4833739]], [[9.140243, 45.4845703], [9.139582, 45.48495], [9.1394658, 45.4850167]], [[9.1394658, 45.4850167], [9.1393955, 45.4850586], [9.1393669, 45.4850756], [9.1391165, 45.485221], [9.1390229, 45.4852752], [9.1385748, 45.4855115], [9.1385655, 45.4855167], [9.1385378, 45.4855338]], [[9.1424553, 45.4835251], [9.1423663, 45.4835581], [9.1422648, 45.4835964], [9.1419692, 45.483717]]]}}, {"type": "Feature", "properties": {"id": "SS-MIL-4816", "nome": "Viale Aretusa", "quartiere": "", "classificazione": "giallo", "score": 3, "note": "strada urbana senza ciclabile", "ciclabile": "no", "n_corsie": "2", "senso_unico": "si", "n_testimonianze": "0", "zona": "B1"}, "geometry": {"type": "MultiLineString", "coordinates": [[[9.1371575, 45.465525], [9.1371764, 45.465725], [9.1371809, 45.4658095]], [[9.1370949, 45.4716361], [9.1371301, 45.4715718]], [[9.1369683, 45.4688813], [9.1371935, 45.4688756], [9.1372879, 45.4688732], [9.1373704, 45.4688706], [9.1374076, 45.4688695]], [[9.1374272, 45.4691815], [9.1371871, 45.4691884], [9.1370322, 45.4691928], [9.1369924, 45.4691936]], [[9.1374272, 45.4691815], [9.1374351, 45.4692606], [9.1375455, 45.4707017]], [[9.1372937, 45.4673872], [9.1372945, 45.4674025], [9.1372965, 45.4674414]], [[9.1369683, 45.4688813], [9.1369566, 45.4687612], [9.1369375, 45.4684291], [9.1369119, 45.468123]], [[9.1368393, 45.4674077], [9.1368376, 45.4673949], [9.1368311, 45.4673429]], [[9.1368461, 45.4674606], [9.1368422, 45.4674301], [9.1368409, 45.4674199], [9.1368393, 45.4674077]], [[9.1368311, 45.4673429], [9.1368284, 45.467303], [9.1368082, 45.4670157]], [[9.1369119, 45.468123], [9.1369107, 45.4681084], [9.1368817, 45.4677855], [9.1368685, 45.4676144], [9.136852, 45.4675141], [9.1368461, 45.4674606]], [[9.1373525, 45.4681051], [9.1373805, 45.4685001], [9.1374019, 45.4688025], [9.1374076, 45.4688695]], [[9.1367556, 45.4662309], [9.136727, 45.4658244]], [[9.13729, 45.4673238], [9.137293, 45.4673758], [9.1372937, 45.4673872]], [[9.1371809, 45.4658095], [9.1372109, 45.4661792], [9.137214, 45.4662172]], [[9.1372965, 45.4674414], [9.1372999, 45.4675031], [9.1373121, 45.467644], [9.137347, 45.4680492], [9.1373525, 45.4681051]], [[9.1374076, 45.4688695], [9.1374272, 45.4691815]], [[9.1369924, 45.4691936], [9.1369683, 45.4688813]], [[9.1370804, 45.4707295], [9.1369993, 45.4692736], [9.1369924, 45.4691936]], [[9.1375455, 45.4707017], [9.1376019, 45.4713825], [9.1376079, 45.471455], [9.1376401, 45.4715534]], [[9.1376401, 45.4715534], [9.1376478, 45.4715806], [9.137661, 45.4716206]], [[9.1371301, 45.4715718], [9.1371532, 45.4715287], [9.1371649, 45.4714917], [9.1371688, 45.4714458], [9.1371657, 45.4714125], [9.1371642, 45.4713982], [9.1370804, 45.4707295]], [[9.136727, 45.4658244], [9.1367136, 45.4657425], [9.1367067, 45.4656833], [9.13669, 45.4655398]], [[9.137214, 45.4662172], [9.1372286, 45.4664257], [9.1372685, 45.4669978]], [[9.1368082, 45.4670157], [9.1367697, 45.466441], [9.1367556, 45.4662309]], [[9.1372685, 45.4669978], [9.1372885, 45.4672846], [9.13729, 45.4673238]]]}}, {"type": "Feature", "properties": {"id": "SS-MIL-4821", "nome": "Viale Belisario", "quartiere": "", "classificazione": "giallo", "score": 3, "note": "strada urbana senza ciclabile", "ciclabile": "no", "n_corsie": "2", "senso_unico": "si", "n_testimonianze": "0", "zona": "B1"}, "geometry": {"type": "MultiLineString", "coordinates": [[[9.1574188, 45.4732973], [9.1574688, 45.4732962], [9.1583575, 45.4732729]], [[9.1583989, 45.4736825], [9.1574864, 45.4737006], [9.1574062, 45.4737018]], [[9.158356, 45.4734242], [9.1574754, 45.4734477], [9.157393, 45.4734498]], [[9.1586825, 45.4734185], [9.158356, 45.4734242]], [[9.159131, 45.4737247], [9.1589969, 45.4736933], [9.1588992, 45.4736705], [9.1583989, 45.4736825]], [[9.1583575, 45.4732729], [9.1593308, 45.4732522], [9.1594316, 45.4732545], [9.1595262, 45.4732889]]]}}, {"type": "Feature", "properties": {"id": "SS-MIL-4823", "nome": "Viale Berengario", "quartiere": "", "classificazione": "rosso", "score": 4, "note": "strada secondaria trafficata (2 corsie)", "ciclabile": "no", "n_corsie": "2", "senso_unico": "si", "n_testimonianze": "0", "zona": "B1"}, "geometry": {"type": "MultiLineString", "coordinates": [[[9.1514368, 45.4769649], [9.1513887, 45.4760543]], [[9.1518008, 45.4754476], [9.1517945, 45.475376], [9.151787, 45.4752608]], [[9.1514967, 45.4755518], [9.1515309, 45.4761891]], [[9.1513723, 45.4757447], [9.1513622, 45.4755546], [9.1513144, 45.4746502]], [[9.1513887, 45.4760543], [9.1513723, 45.4757447]], [[9.1513144, 45.4746502], [9.1513052, 45.4744757], [9.1513017, 45.4744093]], [[9.1514425, 45.474669], [9.1514494, 45.474795], [9.1514875, 45.475379]], [[9.1514281, 45.4742695], [9.1514369, 45.4744332], [9.1514388, 45.4744692], [9.1514425, 45.474669]], [[9.1514875, 45.475379], [9.1516022, 45.4754545]], [[9.1516022, 45.4754545], [9.151611, 45.4755838], [9.1516415, 45.4761312]], [[9.1516415, 45.4761312], [9.1516761, 45.4768269]], [[9.151787, 45.4752608], [9.1517639, 45.4748832]], [[9.1515309, 45.4761891], [9.1515723, 45.4769622]], [[9.1514875, 45.475379], [9.1514967, 45.4755518]]]}}, {"type": "Feature", "properties": {"id": "SS-MIL-4832", "nome": "Viale Carlo Troya", "quartiere": "", "classificazione": "rosso", "score": 4, "note": "strada principale trafficata (2 corsie)", "ciclabile": "no", "n_corsie": "2", "senso_unico": "si", "n_testimonianze": "0", "zona": "B1"}, "geometry": {"type": "MultiLineString", "coordinates": [[[9.1550705, 45.4512898], [9.1550248, 45.4513669], [9.154709, 45.4519016]], [[9.1541267, 45.4524299], [9.1541343, 45.452417], [9.15416, 45.4523737], [9.1542074, 45.452294], [9.1547911, 45.4513054], [9.1548312, 45.4512345], [9.1548392, 45.4512239]], [[9.1556809, 45.4503167], [9.1555321, 45.4504869], [9.1553635, 45.4507802]], [[9.1548392, 45.4512239], [9.1552846, 45.4504254], [9.1553471, 45.4503291]], [[9.154709, 45.4519016], [9.1544333, 45.4523685], [9.1543886, 45.4524443], [9.154354, 45.4525034]], [[9.1553635, 45.4507802], [9.1550705, 45.4512898]]]}}, {"type": "Feature", "properties": {"id": "SS-MIL-4833", "nome": "Viale Cassala", "quartiere": "", "classificazione": "rosso", "score": 4, "note": "strada principale trafficata (2 corsie)", "ciclabile": "no", "n_corsie": "2", "senso_unico": "si", "n_testimonianze": "0", "zona": "B1"}, "geometry": {"type": "MultiLineString", "coordinates": [[[9.1577504, 45.448003], [9.157889, 45.447705]], [[9.1593942, 45.4462791], [9.1595559, 45.4461927]], [[9.1594602, 45.4464235], [9.1592556, 45.4465265], [9.1591394, 45.4465922], [9.1590383, 45.4466578], [9.1588497, 45.4467944], [9.1586826, 45.4469412], [9.1585431, 45.4470935], [9.1584508, 45.4472211], [9.158361, 45.4473755]], [[9.1580134, 45.4474448], [9.158101, 45.4473008], [9.1582163, 45.4471515]], [[9.1597641, 45.4462909], [9.1596223, 45.4464397], [9.1594123, 45.4465727], [9.1592258, 45.4466848], [9.1590686, 45.4467911], [9.1589156, 45.446897], [9.1587963, 45.446986], [9.158742, 45.4470521]], [[9.156715, 45.4478393], [9.1567373, 45.44783], [9.1567819, 45.4478087], [9.1569243, 45.4477406], [9.157501, 45.4474402], [9.1575948, 45.4473918]], [[9.1582163, 45.4471515], [9.158361, 45.4469963]], [[9.158361, 45.4473755], [9.1582483, 45.4475984], [9.1581949, 45.447721], [9.1581763, 45.4477617]], [[9.158361, 45.4469963], [9.1586036, 45.4467928], [9.1587927, 45.4466402], [9.1589951, 45.4465084], [9.1591875, 45.4463995], [9.1593472, 45.446307]], [[9.158742, 45.4470521], [9.1586727, 45.4471563], [9.1582247, 45.4481124], [9.1582114, 45.4481438], [9.1582024, 45.4481615], [9.1581954, 45.4481763]], [[9.1597641, 45.4462909], [9.1596717, 45.4463312], [9.1594602, 45.4464235]], [[9.1593472, 45.446307], [9.1593942, 45.4462791]], [[9.1581763, 45.4477617], [9.158039, 45.4480662]], [[9.157889, 45.447705], [9.1580134, 45.4474448]], [[9.1595559, 45.4461927], [9.159666, 45.4462445]], [[9.1668866, 45.4440347], [9.1670736, 45.4440193]], [[9.1632397, 45.4447751], [9.1632666, 45.4448145], [9.163272, 45.4448633]], [[9.1673414, 45.4442008], [9.1670733, 45.4442171]], [[9.1595559, 45.4461927], [9.1596814, 45.4461224], [9.1597366, 45.4460917]], [[9.1629582, 45.4445962], [9.163066, 45.4445935], [9.1631828, 45.4445995], [9.1632719, 45.4446051], [9.1634358, 45.4446123]], [[9.1626654, 45.4450448], [9.1625638, 45.4450753], [9.1624511, 45.445109]], [[9.1619851, 45.4452697], [9.1617105, 45.4453758]], [[9.16323, 45.4449651], [9.1631665, 45.4450276], [9.1631131, 45.4450596], [9.1630331, 45.4450892], [9.1629398, 45.4451049]], [[9.1625552, 45.4447641], [9.162557, 45.4447609], [9.1625674, 45.4447426], [9.1625897, 45.4447131], [9.1626236, 45.4446806], [9.1626638, 45.4446524], [9.1627162, 45.4446262], [9.1627875, 45.4446036]], [[9.1627875, 45.4446036], [9.1628433, 45.444594], [9.1629, 45.4445925], [9.1629582, 45.4445962]], [[9.1629398, 45.4451049], [9.1628395, 45.4451024], [9.1627796, 45.4450877], [9.1627161, 45.4450706], [9.1626654, 45.4450448]], [[9.163272, 45.4448633], [9.1626654, 45.4450448]], [[9.163272, 45.4448633], [9.1632613, 45.4449036], [9.1632375, 45.4449519], [9.16323, 45.4449651]], [[9.1629582, 45.4445962], [9.1630762, 45.4446472], [9.1631572, 45.4446937]], [[9.162538, 45.4448794], [9.1631572, 45.4446937]], [[9.1631572, 45.4446937], [9.1632422, 45.4446699], [9.1634358, 45.4446123]], [[9.1631572, 45.4446937], [9.1631903, 45.4447204], [9.1632397, 45.4447751]], [[9.1634358, 45.4446123], [9.1636766, 45.4445477], [9.1638937, 45.4444896], [9.1642756, 45.4444027], [9.1647018, 45.4443179], [9.1649962, 45.4442626], [9.1652635, 45.4442173], [9.1655753, 45.4441707], [9.1659082, 45.444127], [9.1661977, 45.4440938], [9.1664628, 45.4440665], [9.1668866, 45.4440347]], [[9.1670733, 45.4442171], [9.1664839, 45.4442619], [9.1664617, 45.4442645], [9.1662474, 45.4442849], [9.1661403, 45.444297], [9.1659477, 45.4443188], [9.165477, 45.4443845], [9.1650269, 45.4444607], [9.1646234, 45.4445368], [9.1642049, 45.4446236], [9.16376, 45.444731], [9.1634347, 45.4448145], [9.1633632, 45.4448359], [9.163272, 45.4448633]], [[9.1674875, 45.444195], [9.1673414, 45.4442008]], [[9.1678337, 45.4441789], [9.1674875, 45.444195]], [[9.1674422, 45.4439896], [9.1678433, 45.4439673], [9.1681414, 45.4439514]], [[9.1670736, 45.4440193], [9.167223, 45.4440057], [9.1674422, 45.4439896]], [[9.159666, 45.4462445], [9.1597641, 45.4462909]], [[9.1626654, 45.4450448], [9.1626138, 45.445008], [9.1625805, 45.4449735]], [[9.1625805, 45.4449735], [9.1625474, 45.444915], [9.162538, 45.4448794]], [[9.1600229, 45.4461566], [9.1598703, 45.4462386], [9.1597641, 45.4462909]], [[9.1619154, 45.4450904], [9.1624355, 45.4449133], [9.162538, 45.4448794]], [[9.162538, 45.4448794], [9.1625435, 45.4448043], [9.1625493, 45.4447797], [9.1625552, 45.4447641]], [[9.1617105, 45.4453758], [9.1614391, 45.4454911], [9.1610896, 45.4456377], [9.1605757, 45.4458775], [9.1601048, 45.4461093], [9.1600229, 45.4461566]], [[9.1597366, 45.4460917], [9.1600324, 45.4459311], [9.1604811, 45.4457009], [9.1605286, 45.4456759], [9.1608735, 45.4455185], [9.1611691, 45.445386], [9.1615569, 45.4452275], [9.1619154, 45.4450904]], [[9.1621087, 45.4452271], [9.1619851, 45.4452697]], [[9.1624511, 45.445109], [9.1621087, 45.4452271]]]}}, {"type": "Feature", "properties": {"id": "SS-MIL-4835", "nome": "Viale Caterina da Forlì", "quartiere": "", "classificazione": "verde", "score": 1, "note": "ciclabile presente (da OpenStreetMap)", "ciclabile": "si", "n_corsie": "2", "senso_unico": "si", "n_testimonianze": "0", "zona": "B1"}, "geometry": {"type": "MultiLineString", "coordinates": [[[9.1458661, 45.4601032], [9.1458361, 45.4601491], [9.1457968, 45.460184], [9.1456215, 45.4604424]], [[9.1472103, 45.4593265], [9.1477361, 45.4594743]], [[9.1458661, 45.4601032], [9.1459479, 45.4601239], [9.1459816, 45.4601362], [9.1459927, 45.4601462], [9.146047, 45.4601926], [9.1460794, 45.4602101], [9.1462012, 45.4602606], [9.1462126, 45.4602649], [9.146472, 45.4603622]], [[9.1455516, 45.4603962], [9.1454725, 45.4603456], [9.1453721, 45.460262], [9.145338, 45.4602391], [9.1452985, 45.4602153]], [[9.1472103, 45.4593265], [9.147452, 45.4592853], [9.1475268, 45.459236]], [[9.1477065, 45.4597699], [9.1476536, 45.4597781], [9.1475819, 45.4597913], [9.1471591, 45.4598691], [9.1469502, 45.4599075], [9.1468249, 45.4599306], [9.146472, 45.4599956], [9.1462928, 45.4600257]], [[9.1463252, 45.4592797], [9.1464115, 45.4593539], [9.1464442, 45.4593903], [9.1465341, 45.4594379]], [[9.1373552, 45.4613202], [9.1374741, 45.4613323], [9.1375717, 45.4613391], [9.1376784, 45.4613392], [9.137785, 45.4613283], [9.1378815, 45.4613142], [9.1379863, 45.461286], [9.1380709, 45.4612504], [9.1381451, 45.4612134]], [[9.1456923, 45.4601378], [9.1455575, 45.4601653], [9.1452985, 45.4602153]], [[9.146472, 45.4603622], [9.14619, 45.4603042], [9.1461781, 45.4603018], [9.1461118, 45.4603041], [9.1458912, 45.460366], [9.1457075, 45.4604158], [9.1456215, 45.4604424]], [[9.1462928, 45.4600257], [9.1462348, 45.4600819], [9.1461947, 45.4601188], [9.1461568, 45.4602005], [9.1462012, 45.4602606]], [[9.1462928, 45.4600257], [9.1460803, 45.4600674], [9.1458661, 45.4601032]], [[9.1460234, 45.4595142], [9.1461139, 45.4594971], [9.14622, 45.459477]], [[9.1458661, 45.4601032], [9.1456923, 45.4601378]], [[9.1465341, 45.4594379], [9.1466508, 45.4594187], [9.1470992, 45.4593387], [9.1472103, 45.4593265]], [[9.1430717, 45.4600734], [9.1431327, 45.4600621], [9.1431813, 45.4600438], [9.1431912, 45.4600401], [9.1432509, 45.4600121], [9.1433083, 45.4599897]], [[9.1452985, 45.4602153], [9.1449463, 45.4602764], [9.1441916, 45.4604074], [9.1435483, 45.460519]], [[9.14622, 45.459477], [9.1463521, 45.4594541], [9.1465341, 45.4594379]], [[9.1415491, 45.4603351], [9.1415695, 45.4603303], [9.1419986, 45.4602579], [9.1421441, 45.4602329]], [[9.143666, 45.4599377], [9.1437141, 45.4599291], [9.1437881, 45.4599158], [9.1444719, 45.4597929], [9.1447635, 45.4597405], [9.1449965, 45.4596987], [9.1455902, 45.459592], [9.1458312, 45.4595487], [9.1459168, 45.4595322], [9.1460234, 45.4595142]], [[9.1455516, 45.4603962], [9.1456523, 45.4602158], [9.1456923, 45.4601378]], [[9.1432348, 45.4605814], [9.1432143, 45.4605862], [9.1429698, 45.4606349], [9.1418194, 45.4608459], [9.1417265, 45.4608642]], [[9.1381451, 45.4612134], [9.1382618, 45.4611432], [9.1383622, 45.4610615]], [[9.1414173, 45.4610081], [9.1413113, 45.4610034], [9.1412225, 45.460993], [9.1411409, 45.4609777], [9.1411022, 45.4609716], [9.1410463, 45.4609794], [9.1397751, 45.461205], [9.1396846, 45.4612231], [9.1392876, 45.4612943], [9.1385661, 45.4614146], [9.1384055, 45.4614348]], [[9.1383622, 45.4610615], [9.138465, 45.4609825], [9.1385498, 45.4609351], [9.1386507, 45.4608893], [9.1387683, 45.4608484], [9.1389036, 45.4608136], [9.1390923, 45.4607803], [9.1393492, 45.4607356], [9.1394725, 45.4607133], [9.13986, 45.4606425], [9.1407254, 45.4604844], [9.1412929, 45.4603808], [9.1413765, 45.4603659], [9.1415491, 45.4603351]], [[9.1435483, 45.460519], [9.1432348, 45.4605814]], [[9.1433083, 45.4599897], [9.1433566, 45.4599683], [9.1434142, 45.4599528], [9.1434839, 45.4599414], [9.1435699, 45.4599342], [9.143666, 45.4599377]], [[9.1421441, 45.4602329], [9.1430382, 45.4600795], [9.1430717, 45.4600734]], [[9.1415539, 45.4609727], [9.1414772, 45.4609972], [9.1414173, 45.4610081]], [[9.1416616, 45.4609168], [9.1416113, 45.4609465], [9.1415539, 45.4609727]], [[9.1417265, 45.4608642], [9.1416616, 45.4609168]], [[9.1384055, 45.4614348], [9.1379759, 45.4614584], [9.13774, 45.4614537], [9.1376074, 45.461447]], [[9.1376074, 45.461447], [9.1373641, 45.4614226]]]}}, {"type": "Feature", "properties": {"id": "SS-MIL-4845", "nome": "Viale Daniele Ranzoni", "quartiere": "", "classificazione": "rosso", "score": 4, "note": "strada principale trafficata (2 corsie)", "ciclabile": "no", "n_corsie": "2", "senso_unico": "si", "n_testimonianze": "0", "zona": "B1"}, "geometry": {"type": "MultiLineString", "coordinates": [[[9.1461132, 45.467253], [9.1457867, 45.4682965]], [[9.1457867, 45.4682965], [9.1456636, 45.46869]], [[9.1450035, 45.4698599], [9.1458685, 45.4670852], [9.1458991, 45.466987], [9.1459044, 45.4669716]], [[9.1456636, 45.46869], [9.1454973, 45.4692216]], [[9.1454973, 45.4692216], [9.1452837, 45.4699043], [9.1452743, 45.469953], [9.1452701, 45.4700097], [9.1452864, 45.4700614], [9.1453099, 45.4700995]], [[9.1448937, 45.4700258], [9.1449784, 45.4699036], [9.1450035, 45.4698599]]]}}, {"type": "Feature", "properties": {"id": "SS-MIL-4850", "nome": "Viale Eginardo", "quartiere": "", "classificazione": "rosso", "score": 4, "note": "strada secondaria trafficata", "ciclabile": "no", "n_corsie": "2", "senso_unico": "si", "n_testimonianze": "0", "zona": "B1"}, "geometry": {"type": "MultiLineString", "coordinates": [[[9.1517254, 45.4799075], [9.1517458, 45.4802994], [9.151737, 45.4803303], [9.1517219, 45.4803883], [9.1516957, 45.4804579], [9.151653, 45.4805258], [9.1515962, 45.4805948], [9.1515276, 45.4806605], [9.1513948, 45.4807653]], [[9.1515885, 45.4772747], [9.1516234, 45.4779461], [9.151635, 45.4781706]], [[9.1516019, 45.4799625], [9.1515858, 45.4796704], [9.1515606, 45.4792128]], [[9.1511601, 45.4809478], [9.151093, 45.4809985]], [[9.1509736, 45.480921], [9.1510429, 45.4808705]], [[9.1510429, 45.4808705], [9.1511855, 45.4807618]], [[9.1517511, 45.4781657], [9.1517551, 45.4782365], [9.1518343, 45.4796393], [9.1518307, 45.4796781], [9.1518172, 45.4797034], [9.1517747, 45.4797846], [9.1517254, 45.4799075]], [[9.1515606, 45.4792128], [9.1515406, 45.4788487], [9.1514911, 45.477951], [9.1514863, 45.4778274]], [[9.1517381, 45.4779424], [9.1517511, 45.4781657]], [[9.151635, 45.4781706], [9.1517254, 45.4799075]], [[9.1511855, 45.4807618], [9.151384, 45.4806013], [9.1514551, 45.4805356], [9.1515192, 45.4804698], [9.1515543, 45.4804185], [9.1515753, 45.4803673], [9.1515918, 45.4803133], [9.151606, 45.4802553], [9.1516166, 45.48023], [9.1516019, 45.4799625]], [[9.1513948, 45.4807653], [9.1511601, 45.4809478]]]}}, {"type": "Feature", "properties": {"id": "SS-MIL-4857", "nome": "Viale Enrico Elia", "quartiere": "", "classificazione": "rosso", "score": 4, "note": "strada principale trafficata (2 corsie)", "ciclabile": "no", "n_corsie": "2", "senso_unico": "si", "n_testimonianze": "0", "zona": "B1"}, "geometry": {"type": "MultiLineString", "coordinates": [[[9.1431854, 45.4804729], [9.1431907, 45.4805726], [9.1432352, 45.4813984]], [[9.1429627, 45.4824148], [9.1429512, 45.482228], [9.1429066, 45.481394]], [[9.1428885, 45.4829339], [9.1429415, 45.4828514], [9.1429598, 45.4827887], [9.1429625, 45.482774], [9.1429792, 45.4826815], [9.1429676, 45.4824676], [9.1429627, 45.4824148]], [[9.1429066, 45.481394], [9.1428632, 45.4805837], [9.1428579, 45.4804849]], [[9.1432352, 45.4813984], [9.1432557, 45.4822382], [9.1432602, 45.4824028]], [[9.1432602, 45.4824028], [9.1432589, 45.4825141], [9.1432752, 45.4826011], [9.1433138, 45.4826866], [9.1433492, 45.4827431], [9.1433626, 45.4827644], [9.1434478, 45.4828499]]]}}, {"type": "Feature", "properties": {"id": "SS-MIL-4858", "nome": "Viale Enrico Fermi", "quartiere": "", "classificazione": "nero", "score": 5, "note": "strada ad alta velocità (primary, 70 km/h)", "ciclabile": "no", "n_corsie": "3", "senso_unico": "si", "n_testimonianze": "0", "zona": "B1"}, "geometry": {"type": "MultiLineString", "coordinates": [[[9.048919, 45.4425118], [9.0488423, 45.4424796], [9.0473468, 45.4418523], [9.0472889, 45.441828], [9.04717, 45.4417781], [9.046651, 45.441558], [9.046029, 45.4412956], [9.0454169, 45.4410367], [9.0448365, 45.4407962], [9.0441336, 45.4404978], [9.0440045, 45.4404396], [9.0438477, 45.440385]], [[9.1841361, 45.5055047], [9.1837145, 45.505904]], [[9.1837145, 45.505904], [9.1827721, 45.5067702], [9.1825255, 45.5069988], [9.182303, 45.5072035], [9.1820783, 45.5074126], [9.1819467, 45.5075366], [9.1818591, 45.5076237], [9.181775, 45.5077119], [9.1816965, 45.5078006], [9.1816218, 45.5078917], [9.1815503, 45.5079843], [9.1814838, 45.508078], [9.1814216, 45.5081725], [9.181365, 45.508268], [9.1813235, 45.5083425], [9.1812768, 45.5084345], [9.1812325, 45.5085329], [9.1811913, 45.5086333], [9.1811516, 45.5087403], [9.181118, 45.5088367], [9.1810509, 45.509039], [9.1807425, 45.5100047], [9.1802152, 45.5116274], [9.1798544, 45.5127548], [9.1797115, 45.5132246]], [[9.1834017, 45.5059596], [9.1838226, 45.5055689]], [[9.1838226, 45.5055689], [9.184093, 45.5053199], [9.1843751, 45.5050593], [9.1845391, 45.5049059], [9.1847683, 45.504682], [9.1850072, 45.5044329], [9.1851737, 45.5042559], [9.1853416, 45.504079], [9.1854739, 45.5039385]], [[9.1746787, 45.5212988], [9.1748216, 45.5212044], [9.1749759, 45.5211012], [9.1751332, 45.5209976], [9.1752919, 45.5208949], [9.175755, 45.5205681]], [[9.174755, 45.521351], [9.1745886, 45.5214585], [9.1744322, 45.5215593], [9.1742754, 45.5216606], [9.1741198, 45.5217626], [9.1739668, 45.5218667], [9.173818, 45.5219727], [9.1737036, 45.5220557]], [[9.1883129, 45.5016311], [9.1882425, 45.5016993]], [[9.1725619, 45.5228102], [9.1733985, 45.5221809]], [[9.1787384, 45.5164885], [9.1787173, 45.5165622], [9.1786482, 45.5168102]], [[9.1785357, 45.5164453], [9.1785645, 45.5163536], [9.1786245, 45.5161151]], [[9.1884142, 45.5018641], [9.1883643, 45.5018229], [9.188295, 45.5017959], [9.1881946, 45.5017969], [9.1881188, 45.501819]], [[9.1785357, 45.5164453], [9.1787384, 45.5164885]], [[9.175755, 45.5205681], [9.1764312, 45.5201227], [9.1767441, 45.5198692], [9.1770172, 45.5196166], [9.1772645, 45.519343], [9.1774571, 45.5190904], [9.1775296, 45.5189866]], [[9.1793614, 45.5143739], [9.1790009, 45.5156016]], [[9.1758567, 45.5206498], [9.1755433, 45.5208592], [9.1753835, 45.5209586], [9.1752229, 45.5210577], [9.1750641, 45.5211557], [9.1749043, 45.5212552], [9.174755, 45.521351]], [[9.1764867, 45.5202752], [9.1763338, 45.5203661], [9.1758567, 45.5206498]], [[9.1850331, 45.504672], [9.1841822, 45.5054576]], [[9.1864196, 45.5033849], [9.1850331, 45.504672]], [[9.1841822, 45.5054576], [9.1841361, 45.5055047]], [[9.1790009, 45.5156016], [9.1788591, 45.516069]], [[9.1788591, 45.516069], [9.1787702, 45.516379], [9.178757, 45.5164254], [9.1787384, 45.5164885]], [[9.1797115, 45.5132246], [9.1795576, 45.5137293], [9.1795344, 45.5138052]], [[9.1790162, 45.514861], [9.1792328, 45.5141243], [9.179248, 45.5140723], [9.1792791, 45.5139667]], [[9.1788083, 45.515567], [9.1790162, 45.514861]], [[9.1875992, 45.5019261], [9.1877201, 45.5017919]], [[9.181474, 45.5077259], [9.1823275, 45.5069463], [9.1825981, 45.5066957], [9.1827785, 45.5065305]], [[9.1786245, 45.5161151], [9.1788083, 45.515567]], [[9.181215, 45.5080273], [9.1813138, 45.5079025], [9.181474, 45.5077259]], [[9.1784086, 45.5168415], [9.1784926, 45.5165866], [9.178513, 45.5165248], [9.1785357, 45.5164453]], [[9.1782807, 45.5172529], [9.1783588, 45.5170126], [9.1784086, 45.5168415]], [[9.1877201, 45.5017919], [9.1878897, 45.5016294], [9.1879495, 45.5015803], [9.1880878, 45.5015066], [9.1881285, 45.5014852], [9.1882284, 45.5014337]], [[9.1792791, 45.5139667], [9.1793377, 45.5137721]], [[9.1881188, 45.501819], [9.1872306, 45.502632]], [[9.1872306, 45.502632], [9.1864196, 45.5033849]], [[9.1860148, 45.5033982], [9.1866521, 45.502806], [9.1869313, 45.502547]], [[9.1854739, 45.5039385], [9.1856378, 45.5037662], [9.1857641, 45.503639], [9.1858861, 45.5035207], [9.1860148, 45.5033982]], [[9.1869313, 45.502547], [9.1872285, 45.5022712], [9.1875992, 45.5019261]], [[9.1839935, 45.5051492], [9.1843028, 45.5048286], [9.1843659, 45.504548], [9.184387, 45.5044844], [9.1844222, 45.5044109], [9.1844674, 45.5043453], [9.1846504, 45.5041694]], [[9.1795344, 45.5138052], [9.1794749, 45.5139998]], [[9.1794749, 45.5139998], [9.1794405, 45.5141123], [9.1793614, 45.5143739]], [[9.1777739, 45.5190597], [9.1774844, 45.5194069], [9.1771894, 45.5197264], [9.1771215, 45.5197841], [9.1768455, 45.5200186], [9.1764867, 45.5202752]], [[9.1786482, 45.5168102], [9.1786055, 45.516963], [9.1783851, 45.5177523], [9.1782676, 45.518129], [9.1781247, 45.5184723], [9.1779672, 45.5187529], [9.1777739, 45.5190597]], [[9.1775296, 45.5189866], [9.1776561, 45.5188055], [9.1778492, 45.5184522], [9.1780423, 45.5179861], [9.1782807, 45.5172529]], [[9.1734666, 45.5222329], [9.1726351, 45.5228574]], [[9.1733985, 45.5221809], [9.1736294, 45.5220073]], [[9.1835836, 45.5051657], [9.1836441, 45.5051713], [9.1837348, 45.5051731], [9.1838321, 45.5051755], [9.1839162, 45.5051655], [9.1839935, 45.5051492]], [[9.1827785, 45.5065305], [9.1830078, 45.5063184], [9.1834017, 45.5059596]], [[9.1793377, 45.5137721], [9.1796666, 45.5128022], [9.1798385, 45.5122836], [9.1799352, 45.5119428], [9.1806092, 45.5096169], [9.180824, 45.5088636], [9.1808971, 45.508639], [9.1809638, 45.5084634], [9.1810306, 45.508322], [9.1811208, 45.508166], [9.181215, 45.5080273]], [[9.1737036, 45.5220557], [9.1734666, 45.5222329]], [[9.1736294, 45.5220073], [9.1737335, 45.5219312], [9.1738813, 45.5218248], [9.1740352, 45.5217202], [9.1741916, 45.5216172], [9.1743482, 45.5215146], [9.1745055, 45.5214119], [9.1746787, 45.5212988]], [[9.1882425, 45.5016993], [9.1881188, 45.501819]]]}}, {"type": "Feature", "properties": {"id": "SS-MIL-4862", "nome": "Viale Ergisto Bezzi", "quartiere": "", "classificazione": "rosso", "score": 4, "note": "strada principale trafficata (2 corsie)", "ciclabile": "no", "n_corsie": "2", "senso_unico": "si", "n_testimonianze": "0", "zona": "B1"}, "geometry": {"type": "MultiLineString", "coordinates": [[[9.149714, 45.4605013], [9.1496736, 45.4605701], [9.1496245, 45.4606536]], [[9.1493311, 45.4606104], [9.1494383, 45.4604266], [9.1494671, 45.4603771], [9.1495069, 45.4603088], [9.1495253, 45.4602772]], [[9.1496245, 45.4606536], [9.1493034, 45.4611891]], [[9.148532, 45.4619908], [9.1490472, 45.4611061]], [[9.1493034, 45.4611891], [9.1489572, 45.4617882], [9.1487937, 45.4620712]], [[9.1490472, 45.4611061], [9.1491284, 45.4609692], [9.1493311, 45.4606104]], [[9.148206, 45.4630984], [9.1480695, 45.4630541]], [[9.1465047, 45.4660133], [9.1464648, 45.4661294], [9.1462897, 45.466689]], [[9.146234, 45.4659354], [9.1462931, 45.4658329], [9.1468581, 45.4648541]], [[9.1459044, 45.4669716], [9.1459086, 45.466958], [9.1459316, 45.4668827], [9.1461933, 45.4660434], [9.146234, 45.4659354]], [[9.1487937, 45.4620712], [9.148705, 45.4622262], [9.1484861, 45.4626088], [9.1482452, 45.4630288], [9.148206, 45.4630984]], [[9.1471292, 45.4649233], [9.1470921, 45.4649862], [9.1465498, 45.4659047], [9.1465047, 45.4660133]], [[9.1479399, 45.4630121], [9.1479792, 45.4629433], [9.1480543, 45.4628139], [9.148532, 45.4619908]], [[9.1468581, 45.4648541], [9.1478868, 45.4631032], [9.1479399, 45.4630121]], [[9.148206, 45.4630984], [9.1481545, 45.4631764], [9.1471292, 45.4649233]], [[9.1480695, 45.4630541], [9.1479399, 45.4630121]]]}}, {"type": "Feature", "properties": {"id": "SS-MIL-4864", "nome": "Viale Etiopia", "quartiere": "", "classificazione": "giallo", "score": 3, "note": "strada urbana senza ciclabile", "ciclabile": "no", "n_corsie": "2", "senso_unico": "si", "n_testimonianze": "0", "zona": "B1"}, "geometry": {"type": "MultiLineString", "coordinates": [[[9.1470945, 45.4579715], [9.1469625, 45.4579365]], [[9.1470086, 45.4578564], [9.1471381, 45.4578893]], [[9.1472606, 45.4574125], [9.1473891, 45.4574472]], [[9.1471381, 45.4578893], [9.1472277, 45.4579161], [9.1475135, 45.4580006], [9.1477026, 45.4580595], [9.1478296, 45.4581183], [9.1479411, 45.458196], [9.1480168, 45.4582748], [9.148073, 45.4583531], [9.148102, 45.4583972], [9.1481569, 45.4584804], [9.1481953, 45.4585095]], [[9.1480731, 45.4585551], [9.1480448, 45.4585024], [9.147993, 45.4584371], [9.1478292, 45.4582382], [9.1477513, 45.4581819], [9.1476676, 45.4581395]], [[9.1476676, 45.4581395], [9.1475902, 45.4581606], [9.1475397, 45.4581914], [9.1475208, 45.4582737], [9.1475174, 45.4583301], [9.1477255, 45.4585758], [9.1477794, 45.4586429], [9.1478627, 45.4586656], [9.1478874, 45.4586668]], [[9.1478035, 45.4572986], [9.1477661, 45.4573732], [9.1476938, 45.457518]], [[9.1484633, 45.4583942], [9.1485384, 45.4585016]], [[9.1476676, 45.4581395], [9.1471833, 45.4579939], [9.1470945, 45.4579715]], [[9.1473891, 45.4574472], [9.1474743, 45.457468], [9.1476938, 45.457518]], [[9.1476938, 45.457518], [9.1484394, 45.4583653], [9.1484633, 45.4583942]]]}}, {"type": "Feature", "properties": {"id": "SS-MIL-4868", "nome": "Viale Ezio", "quartiere": "", "classificazione": "giallo", "score": 3, "note": "strada urbana senza ciclabile", "ciclabile": "no", "n_corsie": "2", "senso_unico": "si", "n_testimonianze": "0", "zona": "B1"}, "geometry": {"type": "MultiLineString", "coordinates": [[[9.1537511, 45.4735529], [9.1537463, 45.4734719], [9.1537451, 45.4734511], [9.1537427, 45.4734085]], [[9.1527382, 45.4735769], [9.1523034, 45.4735871], [9.1521347, 45.4736118], [9.1520331, 45.4736395]], [[9.1525436, 45.4734424], [9.1535708, 45.4734133], [9.1537427, 45.4734085]], [[9.1527586, 45.4738105], [9.1536421, 45.47379]], [[9.1537511, 45.4735529], [9.1527382, 45.4735769]], [[9.1524312, 45.4738172], [9.1527586, 45.4738105]]]}}, {"type": "Feature", "properties": {"id": "SS-MIL-4869", "nome": "Viale Faenza", "quartiere": "", "classificazione": "giallo", "score": 3, "note": "strada urbana senza ciclabile", "ciclabile": "no", "n_corsie": "2", "senso_unico": "si", "n_testimonianze": "0", "zona": "B1"}, "geometry": {"type": "MultiLineString", "coordinates": [[[9.1542145, 45.4372582], [9.1541452, 45.4372132], [9.1540922, 45.4371893], [9.1539992, 45.4371663], [9.1538784, 45.4371541], [9.1535155, 45.4371467]], [[9.1535155, 45.4371467], [9.1533602, 45.4371943], [9.1531489, 45.4372103], [9.1528741, 45.4372081]], [[9.1464007, 45.4368938], [9.1462677, 45.4369033], [9.1460646, 45.4369255], [9.1459103, 45.4369472], [9.1457967, 45.4369645], [9.1456963, 45.4369815], [9.1455747, 45.4370049], [9.1454546, 45.4370298], [9.1453351, 45.4370573], [9.1452153, 45.4370868], [9.1450946, 45.4371207], [9.1449829, 45.4371543], [9.1448677, 45.4371918], [9.1447485, 45.437234], [9.1446308, 45.4372777], [9.1445184, 45.4373224], [9.1444075, 45.4373694], [9.144299, 45.4374176], [9.1441989, 45.4374655], [9.144094, 45.4375181], [9.1439971, 45.4375694], [9.1439079, 45.4376199], [9.1438204, 45.437673], [9.1437303, 45.4377305], [9.1436488, 45.4377841], [9.1435652, 45.4378416], [9.1434838, 45.4378992], [9.1434066, 45.4379579], [9.1433319, 45.438019], [9.1432594, 45.4380805], [9.1431877, 45.4381462], [9.1431207, 45.4382147], [9.1430573, 45.4382834], [9.1427203, 45.4386608], [9.1426542, 45.438759]], [[9.1467493, 45.4366714], [9.1468349, 45.4366566], [9.1472808, 45.4366726], [9.1473258, 45.436674], [9.1475838, 45.4366831], [9.147782, 45.4366901]], [[9.1463814, 45.4368231], [9.1467618, 45.4368117], [9.1470905, 45.4368144], [9.147189, 45.4368163]], [[9.1464007, 45.4368938], [9.1463814, 45.4368231]], [[9.1471829, 45.4368878], [9.1471645, 45.4370342]], [[9.1537785, 45.4370335], [9.1539496, 45.4370379], [9.1541312, 45.4370425], [9.1542012, 45.4370373], [9.1542705, 45.4370261], [9.1544072, 45.4369857]], [[9.1535155, 45.4371467], [9.1531505, 45.4370882], [9.1529568, 45.4370802], [9.1528799, 45.4370783]], [[9.1458044, 45.4368924], [9.1458337, 45.4368872], [9.1458624, 45.4368796], [9.1458887, 45.4368691], [9.1459132, 45.4368564], [9.1459353, 45.4368415], [9.1459547, 45.436825], [9.1459703, 45.4368067], [9.1459838, 45.4367875], [9.1461488, 45.4365483], [9.1462595, 45.4364548]], [[9.146331, 45.4366668], [9.1467346, 45.4366705]], [[9.1424875, 45.438699], [9.1426243, 45.4386181], [9.1429464, 45.4382686], [9.1430198, 45.4381925], [9.1431004, 45.4381123], [9.1431796, 45.4380379], [9.1432634, 45.4379651], [9.1433498, 45.4378968], [9.1434413, 45.4378297], [9.1435338, 45.437764], [9.1436345, 45.4376945], [9.1437385, 45.4376276], [9.1438474, 45.4375623], [9.1439686, 45.4374947], [9.1440902, 45.437431], [9.1442026, 45.4373757], [9.1443147, 45.4373238], [9.1444139, 45.4372821], [9.1445252, 45.4372371], [9.1446408, 45.4371915], [9.1447513, 45.4371517], [9.1448708, 45.4371111], [9.1449866, 45.4370738], [9.1451121, 45.4370378], [9.1452562, 45.4370013], [9.1453796, 45.4369726], [9.145526, 45.4369413], [9.145664, 45.4369154], [9.1458044, 45.4368924]], [[9.1467346, 45.4366705], [9.1467493, 45.4366714]], [[9.1467493, 45.4366714], [9.1468367, 45.4366939], [9.1471555, 45.4367046], [9.1471866, 45.4367198], [9.1471945, 45.4367422], [9.1471931, 45.4367749], [9.147189, 45.4368163]], [[9.1458044, 45.4368924], [9.1459895, 45.4368667], [9.146124, 45.4368495], [9.146255, 45.4368286], [9.1463814, 45.4368231]], [[9.1523, 45.4371833], [9.1507343, 45.4371267], [9.1506293, 45.4371233]], [[9.1488162, 45.437077], [9.1478918, 45.4370476], [9.1473097, 45.4370331], [9.1471645, 45.4370342]], [[9.1506293, 45.4371233], [9.1505177, 45.4371198], [9.1501268, 45.4371099], [9.148838, 45.4370774], [9.1488162, 45.437077]], [[9.1471645, 45.4370342], [9.1465634, 45.4370457], [9.1465189, 45.4370418], [9.1464789, 45.4370284], [9.1464422, 45.4370043], [9.1464221, 45.4369719], [9.1464007, 45.4368938]], [[9.147782, 45.4366901], [9.1488302, 45.4367276]], [[9.152314, 45.4369852], [9.1528013, 45.4369999], [9.1528824, 45.4369997]], [[9.146331, 45.4366668], [9.1462595, 45.4364548]], [[9.1523299, 45.4368378], [9.1528928, 45.4368523]], [[9.1488435, 45.4368649], [9.1505337, 45.4369236], [9.1506423, 45.4369272]], [[9.1506372, 45.4370019], [9.1505277, 45.4369966], [9.1488382, 45.4369396]], [[9.1463814, 45.4368231], [9.1463683, 45.4367879], [9.146331, 45.4366668]], [[9.1471829, 45.4368878], [9.1468056, 45.4368838], [9.1464007, 45.4368938]], [[9.1506498, 45.4367939], [9.1507421, 45.436793], [9.1507556, 45.4367934], [9.1523299, 45.4368378]], [[9.147189, 45.4368163], [9.1472844, 45.4368175], [9.1473194, 45.4368181], [9.1488435, 45.4368649]], [[9.1488382, 45.4369396], [9.147316, 45.4368923], [9.147267, 45.4368911], [9.1471829, 45.4368878]], [[9.1523046, 45.437057], [9.1522117, 45.4370535], [9.1507422, 45.4370038], [9.1506372, 45.4370019]], [[9.1488302, 45.4367276], [9.1493727, 45.4367474]], [[9.1506423, 45.4369272], [9.1507468, 45.4369316], [9.1522226, 45.4369812], [9.152314, 45.4369852]], [[9.1528741, 45.4372081], [9.1525943, 45.437196], [9.1523, 45.4371833]], [[9.1528799, 45.4370783], [9.1527689, 45.4370743], [9.1523046, 45.437057]], [[9.1528824, 45.4369997], [9.1529593, 45.4370006], [9.1531621, 45.4370085], [9.1537785, 45.4370335]], [[9.1528928, 45.4368523], [9.1530335, 45.4368566], [9.1531209, 45.436867], [9.1534528, 45.4369242], [9.1535722, 45.4369522], [9.1537785, 45.4370335]], [[9.1493727, 45.4367474], [9.1497826, 45.4367612]], [[9.1497826, 45.4367612], [9.1500828, 45.4367721], [9.1505447, 45.4367888], [9.1506498, 45.4367939]]]}}, {"type": "Feature", "properties": {"id": "SS-MIL-4870", "nome": "Viale Famagosta", "quartiere": "", "classificazione": "rosso", "score": 4, "note": "strada secondaria trafficata", "ciclabile": "no", "n_corsie": "2", "senso_unico": "si", "n_testimonianze": "0", "zona": "B1"}, "geometry": {"type": "MultiLineString", "coordinates": [[[9.1549735, 45.436988], [9.1552142, 45.4370014], [9.1552597, 45.4370039], [9.1555876, 45.4370254], [9.1557974, 45.4370403]], [[9.1584638, 45.4371643], [9.1584713, 45.4370462]], [[9.1557974, 45.4370403], [9.1563447, 45.436984], [9.1571288, 45.437007], [9.1573674, 45.437014], [9.1574655, 45.4370169], [9.1577951, 45.4370265], [9.1583182, 45.4370418], [9.1584713, 45.4370462]], [[9.1557183, 45.4372278], [9.1555371, 45.4372323], [9.1553779, 45.4372457], [9.1552588, 45.4372718], [9.1551108, 45.4373474]], [[9.158457, 45.4372725], [9.1583168, 45.4372685], [9.1577598, 45.4372544], [9.1563219, 45.4372177], [9.1557183, 45.4372278]], [[9.1557974, 45.4370403], [9.156759, 45.4371047], [9.1583175, 45.4371595], [9.1584638, 45.4371643]], [[9.158448, 45.4373896], [9.1583161, 45.4373853], [9.156532, 45.4373389], [9.1563521, 45.4373342]], [[9.1584713, 45.4370462], [9.1586122, 45.4370505], [9.1605893, 45.4371042]], [[9.1584638, 45.4371643], [9.1586059, 45.4371694], [9.1590885, 45.4371851], [9.1605816, 45.4372334]], [[9.158457, 45.4372725], [9.1584638, 45.4371643]], [[9.158448, 45.4373896], [9.158457, 45.4372725]], [[9.1605851, 45.4374705], [9.158594, 45.4373956], [9.158448, 45.4373896]], [[9.1605766, 45.4373389], [9.1586003, 45.437276], [9.158457, 45.4372725]], [[9.1563521, 45.4373342], [9.1562878, 45.437327], [9.1558759, 45.4372558], [9.1557183, 45.4372278]], [[9.1707285, 45.4378172], [9.17066, 45.4377737], [9.1706139, 45.4377489], [9.1705507, 45.4377272], [9.1705175, 45.4377191], [9.1704775, 45.4377129], [9.1704409, 45.4377095], [9.1703976, 45.437708]], [[9.1648188, 45.4374849], [9.1648328, 45.4373576]], [[9.165111, 45.4374965], [9.1648188, 45.4374849]], [[9.1648188, 45.4374849], [9.1647091, 45.4374804], [9.1644306, 45.4374669]], [[9.165103, 45.4373616], [9.165111, 45.4374965]], [[9.1643954, 45.4374641], [9.1640268, 45.4375476], [9.1638265, 45.4375761], [9.1636385, 45.4375813], [9.1628267, 45.437551], [9.1626904, 45.4375479]], [[9.1705454, 45.4376271], [9.169117, 45.4375813], [9.1679666, 45.4376054]], [[9.1680065, 45.4374176], [9.1690552, 45.4374945], [9.1705544, 45.4375395]], [[9.1657459, 45.4375246], [9.1653644, 45.4375749], [9.165241, 45.4376322], [9.1651815, 45.4376669], [9.1651311, 45.4377027]], [[9.165103, 45.4373616], [9.1652223, 45.4373641], [9.1656648, 45.4373716]], [[9.1627025, 45.4374096], [9.1625631, 45.4374062], [9.1625474, 45.4374056], [9.1620705, 45.4373902], [9.1605766, 45.4373389]], [[9.1626904, 45.4375479], [9.1625576, 45.4375443], [9.1625359, 45.4375435], [9.1605851, 45.4374705]], [[9.1605893, 45.4371042], [9.1615731, 45.4371359], [9.1625674, 45.4371679], [9.1625898, 45.4371686], [9.1627163, 45.4371743]], [[9.1627163, 45.4371743], [9.1628016, 45.4371766], [9.1628494, 45.437178], [9.163347, 45.4371924], [9.1637237, 45.4372056], [9.164014, 45.4372273], [9.1642953, 45.4372975], [9.1643971, 45.4373509]], [[9.1605816, 45.4372334], [9.1625565, 45.4372977], [9.1627125, 45.4373043]], [[9.1627125, 45.4373043], [9.1628415, 45.4373083], [9.1632998, 45.4373209], [9.1643971, 45.4373509]], [[9.1679666, 45.4376054], [9.1671475, 45.4375719]], [[9.1643971, 45.4373509], [9.1644748, 45.4373537]], [[9.1644306, 45.4374669], [9.1643954, 45.4374641]], [[9.1656648, 45.4373716], [9.1660646, 45.4373736], [9.1668671, 45.4373808]], [[9.1671475, 45.4375719], [9.1657459, 45.4375246]], [[9.1648328, 45.4373576], [9.165103, 45.4373616]], [[9.1680065, 45.4374176], [9.1680446, 45.4374176], [9.1690993, 45.4374168], [9.1696171, 45.4374268]], [[9.1644748, 45.4373537], [9.1647173, 45.4373537], [9.1648328, 45.4373576]], [[9.1657459, 45.4375246], [9.1652152, 45.4375033], [9.165111, 45.4374965]], [[9.1696171, 45.4374268], [9.1699174, 45.4374348]], [[9.1668671, 45.4373808], [9.1673806, 45.4373961], [9.1676486, 45.4374058], [9.1680065, 45.4374176]], [[9.1643954, 45.4374641], [9.1628351, 45.4374132], [9.1627025, 45.4374096]], [[9.1647951, 45.4376817], [9.1646681, 45.4376126], [9.1644306, 45.4374669]], [[9.1644748, 45.4373537], [9.1647001, 45.4372356], [9.1647901, 45.4371798], [9.1648438, 45.4371466]], [[9.1650981, 45.4370828], [9.1651865, 45.4372131], [9.1652459, 45.4372682], [9.1653094, 45.4372997], [9.1654464, 45.4373427], [9.1656648, 45.4373716]], [[9.1699174, 45.4374348], [9.170307, 45.4374561], [9.1704701, 45.4374591], [9.1705298, 45.4374603], [9.1705866, 45.4374604], [9.1706239, 45.4374586], [9.1706576, 45.4374553], [9.1706857, 45.4374501], [9.1707084, 45.4374417], [9.170729, 45.4374304]], [[9.1703976, 45.437708], [9.1690462, 45.4376587], [9.1685871, 45.437636], [9.1679666, 45.4376054]]]}}, {"type": "Feature", "properties": {"id": "SS-MIL-4871", "nome": "Viale Federico Caprilli", "quartiere": "", "classificazione": "giallo", "score": 3, "note": "strada urbana senza ciclabile", "ciclabile": "no", "n_corsie": "2", "senso_unico": "no", "n_testimonianze": "0", "zona": "B1"}, "geometry": {"type": "MultiLineString", "coordinates": [[[9.1329198, 45.4801955], [9.1328539, 45.4802069], [9.1326838, 45.4802345], [9.1325386, 45.4802579], [9.1323996, 45.4802802], [9.1322787, 45.4802985], [9.1321344, 45.4803201], [9.1320648, 45.4803301], [9.1319945, 45.4803397], [9.1319227, 45.4803486], [9.1318514, 45.4803564], [9.1317631, 45.4803655], [9.1316769, 45.4803735], [9.1316031, 45.4803794], [9.1315304, 45.4803846], [9.1314547, 45.4803888], [9.1313666, 45.4803913], [9.13128, 45.4803916], [9.1312036, 45.48039], [9.1311292, 45.4803875], [9.1310188, 45.4803834], [9.1308995, 45.4803782], [9.1307889, 45.4803725], [9.1306639, 45.480364], [9.1305293, 45.4803538]], [[9.1364008, 45.4794747], [9.1363755, 45.4794156], [9.1363785, 45.4793615], [9.1363896, 45.4793213]], [[9.1418229, 45.47934], [9.1416719, 45.4792883]], [[9.1400574, 45.4785382], [9.1402683, 45.4785438], [9.1404428, 45.4785669], [9.1405769, 45.4785951], [9.1406644, 45.4786148]], [[9.1417791, 45.4791089], [9.1420405, 45.4791774]], [[9.1399608, 45.4785454], [9.1400574, 45.4785382]], [[9.1301693, 45.4802002], [9.1302802, 45.4802713], [9.1303598, 45.4803083], [9.1305293, 45.4803538]], [[9.1305293, 45.4803538], [9.1303287, 45.4803312], [9.1302235, 45.4803254], [9.1300604, 45.480294]], [[9.1346847, 45.4798567], [9.1345482, 45.4798854], [9.1344211, 45.4799125], [9.1343305, 45.4799313], [9.1342167, 45.4799547], [9.1340781, 45.4799832], [9.1339406, 45.4800102], [9.1337931, 45.4800391], [9.133658, 45.4800642], [9.1335867, 45.4800776], [9.1334995, 45.4800933], [9.1333695, 45.4801167], [9.1332659, 45.4801345]], [[9.1364008, 45.4794747], [9.1366348, 45.4794229]], [[9.1364008, 45.4794747], [9.1358925, 45.4795882], [9.1356006, 45.4796537], [9.1354067, 45.4796973], [9.1352546, 45.479731], [9.1351287, 45.479759], [9.1349834, 45.4797911], [9.134831, 45.4798252], [9.1346847, 45.4798567]], [[9.1400961, 45.4786176], [9.1399608, 45.4785454]], [[9.1396895, 45.4786181], [9.139878, 45.4785668], [9.1399608, 45.4785454]], [[9.139313, 45.4787761], [9.1394033, 45.4787184], [9.139586, 45.4786489]], [[9.1382363, 45.4790591], [9.1383254, 45.4790376], [9.1384023, 45.4790183], [9.1385246, 45.4789878], [9.1386351, 45.4789589], [9.1387332, 45.4789332], [9.1388559, 45.4789004], [9.1389811, 45.4788665], [9.1391219, 45.4788284], [9.139313, 45.4787761]], [[9.1400961, 45.4786176], [9.1400062, 45.4786241], [9.1399258, 45.4786382], [9.1394533, 45.4787649], [9.139313, 45.4787761]], [[9.1400574, 45.4785382], [9.1400961, 45.4786176]], [[9.1405504, 45.4786984], [9.1404271, 45.4786626], [9.140305, 45.4786355], [9.1401958, 45.4786234], [9.1400961, 45.4786176]], [[9.139586, 45.4786489], [9.1396895, 45.4786181]], [[9.1379818, 45.4791198], [9.1381076, 45.4790903], [9.1382363, 45.4790591]], [[9.1416719, 45.4792883], [9.1407768, 45.4787977], [9.1406536, 45.4787369], [9.1405504, 45.4786984]], [[9.1406644, 45.4786148], [9.1408439, 45.4786726], [9.1409568, 45.4787152], [9.1415689, 45.4790248], [9.1417791, 45.4791089]], [[9.1366348, 45.4794229], [9.1367617, 45.4793949], [9.1369178, 45.4793599], [9.1370967, 45.4793197], [9.1373083, 45.4792715], [9.1374977, 45.4792289], [9.1377708, 45.4791677], [9.1379369, 45.4791303], [9.1379818, 45.4791198]], [[9.1332659, 45.4801345], [9.1329198, 45.4801955]], [[9.1365067, 45.479303], [9.1365479, 45.4793253], [9.1365925, 45.4793648], [9.1366348, 45.4794229]], [[9.1363896, 45.4793213], [9.136446, 45.4793042], [9.1365067, 45.479303]]]}}, {"type": "Feature", "properties": {"id": "SS-MIL-4887", "nome": "Viale Giovanni Migliara", "quartiere": "", "classificazione": "rosso", "score": 4, "note": "strada principale trafficata (2 corsie)", "ciclabile": "no", "n_corsie": "2", "senso_unico": "si", "n_testimonianze": "0", "zona": "B1"}, "geometry": {"type": "MultiLineString", "coordinates": [[[9.1427868, 45.479158], [9.1427817, 45.4790626], [9.1427737, 45.4789129]], [[9.1433004, 45.4763578], [9.1432285, 45.4765045], [9.1432259, 45.4765106], [9.1431045, 45.4770405], [9.1430903, 45.4771026], [9.1430839, 45.4771384], [9.143038, 45.4773943], [9.1430325, 45.4776067]], [[9.1430964, 45.4788229], [9.143109, 45.4790559], [9.143116, 45.4791866]], [[9.1427737, 45.4789129], [9.1427633, 45.4787182]], [[9.1430325, 45.4776067], [9.1430492, 45.4779462], [9.1430807, 45.4785303], [9.1430964, 45.4788229]], [[9.1427633, 45.4787182], [9.1427224, 45.477956], [9.1427122, 45.4777425]], [[9.1427122, 45.4777425], [9.142702, 45.4773957], [9.1427103, 45.4772444], [9.1427285, 45.4771196], [9.1427666, 45.476945], [9.1428283, 45.4767489], [9.1429167, 45.4764671], [9.1429178, 45.4764597], [9.1429148, 45.4764162], [9.1429022, 45.4763734], [9.1428758, 45.4763419]]]}}, {"type": "Feature", "properties": {"id": "SS-MIL-4893", "nome": "Viale Giulio Richard", "quartiere": "", "classificazione": "giallo", "score": 3, "note": "strada urbana senza ciclabile", "ciclabile": "no", "n_corsie": "2", "senso_unico": "si", "n_testimonianze": "0", "zona": "B1"}, "geometry": {"type": "MultiLineString", "coordinates": [[[9.1475984, 45.4432681], [9.1475291, 45.4435578], [9.1475002, 45.4436328], [9.1473796, 45.4438359], [9.1467602, 45.4448798]], [[9.1475984, 45.4432681], [9.1472619, 45.443658], [9.1471132, 45.4438303]], [[9.1463947, 45.4453615], [9.1463412, 45.4453624], [9.1462622, 45.4453547], [9.1461639, 45.4453261], [9.1461163, 45.4452985]], [[9.146071, 45.4452547], [9.1461467, 45.445113], [9.1463409, 45.4447695]], [[9.146486, 45.4453619], [9.1463805, 45.4455458], [9.1463709, 45.4455674], [9.1463489, 45.4456171], [9.1463438, 45.4456267]], [[9.1459166, 45.4455391], [9.1460296, 45.4453272], [9.146071, 45.4452547]], [[9.1467602, 45.4448798], [9.146486, 45.4453619]], [[9.1463409, 45.4447695], [9.1467304, 45.4440985], [9.1470246, 45.4436256], [9.1472548, 45.4432819], [9.1473454, 45.4431823]], [[9.1471132, 45.4438303], [9.1471829, 45.4436359], [9.1473454, 45.4431823]], [[9.1461163, 45.4452985], [9.1460942, 45.4452857], [9.146071, 45.4452547]], [[9.146486, 45.4453619], [9.1464095, 45.4453616], [9.1463947, 45.4453615]]]}}, {"type": "Feature", "properties": {"id": "SS-MIL-4907", "nome": "Viale Italia", "quartiere": "", "classificazione": "rosso", "score": 4, "note": "strada principale trafficata (2 corsie)", "ciclabile": "no", "n_corsie": "2", "senso_unico": "si", "n_testimonianze": "0", "zona": "B1"}, "geometry": {"type": "MultiLineString", "coordinates": [[[9.1006901, 45.436969], [9.1006266, 45.4369403], [9.1005172, 45.4369091], [9.1001816, 45.4368118], [9.0999228, 45.4367348], [9.0974943, 45.436012]], [[9.0957071, 45.4351014], [9.0961463, 45.4352541], [9.0967978, 45.4354611], [9.0968823, 45.4354867], [9.0970607, 45.4355392], [9.0971913, 45.4355777], [9.0975739, 45.4356846], [9.0978989, 45.4357755], [9.1000871, 45.4364266], [9.1007064, 45.4366109], [9.1007779, 45.4366318], [9.1008572, 45.436655]], [[9.0907176, 45.4336375], [9.0905553, 45.4335792]], [[9.0905553, 45.4335792], [9.0902871, 45.4335246], [9.0898323, 45.4334211], [9.0895358, 45.4333169], [9.08949, 45.4333008]], [[9.0928905, 45.4343716], [9.0923768, 45.4342411], [9.0921371, 45.4342004]], [[9.0907676, 45.4332571], [9.091716, 45.4336462], [9.0918151, 45.4336885], [9.0927915, 45.4340757], [9.0929086, 45.4341211], [9.0937208, 45.4344283], [9.0939268, 45.4345072], [9.0941406, 45.4345854], [9.0947466, 45.4348021], [9.0956385, 45.4350825], [9.0957071, 45.4351014]], [[9.0939556, 45.434911], [9.0934, 45.4347011], [9.0930642, 45.4345639], [9.0927755, 45.434446], [9.0921371, 45.4342004], [9.0917068, 45.4340289], [9.0915853, 45.4339871], [9.0907176, 45.4336375]], [[9.0973582, 45.4359715], [9.0969792, 45.4358587], [9.0969066, 45.4358371], [9.0968029, 45.4358059], [9.0967454, 45.4357886], [9.0966258, 45.4357531], [9.0965095, 45.4357191], [9.0962919, 45.4356527], [9.0952859, 45.4353515], [9.0951302, 45.4353022], [9.0948645, 45.4352181], [9.0947774, 45.4351899], [9.0944896, 45.4350935], [9.0941483, 45.4349744], [9.0939556, 45.434911]], [[9.0974943, 45.436012], [9.0973582, 45.4359715]], [[9.1012446, 45.4367847], [9.1041089, 45.4376484], [9.1043238, 45.4377132], [9.1050021, 45.4379177], [9.1050657, 45.4379252], [9.1051378, 45.4379252], [9.1051985, 45.4379312]], [[9.1049392, 45.4382683], [9.1049151, 45.4382549], [9.1048949, 45.4382379], [9.1048636, 45.4382143], [9.104831, 45.4381966], [9.1046265, 45.4381354], [9.1018135, 45.4372863], [9.1011507, 45.4370844], [9.1010709, 45.4370601]], [[9.2436921, 45.5352361], [9.2436087, 45.5351556], [9.2427404, 45.5343184], [9.2425909, 45.5341742]], [[9.2282141, 45.5241336], [9.22834, 45.5241862], [9.2288483, 45.524406]], [[9.232231, 45.5261346], [9.2323649, 45.526066]], [[9.2345681, 45.5272226], [9.2346759, 45.527119]], [[9.2289725, 45.5244596], [9.2291117, 45.5244504], [9.2295289, 45.5246376], [9.2297396, 45.5247321], [9.2298218, 45.5247995], [9.2299389, 45.5249172]], [[9.2288483, 45.524406], [9.2289725, 45.5244596]], [[9.2323649, 45.526066], [9.2325227, 45.5261365], [9.2326047, 45.5261731], [9.2326841, 45.5262086], [9.2336406, 45.5266552], [9.2337994, 45.5267294], [9.2339179, 45.5267831], [9.2340822, 45.5268492], [9.2346759, 45.527119], [9.2349395, 45.5272421], [9.2355583, 45.5275332], [9.2359357, 45.5277445], [9.2361048, 45.5278392], [9.236623, 45.5281933], [9.2366583, 45.5282225], [9.2370859, 45.528577], [9.237261, 45.5287342]], [[9.2401873, 45.5318047], [9.2400541, 45.5316764], [9.2397646, 45.5313977], [9.2392509, 45.5309031], [9.2382308, 45.5299274], [9.2378959, 45.529607], [9.2375814, 45.5293062], [9.2371569, 45.5289002], [9.2370604, 45.5288079]], [[9.2403583, 45.5317962], [9.2404452, 45.5318801], [9.2420408, 45.533434], [9.2421359, 45.5335266]], [[9.2286929, 45.5244631], [9.2285057, 45.5244443], [9.2284217, 45.5244632], [9.2283736, 45.5244934], [9.2283307, 45.5245206]], [[9.2427385, 45.5340996], [9.2428865, 45.5342504], [9.2432149, 45.534566], [9.2433642, 45.5347094]], [[9.2370604, 45.5288079], [9.2369289, 45.5286813]], [[9.243813, 45.5351556], [9.2438806, 45.5352161], [9.2439413, 45.5352753], [9.2441252, 45.5354549]], [[9.2441252, 45.5354549], [9.244347, 45.5356687], [9.244845, 45.5361487], [9.2456328, 45.5369081], [9.2457501, 45.5370225]], [[9.2433642, 45.5347094], [9.2434715, 45.5347601], [9.2437129, 45.534995], [9.2437558, 45.5350232], [9.2438465, 45.5350453], [9.2439033, 45.5350495], [9.2439732, 45.5350362], [9.2440775, 45.5349895], [9.2441974, 45.5349622]], [[9.2433642, 45.5347094], [9.2437543, 45.5350972], [9.243813, 45.5351556]], [[9.237261, 45.5287342], [9.2373968, 45.5288583], [9.2374872, 45.528948], [9.2380044, 45.5294617], [9.239365, 45.5308129]], [[9.2286929, 45.5244631], [9.2284451, 45.5243496], [9.2283797, 45.5243196], [9.2282528, 45.5242619]], [[9.2369289, 45.5286813], [9.2368188, 45.5285811], [9.2366622, 45.5284401], [9.23647, 45.5282669], [9.2360008, 45.527943], [9.2358188, 45.5278403], [9.2354759, 45.5276466], [9.2345681, 45.5272226], [9.2339971, 45.5269585], [9.2338754, 45.5269032], [9.2337332, 45.5268378], [9.2330194, 45.5265091], [9.2325153, 45.5262737], [9.232425, 45.5262315], [9.232231, 45.5261346], [9.2321181, 45.5260804], [9.2319323, 45.5259912]], [[9.230722, 45.5254323], [9.230813, 45.5253311]], [[9.2299389, 45.5249172], [9.2300866, 45.5249872], [9.230813, 45.5253311], [9.2322023, 45.525989], [9.2323649, 45.526066]], [[9.2300082, 45.5250954], [9.2300282, 45.52504], [9.2300866, 45.5249872]], [[9.2425909, 45.5341742], [9.2425009, 45.5340833], [9.2420625, 45.5336405], [9.242006, 45.5335834], [9.2419137, 45.5334932], [9.2403213, 45.531936], [9.2401873, 45.5318047]], [[9.2289725, 45.5244596], [9.2290673, 45.5245045], [9.2299389, 45.5249172]], [[9.2447265, 45.5362133], [9.243804, 45.5353418], [9.2436921, 45.5352361]], [[9.2421359, 45.5335266], [9.2421904, 45.5335785], [9.242647, 45.5340126], [9.2427385, 45.5340996]], [[9.2402423, 45.5316842], [9.2403197, 45.5317585], [9.2403583, 45.5317962]], [[9.239365, 45.5308129], [9.2397943, 45.5312393], [9.2401762, 45.5316186], [9.2402423, 45.5316842]], [[9.229404, 45.5248041], [9.2290271, 45.5246204], [9.2286929, 45.5244631]], [[9.2319323, 45.5259912], [9.2312592, 45.5256809], [9.2307627, 45.5254519], [9.230722, 45.5254323], [9.2300082, 45.5250954], [9.229404, 45.5248041]]]}}, {"type": "Feature", "properties": {"id": "SS-MIL-4910", "nome": "Viale Legioni Romane", "quartiere": "", "classificazione": "rosso", "score": 4, "note": "strada secondaria trafficata", "ciclabile": "no", "n_corsie": "2", "senso_unico": "si", "n_testimonianze": "0", "zona": "B1"}, "geometry": {"type": "MultiLineString", "coordinates": [[[9.1296835, 45.4595897], [9.1295477, 45.4595562]], [[9.1295477, 45.4595562], [9.1294207, 45.4595203], [9.1292766, 45.459478]], [[9.1295477, 45.4595562], [9.129599, 45.4594569]], [[9.1353116, 45.4609975], [9.1343832, 45.4607614], [9.1338664, 45.4606262]], [[9.1292766, 45.459478], [9.1289022, 45.4593339]], [[9.1262508, 45.4585969], [9.126395, 45.4586348], [9.1267774, 45.4587752]], [[9.129599, 45.4594569], [9.1297415, 45.4594942]], [[9.1297415, 45.4594942], [9.1298561, 45.4595232], [9.1300027, 45.4595634]], [[9.128555, 45.4592407], [9.1283548, 45.4591874]], [[9.1276569, 45.4590043], [9.1270797, 45.4588535], [9.1267774, 45.4587752]], [[9.1289022, 45.4593339], [9.129311, 45.4593867]], [[9.1283548, 45.4591874], [9.1279495, 45.4590818]], [[9.1297415, 45.4594942], [9.1296835, 45.4595897]], [[9.1300027, 45.4595634], [9.1300998, 45.4595993], [9.1304008, 45.4597105], [9.1305201, 45.4597546]], [[9.129311, 45.4593867], [9.1294191, 45.4594135], [9.1294738, 45.4594266], [9.129599, 45.4594569]], [[9.1267774, 45.4587752], [9.1265681, 45.4587424], [9.1264042, 45.4587167], [9.1263546, 45.4587048], [9.1262069, 45.458669]], [[9.1279495, 45.4590818], [9.1277657, 45.4590331], [9.1277254, 45.4590224], [9.1276569, 45.4590043]], [[9.1298589, 45.4592852], [9.1298015, 45.4593874], [9.1297801, 45.4594256], [9.1297415, 45.4594942]], [[9.1314714, 45.4600024], [9.1312946, 45.4599563]], [[9.1299527, 45.4596583], [9.1298377, 45.4596313], [9.1297983, 45.4596208], [9.1296835, 45.4595897]], [[9.1298589, 45.4592852], [9.1298893, 45.4593685], [9.1299213, 45.4594262], [9.1299712, 45.459509], [9.1300027, 45.4595634]], [[9.1338664, 45.4606262], [9.1334648, 45.4605216], [9.1330869, 45.4604231]], [[9.1363659, 45.4611729], [9.1367885, 45.4612437], [9.1369003, 45.4612629]], [[9.131825, 45.4600945], [9.1315553, 45.460024], [9.1315355, 45.460019], [9.1314714, 45.4600024]], [[9.1330869, 45.4604231], [9.1328714, 45.4603676], [9.1327696, 45.4603405]], [[9.1327696, 45.4603405], [9.1322837, 45.460214]], [[9.1312946, 45.4599563], [9.1309682, 45.4598713]], [[9.1322837, 45.460214], [9.131825, 45.4600945]], [[9.1309682, 45.4598713], [9.1306595, 45.4597909]], [[9.1306595, 45.4597909], [9.1305495, 45.4597623], [9.1305201, 45.4597546]], [[9.1305201, 45.4597546], [9.1303885, 45.4597323], [9.1299527, 45.4596583]], [[9.1353116, 45.4609975], [9.135446, 45.4609985], [9.1360618, 45.4611315], [9.1362701, 45.4611614], [9.1363659, 45.4611729]], [[9.1360003, 45.4612077], [9.1354192, 45.4610612], [9.1353116, 45.4609975]], [[9.1289022, 45.4593339], [9.1287917, 45.4593046], [9.128555, 45.4592407]]]}}, {"type": "Feature", "properties": {"id": "SS-MIL-4914", "nome": "Viale Lodovico Scarampo", "quartiere": "", "classificazione": "rosso", "score": 4, "note": "strada principale trafficata", "ciclabile": "no", "n_corsie": "2", "senso_unico": "si", "n_testimonianze": "0", "zona": "B1"}, "geometry": {"type": "MultiLineString", "coordinates": [[[9.1486448, 45.4828054], [9.1485317, 45.4828919]], [[9.1485263, 45.4827268], [9.1486388, 45.4826396], [9.1487908, 45.4825199]], [[9.1485263, 45.4827268], [9.1486448, 45.4828054]], [[9.1447316, 45.4854966], [9.1448065, 45.4854394], [9.1448947, 45.4853748]], [[9.1450005, 45.4854434], [9.1461193, 45.4845894], [9.146357, 45.4844069]], [[9.1464179, 45.4844947], [9.1450749, 45.4855005]], [[9.1450749, 45.4855005], [9.1448086, 45.4856867]], [[9.1457196, 45.4847407], [9.1460899, 45.4844294], [9.1462374, 45.4843192]], [[9.1487359, 45.4828658], [9.14862, 45.4829517]], [[9.15006, 45.4818254], [9.1499477, 45.4819675], [9.1493118, 45.4824338]], [[9.1487908, 45.4825199], [9.1488238, 45.4823912], [9.1490167, 45.4822255]], [[9.1490167, 45.4822255], [9.1496, 45.4817782], [9.1498344, 45.4816055], [9.1500273, 45.4815521], [9.1501585, 45.4815334]], [[9.151093, 45.4809985], [9.1510204, 45.4810548]], [[9.1474987, 45.4836826], [9.1464179, 45.4844947]], [[9.1480878, 45.4832316], [9.1474987, 45.4836826]], [[9.1473781, 45.4836096], [9.1479842, 45.4831434]], [[9.1481822, 45.4832864], [9.1475947, 45.4837274]], [[9.146357, 45.4844069], [9.1473781, 45.4836096]], [[9.1462374, 45.4843192], [9.1472131, 45.4835789]], [[9.14862, 45.4829517], [9.148523, 45.4830279], [9.1481822, 45.4832864]], [[9.1465445, 45.4845403], [9.1462822, 45.4847537], [9.1460442, 45.4849035]], [[9.1475947, 45.4837274], [9.1468543, 45.4842966], [9.1467979, 45.4843392], [9.1467629, 45.484367], [9.1465445, 45.4845403]], [[9.1460442, 45.4849035], [9.145649, 45.4852036]], [[9.1479842, 45.4831434], [9.1480116, 45.4831223]], [[9.1472484, 45.4835529], [9.1477562, 45.4831825], [9.1477854, 45.4831466], [9.1477963, 45.4831033], [9.1477781, 45.4830736], [9.1477471, 45.4830384]], [[9.1509518, 45.481106], [9.1508869, 45.481157]], [[9.1484145, 45.4828126], [9.1485263, 45.4827268]], [[9.1485317, 45.4828919], [9.1484339, 45.4829688], [9.1480878, 45.4832316]], [[9.1487908, 45.4825199], [9.1491138, 45.4822898]], [[9.15006, 45.4818254], [9.1498686, 45.4819323], [9.1492403, 45.4823762]], [[9.1492403, 45.4823762], [9.148798, 45.482695], [9.1487663, 45.4827183]], [[9.1493118, 45.4824338], [9.1488902, 45.4827493], [9.1488572, 45.4827745], [9.1487359, 45.4828658]], [[9.1491138, 45.4822898], [9.1501585, 45.4815334]], [[9.1448947, 45.4853748], [9.1457196, 45.4847407]], [[9.1451916, 45.4855556], [9.1450988, 45.4856261], [9.1450243, 45.4856839]], [[9.145649, 45.4852036], [9.1451916, 45.4855556]], [[9.151093, 45.4809985], [9.1509736, 45.480921]], [[9.1508961, 45.4809774], [9.1509736, 45.480921]], [[9.1501585, 45.4815334], [9.1507043, 45.4811169]], [[9.1472131, 45.4835789], [9.1472484, 45.4835529]], [[9.148268, 45.4829251], [9.1483159, 45.4828906], [9.1484145, 45.4828126]], [[9.1480116, 45.4831223], [9.148268, 45.4829251]], [[9.1477562, 45.4831825], [9.1478068, 45.4831453], [9.1478495, 45.4831336], [9.1479123, 45.483132], [9.1480116, 45.4831223]], [[9.1508869, 45.481157], [9.150218, 45.4816942], [9.15006, 45.4818254]], [[9.1507043, 45.4811169], [9.1508961, 45.4809774]], [[9.1487663, 45.4827183], [9.1486448, 45.4828054]], [[9.1510204, 45.4810548], [9.1509518, 45.481106]]]}}, {"type": "Feature", "properties": {"id": "SS-MIL-4924", "nome": "Viale Mar Jonio", "quartiere": "", "classificazione": "giallo", "score": 3, "note": "strada urbana senza ciclabile", "ciclabile": "no", "n_corsie": "2", "senso_unico": "si", "n_testimonianze": "0", "zona": "B1"}, "geometry": {"type": "MultiLineString", "coordinates": [[[9.1377452, 45.4726017], [9.1377082, 45.4726358], [9.137691, 45.4726675], [9.1376779, 45.472706], [9.1377163, 45.473135], [9.1377277, 45.473171], [9.1377572, 45.4732101], [9.1377734, 45.4732419], [9.1377954, 45.4735584], [9.1377876, 45.4735948], [9.1377532, 45.4736377], [9.1377395, 45.4736808], [9.1377494, 45.4737631], [9.1377685, 45.4739247]], [[9.1374301, 45.4752818], [9.1374747, 45.4752356], [9.1374825, 45.4751869], [9.137449, 45.4747897], [9.1374399, 45.4747494], [9.1374278, 45.4747268], [9.1374023, 45.4747005], [9.1373916, 45.4746732], [9.1373608, 45.4742905], [9.1373675, 45.4742651], [9.1373929, 45.4742096], [9.1373947, 45.4741779], [9.1373806, 45.4739388]], [[9.1377685, 45.4739247], [9.137796, 45.4742391], [9.1378089, 45.4742738], [9.1378342, 45.4743086], [9.1378533, 45.4743492], [9.1378792, 45.4747432], [9.1378732, 45.4747823], [9.1378459, 45.4748206], [9.1378321, 45.4748559], [9.1378346, 45.4749035], [9.1378572, 45.4751655], [9.1378682, 45.4752028], [9.137887, 45.4752348], [9.13791, 45.4752701]], [[9.1373806, 45.4739388], [9.137354, 45.4735268], [9.1373353, 45.4734939], [9.137287, 45.4734328], [9.1372749, 45.4733952], [9.1372696, 45.473161], [9.1372763, 45.4731337], [9.1373031, 45.4730801], [9.1373098, 45.4730453], [9.1372963, 45.4727158], [9.1372791, 45.4726742], [9.1372461, 45.4726393], [9.1372045, 45.4726108]]]}}, {"type": "Feature", "properties": {"id": "SS-MIL-4934", "nome": "Viale Misurata", "quartiere": "", "classificazione": "rosso", "score": 4, "note": "strada principale trafficata (2 corsie)", "ciclabile": "no", "n_corsie": "2", "senso_unico": "si", "n_testimonianze": "0", "zona": "B1"}, "geometry": {"type": "MultiLineString", "coordinates": [[[9.1526567, 45.4549547], [9.1527011, 45.4548637], [9.1527037, 45.454858], [9.1527454, 45.4547673]], [[9.1508766, 45.4579353], [9.1509292, 45.4579312], [9.1509555, 45.4579164], [9.15101, 45.457871], [9.1510489, 45.457819], [9.1510824, 45.4577638], [9.1511131, 45.4577397], [9.1511697, 45.4577355]], [[9.1526869, 45.4553791], [9.1526261, 45.4554835], [9.1524412, 45.4558059]], [[9.1496588, 45.4600483], [9.149686, 45.4599976], [9.1498018, 45.4597814], [9.1498373, 45.4597152]], [[9.1534471, 45.4540541], [9.1534037, 45.454132], [9.1533928, 45.4541516], [9.1530013, 45.4548547]], [[9.1511697, 45.4577355], [9.1513451, 45.4577322]], [[9.1501275, 45.4597923], [9.149897, 45.4601867], [9.1498656, 45.4602413], [9.1498031, 45.4603499]], [[9.1514976, 45.4568602], [9.1520614, 45.4559298]], [[9.1510053, 45.4583102], [9.1507414, 45.4587532]], [[9.1520614, 45.4559298], [9.1523689, 45.4554105], [9.1524416, 45.4552878]], [[9.1507447, 45.458155], [9.1508766, 45.4579353]], [[9.1507414, 45.4587532], [9.150556, 45.4590679]], [[9.1498373, 45.4597152], [9.14988, 45.4596454], [9.1502713, 45.4590054]], [[9.1513451, 45.4577322], [9.1510053, 45.4583102]], [[9.1511306, 45.4574913], [9.1513371, 45.4571363], [9.1514976, 45.4568602]], [[9.1502713, 45.4590054], [9.1503865, 45.4587985], [9.1507447, 45.458155]], [[9.150556, 45.4590679], [9.1504178, 45.4592994]], [[9.1508766, 45.4579353], [9.1510554, 45.4576206], [9.1510887, 45.4575639], [9.1511306, 45.4574913]], [[9.1516739, 45.4571556], [9.1514249, 45.457598], [9.1513914, 45.4576538], [9.1513451, 45.4577322]], [[9.152322, 45.4560167], [9.1522781, 45.4560853], [9.1516739, 45.4571556]], [[9.1530013, 45.4548547], [9.152959, 45.4549336], [9.1529566, 45.4549382], [9.1529104, 45.4550317]], [[9.1528409, 45.4545836], [9.1531301, 45.4540774], [9.1531411, 45.4540581], [9.1531875, 45.4539769]], [[9.1504178, 45.4592994], [9.1501275, 45.4597923]], [[9.1527454, 45.4547673], [9.1528409, 45.4545836]], [[9.1524412, 45.4558059], [9.152322, 45.4560167]]]}}, {"type": "Feature", "properties": {"id": "SS-MIL-4944", "nome": "Viale Murillo", "quartiere": "", "classificazione": "rosso", "score": 4, "note": "strada principale trafficata", "ciclabile": "no", "n_corsie": "2", "senso_unico": "no", "n_testimonianze": "0", "zona": "B1"}, "geometry": {"type": "MultiLineString", "coordinates": [[[9.1440898, 45.4732127], [9.1439722, 45.4731355]], [[9.1445427, 45.4734993], [9.1444482, 45.473582], [9.1441822, 45.4738072], [9.144102, 45.4738664], [9.1440191, 45.4739354]], [[9.144822, 45.4716456], [9.1447752, 45.4716683], [9.1447361, 45.4717028], [9.1447034, 45.471745], [9.1446899, 45.4717902]], [[9.1430861, 45.4754899], [9.143181, 45.4754318], [9.1432614, 45.4753553], [9.1433, 45.4753095], [9.1433276, 45.4752418], [9.1434021, 45.4749929]], [[9.1439722, 45.4731355], [9.1440064, 45.4730224], [9.1444031, 45.4717962], [9.1444188, 45.4717476]], [[9.1442283, 45.4732986], [9.1441964, 45.4733944], [9.1440191, 45.4739354]], [[9.1445427, 45.4734993], [9.1443796, 45.4733953], [9.1443116, 45.4733518], [9.1442283, 45.4732986]], [[9.1444727, 45.471607], [9.1443901, 45.4715957]], [[9.1445635, 45.4722041], [9.1442714, 45.4731874], [9.1442283, 45.4732986]], [[9.1443901, 45.4715957], [9.1442549, 45.4715545]], [[9.1442549, 45.4715545], [9.1441402, 45.4714799], [9.1440952, 45.4714275], [9.1440649, 45.4713926]], [[9.1446899, 45.4717902], [9.1445635, 45.4722041]], [[9.1444188, 45.4717476], [9.1444258, 45.4716904], [9.1444171, 45.471638], [9.1443901, 45.4715957]], [[9.1436899, 45.4749897], [9.1434977, 45.4755551], [9.1434334, 45.4757355]], [[9.1434267, 45.4749105], [9.1435941, 45.474351]], [[9.1434021, 45.4749929], [9.1434267, 45.4749105]], [[9.1436211, 45.4742608], [9.1437816, 45.4737594]], [[9.1435941, 45.474351], [9.1436211, 45.4742608]], [[9.1437816, 45.4737594], [9.1438332, 45.473595], [9.1439257, 45.4733001], [9.1439435, 45.4732461], [9.1439722, 45.4731355]], [[9.1438498, 45.4745035], [9.1436899, 45.4749897]], [[9.1440191, 45.4739354], [9.1438498, 45.4745035]], [[9.1442283, 45.4732986], [9.1440898, 45.4732127]]]}}, {"type": "Feature", "properties": {"id": "SS-MIL-4948", "nome": "Viale Paolo Onorato Vigliani", "quartiere": "", "classificazione": "giallo", "score": 3, "note": "strada urbana senza ciclabile", "ciclabile": "no", "n_corsie": "2", "senso_unico": "si", "n_testimonianze": "0", "zona": "B1"}, "geometry": {"type": "MultiLineString", "coordinates": [[[9.14862, 45.4829517], [9.1485317, 45.4828919]], [[9.1485317, 45.4828919], [9.1484145, 45.4828126]], [[9.1484145, 45.4828126], [9.1482892, 45.48273], [9.1477115, 45.4823577]], [[9.1478278, 45.4822749], [9.1483751, 45.4826276], [9.1483972, 45.4826419], [9.1485263, 45.4827268]], [[9.1477115, 45.4823577], [9.1470502, 45.48193]], [[9.1471673, 45.4818437], [9.1478278, 45.4822749]], [[9.146026, 45.4810853], [9.1461205, 45.4811472], [9.14664, 45.4814995], [9.1471673, 45.4818437]], [[9.1470502, 45.48193], [9.1465219, 45.4815876], [9.1459983, 45.4812334], [9.1459078, 45.4811745]], [[9.1459078, 45.4811745], [9.1458069, 45.4811068], [9.1456978, 45.4810398], [9.145523, 45.4809272]], [[9.1443316, 45.4799382], [9.1443751, 45.4800127], [9.14444, 45.4800705], [9.1445997, 45.4801497]], [[9.1445997, 45.4801497], [9.144939, 45.4803716], [9.1453788, 45.4806604], [9.1456405, 45.4808345]], [[9.1444882, 45.4802539], [9.1443318, 45.4801516], [9.1442314, 45.4801167], [9.1441849, 45.4801114], [9.1441487, 45.4801138]], [[9.145523, 45.4809272], [9.1444882, 45.4802539]], [[9.1456405, 45.4808345], [9.1458187, 45.4809492], [9.1459242, 45.4810184], [9.146026, 45.4810853]]]}}, {"type": "Feature", "properties": {"id": "SS-MIL-4957", "nome": "Viale Pisa", "quartiere": "", "classificazione": "giallo", "score": 3, "note": "strada urbana senza ciclabile", "ciclabile": "no", "n_corsie": "2", "senso_unico": "si", "n_testimonianze": "0", "zona": "B1"}, "geometry": {"type": "MultiLineString", "coordinates": [[[9.1366087, 45.4646035], [9.1366313, 45.4644509], [9.1365733, 45.4638309]], [[9.1369045, 45.4623999], [9.136912, 45.4625033], [9.1369666, 45.4632758], [9.1369734, 45.4633553]], [[9.1368583, 45.4645609], [9.1368531, 45.4645146], [9.1368453, 45.4644442], [9.1368042, 45.4639139]], [[9.1367588, 45.4633336], [9.1367524, 45.4632561], [9.1367115, 45.4626262]], [[9.1370244, 45.463812], [9.1370577, 45.4644376], [9.1370655, 45.4645385], [9.137069, 45.4645837]], [[9.1365733, 45.4638309], [9.1365401, 45.4634063], [9.1365327, 45.4633107]], [[9.1365327, 45.4633107], [9.1365289, 45.4632355], [9.1364789, 45.4625215], [9.1364754, 45.4624722], [9.1364677, 45.4623283]], [[9.1369734, 45.4633553], [9.1369846, 45.463456], [9.1370244, 45.463812]], [[9.1368042, 45.4639139], [9.1367861, 45.4637169]], [[9.1367861, 45.4637169], [9.1367656, 45.4634315], [9.1367588, 45.4633336]]]}}, {"type": "Feature", "properties": {"id": "SS-MIL-4974", "nome": "Viale San Gimignano", "quartiere": "", "classificazione": "giallo", "score": 3, "note": "strada urbana senza ciclabile", "ciclabile": "no", "n_corsie": "2", "senso_unico": "no", "n_testimonianze": "0", "zona": "B1"}, "geometry": {"type": "MultiLineString", "coordinates": [[[9.1363606, 45.4598683], [9.1364012, 45.4605139]], [[9.1359984, 45.454511], [9.1360082, 45.4545978], [9.136013, 45.4546731]], [[9.136155, 45.4519365], [9.13614, 45.452199], [9.1361233, 45.452259]], [[9.1361457, 45.4525277], [9.1361938, 45.4526511], [9.136303, 45.4541627], [9.1362888, 45.454221], [9.1359984, 45.454511]], [[9.1363515, 45.4547709], [9.1363628, 45.4548793]], [[9.1363628, 45.4548793], [9.136357, 45.4549399], [9.1364138, 45.4556521], [9.1364438, 45.4560418], [9.1364623, 45.4562821], [9.1364676, 45.4563428]], [[9.1359019, 45.4542848], [9.1359984, 45.454511]], [[9.1359118, 45.4547482], [9.1359045, 45.4546417]], [[9.1358343, 45.4531536], [9.1358599, 45.4537048], [9.1359019, 45.4542848]], [[9.1359992, 45.4551703], [9.1359546, 45.4550316], [9.1359389, 45.4549514], [9.135917, 45.4548241], [9.1359118, 45.4547482]], [[9.136013, 45.4546731], [9.1360155, 45.4547777]], [[9.1359045, 45.4546417], [9.1358943, 45.454567], [9.1358871, 45.4543656], [9.1359019, 45.4542848]], [[9.1361233, 45.452259], [9.1361457, 45.4525277]], [[9.1359992, 45.4551703], [9.1360308, 45.4554552], [9.1360876, 45.4562163], [9.1361058, 45.4563175]], [[9.1364676, 45.4563428], [9.1364732, 45.4564122], [9.1366218, 45.4585271], [9.1366291, 45.4586131]], [[9.1360155, 45.4547777], [9.1360177, 45.4548525], [9.1360245, 45.4549714], [9.1360204, 45.4550293], [9.1359992, 45.4551703]], [[9.1361058, 45.4563175], [9.1361094, 45.4564012], [9.1362286, 45.4580219], [9.1362537, 45.4584638], [9.1362583, 45.4585746]], [[9.1362583, 45.4585746], [9.1362599, 45.4586524], [9.1362715, 45.4587517], [9.1362859, 45.4588462], [9.1363606, 45.4598683]], [[9.1366298, 45.4587812], [9.1366403, 45.4589246], [9.1367303, 45.4599127]], [[9.1366291, 45.4586131], [9.1366296, 45.4586891], [9.1366298, 45.4587812]], [[9.1367303, 45.4599127], [9.1367548, 45.4602285], [9.1367852, 45.460526], [9.1367841, 45.4605506], [9.1367643, 45.4605776], [9.1367289, 45.4605901], [9.1365654, 45.4605877], [9.1364696, 45.4605771], [9.1364374, 45.4605648], [9.1364192, 45.4605475], [9.1364012, 45.4605139]]]}}, {"type": "Feature", "properties": {"id": "SS-MIL-5018", "nome": "Vicolo Cortuccio", "quartiere": "", "classificazione": "giallo", "score": 3, "note": "strada urbana senza ciclabile", "ciclabile": "no", "n_corsie": "2", "senso_unico": "no", "n_testimonianze": "0", "zona": "B1"}, "geometry": {"type": "LineString", "coordinates": [[9.0912065, 45.4470398], [9.0913962, 45.4469511], [9.0915156, 45.4468888], [9.0915931, 45.446835], [9.0918523, 45.4466103], [9.0919405, 45.4465912], [9.0921791, 45.4465945]]}}]}