id,nome,quartiere,classificazione,score,note,ciclabile_presente,n_corsie,senso_unico,n_testimonianze,zona,data_segnalazione
SS-BOL-0001,Area 43,,blu,2,zona pedonale / living street,no,1,no,0,B1,
SS-BOL-0002,Area 47,,blu,2,zona pedonale / living street,no,1,no,0,B1,
SS-BOL-0003,Area 48 bis,,blu,2,zona pedonale / living street,no,1,no,0,B1,
SS-BOL-0004,Area 49,,blu,2,zona pedonale / living street,no,1,no,0,B1,
SS-BOL-0005,Arena Orfeonica,,blu,2,zona pedonale / living street,no,1,no,0,B1,
SS-BOL-0006,Asse Attrezzato Sud-Ovest,,nero,5,"strada ad alta velocità (trunk, 50 km/h)",no,3,si,0,A1,
SS-BOL-0007,Ciclabile Parco Bella Fuori,,verde,1,ciclabile presente (da OpenStreetMap),si,2,no,0,A1,
SS-BOL-0008,Ciclabile Scandellara,,verde,1,ciclabile presente (da OpenStreetMap),si,2,no,0,B1,
SS-BOL-0009,Ciclopedonale di via del Pilastro,,verde,1,ciclabile presente (da OpenStreetMap),si,2,no,0,B1,
SS-BOL-0010,Corte de' Galluzzi,,blu,2,zona pedonale / living street,no,1,no,0,A1,
SS-BOL-0011,Galleria 2 Agosto 1980,,blu,2,zona pedonale / living street,no,1,no,0,B1,
SS-BOL-0012,Galleria Guglielmo Marconi,,blu,2,zona pedonale / living street,no,1,no,0,B1,
SS-BOL-0013,Galleria del Pincio,,blu,2,zona pedonale / living street,no,1,no,0,B1,
SS-BOL-0014,Honore de Balzac,,giallo,3,strada urbana senza ciclabile,no,2,si,0,B1,
SS-BOL-0015,La Bastia,,giallo,3,strada urbana senza ciclabile,no,2,no,0,A1,
SS-BOL-0016,La Castiglia,,blu,2,zona pedonale / living street,no,1,no,0,A1,
SS-BOL-0017,Largo Alfredo Trombetti,,giallo,3,strada urbana senza ciclabile,no,2,no,0,B1,
SS-BOL-0018,Largo Bartolo Nigrisoli,,giallo,3,strada urbana senza ciclabile (2 corsie),no,2,no,0,B1,
SS-BOL-0019,Largo Brescia,,giallo,3,strada urbana senza ciclabile,no,2,no,0,A1,
SS-BOL-0020,Largo Caduti del Lavoro,,giallo,3,strada urbana senza ciclabile (1 corsie),no,1,si,0,B1,
SS-BOL-0021,Largo Cardinale Giacomo Lercaro,,giallo,3,strada urbana senza ciclabile,no,2,no,0,A1,
SS-BOL-0022,Largo Carla Gozzi e Umberto Lugli,,blu,2,zona pedonale / living street,no,1,no,0,B1,
SS-BOL-0023,Largo Giovanni Ignazio Molina,,blu,2,zona pedonale / living street,no,1,si,0,A1,
SS-BOL-0024,Largo Giovanni Pico della Mirandola,,blu,2,zona pedonale / living street,no,1,no,0,B1,
SS-BOL-0025,Largo Giuliano Benassi,,blu,2,zona pedonale / living street,no,1,no,0,A1,
SS-BOL-0026,Largo Mariele Ventre,,blu,2,zona pedonale / living street,no,1,no,0,A1,
SS-BOL-0027,Largo Martiri Lager Nazisti,,giallo,3,strada urbana senza ciclabile (1 corsie),no,1,si,0,B1,
SS-BOL-0028,Largo Maurizio Pincherle,,blu,2,zona pedonale / living street,no,1,no,0,A1,
SS-BOL-0029,Largo Respighi,,verde,1,ciclabile presente (da OpenStreetMap),si,2,si,0,B1,
SS-BOL-0030,"Largo Sonia Burri, Patrizia Messineo e Silvana Serravalli",,blu,2,zona pedonale / living street,no,1,no,0,B1,
SS-BOL-0031,Largo Tina Merlin,,giallo,3,strada urbana senza ciclabile,no,2,no,0,A1,
SS-BOL-0032,Largo Velia Carli e Salvatore Lauro,,blu,2,zona pedonale / living street,no,1,no,0,B1,
SS-BOL-0033,Largo Vittime Lager Nazisti,,giallo,3,strada urbana senza ciclabile (1 corsie),no,1,si,0,B1,
SS-BOL-0034,Località Castell'Arienti,,giallo,3,strada urbana senza ciclabile,no,2,no,0,A1,
SS-BOL-0035,Mura di Porta Castiglione,,giallo,3,strada urbana senza ciclabile,no,2,si,0,A1,
SS-BOL-0036,Mura di Porta D'Azeglio,,giallo,3,strada urbana senza ciclabile,no,2,si,0,A1,
SS-BOL-0037,Mura di Porta Saragozza,,giallo,3,strada urbana senza ciclabile (1 corsie),no,1,si,0,A1,
SS-BOL-0038,Passaggio Alfonsina Morini,,verde,1,ciclabile presente (da OpenStreetMap),si,2,no,0,A1,
SS-BOL-0039,Passaggio Alfonso Marescalchi,,giallo,3,strada urbana senza ciclabile,no,2,no,0,B1,
SS-BOL-0040,Passaggio Amorveno Marzagalli,,verde,1,ciclabile presente (da OpenStreetMap),si,2,no,0,B1,
SS-BOL-0041,Passaggio Antonella Ceci,,verde,1,ciclabile presente (da OpenStreetMap),si,2,no,0,B1,
SS-BOL-0042,Passaggio Antonino Di Paola,,verde,1,ciclabile presente (da OpenStreetMap),si,2,no,0,A1,
SS-BOL-0043,Passaggio Argeo Bonora,,verde,1,ciclabile presente (da OpenStreetMap),si,2,no,0,A1,
SS-BOL-0044,Passaggio Brigitte Drouhard,,verde,1,ciclabile presente (da OpenStreetMap),si,2,no,0,B1,
SS-BOL-0045,Passaggio Carlo Scarpa,,verde,1,ciclabile presente (da OpenStreetMap),si,2,no,0,B1,
SS-BOL-0046,Passaggio Claudia Testoni,,verde,1,ciclabile presente (da OpenStreetMap),si,2,no,0,A1,
SS-BOL-0047,Passaggio Edmondo Fabbri,,verde,1,ciclabile presente (da OpenStreetMap),si,2,no,0,B1,
SS-BOL-0048,Passaggio Eglantyne Jebb,,verde,1,ciclabile presente (da OpenStreetMap),si,2,no,0,B1,
SS-BOL-0049,Passaggio Enrico Pasquali,,verde,1,ciclabile presente (da OpenStreetMap),si,2,no,0,B1,
SS-BOL-0050,Passaggio Ermanna Orsoni,,verde,1,ciclabile presente (da OpenStreetMap),si,2,no,0,A1,
SS-BOL-0051,Passaggio Francesco Santini,,verde,1,ciclabile presente (da OpenStreetMap),si,2,no,0,B1,
SS-BOL-0052,Passaggio Ginetta Chirici,,verde,1,ciclabile presente (da OpenStreetMap),si,2,no,0,B1,
SS-BOL-0053,Passaggio Giovanni Palatucci,,blu,2,zona pedonale / living street,no,1,no,0,A1,
SS-BOL-0054,Passaggio Giuseppe Dordoni,,verde,1,ciclabile presente (da OpenStreetMap),si,2,no,0,A1,
SS-BOL-0055,Passaggio Iwao Sekiguchi,,verde,1,ciclabile presente (da OpenStreetMap),si,2,no,0,B1,
SS-BOL-0056,Passaggio Lea Garofalo,,verde,1,ciclabile presente (da OpenStreetMap),si,2,no,0,B1,
SS-BOL-0057,Passaggio Lidia Olla,,verde,1,ciclabile presente (da OpenStreetMap),si,2,no,0,B1,
SS-BOL-0058,Passaggio Maria Idria Avati,,verde,1,ciclabile presente (da OpenStreetMap),si,2,no,0,B1,
SS-BOL-0059,Passaggio Mario Sica,,verde,1,ciclabile presente (da OpenStreetMap),si,2,no,0,B1,
SS-BOL-0060,Passaggio Melchiorre Bega,,verde,1,ciclabile presente (da OpenStreetMap),si,2,no,0,B1,
SS-BOL-0061,Passaggio Pietro Galassi,,verde,1,ciclabile presente (da OpenStreetMap),si,2,no,0,A1,
SS-BOL-0062,Passaggio Roberto Procelli,,verde,1,ciclabile presente (da OpenStreetMap),si,2,no,0,B1,
SS-BOL-0063,Passaggio Romeo Ruozi,,verde,1,ciclabile presente (da OpenStreetMap),si,2,no,0,A1,
SS-BOL-0064,Passaggio Tarquinio Provini,,verde,1,ciclabile presente (da OpenStreetMap),si,2,no,0,A1,
SS-BOL-0065,Passaggio Velleda Cesari,,verde,1,ciclabile presente (da OpenStreetMap),si,2,no,0,A1,
SS-BOL-0066,Passaggio Vincenzina Sala,,verde,1,ciclabile presente (da OpenStreetMap),si,2,no,0,A1,
SS-BOL-0067,Passaggio Vito Ales,,verde,1,ciclabile presente (da OpenStreetMap),si,2,no,0,B1,
SS-BOL-0068,Percorso ciclopedonale Walther Vignoli,,verde,1,ciclabile presente (da OpenStreetMap),si,2,no,0,B1,
SS-BOL-0069,Piazza 7 novembre 1944,,rosso,4,strada principale trafficata (2 corsie),no,2,si,0,B1,
SS-BOL-0070,Piazza Adam Mickiewicz,,verde,1,ciclabile presente (da OpenStreetMap),si,2,si,0,B1,
SS-BOL-0071,Piazza Aldo Capitini,,giallo,3,strada urbana senza ciclabile,no,2,no,0,B1,
SS-BOL-0072,Piazza Aldrovandi,,verde,1,ciclabile presente (da OpenStreetMap),si,2,si,0,B1,
SS-BOL-0073,Piazza Alessandro Volta,,giallo,3,strada urbana senza ciclabile (1 corsie),no,1,si,0,B1,
SS-BOL-0074,Piazza Antonino Scaravilli,,verde,1,ciclabile presente (da OpenStreetMap),si,2,no,0,B1,
SS-BOL-0075,Piazza Belluno,,giallo,3,strada urbana senza ciclabile,no,2,si,0,A1,
SS-BOL-0076,Piazza Caduti di San Ruffillo,,giallo,3,strada urbana senza ciclabile,no,2,no,0,A1,
SS-BOL-0077,Piazza Cavour,,giallo,3,strada urbana senza ciclabile (1 corsie),no,1,si,0,A1,
SS-BOL-0078,Piazza Clodoveo Bonazzi,,giallo,3,strada urbana senza ciclabile,no,2,no,0,B1,
SS-BOL-0079,Piazza Dè Calderini,,blu,2,zona pedonale / living street,no,1,no,0,A1,
SS-BOL-0080,Piazza Franklin Delano Roosvelt,,giallo,3,strada urbana senza ciclabile,no,2,si,0,B1,
SS-BOL-0081,Piazza Galileo Galilei,,giallo,3,strada urbana senza ciclabile,no,2,si,0,B1,
SS-BOL-0082,Piazza Giosuè Carducci,,giallo,3,strada urbana senza ciclabile (2 corsie),no,2,no,0,A1,
SS-BOL-0083,Piazza Giovanni Bernardi,,giallo,3,strada urbana senza ciclabile,no,2,no,0,A1,
SS-BOL-0084,Piazza Giovanni Spadolini,,blu,2,zona pedonale / living street,no,1,no,0,B1,
SS-BOL-0085,Piazza Giovanni Ventitreesimo,,giallo,3,strada urbana senza ciclabile (2 corsie),no,2,no,0,B1,
SS-BOL-0086,Piazza Giovanni da Verrazzano,,giallo,3,strada urbana senza ciclabile,no,2,no,0,B1,
SS-BOL-0087,Piazza Giuseppe Verdi,,blu,2,zona pedonale / living street,no,1,no,0,B1,
SS-BOL-0088,Piazza Grigoris Lambrakis,,blu,2,zona pedonale / living street,no,1,no,0,A1,
SS-BOL-0089,Piazza La Veneta,,blu,2,zona pedonale / living street,no,1,no,0,B1,
SS-BOL-0090,Piazza Liber Paradisus,,blu,2,zona pedonale / living street,no,1,no,0,B1,
SS-BOL-0091,Piazza Lucio Dalla,,blu,2,zona pedonale / living street,no,1,no,0,B1,
SS-BOL-0092,Piazza Luigi Galvani,,verde,1,ciclabile presente (da OpenStreetMap),si,2,no,0,A1,
SS-BOL-0093,Piazza Maggiore,,verde,1,ciclabile presente (da OpenStreetMap),si,2,no,0,B1,
SS-BOL-0094,Piazza Malpighi,,giallo,3,strada urbana senza ciclabile (2 corsie),no,2,si,0,B1,
SS-BOL-0095,Piazza Manfredi Azzarita,,giallo,3,strada urbana senza ciclabile (2 corsie),no,2,no,0,B1,
SS-BOL-0096,Piazza Memoriale della Shoah,,blu,2,zona pedonale / living street,no,1,no,0,B1,
SS-BOL-0097,Piazza Minghetti,,verde,1,ciclabile presente (da OpenStreetMap),si,2,no,0,A1,
SS-BOL-0098,Piazza Pierpaolo Pasolini,,blu,2,zona pedonale / living street,no,1,no,0,B1,
SS-BOL-0099,Piazza Re Enzo,,blu,2,zona pedonale / living street,no,1,no,0,B1,
SS-BOL-0100,Piazza Renzo Imbeni,,blu,2,zona pedonale / living street,no,1,no,0,B1,
SS-BOL-0101,Piazza San Domenico,,verde,1,ciclabile presente (da OpenStreetMap),si,2,no,0,A1,
SS-BOL-0102,Piazza San Francesco,,blu,2,zona pedonale / living street,no,1,si,0,B1,
SS-BOL-0103,Piazza San Giovanni in Monte,,giallo,3,strada urbana senza ciclabile (1 corsie),no,1,no,0,A1,
SS-BOL-0104,Piazza San Michele,,giallo,3,strada urbana senza ciclabile (2 corsie),no,2,no,0,B1,
SS-BOL-0105,Piazza Santo Stefano,,blu,2,zona pedonale / living street,no,1,no,0,A1,
SS-BOL-0106,Piazza Trento e Trieste,,giallo,3,strada urbana senza ciclabile (2 corsie),no,2,no,0,A1,
SS-BOL-0107,Piazza Venti Settembre,,giallo,3,strada urbana senza ciclabile (1 corsie),no,1,si,0,B1,
SS-BOL-0108,Piazza Vittorio Puntoni,,blu,2,zona pedonale / living street,no,1,no,0,B1,
SS-BOL-0109,Piazza de' Calderini,,giallo,3,strada urbana senza ciclabile,no,2,no,0,A1,
SS-BOL-0110,Piazza de' Celestini,,blu,2,zona pedonale / living street,no,1,no,0,A1,
SS-BOL-0111,Piazza dei Martiri 1943-1945,,giallo,3,strada urbana senza ciclabile (2 corsie),no,2,no,0,B1,
SS-BOL-0112,Piazza dei Tribunali,,giallo,3,strada urbana senza ciclabile (1 corsie),no,1,si,0,A1,
SS-BOL-0113,Piazza del Baraccano,,giallo,3,strada urbana senza ciclabile,no,2,si,0,A1,
SS-BOL-0114,Piazza del Francia,,giallo,3,strada urbana senza ciclabile,no,2,no,0,A1,
SS-BOL-0115,Piazza dell'Otto Agosto,,giallo,3,strada urbana senza ciclabile (1 corsie),no,1,si,0,B1,
SS-BOL-0116,Piazza dell'Unità,,rosso,4,strada secondaria trafficata (2 corsie),no,2,si,0,B1,
SS-BOL-0117,Piazza della Costituzione,,blu,2,accesso limitato (ZTL),no,1,si,0,B1,
SS-BOL-0118,Piazza della Mercanzia,,giallo,3,strada urbana senza ciclabile (1 corsie),no,1,si,0,B1,
SS-BOL-0119,Piazza della Pace,,giallo,3,strada urbana senza ciclabile,no,2,no,0,A1,
SS-BOL-0120,Piazza della Resistenza,,giallo,3,strada urbana senza ciclabile,no,2,si,0,B1,
SS-BOL-0121,Piazza di Porta Castiglione,,giallo,3,strada urbana senza ciclabile (1 corsie),no,1,si,0,A1,
SS-BOL-0122,Piazza di Porta Maggiore,,giallo,3,strada urbana senza ciclabile,no,2,si,0,A1,
SS-BOL-0123,Piazza di Porta Mascarella,,rosso,4,strada principale trafficata (1 corsie),no,1,si,0,B1,
SS-BOL-0124,Piazza di Porta Ravegnana,,blu,2,zona pedonale / living street,no,1,no,0,B1,
SS-BOL-0125,Piazza di Porta San Donato,,giallo,3,strada urbana senza ciclabile,no,2,si,0,B1,
SS-BOL-0126,Piazza di Porta San Felice,,rosso,4,strada principale trafficata (3 corsie),no,3,si,0,B1,
SS-BOL-0127,Piazza di Porta San Mamolo,,rosso,4,strada principale trafficata (3 corsie),no,3,si,0,A1,
SS-BOL-0128,Piazza di Porta San Vitale,,rosso,4,strada principale trafficata,no,2,si,0,B1,
SS-BOL-0129,Piazza di Porta Sant'Isaia,,verde,1,ciclabile presente (da OpenStreetMap),si,4,no,0,B1,
SS-BOL-0130,Piazza di Porta Santo Stefano,,rosso,4,strada principale trafficata (3 corsie),no,3,si,0,A1,
SS-BOL-0131,Piazza di Porta Saragozza,,giallo,3,strada urbana senza ciclabile (2 corsie),no,2,no,0,A1,
SS-BOL-0132,Piazza scolastica,,blu,2,zona pedonale / living street,no,1,no,0,B1,
SS-BOL-0133,"Piazzale Cesare Francesco Diomede Fresa, Errica Frigerio e Vito Diomede Fresa",,blu,2,zona pedonale / living street,no,1,no,0,B1,
SS-BOL-0134,Piazzale Giovanni Battista Nasalli Rocca,,giallo,3,strada urbana senza ciclabile (2 corsie),no,2,no,0,A1,
SS-BOL-0135,Piazzale Luciano Anceschi,,giallo,3,strada urbana senza ciclabile,no,2,si,0,A1,
SS-BOL-0136,Piazzale Marcella Di Folco,,blu,2,zona pedonale / living street,no,1,no,0,A1,
SS-BOL-0137,Piazzale Mario Jacchia,,verde,1,ciclabile presente (da OpenStreetMap),si,2,no,0,A1,
SS-BOL-0138,Piazzetta Achille Ardigò,,blu,2,zona pedonale / living street,no,1,no,0,B1,
SS-BOL-0139,Piazzetta Angelica Tarsi e Loredana Molina,,blu,2,zona pedonale / living street,no,1,no,0,B1,
SS-BOL-0140,Piazzetta Carlo Musi,,blu,2,zona pedonale / living street,no,1,no,0,B1,
SS-BOL-0141,Piazzetta Carlo Pelagalli,,blu,2,zona pedonale / living street,no,1,no,0,B1,
SS-BOL-0142,Piazzetta Dino Sarti,,blu,2,zona pedonale / living street,no,1,no,0,B1,
SS-BOL-0143,Piazzetta Don Antonio Gavinelli,,blu,2,zona pedonale / living street,no,1,no,0,B1,
SS-BOL-0144,Piazzetta Eleonora Geraci e Vittorio Vaccaro,,blu,2,zona pedonale / living street,no,1,no,0,B1,
SS-BOL-0145,Piazzetta Franca Dall'Olio,,blu,2,zona pedonale / living street,no,1,no,0,B1,
SS-BOL-0146,Piazzetta Giorgio Guazzaloca,,blu,2,zona pedonale / living street,no,1,no,0,B1,
SS-BOL-0147,Piazzetta Giorgio Morandi,,blu,2,zona pedonale / living street,no,1,no,0,A1,
SS-BOL-0148,Piazzetta Maccaferri,,blu,2,zona pedonale / living street,no,1,no,0,B1,
SS-BOL-0149,Piazzetta Marco Biagi,,blu,2,zona pedonale / living street,no,1,no,0,B1,
SS-BOL-0150,Piazzetta Prendiparte,,blu,2,zona pedonale / living street,no,1,no,0,B1,
SS-BOL-0151,Piazzetta Roberto Naviola,,verde,1,ciclabile presente (da OpenStreetMap),si,1,si,0,B1,
SS-BOL-0152,Piazzetta San Nicolò,,blu,2,zona pedonale / living street,no,1,no,0,B1,
SS-BOL-0153,Piazzetta San Ruffillo,,blu,2,zona pedonale / living street,no,1,no,0,A1,
SS-BOL-0154,Piazzetta Santa Margherita,,blu,2,zona pedonale / living street,no,1,no,0,B1,
SS-BOL-0155,Piazzetta Santa Maria della Pioggia,,blu,2,zona pedonale / living street,no,1,no,0,B1,
SS-BOL-0156,Piazzetta Vittorio Boarini,,blu,2,zona pedonale / living street,no,1,no,0,B1,
SS-BOL-0157,Piazzetta degli Umarells,,blu,2,zona pedonale / living street,no,1,no,0,B1,
SS-BOL-0158,Piazzetta dei Carabinieri,,giallo,3,strada urbana senza ciclabile,no,2,si,0,A1,
SS-BOL-0159,Piazzetta dei servi di Maria,,blu,2,zona pedonale / living street,no,1,no,0,A1,
SS-BOL-0160,Pista ciclabile Ada Masotti,,verde,1,ciclabile presente (da OpenStreetMap),si,2,no,0,B1,
SS-BOL-0161,Pista ciclabile Carlo Piazzi,,verde,1,ciclabile presente (da OpenStreetMap),si,2,no,0,A1,
SS-BOL-0162,Ponte Pietro Giordani,,verde,1,ciclabile presente (da OpenStreetMap),si,2,no,0,A1,
SS-BOL-0163,Rotonda 35° Reggimento Fanteria Pistoia,,rosso,4,strada principale trafficata (2 corsie),no,2,no,0,B1,
SS-BOL-0164,Rotonda Acqua Fresca,,giallo,3,strada urbana senza ciclabile,no,2,no,0,B1,
SS-BOL-0165,Rotonda Aldo Rossi,,giallo,3,strada urbana senza ciclabile (1 corsie),no,1,no,0,B1,
SS-BOL-0166,Rotonda Aleardo Donati,,giallo,3,strada urbana senza ciclabile,no,2,no,0,B1,
SS-BOL-0167,Rotonda Alex Langer,,rosso,4,strada secondaria trafficata,no,2,no,0,B1,
SS-BOL-0168,Rotonda Amedeo Biavati,,rosso,4,strada secondaria trafficata,no,2,no,0,B1,
SS-BOL-0169,Rotonda Amilcare Roncarati,,rosso,4,strada principale trafficata (2 corsie),no,2,no,0,B1,
SS-BOL-0170,Rotonda Amintore Fanfani,,rosso,4,strada principale trafficata,no,2,no,0,B1,
SS-BOL-0171,Rotonda Antonio Gasbarrini,,rosso,4,strada principale trafficata (2 corsie),no,2,no,0,B1,
SS-BOL-0172,Rotonda Antonio Lecchi,,rosso,4,strada principale trafficata (3 corsie),no,3,no,0,B1,
SS-BOL-0173,Rotonda Antonio Pezzoli,,giallo,3,strada urbana senza ciclabile (1 corsie),no,1,no,0,B1,
SS-BOL-0174,Rotonda Aristide Faccioli,,rosso,4,strada secondaria trafficata (2 corsie),no,2,no,0,B1,
SS-BOL-0175,Rotonda Armando Ghedini,,giallo,3,strada urbana senza ciclabile,no,2,no,0,B1,
SS-BOL-0176,Rotonda Arnaldo Forni,,rosso,4,strada principale trafficata (2 corsie),no,2,no,0,B1,
SS-BOL-0177,Rotonda Arnardo Gagliani,,rosso,4,strada principale trafficata,no,2,no,0,B1,
SS-BOL-0178,Rotonda Augusto Baroni,,rosso,4,strada secondaria trafficata (2 corsie),no,2,no,0,B1,
SS-BOL-0179,Rotonda Ayrton Senna,,giallo,3,strada urbana senza ciclabile (1 corsie),no,1,no,0,B1,
SS-BOL-0180,Rotonda Battaglia di Casteldebole,,rosso,4,strada principale trafficata (2 corsie),no,2,no,0,B1,
SS-BOL-0181,Rotonda Benedetto Croce,,rosso,4,strada principale trafficata (3 corsie),no,3,no,0,B1,
SS-BOL-0182,Rotonda Bernardino Spada,,giallo,3,strada urbana senza ciclabile (1 corsie),no,1,no,0,B1,
SS-BOL-0183,Rotonda Bittisia Gozzadini,,rosso,4,strada secondaria trafficata (1 corsie),no,1,no,0,B1,
SS-BOL-0184,Rotonda Brigata Paracadutisti Folgore,,rosso,4,strada principale trafficata (2 corsie),no,2,no,0,A1,
SS-BOL-0185,Rotonda Bruno Gualandi,,giallo,3,strada urbana senza ciclabile (2 corsie),no,2,no,0,B1,
SS-BOL-0186,Rotonda Caduti Italiani in Missione di Pace,,rosso,4,strada principale trafficata (2 corsie),no,2,no,0,A1,
SS-BOL-0187,Rotonda Cesare Malossi,,rosso,4,strada secondaria trafficata (2 corsie),no,2,no,0,A1,
SS-BOL-0188,Rotonda Cesare Ratta,,giallo,3,strada urbana senza ciclabile (1 corsie),no,1,no,0,B1,
SS-BOL-0189,Rotonda Charles de Gaulle,,rosso,4,strada secondaria trafficata,no,2,no,0,A1,
SS-BOL-0190,Rotonda Clara Archivolti Cavalieri,,giallo,3,strada urbana senza ciclabile,no,2,no,0,B1,
SS-BOL-0191,Rotonda Consiglio d'Europa,,rosso,4,strada principale trafficata (1 corsie),no,1,no,0,B1,
SS-BOL-0192,Rotonda Coriolano Monti,,rosso,4,strada principale trafficata (2 corsie),no,2,no,0,B1,
SS-BOL-0193,Rotonda Crocerossine,,verde,1,ciclabile presente (da OpenStreetMap),si,1,no,0,B1,
SS-BOL-0194,Rotonda Dante Cané,,giallo,3,strada urbana senza ciclabile (2 corsie),no,2,no,0,B1,
SS-BOL-0195,Rotonda Decorati al Valor Militare,,rosso,4,strada principale trafficata (3 corsie),no,3,no,0,A1,
SS-BOL-0196,Rotonda Domenico Maracino,,giallo,3,strada urbana senza ciclabile (1 corsie),no,1,no,0,B1,
SS-BOL-0197,Rotonda Don Libero Nanni,,giallo,3,strada urbana senza ciclabile (1 corsie),no,1,no,0,B1,
SS-BOL-0198,Rotonda Elena Gottarelli,,giallo,3,strada urbana senza ciclabile (1 corsie),no,1,no,0,B1,
SS-BOL-0199,Rotonda Elena Lucrezia Corner Piscopia,,rosso,4,strada secondaria trafficata (2 corsie),no,2,no,0,B1,
SS-BOL-0200,Rotonda Enrico Brunetti Rodati,,rosso,4,strada principale trafficata (1 corsie),no,1,no,0,B1,
SS-BOL-0201,Rotonda Enrico De Angeli,,rosso,4,strada principale trafficata,no,2,no,0,B1,
SS-BOL-0202,Rotonda Ernesto Stagni,,rosso,4,strada secondaria trafficata (3 corsie),no,3,no,0,B1,
SS-BOL-0203,Rotonda Ettore Tarozzi,,giallo,3,strada urbana senza ciclabile (1 corsie),no,1,no,0,B1,
SS-BOL-0204,Rotonda Fabio Taglioni,,rosso,4,strada principale trafficata (2 corsie),no,2,no,0,B1,
SS-BOL-0205,Rotonda Franco Frabboni,,giallo,3,strada urbana senza ciclabile (1 corsie),no,1,no,0,A1,
SS-BOL-0206,Rotonda Fulvio Bernardini,,rosso,4,strada secondaria trafficata (2 corsie),no,2,no,0,B1,
SS-BOL-0207,Rotonda Gino Calari,,rosso,4,strada secondaria trafficata,no,2,no,0,B1,
SS-BOL-0208,Rotonda Giovanni Michelucci,,rosso,4,strada principale trafficata,no,2,no,0,B1,
SS-BOL-0209,Rotonda Giovanni Sabadino degli Arienti,,giallo,3,strada urbana senza ciclabile (2 corsie),no,2,no,0,B1,
SS-BOL-0210,Rotonda Giulio Pastore,,giallo,3,strada urbana senza ciclabile (1 corsie),no,1,no,0,B1,
SS-BOL-0211,Rotonda Giuseppe Antonio Torri,,rosso,4,strada secondaria trafficata (2 corsie),no,2,no,0,B1,
SS-BOL-0212,Rotonda Giuseppe Gozzetti,,rosso,4,strada secondaria trafficata (2 corsie),no,2,no,0,A1,
SS-BOL-0213,Rotonda Giuseppe Modonesi,,rosso,4,strada principale trafficata (1 corsie),no,1,no,0,B1,
SS-BOL-0214,Rotonda Granatieri di Sardegna,,rosso,4,strada principale trafficata (2 corsie),no,2,no,0,B1,
SS-BOL-0215,Rotonda Ignazio Magnani,,giallo,3,strada urbana senza ciclabile (1 corsie),no,1,no,0,B1,
SS-BOL-0216,Rotonda Italia,,rosso,4,strada principale trafficata (2 corsie),no,2,no,0,A1,
SS-BOL-0217,Rotonda Lea Colliva,,rosso,4,strada secondaria trafficata (1 corsie),no,1,no,0,A1,
SS-BOL-0218,Rotonda Leone Pancaldi,,rosso,4,strada principale trafficata,no,2,no,0,B1,
SS-BOL-0219,Rotonda Leonildo Marcheselli,,rosso,4,strada secondaria trafficata (2 corsie),no,2,no,0,B1,
SS-BOL-0220,Rotonda Luchino Visconti,,rosso,4,strada principale trafficata (2 corsie),no,2,no,0,B1,
SS-BOL-0221,Rotonda Luciano Romagnoli,,rosso,4,strada principale trafficata (3 corsie),no,3,no,0,B1,
SS-BOL-0222,Rotonda Luigi Amedeo di Savoia-Aosta Duca degli Abruzzi,,verde,1,ciclabile presente (da OpenStreetMap),si,1,no,0,B1,
SS-BOL-0223,Rotonda Luigi Polacchi,,rosso,4,strada secondaria trafficata,no,2,no,0,B1,
SS-BOL-0224,Rotonda Madre Teresa di Calcutta,,rosso,4,strada principale trafficata (2 corsie),no,2,no,0,B1,
SS-BOL-0225,Rotonda Mafalda di Savoia,,rosso,4,strada principale trafficata (2 corsie),no,2,no,0,A1,
SS-BOL-0226,Rotonda Maria Adele Crocioni Michelini,,rosso,4,strada principale trafficata (1 corsie),no,1,no,0,B1,
SS-BOL-0227,Rotonda Martiri delle Foibe,,rosso,4,strada principale trafficata,no,2,no,0,B1,
SS-BOL-0228,Rotonda Onorato Malaguti,,rosso,4,strada secondaria trafficata (3 corsie),no,3,no,0,B1,
SS-BOL-0229,Rotonda Orsola Mezzini,,rosso,4,strada principale trafficata (2 corsie),no,2,no,0,A1,
SS-BOL-0230,Rotonda Patrizia Vicinelli,,rosso,4,strada secondaria trafficata (1 corsie),no,1,no,0,B1,
SS-BOL-0231,Rotonda Piero Bottoni,,giallo,3,strada urbana senza ciclabile (1 corsie),no,1,no,0,B1,
SS-BOL-0232,Rotonda Pietro Bubani,,rosso,4,strada principale trafficata (2 corsie),no,2,no,0,B1,
SS-BOL-0233,Rotonda Pietro Gherardini,,rosso,4,strada secondaria trafficata (1 corsie),no,1,no,0,B1,
SS-BOL-0234,Rotonda Romano Paradisi,,rosso,4,strada principale trafficata (2 corsie),no,2,no,0,B1,
SS-BOL-0235,Rotonda Sabina Santilli,,rosso,4,strada principale trafficata,no,2,no,0,B1,
SS-BOL-0236,Rotonda Sant'Egidio,,rosso,4,strada secondaria trafficata,no,2,no,0,B1,
SS-BOL-0237,Rotonda Sante Bentivoglio,,giallo,3,strada urbana senza ciclabile,no,2,no,0,A1,
SS-BOL-0238,Rotonda Sante Mingazzi,,giallo,3,strada urbana senza ciclabile,no,2,no,0,B1,
SS-BOL-0239,Rotonda Taxisti Vittime Strage 2 agosto 1980,,giallo,3,strada urbana senza ciclabile (2 corsie),no,2,no,0,B1,
SS-BOL-0240,Rotonda Tommasina Guidi,,rosso,4,strada secondaria trafficata (1 corsie),no,1,no,0,B1,
SS-BOL-0241,Rotonda Velio Bai,,rosso,4,strada principale trafficata,no,2,no,0,B1,
SS-BOL-0242,Rotonda Verenin Grazia,,rosso,4,strada principale trafficata (3 corsie),no,3,no,0,A1,
SS-BOL-0243,Rotonda Vigili del Fuoco,,rosso,4,strada principale trafficata (2 corsie),no,2,no,0,B1,
SS-BOL-0244,Rotonda Vittime Civili di Guerra,,rosso,4,strada principale trafficata,no,2,no,0,B1,
SS-BOL-0245,Rotonda Vittime della Strada,,giallo,3,strada urbana senza ciclabile (1 corsie),no,1,no,0,A1,
SS-BOL-0246,Rotonda ai Dispersi del naufragio del Piroscafo Oria,,rosso,4,strada secondaria trafficata,no,2,no,0,A1,
SS-BOL-0247,Rotonda del Tuscolano,,verde,1,ciclabile presente (da OpenStreetMap),si,2,no,0,B1,
SS-BOL-0248,Rotonda della Leona,,rosso,4,strada secondaria trafficata (2 corsie),no,2,no,0,B1,
SS-BOL-0249,Rotonda di Villanova,,rosso,4,strada secondaria trafficata,no,2,no,0,A1,
SS-BOL-0250,Rotonda don Giuseppe Nozzi,,rosso,4,strada secondaria trafficata,no,2,no,0,B1,
SS-BOL-0251,SP65VAR,,nero,5,"strada ad alta velocità (primary, 70 km/h)",no,2,no,0,A1,
SS-BOL-0252,SS569 di Vignola,,nero,5,"strada ad alta velocità (trunk, 90 km/h)",no,2,si,0,B1,
SS-BOL-0253,Sottopasso Ernesto Maserati,,giallo,3,strada urbana senza ciclabile (2 corsie),no,2,no,0,B1,
SS-BOL-0254,Sottopasso Gobetti,,rosso,4,strada secondaria trafficata (2 corsie),no,2,no,0,B1,
SS-BOL-0255,Strada Maggiore,,giallo,3,strada urbana senza ciclabile (1 corsie),no,1,si,0,B1,
SS-BOL-0256,Tangenziale delle Biciclette,,verde,1,ciclabile presente (da OpenStreetMap),si,2,no,0,A1,
SS-BOL-0257,Via 20 ottobre 1944,,giallo,3,strada urbana senza ciclabile,no,2,no,0,B1,
SS-BOL-0258,Via 21 aprile 1945,,giallo,3,strada urbana senza ciclabile (1 corsie),no,1,si,0,A1,
SS-BOL-0259,Via A. Zecchi,,giallo,3,strada urbana senza ciclabile,no,2,si,0,A1,
SS-BOL-0260,Via Abruzzo,,giallo,3,strada urbana senza ciclabile,no,2,no,0,A1,
SS-BOL-0261,Via Achille Casanova,,giallo,3,strada urbana senza ciclabile,no,2,si,0,A1,
SS-BOL-0262,Via Achille Grandi,,giallo,3,strada urbana senza ciclabile (2 corsie),no,2,no,0,B1,
SS-BOL-0263,Via Achillini,,giallo,3,strada urbana senza ciclabile,no,2,si,0,A1,
SS-BOL-0264,Via Ada Negri,,giallo,3,strada urbana senza ciclabile,no,2,no,0,B1,
SS-BOL-0265,Via Adelaide Borghi Mamo,,giallo,3,strada urbana senza ciclabile,no,2,no,0,A1,
SS-BOL-0266,Via Adelaide Ristori,,giallo,3,strada urbana senza ciclabile,no,2,no,0,B1,
SS-BOL-0267,Via Adelmo Mingozzi,,giallo,3,strada urbana senza ciclabile (1 corsie),no,1,si,0,B1,
SS-BOL-0268,Via Adige,,giallo,3,strada urbana senza ciclabile,no,2,no,0,A1,
SS-BOL-0269,Via Adolfo Albertazzi,,giallo,3,strada urbana senza ciclabile,no,2,si,0,A1,
SS-BOL-0270,Via Adolfo de Carolis,,giallo,3,strada urbana senza ciclabile (1 corsie),no,1,si,0,B1,
SS-BOL-0271,Via Adriano Banchieri,,giallo,3,strada urbana senza ciclabile,no,2,no,0,B1,
SS-BOL-0272,Via Agamennone Zappoli,,giallo,3,strada urbana senza ciclabile,no,2,si,0,B1,
SS-BOL-0273,Via Agostino Barelli,,giallo,3,strada urbana senza ciclabile (2 corsie),no,2,no,0,B1,
SS-BOL-0274,Via Agostino Bignardi,,giallo,3,strada urbana senza ciclabile,no,2,no,0,B1,
SS-BOL-0275,Via Agucchi,,verde,1,ciclabile presente (da OpenStreetMap),si,2,no,0,B1,
SS-BOL-0276,Via Alamandini,,blu,2,zona pedonale / living street,no,1,si,0,A1,
SS-BOL-0277,Via Alba,,giallo,3,strada urbana senza ciclabile,no,2,no,0,A1,
SS-BOL-0278,Via Alberelli,,giallo,3,strada urbana senza ciclabile,no,2,no,0,B1,
SS-BOL-0279,Via Alberto Bacchi della Lega,,giallo,3,strada urbana senza ciclabile,no,2,si,0,A1,
SS-BOL-0280,Via Alberto Bergamini,,giallo,3,strada urbana senza ciclabile,no,2,si,0,B1,
SS-BOL-0281,Via Alberto Calda,,giallo,3,strada urbana senza ciclabile,no,2,no,0,A1,
SS-BOL-0282,Via Alberto Dallolio,,giallo,3,strada urbana senza ciclabile,no,2,si,0,A1,
SS-BOL-0283,Via Alberto Einstein,,giallo,3,strada urbana senza ciclabile,no,2,si,0,B1,
SS-BOL-0284,Via Alberto Franchetti,,giallo,3,strada urbana senza ciclabile,no,2,no,0,A1,
SS-BOL-0285,Via Alberto Legnani,,giallo,3,strada urbana senza ciclabile,no,2,no,0,A1,
SS-BOL-0286,Via Alberto Manzi,,rosso,4,strada secondaria trafficata (3 corsie),no,3,no,0,B1,
SS-BOL-0287,Via Alberto Mario,,giallo,3,strada urbana senza ciclabile,no,2,no,0,A1,
SS-BOL-0288,Via Alberto Massone,,giallo,3,strada urbana senza ciclabile,no,2,no,0,A1,
SS-BOL-0289,Via Alberto Menarini,,giallo,3,strada urbana senza ciclabile (1 corsie),no,1,si,0,B1,
SS-BOL-0290,Via Alberto Rovighi,,giallo,3,strada urbana senza ciclabile,no,2,no,0,A1,
SS-BOL-0291,Via Alberto Trauzzi,,giallo,3,strada urbana senza ciclabile,no,2,si,0,B1,
SS-BOL-0292,Via Albiroli,,giallo,3,strada urbana senza ciclabile (1 corsie),no,1,si,0,B1,
SS-BOL-0293,Via Alceste De Ambris,,giallo,3,strada urbana senza ciclabile,no,2,no,0,B1,
SS-BOL-0294,Via Alceste Giovannini,,giallo,3,strada urbana senza ciclabile,no,2,si,0,B1,
SS-BOL-0295,Via Aldo Cividali,,giallo,3,strada urbana senza ciclabile,no,2,si,0,B1,
SS-BOL-0296,Via Aldo Ognibene,,giallo,3,strada urbana senza ciclabile,no,2,no,0,A1,
SS-BOL-0297,Via Aldo Pio Manuzio,,giallo,3,strada urbana senza ciclabile (2 corsie),no,2,no,0,B1,
SS-BOL-0298,Via Alessandrini,,rosso,4,strada secondaria trafficata (3 corsie),no,3,si,0,B1,
SS-BOL-0299,Via Alessandro Algardi,,verde,1,ciclabile presente (da OpenStreetMap),si,2,si,0,B1,
SS-BOL-0300,Via Alessandro Antonelli,,giallo,3,strada urbana senza ciclabile,no,2,si,0,A1,
SS-BOL-0301,Via Alessandro Bonci,,giallo,3,strada urbana senza ciclabile,no,2,si,0,A1,
SS-BOL-0302,Via Alessandro Codivilla,,giallo,3,strada urbana senza ciclabile,no,2,no,0,A1,
SS-BOL-0303,Via Alessandro Corticelli,,giallo,3,strada urbana senza ciclabile (2 corsie),no,2,no,0,A1,
SS-BOL-0304,Via Alessandro Fleming,,giallo,3,strada urbana senza ciclabile,no,2,no,0,A1,
SS-BOL-0305,Via Alessandro Guardassoni,,giallo,3,strada urbana senza ciclabile,no,2,no,0,B1,
SS-BOL-0306,Via Alessandro Guidotti,,giallo,3,strada urbana senza ciclabile (1 corsie),no,1,si,0,B1,
SS-BOL-0307,Via Alessandro Manzoni,,giallo,3,strada urbana senza ciclabile,no,2,si,0,B1,
SS-BOL-0308,Via Alessandro Menganti,,giallo,3,strada urbana senza ciclabile,no,2,no,0,B1,
SS-BOL-0309,Via Alessandro Scorzoni,,giallo,3,strada urbana senza ciclabile,no,2,si,0,B1,
SS-BOL-0310,Via Alessandro Stoppato,,giallo,3,strada urbana senza ciclabile (2 corsie),no,2,no,0,B1,
SS-BOL-0311,Via Alessandro Tassoni,,giallo,3,strada urbana senza ciclabile,no,2,no,0,B1,
SS-BOL-0312,Via Alessandro Tiarini,,giallo,3,strada urbana senza ciclabile (1 corsie),no,1,si,0,B1,
SS-BOL-0313,Via Alfieri Maserati,,giallo,3,strada urbana senza ciclabile,no,2,si,0,B1,
SS-BOL-0314,Via Alfonsine,,blu,2,zona pedonale / living street,no,1,no,0,A1,
SS-BOL-0315,Via Alfonso Corradi,,giallo,3,strada urbana senza ciclabile,no,2,no,0,A1,
SS-BOL-0316,Via Alfonso Lombardi,,giallo,3,strada urbana senza ciclabile (1 corsie),no,1,si,0,B1,
SS-BOL-0317,Via Alfonso Rubbiani,,giallo,3,strada urbana senza ciclabile,no,2,si,0,A1,
SS-BOL-0318,Via Alfonso Samoggia,,giallo,3,strada urbana senza ciclabile,no,2,si,0,B1,
SS-BOL-0319,Via Alfonso Torreggiani,,giallo,3,strada urbana senza ciclabile,no,2,si,0,B1,
SS-BOL-0320,Via Alfredo Barbacci,,giallo,3,strada urbana senza ciclabile,no,2,no,0,A1,
SS-BOL-0321,Via Alfredo Bergami,,giallo,3,strada urbana senza ciclabile,no,2,si,0,B1,
SS-BOL-0322,Via Alfredo Calzolari,,giallo,3,strada urbana senza ciclabile,no,2,si,0,B1,
SS-BOL-0323,Via Alfredo Calzoni,,giallo,3,strada urbana senza ciclabile,no,2,si,0,B1,
SS-BOL-0324,Via Alfredo Catalani,,giallo,3,strada urbana senza ciclabile,no,2,si,0,A1,
SS-BOL-0325,Via Alfredo Panzini,,giallo,3,strada urbana senza ciclabile,no,2,no,0,B1,
SS-BOL-0326,Via Alfredo Protti,,giallo,3,strada urbana senza ciclabile,no,2,si,0,A1,
SS-BOL-0327,Via Alfredo Testoni,,giallo,3,strada urbana senza ciclabile (1 corsie),no,1,si,0,B1,
SS-BOL-0328,Via Altabella,,blu,2,zona pedonale / living street,no,1,si,0,B1,
SS-BOL-0329,Via Altaseta,,blu,2,zona pedonale / living street,no,1,si,0,A1,
SS-BOL-0330,Via Altura,,blu,2,accesso limitato (ZTL),no,1,si,0,A1,
SS-BOL-0331,Via Amalia Bettini,,giallo,3,strada urbana senza ciclabile,no,2,si,0,B1,
SS-BOL-0332,Via Amatore Sciesa,,giallo,3,strada urbana senza ciclabile (2 corsie),no,2,no,0,B1,
SS-BOL-0333,Via Ambrogio Magenta,,giallo,3,strada urbana senza ciclabile,no,2,si,0,B1,
SS-BOL-0334,Via Ambrogio e Piero Lorenzetti,,giallo,3,strada urbana senza ciclabile,no,2,si,0,B1,
SS-BOL-0335,Via Ambrogio e Pietro Lorenzetti,,giallo,3,strada urbana senza ciclabile (2 corsie),no,2,no,0,A1,
SS-BOL-0336,Via Amedeo Lipparini,,verde,1,ciclabile presente (da OpenStreetMap),si,2,no,0,B1,
SS-BOL-0337,Via Amedeo Modigliani,,giallo,3,strada urbana senza ciclabile,no,2,no,0,B1,
SS-BOL-0338,Via Amedeo Parmeggiani,,giallo,3,strada urbana senza ciclabile (2 corsie),no,2,no,0,B1,
SS-BOL-0339,Via Amerigo Vespucci,,giallo,3,strada urbana senza ciclabile,no,2,si,0,B1,
SS-BOL-0340,Via Amico Aspertini,,giallo,3,strada urbana senza ciclabile,no,2,no,0,A1,
SS-BOL-0341,Via Amilcare Bortolotti,,blu,2,zona pedonale / living street,no,1,si,0,B1,
SS-BOL-0342,Via Amilcare Ponchielli,,rosso,4,strada secondaria trafficata (3 corsie),no,3,no,0,A1,
SS-BOL-0343,Via Amleto Zecchi,,giallo,3,strada urbana senza ciclabile,no,2,no,0,A1,
SS-BOL-0344,Via Andrea Costa,,rosso,4,strada secondaria trafficata (2 corsie),no,2,si,0,B1,
SS-BOL-0345,Via Andrea Mantegna,,giallo,3,strada urbana senza ciclabile,no,2,si,0,B1,
SS-BOL-0346,Via Andrea da Faenza,,giallo,3,strada urbana senza ciclabile,no,2,si,0,B1,
SS-BOL-0347,Via Andrea da Formigine,,giallo,3,strada urbana senza ciclabile,no,2,si,0,B1,
SS-BOL-0348,Via Andrea del Verrocchio,,giallo,3,strada urbana senza ciclabile,no,2,si,0,B1,
SS-BOL-0349,Via Angelo Beolco,,giallo,3,strada urbana senza ciclabile,no,2,no,0,B1,
SS-BOL-0350,Via Angelo Finelli,,giallo,3,strada urbana senza ciclabile (1 corsie),no,1,si,0,B1,
SS-BOL-0351,Via Angelo Mariani,,giallo,3,strada urbana senza ciclabile,no,2,no,0,A1,
SS-BOL-0352,Via Angelo Piò,,giallo,3,strada urbana senza ciclabile,no,2,si,0,B1,
SS-BOL-0353,Via Angelo Venturoli,,giallo,3,strada urbana senza ciclabile (1 corsie),no,1,si,0,A1,
SS-BOL-0354,Via Angiolo Poliziano,,giallo,3,strada urbana senza ciclabile,no,2,si,0,B1,
SS-BOL-0355,Via Anna Grassetti,,giallo,3,strada urbana senza ciclabile,no,2,no,0,B1,
SS-BOL-0356,Via Annibale Ranuzzi,,giallo,3,strada urbana senza ciclabile,no,2,si,0,B1,
SS-BOL-0357,Via Anselmo Marabini,,giallo,3,strada urbana senza ciclabile,no,2,no,0,A1,
SS-BOL-0358,Via Anton Pavlovic Cechov,,blu,2,zona pedonale / living street,no,2,no,0,B1,
SS-BOL-0359,Via Antonello Da Messina,,giallo,3,strada urbana senza ciclabile,no,2,no,0,A1,
SS-BOL-0360,Via Antonio Baldacci,,giallo,3,strada urbana senza ciclabile (1 corsie),no,1,si,0,B1,
SS-BOL-0361,Via Antonio Basoli,,giallo,3,strada urbana senza ciclabile,no,2,si,0,A1,
SS-BOL-0362,Via Antonio Bertoloni,,giallo,3,strada urbana senza ciclabile (1 corsie),no,1,si,0,B1,
SS-BOL-0363,Via Antonio Bondi,,giallo,3,strada urbana senza ciclabile,no,2,si,0,A1,
SS-BOL-0364,Via Antonio Canaletto,,giallo,3,strada urbana senza ciclabile,no,2,si,0,B1,
SS-BOL-0365,Via Antonio Canova,,giallo,3,strada urbana senza ciclabile,no,2,no,0,A1,
SS-BOL-0366,Via Antonio Cavalieri Ducati,,giallo,3,strada urbana senza ciclabile (1 corsie),no,1,si,0,B1,
SS-BOL-0367,Via Antonio Cicu,,giallo,3,strada urbana senza ciclabile (1 corsie),no,1,si,0,B1,
SS-BOL-0368,Via Antonio Di Vincenzo,,giallo,3,strada urbana senza ciclabile,no,2,si,0,B1,
SS-BOL-0369,Via Antonio Fiacchi,,giallo,3,strada urbana senza ciclabile,no,2,si,0,A1,
SS-BOL-0370,Via Antonio Fogazzaro,,giallo,3,strada urbana senza ciclabile,no,2,no,0,B1,
SS-BOL-0371,Via Antonio Fontanesi,,giallo,3,strada urbana senza ciclabile,no,2,no,0,A1,
SS-BOL-0372,Via Antonio Francesco Ghiselli,,giallo,3,strada urbana senza ciclabile,no,2,si,0,B1,
SS-BOL-0373,Via Antonio Gandusio,,giallo,3,strada urbana senza ciclabile,no,2,no,0,B1,
SS-BOL-0374,Via Antonio Giuriolo,,giallo,3,strada urbana senza ciclabile (2 corsie),no,2,si,0,B1,
SS-BOL-0375,Via Antonio Gramsci,,giallo,3,strada urbana senza ciclabile (1 corsie),no,1,si,0,B1,
SS-BOL-0376,Via Antonio Graziadei,,giallo,3,strada urbana senza ciclabile,no,2,no,0,A1,
SS-BOL-0377,Via Antonio Labriola,,giallo,3,strada urbana senza ciclabile,no,2,si,0,A1,
SS-BOL-0378,Via Antonio Levanti,,giallo,3,strada urbana senza ciclabile,no,2,no,0,B1,
SS-BOL-0379,Via Antonio Mancini,,giallo,3,strada urbana senza ciclabile,no,2,no,0,B1,
SS-BOL-0380,Via Antonio Maria Valsalva,,giallo,3,strada urbana senza ciclabile,no,2,no,0,A1,
SS-BOL-0381,Via Antonio Meucci,,giallo,3,strada urbana senza ciclabile,no,2,si,0,A1,
SS-BOL-0382,Via Antonio Pacinotti,,giallo,3,strada urbana senza ciclabile,no,2,no,0,A1,
SS-BOL-0383,Via Antonio Rosmini,,giallo,3,strada urbana senza ciclabile,no,2,no,0,A1,
SS-BOL-0384,Via Antonio Salieri,,giallo,3,strada urbana senza ciclabile,no,2,no,0,A1,
SS-BOL-0385,Via Antonio Stoppani,,blu,2,zona pedonale / living street,no,1,no,0,A1,
SS-BOL-0386,Via Antonio Vivaldi,,giallo,3,strada urbana senza ciclabile,no,2,si,0,A1,
SS-BOL-0387,Via Antonio Zannoni,,giallo,3,strada urbana senza ciclabile (1 corsie),no,1,si,0,A1,
SS-BOL-0388,Via Antonio Zanolini,,giallo,3,strada urbana senza ciclabile (1 corsie),no,1,si,0,B1,
SS-BOL-0389,Via Antonio Zoccoli,,giallo,3,strada urbana senza ciclabile,no,2,no,0,A1,
SS-BOL-0390,Via Antoniotto Usodimare,,giallo,3,strada urbana senza ciclabile,no,2,no,0,B1,
SS-BOL-0391,Via Aposazza,,verde,1,ciclabile presente (da OpenStreetMap),si,2,no,0,B1,
SS-BOL-0392,Via Arcangelo Corelli,,rosso,4,strada secondaria trafficata,no,2,si,0,A1,
SS-BOL-0393,Via Arduino Arriguzzi,,verde,1,ciclabile presente (da OpenStreetMap),si,2,si,0,B1,
SS-BOL-0394,Via Aretusi,,giallo,3,strada urbana senza ciclabile (2 corsie),no,2,no,0,B1,
SS-BOL-0395,Via Argentina Altobelli,,giallo,3,strada urbana senza ciclabile (1 corsie),no,1,si,0,B1,
SS-BOL-0396,Via Argia Magazzari,,giallo,3,strada urbana senza ciclabile,no,2,no,0,B1,
SS-BOL-0397,Via Argonne,,giallo,3,strada urbana senza ciclabile,no,2,no,0,A1,
SS-BOL-0398,Via Arienti,,giallo,3,strada urbana senza ciclabile (1 corsie),no,1,si,0,A1,
SS-BOL-0399,Via Aristide Busi,,blu,2,zona pedonale / living street,no,1,si,0,A1,
SS-BOL-0400,Via Aristide Zucconi,,giallo,3,strada urbana senza ciclabile,no,2,no,0,A1,
SS-BOL-0401,Via Aristotile Fioravanti,,verde,1,ciclabile presente (da OpenStreetMap),si,2,no,0,B1,
SS-BOL-0402,Via Armando Sarti,,giallo,3,strada urbana senza ciclabile (2 corsie),no,2,no,0,B1,
SS-BOL-0403,Via Armando Spadini,,giallo,3,strada urbana senza ciclabile,no,2,si,0,B1,
SS-BOL-0404,Via Arnaldo Da Brescia,,blu,2,zona pedonale / living street,no,1,si,0,B1,
SS-BOL-0405,Via Arno,,giallo,3,strada urbana senza ciclabile (2 corsie),no,2,si,0,A1,
SS-BOL-0406,Via Arrigo Lucchini,,blu,2,zona pedonale / living street,no,1,no,0,B1,
SS-BOL-0407,Via Arturo Colombi,,giallo,3,strada urbana senza ciclabile (2 corsie),no,2,no,0,B1,
SS-BOL-0408,Via Arturo Solari,,giallo,3,strada urbana senza ciclabile (2 corsie),no,2,no,0,B1,
SS-BOL-0409,Via Arturo Toscanini,,giallo,3,strada urbana senza ciclabile,no,2,no,0,A1,
SS-BOL-0410,Via Asiago,,giallo,3,strada urbana senza ciclabile,no,2,no,0,B1,
SS-BOL-0411,Via Athos Bellettini,,giallo,3,strada urbana senza ciclabile,no,2,no,0,B1,
SS-BOL-0412,Via Attilio Muggia,,giallo,3,strada urbana senza ciclabile,no,2,no,0,B1,
SS-BOL-0413,Via Augusto Aglebert,,blu,2,zona pedonale / living street,no,1,si,0,B1,
SS-BOL-0414,Via Augusto Galli,,giallo,3,strada urbana senza ciclabile,no,2,si,0,B1,
SS-BOL-0415,Via Augusto Gaudenzi,,giallo,3,strada urbana senza ciclabile,no,2,si,0,A1,
SS-BOL-0416,Via Augusto Majani,,giallo,3,strada urbana senza ciclabile (1 corsie),no,1,si,0,B1,
SS-BOL-0417,Via Augusto Murri,,verde,1,ciclabile presente (da OpenStreetMap),si,2,no,0,A1,
SS-BOL-0418,Via Augusto Pollastri,,giallo,3,strada urbana senza ciclabile,no,2,no,0,B1,
SS-BOL-0419,Via Augusto Pulega,,giallo,3,strada urbana senza ciclabile,no,2,si,0,B1,
SS-BOL-0420,Via Augusto Righi,,giallo,3,strada urbana senza ciclabile (2 corsie),no,2,si,0,B1,
SS-BOL-0421,Via Augusto Romagnoli,,giallo,3,strada urbana senza ciclabile,no,2,si,0,A1,
SS-BOL-0422,Via Aureliano Pertile,,blu,2,zona pedonale / living street,no,1,no,0,A1,
SS-BOL-0423,Via Aurelio Saffi,,verde,1,ciclabile presente (da OpenStreetMap),si,2,si,0,B1,
SS-BOL-0424,Via Azzo Gardino,,verde,1,ciclabile presente (da OpenStreetMap),si,1,si,0,B1,
SS-BOL-0425,Via Azzurra,,giallo,3,strada urbana senza ciclabile (2 corsie),no,2,no,0,A1,
SS-BOL-0426,Via Bagni di Mario,,blu,2,zona pedonale / living street,no,1,si,0,A1,
SS-BOL-0427,Via Bainsizza,,giallo,3,strada urbana senza ciclabile,no,2,no,0,B1,
SS-BOL-0428,Via Balda,,giallo,3,strada urbana senza ciclabile,no,2,no,0,B1,
SS-BOL-0429,Via Baldassarre Azzoguidi,,giallo,3,strada urbana senza ciclabile,no,2,si,0,A1,
SS-BOL-0430,Via Baldassarre Carrati,,giallo,3,strada urbana senza ciclabile,no,2,si,0,A1,
SS-BOL-0431,Via Barberia,,giallo,3,strada urbana senza ciclabile,no,2,si,0,A1,
SS-BOL-0432,Via Bargello,,rosso,4,strada secondaria trafficata,no,2,si,0,B1,
SS-BOL-0433,Via Bartolomeo Cesi,,giallo,3,strada urbana senza ciclabile,no,2,no,0,A1,
SS-BOL-0434,Via Bartolomeo Maria Dal Monte,,giallo,3,strada urbana senza ciclabile,no,2,no,0,A1,
SS-BOL-0435,Via Bartolomeo Passarotti,,giallo,3,strada urbana senza ciclabile,no,2,si,0,B1,
SS-BOL-0436,Via Bartolomeo Provaglia,,giallo,3,strada urbana senza ciclabile,no,2,no,0,B1,
SS-BOL-0437,Via Bartolomeo Ramenghi,,giallo,3,strada urbana senza ciclabile (2 corsie),no,2,no,0,B1,
SS-BOL-0438,Via Bartolomeo Triachini,,giallo,3,strada urbana senza ciclabile,no,2,si,0,A1,
SS-BOL-0439,Via Bartolomeo da Varignana,,giallo,3,strada urbana senza ciclabile,no,2,si,0,B1,
SS-BOL-0440,Via Bassa dei Sassi,,rosso,4,strada secondaria trafficata (3 corsie),no,3,no,0,B1,
SS-BOL-0441,Via Bassano del Grappa,,giallo,3,strada urbana senza ciclabile,no,2,no,0,A1,
SS-BOL-0442,Via Battibecco,,blu,2,zona pedonale / living street,no,1,no,0,B1,
SS-BOL-0443,Via Battindarno,,giallo,3,strada urbana senza ciclabile (2 corsie),no,2,no,0,B1,
SS-BOL-0444,Via Begatto,,giallo,3,strada urbana senza ciclabile,no,2,si,0,B1,
SS-BOL-0445,Via Belfiore,,giallo,3,strada urbana senza ciclabile,no,2,si,0,A1,
SS-BOL-0446,Via Bellacosta,,giallo,3,strada urbana senza ciclabile,no,2,si,0,A1,
SS-BOL-0447,Via Bellaria,,giallo,3,strada urbana senza ciclabile (2 corsie),no,2,no,0,A1,
SS-BOL-0448,Via Bellinzona,,giallo,3,strada urbana senza ciclabile (1 corsie),no,1,si,0,A1,
SS-BOL-0449,Via Bellombra,,giallo,3,strada urbana senza ciclabile,no,2,no,0,A1,
SS-BOL-0450,Via Belmeloro,,giallo,3,strada urbana senza ciclabile,no,2,si,0,B1,
SS-BOL-0451,Via Belvedere,,giallo,3,strada urbana senza ciclabile (1 corsie),no,1,si,0,B1,
SS-BOL-0452,Via Benazza,,giallo,3,strada urbana senza ciclabile,no,2,no,0,B1,
SS-BOL-0453,Via Benedetto Marcello,,rosso,4,strada secondaria trafficata (2 corsie),no,2,si,0,A1,
SS-BOL-0454,Via Benedetto XIV,,giallo,3,strada urbana senza ciclabile,no,2,si,0,B1,
SS-BOL-0455,Via Beniamino Andreatta,,giallo,3,strada urbana senza ciclabile (1 corsie),no,1,si,0,B1,
SS-BOL-0456,Via Beniamino Gigli,,giallo,3,strada urbana senza ciclabile,no,2,si,0,A1,
SS-BOL-0457,Via Benozzo Gozzoli,,giallo,3,strada urbana senza ciclabile,no,2,si,0,A1,
SS-BOL-0458,Via Benvenuto Cellini,,giallo,3,strada urbana senza ciclabile,no,2,no,0,B1,
SS-BOL-0459,Via Benvenuto Tisi,,giallo,3,strada urbana senza ciclabile,no,2,no,0,B1,
SS-BOL-0460,Via Beppe Fenoglio,,giallo,3,strada urbana senza ciclabile,no,2,no,0,A1,
SS-BOL-0461,Via Berengario da Carpi,,giallo,3,strada urbana senza ciclabile,no,2,no,0,A1,
SS-BOL-0462,Via Bernardino Telesio,,giallo,3,strada urbana senza ciclabile,no,2,no,0,A1,
SS-BOL-0463,Via Berretta Rossa,,giallo,3,strada urbana senza ciclabile,no,2,si,0,B1,
SS-BOL-0464,Via Bertiera,,giallo,3,strada urbana senza ciclabile,no,2,si,0,B1,
SS-BOL-0465,Via Bezzecca,,giallo,3,strada urbana senza ciclabile,no,2,si,0,A1,
SS-BOL-0466,Via Bocca di Lupo,,giallo,3,strada urbana senza ciclabile,no,2,si,0,A1,
SS-BOL-0467,Via Bonaventura Cavalieri,,giallo,3,strada urbana senza ciclabile,no,2,no,0,B1,
SS-BOL-0468,Via Boves,,giallo,3,strada urbana senza ciclabile,no,2,si,0,A1,
SS-BOL-0469,Via Brenta,,giallo,3,strada urbana senza ciclabile,no,2,si,0,A1,
SS-BOL-0470,Via Brigata Bolero,,giallo,3,strada urbana senza ciclabile,no,2,no,0,B1,
SS-BOL-0471,Via Brigate Partigiane,,giallo,3,strada urbana senza ciclabile,no,2,si,0,A1,
SS-BOL-0472,Via Broccaindosso,,giallo,3,strada urbana senza ciclabile,no,2,si,0,B1,
SS-BOL-0473,Via Bruno Arnaud,,giallo,3,strada urbana senza ciclabile,no,2,si,0,B1,
SS-BOL-0474,Via Bruno Bencivenni,,giallo,3,strada urbana senza ciclabile (2 corsie),no,2,no,0,B1,
SS-BOL-0475,Via Bruno Buozzi,,giallo,3,strada urbana senza ciclabile (2 corsie),no,2,no,0,B1,
SS-BOL-0476,Via Bruno Lanzarini,,giallo,3,strada urbana senza ciclabile,no,2,si,0,B1,
SS-BOL-0477,Via Bruno Monterumici,,giallo,3,strada urbana senza ciclabile,no,2,no,0,B1,
SS-BOL-0478,Via Bruno Mugellini,,giallo,3,strada urbana senza ciclabile,no,2,si,0,A1,
SS-BOL-0479,Via Bruno Tosarelli,,giallo,3,strada urbana senza ciclabile,no,2,si,0,B1,
SS-BOL-0480,Via Bruschetti,,giallo,3,strada urbana senza ciclabile,no,2,si,0,B1,
SS-BOL-0481,Via Buon Pastore,,giallo,3,strada urbana senza ciclabile,no,2,si,0,A1,
SS-BOL-0482,Via Ca' Rosa,,giallo,3,strada urbana senza ciclabile,no,2,no,0,B1,
SS-BOL-0483,Via Ca' Selvatica,,blu,2,zona pedonale / living street,no,1,no,0,A1,
SS-BOL-0484,Via Cadriano,,giallo,3,strada urbana senza ciclabile,no,2,no,0,B1,
SS-BOL-0485,Via Caduti della Via Fani,,giallo,3,strada urbana senza ciclabile (1 corsie),no,1,si,0,B1,
SS-BOL-0486,Via Caduti di Amola,,giallo,3,strada urbana senza ciclabile,no,2,no,0,B1,
SS-BOL-0487,Via Caduti di Casteldebole,,giallo,3,strada urbana senza ciclabile,no,2,si,0,B1,
SS-BOL-0488,Via Caduti di Cefalonia,,blu,2,zona pedonale / living street,no,1,no,0,B1,
SS-BOL-0489,Via Caduti e Dispersi in Guerra,,giallo,3,strada urbana senza ciclabile,no,2,no,0,A1,
SS-BOL-0490,Via Cagliari,,giallo,3,strada urbana senza ciclabile,no,2,no,0,A1,
SS-BOL-0491,Via Calabria,,giallo,3,strada urbana senza ciclabile,no,2,no,0,A1,
SS-BOL-0492,Via Calamosco,,verde,1,ciclabile presente (da OpenStreetMap),si,2,no,0,B1,
SS-BOL-0493,Via Calanco,,giallo,3,strada urbana senza ciclabile,no,2,no,0,A1,
SS-BOL-0494,Via Calcavinazzi,,verde,1,ciclabile presente (da OpenStreetMap),si,2,no,0,B1,
SS-BOL-0495,Via Calzolerie,,giallo,3,strada urbana senza ciclabile,no,2,si,0,B1,
SS-BOL-0496,Via Camillo Casarini,,verde,1,ciclabile presente (da OpenStreetMap),si,2,no,0,B1,
SS-BOL-0497,Via Camillo Oblach,,giallo,3,strada urbana senza ciclabile,no,2,no,0,A1,
SS-BOL-0498,Via Camillo Prampolini,,giallo,3,strada urbana senza ciclabile,no,2,no,0,A1,
SS-BOL-0499,Via Camillo Procaccini,,giallo,3,strada urbana senza ciclabile,no,2,si,0,B1,
SS-BOL-0500,Via Camillo Ranzani,,rosso,4,strada secondaria trafficata (1 corsie),no,1,si,0,B1,
SS-BOL-0501,Via Camonia,,giallo,3,strada urbana senza ciclabile,no,2,no,0,B1,
SS-BOL-0502,Via Canonica,,blu,2,zona pedonale / living street,no,1,si,0,B1,
SS-BOL-0503,Via Capo di Lucca,,giallo,3,strada urbana senza ciclabile,no,2,si,0,B1,
SS-BOL-0504,Via Capramozza,,blu,2,zona pedonale / living street,no,1,si,0,A1,
SS-BOL-0505,Via Caprarie,,giallo,3,strada urbana senza ciclabile,no,2,si,0,B1,
SS-BOL-0506,Via Caraton,,giallo,3,strada urbana senza ciclabile,no,2,no,0,B1,
SS-BOL-0507,Via Cardinale Gil Alvarez Carillo de Albornoz,,giallo,3,strada urbana senza ciclabile,no,2,no,0,A1,
SS-BOL-0508,Via Carlo Alberto Pizzardi,,giallo,3,strada urbana senza ciclabile (2 corsie),no,2,si,0,A1,
SS-BOL-0509,Via Carlo Carli,,giallo,3,strada urbana senza ciclabile,no,2,no,0,A1,
SS-BOL-0510,Via Carlo Cattaneo,,giallo,3,strada urbana senza ciclabile,no,2,no,0,B1,
SS-BOL-0511,Via Carlo Cignani,,giallo,3,strada urbana senza ciclabile,no,2,si,0,B1,
SS-BOL-0512,Via Carlo Collodi,,giallo,3,strada urbana senza ciclabile (2 corsie),no,2,no,0,B1,
SS-BOL-0513,Via Carlo Dickens,,giallo,3,strada urbana senza ciclabile,no,2,no,0,B1,
SS-BOL-0514,Via Carlo Francesco Dotti,,blu,2,zona pedonale / living street,no,1,no,0,A1,
SS-BOL-0515,Via Carlo Francioni,,blu,2,zona pedonale / living street,no,1,si,0,A1,
SS-BOL-0516,Via Carlo Goldoni,,giallo,3,strada urbana senza ciclabile,no,2,no,0,B1,
SS-BOL-0517,Via Carlo Jussi,,giallo,3,strada urbana senza ciclabile,no,2,si,0,B1,
SS-BOL-0518,Via Carlo Marx,,giallo,3,strada urbana senza ciclabile (1 corsie),no,1,si,0,A1,
SS-BOL-0519,Via Carlo Pisacane,,giallo,3,strada urbana senza ciclabile,no,2,si,0,B1,
SS-BOL-0520,Via Carlo Porta,,giallo,3,strada urbana senza ciclabile,no,2,no,0,B1,
SS-BOL-0521,Via Carlo Rusconi,,giallo,3,strada urbana senza ciclabile,no,2,si,0,B1,
SS-BOL-0522,Via Carlo Sigonio,,giallo,3,strada urbana senza ciclabile (2 corsie),no,2,no,0,A1,
SS-BOL-0523,Via Carlo Zucchi,,giallo,3,strada urbana senza ciclabile,no,2,si,0,B1,
SS-BOL-0524,Via Carlotta Marchionni,,giallo,3,strada urbana senza ciclabile,no,2,no,0,B1,
SS-BOL-0525,Via Cartoleria,,giallo,3,strada urbana senza ciclabile,no,2,si,0,A1,
SS-BOL-0526,Via Cassino,,giallo,3,strada urbana senza ciclabile,no,2,no,0,A1,
SS-BOL-0527,Via Castel Bolognese,,giallo,3,strada urbana senza ciclabile,no,2,no,0,B1,
SS-BOL-0528,Via Castel Tialto,,blu,2,zona pedonale / living street,no,1,si,0,B1,
SS-BOL-0529,Via Casteldebole,,giallo,3,strada urbana senza ciclabile,no,2,no,0,B1,
SS-BOL-0530,Via Castelfidardo,,giallo,3,strada urbana senza ciclabile,no,2,no,0,A1,
SS-BOL-0531,Via Castellaccio,,giallo,3,strada urbana senza ciclabile (1 corsie),no,1,si,0,B1,
SS-BOL-0532,Via Castelmerlo,,giallo,3,strada urbana senza ciclabile,no,2,si,0,A1,
SS-BOL-0533,Via Castiglione,,giallo,3,strada urbana senza ciclabile (2 corsie),no,2,no,0,A1,
SS-BOL-0534,Via Cavaioni,,giallo,3,strada urbana senza ciclabile,no,2,no,0,A1,
SS-BOL-0535,Via Cavallina,,giallo,3,strada urbana senza ciclabile,no,2,no,0,A1,
SS-BOL-0536,Via Cavedone,,giallo,3,strada urbana senza ciclabile,no,2,no,0,A1,
SS-BOL-0537,Via Cellini-Levanti,,giallo,3,strada urbana senza ciclabile,no,2,si,0,B1,
SS-BOL-0538,Via Centotrecento,,giallo,3,strada urbana senza ciclabile (1 corsie),no,1,si,0,B1,
SS-BOL-0539,Via Cerodolo,,giallo,3,strada urbana senza ciclabile,no,2,no,0,B1,
SS-BOL-0540,Via Cesare Albicini,,giallo,3,strada urbana senza ciclabile,no,2,no,0,B1,
SS-BOL-0541,Via Cesare Battisti,,giallo,3,strada urbana senza ciclabile (1 corsie),no,1,si,0,B1,
SS-BOL-0542,Via Cesare Boldrini,,giallo,3,strada urbana senza ciclabile (1 corsie),no,1,si,0,B1,
SS-BOL-0543,Via Cesare Correnti,,giallo,3,strada urbana senza ciclabile (1 corsie),no,1,si,0,B1,
SS-BOL-0544,Via Cesare Gnudi,,rosso,4,strada secondaria trafficata (2 corsie),no,2,no,0,B1,
SS-BOL-0545,Via Cesare Masina,,giallo,3,strada urbana senza ciclabile,no,2,si,0,B1,
SS-BOL-0546,Via Cesare Ottaviano,,blu,2,zona pedonale / living street,no,1,no,0,B1,
SS-BOL-0547,Via Cesare Pavese,,giallo,3,strada urbana senza ciclabile,no,2,si,0,A1,
SS-BOL-0548,Via Cesare Taruffi,,giallo,3,strada urbana senza ciclabile,no,2,no,0,A1,
SS-BOL-0549,Via Cesare Zuccardi Merli,,blu,2,zona pedonale / living street,no,1,si,0,A1,
SS-BOL-0550,Via Charles Darwin,,giallo,3,strada urbana senza ciclabile,no,2,no,0,B1,
SS-BOL-0551,Via Cherubino Ghirardacci,,giallo,3,strada urbana senza ciclabile,no,2,si,0,A1,
SS-BOL-0552,Via Chiesa di Calamosco,,giallo,3,strada urbana senza ciclabile,no,2,no,0,B1,
SS-BOL-0553,Via Chiudare,,giallo,3,strada urbana senza ciclabile (1 corsie),no,1,si,0,A1,
SS-BOL-0554,Via Chiusa,,blu,2,zona pedonale / living street,no,1,no,0,B1,
SS-BOL-0555,Via Cimabue,,giallo,3,strada urbana senza ciclabile,no,2,si,0,B1,
SS-BOL-0556,Via Cincinnato Baruzzi,,giallo,3,strada urbana senza ciclabile,no,2,no,0,A1,
SS-BOL-0557,Via Cino da Pistoia,,giallo,3,strada urbana senza ciclabile,no,2,no,0,A1,
SS-BOL-0558,Via Ciro Menotti,,giallo,3,strada urbana senza ciclabile (2 corsie),no,2,si,0,B1,
SS-BOL-0559,Via Claudio Treves,,giallo,3,strada urbana senza ciclabile (2 corsie),no,2,no,0,A1,
SS-BOL-0560,Via Clavature,,blu,2,zona pedonale / living street,no,1,no,0,B1,
SS-BOL-0561,Via Clelia Barbieri,,giallo,3,strada urbana senza ciclabile,no,2,no,0,B1,
SS-BOL-0562,Via Clemente Primodì,,giallo,3,strada urbana senza ciclabile,no,2,no,0,A1,
SS-BOL-0563,Via Cleto Tomba,,giallo,3,strada urbana senza ciclabile,no,2,si,0,B1,
SS-BOL-0564,Via Clotilde Tambroni,,giallo,3,strada urbana senza ciclabile,no,2,no,0,A1,
SS-BOL-0565,Via Col di Lana,,giallo,3,strada urbana senza ciclabile (1 corsie),no,1,si,0,B1,
SS-BOL-0566,Via Collegio di Spagna,,giallo,3,strada urbana senza ciclabile (1 corsie),no,1,si,0,A1,
SS-BOL-0567,Via Colombarola,,giallo,3,strada urbana senza ciclabile (2 corsie),no,2,no,0,B1,
SS-BOL-0568,Via Commenda,,giallo,3,strada urbana senza ciclabile (2 corsie),no,2,no,0,B1,
SS-BOL-0569,Via Coriolano Vighi,,giallo,3,strada urbana senza ciclabile (2 corsie),no,2,no,0,B1,
SS-BOL-0570,Via Corrado Masetti,,giallo,3,strada urbana senza ciclabile,no,2,si,0,B1,
SS-BOL-0571,Via Corrado Mazzoni,,giallo,3,strada urbana senza ciclabile,no,2,no,0,A1,
SS-BOL-0572,Via Corrado Ricci,,giallo,3,strada urbana senza ciclabile,no,2,si,0,B1,
SS-BOL-0573,Via Corsica,,giallo,3,strada urbana senza ciclabile,no,2,no,0,A1,
SS-BOL-0574,Via Costanzo Varolio,,giallo,3,strada urbana senza ciclabile,no,2,no,0,B1,
SS-BOL-0575,Via Cracovia,,giallo,3,strada urbana senza ciclabile (2 corsie),no,2,no,0,A1,
SS-BOL-0576,Via Cristina Campo,,giallo,3,strada urbana senza ciclabile (2 corsie),no,2,no,0,B1,
SS-BOL-0577,Via Cristina Da Pizzano,,giallo,3,strada urbana senza ciclabile,no,2,no,0,B1,
SS-BOL-0578,Via Cristoforo Colombo,,rosso,4,strada principale trafficata (2 corsie),no,2,si,0,B1,
SS-BOL-0579,Via Cristoforo da Bologna,,giallo,3,strada urbana senza ciclabile,no,2,si,0,B1,
SS-BOL-0580,Via Croara,,giallo,3,strada urbana senza ciclabile,no,2,no,0,A1,
SS-BOL-0581,Via Croce di Camaldoli,,giallo,3,strada urbana senza ciclabile,no,2,si,0,A1,
SS-BOL-0582,Via Crociali,,giallo,3,strada urbana senza ciclabile,no,2,si,0,B1,
SS-BOL-0583,Via Crocione,,rosso,4,strada secondaria trafficata,no,2,si,0,B1,
SS-BOL-0584,Via Cuneo,,giallo,3,strada urbana senza ciclabile,no,2,si,0,A1,
SS-BOL-0585,Via Dalla Volta,,verde,1,ciclabile presente (da OpenStreetMap),si,1,si,0,B1,
SS-BOL-0586,Via Daniele Manin,,giallo,3,strada urbana senza ciclabile,no,2,si,0,B1,
SS-BOL-0587,Via Dante Alighieri,,giallo,3,strada urbana senza ciclabile (2 corsie),no,2,no,0,A1,
SS-BOL-0588,Via Dante Benazzi,,giallo,3,strada urbana senza ciclabile,no,2,no,0,B1,
SS-BOL-0589,Via De Coubertin,,giallo,3,strada urbana senza ciclabile,no,2,si,0,A1,
SS-BOL-0590,Via Decumana,,giallo,3,strada urbana senza ciclabile,no,2,si,0,B1,
SS-BOL-0591,Via Delfino Insolera,,giallo,3,strada urbana senza ciclabile,no,2,no,0,B1,
SS-BOL-0592,Via Demetrio Martinelli,,blu,2,zona pedonale / living street,no,1,si,0,B1,
SS-BOL-0593,Via Dino Campana,,giallo,3,strada urbana senza ciclabile,no,2,no,0,B1,
SS-BOL-0594,Via Dionisio Calvart,,giallo,3,strada urbana senza ciclabile,no,2,si,0,B1,
SS-BOL-0595,Via Domenico Aimo,,giallo,3,strada urbana senza ciclabile,no,2,no,0,B1,
SS-BOL-0596,Via Domenico Bianchini,,blu,2,zona pedonale / living street,no,1,no,0,B1,
SS-BOL-0597,Via Domenico Biancolelli,,giallo,3,strada urbana senza ciclabile,no,2,no,0,B1,
SS-BOL-0598,Via Domenico Cimarosa,,giallo,3,strada urbana senza ciclabile,no,2,no,0,A1,
SS-BOL-0599,Via Domenico Guglielmini,,blu,2,zona pedonale / living street,no,1,no,0,A1,
SS-BOL-0600,Via Domenico Morelli,,giallo,3,strada urbana senza ciclabile,no,2,si,0,A1,
SS-BOL-0601,Via Domenico Scarlatti,,giallo,3,strada urbana senza ciclabile,no,2,si,0,A1,
SS-BOL-0602,Via Domenico Svampa,,giallo,3,strada urbana senza ciclabile,no,2,no,0,B1,
SS-BOL-0603,Via Domenico Zampieri,,giallo,3,strada urbana senza ciclabile (1 corsie),no,1,si,0,B1,
SS-BOL-0604,Via Domodossola,,giallo,3,strada urbana senza ciclabile,no,2,no,0,A1,
SS-BOL-0605,Via Domokos,,giallo,3,strada urbana senza ciclabile,no,2,no,0,A1,
SS-BOL-0606,Via Don Carlo Gnocchi,,giallo,3,strada urbana senza ciclabile,no,2,no,0,B1,
SS-BOL-0607,Via Don Giovanni Fiammelli,,giallo,3,strada urbana senza ciclabile,no,2,no,0,B1,
SS-BOL-0608,Via Don Giovanni Fornasini,,giallo,3,strada urbana senza ciclabile,no,2,si,0,B1,
SS-BOL-0609,Via Don Giovanni Minzoni,,giallo,3,strada urbana senza ciclabile (2 corsie),no,2,no,0,B1,
SS-BOL-0610,Via Don Giovanni Verità,,giallo,3,strada urbana senza ciclabile,no,2,si,0,B1,
SS-BOL-0611,Via Don Giulio Salmi,,giallo,3,strada urbana senza ciclabile,no,2,no,0,B1,
SS-BOL-0612,Via Don Giuseppe Bedetti,,giallo,3,strada urbana senza ciclabile,no,2,no,0,B1,
SS-BOL-0613,Via Don Luigi Guanella,,giallo,3,strada urbana senza ciclabile,no,2,si,0,A1,
SS-BOL-0614,Via Don Luigi Orione,,giallo,3,strada urbana senza ciclabile,no,2,no,0,B1,
SS-BOL-0615,Via Don Luigi Sturzo,,verde,1,ciclabile presente (da OpenStreetMap),si,3,no,0,A1,
SS-BOL-0616,Via Don Olinto Marella,,giallo,3,strada urbana senza ciclabile,no,2,no,0,A1,
SS-BOL-0617,Via Don Saverio Aquilano,,giallo,3,strada urbana senza ciclabile,no,2,no,0,B1,
SS-BOL-0618,Via Donatello,,blu,2,zona pedonale / living street,no,1,no,0,B1,
SS-BOL-0619,Via Donato Creti,,rosso,4,strada secondaria trafficata (3 corsie),no,3,si,0,B1,
SS-BOL-0620,Via Dosso Dossi,,giallo,3,strada urbana senza ciclabile,no,2,no,0,B1,
SS-BOL-0621,Via Drapperie,,blu,2,zona pedonale / living street,no,1,si,0,B1,
SS-BOL-0622,Via Duccio di Boninsegna,,giallo,3,strada urbana senza ciclabile,no,2,no,0,A1,
SS-BOL-0623,Via Due Madonne,,rosso,4,strada secondaria trafficata (2 corsie),no,2,no,0,A1,
SS-BOL-0624,Via Due Portoni,,giallo,3,strada urbana senza ciclabile,no,2,no,0,B1,
SS-BOL-0625,Via Edgar Allan Poe,,giallo,3,strada urbana senza ciclabile,no,2,no,0,B1,
SS-BOL-0626,Via Edmondo De Amicis,,giallo,3,strada urbana senza ciclabile,no,2,si,0,B1,
SS-BOL-0627,Via Edoardo Brizio,,giallo,3,strada urbana senza ciclabile (1 corsie),no,1,si,0,B1,
SS-BOL-0628,Via Edoardo Collamarini,,giallo,3,strada urbana senza ciclabile,no,2,no,0,B1,
SS-BOL-0629,Via Edoardo Ferravilla,,giallo,3,strada urbana senza ciclabile (2 corsie),no,2,no,0,B1,
SS-BOL-0630,Via Edoardo Weber,,giallo,3,strada urbana senza ciclabile (2 corsie),no,2,no,0,B1,
SS-BOL-0631,Via Egnazia,,giallo,3,strada urbana senza ciclabile,no,2,no,0,B1,
SS-BOL-0632,Via Egnazio Danti,,giallo,3,strada urbana senza ciclabile,no,2,no,0,B1,
SS-BOL-0633,Via Eleonora Duse,,giallo,3,strada urbana senza ciclabile,no,2,si,0,B1,
SS-BOL-0634,Via Elio Bernardi,,giallo,3,strada urbana senza ciclabile,no,2,si,0,B1,
SS-BOL-0635,Via Elio Bragaglia,,giallo,3,strada urbana senza ciclabile (2 corsie),no,2,no,0,B1,
SS-BOL-0636,Via Emilia Levante,,verde,1,ciclabile presente (da OpenStreetMap),si,2,no,0,A1,
SS-BOL-0637,Via Emilia Ponente,,verde,1,ciclabile presente (da OpenStreetMap),si,1,si,0,B1,
SS-BOL-0638,Via Emilio Baumann,,giallo,3,strada urbana senza ciclabile,no,2,si,0,A1,
SS-BOL-0639,Via Emilio Salgari,,giallo,3,strada urbana senza ciclabile (2 corsie),no,2,no,0,B1,
SS-BOL-0640,Via Emilio Zago,,giallo,3,strada urbana senza ciclabile,no,2,no,0,B1,
SS-BOL-0641,Via Enea Stefani,,giallo,3,strada urbana senza ciclabile,no,2,no,0,B1,
SS-BOL-0642,Via Enio Gnudi,,giallo,3,strada urbana senza ciclabile (2 corsie),no,2,no,0,B1,
SS-BOL-0643,Via Enrico Berlinguer,,rosso,4,strada secondaria trafficata (2 corsie),no,2,si,0,B1,
SS-BOL-0644,Via Enrico Capelli,,giallo,3,strada urbana senza ciclabile,no,2,no,0,B1,
SS-BOL-0645,Via Enrico Caruso,,giallo,3,strada urbana senza ciclabile,no,2,si,0,A1,
SS-BOL-0646,Via Enrico De Nicola,,giallo,3,strada urbana senza ciclabile,no,2,no,0,B1,
SS-BOL-0647,Via Enrico Fermi,,giallo,3,strada urbana senza ciclabile,no,2,si,0,B1,
SS-BOL-0648,Via Enrico Ferri,,blu,2,zona pedonale / living street,no,1,no,0,B1,
SS-BOL-0649,Via Enrico Golinelli,,giallo,3,strada urbana senza ciclabile,no,2,no,0,A1,
SS-BOL-0650,Via Enrico Mattei,,verde,1,ciclabile presente (da OpenStreetMap),si,1,si,0,B1,
SS-BOL-0651,Via Enrico Redenti,,blu,2,zona pedonale / living street,no,1,no,0,A1,
SS-BOL-0652,Via Enzo Ferrari,,giallo,3,strada urbana senza ciclabile (2 corsie),no,2,no,0,B1,
SS-BOL-0653,Via Enzo Zoni,,giallo,3,strada urbana senza ciclabile,no,2,no,0,B1,
SS-BOL-0654,Via Erbosa,,giallo,3,strada urbana senza ciclabile,no,2,si,0,B1,
SS-BOL-0655,Via Ercole De' Roberti,,giallo,3,strada urbana senza ciclabile (1 corsie),no,1,no,0,B1,
SS-BOL-0656,Via Ercole Graziani,,giallo,3,strada urbana senza ciclabile,no,2,no,0,B1,
SS-BOL-0657,Via Ercole Lelli,,giallo,3,strada urbana senza ciclabile,no,2,no,0,A1,
SS-BOL-0658,Via Ercole Nani,,verde,1,ciclabile presente (da OpenStreetMap),si,2,no,0,B1,
SS-BOL-0659,Via Ermanno Galeotti,,verde,1,ciclabile presente (da OpenStreetMap),si,2,si,0,B1,
SS-BOL-0660,Via Ermete Novelli,,giallo,3,strada urbana senza ciclabile,no,2,no,0,B1,
SS-BOL-0661,Via Ermete Zacconi,,giallo,3,strada urbana senza ciclabile,no,2,si,0,B1,
SS-BOL-0662,Via Ernesto Masi,,rosso,4,strada secondaria trafficata (3 corsie),no,3,no,0,A1,
SS-BOL-0663,Via Errico Malatesta,,giallo,3,strada urbana senza ciclabile,no,2,no,0,A1,
SS-BOL-0664,Via Estro Menabue,,giallo,3,strada urbana senza ciclabile,no,2,no,0,A1,
SS-BOL-0665,Via Etruria,,giallo,3,strada urbana senza ciclabile,no,2,no,0,A1,
SS-BOL-0666,Via Ettore Bidone,,giallo,3,strada urbana senza ciclabile (1 corsie),no,1,si,0,B1,
SS-BOL-0667,Via Ettore Nadalini,,verde,1,ciclabile presente (da OpenStreetMap),si,2,no,0,A1,
SS-BOL-0668,Via Ettore Zaniboni,,giallo,3,strada urbana senza ciclabile,no,2,si,0,B1,
SS-BOL-0669,Via Eugenio Curiel,,giallo,3,strada urbana senza ciclabile,no,2,no,0,A1,
SS-BOL-0670,Via Eustachio Manfredi,,giallo,3,strada urbana senza ciclabile,no,2,si,0,A1,
SS-BOL-0671,Via Evangelista Torricelli,,giallo,3,strada urbana senza ciclabile,no,2,si,0,B1,
SS-BOL-0672,Via Evaristo Guizzardi,,giallo,3,strada urbana senza ciclabile,no,2,no,0,B1,
SS-BOL-0673,Via Ezio Cesarini,,giallo,3,strada urbana senza ciclabile,no,2,si,0,B1,
SS-BOL-0674,Via Faenza,,giallo,3,strada urbana senza ciclabile (2 corsie),no,2,no,0,A1,
SS-BOL-0675,Via Faustino Malaguti,,rosso,4,strada secondaria trafficata (4 corsie),no,4,no,0,B1,
SS-BOL-0676,Via Federico Chopin,,giallo,3,strada urbana senza ciclabile,no,2,no,0,B1,
SS-BOL-0677,Via Federico Venturini,,giallo,3,strada urbana senza ciclabile,no,2,si,0,B1,
SS-BOL-0678,Via Federigo Enriques,,giallo,3,strada urbana senza ciclabile,no,2,no,0,A1,
SS-BOL-0679,Via Federigo Guarducci,,giallo,3,strada urbana senza ciclabile,no,2,no,0,B1,
SS-BOL-0680,Via Felice Battaglia,,giallo,3,strada urbana senza ciclabile,no,2,no,0,A1,
SS-BOL-0681,Via Felice Cavallotti,,giallo,3,strada urbana senza ciclabile,no,2,si,0,B1,
SS-BOL-0682,Via Felicina,,giallo,3,strada urbana senza ciclabile,no,2,no,0,B1,
SS-BOL-0683,Via Feltre,,giallo,3,strada urbana senza ciclabile,no,2,no,0,A1,
SS-BOL-0684,Via Ferdinando Magellano,,blu,2,zona pedonale / living street,no,1,no,0,B1,
SS-BOL-0685,Via Fernanda Pivano,,giallo,3,strada urbana senza ciclabile,no,2,no,0,B1,
SS-BOL-0686,Via Fernando Felicori,,verde,1,ciclabile presente (da OpenStreetMap),si,1,si,0,B1,
SS-BOL-0687,Via Fernando Fortuzzi,,giallo,3,strada urbana senza ciclabile,no,2,no,0,B1,
SS-BOL-0688,Via Fernando de Rosa,,giallo,3,strada urbana senza ciclabile (1 corsie),no,1,si,0,A1,
SS-BOL-0689,Via Ferrara,,giallo,3,strada urbana senza ciclabile,no,2,no,0,A1,
SS-BOL-0690,Via Ferrarese,,rosso,4,strada secondaria trafficata (2 corsie),no,2,si,0,B1,
SS-BOL-0691,Via Ferruccio Benini,,giallo,3,strada urbana senza ciclabile,no,2,no,0,B1,
SS-BOL-0692,Via Ferruccio Garavaglia,,giallo,3,strada urbana senza ciclabile,no,2,no,0,B1,
SS-BOL-0693,Via Ferruccio Magnani,,giallo,3,strada urbana senza ciclabile (1 corsie),no,1,si,0,B1,
SS-BOL-0694,Via Ferruccio Parri,,giallo,3,strada urbana senza ciclabile (1 corsie),no,1,si,0,B1,
SS-BOL-0695,Via Filippini,,giallo,3,strada urbana senza ciclabile,no,2,no,0,A1,
SS-BOL-0696,Via Filippo Antolini,,giallo,3,strada urbana senza ciclabile (2 corsie),no,2,no,0,B1,
SS-BOL-0697,Via Filippo Argelati,,giallo,3,strada urbana senza ciclabile,no,2,si,0,A1,
SS-BOL-0698,Via Filippo Benizzi,,giallo,3,strada urbana senza ciclabile,no,2,no,0,B1,
SS-BOL-0699,Via Filippo Beroaldo,,giallo,3,strada urbana senza ciclabile (2 corsie),no,2,no,0,B1,
SS-BOL-0700,Via Filippo De Pisis,,verde,1,ciclabile presente (da OpenStreetMap),si,2,no,0,B1,
SS-BOL-0701,Via Filippo Re,,giallo,3,strada urbana senza ciclabile,no,2,no,0,B1,
SS-BOL-0702,Via Filippo Schiassi,,giallo,3,strada urbana senza ciclabile (2 corsie),no,2,no,0,A1,
SS-BOL-0703,Via Filippo Terzi,,giallo,3,strada urbana senza ciclabile,no,2,no,0,B1,
SS-BOL-0704,Via Filippo Turati,,giallo,3,strada urbana senza ciclabile,no,2,si,0,A1,
SS-BOL-0705,Via Filippo e Angelo Cuccoli,,giallo,3,strada urbana senza ciclabile,no,2,no,0,B1,
SS-BOL-0706,Via Fiorita,,giallo,3,strada urbana senza ciclabile (1 corsie),no,1,si,0,A1,
SS-BOL-0707,Via Firenze,,giallo,3,strada urbana senza ciclabile (2 corsie),no,2,si,0,A1,
SS-BOL-0708,Via Floriano Ambrosini,,giallo,3,strada urbana senza ciclabile,no,2,si,0,B1,
SS-BOL-0709,Via Fondazza,,giallo,3,strada urbana senza ciclabile (1 corsie),no,1,si,0,A1,
SS-BOL-0710,Via Fonti di Casaglia,,blu,2,zona pedonale / living street,no,1,no,0,A1,
SS-BOL-0711,Via Fossa Cava,,giallo,3,strada urbana senza ciclabile,no,2,no,0,B1,
SS-BOL-0712,Via Fossalta,,blu,2,zona pedonale / living street,no,1,no,0,B1,
SS-BOL-0713,Via Fossolo,,giallo,3,strada urbana senza ciclabile (2 corsie),no,2,si,0,A1,
SS-BOL-0714,Via Frabazza,,giallo,3,strada urbana senza ciclabile (1 corsie),no,1,no,0,B1,
SS-BOL-0715,Via Francesca Edera De Giovanni,,giallo,3,strada urbana senza ciclabile,no,2,si,0,B1,
SS-BOL-0716,Via Francesco Albani,,giallo,3,strada urbana senza ciclabile,no,2,si,0,B1,
SS-BOL-0717,Via Francesco Albergati,,giallo,3,strada urbana senza ciclabile (1 corsie),no,1,si,0,A1,
SS-BOL-0718,Via Francesco Arcangeli,,giallo,3,strada urbana senza ciclabile,no,2,no,0,B1,
SS-BOL-0719,Via Francesco Baracca,,giallo,3,strada urbana senza ciclabile,no,2,si,0,B1,
SS-BOL-0720,Via Francesco Bartoli,,giallo,3,strada urbana senza ciclabile,no,2,no,0,B1,
SS-BOL-0721,Via Francesco Brizzi,,giallo,3,strada urbana senza ciclabile,no,2,no,0,A1,
SS-BOL-0722,Via Francesco Cavazza,,giallo,3,strada urbana senza ciclabile,no,2,si,0,A1,
SS-BOL-0723,Via Francesco Cavazzoni,,verde,1,ciclabile presente (da OpenStreetMap),si,2,no,0,A1,
SS-BOL-0724,Via Francesco Cilea,,giallo,3,strada urbana senza ciclabile,no,2,si,0,A1,
SS-BOL-0725,Via Francesco De Sanctis,,giallo,3,strada urbana senza ciclabile,no,2,no,0,B1,
SS-BOL-0726,Via Francesco Del Cossa,,giallo,3,strada urbana senza ciclabile,no,2,no,0,B1,
SS-BOL-0727,Via Francesco Fantoni,,verde,1,ciclabile presente (da OpenStreetMap),si,2,no,0,B1,
SS-BOL-0728,Via Francesco Flora,,giallo,3,strada urbana senza ciclabile,no,2,no,0,B1,
SS-BOL-0729,Via Francesco Guardi,,giallo,3,strada urbana senza ciclabile,no,2,no,0,B1,
SS-BOL-0730,Via Francesco Nullo,,giallo,3,strada urbana senza ciclabile,no,2,si,0,A1,
SS-BOL-0731,Via Francesco Orioli,,giallo,3,strada urbana senza ciclabile (1 corsie),no,1,si,0,A1,
SS-BOL-0732,Via Francesco Orsoni,,giallo,3,strada urbana senza ciclabile,no,2,no,0,A1,
SS-BOL-0733,Via Francesco Paolo Michetti,,giallo,3,strada urbana senza ciclabile,no,2,si,0,B1,
SS-BOL-0734,Via Francesco Petrarca,,giallo,3,strada urbana senza ciclabile,no,2,si,0,A1,
SS-BOL-0735,Via Francesco Primaticcio,,giallo,3,strada urbana senza ciclabile (1 corsie),no,1,si,0,B1,
SS-BOL-0736,Via Francesco Rismondo,,giallo,3,strada urbana senza ciclabile,no,2,no,0,B1,
SS-BOL-0737,Via Francesco Rizzoli,,giallo,3,strada urbana senza ciclabile (2 corsie),no,2,no,0,B1,
SS-BOL-0738,Via Francesco Rocchi,,giallo,3,strada urbana senza ciclabile,no,2,si,0,A1,
SS-BOL-0739,Via Francesco Roncati,,giallo,3,strada urbana senza ciclabile (2 corsie),no,2,no,0,B1,
SS-BOL-0740,Via Francesco Sabatucci,,giallo,3,strada urbana senza ciclabile,no,2,si,0,B1,
SS-BOL-0741,Via Francesco Saverio Mercadante,,giallo,3,strada urbana senza ciclabile,no,2,si,0,A1,
SS-BOL-0742,Via Francesco Selmi,,giallo,3,strada urbana senza ciclabile,no,2,si,0,B1,
SS-BOL-0743,Via Francesco Serato,,giallo,3,strada urbana senza ciclabile,no,2,si,0,A1,
SS-BOL-0744,Via Francesco Tadolini,,rosso,4,strada secondaria trafficata (1 corsie),no,1,si,0,A1,
SS-BOL-0745,Via Francesco Tamagno,,giallo,3,strada urbana senza ciclabile,no,2,si,0,A1,
SS-BOL-0746,Via Francesco Todaro,,giallo,3,strada urbana senza ciclabile (1 corsie),no,1,si,0,B1,
SS-BOL-0747,Via Francesco Zambeccari,,giallo,3,strada urbana senza ciclabile,no,2,no,0,B1,
SS-BOL-0748,Via Francesco Zambrini,,giallo,3,strada urbana senza ciclabile,no,2,si,0,A1,
SS-BOL-0749,Via Francesco Zanardi,,verde,1,ciclabile presente (da OpenStreetMap),si,3,no,0,B1,
SS-BOL-0750,Via Franco Alfano,,giallo,3,strada urbana senza ciclabile,no,2,si,0,A1,
SS-BOL-0751,Via Franco Basaglia,,giallo,3,strada urbana senza ciclabile (2 corsie),no,2,no,0,B1,
SS-BOL-0752,Via Franco Bolognese,,rosso,4,strada secondaria trafficata,no,2,si,0,B1,
SS-BOL-0753,Via Francoforte,,giallo,3,strada urbana senza ciclabile,no,2,no,0,B1,
SS-BOL-0754,Via Frank Zappa,,giallo,3,strada urbana senza ciclabile (2 corsie),no,2,no,0,B1,
SS-BOL-0755,Via Frassinago,,giallo,3,strada urbana senza ciclabile (1 corsie),no,1,si,0,B1,
SS-BOL-0756,Via Fratelli Bordoni,,giallo,3,strada urbana senza ciclabile,no,2,si,0,B1,
SS-BOL-0757,Via Fratelli Carpigiani,,giallo,3,strada urbana senza ciclabile,no,2,no,0,B1,
SS-BOL-0758,Via Fratelli Cervi,,giallo,3,strada urbana senza ciclabile,no,2,no,0,B1,
SS-BOL-0759,Via Fratelli Dandolo,,blu,2,zona pedonale / living street,no,1,no,0,B1,
SS-BOL-0760,Via Fratelli Gruppi,,giallo,3,strada urbana senza ciclabile,no,2,si,0,B1,
SS-BOL-0761,Via Fratelli Pinardi,,giallo,3,strada urbana senza ciclabile,no,2,si,0,B1,
SS-BOL-0762,Via Fratelli Rosselli,,giallo,3,strada urbana senza ciclabile (1 corsie),no,1,si,0,B1,
SS-BOL-0763,Via Friuli Venezia Giulia,,giallo,3,strada urbana senza ciclabile (2 corsie),no,2,no,0,A1,
SS-BOL-0764,Via Frullo,,giallo,3,strada urbana senza ciclabile,no,2,si,0,B1,
SS-BOL-0765,Via Fulvio Milani,,giallo,3,strada urbana senza ciclabile,no,2,si,0,A1,
SS-BOL-0766,Via Gabriele D'Annunzio,,giallo,3,strada urbana senza ciclabile,no,2,si,0,B1,
SS-BOL-0767,Via Gaetano Bottrigari,,giallo,3,strada urbana senza ciclabile (1 corsie),no,1,si,0,B1,
SS-BOL-0768,Via Gaetano Donizetti,,giallo,3,strada urbana senza ciclabile,no,2,si,0,A1,
SS-BOL-0769,Via Gaetano Giordani,,giallo,3,strada urbana senza ciclabile,no,2,si,0,A1,
SS-BOL-0770,Via Gaetano Monti,,giallo,3,strada urbana senza ciclabile,no,2,no,0,A1,
SS-BOL-0771,Via Gaetano Previati,,blu,2,zona pedonale / living street,no,1,si,0,A1,
SS-BOL-0772,Via Gaetano Tacconi,,giallo,3,strada urbana senza ciclabile,no,2,si,0,A1,
SS-BOL-0773,Via Gaibara,,giallo,3,strada urbana senza ciclabile,no,2,no,0,A1,
SS-BOL-0774,Via Galeazza,,giallo,3,strada urbana senza ciclabile,no,2,no,0,B1,
SS-BOL-0775,Via Galeazzo Marescotti,,giallo,3,strada urbana senza ciclabile (1 corsie),no,1,si,0,A1,
SS-BOL-0776,Via Galliera,,giallo,3,strada urbana senza ciclabile (1 corsie),no,1,si,0,B1,
SS-BOL-0777,Via Garofalo,,verde,1,ciclabile presente (da OpenStreetMap),si,2,no,0,A1,
SS-BOL-0778,Via Garzia Fioresi,,giallo,3,strada urbana senza ciclabile,no,2,no,0,B1,
SS-BOL-0779,Via Gaspare Nadi,,giallo,3,strada urbana senza ciclabile,no,2,no,0,A1,
SS-BOL-0780,Via Gaspare Tagliacozzi,,giallo,3,strada urbana senza ciclabile,no,2,no,0,A1,
SS-BOL-0781,Via Gaspare Ungarelli,,giallo,3,strada urbana senza ciclabile,no,2,no,0,B1,
SS-BOL-0782,Via Gastone Piccinini,,giallo,3,strada urbana senza ciclabile (2 corsie),no,2,no,0,B1,
SS-BOL-0783,Via Gastone Rossi,,giallo,3,strada urbana senza ciclabile (2 corsie),no,2,no,0,B1,
SS-BOL-0784,Via Gastone Sozzi,,giallo,3,strada urbana senza ciclabile,no,2,no,0,A1,
SS-BOL-0785,Via Genova,,giallo,3,strada urbana senza ciclabile,no,2,si,0,A1,
SS-BOL-0786,Via Genuzio Bentini,,verde,1,ciclabile presente (da OpenStreetMap),si,2,no,0,B1,
SS-BOL-0787,Via Georges Gordon Byron,,giallo,3,strada urbana senza ciclabile (2 corsie),no,2,no,0,B1,
SS-BOL-0788,Via Gerolamo Rainaldi,,giallo,3,strada urbana senza ciclabile,no,2,no,0,A1,
SS-BOL-0789,Via Gerolamo Savonarola,,giallo,3,strada urbana senza ciclabile,no,2,no,0,B1,
SS-BOL-0790,Via Gherardo Forni,,giallo,3,strada urbana senza ciclabile,no,2,si,0,A1,
SS-BOL-0791,Via Gherardo Gherardi,,giallo,3,strada urbana senza ciclabile (1 corsie),no,1,si,0,B1,
SS-BOL-0792,Via Gherardo Ghirardini,,giallo,3,strada urbana senza ciclabile,no,2,si,0,A1,
SS-BOL-0793,Via Ghirardini,,giallo,3,strada urbana senza ciclabile,no,2,si,0,A1,
SS-BOL-0794,Via Giacinta Pezzana,,giallo,3,strada urbana senza ciclabile,no,2,no,0,B1,
SS-BOL-0795,Via Giacomo Antonio Perti,,giallo,3,strada urbana senza ciclabile,no,2,si,0,A1,
SS-BOL-0796,Via Giacomo Brodolini,,giallo,3,strada urbana senza ciclabile,no,2,no,0,B1,
SS-BOL-0797,Via Giacomo Ciamician,,giallo,3,strada urbana senza ciclabile,no,2,no,0,B1,
SS-BOL-0798,Via Giacomo Filippo Novaro,,giallo,3,strada urbana senza ciclabile,no,2,no,0,A1,
SS-BOL-0799,Via Giacomo Leopardi,,giallo,3,strada urbana senza ciclabile (1 corsie),no,1,si,0,B1,
SS-BOL-0800,Via Giacomo Matteotti,,rosso,4,strada secondaria trafficata (2 corsie),no,2,si,0,B1,
SS-BOL-0801,Via Giacomo Pallotti,,giallo,3,strada urbana senza ciclabile,no,2,si,0,B1,
SS-BOL-0802,Via Giacomo Puccini,,giallo,3,strada urbana senza ciclabile,no,2,si,0,A1,
SS-BOL-0803,Via Giacomo Tommasini,,blu,2,accesso limitato (ZTL),no,1,no,0,A1,
SS-BOL-0804,Via Giacomo Venezian,,giallo,3,strada urbana senza ciclabile,no,2,si,0,B1,
SS-BOL-0805,Via Giambattista Tiepolo,,blu,2,zona pedonale / living street,no,1,si,0,A1,
SS-BOL-0806,Via Giambattista Vico,,giallo,3,strada urbana senza ciclabile,no,2,no,0,B1,
SS-BOL-0807,Via Giambologna,,giallo,3,strada urbana senza ciclabile,no,2,si,0,B1,
SS-BOL-0808,Via Giampietro Zanotti,,giallo,3,strada urbana senza ciclabile,no,2,si,0,A1,
SS-BOL-0809,Via Gian Giacomo Carissimi,,giallo,3,strada urbana senza ciclabile,no,2,si,0,A1,
SS-BOL-0810,Via Gian Luigi Protche,,giallo,3,strada urbana senza ciclabile (1 corsie),no,1,si,0,B1,
SS-BOL-0811,Via Gianbattista Martini,,giallo,3,strada urbana senza ciclabile (1 corsie),no,1,si,0,A1,
SS-BOL-0812,Via Gianguido Borghese,,giallo,3,strada urbana senza ciclabile,no,2,si,0,B1,
SS-BOL-0813,Via Gianlodovico Bianconi,,giallo,3,strada urbana senza ciclabile,no,2,si,0,A1,
SS-BOL-0814,Via Gianni Palmieri,,giallo,3,strada urbana senza ciclabile,no,2,si,0,B1,
SS-BOL-0815,Via Gil Evans,,giallo,3,strada urbana senza ciclabile (2 corsie),no,2,no,0,B1,
SS-BOL-0816,Via Gino Cervi,,giallo,3,strada urbana senza ciclabile,no,2,no,0,B1,
SS-BOL-0817,Via Gino Onofri,,giallo,3,strada urbana senza ciclabile (1 corsie),no,1,si,0,A1,
SS-BOL-0818,Via Gino Rocchi,,giallo,3,strada urbana senza ciclabile,no,2,si,0,A1,
SS-BOL-0819,Via Gino Tinozzi,,giallo,3,strada urbana senza ciclabile,no,2,no,0,A1,
SS-BOL-0820,Via Giordano Bruno,,giallo,3,strada urbana senza ciclabile,no,2,si,0,A1,
SS-BOL-0821,Via Giorgio Bassani,,giallo,3,strada urbana senza ciclabile,no,2,no,0,B1,
SS-BOL-0822,Via Giorgio Cencetti,,verde,1,ciclabile presente (da OpenStreetMap),si,2,no,0,B1,
SS-BOL-0823,Via Giorgio Ercolani,,giallo,3,strada urbana senza ciclabile (1 corsie),no,1,si,0,B1,
SS-BOL-0824,Via Giorgio La Pira,,giallo,3,strada urbana senza ciclabile,no,2,no,0,B1,
SS-BOL-0825,Via Giorgio Perlasca,,giallo,3,strada urbana senza ciclabile,no,2,no,0,A1,
SS-BOL-0826,Via Giorgio Vasari,,giallo,3,strada urbana senza ciclabile,no,2,si,0,B1,
SS-BOL-0827,Via Giorgione,,giallo,3,strada urbana senza ciclabile,no,2,no,0,B1,
SS-BOL-0828,Via Giotto,,verde,1,ciclabile presente (da OpenStreetMap),si,2,no,0,B1,
SS-BOL-0829,Via Giovan Battista Cortesi,,giallo,3,strada urbana senza ciclabile,no,2,no,0,A1,
SS-BOL-0830,Via Giovan Battista Gandino,,giallo,3,strada urbana senza ciclabile (1 corsie),no,1,si,0,A1,
SS-BOL-0831,Via Giovan Battista Martinetti,,giallo,3,strada urbana senza ciclabile,no,2,si,0,B1,
SS-BOL-0832,Via Giovanna Zaccherini Alvisi,,giallo,3,strada urbana senza ciclabile (2 corsie),no,2,si,0,B1,
SS-BOL-0833,Via Giovanni Amendola,,giallo,3,strada urbana senza ciclabile (2 corsie),no,2,si,0,B1,
SS-BOL-0834,Via Giovanni Antonio Magini,,giallo,3,strada urbana senza ciclabile,no,2,si,0,A1,
SS-BOL-0835,Via Giovanni Antonio Sacco,,giallo,3,strada urbana senza ciclabile,no,2,si,0,B1,
SS-BOL-0836,Via Giovanni Battista Melloni,,giallo,3,strada urbana senza ciclabile (2 corsie),no,2,no,0,A1,
SS-BOL-0837,Via Giovanni Battista Morgagni,,giallo,3,strada urbana senza ciclabile,no,2,si,0,B1,
SS-BOL-0838,Via Giovanni Battista Pergolesi,,giallo,3,strada urbana senza ciclabile,no,2,si,0,A1,
SS-BOL-0839,Via Giovanni Battista de Rolandis,,verde,1,ciclabile presente (da OpenStreetMap),si,1,si,0,B1,
SS-BOL-0840,Via Giovanni Bertini,,giallo,3,strada urbana senza ciclabile,no,2,si,0,B1,
SS-BOL-0841,Via Giovanni Boccaccio,,giallo,3,strada urbana senza ciclabile,no,2,no,0,A1,
SS-BOL-0842,Via Giovanni Bottonelli,,giallo,3,strada urbana senza ciclabile,no,2,no,0,B1,
SS-BOL-0843,Via Giovanni Brugnoli,,giallo,3,strada urbana senza ciclabile (2 corsie),no,2,no,0,B1,
SS-BOL-0844,Via Giovanni Capellini,,giallo,3,strada urbana senza ciclabile,no,2,si,0,A1,
SS-BOL-0845,Via Giovanni Casoni,,giallo,3,strada urbana senza ciclabile (2 corsie),no,2,no,0,B1,
SS-BOL-0846,Via Giovanni Cerbai,,giallo,3,strada urbana senza ciclabile,no,2,si,0,A1,
SS-BOL-0847,Via Giovanni Chiarini,,giallo,3,strada urbana senza ciclabile (2 corsie),no,2,no,0,B1,
SS-BOL-0848,Via Giovanni Crocioni,,giallo,3,strada urbana senza ciclabile,no,2,no,0,A1,
SS-BOL-0849,Via Giovanni Domenico Cassini,,verde,1,ciclabile presente (da OpenStreetMap),si,1,si,0,A1,
SS-BOL-0850,Via Giovanni Duprè,,giallo,3,strada urbana senza ciclabile,no,2,no,0,A1,
SS-BOL-0851,Via Giovanni Elkan,,giallo,3,strada urbana senza ciclabile (1 corsie),no,1,si,0,B1,
SS-BOL-0852,Via Giovanni Emanuel,,giallo,3,strada urbana senza ciclabile,no,2,no,0,B1,
SS-BOL-0853,Via Giovanni Fattori,,giallo,3,strada urbana senza ciclabile,no,2,no,0,B1,
SS-BOL-0854,Via Giovanni Favilli,,giallo,3,strada urbana senza ciclabile,no,2,no,0,A1,
SS-BOL-0855,Via Giovanni Francesco Barbieri,,giallo,3,strada urbana senza ciclabile,no,2,no,0,B1,
SS-BOL-0856,Via Giovanni Garzoni,,giallo,3,strada urbana senza ciclabile,no,2,si,0,A1,
SS-BOL-0857,Via Giovanni Gioseffo dal Sole,,giallo,3,strada urbana senza ciclabile,no,2,no,0,B1,
SS-BOL-0858,Via Giovanni Livraghi,,giallo,3,strada urbana senza ciclabile,no,2,no,0,B1,
SS-BOL-0859,Via Giovanni Lorenzo Bernini,,giallo,3,strada urbana senza ciclabile,no,2,si,0,A1,
SS-BOL-0860,Via Giovanni Marchetti,,giallo,3,strada urbana senza ciclabile,no,2,no,0,A1,
SS-BOL-0861,Via Giovanni Massei,,blu,2,zona pedonale / living street,no,1,no,0,A1,
SS-BOL-0862,Via Giovanni Natali,,giallo,3,strada urbana senza ciclabile,no,2,si,0,B1,
SS-BOL-0863,Via Giovanni Nicolò Pasquali Alidosi,,giallo,3,strada urbana senza ciclabile,no,2,si,0,A1,
SS-BOL-0864,Via Giovanni Papini,,giallo,3,strada urbana senza ciclabile (2 corsie),no,2,no,0,B1,
SS-BOL-0865,Via Giovanni Pascoli,,giallo,3,strada urbana senza ciclabile,no,2,si,0,A1,
SS-BOL-0866,Via Giovanni Sebastiano Bach,,giallo,3,strada urbana senza ciclabile,no,2,si,0,A1,
SS-BOL-0867,Via Giovanni Segantini,,giallo,3,strada urbana senza ciclabile (1 corsie),no,1,si,0,B1,
SS-BOL-0868,Via Giovanni Spataro,,giallo,3,strada urbana senza ciclabile (1 corsie),no,1,si,0,A1,
SS-BOL-0869,Via Giovanni Verga,,giallo,3,strada urbana senza ciclabile (2 corsie),no,2,no,0,B1,
SS-BOL-0870,Via Giovanni secondo Bentivoglio,,nero,5,"strada ad alta velocità (tertiary, 70 km/h)",no,2,si,0,A1,
SS-BOL-0871,Via Girolamo Borselli,,giallo,3,strada urbana senza ciclabile,no,2,no,0,A1,
SS-BOL-0872,Via Girolamo Cardano,,giallo,3,strada urbana senza ciclabile,no,2,si,0,B1,
SS-BOL-0873,Via Girolamo Curti,,giallo,3,strada urbana senza ciclabile,no,2,no,0,B1,
SS-BOL-0874,Via Girolamo Frescobaldi,,giallo,3,strada urbana senza ciclabile,no,2,si,0,A1,
SS-BOL-0875,Via Girolamo Giacobbi,,giallo,3,strada urbana senza ciclabile,no,2,si,0,B1,
SS-BOL-0876,Via Giulio Alberoni,,giallo,3,strada urbana senza ciclabile,no,2,si,0,B1,
SS-BOL-0877,Via Giulio Cesare Aranzio,,giallo,3,strada urbana senza ciclabile,no,2,si,0,A1,
SS-BOL-0878,Via Giulio Cesare Croce,,blu,2,zona pedonale / living street,no,1,no,0,B1,
SS-BOL-0879,Via Giulio Cesare Pupilli,,giallo,3,strada urbana senza ciclabile (2 corsie),no,2,no,0,A1,
SS-BOL-0880,Via Giulio Marcovigi,,giallo,3,strada urbana senza ciclabile,no,2,no,0,B1,
SS-BOL-0881,Via Giulio Verne,,giallo,3,strada urbana senza ciclabile (2 corsie),no,2,no,0,B1,
SS-BOL-0882,Via Giunio Bruto,,blu,2,zona pedonale / living street,no,1,no,0,B1,
SS-BOL-0883,Via Giuseppe Albini,,giallo,3,strada urbana senza ciclabile,no,2,si,0,A1,
SS-BOL-0884,Via Giuseppe Antonio Landi,,giallo,3,strada urbana senza ciclabile,no,2,no,0,B1,
SS-BOL-0885,Via Giuseppe Atti,,giallo,3,strada urbana senza ciclabile,no,2,no,0,A1,
SS-BOL-0886,Via Giuseppe Bandi,,giallo,3,strada urbana senza ciclabile,no,2,no,0,A1,
SS-BOL-0887,Via Giuseppe Bentivogli,,giallo,3,strada urbana senza ciclabile,no,2,si,0,B1,
SS-BOL-0888,Via Giuseppe Borgatti,,giallo,3,strada urbana senza ciclabile,no,2,si,0,A1,
SS-BOL-0889,Via Giuseppe Bosi,,giallo,3,strada urbana senza ciclabile,no,2,no,0,A1,
SS-BOL-0890,Via Giuseppe Brini,,giallo,3,strada urbana senza ciclabile,no,2,no,0,B1,
SS-BOL-0891,Via Giuseppe Ceri,,giallo,3,strada urbana senza ciclabile,no,2,si,0,B1,
SS-BOL-0892,Via Giuseppe Cesare Abba,,giallo,3,strada urbana senza ciclabile,no,2,si,0,A1,
SS-BOL-0893,Via Giuseppe Cesare Gualandi,,blu,2,zona pedonale / living street,no,1,no,0,A1,
SS-BOL-0894,Via Giuseppe Crespi,,giallo,3,strada urbana senza ciclabile (1 corsie),no,1,si,0,B1,
SS-BOL-0895,Via Giuseppe Dagnini,,giallo,3,strada urbana senza ciclabile,no,2,si,0,A1,
SS-BOL-0896,Via Giuseppe Di Vittorio,,giallo,3,strada urbana senza ciclabile (2 corsie),no,2,si,0,B1,
SS-BOL-0897,Via Giuseppe Donati,,giallo,3,strada urbana senza ciclabile,no,2,si,0,A1,
SS-BOL-0898,Via Giuseppe Dossetti,,blu,2,zona pedonale / living street,no,1,no,0,B1,
SS-BOL-0899,Via Giuseppe Dozza,,verde,1,ciclabile presente (da OpenStreetMap),si,2,no,0,A1,
SS-BOL-0900,Via Giuseppe Gabussi,,giallo,3,strada urbana senza ciclabile,no,2,no,0,B1,
SS-BOL-0901,Via Giuseppe Galletti,,giallo,3,strada urbana senza ciclabile,no,2,no,0,A1,
SS-BOL-0902,Via Giuseppe Garibaldi,,giallo,3,strada urbana senza ciclabile (2 corsie),no,2,no,0,A1,
SS-BOL-0903,Via Giuseppe Gaspari,,giallo,3,strada urbana senza ciclabile,no,2,no,0,A1,
SS-BOL-0904,Via Giuseppe Giacosa,,verde,1,ciclabile presente (da OpenStreetMap),si,2,no,0,B1,
SS-BOL-0905,Via Giuseppe Gioacchino Belli,,giallo,3,strada urbana senza ciclabile,no,2,si,0,B1,
SS-BOL-0906,Via Giuseppe Giusti,,giallo,3,strada urbana senza ciclabile,no,2,si,0,B1,
SS-BOL-0907,Via Giuseppe Grabinski,,giallo,3,strada urbana senza ciclabile (1 corsie),no,1,si,0,B1,
SS-BOL-0908,Via Giuseppe Guidicini,,giallo,3,strada urbana senza ciclabile,no,2,si,0,A1,
SS-BOL-0909,Via Giuseppe Longo,,giallo,3,strada urbana senza ciclabile (2 corsie),no,2,si,0,A1,
SS-BOL-0910,Via Giuseppe Malagoli,,giallo,3,strada urbana senza ciclabile (2 corsie),no,2,no,0,B1,
SS-BOL-0911,Via Giuseppe Maria Mitelli,,giallo,3,strada urbana senza ciclabile,no,2,si,0,B1,
SS-BOL-0912,Via Giuseppe Martucci,,giallo,3,strada urbana senza ciclabile,no,2,no,0,A1,
SS-BOL-0913,Via Giuseppe Massarenti,,rosso,4,strada principale trafficata (2 corsie),no,2,si,0,B1,
SS-BOL-0914,Via Giuseppe Mazza,,verde,1,ciclabile presente (da OpenStreetMap),si,2,si,0,B1,
SS-BOL-0915,Via Giuseppe Mazzini,,rosso,4,strada principale trafficata (2 corsie),no,2,si,0,A1,
SS-BOL-0916,Via Giuseppe Mengoni,,blu,2,zona pedonale / living street,no,1,no,0,B1,
SS-BOL-0917,Via Giuseppe Mezzofanti,,giallo,3,strada urbana senza ciclabile (1 corsie),no,1,si,0,A1,
SS-BOL-0918,Via Giuseppe Minganti,,giallo,3,strada urbana senza ciclabile,no,2,no,0,B1,
SS-BOL-0919,Via Giuseppe Pacchioni,,giallo,3,strada urbana senza ciclabile (1 corsie),no,1,si,0,B1,
SS-BOL-0920,Via Giuseppe Parini,,giallo,3,strada urbana senza ciclabile,no,2,si,0,B1,
SS-BOL-0921,Via Giuseppe Petroni,,blu,2,zona pedonale / living street,no,1,no,0,B1,
SS-BOL-0922,Via Giuseppe Rivani,,giallo,3,strada urbana senza ciclabile,no,2,no,0,A1,
SS-BOL-0923,Via Giuseppe Rolli,,giallo,3,strada urbana senza ciclabile,no,2,no,0,B1,
SS-BOL-0924,Via Giuseppe Ruggi,,giallo,3,strada urbana senza ciclabile,no,2,si,0,A1,
SS-BOL-0925,Via Giuseppe Saragat,,giallo,3,strada urbana senza ciclabile (2 corsie),no,2,si,0,A1,
SS-BOL-0926,Via Giuseppe Tartini,,giallo,3,strada urbana senza ciclabile,no,2,si,0,B1,
SS-BOL-0927,Via Giuseppe Tellera,,giallo,3,strada urbana senza ciclabile,no,2,si,0,B1,
SS-BOL-0928,Via Giuseppe Torelli,,giallo,3,strada urbana senza ciclabile,no,2,no,0,A1,
SS-BOL-0929,Via Giuseppe Vaccaro,,giallo,3,strada urbana senza ciclabile,no,2,no,0,B1,
SS-BOL-0930,Via Giuseppe di Vagno,,giallo,3,strada urbana senza ciclabile,no,2,no,0,B1,
SS-BOL-0931,Via Goffredo Mameli,,giallo,3,strada urbana senza ciclabile,no,2,no,0,B1,
SS-BOL-0932,Via Goito,,giallo,3,strada urbana senza ciclabile,no,2,si,0,B1,
SS-BOL-0933,Via Golfreda,,giallo,3,strada urbana senza ciclabile,no,2,no,0,A1,
SS-BOL-0934,Via Gorizia,,giallo,3,strada urbana senza ciclabile,no,2,si,0,B1,
SS-BOL-0935,Via Grazia Deledda,,giallo,3,strada urbana senza ciclabile,no,2,si,0,B1,
SS-BOL-0936,Via Graziano,,giallo,3,strada urbana senza ciclabile (2 corsie),no,2,no,0,B1,
SS-BOL-0937,Via Graziolo Bambaglioli,,giallo,3,strada urbana senza ciclabile,no,2,no,0,A1,
SS-BOL-0938,Via Gregorio XIII,,giallo,3,strada urbana senza ciclabile,no,2,si,0,B1,
SS-BOL-0939,Via Greta Garbo,,giallo,3,strada urbana senza ciclabile,no,2,si,0,B1,
SS-BOL-0940,Via Guazzaloca,,verde,1,ciclabile presente (da OpenStreetMap),si,2,no,0,A1,
SS-BOL-0941,Via Guelfa,,giallo,3,strada urbana senza ciclabile,no,2,no,0,A1,
SS-BOL-0942,Via Guerrazzi,,verde,1,ciclabile presente (da OpenStreetMap),si,2,si,0,A1,
SS-BOL-0943,Via Guglielmo Marconi,,rosso,4,strada secondaria trafficata (3 corsie),no,3,si,0,B1,
SS-BOL-0944,Via Guglielmo Oberdan,,giallo,3,strada urbana senza ciclabile,no,2,si,0,B1,
SS-BOL-0945,Via Guglielmo Pepe,,blu,2,zona pedonale / living street,no,1,no,0,B1,
SS-BOL-0946,Via Guglielmo Pizzirani,,giallo,3,strada urbana senza ciclabile,no,2,no,0,B1,
SS-BOL-0947,Via Guido Gozzano,,giallo,3,strada urbana senza ciclabile,no,2,si,0,B1,
SS-BOL-0948,Via Guido Guinizelli,,giallo,3,strada urbana senza ciclabile,no,2,si,0,A1,
SS-BOL-0949,Via Guido Reni,,giallo,3,strada urbana senza ciclabile (1 corsie),no,1,si,0,B1,
SS-BOL-0950,Via Guido Rossa,,giallo,3,strada urbana senza ciclabile,no,2,no,0,A1,
SS-BOL-0951,Via Guido Zucchini,,giallo,3,strada urbana senza ciclabile,no,2,si,0,B1,
SS-BOL-0952,Via Gustavo Modena,,giallo,3,strada urbana senza ciclabile,no,2,si,0,B1,
SS-BOL-0953,Via Henghel Gualdi,,rosso,4,strada secondaria trafficata (1 corsie),no,1,si,0,B1,
SS-BOL-0954,Via Henri Beyle Stendhal,,giallo,3,strada urbana senza ciclabile,no,2,no,0,B1,
SS-BOL-0955,Via Honorè De Balzac,,giallo,3,strada urbana senza ciclabile,no,2,si,0,B1,
SS-BOL-0956,Via Honoré de Balzac,,giallo,3,strada urbana senza ciclabile,no,2,si,0,B1,
SS-BOL-0957,Via Iacopo Barozzi,,giallo,3,strada urbana senza ciclabile,no,2,si,0,B1,
SS-BOL-0958,Via Ignazio Silone,,giallo,3,strada urbana senza ciclabile,no,2,no,0,B1,
SS-BOL-0959,Via Ilio Barontini,,giallo,3,strada urbana senza ciclabile (1 corsie),no,1,si,0,B1,
SS-BOL-0960,Via Imola,,giallo,3,strada urbana senza ciclabile,no,2,no,0,B1,
SS-BOL-0961,Via Indro Montanelli,,giallo,3,strada urbana senza ciclabile,no,2,si,0,B1,
SS-BOL-0962,Via Innocenzo Malvasia,,verde,1,ciclabile presente (da OpenStreetMap),si,2,no,0,B1,
SS-BOL-0963,Via Innocenzo da Imola,,giallo,3,strada urbana senza ciclabile,no,2,si,0,B1,
SS-BOL-0964,Via Ippolito Nievo,,giallo,3,strada urbana senza ciclabile,no,2,si,0,A1,
SS-BOL-0965,Via Irma Bandiera,,verde,1,ciclabile presente (da OpenStreetMap),si,2,si,0,B1,
SS-BOL-0966,Via Irnerio,,rosso,4,strada secondaria trafficata (4 corsie),no,4,no,0,B1,
SS-BOL-0967,Via Isabella Andreini,,rosso,4,strada secondaria trafficata (2 corsie),no,2,no,0,B1,
SS-BOL-0968,Via Isabella Colbran,,giallo,3,strada urbana senza ciclabile (2 corsie),no,2,no,0,B1,
SS-BOL-0969,Via Isacco Newton,,giallo,3,strada urbana senza ciclabile,no,2,no,0,B1,
SS-BOL-0970,Via Istria,,giallo,3,strada urbana senza ciclabile (2 corsie),no,2,no,0,A1,
SS-BOL-0971,Via Italo Svevo,,giallo,3,strada urbana senza ciclabile,no,2,si,0,B1,
SS-BOL-0972,Via Jack London,,giallo,3,strada urbana senza ciclabile,no,2,si,0,B1,
SS-BOL-0973,Via Jacopo Bartolomeo Beccari,,giallo,3,strada urbana senza ciclabile,no,2,no,0,A1,
SS-BOL-0974,Via Jacopo Della Lana,,giallo,3,strada urbana senza ciclabile,no,2,si,0,A1,
SS-BOL-0975,Via Jacopo Di Paolo,,giallo,3,strada urbana senza ciclabile,no,2,si,0,B1,
SS-BOL-0976,Via Jacopo della Quercia,,giallo,3,strada urbana senza ciclabile (1 corsie),no,1,si,0,B1,
SS-BOL-0977,Via Jodiche Naldi,,giallo,3,strada urbana senza ciclabile,no,2,no,0,B1,
SS-BOL-0978,Via John Cage,,giallo,3,strada urbana senza ciclabile,no,2,no,0,B1,
SS-BOL-0979,Via Kharkov,,giallo,3,strada urbana senza ciclabile,no,2,si,0,B1,
SS-BOL-0980,Via L. Bettini,,giallo,3,strada urbana senza ciclabile,no,2,no,0,B1,
SS-BOL-0981,Via La Castiglia,,blu,2,zona pedonale / living street,no,1,si,0,A1,
SS-BOL-0982,Via Lanciano,,giallo,3,strada urbana senza ciclabile,no,2,no,0,A1,
SS-BOL-0983,Via Larga,,rosso,4,strada secondaria trafficata (1 corsie),no,1,si,0,B1,
SS-BOL-0984,Via Laura Bassi Veratti,,verde,1,ciclabile presente (da OpenStreetMap),si,2,no,0,A1,
SS-BOL-0985,Via Lazio,,giallo,3,strada urbana senza ciclabile,no,2,si,0,A1,
SS-BOL-0986,Via Leandro Alberti,,giallo,3,strada urbana senza ciclabile (1 corsie),no,1,si,0,A1,
SS-BOL-0987,Via Legnano,,giallo,3,strada urbana senza ciclabile,no,2,no,0,B1,
SS-BOL-0988,Via Lelio Dalla Volpe,,giallo,3,strada urbana senza ciclabile,no,2,si,0,A1,
SS-BOL-0989,Via Lemonia,,giallo,3,strada urbana senza ciclabile,no,2,si,0,B1,
SS-BOL-0990,Via Leonardo da Vinci,,giallo,3,strada urbana senza ciclabile,no,2,no,0,B1,
SS-BOL-0991,Via Leone Pesci,,blu,2,zona pedonale / living street,no,1,no,0,B1,
SS-BOL-0992,Via Leone Tolstoi,,giallo,3,strada urbana senza ciclabile,no,2,no,0,B1,
SS-BOL-0993,Via Leonello Grossi,,giallo,3,strada urbana senza ciclabile,no,2,no,0,A1,
SS-BOL-0994,Via Leonetto Cipriani,,giallo,3,strada urbana senza ciclabile,no,2,no,0,B1,
SS-BOL-0995,Via Leonida Bertolazzi,,giallo,3,strada urbana senza ciclabile,no,2,no,0,B1,
SS-BOL-0996,Via Leopoldo Fregoli,,giallo,3,strada urbana senza ciclabile,no,2,no,0,B1,
SS-BOL-0997,Via Letizia,,blu,2,accesso limitato (ZTL),no,1,no,0,A1,
SS-BOL-0998,Via Libero Battistelli,,giallo,3,strada urbana senza ciclabile (2 corsie),no,2,no,0,B1,
SS-BOL-0999,Via Libero Bergonzoni,,giallo,3,strada urbana senza ciclabile,no,2,si,0,B1,
SS-BOL-1000,Via Libia,,giallo,3,strada urbana senza ciclabile (2 corsie),no,2,no,0,B1,
SS-BOL-1001,Via Licinia,,giallo,3,strada urbana senza ciclabile,no,2,no,0,B1,
SS-BOL-1002,Via Licinio Cappelli,,giallo,3,strada urbana senza ciclabile (2 corsie),no,2,no,0,B1,
SS-BOL-1003,Via Lidice,,giallo,3,strada urbana senza ciclabile,no,2,no,0,A1,
SS-BOL-1004,Via Liguria,,giallo,3,strada urbana senza ciclabile,no,2,si,0,A1,
SS-BOL-1005,Via Lino Gucci,,giallo,3,strada urbana senza ciclabile,no,2,si,0,B1,
SS-BOL-1006,Via Lino Sighinolfi,,giallo,3,strada urbana senza ciclabile (2 corsie),no,2,no,0,B1,
SS-BOL-1007,Via Lionello Spada,,giallo,3,strada urbana senza ciclabile,no,2,si,0,B1,
SS-BOL-1008,Via Lippo di Dalmasio,,giallo,3,strada urbana senza ciclabile,no,2,no,0,A1,
SS-BOL-1009,Via Livio Zambeccari,,giallo,3,strada urbana senza ciclabile,no,2,si,0,B1,
SS-BOL-1010,Via Loderingo Degli Andalò,,giallo,3,strada urbana senza ciclabile,no,2,si,0,A1,
SS-BOL-1011,Via Lodovico Beccadelli,,giallo,3,strada urbana senza ciclabile,no,2,si,0,B1,
SS-BOL-1012,Via Lodovico Berti,,giallo,3,strada urbana senza ciclabile (1 corsie),no,1,si,0,B1,
SS-BOL-1013,Via Lodovico Frati,,giallo,3,strada urbana senza ciclabile,no,2,si,0,B1,
SS-BOL-1014,Via Lodovico Lazzaro Zamenhof,,giallo,3,strada urbana senza ciclabile,no,2,si,0,A1,
SS-BOL-1015,Via Lodovico Savioli,,giallo,3,strada urbana senza ciclabile (1 corsie),no,1,si,0,A1,
SS-BOL-1016,Via Lodovico Varthema,,giallo,3,strada urbana senza ciclabile,no,2,si,0,A1,
SS-BOL-1017,Via Lombardia,,giallo,3,strada urbana senza ciclabile,no,2,no,0,A1,
SS-BOL-1018,Via Longarone,,giallo,3,strada urbana senza ciclabile,no,2,no,0,A1,
SS-BOL-1019,Via Lorenzo Bartolini,,giallo,3,strada urbana senza ciclabile (1 corsie),no,1,si,0,A1,
SS-BOL-1020,Via Lorenzo Da Bagnomarino,,giallo,3,strada urbana senza ciclabile,no,2,no,0,B1,
SS-BOL-1021,Via Lorenzo Ghiberti,,blu,2,zona pedonale / living street,no,1,no,0,B1,
SS-BOL-1022,Via Lorenzo Pasinelli,,giallo,3,strada urbana senza ciclabile,no,2,no,0,B1,
SS-BOL-1023,Via Lorenzo Sabatini,,blu,2,zona pedonale / living street,no,1,no,0,B1,
SS-BOL-1024,Via Luca Antonio Tosi Bellucci,,giallo,3,strada urbana senza ciclabile,no,2,si,0,B1,
SS-BOL-1025,Via Luca Ghini,,giallo,3,strada urbana senza ciclabile,no,2,no,0,A1,
SS-BOL-1026,Via Luca Marenzio,,giallo,3,strada urbana senza ciclabile,no,2,si,0,A1,
SS-BOL-1027,Via Luca Signorelli,,giallo,3,strada urbana senza ciclabile (1 corsie),no,1,si,0,A1,
SS-BOL-1028,Via Luca della Robbia,,giallo,3,strada urbana senza ciclabile,no,2,si,0,B1,
SS-BOL-1029,Via Lucania,,giallo,3,strada urbana senza ciclabile,no,2,si,0,A1,
SS-BOL-1030,Via Luciano Manara,,giallo,3,strada urbana senza ciclabile,no,2,no,0,B1,
SS-BOL-1031,Via Luciano Proni,,giallo,3,strada urbana senza ciclabile,no,2,no,0,B1,
SS-BOL-1032,Via Luciano Toso Montanari,,giallo,3,strada urbana senza ciclabile,no,2,si,0,A1,
SS-BOL-1033,Via Ludovico Ariosto,,giallo,3,strada urbana senza ciclabile,no,2,no,0,B1,
SS-BOL-1034,Via Ludwig Van Beethoven,,giallo,3,strada urbana senza ciclabile,no,2,si,0,A1,
SS-BOL-1035,Via Lugo,,giallo,3,strada urbana senza ciclabile,no,2,si,0,B1,
SS-BOL-1036,Via Luigi Balugani,,giallo,3,strada urbana senza ciclabile (1 corsie),no,1,si,0,B1,
SS-BOL-1037,Via Luigi Bertelli,,giallo,3,strada urbana senza ciclabile,no,2,si,0,B1,
SS-BOL-1038,Via Luigi Bombicci,,giallo,3,strada urbana senza ciclabile,no,2,no,0,A1,
SS-BOL-1039,Via Luigi Breventani,,giallo,3,strada urbana senza ciclabile (1 corsie),no,1,si,0,B1,
SS-BOL-1040,Via Luigi Busi,,giallo,3,strada urbana senza ciclabile (1 corsie),no,1,no,0,B1,
SS-BOL-1041,Via Luigi Calori,,giallo,3,strada urbana senza ciclabile (1 corsie),no,1,si,0,B1,
SS-BOL-1042,Via Luigi Capuana,,giallo,3,strada urbana senza ciclabile,no,2,no,0,B1,
SS-BOL-1043,Via Luigi Carlo Farini,,giallo,3,strada urbana senza ciclabile (2 corsie),no,2,si,0,A1,
SS-BOL-1044,Via Luigi Cherubini,,giallo,3,strada urbana senza ciclabile,no,2,si,0,A1,
SS-BOL-1045,Via Luigi Concato,,giallo,3,strada urbana senza ciclabile,no,2,no,0,A1,
SS-BOL-1046,Via Luigi Einaudi,,giallo,3,strada urbana senza ciclabile,no,2,no,0,B1,
SS-BOL-1047,Via Luigi Fantini,,giallo,3,strada urbana senza ciclabile,no,2,no,0,A1,
SS-BOL-1048,Via Luigi Longo,,giallo,3,strada urbana senza ciclabile,no,2,no,0,A1,
SS-BOL-1049,Via Luigi Negrelli,,giallo,3,strada urbana senza ciclabile,no,2,si,0,B1,
SS-BOL-1050,Via Luigi Pasteur,,giallo,3,strada urbana senza ciclabile,no,2,si,0,B1,
SS-BOL-1051,Via Luigi Pirandello,,giallo,3,strada urbana senza ciclabile,no,2,si,0,B1,
SS-BOL-1052,Via Luigi Rasi,,giallo,3,strada urbana senza ciclabile,no,2,si,0,B1,
SS-BOL-1053,Via Luigi Riccoboni,,giallo,3,strada urbana senza ciclabile,no,2,si,0,B1,
SS-BOL-1054,Via Luigi Serra,,giallo,3,strada urbana senza ciclabile,no,2,si,0,B1,
SS-BOL-1055,Via Luigi Settembrini,,blu,2,zona pedonale / living street,no,1,si,0,B1,
SS-BOL-1056,Via Luigi Silvagni,,giallo,3,strada urbana senza ciclabile,no,2,si,0,A1,
SS-BOL-1057,Via Luigi Tanari,,giallo,3,strada urbana senza ciclabile,no,2,no,0,B1,
SS-BOL-1058,Via Luigi Tukory,,giallo,3,strada urbana senza ciclabile,no,2,si,0,A1,
SS-BOL-1059,Via Luigi Valeriani,,giallo,3,strada urbana senza ciclabile (1 corsie),no,1,si,0,B1,
SS-BOL-1060,Via Luigi Vestri,,giallo,3,strada urbana senza ciclabile,no,2,si,0,B1,
SS-BOL-1061,Via Luigina Fasoli,,giallo,3,strada urbana senza ciclabile (2 corsie),no,2,no,0,B1,
SS-BOL-1062,Via Lyda Borelli,,blu,2,zona pedonale / living street,no,1,no,0,B1,
SS-BOL-1063,Via Maccaferro,,giallo,3,strada urbana senza ciclabile,no,2,no,0,B1,
SS-BOL-1064,Via Madre Teresa di Calcutta,,giallo,3,strada urbana senza ciclabile,no,2,no,0,A1,
SS-BOL-1065,Via Maestri del Lavoro,,giallo,3,strada urbana senza ciclabile,no,2,no,0,B1,
SS-BOL-1066,Via Maggia,,verde,1,ciclabile presente (da OpenStreetMap),si,2,no,0,B1,
SS-BOL-1067,Via Malcontenti,,giallo,3,strada urbana senza ciclabile,no,2,si,0,B1,
SS-BOL-1068,Via Malpertuso,,giallo,3,strada urbana senza ciclabile (1 corsie),no,1,si,0,A1,
SS-BOL-1069,Via Malvezza,,blu,2,zona pedonale / living street,no,1,no,0,A1,
SS-BOL-1070,Via Malvolta,,giallo,3,strada urbana senza ciclabile,no,2,si,0,A1,
SS-BOL-1071,Via Marc'Antonio Raimondi,,giallo,3,strada urbana senza ciclabile,no,2,si,0,B1,
SS-BOL-1072,Via Marcantonio Franceschini,,giallo,3,strada urbana senza ciclabile (1 corsie),no,1,si,0,B1,
SS-BOL-1073,Via Marcantonio Raimondi,,giallo,3,strada urbana senza ciclabile (2 corsie),no,2,si,0,B1,
SS-BOL-1074,Via Marcello Oretti,,blu,2,zona pedonale / living street,no,1,si,0,A1,
SS-BOL-1075,Via Marche,,giallo,3,strada urbana senza ciclabile,no,2,no,0,A1,
SS-BOL-1076,Via Marchesana,,blu,2,zona pedonale / living street,no,1,si,0,B1,
SS-BOL-1077,Via Marco Antonio,,blu,2,zona pedonale / living street,no,1,no,0,B1,
SS-BOL-1078,Via Marco Celio,,giallo,3,strada urbana senza ciclabile,no,2,si,0,B1,
SS-BOL-1079,Via Marco Emilio Lepido,,verde,1,ciclabile presente (da OpenStreetMap),si,3,si,0,B1,
SS-BOL-1080,Via Marco Polo,,rosso,4,strada principale trafficata (2 corsie),no,2,si,0,B1,
SS-BOL-1081,Via Marescalchi,,blu,2,zona pedonale / living street,no,1,no,0,B1,
SS-BOL-1082,Via Maria Callas,,giallo,3,strada urbana senza ciclabile,no,2,no,0,B1,
SS-BOL-1083,Via Maria Gaetana Agnesi,,giallo,3,strada urbana senza ciclabile,no,2,si,0,A1,
SS-BOL-1084,Via Maria Melato,,giallo,3,strada urbana senza ciclabile,no,2,no,0,B1,
SS-BOL-1085,Via Mario Bastia,,giallo,3,strada urbana senza ciclabile,no,2,si,0,B1,
SS-BOL-1086,Via Mario Cobianchi,,giallo,3,strada urbana senza ciclabile,no,2,no,0,B1,
SS-BOL-1087,Via Mario De Maria,,giallo,3,strada urbana senza ciclabile,no,2,si,0,B1,
SS-BOL-1088,Via Mario Longhena,,giallo,3,strada urbana senza ciclabile (2 corsie),no,2,no,0,A1,
SS-BOL-1089,Via Mario Musolesi,,giallo,3,strada urbana senza ciclabile,no,2,no,0,B1,
SS-BOL-1090,Via Mario e Luigi Mancinelli,,giallo,3,strada urbana senza ciclabile,no,2,no,0,A1,
SS-BOL-1091,Via Marsala,,giallo,3,strada urbana senza ciclabile,no,2,si,0,B1,
SS-BOL-1092,Via Marsili,,giallo,3,strada urbana senza ciclabile (1 corsie),no,1,si,0,A1,
SS-BOL-1093,Via Martin Luther King,,giallo,3,strada urbana senza ciclabile,no,2,no,0,B1,
SS-BOL-1094,Via Martiri Croce del Biacco,,giallo,3,strada urbana senza ciclabile,no,2,no,0,A1,
SS-BOL-1095,Via Martiri di Monte Sole,,giallo,3,strada urbana senza ciclabile,no,2,no,0,B1,
SS-BOL-1096,Via Marzabotto,,giallo,3,strada urbana senza ciclabile (1 corsie),no,1,si,0,B1,
SS-BOL-1097,Via Marziale,,giallo,3,strada urbana senza ciclabile,no,2,no,0,B1,
SS-BOL-1098,Via Masaccio,,giallo,3,strada urbana senza ciclabile,no,2,no,0,A1,
SS-BOL-1099,Via Mascarella,,verde,1,ciclabile presente (da OpenStreetMap),si,1,si,0,B1,
SS-BOL-1100,Via Massa Carrara,,giallo,3,strada urbana senza ciclabile,no,2,no,0,A1,
SS-BOL-1101,Via Massarenti,,blu,2,accesso limitato (ZTL),no,1,no,0,B1,
SS-BOL-1102,Via Massenzio Masìa,,giallo,3,strada urbana senza ciclabile (2 corsie),no,2,no,0,B1,
SS-BOL-1103,Via Massimiliano Angelelli,,blu,2,zona pedonale / living street,no,1,no,0,A1,
SS-BOL-1104,Via Massimo D'Azeglio,,giallo,3,strada urbana senza ciclabile,no,2,no,0,A1,
SS-BOL-1105,Via Massimo Gorki,,giallo,3,strada urbana senza ciclabile,no,2,no,0,B1,
SS-BOL-1106,Via Matteo Maria Boiardo,,giallo,3,strada urbana senza ciclabile,no,2,no,0,B1,
SS-BOL-1107,Via Maurizio Bufalini,,giallo,3,strada urbana senza ciclabile,no,2,si,0,B1,
SS-BOL-1108,Via Maurizio Padoa,,giallo,3,strada urbana senza ciclabile,no,2,no,0,A1,
SS-BOL-1109,Via Mauro Sarti,,giallo,3,strada urbana senza ciclabile,no,2,si,0,A1,
SS-BOL-1110,Via Mauro Tesi,,giallo,3,strada urbana senza ciclabile,no,2,si,0,A1,
SS-BOL-1111,Via Melozzo da Forlì,,giallo,3,strada urbana senza ciclabile,no,2,no,0,B1,
SS-BOL-1112,Via Mentana,,giallo,3,strada urbana senza ciclabile,no,2,si,0,B1,
SS-BOL-1113,Via Mezzacosta,,giallo,3,strada urbana senza ciclabile,no,2,no,0,A1,
SS-BOL-1114,Via Michelangelo Buonarroti,,giallo,3,strada urbana senza ciclabile (2 corsie),no,2,no,0,B1,
SS-BOL-1115,Via Michele Amari,,giallo,3,strada urbana senza ciclabile,no,2,no,0,A1,
SS-BOL-1116,Via Michele Cervantes,,giallo,3,strada urbana senza ciclabile,no,2,no,0,B1,
SS-BOL-1117,Via Michele Gortani,,blu,2,zona pedonale / living street,no,1,si,0,B1,
SS-BOL-1118,Via Michelino,,giallo,3,strada urbana senza ciclabile,no,2,si,0,B1,
SS-BOL-1119,Via Milano,,giallo,3,strada urbana senza ciclabile,no,2,no,0,A1,
SS-BOL-1120,Via Milazzo,,giallo,3,strada urbana senza ciclabile (1 corsie),no,1,si,0,B1,
SS-BOL-1121,Via Mincio,,giallo,3,strada urbana senza ciclabile,no,2,no,0,A1,
SS-BOL-1122,Via Misa,,giallo,3,strada urbana senza ciclabile,no,2,no,0,A1,
SS-BOL-1123,Via Modena,,giallo,3,strada urbana senza ciclabile,no,2,no,0,A1,
SS-BOL-1124,Via Moliere,,giallo,3,strada urbana senza ciclabile,no,2,no,0,B1,
SS-BOL-1125,Via Molino di Pescarola,,giallo,3,strada urbana senza ciclabile,no,2,no,0,B1,
SS-BOL-1126,Via Molise,,giallo,3,strada urbana senza ciclabile,no,2,si,0,A1,
SS-BOL-1127,Via Monaldo Calari,,giallo,3,strada urbana senza ciclabile,no,2,si,0,B1,
SS-BOL-1128,Via Mondo,,giallo,3,strada urbana senza ciclabile (1 corsie),no,1,si,0,B1,
SS-BOL-1129,Via Monte Donato,,giallo,3,strada urbana senza ciclabile,no,2,no,0,A1,
SS-BOL-1130,Via Monte Grappa,,verde,1,ciclabile presente (da OpenStreetMap),si,1,no,0,B1,
SS-BOL-1131,Via Montebello,,giallo,3,strada urbana senza ciclabile (1 corsie),no,1,si,0,B1,
SS-BOL-1132,Via Montefiorino,,verde,1,ciclabile presente (da OpenStreetMap),si,1,si,0,B1,
SS-BOL-1133,Via Montello,,giallo,3,strada urbana senza ciclabile (1 corsie),no,1,si,0,B1,
SS-BOL-1134,Via Montelungo,,giallo,3,strada urbana senza ciclabile,no,2,no,0,A1,
SS-BOL-1135,Via Montenero,,giallo,3,strada urbana senza ciclabile (1 corsie),no,1,si,0,B1,
SS-BOL-1136,Via Morazzo,,giallo,3,strada urbana senza ciclabile,no,2,si,0,B1,
SS-BOL-1137,Via Mura di Porta Galliera,,giallo,3,strada urbana senza ciclabile (1 corsie),no,1,si,0,B1,
SS-BOL-1138,Via Napoli,,giallo,3,strada urbana senza ciclabile (2 corsie),no,2,no,0,A1,
SS-BOL-1139,Via Natalino Corazza,,giallo,3,strada urbana senza ciclabile,no,2,no,0,B1,
SS-BOL-1140,Via Nazario Sauro,,giallo,3,strada urbana senza ciclabile (2 corsie),no,2,no,0,B1,
SS-BOL-1141,Via Niccolò Machiavelli,,giallo,3,strada urbana senza ciclabile,no,2,no,0,B1,
SS-BOL-1142,Via Niccolò Paganini,,giallo,3,strada urbana senza ciclabile,no,2,si,0,A1,
SS-BOL-1143,Via Nicola Gogol,,giallo,3,strada urbana senza ciclabile,no,2,si,0,B1,
SS-BOL-1144,Via Nicola Zanichelli,,blu,2,zona pedonale / living street,no,1,si,0,B1,
SS-BOL-1145,Via Nicolò Copernico,,giallo,3,strada urbana senza ciclabile,no,2,no,0,B1,
SS-BOL-1146,Via Nicolò Dell'Abate,,giallo,3,strada urbana senza ciclabile,no,2,no,0,B1,
SS-BOL-1147,Via Nicolò Pisano,,blu,2,zona pedonale / living street,no,1,no,0,B1,
SS-BOL-1148,Via Nicolò Tommaseo,,giallo,3,strada urbana senza ciclabile (2 corsie),no,2,no,0,B1,
SS-BOL-1149,Via Nicolò dall'Arca,,giallo,3,strada urbana senza ciclabile (1 corsie),no,1,si,0,B1,
SS-BOL-1150,Via Nino Bertocchi,,giallo,3,strada urbana senza ciclabile (2 corsie),no,2,no,0,B1,
SS-BOL-1151,Via Nino Bixio Scota,,giallo,3,strada urbana senza ciclabile,no,2,si,0,B1,
SS-BOL-1152,Via Nino Nannetti,,giallo,3,strada urbana senza ciclabile (1 corsie),no,1,si,0,B1,
SS-BOL-1153,Via Normandia,,giallo,3,strada urbana senza ciclabile,no,2,si,0,B1,
SS-BOL-1154,Via Nosadella,,giallo,3,strada urbana senza ciclabile,no,2,si,0,A1,
SS-BOL-1155,Via Nullo Baldini,,giallo,3,strada urbana senza ciclabile (2 corsie),no,2,no,0,B1,
SS-BOL-1156,Via Nuova,,rosso,4,strada secondaria trafficata (2 corsie),no,2,no,0,B1,
SS-BOL-1157,Via Odofredo,,giallo,3,strada urbana senza ciclabile,no,2,no,0,A1,
SS-BOL-1158,Via Odone Belluzzi,,giallo,3,strada urbana senza ciclabile (1 corsie),no,1,si,0,A1,
SS-BOL-1159,Via Oleari,,verde,1,ciclabile presente (da OpenStreetMap),si,1,no,0,B1,
SS-BOL-1160,Via Olindo Guerrini,,giallo,3,strada urbana senza ciclabile (1 corsie),no,1,si,0,B1,
SS-BOL-1161,Via Olmetola,,giallo,3,strada urbana senza ciclabile,no,2,no,0,B1,
SS-BOL-1162,Via Ondina Valla,,giallo,3,strada urbana senza ciclabile,no,2,si,0,B1,
SS-BOL-1163,Via Orazio Samacchini,,giallo,3,strada urbana senza ciclabile,no,2,si,0,A1,
SS-BOL-1164,Via Oreste Regnoli,,giallo,3,strada urbana senza ciclabile,no,2,si,0,B1,
SS-BOL-1165,Via Oreste Trebbi,,giallo,3,strada urbana senza ciclabile,no,2,si,0,B1,
SS-BOL-1166,Via Oreste Vancini,,giallo,3,strada urbana senza ciclabile (1 corsie),no,1,si,0,B1,
SS-BOL-1167,Via Orfeo,,giallo,3,strada urbana senza ciclabile,no,2,si,0,A1,
SS-BOL-1168,Via Osoppo,,giallo,3,strada urbana senza ciclabile,no,2,no,0,A1,
SS-BOL-1169,Via Otello Bonvicini,,giallo,3,strada urbana senza ciclabile (1 corsie),no,1,si,0,B1,
SS-BOL-1170,Via Ottaviano Mascherino,,giallo,3,strada urbana senza ciclabile,no,2,no,0,B1,
SS-BOL-1171,Via Pablo Neruda,,giallo,3,strada urbana senza ciclabile,no,2,no,0,A1,
SS-BOL-1172,Via Padova,,giallo,3,strada urbana senza ciclabile,no,2,no,0,A1,
SS-BOL-1173,Via Padre Francesco Maria Grimaldi,,giallo,3,strada urbana senza ciclabile,no,2,si,0,B1,
SS-BOL-1174,Via Paganino Bonafede,,giallo,3,strada urbana senza ciclabile,no,2,si,0,A1,
SS-BOL-1175,Via Paglietta,,giallo,3,strada urbana senza ciclabile,no,2,si,0,A1,
SS-BOL-1176,Via Pagno di Lapo Portigiani,,giallo,3,strada urbana senza ciclabile,no,2,no,0,B1,
SS-BOL-1177,Via Palestro,,giallo,3,strada urbana senza ciclabile (1 corsie),no,1,si,0,A1,
SS-BOL-1178,Via Pallavicini,,giallo,3,strada urbana senza ciclabile,no,2,no,0,B1,
SS-BOL-1179,Via Panigale,,giallo,3,strada urbana senza ciclabile (2 corsie),no,2,no,0,B1,
SS-BOL-1180,Via Paolo Baroni,,giallo,3,strada urbana senza ciclabile,no,2,no,0,A1,
SS-BOL-1181,Via Paolo Bentivoglio,,giallo,3,strada urbana senza ciclabile,no,2,no,0,A1,
SS-BOL-1182,Via Paolo Bovi Campeggi,,giallo,3,strada urbana senza ciclabile (2 corsie),no,2,si,0,B1,
SS-BOL-1183,Via Paolo Canali,,giallo,3,strada urbana senza ciclabile,no,2,si,0,B1,
SS-BOL-1184,Via Paolo Costa,,giallo,3,strada urbana senza ciclabile,no,2,si,0,A1,
SS-BOL-1185,Via Paolo Dore,,blu,2,zona pedonale / living street,no,1,no,0,A1,
SS-BOL-1186,Via Paolo Fabbri,,giallo,3,strada urbana senza ciclabile,no,2,no,0,B1,
SS-BOL-1187,Via Paolo Fortunati,,giallo,3,strada urbana senza ciclabile (2 corsie),no,2,no,0,B1,
SS-BOL-1188,Via Paolo Frisi,,giallo,3,strada urbana senza ciclabile,no,2,no,0,B1,
SS-BOL-1189,Via Paolo Giovanni Martini,,giallo,3,strada urbana senza ciclabile,no,2,si,0,B1,
SS-BOL-1190,Via Paolo Nanni Costa,,verde,1,ciclabile presente (da OpenStreetMap),si,2,no,0,B1,
SS-BOL-1191,Via Paolo Veronese,,giallo,3,strada urbana senza ciclabile,no,2,no,0,B1,
SS-BOL-1192,Via Paradiso,,blu,2,zona pedonale / living street,no,1,si,0,B1,
SS-BOL-1193,Via Paride Pasquali,,giallo,3,strada urbana senza ciclabile (1 corsie),no,1,si,0,A1,
SS-BOL-1194,Via Parigi,,giallo,3,strada urbana senza ciclabile (1 corsie),no,1,si,0,B1,
SS-BOL-1195,Via Parisio,,giallo,3,strada urbana senza ciclabile,no,2,si,0,A1,
SS-BOL-1196,Via Parma,,giallo,3,strada urbana senza ciclabile,no,2,no,0,A1,
SS-BOL-1197,Via Pasquale Muratori,,giallo,3,strada urbana senza ciclabile,no,2,si,0,B1,
SS-BOL-1198,Via Pasquale Villari,,giallo,3,strada urbana senza ciclabile,no,2,no,0,A1,
SS-BOL-1199,Via Pasubio,,giallo,3,strada urbana senza ciclabile (2 corsie),no,2,no,0,B1,
SS-BOL-1200,Via Pelagio Palagi,,rosso,4,strada secondaria trafficata (3 corsie),no,3,no,0,A1,
SS-BOL-1201,Via Pellegrino Antonio Orlandi,,giallo,3,strada urbana senza ciclabile,no,2,no,0,A1,
SS-BOL-1202,Via Pellegrino Matteucci,,giallo,3,strada urbana senza ciclabile,no,2,si,0,A1,
SS-BOL-1203,Via Pellegrino Rossi,,giallo,3,strada urbana senza ciclabile,no,2,si,0,B1,
SS-BOL-1204,Via Pellegrino Tibaldi,,rosso,4,strada secondaria trafficata,no,2,si,0,B1,
SS-BOL-1205,Via Pellizza da Volpedo,,giallo,3,strada urbana senza ciclabile,no,2,no,0,A1,
SS-BOL-1206,Via Persicetana,,nero,5,"strada ad alta velocità (primary, 70 km/h, 4 corsie)",no,4,no,0,B1,
SS-BOL-1207,Via Persicetana Vecchia,,verde,1,ciclabile presente (da OpenStreetMap),si,2,no,0,B1,
SS-BOL-1208,Via Pescherie Vecchie,,blu,2,zona pedonale / living street,no,1,no,0,B1,
SS-BOL-1209,Via Petronio Fancelli,,giallo,3,strada urbana senza ciclabile,no,2,no,0,B1,
SS-BOL-1210,Via Piacenza,,giallo,3,strada urbana senza ciclabile,no,2,si,0,A1,
SS-BOL-1211,Via Piana,,giallo,3,strada urbana senza ciclabile,no,2,si,0,B1,
SS-BOL-1212,Via Pianoro,,blu,2,zona pedonale / living street,no,1,no,0,A1,
SS-BOL-1213,Via Piave,,giallo,3,strada urbana senza ciclabile,no,2,si,0,B1,
SS-BOL-1214,Via Piella,,giallo,3,strada urbana senza ciclabile,no,2,si,0,B1,
SS-BOL-1215,Via Piemonte,,giallo,3,strada urbana senza ciclabile,no,2,no,0,A1,
SS-BOL-1216,Via Pier Antonio Rappini,,giallo,3,strada urbana senza ciclabile,no,2,no,0,B1,
SS-BOL-1217,Via Pier De' Crescenzi,,giallo,3,strada urbana senza ciclabile (1 corsie),no,1,si,0,B1,
SS-BOL-1218,Via Pier Fortunato Calvi,,blu,2,zona pedonale / living street,no,1,no,0,B1,
SS-BOL-1219,Via Pier Gabriele Goidanich,,blu,2,zona pedonale / living street,no,1,no,0,A1,
SS-BOL-1220,Via Pier Jacopo Martello,,giallo,3,strada urbana senza ciclabile,no,2,si,0,A1,
SS-BOL-1221,Via Pier Luigi da Palestrina,,giallo,3,strada urbana senza ciclabile,no,2,no,0,A1,
SS-BOL-1222,Via Pier Paolo Molinelli,,giallo,3,strada urbana senza ciclabile (2 corsie),no,2,no,0,A1,
SS-BOL-1223,Via Piero Della Francesca,,giallo,3,strada urbana senza ciclabile,no,2,no,0,B1,
SS-BOL-1224,Via Piero Gobetti,,giallo,3,strada urbana senza ciclabile,no,2,si,0,B1,
SS-BOL-1225,Via Piero Jahier,,giallo,3,strada urbana senza ciclabile,no,2,no,0,B1,
SS-BOL-1226,Via Piero Maroncelli,,giallo,3,strada urbana senza ciclabile,no,2,si,0,B1,
SS-BOL-1227,Via Pietralata,,blu,2,zona pedonale / living street,no,1,si,0,B1,
SS-BOL-1228,Via Pietranseri,,giallo,3,strada urbana senza ciclabile,no,2,no,0,A1,
SS-BOL-1229,Via Pietro Albertoni,,giallo,3,strada urbana senza ciclabile (2 corsie),no,2,si,0,A1,
SS-BOL-1230,Via Pietro Antonio Cataldi,,giallo,3,strada urbana senza ciclabile,no,2,si,0,B1,
SS-BOL-1231,Via Pietro Burgatti,,giallo,3,strada urbana senza ciclabile,no,2,no,0,B1,
SS-BOL-1232,Via Pietro Busacchi,,giallo,3,strada urbana senza ciclabile,no,2,no,0,B1,
SS-BOL-1233,Via Pietro Canonici,,giallo,3,strada urbana senza ciclabile,no,2,no,0,A1,
SS-BOL-1234,Via Pietro Cantinelli,,giallo,3,strada urbana senza ciclabile,no,2,no,0,A1,
SS-BOL-1235,Via Pietro Da Anzola,,giallo,3,strada urbana senza ciclabile,no,2,no,0,A1,
SS-BOL-1236,Via Pietro De Coubertin,,giallo,3,strada urbana senza ciclabile (2 corsie),no,2,no,0,B1,
SS-BOL-1237,Via Pietro Faccini,,giallo,3,strada urbana senza ciclabile,no,2,si,0,B1,
SS-BOL-1238,Via Pietro Fiorini,,giallo,3,strada urbana senza ciclabile (2 corsie),no,2,si,0,B1,
SS-BOL-1239,Via Pietro Gamberini,,giallo,3,strada urbana senza ciclabile,no,2,no,0,B1,
SS-BOL-1240,Via Pietro Giannone,,giallo,3,strada urbana senza ciclabile,no,2,si,0,A1,
SS-BOL-1241,Via Pietro Gubellini,,giallo,3,strada urbana senza ciclabile,no,2,si,0,A1,
SS-BOL-1242,Via Pietro Inviti,,giallo,3,strada urbana senza ciclabile,no,2,si,0,B1,
SS-BOL-1243,Via Pietro Lianori,,giallo,3,strada urbana senza ciclabile,no,2,no,0,B1,
SS-BOL-1244,Via Pietro Loreta,,giallo,3,strada urbana senza ciclabile,no,2,si,0,B1,
SS-BOL-1245,Via Pietro Mainoldi,,giallo,3,strada urbana senza ciclabile,no,2,si,0,A1,
SS-BOL-1246,Via Pietro Mascagni,,giallo,3,strada urbana senza ciclabile,no,2,si,0,A1,
SS-BOL-1247,Via Pietro Mengoli,,verde,1,ciclabile presente (da OpenStreetMap),si,3,no,0,A1,
SS-BOL-1248,Via Pietro Miliani,,giallo,3,strada urbana senza ciclabile,no,2,si,0,B1,
SS-BOL-1249,Via Pietro Nenni,,rosso,4,strada principale trafficata (2 corsie),no,2,si,0,B1,
SS-BOL-1250,Via Pietro Pelotti,,giallo,3,strada urbana senza ciclabile,no,2,no,0,A1,
SS-BOL-1251,Via Pietro Pomponazzi,,giallo,3,strada urbana senza ciclabile,no,2,no,0,A1,
SS-BOL-1252,Via Pietro di Mattiolo,,blu,2,zona pedonale / living street,no,1,si,0,A1,
SS-BOL-1253,Via Pieve di Cadore,,giallo,3,strada urbana senza ciclabile,no,2,no,0,A1,
SS-BOL-1254,Via Pila,,giallo,3,strada urbana senza ciclabile,no,2,no,0,A1,
SS-BOL-1255,Via Pio Carlo Falletti,,blu,2,zona pedonale / living street,no,1,no,0,B1,
SS-BOL-1256,Via Pio Panfili,,giallo,3,strada urbana senza ciclabile (2 corsie),no,2,no,0,A1,
SS-BOL-1257,Via Pioppe,,giallo,3,strada urbana senza ciclabile,no,2,si,0,B1,
SS-BOL-1258,Via Piratino,,giallo,3,strada urbana senza ciclabile (1 corsie),no,1,no,0,B1,
SS-BOL-1259,Via Po,,verde,1,ciclabile presente (da OpenStreetMap),si,2,si,0,A1,
SS-BOL-1260,Via Podgora,,giallo,3,strada urbana senza ciclabile (1 corsie),no,1,si,0,B1,
SS-BOL-1261,Via Polese,,giallo,3,strada urbana senza ciclabile (1 corsie),no,1,si,0,B1,
SS-BOL-1262,Via Pompeo Scipione Dolfi,,giallo,3,strada urbana senza ciclabile (1 corsie),no,1,no,0,B1,
SS-BOL-1263,Via Pompeo Vizzani,,giallo,3,strada urbana senza ciclabile,no,2,si,0,A1,
SS-BOL-1264,Via Pomponia,,giallo,3,strada urbana senza ciclabile,no,2,no,0,B1,
SS-BOL-1265,Via Ponte Romano,,giallo,3,strada urbana senza ciclabile,no,2,no,0,B1,
SS-BOL-1266,Via Pontevecchio,,giallo,3,strada urbana senza ciclabile,no,2,no,0,A1,
SS-BOL-1267,Via Pontida,,blu,2,zona pedonale / living street,no,1,no,0,B1,
SS-BOL-1268,Via Populonia,,giallo,3,strada urbana senza ciclabile,no,2,no,0,A1,
SS-BOL-1269,Via Porrettana,,blu,2,zona pedonale / living street,no,1,no,0,A1,
SS-BOL-1270,Via Porta di Castello,,verde,1,ciclabile presente (da OpenStreetMap),si,1,si,0,B1,
SS-BOL-1271,Via Portanova,,verde,1,ciclabile presente (da OpenStreetMap),si,1,si,0,B1,
SS-BOL-1272,Via Portazza,,giallo,3,strada urbana senza ciclabile,no,2,no,0,A1,
SS-BOL-1273,Via Prati di Caprara,,rosso,4,strada principale trafficata (2 corsie),no,2,si,0,B1,
SS-BOL-1274,Via Properzia de' Rossi,,giallo,3,strada urbana senza ciclabile,no,2,si,0,A1,
SS-BOL-1275,Via Prospero Fontana,,giallo,3,strada urbana senza ciclabile,no,2,no,0,A1,
SS-BOL-1276,Via Protogene Veronesi,,giallo,3,strada urbana senza ciclabile (2 corsie),no,2,no,0,B1,
SS-BOL-1277,Via Puglie,,giallo,3,strada urbana senza ciclabile,no,2,si,0,A1,
SS-BOL-1278,Via Punta,,giallo,3,strada urbana senza ciclabile,no,2,no,0,B1,
SS-BOL-1279,Via Quarto di Sopra,,giallo,3,strada urbana senza ciclabile,no,2,si,0,B1,
SS-BOL-1280,Via Quattro Novembre,,giallo,3,strada urbana senza ciclabile,no,2,no,0,B1,
SS-BOL-1281,Via Quirino Di Marzio,,giallo,3,strada urbana senza ciclabile,no,2,no,0,B1,
SS-BOL-1282,Via Quirino Majorana,,giallo,3,strada urbana senza ciclabile,no,2,no,0,B1,
SS-BOL-1283,Via Raffaele Bombelli,,giallo,3,strada urbana senza ciclabile,no,2,si,0,B1,
SS-BOL-1284,Via Raffaele Faccioli,,giallo,3,strada urbana senza ciclabile,no,2,no,0,B1,
SS-BOL-1285,Via Raffaello Sanzio,,giallo,3,strada urbana senza ciclabile (2 corsie),no,2,no,0,B1,
SS-BOL-1286,Via Ragazzi del '99,,giallo,3,strada urbana senza ciclabile,no,2,si,0,B1,
SS-BOL-1287,Via Rambertino Buvalelli,,giallo,3,strada urbana senza ciclabile,no,2,no,0,A1,
SS-BOL-1288,Via Ravenna,,giallo,3,strada urbana senza ciclabile,no,2,no,0,A1,
SS-BOL-1289,Via Reggio Emilia,,giallo,3,strada urbana senza ciclabile,no,2,si,0,A1,
SS-BOL-1290,Via Renato Fava,,giallo,3,strada urbana senza ciclabile,no,2,si,0,B1,
SS-BOL-1291,Via Renato Fucini,,giallo,3,strada urbana senza ciclabile,no,2,no,0,B1,
SS-BOL-1292,Via Renato Simoni,,giallo,3,strada urbana senza ciclabile,no,2,si,0,B1,
SS-BOL-1293,Via Renato Tega,,giallo,3,strada urbana senza ciclabile,no,2,si,0,B1,
SS-BOL-1294,Via Rialto,,giallo,3,strada urbana senza ciclabile,no,2,si,0,A1,
SS-BOL-1295,Via Riccardo Stracciari,,giallo,3,strada urbana senza ciclabile,no,2,si,0,A1,
SS-BOL-1296,Via Riccardo Wagner,,giallo,3,strada urbana senza ciclabile,no,2,no,0,B1,
SS-BOL-1297,Via Rigosa,,rosso,4,strada secondaria trafficata,no,2,si,0,B1,
SS-BOL-1298,Via Rimesse,,giallo,3,strada urbana senza ciclabile,no,2,no,0,B1,
SS-BOL-1299,Via Rimini,,giallo,3,strada urbana senza ciclabile,no,2,no,0,B1,
SS-BOL-1300,Via Rinaldo Rigola,,giallo,3,strada urbana senza ciclabile (2 corsie),no,2,no,0,B1,
SS-BOL-1301,Via Rino Pancaldi,,giallo,3,strada urbana senza ciclabile,no,2,no,0,B1,
SS-BOL-1302,Via Rino Ruscello,,giallo,3,strada urbana senza ciclabile,no,2,si,0,A1,
SS-BOL-1303,Via Rio Conco,,giallo,3,strada urbana senza ciclabile,no,2,no,0,A1,
SS-BOL-1304,Via Rio Polo,,giallo,3,strada urbana senza ciclabile,no,2,no,0,A1,
SS-BOL-1305,Via Riva di Reno,,giallo,3,strada urbana senza ciclabile (1 corsie),no,1,si,0,B1,
SS-BOL-1306,Via Rivabella,,giallo,3,strada urbana senza ciclabile,no,2,no,0,A1,
SS-BOL-1307,Via Rizzola Levante,,giallo,3,strada urbana senza ciclabile,no,2,no,0,B1,
SS-BOL-1308,Via Roberto Ardigò,,giallo,3,strada urbana senza ciclabile,no,2,no,0,A1,
SS-BOL-1309,Via Roberto Koch,,giallo,3,strada urbana senza ciclabile,no,2,no,0,B1,
SS-BOL-1310,Via Roberto Longhi,,giallo,3,strada urbana senza ciclabile,no,2,si,0,B1,
SS-BOL-1311,Via Rodolfo Audinot,,giallo,3,strada urbana senza ciclabile,no,2,no,0,B1,
SS-BOL-1312,Via Rodolfo Mondolfo,,giallo,3,strada urbana senza ciclabile,no,2,no,0,A1,
SS-BOL-1313,Via Roma,,giallo,3,strada urbana senza ciclabile,no,2,no,0,B1,
SS-BOL-1314,Via Romagna,,giallo,3,strada urbana senza ciclabile,no,2,si,0,A1,
SS-BOL-1315,Via Romita,,giallo,3,strada urbana senza ciclabile,no,2,no,0,B1,
SS-BOL-1316,Via Romolo Amaseo,,verde,1,ciclabile presente (da OpenStreetMap),si,2,si,0,B1,
SS-BOL-1317,Via Roncaglio,,giallo,3,strada urbana senza ciclabile,no,2,si,0,B1,
SS-BOL-1318,Via Rondella,,giallo,3,strada urbana senza ciclabile,no,2,si,0,B1,
SS-BOL-1319,Via Roselle,,giallo,3,strada urbana senza ciclabile,no,2,no,0,A1,
SS-BOL-1320,Via Rossano Marchioni,,giallo,3,strada urbana senza ciclabile (2 corsie),no,2,no,0,B1,
SS-BOL-1321,Via Rotta,,giallo,3,strada urbana senza ciclabile,no,2,si,0,B1,
SS-BOL-1322,Via Ruggero Grieco,,giallo,3,strada urbana senza ciclabile,no,2,no,0,A1,
SS-BOL-1323,Via Ruggero Leoncavallo,,giallo,3,strada urbana senza ciclabile,no,2,si,0,A1,
SS-BOL-1324,Via Ruggero Ruggeri,,rosso,4,strada secondaria trafficata (2 corsie),no,2,no,0,B1,
SS-BOL-1325,Via Sabotino,,rosso,4,strada principale trafficata (2 corsie),no,2,si,0,B1,
SS-BOL-1326,Via Sacco e Vanzetti,,giallo,3,strada urbana senza ciclabile (2 corsie),no,2,no,0,B1,
SS-BOL-1327,Via Saliceto,,giallo,3,strada urbana senza ciclabile,no,2,no,0,B1,
SS-BOL-1328,Via Salvador Allende,,giallo,3,strada urbana senza ciclabile,no,2,no,0,A1,
SS-BOL-1329,Via Sampieri,,blu,2,zona pedonale / living street,no,1,no,0,B1,
SS-BOL-1330,Via San Carlo,,giallo,3,strada urbana senza ciclabile (1 corsie),no,1,si,0,B1,
SS-BOL-1331,Via San Domenico,,giallo,3,strada urbana senza ciclabile,no,2,si,0,A1,
SS-BOL-1332,Via San Donato,,rosso,4,strada secondaria trafficata (1 corsie),no,1,si,0,B1,
SS-BOL-1333,Via San Donnino,,giallo,3,strada urbana senza ciclabile,no,2,no,0,B1,
SS-BOL-1334,Via San Felice,,giallo,3,strada urbana senza ciclabile (1 corsie),no,1,si,0,B1,
SS-BOL-1335,Via San Frediano,,giallo,3,strada urbana senza ciclabile,no,2,no,0,A1,
SS-BOL-1336,Via San Gervasio,,giallo,3,strada urbana senza ciclabile,no,2,si,0,B1,
SS-BOL-1337,Via San Giacomo,,verde,1,ciclabile presente (da OpenStreetMap),si,1,si,0,B1,
SS-BOL-1338,Via San Giuliano,,giallo,3,strada urbana senza ciclabile (1 corsie),no,1,si,0,A1,
SS-BOL-1339,Via San Giuseppe,,blu,2,zona pedonale / living street,no,1,no,0,B1,
SS-BOL-1340,Via San Lorenzo,,giallo,3,strada urbana senza ciclabile (1 corsie),no,1,si,0,B1,
SS-BOL-1341,Via San Mamolo,,giallo,3,strada urbana senza ciclabile,no,2,no,0,A1,
SS-BOL-1342,Via San Nicolò,,blu,2,zona pedonale / living street,no,1,no,0,B1,
SS-BOL-1343,Via San Nicolò di Villola,,giallo,3,strada urbana senza ciclabile,no,2,no,0,B1,
SS-BOL-1344,Via San Petronio Vecchio,,giallo,3,strada urbana senza ciclabile,no,2,si,0,A1,
SS-BOL-1345,Via San Pier Tommaso,,giallo,3,strada urbana senza ciclabile,no,2,no,0,A1,
SS-BOL-1346,Via San Pio Quinto,,giallo,3,strada urbana senza ciclabile (1 corsie),no,1,si,0,B1,
SS-BOL-1347,Via San Rocco,,giallo,3,strada urbana senza ciclabile,no,2,no,0,B1,
SS-BOL-1348,Via San Ruffillo,,giallo,3,strada urbana senza ciclabile,no,2,si,0,A1,
SS-BOL-1349,Via San Savino,,giallo,3,strada urbana senza ciclabile,no,2,no,0,B1,
SS-BOL-1350,Via San Sebastiano,,giallo,3,strada urbana senza ciclabile,no,2,no,0,B1,
SS-BOL-1351,Via San Simone,,blu,2,zona pedonale / living street,no,1,no,0,B1,
SS-BOL-1352,Via San Valentino,,giallo,3,strada urbana senza ciclabile,no,2,si,0,B1,
SS-BOL-1353,Via San Vitale,,giallo,3,strada urbana senza ciclabile (1 corsie),no,1,no,0,B1,
SS-BOL-1354,Via San Vittore,,giallo,3,strada urbana senza ciclabile,no,2,no,0,A1,
SS-BOL-1355,Via Sandro Botticelli,,giallo,3,strada urbana senza ciclabile,no,2,no,0,B1,
SS-BOL-1356,Via Sant'Agnese,,giallo,3,strada urbana senza ciclabile,no,2,no,0,B1,
SS-BOL-1357,Via Sant'Alò,,blu,2,zona pedonale / living street,no,1,si,0,B1,
SS-BOL-1358,Via Sant'Anna,,giallo,3,strada urbana senza ciclabile,no,2,no,0,B1,
SS-BOL-1359,Via Sant'Isaia,,giallo,3,strada urbana senza ciclabile (2 corsie),no,2,si,0,B1,
SS-BOL-1360,Via Santa,,verde,1,ciclabile presente (da OpenStreetMap),si,2,no,0,A1,
SS-BOL-1361,Via Santa Barbara,,giallo,3,strada urbana senza ciclabile (1 corsie),no,1,si,0,A1,
SS-BOL-1362,Via Santa Caterina,,giallo,3,strada urbana senza ciclabile,no,2,si,0,A1,
SS-BOL-1363,Via Santa Caterina di Quarto,,rosso,4,strada secondaria trafficata,no,2,si,0,B1,
SS-BOL-1364,Via Santa Chiara,,giallo,3,strada urbana senza ciclabile,no,2,no,0,A1,
SS-BOL-1365,Via Santa Croce,,giallo,3,strada urbana senza ciclabile,no,2,no,0,B1,
SS-BOL-1366,Via Santa Liberata,,giallo,3,strada urbana senza ciclabile,no,2,no,0,A1,
SS-BOL-1367,Via Santa Margherita,,giallo,3,strada urbana senza ciclabile,no,2,si,0,B1,
SS-BOL-1368,Via Santa Margherita al Colle,,giallo,3,strada urbana senza ciclabile,no,2,no,0,A1,
SS-BOL-1369,Via Santa Maria,,giallo,3,strada urbana senza ciclabile (1 corsie),no,1,no,0,B1,
SS-BOL-1370,Via Santa Rita,,giallo,3,strada urbana senza ciclabile,no,2,si,0,B1,
SS-BOL-1371,Via Sante Vincenzi,,giallo,3,strada urbana senza ciclabile,no,2,no,0,B1,
SS-BOL-1372,Via Santissima Annunziata,,giallo,3,strada urbana senza ciclabile,no,2,no,0,A1,
SS-BOL-1373,Via Santo Stefano,,giallo,3,strada urbana senza ciclabile (2 corsie),no,2,no,0,B1,
SS-BOL-1374,Via Santorre di Santarosa,,blu,2,zona pedonale / living street,no,1,si,0,B1,
SS-BOL-1375,Via Saragozza,,verde,1,ciclabile presente (da OpenStreetMap),si,2,no,0,A1,
SS-BOL-1376,Via Sardegna,,giallo,3,strada urbana senza ciclabile,no,2,no,0,A1,
SS-BOL-1377,Via Sario Bassanelli,,giallo,3,strada urbana senza ciclabile (2 corsie),no,2,no,0,B1,
SS-BOL-1378,Via Savena Antico,,giallo,3,strada urbana senza ciclabile,no,2,no,0,A1,
SS-BOL-1379,Via Savenella,,giallo,3,strada urbana senza ciclabile (1 corsie),no,1,si,0,A1,
SS-BOL-1380,Via Savigno,,giallo,3,strada urbana senza ciclabile,no,2,no,0,A1,
SS-BOL-1381,Via Savona,,giallo,3,strada urbana senza ciclabile,no,2,no,0,A1,
SS-BOL-1382,Via Scandellara,,giallo,3,strada urbana senza ciclabile,no,2,no,0,B1,
SS-BOL-1383,Via Scipione Innocenti,,giallo,3,strada urbana senza ciclabile (2 corsie),no,2,no,0,B1,
SS-BOL-1384,Via Scipione dal Ferro,,giallo,3,strada urbana senza ciclabile (2 corsie),no,2,no,0,B1,
SS-BOL-1385,Via Sebastiano Caboto,,giallo,3,strada urbana senza ciclabile (1 corsie),no,1,si,0,B1,
SS-BOL-1386,Via Sebastiano Serlio,,giallo,3,strada urbana senza ciclabile,no,2,si,0,B1,
SS-BOL-1387,Via Secondo Campini,,giallo,3,strada urbana senza ciclabile (2 corsie),no,2,no,0,B1,
SS-BOL-1388,Via Senzanome,,giallo,3,strada urbana senza ciclabile,no,2,si,0,A1,
SS-BOL-1389,Via Serafino Calindri,,giallo,3,strada urbana senza ciclabile,no,2,si,0,B1,
SS-BOL-1390,Via Seragnoli,,giallo,3,strada urbana senza ciclabile,no,2,no,0,B1,
SS-BOL-1391,Via Serena,,giallo,3,strada urbana senza ciclabile,no,2,si,0,B1,
SS-BOL-1392,Via Sergio Tavernari,,giallo,3,strada urbana senza ciclabile,no,2,si,0,A1,
SS-BOL-1393,Via Sergiu Celibidache,,giallo,3,strada urbana senza ciclabile (2 corsie),no,2,no,0,B1,
SS-BOL-1394,Via Sesto San Giovanni,,giallo,3,strada urbana senza ciclabile,no,2,no,0,A1,
SS-BOL-1395,Via Severino Ferrari,,giallo,3,strada urbana senza ciclabile,no,2,si,0,A1,
SS-BOL-1396,Via Sicilia,,giallo,3,strada urbana senza ciclabile,no,2,si,0,A1,
SS-BOL-1397,Via Siepelunga,,giallo,3,strada urbana senza ciclabile,no,2,no,0,A1,
SS-BOL-1398,Via Sigismondo Campagnoli,,giallo,3,strada urbana senza ciclabile,no,2,no,0,B1,
SS-BOL-1399,Via Sigmund Freud,,giallo,3,strada urbana senza ciclabile (2 corsie),no,2,no,0,B1,
SS-BOL-1400,Via Simone dei Crocefissi,,rosso,4,strada secondaria trafficata (2 corsie),no,2,si,0,A1,
SS-BOL-1401,Via Smeraldo,,blu,2,zona pedonale / living street,no,1,no,0,A1,
SS-BOL-1402,Via Solferino,,giallo,3,strada urbana senza ciclabile,no,2,si,0,A1,
SS-BOL-1403,Via Spartaco,,giallo,3,strada urbana senza ciclabile,no,2,no,0,A1,
SS-BOL-1404,Via Speranza,,giallo,3,strada urbana senza ciclabile,no,2,no,0,B1,
SS-BOL-1405,Via Spina,,giallo,3,strada urbana senza ciclabile,no,2,no,0,A1,
SS-BOL-1406,Via Stalingrado,,rosso,4,strada principale trafficata (3 corsie),no,3,no,0,B1,
SS-BOL-1407,Via Stanislao Mattei,,giallo,3,strada urbana senza ciclabile,no,2,si,0,A1,
SS-BOL-1408,Via Stazione Roveri,,giallo,3,strada urbana senza ciclabile (2 corsie),no,2,si,0,B1,
SS-BOL-1409,Via Stefano Bottari,,giallo,3,strada urbana senza ciclabile,no,2,si,0,B1,
SS-BOL-1410,Via Stefano Gobatti,,giallo,3,strada urbana senza ciclabile,no,2,si,0,A1,
SS-BOL-1411,Via Stendhal,,rosso,4,strada principale trafficata,no,2,si,0,B1,
SS-BOL-1412,Via Surrogazione Reno,,giallo,3,strada urbana senza ciclabile,no,2,no,0,B1,
SS-BOL-1413,Via Taddeo Alderotti,,giallo,3,strada urbana senza ciclabile,no,2,no,0,B1,
SS-BOL-1414,Via Tagliamento,,giallo,3,strada urbana senza ciclabile,no,2,si,0,A1,
SS-BOL-1415,Via Tagliapietre,,giallo,3,strada urbana senza ciclabile,no,2,no,0,A1,
SS-BOL-1416,Via Tazio Nuvolari,,giallo,3,strada urbana senza ciclabile,no,2,si,0,B1,
SS-BOL-1417,Via Telemaco Signorini,,giallo,3,strada urbana senza ciclabile,no,2,si,0,B1,
SS-BOL-1418,Via Tevere,,giallo,3,strada urbana senza ciclabile,no,2,si,0,A1,
SS-BOL-1419,Via Tiberio Fiorilli,,giallo,3,strada urbana senza ciclabile,no,2,si,0,B1,
SS-BOL-1420,Via Tintoretto,,giallo,3,strada urbana senza ciclabile,no,2,si,0,B1,
SS-BOL-1421,Via Tito Speri,,giallo,3,strada urbana senza ciclabile,no,2,si,0,B1,
SS-BOL-1422,Via Titta Ruffo,,giallo,3,strada urbana senza ciclabile,no,2,si,0,A1,
SS-BOL-1423,Via Tiziano Vecellio,,giallo,3,strada urbana senza ciclabile,no,2,si,0,B1,
SS-BOL-1424,Via Tolmino,,rosso,4,strada principale trafficata (2 corsie),no,2,si,0,B1,
SS-BOL-1425,Via Tomaso Albinoni,,giallo,3,strada urbana senza ciclabile,no,2,si,0,A1,
SS-BOL-1426,Via Tommaso Campanella,,giallo,3,strada urbana senza ciclabile,no,2,si,0,A1,
SS-BOL-1427,Via Tommaso Casini,,giallo,3,strada urbana senza ciclabile,no,2,si,0,B1,
SS-BOL-1428,Via Tommaso Laureti,,giallo,3,strada urbana senza ciclabile,no,2,no,0,A1,
SS-BOL-1429,Via Tommaso Martelli,,giallo,3,strada urbana senza ciclabile,no,2,no,0,A1,
SS-BOL-1430,Via Tommaso Salvini,,giallo,3,strada urbana senza ciclabile,no,2,si,0,B1,
SS-BOL-1431,Via Torino,,verde,1,ciclabile presente (da OpenStreetMap),si,2,si,0,A1,
SS-BOL-1432,Via Torleone,,giallo,3,strada urbana senza ciclabile (1 corsie),no,1,si,0,B1,
SS-BOL-1433,Via Torquato Secci,,giallo,3,strada urbana senza ciclabile,no,2,no,0,B1,
SS-BOL-1434,Via Torquato Tasso,,giallo,3,strada urbana senza ciclabile,no,2,si,0,B1,
SS-BOL-1435,Via Torriane,,giallo,3,strada urbana senza ciclabile,no,2,no,0,A1,
SS-BOL-1436,Via Toscana,,verde,1,ciclabile presente (da OpenStreetMap),si,2,no,0,A1,
SS-BOL-1437,Via Tranquillo Cremona,,giallo,3,strada urbana senza ciclabile,no,2,no,0,A1,
SS-BOL-1438,Via Trattati Comunitari Europei 1957-2007,,giallo,3,strada urbana senza ciclabile,no,2,no,0,B1,
SS-BOL-1439,Via Traversa,,blu,2,zona pedonale / living street,no,1,no,0,B1,
SS-BOL-1440,Via Treviso,,giallo,3,strada urbana senza ciclabile,no,2,no,0,A1,
SS-BOL-1441,Via Trilussa,,giallo,3,strada urbana senza ciclabile,no,2,si,0,B1,
SS-BOL-1442,Via Tullo Golfarelli,,blu,2,zona pedonale / living street,no,1,no,0,B1,
SS-BOL-1443,Via Turchese,,blu,2,zona pedonale / living street,no,1,si,0,A1,
SS-BOL-1444,Via Udine,,giallo,3,strada urbana senza ciclabile,no,2,no,0,A1,
SS-BOL-1445,Via Ugo Bassi,,giallo,3,strada urbana senza ciclabile (2 corsie),no,2,no,0,B1,
SS-BOL-1446,Via Ugo Foscolo,,giallo,3,strada urbana senza ciclabile (1 corsie),no,1,si,0,A1,
SS-BOL-1447,Via Ugo La Malfa,,giallo,3,strada urbana senza ciclabile,no,2,no,0,B1,
SS-BOL-1448,Via Ugo Lenzi,,giallo,3,strada urbana senza ciclabile (2 corsie),no,2,no,0,B1,
SS-BOL-1449,Via Ulisse Gardini,,giallo,3,strada urbana senza ciclabile,no,2,si,0,A1,
SS-BOL-1450,Via Umberto Boccioni,,giallo,3,strada urbana senza ciclabile,no,2,no,0,B1,
SS-BOL-1451,Via Umberto Giordano,,giallo,3,strada urbana senza ciclabile,no,2,si,0,A1,
SS-BOL-1452,Via Umberto Monari,,blu,2,zona pedonale / living street,no,1,si,0,A1,
SS-BOL-1453,Via Umberto Terracini,,giallo,3,strada urbana senza ciclabile (2 corsie),no,2,no,0,B1,
SS-BOL-1454,Via Umbria,,giallo,3,strada urbana senza ciclabile,no,2,si,0,A1,
SS-BOL-1455,Via Umbro Lorenzini,,nero,5,"strada ad alta velocità (primary, 90 km/h)",no,2,no,0,B1,
SS-BOL-1456,Via Urbana,,giallo,3,strada urbana senza ciclabile (1 corsie),no,1,si,0,A1,
SS-BOL-1457,Via Val D'Aposa,,giallo,3,strada urbana senza ciclabile,no,2,si,0,A1,
SS-BOL-1458,Via Valdonica,,blu,2,zona pedonale / living street,no,1,si,0,B1,
SS-BOL-1459,Via Valdossola,,giallo,3,strada urbana senza ciclabile,no,2,si,0,B1,
SS-BOL-1460,Via Valeria,,giallo,3,strada urbana senza ciclabile,no,2,no,0,B1,
SS-BOL-1461,Via Valerio Zurlini,,giallo,3,strada urbana senza ciclabile,no,2,si,0,B1,
SS-BOL-1462,Via Valle Di Preda,,giallo,3,strada urbana senza ciclabile,no,2,no,0,A1,
SS-BOL-1463,Via Valle d'Aosta,,giallo,3,strada urbana senza ciclabile,no,2,si,0,A1,
SS-BOL-1464,Via Vallescura,,giallo,3,strada urbana senza ciclabile (2 corsie),no,2,no,0,A1,
SS-BOL-1465,Via Valparaiso,,giallo,3,strada urbana senza ciclabile,no,2,no,0,B1,
SS-BOL-1466,Via Valverde,,blu,2,zona pedonale / living street,no,1,no,0,A1,
SS-BOL-1467,Via Vascelli,,giallo,3,strada urbana senza ciclabile (2 corsie),no,2,no,0,A1,
SS-BOL-1468,Via Vasco de Gama,,giallo,3,strada urbana senza ciclabile (2 corsie),no,2,no,0,B1,
SS-BOL-1469,Via Venezia,,giallo,3,strada urbana senza ciclabile,no,2,no,0,A1,
SS-BOL-1470,Via Ventimiglia,,giallo,3,strada urbana senza ciclabile,no,2,no,0,A1,
SS-BOL-1471,Via Verde,,giallo,3,strada urbana senza ciclabile,no,2,si,0,A1,
SS-BOL-1472,Via Vermena,,giallo,3,strada urbana senza ciclabile,no,2,no,0,A1,
SS-BOL-1473,Via Vermiglia,,giallo,3,strada urbana senza ciclabile,no,2,si,0,A1,
SS-BOL-1474,Via Vetulonia,,giallo,3,strada urbana senza ciclabile,no,2,no,0,A1,
SS-BOL-1475,Via Vezza,,giallo,3,strada urbana senza ciclabile,no,2,si,0,B1,
SS-BOL-1476,Via Viadagola,,giallo,3,strada urbana senza ciclabile,no,2,no,0,B1,
SS-BOL-1477,Via Vicenza,,giallo,3,strada urbana senza ciclabile,no,2,no,0,A1,
SS-BOL-1478,Via Villanova,,rosso,4,strada secondaria trafficata,no,2,si,0,A1,
SS-BOL-1479,Via Vincenzo Bellini,,giallo,3,strada urbana senza ciclabile,no,2,no,0,A1,
SS-BOL-1480,Via Vincenzo Casciarolo,,giallo,3,strada urbana senza ciclabile,no,2,si,0,B1,
SS-BOL-1481,Via Vincenzo Gemito,,giallo,3,strada urbana senza ciclabile,no,2,no,0,A1,
SS-BOL-1482,Via Vincenzo Martinelli,,giallo,3,strada urbana senza ciclabile,no,2,si,0,A1,
SS-BOL-1483,Via Vincenzo Toffano,,giallo,3,strada urbana senza ciclabile,no,2,si,0,A1,
SS-BOL-1484,Via Vincenzo Vela,,giallo,3,strada urbana senza ciclabile,no,2,si,0,A1,
SS-BOL-1485,Via Virginia Marini,,giallo,3,strada urbana senza ciclabile,no,2,si,0,B1,
SS-BOL-1486,Via Virginia Reiter,,giallo,3,strada urbana senza ciclabile,no,2,si,0,B1,
SS-BOL-1487,Via Vitale da Bologna,,giallo,3,strada urbana senza ciclabile (2 corsie),no,2,no,0,A1,
SS-BOL-1488,Via Vittore Carpaccio,,blu,2,zona pedonale / living street,no,1,si,0,A1,
SS-BOL-1489,Via Vittoria,,giallo,3,strada urbana senza ciclabile,no,2,no,0,B1,
SS-BOL-1490,Via Vittorio Alfieri,,giallo,3,strada urbana senza ciclabile,no,2,si,0,B1,
SS-BOL-1491,Via Vittorio Bigari,,giallo,3,strada urbana senza ciclabile,no,2,si,0,B1,
SS-BOL-1492,Via Vittorio Bottego,,giallo,3,strada urbana senza ciclabile (2 corsie),no,2,si,0,B1,
SS-BOL-1493,Via Vittorio Lugli,,giallo,3,strada urbana senza ciclabile,no,2,si,0,B1,
SS-BOL-1494,Via Vittorio Peglion,,giallo,3,strada urbana senza ciclabile,no,2,no,0,B1,
SS-BOL-1495,Via Vittorio Putti,,giallo,3,strada urbana senza ciclabile (2 corsie),no,2,no,0,A1,
SS-BOL-1496,Via Vittorio Veneto,,giallo,3,strada urbana senza ciclabile (2 corsie),no,2,si,0,B1,
SS-BOL-1497,Via Volfango Amedeo Mozart,,giallo,3,strada urbana senza ciclabile,no,2,no,0,B1,
SS-BOL-1498,Via Volontari della Libertà,,giallo,3,strada urbana senza ciclabile,no,2,si,0,A1,
SS-BOL-1499,Via Volto Santo,,giallo,3,strada urbana senza ciclabile,no,2,si,0,B1,
SS-BOL-1500,Via Volturno,,giallo,3,strada urbana senza ciclabile (1 corsie),no,1,si,0,B1,
SS-BOL-1501,Via Wiligelmo,,giallo,3,strada urbana senza ciclabile,no,2,no,0,A1,
SS-BOL-1502,Via William Shakespeare,,rosso,4,strada principale trafficata (2 corsie),no,2,si,0,B1,
SS-BOL-1503,Via Wolfgang Goethe,,giallo,3,strada urbana senza ciclabile,no,2,no,0,B1,
SS-BOL-1504,Via Yuri Gagarin,,verde,1,ciclabile presente (da OpenStreetMap),si,2,si,0,B1,
SS-BOL-1505,Via Zaccaria Zacchi,,giallo,3,strada urbana senza ciclabile,no,2,no,0,B1,
SS-BOL-1506,Via Zamboni,,verde,1,ciclabile presente (da OpenStreetMap),si,2,no,0,B1,
SS-BOL-1507,Via dal Lino,,giallo,3,strada urbana senza ciclabile,no,2,si,0,B1,
SS-BOL-1508,Via dalla Volta,,giallo,3,strada urbana senza ciclabile (2 corsie),no,2,no,0,B1,
SS-BOL-1509,Via de La Birra,,blu,2,zona pedonale / living street,no,1,no,0,B1,
SS-BOL-1510,Via de la Bova,,giallo,3,strada urbana senza ciclabile,no,2,no,0,B1,
SS-BOL-1511,Via de' Carbonesi,,giallo,3,strada urbana senza ciclabile (1 corsie),no,1,si,0,A1,
SS-BOL-1512,Via de' Carracci,,verde,1,ciclabile presente (da OpenStreetMap),si,2,no,0,B1,
SS-BOL-1513,Via de' Castagnoli,,verde,1,ciclabile presente (da OpenStreetMap),si,2,si,0,B1,
SS-BOL-1514,Via de' Chiari,,giallo,3,strada urbana senza ciclabile,no,2,si,0,A1,
SS-BOL-1515,Via de' Coltellini,,blu,2,zona pedonale / living street,no,1,si,0,B1,
SS-BOL-1516,Via de' Falegnami,,verde,1,ciclabile presente (da OpenStreetMap),si,2,no,0,B1,
SS-BOL-1517,Via de' Foscherari,,blu,2,zona pedonale / living street,no,1,no,0,B1,
SS-BOL-1518,Via de' Fusari,,giallo,3,strada urbana senza ciclabile,no,2,si,0,B1,
SS-BOL-1519,Via de' Gandolfi,,giallo,3,strada urbana senza ciclabile,no,2,si,0,B1,
SS-BOL-1520,Via de' Gargiolari,,blu,2,zona pedonale / living street,no,1,no,0,B1,
SS-BOL-1521,Via de' Gessi,,verde,1,ciclabile presente (da OpenStreetMap),si,2,no,0,B1,
SS-BOL-1522,Via de' Griffoni,,giallo,3,strada urbana senza ciclabile,no,2,si,0,A1,
SS-BOL-1523,Via de' Leprosetti,,giallo,3,strada urbana senza ciclabile (1 corsie),no,1,si,0,B1,
SS-BOL-1524,Via de' Marchi,,blu,2,zona pedonale / living street,no,1,si,0,B1,
SS-BOL-1525,Via de' Monari,,blu,2,zona pedonale / living street,no,1,no,0,B1,
SS-BOL-1526,Via de' Musei,,blu,2,zona pedonale / living street,no,1,no,0,B1,
SS-BOL-1527,Via de' Pepoli,,verde,1,ciclabile presente (da OpenStreetMap),si,2,no,0,A1,
SS-BOL-1528,Via de' Piatesi,,blu,2,zona pedonale / living street,no,1,no,0,B1,
SS-BOL-1529,Via de' Pignattari,,blu,2,zona pedonale / living street,no,1,no,0,B1,
SS-BOL-1530,Via de' Poeti,,giallo,3,strada urbana senza ciclabile,no,2,si,0,A1,
SS-BOL-1531,Via de' Ruini,,verde,1,ciclabile presente (da OpenStreetMap),si,2,no,0,A1,
SS-BOL-1532,Via de' Toschi,,blu,2,zona pedonale / living street,no,1,si,0,A1,
SS-BOL-1533,Via degli Aceri,,giallo,3,strada urbana senza ciclabile,no,2,no,0,B1,
SS-BOL-1534,Via degli Agresti,,giallo,3,strada urbana senza ciclabile,no,2,si,0,B1,
SS-BOL-1535,Via degli Albari,,blu,2,zona pedonale / living street,no,1,si,0,B1,
SS-BOL-1536,Via degli Angeli,,giallo,3,strada urbana senza ciclabile (1 corsie),no,1,si,0,A1,
SS-BOL-1537,Via degli Artieri,,blu,2,zona pedonale / living street,no,1,no,0,B1,
SS-BOL-1538,Via degli Orefici,,blu,2,zona pedonale / living street,no,1,no,0,B1,
SS-BOL-1539,Via degli Orti,,verde,1,ciclabile presente (da OpenStreetMap),si,2,si,0,A1,
SS-BOL-1540,Via degli Ortolani,,rosso,4,strada principale trafficata (2 corsie),no,2,si,0,A1,
SS-BOL-1541,Via degli Scalini,,giallo,3,strada urbana senza ciclabile,no,2,no,0,A1,
SS-BOL-1542,Via degli Stradelli Guelfi,,giallo,3,strada urbana senza ciclabile (2 corsie),no,2,no,0,A1,
SS-BOL-1543,Via dei Bibiena,,blu,2,zona pedonale / living street,no,1,no,0,B1,
SS-BOL-1544,Via dei Borgognoni,,giallo,3,strada urbana senza ciclabile,no,2,no,0,A1,
SS-BOL-1545,Via dei Caligari,,giallo,3,strada urbana senza ciclabile,no,2,no,0,B1,
SS-BOL-1546,Via dei Canonici Renani,,giallo,3,strada urbana senza ciclabile (2 corsie),no,2,no,0,A1,
SS-BOL-1547,Via dei Carrettieri,,giallo,3,strada urbana senza ciclabile,no,2,si,0,A1,
SS-BOL-1548,Via dei Colli,,rosso,4,strada secondaria trafficata,no,2,no,0,A1,
SS-BOL-1549,Via dei Fornaciai,,giallo,3,strada urbana senza ciclabile,no,2,no,0,B1,
SS-BOL-1550,Via dei Gelsi,,giallo,3,strada urbana senza ciclabile,no,2,no,0,B1,
SS-BOL-1551,Via dei Giardini,,giallo,3,strada urbana senza ciclabile (1 corsie),no,1,si,0,B1,
SS-BOL-1552,Via dei Giudei,,blu,2,zona pedonale / living street,no,1,no,0,B1,
SS-BOL-1553,Via dei Gracchi,,blu,2,zona pedonale / living street,no,1,si,0,A1,
SS-BOL-1554,Via dei Lamponi,,giallo,3,strada urbana senza ciclabile,no,2,si,0,A1,
SS-BOL-1555,Via dei Lapidari,,giallo,3,strada urbana senza ciclabile (2 corsie),no,2,no,0,B1,
SS-BOL-1556,Via dei Maceri,,giallo,3,strada urbana senza ciclabile,no,2,no,0,A1,
SS-BOL-1557,Via dei Mille,,giallo,3,strada urbana senza ciclabile (2 corsie),no,2,si,0,B1,
SS-BOL-1558,Via dei Mirtilli,,blu,2,zona pedonale / living street,no,1,no,0,A1,
SS-BOL-1559,Via dei Pozzetti,,giallo,3,strada urbana senza ciclabile,no,2,no,0,A1,
SS-BOL-1560,Via dei Sabbioni,,giallo,3,strada urbana senza ciclabile (2 corsie),no,2,no,0,A1,
SS-BOL-1561,Via dei Sette Leoncini,,giallo,3,strada urbana senza ciclabile,no,2,no,0,A1,
SS-BOL-1562,Via dei Terraioli,,giallo,3,strada urbana senza ciclabile (2 corsie),no,2,no,0,B1,
SS-BOL-1563,Via dei Terribilia,,giallo,3,strada urbana senza ciclabile,no,2,si,0,B1,
SS-BOL-1564,Via dei Tessitori,,blu,2,zona pedonale / living street,no,1,si,0,A1,
SS-BOL-1565,Via dei Vestiari,,giallo,3,strada urbana senza ciclabile (2 corsie),no,2,no,0,B1,
SS-BOL-1566,Via del Baraccano,,blu,2,zona pedonale / living street,no,1,no,0,A1,
SS-BOL-1567,Via del Bargellino,,blu,2,zona pedonale / living street,no,1,no,0,B1,
SS-BOL-1568,Via del Barroccio,,giallo,3,strada urbana senza ciclabile,no,2,si,0,B1,
SS-BOL-1569,Via del Battiferro,,giallo,3,strada urbana senza ciclabile,no,2,si,0,B1,
SS-BOL-1570,Via del Battirame,,giallo,3,strada urbana senza ciclabile,no,2,si,0,B1,
SS-BOL-1571,Via del Beccaccino,,giallo,3,strada urbana senza ciclabile,no,2,no,0,B1,
SS-BOL-1572,Via del Bordone,,giallo,3,strada urbana senza ciclabile,no,2,no,0,B1,
SS-BOL-1573,Via del Borghetto,,blu,2,zona pedonale / living street,no,1,si,0,B1,
SS-BOL-1574,Via del Borgo di San Pietro,,giallo,3,strada urbana senza ciclabile (2 corsie),no,2,si,0,B1,
SS-BOL-1575,Via del Campeggio,,giallo,3,strada urbana senza ciclabile,no,2,no,0,B1,
SS-BOL-1576,Via del Cane,,giallo,3,strada urbana senza ciclabile,no,2,si,0,A1,
SS-BOL-1577,Via del Cardo,,giallo,3,strada urbana senza ciclabile,no,2,si,0,B1,
SS-BOL-1578,Via del Carpentiere,,giallo,3,strada urbana senza ciclabile (1 corsie),no,1,si,0,B1,
SS-BOL-1579,Via del Carro,,blu,2,zona pedonale / living street,no,1,si,0,B1,
SS-BOL-1580,Via del Carroccio,,giallo,3,strada urbana senza ciclabile,no,2,no,0,B1,
SS-BOL-1581,Via del Carrozzaio,,giallo,3,strada urbana senza ciclabile,no,2,no,0,B1,
SS-BOL-1582,Via del Carso,,giallo,3,strada urbana senza ciclabile,no,2,no,0,B1,
SS-BOL-1583,Via del Ceramista,,giallo,3,strada urbana senza ciclabile,no,2,si,0,B1,
SS-BOL-1584,Via del Cerchio,,giallo,3,strada urbana senza ciclabile (2 corsie),no,2,no,0,B1,
SS-BOL-1585,Via del Cestello,,giallo,3,strada urbana senza ciclabile,no,2,si,0,A1,
SS-BOL-1586,Via del Chiù,,giallo,3,strada urbana senza ciclabile (1 corsie),no,1,si,0,B1,
SS-BOL-1587,Via del Commercio Associato,,giallo,3,strada urbana senza ciclabile,no,2,no,0,B1,
SS-BOL-1588,Via del Conciatore,,giallo,3,strada urbana senza ciclabile (2 corsie),no,2,no,0,B1,
SS-BOL-1589,Via del Dazio,,rosso,4,strada principale trafficata,no,2,si,0,A1,
SS-BOL-1590,Via del Decoratore,,giallo,3,strada urbana senza ciclabile (2 corsie),no,2,si,0,B1,
SS-BOL-1591,Via del Faggiolo,,verde,1,ciclabile presente (da OpenStreetMap),si,2,no,0,B1,
SS-BOL-1592,Via del Ferroviere,,giallo,3,strada urbana senza ciclabile,no,2,si,0,B1,
SS-BOL-1593,Via del Fico,,giallo,3,strada urbana senza ciclabile,no,2,si,0,B1,
SS-BOL-1594,Via del Fonditore,,giallo,3,strada urbana senza ciclabile (1 corsie),no,1,si,0,B1,
SS-BOL-1595,Via del Forte,,giallo,3,strada urbana senza ciclabile,no,2,no,0,A1,
SS-BOL-1596,Via del Fossato,,giallo,3,strada urbana senza ciclabile,no,2,si,0,A1,
SS-BOL-1597,Via del Fresatore,,verde,1,ciclabile presente (da OpenStreetMap),si,2,si,0,B1,
SS-BOL-1598,Via del Genio,,giallo,3,strada urbana senza ciclabile,no,2,no,0,A1,
SS-BOL-1599,Via del Giacinto,,giallo,3,strada urbana senza ciclabile,no,2,si,0,B1,
SS-BOL-1600,Via del Gomito,,verde,1,ciclabile presente (da OpenStreetMap),si,2,no,0,B1,
SS-BOL-1601,Via del Greto,,giallo,3,strada urbana senza ciclabile,no,2,no,0,B1,
SS-BOL-1602,Via del Guasto,,giallo,3,strada urbana senza ciclabile,no,2,no,0,B1,
SS-BOL-1603,Via del Lavoro,,giallo,3,strada urbana senza ciclabile (2 corsie),no,2,no,0,B1,
SS-BOL-1604,Via del Lazzaretto,,giallo,3,strada urbana senza ciclabile,no,2,no,0,B1,
SS-BOL-1605,Via del Legatore,,giallo,3,strada urbana senza ciclabile,no,2,no,0,B1,
SS-BOL-1606,Via del Litografo,,giallo,3,strada urbana senza ciclabile,no,2,si,0,B1,
SS-BOL-1607,Via del Macello,,blu,2,zona pedonale / living street,no,1,no,0,B1,
SS-BOL-1608,Via del Mastelletta,,giallo,3,strada urbana senza ciclabile,no,2,si,0,B1,
SS-BOL-1609,Via del Meloncello,,giallo,3,strada urbana senza ciclabile,no,2,no,0,A1,
SS-BOL-1610,Via del Milliario,,giallo,3,strada urbana senza ciclabile,no,2,si,0,B1,
SS-BOL-1611,Via del Mobiliere,,giallo,3,strada urbana senza ciclabile,no,2,no,0,B1,
SS-BOL-1612,Via del Muratore,,giallo,3,strada urbana senza ciclabile,no,2,si,0,B1,
SS-BOL-1613,Via del Navile,,verde,1,ciclabile presente (da OpenStreetMap),si,2,no,0,B1,
SS-BOL-1614,Via del Pagnone,,giallo,3,strada urbana senza ciclabile,no,2,no,0,A1,
SS-BOL-1615,Via del Paleotto,,giallo,3,strada urbana senza ciclabile,no,2,no,0,A1,
SS-BOL-1616,Via del Pallone,,giallo,3,strada urbana senza ciclabile,no,2,si,0,B1,
SS-BOL-1617,Via del Pane,,giallo,3,strada urbana senza ciclabile (2 corsie),no,2,no,0,B1,
SS-BOL-1618,Via del Parco,,giallo,3,strada urbana senza ciclabile,no,2,no,0,B1,
SS-BOL-1619,Via del Partigiano,,giallo,3,strada urbana senza ciclabile,no,2,si,0,B1,
SS-BOL-1620,Via del Pelago,,giallo,3,strada urbana senza ciclabile,no,2,no,0,B1,
SS-BOL-1621,Via del Perugino,,giallo,3,strada urbana senza ciclabile,no,2,no,0,A1,
SS-BOL-1622,Via del Picchio,,giallo,3,strada urbana senza ciclabile,no,2,no,0,A1,
SS-BOL-1623,Via del Pilastro,,giallo,3,strada urbana senza ciclabile,no,2,no,0,B1,
SS-BOL-1624,Via del Piombo,,giallo,3,strada urbana senza ciclabile (1 corsie),no,1,si,0,A1,
SS-BOL-1625,Via del Poggio,,giallo,3,strada urbana senza ciclabile,no,2,no,0,A1,
SS-BOL-1626,Via del Pontelungo,,giallo,3,strada urbana senza ciclabile,no,2,si,0,B1,
SS-BOL-1627,Via del Porto,,giallo,3,strada urbana senza ciclabile (1 corsie),no,1,si,0,B1,
SS-BOL-1628,Via del Pozzo,,giallo,3,strada urbana senza ciclabile,no,2,no,0,A1,
SS-BOL-1629,Via del Pratello,,blu,2,zona pedonale / living street,no,1,si,0,B1,
SS-BOL-1630,Via del Riccio,,blu,2,zona pedonale / living street,no,1,no,0,A1,
SS-BOL-1631,Via del Rondone,,giallo,3,strada urbana senza ciclabile (2 corsie),no,2,no,0,B1,
SS-BOL-1632,Via del Rosario,,giallo,3,strada urbana senza ciclabile,no,2,no,0,B1,
SS-BOL-1633,Via del Selciatore,,giallo,3,strada urbana senza ciclabile,no,2,no,0,B1,
SS-BOL-1634,Via del Sole,,giallo,3,strada urbana senza ciclabile,no,2,si,0,B1,
SS-BOL-1635,Via del Sostegnazzo,,giallo,3,strada urbana senza ciclabile (2 corsie),no,2,no,0,B1,
SS-BOL-1636,Via del Sostegno,,giallo,3,strada urbana senza ciclabile,no,2,no,0,B1,
SS-BOL-1637,Via del Tappezziere,,giallo,3,strada urbana senza ciclabile,no,2,si,0,B1,
SS-BOL-1638,Via del Terrapieno,,giallo,3,strada urbana senza ciclabile (1 corsie),no,1,si,0,B1,
SS-BOL-1639,Via del Timavo,,giallo,3,strada urbana senza ciclabile (2 corsie),no,2,no,0,B1,
SS-BOL-1640,Via del Tipografo,,giallo,3,strada urbana senza ciclabile,no,2,si,0,B1,
SS-BOL-1641,Via del Tornitore,,giallo,3,strada urbana senza ciclabile,no,2,si,0,B1,
SS-BOL-1642,Via del Traghetto,,giallo,3,strada urbana senza ciclabile,no,2,no,0,B1,
SS-BOL-1643,Via del Trebbo,,rosso,4,strada principale trafficata,no,2,si,0,B1,
SS-BOL-1644,Via del Triumvirato,,rosso,4,strada secondaria trafficata (2 corsie),no,2,no,0,B1,
SS-BOL-1645,Via del Tuscolano,,giallo,3,strada urbana senza ciclabile,no,2,no,0,B1,
SS-BOL-1646,Via del Vetraio,,giallo,3,strada urbana senza ciclabile,no,2,si,0,B1,
SS-BOL-1647,Via del Vivaio,,giallo,3,strada urbana senza ciclabile,no,2,no,0,B1,
SS-BOL-1648,Via dell'Aeroporto,,giallo,3,strada urbana senza ciclabile,no,2,no,0,B1,
SS-BOL-1649,Via dell'Angelo Custode,,giallo,3,strada urbana senza ciclabile,no,2,no,0,A1,
SS-BOL-1650,Via dell'Archiginnasio,,verde,1,ciclabile presente (da OpenStreetMap),si,2,no,0,B1,
SS-BOL-1651,Via dell'Arcobaleno,,giallo,3,strada urbana senza ciclabile,no,2,no,0,A1,
SS-BOL-1652,Via dell'Arcoveggio,,verde,1,ciclabile presente (da OpenStreetMap),si,2,no,0,B1,
SS-BOL-1653,Via dell'Argine,,blu,2,zona pedonale / living street,no,1,no,0,B1,
SS-BOL-1654,Via dell'Artigiano,,rosso,4,strada secondaria trafficata,no,2,si,0,B1,
SS-BOL-1655,Via dell'Aurora,,giallo,3,strada urbana senza ciclabile,no,2,no,0,A1,
SS-BOL-1656,Via dell'Elettricista,,giallo,3,strada urbana senza ciclabile,no,2,si,0,B1,
SS-BOL-1657,Via dell'Idraulico,,giallo,3,strada urbana senza ciclabile,no,2,no,0,B1,
SS-BOL-1658,Via dell'Incisore,,giallo,3,strada urbana senza ciclabile,no,2,no,0,B1,
SS-BOL-1659,Via dell'Indipendenza,,giallo,3,strada urbana senza ciclabile (1 corsie),no,1,si,0,B1,
SS-BOL-1660,Via dell'Industria,,rosso,4,strada principale trafficata (2 corsie),no,2,si,0,B1,
SS-BOL-1661,Via dell'Inferno,,blu,2,zona pedonale / living street,no,1,si,0,B1,
SS-BOL-1662,Via dell'Intagliatore,,giallo,3,strada urbana senza ciclabile,no,2,no,0,B1,
SS-BOL-1663,Via dell'Isonzo,,giallo,3,strada urbana senza ciclabile (1 corsie),no,1,si,0,B1,
SS-BOL-1664,Via dell'Oro,,giallo,3,strada urbana senza ciclabile (1 corsie),no,1,si,0,A1,
SS-BOL-1665,Via dell'Orso,,blu,2,zona pedonale / living street,no,1,no,0,B1,
SS-BOL-1666,Via dell'Ospedale,,giallo,3,strada urbana senza ciclabile (1 corsie),no,1,si,0,B1,
SS-BOL-1667,Via dell'Ospedaletto,,giallo,3,strada urbana senza ciclabile,no,2,no,0,B1,
SS-BOL-1668,Via dell'Osservanza,,giallo,3,strada urbana senza ciclabile,no,2,no,0,A1,
SS-BOL-1669,Via dell'Uccellino,,giallo,3,strada urbana senza ciclabile,no,2,no,0,A1,
SS-BOL-1670,Via dell'Unione,,giallo,3,strada urbana senza ciclabile,no,2,si,0,B1,
SS-BOL-1671,Via della Barca,,giallo,3,strada urbana senza ciclabile (1 corsie),no,1,si,0,B1,
SS-BOL-1672,Via della Battaglia,,giallo,3,strada urbana senza ciclabile,no,2,si,0,A1,
SS-BOL-1673,Via della Berleta,,blu,2,zona pedonale / living street,no,1,no,0,B1,
SS-BOL-1674,Via della Beverara,,giallo,3,strada urbana senza ciclabile (1 corsie),no,1,si,0,B1,
SS-BOL-1675,Via della Braina,,giallo,3,strada urbana senza ciclabile,no,2,si,0,A1,
SS-BOL-1676,Via della Ca' Bianca,,giallo,3,strada urbana senza ciclabile (1 corsie),no,1,si,0,B1,
SS-BOL-1677,Via della Campagna,,giallo,3,strada urbana senza ciclabile,no,2,no,0,B1,
SS-BOL-1678,Via della Canapa,,giallo,3,strada urbana senza ciclabile,no,2,no,0,B1,
SS-BOL-1679,Via della Casa Buia,,giallo,3,strada urbana senza ciclabile,no,2,no,0,B1,
SS-BOL-1680,Via della Cava,,giallo,3,strada urbana senza ciclabile,no,2,no,0,A1,
SS-BOL-1681,Via della Cavriola,,giallo,3,strada urbana senza ciclabile,no,2,no,0,A1,
SS-BOL-1682,Via della Centralinista,,giallo,3,strada urbana senza ciclabile,no,2,no,0,B1,
SS-BOL-1683,Via della Certosa,,giallo,3,strada urbana senza ciclabile (2 corsie),no,2,no,0,B1,
SS-BOL-1684,Via della Cesoia,,giallo,3,strada urbana senza ciclabile,no,2,si,0,B1,
SS-BOL-1685,Via della Concordia,,giallo,3,strada urbana senza ciclabile,no,2,si,0,B1,
SS-BOL-1686,Via della Cooperazione,,giallo,3,strada urbana senza ciclabile (2 corsie),no,2,no,0,B1,
SS-BOL-1687,Via della Croce Coperta,,giallo,3,strada urbana senza ciclabile,no,2,no,0,B1,
SS-BOL-1688,Via della Crocetta,,giallo,3,strada urbana senza ciclabile,no,2,si,0,B1,
SS-BOL-1689,Via della Direttissima,,giallo,3,strada urbana senza ciclabile,no,2,si,0,A1,
SS-BOL-1690,Via della Dozza,,giallo,3,strada urbana senza ciclabile,no,2,no,0,B1,
SS-BOL-1691,Via della Ferriera,,giallo,3,strada urbana senza ciclabile,no,2,no,0,B1,
SS-BOL-1692,Via della Filanda,,giallo,3,strada urbana senza ciclabile,no,2,no,0,B1,
SS-BOL-1693,Via della Fornace,,giallo,3,strada urbana senza ciclabile,no,2,no,0,B1,
SS-BOL-1694,Via della Foscherara,,giallo,3,strada urbana senza ciclabile,no,2,si,0,A1,
SS-BOL-1695,Via della Frasca,,giallo,3,strada urbana senza ciclabile,no,2,no,0,A1,
SS-BOL-1696,Via della Fratta,,giallo,3,strada urbana senza ciclabile,no,2,no,0,A1,
SS-BOL-1697,Via della Gabella,,giallo,3,strada urbana senza ciclabile,no,2,si,0,B1,
SS-BOL-1698,Via della Ghisiliera,,giallo,3,strada urbana senza ciclabile (1 corsie),no,1,si,0,B1,
SS-BOL-1699,Via della Grada,,verde,1,ciclabile presente (da OpenStreetMap),si,2,si,0,B1,
SS-BOL-1700,Via della Grazia,,giallo,3,strada urbana senza ciclabile,no,2,no,0,B1,
SS-BOL-1701,Via della Guardia,,giallo,3,strada urbana senza ciclabile,no,2,no,0,B1,
SS-BOL-1702,Via della Libera Professione,,giallo,3,strada urbana senza ciclabile,no,2,no,0,B1,
SS-BOL-1703,Via della Liberazione,,rosso,4,strada secondaria trafficata (1 corsie),no,1,si,0,B1,
SS-BOL-1704,Via della Libertà,,verde,1,ciclabile presente (da OpenStreetMap),si,2,no,0,A1,
SS-BOL-1705,Via della Manifattura,,giallo,3,strada urbana senza ciclabile,no,2,no,0,B1,
SS-BOL-1706,Via della Palma,,giallo,3,strada urbana senza ciclabile,no,2,no,0,A1,
SS-BOL-1707,Via della Pietra,,rosso,4,strada secondaria trafficata (2 corsie),no,2,no,0,B1,
SS-BOL-1708,Via della Rampa,,giallo,3,strada urbana senza ciclabile,no,2,si,0,B1,
SS-BOL-1709,Via della Salita,,blu,2,zona pedonale / living street,no,1,no,0,B1,
SS-BOL-1710,Via della Salute,,giallo,3,strada urbana senza ciclabile (2 corsie),no,2,no,0,B1,
SS-BOL-1711,Via della Selva Pescarola,,giallo,3,strada urbana senza ciclabile (2 corsie),no,2,no,0,B1,
SS-BOL-1712,Via della Torre,,giallo,3,strada urbana senza ciclabile,no,2,no,0,A1,
SS-BOL-1713,Via della Torretta,,giallo,3,strada urbana senza ciclabile,no,2,no,0,B1,
SS-BOL-1714,Via della Trappola,,giallo,3,strada urbana senza ciclabile,no,2,no,0,A1,
SS-BOL-1715,Via della Villa,,giallo,3,strada urbana senza ciclabile,no,2,si,0,B1,
SS-BOL-1716,Via della Viola,,giallo,3,strada urbana senza ciclabile,no,2,si,0,B1,
SS-BOL-1717,Via della Zecca,,giallo,3,strada urbana senza ciclabile (1 corsie),no,1,si,0,B1,
SS-BOL-1718,Via delle Armi,,giallo,3,strada urbana senza ciclabile (1 corsie),no,1,si,0,A1,
SS-BOL-1719,Via delle Belle Arti,,giallo,3,strada urbana senza ciclabile,no,2,no,0,B1,
SS-BOL-1720,Via delle Biscie,,verde,1,ciclabile presente (da OpenStreetMap),si,2,no,0,B1,
SS-BOL-1721,Via delle Borre,,giallo,3,strada urbana senza ciclabile,no,2,no,0,B1,
SS-BOL-1722,Via delle Casse,,verde,1,ciclabile presente (da OpenStreetMap),si,2,no,0,B1,
SS-BOL-1723,Via delle Fonti,,giallo,3,strada urbana senza ciclabile,no,2,si,0,B1,
SS-BOL-1724,Via delle Fosse Ardeatine,,giallo,3,strada urbana senza ciclabile (1 corsie),no,1,no,0,A1,
SS-BOL-1725,Via delle Fragole,,giallo,3,strada urbana senza ciclabile,no,2,si,0,A1,
SS-BOL-1726,Via delle Lame,,giallo,3,strada urbana senza ciclabile (1 corsie),no,1,si,0,B1,
SS-BOL-1727,Via delle Lastre,,giallo,3,strada urbana senza ciclabile,no,2,no,0,A1,
SS-BOL-1728,Via delle Moline,,blu,2,zona pedonale / living street,no,1,si,0,B1,
SS-BOL-1729,Via delle More,,blu,2,zona pedonale / living street,no,1,si,0,A1,
SS-BOL-1730,Via delle Rose,,blu,2,zona pedonale / living street,no,1,no,0,A1,
SS-BOL-1731,Via delle Ruote,,giallo,3,strada urbana senza ciclabile,no,2,no,0,B1,
SS-BOL-1732,Via delle Scuole,,giallo,3,strada urbana senza ciclabile (2 corsie),no,2,no,0,B1,
SS-BOL-1733,Via delle Serre,,giallo,3,strada urbana senza ciclabile,no,2,si,0,B1,
SS-BOL-1734,Via delle Tofane,,giallo,3,strada urbana senza ciclabile (1 corsie),no,1,si,0,B1,
SS-BOL-1735,Via delle Tovaglie,,giallo,3,strada urbana senza ciclabile,no,2,si,0,A1,
SS-BOL-1736,Via delle Viti,,giallo,3,strada urbana senza ciclabile,no,2,no,0,B1,
SS-BOL-1737,Via dello Scalo,,giallo,3,strada urbana senza ciclabile,no,2,si,0,B1,
SS-BOL-1738,Via dello Smistamento,,giallo,3,strada urbana senza ciclabile,no,2,no,0,B1,
SS-BOL-1739,Via dello Spalto,,blu,2,zona pedonale / living street,no,1,si,0,A1,
SS-BOL-1740,Via dello Spiraglio,,giallo,3,strada urbana senza ciclabile,no,2,no,0,B1,
SS-BOL-1741,Via dello Sport,,giallo,3,strada urbana senza ciclabile,no,2,no,0,A1,
SS-BOL-1742,Via dello Stallo,,giallo,3,strada urbana senza ciclabile,no,2,si,0,B1,
SS-BOL-1743,Via dello Sterlino,,giallo,3,strada urbana senza ciclabile,no,2,si,0,A1,
SS-BOL-1744,Via di Barbiano,,giallo,3,strada urbana senza ciclabile,no,2,no,0,A1,
SS-BOL-1745,Via di Bertalia,,giallo,3,strada urbana senza ciclabile,no,2,no,0,B1,
SS-BOL-1746,Via di Casaglia,,giallo,3,strada urbana senza ciclabile,no,2,no,0,A1,
SS-BOL-1747,Via di Casteldebole,,giallo,3,strada urbana senza ciclabile,no,2,si,0,B1,
SS-BOL-1748,Via di Corticella,,rosso,4,strada principale trafficata (2 corsie),no,2,si,0,B1,
SS-BOL-1749,Via di Frino,,giallo,3,strada urbana senza ciclabile,no,2,si,0,A1,
SS-BOL-1750,Via di Gaibola,,giallo,3,strada urbana senza ciclabile,no,2,no,0,A1,
SS-BOL-1751,Via di Jola,,giallo,3,strada urbana senza ciclabile,no,2,no,0,A1,
SS-BOL-1752,Via di Mezzo,,giallo,3,strada urbana senza ciclabile,no,2,no,0,B1,
SS-BOL-1753,Via di Monte Albano,,giallo,3,strada urbana senza ciclabile,no,2,no,0,A1,
SS-BOL-1754,Via di Paderno,,giallo,3,strada urbana senza ciclabile,no,2,no,0,A1,
SS-BOL-1755,Via di Ravone,,giallo,3,strada urbana senza ciclabile,no,2,no,0,A1,
SS-BOL-1756,Via di Roncrio,,giallo,3,strada urbana senza ciclabile,no,2,no,0,A1,
SS-BOL-1757,Via di Roveretolo,,giallo,3,strada urbana senza ciclabile,no,2,no,0,B1,
SS-BOL-1758,Via di Sabbiuno,,rosso,4,strada secondaria trafficata,no,2,no,0,A1,
SS-BOL-1759,Via di Saliceto,,giallo,3,strada urbana senza ciclabile,no,2,si,0,B1,
SS-BOL-1760,Via di San Luca,,giallo,3,strada urbana senza ciclabile (2 corsie),no,2,no,0,A1,
SS-BOL-1761,Via di Sesto,,giallo,3,strada urbana senza ciclabile,no,2,no,0,A1,
SS-BOL-1762,Via di Villa Pardo,,giallo,3,strada urbana senza ciclabile,no,2,si,0,A1,
SS-BOL-1763,Via don Giulio Salmi,,giallo,3,strada urbana senza ciclabile,no,2,no,0,B1,
SS-BOL-1764,Viale Abramo Lincoln,,giallo,3,strada urbana senza ciclabile (2 corsie),no,2,no,0,A1,
SS-BOL-1765,Viale Alcide De Gasperi,,rosso,4,strada principale trafficata (2 corsie),no,2,si,0,B1,
SS-BOL-1766,Viale Aldo Moro,,verde,1,ciclabile presente (da OpenStreetMap),si,2,si,0,B1,
SS-BOL-1767,Viale Alfredo Oriani,,verde,1,ciclabile presente (da OpenStreetMap),si,1,si,0,A1,
SS-BOL-1768,Viale Angelo Masini,,rosso,4,strada principale trafficata (3 corsie),no,3,si,0,B1,
SS-BOL-1769,Viale Antonio Aldini,,rosso,4,strada principale trafficata (3 corsie),no,3,si,0,A1,
SS-BOL-1770,Viale Antonio Silvani,,rosso,4,strada principale trafficata (3 corsie),no,3,si,0,B1,
SS-BOL-1771,Viale Carlo Berti Pichat,,rosso,4,strada principale trafficata (2 corsie),no,2,si,0,B1,
SS-BOL-1772,Viale Carlo Pepoli,,rosso,4,strada principale trafficata (3 corsie),no,3,si,0,B1,
SS-BOL-1773,Viale Dante Drusiani,,blu,2,zona pedonale / living street,no,1,no,0,A1,
SS-BOL-1774,Viale Dodici Giugno,,giallo,3,strada urbana senza ciclabile (2 corsie),no,2,no,0,A1,
SS-BOL-1775,Viale Enrico Panzacchi,,rosso,4,strada principale trafficata (3 corsie),no,3,si,0,A1,
SS-BOL-1776,Viale Europa,,rosso,4,strada principale trafficata (2 corsie),no,2,si,0,B1,
SS-BOL-1777,Viale Felsina,,giallo,3,strada urbana senza ciclabile (1 corsie),no,1,si,0,A1,
SS-BOL-1778,Viale Gaetano Salvemini,,verde,1,ciclabile presente (da OpenStreetMap),si,2,si,0,B1,
SS-BOL-1779,Viale Giambattista Ercolani,,rosso,4,strada principale trafficata (3 corsie),no,3,si,0,B1,
SS-BOL-1780,Viale Gino Gamberini,,blu,2,zona pedonale / living street,no,1,no,0,A1,
SS-BOL-1781,Viale Giosuè Carducci,,rosso,4,strada principale trafficata (3 corsie),no,3,si,0,A1,
SS-BOL-1782,Viale Giovanni Gozzadini,,rosso,4,strada principale trafficata (3 corsie),no,3,si,0,A1,
SS-BOL-1783,Viale Giovanni Vicini,,rosso,4,strada principale trafficata (3 corsie),no,3,si,0,B1,
SS-BOL-1784,Viale Giuseppe Fanin,,rosso,4,strada secondaria trafficata (2 corsie),no,2,si,0,B1,
SS-BOL-1785,Viale Ilic Uljanov Lenin,,rosso,4,strada secondaria trafficata (2 corsie),no,2,si,0,B1,
SS-BOL-1786,Viale Josè Maria Escrivà,,rosso,4,strada principale trafficata (2 corsie),no,2,no,0,A1,
SS-BOL-1787,Viale Libero Lossanti,,verde,1,ciclabile presente (da OpenStreetMap),si,2,no,0,A1,
SS-BOL-1788,Viale Lungosavena,,rosso,4,strada principale trafficata (2 corsie),no,2,si,0,A1,
SS-BOL-1789,Viale M. K. Gandhi,,rosso,4,strada principale trafficata (3 corsie),no,3,si,0,B1,
SS-BOL-1790,Viale Mario Giurini,,blu,2,zona pedonale / living street,no,1,no,0,A1,
SS-BOL-1791,Viale Massimo Meliconi,,verde,1,ciclabile presente (da OpenStreetMap),si,2,no,0,A1,
SS-BOL-1792,Viale Medardo Bottonelli,,verde,1,ciclabile presente (da OpenStreetMap),si,2,no,0,A1,
SS-BOL-1793,Viale Palmiro Togliatti,,rosso,4,strada principale trafficata (3 corsie),no,3,si,0,B1,
SS-BOL-1794,Viale Pietro Pietramellara,,rosso,4,strada principale trafficata (2 corsie),no,2,si,0,B1,
SS-BOL-1795,Viale Quirico Filopanti,,rosso,4,strada principale trafficata (3 corsie),no,3,si,0,B1,
SS-BOL-1796,Viale Rino Cristiani,,blu,2,zona pedonale / living street,no,1,no,0,A1,
SS-BOL-1797,Viale Roberto Vighi,,nero,5,"strada ad alta velocità (primary, 70 km/h)",no,3,si,0,A1,
SS-BOL-1798,Viale Roma,,verde,1,ciclabile presente (da OpenStreetMap),si,2,si,0,A1,
SS-BOL-1799,Viale Sandro Pertini,,nero,5,"strada ad alta velocità (trunk, 50 km/h)",no,3,si,0,B1,
SS-BOL-1800,Viale Sergio Cavina,,rosso,4,strada principale trafficata (3 corsie),no,3,si,0,A1,
SS-BOL-1801,Viale Stenio Polischi,,verde,1,ciclabile presente (da OpenStreetMap),si,2,no,0,A1,
SS-BOL-1802,Viale Tito Carnacini,,rosso,4,strada secondaria trafficata (2 corsie),no,2,si,0,B1,
SS-BOL-1803,Viale Vittorio Sabena,,rosso,4,strada principale trafficata (2 corsie),no,2,si,0,B1,
SS-BOL-1804,Viale XII Giugno,,giallo,3,strada urbana senza ciclabile,no,2,si,0,A1,
SS-BOL-1805,Viale Zagabria,,giallo,3,strada urbana senza ciclabile,no,2,si,0,B1,
SS-BOL-1806,Viale del Risorgimento,,giallo,3,strada urbana senza ciclabile (1 corsie),no,1,si,0,A1,
SS-BOL-1807,Viale della Fiera,,rosso,4,strada principale trafficata (2 corsie),no,2,si,0,B1,
SS-BOL-1808,Viale della Repubblica,,rosso,4,strada secondaria trafficata (2 corsie),no,2,si,0,B1,
SS-BOL-1809,Vicolo Bianco,,blu,2,zona pedonale / living street,no,1,si,0,A1,
SS-BOL-1810,Vicolo Bolognetti,,blu,2,zona pedonale / living street,no,1,si,0,B1,
SS-BOL-1811,Vicolo Case,,giallo,3,strada urbana senza ciclabile,no,2,no,0,A1,
SS-BOL-1812,Vicolo Colombina,,blu,2,zona pedonale / living street,no,1,no,0,B1,
SS-BOL-1813,Vicolo Fantuzzi,,giallo,3,strada urbana senza ciclabile,no,2,si,0,B1,
SS-BOL-1814,Vicolo Gangaiolo,,giallo,3,strada urbana senza ciclabile,no,2,si,0,A1,
SS-BOL-1815,Vicolo Ghirlanda,,verde,1,ciclabile presente (da OpenStreetMap),si,2,no,0,B1,
SS-BOL-1816,Vicolo Luretta,,blu,2,zona pedonale / living street,no,1,si,0,B1,
SS-BOL-1817,Vicolo Mandria,,blu,2,zona pedonale / living street,no,1,no,0,B1,
SS-BOL-1818,Vicolo Monticelli,,giallo,3,strada urbana senza ciclabile,no,2,si,0,A1,
SS-BOL-1819,Vicolo Posterla,,blu,2,zona pedonale / living street,no,1,si,0,A1,
SS-BOL-1820,Vicolo Ranocchi,,blu,2,zona pedonale / living street,no,1,no,0,B1,
SS-BOL-1821,Vicolo San Giobbe,,blu,2,zona pedonale / living street,no,1,no,0,B1,
SS-BOL-1822,Vicolo Sant'Arcangelo,,giallo,3,strada urbana senza ciclabile,no,2,si,0,B1,
SS-BOL-1823,Vicolo Santa Lucia,,giallo,3,strada urbana senza ciclabile,no,2,si,0,A1,
SS-BOL-1824,Vicolo Trebisonda,,blu,2,zona pedonale / living street,no,1,no,0,B1,
SS-BOL-1825,Vicolo Tubertini,,blu,2,zona pedonale / living street,no,1,no,0,B1,
SS-BOL-1826,Vicolo de' Facchini,,giallo,3,strada urbana senza ciclabile,no,2,si,0,B1,
SS-BOL-1827,Vicolo dei Prati,,giallo,3,strada urbana senza ciclabile (1 corsie),no,1,no,0,B1,
SS-BOL-1828,Vicolo del Bosco,,giallo,3,strada urbana senza ciclabile,no,2,no,0,A1,
SS-BOL-1829,Vicolo del Pellegrino,,giallo,3,strada urbana senza ciclabile,no,2,no,0,B1,
SS-BOL-1830,Vicolo della Neve,,giallo,3,strada urbana senza ciclabile,no,2,no,0,A1,
SS-BOL-1831,rotonda Negroni,,giallo,3,strada urbana senza ciclabile,no,2,no,0,B1,
