id,nome,quartiere,classificazione,score,note,ciclabile_presente,n_corsie,senso_unico,n_testimonianze,zona,data_segnalazione
SS-MIL-0001,"""Collegamento M3-M4""",,blu,2,zona pedonale / living street,no,1,no,0,B2,
SS-MIL-0002,Accesso Fiera Ovest,,rosso,4,strada secondaria trafficata (3 corsie),no,3,no,0,C1,
SS-MIL-0003,Alzaia Naviglio Grande,,verde,1,ciclabile presente (da OpenStreetMap),si,2,no,0,A1,
SS-MIL-0004,Alzaia Naviglio Pavese,,giallo,3,strada urbana senza ciclabile,no,2,no,0,A1,
SS-MIL-0005,Bastioni di Porta Nuova,,rosso,4,strada secondaria trafficata (2 corsie),no,2,si,0,B2,
SS-MIL-0006,Bastioni di Porta Venezia,,rosso,4,strada secondaria trafficata,no,2,si,0,B2,
SS-MIL-0007,Bastioni di Porta Volta,,rosso,4,strada secondaria trafficata,no,2,si,0,B2,
SS-MIL-0008,Cambio Linea 2,,verde,1,ciclabile presente (da OpenStreetMap),si,2,no,0,C2,
SS-MIL-0009,Cambio Linea 6,,verde,1,ciclabile presente (da OpenStreetMap),si,2,no,0,B2,
SS-MIL-0010,Cambio Linea 7,,verde,1,ciclabile presente (da OpenStreetMap),si,2,no,0,A2,
SS-MIL-0011,Camminando sull'acqua,,verde,1,ciclabile presente (da OpenStreetMap),si,2,no,0,A1,
SS-MIL-0012,Canegrate-Pero,,verde,1,ciclabile presente (da OpenStreetMap),si,2,no,0,C1,
SS-MIL-0013,Cargo 8-10,,giallo,3,strada urbana senza ciclabile (1 corsie),no,1,si,0,C1,
SS-MIL-0014,Carrobbio,,giallo,3,strada urbana senza ciclabile,no,2,si,0,B2,
SS-MIL-0015,Cascina Cantalupo,,verde,1,ciclabile presente (da OpenStreetMap),si,2,no,0,A1,
SS-MIL-0016,Cascina Cinci,,giallo,3,strada urbana senza ciclabile,no,2,no,0,C1,
SS-MIL-0017,Cascina Gabirano,,giallo,3,strada urbana senza ciclabile,no,2,no,0,A1,
SS-MIL-0018,Cascina Merlata,,giallo,3,strada urbana senza ciclabile,no,2,no,0,C1,
SS-MIL-0019,Cascina Mettalino,,rosso,4,strada secondaria trafficata (2 corsie),no,2,no,0,C2,
SS-MIL-0020,Cascina Molino di Bonirola,,giallo,3,strada urbana senza ciclabile,no,2,no,0,A1,
SS-MIL-0021,Cascina Papis,,giallo,3,strada urbana senza ciclabile,no,2,no,0,C1,
SS-MIL-0022,Cascina Radio,,verde,1,ciclabile presente (da OpenStreetMap),si,2,no,0,C1,
SS-MIL-0023,Cascina Villandolo,,blu,2,accesso limitato (ZTL),no,1,no,0,A1,
SS-MIL-0024,Cavalcavia Adriano Bacula,,rosso,4,strada principale trafficata (2 corsie),no,2,si,0,C2,
SS-MIL-0025,Cavalcavia Bruno Buozzi,,rosso,4,strada secondaria trafficata (1 corsie),no,1,si,0,C2,
SS-MIL-0026,Cavalcavia Buccari,,giallo,3,strada urbana senza ciclabile (1 corsie),no,1,no,0,B2,
SS-MIL-0027,Cavalcavia Cascina Gobba,,nero,5,"strada ad alta velocità (trunk, 50 km/h)",no,2,si,0,C2,
SS-MIL-0028,Cavalcavia Don Lorenzo Milani,,rosso,4,strada secondaria trafficata,no,2,si,0,B1,
SS-MIL-0029,Cavalcavia Eugenio Bussa,,verde,1,ciclabile presente (da OpenStreetMap),si,2,si,0,B2,
SS-MIL-0030,Cavalcavia Giovanni Schiavoni,,rosso,4,strada secondaria trafficata (3 corsie),no,3,si,0,B2,
SS-MIL-0031,Cavalcavia Giuseppe Luraghi,,giallo,3,strada urbana senza ciclabile,no,2,si,0,B1,
SS-MIL-0032,Cavalcavia Pontinia,,giallo,3,strada urbana senza ciclabile,no,2,si,0,A2,
SS-MIL-0033,Cavalcavia Renato Serra,,nero,5,"strada ad alta velocità (trunk, 70 km/h)",no,2,si,0,B1,
SS-MIL-0034,Cavalcavia del Ghisallo,,nero,5,"strada ad alta velocità (trunk, 70 km/h)",no,2,si,0,C1,
SS-MIL-0035,Children Park,,blu,2,zona pedonale / living street,no,1,no,0,C1,
SS-MIL-0036,Ciclabile Figino - Canegrate,,verde,1,ciclabile presente (da OpenStreetMap),si,2,no,0,C1,
SS-MIL-0037,Ciclabile Opera Mirasole,,verde,1,ciclabile presente (da OpenStreetMap),si,2,no,0,A2,
SS-MIL-0038,Ciclabile Pero - Molino Dorino,,verde,1,ciclabile presente (da OpenStreetMap),si,2,no,0,C1,
SS-MIL-0039,Ciclabile Via d’Acqua Nord,,verde,1,ciclabile presente (da OpenStreetMap),si,2,no,0,C1,
SS-MIL-0040,Ciclovia Staffette Partigiane,,verde,1,ciclabile presente (da OpenStreetMap),si,2,si,0,B2,
SS-MIL-0041,Circonvallazione Idroscalo,,rosso,4,strada principale trafficata (2 corsie),no,2,si,0,B2,
SS-MIL-0042,Collegamento Via Barzaghi - Via Stephenson,,giallo,3,strada urbana senza ciclabile,no,2,si,0,C1,
SS-MIL-0043,Collegamento Via Eritrea - Via Stephenson,,giallo,3,strada urbana senza ciclabile (2 corsie),no,2,si,0,C1,
SS-MIL-0044,Complanare C2,,giallo,3,strada urbana senza ciclabile,no,2,si,0,C1,
SS-MIL-0045,Corso Buenos Aires,,verde,1,ciclabile presente (da OpenStreetMap),si,3,no,0,B2,
SS-MIL-0046,Corso Como,,giallo,3,strada urbana senza ciclabile (1 corsie),no,1,si,0,B2,
SS-MIL-0047,Corso Concordia,,giallo,3,strada urbana senza ciclabile (1 corsie),no,1,si,0,B2,
SS-MIL-0048,Corso Cristoforo Colombo,,giallo,3,strada urbana senza ciclabile (1 corsie),no,1,si,0,B2,
SS-MIL-0049,Corso Europa,,rosso,4,strada secondaria trafficata,no,2,si,0,B2,
SS-MIL-0050,Corso Genova,,giallo,3,strada urbana senza ciclabile (2 corsie),no,2,no,0,B2,
SS-MIL-0051,Corso Giacomo Matteotti,,giallo,3,strada urbana senza ciclabile,no,2,no,0,B2,
SS-MIL-0052,Corso Giuseppe Garibaldi,,blu,2,accesso limitato (ZTL),no,1,si,0,B2,
SS-MIL-0053,Corso Indipendenza,,giallo,3,strada urbana senza ciclabile (2 corsie),no,2,si,0,B2,
SS-MIL-0054,Corso Italia,,giallo,3,strada urbana senza ciclabile,no,2,no,0,B2,
SS-MIL-0055,Corso Lodi,,rosso,4,strada principale trafficata,no,2,si,0,B2,
SS-MIL-0056,Corso Luigi Manusardi,,blu,2,zona pedonale / living street,no,1,no,0,B2,
SS-MIL-0057,Corso Magenta,,giallo,3,strada urbana senza ciclabile (2 corsie),no,2,no,0,B2,
SS-MIL-0058,Corso Monforte,,verde,1,ciclabile presente (da OpenStreetMap),si,2,si,0,B2,
SS-MIL-0059,Corso Plebisciti,,giallo,3,strada urbana senza ciclabile (1 corsie),no,1,si,0,B2,
SS-MIL-0060,Corso San Gottardo,,giallo,3,strada urbana senza ciclabile,no,2,no,0,B2,
SS-MIL-0061,Corso Sempione,,giallo,3,strada urbana senza ciclabile (1 corsie),no,1,si,0,B1,
SS-MIL-0062,Corso Venezia,,verde,1,ciclabile presente (da OpenStreetMap),si,2,no,0,B2,
SS-MIL-0063,Corso Ventidue Marzo,,rosso,4,strada secondaria trafficata (1 corsie),no,1,si,0,B2,
SS-MIL-0064,Corso Vercelli,,giallo,3,strada urbana senza ciclabile,no,2,no,0,B1,
SS-MIL-0065,Corso Vittorio Emanuele Secondo,,blu,2,zona pedonale / living street,no,1,no,0,B2,
SS-MIL-0066,Corso di Porta Nuova,,giallo,3,strada urbana senza ciclabile (2 corsie),no,2,no,0,B2,
SS-MIL-0067,Corso di Porta Romana,,giallo,3,strada urbana senza ciclabile,no,2,no,0,B2,
SS-MIL-0068,Corso di Porta Ticinese,,giallo,3,strada urbana senza ciclabile,no,2,si,0,B2,
SS-MIL-0069,Corso di Porta Vigentina,,giallo,3,strada urbana senza ciclabile (2 corsie),no,2,no,0,B2,
SS-MIL-0070,Corso di Porta Vittoria,,giallo,3,strada urbana senza ciclabile,no,2,si,0,B2,
SS-MIL-0071,Corte Nord,,blu,2,zona pedonale / living street,no,1,no,0,B2,
SS-MIL-0072,Corte Sud,,blu,2,zona pedonale / living street,no,1,no,0,B2,
SS-MIL-0073,Cortile del Filarete,,blu,2,zona pedonale / living street,no,1,no,0,B2,
SS-MIL-0074,Cortile del Palazzo Reale,,blu,2,zona pedonale / living street,no,1,no,0,B2,
SS-MIL-0075,Don Elvio Zenoni,,blu,2,zona pedonale / living street,no,1,no,0,C2,
SS-MIL-0076,Foro Buonaparte,,giallo,3,strada urbana senza ciclabile,no,2,si,0,B2,
SS-MIL-0077,Galleria Dante Alighieri,,blu,2,zona pedonale / living street,no,1,no,0,C2,
SS-MIL-0078,Galleria De Cristoforis,,blu,2,zona pedonale / living street,no,1,no,0,B2,
SS-MIL-0079,Galleria Giuseppe Borella,,blu,2,zona pedonale / living street,no,1,no,0,B2,
SS-MIL-0080,Galleria Meravigli,,blu,2,zona pedonale / living street,no,1,no,0,B2,
SS-MIL-0081,Galleria Merlata,,nero,5,"strada ad alta velocità (trunk, 70 km/h)",no,2,si,0,C1,
SS-MIL-0082,Galleria Passarella,,blu,2,zona pedonale / living street,no,1,no,0,B2,
SS-MIL-0083,Galleria Sala dei Longobardi,,blu,2,zona pedonale / living street,no,1,no,0,B2,
SS-MIL-0084,Galleria San Carlo,,blu,2,zona pedonale / living street,no,1,no,0,B2,
SS-MIL-0085,Galleria Santa Radegonda,,blu,2,zona pedonale / living street,no,1,no,0,B2,
SS-MIL-0086,Galleria Vittorio Emanuele II,,blu,2,zona pedonale / living street,no,1,no,0,B2,
SS-MIL-0087,Galleria Vittorio Emanuele Secondo,,blu,2,zona pedonale / living street,no,1,no,0,B2,
SS-MIL-0088,Galleria del Corso,,blu,2,zona pedonale / living street,no,1,no,0,B2,
SS-MIL-0089,Giardino degli Artisti,,blu,2,zona pedonale / living street,no,1,no,0,C2,
SS-MIL-0090,Giardino delle Culture,,blu,2,zona pedonale / living street,no,1,no,0,B2,
SS-MIL-0091,Ippolito pindemonte,,giallo,3,strada urbana senza ciclabile,no,2,no,0,C1,
SS-MIL-0092,Largo 11 Settembre 2001,,giallo,3,strada urbana senza ciclabile (2 corsie),no,2,si,0,B2,
SS-MIL-0093,Largo Africa,,blu,2,zona pedonale / living street,no,1,no,0,B1,
SS-MIL-0094,Largo Agostiniani dell'Osservanza,,giallo,3,strada urbana senza ciclabile,no,2,no,0,A2,
SS-MIL-0095,Largo Agostino Casati,,blu,2,zona pedonale / living street,no,1,no,0,C1,
SS-MIL-0096,Largo Albe Steiner,,giallo,3,strada urbana senza ciclabile,no,2,si,0,B2,
SS-MIL-0097,Largo Alberto Camus,,giallo,3,strada urbana senza ciclabile,no,2,si,0,B2,
SS-MIL-0098,Largo Aldo De Benedetti,,giallo,3,strada urbana senza ciclabile,no,2,no,0,B2,
SS-MIL-0099,Largo Alfonso Lamarmora,,blu,2,zona pedonale / living street,no,1,no,0,C2,
SS-MIL-0100,Largo Angelo Testori,,giallo,3,strada urbana senza ciclabile,no,2,no,0,C1,
SS-MIL-0101,Largo Anselmo Guerrieri Gonzaga,,giallo,3,strada urbana senza ciclabile,no,2,si,0,B2,
SS-MIL-0102,Largo Antonio Balestra,,blu,2,zona pedonale / living street,no,1,no,0,B1,
SS-MIL-0103,Largo Antonio Ghiringhelli,,blu,2,zona pedonale / living street,no,1,no,0,B2,
SS-MIL-0104,Largo Antonio Greppi,,giallo,3,strada urbana senza ciclabile,no,2,si,0,B2,
SS-MIL-0105,Largo Arturo Toscanini,,giallo,3,strada urbana senza ciclabile (1 corsie),no,1,si,0,B2,
SS-MIL-0106,Largo Augusto,,giallo,3,strada urbana senza ciclabile (1 corsie),no,1,si,0,B2,
SS-MIL-0107,Largo Bortolo Belotti,,giallo,3,strada urbana senza ciclabile,no,2,si,0,B2,
SS-MIL-0108,Largo Brasilia,,giallo,3,strada urbana senza ciclabile,no,2,no,0,B1,
SS-MIL-0109,Largo Cairoli,,giallo,3,strada urbana senza ciclabile (1 corsie),no,1,si,0,B2,
SS-MIL-0110,Largo Camillo Caccia Dominioni,,giallo,3,strada urbana senza ciclabile,no,2,si,0,B2,
SS-MIL-0111,Largo Carlo Alberto dalla Chiesa,,giallo,3,strada urbana senza ciclabile,no,2,no,0,B1,
SS-MIL-0112,Largo Carlo Emilio Gadda,,giallo,3,strada urbana senza ciclabile,no,2,no,0,B2,
SS-MIL-0113,Largo Cavalieri di Malta,,giallo,3,strada urbana senza ciclabile,no,2,si,0,B1,
SS-MIL-0114,Largo Celestino Usuelli,,giallo,3,strada urbana senza ciclabile,no,2,no,0,B2,
SS-MIL-0115,Largo Claudio Abbado,,giallo,3,strada urbana senza ciclabile,no,2,si,0,B2,
SS-MIL-0116,Largo Claudio Treves,,giallo,3,strada urbana senza ciclabile,no,2,si,0,B2,
SS-MIL-0117,Largo Convitto Fanciulli Gracili e Orfani di Guerra Principessa Piemonte,,giallo,3,strada urbana senza ciclabile,no,2,no,0,C2,
SS-MIL-0118,Largo Corsia dei Servi,,giallo,3,strada urbana senza ciclabile,no,2,si,0,B2,
SS-MIL-0119,Largo Desio,,giallo,3,strada urbana senza ciclabile,no,2,si,0,C2,
SS-MIL-0120,Largo Domodossola,,giallo,3,strada urbana senza ciclabile,no,2,si,0,B2,
SS-MIL-0121,Largo Don Giovanni Minzoni,,giallo,3,strada urbana senza ciclabile,no,2,no,0,A1,
SS-MIL-0122,Largo Don Giulio Rusconi,,giallo,3,strada urbana senza ciclabile,no,2,no,0,C1,
SS-MIL-0123,Largo Don Saturnino Villa,,blu,2,zona pedonale / living street,no,1,no,0,B1,
SS-MIL-0124,Largo Enrico Agostino Griffini,,giallo,3,strada urbana senza ciclabile,no,2,si,0,B2,
SS-MIL-0125,Largo Enrico Bigatti,,blu,2,zona pedonale / living street,no,1,no,0,C2,
SS-MIL-0126,Largo Enrico Mattei,,giallo,3,strada urbana senza ciclabile (1 corsie),no,1,si,0,C2,
SS-MIL-0127,Largo Enzo Tortora,,giallo,3,strada urbana senza ciclabile,no,2,no,0,B2,
SS-MIL-0128,Largo Fatima,,giallo,3,strada urbana senza ciclabile,no,2,no,0,B1,
SS-MIL-0129,Largo Fra Paolo Bellintani,,giallo,3,strada urbana senza ciclabile,no,2,si,0,B2,
SS-MIL-0130,Largo Fra' Agostino Gemelli,,blu,2,accesso limitato (ZTL),no,1,no,0,B2,
SS-MIL-0131,Largo Francesco Richini,,giallo,3,strada urbana senza ciclabile (1 corsie),no,1,si,0,B2,
SS-MIL-0132,Largo Franco Parenti,,giallo,3,strada urbana senza ciclabile (1 corsie),no,1,no,0,B2,
SS-MIL-0133,Largo Fratelli Cervi,,giallo,3,strada urbana senza ciclabile,no,2,no,0,C2,
SS-MIL-0134,Largo Giambellino,,giallo,3,strada urbana senza ciclabile,no,2,si,0,B1,
SS-MIL-0135,Largo Gianni Rodari,,rosso,4,strada principale trafficata,no,2,si,0,B2,
SS-MIL-0136,Largo Gino Allegri,,giallo,3,strada urbana senza ciclabile,no,2,si,0,C2,
SS-MIL-0137,Largo Giovan Battista Scalabrini,,giallo,3,strada urbana senza ciclabile,no,2,no,0,B1,
SS-MIL-0138,Largo Giovanni Muzio,,giallo,3,strada urbana senza ciclabile,no,2,no,0,A2,
SS-MIL-0139,Largo Giuseppe Impastato,,giallo,3,strada urbana senza ciclabile,no,2,si,0,A2,
SS-MIL-0140,Largo Giuseppe Mazzini,,giallo,3,strada urbana senza ciclabile (1 corsie),no,1,si,0,C1,
SS-MIL-0141,Largo Guido Donegani,,giallo,3,strada urbana senza ciclabile (1 corsie),no,1,si,0,B2,
SS-MIL-0142,Largo Gustav Mahler,,giallo,3,strada urbana senza ciclabile,no,2,si,0,B2,
SS-MIL-0143,Largo Ildefonso Schuster,,giallo,3,strada urbana senza ciclabile,no,2,si,0,B2,
SS-MIL-0144,Largo Isabella d'Aragona,,rosso,4,strada secondaria trafficata,no,2,si,0,B2,
SS-MIL-0145,Largo Isarco,,giallo,3,strada urbana senza ciclabile,no,2,si,0,B2,
SS-MIL-0146,Largo John Fitzgerald Kennedy,,blu,2,zona pedonale / living street,no,1,si,0,C1,
SS-MIL-0147,Largo Jorge Luis Borges,,giallo,3,strada urbana senza ciclabile,no,2,si,0,B2,
SS-MIL-0148,Largo La Foppa,,blu,2,zona pedonale / living street,no,1,si,0,B2,
SS-MIL-0149,Largo Lino Montagna,,blu,2,zona pedonale / living street,no,1,no,0,B2,
SS-MIL-0150,Largo Luigi Brugnatelli,,giallo,3,strada urbana senza ciclabile,no,2,no,0,A1,
SS-MIL-0151,Largo Luigi Medici,,giallo,3,strada urbana senza ciclabile,no,2,no,0,B2,
SS-MIL-0152,Largo Marco Biagi,,giallo,3,strada urbana senza ciclabile,no,2,si,0,B2,
SS-MIL-0153,Largo Marco Zanuso,,blu,2,zona pedonale / living street,no,1,no,0,C1,
SS-MIL-0154,Largo Martiri delle Foibe,,giallo,3,strada urbana senza ciclabile,no,2,si,0,C2,
SS-MIL-0155,Largo Metropolitana,,giallo,3,strada urbana senza ciclabile,no,2,no,0,C1,
SS-MIL-0156,Largo Monsignor Giuseppe Bicchierai,,giallo,3,strada urbana senza ciclabile,no,2,no,0,B2,
SS-MIL-0157,Largo Nicola Abbagnano,,rosso,4,strada secondaria trafficata,no,2,no,0,C2,
SS-MIL-0158,Largo Oreste Murani,,giallo,3,strada urbana senza ciclabile,no,2,si,0,B2,
SS-MIL-0159,Largo Padre Ambrogio Fumagalli,,blu,2,zona pedonale / living street,no,1,no,0,C1,
SS-MIL-0160,Largo Padre Tito Furlan,,giallo,3,strada urbana senza ciclabile,no,2,no,0,A1,
SS-MIL-0161,Largo Paolo D'Ancona,,giallo,3,strada urbana senza ciclabile,no,2,no,0,B2,
SS-MIL-0162,Largo Paolo Grassi,,blu,2,zona pedonale / living street,no,1,no,0,B2,
SS-MIL-0163,Largo Paolo Valera,,giallo,3,strada urbana senza ciclabile,no,2,no,0,C1,
SS-MIL-0164,Largo Papa Giovanni Ventitreesimo,,blu,2,zona pedonale / living street,no,1,no,0,B1,
SS-MIL-0165,Largo Po,,giallo,3,strada urbana senza ciclabile,no,2,no,0,A1,
SS-MIL-0166,Largo Porto di Classe,,giallo,3,strada urbana senza ciclabile,no,2,si,0,B2,
SS-MIL-0167,Largo Quinto Alpini,,giallo,3,strada urbana senza ciclabile,no,2,no,0,B2,
SS-MIL-0168,Largo Radaelli,,blu,2,zona pedonale / living street,no,1,no,0,A2,
SS-MIL-0169,Largo Raffaele Mattioli,,giallo,3,strada urbana senza ciclabile,no,2,si,0,B2,
SS-MIL-0170,Largo Rapallo,,giallo,3,strada urbana senza ciclabile,no,2,si,0,C2,
SS-MIL-0171,Largo Redaelli,,giallo,3,strada urbana senza ciclabile (1 corsie),no,1,no,0,A2,
SS-MIL-0172,Largo Riccardo Zandonai,,giallo,3,strada urbana senza ciclabile,no,2,no,0,B2,
SS-MIL-0173,Largo Rio de Janeiro,,giallo,3,strada urbana senza ciclabile,no,2,si,0,B2,
SS-MIL-0174,Largo Risorgimento,,giallo,3,strada urbana senza ciclabile,no,2,no,0,A1,
SS-MIL-0175,Largo Salvo D'Acquisto,,giallo,3,strada urbana senza ciclabile,no,2,no,0,C2,
SS-MIL-0176,Largo San Dionigi in Pratocentenaro,,giallo,3,strada urbana senza ciclabile (1 corsie),no,1,si,0,C2,
SS-MIL-0177,Largo San Valentino,,giallo,3,strada urbana senza ciclabile,no,2,si,0,C2,
SS-MIL-0178,Largo Sandro Pertini,,giallo,3,strada urbana senza ciclabile,no,2,no,0,A1,
SS-MIL-0179,Largo Settimio Severo,,giallo,3,strada urbana senza ciclabile,no,2,no,0,B2,
SS-MIL-0180,Largo Sibilla Aleramo,,blu,2,zona pedonale / living street,no,1,no,0,B2,
SS-MIL-0181,Largo Tazio Nuvolari,,giallo,3,strada urbana senza ciclabile (2 corsie),no,2,no,0,B2,
SS-MIL-0182,Largo Tel Aviv,,giallo,3,strada urbana senza ciclabile,no,2,si,0,C2,
SS-MIL-0183,Largo Tommaso Gallarati Scotti,,giallo,3,strada urbana senza ciclabile,no,2,si,0,B2,
SS-MIL-0184,Largo Umberto Boccioni,,rosso,4,strada secondaria trafficata,no,2,si,0,C1,
SS-MIL-0185,Largo Victor de Sabata,,blu,2,zona pedonale / living street,no,1,no,0,B2,
SS-MIL-0186,Largo Vincenzo Gemito,,giallo,3,strada urbana senza ciclabile (2 corsie),no,2,no,0,C2,
SS-MIL-0187,Largo Vittorio Sereni,,giallo,3,strada urbana senza ciclabile (2 corsie),no,2,si,0,B2,
SS-MIL-0188,Largo Volontari del Sangue,,giallo,3,strada urbana senza ciclabile,no,2,si,0,A2,
SS-MIL-0189,Largo Volontari del sangue,,giallo,3,strada urbana senza ciclabile,no,2,si,0,A2,
SS-MIL-0190,Largo Vulci,,giallo,3,strada urbana senza ciclabile (1 corsie),no,1,si,0,C2,
SS-MIL-0191,Largo ai Caduti Milanesi per la Patria,,blu,2,zona pedonale / living street,no,1,no,0,B2,
SS-MIL-0192,Largo dei Bersaglieri,,giallo,3,strada urbana senza ciclabile,no,2,no,0,B2,
SS-MIL-0193,Largo dei Gelsomini,,giallo,3,strada urbana senza ciclabile,no,2,si,0,B1,
SS-MIL-0194,Largo della Crocetta,,giallo,3,strada urbana senza ciclabile (2 corsie),no,2,si,0,B2,
SS-MIL-0195,Largo della Solidarietà,,giallo,3,strada urbana senza ciclabile,no,2,si,0,C1,
SS-MIL-0196,Largo delle culture,,giallo,3,strada urbana senza ciclabile,no,2,no,0,B2,
SS-MIL-0197,Largo unità d'Italia,,giallo,3,strada urbana senza ciclabile,no,2,no,0,A2,
SS-MIL-0198,Martinitt,,blu,2,zona pedonale / living street,no,1,no,0,B2,
SS-MIL-0199,Nuova Strada Vigevanese,,rosso,4,strada principale trafficata (3 corsie),no,3,si,0,B1,
SS-MIL-0200,Nuova Via Marchesi,,giallo,3,strada urbana senza ciclabile,no,2,si,0,A1,
SS-MIL-0201,Open Air Theatre,,blu,2,zona pedonale / living street,no,1,no,0,C1,
SS-MIL-0202,Passaggio Centrale,,giallo,3,strada urbana senza ciclabile,no,2,no,0,B2,
SS-MIL-0203,Passaggio Giovanni Malagodi,,blu,2,zona pedonale / living street,no,1,no,0,B2,
SS-MIL-0204,Passaggio Mario Achille Severgnini,,giallo,3,strada urbana senza ciclabile,no,2,no,0,B2,
SS-MIL-0205,Passaggio Santa Margherita,,blu,2,zona pedonale / living street,no,1,no,0,B2,
SS-MIL-0206,Passaggio Scuole Palatine,,blu,2,zona pedonale / living street,no,1,no,0,B2,
SS-MIL-0207,Passaggio degli Osii,,blu,2,zona pedonale / living street,no,1,no,0,B2,
SS-MIL-0208,Passeggiata Boris Pasternak,,blu,2,zona pedonale / living street,no,1,no,0,B2,
SS-MIL-0209,Passeggiata Gioacchino Rossini,,blu,2,zona pedonale / living street,no,1,no,0,A1,
SS-MIL-0210,Passeggiata Umberto Eco,,blu,2,zona pedonale / living street,no,1,no,0,B2,
SS-MIL-0211,Passerella Alcide De Gasperi,,blu,2,zona pedonale / living street,no,1,no,0,C1,
SS-MIL-0212,Passerella De Gasperi,,verde,1,ciclabile presente (da OpenStreetMap),si,2,no,0,C1,
SS-MIL-0213,Passerella Enrico Fermi,,verde,1,ciclabile presente (da OpenStreetMap),si,2,no,0,C2,
SS-MIL-0214,Passerella Gioia,,blu,2,zona pedonale / living street,no,1,no,0,B2,
SS-MIL-0215,Passerella Serra,,verde,1,ciclabile presente (da OpenStreetMap),si,2,no,0,C1,
SS-MIL-0216,Passerella pedonale Rho Fiera - MIND,,blu,2,zona pedonale / living street,no,1,no,0,C1,
SS-MIL-0217,Percorso ciclabile Luigi Malabrocca,,verde,1,ciclabile presente (da OpenStreetMap),si,2,no,0,C2,
SS-MIL-0218,Piazza Abbiategrasso,,giallo,3,strada urbana senza ciclabile,no,2,si,0,A2,
SS-MIL-0219,Piazza Adigrat,,giallo,3,strada urbana senza ciclabile,no,2,no,0,B2,
SS-MIL-0220,Piazza Adriano Olivetti,,blu,2,zona pedonale / living street,no,1,no,0,B2,
SS-MIL-0221,Piazza Agrippa,,rosso,4,strada secondaria trafficata,no,2,no,0,A2,
SS-MIL-0222,Piazza Alberto Burri,,blu,2,zona pedonale / living street,no,1,no,0,B1,
SS-MIL-0223,Piazza Andrea Fusina,,giallo,3,strada urbana senza ciclabile,no,2,no,0,B2,
SS-MIL-0224,Piazza Angelo Sraffa,,giallo,3,strada urbana senza ciclabile,no,2,si,0,B2,
SS-MIL-0225,Piazza Angilberto II,,giallo,3,strada urbana senza ciclabile,no,2,si,0,B2,
SS-MIL-0226,Piazza Angilberto Secondo,,rosso,4,strada secondaria trafficata,no,2,si,0,B2,
SS-MIL-0227,Piazza Anita Garibaldi,,giallo,3,strada urbana senza ciclabile,no,2,si,0,B1,
SS-MIL-0228,Piazza Antonio Gramsci,,blu,2,zona pedonale / living street,no,1,no,0,B2,
SS-MIL-0229,Piazza Appio Claudio,,giallo,3,strada urbana senza ciclabile,no,2,si,0,C2,
SS-MIL-0230,Piazza Arcole,,giallo,3,strada urbana senza ciclabile,no,2,no,0,B2,
SS-MIL-0231,Piazza Argentina,,verde,1,ciclabile presente (da OpenStreetMap),si,2,no,0,B2,
SS-MIL-0232,Piazza Armando Diaz,,giallo,3,strada urbana senza ciclabile (1 corsie),no,1,si,0,B2,
SS-MIL-0233,Piazza Arnoldo Mondadori,,giallo,3,strada urbana senza ciclabile,no,2,si,0,B2,
SS-MIL-0234,Piazza Arrigo Arrighetti,,blu,2,zona pedonale / living street,no,1,no,0,A2,
SS-MIL-0235,Piazza Artigianato,,giallo,3,strada urbana senza ciclabile,no,2,no,0,B2,
SS-MIL-0236,Piazza Aspromonte,,giallo,3,strada urbana senza ciclabile,no,2,si,0,B2,
SS-MIL-0237,Piazza Axum,,giallo,3,strada urbana senza ciclabile,no,2,si,0,B1,
SS-MIL-0238,Piazza Belgioioso,,giallo,3,strada urbana senza ciclabile,no,2,si,0,B2,
SS-MIL-0239,Piazza Belloveso,,giallo,3,strada urbana senza ciclabile,no,2,si,0,C2,
SS-MIL-0240,Piazza Bibbiena,,giallo,3,strada urbana senza ciclabile,no,2,si,0,B2,
SS-MIL-0241,Piazza Bilbao,,giallo,3,strada urbana senza ciclabile,no,2,si,0,B2,
SS-MIL-0242,Piazza Borromeo,,giallo,3,strada urbana senza ciclabile (1 corsie),no,1,si,0,B2,
SS-MIL-0243,Piazza Bruno Buozzi,,giallo,3,strada urbana senza ciclabile,no,2,si,0,B2,
SS-MIL-0244,Piazza Bruzzano,,blu,2,zona pedonale / living street,no,1,no,0,C2,
SS-MIL-0245,Piazza Caduti del Lavoro,,giallo,3,strada urbana senza ciclabile,no,2,si,0,B2,
SS-MIL-0246,Piazza Caduti e Dispersi in Russia,,giallo,3,strada urbana senza ciclabile (1 corsie),no,1,si,0,C2,
SS-MIL-0247,Piazza Caiazzo,,rosso,4,strada secondaria trafficata (2 corsie),no,2,si,0,B2,
SS-MIL-0248,Piazza Camillo De Meis,,giallo,3,strada urbana senza ciclabile,no,2,si,0,B2,
SS-MIL-0249,Piazza Carabiniere Salvatore Nuvoletta,,giallo,3,strada urbana senza ciclabile,no,2,si,0,A1,
SS-MIL-0250,Piazza Carbonari,,giallo,3,strada urbana senza ciclabile,no,2,si,0,C2,
SS-MIL-0251,Piazza Cardinale Andrea Ferrari,,giallo,3,strada urbana senza ciclabile,no,2,no,0,B2,
SS-MIL-0252,Piazza Cardinale Pietro Gasparri,,giallo,3,strada urbana senza ciclabile,no,2,no,0,C2,
SS-MIL-0253,Piazza Carlo Alberto Dalla Chiesa,,blu,2,zona pedonale / living street,no,1,no,0,A2,
SS-MIL-0254,Piazza Carlo Amati,,giallo,3,strada urbana senza ciclabile,no,2,si,0,B1,
SS-MIL-0255,Piazza Carlo Caneva,,rosso,4,strada secondaria trafficata,no,2,si,0,C2,
SS-MIL-0256,Piazza Carlo Donegani,,giallo,3,strada urbana senza ciclabile (1 corsie),no,1,si,0,B2,
SS-MIL-0257,Piazza Carlo Erba,,giallo,3,strada urbana senza ciclabile,no,2,si,0,B2,
SS-MIL-0258,Piazza Carlo Irnerio,,giallo,3,strada urbana senza ciclabile,no,2,no,0,B1,
SS-MIL-0259,Piazza Carlo Mirabello,,giallo,3,strada urbana senza ciclabile,no,2,si,0,B2,
SS-MIL-0260,Piazza Carlo Stuparich,,giallo,3,strada urbana senza ciclabile,no,2,si,0,B1,
SS-MIL-0261,Piazza Cartagine,,verde,1,ciclabile presente (da OpenStreetMap),si,2,si,0,B2,
SS-MIL-0262,Piazza Caserta,,giallo,3,strada urbana senza ciclabile (2 corsie),no,2,no,0,C2,
SS-MIL-0263,Piazza Castello,,blu,2,zona pedonale / living street,no,1,no,0,B2,
SS-MIL-0264,Piazza Cavalieri di Vittorio Veneto,,blu,2,zona pedonale / living street,no,1,no,0,A1,
SS-MIL-0265,Piazza Cavour,,giallo,3,strada urbana senza ciclabile,no,2,si,0,B2,
SS-MIL-0266,Piazza Cesare Beccaria,,blu,2,zona pedonale / living street,no,1,no,0,B2,
SS-MIL-0267,Piazza Cesare Stovani,,giallo,3,strada urbana senza ciclabile,no,2,si,0,B1,
SS-MIL-0268,Piazza Cincinnato,,giallo,3,strada urbana senza ciclabile,no,2,si,0,B2,
SS-MIL-0269,Piazza Cinque Giornate,,rosso,4,strada secondaria trafficata,no,2,si,0,B2,
SS-MIL-0270,Piazza Città di Lombardia,,blu,2,zona pedonale / living street,no,1,no,0,C2,
SS-MIL-0271,Piazza Compasso d’Oro,,blu,2,zona pedonale / living street,no,1,no,0,B2,
SS-MIL-0272,Piazza Concordia,,giallo,3,strada urbana senza ciclabile (1 corsie),no,1,si,0,B2,
SS-MIL-0273,Piazza Cordusio,,blu,2,zona pedonale / living street,no,1,no,0,B2,
SS-MIL-0274,Piazza Coriolano,,rosso,4,strada secondaria trafficata (1 corsie),no,1,si,0,C2,
SS-MIL-0275,Piazza Costantino,,rosso,4,strada secondaria trafficata (3 corsie),no,3,no,0,C2,
SS-MIL-0276,Piazza Costellazione,,giallo,3,strada urbana senza ciclabile,no,2,si,0,C1,
SS-MIL-0277,Piazza Davide Sesia,,giallo,3,strada urbana senza ciclabile,no,2,no,0,C2,
SS-MIL-0278,Piazza Dergano,,giallo,3,strada urbana senza ciclabile (2 corsie),no,2,no,0,C2,
SS-MIL-0279,Piazza Diocleziano,,rosso,4,strada secondaria trafficata,no,2,si,0,C2,
SS-MIL-0280,Piazza Domenico Aspari,,giallo,3,strada urbana senza ciclabile,no,2,no,0,B2,
SS-MIL-0281,Piazza Domenico Ghirlandaio,,giallo,3,strada urbana senza ciclabile,no,2,si,0,B1,
SS-MIL-0282,Piazza Don Bruno de Biasio,,giallo,3,strada urbana senza ciclabile,no,2,no,0,C2,
SS-MIL-0283,Piazza Don Giovanni Minzoni,,giallo,3,strada urbana senza ciclabile,no,2,si,0,C1,
SS-MIL-0284,Piazza Don Lorenzo Milani,,blu,2,zona pedonale / living street,no,1,no,0,B1,
SS-MIL-0285,Piazza Don Luigi Borotti,,blu,2,zona pedonale / living street,no,1,no,0,C2,
SS-MIL-0286,Piazza Don Piero Carnelli,,giallo,3,strada urbana senza ciclabile,no,2,no,0,B2,
SS-MIL-0287,Piazza Duca d'Aosta,,giallo,3,strada urbana senza ciclabile (1 corsie),no,1,si,0,B2,
SS-MIL-0288,Piazza Edmond Jacob Safra,,blu,2,zona pedonale / living street,no,1,no,0,C2,
SS-MIL-0289,Piazza Edmondo Malan,,giallo,3,strada urbana senza ciclabile,no,2,no,0,A2,
SS-MIL-0290,Piazza Edoardo Ferravilla,,giallo,3,strada urbana senza ciclabile,no,2,si,0,B2,
SS-MIL-0291,Piazza Eleonora Duse,,giallo,3,strada urbana senza ciclabile (1 corsie),no,1,si,0,B2,
SS-MIL-0292,Piazza Emilia,,rosso,4,strada principale trafficata (2 corsie),no,2,si,0,B2,
SS-MIL-0293,Piazza Emilio Alfieri,,giallo,3,strada urbana senza ciclabile (1 corsie),no,1,si,0,C2,
SS-MIL-0294,Piazza Emilio Salgari,,giallo,3,strada urbana senza ciclabile,no,2,no,0,B2,
SS-MIL-0295,Piazza Enrico Berlinguer,,blu,2,zona pedonale / living street,no,1,no,0,B1,
SS-MIL-0296,Piazza Enrico Bottini,,giallo,3,strada urbana senza ciclabile (1 corsie),no,1,si,0,B2,
SS-MIL-0297,Piazza Enrico Chiaradia,,rosso,4,strada secondaria trafficata,no,2,si,0,B2,
SS-MIL-0298,Piazza Enzo Jannacci,,blu,2,zona pedonale / living street,no,1,no,0,C1,
SS-MIL-0299,Piazza Ercole Luigi Morselli,,giallo,3,strada urbana senza ciclabile (1 corsie),no,1,si,0,B2,
SS-MIL-0300,Piazza Erculea,,giallo,3,strada urbana senza ciclabile,no,2,si,0,B2,
SS-MIL-0301,Piazza Ermete Novelli,,giallo,3,strada urbana senza ciclabile,no,2,no,0,B2,
SS-MIL-0302,Piazza Ernesto De Angeli,,giallo,3,strada urbana senza ciclabile,no,2,si,0,B1,
SS-MIL-0303,Piazza Esquilino,,giallo,3,strada urbana senza ciclabile,no,2,no,0,B1,
SS-MIL-0304,Piazza Ettore Majorana,,giallo,3,strada urbana senza ciclabile (2 corsie),no,2,no,0,C1,
SS-MIL-0305,Piazza Europa,,giallo,3,strada urbana senza ciclabile,no,2,si,0,A1,
SS-MIL-0306,Piazza Ezio Vanoni,,giallo,3,strada urbana senza ciclabile,no,2,no,0,A2,
SS-MIL-0307,Piazza Federico Bonola,,giallo,3,strada urbana senza ciclabile,no,2,no,0,C1,
SS-MIL-0308,Piazza Federico Faruffini,,giallo,3,strada urbana senza ciclabile,no,2,no,0,C2,
SS-MIL-0309,Piazza Federico Mistral,,giallo,3,strada urbana senza ciclabile,no,2,si,0,A2,
SS-MIL-0310,Piazza Fidia,,giallo,3,strada urbana senza ciclabile,no,2,si,0,C2,
SS-MIL-0311,Piazza Filippo Meda,,giallo,3,strada urbana senza ciclabile,no,2,no,0,B2,
SS-MIL-0312,Piazza Firenze,,giallo,3,strada urbana senza ciclabile,no,2,si,0,C1,
SS-MIL-0313,Piazza Fontana,,giallo,3,strada urbana senza ciclabile,no,2,si,0,B2,
SS-MIL-0314,Piazza Francesco Carrara,,giallo,3,strada urbana senza ciclabile,no,2,no,0,B2,
SS-MIL-0315,Piazza Francesco Carvelli,,blu,2,zona pedonale / living street,no,1,no,0,C1,
SS-MIL-0316,Piazza Francesco Durante,,giallo,3,strada urbana senza ciclabile (2 corsie),no,2,no,0,C2,
SS-MIL-0317,Piazza Francesco Guardi,,giallo,3,strada urbana senza ciclabile,no,2,si,0,B2,
SS-MIL-0318,Piazza Francesco Petrarca,,giallo,3,strada urbana senza ciclabile,no,2,no,0,A1,
SS-MIL-0319,Piazza Franco Brambilla,,blu,2,zona pedonale / living street,no,1,no,0,C2,
SS-MIL-0320,Piazza Fratelli Bandiera,,giallo,3,strada urbana senza ciclabile (2 corsie),no,2,no,0,B2,
SS-MIL-0321,Piazza Gaetano Filangieri,,giallo,3,strada urbana senza ciclabile (1 corsie),no,1,si,0,B2,
SS-MIL-0322,Piazza Generale Carlo Alberto Dalla Chiesa,,blu,2,zona pedonale / living street,no,1,no,0,A2,
SS-MIL-0323,Piazza Geremia Bonomelli,,giallo,3,strada urbana senza ciclabile,no,2,no,0,B2,
SS-MIL-0324,Piazza Gerusalemme,,giallo,3,strada urbana senza ciclabile (1 corsie),no,1,si,0,B2,
SS-MIL-0325,Piazza Gian Antonio Maggi,,rosso,4,strada principale trafficata,no,2,no,0,B2,
SS-MIL-0326,Piazza Gian Lorenzo Bernini,,giallo,3,strada urbana senza ciclabile (1 corsie),no,1,no,0,B2,
SS-MIL-0327,Piazza Gio Ponti,,rosso,4,strada secondaria trafficata,no,2,si,0,B1,
SS-MIL-0328,Piazza Giorgio Ambrosoli,,giallo,3,strada urbana senza ciclabile,no,2,no,0,B2,
SS-MIL-0329,Piazza Giorgio Ceruti,,blu,2,zona pedonale / living street,no,1,no,0,B1,
SS-MIL-0330,Piazza Giorgio La Pira,,blu,2,zona pedonale / living street,no,1,no,0,A2,
SS-MIL-0331,Piazza Giorgio Simone Ohm,,rosso,4,strada secondaria trafficata (3 corsie),no,3,si,0,B1,
SS-MIL-0332,Piazza Giosia Monti,,giallo,3,strada urbana senza ciclabile,no,2,si,0,B1,
SS-MIL-0333,Piazza Giovanni Amendola,,giallo,3,strada urbana senza ciclabile (1 corsie),no,1,si,0,B1,
SS-MIL-0334,Piazza Giovanni Antonio Bazzi,,giallo,3,strada urbana senza ciclabile,no,2,si,0,B2,
SS-MIL-0335,Piazza Giovanni Bausan,,giallo,3,strada urbana senza ciclabile,no,2,no,0,C2,
SS-MIL-0336,Piazza Giovanni Falcone,,giallo,3,strada urbana senza ciclabile,no,2,no,0,A1,
SS-MIL-0337,Piazza Giovanni Giolitti,,giallo,3,strada urbana senza ciclabile,no,2,no,0,B2,
SS-MIL-0338,Piazza Giovanni Perego,,giallo,3,strada urbana senza ciclabile,no,2,si,0,C2,
SS-MIL-0339,Piazza Giovanni Testori,,giallo,3,strada urbana senza ciclabile,no,2,si,0,C1,
SS-MIL-0340,Piazza Giovanni Ventitreesimo,,giallo,3,strada urbana senza ciclabile,no,2,si,0,B2,
SS-MIL-0341,Piazza Giovanni XXIII,,giallo,3,strada urbana senza ciclabile,no,2,si,0,B2,
SS-MIL-0342,Piazza Giovine Italia,,giallo,3,strada urbana senza ciclabile,no,2,si,0,B2,
SS-MIL-0343,Piazza Giuseppe Grandi,,giallo,3,strada urbana senza ciclabile,no,2,si,0,B2,
SS-MIL-0344,Piazza Giuseppe Missori,,giallo,3,strada urbana senza ciclabile (1 corsie),no,1,si,0,B2,
SS-MIL-0345,Piazza Giuseppe Occhialini,,giallo,3,strada urbana senza ciclabile,no,2,no,0,B2,
SS-MIL-0346,Piazza Giuseppe Pasolini,,giallo,3,strada urbana senza ciclabile (2 corsie),no,2,no,0,C2,
SS-MIL-0347,Piazza Giustino Fortunato,,giallo,3,strada urbana senza ciclabile,no,2,no,0,C2,
SS-MIL-0348,Piazza Gran Paradiso,,giallo,3,strada urbana senza ciclabile,no,2,si,0,C2,
SS-MIL-0349,Piazza Graziadio Isaia Ascoli,,giallo,3,strada urbana senza ciclabile,no,2,si,0,B2,
SS-MIL-0350,Piazza Greco,,giallo,3,strada urbana senza ciclabile (2 corsie),no,2,si,0,C2,
SS-MIL-0351,Piazza Guglielmo Marconi,,giallo,3,strada urbana senza ciclabile (1 corsie),no,1,si,0,C1,
SS-MIL-0352,Piazza Guglielmo Massaia,,giallo,3,strada urbana senza ciclabile,no,2,no,0,B2,
SS-MIL-0353,Piazza Guglielmo Miani,,rosso,4,strada secondaria trafficata (2 corsie),no,2,si,0,B1,
SS-MIL-0354,Piazza Guglielmo Oberdan,,rosso,4,strada secondaria trafficata (4 corsie),no,4,si,0,B2,
SS-MIL-0355,Piazza Imperatore Tito,,giallo,3,strada urbana senza ciclabile,no,2,si,0,B2,
SS-MIL-0356,Piazza Indro Montanelli,,blu,2,zona pedonale / living street,no,1,no,0,C2,
SS-MIL-0357,Piazza Insubria,,giallo,3,strada urbana senza ciclabile (1 corsie),no,1,si,0,B2,
SS-MIL-0358,Piazza Italia,,giallo,3,strada urbana senza ciclabile,no,2,no,0,C2,
SS-MIL-0359,Piazza John Fitzgerald Kennedy,,rosso,4,strada principale trafficata (2 corsie),no,2,si,0,C1,
SS-MIL-0360,Piazza Lega Lombarda,,giallo,3,strada urbana senza ciclabile,no,2,si,0,B2,
SS-MIL-0361,Piazza Leonardo da Vinci,,giallo,3,strada urbana senza ciclabile,no,2,no,0,B2,
SS-MIL-0362,Piazza Libertà,,giallo,3,strada urbana senza ciclabile (1 corsie),no,1,no,0,A1,
SS-MIL-0363,Piazza Lima,,giallo,3,strada urbana senza ciclabile,no,2,si,0,B2,
SS-MIL-0364,Piazza Lina Bo Bardi,,giallo,3,strada urbana senza ciclabile (2 corsie),no,2,si,0,B2,
SS-MIL-0365,Piazza Lionello Bettini,,blu,2,zona pedonale / living street,no,1,no,0,B1,
SS-MIL-0366,Piazza Luigi Einaudi,,giallo,3,strada urbana senza ciclabile,no,2,si,0,B2,
SS-MIL-0367,Piazza Luigi Petazzi,,giallo,3,strada urbana senza ciclabile (1 corsie),no,1,si,0,C2,
SS-MIL-0368,Piazza Luigi Vittorio Bertarelli,,giallo,3,strada urbana senza ciclabile,no,2,si,0,B2,
SS-MIL-0369,Piazza Luigi di Savoia,,giallo,3,strada urbana senza ciclabile (1 corsie),no,1,no,0,B2,
SS-MIL-0370,Piazza Madonna della Provvidenza,,giallo,3,strada urbana senza ciclabile,no,2,si,0,B1,
SS-MIL-0371,Piazza Mar Nero,,giallo,3,strada urbana senza ciclabile,no,2,no,0,A1,
SS-MIL-0372,Piazza Maria Adelaide di Savoia,,giallo,3,strada urbana senza ciclabile,no,2,si,0,B2,
SS-MIL-0373,Piazza Maria Ausiliatrice,,giallo,3,strada urbana senza ciclabile,no,2,si,0,C1,
SS-MIL-0374,Piazza Mario Vigorelli,,giallo,3,strada urbana senza ciclabile,no,2,si,0,A2,
SS-MIL-0375,Piazza Martiri della Libertà,,giallo,3,strada urbana senza ciclabile,no,2,no,0,C1,
SS-MIL-0376,Piazza Martiri di Via Fani,,blu,2,zona pedonale / living street,no,1,no,0,C2,
SS-MIL-0377,Piazza Melozzo da Forlì,,giallo,3,strada urbana senza ciclabile,no,2,si,0,B1,
SS-MIL-0378,Piazza Mentana,,giallo,3,strada urbana senza ciclabile,no,2,si,0,B2,
SS-MIL-0379,Piazza Michelangelo Buonarroti,,rosso,4,strada secondaria trafficata,no,2,si,0,B1,
SS-MIL-0380,Piazza Michele Cappelli,,rosso,4,strada principale trafficata (2 corsie),no,2,si,0,B2,
SS-MIL-0381,Piazza Mons. Giovanni Pesci,,giallo,3,strada urbana senza ciclabile,no,2,si,0,B1,
SS-MIL-0382,Piazza Monsignor Luigi Moneta,,giallo,3,strada urbana senza ciclabile,no,2,no,0,B1,
SS-MIL-0383,Piazza Monsignor Pietro Fumagalli,,blu,2,zona pedonale / living street,no,1,no,0,C1,
SS-MIL-0384,Piazza Monte Falterona,,giallo,3,strada urbana senza ciclabile,no,2,no,0,B1,
SS-MIL-0385,Piazza Monte Titano,,rosso,4,strada principale trafficata,no,2,si,0,B2,
SS-MIL-0386,Piazza Morbegno,,giallo,3,strada urbana senza ciclabile,no,2,si,0,C2,
SS-MIL-0387,Piazza Napoli,,giallo,3,strada urbana senza ciclabile,no,2,si,0,B1,
SS-MIL-0388,Piazza Negrelli,,giallo,3,strada urbana senza ciclabile (2 corsie),no,2,no,0,B1,
SS-MIL-0389,Piazza Niccolò Tommaseo,,blu,2,zona pedonale / living street,no,1,no,0,B2,
SS-MIL-0390,Piazza Norberto Bobbio,,blu,2,zona pedonale / living street,no,1,no,0,A2,
SS-MIL-0391,Piazza Otto Novembre,,giallo,3,strada urbana senza ciclabile,no,2,si,0,B2,
SS-MIL-0392,Piazza Ovidio,,giallo,3,strada urbana senza ciclabile,no,2,si,0,B2,
SS-MIL-0393,Piazza Palmiro Togliatti,,giallo,3,strada urbana senza ciclabile,no,2,no,0,C1,
SS-MIL-0394,Piazza Paolo Borsellino,,giallo,3,strada urbana senza ciclabile,no,2,no,0,C1,
SS-MIL-0395,Piazza Paolo Ferrari,,giallo,3,strada urbana senza ciclabile,no,2,si,0,B2,
SS-MIL-0396,Piazza Paolo Sesto,,giallo,3,strada urbana senza ciclabile,no,2,no,0,B2,
SS-MIL-0397,Piazza Papa Giovanni Ventitreesimo,,giallo,3,strada urbana senza ciclabile,no,2,si,0,B1,
SS-MIL-0398,Piazza Piemonte,,giallo,3,strada urbana senza ciclabile,no,2,no,0,B1,
SS-MIL-0399,Piazza Pietro Frattini,,rosso,4,strada principale trafficata,no,2,si,0,B1,
SS-MIL-0400,Piazza Pietro Gobetti,,giallo,3,strada urbana senza ciclabile,no,2,si,0,B2,
SS-MIL-0401,Piazza Pio Undicesimo,,blu,2,zona pedonale / living street,no,1,no,0,B2,
SS-MIL-0402,Piazza Pio XII,,blu,2,zona pedonale / living street,no,1,no,0,A2,
SS-MIL-0403,Piazza Po,,giallo,3,strada urbana senza ciclabile,no,2,no,0,B1,
SS-MIL-0404,Piazza Pompeo Castelli,,rosso,4,strada secondaria trafficata,no,2,si,0,C1,
SS-MIL-0405,Piazza Prealpi,,giallo,3,strada urbana senza ciclabile,no,2,si,0,C1,
SS-MIL-0406,Piazza Precotto,,rosso,4,strada principale trafficata,no,2,no,0,C2,
SS-MIL-0407,Piazza Quattro Novembre,,giallo,3,strada urbana senza ciclabile,no,2,no,0,C2,
SS-MIL-0408,Piazza Remo Cantoni,,blu,2,zona pedonale / living street,no,1,no,0,A2,
SS-MIL-0409,Piazza Riccardo Wagner,,giallo,3,strada urbana senza ciclabile,no,2,si,0,B1,
SS-MIL-0410,Piazza Risorgimento,,giallo,3,strada urbana senza ciclabile,no,2,no,0,A1,
SS-MIL-0411,Piazza Roma,,giallo,3,strada urbana senza ciclabile,no,2,no,0,C1,
SS-MIL-0412,Piazza Rosa Scolari,,giallo,3,strada urbana senza ciclabile,no,2,si,0,C1,
SS-MIL-0413,Piazza Salvatore Quasimodo,,giallo,3,strada urbana senza ciclabile (1 corsie),no,1,si,0,B2,
SS-MIL-0414,Piazza San Babila,,verde,1,ciclabile presente (da OpenStreetMap),si,2,no,0,B2,
SS-MIL-0415,Piazza San Biagio,,rosso,4,strada secondaria trafficata,no,2,no,0,A1,
SS-MIL-0416,Piazza San Camillo de Lellis,,giallo,3,strada urbana senza ciclabile (1 corsie),no,1,no,0,B2,
SS-MIL-0417,Piazza San Carlo,,blu,2,zona pedonale / living street,no,1,no,0,B2,
SS-MIL-0418,Piazza San Donato,,blu,2,zona pedonale / living street,no,1,no,0,A2,
SS-MIL-0419,Piazza San Fedele,,blu,2,zona pedonale / living street,no,1,no,0,B2,
SS-MIL-0420,Piazza San Gerolamo,,giallo,3,strada urbana senza ciclabile,no,2,si,0,B2,
SS-MIL-0421,Piazza San Gioachimo,,giallo,3,strada urbana senza ciclabile,no,2,si,0,B2,
SS-MIL-0422,Piazza San Giorgio,,blu,2,zona pedonale / living street,no,1,no,0,B2,
SS-MIL-0423,Piazza San Giovanni,,giallo,3,strada urbana senza ciclabile,no,2,no,0,C1,
SS-MIL-0424,Piazza San Giovanni Battista,,giallo,3,strada urbana senza ciclabile,no,2,no,0,B1,
SS-MIL-0425,Piazza San Giovanni Battista alla Creta,,giallo,3,strada urbana senza ciclabile,no,2,si,0,B1,
SS-MIL-0426,Piazza San Giuseppe,,giallo,3,strada urbana senza ciclabile,no,2,si,0,C2,
SS-MIL-0427,Piazza San Lorenzo,,giallo,3,strada urbana senza ciclabile,no,2,no,0,A1,
SS-MIL-0428,Piazza San Luigi,,giallo,3,strada urbana senza ciclabile,no,2,no,0,B2,
SS-MIL-0429,Piazza San Marco,,blu,2,zona pedonale / living street,no,1,no,0,B2,
SS-MIL-0430,Piazza San Materno,,giallo,3,strada urbana senza ciclabile (2 corsie),no,2,no,0,C2,
SS-MIL-0431,Piazza San Nazaro in Brolo,,blu,2,zona pedonale / living street,no,1,no,0,B2,
SS-MIL-0432,Piazza San Pietro in Gessate,,giallo,3,strada urbana senza ciclabile (1 corsie),no,1,si,0,B2,
SS-MIL-0433,Piazza San Sebastiano,,blu,2,zona pedonale / living street,no,1,no,0,C1,
SS-MIL-0434,Piazza San Sepolcro,,giallo,3,strada urbana senza ciclabile,no,2,si,0,B2,
SS-MIL-0435,Piazza San Simpliciano,,blu,2,zona pedonale / living street,no,1,no,0,B2,
SS-MIL-0436,Piazza San Vittore,,blu,2,zona pedonale / living street,no,1,no,0,C1,
SS-MIL-0437,Piazza Sandro Pertini,,rosso,4,strada secondaria trafficata (2 corsie),no,2,no,0,B1,
SS-MIL-0438,Piazza Sant'Agostino,,giallo,3,strada urbana senza ciclabile,no,2,si,0,B2,
SS-MIL-0439,Piazza Sant'Alessandro,,giallo,3,strada urbana senza ciclabile,no,2,si,0,B2,
SS-MIL-0440,Piazza Sant'Ambrogio,,giallo,3,strada urbana senza ciclabile,no,2,si,0,B2,
SS-MIL-0441,Piazza Sant'Angelo,,giallo,3,strada urbana senza ciclabile (1 corsie),no,1,si,0,B2,
SS-MIL-0442,Piazza Sant'Apollinare,,giallo,3,strada urbana senza ciclabile,no,2,si,0,B1,
SS-MIL-0443,Piazza Sant'Eufemia,,giallo,3,strada urbana senza ciclabile,no,2,si,0,B2,
SS-MIL-0444,Piazza Sant'Eustorgio,,blu,2,zona pedonale / living street,no,1,no,0,B2,
SS-MIL-0445,Piazza Santa Barbara,,blu,2,zona pedonale / living street,no,1,no,0,A2,
SS-MIL-0446,Piazza Santa Francesca Romana,,giallo,3,strada urbana senza ciclabile (2 corsie),no,2,no,0,B2,
SS-MIL-0447,Piazza Santa Giustina,,blu,2,zona pedonale / living street,no,1,no,0,C2,
SS-MIL-0448,Piazza Santa Maria Assunta,,blu,2,zona pedonale / living street,no,1,no,0,A2,
SS-MIL-0449,Piazza Santa Maria Beltrade,,giallo,3,strada urbana senza ciclabile,no,2,si,0,B2,
SS-MIL-0450,Piazza Santa Maria Nascente,,giallo,3,strada urbana senza ciclabile (1 corsie),no,1,si,0,B1,
SS-MIL-0451,Piazza Santa Maria alla Fontana,,giallo,3,strada urbana senza ciclabile,no,2,no,0,C2,
SS-MIL-0452,Piazza Santa Maria del Suffragio,,giallo,3,strada urbana senza ciclabile,no,2,si,0,B2,
SS-MIL-0453,Piazza Santa Maria delle Grazie,,blu,2,zona pedonale / living street,no,1,no,0,B2,
SS-MIL-0454,Piazza Santi Pietro e Lino,,giallo,3,strada urbana senza ciclabile,no,2,no,0,B2,
SS-MIL-0455,Piazza Santissima Trinità,,giallo,3,strada urbana senza ciclabile,no,2,si,0,B2,
SS-MIL-0456,Piazza Santo Stefano,,giallo,3,strada urbana senza ciclabile,no,2,si,0,B2,
SS-MIL-0457,Piazza Schiavone,,giallo,3,strada urbana senza ciclabile,no,2,si,0,C2,
SS-MIL-0458,Piazza Sei Febbraio,,giallo,3,strada urbana senza ciclabile,no,2,si,0,B2,
SS-MIL-0459,Piazza Sempione,,giallo,3,strada urbana senza ciclabile,no,2,si,0,B2,
SS-MIL-0460,Piazza Serafino Belfanti,,rosso,4,strada principale trafficata (2 corsie),no,2,si,0,B2,
SS-MIL-0461,Piazza Sicilia,,giallo,3,strada urbana senza ciclabile,no,2,si,0,B1,
SS-MIL-0462,Piazza Sigmund Freud,,blu,2,zona pedonale / living street,no,1,no,0,B2,
SS-MIL-0463,Piazza Simone Bolivar,,rosso,4,strada principale trafficata (2 corsie),no,2,si,0,B1,
SS-MIL-0464,Piazza Sire Raul,,rosso,4,strada principale trafficata (2 corsie),no,2,si,0,C2,
SS-MIL-0465,Piazza Spotorno,,rosso,4,strada secondaria trafficata,no,2,si,0,C2,
SS-MIL-0466,Piazza Stati Uniti d'America,,giallo,3,strada urbana senza ciclabile,no,2,si,0,B2,
SS-MIL-0467,Piazza Tevere,,giallo,3,strada urbana senza ciclabile,no,2,si,0,A2,
SS-MIL-0468,Piazza Tina Modotti,,giallo,3,strada urbana senza ciclabile (2 corsie),no,2,no,0,A2,
SS-MIL-0469,Piazza Tirana,,giallo,3,strada urbana senza ciclabile,no,2,si,0,B1,
SS-MIL-0470,Piazza Tito Lucrezio Caro,,giallo,3,strada urbana senza ciclabile,no,2,si,0,B2,
SS-MIL-0471,Piazza Tito Minniti,,giallo,3,strada urbana senza ciclabile,no,2,si,0,C2,
SS-MIL-0472,Piazza Tommaso Edison,,giallo,3,strada urbana senza ciclabile,no,2,si,0,B2,
SS-MIL-0473,Piazza Tre Martiri,,giallo,3,strada urbana senza ciclabile,no,2,si,0,B1,
SS-MIL-0474,Piazza Trento,,giallo,3,strada urbana senza ciclabile,no,2,si,0,B2,
SS-MIL-0475,Piazza Trento e Trieste,,giallo,3,strada urbana senza ciclabile,no,2,si,0,C2,
SS-MIL-0476,Piazza Umanitaria,,giallo,3,strada urbana senza ciclabile (1 corsie),no,1,si,0,B2,
SS-MIL-0477,Piazza Undici Febbraio,,blu,2,zona pedonale / living street,no,1,no,0,C2,
SS-MIL-0478,Piazza Undici Settembre,,blu,2,zona pedonale / living street,no,1,no,0,C2,
SS-MIL-0479,Piazza Vanoni,,giallo,3,strada urbana senza ciclabile,no,2,si,0,A2,
SS-MIL-0480,Piazza Velasca,,giallo,3,strada urbana senza ciclabile (1 corsie),no,1,si,0,B2,
SS-MIL-0481,Piazza Venino,,giallo,3,strada urbana senza ciclabile,no,2,no,0,B2,
SS-MIL-0482,Piazza Venticinque Aprile,,rosso,4,strada secondaria trafficata (3 corsie),no,3,si,0,B2,
SS-MIL-0483,Piazza Ventiquattro Maggio,,giallo,3,strada urbana senza ciclabile,no,2,si,0,B2,
SS-MIL-0484,Piazza Vesuvio,,giallo,3,strada urbana senza ciclabile,no,2,no,0,B2,
SS-MIL-0485,Piazza Vetra,,giallo,3,strada urbana senza ciclabile,no,2,si,0,B2,
SS-MIL-0486,Piazza Villapizzone,,giallo,3,strada urbana senza ciclabile,no,2,si,0,C1,
SS-MIL-0487,Piazza Virgilio,,giallo,3,strada urbana senza ciclabile (1 corsie),no,1,no,0,B2,
SS-MIL-0488,Piazza degli Affari,,giallo,3,strada urbana senza ciclabile,no,2,si,0,B2,
SS-MIL-0489,Piazza degli Aquiloni,,blu,2,zona pedonale / living street,no,1,no,0,C2,
SS-MIL-0490,Piazza degli Eroi,,giallo,3,strada urbana senza ciclabile,no,2,no,0,B1,
SS-MIL-0491,Piazza dei Mercanti,,blu,2,zona pedonale / living street,no,1,no,0,B2,
SS-MIL-0492,Piazza dei Piccoli Martiri,,giallo,3,strada urbana senza ciclabile (1 corsie),no,1,si,0,C2,
SS-MIL-0493,Piazza dei Volontari,,giallo,3,strada urbana senza ciclabile,no,2,no,0,B2,
SS-MIL-0494,Piazza del Cannone,,blu,2,zona pedonale / living street,no,1,no,0,B2,
SS-MIL-0495,Piazza del Carmine,,blu,2,zona pedonale / living street,no,1,no,0,B2,
SS-MIL-0496,Piazza del Duomo,,blu,2,zona pedonale / living street,no,1,no,0,B2,
SS-MIL-0497,Piazza del Liberty,,blu,2,zona pedonale / living street,no,1,no,0,B2,
SS-MIL-0498,Piazza del Rosario,,giallo,3,strada urbana senza ciclabile,no,2,no,0,B2,
SS-MIL-0499,Piazza del Teatro,,giallo,3,strada urbana senza ciclabile (1 corsie),no,1,si,0,C1,
SS-MIL-0500,Piazza del Tricolore,,verde,1,ciclabile presente (da OpenStreetMap),si,2,si,0,B2,
SS-MIL-0501,Piazza dell'Assunta,,giallo,3,strada urbana senza ciclabile,no,2,no,0,A2,
SS-MIL-0502,Piazza dell'Ateneo Nuovo,,blu,2,zona pedonale / living street,no,1,no,0,C2,
SS-MIL-0503,Piazza dell'Incontro fra i Popoli,,blu,2,zona pedonale / living street,no,1,no,0,B1,
SS-MIL-0504,Piazza dell'Ospedale Maggiore,,rosso,4,strada secondaria trafficata (3 corsie),no,3,no,0,C2,
SS-MIL-0505,Piazza della Chiesa,,giallo,3,strada urbana senza ciclabile,no,2,no,0,C1,
SS-MIL-0506,Piazza della Conciliazione,,rosso,4,strada secondaria trafficata,no,2,si,0,B2,
SS-MIL-0507,Piazza della Libertà,,giallo,3,strada urbana senza ciclabile,no,2,no,0,A1,
SS-MIL-0508,Piazza della Pieve,,blu,2,zona pedonale / living street,no,1,no,0,A2,
SS-MIL-0509,Piazza della Repubblica,,giallo,3,strada urbana senza ciclabile (2 corsie),no,2,si,0,B2,
SS-MIL-0510,Piazza della Resistenza Partigiana,,giallo,3,strada urbana senza ciclabile,no,2,si,0,B2,
SS-MIL-0511,Piazza della Scala,,giallo,3,strada urbana senza ciclabile (2 corsie),no,2,si,0,B2,
SS-MIL-0512,Piazza della Scienza,,blu,2,zona pedonale / living street,no,1,no,0,C2,
SS-MIL-0513,Piazza della Stazione,,blu,2,zona pedonale / living street,no,1,no,0,A2,
SS-MIL-0514,Piazza della Trivulziana,,blu,2,zona pedonale / living street,no,1,no,0,C2,
SS-MIL-0515,Piazza delle Arti,,blu,2,zona pedonale / living street,no,1,no,0,A2,
SS-MIL-0516,Piazza santa Barbara,,verde,1,ciclabile presente (da OpenStreetMap),si,2,no,0,A2,
SS-MIL-0517,Piazzale Antonio Baiamonti,,rosso,4,strada secondaria trafficata (4 corsie),no,4,no,0,B2,
SS-MIL-0518,Piazzale Antonio Cantore,,giallo,3,strada urbana senza ciclabile,no,2,si,0,B2,
SS-MIL-0519,Piazzale Aquileia,,giallo,3,strada urbana senza ciclabile,no,2,si,0,B2,
SS-MIL-0520,Piazzale Arduino,,rosso,4,strada secondaria trafficata (2 corsie),no,2,si,0,B1,
SS-MIL-0521,Piazzale Biancamano,,rosso,4,strada secondaria trafficata,no,2,si,0,B2,
SS-MIL-0522,Piazzale Bologna,,rosso,4,strada secondaria trafficata,no,2,si,0,B2,
SS-MIL-0523,Piazzale Brescia,,rosso,4,strada principale trafficata,no,2,si,0,B1,
SS-MIL-0524,Piazzale Cacciatori delle Alpi,,giallo,3,strada urbana senza ciclabile,no,2,no,0,C1,
SS-MIL-0525,Piazzale Carlo Archinto,,giallo,3,strada urbana senza ciclabile,no,2,si,0,C2,
SS-MIL-0526,Piazzale Carlo Maciachini,,rosso,4,strada secondaria trafficata (2 corsie),no,2,no,0,C2,
SS-MIL-0527,Piazzale Carlo Magno,,giallo,3,strada urbana senza ciclabile,no,2,si,0,B1,
SS-MIL-0528,Piazzale Cimitero Maggiore,,rosso,4,strada secondaria trafficata,no,2,si,0,C1,
SS-MIL-0529,Piazzale Cimitero Monumentale,,rosso,4,strada secondaria trafficata,no,2,si,0,B2,
SS-MIL-0530,Piazzale Costantino Nigra,,rosso,4,strada principale trafficata (2 corsie),no,2,si,0,C2,
SS-MIL-0531,Piazzale Crivellone,,giallo,3,strada urbana senza ciclabile,no,2,si,0,B1,
SS-MIL-0532,Piazzale Damiano Chiesa,,giallo,3,strada urbana senza ciclabile,no,2,no,0,B1,
SS-MIL-0533,Piazzale Dateo,,giallo,3,strada urbana senza ciclabile,no,2,si,0,B2,
SS-MIL-0534,Piazzale Diego Velasquez,,giallo,3,strada urbana senza ciclabile,no,2,si,0,B1,
SS-MIL-0535,Piazzale Donne Partigiane,,blu,2,zona pedonale / living street,no,1,no,0,A1,
SS-MIL-0536,Piazzale Egeo,,verde,1,ciclabile presente (da OpenStreetMap),si,2,si,0,C2,
SS-MIL-0537,Piazzale Fabio Chiesa,,blu,2,zona pedonale / living street,no,1,no,0,A2,
SS-MIL-0538,Piazzale Ferdinando Martini,,giallo,3,strada urbana senza ciclabile,no,2,si,0,B2,
SS-MIL-0539,Piazzale Ferrara,,giallo,3,strada urbana senza ciclabile,no,2,si,0,B2,
SS-MIL-0540,Piazzale Francesco Accursio,,giallo,3,strada urbana senza ciclabile,no,2,no,0,C1,
SS-MIL-0541,Piazzale Francesco Bacone,,giallo,3,strada urbana senza ciclabile,no,2,si,0,B2,
SS-MIL-0542,Piazzale Francesco Baracca,,giallo,3,strada urbana senza ciclabile,no,2,no,0,B2,
SS-MIL-0543,Piazzale Fratelli Zavattari,,rosso,4,strada principale trafficata,no,2,no,0,B1,
SS-MIL-0544,Piazzale Gabriele Rosa,,giallo,3,strada urbana senza ciclabile,no,2,si,0,B2,
SS-MIL-0545,Piazzale Gabrio Piola,,rosso,4,strada secondaria trafficata (2 corsie),no,2,si,0,B2,
SS-MIL-0546,Piazzale Giovanni de Agostini,,giallo,3,strada urbana senza ciclabile,no,2,no,0,B1,
SS-MIL-0547,Piazzale Giovanni delle Bande Nere,,rosso,4,strada secondaria trafficata,no,2,si,0,B1,
SS-MIL-0548,Piazzale Giulio Cesare,,giallo,3,strada urbana senza ciclabile,no,2,si,0,B1,
SS-MIL-0549,Piazzale Giuseppe Massari,,giallo,3,strada urbana senza ciclabile (1 corsie),no,1,si,0,C2,
SS-MIL-0550,Piazzale Giuseppe Perrucchetti,,giallo,3,strada urbana senza ciclabile,no,2,si,0,B1,
SS-MIL-0551,Piazzale Governo Provvisorio,,blu,2,accesso limitato (ZTL),no,1,si,0,C2,
SS-MIL-0552,Piazzale Hiroshima e Nagasaky,,giallo,3,strada urbana senza ciclabile,no,2,si,0,C2,
SS-MIL-0553,Piazzale Istria,,giallo,3,strada urbana senza ciclabile (2 corsie),no,2,si,0,C2,
SS-MIL-0554,Piazzale Lagosta,,giallo,3,strada urbana senza ciclabile,no,2,si,0,C2,
SS-MIL-0555,Piazzale Lavater,,giallo,3,strada urbana senza ciclabile (1 corsie),no,1,si,0,B2,
SS-MIL-0556,Piazzale Libia,,giallo,3,strada urbana senza ciclabile (1 corsie),no,1,si,0,B2,
SS-MIL-0557,Piazzale Lodi,,rosso,4,strada principale trafficata,no,2,si,0,B2,
SS-MIL-0558,Piazzale Lorenzo Lotto,,giallo,3,strada urbana senza ciclabile,no,2,si,0,B1,
SS-MIL-0559,Piazzale Loreto,,verde,1,ciclabile presente (da OpenStreetMap),si,2,si,0,B2,
SS-MIL-0560,Piazzale Lugano,,giallo,3,strada urbana senza ciclabile,no,2,si,0,C2,
SS-MIL-0561,Piazzale Luigi Cadorna,,giallo,3,strada urbana senza ciclabile,no,2,si,0,B2,
SS-MIL-0562,Piazzale Luigi Emanuele Corvetto,,rosso,4,strada principale trafficata (2 corsie),no,2,si,0,B2,
SS-MIL-0563,Piazzale Luigi Negrelli,,giallo,3,strada urbana senza ciclabile (2 corsie),no,2,no,0,B1,
SS-MIL-0564,Piazzale Madonna Di Fatima,,blu,2,zona pedonale / living street,no,1,no,0,A2,
SS-MIL-0565,Piazzale Marengo,,giallo,3,strada urbana senza ciclabile,no,2,no,0,B2,
SS-MIL-0566,Piazzale Martesana,,giallo,3,strada urbana senza ciclabile (1 corsie),no,1,si,0,C2,
SS-MIL-0567,Piazzale Martiri della Deportazione,,giallo,3,strada urbana senza ciclabile,no,2,si,0,C2,
SS-MIL-0568,Piazzale Medaglie d'Oro,,rosso,4,strada secondaria trafficata,no,2,si,0,B2,
SS-MIL-0569,Piazzale Michael M. Burke,,giallo,3,strada urbana senza ciclabile (2 corsie),no,2,no,0,C1,
SS-MIL-0570,Piazzale Nizza,,giallo,3,strada urbana senza ciclabile,no,2,no,0,C2,
SS-MIL-0571,Piazzale Nord-Ovest - Rotatoria R3,,giallo,3,strada urbana senza ciclabile,no,2,no,0,C1,
SS-MIL-0572,Piazzale Oslavia,,giallo,3,strada urbana senza ciclabile,no,2,no,0,C1,
SS-MIL-0573,Piazzale Paolo Gorini,,giallo,3,strada urbana senza ciclabile,no,2,no,0,B2,
SS-MIL-0574,Piazzale Portello,,blu,2,zona pedonale / living street,no,1,no,0,C1,
SS-MIL-0575,Piazzale Principessa Clotilde,,giallo,3,strada urbana senza ciclabile,no,2,si,0,B2,
SS-MIL-0576,Piazzale Salvatore Farina,,giallo,3,strada urbana senza ciclabile (1 corsie),no,1,si,0,C2,
SS-MIL-0577,Piazzale Santorre di Santarosa,,giallo,3,strada urbana senza ciclabile,no,2,si,0,C1,
SS-MIL-0578,Piazzale Segesta,,giallo,3,strada urbana senza ciclabile,no,2,si,0,B1,
SS-MIL-0579,Piazzale Segrino,,giallo,3,strada urbana senza ciclabile,no,2,no,0,C2,
SS-MIL-0580,Piazzale Selinunte,,giallo,3,strada urbana senza ciclabile,no,2,no,0,B1,
SS-MIL-0581,Piazzale Siena,,rosso,4,strada secondaria trafficata,no,2,no,0,B1,
SS-MIL-0582,Piazzale Stazione Genova,,giallo,3,strada urbana senza ciclabile (2 corsie),no,2,no,0,B2,
SS-MIL-0583,Piazzale Stefano Türr,,verde,1,ciclabile presente (da OpenStreetMap),si,2,si,0,B1,
SS-MIL-0584,Piazzale Sud Est,,blu,2,zona pedonale / living street,no,1,no,0,C1,
SS-MIL-0585,Piazzale Supercortemaggiore,,giallo,3,strada urbana senza ciclabile (1 corsie),no,1,no,0,A2,
SS-MIL-0586,Piazzale Susa,,giallo,3,strada urbana senza ciclabile,no,2,si,0,B2,
SS-MIL-0587,Piazzale Tripoli,,giallo,3,strada urbana senza ciclabile,no,2,si,0,B1,
SS-MIL-0588,Piazzale Udine,,giallo,3,strada urbana senza ciclabile,no,2,no,0,C2,
SS-MIL-0589,Piazzale Unità d'Italia,,giallo,3,strada urbana senza ciclabile (2 corsie),no,2,no,0,C1,
SS-MIL-0590,Piazzale Veronica Gambara,,giallo,3,strada urbana senza ciclabile,no,2,no,0,B1,
SS-MIL-0591,Piazzale Vincenzo Cuoco,,rosso,4,strada secondaria trafficata,no,2,si,0,B2,
SS-MIL-0592,Piazzale ai Laghi,,rosso,4,strada secondaria trafficata,no,2,si,0,C1,
SS-MIL-0593,Piazzale del Cimitero Monumentale,,rosso,4,strada secondaria trafficata,no,2,si,0,B2,
SS-MIL-0594,Piazzale della Cooperazione,,blu,2,zona pedonale / living street,no,1,no,0,B1,
SS-MIL-0595,Piazzale della Costituzione,,blu,2,zona pedonale / living street,no,1,no,0,C2,
SS-MIL-0596,Piazzale delle Milizie,,verde,1,ciclabile presente (da OpenStreetMap),si,2,si,0,B1,
SS-MIL-0597,Piazzale dello Sport,,giallo,3,strada urbana senza ciclabile,no,2,no,0,B1,
SS-MIL-0598,Piazzale di Porta Lodovica,,giallo,3,strada urbana senza ciclabile (1 corsie),no,1,si,0,B2,
SS-MIL-0599,Piazzetta 22 maggio 2004,,blu,2,zona pedonale / living street,no,1,no,0,C1,
SS-MIL-0600,Piazzetta 25 Aprile,,blu,2,zona pedonale / living street,no,1,no,0,A1,
SS-MIL-0601,Piazzetta Acquabella,,blu,2,zona pedonale / living street,no,1,no,0,B2,
SS-MIL-0602,Piazzetta Adelaide Brignone,,blu,2,zona pedonale / living street,no,1,no,0,B2,
SS-MIL-0603,Piazzetta Adolfo Beria D'Argentine,,blu,2,zona pedonale / living street,no,1,no,0,B2,
SS-MIL-0604,Piazzetta Andrea Alciato,,giallo,3,strada urbana senza ciclabile,no,2,si,0,C2,
SS-MIL-0605,Piazzetta Don Abramo Martignoni,,blu,2,zona pedonale / living street,no,1,no,0,C1,
SS-MIL-0606,Piazzetta Enrico Cuccia,,blu,2,zona pedonale / living street,no,1,no,0,B2,
SS-MIL-0607,Piazzetta Giordano Dell'Amore,,verde,1,ciclabile presente (da OpenStreetMap),si,2,no,0,B2,
SS-MIL-0608,Piazzetta Guido Vergani,,blu,2,zona pedonale / living street,no,1,no,0,B2,
SS-MIL-0609,Piazzetta Ho Feng Shan,,blu,2,zona pedonale / living street,no,1,no,0,B2,
SS-MIL-0610,Piazzetta Maurilio Bossi,,blu,2,zona pedonale / living street,no,1,no,0,B2,
SS-MIL-0611,Piazzetta Pattari,,blu,2,zona pedonale / living street,no,1,no,0,B2,
SS-MIL-0612,Piazzetta Reale,,blu,2,zona pedonale / living street,no,1,no,0,B2,
SS-MIL-0613,Piazzetta San Josemaria Escrivà,,giallo,3,strada urbana senza ciclabile,no,2,si,0,B2,
SS-MIL-0614,Piazzetta Santi Patroni D'Italia,,giallo,3,strada urbana senza ciclabile,no,2,no,0,B1,
SS-MIL-0615,Piazzetta Umberto Giordano,,giallo,3,strada urbana senza ciclabile (1 corsie),no,1,si,0,B2,
SS-MIL-0616,Piazzetta della Misericordia,,blu,2,zona pedonale / living street,no,1,no,0,B1,
SS-MIL-0617,Piazzetta di Brera,,blu,2,zona pedonale / living street,no,1,si,0,B2,
SS-MIL-0618,Piazzetta difesa per le donne,,blu,2,zona pedonale / living street,no,1,no,0,C2,
SS-MIL-0619,Pista Ciclopedonale Gino Bartali,,verde,1,ciclabile presente (da OpenStreetMap),si,2,no,0,A2,
SS-MIL-0620,Ponte Gobbo,,rosso,4,strada secondaria trafficata,no,2,no,0,A1,
SS-MIL-0621,Ponte Guido Crepax,,verde,1,ciclabile presente (da OpenStreetMap),si,2,si,0,B1,
SS-MIL-0622,Ponte Sul Lambro,,verde,1,ciclabile presente (da OpenStreetMap),si,2,no,0,B2,
SS-MIL-0623,Ponte Vecchio,,giallo,3,strada urbana senza ciclabile (1 corsie),no,1,si,0,C2,
SS-MIL-0624,Ponte dei Mari,,blu,2,zona pedonale / living street,no,1,no,0,C1,
SS-MIL-0625,Raccordo Fiera Ovest - Sempione A50,,giallo,3,strada urbana senza ciclabile (1 corsie),no,1,si,0,C1,
SS-MIL-0626,Raccordo SS11-SS33 Molino Dorino,,nero,5,strada ad alta velocità (trunk),no,2,si,0,C1,
SS-MIL-0627,Raccordo Sempione - Accesso Fiera Ovest,,giallo,3,strada urbana senza ciclabile (1 corsie),no,1,si,0,C1,
SS-MIL-0628,Raccordo per l'Autostrada del Sole,,nero,5,"strada ad alta velocità (trunk, 70 km/h)",no,3,si,0,A2,
SS-MIL-0629,Rho - Ciclabile Olona,,verde,1,ciclabile presente (da OpenStreetMap),si,2,no,0,C1,
SS-MIL-0630,Rho - Parco dei fontanili,,verde,1,ciclabile presente (da OpenStreetMap),si,2,no,0,C1,
SS-MIL-0631,Ripa di Porta Ticinese,,giallo,3,strada urbana senza ciclabile (2 corsie),no,2,no,0,B1,
SS-MIL-0632,Rondò Morandi,,giallo,3,strada urbana senza ciclabile (1 corsie),no,1,no,0,A2,
SS-MIL-0633,Rondò San Martino,,giallo,3,strada urbana senza ciclabile,no,2,no,0,A2,
SS-MIL-0634,Rondò delle autostrade,,rosso,4,strada principale trafficata,no,2,si,0,A2,
SS-MIL-0635,Rondò di Certosa,,rosso,4,strada principale trafficata,no,2,si,0,A2,
SS-MIL-0636,Rondò di Metanopoli,,giallo,3,strada urbana senza ciclabile,no,2,no,0,A2,
SS-MIL-0637,Rondò di Triulzo,,verde,1,ciclabile presente (da OpenStreetMap),si,2,no,0,A2,
SS-MIL-0638,Rotatoria Barzaghi,,giallo,3,strada urbana senza ciclabile,no,2,no,0,C1,
SS-MIL-0639,Rotatoria Herbert Kilpin,,giallo,3,strada urbana senza ciclabile,no,2,no,0,B1,
SS-MIL-0640,Rotatoria Merlata,,giallo,3,strada urbana senza ciclabile,no,2,no,0,C1,
SS-MIL-0641,Rotatoria R1,,rosso,4,strada principale trafficata,no,2,no,0,C1,
SS-MIL-0642,Rotatoria R11,,giallo,3,strada urbana senza ciclabile,no,2,no,0,C1,
SS-MIL-0643,Rotatoria R4,,giallo,3,strada urbana senza ciclabile (2 corsie),no,2,no,0,C1,
SS-MIL-0644,Rotatoria R5,,giallo,3,strada urbana senza ciclabile,no,2,no,0,C1,
SS-MIL-0645,Rotatoria R6,,giallo,3,strada urbana senza ciclabile,no,2,no,0,C1,
SS-MIL-0646,Rotatoria R7,,giallo,3,strada urbana senza ciclabile,no,2,no,0,C1,
SS-MIL-0647,Rotonda Santhià,,giallo,3,strada urbana senza ciclabile,no,2,no,0,C2,
SS-MIL-0648,San Leonardo,,verde,1,ciclabile presente (da OpenStreetMap),si,2,si,0,C1,
SS-MIL-0649,Sopraelevata Monte Ceneri,,nero,5,"strada ad alta velocità (trunk, 70 km/h)",no,2,si,0,C1,
SS-MIL-0650,Sopraelevata Renato Serra,,nero,5,"strada ad alta velocità (trunk, 70 km/h)",no,2,si,0,C1,
SS-MIL-0651,Sottopasso Mortirolo,,rosso,4,strada secondaria trafficata (2 corsie),no,2,si,0,C2,
SS-MIL-0652,Sottopasso Patroclo,,rosso,4,strada secondaria trafficata,no,2,si,0,B1,
SS-MIL-0653,Sottopasso Schiavoni,,rosso,4,strada secondaria trafficata (2 corsie),no,2,si,0,B2,
SS-MIL-0654,Sottopasso Venezia - Del Riccio,,verde,1,ciclabile presente (da OpenStreetMap),si,2,no,0,C2,
SS-MIL-0655,Strada A,,giallo,3,strada urbana senza ciclabile,no,2,no,0,A1,
SS-MIL-0656,Strada B,,giallo,3,strada urbana senza ciclabile,no,2,no,0,A1,
SS-MIL-0657,Strada C,,giallo,3,strada urbana senza ciclabile,no,2,no,0,A1,
SS-MIL-0658,Strada Comunale 151,,blu,2,accesso limitato (ZTL),no,1,no,0,A1,
SS-MIL-0659,Strada Comunale Sorigherio - S. Donato,,giallo,3,strada urbana senza ciclabile,no,2,no,0,A2,
SS-MIL-0660,Strada Comunale Sorigherio - San Donato,,giallo,3,strada urbana senza ciclabile,no,2,no,0,A2,
SS-MIL-0661,Strada D,,giallo,3,strada urbana senza ciclabile,no,2,no,0,A1,
SS-MIL-0662,Strada F,,giallo,3,strada urbana senza ciclabile,no,2,no,0,A1,
SS-MIL-0663,Strada Paullese,,giallo,3,strada urbana senza ciclabile,no,2,si,0,A2,
SS-MIL-0664,Strada Provinciale 103 Cassanese Moderna,,nero,5,"strada ad alta velocità (trunk, 110 km/h)",no,2,si,0,B2,
SS-MIL-0665,Strada Provinciale Cassanese,,giallo,3,strada urbana senza ciclabile,no,2,si,0,C2,
SS-MIL-0666,Strada Provinciale ex Strada Statale 415 Paullese,,nero,5,"strada ad alta velocità (primary, 70 km/h)",no,2,si,0,A2,
SS-MIL-0667,Strada Statale 11 Padana Superiore,,nero,5,"strada ad alta velocità (trunk, 90 km/h)",no,2,si,0,C1,
SS-MIL-0668,Strada Statale 35 dei Giovi,,rosso,4,strada principale trafficata (2 corsie),no,2,si,0,A1,
SS-MIL-0669,Strada Statale 494 Vigevanese,,rosso,4,strada principale trafficata (2 corsie),no,2,si,0,A1,
SS-MIL-0670,Strada comunale Chiaravalle,,verde,1,ciclabile presente (da OpenStreetMap),si,2,no,0,A2,
SS-MIL-0671,Strada comunale del Cimitero,,giallo,3,strada urbana senza ciclabile,no,2,no,0,C1,
SS-MIL-0672,Strada comunale per Doresano,,giallo,3,strada urbana senza ciclabile,no,2,no,0,A1,
SS-MIL-0673,Strada degli Ovi,,giallo,3,strada urbana senza ciclabile (2 corsie),no,2,no,0,C2,
SS-MIL-0674,Strada del Molinetto di Lorenteggio,,giallo,3,strada urbana senza ciclabile,no,2,si,0,B1,
SS-MIL-0675,Strada della Carità,,giallo,3,strada urbana senza ciclabile (1 corsie),no,1,si,0,B2,
SS-MIL-0676,Strada di Arroccamento Est,,giallo,3,strada urbana senza ciclabile (2 corsie),no,2,no,0,C2,
SS-MIL-0677,Strada di Arroccamento Nord,,giallo,3,strada urbana senza ciclabile (2 corsie),no,2,no,0,C2,
SS-MIL-0678,Strada di Arroccamento Sud,,giallo,3,strada urbana senza ciclabile (2 corsie),no,2,no,0,C2,
SS-MIL-0679,Strada di Olgia Nuova,,giallo,3,strada urbana senza ciclabile (2 corsie),no,2,no,0,C2,
SS-MIL-0680,Strada di Olgia Vecchia,,giallo,3,strada urbana senza ciclabile (2 corsie),no,2,no,0,C2,
SS-MIL-0681,Strada di San Gregorio,,giallo,3,strada urbana senza ciclabile (1 corsie),no,1,si,0,C2,
SS-MIL-0682,Strada di Spina,,giallo,3,strada urbana senza ciclabile (2 corsie),no,2,no,0,C2,
SS-MIL-0683,Strada di Spina Milano 2,,giallo,3,strada urbana senza ciclabile (1 corsie),no,1,si,0,C2,
SS-MIL-0684,Strada per Baggio,,giallo,3,strada urbana senza ciclabile,no,2,si,0,A1,
SS-MIL-0685,Strada per Vighignolo,,nero,5,"strada ad alta velocità (secondary, 90 km/h)",no,1,si,0,C1,
SS-MIL-0686,Strada provinciale ex SS 412 della Val Tidone,,nero,5,"strada ad alta velocità (trunk, 70 km/h)",no,2,si,0,A2,
SS-MIL-0687,Svincolo Autostradale Viale Certosa,,nero,5,"strada ad alta velocità (trunk, 90 km/h, 5 corsie)",no,5,si,0,C1,
SS-MIL-0688,Svincolo Viale Certosa,,nero,5,"strada ad alta velocità (trunk, 70 km/h, 4 corsie)",no,4,si,0,C1,
SS-MIL-0689,Terrazza Gardella,,blu,2,zona pedonale / living street,no,1,no,0,B2,
SS-MIL-0690,Tunnel Giardini di Porta Nuova,,rosso,4,strada secondaria trafficata (2 corsie),no,2,si,0,B2,
SS-MIL-0691,Variante Varesina,,rosso,4,strada principale trafficata,no,2,si,0,C1,
SS-MIL-0692,Via 4 strade,,giallo,3,strada urbana senza ciclabile,no,2,no,0,C2,
SS-MIL-0693,Via 8 Ottobre 2001,,giallo,3,strada urbana senza ciclabile (1 corsie),no,1,si,0,A2,
SS-MIL-0694,Via A. Lombardi,,giallo,3,strada urbana senza ciclabile,no,2,si,0,A2,
SS-MIL-0695,Via A. Pacinotti,,giallo,3,strada urbana senza ciclabile,no,2,no,0,B1,
SS-MIL-0696,Via A. Pasin,,giallo,3,strada urbana senza ciclabile,no,2,no,0,A1,
SS-MIL-0697,Via Abano,,giallo,3,strada urbana senza ciclabile (1 corsie),no,1,si,0,C2,
SS-MIL-0698,Via Abbadesse,,giallo,3,strada urbana senza ciclabile (1 corsie),no,1,si,0,C2,
SS-MIL-0699,Via Abbazia,,giallo,3,strada urbana senza ciclabile (2 corsie),no,2,no,0,C2,
SS-MIL-0700,Via Abbondio Sangiorgio,,giallo,3,strada urbana senza ciclabile,no,2,no,0,B2,
SS-MIL-0701,Via Abelardo Pecorini,,giallo,3,strada urbana senza ciclabile,no,2,si,0,B2,
SS-MIL-0702,Via Abetone,,giallo,3,strada urbana senza ciclabile,no,2,si,0,B2,
SS-MIL-0703,Via Abramo Lincoln,,giallo,3,strada urbana senza ciclabile,no,2,no,0,B2,
SS-MIL-0704,Via Abruzzi,,giallo,3,strada urbana senza ciclabile,no,2,no,0,A1,
SS-MIL-0705,Via Accademia,,giallo,3,strada urbana senza ciclabile (1 corsie),no,1,si,0,C2,
SS-MIL-0706,Via Acerenza,,giallo,3,strada urbana senza ciclabile,no,2,si,0,C2,
SS-MIL-0707,Via Achille,,giallo,3,strada urbana senza ciclabile,no,2,si,0,B1,
SS-MIL-0708,Via Achille Bizzoni,,giallo,3,strada urbana senza ciclabile (1 corsie),no,1,si,0,C2,
SS-MIL-0709,Via Achille Feraboli,,giallo,3,strada urbana senza ciclabile (2 corsie),no,2,no,0,A2,
SS-MIL-0710,Via Achille Fontanelli,,giallo,3,strada urbana senza ciclabile,no,2,si,0,C2,
SS-MIL-0711,Via Achille Funi,,giallo,3,strada urbana senza ciclabile,no,2,no,0,B1,
SS-MIL-0712,Via Achille Grandi,,giallo,3,strada urbana senza ciclabile,no,2,si,0,A1,
SS-MIL-0713,Via Achille Maiocchi,,giallo,3,strada urbana senza ciclabile,no,2,si,0,B2,
SS-MIL-0714,Via Achille Marazza,,giallo,3,strada urbana senza ciclabile,no,2,no,0,C1,
SS-MIL-0715,Via Achille Mauri,,giallo,3,strada urbana senza ciclabile (1 corsie),no,1,si,0,B2,
SS-MIL-0716,Via Achille Ratti,,giallo,3,strada urbana senza ciclabile (1 corsie),no,1,si,0,C1,
SS-MIL-0717,Via Achille Zezon,,giallo,3,strada urbana senza ciclabile,no,2,no,0,B2,
SS-MIL-0718,Via Ada Negri,,giallo,3,strada urbana senza ciclabile,no,2,no,0,B2,
SS-MIL-0719,Via Adalberto Catena,,giallo,3,strada urbana senza ciclabile,no,2,si,0,B2,
SS-MIL-0720,Via Adalberto Garelli,,giallo,3,strada urbana senza ciclabile,no,2,no,0,A2,
SS-MIL-0721,Via Adamello,,giallo,3,strada urbana senza ciclabile,no,2,no,0,B2,
SS-MIL-0722,Via Adamo Smith,,giallo,3,strada urbana senza ciclabile (2 corsie),no,2,no,0,C2,
SS-MIL-0723,Via Adda,,giallo,3,strada urbana senza ciclabile,no,2,no,0,A1,
SS-MIL-0724,Via Adelaide Bono Cairoli,,giallo,3,strada urbana senza ciclabile (1 corsie),no,1,si,0,C2,
SS-MIL-0725,Via Adelaide Coari,,giallo,3,strada urbana senza ciclabile,no,2,no,0,A2,
SS-MIL-0726,Via Adelaide Ristori,,giallo,3,strada urbana senza ciclabile (1 corsie),no,1,si,0,B2,
SS-MIL-0727,Via Adele Martignoni,,giallo,3,strada urbana senza ciclabile (2 corsie),no,2,no,0,C2,
SS-MIL-0728,Via Adele Zoagli,,giallo,3,strada urbana senza ciclabile,no,2,no,0,C1,
SS-MIL-0729,Via Adelina Patti,,giallo,3,strada urbana senza ciclabile,no,2,no,0,A1,
SS-MIL-0730,Via Adeodato Ressi,,giallo,3,strada urbana senza ciclabile (1 corsie),no,1,si,0,C2,
SS-MIL-0731,Via Adige,,giallo,3,strada urbana senza ciclabile,no,2,no,0,A1,
SS-MIL-0732,Via Adolfo Consolini,,giallo,3,strada urbana senza ciclabile,no,2,no,0,C1,
SS-MIL-0733,Via Adolfo Omodeo,,giallo,3,strada urbana senza ciclabile,no,2,no,0,C1,
SS-MIL-0734,Via Adolfo Wildt,,giallo,3,strada urbana senza ciclabile,no,2,si,0,C2,
SS-MIL-0735,Via Adriano,,giallo,3,strada urbana senza ciclabile (2 corsie),no,2,si,0,C2,
SS-MIL-0736,Via Adriatico,,giallo,3,strada urbana senza ciclabile,no,2,si,0,C2,
SS-MIL-0737,Via Agadir,,giallo,3,strada urbana senza ciclabile,no,2,no,0,A2,
SS-MIL-0738,Via Agilulfo,,giallo,3,strada urbana senza ciclabile,no,2,si,0,A2,
SS-MIL-0739,Via Agnello,,giallo,3,strada urbana senza ciclabile,no,2,si,0,B2,
SS-MIL-0740,Via Agordat,,giallo,3,strada urbana senza ciclabile,no,2,si,0,C2,
SS-MIL-0741,Via Agostino Bertani,,giallo,3,strada urbana senza ciclabile (1 corsie),no,1,si,0,B2,
SS-MIL-0742,Via Agostino Depretis,,giallo,3,strada urbana senza ciclabile,no,2,no,0,A1,
SS-MIL-0743,Via Agrigento,,giallo,3,strada urbana senza ciclabile,no,2,si,0,B1,
SS-MIL-0744,Via Aicardo,,giallo,3,strada urbana senza ciclabile,no,2,no,0,B2,
SS-MIL-0745,Via Airolo,,giallo,3,strada urbana senza ciclabile (1 corsie),no,1,si,0,C2,
SS-MIL-0746,Via Ajaccio,,giallo,3,strada urbana senza ciclabile (2 corsie),no,2,no,0,B2,
SS-MIL-0747,Via Ala,,giallo,3,strada urbana senza ciclabile,no,2,si,0,C2,
SS-MIL-0748,Via Alassio,,giallo,3,strada urbana senza ciclabile,no,2,si,0,C1,
SS-MIL-0749,Via Albarella,,giallo,3,strada urbana senza ciclabile,no,2,si,0,B1,
SS-MIL-0750,Via Albenga,,giallo,3,strada urbana senza ciclabile,no,2,no,0,B1,
SS-MIL-0751,Via Alberelle,,giallo,3,strada urbana senza ciclabile,no,2,si,0,A2,
SS-MIL-0752,Via Alberico Albricci,,giallo,3,strada urbana senza ciclabile,no,2,si,0,B2,
SS-MIL-0753,Via Alberico Gentili,,giallo,3,strada urbana senza ciclabile,no,2,si,0,B1,
SS-MIL-0754,Via Alberico da Rosciate,,giallo,3,strada urbana senza ciclabile,no,2,no,0,B1,
SS-MIL-0755,Via Albert B. Sabin,,giallo,3,strada urbana senza ciclabile (2 corsie),no,2,no,0,B1,
SS-MIL-0756,Via Albert Einstein,,giallo,3,strada urbana senza ciclabile,no,2,no,0,A1,
SS-MIL-0757,Via Alberto Ascoli,,blu,2,zona pedonale / living street,no,1,si,0,C2,
SS-MIL-0758,Via Alberto Caroncini,,giallo,3,strada urbana senza ciclabile (2 corsie),no,2,no,0,B2,
SS-MIL-0759,Via Alberto Cavaliere,,giallo,3,strada urbana senza ciclabile,no,2,no,0,C1,
SS-MIL-0760,Via Alberto Durer,,giallo,3,strada urbana senza ciclabile,no,2,si,0,B1,
SS-MIL-0761,Via Alberto Einstein,,giallo,3,strada urbana senza ciclabile,no,2,no,0,B2,
SS-MIL-0762,Via Alberto Falck,,giallo,3,strada urbana senza ciclabile,no,2,si,0,C2,
SS-MIL-0763,Via Alberto Mario,,giallo,3,strada urbana senza ciclabile (1 corsie),no,1,si,0,B1,
SS-MIL-0764,Via Alberto Nota,,giallo,3,strada urbana senza ciclabile (1 corsie),no,1,si,0,C2,
SS-MIL-0765,Via Alberto Pepere,,giallo,3,strada urbana senza ciclabile,no,2,no,0,B1,
SS-MIL-0766,Via Alberto Riva Villasanta,,giallo,3,strada urbana senza ciclabile,no,2,no,0,B2,
SS-MIL-0767,Via Alberto Savinio,,giallo,3,strada urbana senza ciclabile,no,2,si,0,B2,
SS-MIL-0768,Via Alberto da Gandino,,giallo,3,strada urbana senza ciclabile,no,2,no,0,B1,
SS-MIL-0769,Via Alberto da Giussano,,rosso,4,strada secondaria trafficata (2 corsie),no,2,no,0,A2,
SS-MIL-0770,Via Albino,,giallo,3,strada urbana senza ciclabile,no,2,si,0,B1,
SS-MIL-0771,Via Albio Tibullo,,giallo,3,strada urbana senza ciclabile,no,2,si,0,C1,
SS-MIL-0772,Via Alcamo,,giallo,3,strada urbana senza ciclabile,no,2,si,0,B1,
SS-MIL-0773,Via Alceo,,giallo,3,strada urbana senza ciclabile,no,2,no,0,C2,
SS-MIL-0774,Via Alcide De Gasperi,,giallo,3,strada urbana senza ciclabile (2 corsie),no,2,no,0,A1,
SS-MIL-0775,Via Alcide de Gaspari,,giallo,3,strada urbana senza ciclabile (2 corsie),no,2,no,0,B1,
SS-MIL-0776,Via Alcuino,,giallo,3,strada urbana senza ciclabile (2 corsie),no,2,no,0,B1,
SS-MIL-0777,Via Alda Merini,,giallo,3,strada urbana senza ciclabile (1 corsie),no,1,no,0,C1,
SS-MIL-0778,Via Aldo Carpi,,giallo,3,strada urbana senza ciclabile,no,2,no,0,C1,
SS-MIL-0779,Via Aldo Lusardi,,giallo,3,strada urbana senza ciclabile (1 corsie),no,1,si,0,B2,
SS-MIL-0780,Via Aldo Manuzio,,giallo,3,strada urbana senza ciclabile (1 corsie),no,1,si,0,B2,
SS-MIL-0781,Via Aldo Moro,,rosso,4,strada secondaria trafficata (2 corsie),no,2,si,0,A1,
SS-MIL-0782,Via Aldo Rossi,,giallo,3,strada urbana senza ciclabile,no,2,si,0,C1,
SS-MIL-0783,Via Aldo Tarabella,,giallo,3,strada urbana senza ciclabile,no,2,si,0,C2,
SS-MIL-0784,Via Aleardo Aleardi,,giallo,3,strada urbana senza ciclabile,no,2,si,0,B2,
SS-MIL-0785,Via Alessandria,,giallo,3,strada urbana senza ciclabile (1 corsie),no,1,si,0,C1,
SS-MIL-0786,Via Alessandro Algardi,,giallo,3,strada urbana senza ciclabile,no,2,si,0,B1,
SS-MIL-0787,Via Alessandro Antonelli,,giallo,3,strada urbana senza ciclabile,no,2,si,0,B2,
SS-MIL-0788,Via Alessandro Arnaboldi,,giallo,3,strada urbana senza ciclabile,no,2,no,0,C1,
SS-MIL-0789,Via Alessandro Astesani,,rosso,4,strada secondaria trafficata (2 corsie),no,2,no,0,C2,
SS-MIL-0790,Via Alessandro Bisnati,,giallo,3,strada urbana senza ciclabile,no,2,no,0,C2,
SS-MIL-0791,Via Alessandro Duroni,,giallo,3,strada urbana senza ciclabile,no,2,no,0,A2,
SS-MIL-0792,Via Alessandro Fleming,,giallo,3,strada urbana senza ciclabile,no,2,no,0,B1,
SS-MIL-0793,Via Alessandro Litta Modignani,,giallo,3,strada urbana senza ciclabile,no,2,si,0,C1,
SS-MIL-0794,Via Alessandro Magnasco,,giallo,3,strada urbana senza ciclabile,no,2,si,0,B1,
SS-MIL-0795,Via Alessandro Manzoni,,giallo,3,strada urbana senza ciclabile,no,2,no,0,A1,
SS-MIL-0796,Via Alessandro Mazzucotelli,,giallo,3,strada urbana senza ciclabile,no,2,si,0,B2,
SS-MIL-0797,Via Alessandro Milesi,,giallo,3,strada urbana senza ciclabile,no,2,si,0,B2,
SS-MIL-0798,Via Alessandro Paoli,,giallo,3,strada urbana senza ciclabile,no,2,si,0,B2,
SS-MIL-0799,Via Alessandro Pestalozza,,giallo,3,strada urbana senza ciclabile,no,2,si,0,B2,
SS-MIL-0800,Via Alessandro Repetti,,rosso,4,strada secondaria trafficata,no,2,si,0,B2,
SS-MIL-0801,Via Alessandro Sanquirico,,giallo,3,strada urbana senza ciclabile,no,2,si,0,B1,
SS-MIL-0802,Via Alessandro Silva,,giallo,3,strada urbana senza ciclabile,no,2,no,0,B1,
SS-MIL-0803,Via Alessandro Stradella,,giallo,3,strada urbana senza ciclabile,no,2,si,0,B2,
SS-MIL-0804,Via Alessandro Tadino,,giallo,3,strada urbana senza ciclabile,no,2,si,0,B2,
SS-MIL-0805,Via Alessandro Tassoni,,blu,2,accesso limitato (ZTL),no,1,no,0,C2,
SS-MIL-0806,Via Alessandro Visconti d'Aragona,,giallo,3,strada urbana senza ciclabile,no,2,si,0,B2,
SS-MIL-0807,Via Alessandro Volta,,giallo,3,strada urbana senza ciclabile,no,2,no,0,A1,
SS-MIL-0808,Via Alessandro Zanoli,,giallo,3,strada urbana senza ciclabile,no,2,si,0,C2,
SS-MIL-0809,Via Alessio Olivieri,,rosso,4,strada secondaria trafficata,no,2,si,0,B1,
SS-MIL-0810,Via Alessio di Tocqueville,,giallo,3,strada urbana senza ciclabile (2 corsie),no,2,no,0,B2,
SS-MIL-0811,Via Alex Visconti,,giallo,3,strada urbana senza ciclabile,no,2,si,0,C1,
SS-MIL-0812,Via Alexander Fleming,,giallo,3,strada urbana senza ciclabile,no,2,no,0,A1,
SS-MIL-0813,Via Alfonsine,,giallo,3,strada urbana senza ciclabile,no,2,si,0,A2,
SS-MIL-0814,Via Alfonso Capecelatro,,giallo,3,strada urbana senza ciclabile,no,2,si,0,B1,
SS-MIL-0815,Via Alfonso Corti,,giallo,3,strada urbana senza ciclabile (2 corsie),no,2,no,0,B2,
SS-MIL-0816,Via Alfonso Cossa,,giallo,3,strada urbana senza ciclabile,no,2,no,0,B2,
SS-MIL-0817,Via Alfonso Gatto,,giallo,3,strada urbana senza ciclabile,no,2,si,0,B2,
SS-MIL-0818,Via Alfonso Lamarmora,,giallo,3,strada urbana senza ciclabile (2 corsie),no,2,si,0,B2,
SS-MIL-0819,Via Alfredo Albertini,,blu,2,zona pedonale / living street,no,1,no,0,B2,
SS-MIL-0820,Via Alfredo Baccarini,,verde,1,ciclabile presente (da OpenStreetMap),si,2,no,0,C2,
SS-MIL-0821,Via Alfredo Campanini,,giallo,3,strada urbana senza ciclabile,no,2,si,0,B2,
SS-MIL-0822,Via Alfredo Cappellini,,giallo,3,strada urbana senza ciclabile (1 corsie),no,1,si,0,B2,
SS-MIL-0823,Via Alfredo Catalani,,giallo,3,strada urbana senza ciclabile,no,2,no,0,A1,
SS-MIL-0824,Via Alfredo Comandini,,giallo,3,strada urbana senza ciclabile (2 corsie),no,2,no,0,C2,
SS-MIL-0825,Via Alfredo Oriani,,giallo,3,strada urbana senza ciclabile,no,2,si,0,B2,
SS-MIL-0826,Via Alfredo Panzini,,giallo,3,strada urbana senza ciclabile,no,2,si,0,B2,
SS-MIL-0827,Via Alfredo Pizzoni,,giallo,3,strada urbana senza ciclabile,no,2,si,0,C1,
SS-MIL-0828,Via Almerico da Schio,,giallo,3,strada urbana senza ciclabile,no,2,no,0,B1,
SS-MIL-0829,Via Alserio,,giallo,3,strada urbana senza ciclabile (1 corsie),no,1,si,0,C2,
SS-MIL-0830,Via Altaguardia,,giallo,3,strada urbana senza ciclabile,no,2,si,0,B2,
SS-MIL-0831,Via Altino,,giallo,3,strada urbana senza ciclabile,no,2,si,0,B2,
SS-MIL-0832,Via Alvise Cadamosto,,giallo,3,strada urbana senza ciclabile (2 corsie),no,2,no,0,B2,
SS-MIL-0833,Via Alzaia Naviglio Martesana,,verde,1,ciclabile presente (da OpenStreetMap),si,2,no,0,C2,
SS-MIL-0834,Via Alzaia Trento,,verde,1,ciclabile presente (da OpenStreetMap),si,2,no,0,A1,
SS-MIL-0835,Via Alzaia Trieste,,verde,1,ciclabile presente (da OpenStreetMap),si,2,no,0,A1,
SS-MIL-0836,Via Amantea,,giallo,3,strada urbana senza ciclabile,no,2,no,0,B1,
SS-MIL-0837,Via Amatore Antonio Sciesa,,giallo,3,strada urbana senza ciclabile,no,2,si,0,A2,
SS-MIL-0838,Via Amatore Sciesa,,giallo,3,strada urbana senza ciclabile,no,2,si,0,B2,
SS-MIL-0839,Via Ambrogio Alciati,,giallo,3,strada urbana senza ciclabile,no,2,si,0,B1,
SS-MIL-0840,Via Ambrogio Binda,,giallo,3,strada urbana senza ciclabile (2 corsie),no,2,no,0,B1,
SS-MIL-0841,Via Ambrogio Campiglio,,giallo,3,strada urbana senza ciclabile,no,2,si,0,B2,
SS-MIL-0842,Via Ambrogio De Marchi Gherini,,giallo,3,strada urbana senza ciclabile,no,2,si,0,C2,
SS-MIL-0843,Via Ambrogio Figino,,giallo,3,strada urbana senza ciclabile,no,2,si,0,C1,
SS-MIL-0844,Via Ambrogio Portaluppi,,giallo,3,strada urbana senza ciclabile,no,2,no,0,B1,
SS-MIL-0845,Via Ambrogio Spinola,,giallo,3,strada urbana senza ciclabile (1 corsie),no,1,si,0,B1,
SS-MIL-0846,Via Ambrogio Strada,,giallo,3,strada urbana senza ciclabile (1 corsie),no,1,si,0,C2,
SS-MIL-0847,Via Amedei,,giallo,3,strada urbana senza ciclabile,no,2,si,0,B2,
SS-MIL-0848,Via Amedeo Modigliani,,giallo,3,strada urbana senza ciclabile,no,2,no,0,B1,
SS-MIL-0849,Via Amedeo d'Aosta,,giallo,3,strada urbana senza ciclabile,no,2,no,0,B2,
SS-MIL-0850,Via Amendola,,giallo,3,strada urbana senza ciclabile,no,2,no,0,A2,
SS-MIL-0851,Via Amerigo Vespucci,,giallo,3,strada urbana senza ciclabile,no,2,si,0,B1,
SS-MIL-0852,Via Amero Cagnoni,,giallo,3,strada urbana senza ciclabile,no,2,no,0,B1,
SS-MIL-0853,Via Amilcare Bonomi,,giallo,3,strada urbana senza ciclabile (1 corsie),no,1,si,0,C2,
SS-MIL-0854,Via Amilcare Ponchielli,,giallo,3,strada urbana senza ciclabile,no,2,si,0,B2,
SS-MIL-0855,Via Aminto Caretto,,giallo,3,strada urbana senza ciclabile,no,2,si,0,B2,
SS-MIL-0856,Via Ampezzo,,giallo,3,strada urbana senza ciclabile,no,2,si,0,C1,
SS-MIL-0857,Via Ampola,,giallo,3,strada urbana senza ciclabile (2 corsie),no,2,no,0,B2,
SS-MIL-0858,Via Anacreonte,,giallo,3,strada urbana senza ciclabile,no,2,no,0,C2,
SS-MIL-0859,Via Anco Marzio,,giallo,3,strada urbana senza ciclabile (1 corsie),no,1,si,0,B2,
SS-MIL-0860,Via Ancona,,giallo,3,strada urbana senza ciclabile,no,2,si,0,B2,
SS-MIL-0861,Via Andegari,,blu,2,accesso limitato (ZTL),no,1,si,0,B2,
SS-MIL-0862,Via Andora,,giallo,3,strada urbana senza ciclabile,no,2,no,0,B1,
SS-MIL-0863,Via Andre' Marie Ampere,,giallo,3,strada urbana senza ciclabile,no,2,si,0,C2,
SS-MIL-0864,Via Andrea Appiani,,giallo,3,strada urbana senza ciclabile,no,2,no,0,B2,
SS-MIL-0865,Via Andrea Cesalpino,,giallo,3,strada urbana senza ciclabile,no,2,si,0,C2,
SS-MIL-0866,Via Andrea Costa,,giallo,3,strada urbana senza ciclabile,no,2,no,0,A1,
SS-MIL-0867,Via Andrea Del Castagno,,giallo,3,strada urbana senza ciclabile,no,2,si,0,B2,
SS-MIL-0868,Via Andrea Del Sarto,,giallo,3,strada urbana senza ciclabile,no,2,no,0,B2,
SS-MIL-0869,Via Andrea Maffei,,giallo,3,strada urbana senza ciclabile,no,2,si,0,B2,
SS-MIL-0870,Via Andrea Mantegna,,giallo,3,strada urbana senza ciclabile,no,2,no,0,A1,
SS-MIL-0871,Via Andrea Maria Ampere,,giallo,3,strada urbana senza ciclabile,no,2,si,0,B2,
SS-MIL-0872,Via Andrea Maria Ampère,,giallo,3,strada urbana senza ciclabile,no,2,si,0,B2,
SS-MIL-0873,Via Andrea Massena,,giallo,3,strada urbana senza ciclabile (2 corsie),no,2,no,0,B2,
SS-MIL-0874,Via Andrea Orcagna,,giallo,3,strada urbana senza ciclabile (1 corsie),no,1,si,0,B2,
SS-MIL-0875,Via Andrea Palladio,,giallo,3,strada urbana senza ciclabile (2 corsie),no,2,no,0,B2,
SS-MIL-0876,Via Andrea Pellizzone,,giallo,3,strada urbana senza ciclabile (1 corsie),no,1,no,0,B2,
SS-MIL-0877,Via Andrea Ponti,,giallo,3,strada urbana senza ciclabile,no,2,si,0,B1,
SS-MIL-0878,Via Andrea Salaino,,giallo,3,strada urbana senza ciclabile,no,2,si,0,B2,
SS-MIL-0879,Via Andrea Solari,,giallo,3,strada urbana senza ciclabile (1 corsie),no,1,si,0,B1,
SS-MIL-0880,Via Andrea Verga,,giallo,3,strada urbana senza ciclabile,no,2,no,0,B2,
SS-MIL-0881,Via Andrea Verrocchio,,giallo,3,strada urbana senza ciclabile (1 corsie),no,1,si,0,B2,
SS-MIL-0882,Via Andrea e Pietro Cascella,,giallo,3,strada urbana senza ciclabile (2 corsie),no,2,no,0,B2,
SS-MIL-0883,Via Andrej Rublioff,,giallo,3,strada urbana senza ciclabile (2 corsie),no,2,no,0,C2,
SS-MIL-0884,Via André-Marie Ampère,,giallo,3,strada urbana senza ciclabile,no,2,no,0,B1,
SS-MIL-0885,Via Anfiteatro,,giallo,3,strada urbana senza ciclabile,no,2,si,0,B2,
SS-MIL-0886,Via Angelo Airaghi,,giallo,3,strada urbana senza ciclabile,no,2,si,0,C1,
SS-MIL-0887,Via Angelo Belloni,,giallo,3,strada urbana senza ciclabile,no,2,si,0,C2,
SS-MIL-0888,Via Angelo Bisi,,giallo,3,strada urbana senza ciclabile,no,2,no,0,B1,
SS-MIL-0889,Via Angelo Brofferio,,giallo,3,strada urbana senza ciclabile (2 corsie),no,2,si,0,C2,
SS-MIL-0890,Via Angelo Brunetti,,giallo,3,strada urbana senza ciclabile (2 corsie),no,2,no,0,C1,
SS-MIL-0891,Via Angelo De Gasperis,,giallo,3,strada urbana senza ciclabile,no,2,si,0,C2,
SS-MIL-0892,Via Angelo Del Bon,,giallo,3,strada urbana senza ciclabile,no,2,si,0,C2,
SS-MIL-0893,Via Angelo Dubini,,giallo,3,strada urbana senza ciclabile (1 corsie),no,1,si,0,B2,
SS-MIL-0894,Via Angelo Emo,,giallo,3,strada urbana senza ciclabile,no,2,no,0,C2,
SS-MIL-0895,Via Angelo Fava,,giallo,3,strada urbana senza ciclabile,no,2,si,0,C2,
SS-MIL-0896,Via Angelo Frignani,,giallo,3,strada urbana senza ciclabile,no,2,si,0,C2,
SS-MIL-0897,Via Angelo Fumagalli,,giallo,3,strada urbana senza ciclabile,no,2,si,0,B2,
SS-MIL-0898,Via Angelo Inganni,,giallo,3,strada urbana senza ciclabile,no,2,si,0,B1,
SS-MIL-0899,Via Angelo Maj,,giallo,3,strada urbana senza ciclabile,no,2,si,0,B2,
SS-MIL-0900,Via Angelo Masina,,giallo,3,strada urbana senza ciclabile,no,2,si,0,C2,
SS-MIL-0901,Via Angelo Mauri,,giallo,3,strada urbana senza ciclabile,no,2,si,0,B2,
SS-MIL-0902,Via Angelo Menozzi,,giallo,3,strada urbana senza ciclabile (1 corsie),no,1,si,0,C2,
SS-MIL-0903,Via Angelo Michele Grancini,,giallo,3,strada urbana senza ciclabile,no,2,si,0,B2,
SS-MIL-0904,Via Angelo Morbelli,,giallo,3,strada urbana senza ciclabile,no,2,si,0,B1,
SS-MIL-0905,Via Angelo Moro,,giallo,3,strada urbana senza ciclabile (2 corsie),no,2,no,0,A2,
SS-MIL-0906,Via Angelo Mosso,,giallo,3,strada urbana senza ciclabile,no,2,si,0,C2,
SS-MIL-0907,Via Angelo Musco,,giallo,3,strada urbana senza ciclabile (2 corsie),no,2,no,0,C1,
SS-MIL-0908,Via Angelo Rizzoli,,giallo,3,strada urbana senza ciclabile (2 corsie),no,2,no,0,C2,
SS-MIL-0909,Via Angelo Savino,,giallo,3,strada urbana senza ciclabile,no,2,si,0,C2,
SS-MIL-0910,Via Angelo Scarsellini,,giallo,3,strada urbana senza ciclabile,no,2,si,0,C2,
SS-MIL-0911,Via Angelo Secchi,,giallo,3,strada urbana senza ciclabile (1 corsie),no,1,si,0,B2,
SS-MIL-0912,Via Angelo Villa,,giallo,3,strada urbana senza ciclabile (1 corsie),no,1,si,0,C2,
SS-MIL-0913,Via Angelo Zanardini,,giallo,3,strada urbana senza ciclabile,no,2,si,0,C2,
SS-MIL-0914,Via Angelo de Vincenti,,giallo,3,strada urbana senza ciclabile,no,2,no,0,B1,
SS-MIL-0915,Via Angelo della Pergola,,giallo,3,strada urbana senza ciclabile,no,2,si,0,C2,
SS-MIL-0916,Via Angelo e Mario Bettinelli,,giallo,3,strada urbana senza ciclabile (2 corsie),no,2,no,0,B2,
SS-MIL-0917,Via Angiolo Maffucci,,giallo,3,strada urbana senza ciclabile,no,2,si,0,C2,
SS-MIL-0918,Via Aniene,,giallo,3,strada urbana senza ciclabile,no,2,no,0,C1,
SS-MIL-0919,Via Anna Castelli Ferrieri,,blu,2,zona pedonale / living street,no,1,no,0,B2,
SS-MIL-0920,Via Anna Kuliscioff,,giallo,3,strada urbana senza ciclabile,no,2,no,0,A1,
SS-MIL-0921,Via Anna Maria Mozzoni,,giallo,3,strada urbana senza ciclabile,no,2,si,0,B1,
SS-MIL-0922,Via Anna Maria Ortese,,giallo,3,strada urbana senza ciclabile,no,2,si,0,B2,
SS-MIL-0923,Via Annibal Caro,,giallo,3,strada urbana senza ciclabile,no,2,no,0,A1,
SS-MIL-0924,Via Annibale Caretta,,giallo,3,strada urbana senza ciclabile,no,2,si,0,B2,
SS-MIL-0925,Via Annibale Cusi,,giallo,3,strada urbana senza ciclabile,no,2,no,0,B1,
SS-MIL-0926,Via Annibale Grasselli,,giallo,3,strada urbana senza ciclabile,no,2,no,0,B2,
SS-MIL-0927,Via Annunzio Cervi,,giallo,3,strada urbana senza ciclabile,no,2,no,0,C1,
SS-MIL-0928,Via Anselmo Ronchetti,,giallo,3,strada urbana senza ciclabile,no,2,no,0,B2,
SS-MIL-0929,Via Anselmo da Baggio,,giallo,3,strada urbana senza ciclabile,no,2,no,0,B1,
SS-MIL-0930,Via Ansperto,,giallo,3,strada urbana senza ciclabile (1 corsie),no,1,si,0,B2,
SS-MIL-0931,Via Antegnati,,giallo,3,strada urbana senza ciclabile,no,2,si,0,A2,
SS-MIL-0932,Via Antoine Watteau,,giallo,3,strada urbana senza ciclabile,no,2,no,0,C2,
SS-MIL-0933,Via Anton Francesco Grazzini,,giallo,3,strada urbana senza ciclabile,no,2,no,0,C2,
SS-MIL-0934,Via Anton Giulio Barrili,,giallo,3,strada urbana senza ciclabile,no,2,si,0,A2,
SS-MIL-0935,Via Antonello da Messina,,giallo,3,strada urbana senza ciclabile,no,2,si,0,B1,
SS-MIL-0936,Via Antonia Pozzi,,giallo,3,strada urbana senza ciclabile (1 corsie),no,1,si,0,B1,
SS-MIL-0937,Via Antonio Abondi,,giallo,3,strada urbana senza ciclabile,no,2,si,0,A2,
SS-MIL-0938,Via Antonio Aldini,,giallo,3,strada urbana senza ciclabile,no,2,si,0,C1,
SS-MIL-0939,Via Antonio Baldissera,,giallo,3,strada urbana senza ciclabile,no,2,si,0,B2,
SS-MIL-0940,Via Antonio Banfi,,giallo,3,strada urbana senza ciclabile,no,2,no,0,B2,
SS-MIL-0941,Via Antonio Bazzini,,giallo,3,strada urbana senza ciclabile (2 corsie),no,2,si,0,B2,
SS-MIL-0942,Via Antonio Beretta,,giallo,3,strada urbana senza ciclabile (1 corsie),no,1,si,0,B2,
SS-MIL-0943,Via Antonio Berlese,,giallo,3,strada urbana senza ciclabile,no,2,no,0,B2,
SS-MIL-0944,Via Antonio Bezzola,,giallo,3,strada urbana senza ciclabile,no,2,si,0,B1,
SS-MIL-0945,Via Antonio Bianchi,,giallo,3,strada urbana senza ciclabile,no,2,si,0,C1,
SS-MIL-0946,Via Antonio Bordoni,,giallo,3,strada urbana senza ciclabile,no,2,si,0,B2,
SS-MIL-0947,Via Antonio Boselli,,giallo,3,strada urbana senza ciclabile,no,2,no,0,B2,
SS-MIL-0948,Via Antonio Calderoni,,giallo,3,strada urbana senza ciclabile,no,2,no,0,C2,
SS-MIL-0949,Via Antonio Canova,,rosso,4,strada secondaria trafficata (2 corsie),no,2,no,0,A1,
SS-MIL-0950,Via Antonio Carnevali,,giallo,3,strada urbana senza ciclabile,no,2,si,0,C2,
SS-MIL-0951,Via Antonio Cecchi,,giallo,3,strada urbana senza ciclabile,no,2,si,0,B1,
SS-MIL-0952,Via Antonio Cechov,,giallo,3,strada urbana senza ciclabile,no,2,si,0,C1,
SS-MIL-0953,Via Antonio Ceriani,,giallo,3,strada urbana senza ciclabile,no,2,si,0,B1,
SS-MIL-0954,Via Antonio Cesari,,giallo,3,strada urbana senza ciclabile,no,2,si,0,C2,
SS-MIL-0955,Via Antonio Curti,,giallo,3,strada urbana senza ciclabile (1 corsie),no,1,si,0,B2,
SS-MIL-0956,Via Antonio De Curtis,,giallo,3,strada urbana senza ciclabile,no,2,no,0,C2,
SS-MIL-0957,Via Antonio Dossi,,giallo,3,strada urbana senza ciclabile (1 corsie),no,1,si,0,B2,
SS-MIL-0958,Via Antonio Dugnani,,giallo,3,strada urbana senza ciclabile,no,2,no,0,B2,
SS-MIL-0959,Via Antonio Fogazzaro,,giallo,3,strada urbana senza ciclabile,no,2,no,0,A1,
SS-MIL-0960,Via Antonio Genovesi,,giallo,3,strada urbana senza ciclabile,no,2,si,0,C2,
SS-MIL-0961,Via Antonio Ghislanzoni,,giallo,3,strada urbana senza ciclabile (1 corsie),no,1,si,0,C2,
SS-MIL-0962,Via Antonio Giovanola,,giallo,3,strada urbana senza ciclabile (1 corsie),no,1,si,0,A2,
SS-MIL-0963,Via Antonio Gramsci,,giallo,3,strada urbana senza ciclabile,no,2,no,0,A1,
SS-MIL-0964,Via Antonio Grossich,,giallo,3,strada urbana senza ciclabile (2 corsie),no,2,no,0,B2,
SS-MIL-0965,Via Antonio Jorini,,giallo,3,strada urbana senza ciclabile (2 corsie),no,2,no,0,C1,
SS-MIL-0966,Via Antonio Kramer,,giallo,3,strada urbana senza ciclabile,no,2,si,0,B2,
SS-MIL-0967,Via Antonio Lazzati,,giallo,3,strada urbana senza ciclabile (1 corsie),no,1,si,0,B2,
SS-MIL-0968,Via Antonio Lecchi,,giallo,3,strada urbana senza ciclabile,no,2,si,0,B2,
SS-MIL-0969,Via Antonio Locatelli,,giallo,3,strada urbana senza ciclabile (2 corsie),no,2,no,0,B2,
SS-MIL-0970,Via Antonio Maffi,,giallo,3,strada urbana senza ciclabile,no,2,si,0,C2,
SS-MIL-0971,Via Antonio Mambretti,,rosso,4,strada secondaria trafficata,no,2,no,0,C1,
SS-MIL-0972,Via Antonio Martinazzoli,,giallo,3,strada urbana senza ciclabile,no,2,si,0,C2,
SS-MIL-0973,Via Antonio Meucci,,giallo,3,strada urbana senza ciclabile,no,2,si,0,A1,
SS-MIL-0974,Via Antonio Mosca,,giallo,3,strada urbana senza ciclabile,no,2,no,0,B1,
SS-MIL-0975,Via Antonio Oroboni,,giallo,3,strada urbana senza ciclabile,no,2,si,0,C2,
SS-MIL-0976,Via Antonio Pacinotti,,giallo,3,strada urbana senza ciclabile,no,2,no,0,A1,
SS-MIL-0977,Via Antonio Panizzi,,giallo,3,strada urbana senza ciclabile,no,2,si,0,B1,
SS-MIL-0978,Via Antonio Pasinetti,,giallo,3,strada urbana senza ciclabile,no,2,si,0,B2,
SS-MIL-0979,Via Antonio Pianella,,giallo,3,strada urbana senza ciclabile,no,2,si,0,B1,
SS-MIL-0980,Via Antonio Picozzi,,giallo,3,strada urbana senza ciclabile,no,2,no,0,B1,
SS-MIL-0981,Via Antonio Pollaiuolo,,giallo,3,strada urbana senza ciclabile,no,2,si,0,C2,
SS-MIL-0982,Via Antonio Raimondi,,giallo,3,strada urbana senza ciclabile,no,2,si,0,C1,
SS-MIL-0983,Via Antonio Rosmini,,giallo,3,strada urbana senza ciclabile,no,2,si,0,B2,
SS-MIL-0984,Via Antonio Rubino,,giallo,3,strada urbana senza ciclabile (2 corsie),no,2,no,0,B1,
SS-MIL-0985,Via Antonio Sacchini,,giallo,3,strada urbana senza ciclabile,no,2,si,0,B2,
SS-MIL-0986,Via Antonio Salieri,,giallo,3,strada urbana senza ciclabile (2 corsie),no,2,no,0,A1,
SS-MIL-0987,Via Antonio Sant'Elia,,rosso,4,strada secondaria trafficata (1 corsie),no,1,si,0,C1,
SS-MIL-0988,Via Antonio Scarpa,,giallo,3,strada urbana senza ciclabile,no,2,si,0,B2,
SS-MIL-0989,Via Antonio Smareglia,,giallo,3,strada urbana senza ciclabile,no,2,si,0,B2,
SS-MIL-0990,Via Antonio Stoppani,,giallo,3,strada urbana senza ciclabile,no,2,no,0,A1,
SS-MIL-0991,Via Antonio Stradivari,,giallo,3,strada urbana senza ciclabile,no,2,si,0,A1,
SS-MIL-0992,Via Antonio Tantardini,,giallo,3,strada urbana senza ciclabile,no,2,si,0,B2,
SS-MIL-0993,Via Antonio Tanzi,,giallo,3,strada urbana senza ciclabile,no,2,si,0,B2,
SS-MIL-0994,Via Antonio Tolomeo Trivulzio,,giallo,3,strada urbana senza ciclabile,no,2,si,0,B1,
SS-MIL-0995,Via Antonio Vallisneri,,giallo,3,strada urbana senza ciclabile (1 corsie),no,1,si,0,B2,
SS-MIL-0996,Via Antonio Vivaldi,,giallo,3,strada urbana senza ciclabile,no,2,no,0,A1,
SS-MIL-0997,Via Antonio Zarotto,,giallo,3,strada urbana senza ciclabile (1 corsie),no,1,si,0,B2,
SS-MIL-0998,Via Antonio da Recanate,,giallo,3,strada urbana senza ciclabile,no,2,si,0,B2,
SS-MIL-0999,Via Antonio di Rudinì,,giallo,3,strada urbana senza ciclabile,no,2,si,0,A1,
SS-MIL-1000,Via Aosta,,giallo,3,strada urbana senza ciclabile,no,2,si,0,C2,
SS-MIL-1001,Via Apelle,,giallo,3,strada urbana senza ciclabile (1 corsie),no,1,si,0,C2,
SS-MIL-1002,Via Appennini,,giallo,3,strada urbana senza ciclabile,no,2,no,0,C1,
SS-MIL-1003,Via Aquila,,giallo,3,strada urbana senza ciclabile,no,2,no,0,B2,
SS-MIL-1004,Via Aquileia,,giallo,3,strada urbana senza ciclabile,no,2,si,0,C1,
SS-MIL-1005,Via Arbe,,giallo,3,strada urbana senza ciclabile (1 corsie),no,1,si,0,C2,
SS-MIL-1006,Via Arcangelo Corelli,,giallo,3,strada urbana senza ciclabile,no,2,no,0,A1,
SS-MIL-1007,Via Arcangelo Ghisleri,,giallo,3,strada urbana senza ciclabile,no,2,si,0,B2,
SS-MIL-1008,Via Archimede,,giallo,3,strada urbana senza ciclabile,no,2,no,0,A1,
SS-MIL-1009,Via Arcisate,,giallo,3,strada urbana senza ciclabile (2 corsie),no,2,no,0,C1,
SS-MIL-1010,Via Arcivescovo Calabiana,,giallo,3,strada urbana senza ciclabile,no,2,no,0,B2,
SS-MIL-1011,Via Arcivescovo Romilli,,giallo,3,strada urbana senza ciclabile,no,2,si,0,B2,
SS-MIL-1012,Via Arco,,giallo,3,strada urbana senza ciclabile (1 corsie),no,1,si,0,B2,
SS-MIL-1013,Via Arena,,giallo,3,strada urbana senza ciclabile,no,2,si,0,B2,
SS-MIL-1014,Via Arenzano,,giallo,3,strada urbana senza ciclabile,no,2,no,0,B1,
SS-MIL-1015,Via Arezzo,,giallo,3,strada urbana senza ciclabile (2 corsie),no,2,no,0,C2,
SS-MIL-1016,Via Argenta,,giallo,3,strada urbana senza ciclabile,no,2,si,0,C1,
SS-MIL-1017,Via Ariberto,,giallo,3,strada urbana senza ciclabile,no,2,si,0,B2,
SS-MIL-1018,Via Arioli Venegoni,,verde,1,ciclabile presente (da OpenStreetMap),si,2,si,0,B1,
SS-MIL-1019,Via Aristide De Togni,,giallo,3,strada urbana senza ciclabile (1 corsie),no,1,si,0,B2,
SS-MIL-1020,Via Aristotele,,giallo,3,strada urbana senza ciclabile,no,2,no,0,A2,
SS-MIL-1021,Via Aristotile Fioravanti,,giallo,3,strada urbana senza ciclabile (1 corsie),no,1,si,0,B2,
SS-MIL-1022,Via Armando Diaz,,giallo,3,strada urbana senza ciclabile,no,2,no,0,B1,
SS-MIL-1023,Via Armando Picchi,,giallo,3,strada urbana senza ciclabile,no,2,no,0,C1,
SS-MIL-1024,Via Armando Spadini,,giallo,3,strada urbana senza ciclabile,no,2,no,0,C1,
SS-MIL-1025,Via Armorari,,giallo,3,strada urbana senza ciclabile,no,2,si,0,B2,
SS-MIL-1026,Via Arnaldo Badodi,,giallo,3,strada urbana senza ciclabile (1 corsie),no,1,si,0,C2,
SS-MIL-1027,Via Arnaldo Fraccaroli,,giallo,3,strada urbana senza ciclabile (1 corsie),no,1,no,0,B2,
SS-MIL-1028,Via Arnaldo Fusinato,,giallo,3,strada urbana senza ciclabile,no,2,no,0,C1,
SS-MIL-1029,Via Arnaldo Vassallo,,giallo,3,strada urbana senza ciclabile (1 corsie),no,1,si,0,C2,
SS-MIL-1030,Via Arnaldo da Brescia,,giallo,3,strada urbana senza ciclabile (1 corsie),no,1,si,0,C2,
SS-MIL-1031,Via Arno,,giallo,3,strada urbana senza ciclabile,no,2,si,0,A1,
SS-MIL-1032,Via Arnolfo di Cambio,,giallo,3,strada urbana senza ciclabile (1 corsie),no,1,si,0,B2,
SS-MIL-1033,Via Arona,,giallo,3,strada urbana senza ciclabile,no,2,si,0,B1,
SS-MIL-1034,Via Arquà,,giallo,3,strada urbana senza ciclabile,no,2,si,0,C2,
SS-MIL-1035,Via Arrigo Boito,,giallo,3,strada urbana senza ciclabile,no,2,no,0,A1,
SS-MIL-1036,Via Arsia,,giallo,3,strada urbana senza ciclabile,no,2,no,0,C1,
SS-MIL-1037,Via Arturo Carlo Jemolo,,giallo,3,strada urbana senza ciclabile (2 corsie),no,2,no,0,B1,
SS-MIL-1038,Via Arturo Colautti,,giallo,3,strada urbana senza ciclabile,no,2,si,0,C2,
SS-MIL-1039,Via Arturo Danusso,,giallo,3,strada urbana senza ciclabile,no,2,no,0,A1,
SS-MIL-1040,Via Arturo Ferrarin,,giallo,3,strada urbana senza ciclabile,no,2,si,0,C1,
SS-MIL-1041,Via Arturo Graf,,giallo,3,strada urbana senza ciclabile,no,2,no,0,C1,
SS-MIL-1042,Via Arturo Labriola,,giallo,3,strada urbana senza ciclabile,no,2,no,0,A1,
SS-MIL-1043,Via Arturo Toscanini,,giallo,3,strada urbana senza ciclabile,no,2,no,0,A1,
SS-MIL-1044,Via Arturo Tosi,,giallo,3,strada urbana senza ciclabile,no,2,no,0,B2,
SS-MIL-1045,Via Arzaga,,giallo,3,strada urbana senza ciclabile,no,2,no,0,B1,
SS-MIL-1046,Via Ascanio Sforza,,rosso,4,strada principale trafficata (2 corsie),no,2,no,0,B2,
SS-MIL-1047,Via Asiago,,giallo,3,strada urbana senza ciclabile,no,2,no,0,A1,
SS-MIL-1048,Via Asilo,,giallo,3,strada urbana senza ciclabile (1 corsie),no,1,si,0,C1,
SS-MIL-1049,Via Asmara,,giallo,3,strada urbana senza ciclabile,no,2,no,0,C2,
SS-MIL-1050,Via Aspromonte,,giallo,3,strada urbana senza ciclabile,no,2,no,0,A1,
SS-MIL-1051,Via Assiano,,giallo,3,strada urbana senza ciclabile,no,2,no,0,B1,
SS-MIL-1052,Via Assietta,,giallo,3,strada urbana senza ciclabile,no,2,no,0,C1,
SS-MIL-1053,Via Asti,,giallo,3,strada urbana senza ciclabile,no,2,no,0,C2,
SS-MIL-1054,Via Astico,,giallo,3,strada urbana senza ciclabile,no,2,si,0,C2,
SS-MIL-1055,Via Astolfo,,giallo,3,strada urbana senza ciclabile (1 corsie),no,1,si,0,B2,
SS-MIL-1056,Via Asturie,,giallo,3,strada urbana senza ciclabile,no,2,si,0,C2,
SS-MIL-1057,Via Aterno,,giallo,3,strada urbana senza ciclabile,no,2,no,0,B1,
SS-MIL-1058,Via Attilia Rivolta,,giallo,3,strada urbana senza ciclabile,no,2,no,0,C2,
SS-MIL-1059,Via Attilio Cassoni,,giallo,3,strada urbana senza ciclabile,no,2,no,0,A2,
SS-MIL-1060,Via Attilio Deffenu,,giallo,3,strada urbana senza ciclabile,no,2,si,0,B2,
SS-MIL-1061,Via Attilio Momigliano,,giallo,3,strada urbana senza ciclabile,no,2,no,0,A2,
SS-MIL-1062,Via Attilio Regolo,,verde,1,ciclabile presente (da OpenStreetMap),si,2,si,0,B2,
SS-MIL-1063,Via Atto Vannucci,,giallo,3,strada urbana senza ciclabile,no,2,si,0,B2,
SS-MIL-1064,Via Augusto Anfossi,,giallo,3,strada urbana senza ciclabile,no,2,si,0,B2,
SS-MIL-1065,Via Augusto Murri,,giallo,3,strada urbana senza ciclabile,no,2,no,0,B1,
SS-MIL-1066,Via Augusto Osimo,,giallo,3,strada urbana senza ciclabile,no,2,si,0,A2,
SS-MIL-1067,Via Augusto Righi,,giallo,3,strada urbana senza ciclabile (1 corsie),no,1,si,0,B2,
SS-MIL-1068,Via Augusto Stucchi,,giallo,3,strada urbana senza ciclabile (1 corsie),no,1,si,0,A2,
SS-MIL-1069,Via Augusto Vanzetti,,giallo,3,strada urbana senza ciclabile (1 corsie),no,1,si,0,B2,
SS-MIL-1070,Via Aurelio Nicolodi,,giallo,3,strada urbana senza ciclabile (2 corsie),no,2,no,0,C2,
SS-MIL-1071,Via Aurelio Saffi,,giallo,3,strada urbana senza ciclabile,no,2,si,0,B2,
SS-MIL-1072,Via Auronzo,,giallo,3,strada urbana senza ciclabile,no,2,si,0,B1,
SS-MIL-1073,Via Ausonio,,giallo,3,strada urbana senza ciclabile (1 corsie),no,1,si,0,B2,
SS-MIL-1074,Via Ausonio Zubiani,,giallo,3,strada urbana senza ciclabile (2 corsie),no,2,no,0,C2,
SS-MIL-1075,Via Avancinio Avancini,,giallo,3,strada urbana senza ciclabile,no,2,si,0,A2,
SS-MIL-1076,Via Averardo Buschi,,giallo,3,strada urbana senza ciclabile (1 corsie),no,1,si,0,B2,
SS-MIL-1077,Via Azzo Carbonera,,giallo,3,strada urbana senza ciclabile (2 corsie),no,2,no,0,B2,
SS-MIL-1078,Via Azzurri d'Italia,,giallo,3,strada urbana senza ciclabile (2 corsie),no,2,no,0,B2,
SS-MIL-1079,Via Bacone,,giallo,3,strada urbana senza ciclabile,no,2,no,0,B1,
SS-MIL-1080,Via Baggio,,giallo,3,strada urbana senza ciclabile (1 corsie),no,1,si,0,B1,
SS-MIL-1081,Via Bagnera,,giallo,3,strada urbana senza ciclabile,no,2,si,0,B2,
SS-MIL-1082,Via Bagnolo Sorigherio,,giallo,3,strada urbana senza ciclabile,no,2,si,0,A2,
SS-MIL-1083,Via Bagutta,,giallo,3,strada urbana senza ciclabile (1 corsie),no,1,si,0,B2,
SS-MIL-1084,Via Baguttino,,giallo,3,strada urbana senza ciclabile (1 corsie),no,1,si,0,B2,
SS-MIL-1085,Via Bainsizza,,giallo,3,strada urbana senza ciclabile (1 corsie),no,1,si,0,B2,
SS-MIL-1086,Via Baldassare Oltrocchi,,giallo,3,strada urbana senza ciclabile,no,2,no,0,B2,
SS-MIL-1087,Via Baldo degli Ubaldi,,giallo,3,strada urbana senza ciclabile,no,2,si,0,C1,
SS-MIL-1088,Via Balduccio Da Pisa,,giallo,3,strada urbana senza ciclabile,no,2,si,0,B2,
SS-MIL-1089,Via Balilla,,giallo,3,strada urbana senza ciclabile,no,2,si,0,B2,
SS-MIL-1090,Via Balossa,,giallo,3,strada urbana senza ciclabile (2 corsie),no,2,no,0,C1,
SS-MIL-1091,Via Bambaia,,giallo,3,strada urbana senza ciclabile (1 corsie),no,1,si,0,C2,
SS-MIL-1092,Via Baranzate,,giallo,3,strada urbana senza ciclabile (2 corsie),no,2,no,0,C1,
SS-MIL-1093,Via Barbavara,,giallo,3,strada urbana senza ciclabile,no,2,si,0,B2,
SS-MIL-1094,Via Bardolino,,giallo,3,strada urbana senza ciclabile,no,2,no,0,A1,
SS-MIL-1095,Via Bari,,giallo,3,strada urbana senza ciclabile,no,2,si,0,B1,
SS-MIL-1096,Via Barletta,,giallo,3,strada urbana senza ciclabile,no,2,no,0,B2,
SS-MIL-1097,Via Barnaba Oriani,,giallo,3,strada urbana senza ciclabile,no,2,si,0,C1,
SS-MIL-1098,Via Barni,,giallo,3,strada urbana senza ciclabile,no,2,no,0,B1,
SS-MIL-1099,Via Barona,,verde,1,ciclabile presente (da OpenStreetMap),si,2,si,0,A1,
SS-MIL-1100,Via Bartolomeo Cabella,,giallo,3,strada urbana senza ciclabile,no,2,no,0,B1,
SS-MIL-1101,Via Bartolomeo Colleoni,,giallo,3,strada urbana senza ciclabile,no,2,no,0,B1,
SS-MIL-1102,Via Bartolomeo Eustachi,,giallo,3,strada urbana senza ciclabile,no,2,no,0,B2,
SS-MIL-1103,Via Bartolomeo Giuliano,,giallo,3,strada urbana senza ciclabile (1 corsie),no,1,si,0,B2,
SS-MIL-1104,Via Bartolomeo Panizza,,giallo,3,strada urbana senza ciclabile,no,2,si,0,B2,
SS-MIL-1105,Via Bartolomeo Sestini,,giallo,3,strada urbana senza ciclabile,no,2,si,0,C2,
SS-MIL-1106,Via Bartolomeo d'Alviano,,rosso,4,strada secondaria trafficata,no,2,si,0,B1,
SS-MIL-1107,Via Basilea,,rosso,4,strada secondaria trafficata,no,2,si,0,B1,
SS-MIL-1108,Via Basilicata,,giallo,3,strada urbana senza ciclabile,no,2,no,0,A2,
SS-MIL-1109,Via Bassano Porrone,,giallo,3,strada urbana senza ciclabile,no,2,si,0,B2,
SS-MIL-1110,Via Bazzana Inferiore,,giallo,3,strada urbana senza ciclabile (2 corsie),no,2,si,0,A1,
SS-MIL-1111,Via Bazzana inferiore,,giallo,3,strada urbana senza ciclabile (2 corsie),no,2,no,0,A1,
SS-MIL-1112,Via Beato Angelico,,giallo,3,strada urbana senza ciclabile (2 corsie),no,2,no,0,B2,
SS-MIL-1113,Via Beato Michele da Carcano,,giallo,3,strada urbana senza ciclabile,no,2,si,0,B1,
SS-MIL-1114,Via Beato Padre Pio da Pietrelcina,,giallo,3,strada urbana senza ciclabile,no,2,no,0,A2,
SS-MIL-1115,Via Beccaria,,giallo,3,strada urbana senza ciclabile,no,2,no,0,C2,
SS-MIL-1116,Via Beldiletto,,giallo,3,strada urbana senza ciclabile,no,2,no,0,B2,
SS-MIL-1117,Via Belfiore,,giallo,3,strada urbana senza ciclabile,no,2,si,0,B1,
SS-MIL-1118,Via Belgio,,giallo,3,strada urbana senza ciclabile,no,2,si,0,C2,
SS-MIL-1119,Via Bellagio,,giallo,3,strada urbana senza ciclabile,no,2,no,0,C2,
SS-MIL-1120,Via Belluno,,giallo,3,strada urbana senza ciclabile,no,2,si,0,C2,
SS-MIL-1121,Via Belvedere,,giallo,3,strada urbana senza ciclabile,no,2,si,0,C1,
SS-MIL-1122,Via Benaco,,giallo,3,strada urbana senza ciclabile,no,2,si,0,A2,
SS-MIL-1123,Via Benadir,,giallo,3,strada urbana senza ciclabile,no,2,si,0,C2,
SS-MIL-1124,Via Benedetto Brin,,blu,2,accesso limitato (ZTL),no,2,no,0,B1,
SS-MIL-1125,Via Benedetto Cacciatori,,giallo,3,strada urbana senza ciclabile,no,2,no,0,B1,
SS-MIL-1126,Via Benedetto Croce,,giallo,3,strada urbana senza ciclabile,no,2,no,0,A1,
SS-MIL-1127,Via Benedetto Diotti,,giallo,3,strada urbana senza ciclabile,no,2,si,0,B1,
SS-MIL-1128,Via Benedetto Marcello,,giallo,3,strada urbana senza ciclabile,no,2,si,0,B2,
SS-MIL-1129,Via Benedetto Menzini,,giallo,3,strada urbana senza ciclabile,no,2,no,0,B1,
SS-MIL-1130,Via Benedetto Spinoza,,giallo,3,strada urbana senza ciclabile (2 corsie),no,2,no,0,B2,
SS-MIL-1131,Via Benedetto Varchi,,giallo,3,strada urbana senza ciclabile (2 corsie),no,2,no,0,C2,
SS-MIL-1132,Via Benefattori dell'Ospedale,,rosso,4,strada secondaria trafficata (2 corsie),no,2,no,0,C2,
SS-MIL-1133,Via Benefica,,giallo,3,strada urbana senza ciclabile (1 corsie),no,1,si,0,C1,
SS-MIL-1134,Via Benevento,,giallo,3,strada urbana senza ciclabile,no,2,si,0,B1,
SS-MIL-1135,Via Bengasi,,giallo,3,strada urbana senza ciclabile,no,2,si,0,C2,
SS-MIL-1136,Via Beniamino Gigli,,giallo,3,strada urbana senza ciclabile,no,2,no,0,A1,
SS-MIL-1137,Via Benigno Crespi,,giallo,3,strada urbana senza ciclabile (2 corsie),no,2,no,0,C2,
SS-MIL-1138,Via Benjamin Constant,,giallo,3,strada urbana senza ciclabile,no,2,no,0,B1,
SS-MIL-1139,Via Benjamin Franklin,,giallo,3,strada urbana senza ciclabile,no,2,no,0,B2,
SS-MIL-1140,Via Benozzo Gozzoli,,giallo,3,strada urbana senza ciclabile,no,2,no,0,B1,
SS-MIL-1141,Via Benvenuto Cellini,,giallo,3,strada urbana senza ciclabile,no,2,no,0,A1,
SS-MIL-1142,Via Benvenuto Garofalo,,giallo,3,strada urbana senza ciclabile (1 corsie),no,1,si,0,B2,
SS-MIL-1143,Via Bergamina,,giallo,3,strada urbana senza ciclabile,no,2,si,0,C1,
SS-MIL-1144,Via Bergamini,,blu,2,zona pedonale / living street,no,1,no,0,B2,
SS-MIL-1145,Via Bergamo,,giallo,3,strada urbana senza ciclabile,no,2,si,0,A1,
SS-MIL-1146,Via Bergognone Da Fossano,,giallo,3,strada urbana senza ciclabile,no,2,si,0,B2,
SS-MIL-1147,Via Berna,,rosso,4,strada secondaria trafficata,no,2,si,0,B1,
SS-MIL-1148,Via Bernardino Bellincione,,giallo,3,strada urbana senza ciclabile,no,2,si,0,B2,
SS-MIL-1149,Via Bernardino Biondelli,,giallo,3,strada urbana senza ciclabile,no,2,no,0,B2,
SS-MIL-1150,Via Bernardino Corio,,giallo,3,strada urbana senza ciclabile (1 corsie),no,1,no,0,B2,
SS-MIL-1151,Via Bernardino Da Novate,,giallo,3,strada urbana senza ciclabile (1 corsie),no,1,si,0,C1,
SS-MIL-1152,Via Bernardino De Conti,,giallo,3,strada urbana senza ciclabile,no,2,si,0,C2,
SS-MIL-1153,Via Bernardino Galliari,,giallo,3,strada urbana senza ciclabile,no,2,si,0,C1,
SS-MIL-1154,Via Bernardino Ghiringhelli,,giallo,3,strada urbana senza ciclabile,no,2,si,0,B1,
SS-MIL-1155,Via Bernardino Lanino,,giallo,3,strada urbana senza ciclabile (2 corsie),no,2,si,0,B2,
SS-MIL-1156,Via Bernardino Luini,,giallo,3,strada urbana senza ciclabile,no,2,si,0,B2,
SS-MIL-1157,Via Bernardino Ramazzini,,giallo,3,strada urbana senza ciclabile (2 corsie),no,2,no,0,B2,
SS-MIL-1158,Via Bernardino Telesio,,giallo,3,strada urbana senza ciclabile,no,2,no,0,B2,
SS-MIL-1159,Via Bernardino Verro,,giallo,3,strada urbana senza ciclabile,no,2,si,0,B2,
SS-MIL-1160,Via Bernardino Zenale,,giallo,3,strada urbana senza ciclabile (1 corsie),no,1,si,0,B2,
SS-MIL-1161,Via Bernardino da Novate,,giallo,3,strada urbana senza ciclabile,no,2,si,0,C2,
SS-MIL-1162,Via Bernardo Celentano,,giallo,3,strada urbana senza ciclabile,no,2,si,0,C2,
SS-MIL-1163,Via Bernardo Daddi,,giallo,3,strada urbana senza ciclabile,no,2,no,0,B1,
SS-MIL-1164,Via Bernardo Davanzati,,giallo,3,strada urbana senza ciclabile (1 corsie),no,1,si,0,C2,
SS-MIL-1165,Via Bernardo Quaranta,,rosso,4,strada secondaria trafficata,no,2,no,0,B2,
SS-MIL-1166,Via Bernardo Rucellai,,giallo,3,strada urbana senza ciclabile (1 corsie),no,1,si,0,C2,
SS-MIL-1167,Via Bernardo Ugo Secondo,,giallo,3,strada urbana senza ciclabile (1 corsie),no,1,si,0,B2,
SS-MIL-1168,Via Bernardo Zamagna,,giallo,3,strada urbana senza ciclabile,no,2,no,0,B1,
SS-MIL-1169,Via Bernardo da Canal,,giallo,3,strada urbana senza ciclabile,no,2,no,0,C2,
SS-MIL-1170,Via Bernina,,giallo,3,strada urbana senza ciclabile (1 corsie),no,1,si,0,C2,
SS-MIL-1171,Via Beroldo,,blu,2,zona pedonale / living street,no,1,si,0,C2,
SS-MIL-1172,Via Bersaglio,,giallo,3,strada urbana senza ciclabile (2 corsie),no,2,no,0,C1,
SS-MIL-1173,Via Bertola da Novate,,verde,1,ciclabile presente (da OpenStreetMap),si,2,si,0,C1,
SS-MIL-1174,Via Bessarione,,giallo,3,strada urbana senza ciclabile,no,2,si,0,B2,
SS-MIL-1175,Via Bettino Ricasoli,,blu,2,accesso limitato (ZTL),no,1,no,0,B2,
SS-MIL-1176,Via Bezzecca,,giallo,3,strada urbana senza ciclabile,no,2,no,0,A2,
SS-MIL-1177,Via Bianca Ceva,,giallo,3,strada urbana senza ciclabile (1 corsie),no,1,si,0,B1,
SS-MIL-1178,Via Bianca Milesi,,giallo,3,strada urbana senza ciclabile,no,2,si,0,B1,
SS-MIL-1179,Via Bianca di Savoia,,giallo,3,strada urbana senza ciclabile (2 corsie),no,2,no,0,B2,
SS-MIL-1180,Via Bicocca degli Arcimboldi,,giallo,3,strada urbana senza ciclabile,no,2,si,0,C2,
SS-MIL-1181,Via Biella,,giallo,3,strada urbana senza ciclabile (2 corsie),no,2,no,0,B1,
SS-MIL-1182,Via Bigli,,giallo,3,strada urbana senza ciclabile (1 corsie),no,1,si,0,B2,
SS-MIL-1183,Via Bilbao,,giallo,3,strada urbana senza ciclabile,no,2,no,0,C2,
SS-MIL-1184,Via Bir Acheim,,giallo,3,strada urbana senza ciclabile (2 corsie),no,2,no,0,C1,
SS-MIL-1185,Via Bisceglie,,rosso,4,strada secondaria trafficata,no,2,si,0,B1,
SS-MIL-1186,Via Bissone,,giallo,3,strada urbana senza ciclabile,no,2,no,0,C1,
SS-MIL-1187,Via Bocchetto,,giallo,3,strada urbana senza ciclabile (1 corsie),no,1,si,0,B2,
SS-MIL-1188,Via Boffalora,,giallo,3,strada urbana senza ciclabile,no,2,si,0,A2,
SS-MIL-1189,Via Bolama,,giallo,3,strada urbana senza ciclabile (1 corsie),no,1,si,0,C2,
SS-MIL-1190,Via Bolla,,giallo,3,strada urbana senza ciclabile,no,2,si,0,C1,
SS-MIL-1191,Via Bollate,,giallo,3,strada urbana senza ciclabile (2 corsie),no,2,no,0,C1,
SS-MIL-1192,Via Bologna,,giallo,3,strada urbana senza ciclabile,no,2,no,0,A1,
SS-MIL-1193,Via Bolsena,,giallo,3,strada urbana senza ciclabile,no,2,si,0,A2,
SS-MIL-1194,Via Bolzano,,giallo,3,strada urbana senza ciclabile,no,2,si,0,C2,
SS-MIL-1195,Via Bonaventura Broggini,,giallo,3,strada urbana senza ciclabile,no,2,no,0,B1,
SS-MIL-1196,Via Bonaventura Cavalieri,,giallo,3,strada urbana senza ciclabile (1 corsie),no,1,si,0,B2,
SS-MIL-1197,Via Bonaventura Zumbini,,giallo,3,strada urbana senza ciclabile,no,2,no,0,B1,
SS-MIL-1198,Via Bonvesin de la Riva,,giallo,3,strada urbana senza ciclabile,no,2,si,0,B2,
SS-MIL-1199,Via Bordighera,,giallo,3,strada urbana senza ciclabile,no,2,si,0,B2,
SS-MIL-1200,Via Bordolano,,giallo,3,strada urbana senza ciclabile (2 corsie),no,2,no,0,A2,
SS-MIL-1201,Via Borghetto,,giallo,3,strada urbana senza ciclabile,no,2,si,0,B2,
SS-MIL-1202,Via Borgo Morsenchino,,giallo,3,strada urbana senza ciclabile,no,2,no,0,B2,
SS-MIL-1203,Via Borgogna,,giallo,3,strada urbana senza ciclabile (2 corsie),no,2,no,0,B2,
SS-MIL-1204,Via Borgonuovo,,giallo,3,strada urbana senza ciclabile,no,2,si,0,B2,
SS-MIL-1205,Via Borgospesso,,giallo,3,strada urbana senza ciclabile,no,2,si,0,B2,
SS-MIL-1206,Via Borioli,,giallo,3,strada urbana senza ciclabile,no,2,no,0,C2,
SS-MIL-1207,Via Bormida,,giallo,3,strada urbana senza ciclabile,no,2,no,0,C1,
SS-MIL-1208,Via Bormio,,rosso,4,strada secondaria trafficata (2 corsie),no,2,no,0,C2,
SS-MIL-1209,Via Borromei,,giallo,3,strada urbana senza ciclabile (1 corsie),no,1,si,0,B2,
SS-MIL-1210,Via Borsellino,,giallo,3,strada urbana senza ciclabile,no,2,no,0,A2,
SS-MIL-1211,Via Boscaini,,giallo,3,strada urbana senza ciclabile,no,2,no,0,C1,
SS-MIL-1212,Via Boschetti,,giallo,3,strada urbana senza ciclabile,no,2,si,0,B2,
SS-MIL-1213,Via Boschetto,,giallo,3,strada urbana senza ciclabile,no,2,no,0,A1,
SS-MIL-1214,Via Boschi - Di Stefano,,giallo,3,strada urbana senza ciclabile (1 corsie),no,1,si,0,C2,
SS-MIL-1215,Via Boves,,giallo,3,strada urbana senza ciclabile (1 corsie),no,1,si,0,C2,
SS-MIL-1216,Via Bovisasca,,giallo,3,strada urbana senza ciclabile,no,2,no,0,C1,
SS-MIL-1217,Via Bracciano,,giallo,3,strada urbana senza ciclabile,no,2,si,0,A2,
SS-MIL-1218,Via Braccio da Montone,,giallo,3,strada urbana senza ciclabile (1 corsie),no,1,no,0,B2,
SS-MIL-1219,Via Bramante,,giallo,3,strada urbana senza ciclabile,no,2,si,0,A1,
SS-MIL-1220,Via Bramantino,,giallo,3,strada urbana senza ciclabile,no,2,si,0,C1,
SS-MIL-1221,Via Breguzzo,,giallo,3,strada urbana senza ciclabile,no,2,no,0,C1,
SS-MIL-1222,Via Brembo,,giallo,3,strada urbana senza ciclabile,no,2,si,0,B2,
SS-MIL-1223,Via Brennero,,giallo,3,strada urbana senza ciclabile (1 corsie),no,1,si,0,B2,
SS-MIL-1224,Via Breno,,giallo,3,strada urbana senza ciclabile,no,2,no,0,B2,
SS-MIL-1225,Via Brenta,,giallo,3,strada urbana senza ciclabile,no,2,no,0,A2,
SS-MIL-1226,Via Brentonico,,giallo,3,strada urbana senza ciclabile,no,2,no,0,B1,
SS-MIL-1227,Via Brera,,verde,1,ciclabile presente (da OpenStreetMap),si,2,si,0,B2,
SS-MIL-1228,Via Brescia,,giallo,3,strada urbana senza ciclabile,no,2,si,0,A1,
SS-MIL-1229,Via Bressanone,,giallo,3,strada urbana senza ciclabile,no,2,no,0,C1,
SS-MIL-1230,Via Bresso,,giallo,3,strada urbana senza ciclabile,no,2,si,0,C2,
SS-MIL-1231,Via Brianza,,giallo,3,strada urbana senza ciclabile,no,2,no,0,A2,
SS-MIL-1232,Via Brisa,,giallo,3,strada urbana senza ciclabile,no,2,si,0,B2,
SS-MIL-1233,Via Brivio,,giallo,3,strada urbana senza ciclabile,no,2,si,0,C1,
SS-MIL-1234,Via Broletto,,giallo,3,strada urbana senza ciclabile,no,2,no,0,B2,
SS-MIL-1235,Via Broni,,giallo,3,strada urbana senza ciclabile,no,2,si,0,B2,
SS-MIL-1236,Via Bronzino,,giallo,3,strada urbana senza ciclabile (1 corsie),no,1,si,0,B2,
SS-MIL-1237,Via Brunelleschi,,giallo,3,strada urbana senza ciclabile,no,2,no,0,A2,
SS-MIL-1238,Via Brunetto Latini,,giallo,3,strada urbana senza ciclabile,no,2,no,0,C1,
SS-MIL-1239,Via Brunico,,giallo,3,strada urbana senza ciclabile (1 corsie),no,1,si,0,C2,
SS-MIL-1240,Via Bruno Buozzi,,giallo,3,strada urbana senza ciclabile,no,2,si,0,A1,
SS-MIL-1241,Via Bruno Cassinari,,blu,2,zona pedonale / living street,no,1,no,0,B2,
SS-MIL-1242,Via Bruno Cesana,,rosso,4,strada secondaria trafficata (5 corsie),no,5,si,0,C2,
SS-MIL-1243,Via Bruno Maderna,,giallo,3,strada urbana senza ciclabile,no,2,si,0,B2,
SS-MIL-1244,Via Brusuglio,,giallo,3,strada urbana senza ciclabile,no,2,si,0,C2,
SS-MIL-1245,Via Bruxelles,,giallo,3,strada urbana senza ciclabile,no,2,no,0,A2,
SS-MIL-1246,Via Bucci,,giallo,3,strada urbana senza ciclabile,no,2,no,0,A1,
SS-MIL-1247,Via Buccinasco,,rosso,4,strada secondaria trafficata,no,2,si,0,B1,
SS-MIL-1248,Via Budrio,,giallo,3,strada urbana senza ciclabile,no,2,si,0,B1,
SS-MIL-1249,Via Budua,,giallo,3,strada urbana senza ciclabile (1 corsie),no,1,si,0,C2,
SS-MIL-1250,Via Bugatto Zanetto,,giallo,3,strada urbana senza ciclabile,no,2,no,0,A2,
SS-MIL-1251,Via Bullona,,giallo,3,strada urbana senza ciclabile,no,2,si,0,B2,
SS-MIL-1252,Via Buon Gesù,,giallo,3,strada urbana senza ciclabile (1 corsie),no,1,si,0,C1,
SS-MIL-1253,Via Busseto,,giallo,3,strada urbana senza ciclabile,no,2,si,0,A2,
SS-MIL-1254,Via Busto Arsizio,,giallo,3,strada urbana senza ciclabile,no,2,si,0,C1,
SS-MIL-1255,Via Caccialepori,,giallo,3,strada urbana senza ciclabile,no,2,si,0,B1,
SS-MIL-1256,Via Cacciatori delle Alpi,,giallo,3,strada urbana senza ciclabile,no,2,si,0,B1,
SS-MIL-1257,Via Cadibona,,giallo,3,strada urbana senza ciclabile,no,2,no,0,B2,
SS-MIL-1258,Via Cadore,,giallo,3,strada urbana senza ciclabile,no,2,no,0,A2,
SS-MIL-1259,Via Caduti del Lavoro,,giallo,3,strada urbana senza ciclabile,no,2,si,0,C2,
SS-MIL-1260,Via Caduti di Marcinelle,,giallo,3,strada urbana senza ciclabile,no,2,no,0,B2,
SS-MIL-1261,Via Caduti di Nassiriya,,giallo,3,strada urbana senza ciclabile,no,2,no,0,A2,
SS-MIL-1262,Via Caduti in Missione di Pace,,giallo,3,strada urbana senza ciclabile,no,2,si,0,B2,
SS-MIL-1263,Via Caianello,,giallo,3,strada urbana senza ciclabile (1 corsie),no,1,si,0,C2,
SS-MIL-1264,Via Caio Mario,,giallo,3,strada urbana senza ciclabile,no,2,si,0,B1,
SS-MIL-1265,Via Caio Mario Cattabeni,,giallo,3,strada urbana senza ciclabile,no,2,no,0,A2,
SS-MIL-1266,Via Calabria,,giallo,3,strada urbana senza ciclabile,no,2,no,0,A2,
SS-MIL-1267,Via Calatafimi,,giallo,3,strada urbana senza ciclabile,no,2,si,0,A1,
SS-MIL-1268,Via Caldera,,giallo,3,strada urbana senza ciclabile,no,2,no,0,B1,
SS-MIL-1269,Via California,,giallo,3,strada urbana senza ciclabile,no,2,si,0,B2,
SS-MIL-1270,Via Calisto da Lodi,,giallo,3,strada urbana senza ciclabile,no,2,si,0,C1,
SS-MIL-1271,Via Caltagirone,,giallo,3,strada urbana senza ciclabile,no,2,si,0,C2,
SS-MIL-1272,Via Calvairate,,giallo,3,strada urbana senza ciclabile,no,2,si,0,B2,
SS-MIL-1273,Via Camaldoli,,giallo,3,strada urbana senza ciclabile,no,2,no,0,B2,
SS-MIL-1274,Via Camerino,,giallo,3,strada urbana senza ciclabile,no,2,si,0,C2,
SS-MIL-1275,Via Camillo Benso Conte di Cavour,,verde,1,ciclabile presente (da OpenStreetMap),si,2,no,0,A1,
SS-MIL-1276,Via Camillo Benso di Cavour,,giallo,3,strada urbana senza ciclabile,no,2,si,0,C1,
SS-MIL-1277,Via Camillo Colombi,,blu,2,accesso limitato (ZTL),no,1,no,0,C2,
SS-MIL-1278,Via Camillo Finocchiaro Aprile,,giallo,3,strada urbana senza ciclabile (2 corsie),no,2,no,0,B2,
SS-MIL-1279,Via Camillo Giussani,,giallo,3,strada urbana senza ciclabile,no,2,no,0,B1,
SS-MIL-1280,Via Camillo Golgi,,giallo,3,strada urbana senza ciclabile (2 corsie),no,2,no,0,B2,
SS-MIL-1281,Via Camillo Hajech,,giallo,3,strada urbana senza ciclabile,no,2,si,0,B2,
SS-MIL-1282,Via Camillo Prampolini,,giallo,3,strada urbana senza ciclabile (1 corsie),no,1,si,0,C1,
SS-MIL-1283,Via Camillo Sbarbaro,,giallo,3,strada urbana senza ciclabile,no,2,si,0,C2,
SS-MIL-1284,Via Camillo Ugoni,,giallo,3,strada urbana senza ciclabile,no,2,no,0,C2,
SS-MIL-1285,Via Camillo e Otto Cima,,giallo,3,strada urbana senza ciclabile,no,2,no,0,B2,
SS-MIL-1286,Via Caminadella,,giallo,3,strada urbana senza ciclabile,no,2,si,0,B2,
SS-MIL-1287,Via Campania,,giallo,3,strada urbana senza ciclabile,no,2,no,0,A2,
SS-MIL-1288,Via Campazzino,,giallo,3,strada urbana senza ciclabile,no,2,no,0,A2,
SS-MIL-1289,Via Campestre,,giallo,3,strada urbana senza ciclabile,no,2,si,0,C2,
SS-MIL-1290,Via Campo Lodigiano,,blu,2,accesso limitato (ZTL),no,1,no,0,B2,
SS-MIL-1291,Via Campo dei Fiori,,giallo,3,strada urbana senza ciclabile,no,2,si,0,C1,
SS-MIL-1292,Via Camporgnago,,giallo,3,strada urbana senza ciclabile,no,2,no,0,A2,
SS-MIL-1293,Via Canaletto,,giallo,3,strada urbana senza ciclabile (2 corsie),no,2,no,0,B2,
SS-MIL-1294,Via Candoglia,,giallo,3,strada urbana senza ciclabile,no,2,si,0,C2,
SS-MIL-1295,Via Canelli,,giallo,3,strada urbana senza ciclabile,no,2,si,0,C2,
SS-MIL-1296,Via Cannero,,giallo,3,strada urbana senza ciclabile (2 corsie),no,2,no,0,C2,
SS-MIL-1297,Via Cantello,,giallo,3,strada urbana senza ciclabile,no,2,si,0,B1,
SS-MIL-1298,Via Cantù,,giallo,3,strada urbana senza ciclabile,no,2,si,0,A1,
SS-MIL-1299,Via Capannina,,giallo,3,strada urbana senza ciclabile,no,2,si,0,A1,
SS-MIL-1300,Via Capo Palinuro,,giallo,3,strada urbana senza ciclabile,no,2,no,0,B1,
SS-MIL-1301,Via Caposile,,giallo,3,strada urbana senza ciclabile,no,2,si,0,B2,
SS-MIL-1302,Via Cappellari,,blu,2,zona pedonale / living street,no,1,no,0,B2,
SS-MIL-1303,Via Cappuccini,,giallo,3,strada urbana senza ciclabile (2 corsie),no,2,no,0,B2,
SS-MIL-1304,Via Cappuccio,,giallo,3,strada urbana senza ciclabile (1 corsie),no,1,si,0,B2,
SS-MIL-1305,Via Caprera,,giallo,3,strada urbana senza ciclabile,no,2,si,0,B2,
SS-MIL-1306,Via Capri,,giallo,3,strada urbana senza ciclabile,no,2,no,0,B1,
SS-MIL-1307,Via Caradosso,,giallo,3,strada urbana senza ciclabile (2 corsie),no,2,no,0,B2,
SS-MIL-1308,Via Caravaggio,,giallo,3,strada urbana senza ciclabile,no,2,no,0,A1,
SS-MIL-1309,Via Carbonia,,giallo,3,strada urbana senza ciclabile,no,2,si,0,C1,
SS-MIL-1310,Via Cardinal Ferrari,,giallo,3,strada urbana senza ciclabile (1 corsie),no,1,si,0,C2,
SS-MIL-1311,Via Cardinal Ildefonso Schuster,,giallo,3,strada urbana senza ciclabile,no,2,no,0,A2,
SS-MIL-1312,Via Cardinale Caprara,,giallo,3,strada urbana senza ciclabile,no,2,si,0,B2,
SS-MIL-1313,Via Cardinale Carlo Maria Martini,,giallo,3,strada urbana senza ciclabile,no,2,no,0,C1,
SS-MIL-1314,Via Cardinale Federico,,giallo,3,strada urbana senza ciclabile (1 corsie),no,1,si,0,B2,
SS-MIL-1315,Via Cardinale Mezzofanti,,giallo,3,strada urbana senza ciclabile (2 corsie),no,2,si,0,B2,
SS-MIL-1316,Via Cardinale Pietro Maffi,,giallo,3,strada urbana senza ciclabile (2 corsie),no,2,no,0,C1,
SS-MIL-1317,Via Cardinale Tosi,,giallo,3,strada urbana senza ciclabile,no,2,si,0,B1,
SS-MIL-1318,Via Carlo Alberto Dalla Chiesa,,giallo,3,strada urbana senza ciclabile (2 corsie),no,2,no,0,A1,
SS-MIL-1319,Via Carlo Alberto Pisani Dossi,,giallo,3,strada urbana senza ciclabile (2 corsie),no,2,no,0,C2,
SS-MIL-1320,Via Carlo Alberto Radaelli,,giallo,3,strada urbana senza ciclabile,no,2,no,0,C2,
SS-MIL-1321,Via Carlo Amoretti,,giallo,3,strada urbana senza ciclabile,no,2,si,0,C1,
SS-MIL-1322,Via Carlo Antonio Carlone,,giallo,3,strada urbana senza ciclabile (1 corsie),no,1,si,0,B1,
SS-MIL-1323,Via Carlo Armellini,,giallo,3,strada urbana senza ciclabile,no,2,si,0,C2,
SS-MIL-1324,Via Carlo Baravalle,,giallo,3,strada urbana senza ciclabile,no,2,si,0,B2,
SS-MIL-1325,Via Carlo Barbiano di Belgioioso,,giallo,3,strada urbana senza ciclabile,no,2,si,0,A2,
SS-MIL-1326,Via Carlo Bazzi,,rosso,4,strada principale trafficata (2 corsie),no,2,si,0,B2,
SS-MIL-1327,Via Carlo Bellerio,,giallo,3,strada urbana senza ciclabile,no,2,no,0,C2,
SS-MIL-1328,Via Carlo Bertolazzi,,giallo,3,strada urbana senza ciclabile,no,2,si,0,B2,
SS-MIL-1329,Via Carlo Bianconi,,giallo,3,strada urbana senza ciclabile,no,2,no,0,A2,
SS-MIL-1330,Via Carlo Bo,,giallo,3,strada urbana senza ciclabile (1 corsie),no,1,si,0,B2,
SS-MIL-1331,Via Carlo Boncompagni,,giallo,3,strada urbana senza ciclabile,no,2,si,0,B2,
SS-MIL-1332,Via Carlo Bossoli,,giallo,3,strada urbana senza ciclabile,no,2,no,0,C1,
SS-MIL-1333,Via Carlo Botta,,giallo,3,strada urbana senza ciclabile (1 corsie),no,1,si,0,B2,
SS-MIL-1334,Via Carlo Cafiero,,giallo,3,strada urbana senza ciclabile,no,2,no,0,C2,
SS-MIL-1335,Via Carlo Carrà,,giallo,3,strada urbana senza ciclabile (2 corsie),no,2,no,0,C1,
SS-MIL-1336,Via Carlo Cattaneo,,giallo,3,strada urbana senza ciclabile,no,2,no,0,A2,
SS-MIL-1337,Via Carlo Cazzaniga,,giallo,3,strada urbana senza ciclabile (2 corsie),no,2,no,0,C2,
SS-MIL-1338,Via Carlo Cicogna Mozzoni,,giallo,3,strada urbana senza ciclabile,no,2,si,0,C2,
SS-MIL-1339,Via Carlo Conti,,giallo,3,strada urbana senza ciclabile (1 corsie),no,1,si,0,C2,
SS-MIL-1340,Via Carlo Crivelli,,giallo,3,strada urbana senza ciclabile,no,2,si,0,B2,
SS-MIL-1341,Via Carlo D'Adda,,giallo,3,strada urbana senza ciclabile,no,2,si,0,B2,
SS-MIL-1342,Via Carlo Darwin,,giallo,3,strada urbana senza ciclabile (2 corsie),no,2,no,0,B2,
SS-MIL-1343,Via Carlo De Angeli,,giallo,3,strada urbana senza ciclabile,no,2,no,0,B2,
SS-MIL-1344,Via Carlo De Cristoforis,,giallo,3,strada urbana senza ciclabile (1 corsie),no,1,si,0,B2,
SS-MIL-1345,Via Carlo Dolci,,giallo,3,strada urbana senza ciclabile,no,2,si,0,B1,
SS-MIL-1346,Via Carlo Dossi,,giallo,3,strada urbana senza ciclabile,no,2,no,0,C1,
SS-MIL-1347,Via Carlo Emilio Gadda,,giallo,3,strada urbana senza ciclabile,no,2,no,0,A2,
SS-MIL-1348,Via Carlo Esterle,,giallo,3,strada urbana senza ciclabile,no,2,no,0,C2,
SS-MIL-1349,Via Carlo Farini,,giallo,3,strada urbana senza ciclabile (1 corsie),no,1,si,0,C2,
SS-MIL-1350,Via Carlo Feltrinelli,,giallo,3,strada urbana senza ciclabile,no,2,si,0,A2,
SS-MIL-1351,Via Carlo Foldi,,giallo,3,strada urbana senza ciclabile (1 corsie),no,1,si,0,B2,
SS-MIL-1352,Via Carlo Forlanini,,giallo,3,strada urbana senza ciclabile,no,2,si,0,B2,
SS-MIL-1353,Via Carlo Fornara,,giallo,3,strada urbana senza ciclabile,no,2,si,0,B1,
SS-MIL-1354,Via Carlo Freguglia,,giallo,3,strada urbana senza ciclabile,no,2,si,0,B2,
SS-MIL-1355,Via Carlo Girola,,giallo,3,strada urbana senza ciclabile,no,2,no,0,C2,
SS-MIL-1356,Via Carlo Giuseppe Merlo,,giallo,3,strada urbana senza ciclabile,no,2,si,0,B2,
SS-MIL-1357,Via Carlo Goldoni,,giallo,3,strada urbana senza ciclabile,no,2,si,0,B1,
SS-MIL-1358,Via Carlo Gomes,,giallo,3,strada urbana senza ciclabile (1 corsie),no,1,si,0,B2,
SS-MIL-1359,Via Carlo Grassi,,giallo,3,strada urbana senza ciclabile,no,2,no,0,C1,
SS-MIL-1360,Via Carlo Guzzi,,giallo,3,strada urbana senza ciclabile,no,2,si,0,C2,
SS-MIL-1361,Via Carlo Ilarione Petitti,,giallo,3,strada urbana senza ciclabile,no,2,no,0,C1,
SS-MIL-1362,Via Carlo Imbonati,,rosso,4,strada secondaria trafficata (2 corsie),no,2,no,0,C2,
SS-MIL-1363,Via Carlo Jannozzi,,giallo,3,strada urbana senza ciclabile (1 corsie),no,1,si,0,A2,
SS-MIL-1364,Via Carlo Landriani,,giallo,3,strada urbana senza ciclabile (1 corsie),no,1,si,0,C2,
SS-MIL-1365,Via Carlo Levi,,giallo,3,strada urbana senza ciclabile,no,2,no,0,C1,
SS-MIL-1366,Via Carlo Linati,,giallo,3,strada urbana senza ciclabile,no,2,si,0,C2,
SS-MIL-1367,Via Carlo Linneo,,giallo,3,strada urbana senza ciclabile (1 corsie),no,1,si,0,B2,
SS-MIL-1368,Via Carlo Maderno,,giallo,3,strada urbana senza ciclabile,no,2,si,0,B2,
SS-MIL-1369,Via Carlo Maratta,,giallo,3,strada urbana senza ciclabile,no,2,si,0,B1,
SS-MIL-1370,Via Carlo Maria Maggi,,giallo,3,strada urbana senza ciclabile (1 corsie),no,1,si,0,B2,
SS-MIL-1371,Via Carlo Maria Martini,,blu,2,zona pedonale / living street,no,1,no,0,B2,
SS-MIL-1372,Via Carlo Marochetti,,rosso,4,strada principale trafficata (2 corsie),no,2,si,0,B2,
SS-MIL-1373,Via Carlo Marx,,giallo,3,strada urbana senza ciclabile,no,2,no,0,B1,
SS-MIL-1374,Via Carlo Matteucci,,giallo,3,strada urbana senza ciclabile (1 corsie),no,1,si,0,B2,
SS-MIL-1375,Via Carlo Meroni,,giallo,3,strada urbana senza ciclabile,no,2,si,0,C2,
SS-MIL-1376,Via Carlo Montanari,,giallo,3,strada urbana senza ciclabile,no,2,si,0,C2,
SS-MIL-1377,Via Carlo Moreschi,,giallo,3,strada urbana senza ciclabile (2 corsie),no,2,no,0,C2,
SS-MIL-1378,Via Carlo Moretti,,giallo,3,strada urbana senza ciclabile,no,2,si,0,C1,
SS-MIL-1379,Via Carlo Osma,,giallo,3,strada urbana senza ciclabile,no,2,no,0,B1,
SS-MIL-1380,Via Carlo Ottavio Cornaggia,,giallo,3,strada urbana senza ciclabile (1 corsie),no,1,si,0,B2,
SS-MIL-1381,Via Carlo Parea,,giallo,3,strada urbana senza ciclabile,no,2,si,0,B2,
SS-MIL-1382,Via Carlo Pascal,,giallo,3,strada urbana senza ciclabile (2 corsie),no,2,no,0,B2,
SS-MIL-1383,Via Carlo Patellani,,giallo,3,strada urbana senza ciclabile,no,2,si,0,B1,
SS-MIL-1384,Via Carlo Perini,,giallo,3,strada urbana senza ciclabile,no,2,no,0,C1,
SS-MIL-1385,Via Carlo Pisacane,,giallo,3,strada urbana senza ciclabile,no,2,no,0,A2,
SS-MIL-1386,Via Carlo Poerio,,giallo,3,strada urbana senza ciclabile,no,2,si,0,B2,
SS-MIL-1387,Via Carlo Poma,,giallo,3,strada urbana senza ciclabile,no,2,si,0,B2,
SS-MIL-1388,Via Carlo Porta,,giallo,3,strada urbana senza ciclabile,no,2,no,0,A1,
SS-MIL-1389,Via Carlo Ravizza,,giallo,3,strada urbana senza ciclabile,no,2,no,0,B1,
SS-MIL-1390,Via Carlo Reale,,giallo,3,strada urbana senza ciclabile,no,2,no,0,C2,
SS-MIL-1391,Via Carlo Romussi,,giallo,3,strada urbana senza ciclabile (1 corsie),no,1,si,0,C2,
SS-MIL-1392,Via Carlo Salerno,,giallo,3,strada urbana senza ciclabile,no,2,no,0,A1,
SS-MIL-1393,Via Carlo Squeri,,giallo,3,strada urbana senza ciclabile,no,2,si,0,A2,
SS-MIL-1394,Via Carlo Tenca,,giallo,3,strada urbana senza ciclabile (1 corsie),no,1,si,0,B2,
SS-MIL-1395,Via Carlo Torre,,giallo,3,strada urbana senza ciclabile (1 corsie),no,1,si,0,B2,
SS-MIL-1396,Via Carlo Valvassori Peroni,,giallo,3,strada urbana senza ciclabile (1 corsie),no,1,si,0,B2,
SS-MIL-1397,Via Carlo Vittadini,,giallo,3,strada urbana senza ciclabile,no,2,si,0,B2,
SS-MIL-1398,Via Carlo Zucchi,,giallo,3,strada urbana senza ciclabile,no,2,si,0,C2,
SS-MIL-1399,Via Carlo d'Adda,,giallo,3,strada urbana senza ciclabile,no,2,no,0,B1,
SS-MIL-1400,Via Carlotta Marchionni,,giallo,3,strada urbana senza ciclabile,no,2,si,0,C2,
SS-MIL-1401,Via Carlotta Marzorati,,giallo,3,strada urbana senza ciclabile (2 corsie),no,2,no,0,C1,
SS-MIL-1402,Via Carmagnola,,giallo,3,strada urbana senza ciclabile (1 corsie),no,1,si,0,B2,
SS-MIL-1403,Via Carnevale,,giallo,3,strada urbana senza ciclabile,no,2,no,0,C2,
SS-MIL-1404,Via Carnia,,giallo,3,strada urbana senza ciclabile,no,2,no,0,C2,
SS-MIL-1405,Via Carolina Invernizio,,giallo,3,strada urbana senza ciclabile,no,2,no,0,C1,
SS-MIL-1406,Via Carpaccio,,giallo,3,strada urbana senza ciclabile (1 corsie),no,1,si,0,B2,
SS-MIL-1407,Via Carroccio,,giallo,3,strada urbana senza ciclabile,no,2,si,0,B2,
SS-MIL-1408,Via Carso,,giallo,3,strada urbana senza ciclabile,no,2,no,0,C1,
SS-MIL-1409,Via Casale,,blu,2,zona pedonale / living street,no,1,no,0,B2,
SS-MIL-1410,Via Casarsa,,giallo,3,strada urbana senza ciclabile (2 corsie),no,2,no,0,C2,
SS-MIL-1411,Via Cascina Barocco,,giallo,3,strada urbana senza ciclabile,no,2,no,0,B1,
SS-MIL-1412,Via Cascina Belcasule,,giallo,3,strada urbana senza ciclabile,no,2,no,0,A2,
SS-MIL-1413,Via Cascina Bellaria,,giallo,3,strada urbana senza ciclabile,no,2,si,0,B1,
SS-MIL-1414,Via Cascina Bianca,,giallo,3,strada urbana senza ciclabile,no,2,si,0,A1,
SS-MIL-1415,Via Cascina Castellazzo,,giallo,3,strada urbana senza ciclabile,no,2,no,0,A2,
SS-MIL-1416,Via Cascina Corba,,giallo,3,strada urbana senza ciclabile,no,2,si,0,B1,
SS-MIL-1417,Via Cascina Fra di Sesto,,giallo,3,strada urbana senza ciclabile,no,2,no,0,B2,
SS-MIL-1418,Via Cascina Lavagna,,giallo,3,strada urbana senza ciclabile,no,2,no,0,A1,
SS-MIL-1419,Via Cascina Merezzate,,verde,1,ciclabile presente (da OpenStreetMap),si,2,no,0,B2,
SS-MIL-1420,Via Cascina Mojetta,,giallo,3,strada urbana senza ciclabile,no,2,si,0,B1,
SS-MIL-1421,Via Cascina Molino Bruciato,,giallo,3,strada urbana senza ciclabile,no,2,no,0,A1,
SS-MIL-1422,Via Cascina Nuova,,giallo,3,strada urbana senza ciclabile,no,2,no,0,A1,
SS-MIL-1423,Via Cascina Venina,,giallo,3,strada urbana senza ciclabile (2 corsie),no,2,si,0,A1,
SS-MIL-1424,Via Cascina dei Prati,,giallo,3,strada urbana senza ciclabile (2 corsie),no,2,no,0,C1,
SS-MIL-1425,Via Cascina del Sole,,giallo,3,strada urbana senza ciclabile (2 corsie),no,2,no,0,C1,
SS-MIL-1426,Via Case Rotte,,giallo,3,strada urbana senza ciclabile,no,2,si,0,B2,
SS-MIL-1427,Via Casoretto,,giallo,3,strada urbana senza ciclabile (2 corsie),no,2,no,0,C2,
SS-MIL-1428,Via Cassanese,,nero,5,"strada ad alta velocità (primary, 70 km/h)",no,2,si,0,C2,
SS-MIL-1429,Via Cassanese Vecchia,,giallo,3,strada urbana senza ciclabile,no,2,si,0,C2,
SS-MIL-1430,Via Cassano d'Adda,,giallo,3,strada urbana senza ciclabile,no,2,no,0,B2,
SS-MIL-1431,Via Cassino,,giallo,3,strada urbana senza ciclabile,no,2,si,0,B1,
SS-MIL-1432,Via Cassio Dione,,giallo,3,strada urbana senza ciclabile,no,2,si,0,B2,
SS-MIL-1433,Via Cassolnovo,,giallo,3,strada urbana senza ciclabile,no,2,no,0,B1,
SS-MIL-1434,Via Cassolo,,giallo,3,strada urbana senza ciclabile,no,2,si,0,B2,
SS-MIL-1435,Via Castel Morrone,,giallo,3,strada urbana senza ciclabile,no,2,no,0,B2,
SS-MIL-1436,Via Castelfidardo,,giallo,3,strada urbana senza ciclabile (1 corsie),no,1,si,0,B2,
SS-MIL-1437,Via Castellammare,,giallo,3,strada urbana senza ciclabile,no,2,si,0,C1,
SS-MIL-1438,Via Castellanza,,giallo,3,strada urbana senza ciclabile,no,2,no,0,C1,
SS-MIL-1439,Via Castelli Fiorenza,,giallo,3,strada urbana senza ciclabile,no,2,no,0,C1,
SS-MIL-1440,Via Castellino da Castello,,giallo,3,strada urbana senza ciclabile,no,2,no,0,C1,
SS-MIL-1441,Via Castello Visconteo,,giallo,3,strada urbana senza ciclabile,no,2,si,0,A1,
SS-MIL-1442,Via Castrovillari,,giallo,3,strada urbana senza ciclabile,no,2,si,0,B1,
SS-MIL-1443,Via Catania,,giallo,3,strada urbana senza ciclabile,no,2,no,0,B2,
SS-MIL-1444,Via Catone,,giallo,3,strada urbana senza ciclabile,no,2,si,0,C2,
SS-MIL-1445,Via Cattaneo,,giallo,3,strada urbana senza ciclabile,no,2,no,0,A2,
SS-MIL-1446,Via Cattaro,,giallo,3,strada urbana senza ciclabile,no,2,si,0,C2,
SS-MIL-1447,Via Catullo,,giallo,3,strada urbana senza ciclabile,no,2,no,0,C1,
SS-MIL-1448,Via Cava Trombetta,,giallo,3,strada urbana senza ciclabile,no,2,si,0,C2,
SS-MIL-1449,Via Cavalcabò,,giallo,3,strada urbana senza ciclabile,no,2,si,0,B1,
SS-MIL-1450,Via Cavalcanti,,giallo,3,strada urbana senza ciclabile,no,2,no,0,A1,
SS-MIL-1451,Via Cavalieri di Vittorio Veneto,,giallo,3,strada urbana senza ciclabile,no,2,si,0,B1,
SS-MIL-1452,Via Caviaga,,giallo,3,strada urbana senza ciclabile,no,2,no,0,A2,
SS-MIL-1453,Via Cavour,,giallo,3,strada urbana senza ciclabile (1 corsie),no,1,si,0,C1,
SS-MIL-1454,Via Cavriana,,giallo,3,strada urbana senza ciclabile,no,2,si,0,B2,
SS-MIL-1455,Via Cecilio Stazio,,giallo,3,strada urbana senza ciclabile,no,2,si,0,C2,
SS-MIL-1456,Via Cefalonia,,giallo,3,strada urbana senza ciclabile (2 corsie),no,2,no,0,C1,
SS-MIL-1457,Via Celeste Clericetti,,giallo,3,strada urbana senza ciclabile (2 corsie),no,2,si,0,B2,
SS-MIL-1458,Via Celestino Quarto,,giallo,3,strada urbana senza ciclabile (1 corsie),no,1,si,0,B2,
SS-MIL-1459,Via Cenisio,,rosso,4,strada secondaria trafficata,no,2,si,0,C2,
SS-MIL-1460,Via Cerano,,giallo,3,strada urbana senza ciclabile,no,2,si,0,B2,
SS-MIL-1461,Via Ceresio,,giallo,3,strada urbana senza ciclabile,no,2,si,0,B2,
SS-MIL-1462,Via Cerkovo,,giallo,3,strada urbana senza ciclabile (2 corsie),no,2,no,0,C1,
SS-MIL-1463,Via Cernaia,,giallo,3,strada urbana senza ciclabile (1 corsie),no,1,si,0,B2,
SS-MIL-1464,Via Certosa,,giallo,3,strada urbana senza ciclabile,no,2,si,0,A2,
SS-MIL-1465,Via Cerva,,giallo,3,strada urbana senza ciclabile,no,2,si,0,B2,
SS-MIL-1466,Via Cervignano,,giallo,3,strada urbana senza ciclabile,no,2,si,0,B2,
SS-MIL-1467,Via Cesare Ajraghi,,giallo,3,strada urbana senza ciclabile,no,2,no,0,C1,
SS-MIL-1468,Via Cesare Arici,,giallo,3,strada urbana senza ciclabile (2 corsie),no,2,no,0,C2,
SS-MIL-1469,Via Cesare Augusto Colombo,,giallo,3,strada urbana senza ciclabile (1 corsie),no,1,si,0,B2,
SS-MIL-1470,Via Cesare Balbo,,giallo,3,strada urbana senza ciclabile,no,2,si,0,B2,
SS-MIL-1471,Via Cesare Battisti,,giallo,3,strada urbana senza ciclabile,no,2,si,0,A2,
SS-MIL-1472,Via Cesare Beccaria,,blu,2,zona pedonale / living street,no,1,no,0,A1,
SS-MIL-1473,Via Cesare Beruto,,giallo,3,strada urbana senza ciclabile (1 corsie),no,1,si,0,B2,
SS-MIL-1474,Via Cesare Brivio,,giallo,3,strada urbana senza ciclabile,no,2,si,0,C2,
SS-MIL-1475,Via Cesare Cantù,,giallo,3,strada urbana senza ciclabile,no,2,si,0,B2,
SS-MIL-1476,Via Cesare Cesariano,,blu,2,zona pedonale / living street,no,1,no,0,B2,
SS-MIL-1477,Via Cesare Chiodi,,giallo,3,strada urbana senza ciclabile,no,2,no,0,B1,
SS-MIL-1478,Via Cesare Correnti,,giallo,3,strada urbana senza ciclabile,no,2,no,0,A1,
SS-MIL-1479,Via Cesare Dal Fabbro,,giallo,3,strada urbana senza ciclabile,no,2,si,0,B1,
SS-MIL-1480,Via Cesare Faccioli,,giallo,3,strada urbana senza ciclabile,no,2,si,0,B1,
SS-MIL-1481,Via Cesare Isotta,,giallo,3,strada urbana senza ciclabile (2 corsie),no,2,no,0,A2,
SS-MIL-1482,Via Cesare Lombroso,,verde,1,ciclabile presente (da OpenStreetMap),si,2,no,0,B2,
SS-MIL-1483,Via Cesare Manaresi,,giallo,3,strada urbana senza ciclabile,no,2,no,0,B1,
SS-MIL-1484,Via Cesare Musatti,,giallo,3,strada urbana senza ciclabile (2 corsie),no,2,si,0,C1,
SS-MIL-1485,Via Cesare Pascarella,,giallo,3,strada urbana senza ciclabile,no,2,si,0,C1,
SS-MIL-1486,Via Cesare Pavese,,giallo,3,strada urbana senza ciclabile,no,2,no,0,A1,
SS-MIL-1487,Via Cesare Saldini,,giallo,3,strada urbana senza ciclabile,no,2,si,0,B2,
SS-MIL-1488,Via Cesare Tallone,,giallo,3,strada urbana senza ciclabile,no,2,si,0,B2,
SS-MIL-1489,Via Cesare Zocchi,,giallo,3,strada urbana senza ciclabile,no,2,si,0,C2,
SS-MIL-1490,Via Cesare da Sesto,,giallo,3,strada urbana senza ciclabile (1 corsie),no,1,si,0,B2,
SS-MIL-1491,Via Cesena,,giallo,3,strada urbana senza ciclabile,no,2,si,0,C2,
SS-MIL-1492,Via Cesenatico,,giallo,3,strada urbana senza ciclabile,no,2,no,0,B1,
SS-MIL-1493,Via Cevedale,,giallo,3,strada urbana senza ciclabile (1 corsie),no,1,si,0,C2,
SS-MIL-1494,Via Charles Darwin,,giallo,3,strada urbana senza ciclabile,no,2,no,0,A1,
SS-MIL-1495,Via Cherasco,,giallo,3,strada urbana senza ciclabile (2 corsie),no,2,no,0,C2,
SS-MIL-1496,Via Cheren,,giallo,3,strada urbana senza ciclabile (2 corsie),no,2,no,0,C1,
SS-MIL-1497,Via Chianciano,,giallo,3,strada urbana senza ciclabile,no,2,si,0,C2,
SS-MIL-1498,Via Chiaravalle,,giallo,3,strada urbana senza ciclabile (1 corsie),no,1,si,0,B2,
SS-MIL-1499,Via Chiese,,giallo,3,strada urbana senza ciclabile (1 corsie),no,1,si,0,C2,
SS-MIL-1500,Via Chiossetto,,giallo,3,strada urbana senza ciclabile (1 corsie),no,1,si,0,B2,
SS-MIL-1501,Via Chiverni,,giallo,3,strada urbana senza ciclabile,no,2,si,0,C2,
SS-MIL-1502,Via Cicco Simonetta,,giallo,3,strada urbana senza ciclabile,no,2,si,0,B2,
SS-MIL-1503,"Via Cilea, 106",,giallo,3,strada urbana senza ciclabile,no,2,no,0,C1,
SS-MIL-1504,Via Cilento,,giallo,3,strada urbana senza ciclabile,no,2,no,0,C2,
SS-MIL-1505,Via Ciniselli,,giallo,3,strada urbana senza ciclabile,no,2,si,0,B1,
SS-MIL-1506,Via Cino Del Duca,,giallo,3,strada urbana senza ciclabile (1 corsie),no,1,si,0,B2,
SS-MIL-1507,Via Cino da Pistoia,,giallo,3,strada urbana senza ciclabile,no,2,si,0,C2,
SS-MIL-1508,Via Cinque Giornate,,giallo,3,strada urbana senza ciclabile,no,2,no,0,C1,
SS-MIL-1509,Via Cinque Maggio,,giallo,3,strada urbana senza ciclabile,no,2,si,0,C1,
SS-MIL-1510,Via Ciovassino,,giallo,3,strada urbana senza ciclabile,no,2,no,0,B2,
SS-MIL-1511,Via Ciovasso,,giallo,3,strada urbana senza ciclabile,no,2,si,0,B2,
SS-MIL-1512,Via Cipriano Borioli,,giallo,3,strada urbana senza ciclabile,no,2,si,0,C2,
SS-MIL-1513,Via Cipriano Facchinetti,,giallo,3,strada urbana senza ciclabile,no,2,si,0,B2,
SS-MIL-1514,Via Cipro,,giallo,3,strada urbana senza ciclabile (2 corsie),no,2,no,0,B2,
SS-MIL-1515,Via Circo,,giallo,3,strada urbana senza ciclabile (1 corsie),no,1,si,0,B2,
SS-MIL-1516,Via Circonvallazione,,rosso,4,strada secondaria trafficata,no,2,si,0,A1,
SS-MIL-1517,Via Ciriè,,giallo,3,strada urbana senza ciclabile (2 corsie),no,2,no,0,C2,
SS-MIL-1518,Via Ciro Menotti,,giallo,3,strada urbana senza ciclabile (1 corsie),no,1,si,0,B2,
SS-MIL-1519,Via Cisa,,giallo,3,strada urbana senza ciclabile,no,2,no,0,C1,
SS-MIL-1520,Via Civenna,,giallo,3,strada urbana senza ciclabile,no,2,si,0,C1,
SS-MIL-1521,Via Civesio,,giallo,3,strada urbana senza ciclabile,no,2,si,0,A2,
SS-MIL-1522,Via Cividale,,giallo,3,strada urbana senza ciclabile,no,2,si,0,C1,
SS-MIL-1523,Via Cividale del Friuli,,giallo,3,strada urbana senza ciclabile,no,2,si,0,B1,
SS-MIL-1524,Via Civitavecchia,,giallo,3,strada urbana senza ciclabile,no,2,no,0,C2,
SS-MIL-1525,Via Clara Maffei,,giallo,3,strada urbana senza ciclabile,no,2,si,0,B2,
SS-MIL-1526,Via Claude Debussy,,giallo,3,strada urbana senza ciclabile,no,2,no,0,B1,
SS-MIL-1527,Via Claudia,,giallo,3,strada urbana senza ciclabile,no,2,no,0,C2,
SS-MIL-1528,Via Claudio Achillini,,rosso,4,strada secondaria trafficata,no,2,si,0,C2,
SS-MIL-1529,Via Claudio Monteverdi,,giallo,3,strada urbana senza ciclabile,no,2,si,0,B2,
SS-MIL-1530,Via Claudio Treves,,giallo,3,strada urbana senza ciclabile,no,2,no,0,A1,
SS-MIL-1531,Via Claudio Varalli,,giallo,3,strada urbana senza ciclabile (2 corsie),no,2,no,0,A1,
SS-MIL-1532,Via Clavese,,giallo,3,strada urbana senza ciclabile,no,2,no,0,A2,
SS-MIL-1533,Via Clefi,,giallo,3,strada urbana senza ciclabile,no,2,si,0,B1,
SS-MIL-1534,Via Clelia del Grillo Borromeo,,giallo,3,strada urbana senza ciclabile,no,2,no,0,B2,
SS-MIL-1535,Via Clemente Bonfanti,,giallo,3,strada urbana senza ciclabile,no,2,si,0,C1,
SS-MIL-1536,Via Clemente Prudenzio,,giallo,3,strada urbana senza ciclabile,no,2,si,0,B2,
SS-MIL-1537,Via Clemente Rebora,,giallo,3,strada urbana senza ciclabile,no,2,no,0,C2,
SS-MIL-1538,Via Clerici,,giallo,3,strada urbana senza ciclabile,no,2,si,0,B2,
SS-MIL-1539,Via Clitumno,,giallo,3,strada urbana senza ciclabile (1 corsie),no,1,si,0,C2,
SS-MIL-1540,Via Clusone,,giallo,3,strada urbana senza ciclabile,no,2,si,0,B2,
SS-MIL-1541,Via Codigoro,,giallo,3,strada urbana senza ciclabile,no,2,si,0,C1,
SS-MIL-1542,Via Codogno,,giallo,3,strada urbana senza ciclabile (1 corsie),no,1,si,0,B2,
SS-MIL-1543,Via Cogne,,giallo,3,strada urbana senza ciclabile,no,2,si,0,C1,
SS-MIL-1544,Via Col Bricon,,giallo,3,strada urbana senza ciclabile,no,2,si,0,B2,
SS-MIL-1545,Via Col Moschin,,rosso,4,strada secondaria trafficata,no,2,si,0,B2,
SS-MIL-1546,Via Col del Rosso,,giallo,3,strada urbana senza ciclabile (1 corsie),no,1,no,0,B2,
SS-MIL-1547,Via Col di Lana,,giallo,3,strada urbana senza ciclabile (2 corsie),no,2,no,0,B1,
SS-MIL-1548,Via Cola Montano,,giallo,3,strada urbana senza ciclabile (1 corsie),no,1,si,0,C2,
SS-MIL-1549,Via Cola di Rienzo,,verde,1,ciclabile presente (da OpenStreetMap),si,2,si,0,B1,
SS-MIL-1550,Via Colico,,giallo,3,strada urbana senza ciclabile (2 corsie),no,2,no,0,C2,
SS-MIL-1551,Via Collecchio,,giallo,3,strada urbana senza ciclabile,no,2,si,0,B1,
SS-MIL-1552,Via Coluccio Salutati,,giallo,3,strada urbana senza ciclabile,no,2,si,0,B1,
SS-MIL-1553,Via Comacchio,,rosso,4,strada secondaria trafficata,no,2,si,0,B2,
SS-MIL-1554,Via Comasina,,rosso,4,strada secondaria trafficata,no,2,si,0,C2,
SS-MIL-1555,Via Comelico,,giallo,3,strada urbana senza ciclabile (2 corsie),no,2,no,0,B2,
SS-MIL-1556,Via Commodoro Rivadavia,,giallo,3,strada urbana senza ciclabile (1 corsie),no,1,si,0,A2,
SS-MIL-1557,Via Como,,giallo,3,strada urbana senza ciclabile,no,2,si,0,A2,
SS-MIL-1558,Via Comune Antico,,giallo,3,strada urbana senza ciclabile,no,2,si,0,C2,
SS-MIL-1559,Via Conca del Naviglio,,giallo,3,strada urbana senza ciclabile,no,2,si,0,B2,
SS-MIL-1560,Via Conchetta,,giallo,3,strada urbana senza ciclabile (2 corsie),no,2,no,0,B2,
SS-MIL-1561,Via Conciliazione,,giallo,3,strada urbana senza ciclabile,no,2,no,0,C1,
SS-MIL-1562,Via Concilio Vaticano Secondo,,giallo,3,strada urbana senza ciclabile,no,2,no,0,C1,
SS-MIL-1563,Via Concordia,,giallo,3,strada urbana senza ciclabile,no,2,si,0,A1,
SS-MIL-1564,Via Concrodia,,giallo,3,strada urbana senza ciclabile,no,2,si,0,A1,
SS-MIL-1565,Via Condino,,giallo,3,strada urbana senza ciclabile,no,2,no,0,B2,
SS-MIL-1566,Via Conservatorio,,giallo,3,strada urbana senza ciclabile (1 corsie),no,1,si,0,B2,
SS-MIL-1567,Via Console Flaminio,,giallo,3,strada urbana senza ciclabile (2 corsie),no,2,no,0,B2,
SS-MIL-1568,Via Console Marcello,,rosso,4,strada secondaria trafficata,no,2,si,0,C1,
SS-MIL-1569,Via Consortile per Pontesesto,,giallo,3,strada urbana senza ciclabile,no,2,no,0,A2,
SS-MIL-1570,Via Constantino Borsini,,giallo,3,strada urbana senza ciclabile,no,2,no,0,B1,
SS-MIL-1571,Via Contardo Ferrini,,giallo,3,strada urbana senza ciclabile (2 corsie),no,2,no,0,B2,
SS-MIL-1572,Via Conte Rosso,,giallo,3,strada urbana senza ciclabile,no,2,si,0,B2,
SS-MIL-1573,Via Conte Verde,,giallo,3,strada urbana senza ciclabile,no,2,si,0,C2,
SS-MIL-1574,Via Conti Venino,,giallo,3,strada urbana senza ciclabile,no,2,si,0,C1,
SS-MIL-1575,Via Cooperazione,,giallo,3,strada urbana senza ciclabile,no,2,no,0,A1,
SS-MIL-1576,Via Copernico,,giallo,3,strada urbana senza ciclabile,no,2,si,0,C2,
SS-MIL-1577,Via Corbetta,,giallo,3,strada urbana senza ciclabile (2 corsie),no,2,no,0,C1,
SS-MIL-1578,Via Cordusio,,giallo,3,strada urbana senza ciclabile,no,2,si,0,B2,
SS-MIL-1579,Via Corfù,,giallo,3,strada urbana senza ciclabile,no,2,si,0,B2,
SS-MIL-1580,Via Corleone,,giallo,3,strada urbana senza ciclabile (1 corsie),no,1,si,0,B2,
SS-MIL-1581,Via Cormano,,giallo,3,strada urbana senza ciclabile,no,2,si,0,C2,
SS-MIL-1582,Via Cormons,,giallo,3,strada urbana senza ciclabile (2 corsie),no,2,si,0,C1,
SS-MIL-1583,Via Cornegliano,,giallo,3,strada urbana senza ciclabile (2 corsie),no,2,no,0,A2,
SS-MIL-1584,Via Cornelio Tacito,,giallo,3,strada urbana senza ciclabile,no,2,si,0,B2,
SS-MIL-1585,Via Cornicione,,giallo,3,strada urbana senza ciclabile,no,2,no,0,C1,
SS-MIL-1586,Via Corno di Cavento,,giallo,3,strada urbana senza ciclabile,no,2,no,0,B1,
SS-MIL-1587,Via Corradino d'Ascanio,,giallo,3,strada urbana senza ciclabile,no,2,no,0,A2,
SS-MIL-1588,Via Corrado Alvaro,,giallo,3,strada urbana senza ciclabile,no,2,si,0,B1,
SS-MIL-1589,Via Corrado Guglielmo Rontgen,,giallo,3,strada urbana senza ciclabile,no,2,si,0,B2,
SS-MIL-1590,Via Corrado II Il Salico,,giallo,3,strada urbana senza ciclabile,no,2,si,0,B2,
SS-MIL-1591,Via Correggio,,giallo,3,strada urbana senza ciclabile (2 corsie),no,2,no,0,A2,
SS-MIL-1592,Via Corsica,,giallo,3,strada urbana senza ciclabile (2 corsie),no,2,no,0,A1,
SS-MIL-1593,Via Corsico,,blu,2,zona pedonale / living street,no,1,no,0,B2,
SS-MIL-1594,Via Corte Nuova,,giallo,3,strada urbana senza ciclabile,no,2,no,0,B1,
SS-MIL-1595,Via Cortina d'Ampezzo,,giallo,3,strada urbana senza ciclabile,no,2,no,0,A2,
SS-MIL-1596,Via Cosenza,,giallo,3,strada urbana senza ciclabile (2 corsie),no,2,no,0,B2,
SS-MIL-1597,Via Cosimo del Fante,,giallo,3,strada urbana senza ciclabile (1 corsie),no,1,si,0,B2,
SS-MIL-1598,Via Cosseria,,rosso,4,strada secondaria trafficata (1 corsie),no,1,si,0,B2,
SS-MIL-1599,Via Costalovara,,giallo,3,strada urbana senza ciclabile,no,2,no,0,C2,
SS-MIL-1600,Via Costante Girardengo,,giallo,3,strada urbana senza ciclabile (2 corsie),no,2,no,0,C2,
SS-MIL-1601,Via Costantino,,giallo,3,strada urbana senza ciclabile,no,2,no,0,C1,
SS-MIL-1602,Via Costantino Baroni,,giallo,3,strada urbana senza ciclabile,no,2,si,0,A2,
SS-MIL-1603,Via Costantino Bresciani Turroni,,blu,2,zona pedonale / living street,no,1,no,0,C2,
SS-MIL-1604,Via Costantino Corti,,giallo,3,strada urbana senza ciclabile (1 corsie),no,1,si,0,C2,
SS-MIL-1605,Via Costantino e Maria Brighenti,,blu,2,accesso limitato (ZTL),no,1,no,0,C1,
SS-MIL-1606,Via Costanza,,giallo,3,strada urbana senza ciclabile,no,2,si,0,B1,
SS-MIL-1607,Via Costanza Arconati,,giallo,3,strada urbana senza ciclabile,no,2,no,0,B2,
SS-MIL-1608,Via Costanzo Cantoni,,giallo,3,strada urbana senza ciclabile,no,2,si,0,C2,
SS-MIL-1609,Via Crema,,giallo,3,strada urbana senza ciclabile (1 corsie),no,1,si,0,B2,
SS-MIL-1610,Via Cremona,,giallo,3,strada urbana senza ciclabile,no,2,no,0,A1,
SS-MIL-1611,Via Crescenzago,,giallo,3,strada urbana senza ciclabile (1 corsie),no,1,si,0,B2,
SS-MIL-1612,Via Creta,,giallo,3,strada urbana senza ciclabile,no,2,no,0,B1,
SS-MIL-1613,Via Crimea,,giallo,3,strada urbana senza ciclabile,no,2,no,0,A1,
SS-MIL-1614,Via Cristina Belgioioso,,giallo,3,strada urbana senza ciclabile,no,2,no,0,C1,
SS-MIL-1615,Via Cristoforo Colombo,,giallo,3,strada urbana senza ciclabile,no,2,no,0,B1,
SS-MIL-1616,Via Cristoforo Gandino,,giallo,3,strada urbana senza ciclabile,no,2,no,0,B2,
SS-MIL-1617,Via Cristoforo Gluck,,giallo,3,strada urbana senza ciclabile (1 corsie),no,1,si,0,C2,
SS-MIL-1618,Via Cristoforo Madruzzo,,giallo,3,strada urbana senza ciclabile (2 corsie),no,2,no,0,B1,
SS-MIL-1619,Via Cristoforo Negri,,giallo,3,strada urbana senza ciclabile,no,2,si,0,C2,
SS-MIL-1620,Via Croce Rossa,,giallo,3,strada urbana senza ciclabile,no,2,no,0,A2,
SS-MIL-1621,Via Crocefisso,,giallo,3,strada urbana senza ciclabile,no,2,si,0,B2,
SS-MIL-1622,Via Cuccagna,,giallo,3,strada urbana senza ciclabile,no,2,no,0,B2,
SS-MIL-1623,Via Cueno,,giallo,3,strada urbana senza ciclabile,no,2,si,0,B1,
SS-MIL-1624,Via Cufra,,giallo,3,strada urbana senza ciclabile,no,2,si,0,C2,
SS-MIL-1625,Via Cuneo,,giallo,3,strada urbana senza ciclabile,no,2,no,0,B1,
SS-MIL-1626,Via Cuore Immacolato di Maria,,giallo,3,strada urbana senza ciclabile,no,2,no,0,A2,
SS-MIL-1627,Via Curie,,giallo,3,strada urbana senza ciclabile,no,2,si,0,B1,
SS-MIL-1628,Via Curiel,,giallo,3,strada urbana senza ciclabile,no,2,no,0,A1,
SS-MIL-1629,Via Curio Dentato,,giallo,3,strada urbana senza ciclabile,no,2,si,0,B1,
SS-MIL-1630,Via Curtatone,,giallo,3,strada urbana senza ciclabile,no,2,si,0,A2,
SS-MIL-1631,Via Curzola,,giallo,3,strada urbana senza ciclabile (1 corsie),no,1,si,0,C2,
SS-MIL-1632,Via Cusago,,rosso,4,strada secondaria trafficata (2 corsie),no,2,si,0,B1,
SS-MIL-1633,Via Cusani,,giallo,3,strada urbana senza ciclabile,no,2,si,0,B2,
SS-MIL-1634,Via Cusio,,giallo,3,strada urbana senza ciclabile (1 corsie),no,1,si,0,C2,
SS-MIL-1635,Via Custoza,,giallo,3,strada urbana senza ciclabile,no,2,si,0,C2,
SS-MIL-1636,Via Dalmagià,,giallo,3,strada urbana senza ciclabile (2 corsie),no,2,no,0,C1,
SS-MIL-1637,Via Dalmazia,,giallo,3,strada urbana senza ciclabile,no,2,no,0,B2,
SS-MIL-1638,Via Dalmazio Birago,,giallo,3,strada urbana senza ciclabile,no,2,si,0,B2,
SS-MIL-1639,Via Dalmine,,giallo,3,strada urbana senza ciclabile,no,2,si,0,B1,
SS-MIL-1640,Via Damiano Chiesa,,giallo,3,strada urbana senza ciclabile,no,2,no,0,C1,
SS-MIL-1641,Via Daniele Comboni,,rosso,4,strada secondaria trafficata (1 corsie),no,1,si,0,C2,
SS-MIL-1642,Via Daniele Crespi,,giallo,3,strada urbana senza ciclabile,no,2,si,0,B2,
SS-MIL-1643,Via Daniele Manin,,giallo,3,strada urbana senza ciclabile,no,2,si,0,A2,
SS-MIL-1644,Via Daniele Ricciarelli,,giallo,3,strada urbana senza ciclabile,no,2,si,0,B1,
SS-MIL-1645,Via Danimarca,,giallo,3,strada urbana senza ciclabile,no,2,no,0,C2,
SS-MIL-1646,Via Dante,,verde,1,ciclabile presente (da OpenStreetMap),si,2,no,0,B1,
SS-MIL-1647,Via Dante Alighieri,,giallo,3,strada urbana senza ciclabile,no,2,no,0,A1,
SS-MIL-1648,Via Dante Chiasserini,,giallo,3,strada urbana senza ciclabile,no,2,no,0,C1,
SS-MIL-1649,Via Dante Di Nanni,,giallo,3,strada urbana senza ciclabile,no,2,no,0,A1,
SS-MIL-1650,Via Dario Bellincioni,,giallo,3,strada urbana senza ciclabile,no,2,no,0,A2,
SS-MIL-1651,Via Dario Niccodemi,,giallo,3,strada urbana senza ciclabile,no,2,si,0,C1,
SS-MIL-1652,Via Dario Papa,,giallo,3,strada urbana senza ciclabile (2 corsie),no,2,no,0,C2,
SS-MIL-1653,Via Darix Togni,,giallo,3,strada urbana senza ciclabile,no,2,no,0,B1,
SS-MIL-1654,Via Davide Albertario,,giallo,3,strada urbana senza ciclabile (1 corsie),no,1,si,0,C2,
SS-MIL-1655,Via Davide Calandra,,rosso,4,strada secondaria trafficata,no,2,si,0,C1,
SS-MIL-1656,Via Davide Campari,,giallo,3,strada urbana senza ciclabile,no,2,no,0,A1,
SS-MIL-1657,Via Davide Carnaghi,,giallo,3,strada urbana senza ciclabile (2 corsie),no,2,no,0,B2,
SS-MIL-1658,Via De Ruggiero,,giallo,3,strada urbana senza ciclabile,no,2,si,0,B1,
SS-MIL-1659,Via Decorati al Valor Civile,,giallo,3,strada urbana senza ciclabile,no,2,si,0,B2,
SS-MIL-1660,Via Dei Benedettini,,giallo,3,strada urbana senza ciclabile,no,2,si,0,B1,
SS-MIL-1661,Via Dei Contarini,,giallo,3,strada urbana senza ciclabile,no,2,si,0,B2,
SS-MIL-1662,Via Dei Frati,,giallo,3,strada urbana senza ciclabile,no,2,si,0,B1,
SS-MIL-1663,Via Del Carroccio,,giallo,3,strada urbana senza ciclabile (1 corsie),no,1,si,0,A2,
SS-MIL-1664,Via Del Parlamento,,giallo,3,strada urbana senza ciclabile,no,2,no,0,A2,
SS-MIL-1665,Via Delio Tessa,,giallo,3,strada urbana senza ciclabile,no,2,si,0,B2,
SS-MIL-1666,Via Demetrio Cretese,,giallo,3,strada urbana senza ciclabile,no,2,no,0,C1,
SS-MIL-1667,Via Demetrio Stratos,,verde,1,ciclabile presente (da OpenStreetMap),si,2,no,0,B1,
SS-MIL-1668,Via Democrito,,giallo,3,strada urbana senza ciclabile,no,2,si,0,C2,
SS-MIL-1669,Via Demonte,,giallo,3,strada urbana senza ciclabile (2 corsie),no,2,no,0,C2,
SS-MIL-1670,Via Demostene,,giallo,3,strada urbana senza ciclabile,no,2,si,0,C2,
SS-MIL-1671,Via Derganino,,giallo,3,strada urbana senza ciclabile,no,2,si,0,C2,
SS-MIL-1672,Via Desana,,blu,2,accesso limitato (ZTL),no,1,no,0,A2,
SS-MIL-1673,Via Desenzano,,giallo,3,strada urbana senza ciclabile (1 corsie),no,1,si,0,B1,
SS-MIL-1674,Via Desiderio,,giallo,3,strada urbana senza ciclabile (1 corsie),no,1,si,0,B2,
SS-MIL-1675,Via Desiderio da Settignano,,giallo,3,strada urbana senza ciclabile,no,2,si,0,B1,
SS-MIL-1676,Via Dessiè,,rosso,4,strada principale trafficata,no,2,si,0,B1,
SS-MIL-1677,Via Diano Marina,,giallo,3,strada urbana senza ciclabile,no,2,no,0,B1,
SS-MIL-1678,Via Diego Guicciardi,,giallo,3,strada urbana senza ciclabile (1 corsie),no,1,si,0,C2,
SS-MIL-1679,Via Digione,,giallo,3,strada urbana senza ciclabile (1 corsie),no,1,si,0,B1,
SS-MIL-1680,Via Dina Galli,,giallo,3,strada urbana senza ciclabile,no,2,si,0,A1,
SS-MIL-1681,Via Dino Buzzati,,giallo,3,strada urbana senza ciclabile,no,2,no,0,C1,
SS-MIL-1682,Via Dino Compagni,,blu,2,zona pedonale / living street,no,1,no,0,B2,
SS-MIL-1683,Via Diodoro Siculo,,giallo,3,strada urbana senza ciclabile,no,2,si,0,C2,
SS-MIL-1684,Via Diomede,,giallo,3,strada urbana senza ciclabile,no,2,no,0,B1,
SS-MIL-1685,Via Dionigi Bussola,,giallo,3,strada urbana senza ciclabile,no,2,si,0,B1,
SS-MIL-1686,Via Disciplini,,giallo,3,strada urbana senza ciclabile,no,2,si,0,B2,
SS-MIL-1687,Via Doberdò,,giallo,3,strada urbana senza ciclabile,no,2,si,0,C2,
SS-MIL-1688,Via Dogana,,blu,2,zona pedonale / living street,no,1,no,0,B2,
SS-MIL-1689,Via Dolomiti,,giallo,3,strada urbana senza ciclabile (1 corsie),no,1,si,0,C2,
SS-MIL-1690,Via Domaso,,giallo,3,strada urbana senza ciclabile,no,2,no,0,B1,
SS-MIL-1691,Via Domenichino,,giallo,3,strada urbana senza ciclabile,no,2,si,0,B1,
SS-MIL-1692,Via Domenico Balestrieri,,giallo,3,strada urbana senza ciclabile,no,2,si,0,B2,
SS-MIL-1693,Via Domenico Berra,,giallo,3,strada urbana senza ciclabile,no,2,si,0,C2,
SS-MIL-1694,Via Domenico Cimarosa,,giallo,3,strada urbana senza ciclabile,no,2,no,0,A1,
SS-MIL-1695,Via Domenico Cirillo,,giallo,3,strada urbana senza ciclabile (1 corsie),no,1,si,0,B2,
SS-MIL-1696,Via Domenico Cucchiari,,giallo,3,strada urbana senza ciclabile,no,2,si,0,C2,
SS-MIL-1697,Via Domenico Fiorani,,giallo,3,strada urbana senza ciclabile (1 corsie),no,1,si,0,C2,
SS-MIL-1698,Via Domenico Millelire,,giallo,3,strada urbana senza ciclabile,no,2,si,0,B1,
SS-MIL-1699,Via Domenico Scarlatti,,giallo,3,strada urbana senza ciclabile (1 corsie),no,1,si,0,A1,
SS-MIL-1700,Via Domenico Trentacoste,,giallo,3,strada urbana senza ciclabile (1 corsie),no,1,si,0,B2,
SS-MIL-1701,Via Domenico Veneziano,,giallo,3,strada urbana senza ciclabile,no,2,si,0,B2,
SS-MIL-1702,Via Domizio Ulpiano,,giallo,3,strada urbana senza ciclabile,no,2,si,0,B1,
SS-MIL-1703,Via Domodossola,,giallo,3,strada urbana senza ciclabile (2 corsie),no,2,si,0,B2,
SS-MIL-1704,Via Domokos,,verde,1,ciclabile presente (da OpenStreetMap),si,2,no,0,B1,
SS-MIL-1705,Via Don Bosco,,giallo,3,strada urbana senza ciclabile,no,2,si,0,B2,
SS-MIL-1706,Via Don Carlo Gnocchi,,giallo,3,strada urbana senza ciclabile,no,2,si,0,B1,
SS-MIL-1707,Via Don Carlo Porro,,giallo,3,strada urbana senza ciclabile,no,2,si,0,C2,
SS-MIL-1708,Via Don Carlo San Martino,,giallo,3,strada urbana senza ciclabile (2 corsie),no,2,no,0,B2,
SS-MIL-1709,Via Don Enrico Tazzoli,,giallo,3,strada urbana senza ciclabile,no,2,si,0,A1,
SS-MIL-1710,Via Don Ernesto Vercesi,,giallo,3,strada urbana senza ciclabile,no,2,si,0,B1,
SS-MIL-1711,Via Don Ferrante,,giallo,3,strada urbana senza ciclabile,no,2,no,0,A2,
SS-MIL-1712,Via Don Flaminio Tornaghi,,verde,1,ciclabile presente (da OpenStreetMap),si,2,no,0,B1,
SS-MIL-1713,Via Don Francesco Beniamino Della Torre,,giallo,3,strada urbana senza ciclabile,no,2,no,0,C1,
SS-MIL-1714,Via Don G.B. Candiani,,giallo,3,strada urbana senza ciclabile,no,2,si,0,A2,
SS-MIL-1715,Via Don Giacomo Casaleggi,,giallo,3,strada urbana senza ciclabile,no,2,no,0,A1,
SS-MIL-1716,Via Don Giovanni Grioli,,giallo,3,strada urbana senza ciclabile,no,2,si,0,C2,
SS-MIL-1717,Via Don Giovanni Minzoni,,giallo,3,strada urbana senza ciclabile,no,2,no,0,A2,
SS-MIL-1718,Via Don Giovanni Verità,,giallo,3,strada urbana senza ciclabile,no,2,si,0,C2,
SS-MIL-1719,Via Don Giuseppe Andreoli,,giallo,3,strada urbana senza ciclabile,no,2,si,0,C2,
SS-MIL-1720,Via Don Giuseppe Gervasini,,giallo,3,strada urbana senza ciclabile,no,2,no,0,B1,
SS-MIL-1721,Via Don Giuseppe del Corno,,giallo,3,strada urbana senza ciclabile,no,2,si,0,C2,
SS-MIL-1722,Via Don Luigi Guanella,,giallo,3,strada urbana senza ciclabile,no,2,no,0,C1,
SS-MIL-1723,Via Don Luigi Palazzolo,,giallo,3,strada urbana senza ciclabile,no,2,si,0,C1,
SS-MIL-1724,Via Don Luigi Sturzo,,giallo,3,strada urbana senza ciclabile,no,2,no,0,A2,
SS-MIL-1725,Via Don Milani,,giallo,3,strada urbana senza ciclabile,no,2,no,0,A2,
SS-MIL-1726,Via Don Primo Mazzolari,,giallo,3,strada urbana senza ciclabile,no,2,no,0,A1,
SS-MIL-1727,Via Don Roberto Bigiogera,,giallo,3,strada urbana senza ciclabile,no,2,si,0,C2,
SS-MIL-1728,Via Don Rodrigo,,giallo,3,strada urbana senza ciclabile,no,2,no,0,A2,
SS-MIL-1729,Via Don Valentino Rigamonti,,giallo,3,strada urbana senza ciclabile,no,2,no,0,C1,
SS-MIL-1730,Via Don Vigilio Sioli,,giallo,3,strada urbana senza ciclabile,no,2,no,0,C1,
SS-MIL-1731,Via Donatello,,giallo,3,strada urbana senza ciclabile,no,2,no,0,B1,
SS-MIL-1732,Via Donato Bosso,,giallo,3,strada urbana senza ciclabile (1 corsie),no,1,si,0,B2,
SS-MIL-1733,Via Donato Bramante,,giallo,3,strada urbana senza ciclabile,no,2,si,0,A1,
SS-MIL-1734,Via Donato Montorfano,,giallo,3,strada urbana senza ciclabile,no,2,no,0,B1,
SS-MIL-1735,Via Donatori del Sangue,,giallo,3,strada urbana senza ciclabile,no,2,no,0,C1,
SS-MIL-1736,Via Donna Prassede,,giallo,3,strada urbana senza ciclabile,no,2,no,0,A2,
SS-MIL-1737,Via Dora Baltea,,giallo,3,strada urbana senza ciclabile,no,2,no,0,C2,
SS-MIL-1738,Via Dora Riparia,,giallo,3,strada urbana senza ciclabile,no,2,no,0,C2,
SS-MIL-1739,Via Duccio Galimberti,,giallo,3,strada urbana senza ciclabile,no,2,si,0,A1,
SS-MIL-1740,Via Duccio di Buoninsegna,,giallo,3,strada urbana senza ciclabile,no,2,no,0,A1,
SS-MIL-1741,Via Due Giugno,,giallo,3,strada urbana senza ciclabile (2 corsie),no,2,no,0,A2,
SS-MIL-1742,Via Duino,,giallo,3,strada urbana senza ciclabile,no,2,no,0,C1,
SS-MIL-1743,Via Durazzo,,giallo,3,strada urbana senza ciclabile (1 corsie),no,1,si,0,C2,
SS-MIL-1744,Via Durini,,blu,2,zona pedonale / living street,no,1,no,0,B2,
SS-MIL-1745,Via Eching,,giallo,3,strada urbana senza ciclabile,no,2,no,0,A1,
SS-MIL-1746,Via Edgardo Moltoni,,giallo,3,strada urbana senza ciclabile,no,2,si,0,B1,
SS-MIL-1747,Via Edgardo Sogno,,giallo,3,strada urbana senza ciclabile,no,2,no,0,C2,
SS-MIL-1748,Via Edmondo De Amicis,,verde,1,ciclabile presente (da OpenStreetMap),si,2,si,0,A1,
SS-MIL-1749,Via Edoardo Bassini,,giallo,3,strada urbana senza ciclabile (1 corsie),no,1,si,0,B2,
SS-MIL-1750,Via Edoardo Bianchi,,giallo,3,strada urbana senza ciclabile,no,2,si,0,C2,
SS-MIL-1751,Via Edoardo Bonardi,,giallo,3,strada urbana senza ciclabile (1 corsie),no,1,si,0,B2,
SS-MIL-1752,Via Edoardo Chinotto,,verde,1,ciclabile presente (da OpenStreetMap),si,2,no,0,B1,
SS-MIL-1753,Via Edoardo Gilardi,,giallo,3,strada urbana senza ciclabile (2 corsie),no,2,no,0,C2,
SS-MIL-1754,Via Edoardo Giraud,,giallo,3,strada urbana senza ciclabile,no,2,no,0,B2,
SS-MIL-1755,Via Edoardo Porro,,giallo,3,strada urbana senza ciclabile (1 corsie),no,1,si,0,C2,
SS-MIL-1756,Via Edolo,,giallo,3,strada urbana senza ciclabile,no,2,si,0,C2,
SS-MIL-1757,Via Egadi,,giallo,3,strada urbana senza ciclabile (2 corsie),no,2,no,0,B1,
SS-MIL-1758,Via Egidio Folli,,giallo,3,strada urbana senza ciclabile,no,2,no,0,B2,
SS-MIL-1759,Via El Alamein,,giallo,3,strada urbana senza ciclabile,no,2,no,0,C1,
SS-MIL-1760,Via Elba,,giallo,3,strada urbana senza ciclabile,no,2,si,0,B1,
SS-MIL-1761,Via Eleonara Duse,,giallo,3,strada urbana senza ciclabile,no,2,si,0,A1,
SS-MIL-1762,Via Eleonora Fonseca Pimentel,,giallo,3,strada urbana senza ciclabile,no,2,si,0,C2,
SS-MIL-1763,Via Eleuterio Pagliano,,giallo,3,strada urbana senza ciclabile,no,2,no,0,B1,
SS-MIL-1764,Via Elia Lombardini,,giallo,3,strada urbana senza ciclabile,no,2,si,0,B2,
SS-MIL-1765,Via Eligio Brigatti,,giallo,3,strada urbana senza ciclabile,no,2,si,0,B1,
SS-MIL-1766,Via Elio Reguzzoni,,giallo,3,strada urbana senza ciclabile,no,2,si,0,C2,
SS-MIL-1767,Via Elio Vittorini,,giallo,3,strada urbana senza ciclabile,no,2,no,0,A1,
SS-MIL-1768,Via Elsa Morante,,giallo,3,strada urbana senza ciclabile,no,2,no,0,A1,
SS-MIL-1769,Via Emanuele Filiberto,,giallo,3,strada urbana senza ciclabile,no,2,no,0,B1,
SS-MIL-1770,Via Emanuele Jona,,giallo,3,strada urbana senza ciclabile,no,2,no,0,C1,
SS-MIL-1771,Via Emanuele Kant,,giallo,3,strada urbana senza ciclabile,no,2,no,0,C1,
SS-MIL-1772,Via Emanuele Muzio,,giallo,3,strada urbana senza ciclabile (1 corsie),no,1,si,0,C2,
SS-MIL-1773,Via Emanuele Odazio,,giallo,3,strada urbana senza ciclabile,no,2,no,0,B1,
SS-MIL-1774,Via Emilia,,giallo,3,strada urbana senza ciclabile (2 corsie),no,2,si,0,A1,
SS-MIL-1775,Via Emilio Alessandrini,,giallo,3,strada urbana senza ciclabile,no,2,no,0,A1,
SS-MIL-1776,Via Emilio Bianchi,,giallo,3,strada urbana senza ciclabile,no,2,no,0,C1,
SS-MIL-1777,Via Emilio Bignami,,giallo,3,strada urbana senza ciclabile,no,2,no,0,C2,
SS-MIL-1778,Via Emilio Broglio,,giallo,3,strada urbana senza ciclabile,no,2,si,0,C2,
SS-MIL-1779,Via Emilio Caldara,,giallo,3,strada urbana senza ciclabile,no,2,no,0,A1,
SS-MIL-1780,Via Emilio Cecchi,,giallo,3,strada urbana senza ciclabile,no,2,si,0,C2,
SS-MIL-1781,Via Emilio Cornalia,,giallo,3,strada urbana senza ciclabile (2 corsie),no,2,no,0,B2,
SS-MIL-1782,Via Emilio De Marchi,,giallo,3,strada urbana senza ciclabile (2 corsie),no,2,no,0,C2,
SS-MIL-1783,Via Emilio De Martino,,giallo,3,strada urbana senza ciclabile,no,2,no,0,C2,
SS-MIL-1784,Via Emilio Faa' Di Bruno,,giallo,3,strada urbana senza ciclabile,no,2,si,0,B2,
SS-MIL-1785,Via Emilio Gola,,giallo,3,strada urbana senza ciclabile,no,2,no,0,B2,
SS-MIL-1786,Via Emilio Lussu,,giallo,3,strada urbana senza ciclabile,no,2,no,0,C2,
SS-MIL-1787,Via Emilio Morosini,,giallo,3,strada urbana senza ciclabile (2 corsie),no,2,no,0,B2,
SS-MIL-1788,Via Emilio Motta,,giallo,3,strada urbana senza ciclabile,no,2,si,0,B2,
SS-MIL-1789,Via Emilio Olivari,,giallo,3,strada urbana senza ciclabile,no,2,si,0,C2,
SS-MIL-1790,Via Emilio Treves,,giallo,3,strada urbana senza ciclabile,no,2,si,0,C2,
SS-MIL-1791,Via Emilio Visconti Venosta,,giallo,3,strada urbana senza ciclabile (1 corsie),no,1,si,0,B2,
SS-MIL-1792,Via Emilio e Marco Praga,,giallo,3,strada urbana senza ciclabile,no,2,si,0,B2,
SS-MIL-1793,Via Empedocle,,giallo,3,strada urbana senza ciclabile,no,2,si,0,C2,
SS-MIL-1794,Via Empoli,,giallo,3,strada urbana senza ciclabile,no,2,si,0,C2,
SS-MIL-1795,Via Enea Salmeggia,,giallo,3,strada urbana senza ciclabile,no,2,si,0,C2,
SS-MIL-1796,Via Enna,,giallo,3,strada urbana senza ciclabile (1 corsie),no,1,si,0,B1,
SS-MIL-1797,Via Ennio,,giallo,3,strada urbana senza ciclabile (2 corsie),no,2,no,0,B2,
SS-MIL-1798,Via Ennio Morlotti,,giallo,3,strada urbana senza ciclabile,no,2,si,0,C2,
SS-MIL-1799,Via Enrico Acerbi,,giallo,3,strada urbana senza ciclabile,no,2,si,0,C2,
SS-MIL-1800,Via Enrico Annibale Butti,,giallo,3,strada urbana senza ciclabile,no,2,no,0,C2,
SS-MIL-1801,Via Enrico Berlinguer,,giallo,3,strada urbana senza ciclabile,no,2,no,0,A2,
SS-MIL-1802,Via Enrico Besana,,giallo,3,strada urbana senza ciclabile (2 corsie),no,2,no,0,B2,
SS-MIL-1803,Via Enrico Caruso,,giallo,3,strada urbana senza ciclabile,no,2,si,0,A1,
SS-MIL-1804,Via Enrico Caviglia,,giallo,3,strada urbana senza ciclabile,no,2,si,0,B2,
SS-MIL-1805,Via Enrico Cernuschi,,giallo,3,strada urbana senza ciclabile,no,2,si,0,B2,
SS-MIL-1806,Via Enrico Cialdini,,giallo,3,strada urbana senza ciclabile,no,2,si,0,C2,
SS-MIL-1807,Via Enrico Cosenz,,giallo,3,strada urbana senza ciclabile (1 corsie),no,1,si,0,C2,
SS-MIL-1808,Via Enrico Dandolo,,giallo,3,strada urbana senza ciclabile,no,2,si,0,B2,
SS-MIL-1809,Via Enrico De Nicola,,giallo,3,strada urbana senza ciclabile,no,2,si,0,A1,
SS-MIL-1810,Via Enrico Falck,,giallo,3,strada urbana senza ciclabile,no,2,si,0,C1,
SS-MIL-1811,Via Enrico Fermi,,giallo,3,strada urbana senza ciclabile,no,2,no,0,A1,
SS-MIL-1812,Via Enrico Forlanini,,giallo,3,strada urbana senza ciclabile,no,2,no,0,A1,
SS-MIL-1813,Via Enrico Gonzales,,giallo,3,strada urbana senza ciclabile,no,2,no,0,B2,
SS-MIL-1814,Via Enrico Heine,,giallo,3,strada urbana senza ciclabile,no,2,no,0,B2,
SS-MIL-1815,Via Enrico Mattei,,giallo,3,strada urbana senza ciclabile (2 corsie),no,2,no,0,A2,
SS-MIL-1816,Via Enrico Noë,,giallo,3,strada urbana senza ciclabile,no,2,si,0,B2,
SS-MIL-1817,Via Enrico Panzacchi,,giallo,3,strada urbana senza ciclabile,no,2,si,0,B2,
SS-MIL-1818,Via Enrico Peressutti,,giallo,3,strada urbana senza ciclabile,no,2,no,0,A2,
SS-MIL-1819,Via Enrico Petrella,,giallo,3,strada urbana senza ciclabile,no,2,no,0,A1,
SS-MIL-1820,Via Enrico Schievano,,giallo,3,strada urbana senza ciclabile,no,2,si,0,B2,
SS-MIL-1821,Via Enrico Serretta,,giallo,3,strada urbana senza ciclabile,no,2,no,0,C1,
SS-MIL-1822,Via Enrico Sertoli,,giallo,3,strada urbana senza ciclabile (2 corsie),no,2,no,0,C1,
SS-MIL-1823,Via Enrico Stendhal,,verde,1,ciclabile presente (da OpenStreetMap),si,2,si,0,B2,
SS-MIL-1824,Via Enrico Tazzoli,,giallo,3,strada urbana senza ciclabile,no,2,si,0,B2,
SS-MIL-1825,Via Enrico Tellini,,giallo,3,strada urbana senza ciclabile,no,2,si,0,C2,
SS-MIL-1826,Via Enrico Terzaghi,,giallo,3,strada urbana senza ciclabile (1 corsie),no,1,si,0,C1,
SS-MIL-1827,Via Enrico Toti,,giallo,3,strada urbana senza ciclabile,no,2,si,0,C1,
SS-MIL-1828,Via Enzo Balzarotti,,giallo,3,strada urbana senza ciclabile,no,2,no,0,C1,
SS-MIL-1829,Via Enzo Ferrieri,,giallo,3,strada urbana senza ciclabile,no,2,si,0,B1,
SS-MIL-1830,Via Enzo Jannacci,,giallo,3,strada urbana senza ciclabile (2 corsie),no,2,no,0,B2,
SS-MIL-1831,Via Enzo Petraccone,,giallo,3,strada urbana senza ciclabile,no,2,no,0,C2,
SS-MIL-1832,Via Erasmo Da Rotterdam,,giallo,3,strada urbana senza ciclabile,no,2,no,0,B2,
SS-MIL-1833,Via Erba,,giallo,3,strada urbana senza ciclabile (2 corsie),no,2,si,0,C1,
SS-MIL-1834,Via Ercolano,,giallo,3,strada urbana senza ciclabile,no,2,no,0,C1,
SS-MIL-1835,Via Ercole Ferrario,,giallo,3,strada urbana senza ciclabile,no,2,si,0,B2,
SS-MIL-1836,Via Ercole Oldofredi,,giallo,3,strada urbana senza ciclabile,no,2,si,0,C2,
SS-MIL-1837,Via Ercole Ricotti,,giallo,3,strada urbana senza ciclabile,no,2,si,0,C2,
SS-MIL-1838,Via Erice,,giallo,3,strada urbana senza ciclabile,no,2,no,0,A2,
SS-MIL-1839,Via Eritrea,,giallo,3,strada urbana senza ciclabile,no,2,si,0,C1,
SS-MIL-1840,Via Ermanno Barigozzi,,giallo,3,strada urbana senza ciclabile (1 corsie),no,1,si,0,B2,
SS-MIL-1841,Via Ermanno Wolf Ferrari,,giallo,3,strada urbana senza ciclabile (2 corsie),no,2,no,0,A2,
SS-MIL-1842,Via Ermenegildo Cantoni,,giallo,3,strada urbana senza ciclabile,no,2,si,0,C1,
SS-MIL-1843,Via Ermete Zacconi,,giallo,3,strada urbana senza ciclabile (2 corsie),no,2,no,0,C1,
SS-MIL-1844,Via Ernest Schering,,giallo,3,strada urbana senza ciclabile,no,2,no,0,C2,
SS-MIL-1845,Via Ernesto Besenzanica,,giallo,3,strada urbana senza ciclabile (1 corsie),no,1,si,0,B1,
SS-MIL-1846,Via Ernesto Breda,,giallo,3,strada urbana senza ciclabile (2 corsie),no,2,no,0,C2,
SS-MIL-1847,Via Ernesto Calindri,,giallo,3,strada urbana senza ciclabile,no,2,si,0,B2,
SS-MIL-1848,Via Ernesto Paselli,,giallo,3,strada urbana senza ciclabile (1 corsie),no,1,si,0,B2,
SS-MIL-1849,Via Ernesto Rogers,,giallo,3,strada urbana senza ciclabile,no,2,si,0,A2,
SS-MIL-1850,Via Ernesto Rossi,,giallo,3,strada urbana senza ciclabile (2 corsie),no,2,no,0,B1,
SS-MIL-1851,Via Ernesto Teodoro Moneta,,giallo,3,strada urbana senza ciclabile,no,2,si,0,C2,
SS-MIL-1852,Via Erodoto,,giallo,3,strada urbana senza ciclabile,no,2,no,0,C2,
SS-MIL-1853,Via Errico Petrella,,giallo,3,strada urbana senza ciclabile,no,2,si,0,B2,
SS-MIL-1854,Via Erto,,giallo,3,strada urbana senza ciclabile,no,2,no,0,C1,
SS-MIL-1855,Via Eschilo,,giallo,3,strada urbana senza ciclabile (1 corsie),no,1,si,0,B1,
SS-MIL-1856,Via Esopo,,giallo,3,strada urbana senza ciclabile,no,2,si,0,C2,
SS-MIL-1857,Via Etna,,giallo,3,strada urbana senza ciclabile,no,2,no,0,A1,
SS-MIL-1858,Via Ettore Bellani,,giallo,3,strada urbana senza ciclabile,no,2,no,0,B2,
SS-MIL-1859,Via Ettore Bugatti,,giallo,3,strada urbana senza ciclabile,no,2,si,0,A2,
SS-MIL-1860,Via Ettore Ciccotti,,giallo,3,strada urbana senza ciclabile,no,2,si,0,C2,
SS-MIL-1861,Via Ettore Fieramosca,,blu,2,zona pedonale / living street,no,1,no,0,C2,
SS-MIL-1862,Via Ettore Majorana,,giallo,3,strada urbana senza ciclabile,no,2,si,0,C2,
SS-MIL-1863,Via Ettore Paladini,,giallo,3,strada urbana senza ciclabile (1 corsie),no,1,no,0,B2,
SS-MIL-1864,Via Ettore Ponti,,giallo,3,strada urbana senza ciclabile,no,2,si,0,B1,
SS-MIL-1865,Via Ettore Romagnoli,,giallo,3,strada urbana senza ciclabile,no,2,si,0,B1,
SS-MIL-1866,Via Ettore Troilo,,giallo,3,strada urbana senza ciclabile,no,2,no,0,B2,
SS-MIL-1867,Via Ettore Ximenes,,giallo,3,strada urbana senza ciclabile,no,2,si,0,C2,
SS-MIL-1868,Via Euclide,,giallo,3,strada urbana senza ciclabile,no,2,no,0,C2,
SS-MIL-1869,Via Eugenio Balzan,,giallo,3,strada urbana senza ciclabile,no,2,si,0,B2,
SS-MIL-1870,Via Eugenio Bellosio,,giallo,3,strada urbana senza ciclabile,no,2,si,0,B2,
SS-MIL-1871,Via Eugenio Camerini,,giallo,3,strada urbana senza ciclabile,no,2,si,0,C2,
SS-MIL-1872,Via Eugenio Carpi,,giallo,3,strada urbana senza ciclabile (1 corsie),no,1,si,0,C2,
SS-MIL-1873,Via Eugenio Chiesa,,giallo,3,strada urbana senza ciclabile (1 corsie),no,1,si,0,B2,
SS-MIL-1874,Via Eugenio Colorni,,giallo,3,strada urbana senza ciclabile,no,2,no,0,B2,
SS-MIL-1875,Via Eugenio Curiel,,giallo,3,strada urbana senza ciclabile (2 corsie),no,2,no,0,A1,
SS-MIL-1876,Via Eugenio Donadoni,,giallo,3,strada urbana senza ciclabile,no,2,no,0,C1,
SS-MIL-1877,Via Eugenio Medea,,giallo,3,strada urbana senza ciclabile,no,2,si,0,A2,
SS-MIL-1878,Via Eugenio Montale,,verde,1,ciclabile presente (da OpenStreetMap),si,2,no,0,B1,
SS-MIL-1879,Via Eugenio Pellini,,giallo,3,strada urbana senza ciclabile,no,2,si,0,C2,
SS-MIL-1880,Via Eugenio Quarti,,giallo,3,strada urbana senza ciclabile,no,2,no,0,B1,
SS-MIL-1881,Via Eugenio Torelli Viollier,,giallo,3,strada urbana senza ciclabile (1 corsie),no,1,si,0,C2,
SS-MIL-1882,Via Eugenio Vaina,,giallo,3,strada urbana senza ciclabile (1 corsie),no,1,si,0,B2,
SS-MIL-1883,Via Eugenio Villoresi,,giallo,3,strada urbana senza ciclabile,no,2,si,0,B2,
SS-MIL-1884,Via Eupili,,giallo,3,strada urbana senza ciclabile,no,2,si,0,B2,
SS-MIL-1885,Via Euripide,,giallo,3,strada urbana senza ciclabile (1 corsie),no,1,si,0,B1,
SS-MIL-1886,Via Europa,,giallo,3,strada urbana senza ciclabile,no,2,no,0,A2,
SS-MIL-1887,Via Europa (bis),,giallo,3,strada urbana senza ciclabile (2 corsie),no,2,no,0,A2,
SS-MIL-1888,Via Evangelista Torricelli,,giallo,3,strada urbana senza ciclabile,no,2,no,0,A1,
SS-MIL-1889,Via Evaristo Baschenis,,giallo,3,strada urbana senza ciclabile,no,2,si,0,C1,
SS-MIL-1890,Via Ex Internati nei Lager Nazisti,,blu,2,zona pedonale / living street,no,1,no,0,C2,
SS-MIL-1891,Via Ezio Andolfato,,giallo,3,strada urbana senza ciclabile,no,2,si,0,C2,
SS-MIL-1892,Via Ezio Biondi,,giallo,3,strada urbana senza ciclabile,no,2,no,0,B2,
SS-MIL-1893,Via Ezio Vanoni,,giallo,3,strada urbana senza ciclabile,no,2,no,0,C1,
SS-MIL-1894,Via F.R. Lamennais,,giallo,3,strada urbana senza ciclabile,no,2,no,0,B1,
SS-MIL-1895,Via Fabio Filzi,,giallo,3,strada urbana senza ciclabile,no,2,si,0,A1,
SS-MIL-1896,Via Fabio Mangone,,giallo,3,strada urbana senza ciclabile,no,2,si,0,B2,
SS-MIL-1897,Via Fabio Massimo,,rosso,4,strada secondaria trafficata,no,2,si,0,A2,
SS-MIL-1898,Via Fabriano,,giallo,3,strada urbana senza ciclabile,no,2,no,0,C2,
SS-MIL-1899,Via Fabrizio Clerici,,rosso,4,strada secondaria trafficata (4 corsie),no,4,si,0,C2,
SS-MIL-1900,Via Fabrizio Quattrocchi,,rosso,4,strada secondaria trafficata,no,2,si,0,C1,
SS-MIL-1901,Via Fabrizio de André,,giallo,3,strada urbana senza ciclabile,no,2,no,0,A2,
SS-MIL-1902,Via Fagnana,,giallo,3,strada urbana senza ciclabile,no,2,no,0,A1,
SS-MIL-1903,Via Faiti,,giallo,3,strada urbana senza ciclabile,no,2,no,0,C2,
SS-MIL-1904,Via Falcone,,giallo,3,strada urbana senza ciclabile (1 corsie),no,1,si,0,B2,
SS-MIL-1905,Via Falzarego,,giallo,3,strada urbana senza ciclabile,no,2,si,0,C1,
SS-MIL-1906,Via Fanfulla da Lodi,,giallo,3,strada urbana senza ciclabile,no,2,no,0,A1,
SS-MIL-1907,Via Fano,,giallo,3,strada urbana senza ciclabile (1 corsie),no,1,si,0,C2,
SS-MIL-1908,Via Fantasio Piccoli,,giallo,3,strada urbana senza ciclabile,no,2,no,0,B1,
SS-MIL-1909,Via Fante d'Italia,,giallo,3,strada urbana senza ciclabile (1 corsie),no,1,si,0,C2,
SS-MIL-1910,Via Farsaglia,,giallo,3,strada urbana senza ciclabile,no,2,si,0,B2,
SS-MIL-1911,Via Fatebenefratelli,,verde,1,ciclabile presente (da OpenStreetMap),si,2,si,0,B2,
SS-MIL-1912,Via Fatebenesorelle,,giallo,3,strada urbana senza ciclabile,no,2,no,0,B2,
SS-MIL-1913,Via Fausto Coppi,,giallo,3,strada urbana senza ciclabile (1 corsie),no,1,si,0,B1,
SS-MIL-1914,Via Fausto Melotti,,giallo,3,strada urbana senza ciclabile (2 corsie),no,2,no,0,B2,
SS-MIL-1915,Via Fedele Sopranzi,,giallo,3,strada urbana senza ciclabile,no,2,no,0,B2,
SS-MIL-1916,Via Federica Galli,,giallo,3,strada urbana senza ciclabile (1 corsie),no,1,si,0,C2,
SS-MIL-1917,Via Federico Bellazzi,,giallo,3,strada urbana senza ciclabile,no,2,si,0,C2,
SS-MIL-1918,Via Federico Borromeo,,rosso,4,strada secondaria trafficata (2 corsie),no,2,no,0,C1,
SS-MIL-1919,Via Federico Chopin,,giallo,3,strada urbana senza ciclabile,no,2,no,0,A2,
SS-MIL-1920,Via Federico Confalonieri,,giallo,3,strada urbana senza ciclabile,no,2,si,0,C2,
SS-MIL-1921,Via Federico Engels,,giallo,3,strada urbana senza ciclabile,no,2,si,0,B1,
SS-MIL-1922,Via Federico Faruffini,,giallo,3,strada urbana senza ciclabile,no,2,si,0,B1,
SS-MIL-1923,Via Federico Jarach,,giallo,3,strada urbana senza ciclabile,no,2,no,0,C2,
SS-MIL-1924,Via Federico Muratori,,giallo,3,strada urbana senza ciclabile,no,2,si,0,C1,
SS-MIL-1925,Via Federico Ozanam,,giallo,3,strada urbana senza ciclabile (1 corsie),no,1,si,0,B2,
SS-MIL-1926,Via Federico Tesio,,giallo,3,strada urbana senza ciclabile,no,2,no,0,B1,
SS-MIL-1927,Via Federico Zardi,,giallo,3,strada urbana senza ciclabile,no,2,no,0,C1,
SS-MIL-1928,Via Federico de Roberto,,giallo,3,strada urbana senza ciclabile,no,2,no,0,C1,
SS-MIL-1929,Via Fedro,,giallo,3,strada urbana senza ciclabile,no,2,si,0,B2,
SS-MIL-1930,Via Felice Bellotti,,giallo,3,strada urbana senza ciclabile,no,2,no,0,B2,
SS-MIL-1931,Via Felice Bisleri,,giallo,3,strada urbana senza ciclabile,no,2,no,0,B1,
SS-MIL-1932,Via Felice Casati,,giallo,3,strada urbana senza ciclabile,no,2,si,0,B2,
SS-MIL-1933,Via Felice Casorati,,giallo,3,strada urbana senza ciclabile,no,2,no,0,B1,
SS-MIL-1934,Via Felice Cavallotti,,giallo,3,strada urbana senza ciclabile (1 corsie),no,1,si,0,B2,
SS-MIL-1935,Via Felice Lacerra,,giallo,3,strada urbana senza ciclabile,no,2,si,0,C2,
SS-MIL-1936,Via Felice Lope de Vega,,giallo,3,strada urbana senza ciclabile,no,2,no,0,B2,
SS-MIL-1937,Via Felice Maritano,,giallo,3,strada urbana senza ciclabile (1 corsie),no,1,si,0,A2,
SS-MIL-1938,Via Felice Orsini,,giallo,3,strada urbana senza ciclabile,no,2,no,0,C1,
SS-MIL-1939,Via Felice Perussia,,giallo,3,strada urbana senza ciclabile,no,2,no,0,A2,
SS-MIL-1940,Via Felice Poggi,,giallo,3,strada urbana senza ciclabile (1 corsie),no,1,si,0,B2,
SS-MIL-1941,Via Felice Venosta,,giallo,3,strada urbana senza ciclabile,no,2,no,0,B1,
SS-MIL-1942,Via Felicita Morandi,,giallo,3,strada urbana senza ciclabile (1 corsie),no,1,si,0,C2,
SS-MIL-1943,Via Feltre,,giallo,3,strada urbana senza ciclabile (2 corsie),no,2,no,0,C2,
SS-MIL-1944,Via Ferdinando Bocconi,,giallo,3,strada urbana senza ciclabile,no,2,no,0,B2,
SS-MIL-1945,Via Ferdinando Galiani,,giallo,3,strada urbana senza ciclabile,no,2,si,0,C2,
SS-MIL-1946,Via Ferdinando Giorgi,,giallo,3,strada urbana senza ciclabile,no,2,no,0,C1,
SS-MIL-1947,Via Ferdinando Gregorovius,,giallo,3,strada urbana senza ciclabile (2 corsie),no,2,no,0,C2,
SS-MIL-1948,Via Ferdinando Innocenti,,giallo,3,strada urbana senza ciclabile,no,2,no,0,C2,
SS-MIL-1949,Via Ferdinando Magellano,,giallo,3,strada urbana senza ciclabile,no,2,no,0,B1,
SS-MIL-1950,Via Ferdinando Marescalchi,,giallo,3,strada urbana senza ciclabile (1 corsie),no,1,si,0,B2,
SS-MIL-1951,Via Ferdinando Santi,,giallo,3,strada urbana senza ciclabile,no,2,no,0,C1,
SS-MIL-1952,Via Ferdinando Ughelli,,giallo,3,strada urbana senza ciclabile,no,2,si,0,C1,
SS-MIL-1953,Via Fermignano,,giallo,3,strada urbana senza ciclabile,no,2,si,0,C2,
SS-MIL-1954,Via Fernanda Wittgens,,giallo,3,strada urbana senza ciclabile,no,2,si,0,B2,
SS-MIL-1955,Via Fernando Santi,,rosso,4,strada secondaria trafficata,no,2,no,0,A1,
SS-MIL-1956,Via Ferrante Aporti,,giallo,3,strada urbana senza ciclabile (1 corsie),no,1,si,0,C2,
SS-MIL-1957,Via Ferrara,,giallo,3,strada urbana senza ciclabile,no,2,si,0,C2,
SS-MIL-1958,Via Ferruccio Busoni,,giallo,3,strada urbana senza ciclabile,no,2,no,0,B2,
SS-MIL-1959,Via Ferruccio Parri,,rosso,4,strada secondaria trafficata (3 corsie),no,3,si,0,A1,
SS-MIL-1960,Via Festa del Perdono,,blu,2,zona pedonale / living street,no,1,no,0,B2,
SS-MIL-1961,Via Fetonte,,giallo,3,strada urbana senza ciclabile,no,2,si,0,B1,
SS-MIL-1962,Via Fezzan,,giallo,3,strada urbana senza ciclabile (1 corsie),no,1,si,0,B1,
SS-MIL-1963,Via Fidenza,,giallo,3,strada urbana senza ciclabile,no,2,no,0,A2,
SS-MIL-1964,Via Fieno,,giallo,3,strada urbana senza ciclabile (1 corsie),no,1,si,0,B2,
SS-MIL-1965,Via Figino,,giallo,3,strada urbana senza ciclabile (1 corsie),no,1,no,0,C1,
SS-MIL-1966,Via Filarete,,giallo,3,strada urbana senza ciclabile (1 corsie),no,1,si,0,B2,
SS-MIL-1967,Via Filippino Lippi,,giallo,3,strada urbana senza ciclabile,no,2,si,0,B2,
SS-MIL-1968,Via Filippino degli Organi,,giallo,3,strada urbana senza ciclabile,no,2,si,0,B2,
SS-MIL-1969,Via Filippo Abbiati,,giallo,3,strada urbana senza ciclabile,no,2,si,0,B1,
SS-MIL-1970,Via Filippo Anghileri,,giallo,3,strada urbana senza ciclabile,no,2,no,0,C1,
SS-MIL-1971,Via Filippo Argelati,,giallo,3,strada urbana senza ciclabile (1 corsie),no,1,si,0,B2,
SS-MIL-1972,Via Filippo Baldinucci,,giallo,3,strada urbana senza ciclabile (1 corsie),no,1,si,0,C2,
SS-MIL-1973,Via Filippo Brunelleschi,,giallo,3,strada urbana senza ciclabile,no,2,no,0,A1,
SS-MIL-1974,Via Filippo Carcano,,giallo,3,strada urbana senza ciclabile,no,2,si,0,B1,
SS-MIL-1975,Via Filippo Caronti,,giallo,3,strada urbana senza ciclabile,no,2,si,0,B2,
SS-MIL-1976,Via Filippo Corridoni,,giallo,3,strada urbana senza ciclabile,no,2,si,0,A1,
SS-MIL-1977,Via Filippo De Filippi,,giallo,3,strada urbana senza ciclabile,no,2,si,0,B2,
SS-MIL-1978,Via Filippo De Pisis,,giallo,3,strada urbana senza ciclabile,no,2,no,0,C1,
SS-MIL-1979,Via Filippo Juvara,,giallo,3,strada urbana senza ciclabile,no,2,si,0,A1,
SS-MIL-1980,Via Filippo Maria Beltrami,,verde,1,ciclabile presente (da OpenStreetMap),si,2,si,0,B1,
SS-MIL-1981,Via Filippo Palizzi,,rosso,4,strada secondaria trafficata (3 corsie),no,3,si,0,C1,
SS-MIL-1982,Via Filippo Sassetti,,giallo,3,strada urbana senza ciclabile,no,2,si,0,B2,
SS-MIL-1983,Via Filippo Severoli,,giallo,3,strada urbana senza ciclabile,no,2,si,0,B1,
SS-MIL-1984,Via Filippo Tajani,,giallo,3,strada urbana senza ciclabile,no,2,no,0,B2,
SS-MIL-1985,Via Filippo Turati,,giallo,3,strada urbana senza ciclabile,no,2,no,0,A1,
SS-MIL-1986,Via Filodrammatici,,blu,2,zona pedonale / living street,no,1,no,0,B2,
SS-MIL-1987,Via Finale Ligure,,giallo,3,strada urbana senza ciclabile,no,2,no,0,B1,
SS-MIL-1988,Via Finanzieri d'Italia,,giallo,3,strada urbana senza ciclabile (2 corsie),no,2,si,0,C2,
SS-MIL-1989,Via Fiori Chiari,,blu,2,zona pedonale / living street,no,1,no,0,B2,
SS-MIL-1990,Via Fiori Oscuri,,blu,2,zona pedonale / living street,no,1,si,0,B2,
SS-MIL-1991,Via Firenze,,giallo,3,strada urbana senza ciclabile (1 corsie),no,1,si,0,C2,
SS-MIL-1992,Via Fiuggi,,giallo,3,strada urbana senza ciclabile,no,2,no,0,C2,
SS-MIL-1993,Via Fiume,,giallo,3,strada urbana senza ciclabile,no,2,si,0,A1,
SS-MIL-1994,Via Fiume Lambro,,giallo,3,strada urbana senza ciclabile (2 corsie),no,2,no,0,A2,
SS-MIL-1995,Via Flavia,,giallo,3,strada urbana senza ciclabile,no,2,si,0,C2,
SS-MIL-1996,Via Flavio Andò,,giallo,3,strada urbana senza ciclabile,no,2,no,0,C1,
SS-MIL-1997,Via Flavio Baracchini,,giallo,3,strada urbana senza ciclabile,no,2,no,0,B2,
SS-MIL-1998,Via Flavio Gioia,,giallo,3,strada urbana senza ciclabile,no,2,no,0,A1,
SS-MIL-1999,Via Flavio Vegezio,,giallo,3,strada urbana senza ciclabile (1 corsie),no,1,si,0,B1,
SS-MIL-2000,Via Flumendosa,,giallo,3,strada urbana senza ciclabile,no,2,no,0,C2,
SS-MIL-2001,Via Foggia,,giallo,3,strada urbana senza ciclabile,no,2,si,0,B2,
SS-MIL-2002,Via Fontana,,giallo,3,strada urbana senza ciclabile,no,2,si,0,B2,
SS-MIL-2003,Via Fontanile,,giallo,3,strada urbana senza ciclabile (1 corsie),no,1,si,0,C2,
SS-MIL-2004,Via Fontanile Aiana,,giallo,3,strada urbana senza ciclabile,no,2,no,0,B1,
SS-MIL-2005,Via Fontanile Boss,,verde,1,ciclabile presente (da OpenStreetMap),si,2,no,0,B1,
SS-MIL-2006,Via Fontanile Orenella,,giallo,3,strada urbana senza ciclabile,no,2,si,0,B1,
SS-MIL-2007,Via Fontanile Sant'Agnese,,giallo,3,strada urbana senza ciclabile,no,2,no,0,B1,
SS-MIL-2008,Via Forlì,,giallo,3,strada urbana senza ciclabile,no,2,si,0,C2,
SS-MIL-2009,Via Fornace,,giallo,3,strada urbana senza ciclabile,no,2,si,0,A2,
SS-MIL-2010,Via Fortezza,,giallo,3,strada urbana senza ciclabile,no,2,si,0,C2,
SS-MIL-2011,Via Foscolo Sala,,giallo,3,strada urbana senza ciclabile,no,2,si,0,A1,
SS-MIL-2012,Via Fosse Ardeatine,,giallo,3,strada urbana senza ciclabile,no,2,si,0,B2,
SS-MIL-2013,Via Fra Bartolomeo,,giallo,3,strada urbana senza ciclabile,no,2,si,0,B1,
SS-MIL-2014,Via Fra Cristoforo,,giallo,3,strada urbana senza ciclabile,no,2,si,0,B2,
SS-MIL-2015,Via Fra Galgario,,giallo,3,strada urbana senza ciclabile,no,2,no,0,B1,
SS-MIL-2016,Via Fra Gerolamo Savonarola,,giallo,3,strada urbana senza ciclabile (1 corsie),no,1,si,0,B2,
SS-MIL-2017,Via Fra' Girolamo Savonarola,,giallo,3,strada urbana senza ciclabile,no,2,no,0,A1,
SS-MIL-2018,Via Fra' Luca Pacioli,,giallo,3,strada urbana senza ciclabile,no,2,si,0,B2,
SS-MIL-2019,Via Fra' Riccardo Pampuri,,giallo,3,strada urbana senza ciclabile,no,2,no,0,A2,
SS-MIL-2020,Via Francesco Albani,,giallo,3,strada urbana senza ciclabile (2 corsie),no,2,no,0,B1,
SS-MIL-2021,Via Francesco Algarotti,,giallo,3,strada urbana senza ciclabile (1 corsie),no,1,si,0,C2,
SS-MIL-2022,Via Francesco Antonio Muttoni,,giallo,3,strada urbana senza ciclabile,no,2,si,0,C1,
SS-MIL-2023,Via Francesco Anzani,,giallo,3,strada urbana senza ciclabile (1 corsie),no,1,si,0,B2,
SS-MIL-2024,Via Francesco Ardissone,,giallo,3,strada urbana senza ciclabile,no,2,no,0,C1,
SS-MIL-2025,Via Francesco Arese,,giallo,3,strada urbana senza ciclabile (1 corsie),no,1,si,0,C2,
SS-MIL-2026,Via Francesco Baracca,,giallo,3,strada urbana senza ciclabile,no,2,no,0,A1,
SS-MIL-2027,Via Francesco Barbieri,,giallo,3,strada urbana senza ciclabile (1 corsie),no,1,si,0,B2,
SS-MIL-2028,Via Francesco Barzaghi,,giallo,3,strada urbana senza ciclabile,no,2,no,0,C1,
SS-MIL-2029,Via Francesco Borromini,,giallo,3,strada urbana senza ciclabile,no,2,si,0,B2,
SS-MIL-2030,Via Francesco Brambilla,,giallo,3,strada urbana senza ciclabile (2 corsie),no,2,no,0,C2,
SS-MIL-2031,Via Francesco Brioschi,,giallo,3,strada urbana senza ciclabile,no,2,no,0,B2,
SS-MIL-2032,Via Francesco Burlamacchi,,giallo,3,strada urbana senza ciclabile,no,2,si,0,B2,
SS-MIL-2033,Via Francesco Caracciolo,,giallo,3,strada urbana senza ciclabile,no,2,no,0,C1,
SS-MIL-2034,Via Francesco Carchidio,,giallo,3,strada urbana senza ciclabile,no,2,si,0,B2,
SS-MIL-2035,Via Francesco Carlini,,giallo,3,strada urbana senza ciclabile,no,2,si,0,B1,
SS-MIL-2036,Via Francesco Cavezzali,,giallo,3,strada urbana senza ciclabile,no,2,si,0,C2,
SS-MIL-2037,Via Francesco Cherubini,,giallo,3,strada urbana senza ciclabile,no,2,si,0,B2,
SS-MIL-2038,Via Francesco Cilea,,giallo,3,strada urbana senza ciclabile,no,2,si,0,A1,
SS-MIL-2039,Via Francesco Crispi,,giallo,3,strada urbana senza ciclabile,no,2,si,0,A1,
SS-MIL-2040,Via Francesco Cucchi,,giallo,3,strada urbana senza ciclabile,no,2,si,0,B2,
SS-MIL-2041,Via Francesco D'Ovidio,,giallo,3,strada urbana senza ciclabile (1 corsie),no,1,si,0,B2,
SS-MIL-2042,Via Francesco Daverio,,giallo,3,strada urbana senza ciclabile (1 corsie),no,1,si,0,B2,
SS-MIL-2043,Via Francesco De Lemene,,giallo,3,strada urbana senza ciclabile,no,2,no,0,C1,
SS-MIL-2044,Via Francesco De Rosa,,giallo,3,strada urbana senza ciclabile,no,2,si,0,C1,
SS-MIL-2045,Via Francesco De Sanctis,,giallo,3,strada urbana senza ciclabile,no,2,si,0,A2,
SS-MIL-2046,Via Francesco De Santis,,giallo,3,strada urbana senza ciclabile,no,2,no,0,C1,
SS-MIL-2047,Via Francesco Denti,,giallo,3,strada urbana senza ciclabile,no,2,no,0,B2,
SS-MIL-2048,Via Francesco Domenico Guerrazzi,,giallo,3,strada urbana senza ciclabile,no,2,no,0,B2,
SS-MIL-2049,Via Francesco Ferrucci,,giallo,3,strada urbana senza ciclabile (1 corsie),no,1,si,0,B2,
SS-MIL-2050,Via Francesco Filelfo,,giallo,3,strada urbana senza ciclabile (1 corsie),no,1,si,0,B2,
SS-MIL-2051,Via Francesco Gatti,,giallo,3,strada urbana senza ciclabile,no,2,no,0,C2,
SS-MIL-2052,Via Francesco Gonin,,giallo,3,strada urbana senza ciclabile,no,2,si,0,B1,
SS-MIL-2053,Via Francesco Goya,,giallo,3,strada urbana senza ciclabile,no,2,no,0,B1,
SS-MIL-2054,Via Francesco Guicciardini,,giallo,3,strada urbana senza ciclabile (1 corsie),no,1,si,0,B2,
SS-MIL-2055,Via Francesco Hayez,,giallo,3,strada urbana senza ciclabile,no,2,si,0,B2,
SS-MIL-2056,Via Francesco Ingegnoli,,giallo,3,strada urbana senza ciclabile (2 corsie),no,2,no,0,C2,
SS-MIL-2057,Via Francesco Lomonaco,,giallo,3,strada urbana senza ciclabile,no,2,si,0,B2,
SS-MIL-2058,Via Francesco Londonio,,giallo,3,strada urbana senza ciclabile,no,2,no,0,B2,
SS-MIL-2059,Via Francesco Martinengo,,giallo,3,strada urbana senza ciclabile (1 corsie),no,1,no,0,B2,
SS-MIL-2060,Via Francesco Melzi d'Eril,,rosso,4,strada secondaria trafficata (1 corsie),no,1,si,0,B2,
SS-MIL-2061,Via Francesco Merli,,giallo,3,strada urbana senza ciclabile,no,2,si,0,A1,
SS-MIL-2062,Via Francesco Nava,,giallo,3,strada urbana senza ciclabile,no,2,si,0,C2,
SS-MIL-2063,Via Francesco Novati,,giallo,3,strada urbana senza ciclabile (1 corsie),no,1,si,0,B2,
SS-MIL-2064,Via Francesco Nullo,,giallo,3,strada urbana senza ciclabile,no,2,si,0,B2,
SS-MIL-2065,Via Francesco Olgiati,,giallo,3,strada urbana senza ciclabile,no,2,no,0,B1,
SS-MIL-2066,Via Francesco Paolo Michetti,,giallo,3,strada urbana senza ciclabile,no,2,si,0,C2,
SS-MIL-2067,Via Francesco Pastonchi,,giallo,3,strada urbana senza ciclabile,no,2,si,0,B1,
SS-MIL-2068,Via Francesco Pecorari,,giallo,3,strada urbana senza ciclabile (1 corsie),no,1,si,0,B2,
SS-MIL-2069,Via Francesco Perotti,,giallo,3,strada urbana senza ciclabile (1 corsie),no,1,si,0,C2,
SS-MIL-2070,Via Francesco Petrarca,,giallo,3,strada urbana senza ciclabile,no,2,si,0,A1,
SS-MIL-2071,Via Francesco Peverelli,,blu,2,zona pedonale / living street,no,1,no,0,C1,
SS-MIL-2072,Via Francesco Pezzoli,,giallo,3,strada urbana senza ciclabile,no,2,si,0,A1,
SS-MIL-2073,Via Francesco Pizzolpasso,,giallo,3,strada urbana senza ciclabile,no,2,si,0,B2,
SS-MIL-2074,Via Francesco Predabissi,,giallo,3,strada urbana senza ciclabile (2 corsie),no,2,si,0,C2,
SS-MIL-2075,Via Francesco Primaticcio,,giallo,3,strada urbana senza ciclabile,no,2,si,0,B1,
SS-MIL-2076,Via Francesco Redi,,giallo,3,strada urbana senza ciclabile,no,2,no,0,A1,
SS-MIL-2077,Via Francesco Reina,,giallo,3,strada urbana senza ciclabile,no,2,si,0,B2,
SS-MIL-2078,Via Francesco Rezzonico,,giallo,3,strada urbana senza ciclabile,no,2,si,0,B2,
SS-MIL-2079,Via Francesco Rismondo,,giallo,3,strada urbana senza ciclabile (2 corsie),no,2,no,0,B1,
SS-MIL-2080,Via Francesco Saverio Nitti,,giallo,3,strada urbana senza ciclabile,no,2,si,0,B1,
SS-MIL-2081,Via Francesco Sforza,,verde,1,ciclabile presente (da OpenStreetMap),si,2,si,0,B2,
SS-MIL-2082,Via Francesco Soave,,giallo,3,strada urbana senza ciclabile,no,2,si,0,B2,
SS-MIL-2083,Via Francesco Tamagno,,giallo,3,strada urbana senza ciclabile,no,2,no,0,A1,
SS-MIL-2084,Via Francesco Viganò,,giallo,3,strada urbana senza ciclabile (1 corsie),no,1,si,0,B2,
SS-MIL-2085,Via Francesco Villa,,giallo,3,strada urbana senza ciclabile,no,2,si,0,B2,
SS-MIL-2086,Via Francesco Zambrini,,giallo,3,strada urbana senza ciclabile,no,2,no,0,C2,
SS-MIL-2087,Via Francesco dall'Ongaro,,giallo,3,strada urbana senza ciclabile,no,2,si,0,B2,
SS-MIL-2088,Via Franchi Maggi,,giallo,3,strada urbana senza ciclabile,no,2,si,0,A2,
SS-MIL-2089,Via Franchino Gaffurio,,giallo,3,strada urbana senza ciclabile,no,2,si,0,B2,
SS-MIL-2090,Via Francia,,giallo,3,strada urbana senza ciclabile,no,2,no,0,C2,
SS-MIL-2091,Via Franco Albini,,giallo,3,strada urbana senza ciclabile,no,2,no,0,B2,
SS-MIL-2092,Via Franco Faccio,,giallo,3,strada urbana senza ciclabile,no,2,si,0,C2,
SS-MIL-2093,Via Franco Russoli,,giallo,3,strada urbana senza ciclabile (2 corsie),no,2,no,0,B2,
SS-MIL-2094,Via Franco Sacchetti,,blu,2,accesso limitato (ZTL),no,1,no,0,C2,
SS-MIL-2095,Via Franco Tosi,,giallo,3,strada urbana senza ciclabile,no,2,si,0,B1,
SS-MIL-2096,Via Fratelli Bandiera,,giallo,3,strada urbana senza ciclabile,no,2,no,0,A1,
SS-MIL-2097,Via Fratelli Beltrami,,giallo,3,strada urbana senza ciclabile,no,2,no,0,C1,
SS-MIL-2098,Via Fratelli Beolchi,,giallo,3,strada urbana senza ciclabile,no,2,no,0,C1,
SS-MIL-2099,Via Fratelli Bozzi,,giallo,3,strada urbana senza ciclabile,no,2,si,0,B1,
SS-MIL-2100,Via Fratelli Bressan,,giallo,3,strada urbana senza ciclabile (1 corsie),no,1,si,0,C2,
SS-MIL-2101,Via Fratelli Bronzetti,,giallo,3,strada urbana senza ciclabile (2 corsie),no,2,no,0,B2,
SS-MIL-2102,Via Fratelli Cairoli,,giallo,3,strada urbana senza ciclabile,no,2,no,0,A1,
SS-MIL-2103,Via Fratelli Camillo e Giannino Antona Traversi,,giallo,3,strada urbana senza ciclabile,no,2,si,0,C1,
SS-MIL-2104,Via Fratelli Campi,,rosso,4,strada secondaria trafficata,no,2,si,0,B2,
SS-MIL-2105,Via Fratelli Castiglioni,,giallo,3,strada urbana senza ciclabile,no,2,no,0,B2,
SS-MIL-2106,Via Fratelli Cervi,,giallo,3,strada urbana senza ciclabile,no,2,no,0,A1,
SS-MIL-2107,Via Fratelli Codecasa,,giallo,3,strada urbana senza ciclabile,no,2,no,0,A2,
SS-MIL-2108,Via Fratelli Di Dio,,giallo,3,strada urbana senza ciclabile,no,2,si,0,A1,
SS-MIL-2109,Via Fratelli Fossati,,giallo,3,strada urbana senza ciclabile (1 corsie),no,1,si,0,B2,
SS-MIL-2110,Via Fratelli Fraschini,,giallo,3,strada urbana senza ciclabile,no,2,no,0,A2,
SS-MIL-2111,Via Fratelli Giorgetti,,giallo,3,strada urbana senza ciclabile,no,2,no,0,C1,
SS-MIL-2112,Via Fratelli Gorlini,,giallo,3,strada urbana senza ciclabile,no,2,no,0,C1,
SS-MIL-2113,Via Fratelli Grimm,,giallo,3,strada urbana senza ciclabile (1 corsie),no,1,si,0,C2,
SS-MIL-2114,Via Fratelli Grubicy De Dragon,,giallo,3,strada urbana senza ciclabile (1 corsie),no,1,si,0,B2,
SS-MIL-2115,Via Fratelli Induno,,giallo,3,strada urbana senza ciclabile (2 corsie),no,2,no,0,B2,
SS-MIL-2116,Via Fratelli Kennedy,,giallo,3,strada urbana senza ciclabile,no,2,si,0,A1,
SS-MIL-2117,Via Fratelli Leonardo Ed Ernesto Bazzaro,,giallo,3,strada urbana senza ciclabile,no,2,no,0,C2,
SS-MIL-2118,Via Fratelli Lumiere,,giallo,3,strada urbana senza ciclabile,no,2,no,0,B1,
SS-MIL-2119,Via Fratelli Lumière,,giallo,3,strada urbana senza ciclabile,no,2,si,0,C2,
SS-MIL-2120,Via Fratelli Mameli,,giallo,3,strada urbana senza ciclabile (1 corsie),no,1,si,0,C1,
SS-MIL-2121,Via Fratelli Mascherpa,,giallo,3,strada urbana senza ciclabile,no,2,no,0,A1,
SS-MIL-2122,Via Fratelli Morelli,,giallo,3,strada urbana senza ciclabile,no,2,si,0,C1,
SS-MIL-2123,Via Fratelli Pozzi,,giallo,3,strada urbana senza ciclabile (1 corsie),no,1,si,0,C2,
SS-MIL-2124,Via Fratelli Rizzardi,,giallo,3,strada urbana senza ciclabile,no,2,si,0,C1,
SS-MIL-2125,Via Fratelli Rosselli,,giallo,3,strada urbana senza ciclabile,no,2,no,0,A1,
SS-MIL-2126,Via Fratelli Salvioni,,giallo,3,strada urbana senza ciclabile,no,2,si,0,B2,
SS-MIL-2127,Via Fratelli Vigorelli,,giallo,3,strada urbana senza ciclabile,no,2,no,0,C1,
SS-MIL-2128,Via Fratelli Wright,,giallo,3,strada urbana senza ciclabile,no,2,no,0,B1,
SS-MIL-2129,Via Fratelli Zanzottera,,giallo,3,strada urbana senza ciclabile,no,2,si,0,C1,
SS-MIL-2130,Via Fratelli Zoia,,giallo,3,strada urbana senza ciclabile,no,2,si,0,B1,
SS-MIL-2131,Via Fratelli di Dio,,giallo,3,strada urbana senza ciclabile,no,2,no,0,B1,
SS-MIL-2132,Via Freikofel,,giallo,3,strada urbana senza ciclabile,no,2,si,0,A2,
SS-MIL-2133,Via Fridtjof Nansen,,giallo,3,strada urbana senza ciclabile,no,2,si,0,C1,
SS-MIL-2134,Via Friedrich Von Hayek,,giallo,3,strada urbana senza ciclabile,no,2,si,0,C2,
SS-MIL-2135,Via Friedrich von Hayek,,giallo,3,strada urbana senza ciclabile,no,2,si,0,C2,
SS-MIL-2136,Via Frigia,,giallo,3,strada urbana senza ciclabile (2 corsie),no,2,no,0,C2,
SS-MIL-2137,Via Friuli,,giallo,3,strada urbana senza ciclabile,no,2,no,0,A1,
SS-MIL-2138,Via Frosinone,,giallo,3,strada urbana senza ciclabile,no,2,no,0,B1,
SS-MIL-2139,Via G. Pergolesi,,giallo,3,strada urbana senza ciclabile,no,2,no,0,A1,
SS-MIL-2140,Via G. Sardi,,giallo,3,strada urbana senza ciclabile,no,2,no,0,C2,
SS-MIL-2141,Via Gabbro,,giallo,3,strada urbana senza ciclabile,no,2,si,0,C1,
SS-MIL-2142,Via Gabriele D'Annunzio,,giallo,3,strada urbana senza ciclabile,no,2,si,0,B1,
SS-MIL-2143,Via Gabriele Falloppio,,giallo,3,strada urbana senza ciclabile (1 corsie),no,1,si,0,C2,
SS-MIL-2144,Via Gabriele Rossetti,,giallo,3,strada urbana senza ciclabile,no,2,si,0,B2,
SS-MIL-2145,Via Gabriello Chiabrera,,giallo,3,strada urbana senza ciclabile,no,2,si,0,C1,
SS-MIL-2146,Via Gabrio Casati,,giallo,3,strada urbana senza ciclabile,no,2,no,0,B2,
SS-MIL-2147,Via Gabrio Serbelloni,,giallo,3,strada urbana senza ciclabile (2 corsie),no,2,no,0,B2,
SS-MIL-2148,Via Gaeta,,giallo,3,strada urbana senza ciclabile,no,2,no,0,C2,
SS-MIL-2149,Via Gaetana Agnesi,,giallo,3,strada urbana senza ciclabile,no,2,si,0,B2,
SS-MIL-2150,Via Gaetano Airaghi,,giallo,3,strada urbana senza ciclabile,no,2,no,0,B1,
SS-MIL-2151,Via Gaetano Baldacci,,giallo,3,strada urbana senza ciclabile,no,2,si,0,C2,
SS-MIL-2152,Via Gaetano Boggiali,,giallo,3,strada urbana senza ciclabile,no,2,si,0,A2,
SS-MIL-2153,Via Gaetano Braga,,giallo,3,strada urbana senza ciclabile,no,2,si,0,C2,
SS-MIL-2154,Via Gaetano Casiraghi,,giallo,3,strada urbana senza ciclabile,no,2,no,0,C1,
SS-MIL-2155,Via Gaetano Crespi,,giallo,3,strada urbana senza ciclabile,no,2,no,0,B2,
SS-MIL-2156,Via Gaetano De Castillia,,giallo,3,strada urbana senza ciclabile,no,2,si,0,B2,
SS-MIL-2157,Via Gaetano Donizetti,,giallo,3,strada urbana senza ciclabile,no,2,no,0,A1,
SS-MIL-2158,Via Gaetano Fichera,,giallo,3,strada urbana senza ciclabile,no,2,no,0,C1,
SS-MIL-2159,Via Gaetano Gaslini,,giallo,3,strada urbana senza ciclabile (1 corsie),no,1,si,0,C2,
SS-MIL-2160,Via Gaetano Giardino,,giallo,3,strada urbana senza ciclabile,no,2,si,0,B2,
SS-MIL-2161,Via Gaetano Moretti,,verde,1,ciclabile presente (da OpenStreetMap),si,2,no,0,B1,
SS-MIL-2162,Via Gaetano Negri,,giallo,3,strada urbana senza ciclabile,no,2,no,0,A1,
SS-MIL-2163,Via Gaetano Osculati,,giallo,3,strada urbana senza ciclabile,no,2,si,0,C2,
SS-MIL-2164,Via Gaetano Previati,,giallo,3,strada urbana senza ciclabile,no,2,si,0,B1,
SS-MIL-2165,Via Gaetano Ronzoni,,giallo,3,strada urbana senza ciclabile,no,2,si,0,B2,
SS-MIL-2166,Via Gaetano Salvemini,,giallo,3,strada urbana senza ciclabile,no,2,no,0,A2,
SS-MIL-2167,Via Gaetano Serrani,,giallo,3,strada urbana senza ciclabile (1 corsie),no,1,si,0,C2,
SS-MIL-2168,Via Gaetano Strambio,,giallo,3,strada urbana senza ciclabile (2 corsie),no,2,no,0,B2,
SS-MIL-2169,Via Gaetano Strigelli,,giallo,3,strada urbana senza ciclabile,no,2,no,0,B2,
SS-MIL-2170,Via Gagini,,giallo,3,strada urbana senza ciclabile,no,2,si,0,A2,
SS-MIL-2171,Via Gaio,,giallo,3,strada urbana senza ciclabile,no,2,si,0,B2,
SS-MIL-2172,Via Galeazzo Alessi,,giallo,3,strada urbana senza ciclabile,no,2,si,0,B2,
SS-MIL-2173,Via Galileo Ferraris,,giallo,3,strada urbana senza ciclabile,no,2,no,0,B1,
SS-MIL-2174,Via Galileo Galilei,,giallo,3,strada urbana senza ciclabile,no,2,no,0,A1,
SS-MIL-2175,Via Gallarata,,giallo,3,strada urbana senza ciclabile,no,2,si,0,B1,
SS-MIL-2176,Via Gallarate,,rosso,4,strada principale trafficata (2 corsie),no,2,no,0,C1,
SS-MIL-2177,Via Gallura,,giallo,3,strada urbana senza ciclabile,no,2,si,0,B2,
SS-MIL-2178,Via Galvano Fiamma,,giallo,3,strada urbana senza ciclabile (2 corsie),no,2,no,0,B2,
SS-MIL-2179,Via Gamboloita,,giallo,3,strada urbana senza ciclabile,no,2,si,0,B2,
SS-MIL-2180,Via Gardone,,giallo,3,strada urbana senza ciclabile (1 corsie),no,1,si,0,B2,
SS-MIL-2181,Via Garegnano,,giallo,3,strada urbana senza ciclabile,no,2,si,0,C1,
SS-MIL-2182,Via Gargano,,giallo,3,strada urbana senza ciclabile (2 corsie),no,2,si,0,B2,
SS-MIL-2183,Via Garian,,giallo,3,strada urbana senza ciclabile,no,2,si,0,B1,
SS-MIL-2184,Via Garibaldini,,giallo,3,strada urbana senza ciclabile,no,2,no,0,C1,
SS-MIL-2185,Via Garigliano,,verde,1,ciclabile presente (da OpenStreetMap),si,2,si,0,C2,
SS-MIL-2186,Via Gaspare Aselli,,giallo,3,strada urbana senza ciclabile (2 corsie),no,2,no,0,B2,
SS-MIL-2187,Via Gaspare Bugatti,,giallo,3,strada urbana senza ciclabile (1 corsie),no,1,si,0,C1,
SS-MIL-2188,Via Gaspare Gozzi,,giallo,3,strada urbana senza ciclabile (1 corsie),no,1,si,0,B2,
SS-MIL-2189,Via Gaspare Rosales,,giallo,3,strada urbana senza ciclabile (2 corsie),no,2,si,0,B2,
SS-MIL-2190,Via Gaspare Spontini,,giallo,3,strada urbana senza ciclabile,no,2,si,0,B2,
SS-MIL-2191,Via Gaspare Vismara,,giallo,3,strada urbana senza ciclabile,no,2,si,0,B2,
SS-MIL-2192,Via Gastone Pisoni,,giallo,3,strada urbana senza ciclabile,no,2,no,0,B2,
SS-MIL-2193,Via Gastone Sozzi,,giallo,3,strada urbana senza ciclabile,no,2,si,0,A2,
SS-MIL-2194,Via Gastone da Foix,,giallo,3,strada urbana senza ciclabile,no,2,si,0,A2,
SS-MIL-2195,Via Gattamelata,,verde,1,ciclabile presente (da OpenStreetMap),si,1,no,0,B1,
SS-MIL-2196,Via Gattinara,,giallo,3,strada urbana senza ciclabile,no,2,no,0,A2,
SS-MIL-2197,Via Gaudenzio Fantoli,,giallo,3,strada urbana senza ciclabile,no,2,no,0,B2,
SS-MIL-2198,Via Gaudenzio Ferrari,,giallo,3,strada urbana senza ciclabile,no,2,si,0,B2,
SS-MIL-2199,Via Gavirate,,giallo,3,strada urbana senza ciclabile,no,2,si,0,B1,
SS-MIL-2200,Via Generale Antonio Cantore,,giallo,3,strada urbana senza ciclabile,no,2,si,0,A1,
SS-MIL-2201,Via Generale Cantore,,giallo,3,strada urbana senza ciclabile,no,2,no,0,C1,
SS-MIL-2202,Via Generale Carlo Alberto Dalla Chiesa,,giallo,3,strada urbana senza ciclabile,no,2,no,0,A1,
SS-MIL-2203,Via Genova,,giallo,3,strada urbana senza ciclabile,no,2,no,0,B2,
SS-MIL-2204,Via Genova Thaon Di Revel,,giallo,3,strada urbana senza ciclabile (1 corsie),no,1,si,0,C2,
SS-MIL-2205,Via Gentile Bellini,,rosso,4,strada secondaria trafficata,no,2,si,0,B1,
SS-MIL-2206,Via Gentile da Fabriano,,giallo,3,strada urbana senza ciclabile (2 corsie),no,2,no,0,C1,
SS-MIL-2207,Via Gentilino,,giallo,3,strada urbana senza ciclabile (1 corsie),no,1,si,0,B2,
SS-MIL-2208,Via George Orwell,,giallo,3,strada urbana senza ciclabile (1 corsie),no,1,si,0,A2,
SS-MIL-2209,Via George Sand,,giallo,3,strada urbana senza ciclabile,no,2,si,0,C2,
SS-MIL-2210,Via George Stephenson,,giallo,3,strada urbana senza ciclabile,no,2,no,0,B1,
SS-MIL-2211,Via Geremia Meleri,,giallo,3,strada urbana senza ciclabile,no,2,no,0,B2,
SS-MIL-2212,Via Germana De Stael,,giallo,3,strada urbana senza ciclabile,no,2,si,0,C2,
SS-MIL-2213,Via Gerolamo Arganini,,giallo,3,strada urbana senza ciclabile,no,2,si,0,C2,
SS-MIL-2214,Via Gerolamo Avogadro,,giallo,3,strada urbana senza ciclabile,no,2,no,0,A1,
SS-MIL-2215,Via Gerolamo Borgazzi,,giallo,3,strada urbana senza ciclabile,no,2,si,0,B2,
SS-MIL-2216,Via Gerolamo Cardano,,giallo,3,strada urbana senza ciclabile,no,2,si,0,B2,
SS-MIL-2217,Via Gerolamo Chizzolini,,giallo,3,strada urbana senza ciclabile (1 corsie),no,1,si,0,B2,
SS-MIL-2218,Via Gerolamo Forni,,giallo,3,strada urbana senza ciclabile,no,2,si,0,C2,
SS-MIL-2219,Via Gerolamo Frescobaldi,,giallo,3,strada urbana senza ciclabile,no,2,si,0,B2,
SS-MIL-2220,Via Gerolamo Morone,,giallo,3,strada urbana senza ciclabile,no,2,si,0,B2,
SS-MIL-2221,Via Gerolamo Rovetta,,giallo,3,strada urbana senza ciclabile (1 corsie),no,1,si,0,C2,
SS-MIL-2222,Via Gerolamo Saporiti,,giallo,3,strada urbana senza ciclabile,no,2,no,0,B1,
SS-MIL-2223,Via Gerolamo Tiraboschi,,giallo,3,strada urbana senza ciclabile,no,2,si,0,B2,
SS-MIL-2224,Via Gerolamo Turroni,,giallo,3,strada urbana senza ciclabile,no,2,si,0,B2,
SS-MIL-2225,Via Gerolamo Vida,,giallo,3,strada urbana senza ciclabile,no,2,si,0,C2,
SS-MIL-2226,Via Gesù,,giallo,3,strada urbana senza ciclabile (1 corsie),no,1,si,0,B2,
SS-MIL-2227,Via Ghisallo,,giallo,3,strada urbana senza ciclabile (2 corsie),no,2,no,0,C1,
SS-MIL-2228,Via Ghisolfa,,giallo,3,strada urbana senza ciclabile,no,2,si,0,C1,
SS-MIL-2229,Via Giacinto Bruzzesi,,giallo,3,strada urbana senza ciclabile,no,2,si,0,B1,
SS-MIL-2230,Via Giacinto Collegno,,giallo,3,strada urbana senza ciclabile,no,2,si,0,C2,
SS-MIL-2231,Via Giacinto Facchetti,,rosso,4,strada secondaria trafficata,no,2,no,0,A1,
SS-MIL-2232,Via Giacinto Gallina,,giallo,3,strada urbana senza ciclabile,no,2,si,0,B2,
SS-MIL-2233,Via Giacinto Gigante,,giallo,3,strada urbana senza ciclabile,no,2,no,0,B1,
SS-MIL-2234,Via Giacinto Martorelli,,giallo,3,strada urbana senza ciclabile,no,2,si,0,B2,
SS-MIL-2235,Via Giacinto Menotti Serrati,,giallo,3,strada urbana senza ciclabile,no,2,no,0,B2,
SS-MIL-2236,Via Giacinto Mompiani,,giallo,3,strada urbana senza ciclabile,no,2,si,0,B2,
SS-MIL-2237,Via Giacomo Antonini,,rosso,4,strada principale trafficata,no,2,si,0,B2,
SS-MIL-2238,Via Giacomo Balla,,giallo,3,strada urbana senza ciclabile (2 corsie),no,2,no,0,C1,
SS-MIL-2239,Via Giacomo Boni,,giallo,3,strada urbana senza ciclabile,no,2,si,0,B1,
SS-MIL-2240,Via Giacomo Brodolini,,giallo,3,strada urbana senza ciclabile,no,2,no,0,A1,
SS-MIL-2241,Via Giacomo Carissimi,,giallo,3,strada urbana senza ciclabile,no,2,no,0,C2,
SS-MIL-2242,Via Giacomo Della Porta,,giallo,3,strada urbana senza ciclabile (1 corsie),no,1,si,0,C2,
SS-MIL-2243,Via Giacomo Filippo Lacaita,,giallo,3,strada urbana senza ciclabile,no,2,si,0,A2,
SS-MIL-2244,Via Giacomo Griziotti,,giallo,3,strada urbana senza ciclabile (2 corsie),no,2,no,0,B2,
SS-MIL-2245,Via Giacomo Leopardi,,giallo,3,strada urbana senza ciclabile,no,2,no,0,A1,
SS-MIL-2246,Via Giacomo Manzù,,verde,1,ciclabile presente (da OpenStreetMap),si,1,si,0,B2,
SS-MIL-2247,Via Giacomo Matteotti,,giallo,3,strada urbana senza ciclabile,no,2,si,0,A1,
SS-MIL-2248,Via Giacomo Medici del Vascello,,giallo,3,strada urbana senza ciclabile (2 corsie),no,2,si,0,B2,
SS-MIL-2249,Via Giacomo Mellerio,,giallo,3,strada urbana senza ciclabile,no,2,si,0,B2,
SS-MIL-2250,Via Giacomo Pinaroli,,giallo,3,strada urbana senza ciclabile,no,2,si,0,B2,
SS-MIL-2251,Via Giacomo Puccini,,giallo,3,strada urbana senza ciclabile,no,2,no,0,A1,
SS-MIL-2252,Via Giacomo Quarenghi,,giallo,3,strada urbana senza ciclabile,no,2,si,0,C1,
SS-MIL-2253,Via Giacomo Soldati,,giallo,3,strada urbana senza ciclabile (1 corsie),no,1,si,0,B2,
SS-MIL-2254,Via Giacomo Venezian,,giallo,3,strada urbana senza ciclabile,no,2,si,0,B2,
SS-MIL-2255,Via Giacomo Watt,,giallo,3,strada urbana senza ciclabile (2 corsie),no,2,no,0,B1,
SS-MIL-2256,Via Giacomo Zanella,,giallo,3,strada urbana senza ciclabile,no,2,si,0,B2,
SS-MIL-2257,Via Giambattista Bodoni,,giallo,3,strada urbana senza ciclabile,no,2,no,0,A1,
SS-MIL-2258,Via Giambattista Tiepolo,,giallo,3,strada urbana senza ciclabile,no,2,si,0,B1,
SS-MIL-2259,Via Giambellino,,giallo,3,strada urbana senza ciclabile,no,2,si,0,B1,
SS-MIL-2260,Via Giambologna,,giallo,3,strada urbana senza ciclabile,no,2,si,0,B2,
SS-MIL-2261,Via Giampietrino,,giallo,3,strada urbana senza ciclabile,no,2,no,0,C1,
SS-MIL-2262,Via Gian Antonio Boltraffio,,giallo,3,strada urbana senza ciclabile (1 corsie),no,1,si,0,C2,
SS-MIL-2263,Via Gian Battista Bazzoni,,giallo,3,strada urbana senza ciclabile (2 corsie),no,2,no,0,B2,
SS-MIL-2264,Via Gian Battista Brocchi,,giallo,3,strada urbana senza ciclabile (1 corsie),no,1,si,0,B2,
SS-MIL-2265,Via Gian Battista Casella,,giallo,3,strada urbana senza ciclabile,no,2,si,0,C1,
SS-MIL-2266,Via Gian Battista Passerini,,giallo,3,strada urbana senza ciclabile,no,2,no,0,C2,
SS-MIL-2267,Via Gian Battista Tiepolo,,giallo,3,strada urbana senza ciclabile,no,2,si,0,B2,
SS-MIL-2268,Via Gian Battista Vico,,giallo,3,strada urbana senza ciclabile (1 corsie),no,1,si,0,B2,
SS-MIL-2269,Via Gian Carlo Castelbarco,,verde,1,ciclabile presente (da OpenStreetMap),si,2,si,0,B2,
SS-MIL-2270,Via Gian Carlo Passeroni,,giallo,3,strada urbana senza ciclabile,no,2,si,0,B2,
SS-MIL-2271,Via Gian Francesco Pizzi,,giallo,3,strada urbana senza ciclabile (1 corsie),no,1,si,0,B2,
SS-MIL-2272,Via Gian Giacomo Gilino,,giallo,3,strada urbana senza ciclabile,no,2,si,0,C2,
SS-MIL-2273,Via Gian Giacomo Mora,,giallo,3,strada urbana senza ciclabile (1 corsie),no,1,si,0,B2,
SS-MIL-2274,Via Gian Giacomo Poldi Pezzoli,,giallo,3,strada urbana senza ciclabile,no,2,si,0,B1,
SS-MIL-2275,Via Gian Girolamo Savoldo,,giallo,3,strada urbana senza ciclabile (1 corsie),no,1,si,0,C2,
SS-MIL-2276,Via Gian Lorenzo Bernini,,giallo,3,strada urbana senza ciclabile,no,2,no,0,B1,
SS-MIL-2277,Via Gian Pietro Puricelli,,giallo,3,strada urbana senza ciclabile (1 corsie),no,1,si,0,B1,
SS-MIL-2278,Via Gian Rinaldo Carli,,giallo,3,strada urbana senza ciclabile,no,2,si,0,C2,
SS-MIL-2279,Via Giancarlo Clerici,,giallo,3,strada urbana senza ciclabile,no,2,si,0,C2,
SS-MIL-2280,Via Giancarlo Puecher,,giallo,3,strada urbana senza ciclabile,no,2,no,0,C1,
SS-MIL-2281,Via Giancarlo Sismondi,,giallo,3,strada urbana senza ciclabile,no,2,no,0,B2,
SS-MIL-2282,Via Gianfranco Mattei,,giallo,3,strada urbana senza ciclabile (1 corsie),no,1,si,0,C2,
SS-MIL-2283,Via Gianfranco Zuretti,,giallo,3,strada urbana senza ciclabile (2 corsie),no,2,no,0,C2,
SS-MIL-2284,Via Gianlorenzo Bernini,,giallo,3,strada urbana senza ciclabile,no,2,no,0,A1,
SS-MIL-2285,Via Gianluigi Banfi,,giallo,3,strada urbana senza ciclabile,no,2,si,0,A2,
SS-MIL-2286,Via Gianni Caproni,,giallo,3,strada urbana senza ciclabile,no,2,si,0,C2,
SS-MIL-2287,Via Gianni Rodari,,giallo,3,strada urbana senza ciclabile,no,2,no,0,A2,
SS-MIL-2288,Via Giannino Sessa,,giallo,3,strada urbana senza ciclabile,no,2,no,0,A1,
SS-MIL-2289,Via Giasone del Maino,,giallo,3,strada urbana senza ciclabile,no,2,si,0,B1,
SS-MIL-2290,Via Gignese,,giallo,3,strada urbana senza ciclabile,no,2,si,0,B1,
SS-MIL-2291,Via Gilberto Levi,,giallo,3,strada urbana senza ciclabile,no,2,no,0,C2,
SS-MIL-2292,Via Giletta,,verde,1,ciclabile presente (da OpenStreetMap),si,2,no,0,B1,
SS-MIL-2293,Via Gino Bramieri,,giallo,3,strada urbana senza ciclabile (1 corsie),no,1,si,0,B2,
SS-MIL-2294,Via Gino Pollini,,giallo,3,strada urbana senza ciclabile,no,2,no,0,C2,
SS-MIL-2295,Via Gino Severini,,giallo,3,strada urbana senza ciclabile (2 corsie),no,2,no,0,B2,
SS-MIL-2296,Via Gino Zappa,,giallo,3,strada urbana senza ciclabile,no,2,no,0,B1,
SS-MIL-2297,Via Gio' Ponti,,giallo,3,strada urbana senza ciclabile,no,2,no,0,B1,
SS-MIL-2298,Via Gioacchino Murat,,rosso,4,strada principale trafficata (2 corsie),no,2,no,0,C2,
SS-MIL-2299,Via Gioacchino Rossini,,giallo,3,strada urbana senza ciclabile,no,2,no,0,B1,
SS-MIL-2300,Via Gioachino Rossini,,giallo,3,strada urbana senza ciclabile,no,2,si,0,C1,
SS-MIL-2301,Via Giordano Bruno,,giallo,3,strada urbana senza ciclabile,no,2,si,0,A1,
SS-MIL-2302,Via Giordano Ottolini,,giallo,3,strada urbana senza ciclabile (1 corsie),no,1,si,0,B2,
SS-MIL-2303,Via Giorgio Ambrosoli,,giallo,3,strada urbana senza ciclabile,no,2,si,0,A2,
SS-MIL-2304,Via Giorgio Amendola,,giallo,3,strada urbana senza ciclabile,no,2,no,0,A1,
SS-MIL-2305,Via Giorgio Briano,,giallo,3,strada urbana senza ciclabile (1 corsie),no,1,si,0,B2,
SS-MIL-2306,Via Giorgio Castelli,,giallo,3,strada urbana senza ciclabile,no,2,no,0,C1,
SS-MIL-2307,Via Giorgio Chavez,,giallo,3,strada urbana senza ciclabile,no,2,si,0,C2,
SS-MIL-2308,Via Giorgio De Chirico,,giallo,3,strada urbana senza ciclabile,no,2,no,0,A1,
SS-MIL-2309,Via Giorgio Gaber,,verde,1,ciclabile presente (da OpenStreetMap),si,2,si,0,A2,
SS-MIL-2310,Via Giorgio Giulini,,giallo,3,strada urbana senza ciclabile,no,2,si,0,B2,
SS-MIL-2311,Via Giorgio Jan,,giallo,3,strada urbana senza ciclabile (1 corsie),no,1,si,0,B2,
SS-MIL-2312,Via Giorgio Marazzani,,giallo,3,strada urbana senza ciclabile,no,2,no,0,C2,
SS-MIL-2313,Via Giorgio Merula,,giallo,3,strada urbana senza ciclabile,no,2,no,0,A1,
SS-MIL-2314,Via Giorgio Pallavicino,,giallo,3,strada urbana senza ciclabile,no,2,no,0,B2,
SS-MIL-2315,Via Giorgio Perlasca,,giallo,3,strada urbana senza ciclabile,no,2,no,0,C1,
SS-MIL-2316,Via Giorgio Savoia,,giallo,3,strada urbana senza ciclabile,no,2,no,0,A2,
SS-MIL-2317,Via Giorgio Stephenson,,giallo,3,strada urbana senza ciclabile,no,2,si,0,C1,
SS-MIL-2318,Via Giorgio Strehler,,giallo,3,strada urbana senza ciclabile,no,2,no,0,B2,
SS-MIL-2319,Via Giorgio Vasari,,giallo,3,strada urbana senza ciclabile (2 corsie),no,2,no,0,B2,
SS-MIL-2320,Via Giorgio Washington,,giallo,3,strada urbana senza ciclabile,no,2,si,0,B1,
SS-MIL-2321,Via Giorgio de Chirico,,giallo,3,strada urbana senza ciclabile,no,2,no,0,C1,
SS-MIL-2322,Via Giorgione,,giallo,3,strada urbana senza ciclabile (1 corsie),no,1,si,0,B2,
SS-MIL-2323,Via Giosuè Borsi,,giallo,3,strada urbana senza ciclabile (1 corsie),no,1,si,0,B2,
SS-MIL-2324,Via Giosuè Carducci,,giallo,3,strada urbana senza ciclabile,no,2,no,0,A1,
SS-MIL-2325,Via Giotto,,giallo,3,strada urbana senza ciclabile,no,2,no,0,A1,
SS-MIL-2326,Via Giovan Battista Angioletti,,giallo,3,strada urbana senza ciclabile,no,2,si,0,C1,
SS-MIL-2327,Via Giovan Battista Vico,,giallo,3,strada urbana senza ciclabile,no,2,no,0,A1,
SS-MIL-2328,Via Giovanna D'Arco,,giallo,3,strada urbana senza ciclabile,no,2,no,0,C1,
SS-MIL-2329,Via Giovanni Alfonso Borelli,,giallo,3,strada urbana senza ciclabile,no,2,si,0,B1,
SS-MIL-2330,Via Giovanni Ambrogio De Predis,,giallo,3,strada urbana senza ciclabile,no,2,si,0,C1,
SS-MIL-2331,Via Giovanni Ameglio,,giallo,3,strada urbana senza ciclabile,no,2,no,0,C1,
SS-MIL-2332,Via Giovanni Amendola,,giallo,3,strada urbana senza ciclabile,no,2,no,0,A1,
SS-MIL-2333,Via Giovanni Ansaldo,,giallo,3,strada urbana senza ciclabile,no,2,si,0,C2,
SS-MIL-2334,Via Giovanni Antonio Amadeo,,giallo,3,strada urbana senza ciclabile,no,2,si,0,B2,
SS-MIL-2335,Via Giovanni Antonio Plana,,giallo,3,strada urbana senza ciclabile,no,2,si,0,C1,
SS-MIL-2336,Via Giovanni Arrivabene,,giallo,3,strada urbana senza ciclabile,no,2,si,0,C2,
SS-MIL-2337,Via Giovanni Aurispa,,giallo,3,strada urbana senza ciclabile (2 corsie),no,2,si,0,B2,
SS-MIL-2338,Via Giovanni Balilla Magistri,,giallo,3,strada urbana senza ciclabile (2 corsie),no,2,no,0,B2,
SS-MIL-2339,Via Giovanni Barrella,,giallo,3,strada urbana senza ciclabile,no,2,no,0,C1,
SS-MIL-2340,Via Giovanni Battista Barinetti,,giallo,3,strada urbana senza ciclabile,no,2,no,0,B2,
SS-MIL-2341,Via Giovanni Battista Bertini,,giallo,3,strada urbana senza ciclabile,no,2,si,0,B2,
SS-MIL-2342,Via Giovanni Battista Boeri,,giallo,3,strada urbana senza ciclabile,no,2,no,0,B2,
SS-MIL-2343,Via Giovanni Battista Cassinis,,giallo,3,strada urbana senza ciclabile,no,2,si,0,A2,
SS-MIL-2344,Via Giovanni Battista De Rossi,,giallo,3,strada urbana senza ciclabile,no,2,no,0,C1,
SS-MIL-2345,Via Giovanni Battista Fauche',,giallo,3,strada urbana senza ciclabile (2 corsie),no,2,no,0,C2,
SS-MIL-2346,Via Giovanni Battista Grassi,,rosso,4,strada secondaria trafficata (1 corsie),no,1,si,0,C1,
SS-MIL-2347,Via Giovanni Battista Monteggia,,giallo,3,strada urbana senza ciclabile,no,2,si,0,C2,
SS-MIL-2348,Via Giovanni Battista Morgagni,,giallo,3,strada urbana senza ciclabile (1 corsie),no,1,si,0,B2,
SS-MIL-2349,Via Giovanni Battista Moroni,,giallo,3,strada urbana senza ciclabile (1 corsie),no,1,si,0,B1,
SS-MIL-2350,Via Giovanni Battista Nazari,,giallo,3,strada urbana senza ciclabile,no,2,si,0,B2,
SS-MIL-2351,Via Giovanni Battista Niccolini,,giallo,3,strada urbana senza ciclabile (1 corsie),no,1,si,0,B2,
SS-MIL-2352,Via Giovanni Battista Palletta,,giallo,3,strada urbana senza ciclabile,no,2,no,0,C2,
SS-MIL-2353,Via Giovanni Battista Pergolesi,,rosso,4,strada secondaria trafficata (2 corsie),no,2,si,0,A1,
SS-MIL-2354,Via Giovanni Battista Piazzetta,,giallo,3,strada urbana senza ciclabile,no,2,si,0,A2,
SS-MIL-2355,Via Giovanni Battista Piranesi,,giallo,3,strada urbana senza ciclabile,no,2,si,0,B2,
SS-MIL-2356,Via Giovanni Battista Pirelli,,giallo,3,strada urbana senza ciclabile (2 corsie),no,2,no,0,B2,
SS-MIL-2357,Via Giovanni Battista Ramusio,,giallo,3,strada urbana senza ciclabile,no,2,si,0,A2,
SS-MIL-2358,Via Giovanni Battista Rasario,,giallo,3,strada urbana senza ciclabile,no,2,si,0,C1,
SS-MIL-2359,Via Giovanni Battista Sammartini,,giallo,3,strada urbana senza ciclabile,no,2,si,0,C2,
SS-MIL-2360,Via Giovanni Battista Soresina,,giallo,3,strada urbana senza ciclabile,no,2,si,0,B2,
SS-MIL-2361,Via Giovanni Battista Torti,,giallo,3,strada urbana senza ciclabile,no,2,si,0,B2,
SS-MIL-2362,Via Giovanni Battista Varè,,giallo,3,strada urbana senza ciclabile,no,2,si,0,C2,
SS-MIL-2363,Via Giovanni Battista Viotti,,giallo,3,strada urbana senza ciclabile (1 corsie),no,1,si,0,B2,
SS-MIL-2364,Via Giovanni Bellezza,,giallo,3,strada urbana senza ciclabile,no,2,no,0,B2,
SS-MIL-2365,Via Giovanni Bensi,,giallo,3,strada urbana senza ciclabile,no,2,no,0,B1,
SS-MIL-2366,Via Giovanni Berchet,,blu,2,zona pedonale / living street,no,1,no,0,B2,
SS-MIL-2367,Via Giovanni Boccaccio,,giallo,3,strada urbana senza ciclabile,no,2,no,0,A1,
SS-MIL-2368,Via Giovanni Boine,,giallo,3,strada urbana senza ciclabile,no,2,si,0,B1,
SS-MIL-2369,Via Giovanni Boldini,,giallo,3,strada urbana senza ciclabile (2 corsie),no,2,no,0,B1,
SS-MIL-2370,Via Giovanni Bottesini,,giallo,3,strada urbana senza ciclabile,no,2,si,0,B2,
SS-MIL-2371,Via Giovanni Bovio,,giallo,3,strada urbana senza ciclabile,no,2,si,0,C2,
SS-MIL-2372,Via Giovanni Briosi,,giallo,3,strada urbana senza ciclabile,no,2,no,0,B2,
SS-MIL-2373,Via Giovanni Cadolini,,giallo,3,strada urbana senza ciclabile,no,2,si,0,B2,
SS-MIL-2374,Via Giovanni Cagliero,,giallo,3,strada urbana senza ciclabile (1 corsie),no,1,si,0,C2,
SS-MIL-2375,Via Giovanni Calvino,,giallo,3,strada urbana senza ciclabile (2 corsie),no,2,no,0,C2,
SS-MIL-2376,Via Giovanni Cantoni,,giallo,3,strada urbana senza ciclabile,no,2,si,0,B2,
SS-MIL-2377,Via Giovanni Carnovali,,giallo,3,strada urbana senza ciclabile,no,2,si,0,C2,
SS-MIL-2378,Via Giovanni Celoria,,giallo,3,strada urbana senza ciclabile (2 corsie),no,2,no,0,B2,
SS-MIL-2379,Via Giovanni Cena,,giallo,3,strada urbana senza ciclabile (2 corsie),no,2,no,0,B2,
SS-MIL-2380,Via Giovanni Cimabue,,giallo,3,strada urbana senza ciclabile,no,2,si,0,C1,
SS-MIL-2381,Via Giovanni Comisso,,giallo,3,strada urbana senza ciclabile,no,2,no,0,B2,
SS-MIL-2382,Via Giovanni Cristiano Andersen,,blu,2,zona pedonale / living street,no,1,no,0,C1,
SS-MIL-2383,Via Giovanni D'Anzi,,giallo,3,strada urbana senza ciclabile,no,2,si,0,C2,
SS-MIL-2384,Via Giovanni Della Casa,,giallo,3,strada urbana senza ciclabile (1 corsie),no,1,si,0,C1,
SS-MIL-2385,Via Giovanni Dolcebuono,,giallo,3,strada urbana senza ciclabile,no,2,no,0,C2,
SS-MIL-2386,Via Giovanni Duprè,,giallo,3,strada urbana senza ciclabile,no,2,si,0,C2,
SS-MIL-2387,Via Giovanni Durando,,giallo,3,strada urbana senza ciclabile (2 corsie),no,2,no,0,C2,
SS-MIL-2388,Via Giovanni Enrico Pestalozzi,,giallo,3,strada urbana senza ciclabile (1 corsie),no,1,si,0,B1,
SS-MIL-2389,Via Giovanni Falcone,,giallo,3,strada urbana senza ciclabile,no,2,no,0,A1,
SS-MIL-2390,Via Giovanni Falcone e Paolo Borsellino,,giallo,3,strada urbana senza ciclabile (2 corsie),no,2,no,0,A2,
SS-MIL-2391,Via Giovanni Fantoni,,giallo,3,strada urbana senza ciclabile,no,2,si,0,B1,
SS-MIL-2392,Via Giovanni Fattori,,giallo,3,strada urbana senza ciclabile,no,2,si,0,C1,
SS-MIL-2393,Via Giovanni Gentile,,giallo,3,strada urbana senza ciclabile (1 corsie),no,1,si,0,C1,
SS-MIL-2394,Via Giovanni Gherardini,,giallo,3,strada urbana senza ciclabile (1 corsie),no,1,si,0,B2,
SS-MIL-2395,Via Giovanni Gioacchino Winckelmann,,giallo,3,strada urbana senza ciclabile,no,2,si,0,B1,
SS-MIL-2396,Via Giovanni Giolitti,,giallo,3,strada urbana senza ciclabile,no,2,si,0,A2,
SS-MIL-2397,Via Giovanni Grasso,,giallo,3,strada urbana senza ciclabile (2 corsie),no,2,no,0,C1,
SS-MIL-2398,Via Giovanni Keplero,,giallo,3,strada urbana senza ciclabile (2 corsie),no,2,no,0,B1,
SS-MIL-2399,Via Giovanni Labus,,giallo,3,strada urbana senza ciclabile (2 corsie),no,2,no,0,B1,
SS-MIL-2400,Via Giovanni Lanza,,giallo,3,strada urbana senza ciclabile (2 corsie),no,2,si,0,B2,
SS-MIL-2401,Via Giovanni Livraghi,,giallo,3,strada urbana senza ciclabile (1 corsie),no,1,si,0,C2,
SS-MIL-2402,Via Giovanni Lorenzini,,giallo,3,strada urbana senza ciclabile (2 corsie),no,2,no,0,B2,
SS-MIL-2403,Via Giovanni Lulli,,giallo,3,strada urbana senza ciclabile (2 corsie),no,2,no,0,C2,
SS-MIL-2404,Via Giovanni Marcora,,giallo,3,strada urbana senza ciclabile,no,2,no,0,A2,
SS-MIL-2405,Via Giovanni Maria Bicetti De' Buttinoni,,giallo,3,strada urbana senza ciclabile,no,2,si,0,C1,
SS-MIL-2406,Via Giovanni Marradi,,giallo,3,strada urbana senza ciclabile,no,2,si,0,B2,
SS-MIL-2407,Via Giovanni Masera,,giallo,3,strada urbana senza ciclabile,no,2,si,0,B2,
SS-MIL-2408,Via Giovanni Mayr,,giallo,3,strada urbana senza ciclabile (1 corsie),no,1,si,0,B2,
SS-MIL-2409,Via Giovanni Meli,,giallo,3,strada urbana senza ciclabile (1 corsie),no,1,si,0,C2,
SS-MIL-2410,Via Giovanni Milani,,giallo,3,strada urbana senza ciclabile (1 corsie),no,1,si,0,B2,
SS-MIL-2411,Via Giovanni Montemartini,,giallo,3,strada urbana senza ciclabile (1 corsie),no,1,si,0,A2,
SS-MIL-2412,Via Giovanni Morelli,,giallo,3,strada urbana senza ciclabile,no,2,si,0,B2,
SS-MIL-2413,Via Giovanni Nicotera,,giallo,3,strada urbana senza ciclabile,no,2,si,0,C2,
SS-MIL-2414,Via Giovanni Omboni,,giallo,3,strada urbana senza ciclabile (1 corsie),no,1,si,0,B2,
SS-MIL-2415,Via Giovanni Pacini,,giallo,3,strada urbana senza ciclabile,no,2,si,0,B2,
SS-MIL-2416,Via Giovanni Paisiello,,giallo,3,strada urbana senza ciclabile,no,2,si,0,B2,
SS-MIL-2417,Via Giovanni Palatucci,,giallo,3,strada urbana senza ciclabile,no,2,si,0,B2,
SS-MIL-2418,Via Giovanni Papini,,giallo,3,strada urbana senza ciclabile,no,2,si,0,C1,
SS-MIL-2419,Via Giovanni Paradisi,,giallo,3,strada urbana senza ciclabile,no,2,si,0,C2,
SS-MIL-2420,Via Giovanni Pascoli,,giallo,3,strada urbana senza ciclabile,no,2,no,0,A1,
SS-MIL-2421,Via Giovanni Pastorelli,,giallo,3,strada urbana senza ciclabile,no,2,si,0,B2,
SS-MIL-2422,Via Giovanni Pezzotti,,giallo,3,strada urbana senza ciclabile,no,2,si,0,B2,
SS-MIL-2423,Via Giovanni Pierluigi da Palestrina,,giallo,3,strada urbana senza ciclabile (1 corsie),no,1,si,0,B2,
SS-MIL-2424,Via Giovanni Polvani,,giallo,3,strada urbana senza ciclabile,no,2,no,0,C2,
SS-MIL-2425,Via Giovanni Pontano,,giallo,3,strada urbana senza ciclabile,no,2,si,0,C2,
SS-MIL-2426,Via Giovanni Prati,,giallo,3,strada urbana senza ciclabile,no,2,no,0,A1,
SS-MIL-2427,Via Giovanni Rabino,,giallo,3,strada urbana senza ciclabile,no,2,si,0,C2,
SS-MIL-2428,Via Giovanni Raiberti,,giallo,3,strada urbana senza ciclabile,no,2,si,0,B2,
SS-MIL-2429,Via Giovanni Randaccio,,giallo,3,strada urbana senza ciclabile,no,2,si,0,B2,
SS-MIL-2430,Via Giovanni Rasori,,giallo,3,strada urbana senza ciclabile,no,2,si,0,B2,
SS-MIL-2431,Via Giovanni Ricordi,,giallo,3,strada urbana senza ciclabile,no,2,no,0,A1,
SS-MIL-2432,Via Giovanni Rota,,giallo,3,strada urbana senza ciclabile (2 corsie),no,2,no,0,B1,
SS-MIL-2433,Via Giovanni Rotondi,,giallo,3,strada urbana senza ciclabile,no,2,si,0,B2,
SS-MIL-2434,Via Giovanni Scheiwiller,,giallo,3,strada urbana senza ciclabile,no,2,si,0,B2,
SS-MIL-2435,Via Giovanni Schiaparelli,,giallo,3,strada urbana senza ciclabile,no,2,no,0,B1,
SS-MIL-2436,Via Giovanni Schiavoni,,rosso,4,strada secondaria trafficata (1 corsie),no,1,si,0,B2,
SS-MIL-2437,Via Giovanni Segantini,,giallo,3,strada urbana senza ciclabile (2 corsie),no,2,no,0,B2,
SS-MIL-2438,Via Giovanni Silvestri,,giallo,3,strada urbana senza ciclabile (2 corsie),no,2,si,0,C2,
SS-MIL-2439,Via Giovanni Spadolini,,giallo,3,strada urbana senza ciclabile,no,2,no,0,B2,
SS-MIL-2440,Via Giovanni Spagliardi,,giallo,3,strada urbana senza ciclabile,no,2,si,0,B1,
SS-MIL-2441,Via Giovanni Terruggia,,giallo,3,strada urbana senza ciclabile,no,2,si,0,C2,
SS-MIL-2442,Via Giovanni Titta Rosa,,blu,2,zona pedonale / living street,no,1,no,0,B1,
SS-MIL-2443,Via Giovanni Treccani degli Alfieri,,giallo,3,strada urbana senza ciclabile (2 corsie),no,2,no,0,A2,
SS-MIL-2444,Via Giovanni Ventura,,giallo,3,strada urbana senza ciclabile,no,2,si,0,B2,
SS-MIL-2445,Via Giovanni Verga,,giallo,3,strada urbana senza ciclabile,no,2,si,0,A1,
SS-MIL-2446,Via Giovanni Villani,,giallo,3,strada urbana senza ciclabile (1 corsie),no,1,si,0,B2,
SS-MIL-2447,Via Giovanni Vittani,,giallo,3,strada urbana senza ciclabile,no,2,no,0,C1,
SS-MIL-2448,Via Giovanni XXIII,,giallo,3,strada urbana senza ciclabile,no,2,si,0,C2,
SS-MIL-2449,Via Giovanni da Milano,,giallo,3,strada urbana senza ciclabile (2 corsie),no,2,si,0,B2,
SS-MIL-2450,Via Giovanni da Procida,,giallo,3,strada urbana senza ciclabile (1 corsie),no,1,si,0,B1,
SS-MIL-2451,Via Giovanni da Udine,,giallo,3,strada urbana senza ciclabile,no,2,no,0,C1,
SS-MIL-2452,Via Giovanni de Alessandri,,giallo,3,strada urbana senza ciclabile,no,2,si,0,B2,
SS-MIL-2453,Via Giovanni de Castro,,giallo,3,strada urbana senza ciclabile,no,2,si,0,B1,
SS-MIL-2454,Via Giovanni di Breganze,,giallo,3,strada urbana senza ciclabile,no,2,no,0,B1,
SS-MIL-2455,Via Giovenale,,giallo,3,strada urbana senza ciclabile,no,2,si,0,B2,
SS-MIL-2456,Via Giovita Scalvini,,giallo,3,strada urbana senza ciclabile,no,2,no,0,C2,
SS-MIL-2457,Via Girardo Patecchio,,giallo,3,strada urbana senza ciclabile,no,2,si,0,A2,
SS-MIL-2458,Via Girolamo Fracastoro,,giallo,3,strada urbana senza ciclabile,no,2,si,0,C2,
SS-MIL-2459,Via Girolamo Savonarola,,giallo,3,strada urbana senza ciclabile,no,2,si,0,C1,
SS-MIL-2460,Via Giuba,,giallo,3,strada urbana senza ciclabile,no,2,si,0,C2,
SS-MIL-2461,Via Giuditta Pasta,,giallo,3,strada urbana senza ciclabile (2 corsie),no,2,si,0,C2,
SS-MIL-2462,Via Giuditta Sidoli,,giallo,3,strada urbana senza ciclabile,no,2,si,0,B2,
SS-MIL-2463,Via Giuditta e Giulia Grisi,,giallo,3,strada urbana senza ciclabile,no,2,si,0,C2,
SS-MIL-2464,Via Giulianova,,giallo,3,strada urbana senza ciclabile,no,2,no,0,B2,
SS-MIL-2465,Via Giulietta Pezzi,,giallo,3,strada urbana senza ciclabile,no,2,si,0,B2,
SS-MIL-2466,Via Giulio Alfredo Maccacaro,,giallo,3,strada urbana senza ciclabile,no,2,no,0,A2,
SS-MIL-2467,Via Giulio Bechi,,giallo,3,strada urbana senza ciclabile,no,2,si,0,C2,
SS-MIL-2468,Via Giulio Belinzaghi,,giallo,3,strada urbana senza ciclabile,no,2,si,0,C2,
SS-MIL-2469,Via Giulio Carcano,,giallo,3,strada urbana senza ciclabile,no,2,si,0,B2,
SS-MIL-2470,Via Giulio Ceradini,,giallo,3,strada urbana senza ciclabile (1 corsie),no,1,si,0,B2,
SS-MIL-2471,Via Giulio Cesare Gabussi,,giallo,3,strada urbana senza ciclabile,no,2,no,0,A2,
SS-MIL-2472,Via Giulio Cesare Procaccini,,giallo,3,strada urbana senza ciclabile (2 corsie),no,2,no,0,B2,
SS-MIL-2473,Via Giulio Confalonieri,,giallo,3,strada urbana senza ciclabile (2 corsie),no,2,no,0,C1,
SS-MIL-2474,Via Giulio Dardanoni,,giallo,3,strada urbana senza ciclabile,no,2,si,0,B2,
SS-MIL-2475,Via Giulio Ferreri,,giallo,3,strada urbana senza ciclabile,no,2,no,0,B1,
SS-MIL-2476,Via Giulio Natta,,giallo,3,strada urbana senza ciclabile,no,2,no,0,C1,
SS-MIL-2477,Via Giulio Pastore,,giallo,3,strada urbana senza ciclabile,no,2,si,0,A2,
SS-MIL-2478,Via Giulio Perticari,,giallo,3,strada urbana senza ciclabile,no,2,si,0,C2,
SS-MIL-2479,Via Giulio Romano,,giallo,3,strada urbana senza ciclabile,no,2,no,0,B2,
SS-MIL-2480,Via Giulio Tarra,,giallo,3,strada urbana senza ciclabile (1 corsie),no,1,si,0,C2,
SS-MIL-2481,Via Giulio Tavecchia,,giallo,3,strada urbana senza ciclabile,no,2,no,0,C1,
SS-MIL-2482,Via Giulio Uberti,,giallo,3,strada urbana senza ciclabile,no,2,si,0,B2,
SS-MIL-2483,Via Giulio Verne,,giallo,3,strada urbana senza ciclabile,no,2,no,0,B2,
SS-MIL-2484,Via Giulio e Corrado Venini,,giallo,3,strada urbana senza ciclabile,no,2,si,0,B2,
SS-MIL-2485,Via Giuseppe Adami,,giallo,3,strada urbana senza ciclabile,no,2,no,0,B2,
SS-MIL-2486,Via Giuseppe Allegranza,,giallo,3,strada urbana senza ciclabile (1 corsie),no,1,si,0,B2,
SS-MIL-2487,Via Giuseppe Antonio Borgese,,giallo,3,strada urbana senza ciclabile (2 corsie),no,2,no,0,C2,
SS-MIL-2488,Via Giuseppe Arimondi,,giallo,3,strada urbana senza ciclabile,no,2,no,0,C1,
SS-MIL-2489,Via Giuseppe Avezzana,,giallo,3,strada urbana senza ciclabile,no,2,no,0,B2,
SS-MIL-2490,Via Giuseppe Balzaretti,,giallo,3,strada urbana senza ciclabile,no,2,si,0,B2,
SS-MIL-2491,Via Giuseppe Bardelli,,giallo,3,strada urbana senza ciclabile,no,2,si,0,B2,
SS-MIL-2492,Via Giuseppe Barellai,,giallo,3,strada urbana senza ciclabile (1 corsie),no,1,si,0,B2,
SS-MIL-2493,Via Giuseppe Baretti,,giallo,3,strada urbana senza ciclabile,no,2,si,0,B2,
SS-MIL-2494,Via Giuseppe Bertolaia,,giallo,3,strada urbana senza ciclabile,no,2,si,0,C2,
SS-MIL-2495,Via Giuseppe Biancardi,,giallo,3,strada urbana senza ciclabile,no,2,si,0,B1,
SS-MIL-2496,Via Giuseppe Bologna,,giallo,3,strada urbana senza ciclabile (2 corsie),no,2,no,0,C2,
SS-MIL-2497,Via Giuseppe Bottelli,,giallo,3,strada urbana senza ciclabile (2 corsie),no,2,no,0,C2,
SS-MIL-2498,Via Giuseppe Brentano,,giallo,3,strada urbana senza ciclabile,no,2,no,0,B2,
SS-MIL-2499,Via Giuseppe Broggi,,giallo,3,strada urbana senza ciclabile (1 corsie),no,1,si,0,B2,
SS-MIL-2500,Via Giuseppe Bruschetti,,giallo,3,strada urbana senza ciclabile,no,2,si,0,C2,
SS-MIL-2501,Via Giuseppe Caimi,,giallo,3,strada urbana senza ciclabile (1 corsie),no,1,si,0,B2,
SS-MIL-2502,Via Giuseppe Candiani,,giallo,3,strada urbana senza ciclabile,no,2,si,0,C2,
SS-MIL-2503,Via Giuseppe Canella,,giallo,3,strada urbana senza ciclabile,no,2,si,0,B1,
SS-MIL-2504,Via Giuseppe Carozzi,,giallo,3,strada urbana senza ciclabile,no,2,si,0,B1,
SS-MIL-2505,Via Giuseppe Cesare Abba,,giallo,3,strada urbana senza ciclabile,no,2,si,0,C2,
SS-MIL-2506,Via Giuseppe Chiostergi,,giallo,3,strada urbana senza ciclabile,no,2,si,0,B1,
SS-MIL-2507,Via Giuseppe Codara,,giallo,3,strada urbana senza ciclabile,no,2,si,0,B2,
SS-MIL-2508,Via Giuseppe Colombo,,giallo,3,strada urbana senza ciclabile (2 corsie),no,2,no,0,B2,
SS-MIL-2509,Via Giuseppe Compagnoni,,giallo,3,strada urbana senza ciclabile,no,2,si,0,B2,
SS-MIL-2510,Via Giuseppe Cuzzi,,giallo,3,strada urbana senza ciclabile,no,2,no,0,C1,
SS-MIL-2511,Via Giuseppe De Finetti,,giallo,3,strada urbana senza ciclabile,no,2,no,0,A1,
SS-MIL-2512,Via Giuseppe De Notaris,,giallo,3,strada urbana senza ciclabile,no,2,si,0,C2,
SS-MIL-2513,Via Giuseppe De Vecchi,,giallo,3,strada urbana senza ciclabile,no,2,no,0,A1,
SS-MIL-2514,Via Giuseppe Dezza,,giallo,3,strada urbana senza ciclabile,no,2,si,0,B2,
SS-MIL-2515,Via Giuseppe Di Vittorio,,giallo,3,strada urbana senza ciclabile,no,2,si,0,A1,
SS-MIL-2516,Via Giuseppe Dossetti,,giallo,3,strada urbana senza ciclabile (2 corsie),no,2,no,0,A2,
SS-MIL-2517,Via Giuseppe Ferrari,,rosso,4,strada secondaria trafficata,no,2,si,0,B2,
SS-MIL-2518,Via Giuseppe Finzi,,giallo,3,strada urbana senza ciclabile (1 corsie),no,1,si,0,C2,
SS-MIL-2519,Via Giuseppe Francesco Piermarini,,giallo,3,strada urbana senza ciclabile (1 corsie),no,1,si,0,B2,
SS-MIL-2520,Via Giuseppe Frua,,giallo,3,strada urbana senza ciclabile,no,2,si,0,B1,
SS-MIL-2521,Via Giuseppe Gabetti,,giallo,3,strada urbana senza ciclabile,no,2,si,0,B1,
SS-MIL-2522,Via Giuseppe Galliano,,giallo,3,strada urbana senza ciclabile,no,2,no,0,B1,
SS-MIL-2523,Via Giuseppe Garibaldi,,giallo,3,strada urbana senza ciclabile,no,2,no,0,A1,
SS-MIL-2524,Via Giuseppe Giacosa,,giallo,3,strada urbana senza ciclabile,no,2,no,0,A1,
SS-MIL-2525,Via Giuseppe Gianella,,giallo,3,strada urbana senza ciclabile,no,2,si,0,B1,
SS-MIL-2526,Via Giuseppe Giannini,,giallo,3,strada urbana senza ciclabile (1 corsie),no,1,si,0,C1,
SS-MIL-2527,Via Giuseppe Gilera,,giallo,3,strada urbana senza ciclabile,no,2,no,0,C2,
SS-MIL-2528,Via Giuseppe Giusti,,giallo,3,strada urbana senza ciclabile,no,2,si,0,B1,
SS-MIL-2529,Via Giuseppe Govone,,giallo,3,strada urbana senza ciclabile,no,2,si,0,C2,
SS-MIL-2530,Via Giuseppe Guerzoni,,giallo,3,strada urbana senza ciclabile,no,2,si,0,C2,
SS-MIL-2531,Via Giuseppe Impastato,,giallo,3,strada urbana senza ciclabile,no,2,si,0,A2,
SS-MIL-2532,Via Giuseppe La Farina,,giallo,3,strada urbana senza ciclabile (1 corsie),no,1,si,0,C2,
SS-MIL-2533,Via Giuseppe La Masa,,giallo,3,strada urbana senza ciclabile,no,2,si,0,C1,
SS-MIL-2534,Via Giuseppe Lagrange,,giallo,3,strada urbana senza ciclabile,no,2,si,0,B2,
SS-MIL-2535,Via Giuseppe Lazzati,,giallo,3,strada urbana senza ciclabile,no,2,no,0,A1,
SS-MIL-2536,Via Giuseppe Longhi,,giallo,3,strada urbana senza ciclabile,no,2,si,0,B2,
SS-MIL-2537,Via Giuseppe Luosi,,giallo,3,strada urbana senza ciclabile,no,2,si,0,B2,
SS-MIL-2538,Via Giuseppe Marcora,,giallo,3,strada urbana senza ciclabile (2 corsie),no,2,no,0,B2,
SS-MIL-2539,Via Giuseppe Massarenti,,giallo,3,strada urbana senza ciclabile,no,2,no,0,B1,
SS-MIL-2540,Via Giuseppe Mazzini,,giallo,3,strada urbana senza ciclabile,no,2,si,0,A1,
SS-MIL-2541,Via Giuseppe Meda,,giallo,3,strada urbana senza ciclabile,no,2,si,0,B2,
SS-MIL-2542,Via Giuseppe Mengoni,,giallo,3,strada urbana senza ciclabile,no,2,si,0,B2,
SS-MIL-2543,Via Giuseppe Mercalli,,giallo,3,strada urbana senza ciclabile (1 corsie),no,1,si,0,B2,
SS-MIL-2544,Via Giuseppe Merzario,,giallo,3,strada urbana senza ciclabile (2 corsie),no,2,si,0,B2,
SS-MIL-2545,Via Giuseppe Molteni,,giallo,3,strada urbana senza ciclabile,no,2,si,0,C2,
SS-MIL-2546,Via Giuseppe Montanelli,,giallo,3,strada urbana senza ciclabile,no,2,si,0,C1,
SS-MIL-2547,Via Giuseppe Monti,,giallo,3,strada urbana senza ciclabile (2 corsie),no,2,no,0,B1,
SS-MIL-2548,Via Giuseppe Mussi,,giallo,3,strada urbana senza ciclabile,no,2,no,0,B2,
SS-MIL-2549,Via Giuseppe Organdino,,giallo,3,strada urbana senza ciclabile,no,2,si,0,B1,
SS-MIL-2550,Via Giuseppe Palanti,,giallo,3,strada urbana senza ciclabile,no,2,no,0,A2,
SS-MIL-2551,Via Giuseppe Panzeri,,giallo,3,strada urbana senza ciclabile,no,2,no,0,C1,
SS-MIL-2552,Via Giuseppe Parini,,giallo,3,strada urbana senza ciclabile,no,2,no,0,A1,
SS-MIL-2553,Via Giuseppe Pecchio,,giallo,3,strada urbana senza ciclabile,no,2,si,0,B2,
SS-MIL-2554,Via Giuseppe Pelitti,,giallo,3,strada urbana senza ciclabile (1 corsie),no,1,si,0,C2,
SS-MIL-2555,Via Giuseppe Pellizza da Volpedo,,giallo,3,strada urbana senza ciclabile,no,2,si,0,B1,
SS-MIL-2556,Via Giuseppe Piazzi,,giallo,3,strada urbana senza ciclabile (1 corsie),no,1,si,0,C2,
SS-MIL-2557,Via Giuseppe Pietri,,giallo,3,strada urbana senza ciclabile,no,2,si,0,B2,
SS-MIL-2558,Via Giuseppe Pinelli,,giallo,3,strada urbana senza ciclabile,no,2,si,0,B1,
SS-MIL-2559,Via Giuseppe Piolti De' Bianchi,,giallo,3,strada urbana senza ciclabile (1 corsie),no,1,si,0,B2,
SS-MIL-2560,Via Giuseppe Pogatschnig,,giallo,3,strada urbana senza ciclabile,no,2,si,0,B1,
SS-MIL-2561,Via Giuseppe Ponzio,,giallo,3,strada urbana senza ciclabile (2 corsie),no,2,no,0,B2,
SS-MIL-2562,Via Giuseppe Pozzobonelli,,giallo,3,strada urbana senza ciclabile,no,2,si,0,C2,
SS-MIL-2563,Via Giuseppe Pozzone,,giallo,3,strada urbana senza ciclabile,no,2,si,0,B2,
SS-MIL-2564,Via Giuseppe Prina,,giallo,3,strada urbana senza ciclabile,no,2,no,0,B2,
SS-MIL-2565,Via Giuseppe Regaldi,,giallo,3,strada urbana senza ciclabile,no,2,si,0,C2,
SS-MIL-2566,Via Giuseppe Revere,,giallo,3,strada urbana senza ciclabile (1 corsie),no,1,si,0,B2,
SS-MIL-2567,Via Giuseppe Ripamonti,,giallo,3,strada urbana senza ciclabile,no,2,si,0,A2,
SS-MIL-2568,Via Giuseppe Romita,,giallo,3,strada urbana senza ciclabile,no,2,si,0,C2,
SS-MIL-2569,Via Giuseppe Rovani,,giallo,3,strada urbana senza ciclabile (1 corsie),no,1,si,0,B2,
SS-MIL-2570,Via Giuseppe Sacchi,,giallo,3,strada urbana senza ciclabile (1 corsie),no,1,si,0,B2,
SS-MIL-2571,Via Giuseppe Sacconi,,giallo,3,strada urbana senza ciclabile,no,2,no,0,B2,
SS-MIL-2572,Via Giuseppe Sapeto,,giallo,3,strada urbana senza ciclabile,no,2,si,0,B2,
SS-MIL-2573,Via Giuseppe Saragat,,giallo,3,strada urbana senza ciclabile,no,2,no,0,C2,
SS-MIL-2574,Via Giuseppe Sartirana,,giallo,3,strada urbana senza ciclabile,no,2,no,0,C1,
SS-MIL-2575,Via Giuseppe Scalarini,,giallo,3,strada urbana senza ciclabile,no,2,no,0,B2,
SS-MIL-2576,Via Giuseppe Sercognani,,giallo,3,strada urbana senza ciclabile,no,2,si,0,C1,
SS-MIL-2577,Via Giuseppe Sirtori,,giallo,3,strada urbana senza ciclabile,no,2,si,0,B2,
SS-MIL-2578,Via Giuseppe Solenghi,,giallo,3,strada urbana senza ciclabile,no,2,no,0,B1,
SS-MIL-2579,Via Giuseppe Sommaruga,,giallo,3,strada urbana senza ciclabile,no,2,si,0,B2,
SS-MIL-2580,Via Giuseppe Taccioli,,giallo,3,strada urbana senza ciclabile,no,2,si,0,C2,
SS-MIL-2581,Via Giuseppe Tartini,,giallo,3,strada urbana senza ciclabile,no,2,si,0,C2,
SS-MIL-2582,Via Giuseppe Terragni,,giallo,3,strada urbana senza ciclabile,no,2,no,0,B1,
SS-MIL-2583,Via Giuseppe Tomaselli,,giallo,3,strada urbana senza ciclabile,no,2,no,0,A2,
SS-MIL-2584,Via Giuseppe Toniolo,,blu,2,zona pedonale / living street,no,1,no,0,B2,
SS-MIL-2585,Via Giuseppe Ungaretti,,giallo,3,strada urbana senza ciclabile,no,2,no,0,B1,
SS-MIL-2586,Via Giuseppe Verdi,,giallo,3,strada urbana senza ciclabile,no,2,si,0,A1,
SS-MIL-2587,Via Giuseppe Vidali,,blu,2,zona pedonale / living street,no,2,no,0,C2,
SS-MIL-2588,Via Giuseppe Vigoni,,giallo,3,strada urbana senza ciclabile (1 corsie),no,1,si,0,B2,
SS-MIL-2589,Via Giuseppe Zanardelli,,giallo,3,strada urbana senza ciclabile (1 corsie),no,1,si,0,B2,
SS-MIL-2590,Via Giuseppe Zanoia,,giallo,3,strada urbana senza ciclabile (1 corsie),no,1,si,0,B2,
SS-MIL-2591,Via Giuseppe e Francesco Carlo Maggiolini,,giallo,3,strada urbana senza ciclabile (1 corsie),no,1,si,0,B2,
SS-MIL-2592,Via Giuseppina Grassini,,giallo,3,strada urbana senza ciclabile (2 corsie),no,2,no,0,C2,
SS-MIL-2593,Via Giuseppina Lazzaroni,,giallo,3,strada urbana senza ciclabile,no,2,no,0,C2,
SS-MIL-2594,Via Giuseppina Pizzigoni,,giallo,3,strada urbana senza ciclabile,no,2,no,0,C1,
SS-MIL-2595,Via Giuseppina Strepponi,,giallo,3,strada urbana senza ciclabile,no,2,si,0,C2,
SS-MIL-2596,Via Goffredo Mameli,,giallo,3,strada urbana senza ciclabile,no,2,no,0,A2,
SS-MIL-2597,Via Goffredo da Bussero,,giallo,3,strada urbana senza ciclabile (1 corsie),no,1,si,0,C2,
SS-MIL-2598,Via Goito,,giallo,3,strada urbana senza ciclabile,no,2,no,0,A2,
SS-MIL-2599,Via Golinelli,,giallo,3,strada urbana senza ciclabile,no,2,no,0,C2,
SS-MIL-2600,Via Gorani,,giallo,3,strada urbana senza ciclabile (1 corsie),no,1,si,0,B2,
SS-MIL-2601,Via Gorizia,,giallo,3,strada urbana senza ciclabile,no,2,si,0,A2,
SS-MIL-2602,Via Gottlieb Wilhelm Daimler,,giallo,3,strada urbana senza ciclabile,no,2,si,0,C1,
SS-MIL-2603,Via Gozzadini,,giallo,3,strada urbana senza ciclabile,no,2,si,0,B1,
SS-MIL-2604,Via Gradisca,,giallo,3,strada urbana senza ciclabile,no,2,si,0,C1,
SS-MIL-2605,Via Grado,,giallo,3,strada urbana senza ciclabile,no,2,no,0,C1,
SS-MIL-2606,Via Gran San Bernardo,,rosso,4,strada secondaria trafficata (2 corsie),no,2,si,0,A1,
SS-MIL-2607,Via Gran Sasso,,giallo,3,strada urbana senza ciclabile,no,2,no,0,A1,
SS-MIL-2608,Via Grancino,,giallo,3,strada urbana senza ciclabile,no,2,no,0,A1,
SS-MIL-2609,Via Gratosoglio,,giallo,3,strada urbana senza ciclabile,no,2,si,0,A2,
SS-MIL-2610,Via Grazia Deledda,,giallo,3,strada urbana senza ciclabile,no,2,no,0,B1,
SS-MIL-2611,Via Graziano,,rosso,4,strada secondaria trafficata,no,2,no,0,C2,
SS-MIL-2612,Via Gregorio Leti,,giallo,3,strada urbana senza ciclabile (2 corsie),no,2,no,0,C1,
SS-MIL-2613,Via Greppi,,giallo,3,strada urbana senza ciclabile,no,2,si,0,A2,
SS-MIL-2614,Via Gressoney,,giallo,3,strada urbana senza ciclabile,no,2,no,0,B2,
SS-MIL-2615,Via Grigna,,giallo,3,strada urbana senza ciclabile,no,2,si,0,C1,
SS-MIL-2616,Via Grivola,,giallo,3,strada urbana senza ciclabile,no,2,si,0,C2,
SS-MIL-2617,Via Grosio,,giallo,3,strada urbana senza ciclabile,no,2,no,0,C1,
SS-MIL-2618,Via Grosotto,,giallo,3,strada urbana senza ciclabile,no,2,si,0,C1,
SS-MIL-2619,Via Grosseto,,giallo,3,strada urbana senza ciclabile,no,2,si,0,C1,
SS-MIL-2620,Via Gualdo Priorato,,giallo,3,strada urbana senza ciclabile,no,2,si,0,B2,
SS-MIL-2621,Via Gualtiero Castellini,,giallo,3,strada urbana senza ciclabile (1 corsie),no,1,si,0,C2,
SS-MIL-2622,Via Guascona,,giallo,3,strada urbana senza ciclabile,no,2,si,0,B1,
SS-MIL-2623,Via Gubbio,,giallo,3,strada urbana senza ciclabile,no,2,si,0,B2,
SS-MIL-2624,Via Guercino,,giallo,3,strada urbana senza ciclabile (1 corsie),no,1,si,0,B2,
SS-MIL-2625,Via Guglielmo Ciardi,,giallo,3,strada urbana senza ciclabile,no,2,no,0,B1,
SS-MIL-2626,Via Guglielmo Ferrero,,giallo,3,strada urbana senza ciclabile,no,2,no,0,B1,
SS-MIL-2627,Via Guglielmo Guintellino,,giallo,3,strada urbana senza ciclabile,no,2,si,0,B1,
SS-MIL-2628,Via Guglielmo Koerner,,giallo,3,strada urbana senza ciclabile (1 corsie),no,1,si,0,C2,
SS-MIL-2629,Via Guglielmo Marconi,,giallo,3,strada urbana senza ciclabile,no,2,no,0,A1,
SS-MIL-2630,Via Guglielmo Oberdan,,giallo,3,strada urbana senza ciclabile,no,2,no,0,A1,
SS-MIL-2631,Via Guglielmo Pecori Giraldi,,giallo,3,strada urbana senza ciclabile,no,2,no,0,B2,
SS-MIL-2632,Via Guglielmo Pepe,,giallo,3,strada urbana senza ciclabile (1 corsie),no,1,si,0,B2,
SS-MIL-2633,Via Guglielmo Reiss Romoli,,giallo,3,strada urbana senza ciclabile,no,2,si,0,B1,
SS-MIL-2634,Via Guglielmo Silva,,giallo,3,strada urbana senza ciclabile (2 corsie),no,2,no,0,B1,
SS-MIL-2635,Via Guido Bonarelli,,giallo,3,strada urbana senza ciclabile,no,2,si,0,A2,
SS-MIL-2636,Via Guido Capelli,,giallo,3,strada urbana senza ciclabile (2 corsie),no,2,si,0,C2,
SS-MIL-2637,Via Guido Carli,,giallo,3,strada urbana senza ciclabile,no,2,no,0,C2,
SS-MIL-2638,Via Guido Cavalcanti,,giallo,3,strada urbana senza ciclabile,no,2,si,0,C2,
SS-MIL-2639,Via Guido Coppin,,giallo,3,strada urbana senza ciclabile,no,2,no,0,B1,
SS-MIL-2640,Via Guido De Ruggiero,,giallo,3,strada urbana senza ciclabile,no,2,no,0,A2,
SS-MIL-2641,Via Guido Gozzano,,giallo,3,strada urbana senza ciclabile (1 corsie),no,1,si,0,B2,
SS-MIL-2642,Via Guido Guarini Matteucci,,giallo,3,strada urbana senza ciclabile (2 corsie),no,2,no,0,C2,
SS-MIL-2643,Via Guido Guinizelli,,giallo,3,strada urbana senza ciclabile (1 corsie),no,1,si,0,C2,
SS-MIL-2644,Via Guido Martinelli,,giallo,3,strada urbana senza ciclabile,no,2,no,0,B1,
SS-MIL-2645,Via Guido Mazzali,,giallo,3,strada urbana senza ciclabile,no,2,si,0,C2,
SS-MIL-2646,Via Guido Reni,,giallo,3,strada urbana senza ciclabile,no,2,si,0,A1,
SS-MIL-2647,Via Guido Rossa,,giallo,3,strada urbana senza ciclabile,no,2,no,0,A1,
SS-MIL-2648,Via Guido Ucelli di Nemi,,giallo,3,strada urbana senza ciclabile,no,2,si,0,B2,
SS-MIL-2649,Via Guido Venosta,,giallo,3,strada urbana senza ciclabile,no,2,no,0,C2,
SS-MIL-2650,Via Guido d'Arezzo,,rosso,4,strada secondaria trafficata,no,2,no,0,B2,
SS-MIL-2651,Via Guido da Velate,,giallo,3,strada urbana senza ciclabile,no,2,no,0,C2,
SS-MIL-2652,Via Gustavo Bontadini,,giallo,3,strada urbana senza ciclabile,no,2,si,0,B1,
SS-MIL-2653,Via Gustavo Fara,,giallo,3,strada urbana senza ciclabile,no,2,si,0,B2,
SS-MIL-2654,Via Gustavo Modena,,giallo,3,strada urbana senza ciclabile (2 corsie),no,2,no,0,B2,
SS-MIL-2655,Via Gustavo Sanvenero Rosselli,,giallo,3,strada urbana senza ciclabile,no,2,no,0,A2,
SS-MIL-2656,Via Harar,,rosso,4,strada principale trafficata,no,2,si,0,B1,
SS-MIL-2657,Via Ho Chi Minh,,giallo,3,strada urbana senza ciclabile,no,2,si,0,C1,
SS-MIL-2658,Via Iacopo Antiquari,,giallo,3,strada urbana senza ciclabile,no,2,si,0,A2,
SS-MIL-2659,Via Icilio Calzolari,,giallo,3,strada urbana senza ciclabile,no,2,no,0,A2,
SS-MIL-2660,Via Idro,,verde,1,ciclabile presente (da OpenStreetMap),si,2,no,0,C2,
SS-MIL-2661,Via Iginio Ugo Tarchetti,,giallo,3,strada urbana senza ciclabile (2 corsie),no,2,no,0,B2,
SS-MIL-2662,Via Ignazio Ciaia,,giallo,3,strada urbana senza ciclabile (1 corsie),no,1,si,0,C2,
SS-MIL-2663,Via Ignazio Gardella,,giallo,3,strada urbana senza ciclabile,no,2,si,0,C1,
SS-MIL-2664,Via Ignazio Silone,,giallo,3,strada urbana senza ciclabile,no,2,no,0,B1,
SS-MIL-2665,Via Ilarione Rancati,,giallo,3,strada urbana senza ciclabile,no,2,no,0,C2,
SS-MIL-2666,Via Illirico,,giallo,3,strada urbana senza ciclabile (1 corsie),no,1,si,0,B2,
SS-MIL-2667,Via Immanuel Kant,,giallo,3,strada urbana senza ciclabile,no,2,no,0,C1,
SS-MIL-2668,Via Imola,,giallo,3,strada urbana senza ciclabile,no,2,no,0,C2,
SS-MIL-2669,Via Imperia,,giallo,3,strada urbana senza ciclabile,no,2,si,0,B2,
SS-MIL-2670,Via Indipendenza,,giallo,3,strada urbana senza ciclabile,no,2,no,0,A1,
SS-MIL-2671,Via Innocenzo Isimbardi,,giallo,3,strada urbana senza ciclabile,no,2,si,0,A2,
SS-MIL-2672,Via Intra,,giallo,3,strada urbana senza ciclabile (1 corsie),no,1,si,0,C2,
SS-MIL-2673,Via Inverigo,,giallo,3,strada urbana senza ciclabile,no,2,si,0,C1,
SS-MIL-2674,Via Ippocrate,,giallo,3,strada urbana senza ciclabile,no,2,no,0,C2,
SS-MIL-2675,Via Ippodromo,,giallo,3,strada urbana senza ciclabile,no,2,si,0,B1,
SS-MIL-2676,Via Ippolito Nievo,,giallo,3,strada urbana senza ciclabile,no,2,si,0,B1,
SS-MIL-2677,Via Ippolito Pindemonte,,giallo,3,strada urbana senza ciclabile (1 corsie),no,1,si,0,B2,
SS-MIL-2678,Via Ippolito Rosellini,,giallo,3,strada urbana senza ciclabile,no,2,si,0,C2,
SS-MIL-2679,Via Isaac Newton,,giallo,3,strada urbana senza ciclabile,no,2,no,0,A1,
SS-MIL-2680,Via Iseo,,giallo,3,strada urbana senza ciclabile,no,2,no,0,A2,
SS-MIL-2681,Via Isocrate,,giallo,3,strada urbana senza ciclabile,no,2,no,0,C2,
SS-MIL-2682,Via Isolato Molino Nuovo,,giallo,3,strada urbana senza ciclabile,no,2,no,0,C1,
SS-MIL-2683,Via Isonzo,,giallo,3,strada urbana senza ciclabile,no,2,no,0,A1,
SS-MIL-2684,Via Italia,,giallo,3,strada urbana senza ciclabile,no,2,si,0,A1,
SS-MIL-2685,Via Italo Calvino,,blu,2,zona pedonale / living street,no,1,no,0,A2,
SS-MIL-2686,Via Italo Montemezzi,,giallo,3,strada urbana senza ciclabile (2 corsie),no,2,no,0,A2,
SS-MIL-2687,Via Italo Svevo,,giallo,3,strada urbana senza ciclabile,no,2,no,0,B2,
SS-MIL-2688,Via Ivrea,,giallo,3,strada urbana senza ciclabile,no,2,si,0,C2,
SS-MIL-2689,Via Jacopino da Tradate,,giallo,3,strada urbana senza ciclabile,no,2,no,0,C1,
SS-MIL-2690,Via Jacopo Dal Verme,,giallo,3,strada urbana senza ciclabile,no,2,si,0,C2,
SS-MIL-2691,Via Jacopo Palma,,giallo,3,strada urbana senza ciclabile (2 corsie),no,2,no,0,B1,
SS-MIL-2692,Via Jacopo Peri,,blu,2,accesso limitato (ZTL),no,1,no,0,C2,
SS-MIL-2693,Via Jacopo della Quercia,,giallo,3,strada urbana senza ciclabile,no,2,si,0,B1,
SS-MIL-2694,Via Jan Palach,,giallo,3,strada urbana senza ciclabile,no,2,si,0,A2,
SS-MIL-2695,Via Jean Jaures,,giallo,3,strada urbana senza ciclabile (1 corsie),no,1,si,0,C2,
SS-MIL-2696,Via Jesi,,giallo,3,strada urbana senza ciclabile,no,2,si,0,C2,
SS-MIL-2697,Via Joe Colombo,,giallo,3,strada urbana senza ciclabile (2 corsie),no,2,no,0,B2,
SS-MIL-2698,Via Johann Gutemberg,,giallo,3,strada urbana senza ciclabile,no,2,si,0,B1,
SS-MIL-2699,Via Johannes Gutenberg,,giallo,3,strada urbana senza ciclabile,no,2,si,0,B1,
SS-MIL-2700,Via John Fitzgerald Kennedy,,giallo,3,strada urbana senza ciclabile,no,2,si,0,A1,
SS-MIL-2701,Via Karl Marx,,giallo,3,strada urbana senza ciclabile,no,2,no,0,A2,
SS-MIL-2702,Via Karl Popper,,giallo,3,strada urbana senza ciclabile,no,2,no,0,C1,
SS-MIL-2703,Via Karl Ziegler,,giallo,3,strada urbana senza ciclabile,no,2,no,0,C1,
SS-MIL-2704,Via Keplero,,blu,2,zona pedonale / living street,no,1,no,0,B1,
SS-MIL-2705,Via Koch,,giallo,3,strada urbana senza ciclabile,no,2,si,0,B1,
SS-MIL-2706,Via Konrad Adenauer,,giallo,3,strada urbana senza ciclabile,no,2,no,0,A2,
SS-MIL-2707,Via La Marmora,,blu,2,zona pedonale / living street,no,1,no,0,A1,
SS-MIL-2708,Via Labriola,,giallo,3,strada urbana senza ciclabile,no,2,si,0,A2,
SS-MIL-2709,Via Laghetto,,giallo,3,strada urbana senza ciclabile,no,2,si,0,B2,
SS-MIL-2710,Via Lago D'Orta,,giallo,3,strada urbana senza ciclabile,no,2,si,0,A2,
SS-MIL-2711,Via Lago di Nemi,,giallo,3,strada urbana senza ciclabile,no,2,no,0,A1,
SS-MIL-2712,Via Laigueglia,,giallo,3,strada urbana senza ciclabile,no,2,no,0,B1,
SS-MIL-2713,Via Lamberto De Bernardi,,giallo,3,strada urbana senza ciclabile (2 corsie),no,2,si,0,B2,
SS-MIL-2714,Via Lambrate,,giallo,3,strada urbana senza ciclabile (1 corsie),no,1,si,0,C2,
SS-MIL-2715,Via Lambretta,,giallo,3,strada urbana senza ciclabile (2 corsie),no,2,no,0,B2,
SS-MIL-2716,Via Lambro,,giallo,3,strada urbana senza ciclabile,no,2,no,0,A1,
SS-MIL-2717,Via Lampedusa,,rosso,4,strada secondaria trafficata,no,2,si,0,B2,
SS-MIL-2718,Via Lampugnano,,giallo,3,strada urbana senza ciclabile,no,2,no,0,C1,
SS-MIL-2719,Via Landolfo,,giallo,3,strada urbana senza ciclabile (1 corsie),no,1,si,0,B2,
SS-MIL-2720,Via Landolfo II da Carcano,,giallo,3,strada urbana senza ciclabile,no,2,no,0,C1,
SS-MIL-2721,Via Lanfranco della Pila,,giallo,3,strada urbana senza ciclabile,no,2,si,0,C2,
SS-MIL-2722,Via Lanzone,,giallo,3,strada urbana senza ciclabile (1 corsie),no,1,si,0,B2,
SS-MIL-2723,Via Larga,,giallo,3,strada urbana senza ciclabile,no,2,si,0,B2,
SS-MIL-2724,Via Lario,,giallo,3,strada urbana senza ciclabile (1 corsie),no,1,si,0,A1,
SS-MIL-2725,Via Latisana,,giallo,3,strada urbana senza ciclabile (1 corsie),no,1,si,0,C2,
SS-MIL-2726,Via Lattanzio,,giallo,3,strada urbana senza ciclabile,no,2,no,0,B2,
SS-MIL-2727,Via Laura Ciceri Visconti,,verde,1,ciclabile presente (da OpenStreetMap),si,2,si,0,B2,
SS-MIL-2728,Via Laura Conti,,giallo,3,strada urbana senza ciclabile,no,2,no,0,A1,
SS-MIL-2729,Via Laura Orvieto,,giallo,3,strada urbana senza ciclabile,no,2,no,0,C2,
SS-MIL-2730,Via Laura Solera Mantegazza,,giallo,3,strada urbana senza ciclabile,no,2,si,0,B2,
SS-MIL-2731,Via Laurana,,giallo,3,strada urbana senza ciclabile (1 corsie),no,1,si,0,C2,
SS-MIL-2732,Via Laveno,,giallo,3,strada urbana senza ciclabile,no,2,si,0,B1,
SS-MIL-2733,Via Lazio,,giallo,3,strada urbana senza ciclabile,no,2,no,0,A1,
SS-MIL-2734,Via Lazzaretto,,giallo,3,strada urbana senza ciclabile,no,2,no,0,B2,
SS-MIL-2735,Via Lazzaro Palazzi,,giallo,3,strada urbana senza ciclabile,no,2,si,0,B2,
SS-MIL-2736,Via Lazzaro Papi,,giallo,3,strada urbana senza ciclabile,no,2,si,0,B2,
SS-MIL-2737,Via Lazzaro Spallanzani,,giallo,3,strada urbana senza ciclabile (1 corsie),no,1,si,0,B2,
SS-MIL-2738,Via Lecco,,giallo,3,strada urbana senza ciclabile,no,2,si,0,A1,
SS-MIL-2739,Via Legnano,,giallo,3,strada urbana senza ciclabile,no,2,si,0,B2,
SS-MIL-2740,Via Legnone,,giallo,3,strada urbana senza ciclabile,no,2,si,0,C2,
SS-MIL-2741,Via Lelio Basso,,giallo,3,strada urbana senza ciclabile,no,2,si,0,A2,
SS-MIL-2742,Via Leningrado,,giallo,3,strada urbana senza ciclabile,no,2,no,0,C2,
SS-MIL-2743,Via Lentasio,,giallo,3,strada urbana senza ciclabile,no,2,si,0,B2,
SS-MIL-2744,Via Leo Longanesi,,giallo,3,strada urbana senza ciclabile,no,2,no,0,B2,
SS-MIL-2745,Via Leon Battista Alberti,,giallo,3,strada urbana senza ciclabile (1 corsie),no,1,si,0,B1,
SS-MIL-2746,Via Leonardo Bistolfi,,verde,1,ciclabile presente (da OpenStreetMap),si,2,no,0,B2,
SS-MIL-2747,Via Leonardo Bruni,,giallo,3,strada urbana senza ciclabile (1 corsie),no,1,si,0,C2,
SS-MIL-2748,Via Leonardo Cambini,,giallo,3,strada urbana senza ciclabile (1 corsie),no,1,si,0,C2,
SS-MIL-2749,Via Leonardo da Vinci,,giallo,3,strada urbana senza ciclabile (2 corsie),no,2,no,0,A1,
SS-MIL-2750,Via Leone Fortis,,giallo,3,strada urbana senza ciclabile (1 corsie),no,1,si,0,C2,
SS-MIL-2751,Via Leone Leoni,,giallo,3,strada urbana senza ciclabile,no,2,no,0,B1,
SS-MIL-2752,Via Leone Pancaldo,,giallo,3,strada urbana senza ciclabile (2 corsie),no,2,no,0,B2,
SS-MIL-2753,Via Leone Tolstoi,,giallo,3,strada urbana senza ciclabile,no,2,no,0,B1,
SS-MIL-2754,Via Leone Tolstoj,,giallo,3,strada urbana senza ciclabile,no,2,no,0,A1,
SS-MIL-2755,Via Leone Tredicesimo,,giallo,3,strada urbana senza ciclabile,no,2,si,0,B2,
SS-MIL-2756,Via Leone XIII,,giallo,3,strada urbana senza ciclabile,no,2,no,0,C1,
SS-MIL-2757,Via Leonida Bissolati,,giallo,3,strada urbana senza ciclabile,no,2,no,0,A1,
SS-MIL-2758,Via Leopoldo Bozzi,,giallo,3,strada urbana senza ciclabile,no,2,no,0,A1,
SS-MIL-2759,Via Leopoldo Cicognara,,giallo,3,strada urbana senza ciclabile (1 corsie),no,1,si,0,B2,
SS-MIL-2760,Via Leopoldo Gasparotto,,giallo,3,strada urbana senza ciclabile,no,2,si,0,C2,
SS-MIL-2761,Via Leopoldo Marangoni,,giallo,3,strada urbana senza ciclabile (1 corsie),no,1,si,0,B2,
SS-MIL-2762,Via Leopoldo Marchetti,,giallo,3,strada urbana senza ciclabile,no,2,no,0,B2,
SS-MIL-2763,Via Leopoldo Pollak,,giallo,3,strada urbana senza ciclabile,no,2,no,0,B1,
SS-MIL-2764,Via Leopoldo Sabbatini,,giallo,3,strada urbana senza ciclabile,no,2,si,0,B2,
SS-MIL-2765,Via Leopoldo Zambeletti,,giallo,3,strada urbana senza ciclabile (2 corsie),no,2,no,0,C1,
SS-MIL-2766,Via Lepanto,,giallo,3,strada urbana senza ciclabile (1 corsie),no,1,si,0,C2,
SS-MIL-2767,Via Lepontina,,giallo,3,strada urbana senza ciclabile (1 corsie),no,1,si,0,C2,
SS-MIL-2768,Via Lerici,,giallo,3,strada urbana senza ciclabile,no,2,no,0,B1,
SS-MIL-2769,Via Lesa,,giallo,3,strada urbana senza ciclabile (1 corsie),no,1,si,0,C2,
SS-MIL-2770,Via Lesmi,,giallo,3,strada urbana senza ciclabile,no,2,si,0,B2,
SS-MIL-2771,Via Levanto,,giallo,3,strada urbana senza ciclabile,no,2,si,0,B1,
SS-MIL-2772,Via Libero Biagi,,giallo,3,strada urbana senza ciclabile,no,2,si,0,C2,
SS-MIL-2773,Via Libero Temolo,,giallo,3,strada urbana senza ciclabile,no,2,no,0,C2,
SS-MIL-2774,Via Libertà,,giallo,3,strada urbana senza ciclabile,no,2,no,0,B1,
SS-MIL-2775,Via Licata,,blu,2,zona pedonale / living street,no,1,no,0,C2,
SS-MIL-2776,Via Liguria,,giallo,3,strada urbana senza ciclabile (2 corsie),no,2,no,0,A1,
SS-MIL-2777,Via Lillo Del Duca,,giallo,3,strada urbana senza ciclabile,no,2,si,0,C2,
SS-MIL-2778,Via Lipari,,giallo,3,strada urbana senza ciclabile (2 corsie),no,2,no,0,B2,
SS-MIL-2779,Via Liscate,,giallo,3,strada urbana senza ciclabile,no,2,si,0,C2,
SS-MIL-2780,Via Lisiade Pedroni,,giallo,3,strada urbana senza ciclabile,no,2,no,0,C2,
SS-MIL-2781,Via Livenza,,giallo,3,strada urbana senza ciclabile,no,2,si,0,B2,
SS-MIL-2782,Via Livigno,,giallo,3,strada urbana senza ciclabile (2 corsie),no,2,no,0,C2,
SS-MIL-2783,Via Livinallongo,,giallo,3,strada urbana senza ciclabile,no,2,si,0,B2,
SS-MIL-2784,Via Livio Cambi,,giallo,3,strada urbana senza ciclabile,no,2,no,0,C1,
SS-MIL-2785,Via Livorno,,giallo,3,strada urbana senza ciclabile,no,2,si,0,B2,
SS-MIL-2786,Via Lodovico Ariosto,,rosso,4,strada secondaria trafficata,no,2,no,0,B2,
SS-MIL-2787,Via Lodovico Castelvetro,,giallo,3,strada urbana senza ciclabile (2 corsie),no,2,si,0,B2,
SS-MIL-2788,Via Lodovico Mancini,,giallo,3,strada urbana senza ciclabile,no,2,si,0,B2,
SS-MIL-2789,Via Lodovico Montegani,,giallo,3,strada urbana senza ciclabile,no,2,si,0,B2,
SS-MIL-2790,Via Lodovico Muratori,,giallo,3,strada urbana senza ciclabile (2 corsie),no,2,no,0,B2,
SS-MIL-2791,Via Lodovico Necchi,,giallo,3,strada urbana senza ciclabile (1 corsie),no,1,si,0,B2,
SS-MIL-2792,Via Lodovico Pavoni,,giallo,3,strada urbana senza ciclabile,no,2,no,0,C2,
SS-MIL-2793,Via Lodovico Settala,,giallo,3,strada urbana senza ciclabile,no,2,si,0,B2,
SS-MIL-2794,Via Lodovico Valtorta,,giallo,3,strada urbana senza ciclabile (1 corsie),no,1,si,0,B2,
SS-MIL-2795,Via Lodovico Zambeletti,,giallo,3,strada urbana senza ciclabile,no,2,si,0,B2,
SS-MIL-2796,Via Lodovico il Moro,,giallo,3,strada urbana senza ciclabile (2 corsie),no,2,no,0,B1,
SS-MIL-2797,Via Lombardia,,giallo,3,strada urbana senza ciclabile,no,2,si,0,A2,
SS-MIL-2798,Via Lomellina,,giallo,3,strada urbana senza ciclabile,no,2,si,0,A1,
SS-MIL-2799,Via Longarone,,giallo,3,strada urbana senza ciclabile,no,2,si,0,C1,
SS-MIL-2800,Via Lorenteggio,,rosso,4,strada principale trafficata (2 corsie),no,2,si,0,B1,
SS-MIL-2801,Via Lorenzo Bartolini,,giallo,3,strada urbana senza ciclabile,no,2,no,0,C1,
SS-MIL-2802,Via Lorenzo Ghiberti,,giallo,3,strada urbana senza ciclabile,no,2,si,0,B1,
SS-MIL-2803,Via Lorenzo Mascheroni,,giallo,3,strada urbana senza ciclabile,no,2,no,0,A1,
SS-MIL-2804,Via Lorenzo Perosi,,giallo,3,strada urbana senza ciclabile,no,2,si,0,B1,
SS-MIL-2805,Via Lorenzo Valla,,rosso,4,strada secondaria trafficata,no,2,si,0,A2,
SS-MIL-2806,Via Lorenzo di Credi,,giallo,3,strada urbana senza ciclabile,no,2,si,0,B1,
SS-MIL-2807,Via Losanna,,giallo,3,strada urbana senza ciclabile (2 corsie),no,2,no,0,B2,
SS-MIL-2808,Via Lovanio,,giallo,3,strada urbana senza ciclabile (1 corsie),no,1,si,0,B2,
SS-MIL-2809,Via Lovere,,giallo,3,strada urbana senza ciclabile,no,2,si,0,B1,
SS-MIL-2810,Via Luca Beltrami,,verde,1,ciclabile presente (da OpenStreetMap),si,2,no,0,B2,
SS-MIL-2811,Via Luca Comerio,,giallo,3,strada urbana senza ciclabile,no,2,si,0,B2,
SS-MIL-2812,Via Luca Della Robbia,,verde,1,ciclabile presente (da OpenStreetMap),si,2,no,0,B2,
SS-MIL-2813,Via Luca Ghini,,giallo,3,strada urbana senza ciclabile,no,2,si,0,B2,
SS-MIL-2814,Via Luca Signorelli,,giallo,3,strada urbana senza ciclabile,no,2,no,0,A1,
SS-MIL-2815,Via Lucania,,giallo,3,strada urbana senza ciclabile,no,2,no,0,A1,
SS-MIL-2816,Via Lucano,,giallo,3,strada urbana senza ciclabile,no,2,si,0,B2,
SS-MIL-2817,Via Lucca,,giallo,3,strada urbana senza ciclabile,no,2,si,0,B1,
SS-MIL-2818,Via Lucera,,giallo,3,strada urbana senza ciclabile,no,2,no,0,B1,
SS-MIL-2819,Via Lucerna,,giallo,3,strada urbana senza ciclabile,no,2,no,0,B1,
SS-MIL-2820,Via Luchino Visconti,,blu,2,zona pedonale / living street,no,1,no,0,B2,
SS-MIL-2821,Via Luchino del Maino,,giallo,3,strada urbana senza ciclabile,no,2,si,0,B1,
SS-MIL-2822,Via Luciano,,giallo,3,strada urbana senza ciclabile,no,2,si,0,C1,
SS-MIL-2823,Via Luciano Berio,,verde,1,ciclabile presente (da OpenStreetMap),si,2,no,0,B1,
SS-MIL-2824,Via Luciano Bianciardi,,giallo,3,strada urbana senza ciclabile,no,2,no,0,B1,
SS-MIL-2825,Via Luciano Lama,,giallo,3,strada urbana senza ciclabile (2 corsie),no,2,no,0,A2,
SS-MIL-2826,Via Luciano Manara,,giallo,3,strada urbana senza ciclabile,no,2,no,0,A2,
SS-MIL-2827,Via Luciano Morganti,,rosso,4,strada secondaria trafficata,no,2,si,0,C2,
SS-MIL-2828,Via Luciano Zuccoli,,giallo,3,strada urbana senza ciclabile,no,2,si,0,C2,
SS-MIL-2829,Via Lucilio Gaio,,giallo,3,strada urbana senza ciclabile,no,2,si,0,C1,
SS-MIL-2830,Via Lucio Cornelio Silla,,giallo,3,strada urbana senza ciclabile,no,2,no,0,C1,
SS-MIL-2831,Via Lucio Giunio Columella,,giallo,3,strada urbana senza ciclabile,no,2,si,0,C2,
SS-MIL-2832,Via Lucio Mastronardi,,giallo,3,strada urbana senza ciclabile,no,2,no,0,B1,
SS-MIL-2833,Via Ludovico Ariosto,,giallo,3,strada urbana senza ciclabile,no,2,no,0,A1,
SS-MIL-2834,Via Ludovico Cavaleri,,giallo,3,strada urbana senza ciclabile (1 corsie),no,1,si,0,B1,
SS-MIL-2835,Via Ludovico Da Viadana,,giallo,3,strada urbana senza ciclabile,no,2,no,0,B2,
SS-MIL-2836,Via Ludovico Lazzaro Zamenhof,,giallo,3,strada urbana senza ciclabile,no,2,si,0,B2,
SS-MIL-2837,Via Ludovico Muratori,,giallo,3,strada urbana senza ciclabile,no,2,no,0,C2,
SS-MIL-2838,Via Ludovico d'Aragona,,giallo,3,strada urbana senza ciclabile (2 corsie),no,2,no,0,C2,
SS-MIL-2839,Via Ludovico di Breme,,giallo,3,strada urbana senza ciclabile,no,2,no,0,C1,
SS-MIL-2840,Via Lugo,,blu,2,accesso limitato (ZTL),no,1,no,0,C2,
SS-MIL-2841,Via Luigi Alamanni,,giallo,3,strada urbana senza ciclabile,no,2,si,0,A2,
SS-MIL-2842,Via Luigi Albertini,,giallo,3,strada urbana senza ciclabile,no,2,no,0,B2,
SS-MIL-2843,Via Luigi Amedeo Melegari,,giallo,3,strada urbana senza ciclabile,no,2,si,0,B2,
SS-MIL-2844,Via Luigi Anelli,,giallo,3,strada urbana senza ciclabile,no,2,si,0,B2,
SS-MIL-2845,Via Luigi Angeloni,,giallo,3,strada urbana senza ciclabile,no,2,si,0,C2,
SS-MIL-2846,Via Luigi Annoni,,giallo,3,strada urbana senza ciclabile,no,2,si,0,B1,
SS-MIL-2847,Via Luigi Bertelli,,verde,1,ciclabile presente (da OpenStreetMap),si,2,no,0,C2,
SS-MIL-2848,Via Luigi Bianchi D'Espinosa,,giallo,3,strada urbana senza ciclabile,no,2,no,0,C2,
SS-MIL-2849,Via Luigi Biraghi,,giallo,3,strada urbana senza ciclabile,no,2,no,0,C2,
SS-MIL-2850,Via Luigi Bizzozzero,,giallo,3,strada urbana senza ciclabile,no,2,no,0,C1,
SS-MIL-2851,Via Luigi Boccherini,,giallo,3,strada urbana senza ciclabile,no,2,si,0,B2,
SS-MIL-2852,Via Luigi Borgomainerio,,giallo,3,strada urbana senza ciclabile (1 corsie),no,1,si,0,B2,
SS-MIL-2853,Via Luigi Braille,,giallo,3,strada urbana senza ciclabile,no,2,no,0,A2,
SS-MIL-2854,Via Luigi Brugnatelli,,giallo,3,strada urbana senza ciclabile,no,2,si,0,B1,
SS-MIL-2855,Via Luigi Buffoli,,giallo,3,strada urbana senza ciclabile (1 corsie),no,1,si,0,B2,
SS-MIL-2856,Via Luigi Cadonra,,giallo,3,strada urbana senza ciclabile,no,2,no,0,C2,
SS-MIL-2857,Via Luigi Cadorna,,giallo,3,strada urbana senza ciclabile (2 corsie),no,2,no,0,A1,
SS-MIL-2858,Via Luigi Cagnola,,giallo,3,strada urbana senza ciclabile (1 corsie),no,1,si,0,B2,
SS-MIL-2859,Via Luigi Calabresi,,giallo,3,strada urbana senza ciclabile,no,2,no,0,A2,
SS-MIL-2860,Via Luigi Calamatta,,giallo,3,strada urbana senza ciclabile,no,2,si,0,B2,
SS-MIL-2861,Via Luigi Canonica,,giallo,3,strada urbana senza ciclabile,no,2,si,0,B2,
SS-MIL-2862,Via Luigi Capranica,,giallo,3,strada urbana senza ciclabile (1 corsie),no,1,si,0,B2,
SS-MIL-2863,Via Luigi Capuana,,giallo,3,strada urbana senza ciclabile,no,2,si,0,A1,
SS-MIL-2864,Via Luigi Caroli,,giallo,3,strada urbana senza ciclabile,no,2,si,0,C2,
SS-MIL-2865,Via Luigi Casanova,,giallo,3,strada urbana senza ciclabile,no,2,si,0,C2,
SS-MIL-2866,Via Luigi Castiglioni,,giallo,3,strada urbana senza ciclabile (1 corsie),no,1,si,0,B2,
SS-MIL-2867,Via Luigi Cherubini,,giallo,3,strada urbana senza ciclabile,no,2,no,0,A1,
SS-MIL-2868,Via Luigi Chiarelli,,giallo,3,strada urbana senza ciclabile,no,2,no,0,C1,
SS-MIL-2869,Via Luigi Cislaghi,,giallo,3,strada urbana senza ciclabile,no,2,si,0,C2,
SS-MIL-2870,Via Luigi Conconi,,giallo,3,strada urbana senza ciclabile,no,2,no,0,B1,
SS-MIL-2871,Via Luigi Devoto,,giallo,3,strada urbana senza ciclabile,no,2,si,0,B2,
SS-MIL-2872,Via Luigi Dottesio,,giallo,3,strada urbana senza ciclabile,no,2,si,0,B2,
SS-MIL-2873,Via Luigi Einaudi,,giallo,3,strada urbana senza ciclabile,no,2,si,0,C2,
SS-MIL-2874,Via Luigi Emanueli,,giallo,3,strada urbana senza ciclabile (1 corsie),no,1,si,0,C2,
SS-MIL-2875,Via Luigi Federico Menabrea,,giallo,3,strada urbana senza ciclabile (1 corsie),no,1,si,0,C2,
SS-MIL-2876,Via Luigi Figini,,giallo,3,strada urbana senza ciclabile (1 corsie),no,1,si,0,C2,
SS-MIL-2877,Via Luigi Frapolli,,giallo,3,strada urbana senza ciclabile,no,2,si,0,B2,
SS-MIL-2878,Via Luigi Galvani,,giallo,3,strada urbana senza ciclabile,no,2,no,0,A1,
SS-MIL-2879,Via Luigi Giuseppe Faravelli,,giallo,3,strada urbana senza ciclabile,no,2,si,0,B1,
SS-MIL-2880,Via Luigi Granelli,,giallo,3,strada urbana senza ciclabile,no,2,si,0,C2,
SS-MIL-2881,Via Luigi Illica,,giallo,3,strada urbana senza ciclabile,no,2,no,0,B2,
SS-MIL-2882,Via Luigi Luzzati,,giallo,3,strada urbana senza ciclabile,no,2,no,0,A1,
SS-MIL-2883,Via Luigi Mainoni D'Intignano,,giallo,3,strada urbana senza ciclabile (1 corsie),no,1,si,0,C2,
SS-MIL-2884,Via Luigi Mancinelli,,giallo,3,strada urbana senza ciclabile,no,2,si,0,C2,
SS-MIL-2885,Via Luigi Manfredini,,giallo,3,strada urbana senza ciclabile,no,2,si,0,B2,
SS-MIL-2886,Via Luigi Mangiagalli,,giallo,3,strada urbana senza ciclabile (2 corsie),no,2,no,0,B2,
SS-MIL-2887,Via Luigi Manzotti,,giallo,3,strada urbana senza ciclabile,no,2,no,0,C2,
SS-MIL-2888,Via Luigi Maria Brunelli,,blu,2,zona pedonale / living street,no,1,no,0,C1,
SS-MIL-2889,Via Luigi Mengoni,,giallo,3,strada urbana senza ciclabile (1 corsie),no,1,si,0,B1,
SS-MIL-2890,Via Luigi Mercantini,,giallo,3,strada urbana senza ciclabile,no,2,si,0,C2,
SS-MIL-2891,Via Luigi Nono,,rosso,4,strada secondaria trafficata,no,2,si,0,C2,
SS-MIL-2892,Via Luigi Ornato,,rosso,4,strada secondaria trafficata,no,2,si,0,C2,
SS-MIL-2893,Via Luigi Pasteur,,giallo,3,strada urbana senza ciclabile,no,2,si,0,B1,
SS-MIL-2894,Via Luigi Pastro,,giallo,3,strada urbana senza ciclabile (1 corsie),no,1,si,0,C2,
SS-MIL-2895,Via Luigi Pirandello,,giallo,3,strada urbana senza ciclabile,no,2,no,0,A1,
SS-MIL-2896,Via Luigi Porro Lambertenghi,,giallo,3,strada urbana senza ciclabile,no,2,no,0,C2,
SS-MIL-2897,Via Luigi Prinetti,,giallo,3,strada urbana senza ciclabile,no,2,si,0,C2,
SS-MIL-2898,Via Luigi Pulci,,giallo,3,strada urbana senza ciclabile (1 corsie),no,1,si,0,C2,
SS-MIL-2899,Via Luigi Ratti,,giallo,3,strada urbana senza ciclabile,no,2,no,0,C1,
SS-MIL-2900,Via Luigi Razza,,giallo,3,strada urbana senza ciclabile (2 corsie),no,2,no,0,B2,
SS-MIL-2901,Via Luigi Resnati,,giallo,3,strada urbana senza ciclabile,no,2,si,0,B2,
SS-MIL-2902,Via Luigi Rizzo,,rosso,4,strada secondaria trafficata,no,2,si,0,C1,
SS-MIL-2903,Via Luigi Rossari,,giallo,3,strada urbana senza ciclabile,no,2,si,0,B2,
SS-MIL-2904,Via Luigi Russolo,,giallo,3,strada urbana senza ciclabile (1 corsie),no,1,si,0,A2,
SS-MIL-2905,Via Luigi Sacco,,giallo,3,strada urbana senza ciclabile,no,2,si,0,B1,
SS-MIL-2906,Via Luigi Salma,,giallo,3,strada urbana senza ciclabile,no,2,si,0,A1,
SS-MIL-2907,Via Luigi Scrosati,,giallo,3,strada urbana senza ciclabile,no,2,si,0,B1,
SS-MIL-2908,Via Luigi Settembrini,,giallo,3,strada urbana senza ciclabile,no,2,no,0,A2,
SS-MIL-2909,Via Luigi Soderini,,giallo,3,strada urbana senza ciclabile,no,2,si,0,B1,
SS-MIL-2910,Via Luigi Sordello,,verde,1,ciclabile presente (da OpenStreetMap),si,1,si,0,B2,
SS-MIL-2911,Via Luigi Tukory,,giallo,3,strada urbana senza ciclabile,no,2,no,0,C2,
SS-MIL-2912,Via Luigi Vannucchi,,giallo,3,strada urbana senza ciclabile (2 corsie),no,2,no,0,A2,
SS-MIL-2913,Via Luigi Vanvitelli,,giallo,3,strada urbana senza ciclabile,no,2,si,0,B2,
SS-MIL-2914,Via Luigi Varanini,,giallo,3,strada urbana senza ciclabile (1 corsie),no,1,si,0,C2,
SS-MIL-2915,Via Luigi Veratti,,giallo,3,strada urbana senza ciclabile,no,2,si,0,C1,
SS-MIL-2916,Via Luigi Vitali,,giallo,3,strada urbana senza ciclabile (1 corsie),no,1,si,0,B2,
SS-MIL-2917,Via Luigi Zoja,,giallo,3,strada urbana senza ciclabile,no,2,no,0,B1,
SS-MIL-2918,Via Luigi dalla Piccola,,giallo,3,strada urbana senza ciclabile (1 corsie),no,1,no,0,C2,
SS-MIL-2919,Via Luigi de Andreis,,giallo,3,strada urbana senza ciclabile,no,2,si,0,B2,
SS-MIL-2920,Via Luisa Battistotti Sassi,,giallo,3,strada urbana senza ciclabile (2 corsie),no,2,no,0,B2,
SS-MIL-2921,Via Luisa Sanfelice,,giallo,3,strada urbana senza ciclabile,no,2,si,0,B2,
SS-MIL-2922,Via Lupetta,,giallo,3,strada urbana senza ciclabile,no,2,si,0,B2,
SS-MIL-2923,Via Lura,,giallo,3,strada urbana senza ciclabile,no,2,si,0,C1,
SS-MIL-2924,Via Lussino,,giallo,3,strada urbana senza ciclabile,no,2,si,0,C2,
SS-MIL-2925,Via Lussinpiccolo,,giallo,3,strada urbana senza ciclabile,no,2,si,0,C2,
SS-MIL-2926,Via M. Venegoni,,giallo,3,strada urbana senza ciclabile,no,2,no,0,A2,
SS-MIL-2927,Via Maastricht,,giallo,3,strada urbana senza ciclabile,no,2,si,0,A2,
SS-MIL-2928,Via Mac Mahon,,rosso,4,strada secondaria trafficata,no,2,si,0,C1,
SS-MIL-2929,Via Macconago,,giallo,3,strada urbana senza ciclabile,no,2,no,0,A2,
SS-MIL-2930,Via Macedonio Melloni,,giallo,3,strada urbana senza ciclabile,no,2,si,0,B2,
SS-MIL-2931,Via Macerata,,giallo,3,strada urbana senza ciclabile,no,2,si,0,B2,
SS-MIL-2932,Via Maddalena,,giallo,3,strada urbana senza ciclabile (1 corsie),no,1,si,0,B2,
SS-MIL-2933,Via Maddalena Donadoni Giudice,,giallo,3,strada urbana senza ciclabile,no,2,no,0,C2,
SS-MIL-2934,Via Madonna,,blu,2,zona pedonale / living street,no,1,si,0,C1,
SS-MIL-2935,Via Madonna del Bosco,,giallo,3,strada urbana senza ciclabile,no,2,si,0,C2,
SS-MIL-2936,Via Madonnina,,giallo,3,strada urbana senza ciclabile (1 corsie),no,1,si,0,B2,
SS-MIL-2937,Via Madre Anna Eugenia Picco,,giallo,3,strada urbana senza ciclabile,no,2,si,0,C2,
SS-MIL-2938,Via Madre Cabrini,,giallo,3,strada urbana senza ciclabile,no,2,si,0,B2,
SS-MIL-2939,Via Madre Clelia Merloni,,giallo,3,strada urbana senza ciclabile,no,2,si,0,C2,
SS-MIL-2940,Via Madre Teresa di Calcutta,,giallo,3,strada urbana senza ciclabile,no,2,si,0,B1,
SS-MIL-2941,Via Maestri Campionesi,,giallo,3,strada urbana senza ciclabile,no,2,no,0,B2,
SS-MIL-2942,Via Maestri del Lavoro,,giallo,3,strada urbana senza ciclabile,no,2,si,0,C2,
SS-MIL-2943,Via Mafalda di Savoia,,giallo,3,strada urbana senza ciclabile,no,2,si,0,C1,
SS-MIL-2944,Via Maffeo Bagarotti,,giallo,3,strada urbana senza ciclabile,no,2,no,0,B1,
SS-MIL-2945,Via Maffeo Pantaleoni,,giallo,3,strada urbana senza ciclabile,no,2,no,0,C2,
SS-MIL-2946,Via Maffeo Vegio,,giallo,3,strada urbana senza ciclabile,no,2,si,0,A2,
SS-MIL-2947,Via Magellano,,giallo,3,strada urbana senza ciclabile,no,2,si,0,C2,
SS-MIL-2948,Via Magenta,,giallo,3,strada urbana senza ciclabile (1 corsie),no,1,si,0,C1,
SS-MIL-2949,Via Maggianico,,giallo,3,strada urbana senza ciclabile,no,2,no,0,C1,
SS-MIL-2950,Via Magolfa,,giallo,3,strada urbana senza ciclabile,no,2,si,0,B2,
SS-MIL-2951,Via Magreglio,,giallo,3,strada urbana senza ciclabile,no,2,si,0,C1,
SS-MIL-2952,Via Mahatma Gandhi,,giallo,3,strada urbana senza ciclabile,no,2,no,0,C1,
SS-MIL-2953,Via Malaga,,giallo,3,strada urbana senza ciclabile,no,2,si,0,B2,
SS-MIL-2954,Via Malakoff,,giallo,3,strada urbana senza ciclabile,no,2,si,0,B1,
SS-MIL-2955,Via Maloia,,giallo,3,strada urbana senza ciclabile,no,2,si,0,C2,
SS-MIL-2956,Via Manduria,,giallo,3,strada urbana senza ciclabile,no,2,si,0,A2,
SS-MIL-2957,Via Manfredo Camperio,,giallo,3,strada urbana senza ciclabile (1 corsie),no,1,si,0,B2,
SS-MIL-2958,Via Manfredo Fanti,,giallo,3,strada urbana senza ciclabile (1 corsie),no,1,si,0,B2,
SS-MIL-2959,Via Manfredonia,,giallo,3,strada urbana senza ciclabile,no,2,si,0,B1,
SS-MIL-2960,Via Maniago,,giallo,3,strada urbana senza ciclabile (1 corsie),no,1,si,0,C2,
SS-MIL-2961,Via Manlio e Gioacchino Savaré,,giallo,3,strada urbana senza ciclabile,no,2,si,0,B2,
SS-MIL-2962,Via Mantegna,,giallo,3,strada urbana senza ciclabile,no,2,si,0,A1,
SS-MIL-2963,Via Mantova,,giallo,3,strada urbana senza ciclabile,no,2,si,0,A1,
SS-MIL-2964,Via Mantovani,,giallo,3,strada urbana senza ciclabile,no,2,no,0,C2,
SS-MIL-2965,Via Manzano,,giallo,3,strada urbana senza ciclabile,no,2,si,0,B1,
SS-MIL-2966,Via Mar Nero,,giallo,3,strada urbana senza ciclabile,no,2,si,0,B1,
SS-MIL-2967,Via Marcantonio Colonna,,giallo,3,strada urbana senza ciclabile,no,2,no,0,B1,
SS-MIL-2968,Via Marcantonio dal Re,,giallo,3,strada urbana senza ciclabile,no,2,si,0,C1,
SS-MIL-2969,Via Marcellino Ammiano,,giallo,3,strada urbana senza ciclabile,no,2,no,0,B2,
SS-MIL-2970,Via Marcello Dudovich,,giallo,3,strada urbana senza ciclabile,no,2,si,0,A2,
SS-MIL-2971,Via Marcello Malpighi,,giallo,3,strada urbana senza ciclabile (1 corsie),no,1,si,0,B2,
SS-MIL-2972,Via Marcello Mastroianni,,giallo,3,strada urbana senza ciclabile,no,2,no,0,C2,
SS-MIL-2973,Via Marcello Nizzoli,,giallo,3,strada urbana senza ciclabile,no,2,no,0,B1,
SS-MIL-2974,Via Marcello Prestinari,,giallo,3,strada urbana senza ciclabile,no,2,si,0,C2,
SS-MIL-2975,Via Marcello Pucci,,giallo,3,strada urbana senza ciclabile,no,2,no,0,B2,
SS-MIL-2976,Via Marche,,giallo,3,strada urbana senza ciclabile,no,2,no,0,A2,
SS-MIL-2977,Via Marchesi,,giallo,3,strada urbana senza ciclabile,no,2,si,0,A1,
SS-MIL-2978,Via Marchesi de' Taddei,,giallo,3,strada urbana senza ciclabile,no,2,si,0,B1,
SS-MIL-2979,Via Marchesina,,giallo,3,strada urbana senza ciclabile,no,2,no,0,A1,
SS-MIL-2980,Via Marciano,,giallo,3,strada urbana senza ciclabile (1 corsie),no,1,si,0,B2,
SS-MIL-2981,Via Marco Antonio Bragadino,,giallo,3,strada urbana senza ciclabile,no,2,no,0,B2,
SS-MIL-2982,Via Marco Aurelio,,giallo,3,strada urbana senza ciclabile (1 corsie),no,1,si,0,C2,
SS-MIL-2983,Via Marco Bruto,,rosso,4,strada secondaria trafficata,no,2,si,0,B2,
SS-MIL-2984,Via Marco Burigozzo,,giallo,3,strada urbana senza ciclabile (1 corsie),no,1,si,0,B2,
SS-MIL-2985,Via Marco Cremosano,,giallo,3,strada urbana senza ciclabile,no,2,no,0,B1,
SS-MIL-2986,Via Marco Fabio Quintiliano,,giallo,3,strada urbana senza ciclabile,no,2,si,0,B2,
SS-MIL-2987,Via Marco Formentini,,blu,2,zona pedonale / living street,no,1,no,0,B2,
SS-MIL-2988,Via Marco Greppi,,giallo,3,strada urbana senza ciclabile,no,2,si,0,A1,
SS-MIL-2989,Via Marco Minghetti,,giallo,3,strada urbana senza ciclabile (2 corsie),no,2,no,0,B2,
SS-MIL-2990,Via Marco Pacuvio,,giallo,3,strada urbana senza ciclabile,no,2,no,0,C1,
SS-MIL-2991,Via Marco Polo,,giallo,3,strada urbana senza ciclabile,no,2,si,0,A1,
SS-MIL-2992,Via Marco Terenzio Varrone,,blu,2,accesso limitato (ZTL),no,1,no,0,B1,
SS-MIL-2993,Via Marco Tullio Cicerone,,giallo,3,strada urbana senza ciclabile,no,2,si,0,C2,
SS-MIL-2994,Via Marco Ulpio Traiano,,giallo,3,strada urbana senza ciclabile,no,2,si,0,C1,
SS-MIL-2995,Via Marco d'Agrate,,rosso,4,strada secondaria trafficata,no,2,no,0,B2,
SS-MIL-2996,Via Marco d'Aviano,,giallo,3,strada urbana senza ciclabile (1 corsie),no,1,si,0,C2,
SS-MIL-2997,Via Marco d'Oggiono,,giallo,3,strada urbana senza ciclabile,no,2,si,0,B2,
SS-MIL-2998,Via Marco de Marchi,,giallo,3,strada urbana senza ciclabile (2 corsie),no,2,no,0,B2,
SS-MIL-2999,Via Marcona,,giallo,3,strada urbana senza ciclabile,no,2,si,0,B2,
SS-MIL-3000,Via Marghera,,giallo,3,strada urbana senza ciclabile,no,2,si,0,B1,
SS-MIL-3001,Via Maria Cristina,,giallo,3,strada urbana senza ciclabile (2 corsie),no,2,no,0,C1,
SS-MIL-3002,Via Maria Drago,,giallo,3,strada urbana senza ciclabile,no,2,no,0,C1,
SS-MIL-3003,Via Maria Malibran,,giallo,3,strada urbana senza ciclabile,no,2,no,0,A1,
SS-MIL-3004,Via Maria Monegherio,,giallo,3,strada urbana senza ciclabile,no,2,si,0,B1,
SS-MIL-3005,Via Maria Montessori,,giallo,3,strada urbana senza ciclabile,no,2,si,0,A1,
SS-MIL-3006,Via Marie Curie,,giallo,3,strada urbana senza ciclabile,no,2,no,0,A1,
SS-MIL-3007,Via Marignano,,giallo,3,strada urbana senza ciclabile,no,2,si,0,A2,
SS-MIL-3008,Via Marina,,giallo,3,strada urbana senza ciclabile,no,2,si,0,B2,
SS-MIL-3009,Via Marinella,,giallo,3,strada urbana senza ciclabile,no,2,no,0,C2,
SS-MIL-3010,Via Mario Bianco,,giallo,3,strada urbana senza ciclabile,no,2,si,0,C2,
SS-MIL-3011,Via Mario Borsa,,giallo,3,strada urbana senza ciclabile,no,2,no,0,C1,
SS-MIL-3012,Via Mario Castoldi,,giallo,3,strada urbana senza ciclabile,no,2,no,0,A1,
SS-MIL-3013,Via Mario Del Monaco,,giallo,3,strada urbana senza ciclabile (1 corsie),no,1,si,0,C1,
SS-MIL-3014,Via Mario Donati,,giallo,3,strada urbana senza ciclabile,no,2,si,0,B1,
SS-MIL-3015,Via Mario Fubini,,giallo,3,strada urbana senza ciclabile,no,2,si,0,C2,
SS-MIL-3016,Via Mario Fusetti,,giallo,3,strada urbana senza ciclabile,no,2,si,0,B2,
SS-MIL-3017,Via Mario Giuriati,,giallo,3,strada urbana senza ciclabile,no,2,si,0,B2,
SS-MIL-3018,Via Mario Greppi,,giallo,3,strada urbana senza ciclabile (2 corsie),no,2,no,0,A1,
SS-MIL-3019,Via Mario Idiomi,,giallo,3,strada urbana senza ciclabile,no,2,no,0,A1,
SS-MIL-3020,Via Mario Morgantini,,giallo,3,strada urbana senza ciclabile (2 corsie),no,2,no,0,B1,
SS-MIL-3021,Via Mario Negri,,giallo,3,strada urbana senza ciclabile (2 corsie),no,2,no,0,C1,
SS-MIL-3022,Via Mario Pagano,,giallo,3,strada urbana senza ciclabile,no,2,no,0,A1,
SS-MIL-3023,Via Mario Pannunzio,,giallo,3,strada urbana senza ciclabile,no,2,no,0,C1,
SS-MIL-3024,Via Mario Pichi,,giallo,3,strada urbana senza ciclabile (1 corsie),no,1,si,0,B2,
SS-MIL-3025,Via Mario Pieri,,giallo,3,strada urbana senza ciclabile,no,2,no,0,C2,
SS-MIL-3026,Via Mario Sironi,,giallo,3,strada urbana senza ciclabile,no,2,no,0,B1,
SS-MIL-3027,Via Mario Zerbi,,giallo,3,strada urbana senza ciclabile,no,2,si,0,A2,
SS-MIL-3028,Via Mariotto Albertinelli,,giallo,3,strada urbana senza ciclabile,no,2,si,0,B1,
SS-MIL-3029,Via Marmolada,,giallo,3,strada urbana senza ciclabile,no,2,si,0,C2,
SS-MIL-3030,Via Marostica,,giallo,3,strada urbana senza ciclabile,no,2,si,0,B1,
SS-MIL-3031,Via Marsala,,giallo,3,strada urbana senza ciclabile,no,2,no,0,A2,
SS-MIL-3032,Via Marta Navarra Bernstein,,giallo,3,strada urbana senza ciclabile,no,2,no,0,B1,
SS-MIL-3033,Via Martesana,,giallo,3,strada urbana senza ciclabile,no,2,no,0,C2,
SS-MIL-3034,Via Martin Luther King,,giallo,3,strada urbana senza ciclabile (2 corsie),no,2,si,0,C1,
SS-MIL-3035,Via Martino Bassi,,giallo,3,strada urbana senza ciclabile,no,2,si,0,B1,
SS-MIL-3036,Via Martirano,,giallo,3,strada urbana senza ciclabile,no,2,si,0,B1,
SS-MIL-3037,Via Martire Pietro d'Anghiera,,giallo,3,strada urbana senza ciclabile,no,2,si,0,A2,
SS-MIL-3038,Via Martiri Oscuri,,giallo,3,strada urbana senza ciclabile (1 corsie),no,1,si,0,C2,
SS-MIL-3039,Via Martiri della Libertà,,giallo,3,strada urbana senza ciclabile (1 corsie),no,1,si,0,C1,
SS-MIL-3040,Via Martiri delle Fosse Ardeatine,,giallo,3,strada urbana senza ciclabile,no,2,no,0,C2,
SS-MIL-3041,Via Martiri di Belfiore,,giallo,3,strada urbana senza ciclabile,no,2,no,0,C1,
SS-MIL-3042,Via Martiri di Cefalonia,,giallo,3,strada urbana senza ciclabile (2 corsie),no,2,no,0,A2,
SS-MIL-3043,Via Martiri di Marzabotto,,giallo,3,strada urbana senza ciclabile,no,2,no,0,C1,
SS-MIL-3044,Via Marzabotto,,giallo,3,strada urbana senza ciclabile,no,2,si,0,A1,
SS-MIL-3045,Via Masaccio,,giallo,3,strada urbana senza ciclabile (1 corsie),no,1,si,0,B1,
SS-MIL-3046,Via Masaniello,,giallo,3,strada urbana senza ciclabile,no,2,si,0,B1,
SS-MIL-3047,Via Masolino da Panicale,,giallo,3,strada urbana senza ciclabile,no,2,no,0,C1,
SS-MIL-3048,Via Massaua,,giallo,3,strada urbana senza ciclabile,no,2,no,0,B1,
SS-MIL-3049,Via Massimiano,,giallo,3,strada urbana senza ciclabile (2 corsie),no,2,no,0,B2,
SS-MIL-3050,Via Massimiliano Kolbe,,giallo,3,strada urbana senza ciclabile,no,2,no,0,B1,
SS-MIL-3051,Via Massimo D'Azeglio,,giallo,3,strada urbana senza ciclabile,no,2,si,0,A1,
SS-MIL-3052,Via Massimo Gorki,,giallo,3,strada urbana senza ciclabile,no,2,si,0,B1,
SS-MIL-3053,Via Massimo Troisi,,giallo,3,strada urbana senza ciclabile,no,2,no,0,A2,
SS-MIL-3054,Via Matazone da Caligano,,giallo,3,strada urbana senza ciclabile,no,2,si,0,A2,
SS-MIL-3055,Via Matera,,giallo,3,strada urbana senza ciclabile,no,2,si,0,B2,
SS-MIL-3056,Via Matilde Serao,,giallo,3,strada urbana senza ciclabile (2 corsie),no,2,no,0,B1,
SS-MIL-3057,Via Matilde Viscontini,,giallo,3,strada urbana senza ciclabile,no,2,no,0,C1,
SS-MIL-3058,Via Matteo Bandello,,giallo,3,strada urbana senza ciclabile,no,2,si,0,B2,
SS-MIL-3059,Via Matteo Civitali,,giallo,3,strada urbana senza ciclabile,no,2,si,0,B1,
SS-MIL-3060,Via Matteo Maria Boiardo,,giallo,3,strada urbana senza ciclabile,no,2,si,0,C2,
SS-MIL-3061,Via Maurizio Gonzaga,,giallo,3,strada urbana senza ciclabile (2 corsie),no,2,no,0,B2,
SS-MIL-3062,Via Maurizio Quadrio,,giallo,3,strada urbana senza ciclabile,no,2,si,0,B2,
SS-MIL-3063,Via Mauro Fiamminghino,,giallo,3,strada urbana senza ciclabile,no,2,si,0,C1,
SS-MIL-3064,Via Mauro Macchi,,giallo,3,strada urbana senza ciclabile (2 corsie),no,2,no,0,C2,
SS-MIL-3065,Via Mazzino,,giallo,3,strada urbana senza ciclabile,no,2,no,0,C1,
SS-MIL-3066,Via Mazzo,,giallo,3,strada urbana senza ciclabile,no,2,no,0,C1,
SS-MIL-3067,Via Mecenate,,rosso,4,strada secondaria trafficata,no,2,si,0,B2,
SS-MIL-3068,Via Medaglie d'Oro,,giallo,3,strada urbana senza ciclabile,no,2,si,0,C1,
SS-MIL-3069,Via Medardo Rosso,,giallo,3,strada urbana senza ciclabile (1 corsie),no,1,si,0,C2,
SS-MIL-3070,Via Medeghino,,rosso,4,strada secondaria trafficata,no,2,si,0,A2,
SS-MIL-3071,Via Medici,,giallo,3,strada urbana senza ciclabile (1 corsie),no,1,si,0,B2,
SS-MIL-3072,Via Melchiorre Cesarotti,,giallo,3,strada urbana senza ciclabile,no,2,no,0,C2,
SS-MIL-3073,Via Melchiorre Delfico,,giallo,3,strada urbana senza ciclabile,no,2,si,0,C2,
SS-MIL-3074,Via Melchiorre Gioia,,rosso,4,strada secondaria trafficata,no,2,si,0,C2,
SS-MIL-3075,Via Melegnano,,giallo,3,strada urbana senza ciclabile (1 corsie),no,1,si,0,B2,
SS-MIL-3076,Via Melette,,giallo,3,strada urbana senza ciclabile,no,2,si,0,C2,
SS-MIL-3077,Via Melone,,giallo,3,strada urbana senza ciclabile,no,2,si,0,B2,
SS-MIL-3078,Via Meloria,,giallo,3,strada urbana senza ciclabile,no,2,si,0,B1,
SS-MIL-3079,Via Melzo,,giallo,3,strada urbana senza ciclabile,no,2,si,0,B2,
SS-MIL-3080,Via Menaggio,,giallo,3,strada urbana senza ciclabile,no,2,si,0,B1,
SS-MIL-3081,Via Mentana,,giallo,3,strada urbana senza ciclabile,no,2,si,0,A2,
SS-MIL-3082,Via Merano,,giallo,3,strada urbana senza ciclabile (1 corsie),no,1,si,0,C2,
SS-MIL-3083,Via Meravigli,,giallo,3,strada urbana senza ciclabile,no,2,si,0,B2,
SS-MIL-3084,Via Mercantesse,,giallo,3,strada urbana senza ciclabile,no,2,no,0,C1,
SS-MIL-3085,Via Mercanti,,verde,1,ciclabile presente (da OpenStreetMap),si,2,no,0,B2,
SS-MIL-3086,Via Mercato,,giallo,3,strada urbana senza ciclabile,no,2,no,0,B2,
SS-MIL-3087,Via Meriggia,,giallo,3,strada urbana senza ciclabile,no,2,no,0,B1,
SS-MIL-3088,Via Messina,,giallo,3,strada urbana senza ciclabile (1 corsie),no,1,si,0,B2,
SS-MIL-3089,Via Mestre,,giallo,3,strada urbana senza ciclabile,no,2,si,0,C2,
SS-MIL-3090,Via Metallino,,giallo,3,strada urbana senza ciclabile (1 corsie),no,1,si,0,C2,
SS-MIL-3091,Via Michelangelo Buonarroti,,rosso,4,strada secondaria trafficata (1 corsie),no,1,si,0,A1,
SS-MIL-3092,Via Michele Amari,,giallo,3,strada urbana senza ciclabile,no,2,no,0,C2,
SS-MIL-3093,Via Michele Barozzi,,giallo,3,strada urbana senza ciclabile (1 corsie),no,1,si,0,B2,
SS-MIL-3094,Via Michele De Angelis,,giallo,3,strada urbana senza ciclabile,no,2,no,0,C2,
SS-MIL-3095,Via Michele Lessona,,giallo,3,strada urbana senza ciclabile,no,2,no,0,C1,
SS-MIL-3096,Via Michele Novaro,,giallo,3,strada urbana senza ciclabile,no,2,si,0,C2,
SS-MIL-3097,Via Michele Pericle Negrotto,,giallo,3,strada urbana senza ciclabile,no,2,no,0,C1,
SS-MIL-3098,Via Michele Saponaro,,giallo,3,strada urbana senza ciclabile,no,2,no,0,A2,
SS-MIL-3099,Via Michele Scherillo,,giallo,3,strada urbana senza ciclabile,no,2,si,0,C2,
SS-MIL-3100,Via Michelino da Besozzo,,giallo,3,strada urbana senza ciclabile,no,2,no,0,C1,
SS-MIL-3101,Via Milanese,,rosso,4,strada secondaria trafficata (3 corsie),no,3,si,0,C2,
SS-MIL-3102,Via Milano,,giallo,3,strada urbana senza ciclabile,no,2,no,0,A1,
SS-MIL-3103,Via Milazzo,,giallo,3,strada urbana senza ciclabile,no,2,si,0,B2,
SS-MIL-3104,Via Milly Carla Mignone,,giallo,3,strada urbana senza ciclabile,no,2,no,0,B1,
SS-MIL-3105,Via Mincio,,giallo,3,strada urbana senza ciclabile,no,2,si,0,A1,
SS-MIL-3106,Via Minturno,,giallo,3,strada urbana senza ciclabile (1 corsie),no,1,si,0,C2,
SS-MIL-3107,Via Modena,,giallo,3,strada urbana senza ciclabile,no,2,no,0,A1,
SS-MIL-3108,Via Modestino,,giallo,3,strada urbana senza ciclabile (1 corsie),no,1,si,0,B2,
SS-MIL-3109,Via Modica,,giallo,3,strada urbana senza ciclabile,no,2,si,0,B1,
SS-MIL-3110,Via Mogadiscio,,giallo,3,strada urbana senza ciclabile,no,2,si,0,B1,
SS-MIL-3111,Via Mohandas K. Ghandi,,giallo,3,strada urbana senza ciclabile,no,2,si,0,A2,
SS-MIL-3112,Via Mohandas Karamchand Gandhi,,giallo,3,strada urbana senza ciclabile,no,2,si,0,C1,
SS-MIL-3113,Via Moirano,,giallo,3,strada urbana senza ciclabile,no,2,si,0,B1,
SS-MIL-3114,Via Moisè Loria,,giallo,3,strada urbana senza ciclabile (1 corsie),no,1,si,0,B1,
SS-MIL-3115,Via Molinetto di Lorenteggio,,giallo,3,strada urbana senza ciclabile,no,2,si,0,B1,
SS-MIL-3116,Via Molino Dorino,,giallo,3,strada urbana senza ciclabile,no,2,no,0,C1,
SS-MIL-3117,Via Molino Nuovo,,giallo,3,strada urbana senza ciclabile,no,2,no,0,C1,
SS-MIL-3118,Via Molino Torretta,,giallo,3,strada urbana senza ciclabile,no,2,no,0,A2,
SS-MIL-3119,Via Molino Tuono,,giallo,3,strada urbana senza ciclabile,no,2,no,0,C2,
SS-MIL-3120,Via Molino dei Bissi,,giallo,3,strada urbana senza ciclabile,no,2,no,0,C1,
SS-MIL-3121,Via Molino delle Armi,,verde,1,ciclabile presente (da OpenStreetMap),si,2,si,0,B2,
SS-MIL-3122,Via Molise,,giallo,3,strada urbana senza ciclabile,no,2,no,0,A1,
SS-MIL-3123,Via Moltrasio,,giallo,3,strada urbana senza ciclabile,no,2,si,0,B1,
SS-MIL-3124,Via Moncalieri,,giallo,3,strada urbana senza ciclabile (2 corsie),no,2,no,0,C2,
SS-MIL-3125,Via Moncenisio,,giallo,3,strada urbana senza ciclabile,no,2,no,0,A1,
SS-MIL-3126,Via Moncucco,,giallo,3,strada urbana senza ciclabile,no,2,si,0,B2,
SS-MIL-3127,Via Monegherio,,giallo,3,strada urbana senza ciclabile,no,2,no,0,B1,
SS-MIL-3128,Via Moneta,,giallo,3,strada urbana senza ciclabile (1 corsie),no,1,si,0,B2,
SS-MIL-3129,Via Monfalcone,,giallo,3,strada urbana senza ciclabile,no,2,si,0,C2,
SS-MIL-3130,Via Monferrato,,giallo,3,strada urbana senza ciclabile,no,2,no,0,A2,
SS-MIL-3131,Via Monluè,,giallo,3,strada urbana senza ciclabile,no,2,no,0,B2,
SS-MIL-3132,Via Monreale,,rosso,4,strada principale trafficata,no,2,si,0,B1,
SS-MIL-3133,Via Monsignor Luigi Martini,,giallo,3,strada urbana senza ciclabile,no,2,si,0,C2,
SS-MIL-3134,Via Monsignor Oscar Arnulfo Romero,,giallo,3,strada urbana senza ciclabile,no,2,si,0,B1,
SS-MIL-3135,Via Monsignor Pogliani,,giallo,3,strada urbana senza ciclabile,no,2,no,0,B1,
SS-MIL-3136,Via Montalbino,,giallo,3,strada urbana senza ciclabile (1 corsie),no,1,si,0,C2,
SS-MIL-3137,Via Montanara,,giallo,3,strada urbana senza ciclabile,no,2,si,0,B1,
SS-MIL-3138,Via Monte Abetone,,giallo,3,strada urbana senza ciclabile,no,2,no,0,A1,
SS-MIL-3139,Via Monte Altissimo,,giallo,3,strada urbana senza ciclabile,no,2,no,0,C1,
SS-MIL-3140,Via Monte Amiata,,verde,1,ciclabile presente (da OpenStreetMap),si,2,si,0,A1,
SS-MIL-3141,Via Monte Aprica,,giallo,3,strada urbana senza ciclabile,no,2,no,0,C1,
SS-MIL-3142,Via Monte Asolone,,giallo,3,strada urbana senza ciclabile (1 corsie),no,1,si,0,C2,
SS-MIL-3143,Via Monte Baldo,,giallo,3,strada urbana senza ciclabile,no,2,si,0,B1,
SS-MIL-3144,Via Monte Bernina,,giallo,3,strada urbana senza ciclabile,no,2,no,0,C1,
SS-MIL-3145,Via Monte Bianco,,giallo,3,strada urbana senza ciclabile,no,2,si,0,A1,
SS-MIL-3146,Via Monte Bisbino,,giallo,3,strada urbana senza ciclabile,no,2,no,0,C1,
SS-MIL-3147,Via Monte Cassino,,giallo,3,strada urbana senza ciclabile,no,2,no,0,C1,
SS-MIL-3148,Via Monte Cengio,,giallo,3,strada urbana senza ciclabile,no,2,si,0,A2,
SS-MIL-3149,Via Monte Cervino,,giallo,3,strada urbana senza ciclabile,no,2,si,0,B1,
SS-MIL-3150,Via Monte Cimone,,giallo,3,strada urbana senza ciclabile (2 corsie),no,2,no,0,B2,
SS-MIL-3151,Via Monte Cristallo,,giallo,3,strada urbana senza ciclabile,no,2,no,0,C1,
SS-MIL-3152,Via Monte Generoso,,giallo,3,strada urbana senza ciclabile,no,2,si,0,C1,
SS-MIL-3153,Via Monte Grappa,,giallo,3,strada urbana senza ciclabile,no,2,no,0,A1,
SS-MIL-3154,Via Monte Leone,,giallo,3,strada urbana senza ciclabile,no,2,si,0,B1,
SS-MIL-3155,Via Monte Napoleone,,giallo,3,strada urbana senza ciclabile,no,2,si,0,B2,
SS-MIL-3156,Via Monte Nero,,giallo,3,strada urbana senza ciclabile,no,2,si,0,A2,
SS-MIL-3157,Via Monte Nevoso,,giallo,3,strada urbana senza ciclabile (1 corsie),no,1,si,0,C2,
SS-MIL-3158,Via Monte Oliveto,,giallo,3,strada urbana senza ciclabile,no,2,si,0,B2,
SS-MIL-3159,Via Monte Ortigara,,giallo,3,strada urbana senza ciclabile,no,2,si,0,B2,
SS-MIL-3160,Via Monte Palombino,,giallo,3,strada urbana senza ciclabile,no,2,si,0,A2,
SS-MIL-3161,Via Monte Penice,,giallo,3,strada urbana senza ciclabile,no,2,no,0,A1,
SS-MIL-3162,Via Monte Peralba,,giallo,3,strada urbana senza ciclabile,no,2,si,0,A2,
SS-MIL-3163,Via Monte Piana,,giallo,3,strada urbana senza ciclabile (2 corsie),no,2,no,0,A2,
SS-MIL-3164,Via Monte Pollino,,giallo,3,strada urbana senza ciclabile,no,2,no,0,A2,
SS-MIL-3165,Via Monte Popera,,giallo,3,strada urbana senza ciclabile,no,2,si,0,A2,
SS-MIL-3166,Via Monte Pordoi,,giallo,3,strada urbana senza ciclabile,no,2,no,0,C1,
SS-MIL-3167,Via Monte Rosa,,giallo,3,strada urbana senza ciclabile,no,2,si,0,A1,
SS-MIL-3168,Via Monte Rotondo,,giallo,3,strada urbana senza ciclabile,no,2,si,0,C2,
SS-MIL-3169,Via Monte Sabotino,,giallo,3,strada urbana senza ciclabile,no,2,si,0,C2,
SS-MIL-3170,Via Monte San Gabriele,,giallo,3,strada urbana senza ciclabile (1 corsie),no,1,si,0,C2,
SS-MIL-3171,Via Monte San Genesio,,giallo,3,strada urbana senza ciclabile,no,2,si,0,C2,
SS-MIL-3172,Via Monte San Michele,,giallo,3,strada urbana senza ciclabile (1 corsie),no,1,si,0,C2,
SS-MIL-3173,Via Monte Santo,,giallo,3,strada urbana senza ciclabile,no,2,no,0,C1,
SS-MIL-3174,Via Monte Spluga,,giallo,3,strada urbana senza ciclabile,no,2,no,0,C1,
SS-MIL-3175,Via Monte Suello,,giallo,3,strada urbana senza ciclabile,no,2,si,0,B2,
SS-MIL-3176,Via Monte Velino,,giallo,3,strada urbana senza ciclabile,no,2,si,0,B2,
SS-MIL-3177,Via Monte di Pietà,,giallo,3,strada urbana senza ciclabile (2 corsie),no,2,si,0,B2,
SS-MIL-3178,Via Montebello,,giallo,3,strada urbana senza ciclabile,no,2,si,0,B2,
SS-MIL-3179,Via Montecassino,,giallo,3,strada urbana senza ciclabile,no,2,si,0,B2,
SS-MIL-3180,Via Montecatini,,giallo,3,strada urbana senza ciclabile,no,2,si,0,B1,
SS-MIL-3181,Via Montefeltro,,giallo,3,strada urbana senza ciclabile (1 corsie),no,1,si,0,C1,
SS-MIL-3182,Via Montello,,giallo,3,strada urbana senza ciclabile,no,2,si,0,A1,
SS-MIL-3183,Via Montepulciano,,giallo,3,strada urbana senza ciclabile,no,2,no,0,C2,
SS-MIL-3184,Via Monteverdi,,giallo,3,strada urbana senza ciclabile,no,2,no,0,A1,
SS-MIL-3185,Via Montevideo,,giallo,3,strada urbana senza ciclabile,no,2,si,0,B2,
SS-MIL-3186,Via Monti Lepini,,giallo,3,strada urbana senza ciclabile,no,2,no,0,B2,
SS-MIL-3187,Via Monti Sabini,,giallo,3,strada urbana senza ciclabile,no,2,no,0,A2,
SS-MIL-3188,Via Monticelli,,giallo,3,strada urbana senza ciclabile,no,2,si,0,C2,
SS-MIL-3189,Via Montichiari,,giallo,3,strada urbana senza ciclabile,no,2,no,0,B1,
SS-MIL-3190,Via Monviso,,giallo,3,strada urbana senza ciclabile,no,2,si,0,A1,
SS-MIL-3191,Via Monzambano,,giallo,3,strada urbana senza ciclabile (1 corsie),no,1,si,0,C2,
SS-MIL-3192,Via Monzoro,,giallo,3,strada urbana senza ciclabile (2 corsie),no,2,no,0,B1,
SS-MIL-3193,Via Morazzone,,giallo,3,strada urbana senza ciclabile,no,2,si,0,B2,
SS-MIL-3194,Via Moretto Da Brescia,,giallo,3,strada urbana senza ciclabile,no,2,si,0,B2,
SS-MIL-3195,Via Morigi,,giallo,3,strada urbana senza ciclabile (1 corsie),no,1,si,0,B2,
SS-MIL-3196,Via Morimondo,,giallo,3,strada urbana senza ciclabile,no,2,si,0,B1,
SS-MIL-3197,Via Morivione,,giallo,3,strada urbana senza ciclabile,no,2,no,0,B2,
SS-MIL-3198,Via Morona,,giallo,3,strada urbana senza ciclabile,no,2,no,0,A1,
SS-MIL-3199,Via Morozzo della Rocca,,giallo,3,strada urbana senza ciclabile (1 corsie),no,1,si,0,B2,
SS-MIL-3200,Via Moscova,,giallo,3,strada urbana senza ciclabile,no,2,si,0,C1,
SS-MIL-3201,Via Mosè Bianchi,,giallo,3,strada urbana senza ciclabile,no,2,si,0,B1,
SS-MIL-3202,Via Muggiano,,giallo,3,strada urbana senza ciclabile,no,2,no,0,B1,
SS-MIL-3203,Via Muzio Attendolo detto Sforza,,giallo,3,strada urbana senza ciclabile,no,2,no,0,A2,
SS-MIL-3204,Via Muzio Scevola,,giallo,3,strada urbana senza ciclabile (2 corsie),no,2,no,0,B2,
SS-MIL-3205,Via Nago,,giallo,3,strada urbana senza ciclabile,no,2,no,0,B1,
SS-MIL-3206,Via Napo Torriani,,giallo,3,strada urbana senza ciclabile (2 corsie),no,2,no,0,B2,
SS-MIL-3207,Via Natale Battaglia,,giallo,3,strada urbana senza ciclabile,no,2,si,0,C2,
SS-MIL-3208,Via Nazario Sauro,,giallo,3,strada urbana senza ciclabile (1 corsie),no,1,si,0,B1,
SS-MIL-3209,Via Nearco,,giallo,3,strada urbana senza ciclabile,no,2,si,0,A1,
SS-MIL-3210,Via Neera,,giallo,3,strada urbana senza ciclabile,no,2,si,0,A2,
SS-MIL-3211,Via Negroli,,giallo,3,strada urbana senza ciclabile,no,2,si,0,B2,
SS-MIL-3212,Via Nemi,,giallo,3,strada urbana senza ciclabile,no,2,si,0,A2,
SS-MIL-3213,Via Nerino,,giallo,3,strada urbana senza ciclabile,no,2,si,0,B2,
SS-MIL-3214,Via Nervesa,,giallo,3,strada urbana senza ciclabile,no,2,no,0,B2,
SS-MIL-3215,Via Nicastro,,giallo,3,strada urbana senza ciclabile,no,2,si,0,B2,
SS-MIL-3216,Via Niccolò Copernico,,giallo,3,strada urbana senza ciclabile,no,2,no,0,A1,
SS-MIL-3217,Via Niccolò Jommelli,,giallo,3,strada urbana senza ciclabile (1 corsie),no,1,si,0,C2,
SS-MIL-3218,Via Niccolò Machiavelli,,giallo,3,strada urbana senza ciclabile (1 corsie),no,1,si,0,B2,
SS-MIL-3219,Via Niccolò Paganini,,giallo,3,strada urbana senza ciclabile (1 corsie),no,1,si,0,A1,
SS-MIL-3220,Via Nicola Antonio Porpora,,rosso,4,strada principale trafficata,no,2,si,0,B2,
SS-MIL-3221,Via Nicola Fabrizi,,giallo,3,strada urbana senza ciclabile,no,2,no,0,C1,
SS-MIL-3222,Via Nicola Palmieri,,giallo,3,strada urbana senza ciclabile,no,2,si,0,A2,
SS-MIL-3223,Via Nicola Piccinni,,rosso,4,strada secondaria trafficata (1 corsie),no,1,si,0,B2,
SS-MIL-3224,Via Nicola Romeo,,giallo,3,strada urbana senza ciclabile (2 corsie),no,2,no,0,A2,
SS-MIL-3225,Via Nicola d'Apulia,,giallo,3,strada urbana senza ciclabile (1 corsie),no,1,si,0,C2,
SS-MIL-3226,Via Nicolò Barabino,,giallo,3,strada urbana senza ciclabile,no,2,si,0,A2,
SS-MIL-3227,Via Nicolò Fortiguerra,,blu,2,accesso limitato (ZTL),no,1,no,0,C2,
SS-MIL-3228,Via Nicolò Tartaglia,,giallo,3,strada urbana senza ciclabile (1 corsie),no,1,si,0,C2,
SS-MIL-3229,Via Nicolò Tommaseo,,giallo,3,strada urbana senza ciclabile (1 corsie),no,1,si,0,B1,
SS-MIL-3230,Via Nicostrato Castellini,,giallo,3,strada urbana senza ciclabile,no,2,si,0,C2,
SS-MIL-3231,Via Nikolajevka,,giallo,3,strada urbana senza ciclabile,no,2,no,0,B1,
SS-MIL-3232,Via Nilde Iotti,,giallo,3,strada urbana senza ciclabile,no,2,si,0,B1,
SS-MIL-3233,Via Nino Besozzi,,giallo,3,strada urbana senza ciclabile,no,2,si,0,C2,
SS-MIL-3234,Via Nino Bixio,,giallo,3,strada urbana senza ciclabile (2 corsie),no,2,si,0,A1,
SS-MIL-3235,Via Nino Martoglio,,giallo,3,strada urbana senza ciclabile (2 corsie),no,2,no,0,C1,
SS-MIL-3236,Via Nino Nanetti,,giallo,3,strada urbana senza ciclabile,no,2,no,0,A1,
SS-MIL-3237,Via Nino Oxilia,,giallo,3,strada urbana senza ciclabile,no,2,si,0,C2,
SS-MIL-3238,Via Nirone,,giallo,3,strada urbana senza ciclabile (1 corsie),no,1,si,0,B2,
SS-MIL-3239,Via Noale,,giallo,3,strada urbana senza ciclabile,no,2,no,0,B1,
SS-MIL-3240,Via Norcia,,giallo,3,strada urbana senza ciclabile,no,2,si,0,C1,
SS-MIL-3241,Via Norico,,giallo,3,strada urbana senza ciclabile,no,2,no,0,B2,
SS-MIL-3242,Via Norvegia,,giallo,3,strada urbana senza ciclabile,no,2,no,0,C2,
SS-MIL-3243,Via Noto,,giallo,3,strada urbana senza ciclabile,no,2,no,0,A2,
SS-MIL-3244,Via Novara,,giallo,3,strada urbana senza ciclabile,no,2,no,0,A1,
SS-MIL-3245,Via Novate,,giallo,3,strada urbana senza ciclabile,no,2,no,0,C2,
SS-MIL-3246,Via Novegno,,giallo,3,strada urbana senza ciclabile,no,2,si,0,B1,
SS-MIL-3247,Via Novegro,,giallo,3,strada urbana senza ciclabile,no,2,si,0,B2,
SS-MIL-3248,Via Noverasco,,rosso,4,strada principale trafficata,no,2,si,0,A2,
SS-MIL-3249,Via Novi,,giallo,3,strada urbana senza ciclabile,no,2,si,0,B2,
SS-MIL-3250,Via Numa Pompilio,,giallo,3,strada urbana senza ciclabile (1 corsie),no,1,si,0,B2,
SS-MIL-3251,Via Numidia,,giallo,3,strada urbana senza ciclabile,no,2,si,0,B2,
SS-MIL-3252,Via Nuoro,,giallo,3,strada urbana senza ciclabile,no,2,si,0,C2,
SS-MIL-3253,Via Oderzo,,giallo,3,strada urbana senza ciclabile,no,2,si,0,B1,
SS-MIL-3254,Via Odescalchi,,giallo,3,strada urbana senza ciclabile,no,2,no,0,C1,
SS-MIL-3255,Via Odessa,,giallo,3,strada urbana senza ciclabile,no,2,no,0,A1,
SS-MIL-3256,Via Odoardo Tabacchi,,giallo,3,strada urbana senza ciclabile,no,2,no,0,B2,
SS-MIL-3257,Via Oglio,,giallo,3,strada urbana senza ciclabile (1 corsie),no,1,si,0,B2,
SS-MIL-3258,Via Olgetta,,giallo,3,strada urbana senza ciclabile,no,2,no,0,C2,
SS-MIL-3259,Via Olgettina,,giallo,3,strada urbana senza ciclabile,no,2,si,0,C2,
SS-MIL-3260,Via Olgia,,giallo,3,strada urbana senza ciclabile,no,2,no,0,C2,
SS-MIL-3261,Via Olindo Guerrini,,giallo,3,strada urbana senza ciclabile,no,2,si,0,B2,
SS-MIL-3262,Via Olmetto,,giallo,3,strada urbana senza ciclabile (1 corsie),no,1,si,0,B2,
SS-MIL-3263,Via Olona,,giallo,3,strada urbana senza ciclabile,no,2,no,0,A2,
SS-MIL-3264,Via Ondina Valla,,giallo,3,strada urbana senza ciclabile,no,2,no,0,B2,
SS-MIL-3265,Via Onorato Balzac,,giallo,3,strada urbana senza ciclabile (1 corsie),no,1,si,0,C2,
SS-MIL-3266,Via Oratorio,,giallo,3,strada urbana senza ciclabile (1 corsie),no,1,si,0,C1,
SS-MIL-3267,Via Orazio,,giallo,3,strada urbana senza ciclabile (1 corsie),no,1,si,0,B2,
SS-MIL-3268,Via Orbetello,,giallo,3,strada urbana senza ciclabile (2 corsie),no,2,no,0,C2,
SS-MIL-3269,Via Orefici,,giallo,3,strada urbana senza ciclabile,no,2,si,0,B2,
SS-MIL-3270,Via Oreste Cipriani,,giallo,3,strada urbana senza ciclabile (1 corsie),no,1,si,0,C2,
SS-MIL-3271,Via Oreste Salomone,,giallo,3,strada urbana senza ciclabile,no,2,si,0,B2,
SS-MIL-3272,Via Oristano,,giallo,3,strada urbana senza ciclabile,no,2,si,0,C2,
SS-MIL-3273,Via Orobia,,giallo,3,strada urbana senza ciclabile,no,2,no,0,B2,
SS-MIL-3274,Via Oronzio De Nora,,blu,2,zona pedonale / living street,no,1,no,0,B2,
SS-MIL-3275,Via Oropa,,giallo,3,strada urbana senza ciclabile,no,2,si,0,C2,
SS-MIL-3276,Via Orti,,giallo,3,strada urbana senza ciclabile (1 corsie),no,1,si,0,B2,
SS-MIL-3277,Via Ortica,,giallo,3,strada urbana senza ciclabile (1 corsie),no,1,si,0,B2,
SS-MIL-3278,Via Orvieto,,blu,2,accesso limitato (ZTL),no,1,no,0,B2,
SS-MIL-3279,Via Oslavia,,giallo,3,strada urbana senza ciclabile (1 corsie),no,1,si,0,C2,
SS-MIL-3280,Via Osnaghi,,giallo,3,strada urbana senza ciclabile,no,2,no,0,A1,
SS-MIL-3281,Via Osoppo,,giallo,3,strada urbana senza ciclabile,no,2,si,0,B1,
SS-MIL-3282,Via Ospiate,,giallo,3,strada urbana senza ciclabile,no,2,no,0,C1,
SS-MIL-3283,Via Osteno,,giallo,3,strada urbana senza ciclabile,no,2,si,0,B1,
SS-MIL-3284,Via Osti,,blu,2,accesso limitato (ZTL),no,1,no,0,B2,
SS-MIL-3285,Via Ostiglia,,giallo,3,strada urbana senza ciclabile,no,2,si,0,B2,
SS-MIL-3286,Via Osvaldo Gnocchi Viani,,giallo,3,strada urbana senza ciclabile,no,2,si,0,B2,
SS-MIL-3287,Via Otranto,,giallo,3,strada urbana senza ciclabile,no,2,no,0,C1,
SS-MIL-3288,Via Ottaviano Fabrizio Mossotti,,giallo,3,strada urbana senza ciclabile,no,2,si,0,C2,
SS-MIL-3289,Via Ottavio Rinuccini,,giallo,3,strada urbana senza ciclabile (2 corsie),no,2,no,0,C2,
SS-MIL-3290,Via Ottone Rosai,,giallo,3,strada urbana senza ciclabile,no,2,no,0,C1,
SS-MIL-3291,Via Ottorino Respighi,,giallo,3,strada urbana senza ciclabile,no,2,no,0,C1,
SS-MIL-3292,Via Ovada,,giallo,3,strada urbana senza ciclabile (2 corsie),no,2,no,0,A2,
SS-MIL-3293,Via Ovidio,,giallo,3,strada urbana senza ciclabile,no,2,no,0,C1,
SS-MIL-3294,Via Pablo Neruda,,giallo,3,strada urbana senza ciclabile,no,2,no,0,A1,
SS-MIL-3295,Via Pablo Picasso,,giallo,3,strada urbana senza ciclabile,no,2,no,0,A1,
SS-MIL-3296,Via Pace,,giallo,3,strada urbana senza ciclabile (1 corsie),no,1,si,0,A2,
SS-MIL-3297,Via Pacifico Arcangeli,,giallo,3,strada urbana senza ciclabile,no,2,no,0,B1,
SS-MIL-3298,Via Pacifico Valussi,,giallo,3,strada urbana senza ciclabile (1 corsie),no,1,si,0,C2,
SS-MIL-3299,Via Padova,,giallo,3,strada urbana senza ciclabile,no,2,si,0,C2,
SS-MIL-3300,Via Padre Carlo Salerio,,verde,1,ciclabile presente (da OpenStreetMap),si,2,no,0,C1,
SS-MIL-3301,Via Padre Gerardo Beccaro,,giallo,3,strada urbana senza ciclabile,no,2,si,0,C2,
SS-MIL-3302,Via Padre Giovanni Battista Martini,,giallo,3,strada urbana senza ciclabile,no,2,si,0,C2,
SS-MIL-3303,Via Padre Giovanni Semeria,,giallo,3,strada urbana senza ciclabile (2 corsie),no,2,no,0,C2,
SS-MIL-3304,Via Padre Leonardo Murialdo,,giallo,3,strada urbana senza ciclabile,no,2,no,0,B1,
SS-MIL-3305,Via Padre Ludovico Morell S.J.,,giallo,3,strada urbana senza ciclabile (2 corsie),no,2,no,0,C2,
SS-MIL-3306,Via Padre Massimiliano Kolbe,,giallo,3,strada urbana senza ciclabile,no,2,si,0,B2,
SS-MIL-3307,Via Padre Pier Luigi Monti,,giallo,3,strada urbana senza ciclabile,no,2,si,0,C2,
SS-MIL-3308,Via Padre Pio,,giallo,3,strada urbana senza ciclabile,no,2,no,0,A1,
SS-MIL-3309,Via Padre Placido Riccardi,,giallo,3,strada urbana senza ciclabile,no,2,si,0,C2,
SS-MIL-3310,Via Padre Ravasi,,giallo,3,strada urbana senza ciclabile (1 corsie),no,1,si,0,C2,
SS-MIL-3311,Via Palanzone,,giallo,3,strada urbana senza ciclabile (1 corsie),no,1,si,0,C2,
SS-MIL-3312,Via Palatino,,giallo,3,strada urbana senza ciclabile (1 corsie),no,1,si,0,B1,
SS-MIL-3313,Via Palazzo Reale,,giallo,3,strada urbana senza ciclabile,no,2,si,0,B2,
SS-MIL-3314,Via Palermo,,giallo,3,strada urbana senza ciclabile,no,2,no,0,A1,
SS-MIL-3315,Via Palestro,,giallo,3,strada urbana senza ciclabile (2 corsie),no,2,no,0,B2,
SS-MIL-3316,Via Pallanza,,giallo,3,strada urbana senza ciclabile,no,2,no,0,C2,
SS-MIL-3317,Via Palmanova,,nero,5,"strada ad alta velocità (primary, 70 km/h)",no,2,si,0,C2,
SS-MIL-3318,Via Palmaria,,giallo,3,strada urbana senza ciclabile,no,2,no,0,C2,
SS-MIL-3319,Via Palmi,,giallo,3,strada urbana senza ciclabile,no,2,no,0,B1,
SS-MIL-3320,Via Palmiro Togliatti,,giallo,3,strada urbana senza ciclabile,no,2,si,0,A1,
SS-MIL-3321,Via Panfilo Castaldi,,giallo,3,strada urbana senza ciclabile (2 corsie),no,2,si,0,B2,
SS-MIL-3322,Via Panfilo Nuvolone,,giallo,3,strada urbana senza ciclabile,no,2,si,0,C1,
SS-MIL-3323,Via Pannonia,,giallo,3,strada urbana senza ciclabile,no,2,si,0,B2,
SS-MIL-3324,Via Pantano,,giallo,3,strada urbana senza ciclabile (2 corsie),no,2,no,0,B2,
SS-MIL-3325,Via Pantigliate,,giallo,3,strada urbana senza ciclabile,no,2,si,0,B1,
SS-MIL-3326,Via Paolo Andreani,,giallo,3,strada urbana senza ciclabile (1 corsie),no,1,si,0,B2,
SS-MIL-3327,Via Paolo Bassi,,giallo,3,strada urbana senza ciclabile,no,2,si,0,C2,
SS-MIL-3328,Via Paolo Bentivoglio,,giallo,3,strada urbana senza ciclabile,no,2,no,0,B1,
SS-MIL-3329,Via Paolo Borsellino,,giallo,3,strada urbana senza ciclabile,no,2,no,0,A1,
SS-MIL-3330,Via Paolo Borsellino e Giovanni Falcone,,giallo,3,strada urbana senza ciclabile,no,2,no,0,C1,
SS-MIL-3331,Via Paolo Buzzi,,giallo,3,strada urbana senza ciclabile (2 corsie),no,2,no,0,C1,
SS-MIL-3332,Via Paolo Diacono,,giallo,3,strada urbana senza ciclabile,no,2,si,0,B2,
SS-MIL-3333,Via Paolo Frisi,,giallo,3,strada urbana senza ciclabile,no,2,si,0,B2,
SS-MIL-3334,Via Paolo Gerli,,giallo,3,strada urbana senza ciclabile,no,2,no,0,B1,
SS-MIL-3335,Via Paolo Gerolamo Biumi,,giallo,3,strada urbana senza ciclabile,no,2,si,0,C2,
SS-MIL-3336,Via Paolo Giacometti,,giallo,3,strada urbana senza ciclabile,no,2,no,0,C2,
SS-MIL-3337,Via Paolo Giovio,,giallo,3,strada urbana senza ciclabile,no,2,si,0,B2,
SS-MIL-3338,Via Paolo Goglio,,giallo,3,strada urbana senza ciclabile (1 corsie),no,1,si,0,C1,
SS-MIL-3339,Via Paolo Lomazzo,,giallo,3,strada urbana senza ciclabile,no,2,si,0,B2,
SS-MIL-3340,Via Paolo Mantegazza,,giallo,3,strada urbana senza ciclabile,no,2,si,0,C1,
SS-MIL-3341,Via Paolo Marchiondi,,giallo,3,strada urbana senza ciclabile,no,2,no,0,B2,
SS-MIL-3342,Via Paolo Mascagni,,giallo,3,strada urbana senza ciclabile,no,2,si,0,B2,
SS-MIL-3343,Via Paolo Maspero,,giallo,3,strada urbana senza ciclabile,no,2,no,0,B2,
SS-MIL-3344,Via Paolo Mezzanotte,,giallo,3,strada urbana senza ciclabile,no,2,no,0,A2,
SS-MIL-3345,Via Paolo Pallia,,giallo,3,strada urbana senza ciclabile,no,2,si,0,B2,
SS-MIL-3346,Via Paolo Rizzi,,giallo,3,strada urbana senza ciclabile,no,2,no,0,A2,
SS-MIL-3347,Via Paolo Santagostino,,giallo,3,strada urbana senza ciclabile,no,2,si,0,C2,
SS-MIL-3348,Via Paolo Sarpi,,verde,1,ciclabile presente (da OpenStreetMap),si,2,si,0,A1,
SS-MIL-3349,Via Paolo Segneri,,giallo,3,strada urbana senza ciclabile,no,2,si,0,B1,
SS-MIL-3350,Via Paolo Solaroli,,rosso,4,strada secondaria trafficata,no,2,no,0,A2,
SS-MIL-3351,Via Paolo Trubetskoy,,giallo,3,strada urbana senza ciclabile,no,2,si,0,C2,
SS-MIL-3352,Via Paolo Uccello,,giallo,3,strada urbana senza ciclabile (1 corsie),no,1,si,0,B1,
SS-MIL-3353,Via Paolo Veronese,,giallo,3,strada urbana senza ciclabile,no,2,si,0,B1,
SS-MIL-3354,Via Paolo da Cannobio,,giallo,3,strada urbana senza ciclabile,no,2,si,0,B2,
SS-MIL-3355,Via Paolo dal Pozzo Toscanelli,,giallo,3,strada urbana senza ciclabile,no,2,si,0,A1,
SS-MIL-3356,Via Papa Giovanni Paolo II,,giallo,3,strada urbana senza ciclabile (2 corsie),no,2,no,0,A1,
SS-MIL-3357,Via Papa Giovanni Paolo Secondo,,giallo,3,strada urbana senza ciclabile,no,2,no,0,B1,
SS-MIL-3358,Via Papa Giovanni Ventitreesimo,,giallo,3,strada urbana senza ciclabile,no,2,no,0,A1,
SS-MIL-3359,Via Papa Giovanni XXIII,,giallo,3,strada urbana senza ciclabile,no,2,no,0,A1,
SS-MIL-3360,Via Papa Gregorio Quattordicesimo,,giallo,3,strada urbana senza ciclabile,no,2,si,0,B2,
SS-MIL-3361,Via Parabiago,,giallo,3,strada urbana senza ciclabile,no,2,si,0,C1,
SS-MIL-3362,Via Paracelso,,giallo,3,strada urbana senza ciclabile,no,2,si,0,B2,
SS-MIL-3363,Via Parigi,,giallo,3,strada urbana senza ciclabile,no,2,no,0,A2,
SS-MIL-3364,Via Paris Bordone,,giallo,3,strada urbana senza ciclabile,no,2,si,0,B1,
SS-MIL-3365,Via Parmenide,,giallo,3,strada urbana senza ciclabile,no,2,no,0,C2,
SS-MIL-3366,Via Parmigianino,,giallo,3,strada urbana senza ciclabile (2 corsie),no,2,no,0,B1,
SS-MIL-3367,Via Parpagliona,,giallo,3,strada urbana senza ciclabile (2 corsie),no,2,no,0,C2,
SS-MIL-3368,Via Pasquale Fornari,,giallo,3,strada urbana senza ciclabile,no,2,si,0,B1,
SS-MIL-3369,Via Pasquale Miglioretti,,giallo,3,strada urbana senza ciclabile,no,2,no,0,C2,
SS-MIL-3370,Via Pasquale Paoli,,giallo,3,strada urbana senza ciclabile (2 corsie),no,2,no,0,B2,
SS-MIL-3371,Via Pasquale Sottocorno,,giallo,3,strada urbana senza ciclabile,no,2,si,0,B2,
SS-MIL-3372,Via Pasquale Stanislao Mancini,,giallo,3,strada urbana senza ciclabile,no,2,no,0,B1,
SS-MIL-3373,Via Passarella,,blu,2,zona pedonale / living street,no,1,no,0,B2,
SS-MIL-3374,Via Passione,,giallo,3,strada urbana senza ciclabile,no,2,si,0,B2,
SS-MIL-3375,Via Passo Buole,,giallo,3,strada urbana senza ciclabile (1 corsie),no,1,si,0,B2,
SS-MIL-3376,Via Passo Mendola,,giallo,3,strada urbana senza ciclabile,no,2,si,0,C2,
SS-MIL-3377,Via Passo Pordoi,,giallo,3,strada urbana senza ciclabile,no,2,no,0,A2,
SS-MIL-3378,Via Passo Rolle,,giallo,3,strada urbana senza ciclabile (2 corsie),no,2,no,0,C2,
SS-MIL-3379,Via Passo Sella,,giallo,3,strada urbana senza ciclabile (2 corsie),no,2,no,0,C2,
SS-MIL-3380,Via Passo di Brizio,,giallo,3,strada urbana senza ciclabile,no,2,no,0,B1,
SS-MIL-3381,Via Pastrengo,,giallo,3,strada urbana senza ciclabile,no,2,no,0,A2,
SS-MIL-3382,Via Pasubio,,giallo,3,strada urbana senza ciclabile,no,2,si,0,B1,
SS-MIL-3383,Via Patroclo,,rosso,4,strada secondaria trafficata,no,2,si,0,B1,
SS-MIL-3384,Via Pattari,,blu,2,zona pedonale / living street,no,1,no,0,B2,
SS-MIL-3385,Via Paul Valery,,giallo,3,strada urbana senza ciclabile,no,2,no,0,B2,
SS-MIL-3386,Via Paullo,,giallo,3,strada urbana senza ciclabile (1 corsie),no,1,si,0,B2,
SS-MIL-3387,Via Paulucci di Calboli Fulcieri,,giallo,3,strada urbana senza ciclabile,no,2,si,0,C2,
SS-MIL-3388,Via Pavia,,giallo,3,strada urbana senza ciclabile,no,2,no,0,A2,
SS-MIL-3389,Via Pegaso,,giallo,3,strada urbana senza ciclabile,no,2,si,0,B1,
SS-MIL-3390,Via Pelagio Palagi,,giallo,3,strada urbana senza ciclabile,no,2,si,0,B2,
SS-MIL-3391,Via Pellegrino Rossi,,rosso,4,strada secondaria trafficata (2 corsie),no,2,no,0,C2,
SS-MIL-3392,Via Pellegrino Strobel,,giallo,3,strada urbana senza ciclabile,no,2,si,0,B2,
SS-MIL-3393,Via Pellegrino Tibaldi,,giallo,3,strada urbana senza ciclabile,no,2,si,0,C1,
SS-MIL-3394,Via Perasto,,giallo,3,strada urbana senza ciclabile,no,2,no,0,C2,
SS-MIL-3395,Via Pergine,,giallo,3,strada urbana senza ciclabile,no,2,si,0,C1,
SS-MIL-3396,Via Perin del Vaga,,giallo,3,strada urbana senza ciclabile,no,2,no,0,C1,
SS-MIL-3397,Via Perrone di San Martino,,giallo,3,strada urbana senza ciclabile (1 corsie),no,1,si,0,C2,
SS-MIL-3398,Via Perugino,,giallo,3,strada urbana senza ciclabile,no,2,si,0,B2,
SS-MIL-3399,Via Pesaro,,giallo,3,strada urbana senza ciclabile (2 corsie),no,2,no,0,C2,
SS-MIL-3400,Via Pescara,,giallo,3,strada urbana senza ciclabile,no,2,no,0,A2,
SS-MIL-3401,Via Pescarenico,,giallo,3,strada urbana senza ciclabile,no,2,no,0,A2,
SS-MIL-3402,Via Peschiera,,giallo,3,strada urbana senza ciclabile (1 corsie),no,1,si,0,B2,
SS-MIL-3403,Via Pessano,,giallo,3,strada urbana senza ciclabile,no,2,no,0,B1,
SS-MIL-3404,Via Pesto,,giallo,3,strada urbana senza ciclabile,no,2,no,0,B1,
SS-MIL-3405,Via Petralia,,giallo,3,strada urbana senza ciclabile,no,2,no,0,B1,
SS-MIL-3406,Via Piacenza,,giallo,3,strada urbana senza ciclabile,no,2,si,0,B2,
SS-MIL-3407,Via Piadena,,giallo,3,strada urbana senza ciclabile,no,2,si,0,A2,
SS-MIL-3408,Via Piave,,giallo,3,strada urbana senza ciclabile,no,2,no,0,A1,
SS-MIL-3409,Via Pico della Mirandola,,giallo,3,strada urbana senza ciclabile (2 corsie),no,2,no,0,C1,
SS-MIL-3410,Via Piemonte,,giallo,3,strada urbana senza ciclabile,no,2,no,0,A1,
SS-MIL-3411,Via Pier Alessandro Paravia,,giallo,3,strada urbana senza ciclabile,no,2,si,0,B1,
SS-MIL-3412,Via Pier Candido Decembrio,,giallo,3,strada urbana senza ciclabile,no,2,si,0,B2,
SS-MIL-3413,Via Pier Francesco Cittadini,,giallo,3,strada urbana senza ciclabile,no,2,si,0,C1,
SS-MIL-3414,Via Pier Francesco Mola,,giallo,3,strada urbana senza ciclabile,no,2,no,0,C1,
SS-MIL-3415,Via Pier Lombardo,,giallo,3,strada urbana senza ciclabile,no,2,si,0,B2,
SS-MIL-3416,Via Pier Paolo Pasolini,,giallo,3,strada urbana senza ciclabile,no,2,no,0,A1,
SS-MIL-3417,Via Pierino Pelucchi,,giallo,3,strada urbana senza ciclabile,no,2,si,0,C2,
SS-MIL-3418,Via Pierluigi da Palestrina,,giallo,3,strada urbana senza ciclabile,no,2,no,0,A1,
SS-MIL-3419,Via Piero Bottoni,,giallo,3,strada urbana senza ciclabile,no,2,si,0,A2,
SS-MIL-3420,Via Piero Calamandrei,,giallo,3,strada urbana senza ciclabile,no,2,no,0,C2,
SS-MIL-3421,Via Piero Caldirola,,giallo,3,strada urbana senza ciclabile,no,2,si,0,C2,
SS-MIL-3422,Via Piero Capponi,,giallo,3,strada urbana senza ciclabile,no,2,no,0,B1,
SS-MIL-3423,Via Piero Colombi,,giallo,3,strada urbana senza ciclabile (2 corsie),no,2,no,0,B1,
SS-MIL-3424,Via Piero Gobetti,,giallo,3,strada urbana senza ciclabile,no,2,si,0,A1,
SS-MIL-3425,Via Piero Malvestiti,,giallo,3,strada urbana senza ciclabile (1 corsie),no,1,si,0,C2,
SS-MIL-3426,Via Piero Maroncelli,,giallo,3,strada urbana senza ciclabile,no,2,no,0,C1,
SS-MIL-3427,Via Piero Montagnani Marelli,,giallo,3,strada urbana senza ciclabile,no,2,no,0,C1,
SS-MIL-3428,Via Piero Pajardi,,blu,2,zona pedonale / living street,no,1,no,0,B2,
SS-MIL-3429,Via Piero Portaluppi,,giallo,3,strada urbana senza ciclabile,no,2,no,0,B2,
SS-MIL-3430,Via Piero Preda,,giallo,3,strada urbana senza ciclabile,no,2,si,0,B2,
SS-MIL-3431,Via Piero Strozzi,,giallo,3,strada urbana senza ciclabile,no,2,no,0,B1,
SS-MIL-3432,Via Piero della Francesca,,giallo,3,strada urbana senza ciclabile,no,2,si,0,A1,
SS-MIL-3433,Via Pietra Ligure,,giallo,3,strada urbana senza ciclabile,no,2,no,0,B1,
SS-MIL-3434,Via Pietrasanta,,giallo,3,strada urbana senza ciclabile,no,2,si,0,B2,
SS-MIL-3435,Via Pietro Anderloni,,giallo,3,strada urbana senza ciclabile,no,2,no,0,C1,
SS-MIL-3436,Via Pietro Andrea Saccardo,,giallo,3,strada urbana senza ciclabile,no,2,si,0,B2,
SS-MIL-3437,Via Pietro Azario,,giallo,3,strada urbana senza ciclabile (1 corsie),no,1,si,0,B2,
SS-MIL-3438,Via Pietro Bembo,,giallo,3,strada urbana senza ciclabile,no,2,no,0,A1,
SS-MIL-3439,Via Pietro Boifava,,giallo,3,strada urbana senza ciclabile,no,2,si,0,A2,
SS-MIL-3440,Via Pietro Borsieri,,giallo,3,strada urbana senza ciclabile,no,2,si,0,C2,
SS-MIL-3441,Via Pietro Calvi,,giallo,3,strada urbana senza ciclabile,no,2,si,0,B2,
SS-MIL-3442,Via Pietro Canevari,,giallo,3,strada urbana senza ciclabile,no,2,si,0,B1,
SS-MIL-3443,Via Pietro Colletta,,giallo,3,strada urbana senza ciclabile,no,2,no,0,B2,
SS-MIL-3444,Via Pietro Cossa,,giallo,3,strada urbana senza ciclabile (1 corsie),no,1,si,0,B2,
SS-MIL-3445,Via Pietro Crespi,,giallo,3,strada urbana senza ciclabile (1 corsie),no,1,si,0,C2,
SS-MIL-3446,Via Pietro Custodi,,giallo,3,strada urbana senza ciclabile,no,2,si,0,B2,
SS-MIL-3447,Via Pietro Filargo,,giallo,3,strada urbana senza ciclabile (1 corsie),no,1,si,0,B2,
SS-MIL-3448,Via Pietro Gassendi,,giallo,3,strada urbana senza ciclabile,no,2,si,0,C1,
SS-MIL-3449,Via Pietro Giannone,,giallo,3,strada urbana senza ciclabile (1 corsie),no,1,si,0,B2,
SS-MIL-3450,Via Pietro Giordani,,rosso,4,strada secondaria trafficata (2 corsie),no,2,si,0,B1,
SS-MIL-3451,Via Pietro Gobetti,,giallo,3,strada urbana senza ciclabile,no,2,si,0,A1,
SS-MIL-3452,Via Pietro Maestri,,giallo,3,strada urbana senza ciclabile (1 corsie),no,1,si,0,B2,
SS-MIL-3453,Via Pietro Magistretti,,giallo,3,strada urbana senza ciclabile,no,2,si,0,C2,
SS-MIL-3454,Via Pietro Marocco,,giallo,3,strada urbana senza ciclabile,no,2,si,0,C2,
SS-MIL-3455,Via Pietro Maroncelli,,giallo,3,strada urbana senza ciclabile,no,2,no,0,A1,
SS-MIL-3456,Via Pietro Marussig,,giallo,3,strada urbana senza ciclabile (1 corsie),no,1,si,0,C2,
SS-MIL-3457,Via Pietro Mascagni,,giallo,3,strada urbana senza ciclabile,no,2,si,0,A1,
SS-MIL-3458,Via Pietro Metastasio,,giallo,3,strada urbana senza ciclabile,no,2,si,0,A1,
SS-MIL-3459,Via Pietro Micca,,giallo,3,strada urbana senza ciclabile,no,2,si,0,A1,
SS-MIL-3460,Via Pietro Moscati,,giallo,3,strada urbana senza ciclabile,no,2,si,0,B2,
SS-MIL-3461,Via Pietro Nenni,,giallo,3,strada urbana senza ciclabile,no,2,no,0,A1,
SS-MIL-3462,Via Pietro Orseolo,,giallo,3,strada urbana senza ciclabile (1 corsie),no,1,si,0,B2,
SS-MIL-3463,Via Pietro Paleocapa,,giallo,3,strada urbana senza ciclabile (2 corsie),no,2,no,0,B2,
SS-MIL-3464,Via Pietro Pancrazi,,giallo,3,strada urbana senza ciclabile,no,2,si,0,B2,
SS-MIL-3465,Via Pietro Panzeri,,rosso,4,strada secondaria trafficata (1 corsie),no,1,si,0,B2,
SS-MIL-3466,Via Pietro Pomponazzi,,giallo,3,strada urbana senza ciclabile,no,2,si,0,B2,
SS-MIL-3467,Via Pietro Redaelli,,giallo,3,strada urbana senza ciclabile (2 corsie),no,2,no,0,B1,
SS-MIL-3468,Via Pietro Rondoni,,giallo,3,strada urbana senza ciclabile,no,2,no,0,B1,
SS-MIL-3469,Via Pietro Rubens,,giallo,3,strada urbana senza ciclabile (2 corsie),no,2,no,0,B1,
SS-MIL-3470,Via Pietro Tamburini,,giallo,3,strada urbana senza ciclabile (1 corsie),no,1,si,0,B2,
SS-MIL-3471,Via Pietro Tempesta,,giallo,3,strada urbana senza ciclabile (2 corsie),no,2,no,0,B1,
SS-MIL-3472,Via Pietro Teuliè,,rosso,4,strada secondaria trafficata,no,2,si,0,B2,
SS-MIL-3473,Via Pietro Thouar,,giallo,3,strada urbana senza ciclabile,no,2,si,0,C1,
SS-MIL-3474,Via Pietro Toselli,,giallo,3,strada urbana senza ciclabile,no,2,si,0,C2,
SS-MIL-3475,Via Pietro Valdo,,giallo,3,strada urbana senza ciclabile,no,2,si,0,C2,
SS-MIL-3476,Via Pietro Verri,,giallo,3,strada urbana senza ciclabile,no,2,no,0,A1,
SS-MIL-3477,Via Pietro da Bescapè,,giallo,3,strada urbana senza ciclabile (1 corsie),no,1,si,0,C2,
SS-MIL-3478,Via Pietro da Cemmo,,giallo,3,strada urbana senza ciclabile,no,2,no,0,C1,
SS-MIL-3479,Via Pietro da Cortona,,giallo,3,strada urbana senza ciclabile (2 corsie),no,2,no,0,B2,
SS-MIL-3480,Via Pietro di Pietramellara,,giallo,3,strada urbana senza ciclabile,no,2,si,0,C2,
SS-MIL-3481,Via Pietro e Giuseppe Pestagalli,,giallo,3,strada urbana senza ciclabile,no,2,no,0,B2,
SS-MIL-3482,Via Pigello Portinari,,giallo,3,strada urbana senza ciclabile (2 corsie),no,2,si,0,C2,
SS-MIL-3483,Via Pinamonte da Vimercate,,giallo,3,strada urbana senza ciclabile,no,2,si,0,B2,
SS-MIL-3484,Via Pinciroli,,giallo,3,strada urbana senza ciclabile,no,2,no,0,A2,
SS-MIL-3485,Via Pindaro,,giallo,3,strada urbana senza ciclabile,no,2,si,0,C2,
SS-MIL-3486,Via Pinerolo,,giallo,3,strada urbana senza ciclabile,no,2,si,0,B1,
SS-MIL-3487,Via Pino Daniele,,blu,2,zona pedonale / living street,no,1,no,0,C2,
SS-MIL-3488,Via Pinturicchio,,giallo,3,strada urbana senza ciclabile,no,2,si,0,B2,
SS-MIL-3489,Via Pio Quarto,,blu,2,zona pedonale / living street,no,1,no,0,B2,
SS-MIL-3490,Via Pio Secondo,,rosso,4,strada secondaria trafficata,no,2,si,0,B1,
SS-MIL-3491,Via Piombino,,giallo,3,strada urbana senza ciclabile,no,2,no,0,C1,
SS-MIL-3492,Via Pisa,,giallo,3,strada urbana senza ciclabile (2 corsie),no,2,no,0,A1,
SS-MIL-3493,Via Pisanello,,giallo,3,strada urbana senza ciclabile,no,2,si,0,B1,
SS-MIL-3494,Via Pismonte,,giallo,3,strada urbana senza ciclabile,no,2,no,0,B2,
SS-MIL-3495,Via Pistoia,,giallo,3,strada urbana senza ciclabile,no,2,si,0,B1,
SS-MIL-3496,Via Pitagora,,giallo,3,strada urbana senza ciclabile,no,2,si,0,A1,
SS-MIL-3497,Via Platone,,giallo,3,strada urbana senza ciclabile,no,2,si,0,C2,
SS-MIL-3498,Via Plauto,,blu,2,accesso limitato (ZTL),no,1,no,0,B2,
SS-MIL-3499,Via Plezzo,,giallo,3,strada urbana senza ciclabile,no,2,si,0,C2,
SS-MIL-3500,Via Plinio,,giallo,3,strada urbana senza ciclabile (1 corsie),no,1,si,0,B2,
SS-MIL-3501,Via Plutarco,,giallo,3,strada urbana senza ciclabile (1 corsie),no,1,si,0,B1,
SS-MIL-3502,Via Po,,giallo,3,strada urbana senza ciclabile,no,2,no,0,A2,
SS-MIL-3503,Via Podere la Vigna,,giallo,3,strada urbana senza ciclabile,no,2,si,0,B1,
SS-MIL-3504,Via Podgora,,giallo,3,strada urbana senza ciclabile (2 corsie),no,2,no,0,B2,
SS-MIL-3505,Via Pola,,verde,1,ciclabile presente (da OpenStreetMap),si,2,no,0,C2,
SS-MIL-3506,Via Polesine,,rosso,4,strada secondaria trafficata,no,2,si,0,B2,
SS-MIL-3507,Via Polibio,,giallo,3,strada urbana senza ciclabile,no,2,si,0,B2,
SS-MIL-3508,Via Policarpo Petrocchi,,giallo,3,strada urbana senza ciclabile,no,2,no,0,C2,
SS-MIL-3509,Via Polidoro da Caravaggio,,giallo,3,strada urbana senza ciclabile,no,2,si,0,C1,
SS-MIL-3510,Via Poliziano,,giallo,3,strada urbana senza ciclabile (1 corsie),no,1,si,0,B1,
SS-MIL-3511,Via Polveriera,,giallo,3,strada urbana senza ciclabile (2 corsie),no,2,no,0,C1,
SS-MIL-3512,Via Pompeo,,giallo,3,strada urbana senza ciclabile (1 corsie),no,1,si,0,B1,
SS-MIL-3513,Via Pompeo Cambiasi,,giallo,3,strada urbana senza ciclabile (1 corsie),no,1,si,0,C2,
SS-MIL-3514,Via Pompeo Leoni,,giallo,3,strada urbana senza ciclabile,no,2,si,0,B2,
SS-MIL-3515,Via Pompeo Litta,,giallo,3,strada urbana senza ciclabile,no,2,si,0,B2,
SS-MIL-3516,Via Pompeo Marchesi,,giallo,3,strada urbana senza ciclabile (2 corsie),no,2,si,0,B1,
SS-MIL-3517,Via Pompeo Mariani,,giallo,3,strada urbana senza ciclabile,no,2,si,0,C2,
SS-MIL-3518,Via Pompeo Neri,,giallo,3,strada urbana senza ciclabile,no,2,si,0,B1,
SS-MIL-3519,Via Pomposa,,giallo,3,strada urbana senza ciclabile,no,2,si,0,B2,
SS-MIL-3520,Via Pomè,,giallo,3,strada urbana senza ciclabile,no,2,si,0,C1,
SS-MIL-3521,Via Ponale,,giallo,3,strada urbana senza ciclabile (1 corsie),no,1,si,0,C2,
SS-MIL-3522,Via Pontaccio,,giallo,3,strada urbana senza ciclabile,no,2,si,0,B2,
SS-MIL-3523,Via Ponte Nuovo,,giallo,3,strada urbana senza ciclabile (2 corsie),no,2,no,0,C2,
SS-MIL-3524,Via Ponte Seveso,,giallo,3,strada urbana senza ciclabile (1 corsie),no,1,si,0,C2,
SS-MIL-3525,Via Ponte Vecchio,,giallo,3,strada urbana senza ciclabile (1 corsie),no,1,si,0,C2,
SS-MIL-3526,Via Ponte Vetero,,giallo,3,strada urbana senza ciclabile,no,2,si,0,B2,
SS-MIL-3527,Via Ponte del Giuscano,,giallo,3,strada urbana senza ciclabile,no,2,no,0,C1,
SS-MIL-3528,Via Ponte di Legno,,giallo,3,strada urbana senza ciclabile,no,2,si,0,C2,
SS-MIL-3529,Via Pontebba,,blu,2,zona pedonale / living street,no,1,no,0,B2,
SS-MIL-3530,Via Ponti della Priula,,giallo,3,strada urbana senza ciclabile,no,2,si,0,B2,
SS-MIL-3531,Via Pontida,,giallo,3,strada urbana senza ciclabile,no,2,no,0,A2,
SS-MIL-3532,Via Popoli Uniti,,giallo,3,strada urbana senza ciclabile (1 corsie),no,1,si,0,C2,
SS-MIL-3533,Via Populonia,,rosso,4,strada principale trafficata (2 corsie),no,2,si,0,C2,
SS-MIL-3534,Via Pordenone,,giallo,3,strada urbana senza ciclabile (2 corsie),no,2,no,0,C2,
SS-MIL-3535,Via Pordoi,,giallo,3,strada urbana senza ciclabile,no,2,si,0,C1,
SS-MIL-3536,Via Porlezza,,giallo,3,strada urbana senza ciclabile,no,2,si,0,B2,
SS-MIL-3537,Via Porretta,,giallo,3,strada urbana senza ciclabile,no,2,no,0,C1,
SS-MIL-3538,Via Porto Corsini,,giallo,3,strada urbana senza ciclabile,no,2,si,0,C2,
SS-MIL-3539,Via Portogallo,,giallo,3,strada urbana senza ciclabile,no,2,no,0,C2,
SS-MIL-3540,Via Portone,,giallo,3,strada urbana senza ciclabile (1 corsie),no,1,no,0,C1,
SS-MIL-3541,Via Postumia,,giallo,3,strada urbana senza ciclabile,no,2,si,0,C1,
SS-MIL-3542,Via Pozzo Bonelli,,giallo,3,strada urbana senza ciclabile,no,2,no,0,C1,
SS-MIL-3543,Via Pozzuoli,,giallo,3,strada urbana senza ciclabile,no,2,no,0,C2,
SS-MIL-3544,Via Prato,,giallo,3,strada urbana senza ciclabile,no,2,no,0,B1,
SS-MIL-3545,Via Predil,,giallo,3,strada urbana senza ciclabile (2 corsie),no,2,no,0,B2,
SS-MIL-3546,Via Presolana,,giallo,3,strada urbana senza ciclabile,no,2,si,0,B2,
SS-MIL-3547,Via Primavera,,giallo,3,strada urbana senza ciclabile (1 corsie),no,1,si,0,A2,
SS-MIL-3548,Via Primo Maggio,,giallo,3,strada urbana senza ciclabile (2 corsie),no,2,si,0,A1,
SS-MIL-3549,Via Principe Amedeo,,giallo,3,strada urbana senza ciclabile (1 corsie),no,1,si,0,B2,
SS-MIL-3550,Via Principe Eugenio,,giallo,3,strada urbana senza ciclabile,no,2,si,0,C2,
SS-MIL-3551,Via Privata Adelchi,,giallo,3,strada urbana senza ciclabile,no,2,si,0,B2,
SS-MIL-3552,Via Privata Alberico da Barbiano,,giallo,3,strada urbana senza ciclabile,no,2,no,0,C2,
SS-MIL-3553,Via Privata Albona,,giallo,3,strada urbana senza ciclabile,no,2,no,0,B1,
SS-MIL-3554,Via Privata Astura,,giallo,3,strada urbana senza ciclabile,no,2,si,0,B2,
SS-MIL-3555,Via Privata Baldassarre Longhena,,giallo,3,strada urbana senza ciclabile,no,2,si,0,B2,
SS-MIL-3556,Via Privata Bernardino Zendrini,,giallo,3,strada urbana senza ciclabile,no,2,si,0,B1,
SS-MIL-3557,Via Privata Bosisio,,giallo,3,strada urbana senza ciclabile,no,2,no,0,C2,
SS-MIL-3558,Via Privata Cefalù,,giallo,3,strada urbana senza ciclabile,no,2,no,0,C1,
SS-MIL-3559,Via Privata Chiari,,giallo,3,strada urbana senza ciclabile,no,2,si,0,C1,
SS-MIL-3560,Via Privata Decemviri,,giallo,3,strada urbana senza ciclabile,no,2,no,0,B2,
SS-MIL-3561,Via Privata Druso,,giallo,3,strada urbana senza ciclabile,no,2,si,0,B2,
SS-MIL-3562,Via Privata Duccio di Boninsegna,,blu,2,accesso limitato (ZTL),no,1,si,0,B1,
SS-MIL-3563,Via Privata Ernesto Reinach,,giallo,3,strada urbana senza ciclabile (1 corsie),no,1,no,0,C2,
SS-MIL-3564,Via Privata Francesco Koristka,,giallo,3,strada urbana senza ciclabile,no,2,si,0,C2,
SS-MIL-3565,Via Privata Giovanni Sgambati,,giallo,3,strada urbana senza ciclabile (1 corsie),no,1,no,0,B1,
SS-MIL-3566,Via Privata Giulio Branca,,giallo,3,strada urbana senza ciclabile,no,2,si,0,B1,
SS-MIL-3567,Via Privata Ischia,,giallo,3,strada urbana senza ciclabile,no,2,si,0,B1,
SS-MIL-3568,Via Privata Liutprando,,giallo,3,strada urbana senza ciclabile,no,2,si,0,A2,
SS-MIL-3569,Via Privata Luigi Cirenei,,giallo,3,strada urbana senza ciclabile,no,2,si,0,C2,
SS-MIL-3570,Via Privata Marco Tullio Tirone,,giallo,3,strada urbana senza ciclabile (2 corsie),no,2,no,0,B2,
SS-MIL-3571,Via Privata Maria Teresa,,blu,2,accesso limitato (ZTL),no,1,no,0,B2,
SS-MIL-3572,Via Privata Mario Galli,,giallo,3,strada urbana senza ciclabile,no,2,si,0,C2,
SS-MIL-3573,Via Privata Mulino,,giallo,3,strada urbana senza ciclabile,no,2,no,0,B1,
SS-MIL-3574,Via Privata Paolo Cezanne,,blu,2,accesso limitato (ZTL),no,1,no,0,B2,
SS-MIL-3575,Via Privata Parma,,giallo,3,strada urbana senza ciclabile,no,2,si,0,A2,
SS-MIL-3576,Via Privata Pietro Calderon de la Barca,,giallo,3,strada urbana senza ciclabile,no,2,si,0,B2,
SS-MIL-3577,Via Privata Pisino,,giallo,3,strada urbana senza ciclabile,no,2,si,0,C2,
SS-MIL-3578,Via Privata Pomezia,,giallo,3,strada urbana senza ciclabile,no,2,no,0,C2,
SS-MIL-3579,Via Privata Punta Licosa,,giallo,3,strada urbana senza ciclabile,no,2,si,0,C1,
SS-MIL-3580,Via Privata Rieti,,giallo,3,strada urbana senza ciclabile,no,2,no,0,B1,
SS-MIL-3581,Via Privata Rosalba Carriera,,giallo,3,strada urbana senza ciclabile (2 corsie),no,2,no,0,B1,
SS-MIL-3582,Via Privata Salesina,,giallo,3,strada urbana senza ciclabile,no,2,si,0,B2,
SS-MIL-3583,Via Privata Santa Giovanna D'Arco,,blu,2,accesso limitato (ZTL),no,1,no,0,B2,
SS-MIL-3584,Via Privata Sebastiano Serlio,,giallo,3,strada urbana senza ciclabile,no,2,si,0,B2,
SS-MIL-3585,Via Privata Tre Castelli,,giallo,3,strada urbana senza ciclabile,no,2,no,0,B1,
SS-MIL-3586,Via Privata Val Maggia,,giallo,3,strada urbana senza ciclabile,no,2,si,0,B2,
SS-MIL-3587,Via Privata del Centauro,,giallo,3,strada urbana senza ciclabile,no,2,no,0,B1,
SS-MIL-3588,Via Privata della Majella,,blu,2,accesso limitato (ZTL),no,1,no,0,B2,
SS-MIL-3589,Via Properzio,,giallo,3,strada urbana senza ciclabile (1 corsie),no,1,si,0,B2,
SS-MIL-3590,Via Prospero Finzi,,giallo,3,strada urbana senza ciclabile (1 corsie),no,1,si,0,C2,
SS-MIL-3591,Via Puglie,,giallo,3,strada urbana senza ciclabile,no,2,no,0,A2,
SS-MIL-3592,Via Punta Licosa,,giallo,3,strada urbana senza ciclabile (1 corsie),no,1,si,0,C1,
SS-MIL-3593,Via Puricelli Guerra,,giallo,3,strada urbana senza ciclabile (2 corsie),no,2,no,0,C2,
SS-MIL-3594,Via Pusiano,,giallo,3,strada urbana senza ciclabile,no,2,si,0,A2,
SS-MIL-3595,Via Quadronno,,giallo,3,strada urbana senza ciclabile (1 corsie),no,1,si,0,B2,
SS-MIL-3596,Via Quarnero,,giallo,3,strada urbana senza ciclabile,no,2,si,0,B1,
SS-MIL-3597,Via Quattro Novembre,,giallo,3,strada urbana senza ciclabile,no,2,no,0,A1,
SS-MIL-3598,Via Quintino Sella,,giallo,3,strada urbana senza ciclabile (2 corsie),no,2,no,0,B2,
SS-MIL-3599,Via Quinto Cenni,,giallo,3,strada urbana senza ciclabile,no,2,si,0,B1,
SS-MIL-3600,Via Quinto Romano,,giallo,3,strada urbana senza ciclabile (2 corsie),no,2,no,0,B1,
SS-MIL-3601,Via Quinto Sella,,giallo,3,strada urbana senza ciclabile,no,2,no,0,B1,
SS-MIL-3602,Via Quintosole,,giallo,3,strada urbana senza ciclabile,no,2,no,0,A2,
SS-MIL-3603,Via Racconigi,,giallo,3,strada urbana senza ciclabile (1 corsie),no,1,si,0,C2,
SS-MIL-3604,Via Radaelli,,giallo,3,strada urbana senza ciclabile,no,2,si,0,C2,
SS-MIL-3605,Via Raffaele Casnedi,,giallo,3,strada urbana senza ciclabile,no,2,si,0,B2,
SS-MIL-3606,Via Raffaele Fagnani,,giallo,3,strada urbana senza ciclabile,no,2,no,0,C1,
SS-MIL-3607,Via Raffaele Lambruschini,,giallo,3,strada urbana senza ciclabile,no,2,si,0,C1,
SS-MIL-3608,Via Raffaele Parravicini,,giallo,3,strada urbana senza ciclabile,no,2,si,0,C2,
SS-MIL-3609,Via Raffaele Rubattino,,giallo,3,strada urbana senza ciclabile,no,2,no,0,B2,
SS-MIL-3610,Via Raffaello Barbiera,,giallo,3,strada urbana senza ciclabile,no,2,no,0,B1,
SS-MIL-3611,Via Raffaello Bertieri,,giallo,3,strada urbana senza ciclabile,no,2,si,0,B1,
SS-MIL-3612,Via Raffaello Sanzio,,giallo,3,strada urbana senza ciclabile,no,2,no,0,A1,
SS-MIL-3613,Via Raffallo Sanzio,,blu,2,zona pedonale / living street,no,1,no,0,A1,
SS-MIL-3614,Via Ragusa,,giallo,3,strada urbana senza ciclabile,no,2,si,0,C2,
SS-MIL-3615,Via Raimondo Franchetti,,giallo,3,strada urbana senza ciclabile (2 corsie),no,2,si,0,B2,
SS-MIL-3616,Via Raimondo Montecuccoli,,giallo,3,strada urbana senza ciclabile,no,2,no,0,B1,
SS-MIL-3617,Via Rainer Maria Rilke,,giallo,3,strada urbana senza ciclabile,no,2,no,0,B2,
SS-MIL-3618,Via Ramiro Fabiani,,giallo,3,strada urbana senza ciclabile,no,2,no,0,A2,
SS-MIL-3619,Via Rastrelli,,giallo,3,strada urbana senza ciclabile,no,2,si,0,B2,
SS-MIL-3620,Via Ravenna,,giallo,3,strada urbana senza ciclabile (2 corsie),no,2,no,0,A2,
SS-MIL-3621,Via Recoaro,,giallo,3,strada urbana senza ciclabile,no,2,no,0,B1,
SS-MIL-3622,Via Redecesio,,giallo,3,strada urbana senza ciclabile (1 corsie),no,1,no,0,C2,
SS-MIL-3623,Via Redipuglia,,giallo,3,strada urbana senza ciclabile,no,2,si,0,B1,
SS-MIL-3624,Via Reggimento Savoia Cavalleria,,giallo,3,strada urbana senza ciclabile,no,2,si,0,B2,
SS-MIL-3625,Via Reggio Emilia,,giallo,3,strada urbana senza ciclabile,no,2,no,0,A1,
SS-MIL-3626,Via Regina Teodolinda,,giallo,3,strada urbana senza ciclabile,no,2,no,0,C2,
SS-MIL-3627,Via Rembrandt,,giallo,3,strada urbana senza ciclabile (2 corsie),no,2,si,0,B1,
SS-MIL-3628,Via Remigio Paone,,giallo,3,strada urbana senza ciclabile,no,2,si,0,B1,
SS-MIL-3629,Via Remo La Valle,,giallo,3,strada urbana senza ciclabile,no,2,si,0,B1,
SS-MIL-3630,Via Remo Mereghetti,,giallo,3,strada urbana senza ciclabile (2 corsie),no,2,si,0,C1,
SS-MIL-3631,Via Renato Cartesio,,verde,1,ciclabile presente (da OpenStreetMap),si,2,si,0,B2,
SS-MIL-3632,Via Renato Donatelli,,rosso,4,strada secondaria trafficata,no,2,no,0,C2,
SS-MIL-3633,Via Renato Fucini,,giallo,3,strada urbana senza ciclabile,no,2,no,0,A1,
SS-MIL-3634,Via Renato Serra,,giallo,3,strada urbana senza ciclabile (1 corsie),no,1,si,0,C1,
SS-MIL-3635,Via Renato Simoni,,giallo,3,strada urbana senza ciclabile,no,2,si,0,C1,
SS-MIL-3636,Via Renzo Bertoni,,giallo,3,strada urbana senza ciclabile (1 corsie),no,1,si,0,B2,
SS-MIL-3637,Via Renzo Del Riccio,,giallo,3,strada urbana senza ciclabile (1 corsie),no,1,no,0,C2,
SS-MIL-3638,Via Renzo Ricci,,blu,2,zona pedonale / living street,no,1,no,0,C2,
SS-MIL-3639,Via Repubblica dell'Ossola,,giallo,3,strada urbana senza ciclabile,no,2,no,0,B1,
SS-MIL-3640,Via Resegone,,giallo,3,strada urbana senza ciclabile,no,2,no,0,A1,
SS-MIL-3641,Via Residenza Alberata,,giallo,3,strada urbana senza ciclabile (2 corsie),no,2,no,0,C2,
SS-MIL-3642,Via Resistenza,,giallo,3,strada urbana senza ciclabile,no,2,si,0,C1,
SS-MIL-3643,Via Rezia,,giallo,3,strada urbana senza ciclabile,no,2,si,0,B2,
SS-MIL-3644,Via Rho,,giallo,3,strada urbana senza ciclabile,no,2,no,0,C2,
SS-MIL-3645,Via Riccardo Arno',,giallo,3,strada urbana senza ciclabile,no,2,si,0,B2,
SS-MIL-3646,Via Riccardo Bacchelli,,giallo,3,strada urbana senza ciclabile,no,2,si,0,C1,
SS-MIL-3647,Via Riccardo Balsamo Crivelli,,giallo,3,strada urbana senza ciclabile,no,2,no,0,B1,
SS-MIL-3648,Via Riccardo Bauer,,giallo,3,strada urbana senza ciclabile (2 corsie),no,2,no,0,C2,
SS-MIL-3649,Via Riccardo Ceroni,,blu,2,accesso limitato (ZTL),no,1,no,0,C2,
SS-MIL-3650,Via Riccardo Galeazzi,,giallo,3,strada urbana senza ciclabile,no,2,si,0,C2,
SS-MIL-3651,Via Riccardo Lombardi,,giallo,3,strada urbana senza ciclabile,no,2,si,0,B1,
SS-MIL-3652,Via Riccardo Pick Mangiagalli,,giallo,3,strada urbana senza ciclabile,no,2,no,0,A2,
SS-MIL-3653,Via Riccardo Pitteri,,giallo,3,strada urbana senza ciclabile,no,2,si,0,B2,
SS-MIL-3654,Via Riccione,,giallo,3,strada urbana senza ciclabile,no,2,si,0,C1,
SS-MIL-3655,Via Rilè,,giallo,3,strada urbana senza ciclabile,no,2,no,0,B1,
SS-MIL-3656,Via Rimembranze,,giallo,3,strada urbana senza ciclabile,no,2,no,0,B1,
SS-MIL-3657,Via Rimini,,giallo,3,strada urbana senza ciclabile,no,2,si,0,B2,
SS-MIL-3658,Via Rinaldo Piaggio,,giallo,3,strada urbana senza ciclabile (2 corsie),no,2,no,0,B2,
SS-MIL-3659,Via Rinaldo Rigola,,giallo,3,strada urbana senza ciclabile,no,2,no,0,C2,
SS-MIL-3660,Via Ripalta,,giallo,3,strada urbana senza ciclabile (2 corsie),no,2,no,0,A2,
SS-MIL-3661,Via Ripamonti,,rosso,4,strada principale trafficata,no,2,si,0,A2,
SS-MIL-3662,Via Risorgimento,,giallo,3,strada urbana senza ciclabile (2 corsie),no,2,no,0,A2,
SS-MIL-3663,Via Rita Tonoli,,giallo,3,strada urbana senza ciclabile,no,2,no,0,B2,
SS-MIL-3664,Via Riva di Trento,,giallo,3,strada urbana senza ciclabile,no,2,si,0,B2,
SS-MIL-3665,Via Rivoli,,giallo,3,strada urbana senza ciclabile,no,2,no,0,B2,
SS-MIL-3666,Via Rivoltana,,giallo,3,strada urbana senza ciclabile,no,2,no,0,B2,
SS-MIL-3667,Via Roald Amundsen,,giallo,3,strada urbana senza ciclabile,no,2,si,0,B1,
SS-MIL-3668,Via Robarello,,giallo,3,strada urbana senza ciclabile,no,2,no,0,A1,
SS-MIL-3669,Via Robert Koch,,giallo,3,strada urbana senza ciclabile,no,2,si,0,B1,
SS-MIL-3670,Via Roberto Ardigò,,giallo,3,strada urbana senza ciclabile,no,2,no,0,B2,
SS-MIL-3671,Via Roberto Bellarmino,,giallo,3,strada urbana senza ciclabile,no,2,si,0,A2,
SS-MIL-3672,Via Roberto Cozzi,,giallo,3,strada urbana senza ciclabile (2 corsie),no,2,si,0,C2,
SS-MIL-3673,Via Roberto Fulton,,giallo,3,strada urbana senza ciclabile,no,2,si,0,C2,
SS-MIL-3674,Via Roberto Lepetit,,giallo,3,strada urbana senza ciclabile (2 corsie),no,2,si,0,B2,
SS-MIL-3675,Via Roberto Moroni,,giallo,3,strada urbana senza ciclabile (2 corsie),no,2,no,0,C2,
SS-MIL-3676,Via Roberto Rossellini,,giallo,3,strada urbana senza ciclabile,no,2,si,0,B1,
SS-MIL-3677,Via Roberto Sarfatti,,giallo,3,strada urbana senza ciclabile,no,2,si,0,B2,
SS-MIL-3678,Via Roberto Tremelloni,,giallo,3,strada urbana senza ciclabile (2 corsie),no,2,no,0,C2,
SS-MIL-3679,Via Rocca D'Anfo,,giallo,3,strada urbana senza ciclabile,no,2,si,0,C2,
SS-MIL-3680,Via Rodano,,giallo,3,strada urbana senza ciclabile,no,2,si,0,B2,
SS-MIL-3681,Via Rodolfo Camagni,,blu,2,zona pedonale / living street,no,1,no,0,C2,
SS-MIL-3682,Via Rodolfo Carabelli,,giallo,3,strada urbana senza ciclabile,no,2,no,0,B2,
SS-MIL-3683,Via Rodolfo Farneti,,giallo,3,strada urbana senza ciclabile,no,2,si,0,B2,
SS-MIL-3684,Via Rodolfo Margaria,,giallo,3,strada urbana senza ciclabile,no,2,si,0,C2,
SS-MIL-3685,Via Rodolfo Morandi,,giallo,3,strada urbana senza ciclabile,no,2,no,0,A1,
SS-MIL-3686,Via Roggia Bartolomea,,giallo,3,strada urbana senza ciclabile,no,2,si,0,A1,
SS-MIL-3687,Via Roggia Scagna,,giallo,3,strada urbana senza ciclabile (1 corsie),no,1,si,0,C2,
SS-MIL-3688,Via Rogoredo,,giallo,3,strada urbana senza ciclabile,no,2,si,0,A2,
SS-MIL-3689,Via Roma,,giallo,3,strada urbana senza ciclabile,no,2,si,0,A1,
SS-MIL-3690,Via Romagna,,giallo,3,strada urbana senza ciclabile (1 corsie),no,1,si,0,A1,
SS-MIL-3691,Via Romagnosi,,giallo,3,strada urbana senza ciclabile,no,2,si,0,B2,
SS-MIL-3692,Via Rombon,,rosso,4,strada principale trafficata (2 corsie),no,2,si,0,C2,
SS-MIL-3693,Via Romeo Frassinetti,,giallo,3,strada urbana senza ciclabile,no,2,no,0,B1,
SS-MIL-3694,Via Romeo Salvini,,verde,1,ciclabile presente (da OpenStreetMap),si,2,no,0,A1,
SS-MIL-3695,Via Romolo Bitti,,blu,2,zona pedonale / living street,no,1,si,0,C2,
SS-MIL-3696,Via Romolo Gessi,,giallo,3,strada urbana senza ciclabile,no,2,si,0,B1,
SS-MIL-3697,Via Romualdo Bonfadini,,giallo,3,strada urbana senza ciclabile,no,2,no,0,B2,
SS-MIL-3698,Via Romualdo Marenco,,giallo,3,strada urbana senza ciclabile,no,2,si,0,B1,
SS-MIL-3699,Via Roncaglia,,giallo,3,strada urbana senza ciclabile,no,2,si,0,B1,
SS-MIL-3700,Via Ronchi,,giallo,3,strada urbana senza ciclabile (2 corsie),no,2,no,0,C2,
SS-MIL-3701,Via Ronciglione,,giallo,3,strada urbana senza ciclabile (1 corsie),no,1,si,0,B2,
SS-MIL-3702,Via Rosa Bianca,,giallo,3,strada urbana senza ciclabile,no,2,si,0,A2,
SS-MIL-3703,Via Rosa Luxemburg,,giallo,3,strada urbana senza ciclabile (1 corsie),no,1,si,0,C2,
SS-MIL-3704,Via Rosa Massara de Capitani,,giallo,3,strada urbana senza ciclabile,no,2,no,0,C2,
SS-MIL-3705,Via Rosa Vergani Marelli,,giallo,3,strada urbana senza ciclabile,no,2,si,0,B1,
SS-MIL-3706,Via Rosina Ferrario Grugnola,,giallo,3,strada urbana senza ciclabile,no,2,si,0,C1,
SS-MIL-3707,Via Rosolino Pilo,,giallo,3,strada urbana senza ciclabile,no,2,si,0,B2,
SS-MIL-3708,Via Rosso Di San Secondo,,giallo,3,strada urbana senza ciclabile (1 corsie),no,1,no,0,B2,
SS-MIL-3709,Via Rottole,,giallo,3,strada urbana senza ciclabile,no,2,si,0,C2,
SS-MIL-3710,Via Rovello,,giallo,3,strada urbana senza ciclabile,no,2,si,0,B2,
SS-MIL-3711,Via Rovereto,,giallo,3,strada urbana senza ciclabile (2 corsie),no,2,no,0,C2,
SS-MIL-3712,Via Rovigno,,giallo,3,strada urbana senza ciclabile (1 corsie),no,1,si,0,C2,
SS-MIL-3713,Via Rovigo,,giallo,3,strada urbana senza ciclabile,no,2,si,0,C2,
SS-MIL-3714,Via Rozzano,,giallo,3,strada urbana senza ciclabile,no,2,no,0,A1,
SS-MIL-3715,Via Rugabella,,blu,2,zona pedonale / living street,no,1,no,0,B2,
SS-MIL-3716,Via Ruggero Bonghi,,giallo,3,strada urbana senza ciclabile,no,2,si,0,B2,
SS-MIL-3717,Via Ruggero Boscovich,,giallo,3,strada urbana senza ciclabile (1 corsie),no,1,si,0,B2,
SS-MIL-3718,Via Ruggero Leoncavallo,,rosso,4,strada principale trafficata (2 corsie),no,2,si,0,A1,
SS-MIL-3719,Via Ruggero Ruggeri,,giallo,3,strada urbana senza ciclabile (2 corsie),no,2,no,0,C2,
SS-MIL-3720,Via Ruggero di Lauria,,giallo,3,strada urbana senza ciclabile,no,2,no,0,C1,
SS-MIL-3721,Via Ruggiero Settimo,,giallo,3,strada urbana senza ciclabile (2 corsie),no,2,no,0,B1,
SS-MIL-3722,Via Rutilia,,giallo,3,strada urbana senza ciclabile,no,2,no,0,B2,
SS-MIL-3723,Via Ruvenzori,,giallo,3,strada urbana senza ciclabile,no,2,no,0,C2,
SS-MIL-3724,Via S. Tagliabue,,giallo,3,strada urbana senza ciclabile,no,2,no,0,A2,
SS-MIL-3725,Via Sabatino Lopez,,giallo,3,strada urbana senza ciclabile,no,2,no,0,C1,
SS-MIL-3726,Via Sabaudia,,giallo,3,strada urbana senza ciclabile,no,2,si,0,C2,
SS-MIL-3727,Via Sabina,,giallo,3,strada urbana senza ciclabile (1 corsie),no,1,no,0,B2,
SS-MIL-3728,Via Sabotino,,giallo,3,strada urbana senza ciclabile,no,2,no,0,C1,
SS-MIL-3729,Via Sacco e Vanzetti,,giallo,3,strada urbana senza ciclabile,no,2,no,0,C2,
SS-MIL-3730,Via Sagrado,,giallo,3,strada urbana senza ciclabile (1 corsie),no,1,si,0,C2,
SS-MIL-3731,Via Saint Denis,,giallo,3,strada urbana senza ciclabile (2 corsie),no,2,no,0,C2,
SS-MIL-3732,Via Salasco,,giallo,3,strada urbana senza ciclabile,no,2,si,0,B2,
SS-MIL-3733,Via Salemi,,giallo,3,strada urbana senza ciclabile,no,2,no,0,C1,
SS-MIL-3734,Via Salento,,blu,2,accesso limitato (ZTL),no,1,no,0,B2,
SS-MIL-3735,Via Salerno,,giallo,3,strada urbana senza ciclabile,no,2,si,0,B1,
SS-MIL-3736,Via Salesina,,blu,2,zona pedonale / living street,no,1,no,0,B2,
SS-MIL-3737,Via Sallustio,,blu,2,zona pedonale / living street,no,1,no,0,B2,
SS-MIL-3738,Via Sally Mayer,,giallo,3,strada urbana senza ciclabile,no,2,no,0,B1,
SS-MIL-3739,Via Salsomaggiore,,giallo,3,strada urbana senza ciclabile,no,2,no,0,C2,
SS-MIL-3740,Via Salvador Allende,,giallo,3,strada urbana senza ciclabile,no,2,no,0,A2,
SS-MIL-3741,Via Salvator Rosa,,giallo,3,strada urbana senza ciclabile,no,2,si,0,C1,
SS-MIL-3742,Via Salvatore Allende,,giallo,3,strada urbana senza ciclabile,no,2,no,0,C2,
SS-MIL-3743,Via Salvatore Barzilai,,giallo,3,strada urbana senza ciclabile,no,2,si,0,B1,
SS-MIL-3744,Via Salvatore Pianell,,giallo,3,strada urbana senza ciclabile,no,2,si,0,C2,
SS-MIL-3745,Via Salvatore Quasimodo,,blu,2,zona pedonale / living street,no,1,no,0,A1,
SS-MIL-3746,Via Salvio Giuliano,,giallo,3,strada urbana senza ciclabile,no,2,no,0,B1,
SS-MIL-3747,Via Salvo D'Acquisto,,giallo,3,strada urbana senza ciclabile,no,2,no,0,A1,
SS-MIL-3748,Via Salò,,giallo,3,strada urbana senza ciclabile (1 corsie),no,1,si,0,B2,
SS-MIL-3749,Via Sambuco,,giallo,3,strada urbana senza ciclabile,no,2,si,0,B2,
SS-MIL-3750,Via San Barnaba,,giallo,3,strada urbana senza ciclabile (2 corsie),no,2,no,0,B2,
SS-MIL-3751,Via San Basilio,,giallo,3,strada urbana senza ciclabile (2 corsie),no,2,no,0,C2,
SS-MIL-3752,Via San Benedetto da Norcia,,giallo,3,strada urbana senza ciclabile,no,2,si,0,A2,
SS-MIL-3753,Via San Benigno,,giallo,3,strada urbana senza ciclabile,no,2,no,0,B2,
SS-MIL-3754,Via San Bernardino,,blu,2,zona pedonale / living street,no,1,no,0,B2,
SS-MIL-3755,Via San Bernardo,,giallo,3,strada urbana senza ciclabile,no,2,si,0,A2,
SS-MIL-3756,Via San Brunone,,giallo,3,strada urbana senza ciclabile,no,2,si,0,C1,
SS-MIL-3757,Via San Calimero,,blu,2,zona pedonale / living street,no,1,no,0,B2,
SS-MIL-3758,Via San Calocero,,giallo,3,strada urbana senza ciclabile (1 corsie),no,1,si,0,B2,
SS-MIL-3759,Via San Carlo,,giallo,3,strada urbana senza ciclabile,no,2,si,0,B1,
SS-MIL-3760,Via San Carpoforo,,blu,2,zona pedonale / living street,no,1,no,0,B2,
SS-MIL-3761,Via San Clemente,,giallo,3,strada urbana senza ciclabile (1 corsie),no,1,si,0,B2,
SS-MIL-3762,Via San Colombano,,giallo,3,strada urbana senza ciclabile,no,2,no,0,B1,
SS-MIL-3763,Via San Cristoforo,,giallo,3,strada urbana senza ciclabile,no,2,no,0,A1,
SS-MIL-3764,Via San Dalmazio,,giallo,3,strada urbana senza ciclabile,no,2,si,0,B2,
SS-MIL-3765,Via San Damiano,,verde,1,ciclabile presente (da OpenStreetMap),si,2,si,0,B2,
SS-MIL-3766,Via San Dionigi,,giallo,3,strada urbana senza ciclabile (1 corsie),no,1,si,0,A2,
SS-MIL-3767,Via San Domenico Savio,,giallo,3,strada urbana senza ciclabile,no,2,si,0,A2,
SS-MIL-3768,Via San Faustino,,giallo,3,strada urbana senza ciclabile (1 corsie),no,1,si,0,B2,
SS-MIL-3769,Via San Fermo,,giallo,3,strada urbana senza ciclabile,no,2,no,0,B1,
SS-MIL-3770,Via San Francesco d'Assisi,,giallo,3,strada urbana senza ciclabile,no,2,si,0,A1,
SS-MIL-3771,Via San Galdino,,giallo,3,strada urbana senza ciclabile (1 corsie),no,1,si,0,C2,
SS-MIL-3772,Via San Gerolamo Emiliani,,giallo,3,strada urbana senza ciclabile (2 corsie),no,2,no,0,B2,
SS-MIL-3773,Via San Giacomo,,giallo,3,strada urbana senza ciclabile,no,2,no,0,A2,
SS-MIL-3774,Via San Giorgio,,giallo,3,strada urbana senza ciclabile (1 corsie),no,1,si,0,C1,
SS-MIL-3775,Via San Giovanni Battista de la Salle,,giallo,3,strada urbana senza ciclabile,no,2,no,0,C2,
SS-MIL-3776,Via San Giovanni Bosco,,giallo,3,strada urbana senza ciclabile (1 corsie),no,1,si,0,C2,
SS-MIL-3777,Via San Giovanni alla Paglia,,giallo,3,strada urbana senza ciclabile (1 corsie),no,1,si,0,B2,
SS-MIL-3778,Via San Giovanni in Conca,,giallo,3,strada urbana senza ciclabile,no,2,no,0,B2,
SS-MIL-3779,Via San Giovanni sul Muro,,giallo,3,strada urbana senza ciclabile,no,2,no,0,B2,
SS-MIL-3780,Via San Girolamo Emiliani,,giallo,3,strada urbana senza ciclabile,no,2,no,0,C1,
SS-MIL-3781,Via San Giuseppe,,giallo,3,strada urbana senza ciclabile,no,2,si,0,C2,
SS-MIL-3782,Via San Giuseppe Cottolengo,,giallo,3,strada urbana senza ciclabile,no,2,si,0,B1,
SS-MIL-3783,Via San Giusto,,rosso,4,strada secondaria trafficata,no,2,si,0,B1,
SS-MIL-3784,Via San Glicerio,,giallo,3,strada urbana senza ciclabile (1 corsie),no,1,si,0,C2,
SS-MIL-3785,Via San Gottardo,,giallo,3,strada urbana senza ciclabile,no,2,no,0,C1,
SS-MIL-3786,Via San Gregorio,,giallo,3,strada urbana senza ciclabile (1 corsie),no,1,si,0,B2,
SS-MIL-3787,Via San Gregorio Barbarigo,,giallo,3,strada urbana senza ciclabile,no,2,no,0,B2,
SS-MIL-3788,Via San Luca,,giallo,3,strada urbana senza ciclabile (1 corsie),no,1,si,0,B2,
SS-MIL-3789,Via San Luigi Orione,,giallo,3,strada urbana senza ciclabile,no,2,no,0,C1,
SS-MIL-3790,Via San Mamete,,giallo,3,strada urbana senza ciclabile (1 corsie),no,1,si,0,C2,
SS-MIL-3791,Via San Marchetto,,giallo,3,strada urbana senza ciclabile,no,2,no,0,A1,
SS-MIL-3792,Via San Marco,,giallo,3,strada urbana senza ciclabile,no,2,si,0,B2,
SS-MIL-3793,Via San Marino,,giallo,3,strada urbana senza ciclabile,no,2,si,0,A1,
SS-MIL-3794,Via San Martino,,giallo,3,strada urbana senza ciclabile (1 corsie),no,1,si,0,B2,
SS-MIL-3795,Via San Maurilio,,giallo,3,strada urbana senza ciclabile,no,2,si,0,B2,
SS-MIL-3796,Via San Michele del Carso,,giallo,3,strada urbana senza ciclabile (1 corsie),no,1,si,0,C1,
SS-MIL-3797,Via San Miniato,,giallo,3,strada urbana senza ciclabile (1 corsie),no,1,si,0,C2,
SS-MIL-3798,Via San Mirocle,,giallo,3,strada urbana senza ciclabile (2 corsie),no,2,no,0,A2,
SS-MIL-3799,Via San Nereo,,giallo,3,strada urbana senza ciclabile,no,2,si,0,B2,
SS-MIL-3800,Via San Nicolao,,giallo,3,strada urbana senza ciclabile (1 corsie),no,1,si,0,B2,
SS-MIL-3801,Via San Novo,,giallo,3,strada urbana senza ciclabile,no,2,si,0,A1,
SS-MIL-3802,Via San Paolino,,giallo,3,strada urbana senza ciclabile,no,2,si,0,A2,
SS-MIL-3803,Via San Paolo,,giallo,3,strada urbana senza ciclabile,no,2,si,0,B2,
SS-MIL-3804,Via San Pietro,,giallo,3,strada urbana senza ciclabile,no,2,no,0,C1,
SS-MIL-3805,Via San Pietro all'Orto,,giallo,3,strada urbana senza ciclabile,no,2,no,0,B2,
SS-MIL-3806,Via San Pio Quinto,,giallo,3,strada urbana senza ciclabile (1 corsie),no,1,si,0,B2,
SS-MIL-3807,Via San Primo,,giallo,3,strada urbana senza ciclabile (1 corsie),no,1,si,0,B2,
SS-MIL-3808,Via San Prospero,,blu,2,accesso limitato (ZTL),no,1,si,0,B2,
SS-MIL-3809,Via San Protaso,,giallo,3,strada urbana senza ciclabile (1 corsie),no,1,si,0,B2,
SS-MIL-3810,Via San Rafael delle Ande,,giallo,3,strada urbana senza ciclabile,no,2,no,0,C2,
SS-MIL-3811,Via San Raffaele,,blu,2,zona pedonale / living street,no,1,no,0,B2,
SS-MIL-3812,Via San Riccardo Pampuri,,giallo,3,strada urbana senza ciclabile,no,2,no,0,A1,
SS-MIL-3813,Via San Rocco,,giallo,3,strada urbana senza ciclabile (1 corsie),no,1,si,0,B2,
SS-MIL-3814,Via San Senatore,,giallo,3,strada urbana senza ciclabile,no,2,si,0,B2,
SS-MIL-3815,Via San Simpliciano,,giallo,3,strada urbana senza ciclabile,no,2,si,0,B2,
SS-MIL-3816,Via San Siro,,giallo,3,strada urbana senza ciclabile,no,2,si,0,B1,
SS-MIL-3817,Via San Sisto,,giallo,3,strada urbana senza ciclabile (1 corsie),no,1,si,0,B2,
SS-MIL-3818,Via San Tomaso,,giallo,3,strada urbana senza ciclabile (1 corsie),no,1,si,0,B2,
SS-MIL-3819,Via San Venerio,,giallo,3,strada urbana senza ciclabile (2 corsie),no,2,no,0,A2,
SS-MIL-3820,Via San Vigilio,,giallo,3,strada urbana senza ciclabile,no,2,si,0,A2,
SS-MIL-3821,Via San Vincenzo,,giallo,3,strada urbana senza ciclabile (1 corsie),no,1,si,0,B2,
SS-MIL-3822,Via San Vito,,giallo,3,strada urbana senza ciclabile (1 corsie),no,1,si,0,B2,
SS-MIL-3823,Via San Vittore,,giallo,3,strada urbana senza ciclabile,no,2,no,0,B2,
SS-MIL-3824,Via San Vittore al Teatro,,giallo,3,strada urbana senza ciclabile,no,2,si,0,B2,
SS-MIL-3825,Via Sandro Botticelli,,giallo,3,strada urbana senza ciclabile,no,2,no,0,B2,
SS-MIL-3826,Via Sandro Camasio,,giallo,3,strada urbana senza ciclabile (2 corsie),no,2,no,0,C1,
SS-MIL-3827,Via Sandro Pertini,,giallo,3,strada urbana senza ciclabile (2 corsie),no,2,no,0,A2,
SS-MIL-3828,Via Sandro Sandri,,giallo,3,strada urbana senza ciclabile (1 corsie),no,1,si,0,B2,
SS-MIL-3829,Via Sangallo,,giallo,3,strada urbana senza ciclabile,no,2,si,0,B2,
SS-MIL-3830,Via Sangro,,giallo,3,strada urbana senza ciclabile (2 corsie),no,2,no,0,C2,
SS-MIL-3831,Via Sanguinetti,,giallo,3,strada urbana senza ciclabile,no,2,no,0,A2,
SS-MIL-3832,Via Sannio,,giallo,3,strada urbana senza ciclabile,no,2,si,0,B2,
SS-MIL-3833,Via Sanremo,,giallo,3,strada urbana senza ciclabile,no,2,si,0,B2,
SS-MIL-3834,Via Sansovino,,giallo,3,strada urbana senza ciclabile,no,2,si,0,B2,
SS-MIL-3835,Via Sant'Abbondio,,giallo,3,strada urbana senza ciclabile,no,2,no,0,A2,
SS-MIL-3836,Via Sant'Achilleo,,giallo,3,strada urbana senza ciclabile,no,2,si,0,B2,
SS-MIL-3837,Via Sant'Agnese,,giallo,3,strada urbana senza ciclabile,no,2,no,0,B2,
SS-MIL-3838,Via Sant'Alessandro Sauli,,giallo,3,strada urbana senza ciclabile,no,2,si,0,C2,
SS-MIL-3839,Via Sant'Anatalone,,giallo,3,strada urbana senza ciclabile,no,2,si,0,B1,
SS-MIL-3840,Via Sant'Andrea,,giallo,3,strada urbana senza ciclabile,no,2,si,0,B2,
SS-MIL-3841,Via Sant'Angelo,,giallo,3,strada urbana senza ciclabile,no,2,si,0,A1,
SS-MIL-3842,Via Sant'Antonio,,giallo,3,strada urbana senza ciclabile,no,2,no,0,A1,
SS-MIL-3843,Via Sant'Antonio Maria Zaccaria,,giallo,3,strada urbana senza ciclabile (1 corsie),no,1,si,0,B2,
SS-MIL-3844,Via Sant'Apollinare,,giallo,3,strada urbana senza ciclabile,no,2,si,0,B1,
SS-MIL-3845,Via Sant'Aquilino,,giallo,3,strada urbana senza ciclabile (1 corsie),no,1,si,0,B1,
SS-MIL-3846,Via Sant'Arialdo,,giallo,3,strada urbana senza ciclabile (1 corsie),no,1,si,0,A2,
SS-MIL-3847,Via Sant'Arnaldo,,giallo,3,strada urbana senza ciclabile,no,2,si,0,C2,
SS-MIL-3848,Via Sant'Erlembaldo,,giallo,3,strada urbana senza ciclabile,no,2,no,0,C2,
SS-MIL-3849,Via Sant'Eufemia,,giallo,3,strada urbana senza ciclabile,no,2,si,0,B2,
SS-MIL-3850,Via Sant'Eusebio,,giallo,3,strada urbana senza ciclabile (2 corsie),no,2,no,0,B1,
SS-MIL-3851,Via Sant'Orsola,,giallo,3,strada urbana senza ciclabile (1 corsie),no,1,si,0,B2,
SS-MIL-3852,Via Sant'Uguzzone,,giallo,3,strada urbana senza ciclabile,no,2,si,0,C2,
SS-MIL-3853,Via Santa Adele,,giallo,3,strada urbana senza ciclabile,no,2,si,0,A1,
SS-MIL-3854,Via Santa Cecilia,,giallo,3,strada urbana senza ciclabile (2 corsie),no,2,no,0,B2,
SS-MIL-3855,Via Santa Croce,,giallo,3,strada urbana senza ciclabile (2 corsie),no,2,si,0,B2,
SS-MIL-3856,Via Santa Giovanna d'Arco,,giallo,3,strada urbana senza ciclabile (2 corsie),no,2,si,0,C2,
SS-MIL-3857,Via Santa Lucia,,giallo,3,strada urbana senza ciclabile (1 corsie),no,1,si,0,B2,
SS-MIL-3858,Via Santa Marcellina,,giallo,3,strada urbana senza ciclabile (2 corsie),no,2,no,0,C2,
SS-MIL-3859,Via Santa Margherita,,giallo,3,strada urbana senza ciclabile,no,2,no,0,B2,
SS-MIL-3860,Via Santa Maria Fulcorina,,giallo,3,strada urbana senza ciclabile (1 corsie),no,1,si,0,B2,
SS-MIL-3861,Via Santa Maria Podone,,giallo,3,strada urbana senza ciclabile (1 corsie),no,1,si,0,B2,
SS-MIL-3862,Via Santa Maria Rossa,,giallo,3,strada urbana senza ciclabile,no,2,si,0,C2,
SS-MIL-3863,Via Santa Maria Segreta,,giallo,3,strada urbana senza ciclabile,no,2,si,0,B2,
SS-MIL-3864,Via Santa Maria Valle,,giallo,3,strada urbana senza ciclabile (1 corsie),no,1,si,0,B2,
SS-MIL-3865,Via Santa Maria alla Porta,,giallo,3,strada urbana senza ciclabile,no,2,si,0,B2,
SS-MIL-3866,Via Santa Marta,,giallo,3,strada urbana senza ciclabile (1 corsie),no,1,si,0,B2,
SS-MIL-3867,Via Santa Monica,,giallo,3,strada urbana senza ciclabile (2 corsie),no,2,no,0,C2,
SS-MIL-3868,Via Santa Radegonda,,blu,2,zona pedonale / living street,no,1,no,0,B2,
SS-MIL-3869,Via Santa Rita,,giallo,3,strada urbana senza ciclabile,no,2,si,0,C2,
SS-MIL-3870,Via Santa Rita da Cascia,,rosso,4,strada secondaria trafficata (4 corsie),no,4,no,0,B1,
SS-MIL-3871,Via Santa Sofia,,verde,1,ciclabile presente (da OpenStreetMap),si,2,si,0,B2,
SS-MIL-3872,Via Santa Tecla,,blu,2,zona pedonale / living street,no,1,no,0,B2,
SS-MIL-3873,Via Santa Teresa,,giallo,3,strada urbana senza ciclabile,no,2,no,0,A2,
SS-MIL-3874,Via Santa Valeria,,giallo,3,strada urbana senza ciclabile (1 corsie),no,1,si,0,B2,
SS-MIL-3875,Via Santander,,giallo,3,strada urbana senza ciclabile (1 corsie),no,1,si,0,B2,
SS-MIL-3876,Via Santerno,,giallo,3,strada urbana senza ciclabile (1 corsie),no,1,si,0,A2,
SS-MIL-3877,Via Santhià,,giallo,3,strada urbana senza ciclabile (1 corsie),no,1,si,0,C2,
SS-MIL-3878,Via Santo Spirito,,giallo,3,strada urbana senza ciclabile,no,2,si,0,B2,
SS-MIL-3879,Via Santuario del Sacro Cuore,,giallo,3,strada urbana senza ciclabile (2 corsie),no,2,no,0,C2,
SS-MIL-3880,Via Sant’Elena,,giallo,3,strada urbana senza ciclabile,no,2,no,0,B1,
SS-MIL-3881,Via Sapri,,giallo,3,strada urbana senza ciclabile,no,2,no,0,C1,
SS-MIL-3882,Via Sardegna,,verde,1,ciclabile presente (da OpenStreetMap),si,2,si,0,A1,
SS-MIL-3883,Via Saronno,,giallo,3,strada urbana senza ciclabile (1 corsie),no,1,si,0,B2,
SS-MIL-3884,Via Sarzana,,giallo,3,strada urbana senza ciclabile,no,2,si,0,C2,
SS-MIL-3885,Via Sassari,,giallo,3,strada urbana senza ciclabile,no,2,si,0,C2,
SS-MIL-3886,Via Sassoferrato,,giallo,3,strada urbana senza ciclabile,no,2,si,0,B2,
SS-MIL-3887,Via Saverio Altamura,,giallo,3,strada urbana senza ciclabile,no,2,no,0,B1,
SS-MIL-3888,Via Saverio Mercadante,,giallo,3,strada urbana senza ciclabile,no,2,si,0,B2,
SS-MIL-3889,Via Savona,,giallo,3,strada urbana senza ciclabile,no,2,no,0,B1,
SS-MIL-3890,Via Scaldasole,,giallo,3,strada urbana senza ciclabile,no,2,si,0,B2,
SS-MIL-3891,Via Schenavoglia,,giallo,3,strada urbana senza ciclabile,no,2,no,0,A1,
SS-MIL-3892,Via Schengen,,giallo,3,strada urbana senza ciclabile,no,2,si,0,A2,
SS-MIL-3893,Via Scipio Slataper,,giallo,3,strada urbana senza ciclabile (1 corsie),no,1,si,0,C2,
SS-MIL-3894,Via Scipione Pistrucci,,giallo,3,strada urbana senza ciclabile,no,2,no,0,B2,
SS-MIL-3895,Via Scipione Riva Rocci,,giallo,3,strada urbana senza ciclabile,no,2,si,0,B1,
SS-MIL-3896,Via Scoglio di Quarto,,giallo,3,strada urbana senza ciclabile (1 corsie),no,1,si,0,B2,
SS-MIL-3897,Via Scrivia,,giallo,3,strada urbana senza ciclabile,no,2,no,0,B2,
SS-MIL-3898,Via Scutari,,giallo,3,strada urbana senza ciclabile,no,2,si,0,C2,
SS-MIL-3899,Via Sebastiano Caboto,,giallo,3,strada urbana senza ciclabile (2 corsie),no,2,si,0,B1,
SS-MIL-3900,Via Sebastiano Satta,,giallo,3,strada urbana senza ciclabile,no,2,no,0,C1,
SS-MIL-3901,Via Sebastiano Veniero,,giallo,3,strada urbana senza ciclabile (2 corsie),no,2,no,0,B1,
SS-MIL-3902,Via Sebastiano de Albertis,,giallo,3,strada urbana senza ciclabile,no,2,si,0,B2,
SS-MIL-3903,Via Sebastiano del Piombo,,giallo,3,strada urbana senza ciclabile,no,2,si,0,B1,
SS-MIL-3904,Via Sebenico,,giallo,3,strada urbana senza ciclabile (1 corsie),no,1,si,0,C2,
SS-MIL-3905,Via Sebeto,,giallo,3,strada urbana senza ciclabile (1 corsie),no,1,si,0,B2,
SS-MIL-3906,Via Sebino,,giallo,3,strada urbana senza ciclabile,no,2,no,0,B2,
SS-MIL-3907,Via Secchia,,giallo,3,strada urbana senza ciclabile,no,2,si,0,A2,
SS-MIL-3908,Via Segrino,,giallo,3,strada urbana senza ciclabile,no,2,no,0,A2,
SS-MIL-3909,Via Seguro,,giallo,3,strada urbana senza ciclabile,no,2,no,0,B1,
SS-MIL-3910,Via Sella Nuova,,giallo,3,strada urbana senza ciclabile,no,2,no,0,B1,
SS-MIL-3911,Via Selvanesco,,giallo,3,strada urbana senza ciclabile (2 corsie),no,2,no,0,A2,
SS-MIL-3912,Via Sem Benelli,,giallo,3,strada urbana senza ciclabile,no,2,si,0,C1,
SS-MIL-3913,Via Sempione,,rosso,4,strada principale trafficata (2 corsie),no,2,no,0,C1,
SS-MIL-3914,Via Sempione - Rotatoria R2,,rosso,4,strada principale trafficata (2 corsie),no,2,no,0,C1,
SS-MIL-3915,Via Semplicità,,giallo,3,strada urbana senza ciclabile,no,2,si,0,C2,
SS-MIL-3916,Via Senato,,verde,1,ciclabile presente (da OpenStreetMap),si,2,si,0,B2,
SS-MIL-3917,Via Seneca,,giallo,3,strada urbana senza ciclabile (1 corsie),no,1,si,0,B2,
SS-MIL-3918,Via Senigallia,,giallo,3,strada urbana senza ciclabile,no,2,no,0,C2,
SS-MIL-3919,Via Senofonte,,giallo,3,strada urbana senza ciclabile (2 corsie),no,2,no,0,B1,
SS-MIL-3920,Via Sentiero del Dragone,,giallo,3,strada urbana senza ciclabile,no,2,no,0,C1,
SS-MIL-3921,Via Seprio,,giallo,3,strada urbana senza ciclabile,no,2,si,0,B1,
SS-MIL-3922,Via Serafino Biffi,,giallo,3,strada urbana senza ciclabile (2 corsie),no,2,no,0,B2,
SS-MIL-3923,Via Serafino dell'Uomo,,giallo,3,strada urbana senza ciclabile,no,2,si,0,B2,
SS-MIL-3924,Via Sergio Corazzini,,giallo,3,strada urbana senza ciclabile,no,2,no,0,C2,
SS-MIL-3925,Via Sergio Tofano,,giallo,3,strada urbana senza ciclabile,no,2,si,0,B1,
SS-MIL-3926,Via Sergnano,,giallo,3,strada urbana senza ciclabile,no,2,si,0,A2,
SS-MIL-3927,Via Serio,,giallo,3,strada urbana senza ciclabile,no,2,si,0,A2,
SS-MIL-3928,Via Serviliano Lattuada,,giallo,3,strada urbana senza ciclabile (1 corsie),no,1,si,0,B2,
SS-MIL-3929,Via Servio Tullio,,giallo,3,strada urbana senza ciclabile (1 corsie),no,1,si,0,B2,
SS-MIL-3930,Via Sesia,,giallo,3,strada urbana senza ciclabile,no,2,no,0,C1,
SS-MIL-3931,Via Sesto Calende,,giallo,3,strada urbana senza ciclabile,no,2,si,0,B1,
SS-MIL-3932,Via Sesto Gallo,,giallo,3,strada urbana senza ciclabile,no,2,no,0,A2,
SS-MIL-3933,Via Sesto San Giovanni,,giallo,3,strada urbana senza ciclabile (2 corsie),no,2,si,0,C2,
SS-MIL-3934,Via Settimo Milanese,,giallo,3,strada urbana senza ciclabile,no,2,si,0,B1,
SS-MIL-3935,Via Seveso,,giallo,3,strada urbana senza ciclabile,no,2,no,0,C2,
SS-MIL-3936,Via Sibari,,giallo,3,strada urbana senza ciclabile,no,2,si,0,A2,
SS-MIL-3937,Via Sibilla Aleramo,,giallo,3,strada urbana senza ciclabile,no,2,no,0,C2,
SS-MIL-3938,Via Sicilia,,giallo,3,strada urbana senza ciclabile (2 corsie),no,2,no,0,A1,
SS-MIL-3939,Via Siderno,,giallo,3,strada urbana senza ciclabile,no,2,no,0,C2,
SS-MIL-3940,Via Sidney Sonnino,,giallo,3,strada urbana senza ciclabile,no,2,no,0,C1,
SS-MIL-3941,Via Siena,,giallo,3,strada urbana senza ciclabile,no,2,si,0,A1,
SS-MIL-3942,Via Sighele,,giallo,3,strada urbana senza ciclabile,no,2,si,0,B2,
SS-MIL-3943,Via Sigieri,,giallo,3,strada urbana senza ciclabile,no,2,si,0,B2,
SS-MIL-3944,Via Sigismondo Trechi,,giallo,3,strada urbana senza ciclabile,no,2,si,0,C2,
SS-MIL-3945,Via Sile,,giallo,3,strada urbana senza ciclabile,no,2,no,0,B2,
SS-MIL-3946,Via Silio Italico,,giallo,3,strada urbana senza ciclabile,no,2,si,0,B2,
SS-MIL-3947,Via Silvio Pellico,,giallo,3,strada urbana senza ciclabile,no,2,no,0,A2,
SS-MIL-3948,Via Silvio Spaventa,,giallo,3,strada urbana senza ciclabile,no,2,no,0,B2,
SS-MIL-3949,Via Silvio Zambaldi,,giallo,3,strada urbana senza ciclabile,no,2,si,0,B2,
SS-MIL-3950,Via Simone D'Orsenigo,,giallo,3,strada urbana senza ciclabile,no,2,si,0,B2,
SS-MIL-3951,Via Simone Martini,,giallo,3,strada urbana senza ciclabile,no,2,no,0,B1,
SS-MIL-3952,Via Simone Saint Bon,,verde,1,ciclabile presente (da OpenStreetMap),si,2,si,0,B1,
SS-MIL-3953,Via Simone Schiaffino,,giallo,3,strada urbana senza ciclabile,no,2,no,0,C2,
SS-MIL-3954,Via Simone Stratico,,rosso,4,strada principale trafficata (2 corsie),no,2,si,0,B1,
SS-MIL-3955,Via Siro Capsoni,,blu,2,zona pedonale / living street,no,1,no,0,C2,
SS-MIL-3956,Via Siro Taddei,,giallo,3,strada urbana senza ciclabile,no,2,no,0,B1,
SS-MIL-3957,Via Sirte,,giallo,3,strada urbana senza ciclabile,no,2,si,0,B1,
SS-MIL-3958,Via Siusi,,giallo,3,strada urbana senza ciclabile (1 corsie),no,1,si,0,C2,
SS-MIL-3959,Via Siviglia,,giallo,3,strada urbana senza ciclabile,no,2,no,0,C2,
SS-MIL-3960,Via Socrate,,giallo,3,strada urbana senza ciclabile,no,2,si,0,C2,
SS-MIL-3961,Via Sofia Bisi Albini,,giallo,3,strada urbana senza ciclabile,no,2,si,0,C2,
SS-MIL-3962,Via Sofocle,,giallo,3,strada urbana senza ciclabile (1 corsie),no,1,si,0,B1,
SS-MIL-3963,Via Sofonisba Anguissola,,giallo,3,strada urbana senza ciclabile,no,2,si,0,B1,
SS-MIL-3964,Via Solari,,giallo,3,strada urbana senza ciclabile,no,2,si,0,A1,
SS-MIL-3965,Via Solferino,,giallo,3,strada urbana senza ciclabile,no,2,si,0,A1,
SS-MIL-3966,Via Soncino,,giallo,3,strada urbana senza ciclabile,no,2,si,0,B2,
SS-MIL-3967,Via Sondrio,,giallo,3,strada urbana senza ciclabile,no,2,no,0,A2,
SS-MIL-3968,Via Soperga,,giallo,3,strada urbana senza ciclabile (1 corsie),no,1,si,0,C2,
SS-MIL-3969,Via Soresina,,giallo,3,strada urbana senza ciclabile,no,2,no,0,A2,
SS-MIL-3970,Via Sormani,,giallo,3,strada urbana senza ciclabile,no,2,no,0,C2,
SS-MIL-3971,Via Sorrento,,giallo,3,strada urbana senza ciclabile,no,2,no,0,B1,
SS-MIL-3972,Via Spadari,,giallo,3,strada urbana senza ciclabile,no,2,si,0,B2,
SS-MIL-3973,Via Spagnoletto,,giallo,3,strada urbana senza ciclabile (2 corsie),no,2,no,0,B1,
SS-MIL-3974,Via Spalato,,giallo,3,strada urbana senza ciclabile,no,2,si,0,C2,
SS-MIL-3975,Via Spartaco,,giallo,3,strada urbana senza ciclabile (2 corsie),no,2,no,0,B2,
SS-MIL-3976,Via Speronari,,blu,2,zona pedonale / living street,no,1,no,0,B2,
SS-MIL-3977,Via Spezia,,rosso,4,strada principale trafficata (1 corsie),no,1,si,0,B2,
SS-MIL-3978,Via Spilamberto,,giallo,3,strada urbana senza ciclabile (2 corsie),no,2,no,0,A2,
SS-MIL-3979,Via Spluga,,giallo,3,strada urbana senza ciclabile (1 corsie),no,1,si,0,B2,
SS-MIL-3980,Via Spoleto,,giallo,3,strada urbana senza ciclabile (2 corsie),no,2,no,0,C2,
SS-MIL-3981,Via Sporting Mirasole,,blu,2,accesso limitato (ZTL),no,1,no,0,A2,
SS-MIL-3982,Via Stadera,,giallo,3,strada urbana senza ciclabile,no,2,si,0,A2,
SS-MIL-3983,Via Stamira D'Ancona,,giallo,3,strada urbana senza ciclabile (2 corsie),no,2,no,0,C2,
SS-MIL-3984,Via Stampa,,giallo,3,strada urbana senza ciclabile,no,2,si,0,B2,
SS-MIL-3985,Via Stanislao Cannizzaro,,giallo,3,strada urbana senza ciclabile,no,2,no,0,A1,
SS-MIL-3986,Via Staro,,giallo,3,strada urbana senza ciclabile,no,2,si,0,C2,
SS-MIL-3987,Via Statuto,,giallo,3,strada urbana senza ciclabile (1 corsie),no,1,si,0,B2,
SS-MIL-3988,Via Stefano Canzio,,giallo,3,strada urbana senza ciclabile,no,2,si,0,B2,
SS-MIL-3989,Via Stefano Jacini,,giallo,3,strada urbana senza ciclabile,no,2,si,0,B2,
SS-MIL-3990,Via Stefano Siccoli,,giallo,3,strada urbana senza ciclabile (2 corsie),no,2,no,0,C1,
SS-MIL-3991,Via Stefano Ussi,,giallo,3,strada urbana senza ciclabile (1 corsie),no,1,si,0,C2,
SS-MIL-3992,Via Stella Bianca,,giallo,3,strada urbana senza ciclabile,no,2,no,0,C2,
SS-MIL-3993,Via Stella Rosa,,giallo,3,strada urbana senza ciclabile,no,2,si,0,C1,
SS-MIL-3994,Via Stelvio,,giallo,3,strada urbana senza ciclabile,no,2,no,0,A1,
SS-MIL-3995,Via Stigliano,,giallo,3,strada urbana senza ciclabile,no,2,no,0,B1,
SS-MIL-3996,Via Stilicone,,giallo,3,strada urbana senza ciclabile,no,2,si,0,C2,
SS-MIL-3997,Via Storo,,giallo,3,strada urbana senza ciclabile,no,2,no,0,B1,
SS-MIL-3998,Via Stradascia,,giallo,3,strada urbana senza ciclabile,no,2,no,0,C1,
SS-MIL-3999,Via Strasburgo,,giallo,3,strada urbana senza ciclabile (1 corsie),no,1,si,0,A2,
SS-MIL-4000,Via Stravella,,giallo,3,strada urbana senza ciclabile,no,2,si,0,B1,
SS-MIL-4001,Via Stresa,,giallo,3,strada urbana senza ciclabile,no,2,si,0,C2,
SS-MIL-4002,Via Stromboli,,giallo,3,strada urbana senza ciclabile,no,2,no,0,A1,
SS-MIL-4003,Via Stupinigi,,giallo,3,strada urbana senza ciclabile,no,2,no,0,B1,
SS-MIL-4004,Via Subiaco,,giallo,3,strada urbana senza ciclabile,no,2,si,0,C2,
SS-MIL-4005,Via Sulmona,,giallo,3,strada urbana senza ciclabile,no,2,si,0,B2,
SS-MIL-4006,Via Sumatra,,giallo,3,strada urbana senza ciclabile (2 corsie),no,2,si,0,C1,
SS-MIL-4007,Via Svetonio,,giallo,3,strada urbana senza ciclabile,no,2,si,0,B2,
SS-MIL-4008,Via Svezia,,giallo,3,strada urbana senza ciclabile,no,2,si,0,C2,
SS-MIL-4009,Via Taggia,,giallo,3,strada urbana senza ciclabile,no,2,no,0,B1,
SS-MIL-4010,Via Tagiura,,giallo,3,strada urbana senza ciclabile,no,2,no,0,B1,
SS-MIL-4011,Via Tagliamento,,giallo,3,strada urbana senza ciclabile,no,2,si,0,A2,
SS-MIL-4012,Via Talete,,giallo,3,strada urbana senza ciclabile,no,2,no,0,C2,
SS-MIL-4013,Via Tanaro,,giallo,3,strada urbana senza ciclabile,no,2,no,0,A2,
SS-MIL-4014,Via Tancredi (Duccio) Galimberti,,giallo,3,strada urbana senza ciclabile,no,2,no,0,B2,
SS-MIL-4015,Via Taormina,,giallo,3,strada urbana senza ciclabile (1 corsie),no,1,si,0,C2,
SS-MIL-4016,Via Taranto,,giallo,3,strada urbana senza ciclabile,no,2,no,0,B1,
SS-MIL-4017,Via Tarquinio Prisco,,giallo,3,strada urbana senza ciclabile (1 corsie),no,1,si,0,B2,
SS-MIL-4018,Via Tavazzano,,giallo,3,strada urbana senza ciclabile,no,2,si,0,C1,
SS-MIL-4019,Via Taverna,,giallo,3,strada urbana senza ciclabile,no,2,si,0,B2,
SS-MIL-4020,Via Teano,,giallo,3,strada urbana senza ciclabile,no,2,si,0,C2,
SS-MIL-4021,Via Tecchione,,giallo,3,strada urbana senza ciclabile,no,2,no,0,A2,
SS-MIL-4022,Via Teglio,,giallo,3,strada urbana senza ciclabile,no,2,si,0,C2,
SS-MIL-4023,Via Telemaco Signorini,,giallo,3,strada urbana senza ciclabile,no,2,si,0,C1,
SS-MIL-4024,Via Temistocle Calzecchi,,giallo,3,strada urbana senza ciclabile (2 corsie),no,2,no,0,B2,
SS-MIL-4025,Via Temperanza,,giallo,3,strada urbana senza ciclabile,no,2,si,0,C2,
SS-MIL-4026,Via Teobaldo Ciconi,,giallo,3,strada urbana senza ciclabile,no,2,no,0,B1,
SS-MIL-4027,Via Teocrito,,giallo,3,strada urbana senza ciclabile,no,2,si,0,C2,
SS-MIL-4028,Via Teodosio,,giallo,3,strada urbana senza ciclabile (2 corsie),no,2,no,0,B2,
SS-MIL-4029,Via Teramo,,giallo,3,strada urbana senza ciclabile,no,2,si,0,A1,
SS-MIL-4030,Via Terenzio,,giallo,3,strada urbana senza ciclabile,no,2,si,0,B2,
SS-MIL-4031,Via Terenzio Olivelli,,giallo,3,strada urbana senza ciclabile (1 corsie),no,1,no,0,C1,
SS-MIL-4032,Via Teresa Noce,,giallo,3,strada urbana senza ciclabile,no,2,no,0,A2,
SS-MIL-4033,Via Termopili,,giallo,3,strada urbana senza ciclabile (1 corsie),no,1,si,0,C2,
SS-MIL-4034,Via Terni,,giallo,3,strada urbana senza ciclabile,no,2,no,0,B1,
SS-MIL-4035,Via Terracina,,giallo,3,strada urbana senza ciclabile,no,2,si,0,C2,
SS-MIL-4036,Via Terraggio,,giallo,3,strada urbana senza ciclabile (1 corsie),no,1,si,0,B2,
SS-MIL-4037,Via Terrazzano,,giallo,3,strada urbana senza ciclabile (2 corsie),no,2,no,0,C1,
SS-MIL-4038,Via Tertulliano,,giallo,3,strada urbana senza ciclabile (2 corsie),no,2,no,0,B2,
SS-MIL-4039,Via Tevere,,giallo,3,strada urbana senza ciclabile,no,2,no,0,A2,
SS-MIL-4040,Via Thomas Alva Edison,,giallo,3,strada urbana senza ciclabile,no,2,no,0,A1,
SS-MIL-4041,Via Thomas Edison,,giallo,3,strada urbana senza ciclabile,no,2,no,0,A1,
SS-MIL-4042,Via Thomas Mann,,giallo,3,strada urbana senza ciclabile (1 corsie),no,1,si,0,C2,
SS-MIL-4043,Via Tibullo,,giallo,3,strada urbana senza ciclabile,no,2,si,0,C1,
SS-MIL-4044,Via Ticino,,giallo,3,strada urbana senza ciclabile,no,2,si,0,A1,
SS-MIL-4045,Via Timavo,,giallo,3,strada urbana senza ciclabile,no,2,si,0,C2,
SS-MIL-4046,Via Tina Anselmi,,giallo,3,strada urbana senza ciclabile,no,2,no,0,A1,
SS-MIL-4047,Via Tina Di Lorenzo,,giallo,3,strada urbana senza ciclabile,no,2,si,0,C1,
SS-MIL-4048,Via Tino Savi,,giallo,3,strada urbana senza ciclabile (1 corsie),no,1,si,0,C2,
SS-MIL-4049,Via Tintoretto,,giallo,3,strada urbana senza ciclabile,no,2,no,0,A1,
SS-MIL-4050,Via Tirano,,verde,1,ciclabile presente (da OpenStreetMap),si,2,no,0,C2,
SS-MIL-4051,Via Tito Livio,,giallo,3,strada urbana senza ciclabile,no,2,no,0,A1,
SS-MIL-4052,Via Tito Schipa,,giallo,3,strada urbana senza ciclabile,no,2,si,0,A1,
SS-MIL-4053,Via Tito Speri,,giallo,3,strada urbana senza ciclabile,no,2,no,0,A2,
SS-MIL-4054,Via Tito Vignoli,,giallo,3,strada urbana senza ciclabile,no,2,si,0,B1,
SS-MIL-4055,Via Tivoli,,verde,1,ciclabile presente (da OpenStreetMap),si,2,si,0,B2,
SS-MIL-4056,Via Tiziano,,giallo,3,strada urbana senza ciclabile,no,2,no,0,A1,
SS-MIL-4057,Via Tiziano Vecellio,,giallo,3,strada urbana senza ciclabile,no,2,no,0,B1,
SS-MIL-4058,Via Tobruk,,giallo,3,strada urbana senza ciclabile,no,2,no,0,B1,
SS-MIL-4059,Via Toce,,giallo,3,strada urbana senza ciclabile (1 corsie),no,1,no,0,C2,
SS-MIL-4060,Via Tofane,,verde,1,ciclabile presente (da OpenStreetMap),si,2,no,0,C2,
SS-MIL-4061,Via Toledo,,giallo,3,strada urbana senza ciclabile,no,2,no,0,B2,
SS-MIL-4062,Via Tolentino,,giallo,3,strada urbana senza ciclabile (2 corsie),no,2,no,0,C2,
SS-MIL-4063,Via Tolmezzo,,giallo,3,strada urbana senza ciclabile,no,2,si,0,C2,
SS-MIL-4064,Via Tolmino,,giallo,3,strada urbana senza ciclabile (1 corsie),no,1,si,0,C2,
SS-MIL-4065,Via Tomaso Albinoni,,giallo,3,strada urbana senza ciclabile,no,2,no,0,C1,
SS-MIL-4066,Via Tommaso Agudio,,giallo,3,strada urbana senza ciclabile (1 corsie),no,1,si,0,B2,
SS-MIL-4067,Via Tommaso Albinoni,,giallo,3,strada urbana senza ciclabile,no,2,no,0,A1,
SS-MIL-4068,Via Tommaso Campanella,,giallo,3,strada urbana senza ciclabile,no,2,no,0,A1,
SS-MIL-4069,Via Tommaso Edison,,giallo,3,strada urbana senza ciclabile,no,2,no,0,B1,
SS-MIL-4070,Via Tommaso Grossi,,giallo,3,strada urbana senza ciclabile,no,2,no,0,A1,
SS-MIL-4071,Via Tommaso Gulli,,giallo,3,strada urbana senza ciclabile,no,2,no,0,B1,
SS-MIL-4072,Via Tommaso Marino,,blu,2,zona pedonale / living street,no,1,no,0,B2,
SS-MIL-4073,Via Tommaso Pini,,giallo,3,strada urbana senza ciclabile (2 corsie),no,2,no,0,B2,
SS-MIL-4074,Via Tommaso Salvini,,giallo,3,strada urbana senza ciclabile,no,2,si,0,B2,
SS-MIL-4075,Via Tommaso da Cazzaniga,,giallo,3,strada urbana senza ciclabile,no,2,no,0,B2,
SS-MIL-4076,Via Tonale,,rosso,4,strada secondaria trafficata (1 corsie),no,1,si,0,C1,
SS-MIL-4077,Via Tonezza,,giallo,3,strada urbana senza ciclabile (1 corsie),no,1,si,0,B1,
SS-MIL-4078,Via Torino,,giallo,3,strada urbana senza ciclabile,no,2,no,0,A1,
SS-MIL-4079,Via Torquato Taramelli,,giallo,3,strada urbana senza ciclabile (2 corsie),no,2,no,0,C2,
SS-MIL-4080,Via Torquato Tasso,,giallo,3,strada urbana senza ciclabile,no,2,no,0,A1,
SS-MIL-4081,Via Torrazza,,giallo,3,strada urbana senza ciclabile,no,2,no,0,C1,
SS-MIL-4082,Via Tortona,,giallo,3,strada urbana senza ciclabile,no,2,si,0,B1,
SS-MIL-4083,Via Toscana,,giallo,3,strada urbana senza ciclabile,no,2,no,0,A1,
SS-MIL-4084,Via Toscolano,,giallo,3,strada urbana senza ciclabile,no,2,no,0,B2,
SS-MIL-4085,Via Tranquillo Cremona,,giallo,3,strada urbana senza ciclabile,no,2,no,0,B1,
SS-MIL-4086,Via Trapani,,giallo,3,strada urbana senza ciclabile,no,2,no,0,C1,
SS-MIL-4087,Via Trasimeno,,giallo,3,strada urbana senza ciclabile,no,2,si,0,A2,
SS-MIL-4088,Via Travaglia,,giallo,3,strada urbana senza ciclabile,no,2,no,0,B1,
SS-MIL-4089,Via Traù,,giallo,3,strada urbana senza ciclabile,no,2,no,0,C2,
SS-MIL-4090,Via Trebazio,,giallo,3,strada urbana senza ciclabile (1 corsie),no,1,si,0,B2,
SS-MIL-4091,Via Trebbia,,giallo,3,strada urbana senza ciclabile,no,2,no,0,A2,
SS-MIL-4092,Via Trecate,,giallo,3,strada urbana senza ciclabile,no,2,no,0,C1,
SS-MIL-4093,Via Tremiti,,giallo,3,strada urbana senza ciclabile,no,2,si,0,C2,
SS-MIL-4094,Via Trenno,,giallo,3,strada urbana senza ciclabile,no,2,si,0,B1,
SS-MIL-4095,Via Trento,,giallo,3,strada urbana senza ciclabile,no,2,no,0,A1,
SS-MIL-4096,Via Trento e Trieste,,giallo,3,strada urbana senza ciclabile,no,2,si,0,C1,
SS-MIL-4097,Via Trescore,,giallo,3,strada urbana senza ciclabile,no,2,si,0,C2,
SS-MIL-4098,Via Trevi,,giallo,3,strada urbana senza ciclabile,no,2,no,0,C2,
SS-MIL-4099,Via Treviglio,,giallo,3,strada urbana senza ciclabile,no,2,si,0,C2,
SS-MIL-4100,Via Trezzo d'Adda,,giallo,3,strada urbana senza ciclabile,no,2,si,0,B1,
SS-MIL-4101,Via Triboniano,,giallo,3,strada urbana senza ciclabile,no,2,si,0,C1,
SS-MIL-4102,Via Trieste,,giallo,3,strada urbana senza ciclabile (1 corsie),no,1,si,0,A1,
SS-MIL-4103,Via Trincea delle Frasche,,giallo,3,strada urbana senza ciclabile,no,2,no,0,B2,
SS-MIL-4104,Via Tristano Calco,,giallo,3,strada urbana senza ciclabile (1 corsie),no,1,si,0,B2,
SS-MIL-4105,Via Triulziana,,giallo,3,strada urbana senza ciclabile (2 corsie),no,2,no,0,A2,
SS-MIL-4106,Via Tucidide,,giallo,3,strada urbana senza ciclabile,no,2,si,0,B2,
SS-MIL-4107,Via Tullo Massarani,,rosso,4,strada principale trafficata,no,2,si,0,B2,
SS-MIL-4108,Via Tullo Morgagni,,giallo,3,strada urbana senza ciclabile,no,2,no,0,C2,
SS-MIL-4109,Via Tullo Ostilio,,giallo,3,strada urbana senza ciclabile (1 corsie),no,1,si,0,B2,
SS-MIL-4110,Via Uberto Dell'Orto,,giallo,3,strada urbana senza ciclabile (1 corsie),no,1,no,0,C2,
SS-MIL-4111,Via Uberto Visconti di Modrone,,verde,1,ciclabile presente (da OpenStreetMap),si,2,si,0,B2,
SS-MIL-4112,Via Ugo Bassi,,giallo,3,strada urbana senza ciclabile,no,2,no,0,A1,
SS-MIL-4113,Via Ugo Betti,,giallo,3,strada urbana senza ciclabile,no,2,si,0,C1,
SS-MIL-4114,Via Ugo Foscolo,,giallo,3,strada urbana senza ciclabile,no,2,no,0,A1,
SS-MIL-4115,Via Ugo Frigerio,,giallo,3,strada urbana senza ciclabile,no,2,si,0,B1,
SS-MIL-4116,Via Ugo Guido Mondolfo,,giallo,3,strada urbana senza ciclabile,no,2,si,0,B2,
SS-MIL-4117,Via Ugo La Malfa,,giallo,3,strada urbana senza ciclabile,no,2,no,0,A1,
SS-MIL-4118,Via Ugo Monneret de Villard,,giallo,3,strada urbana senza ciclabile,no,2,si,0,B2,
SS-MIL-4119,Via Ugo Mulas,,giallo,3,strada urbana senza ciclabile,no,2,si,0,C2,
SS-MIL-4120,Via Ugo Ojetti,,giallo,3,strada urbana senza ciclabile,no,2,si,0,C1,
SS-MIL-4121,Via Ugo Pisa,,giallo,3,strada urbana senza ciclabile,no,2,si,0,B1,
SS-MIL-4122,Via Ugo Tarchetti,,giallo,3,strada urbana senza ciclabile,no,2,no,0,C1,
SS-MIL-4123,Via Ugo Tognazzi,,giallo,3,strada urbana senza ciclabile (2 corsie),no,2,no,0,C2,
SS-MIL-4124,Via Uguccione da Pisa,,giallo,3,strada urbana senza ciclabile,no,2,si,0,B2,
SS-MIL-4125,Via Ulderico Ollearo,,giallo,3,strada urbana senza ciclabile,no,2,no,0,C2,
SS-MIL-4126,Via Ulisse Aldrovandi,,giallo,3,strada urbana senza ciclabile,no,2,no,0,B2,
SS-MIL-4127,Via Ulisse Dini,,giallo,3,strada urbana senza ciclabile,no,2,si,0,A2,
SS-MIL-4128,Via Ulisse Gobbi,,blu,2,zona pedonale / living street,no,1,no,0,B2,
SS-MIL-4129,Via Ulisse Salis,,giallo,3,strada urbana senza ciclabile,no,2,si,0,C2,
SS-MIL-4130,Via Ulrico Hoepli,,giallo,3,strada urbana senza ciclabile,no,2,si,0,B2,
SS-MIL-4131,Via Umanità,,giallo,3,strada urbana senza ciclabile,no,2,si,0,C1,
SS-MIL-4132,Via Umberto Cagni,,giallo,3,strada urbana senza ciclabile (2 corsie),no,2,no,0,C2,
SS-MIL-4133,Via Umberto Ceva,,giallo,3,strada urbana senza ciclabile,no,2,no,0,C1,
SS-MIL-4134,Via Umberto Fogagnolo,,giallo,3,strada urbana senza ciclabile,no,2,si,0,C2,
SS-MIL-4135,Via Umberto Giordano,,giallo,3,strada urbana senza ciclabile,no,2,si,0,C1,
SS-MIL-4136,Via Umberto Masotto,,giallo,3,strada urbana senza ciclabile,no,2,si,0,B2,
SS-MIL-4137,Via Umberto Pellegrini,,giallo,3,strada urbana senza ciclabile,no,2,no,0,C1,
SS-MIL-4138,Via Umbria,,giallo,3,strada urbana senza ciclabile,no,2,si,0,A2,
SS-MIL-4139,Via Unica Bolgiano,,giallo,3,strada urbana senza ciclabile (2 corsie),no,2,no,0,A2,
SS-MIL-4140,Via Unica Poasco,,giallo,3,strada urbana senza ciclabile,no,2,no,0,A2,
SS-MIL-4141,Via Unica Sorigherio,,giallo,3,strada urbana senza ciclabile,no,2,no,0,A2,
SS-MIL-4142,Via Unità d'Italia,,giallo,3,strada urbana senza ciclabile (1 corsie),no,1,si,0,C2,
SS-MIL-4143,Via Urbano Terzo,,giallo,3,strada urbana senza ciclabile,no,2,si,0,B2,
SS-MIL-4144,Via Urbino,,giallo,3,strada urbana senza ciclabile,no,2,si,0,C2,
SS-MIL-4145,Via Uruguay,,giallo,3,strada urbana senza ciclabile,no,2,no,0,C1,
SS-MIL-4146,Via Vaiano Valle,,verde,1,ciclabile presente (da OpenStreetMap),si,2,si,0,A2,
SS-MIL-4147,Via Val Badia,,giallo,3,strada urbana senza ciclabile,no,2,no,0,B1,
SS-MIL-4148,Via Val Bavona,,giallo,3,strada urbana senza ciclabile (2 corsie),no,2,no,0,B1,
SS-MIL-4149,Via Val Blenio,,giallo,3,strada urbana senza ciclabile,no,2,no,0,B1,
SS-MIL-4150,Via Val Bogna,,giallo,3,strada urbana senza ciclabile,no,2,no,0,B2,
SS-MIL-4151,Via Val Bregaglia,,giallo,3,strada urbana senza ciclabile,no,2,si,0,B1,
SS-MIL-4152,Via Val Cannobina,,giallo,3,strada urbana senza ciclabile,no,2,no,0,B1,
SS-MIL-4153,Via Val Cavallina,,giallo,3,strada urbana senza ciclabile (1 corsie),no,1,si,0,B1,
SS-MIL-4154,Via Val Cismon,,giallo,3,strada urbana senza ciclabile,no,2,no,0,C2,
SS-MIL-4155,Via Val Daone,,giallo,3,strada urbana senza ciclabile,no,2,no,0,C2,
SS-MIL-4156,Via Val Devero,,giallo,3,strada urbana senza ciclabile,no,2,si,0,B1,
SS-MIL-4157,Via Val Di Nievole,,giallo,3,strada urbana senza ciclabile,no,2,si,0,C2,
SS-MIL-4158,Via Val Gardena,,giallo,3,strada urbana senza ciclabile (2 corsie),no,2,no,0,C2,
SS-MIL-4159,Via Val Lagarina,,giallo,3,strada urbana senza ciclabile,no,2,si,0,C1,
SS-MIL-4160,Via Val Lavizzana,,giallo,3,strada urbana senza ciclabile,no,2,si,0,B1,
SS-MIL-4161,Via Val Maira,,giallo,3,strada urbana senza ciclabile,no,2,si,0,C2,
SS-MIL-4162,Via Val Malenco,,giallo,3,strada urbana senza ciclabile,no,2,no,0,C1,
SS-MIL-4163,Via Val Mesolcina,,giallo,3,strada urbana senza ciclabile,no,2,si,0,B2,
SS-MIL-4164,Via Val Morea,,giallo,3,strada urbana senza ciclabile,no,2,no,0,B1,
SS-MIL-4165,Via Val Pantena,,giallo,3,strada urbana senza ciclabile,no,2,no,0,B1,
SS-MIL-4166,Via Val Passiria,,giallo,3,strada urbana senza ciclabile,no,2,si,0,B2,
SS-MIL-4167,Via Val Pellice,,giallo,3,strada urbana senza ciclabile,no,2,si,0,B1,
SS-MIL-4168,Via Val Poschiavina,,giallo,3,strada urbana senza ciclabile,no,2,si,0,B1,
SS-MIL-4169,Via Val Sabbia,,giallo,3,strada urbana senza ciclabile (2 corsie),no,2,no,0,C2,
SS-MIL-4170,Via Val Senales,,giallo,3,strada urbana senza ciclabile,no,2,no,0,B1,
SS-MIL-4171,Via Val Strona,,giallo,3,strada urbana senza ciclabile (1 corsie),no,1,si,0,B2,
SS-MIL-4172,Via Val Trompia,,giallo,3,strada urbana senza ciclabile,no,2,no,0,C1,
SS-MIL-4173,Via Val Vigezzo,,giallo,3,strada urbana senza ciclabile,no,2,si,0,B1,
SS-MIL-4174,Via Val d'Aosta,,giallo,3,strada urbana senza ciclabile,no,2,no,0,A1,
SS-MIL-4175,Via Val d'Intelvi,,giallo,3,strada urbana senza ciclabile (2 corsie),no,2,no,0,B1,
SS-MIL-4176,Via Val d'Ossola,,giallo,3,strada urbana senza ciclabile,no,2,no,0,A1,
SS-MIL-4177,Via Val di Bondo,,giallo,3,strada urbana senza ciclabile,no,2,si,0,C2,
SS-MIL-4178,Via Val di Fassa,,giallo,3,strada urbana senza ciclabile,no,2,si,0,C1,
SS-MIL-4179,Via Val di Ledro,,giallo,3,strada urbana senza ciclabile,no,2,si,0,C2,
SS-MIL-4180,Via Val di Noce,,giallo,3,strada urbana senza ciclabile,no,2,no,0,B1,
SS-MIL-4181,Via Val di Sole,,giallo,3,strada urbana senza ciclabile,no,2,si,0,A2,
SS-MIL-4182,Via Val di Stava,,giallo,3,strada urbana senza ciclabile (2 corsie),no,2,si,0,C2,
SS-MIL-4183,Via Valassina,,rosso,4,strada secondaria trafficata (2 corsie),no,2,si,0,C2,
SS-MIL-4184,Via Valbrona,,giallo,3,strada urbana senza ciclabile,no,2,no,0,C2,
SS-MIL-4185,Via Valcava,,giallo,3,strada urbana senza ciclabile,no,2,si,0,C1,
SS-MIL-4186,Via Valdagno,,giallo,3,strada urbana senza ciclabile,no,2,si,0,B1,
SS-MIL-4187,Via Valdimagna,,giallo,3,strada urbana senza ciclabile,no,2,si,0,C2,
SS-MIL-4188,Via Valeggio,,giallo,3,strada urbana senza ciclabile,no,2,no,0,C2,
SS-MIL-4189,Via Valentino Mazzola,,giallo,3,strada urbana senza ciclabile (1 corsie),no,1,si,0,B2,
SS-MIL-4190,Via Valentino Pasini,,giallo,3,strada urbana senza ciclabile,no,2,si,0,B2,
SS-MIL-4191,Via Valenza,,giallo,3,strada urbana senza ciclabile (2 corsie),no,2,no,0,B2,
SS-MIL-4192,Via Valfurva,,giallo,3,strada urbana senza ciclabile,no,2,si,0,C2,
SS-MIL-4193,Via Vallarsa,,giallo,3,strada urbana senza ciclabile,no,2,si,0,B2,
SS-MIL-4194,Via Vallassa,,giallo,3,strada urbana senza ciclabile,no,2,no,0,C1,
SS-MIL-4195,Via Vallazze,,giallo,3,strada urbana senza ciclabile,no,2,no,0,B2,
SS-MIL-4196,Via Valle Antigorio,,giallo,3,strada urbana senza ciclabile,no,2,si,0,B1,
SS-MIL-4197,Via Valle Antrona,,giallo,3,strada urbana senza ciclabile,no,2,no,0,B1,
SS-MIL-4198,Via Valle Anzasca,,giallo,3,strada urbana senza ciclabile,no,2,si,0,B1,
SS-MIL-4199,Via Valle Aurina,,giallo,3,strada urbana senza ciclabile,no,2,no,0,B1,
SS-MIL-4200,Via Valle Isorno,,giallo,3,strada urbana senza ciclabile (2 corsie),no,2,no,0,B1,
SS-MIL-4201,Via Valle d'Aosta,,giallo,3,strada urbana senza ciclabile,no,2,no,0,A2,
SS-MIL-4202,Via Valleambrosia,,rosso,4,strada principale trafficata (2 corsie),no,2,no,0,A1,
SS-MIL-4203,Via Valparaiso,,verde,1,ciclabile presente (da OpenStreetMap),si,2,si,0,B2,
SS-MIL-4204,Via Valpetrosa,,giallo,3,strada urbana senza ciclabile,no,2,si,0,B2,
SS-MIL-4205,Via Valpolicella,,giallo,3,strada urbana senza ciclabile,no,2,no,0,A1,
SS-MIL-4206,Via Valsesia,,giallo,3,strada urbana senza ciclabile,no,2,no,0,B1,
SS-MIL-4207,Via Valsugana,,giallo,3,strada urbana senza ciclabile,no,2,si,0,B2,
SS-MIL-4208,Via Valtellina,,rosso,4,strada secondaria trafficata,no,2,si,0,A1,
SS-MIL-4209,Via Valtorta,,giallo,3,strada urbana senza ciclabile,no,2,si,0,C2,
SS-MIL-4210,Via Varazze,,giallo,3,strada urbana senza ciclabile,no,2,no,0,B1,
SS-MIL-4211,Via Varenna,,giallo,3,strada urbana senza ciclabile,no,2,no,0,B1,
SS-MIL-4212,Via Varese,,giallo,3,strada urbana senza ciclabile,no,2,si,0,A1,
SS-MIL-4213,Via Varesina,,verde,1,ciclabile presente (da OpenStreetMap),si,2,no,0,C1,
SS-MIL-4214,Via Varsavia,,giallo,3,strada urbana senza ciclabile,no,2,si,0,B2,
SS-MIL-4215,Via Vasto,,giallo,3,strada urbana senza ciclabile,no,2,no,0,A2,
SS-MIL-4216,Via Veglia,,giallo,3,strada urbana senza ciclabile (2 corsie),no,2,no,0,C2,
SS-MIL-4217,Via Velletri,,giallo,3,strada urbana senza ciclabile,no,2,no,0,C2,
SS-MIL-4218,Via Venanzio Buzzi,,giallo,3,strada urbana senza ciclabile (2 corsie),no,2,no,0,C1,
SS-MIL-4219,Via Veneto,,giallo,3,strada urbana senza ciclabile,no,2,no,0,A1,
SS-MIL-4220,Via Venezia,,giallo,3,strada urbana senza ciclabile,no,2,no,0,A2,
SS-MIL-4221,Via Venezia Tridentina,,giallo,3,strada urbana senza ciclabile,no,2,no,0,C1,
SS-MIL-4222,Via Venezuela,,giallo,3,strada urbana senza ciclabile,no,2,no,0,C1,
SS-MIL-4223,Via Venosa,,giallo,3,strada urbana senza ciclabile,no,2,no,0,B2,
SS-MIL-4224,Via Venti Settembre,,giallo,3,strada urbana senza ciclabile,no,2,no,0,A1,
SS-MIL-4225,Via Venticinque Aprile,,giallo,3,strada urbana senza ciclabile,no,2,no,0,A1,
SS-MIL-4226,Via Ventimiglia,,giallo,3,strada urbana senza ciclabile,no,2,no,0,B2,
SS-MIL-4227,Via Ventiquattro Maggio,,giallo,3,strada urbana senza ciclabile,no,2,no,0,B1,
SS-MIL-4228,Via Verbano,,giallo,3,strada urbana senza ciclabile,no,2,si,0,A2,
SS-MIL-4229,Via Vergato,,giallo,3,strada urbana senza ciclabile,no,2,si,0,C2,
SS-MIL-4230,Via Vergiate,,giallo,3,strada urbana senza ciclabile,no,2,si,0,C1,
SS-MIL-4231,Via Verona,,giallo,3,strada urbana senza ciclabile (1 corsie),no,1,si,0,B2,
SS-MIL-4232,Via Veronese Guarino,,giallo,3,strada urbana senza ciclabile,no,2,no,0,B2,
SS-MIL-4233,Via Versilia,,giallo,3,strada urbana senza ciclabile,no,2,no,0,B1,
SS-MIL-4234,Via Vertoiba,,giallo,3,strada urbana senza ciclabile,no,2,si,0,B2,
SS-MIL-4235,Via Verziere,,giallo,3,strada urbana senza ciclabile,no,2,si,0,B2,
SS-MIL-4236,Via Vesio,,giallo,3,strada urbana senza ciclabile,no,2,no,0,B1,
SS-MIL-4237,Via Vespri Siciliani,,verde,1,ciclabile presente (da OpenStreetMap),si,2,si,0,B1,
SS-MIL-4238,Via Vesuvio,,giallo,3,strada urbana senza ciclabile,no,2,no,0,A1,
SS-MIL-4239,Via Vetere,,blu,2,zona pedonale / living street,no,1,no,0,B2,
SS-MIL-4240,Via Vetta d'Italia,,giallo,3,strada urbana senza ciclabile,no,2,si,0,B1,
SS-MIL-4241,Via Vettabbia,,giallo,3,strada urbana senza ciclabile,no,2,si,0,B2,
SS-MIL-4242,Via Vezza D'Oglio,,giallo,3,strada urbana senza ciclabile,no,2,si,0,B2,
SS-MIL-4243,Via Vialba,,giallo,3,strada urbana senza ciclabile,no,2,no,0,C1,
SS-MIL-4244,Via Vicenza,,giallo,3,strada urbana senza ciclabile,no,2,si,0,B2,
SS-MIL-4245,Via Vico Magistretti,,blu,2,zona pedonale / living street,no,1,no,0,C1,
SS-MIL-4246,Via Victor Hugo,,giallo,3,strada urbana senza ciclabile,no,2,si,0,B2,
SS-MIL-4247,Via Vigevanese,,rosso,4,strada secondaria trafficata,no,2,no,0,A1,
SS-MIL-4248,Via Vigevano,,giallo,3,strada urbana senza ciclabile,no,2,no,0,B2,
SS-MIL-4249,Via Vigilio Inama,,giallo,3,strada urbana senza ciclabile,no,2,si,0,B2,
SS-MIL-4250,Via Vigna,,giallo,3,strada urbana senza ciclabile (1 corsie),no,1,si,0,B2,
SS-MIL-4251,Via Vignola,,giallo,3,strada urbana senza ciclabile,no,2,si,0,B2,
SS-MIL-4252,Via Vignone,,giallo,3,strada urbana senza ciclabile (1 corsie),no,1,si,0,C1,
SS-MIL-4253,Via Vildebrando Pizzetti,,giallo,3,strada urbana senza ciclabile,no,2,no,0,A1,
SS-MIL-4254,Via Vilfredo Pareto,,giallo,3,strada urbana senza ciclabile,no,2,no,0,C1,
SS-MIL-4255,Via Villa Mirabello,,giallo,3,strada urbana senza ciclabile (1 corsie),no,1,si,0,C2,
SS-MIL-4256,Via Villafranca,,giallo,3,strada urbana senza ciclabile,no,2,no,0,B1,
SS-MIL-4257,Via Villapizzone,,giallo,3,strada urbana senza ciclabile,no,2,si,0,C1,
SS-MIL-4258,Via Villette,,giallo,3,strada urbana senza ciclabile,no,2,si,0,B1,
SS-MIL-4259,Via Viminale,,giallo,3,strada urbana senza ciclabile (1 corsie),no,1,si,0,B2,
SS-MIL-4260,Via Vincenzo Amidani,,giallo,3,strada urbana senza ciclabile,no,2,si,0,A2,
SS-MIL-4261,Via Vincenzo Bellini,,giallo,3,strada urbana senza ciclabile,no,2,si,0,A1,
SS-MIL-4262,Via Vincenzo Brunacci,,giallo,3,strada urbana senza ciclabile,no,2,si,0,B2,
SS-MIL-4263,Via Vincenzo Caldesi,,giallo,3,strada urbana senza ciclabile (2 corsie),no,2,no,0,C2,
SS-MIL-4264,Via Vincenzo Capelli,,blu,2,zona pedonale / living street,no,1,no,0,B2,
SS-MIL-4265,Via Vincenzo Civerchio,,giallo,3,strada urbana senza ciclabile,no,2,si,0,C2,
SS-MIL-4266,Via Vincenzo Foppa,,giallo,3,strada urbana senza ciclabile (2 corsie),no,2,no,0,B1,
SS-MIL-4267,Via Vincenzo Forcella,,giallo,3,strada urbana senza ciclabile,no,2,si,0,B2,
SS-MIL-4268,Via Vincenzo Gioberti,,giallo,3,strada urbana senza ciclabile,no,2,si,0,A1,
SS-MIL-4269,Via Vincenzo Giordano Orsini,,giallo,3,strada urbana senza ciclabile (2 corsie),no,2,no,0,B1,
SS-MIL-4270,Via Vincenzo Magliocco,,giallo,3,strada urbana senza ciclabile (1 corsie),no,1,si,0,B2,
SS-MIL-4271,Via Vincenzo Maria Coronelli,,giallo,3,strada urbana senza ciclabile,no,2,no,0,B1,
SS-MIL-4272,Via Vincenzo Monti,,giallo,3,strada urbana senza ciclabile,no,2,no,0,A1,
SS-MIL-4273,Via Vincenzo Rabolini,,giallo,3,strada urbana senza ciclabile (2 corsie),no,2,no,0,C2,
SS-MIL-4274,Via Vincenzo Russo,,giallo,3,strada urbana senza ciclabile,no,2,si,0,C2,
SS-MIL-4275,Via Vincenzo Salvagnoli,,giallo,3,strada urbana senza ciclabile (1 corsie),no,1,si,0,C2,
SS-MIL-4276,Via Vincenzo Toffetti,,giallo,3,strada urbana senza ciclabile (2 corsie),no,2,si,0,B2,
SS-MIL-4277,Via Vincenzo Vela,,giallo,3,strada urbana senza ciclabile,no,2,si,0,B2,
SS-MIL-4278,Via Vincenzo Viviani,,giallo,3,strada urbana senza ciclabile (1 corsie),no,1,si,0,B2,
SS-MIL-4279,Via Vincenzo da Filicaia,,giallo,3,strada urbana senza ciclabile,no,2,no,0,C2,
SS-MIL-4280,Via Vincenzo da Seregno,,rosso,4,strada secondaria trafficata,no,2,si,0,C2,
SS-MIL-4281,Via Vipacco,,giallo,3,strada urbana senza ciclabile,no,2,si,0,C2,
SS-MIL-4282,Via Virgilio,,giallo,3,strada urbana senza ciclabile,no,2,no,0,A1,
SS-MIL-4283,Via Virgilio Brocchi,,giallo,3,strada urbana senza ciclabile,no,2,si,0,C1,
SS-MIL-4284,Via Virgilio Ferrari,,nero,5,"strada ad alta velocità (primary, 70 km/h)",no,4,si,0,A2,
SS-MIL-4285,Via Virgilio Ranzato,,giallo,3,strada urbana senza ciclabile,no,2,no,0,C2,
SS-MIL-4286,Via Visconti,,giallo,3,strada urbana senza ciclabile,no,2,no,0,C2,
SS-MIL-4287,Via Visconti di Modrone,,giallo,3,strada urbana senza ciclabile,no,2,no,0,A1,
SS-MIL-4288,Via Viterbo,,giallo,3,strada urbana senza ciclabile (2 corsie),no,2,no,0,B1,
SS-MIL-4289,Via Vitruvio,,giallo,3,strada urbana senza ciclabile (2 corsie),no,2,no,0,B2,
SS-MIL-4290,Via Vittor Pisani,,verde,1,ciclabile presente (da OpenStreetMap),si,3,si,0,B2,
SS-MIL-4291,Via Vittore Buzzi,,giallo,3,strada urbana senza ciclabile,no,2,no,0,B2,
SS-MIL-4292,Via Vittore Carpaccio,,giallo,3,strada urbana senza ciclabile,no,2,no,0,A1,
SS-MIL-4293,Via Vittoria Colonna,,giallo,3,strada urbana senza ciclabile,no,2,si,0,B1,
SS-MIL-4294,Via Vittorio Alfieri,,giallo,3,strada urbana senza ciclabile,no,2,si,0,B1,
SS-MIL-4295,Via Vittorio Barzoni,,giallo,3,strada urbana senza ciclabile,no,2,no,0,B2,
SS-MIL-4296,Via Vittorio Bergomi,,giallo,3,strada urbana senza ciclabile,no,2,si,0,C2,
SS-MIL-4297,Via Vittorio Bersezio,,giallo,3,strada urbana senza ciclabile (1 corsie),no,1,si,0,C2,
SS-MIL-4298,Via Vittorio Betteloni,,giallo,3,strada urbana senza ciclabile (1 corsie),no,1,si,0,B2,
SS-MIL-4299,Via Vittorio Bottego,,giallo,3,strada urbana senza ciclabile,no,2,si,0,C2,
SS-MIL-4300,Via Vittorio De Sica,,giallo,3,strada urbana senza ciclabile,no,2,no,0,B1,
SS-MIL-4301,Via Vittorio Emanuele Orlando,,giallo,3,strada urbana senza ciclabile,no,2,no,0,A2,
SS-MIL-4302,Via Vittorio Emanuele Secondo,,rosso,4,strada secondaria trafficata (3 corsie),no,3,no,0,A1,
SS-MIL-4303,Via Vittorio Gassman,,giallo,3,strada urbana senza ciclabile,no,2,si,0,C2,
SS-MIL-4304,Via Vittorio Locchi,,giallo,3,strada urbana senza ciclabile,no,2,no,0,C1,
SS-MIL-4305,Via Vittorio Salmini,,giallo,3,strada urbana senza ciclabile (1 corsie),no,1,si,0,B2,
SS-MIL-4306,Via Vittorio Scialoia,,giallo,3,strada urbana senza ciclabile,no,2,si,0,C2,
SS-MIL-4307,Via Vittorio Veneto,,giallo,3,strada urbana senza ciclabile,no,2,si,0,A1,
SS-MIL-4308,Via Vittuone,,giallo,3,strada urbana senza ciclabile,no,2,no,0,B1,
SS-MIL-4309,Via Vivaio,,giallo,3,strada urbana senza ciclabile (1 corsie),no,1,si,0,B2,
SS-MIL-4310,Via Vizzola,,giallo,3,strada urbana senza ciclabile,no,2,no,0,C2,
SS-MIL-4311,Via Vodice,,giallo,3,strada urbana senza ciclabile,no,2,si,0,B1,
SS-MIL-4312,Via Voghera,,giallo,3,strada urbana senza ciclabile,no,2,si,0,B2,
SS-MIL-4313,Via Volontari Italiani del Sangue,,giallo,3,strada urbana senza ciclabile,no,2,si,0,C2,
SS-MIL-4314,Via Volontari del Sangue,,giallo,3,strada urbana senza ciclabile,no,2,no,0,A1,
SS-MIL-4315,Via Volontè,,giallo,3,strada urbana senza ciclabile,no,2,si,0,C2,
SS-MIL-4316,Via Volterra,,giallo,3,strada urbana senza ciclabile,no,2,si,0,B1,
SS-MIL-4317,Via Voltri,,giallo,3,strada urbana senza ciclabile,no,2,si,0,B1,
SS-MIL-4318,Via Volturno,,giallo,3,strada urbana senza ciclabile,no,2,no,0,A1,
SS-MIL-4319,Via Volvinio,,giallo,3,strada urbana senza ciclabile,no,2,si,0,A2,
SS-MIL-4320,Via Walter Tobagi,,giallo,3,strada urbana senza ciclabile,no,2,si,0,A1,
SS-MIL-4321,Via Werner von Siemens,,giallo,3,strada urbana senza ciclabile (1 corsie),no,1,si,0,C2,
SS-MIL-4322,Via Wolfgang Amadeus Mozart,,giallo,3,strada urbana senza ciclabile,no,2,no,0,A1,
SS-MIL-4323,Via XXII Marzo,,giallo,3,strada urbana senza ciclabile,no,2,si,0,A1,
SS-MIL-4324,Via Zama,,giallo,3,strada urbana senza ciclabile,no,2,no,0,B2,
SS-MIL-4325,Via Zante,,giallo,3,strada urbana senza ciclabile,no,2,no,0,B2,
SS-MIL-4326,Via Zanzur,,giallo,3,strada urbana senza ciclabile,no,2,no,0,B1,
SS-MIL-4327,Via Zara,,giallo,3,strada urbana senza ciclabile (2 corsie),no,2,no,0,C1,
SS-MIL-4328,Via Zebedia,,giallo,3,strada urbana senza ciclabile,no,2,si,0,B2,
SS-MIL-4329,Via Zecca Vecchia,,giallo,3,strada urbana senza ciclabile,no,2,si,0,B2,
SS-MIL-4330,Via Zuara,,giallo,3,strada urbana senza ciclabile,no,2,no,0,B1,
SS-MIL-4331,Via Zurigo,,rosso,4,strada secondaria trafficata,no,2,si,0,B1,
SS-MIL-4332,Via degli Abeti,,giallo,3,strada urbana senza ciclabile,no,2,si,0,B1,
SS-MIL-4333,Via degli Aceri,,giallo,3,strada urbana senza ciclabile,no,2,no,0,A1,
SS-MIL-4334,Via degli Ailanti,,giallo,3,strada urbana senza ciclabile,no,2,no,0,C1,
SS-MIL-4335,Via degli Aldobrandini,,giallo,3,strada urbana senza ciclabile (1 corsie),no,1,si,0,B1,
SS-MIL-4336,Via degli Alerami,,giallo,3,strada urbana senza ciclabile (1 corsie),no,1,si,0,B1,
SS-MIL-4337,Via degli Alpini,,giallo,3,strada urbana senza ciclabile,no,2,no,0,A1,
SS-MIL-4338,Via degli Anemoni,,giallo,3,strada urbana senza ciclabile,no,2,no,0,B1,
SS-MIL-4339,Via degli Apuli,,giallo,3,strada urbana senza ciclabile,no,2,no,0,B1,
SS-MIL-4340,Via degli Arcimboldi,,giallo,3,strada urbana senza ciclabile,no,2,si,0,B2,
SS-MIL-4341,Via degli Artaria,,giallo,3,strada urbana senza ciclabile,no,2,no,0,C2,
SS-MIL-4342,Via degli Artieri,,giallo,3,strada urbana senza ciclabile,no,2,no,0,C1,
SS-MIL-4343,Via degli Artigianelli,,giallo,3,strada urbana senza ciclabile,no,2,no,0,C2,
SS-MIL-4344,Via degli Artigiani,,giallo,3,strada urbana senza ciclabile,no,2,si,0,A1,
SS-MIL-4345,Via degli Astri,,giallo,3,strada urbana senza ciclabile,no,2,si,0,B1,
SS-MIL-4346,Via degli Elemosinieri,,giallo,3,strada urbana senza ciclabile,no,2,no,0,C2,
SS-MIL-4347,Via degli Erizzo,,giallo,3,strada urbana senza ciclabile (1 corsie),no,1,si,0,B1,
SS-MIL-4348,Via degli Etruschi,,giallo,3,strada urbana senza ciclabile (1 corsie),no,1,no,0,B2,
SS-MIL-4349,Via degli Imbriani,,giallo,3,strada urbana senza ciclabile (1 corsie),no,1,si,0,C2,
SS-MIL-4350,Via degli Ippocastani,,giallo,3,strada urbana senza ciclabile,no,2,no,0,B1,
SS-MIL-4351,Via degli Odescalchi,,giallo,3,strada urbana senza ciclabile (2 corsie),no,2,no,0,B1,
SS-MIL-4352,Via degli Oleandri,,giallo,3,strada urbana senza ciclabile,no,2,no,0,B1,
SS-MIL-4353,Via degli Olivetani,,giallo,3,strada urbana senza ciclabile (2 corsie),no,2,si,0,B2,
SS-MIL-4354,Via degli Olmi,,giallo,3,strada urbana senza ciclabile,no,2,no,0,A1,
SS-MIL-4355,Via degli Omenoni,,giallo,3,strada urbana senza ciclabile,no,2,si,0,B2,
SS-MIL-4356,Via degli Ontani,,giallo,3,strada urbana senza ciclabile,no,2,si,0,B1,
SS-MIL-4357,Via degli Orsi e dei Boschi,,giallo,3,strada urbana senza ciclabile,no,2,no,0,C2,
SS-MIL-4358,Via degli Orti,,giallo,3,strada urbana senza ciclabile,no,2,si,0,C1,
SS-MIL-4359,Via degli Ottoboni,,giallo,3,strada urbana senza ciclabile,no,2,si,0,B1,
SS-MIL-4360,Via degli Scipioni,,giallo,3,strada urbana senza ciclabile (1 corsie),no,1,si,0,B2,
SS-MIL-4361,Via degli Ulivi,,giallo,3,strada urbana senza ciclabile,no,2,si,0,B1,
SS-MIL-4362,Via degli Umiliati,,giallo,3,strada urbana senza ciclabile,no,2,si,0,B2,
SS-MIL-4363,Via degli Zuccaro,,giallo,3,strada urbana senza ciclabile,no,2,si,0,B1,
SS-MIL-4364,Via dei Barbarigo,,giallo,3,strada urbana senza ciclabile,no,2,si,0,B2,
SS-MIL-4365,Via dei Biancospini,,giallo,3,strada urbana senza ciclabile,no,2,si,0,B1,
SS-MIL-4366,Via dei Bognetti,,giallo,3,strada urbana senza ciclabile,no,2,no,0,B2,
SS-MIL-4367,Via dei Boschi,,giallo,3,strada urbana senza ciclabile,no,2,si,0,C1,
SS-MIL-4368,Via dei Bossi,,giallo,3,strada urbana senza ciclabile (1 corsie),no,1,si,0,B2,
SS-MIL-4369,Via dei Braschi,,giallo,3,strada urbana senza ciclabile,no,2,si,0,C2,
SS-MIL-4370,Via dei Caduti,,giallo,3,strada urbana senza ciclabile,no,2,si,0,A1,
SS-MIL-4371,Via dei Calchi Taeggi,,giallo,3,strada urbana senza ciclabile (2 corsie),no,2,no,0,B1,
SS-MIL-4372,Via dei Canzi,,giallo,3,strada urbana senza ciclabile,no,2,si,0,B2,
SS-MIL-4373,Via dei Carafa,,giallo,3,strada urbana senza ciclabile,no,2,si,0,C2,
SS-MIL-4374,Via dei Carracci,,giallo,3,strada urbana senza ciclabile (1 corsie),no,1,si,0,B1,
SS-MIL-4375,Via dei Cavalieri,,giallo,3,strada urbana senza ciclabile,no,2,no,0,A2,
SS-MIL-4376,Via dei Cavalieri del Santo Sepolcro,,giallo,3,strada urbana senza ciclabile,no,2,si,0,B2,
SS-MIL-4377,Via dei Chiaramonti,,giallo,3,strada urbana senza ciclabile (1 corsie),no,1,si,0,B1,
SS-MIL-4378,Via dei Ciclamini,,giallo,3,strada urbana senza ciclabile,no,2,no,0,B1,
SS-MIL-4379,Via dei Cignoli,,giallo,3,strada urbana senza ciclabile,no,2,si,0,C1,
SS-MIL-4380,Via dei Cinquecento,,giallo,3,strada urbana senza ciclabile,no,2,si,0,A2,
SS-MIL-4381,Via dei Conti Biglia,,giallo,3,strada urbana senza ciclabile,no,2,no,0,C2,
SS-MIL-4382,Via dei Cybo,,giallo,3,strada urbana senza ciclabile,no,2,si,0,C2,
SS-MIL-4383,Via dei Dumas,,giallo,3,strada urbana senza ciclabile (2 corsie),no,2,no,0,C2,
SS-MIL-4384,Via dei Fiordalisi,,giallo,3,strada urbana senza ciclabile,no,2,no,0,B1,
SS-MIL-4385,Via dei Fiori,,giallo,3,strada urbana senza ciclabile,no,2,no,0,B1,
SS-MIL-4386,Via dei Fontanili,,giallo,3,strada urbana senza ciclabile,no,2,si,0,B2,
SS-MIL-4387,Via dei Foscari,,giallo,3,strada urbana senza ciclabile (1 corsie),no,1,si,0,B1,
SS-MIL-4388,Via dei Frangipani,,giallo,3,strada urbana senza ciclabile (1 corsie),no,1,si,0,B1,
SS-MIL-4389,Via dei Garofani,,giallo,3,strada urbana senza ciclabile,no,2,si,0,B1,
SS-MIL-4390,Via dei Gelsi,,giallo,3,strada urbana senza ciclabile,no,2,si,0,A1,
SS-MIL-4391,Via dei Gerani,,giallo,3,strada urbana senza ciclabile,no,2,si,0,B1,
SS-MIL-4392,Via dei Giacinti,,giallo,3,strada urbana senza ciclabile,no,2,si,0,B1,
SS-MIL-4393,Via dei Giaggioli,,giallo,3,strada urbana senza ciclabile,no,2,no,0,B1,
SS-MIL-4394,Via dei Giardini,,giallo,3,strada urbana senza ciclabile (2 corsie),no,2,no,0,B2,
SS-MIL-4395,Via dei Gigli,,giallo,3,strada urbana senza ciclabile,no,2,no,0,B1,
SS-MIL-4396,Via dei Giovi,,giallo,3,strada urbana senza ciclabile,no,2,no,0,C1,
SS-MIL-4397,Via dei Girasoli,,verde,1,ciclabile presente (da OpenStreetMap),si,1,si,0,C2,
SS-MIL-4398,Via dei Glicini,,giallo,3,strada urbana senza ciclabile,no,2,no,0,A1,
SS-MIL-4399,Via dei Gracchi,,giallo,3,strada urbana senza ciclabile,no,2,si,0,B1,
SS-MIL-4400,Via dei Gradenigo,,giallo,3,strada urbana senza ciclabile (2 corsie),no,2,si,0,B1,
SS-MIL-4401,Via dei Grimani,,giallo,3,strada urbana senza ciclabile (2 corsie),no,2,no,0,B1,
SS-MIL-4402,Via dei Guarneri,,giallo,3,strada urbana senza ciclabile,no,2,no,0,A2,
SS-MIL-4403,Via dei Larici,,giallo,3,strada urbana senza ciclabile,no,2,si,0,B1,
SS-MIL-4404,Via dei Lavoratori,,giallo,3,strada urbana senza ciclabile (2 corsie),no,2,no,0,A1,
SS-MIL-4405,Via dei Loredan,,giallo,3,strada urbana senza ciclabile (1 corsie),no,1,si,0,B1,
SS-MIL-4406,Via dei Malatesta,,giallo,3,strada urbana senza ciclabile (2 corsie),no,2,no,0,B1,
SS-MIL-4407,Via dei Mandorli,,giallo,3,strada urbana senza ciclabile,no,2,no,0,B1,
SS-MIL-4408,Via dei Mercanti,,verde,1,ciclabile presente (da OpenStreetMap),si,2,no,0,B2,
SS-MIL-4409,Via dei Mille,,giallo,3,strada urbana senza ciclabile,no,2,no,0,A1,
SS-MIL-4410,Via dei Missaglia,,giallo,3,strada urbana senza ciclabile,no,2,si,0,A2,
SS-MIL-4411,Via dei Mughetti,,giallo,3,strada urbana senza ciclabile,no,2,no,0,B1,
SS-MIL-4412,Via dei Narcisi,,giallo,3,strada urbana senza ciclabile,no,2,no,0,B1,
SS-MIL-4413,Via dei Navigli,,giallo,3,strada urbana senza ciclabile,no,2,no,0,A1,
SS-MIL-4414,Via dei Palot,,giallo,3,strada urbana senza ciclabile,no,2,no,0,A2,
SS-MIL-4415,Via dei Panigarola,,giallo,3,strada urbana senza ciclabile,no,2,si,0,A2,
SS-MIL-4416,Via dei Partigiani,,giallo,3,strada urbana senza ciclabile (2 corsie),no,2,si,0,C2,
SS-MIL-4417,Via dei Pellegrini,,giallo,3,strada urbana senza ciclabile,no,2,si,0,B2,
SS-MIL-4418,Via dei Piatti,,giallo,3,strada urbana senza ciclabile (1 corsie),no,1,si,0,B2,
SS-MIL-4419,Via dei Piccolomini,,blu,2,zona pedonale / living street,no,1,no,0,B1,
SS-MIL-4420,Via dei Pini,,giallo,3,strada urbana senza ciclabile,no,2,no,0,A1,
SS-MIL-4421,Via dei Pioppi,,giallo,3,strada urbana senza ciclabile,no,2,si,0,B1,
SS-MIL-4422,Via dei Platani,,giallo,3,strada urbana senza ciclabile,no,2,no,0,A1,
SS-MIL-4423,Via dei Ronchi,,giallo,3,strada urbana senza ciclabile,no,2,no,0,C1,
SS-MIL-4424,Via dei Rospigliosi,,rosso,4,strada principale trafficata (2 corsie),no,2,si,0,B1,
SS-MIL-4425,Via dei Sagredo,,giallo,3,strada urbana senza ciclabile (1 corsie),no,1,si,0,B1,
SS-MIL-4426,Via dei Salici,,giallo,3,strada urbana senza ciclabile,no,2,si,0,B1,
SS-MIL-4427,Via dei Sanniti,,giallo,3,strada urbana senza ciclabile,no,2,no,0,B1,
SS-MIL-4428,Via dei Soranzo,,giallo,3,strada urbana senza ciclabile (1 corsie),no,1,si,0,B1,
SS-MIL-4429,Via dei Sormani,,giallo,3,strada urbana senza ciclabile,no,2,si,0,B2,
SS-MIL-4430,Via dei Tigli,,giallo,3,strada urbana senza ciclabile,no,2,no,0,A1,
SS-MIL-4431,Via dei Transiti,,giallo,3,strada urbana senza ciclabile (1 corsie),no,1,si,0,C2,
SS-MIL-4432,Via dei Tulipani,,giallo,3,strada urbana senza ciclabile,no,2,no,0,B1,
SS-MIL-4433,Via del Bollo,,giallo,3,strada urbana senza ciclabile (1 corsie),no,1,si,0,B2,
SS-MIL-4434,Via del Bosco Rinnovato,,giallo,3,strada urbana senza ciclabile,no,2,si,0,A1,
SS-MIL-4435,Via del Burchiello,,rosso,4,strada secondaria trafficata,no,2,si,0,B1,
SS-MIL-4436,Via del Campaccio,,giallo,3,strada urbana senza ciclabile,no,2,no,0,B1,
SS-MIL-4437,Via del Camposanto,,giallo,3,strada urbana senza ciclabile,no,2,si,0,B1,
SS-MIL-4438,Via del Caravaggio,,giallo,3,strada urbana senza ciclabile,no,2,si,0,B2,
SS-MIL-4439,Via del Cardellino,,giallo,3,strada urbana senza ciclabile,no,2,si,0,B1,
SS-MIL-4440,Via del Carmine,,giallo,3,strada urbana senza ciclabile,no,2,si,0,B2,
SS-MIL-4441,Via del Cimitero,,giallo,3,strada urbana senza ciclabile,no,2,si,0,C2,
SS-MIL-4442,Via del Commercio,,giallo,3,strada urbana senza ciclabile,no,2,no,0,A1,
SS-MIL-4443,Via del Danubio,,giallo,3,strada urbana senza ciclabile,no,2,no,0,C2,
SS-MIL-4444,Via del Fusaro,,giallo,3,strada urbana senza ciclabile,no,2,si,0,B1,
SS-MIL-4445,Via del Futurismo,,giallo,3,strada urbana senza ciclabile (1 corsie),no,1,si,0,B2,
SS-MIL-4446,Via del Gallo,,blu,2,zona pedonale / living street,no,1,no,0,B2,
SS-MIL-4447,Via del Lauro,,blu,2,zona pedonale / living street,no,1,si,0,B2,
SS-MIL-4448,Via del Liri,,verde,1,ciclabile presente (da OpenStreetMap),si,2,si,0,B2,
SS-MIL-4449,Via del Lucarino,,giallo,3,strada urbana senza ciclabile,no,2,si,0,B1,
SS-MIL-4450,Via del Maino,,giallo,3,strada urbana senza ciclabile (1 corsie),no,1,si,0,C1,
SS-MIL-4451,Via del Mare,,giallo,3,strada urbana senza ciclabile,no,2,no,0,A1,
SS-MIL-4452,Via del Mella,,giallo,3,strada urbana senza ciclabile,no,2,si,0,B1,
SS-MIL-4453,Via del Molinazzo,,giallo,3,strada urbana senza ciclabile (1 corsie),no,1,si,0,B1,
SS-MIL-4454,Via del Mulino,,giallo,3,strada urbana senza ciclabile,no,2,si,0,A1,
SS-MIL-4455,Via del Parco,,giallo,3,strada urbana senza ciclabile (2 corsie),no,2,no,0,A1,
SS-MIL-4456,Via del Passero,,giallo,3,strada urbana senza ciclabile,no,2,no,0,B1,
SS-MIL-4457,Via del Perugino,,giallo,3,strada urbana senza ciclabile,no,2,no,0,A1,
SS-MIL-4458,Via del Pettirosso,,giallo,3,strada urbana senza ciclabile,no,2,si,0,B1,
SS-MIL-4459,Via del Progresso,,giallo,3,strada urbana senza ciclabile,no,2,si,0,C2,
SS-MIL-4460,Via del Regno Italico,,giallo,3,strada urbana senza ciclabile,no,2,si,0,C2,
SS-MIL-4461,Via del Reno,,giallo,3,strada urbana senza ciclabile,no,2,si,0,C2,
SS-MIL-4462,Via del Ricordo,,giallo,3,strada urbana senza ciclabile (2 corsie),no,2,no,0,C2,
SS-MIL-4463,Via del Ronco,,giallo,3,strada urbana senza ciclabile,no,2,no,0,A2,
SS-MIL-4464,Via del Ruzzante,,giallo,3,strada urbana senza ciclabile,no,2,si,0,B2,
SS-MIL-4465,Via del Sole,,giallo,3,strada urbana senza ciclabile,no,2,si,0,A1,
SS-MIL-4466,Via del Tago,,giallo,3,strada urbana senza ciclabile,no,2,si,0,C2,
SS-MIL-4467,Via del Tamigi,,giallo,3,strada urbana senza ciclabile,no,2,si,0,C2,
SS-MIL-4468,Via del Tecchione,,giallo,3,strada urbana senza ciclabile,no,2,no,0,A2,
SS-MIL-4469,Via del Ticino,,giallo,3,strada urbana senza ciclabile,no,2,no,0,B1,
SS-MIL-4470,Via del Torchio,,giallo,3,strada urbana senza ciclabile (1 corsie),no,1,si,0,B2,
SS-MIL-4471,Via del Turchino,,giallo,3,strada urbana senza ciclabile,no,2,si,0,B2,
SS-MIL-4472,Via del Vecchio Politecnico,,giallo,3,strada urbana senza ciclabile,no,2,si,0,B2,
SS-MIL-4473,Via del Volga,,giallo,3,strada urbana senza ciclabile (2 corsie),no,2,si,0,C2,
SS-MIL-4474,Via dell'Allodola,,giallo,3,strada urbana senza ciclabile,no,2,si,0,B1,
SS-MIL-4475,Via dell'Ambrosiana,,giallo,3,strada urbana senza ciclabile (1 corsie),no,1,si,0,B2,
SS-MIL-4476,Via dell'Annunciata,,giallo,3,strada urbana senza ciclabile (1 corsie),no,1,si,0,B2,
SS-MIL-4477,Via dell'Aprica,,giallo,3,strada urbana senza ciclabile (1 corsie),no,1,si,0,C2,
SS-MIL-4478,Via dell'Arcadia,,giallo,3,strada urbana senza ciclabile (2 corsie),no,2,no,0,A2,
SS-MIL-4479,Via dell'Artigianato,,rosso,4,strada secondaria trafficata,no,2,si,0,A1,
SS-MIL-4480,Via dell'Assunta,,giallo,3,strada urbana senza ciclabile,no,2,no,0,A2,
SS-MIL-4481,Via dell'Ecologia,,giallo,3,strada urbana senza ciclabile,no,2,no,0,A2,
SS-MIL-4482,Via dell'Edera,,giallo,3,strada urbana senza ciclabile,no,2,no,0,A1,
SS-MIL-4483,Via dell'Edilizia,,giallo,3,strada urbana senza ciclabile,no,2,no,0,C1,
SS-MIL-4484,Via dell'Industria,,giallo,3,strada urbana senza ciclabile (2 corsie),no,2,no,0,A1,
SS-MIL-4485,Via dell'Innominato,,giallo,3,strada urbana senza ciclabile,no,2,si,0,A2,
SS-MIL-4486,Via dell'Innovazione,,rosso,4,strada principale trafficata (2 corsie),no,2,si,0,C1,
SS-MIL-4487,Via dell'Orso,,giallo,3,strada urbana senza ciclabile,no,2,si,0,B2,
SS-MIL-4488,Via dell'Unione,,giallo,3,strada urbana senza ciclabile,no,2,si,0,B2,
SS-MIL-4489,Via dell'Usignolo,,giallo,3,strada urbana senza ciclabile,no,2,si,0,B1,
SS-MIL-4490,Via della Bindellina,,blu,2,zona pedonale / living street,no,1,no,0,C1,
SS-MIL-4491,Via della Boscaiola,,giallo,3,strada urbana senza ciclabile (1 corsie),no,1,si,0,C2,
SS-MIL-4492,Via della Capinera,,giallo,3,strada urbana senza ciclabile,no,2,si,0,B1,
SS-MIL-4493,Via della Chiesa,,giallo,3,strada urbana senza ciclabile,no,2,si,0,A2,
SS-MIL-4494,Via della Chiesa Rossa,,rosso,4,strada principale trafficata (2 corsie),no,2,si,0,A2,
SS-MIL-4495,Via della Chiusa,,giallo,3,strada urbana senza ciclabile (2 corsie),no,2,no,0,B2,
SS-MIL-4496,Via della Commenda,,giallo,3,strada urbana senza ciclabile (1 corsie),no,1,si,0,B2,
SS-MIL-4497,Via della Concordia,,giallo,3,strada urbana senza ciclabile,no,2,si,0,A2,
SS-MIL-4498,Via della Costituzione,,rosso,4,strada secondaria trafficata,no,2,no,0,A1,
SS-MIL-4499,Via della Ferrera,,giallo,3,strada urbana senza ciclabile,no,2,si,0,B1,
SS-MIL-4500,Via della Giustizia,,giallo,3,strada urbana senza ciclabile,no,2,no,0,C2,
SS-MIL-4501,Via della Guastalla,,giallo,3,strada urbana senza ciclabile (1 corsie),no,1,si,0,B2,
SS-MIL-4502,Via della Liberazione,,giallo,3,strada urbana senza ciclabile,no,2,si,0,A2,
SS-MIL-4503,Via della Libertà,,giallo,3,strada urbana senza ciclabile,no,2,si,0,A2,
SS-MIL-4504,Via della Maggiolina,,giallo,3,strada urbana senza ciclabile,no,2,si,0,C2,
SS-MIL-4505,Via della Marianna,,giallo,3,strada urbana senza ciclabile,no,2,no,0,A1,
SS-MIL-4506,Via della Marna,,giallo,3,strada urbana senza ciclabile,no,2,no,0,C2,
SS-MIL-4507,Via della Martesana,,verde,1,ciclabile presente (da OpenStreetMap),si,1,no,0,C2,
SS-MIL-4508,Via della Martinella,,giallo,3,strada urbana senza ciclabile,no,2,no,0,B1,
SS-MIL-4509,Via della Meccanica,,giallo,3,strada urbana senza ciclabile,no,2,si,0,C1,
SS-MIL-4510,Via della Misericordia,,giallo,3,strada urbana senza ciclabile,no,2,no,0,A2,
SS-MIL-4511,Via della Mosa,,giallo,3,strada urbana senza ciclabile,no,2,no,0,C1,
SS-MIL-4512,Via della Moscova,,giallo,3,strada urbana senza ciclabile (2 corsie),no,2,no,0,B2,
SS-MIL-4513,Via della Pace,,giallo,3,strada urbana senza ciclabile,no,2,no,0,A2,
SS-MIL-4514,Via della Palla,,giallo,3,strada urbana senza ciclabile,no,2,no,0,B2,
SS-MIL-4515,Via della Pecetta,,giallo,3,strada urbana senza ciclabile,no,2,no,0,C2,
SS-MIL-4516,Via della Posta,,giallo,3,strada urbana senza ciclabile (1 corsie),no,1,si,0,B2,
SS-MIL-4517,Via della Repubblica,,giallo,3,strada urbana senza ciclabile,no,2,si,0,B1,
SS-MIL-4518,Via della Resistenza,,giallo,3,strada urbana senza ciclabile,no,2,si,0,A1,
SS-MIL-4519,Via della Rigosella,,giallo,3,strada urbana senza ciclabile,no,2,no,0,C1,
SS-MIL-4520,Via della Rondine,,giallo,3,strada urbana senza ciclabile,no,2,no,0,B1,
SS-MIL-4521,Via della Senna,,giallo,3,strada urbana senza ciclabile,no,2,no,0,C1,
SS-MIL-4522,Via della Signora,,giallo,3,strada urbana senza ciclabile,no,2,si,0,B2,
SS-MIL-4523,Via della Sila,,giallo,3,strada urbana senza ciclabile (1 corsie),no,1,si,0,B2,
SS-MIL-4524,Via della Spiga,,verde,1,ciclabile presente (da OpenStreetMap),si,2,no,0,B2,
SS-MIL-4525,Via della Stampa,,giallo,3,strada urbana senza ciclabile,no,2,no,0,C1,
SS-MIL-4526,Via della Stazione,,giallo,3,strada urbana senza ciclabile,no,2,si,0,A2,
SS-MIL-4527,Via della Torre,,giallo,3,strada urbana senza ciclabile (1 corsie),no,1,si,0,C2,
SS-MIL-4528,Via della Unione Europea,,giallo,3,strada urbana senza ciclabile,no,2,si,0,A2,
SS-MIL-4529,Via della Vittoria,,giallo,3,strada urbana senza ciclabile,no,2,si,0,A2,
SS-MIL-4530,Via delle Acacie,,giallo,3,strada urbana senza ciclabile,no,2,no,0,B1,
SS-MIL-4531,Via delle Alpi,,giallo,3,strada urbana senza ciclabile (1 corsie),no,1,si,0,C1,
SS-MIL-4532,Via delle Ande,,giallo,3,strada urbana senza ciclabile,no,2,no,0,C1,
SS-MIL-4533,Via delle Asole,,giallo,3,strada urbana senza ciclabile (1 corsie),no,1,si,0,B2,
SS-MIL-4534,Via delle Azalee,,giallo,3,strada urbana senza ciclabile,no,2,no,0,A1,
SS-MIL-4535,Via delle Betulle,,giallo,3,strada urbana senza ciclabile,no,2,no,0,A1,
SS-MIL-4536,Via delle Camelie,,giallo,3,strada urbana senza ciclabile,no,2,no,0,B1,
SS-MIL-4537,Via delle Campagne,,giallo,3,strada urbana senza ciclabile,no,2,no,0,C1,
SS-MIL-4538,Via delle Cascine,,giallo,3,strada urbana senza ciclabile,no,2,si,0,A2,
SS-MIL-4539,Via delle Crociate,,giallo,3,strada urbana senza ciclabile,no,2,si,0,A2,
SS-MIL-4540,Via delle Erbe,,giallo,3,strada urbana senza ciclabile (1 corsie),no,1,si,0,B2,
SS-MIL-4541,Via delle Foppette,,giallo,3,strada urbana senza ciclabile,no,2,si,0,B1,
SS-MIL-4542,Via delle Forze Armate,,giallo,3,strada urbana senza ciclabile,no,2,si,0,B1,
SS-MIL-4543,Via delle Gardenie,,giallo,3,strada urbana senza ciclabile,no,2,si,0,B1,
SS-MIL-4544,Via delle Genziane,,giallo,3,strada urbana senza ciclabile,no,2,si,0,B1,
SS-MIL-4545,Via delle Ginestre,,giallo,3,strada urbana senza ciclabile,no,2,no,0,B1,
SS-MIL-4546,Via delle Industrie,,giallo,3,strada urbana senza ciclabile (2 corsie),no,2,no,0,C1,
SS-MIL-4547,Via delle Leghe,,giallo,3,strada urbana senza ciclabile (1 corsie),no,1,si,0,C2,
SS-MIL-4548,Via delle Magnolie,,giallo,3,strada urbana senza ciclabile,no,2,no,0,B1,
SS-MIL-4549,Via delle Margherite,,giallo,3,strada urbana senza ciclabile,no,2,si,0,B1,
SS-MIL-4550,Via delle Mimose,,giallo,3,strada urbana senza ciclabile,no,2,si,0,B1,
SS-MIL-4551,Via delle Orchidee,,giallo,3,strada urbana senza ciclabile,no,2,si,0,B1,
SS-MIL-4552,Via delle Ore,,giallo,3,strada urbana senza ciclabile,no,2,si,0,B2,
SS-MIL-4553,Via delle Orsole,,giallo,3,strada urbana senza ciclabile,no,2,no,0,B2,
SS-MIL-4554,Via delle Ortensie,,giallo,3,strada urbana senza ciclabile,no,2,no,0,B1,
SS-MIL-4555,Via delle Querce,,giallo,3,strada urbana senza ciclabile,no,2,no,0,A1,
SS-MIL-4556,Via delle Regioni,,giallo,3,strada urbana senza ciclabile (1 corsie),no,1,si,0,B2,
SS-MIL-4557,Via delle Rimembranze,,giallo,3,strada urbana senza ciclabile (2 corsie),no,2,no,0,B2,
SS-MIL-4558,Via delle Robinie,,giallo,3,strada urbana senza ciclabile,no,2,si,0,A1,
SS-MIL-4559,Via delle Rose,,giallo,3,strada urbana senza ciclabile,no,2,no,0,A1,
SS-MIL-4560,Via delle Tuberose,,giallo,3,strada urbana senza ciclabile,no,2,no,0,B1,
SS-MIL-4561,Via delle Viole,,giallo,3,strada urbana senza ciclabile,no,2,no,0,B1,
SS-MIL-4562,Via dello Storno,,giallo,3,strada urbana senza ciclabile,no,2,si,0,B1,
SS-MIL-4563,Via di Porta Tenaglia,,giallo,3,strada urbana senza ciclabile,no,2,si,0,B2,
SS-MIL-4564,Via don Giovanni Calabria,,giallo,3,strada urbana senza ciclabile (2 corsie),no,2,no,0,C2,
SS-MIL-4565,Via don Giovanni Minzoni,,giallo,3,strada urbana senza ciclabile,no,2,si,0,A1,
SS-MIL-4566,Via fratelli Cairoli,,giallo,3,strada urbana senza ciclabile,no,2,si,0,C1,
SS-MIL-4567,Via fratelli Ruffini,,giallo,3,strada urbana senza ciclabile (2 corsie),no,2,no,0,B2,
SS-MIL-4568,Via passo di Fargorida,,giallo,3,strada urbana senza ciclabile,no,2,si,0,B1,
SS-MIL-4569,Via per Cesano Boscone,,giallo,3,strada urbana senza ciclabile,no,2,si,0,B1,
SS-MIL-4570,Via per Rovido,,giallo,3,strada urbana senza ciclabile (2 corsie),no,2,no,0,A1,
SS-MIL-4571,Via privata Alberto Cavalletto,,giallo,3,strada urbana senza ciclabile,no,2,si,0,C2,
SS-MIL-4572,Via privata Alessandro Scanini,,giallo,3,strada urbana senza ciclabile,no,2,si,0,B1,
SS-MIL-4573,Via privata Alfredo Soffredini,,giallo,3,strada urbana senza ciclabile (1 corsie),no,1,si,0,C2,
SS-MIL-4574,Via privata Alghero,,giallo,3,strada urbana senza ciclabile,no,2,si,0,C2,
SS-MIL-4575,Via privata Anassagora,,giallo,3,strada urbana senza ciclabile (2 corsie),no,2,no,0,C2,
SS-MIL-4576,Via privata Andrea Vochieri,,giallo,3,strada urbana senza ciclabile,no,2,no,0,C2,
SS-MIL-4577,Via privata Angera,,giallo,3,strada urbana senza ciclabile,no,2,si,0,C2,
SS-MIL-4578,Via privata Annibal Caro,,giallo,3,strada urbana senza ciclabile,no,2,si,0,C2,
SS-MIL-4579,Via privata Antonio Fortunato Stella,,giallo,3,strada urbana senza ciclabile,no,2,no,0,C2,
SS-MIL-4580,Via privata Antonio Fratti,,giallo,3,strada urbana senza ciclabile,no,2,si,0,C2,
SS-MIL-4581,Via privata Antonio Gazzoletti,,giallo,3,strada urbana senza ciclabile,no,2,si,0,C1,
SS-MIL-4582,Via privata Antonio Grumello,,giallo,3,strada urbana senza ciclabile (1 corsie),no,1,si,0,B2,
SS-MIL-4583,Via privata Antonio Meucci,,giallo,3,strada urbana senza ciclabile,no,2,si,0,C2,
SS-MIL-4584,Via privata Antonio Vivaldi,,blu,2,accesso limitato (ZTL),no,1,no,0,C2,
SS-MIL-4585,Via privata Antonio da Saluzzo,,giallo,3,strada urbana senza ciclabile,no,2,no,0,C2,
SS-MIL-4586,Via privata Aquila,,giallo,3,strada urbana senza ciclabile,no,2,no,0,B2,
SS-MIL-4587,Via privata Archimede,,giallo,3,strada urbana senza ciclabile,no,2,no,0,A1,
SS-MIL-4588,Via privata Armando Falconi,,giallo,3,strada urbana senza ciclabile,no,2,si,0,C2,
SS-MIL-4589,Via privata Armenia,,giallo,3,strada urbana senza ciclabile,no,2,si,0,C1,
SS-MIL-4590,Via privata Armida Barelli,,giallo,3,strada urbana senza ciclabile,no,2,si,0,B1,
SS-MIL-4591,Via privata Arnaldo Fusinato,,giallo,3,strada urbana senza ciclabile,no,2,no,0,C1,
SS-MIL-4592,Via privata Arosio,,giallo,3,strada urbana senza ciclabile,no,2,si,0,B1,
SS-MIL-4593,Via privata Arpino,,giallo,3,strada urbana senza ciclabile,no,2,no,0,B1,
SS-MIL-4594,Via privata Arsiero,,giallo,3,strada urbana senza ciclabile,no,2,si,0,C2,
SS-MIL-4595,Via privata Assab,,giallo,3,strada urbana senza ciclabile,no,2,si,0,C2,
SS-MIL-4596,Via privata Asti,,giallo,3,strada urbana senza ciclabile,no,2,no,0,B1,
SS-MIL-4597,Via privata Atene,,giallo,3,strada urbana senza ciclabile,no,2,si,0,C2,
SS-MIL-4598,Via privata Attilio e Teresa Cassoni,,blu,2,accesso limitato (ZTL),no,1,no,0,B1,
SS-MIL-4599,Via privata Autari,,giallo,3,strada urbana senza ciclabile,no,2,si,0,B2,
SS-MIL-4600,Via privata Bastia,,blu,2,accesso limitato (ZTL),no,1,no,0,B2,
SS-MIL-4601,Via privata Battista de Rolandi,,giallo,3,strada urbana senza ciclabile,no,2,no,0,C1,
SS-MIL-4602,Via privata Baveno,,blu,2,zona pedonale / living street,no,1,no,0,C2,
SS-MIL-4603,Via privata Belgirate,,giallo,3,strada urbana senza ciclabile,no,2,si,0,C2,
SS-MIL-4604,Via privata Bellinzona,,giallo,3,strada urbana senza ciclabile,no,2,no,0,C1,
SS-MIL-4605,Via privata Bernabò Visconti,,giallo,3,strada urbana senza ciclabile,no,2,no,0,B1,
SS-MIL-4606,Via privata Bertola da Novate,,giallo,3,strada urbana senza ciclabile,no,2,no,0,C1,
SS-MIL-4607,Via privata Bettino da Trezzo,,giallo,3,strada urbana senza ciclabile,no,2,no,0,C2,
SS-MIL-4608,Via privata Bitinia,,giallo,3,strada urbana senza ciclabile,no,2,no,0,B2,
SS-MIL-4609,Via privata Bivona,,giallo,3,strada urbana senza ciclabile,no,2,no,0,C1,
SS-MIL-4610,Via privata Bobbio,,giallo,3,strada urbana senza ciclabile,no,2,si,0,B2,
SS-MIL-4611,Via privata Bolivia,,giallo,3,strada urbana senza ciclabile,no,2,no,0,C1,
SS-MIL-4612,Via privata Branda Castiglioni,,giallo,3,strada urbana senza ciclabile,no,2,no,0,C1,
SS-MIL-4613,Via privata Cagliari,,giallo,3,strada urbana senza ciclabile (1 corsie),no,1,si,0,C2,
SS-MIL-4614,Via privata Calizzano,,giallo,3,strada urbana senza ciclabile,no,2,no,0,C2,
SS-MIL-4615,Via privata Capodistria,,giallo,3,strada urbana senza ciclabile,no,2,si,0,C1,
SS-MIL-4616,Via privata Carlo Galeno,,giallo,3,strada urbana senza ciclabile,no,2,si,0,A1,
SS-MIL-4617,Via privata Carlo Innocenzo Frugoni,,giallo,3,strada urbana senza ciclabile,no,2,si,0,C2,
SS-MIL-4618,Via privata Celio,,giallo,3,strada urbana senza ciclabile,no,2,si,0,B1,
SS-MIL-4619,Via privata Cesare Battisti,,giallo,3,strada urbana senza ciclabile,no,2,no,0,B2,
SS-MIL-4620,Via privata Cesare Spellanzon,,giallo,3,strada urbana senza ciclabile,no,2,si,0,C2,
SS-MIL-4621,Via privata Cesare Vignati,,giallo,3,strada urbana senza ciclabile,no,2,si,0,C2,
SS-MIL-4622,Via privata Cherso,,giallo,3,strada urbana senza ciclabile,no,2,no,0,C2,
SS-MIL-4623,Via privata Chiasso,,giallo,3,strada urbana senza ciclabile,no,2,no,0,C1,
SS-MIL-4624,Via privata Chieti,,giallo,3,strada urbana senza ciclabile,no,2,no,0,B2,
SS-MIL-4625,Via privata Chioggia,,giallo,3,strada urbana senza ciclabile (2 corsie),no,2,no,0,C2,
SS-MIL-4626,Via privata Claudiano,,giallo,3,strada urbana senza ciclabile,no,2,no,0,B1,
SS-MIL-4627,Via privata Conegliano,,giallo,3,strada urbana senza ciclabile,no,2,si,0,C2,
SS-MIL-4628,Via privata Decemviri,,giallo,3,strada urbana senza ciclabile,no,2,no,0,B2,
SS-MIL-4629,Via privata Derna,,giallo,3,strada urbana senza ciclabile,no,2,si,0,C2,
SS-MIL-4630,Via privata Deruta,,giallo,3,strada urbana senza ciclabile,no,2,si,0,C2,
SS-MIL-4631,Via privata Dina Galli,,giallo,3,strada urbana senza ciclabile (1 corsie),no,1,si,0,C2,
SS-MIL-4632,Via privata Dogali,,giallo,3,strada urbana senza ciclabile,no,2,si,0,C2,
SS-MIL-4633,Via privata Dolfin,,giallo,3,strada urbana senza ciclabile,no,2,no,0,C2,
SS-MIL-4634,Via privata Don Bartolomeo Grazioli,,giallo,3,strada urbana senza ciclabile,no,2,si,0,C2,
SS-MIL-4635,Via privata Dracone,,giallo,3,strada urbana senza ciclabile,no,2,si,0,C2,
SS-MIL-4636,Via privata Ebro,,giallo,3,strada urbana senza ciclabile,no,2,si,0,B2,
SS-MIL-4637,Via privata Eraclito,,giallo,3,strada urbana senza ciclabile,no,2,si,0,C2,
SS-MIL-4638,Via privata Erasmo Boschetti,,giallo,3,strada urbana senza ciclabile,no,2,no,0,C2,
SS-MIL-4639,Via privata Ercole Marelli,,giallo,3,strada urbana senza ciclabile,no,2,si,0,B2,
SS-MIL-4640,Via privata Esculapio,,giallo,3,strada urbana senza ciclabile,no,2,si,0,C2,
SS-MIL-4641,Via privata Esiodo,,giallo,3,strada urbana senza ciclabile,no,2,si,0,C2,
SS-MIL-4642,Via privata Euclide,,giallo,3,strada urbana senza ciclabile,no,2,no,0,A1,
SS-MIL-4643,Via privata Eugenio Barsanti,,giallo,3,strada urbana senza ciclabile,no,2,si,0,B2,
SS-MIL-4644,Via privata Felice Romani,,giallo,3,strada urbana senza ciclabile,no,2,no,0,C2,
SS-MIL-4645,Via privata Flumendosa,,giallo,3,strada urbana senza ciclabile,no,2,si,0,C2,
SS-MIL-4646,Via privata Francesco Maria Veracini,,blu,2,accesso limitato (ZTL),no,1,no,0,C2,
SS-MIL-4647,Via privata Fratelli Ciani,,giallo,3,strada urbana senza ciclabile,no,2,no,0,B1,
SS-MIL-4648,Via privata Fratelli Gabba,,giallo,3,strada urbana senza ciclabile,no,2,no,0,B2,
SS-MIL-4649,Via privata Fratelli Lorenzetti,,giallo,3,strada urbana senza ciclabile (1 corsie),no,1,si,0,B1,
SS-MIL-4650,Via privata Fratelli Piazza,,giallo,3,strada urbana senza ciclabile,no,2,no,0,B1,
SS-MIL-4651,Via privata Gabriele Camozzi,,giallo,3,strada urbana senza ciclabile,no,2,no,0,B1,
SS-MIL-4652,Via privata Gabrio Casati,,giallo,3,strada urbana senza ciclabile,no,2,no,0,C2,
SS-MIL-4653,Via privata Gadames,,giallo,3,strada urbana senza ciclabile,no,2,si,0,C1,
SS-MIL-4654,Via privata Gaetano Sbodio,,giallo,3,strada urbana senza ciclabile (2 corsie),no,2,no,0,B2,
SS-MIL-4655,Via privata Galeno,,giallo,3,strada urbana senza ciclabile,no,2,si,0,C2,
SS-MIL-4656,Via privata Gaspare Bugatti,,giallo,3,strada urbana senza ciclabile,no,2,si,0,B2,
SS-MIL-4657,Via privata Gasparo da Salò,,blu,2,accesso limitato (ZTL),no,1,no,0,C2,
SS-MIL-4658,Via privata Gerolamo Avogadro,,giallo,3,strada urbana senza ciclabile,no,2,no,0,B1,
SS-MIL-4659,Via privata Giacomo Favretto,,giallo,3,strada urbana senza ciclabile,no,2,si,0,B1,
SS-MIL-4660,Via privata Giacomo Filippo Besta,,giallo,3,strada urbana senza ciclabile,no,2,no,0,C2,
SS-MIL-4661,Via privata Giampietro Lucini,,giallo,3,strada urbana senza ciclabile,no,2,si,0,C2,
SS-MIL-4662,Via privata Giancarlo Puecher,,giallo,3,strada urbana senza ciclabile (1 corsie),no,1,si,0,C2,
SS-MIL-4663,Via privata Gianicolo,,giallo,3,strada urbana senza ciclabile,no,2,no,0,B1,
SS-MIL-4664,Via privata Gino Rocca,,blu,2,accesso limitato (ZTL),no,1,no,0,C2,
SS-MIL-4665,Via privata Giocondo Albertolli,,giallo,3,strada urbana senza ciclabile,no,2,si,0,C1,
SS-MIL-4666,Via privata Giovanni Battista Carta,,giallo,3,strada urbana senza ciclabile,no,2,si,0,C2,
SS-MIL-4667,Via privata Giovanni Battista Giorgini,,giallo,3,strada urbana senza ciclabile,no,2,si,0,C1,
SS-MIL-4668,Via privata Giovanni Battista Prandina,,giallo,3,strada urbana senza ciclabile,no,2,no,0,C2,
SS-MIL-4669,Via privata Giovanni Bertacchi,,giallo,3,strada urbana senza ciclabile,no,2,no,0,B2,
SS-MIL-4670,Via privata Giovanni Pascoli,,giallo,3,strada urbana senza ciclabile,no,2,no,0,C1,
SS-MIL-4671,Via privata Giovanni Zambelli,,giallo,3,strada urbana senza ciclabile,no,2,no,0,C2,
SS-MIL-4672,Via privata Giovanni da Verrazzano,,giallo,3,strada urbana senza ciclabile,no,2,si,0,C2,
SS-MIL-4673,Via privata Giovannino De Grassi,,blu,2,accesso limitato (ZTL),no,1,no,0,B2,
SS-MIL-4674,Via privata Giulio Caccini,,blu,2,accesso limitato (ZTL),no,1,no,0,C2,
SS-MIL-4675,Via privata Giuseppe Abamonti,,giallo,3,strada urbana senza ciclabile (1 corsie),no,1,si,0,B2,
SS-MIL-4676,Via privata Giuseppe Maria Giulietti,,giallo,3,strada urbana senza ciclabile,no,2,no,0,C2,
SS-MIL-4677,Via privata Giuseppe Martucci,,blu,2,accesso limitato (ZTL),no,1,no,0,C2,
SS-MIL-4678,Via privata Giuseppe Padulli,,giallo,3,strada urbana senza ciclabile (2 corsie),no,2,no,0,B1,
SS-MIL-4679,Via privata Giuseppe Ugolini,,giallo,3,strada urbana senza ciclabile,no,2,no,0,C2,
SS-MIL-4680,Via privata Golfo degli Aranci,,giallo,3,strada urbana senza ciclabile,no,2,si,0,C2,
SS-MIL-4681,Via privata Gradisca,,giallo,3,strada urbana senza ciclabile,no,2,si,0,C1,
SS-MIL-4682,Via privata Grado,,giallo,3,strada urbana senza ciclabile,no,2,si,0,C2,
SS-MIL-4683,Via privata Gran Sasso,,giallo,3,strada urbana senza ciclabile (1 corsie),no,1,no,0,C1,
SS-MIL-4684,Via privata Hermada,,giallo,3,strada urbana senza ciclabile,no,2,no,0,C2,
SS-MIL-4685,Via privata Iglesias,,giallo,3,strada urbana senza ciclabile,no,2,si,0,C2,
SS-MIL-4686,Via privata Jacopo Vittorelli,,giallo,3,strada urbana senza ciclabile,no,2,no,0,C2,
SS-MIL-4687,Via privata Labeone,,giallo,3,strada urbana senza ciclabile,no,2,si,0,B2,
SS-MIL-4688,Via privata Leone da Perego,,giallo,3,strada urbana senza ciclabile,no,2,no,0,C2,
SS-MIL-4689,Via privata Leto Pomponio,,giallo,3,strada urbana senza ciclabile,no,2,no,0,B1,
SS-MIL-4690,Via privata Licurgo,,giallo,3,strada urbana senza ciclabile,no,2,si,0,C2,
SS-MIL-4691,Via privata Linda Malnati,,giallo,3,strada urbana senza ciclabile,no,2,si,0,B1,
SS-MIL-4692,Via privata Locarno,,giallo,3,strada urbana senza ciclabile,no,2,no,0,C1,
SS-MIL-4693,Via privata Lodovico Pogliaghi,,giallo,3,strada urbana senza ciclabile,no,2,no,0,B1,
SS-MIL-4694,Via privata Luigi Barzini,,blu,2,accesso limitato (ZTL),no,1,no,0,C2,
SS-MIL-4695,Via privata Luigi Cibrario,,giallo,3,strada urbana senza ciclabile (1 corsie),no,1,si,0,C2,
SS-MIL-4696,Via privata Luigi Sala,,giallo,3,strada urbana senza ciclabile,no,2,no,0,B2,
SS-MIL-4697,Via privata Luigi Zamboni,,giallo,3,strada urbana senza ciclabile,no,2,no,0,C1,
SS-MIL-4698,Via privata Lusitania,,giallo,3,strada urbana senza ciclabile,no,2,no,0,A2,
SS-MIL-4699,Via privata Marcello Moretti,,giallo,3,strada urbana senza ciclabile,no,2,no,0,C2,
SS-MIL-4700,Via privata Maria Melato,,giallo,3,strada urbana senza ciclabile,no,2,si,0,C1,
SS-MIL-4701,Via privata Martino Lutero,,giallo,3,strada urbana senza ciclabile (2 corsie),no,2,no,0,C2,
SS-MIL-4702,Via privata Massimo Bontempelli,,blu,2,accesso limitato (ZTL),no,1,no,0,C2,
SS-MIL-4703,Via privata Mauro Rota,,giallo,3,strada urbana senza ciclabile (2 corsie),no,2,no,0,C2,
SS-MIL-4704,Via privata Meina,,giallo,3,strada urbana senza ciclabile,no,2,si,0,C2,
SS-MIL-4705,Via privata Metauro,,giallo,3,strada urbana senza ciclabile,no,2,si,0,B1,
SS-MIL-4706,Via privata Michele Faraday,,giallo,3,strada urbana senza ciclabile,no,2,si,0,B1,
SS-MIL-4707,Via privata Miramare,,giallo,3,strada urbana senza ciclabile,no,2,si,0,C2,
SS-MIL-4708,Via privata Moncalvo,,giallo,3,strada urbana senza ciclabile,no,2,si,0,B1,
SS-MIL-4709,Via privata Mondovì,,giallo,3,strada urbana senza ciclabile (1 corsie),no,1,si,0,C2,
SS-MIL-4710,Via privata Monte Lungo,,giallo,3,strada urbana senza ciclabile (1 corsie),no,1,si,0,C2,
SS-MIL-4711,Via privata Monte Prato Magno,,giallo,3,strada urbana senza ciclabile,no,2,si,0,C2,
SS-MIL-4712,Via privata Montefior,,giallo,3,strada urbana senza ciclabile,no,2,si,0,C2,
SS-MIL-4713,Via privata Mottarone,,giallo,3,strada urbana senza ciclabile,no,2,si,0,C1,
SS-MIL-4714,Via privata Muzio Clementi,,blu,2,accesso limitato (ZTL),no,1,no,0,C2,
SS-MIL-4715,Via privata Nervi,,giallo,3,strada urbana senza ciclabile,no,2,si,0,C2,
SS-MIL-4716,Via privata Nicolò Alunno,,giallo,3,strada urbana senza ciclabile (1 corsie),no,1,si,0,B1,
SS-MIL-4717,Via privata Nicolò Bettoni,,giallo,3,strada urbana senza ciclabile,no,2,no,0,C2,
SS-MIL-4718,Via privata Nino Bonnet,,giallo,3,strada urbana senza ciclabile,no,2,si,0,B2,
SS-MIL-4719,Via privata Oldrado Da Tresseno,,giallo,3,strada urbana senza ciclabile,no,2,si,0,C2,
SS-MIL-4720,Via privata Oriana Fallaci,,giallo,3,strada urbana senza ciclabile,no,2,no,0,A2,
SS-MIL-4721,Via privata Orio Vergani,,blu,2,accesso limitato (ZTL),no,1,no,0,C2,
SS-MIL-4722,Via privata Oslavia,,giallo,3,strada urbana senza ciclabile,no,2,si,0,B2,
SS-MIL-4723,Via privata Ottaviano Vimercati,,giallo,3,strada urbana senza ciclabile (1 corsie),no,1,si,0,C2,
SS-MIL-4724,Via privata Padre Reginaldo Giuliani,,giallo,3,strada urbana senza ciclabile,no,2,no,0,C2,
SS-MIL-4725,Via privata Pandino,,blu,2,accesso limitato (ZTL),no,1,no,0,B1,
SS-MIL-4726,Via privata Pantelleria,,giallo,3,strada urbana senza ciclabile,no,2,si,0,C1,
SS-MIL-4727,Via privata Paolo Giorza,,giallo,3,strada urbana senza ciclabile,no,2,si,0,B2,
SS-MIL-4728,Via privata Paolo Mariani,,giallo,3,strada urbana senza ciclabile,no,2,si,0,C1,
SS-MIL-4729,Via privata Paolo Paruta,,giallo,3,strada urbana senza ciclabile,no,2,si,0,C2,
SS-MIL-4730,Via privata Paolo Rotta,,giallo,3,strada urbana senza ciclabile,no,2,si,0,C2,
SS-MIL-4731,Via privata Paolo dal Pozzo Toscanelli,,giallo,3,strada urbana senza ciclabile,no,2,si,0,C2,
SS-MIL-4732,Via privata Parenzo,,giallo,3,strada urbana senza ciclabile,no,2,si,0,B1,
SS-MIL-4733,Via privata Passarella,,blu,2,zona pedonale / living street,no,1,no,0,B2,
SS-MIL-4734,Via privata Pericle,,giallo,3,strada urbana senza ciclabile (1 corsie),no,1,si,0,C2,
SS-MIL-4735,Via privata Pienza,,giallo,3,strada urbana senza ciclabile,no,2,no,0,A2,
SS-MIL-4736,Via privata Piero Martinetti,,giallo,3,strada urbana senza ciclabile (1 corsie),no,1,si,0,B1,
SS-MIL-4737,Via privata Pietro Bembo,,giallo,3,strada urbana senza ciclabile,no,2,si,0,C2,
SS-MIL-4738,Via privata Pietro Colla,,giallo,3,strada urbana senza ciclabile,no,2,si,0,B1,
SS-MIL-4739,Via privata Pietro Gaggia,,giallo,3,strada urbana senza ciclabile,no,2,si,0,B2,
SS-MIL-4740,Via privata Pietro della Valle,,giallo,3,strada urbana senza ciclabile,no,2,si,0,C2,
SS-MIL-4741,Via privata Pirano,,giallo,3,strada urbana senza ciclabile (1 corsie),no,1,si,0,C2,
SS-MIL-4742,Via privata Poggibonsi,,giallo,3,strada urbana senza ciclabile (2 corsie),no,2,no,0,B1,
SS-MIL-4743,Via privata Politi,,giallo,3,strada urbana senza ciclabile,no,2,no,0,A1,
SS-MIL-4744,Via privata Polonia,,giallo,3,strada urbana senza ciclabile,no,2,no,0,C1,
SS-MIL-4745,Via privata Postumia,,giallo,3,strada urbana senza ciclabile,no,2,si,0,B1,
SS-MIL-4746,Via privata Prassitele,,giallo,3,strada urbana senza ciclabile,no,2,no,0,C2,
SS-MIL-4747,Via privata Preneste,,giallo,3,strada urbana senza ciclabile,no,2,si,0,B1,
SS-MIL-4748,Via privata Procopio,,giallo,3,strada urbana senza ciclabile,no,2,si,0,B1,
SS-MIL-4749,Via privata Publio Rutilio Rufo,,giallo,3,strada urbana senza ciclabile,no,2,si,0,C2,
SS-MIL-4750,Via privata Quarto Cagnino,,giallo,3,strada urbana senza ciclabile,no,2,no,0,B1,
SS-MIL-4751,Via privata Raffaele Calzini,,giallo,3,strada urbana senza ciclabile,no,2,si,0,C1,
SS-MIL-4752,Via privata Raffaele De Grada,,blu,2,accesso limitato (ZTL),no,1,no,0,C2,
SS-MIL-4753,Via privata Raffaello Giolli,,giallo,3,strada urbana senza ciclabile,no,2,no,0,C2,
SS-MIL-4754,Via privata Raffaello Morghen,,giallo,3,strada urbana senza ciclabile,no,2,si,0,C2,
SS-MIL-4755,Via privata Recanati,,giallo,3,strada urbana senza ciclabile,no,2,no,0,C2,
SS-MIL-4756,Via privata Renato Birolli,,blu,2,accesso limitato (ZTL),no,1,no,0,C2,
SS-MIL-4757,Via privata Renzo e Lucia,,giallo,3,strada urbana senza ciclabile,no,2,no,0,A2,
SS-MIL-4758,Via privata Repubblica di San Marino,,giallo,3,strada urbana senza ciclabile,no,2,no,0,C1,
SS-MIL-4759,Via privata Riccardo Galli,,giallo,3,strada urbana senza ciclabile,no,2,si,0,B1,
SS-MIL-4760,Via privata Roane,,blu,2,accesso limitato (ZTL),no,1,no,0,B1,
SS-MIL-4761,Via privata Roberto Bracco,,giallo,3,strada urbana senza ciclabile,no,2,si,0,C2,
SS-MIL-4762,Via privata Salamanca,,giallo,3,strada urbana senza ciclabile,no,2,no,0,A1,
SS-MIL-4763,Via privata Samuele Mazzucchelli,,giallo,3,strada urbana senza ciclabile,no,2,si,0,C2,
SS-MIL-4764,Via privata San Mansueto,,giallo,3,strada urbana senza ciclabile,no,2,si,0,B2,
SS-MIL-4765,Via privata San Romanello,,giallo,3,strada urbana senza ciclabile,no,2,no,0,B1,
SS-MIL-4766,Via privata Sant'Ampellio,,giallo,3,strada urbana senza ciclabile,no,2,si,0,B2,
SS-MIL-4767,Via privata Santa Chiara,,giallo,3,strada urbana senza ciclabile,no,2,si,0,C2,
SS-MIL-4768,Via privata Santi Nabore e Felice,,giallo,3,strada urbana senza ciclabile,no,2,no,0,B1,
SS-MIL-4769,Via privata Saverio Griffini,,giallo,3,strada urbana senza ciclabile,no,2,no,0,B1,
SS-MIL-4770,Via privata Scipione Piattoli,,blu,2,zona pedonale / living street,no,1,si,0,C2,
SS-MIL-4771,Via privata Solone,,giallo,3,strada urbana senza ciclabile,no,2,si,0,C2,
SS-MIL-4772,Via privata Somalia,,giallo,3,strada urbana senza ciclabile,no,2,no,0,C1,
SS-MIL-4773,Via privata Sommacampagna,,giallo,3,strada urbana senza ciclabile (1 corsie),no,1,si,0,C2,
SS-MIL-4774,Via privata Spinazzola,,giallo,3,strada urbana senza ciclabile,no,2,no,0,B1,
SS-MIL-4775,Via privata Stefanardo da Vimercate,,giallo,3,strada urbana senza ciclabile,no,2,si,0,C2,
SS-MIL-4776,Via privata Tacito,,giallo,3,strada urbana senza ciclabile,no,2,no,0,A1,
SS-MIL-4777,Via privata Talete,,giallo,3,strada urbana senza ciclabile,no,2,no,0,A1,
SS-MIL-4778,Via privata Tarvisio,,giallo,3,strada urbana senza ciclabile,no,2,si,0,C2,
SS-MIL-4779,Via privata Terenzio Mamiani,,giallo,3,strada urbana senza ciclabile,no,2,si,0,C2,
SS-MIL-4780,Via privata Tirso,,giallo,3,strada urbana senza ciclabile,no,2,si,0,B2,
SS-MIL-4781,Via privata Tracia,,giallo,3,strada urbana senza ciclabile,no,2,si,0,B1,
SS-MIL-4782,Via privata Treviso,,giallo,3,strada urbana senza ciclabile,no,2,si,0,C2,
SS-MIL-4783,Via privata Trilussa,,giallo,3,strada urbana senza ciclabile,no,2,no,0,C1,
SS-MIL-4784,Via privata Turro,,giallo,3,strada urbana senza ciclabile (1 corsie),no,1,si,0,C2,
SS-MIL-4785,Via privata Ugo Tommei,,giallo,3,strada urbana senza ciclabile,no,2,si,0,B2,
SS-MIL-4786,Via privata Umberto Fracchia,,blu,2,accesso limitato (ZTL),no,1,no,0,C2,
SS-MIL-4787,Via privata Val Camonica,,giallo,3,strada urbana senza ciclabile,no,2,no,0,C2,
SS-MIL-4788,Via privata Val Formazza,,giallo,3,strada urbana senza ciclabile,no,2,si,0,C1,
SS-MIL-4789,Via privata Val Leventina,,giallo,3,strada urbana senza ciclabile,no,2,no,0,B1,
SS-MIL-4790,Via privata Val Morea,,giallo,3,strada urbana senza ciclabile,no,2,no,0,B1,
SS-MIL-4791,Via privata Val di Fiemme,,giallo,3,strada urbana senza ciclabile,no,2,si,0,C2,
SS-MIL-4792,Via privata Val di Non,,giallo,3,strada urbana senza ciclabile,no,2,no,0,C2,
SS-MIL-4793,Via privata Valtravaglia,,giallo,3,strada urbana senza ciclabile,no,2,no,0,B1,
SS-MIL-4794,Via privata Venezia Giulia,,giallo,3,strada urbana senza ciclabile,no,2,no,0,C1,
SS-MIL-4795,Via privata Verganti,,giallo,3,strada urbana senza ciclabile,no,2,no,0,A1,
SS-MIL-4796,Via privata Vipiteno,,giallo,3,strada urbana senza ciclabile (2 corsie),no,2,no,0,C2,
SS-MIL-4797,Via privata Viserba,,giallo,3,strada urbana senza ciclabile,no,2,si,0,C2,
SS-MIL-4798,Via privata Vivarini,,giallo,3,strada urbana senza ciclabile,no,2,si,0,B2,
SS-MIL-4799,Via privata degli Orombelli,,giallo,3,strada urbana senza ciclabile (1 corsie),no,1,si,0,B2,
SS-MIL-4800,Via privata dei Crollalanza,,giallo,3,strada urbana senza ciclabile,no,2,si,0,B2,
SS-MIL-4801,Via privata dei Frassini,,giallo,3,strada urbana senza ciclabile,no,2,no,0,C1,
SS-MIL-4802,Via privata del Don,,giallo,3,strada urbana senza ciclabile (1 corsie),no,1,si,0,B2,
SS-MIL-4803,Via privata della Braida,,giallo,3,strada urbana senza ciclabile,no,2,no,0,B2,
SS-MIL-4804,Via privata della Garancetta,,giallo,3,strada urbana senza ciclabile,no,2,si,0,B2,
SS-MIL-4805,Via privata delle Primule,,giallo,3,strada urbana senza ciclabile,no,2,no,0,B1,
SS-MIL-4806,Via ragazzi del '99,,blu,2,zona pedonale / living street,no,1,no,0,B2,
SS-MIL-4807,Viale Abruzzi,,rosso,4,strada principale trafficata (2 corsie),no,2,si,0,B2,
SS-MIL-4808,Viale Achille Papa,,giallo,3,strada urbana senza ciclabile,no,2,si,0,C1,
SS-MIL-4809,Viale Affori,,verde,1,ciclabile presente (da OpenStreetMap),si,2,no,0,C2,
SS-MIL-4810,Viale Alcide De Gasperi,,giallo,3,strada urbana senza ciclabile,no,2,no,0,A2,
SS-MIL-4811,Viale Alessandro Volta,,giallo,3,strada urbana senza ciclabile,no,2,si,0,B1,
SS-MIL-4812,Viale Andrea Doria,,giallo,3,strada urbana senza ciclabile,no,2,si,0,B2,
SS-MIL-4813,Viale Angelo Filippetti,,rosso,4,strada secondaria trafficata (2 corsie),no,2,si,0,B2,
SS-MIL-4814,Viale Angelo Salmoiraghi,,verde,1,ciclabile presente (da OpenStreetMap),si,2,si,0,B1,
SS-MIL-4815,Viale Antonio Gramsci,,rosso,4,strada secondaria trafficata (2 corsie),no,2,si,0,C2,
SS-MIL-4816,Viale Aretusa,,giallo,3,strada urbana senza ciclabile,no,2,si,0,B1,
SS-MIL-4817,Viale Argonne,,giallo,3,strada urbana senza ciclabile (2 corsie),no,2,no,0,B2,
SS-MIL-4818,Viale Bacchiglione,,giallo,3,strada urbana senza ciclabile,no,2,si,0,B2,
SS-MIL-4819,Viale Beatrice d'Este,,rosso,4,strada secondaria trafficata,no,2,si,0,B2,
SS-MIL-4820,Viale Beauharnais,,blu,2,zona pedonale / living street,no,1,no,0,B2,
SS-MIL-4821,Viale Belisario,,giallo,3,strada urbana senza ciclabile,no,2,si,0,B1,
SS-MIL-4822,Viale Berbera,,giallo,3,strada urbana senza ciclabile (2 corsie),no,2,si,0,C2,
SS-MIL-4823,Viale Berengario,,rosso,4,strada secondaria trafficata (2 corsie),no,2,si,0,B1,
SS-MIL-4824,Viale Bianca Maria,,rosso,4,strada secondaria trafficata,no,2,si,0,B2,
SS-MIL-4825,Viale Bligny,,giallo,3,strada urbana senza ciclabile,no,2,si,0,B2,
SS-MIL-4826,Viale Brenta,,giallo,3,strada urbana senza ciclabile,no,2,si,0,B2,
SS-MIL-4827,Viale Brianza,,rosso,4,strada principale trafficata (2 corsie),no,2,si,0,B2,
SS-MIL-4828,Viale Ca' Granda,,giallo,3,strada urbana senza ciclabile,no,2,no,0,C2,
SS-MIL-4829,Viale Campania,,giallo,3,strada urbana senza ciclabile (2 corsie),no,2,no,0,A1,
SS-MIL-4830,Viale Carlo Borromeo,,giallo,3,strada urbana senza ciclabile (2 corsie),no,2,no,0,C2,
SS-MIL-4831,Viale Carlo Espinasse,,giallo,3,strada urbana senza ciclabile,no,2,si,0,C1,
SS-MIL-4832,Viale Carlo Troya,,rosso,4,strada principale trafficata (2 corsie),no,2,si,0,B1,
SS-MIL-4833,Viale Cassala,,rosso,4,strada principale trafficata (2 corsie),no,2,si,0,B1,
SS-MIL-4834,Viale Cassiodoro,,giallo,3,strada urbana senza ciclabile (1 corsie),no,1,si,0,B2,
SS-MIL-4835,Viale Caterina da Forlì,,verde,1,ciclabile presente (da OpenStreetMap),si,2,si,0,B1,
SS-MIL-4836,Viale Certosa,,giallo,3,strada urbana senza ciclabile,no,2,no,0,C1,
SS-MIL-4837,Viale Cirene,,giallo,3,strada urbana senza ciclabile (1 corsie),no,1,si,0,B2,
SS-MIL-4838,Viale Città di Fiume,,rosso,4,strada secondaria trafficata,no,2,si,0,B2,
SS-MIL-4839,Viale Col di Lana,,giallo,3,strada urbana senza ciclabile,no,2,no,0,B2,
SS-MIL-4840,Viale Comizi di Lione,,blu,2,zona pedonale / living street,no,1,no,0,B2,
SS-MIL-4841,Viale Congresso Cispadano,,blu,2,zona pedonale / living street,no,1,no,0,B2,
SS-MIL-4842,Viale Coni Zugna,,giallo,3,strada urbana senza ciclabile,no,2,no,0,B2,
SS-MIL-4843,Viale Corsica,,rosso,4,strada principale trafficata (2 corsie),no,2,si,0,B2,
SS-MIL-4844,Viale Cristoforo Colombo,,giallo,3,strada urbana senza ciclabile,no,2,si,0,A1,
SS-MIL-4845,Viale Daniele Ranzoni,,rosso,4,strada principale trafficata (2 corsie),no,2,si,0,B1,
SS-MIL-4846,Viale Don Luigi Orione,,giallo,3,strada urbana senza ciclabile,no,2,si,0,C2,
SS-MIL-4847,Viale Dottori Ingegneri Fratelli Palli,,blu,2,zona pedonale / living street,no,1,no,0,B2,
SS-MIL-4848,Viale Duilio,,giallo,3,strada urbana senza ciclabile,no,2,si,0,B2,
SS-MIL-4849,Viale Edoardo Jenner,,rosso,4,strada principale trafficata,no,2,si,0,C2,
SS-MIL-4850,Viale Eginardo,,rosso,4,strada secondaria trafficata,no,2,si,0,B1,
SS-MIL-4851,Viale Elvezia,,rosso,4,strada secondaria trafficata,no,2,si,0,B2,
SS-MIL-4852,Viale Emilia,,giallo,3,strada urbana senza ciclabile,no,2,no,0,C2,
SS-MIL-4853,Viale Emilio Alemagna,,blu,2,zona pedonale / living street,no,1,no,0,B2,
SS-MIL-4854,Viale Emilio Caldara,,rosso,4,strada secondaria trafficata,no,2,si,0,B2,
SS-MIL-4855,Viale Emilio Papiniano,,giallo,3,strada urbana senza ciclabile,no,2,si,0,B2,
SS-MIL-4856,Viale Enrico Conneau,,blu,2,zona pedonale / living street,no,1,no,0,B2,
SS-MIL-4857,Viale Enrico Elia,,rosso,4,strada principale trafficata (2 corsie),no,2,si,0,B1,
SS-MIL-4858,Viale Enrico Fermi,,nero,5,"strada ad alta velocità (primary, 70 km/h)",no,3,si,0,B1,
SS-MIL-4859,Viale Enrico Forlanini,,rosso,4,strada principale trafficata (2 corsie),no,2,si,0,B2,
SS-MIL-4860,Viale Enrico Martini,,giallo,3,strada urbana senza ciclabile,no,2,no,0,B2,
SS-MIL-4861,Viale Ercole Marelli,,rosso,4,strada principale trafficata (1 corsie),no,1,si,0,C2,
SS-MIL-4862,Viale Ergisto Bezzi,,rosso,4,strada principale trafficata (2 corsie),no,2,si,0,B1,
SS-MIL-4863,Viale Esperia,,giallo,3,strada urbana senza ciclabile (2 corsie),no,2,no,0,C2,
SS-MIL-4864,Viale Etiopia,,giallo,3,strada urbana senza ciclabile,no,2,si,0,B1,
SS-MIL-4865,Viale Eugenio Brizi,,giallo,3,strada urbana senza ciclabile,no,2,no,0,B2,
SS-MIL-4866,Viale Europa,,giallo,3,strada urbana senza ciclabile,no,2,si,0,A1,
SS-MIL-4867,Viale Evaristo Stefini,,giallo,3,strada urbana senza ciclabile,no,2,no,0,C2,
SS-MIL-4868,Viale Ezio,,giallo,3,strada urbana senza ciclabile,no,2,si,0,B1,
SS-MIL-4869,Viale Faenza,,giallo,3,strada urbana senza ciclabile,no,2,si,0,B1,
SS-MIL-4870,Viale Famagosta,,rosso,4,strada secondaria trafficata,no,2,si,0,B1,
SS-MIL-4871,Viale Federico Caprilli,,giallo,3,strada urbana senza ciclabile,no,2,no,0,B1,
SS-MIL-4872,Viale Federico Garcia Lorca,,verde,1,ciclabile presente (da OpenStreetMap),si,2,si,0,C2,
SS-MIL-4873,Viale Federico Schiller,,blu,2,zona pedonale / living street,no,1,no,0,B2,
SS-MIL-4874,Viale Ferdinando di Savoia,,giallo,3,strada urbana senza ciclabile (2 corsie),no,2,si,0,B2,
SS-MIL-4875,Viale Filippo Meda,,giallo,3,strada urbana senza ciclabile (1 corsie),no,1,si,0,C1,
SS-MIL-4876,Viale Fontanile Pozzi,,giallo,3,strada urbana senza ciclabile,no,2,si,0,A1,
SS-MIL-4877,Viale Francesco Crispi,,rosso,4,strada secondaria trafficata,no,2,si,0,B2,
SS-MIL-4878,Viale Francesco Restelli,,giallo,3,strada urbana senza ciclabile,no,2,si,0,B2,
SS-MIL-4879,Viale Fratelli Casiraghi,,giallo,3,strada urbana senza ciclabile (2 corsie),no,2,si,0,C2,
SS-MIL-4880,Viale Fulvio Testi,,giallo,3,strada urbana senza ciclabile (1 corsie),no,1,si,0,C2,
SS-MIL-4881,Viale Gabriele d'Annunzio,,rosso,4,strada secondaria trafficata (2 corsie),no,2,no,0,B2,
SS-MIL-4882,Viale Gerolamo Gadio,,giallo,3,strada urbana senza ciclabile (2 corsie),no,2,si,0,B2,
SS-MIL-4883,Viale Giacomo Matteotti,,giallo,3,strada urbana senza ciclabile,no,2,si,0,C2,
SS-MIL-4884,Viale Gian Galeazzo,,rosso,4,strada secondaria trafficata (2 corsie),no,2,si,0,B2,
SS-MIL-4885,Viale Giorgio Byron,,blu,2,zona pedonale / living street,no,1,no,0,B2,
SS-MIL-4886,Viale Giovanni Brahms,,blu,2,zona pedonale / living street,no,1,no,0,B2,
SS-MIL-4887,Viale Giovanni Migliara,,rosso,4,strada principale trafficata (2 corsie),no,2,si,0,B1,
SS-MIL-4888,Viale Giovanni Milton,,giallo,3,strada urbana senza ciclabile,no,2,no,0,B2,
SS-MIL-4889,Viale Giovanni Sebastiano Bach,,blu,2,zona pedonale / living street,no,1,no,0,B2,
SS-MIL-4890,Viale Giovanni Suzzani,,giallo,3,strada urbana senza ciclabile (2 corsie),no,2,no,0,C2,
SS-MIL-4891,Viale Giovanni da Cermenate,,rosso,4,strada secondaria trafficata,no,2,si,0,B2,
SS-MIL-4892,Viale Giulio Douhet,,rosso,4,strada secondaria trafficata,no,2,si,0,B2,
SS-MIL-4893,Viale Giulio Richard,,giallo,3,strada urbana senza ciclabile,no,2,si,0,B1,
SS-MIL-4894,Viale Giuseppe Marotta,,blu,2,zona pedonale / living street,no,1,si,0,C2,
SS-MIL-4895,Viale Giustiniano,,giallo,3,strada urbana senza ciclabile,no,2,si,0,B2,
SS-MIL-4896,Viale Goethe,,blu,2,zona pedonale / living street,no,1,no,0,B2,
SS-MIL-4897,Viale Gorizia,,giallo,3,strada urbana senza ciclabile (2 corsie),no,2,no,0,B2,
SS-MIL-4898,Viale Gran Sasso,,rosso,4,strada secondaria trafficata,no,2,si,0,B2,
SS-MIL-4899,Viale Guglielmo Shakespeare,,blu,2,zona pedonale / living street,no,1,no,0,B2,
SS-MIL-4900,Viale Ibsen,,blu,2,zona pedonale / living street,no,1,no,0,B2,
SS-MIL-4901,Viale Indipendenza,,rosso,4,strada secondaria trafficata,no,2,no,0,A1,
SS-MIL-4902,Viale Industria,,giallo,3,strada urbana senza ciclabile,no,2,si,0,A1,
SS-MIL-4903,Viale Ingegner Francesco Tonolini,,blu,2,zona pedonale / living street,no,1,no,0,B2,
SS-MIL-4904,Viale Ingegner Giuseppe Franchi Maggi,,blu,2,zona pedonale / living street,no,1,no,0,B2,
SS-MIL-4905,Viale Isernia,,giallo,3,strada urbana senza ciclabile,no,2,si,0,C1,
SS-MIL-4906,Viale Isonzo,,rosso,4,strada principale trafficata (2 corsie),no,2,si,0,B2,
SS-MIL-4907,Viale Italia,,rosso,4,strada principale trafficata (2 corsie),no,2,si,0,B1,
SS-MIL-4908,Viale Lazio,,giallo,3,strada urbana senza ciclabile,no,2,no,0,A2,
SS-MIL-4909,Viale Legione Lombarda,,blu,2,zona pedonale / living street,no,1,no,0,B2,
SS-MIL-4910,Viale Legioni Romane,,rosso,4,strada secondaria trafficata,no,2,si,0,B1,
SS-MIL-4911,Viale Leonardo da Vinci,,giallo,3,strada urbana senza ciclabile,no,2,si,0,A1,
SS-MIL-4912,Viale Liberazione,,rosso,4,strada secondaria trafficata,no,2,si,0,A1,
SS-MIL-4913,Viale Liguria,,rosso,4,strada principale trafficata (2 corsie),no,2,si,0,B2,
SS-MIL-4914,Viale Lodovico Scarampo,,rosso,4,strada principale trafficata,no,2,si,0,B1,
SS-MIL-4915,Viale Lombardia,,giallo,3,strada urbana senza ciclabile,no,2,no,0,A1,
SS-MIL-4916,Viale Lucania,,rosso,4,strada secondaria trafficata,no,2,si,0,B2,
SS-MIL-4917,Viale Luigi Bodio,,rosso,4,strada principale trafficata (3 corsie),no,3,si,0,C2,
SS-MIL-4918,Viale Luigi Camoens,,blu,2,zona pedonale / living street,no,1,no,0,B2,
SS-MIL-4919,Viale Luigi Majno,,rosso,4,strada secondaria trafficata,no,2,si,0,B2,
SS-MIL-4920,Viale Luigi Sturzo,,rosso,4,strada secondaria trafficata (2 corsie),no,2,si,0,B2,
SS-MIL-4921,Viale Luigi Torelli,,rosso,4,strada secondaria trafficata,no,2,si,0,C2,
SS-MIL-4922,Viale Lunigiana,,rosso,4,strada principale trafficata (2 corsie),no,2,si,0,C2,
SS-MIL-4923,Viale Malta,,blu,2,zona pedonale / living street,no,1,no,0,B2,
SS-MIL-4924,Viale Mar Jonio,,giallo,3,strada urbana senza ciclabile,no,2,si,0,B1,
SS-MIL-4925,Viale Marche,,rosso,4,strada principale trafficata (2 corsie),no,2,si,0,C2,
SS-MIL-4926,Viale Marelli,,rosso,4,strada principale trafficata (1 corsie),no,1,no,0,C2,
SS-MIL-4927,Viale Maria Grazia Cutuli,,blu,2,zona pedonale / living street,no,1,no,0,B2,
SS-MIL-4928,Viale Mario Rapisardi,,giallo,3,strada urbana senza ciclabile,no,2,si,0,C2,
SS-MIL-4929,Viale Martesana,,giallo,3,strada urbana senza ciclabile (1 corsie),no,1,si,0,C2,
SS-MIL-4930,Viale Mickiewicz,,blu,2,zona pedonale / living street,no,1,no,0,B2,
SS-MIL-4931,Viale Miguel de Cervantes,,blu,2,zona pedonale / living street,no,1,no,0,B2,
SS-MIL-4932,Viale Milano,,giallo,3,strada urbana senza ciclabile,no,2,no,0,A1,
SS-MIL-4933,Viale Milanofiori,,rosso,4,strada secondaria trafficata (1 corsie),no,1,si,0,A1,
SS-MIL-4934,Viale Misurata,,rosso,4,strada principale trafficata (2 corsie),no,2,si,0,B1,
SS-MIL-4935,Viale Molise,,giallo,3,strada urbana senza ciclabile,no,2,si,0,B2,
SS-MIL-4936,Viale Molière,,giallo,3,strada urbana senza ciclabile (1 corsie),no,1,si,0,B2,
SS-MIL-4937,Viale Monte Ceneri,,rosso,4,strada principale trafficata (2 corsie),no,2,si,0,C1,
SS-MIL-4938,Viale Monte Grappa,,giallo,3,strada urbana senza ciclabile,no,2,si,0,B2,
SS-MIL-4939,Viale Monte Nero,,giallo,3,strada urbana senza ciclabile,no,2,si,0,B2,
SS-MIL-4940,Viale Monte Santo,,giallo,3,strada urbana senza ciclabile,no,2,no,0,B2,
SS-MIL-4941,Viale Montello,,giallo,3,strada urbana senza ciclabile (1 corsie),no,1,si,0,B2,
SS-MIL-4942,Viale Monza,,verde,1,ciclabile presente (da OpenStreetMap),si,2,si,0,C2,
SS-MIL-4943,Viale Mugello,,verde,1,ciclabile presente (da OpenStreetMap),si,2,si,0,B2,
SS-MIL-4944,Viale Murillo,,rosso,4,strada principale trafficata,no,2,no,0,B1,
SS-MIL-4945,Viale Nazario Sauro,,rosso,4,strada secondaria trafficata,no,2,si,0,C2,
SS-MIL-4946,Viale Omero,,giallo,3,strada urbana senza ciclabile (1 corsie),no,1,si,0,B2,
SS-MIL-4947,Viale Ortles,,giallo,3,strada urbana senza ciclabile,no,2,no,0,B2,
SS-MIL-4948,Viale Paolo Onorato Vigliani,,giallo,3,strada urbana senza ciclabile,no,2,si,0,B1,
SS-MIL-4949,Viale Papa Giovanni Ventitreesimo,,giallo,3,strada urbana senza ciclabile (2 corsie),no,2,no,0,C2,
SS-MIL-4950,Viale Papiniano,,rosso,4,strada secondaria trafficata (3 corsie),no,3,si,0,B2,
SS-MIL-4951,Viale Pasubio,,giallo,3,strada urbana senza ciclabile (2 corsie),no,2,no,0,B2,
SS-MIL-4952,Viale Piave,,giallo,3,strada urbana senza ciclabile (1 corsie),no,1,si,0,B2,
SS-MIL-4953,Viale Piceno,,rosso,4,strada principale trafficata (2 corsie),no,2,si,0,B2,
SS-MIL-4954,Viale Piemonte,,giallo,3,strada urbana senza ciclabile,no,2,si,0,C2,
SS-MIL-4955,Viale Piero e Alberto Pirelli,,giallo,3,strada urbana senza ciclabile,no,2,no,0,C2,
SS-MIL-4956,Viale Pietro e Maria Curie,,giallo,3,strada urbana senza ciclabile (1 corsie),no,1,si,0,B2,
SS-MIL-4957,Viale Pisa,,giallo,3,strada urbana senza ciclabile,no,2,si,0,B1,
SS-MIL-4958,Viale Plebiscito,,rosso,4,strada secondaria trafficata,no,2,no,0,A1,
SS-MIL-4959,Viale Porta Est,,giallo,3,strada urbana senza ciclabile,no,2,si,0,C1,
SS-MIL-4960,Viale Porta Ovest,,giallo,3,strada urbana senza ciclabile,no,2,si,0,C1,
SS-MIL-4961,Viale Premuda,,giallo,3,strada urbana senza ciclabile,no,2,si,0,B2,
SS-MIL-4962,Viale Puglie,,verde,1,ciclabile presente (da OpenStreetMap),si,2,no,0,B2,
SS-MIL-4963,Viale Ramiro Barbaro,,blu,2,zona pedonale / living street,no,1,no,0,B2,
SS-MIL-4964,Viale Regina Giovanna,,giallo,3,strada urbana senza ciclabile (2 corsie),no,2,si,0,B2,
SS-MIL-4965,Viale Regina Margherita,,rosso,4,strada secondaria trafficata,no,2,si,0,B2,
SS-MIL-4966,Viale Renato Serra,,rosso,4,strada principale trafficata (2 corsie),no,2,si,0,C1,
SS-MIL-4967,Viale Repubblica Cisalpina,,blu,2,zona pedonale / living street,no,1,no,0,B2,
SS-MIL-4968,Viale Rimembranze,,giallo,3,strada urbana senza ciclabile,no,2,no,0,A1,
SS-MIL-4969,Viale Rodi,,giallo,3,strada urbana senza ciclabile (2 corsie),no,2,no,0,C2,
SS-MIL-4970,Viale Romagna,,giallo,3,strada urbana senza ciclabile,no,2,si,0,B2,
SS-MIL-4971,Viale Romolo,,giallo,3,strada urbana senza ciclabile,no,2,si,0,B2,
SS-MIL-4972,Viale Rubicone,,nero,5,strada ad alta velocità (trunk),no,3,si,0,C2,
SS-MIL-4973,Viale Sabotino,,giallo,3,strada urbana senza ciclabile,no,2,si,0,B2,
SS-MIL-4974,Viale San Gimignano,,giallo,3,strada urbana senza ciclabile,no,2,no,0,B1,
SS-MIL-4975,Viale San Michele del Carso,,giallo,3,strada urbana senza ciclabile,no,2,no,0,B2,
SS-MIL-4976,Viale Sarca,,giallo,3,strada urbana senza ciclabile,no,2,no,0,C2,
SS-MIL-4977,Viale Severino Boezio,,rosso,4,strada secondaria trafficata,no,2,si,0,B2,
SS-MIL-4978,Viale Sondrio,,rosso,4,strada secondaria trafficata,no,2,si,0,C2,
SS-MIL-4979,Viale Spagna,,giallo,3,strada urbana senza ciclabile,no,2,si,0,C2,
SS-MIL-4980,Viale Stelvio,,rosso,4,strada secondaria trafficata (2 corsie),no,2,si,0,C2,
SS-MIL-4981,Viale Teodorico,,giallo,3,strada urbana senza ciclabile,no,2,si,0,C1,
SS-MIL-4982,Viale Thomas Alva Edison,,giallo,3,strada urbana senza ciclabile,no,2,si,0,A1,
SS-MIL-4983,Viale Thomas Edison,,giallo,3,strada urbana senza ciclabile (2 corsie),no,2,si,0,C2,
SS-MIL-4984,Viale Tibaldi,,rosso,4,strada principale trafficata (2 corsie),no,2,si,0,B2,
SS-MIL-4985,Viale Tommaso Edison,,giallo,3,strada urbana senza ciclabile,no,2,si,0,C2,
SS-MIL-4986,Viale Toscana,,rosso,4,strada principale trafficata (2 corsie),no,2,si,0,B2,
SS-MIL-4987,Viale Tunisia,,giallo,3,strada urbana senza ciclabile (2 corsie),no,2,no,0,B2,
SS-MIL-4988,Viale Turchia,,verde,1,ciclabile presente (da OpenStreetMap),si,1,si,0,C2,
SS-MIL-4989,Viale Umbria,,rosso,4,strada principale trafficata,no,2,si,0,B2,
SS-MIL-4990,Viale Ungheria,,giallo,3,strada urbana senza ciclabile,no,2,si,0,B2,
SS-MIL-4991,Viale Ungheria Al CN 17/2,,giallo,3,strada urbana senza ciclabile,no,2,no,0,B2,
SS-MIL-4992,Viale Vincent Van Gogh,,blu,2,zona pedonale / living street,no,1,no,0,C2,
SS-MIL-4993,Viale Vincenzo Lancetti,,rosso,4,strada secondaria trafficata,no,2,si,0,C2,
SS-MIL-4994,Viale Vittorio Veneto,,giallo,3,strada urbana senza ciclabile,no,2,si,0,B2,
SS-MIL-4995,Viale Zara,,giallo,3,strada urbana senza ciclabile (2 corsie),no,2,si,0,C2,
SS-MIL-4996,Viale degli Alberghi,,giallo,3,strada urbana senza ciclabile,no,2,si,0,C1,
SS-MIL-4997,Viale dei Fontanili,,nero,5,"strada ad alta velocità (secondary, 90 km/h)",no,1,si,0,C1,
SS-MIL-4998,Viale dei Mille,,rosso,4,strada principale trafficata (2 corsie),no,2,si,0,B2,
SS-MIL-4999,Viale dei Pioppi,,giallo,3,strada urbana senza ciclabile,no,2,no,0,C1,
SS-MIL-5000,Viale dei Platani,,blu,2,zona pedonale / living street,no,1,no,0,C2,
SS-MIL-5001,Viale del Ghisallo,,rosso,4,strada secondaria trafficata,no,2,si,0,C1,
SS-MIL-5002,Viale dell'Aviazione,,verde,1,ciclabile presente (da OpenStreetMap),si,2,si,0,B2,
SS-MIL-5003,Viale dell'Industria,,giallo,3,strada urbana senza ciclabile,no,2,si,0,A1,
SS-MIL-5004,Viale dell'Innovazione,,giallo,3,strada urbana senza ciclabile (1 corsie),no,1,si,0,C2,
SS-MIL-5005,Viale della Liberazione,,giallo,3,strada urbana senza ciclabile,no,2,si,0,B2,
SS-MIL-5006,Viale della Repubblica,,giallo,3,strada urbana senza ciclabile (1 corsie),no,1,si,0,C2,
SS-MIL-5007,Viale della Resistenza,,giallo,3,strada urbana senza ciclabile,no,2,si,0,A1,
SS-MIL-5008,Viale delle Ferrovie,,giallo,3,strada urbana senza ciclabile,no,2,si,0,C1,
SS-MIL-5009,Viale delle Rimembranze,,giallo,3,strada urbana senza ciclabile,no,2,no,0,A1,
SS-MIL-5010,Viale delle Rimembranze di Greco,,giallo,3,strada urbana senza ciclabile (2 corsie),no,2,no,0,C2,
SS-MIL-5011,Viale delle Rimembranze di Lambrate,,giallo,3,strada urbana senza ciclabile,no,2,si,0,B2,
SS-MIL-5012,Viale di Porta Vercellina,,rosso,4,strada secondaria trafficata,no,2,si,0,B2,
SS-MIL-5013,Vicolo Bruno Buozzi,,giallo,3,strada urbana senza ciclabile,no,2,no,0,C1,
SS-MIL-5014,Vicolo Carsana,,giallo,3,strada urbana senza ciclabile,no,2,no,0,C1,
SS-MIL-5015,Vicolo Ciovasso,,giallo,3,strada urbana senza ciclabile,no,2,si,0,B2,
SS-MIL-5016,Vicolo Cividale,,giallo,3,strada urbana senza ciclabile,no,2,si,0,C1,
SS-MIL-5017,Vicolo Claudio Treves,,giallo,3,strada urbana senza ciclabile,no,2,no,0,C1,
SS-MIL-5018,Vicolo Cortuccio,,giallo,3,strada urbana senza ciclabile,no,2,no,0,B1,
SS-MIL-5019,Vicolo Dante Alighieri,,giallo,3,strada urbana senza ciclabile,no,2,si,0,C2,
SS-MIL-5020,Vicolo Diomede Pantaleoni,,giallo,3,strada urbana senza ciclabile,no,2,si,0,C2,
SS-MIL-5021,Vicolo Domenico Cimarosa,,giallo,3,strada urbana senza ciclabile,no,2,no,0,C1,
SS-MIL-5022,Vicolo Fiori,,blu,2,zona pedonale / living street,no,1,no,0,B2,
SS-MIL-5023,Vicolo Giacomo Leopardi,,giallo,3,strada urbana senza ciclabile,no,2,no,0,C2,
SS-MIL-5024,Vicolo Isetta,,blu,2,zona pedonale / living street,no,1,no,0,C2,
SS-MIL-5025,Vicolo Laghetto,,giallo,3,strada urbana senza ciclabile,no,2,no,0,A1,
SS-MIL-5026,Vicolo Lavandai,,blu,2,zona pedonale / living street,no,1,no,0,B2,
SS-MIL-5027,Vicolo Liborio Baldanza,,giallo,3,strada urbana senza ciclabile,no,2,no,0,C2,
SS-MIL-5028,Vicolo Luigi Secchi,,giallo,3,strada urbana senza ciclabile,no,2,no,0,C1,
SS-MIL-5029,Vicolo Mapelli,,blu,2,accesso limitato (ZTL),no,1,no,0,C1,
SS-MIL-5030,Vicolo Pace,,giallo,3,strada urbana senza ciclabile,no,2,no,0,C1,
SS-MIL-5031,Vicolo Piero Manzoni,,blu,2,zona pedonale / living street,no,1,no,0,B2,
SS-MIL-5032,Vicolo Pomè,,blu,2,zona pedonale / living street,no,1,si,0,C1,
SS-MIL-5033,Vicolo Portone,,giallo,3,strada urbana senza ciclabile (1 corsie),no,1,si,0,C1,
SS-MIL-5034,Vicolo San Gervaso,,giallo,3,strada urbana senza ciclabile,no,2,no,0,C1,
SS-MIL-5035,Vicolo San Giovanni sul Muro,,giallo,3,strada urbana senza ciclabile,no,2,si,0,B2,
SS-MIL-5036,Vicolo San Martino,,giallo,3,strada urbana senza ciclabile (1 corsie),no,1,no,0,C1,
SS-MIL-5037,Vicolo San Protaso,,giallo,3,strada urbana senza ciclabile,no,2,no,0,C1,
SS-MIL-5038,Vicolo San Vincenzo,,giallo,3,strada urbana senza ciclabile (1 corsie),no,1,si,0,B2,
SS-MIL-5039,Vicolo Santa Maria Valle,,giallo,3,strada urbana senza ciclabile,no,2,si,0,B2,
SS-MIL-5040,Vicolo Santa Marta,,giallo,3,strada urbana senza ciclabile,no,2,no,0,C2,
SS-MIL-5041,Vicolo Vidiserti,,giallo,3,strada urbana senza ciclabile,no,2,si,0,C1,
SS-MIL-5042,Vicolo Vittorio Veneto,,giallo,3,strada urbana senza ciclabile,no,2,no,0,C1,
SS-MIL-5043,Vicolo de Rocchi,,giallo,3,strada urbana senza ciclabile,no,2,si,0,C1,
SS-MIL-5044,sottopasso,,blu,2,zona pedonale / living street,no,1,no,0,A2,
SS-MIL-5045,via Antonio Sacchini,,blu,2,zona pedonale / living street,no,1,no,0,C2,
SS-MIL-5046,via Caposile,,giallo,3,strada urbana senza ciclabile,no,2,si,0,B2,
SS-MIL-5047,via Giorgio Vasari,,giallo,3,strada urbana senza ciclabile,no,2,no,0,B2,
SS-MIL-5048,via Madre Virginia Besozzi,,giallo,3,strada urbana senza ciclabile,no,2,no,0,C1,
SS-MIL-5049,via Merano,,giallo,3,strada urbana senza ciclabile,no,2,si,0,C2,
SS-MIL-5050,via Passerini,,blu,2,zona pedonale / living street,no,1,no,0,C2,
