{"type": "FeatureCollection", "features": [{"type": "Feature", "properties": {"id": "SS-NAP-0003", "nome": "Atrio dell'Ospedale degli Incurabili", "quartiere": "", "classificazione": "blu", "score": 2, "note": "zona pedonale / living street", "ciclabile": "no", "n_corsie": "1", "senso_unico": "no", "n_testimonianze": "0", "zona": "B2"}, "geometry": {"type": "LineString", "coordinates": [[14.2547231, 40.8541858], [14.2548294, 40.8542197], [14.2549437, 40.8542519], [14.2549919, 40.8541575], [14.2550978, 40.8541869], [14.2551134, 40.8541585], [14.2551836, 40.8540227], [14.2550754, 40.8539904], [14.2552292, 40.8536957], [14.2551787, 40.8536802], [14.2551561, 40.8536741], [14.2551427, 40.8536959], [14.2550926, 40.8536798], [14.2550551, 40.8537565], [14.2550079, 40.8537431], [14.2549388, 40.8537232], [14.254856, 40.8538997], [14.2549117, 40.8539156], [14.254821, 40.8541185], [14.2547619, 40.8541024], [14.2547231, 40.8541858]]}}, {"type": "Feature", "properties": {"id": "SS-NAP-0006", "nome": "Calata Capodichino", "quartiere": "", "classificazione": "rosso", "score": 4, "note": "strada secondaria trafficata (2 corsie)", "ciclabile": "no", "n_corsie": "2", "senso_unico": "si", "n_testimonianze": "0", "zona": "B2"}, "geometry": {"type": "MultiLineString", "coordinates": [[[14.2716915, 40.8819909], [14.2715573, 40.8818601], [14.2714654, 40.8817923]], [[14.2694994, 40.8791104], [14.2706926, 40.8790742], [14.2707546, 40.8790723]], [[14.268396, 40.8700812], [14.2684713, 40.8701527], [14.2687688, 40.870774], [14.2688153, 40.8708454], [14.2688925, 40.8709641], [14.2689931, 40.8711186], [14.269268, 40.8714815], [14.2696455, 40.8719008], [14.2699069, 40.8721911], [14.270107, 40.8724662], [14.2702297, 40.8726348], [14.2704707, 40.8730408], [14.2706182, 40.8732893], [14.2706512, 40.8733449], [14.2707167, 40.8734924], [14.2707602, 40.8736315], [14.2707662, 40.8738585], [14.2707405, 40.873944], [14.2706636, 40.8742001], [14.2704752, 40.874828], [14.2704404, 40.874944], [14.2703751, 40.8751617], [14.2703151, 40.8756133], [14.2703196, 40.8759207], [14.2703341, 40.8760186], [14.2703446, 40.8760897], [14.2703753, 40.8762967], [14.2704356, 40.8767041], [14.2704451, 40.8767683], [14.2706949, 40.8782161], [14.2708552, 40.8790644], [14.2708653, 40.8791298], [14.2708692, 40.8791554], [14.2709336, 40.8795752], [14.2709929, 40.8799618], [14.2710151, 40.88011], [14.2710648, 40.8804428], [14.2711388, 40.8809186], [14.2711864, 40.8812295], [14.271209, 40.881348], [14.2712345, 40.8814224], [14.2712692, 40.8814849], [14.2712818, 40.8815013], [14.271316, 40.8815459], [14.2713862, 40.8816164], [14.2714516, 40.8816708], [14.2715056, 40.8817038], [14.2715702, 40.8817292], [14.2716305, 40.8817509], [14.2717389, 40.8818003], [14.2718575, 40.8818628], [14.2719094, 40.88192], [14.271926, 40.8819382]], [[14.2681048, 40.8689943], [14.2681212, 40.8691715], [14.2681323, 40.8692896], [14.268149, 40.869468], [14.2681845, 40.8695843], [14.2683669, 40.8700129], [14.268396, 40.8700812]], [[14.2681988, 40.8684144], [14.2681838, 40.8685005], [14.2681766, 40.8685722], [14.2681356, 40.8688277], [14.2681186, 40.8689227], [14.2681048, 40.8689943]], [[14.2681048, 40.8689943], [14.2680633, 40.8688637], [14.2680356, 40.8688039], [14.267998, 40.8687202], [14.2679822, 40.8686679], [14.2679703, 40.8686275], [14.2679671, 40.868609], [14.2679624, 40.8685363], [14.2679684, 40.868472]], [[14.2714654, 40.8817923], [14.2714307, 40.8817651], [14.2713308, 40.8816891]], [[14.2713308, 40.8816891], [14.2712214, 40.8815725], [14.2711959, 40.8815379], [14.2711793, 40.8815154], [14.2711388, 40.8814431], [14.2711118, 40.8813586], [14.271086, 40.8812401], [14.2710384, 40.8809286], [14.2709668, 40.8804461], [14.2709172, 40.8801195], [14.2708951, 40.8799974], [14.2708363, 40.8795872], [14.2707694, 40.8791656], [14.2707546, 40.8790723], [14.2707252, 40.8789158], [14.2705823, 40.8782397], [14.2705413, 40.8780035], [14.270449, 40.8774719], [14.2703268, 40.8767137], [14.2702714, 40.8763697], [14.270261, 40.8763066], [14.2702149, 40.876028], [14.2701985, 40.8759285], [14.2702237, 40.8756], [14.2702585, 40.8752998], [14.2703566, 40.8749123], [14.2703871, 40.8748102], [14.270575, 40.8741816], [14.2706505, 40.8739289], [14.2706754, 40.8738456], [14.2706751, 40.8736389], [14.2706329, 40.873501], [14.2705687, 40.873375], [14.2703827, 40.8730706], [14.2701363, 40.8726675], [14.2700277, 40.872495], [14.2699957, 40.8724442], [14.269934, 40.872363], [14.2698026, 40.8721987], [14.2695626, 40.8719463], [14.2692742, 40.871643], [14.2690086, 40.8713225], [14.2688745, 40.871138], [14.268787, 40.8710025], [14.2687013, 40.8708696], [14.2685124, 40.8704626], [14.2683926, 40.8701693], [14.268389, 40.8701604], [14.268396, 40.8700812]]]}}, {"type": "Feature", "properties": {"id": "SS-NAP-0007", "nome": "Calata Fontanelle", "quartiere": "", "classificazione": "giallo", "score": 3, "note": "strada urbana senza ciclabile", "ciclabile": "no", "n_corsie": "2", "senso_unico": "si", "n_testimonianze": "0", "zona": "B2"}, "geometry": {"type": "LineString", "coordinates": [[14.2456293, 40.855882], [14.2454511, 40.8564195], [14.2453197, 40.8567712], [14.2451731, 40.8573736], [14.2450947, 40.8578146], [14.2450925, 40.8578272], [14.2450871, 40.8580067]]}}, {"type": "Feature", "properties": {"id": "SS-NAP-0016", "nome": "Circumvallazione Esterna di Napoli", "quartiere": "", "classificazione": "nero", "score": 5, "note": "strada ad alta velocità (trunk, 50 km/h)", "ciclabile": "no", "n_corsie": "2", "senso_unico": "si", "n_testimonianze": "0", "zona": "B2"}, "geometry": {"type": "MultiLineString", "coordinates": [[[14.2688809, 40.8992735], [14.2687743, 40.8992946], [14.2686489, 40.899331], [14.2685531, 40.8993636], [14.2684451, 40.8994102], [14.2683479, 40.899463], [14.2682372, 40.8995362], [14.2674767, 40.9000522], [14.2668054, 40.9005297], [14.2667471, 40.9005712]], [[14.2521507, 40.9103845], [14.2516008, 40.9107667], [14.2512991, 40.9109763], [14.2502419, 40.9116898], [14.2494381, 40.9122157], [14.2488807, 40.9125853]], [[14.2474867, 40.9134411], [14.247104, 40.9137432], [14.2469589, 40.9138628], [14.2464104, 40.9142384], [14.2462351, 40.9143454], [14.2460359, 40.9144506], [14.2457826, 40.914564], [14.2455402, 40.9146656], [14.2453037, 40.9147508], [14.2450684, 40.9148252], [14.2448632, 40.9148824], [14.2446819, 40.9149277], [14.2444899, 40.9149704], [14.2442834, 40.9150048], [14.2440386, 40.9150375], [14.2437577, 40.9150656], [14.2434684, 40.9150783], [14.2431558, 40.9150718], [14.2428029, 40.9150555], [14.2424968, 40.9150291], [14.242228, 40.9149892], [14.2419531, 40.9149457], [14.2417046, 40.9148958], [14.2414657, 40.9148368], [14.2412329, 40.9147697], [14.2410252, 40.9147035], [14.2407936, 40.9146128], [14.2406495, 40.9145457], [14.2404887, 40.914465], [14.2400832, 40.914232], [14.239893, 40.9141164], [14.238967, 40.9135028], [14.2388274, 40.9134116]], [[14.2488807, 40.9125853], [14.2482959, 40.9129875], [14.248099, 40.9131015], [14.2476632, 40.9133263], [14.2474867, 40.9134411]], [[14.2384916, 40.9131858], [14.2383967, 40.9131227], [14.2375948, 40.9125897], [14.2372946, 40.9124182], [14.2371038, 40.9122906], [14.2369813, 40.9122045]], [[14.2388274, 40.9134116], [14.2386838, 40.9133128], [14.2384916, 40.9131858]], [[14.2388971, 40.9133484], [14.2390482, 40.9134487], [14.2397653, 40.9139249], [14.2399362, 40.9140321], [14.2404067, 40.9143272], [14.2408015, 40.9145351], [14.2413678, 40.9147363], [14.2418877, 40.9148497], [14.2421867, 40.9148964], [14.2424058, 40.9149307], [14.2430507, 40.9149779], [14.243551, 40.9149793], [14.244187, 40.9149212], [14.2446943, 40.9148173], [14.24535, 40.9146269], [14.245768, 40.9144663], [14.2461485, 40.9142827], [14.2465737, 40.914018], [14.2469114, 40.9137818], [14.2473723, 40.9134227]], [[14.2667471, 40.9005712], [14.2663134, 40.900865], [14.2657619, 40.9012606], [14.2653215, 40.9015581]], [[14.2371692, 40.9121968], [14.2372519, 40.9122477], [14.2374571, 40.9123854], [14.2376318, 40.9125026], [14.2384429, 40.9130467], [14.2385666, 40.9131297]], [[14.2385666, 40.9131297], [14.2388971, 40.9133484]], [[14.2653215, 40.9015581], [14.2643524, 40.9021489], [14.2636965, 40.9025627], [14.2627742, 40.9031425], [14.2623525, 40.9034086], [14.2615668, 40.9039599], [14.2599807, 40.9050753]], [[14.2599172, 40.9050151], [14.262211, 40.9033857], [14.2640177, 40.9022579], [14.2652534, 40.9014836]], [[14.2652534, 40.9014836], [14.266293, 40.9007422], [14.266498, 40.9005949], [14.2670967, 40.9001646], [14.268228, 40.8994066], [14.2683154, 40.8993371], [14.2683928, 40.8992501], [14.268449, 40.8991479], [14.2684796, 40.8990641], [14.2685595, 40.8990007]], [[14.2599807, 40.9050753], [14.2582614, 40.9062729]], [[14.2473723, 40.9134227], [14.2476653, 40.9131675], [14.2483781, 40.9125316], [14.2488212, 40.9121914], [14.249584, 40.9116716], [14.2502968, 40.911222], [14.2509365, 40.9108737], [14.2513474, 40.9106995], [14.2518004, 40.9105036]], [[14.2712803, 40.8977561], [14.2710409, 40.8977938], [14.2705789, 40.8980262], [14.2701571, 40.8982806], [14.2698594, 40.8984787], [14.269738, 40.8985756], [14.269588, 40.8986938], [14.2694958, 40.8987837], [14.2694154, 40.8988752], [14.269305, 40.8989307]], [[14.2583872, 40.9060659], [14.2599172, 40.9050151]], [[14.2527325, 40.9098819], [14.2532814, 40.9095137]], [[14.2550797, 40.9084205], [14.2544993, 40.9088113], [14.2543104, 40.9089383], [14.2540099, 40.9091406], [14.253138, 40.909724], [14.2529651, 40.9098397], [14.2527479, 40.9099849]], [[14.2551624, 40.9083648], [14.2551394, 40.9083803], [14.2550797, 40.9084205]], [[14.2532814, 40.9095137], [14.2534929, 40.9093718], [14.2535958, 40.9093028], [14.2537622, 40.9091912], [14.2538637, 40.9091231], [14.2541894, 40.9089009], [14.2548699, 40.9084366]], [[14.2548699, 40.9084366], [14.2550939, 40.9082864], [14.2553567, 40.9081084], [14.2555387, 40.9079832], [14.2559451, 40.9077126], [14.2563239, 40.9074603], [14.2571513, 40.9069092], [14.2580637, 40.9062867], [14.2583872, 40.9060659]], [[14.2690976, 40.8987327], [14.269137, 40.8986917], [14.2691805, 40.8986788], [14.2692298, 40.8986695], [14.2693722, 40.8986176], [14.2696275, 40.8984581], [14.2704829, 40.8979326], [14.2709787, 40.897692], [14.2711776, 40.8975785]]]}}, {"type": "Feature", "properties": {"id": "SS-NAP-0017", "nome": "Continuazione di Via Teano", "quartiere": "", "classificazione": "giallo", "score": 3, "note": "strada urbana senza ciclabile", "ciclabile": "no", "n_corsie": "2", "senso_unico": "no", "n_testimonianze": "0", "zona": "B2"}, "geometry": {"type": "MultiLineString", "coordinates": [[[14.2449785, 40.8885049], [14.2457554, 40.8890539]], [[14.2456152, 40.8881997], [14.2464004, 40.8887566]], [[14.2450197, 40.8881549], [14.245295, 40.8883663], [14.2460804, 40.8889041]], [[14.2467232, 40.8886153], [14.2459297, 40.8880601], [14.2458785, 40.8880243], [14.2456546, 40.8878677]], [[14.2462162, 40.887935], [14.246997, 40.8884615]]]}}, {"type": "Feature", "properties": {"id": "SS-NAP-0018", "nome": "Contrada Abbasso Maranda", "quartiere": "", "classificazione": "giallo", "score": 3, "note": "strada urbana senza ciclabile", "ciclabile": "no", "n_corsie": "2", "senso_unico": "no", "n_testimonianze": "0", "zona": "B2"}, "geometry": {"type": "MultiLineString", "coordinates": [[[14.3216443, 40.861114], [14.3222705, 40.8610012], [14.3223591, 40.8609853], [14.3231003, 40.8608519], [14.3232239, 40.8608296]], [[14.3233296, 40.8608128], [14.324436, 40.8605996]]]}}, {"type": "Feature", "properties": {"id": "SS-NAP-0021", "nome": "Corso Amedeo di Savoia Duca d'Aosta", "quartiere": "", "classificazione": "rosso", "score": 4, "note": "strada principale trafficata (2 corsie)", "ciclabile": "no", "n_corsie": "2", "senso_unico": "no", "n_testimonianze": "0", "zona": "B2"}, "geometry": {"type": "MultiLineString", "coordinates": [[[14.248429, 40.8652617], [14.2484345, 40.8648493], [14.248431, 40.8639882], [14.2484259, 40.86274], [14.2484228, 40.8619751], [14.2484238, 40.8616658], [14.2484228, 40.8614637], [14.2484227, 40.8613708], [14.2484386, 40.8605111], [14.2484333, 40.8601399]], [[14.2484238, 40.8616658], [14.2485395, 40.8616642], [14.2486819, 40.8616623], [14.2488158, 40.8616671], [14.24886, 40.8616803], [14.2489258, 40.8617331], [14.2489388, 40.8618061], [14.2489564, 40.8619068], [14.2489687, 40.8623021], [14.249033, 40.8623244], [14.2490583, 40.8623571], [14.2490797, 40.8625082], [14.2491135, 40.8625617], [14.2493623, 40.862766], [14.2494553, 40.8627598], [14.2496215, 40.8626469], [14.2497455, 40.8625394]], [[14.2484333, 40.8601399], [14.2484359, 40.8599807]]]}}, {"type": "Feature", "properties": {"id": "SS-NAP-0026", "nome": "Corso Europa", "quartiere": "", "classificazione": "rosso", "score": 4, "note": "strada secondaria trafficata", "ciclabile": "no", "n_corsie": "2", "senso_unico": "si", "n_testimonianze": "0", "zona": "B2"}, "geometry": {"type": "MultiLineString", "coordinates": [[[14.2770469, 40.9020961], [14.2760139, 40.9017824], [14.2752229, 40.9014645], [14.2744613, 40.9011808], [14.2738985, 40.9009666], [14.273672, 40.9008768], [14.2715666, 40.9000058], [14.2715146, 40.8999843], [14.2707593, 40.899686], [14.2698431, 40.8993191], [14.2697443, 40.8992851]], [[14.2134983, 40.837717], [14.2134024, 40.8376015], [14.2133386, 40.8374875], [14.2133283, 40.8374547], [14.213296, 40.837352], [14.21327, 40.8372244]], [[14.2177539, 40.8399834], [14.2177194, 40.8398212], [14.2176717, 40.8396663], [14.2175733, 40.83951], [14.2174974, 40.8394351], [14.2172418, 40.8392675], [14.216782, 40.839002], [14.2164522, 40.838823], [14.2159844, 40.8385691], [14.2159315, 40.8385448], [14.2156216, 40.8384022], [14.2152924, 40.8382508], [14.214917, 40.838145], [14.2147286, 40.8380929]], [[14.21327, 40.8372244], [14.213305, 40.8371757], [14.213352, 40.837137], [14.2134542, 40.8370979]], [[14.2134542, 40.8370979], [14.2135667, 40.8371753]], [[14.2135445, 40.8373037], [14.2134799, 40.8373016], [14.2134171, 40.8372914], [14.2133335, 40.8372643], [14.21327, 40.8372244]], [[14.2147286, 40.8380929], [14.2144492, 40.8380256], [14.214332, 40.8379996], [14.2142879, 40.8379898], [14.2139383, 40.8379124], [14.2137006, 40.8378336], [14.2135772, 40.8377717], [14.2134983, 40.837717]], [[14.2135667, 40.8371753], [14.213577, 40.8372038], [14.2135445, 40.8373037], [14.2135076, 40.8373703], [14.2134845, 40.8374521], [14.2134773, 40.837516], [14.21348, 40.8375753], [14.2134805, 40.8376264], [14.2134983, 40.837717]]]}}, {"type": "Feature", "properties": {"id": "SS-NAP-0027", "nome": "Corso Giuseppe Garibaldi", "quartiere": "", "classificazione": "rosso", "score": 4, "note": "strada secondaria trafficata (2 corsie)", "ciclabile": "no", "n_corsie": "2", "senso_unico": "no", "n_testimonianze": "0", "zona": "B2"}, "geometry": {"type": "MultiLineString", "coordinates": [[[14.2664011, 40.8620673], [14.2664493, 40.8617917], [14.2664732, 40.8616549], [14.2665356, 40.8612984], [14.2665786, 40.8610527], [14.2666115, 40.860864], [14.266621, 40.86081], [14.2666941, 40.8603922], [14.2667474, 40.8600872], [14.2668245, 40.8596462], [14.2668395, 40.8595606], [14.2669088, 40.8591643], [14.2669314, 40.859035], [14.2669965, 40.858663], [14.2671059, 40.8580373], [14.2671136, 40.8579931], [14.267164, 40.8577049], [14.2672451, 40.8572415], [14.2672552, 40.8571834], [14.2673307, 40.856752], [14.267371, 40.8565216], [14.2673825, 40.8564559], [14.2673873, 40.856428], [14.2674522, 40.8560569], [14.2674572, 40.8560283], [14.2674631, 40.855995], [14.2675307, 40.8555913], [14.2675334, 40.8555753], [14.2675587, 40.8554245]], [[14.2679485, 40.8529245], [14.2678873, 40.8532837], [14.267839, 40.8535798], [14.2678365, 40.8535949]], [[14.2679067, 40.8515547], [14.2680683, 40.8515361], [14.2681152, 40.8515301], [14.2681565, 40.8515248], [14.2681813, 40.8515169], [14.2682175, 40.8514867], [14.2682292, 40.8514655], [14.2683001, 40.8511015], [14.2683031, 40.8510842], [14.2683811, 40.8506405], [14.2683914, 40.8505819]], [[14.2677752, 40.8542661], [14.2677669, 40.8543228], [14.2676844, 40.8548007], [14.267607, 40.8551835], [14.2675951, 40.8552423], [14.2675866, 40.8552843], [14.2675808, 40.8553148], [14.2675774, 40.8553373], [14.2675587, 40.8554245]], [[14.2690156, 40.8468833], [14.2690185, 40.8468626], [14.2690617, 40.8465516]], [[14.2664011, 40.8620673], [14.2664096, 40.8621157], [14.2664793, 40.8623104], [14.2665008, 40.8623591]], [[14.2662987, 40.8623716], [14.2663231, 40.8623032], [14.2663369, 40.8622635], [14.2663539, 40.8622068], [14.2664011, 40.8620673]], [[14.2684537, 40.8502327], [14.2684778, 40.8500936], [14.2685622, 40.8496038], [14.2685904, 40.84944], [14.2685714, 40.849314], [14.2685754, 40.8492887], [14.2686101, 40.8490705], [14.268655, 40.8488407], [14.268662, 40.8488047], [14.2687183, 40.8486988], [14.2687456, 40.8485372], [14.2687742, 40.8483745], [14.2688122, 40.8481544], [14.2688296, 40.8480539], [14.2688474, 40.8479504], [14.2688617, 40.8478769], [14.2689241, 40.8474308], [14.2689282, 40.8474014]]]}}, {"type": "Feature", "properties": {"id": "SS-NAP-0028", "nome": "Corso Italia", "quartiere": "", "classificazione": "giallo", "score": 3, "note": "strada urbana senza ciclabile", "ciclabile": "no", "n_corsie": "2", "senso_unico": "si", "n_testimonianze": "0", "zona": "B2"}, "geometry": {"type": "MultiLineString", "coordinates": [[[14.2645269, 40.891813], [14.2665729, 40.892944]], [[14.2694119, 40.8945001], [14.2680244, 40.8937348]], [[14.2680244, 40.8937348], [14.2665729, 40.892944]]]}}, {"type": "Feature", "properties": {"id": "SS-NAP-0029", "nome": "Corso Malta", "quartiere": "", "classificazione": "giallo", "score": 3, "note": "strada urbana senza ciclabile", "ciclabile": "no", "n_corsie": "2", "senso_unico": "no", "n_testimonianze": "0", "zona": "B2"}, "geometry": {"type": "MultiLineString", "coordinates": [[[14.2760908, 40.8636288], [14.2759826, 40.8641979], [14.2757583, 40.8653774]], [[14.2753124, 40.8653996], [14.2753262, 40.8653196], [14.2756176, 40.8636339]], [[14.2756304, 40.863278], [14.2756712, 40.863069], [14.2757078, 40.8628658], [14.2757609, 40.8625687], [14.275895, 40.8618277], [14.2758973, 40.8618147], [14.2759715, 40.861403], [14.2760255, 40.8611035], [14.2760769, 40.8608183], [14.2762692, 40.8596867], [14.2762797, 40.8596402]], [[14.2765819, 40.8597786], [14.2765724, 40.8598415], [14.2763346, 40.8611925], [14.2762925, 40.8614401], [14.2762225, 40.861851], [14.276085, 40.8626017], [14.2760436, 40.8628473], [14.276038, 40.8629807]], [[14.276038, 40.8629807], [14.276073, 40.8630583], [14.2761039, 40.8631673]], [[14.2755186, 40.8654113], [14.2754417, 40.8657947], [14.2754401, 40.865857], [14.2754339, 40.8661074], [14.2753726, 40.8665068], [14.2752889, 40.8670196], [14.2751503, 40.8678687], [14.27495, 40.8678527], [14.2750446, 40.8669982], [14.2752351, 40.865838], [14.2752462, 40.8657702], [14.2753124, 40.8653996]], [[14.276073, 40.8630583], [14.2761502, 40.8631625], [14.2761772, 40.8632061], [14.2761872, 40.8632434], [14.2761879, 40.8632945], [14.2761585, 40.863469], [14.2760908, 40.8636288]], [[14.2756176, 40.8636339], [14.2756612, 40.8634478]]]}}, {"type": "Feature", "properties": {"id": "SS-NAP-0031", "nome": "Corso Meridionale", "quartiere": "", "classificazione": "rosso", "score": 4, "note": "strada secondaria trafficata (2 corsie)", "ciclabile": "no", "n_corsie": "2", "senso_unico": "si", "n_testimonianze": "0", "zona": "B2"}, "geometry": {"type": "MultiLineString", "coordinates": [[[14.2724525, 40.8543712], [14.2731489, 40.8544411], [14.2733567, 40.8544614], [14.2735294, 40.8544785], [14.273553, 40.8544811], [14.2737425, 40.8545021], [14.2739224, 40.8545205], [14.274272, 40.8545537], [14.274418, 40.8545683], [14.2747576, 40.8546025], [14.2748322, 40.8546097], [14.2752352, 40.8546471], [14.2753214, 40.8546562], [14.2760603, 40.8547295], [14.276161, 40.854741], [14.2770404, 40.8548269]], [[14.2770404, 40.8548269], [14.2770888, 40.854849], [14.277103, 40.8548718], [14.2771089, 40.854906]], [[14.2715279, 40.8542697], [14.2716078, 40.854279], [14.2721426, 40.8543417], [14.2721728, 40.8543447], [14.2722041, 40.8543478], [14.2724525, 40.8543712]]]}}, {"type": "Feature", "properties": {"id": "SS-NAP-0032", "nome": "Corso Mianella", "quartiere": "", "classificazione": "giallo", "score": 3, "note": "strada urbana senza ciclabile", "ciclabile": "no", "n_corsie": "2", "senso_unico": "no", "n_testimonianze": "0", "zona": "B2"}, "geometry": {"type": "LineString", "coordinates": [[14.257133, 40.8857357], [14.2572503, 40.8856514], [14.2573827, 40.8855727], [14.2575486, 40.8854919], [14.2576259, 40.8854526], [14.2576678, 40.8854199], [14.2577017, 40.8853821], [14.2577179, 40.8853559], [14.2577204, 40.8853293], [14.2577172, 40.8852957], [14.2577069, 40.8852698], [14.2572853, 40.8846735], [14.257245, 40.8846308], [14.2571752, 40.8845611]]}}, {"type": "Feature", "properties": {"id": "SS-NAP-0034", "nome": "Corso Novara", "quartiere": "", "classificazione": "rosso", "score": 4, "note": "strada secondaria trafficata (2 corsie)", "ciclabile": "no", "n_corsie": "2", "senso_unico": "si", "n_testimonianze": "0", "zona": "B2"}, "geometry": {"type": "MultiLineString", "coordinates": [[[14.2716788, 40.8532425], [14.2716512, 40.8534057], [14.2715454, 40.8540326], [14.2715271, 40.8541401], [14.2715176, 40.8542353]], [[14.2715147, 40.8542943], [14.2714934, 40.8543798], [14.2714106, 40.8548479], [14.2713915, 40.8549166], [14.2713138, 40.8554009], [14.2712996, 40.8554885], [14.2712219, 40.8559318], [14.2712152, 40.856009], [14.2711172, 40.8566212], [14.2710717, 40.8568986], [14.2710663, 40.8569435], [14.2710508, 40.8570275]], [[14.2709191, 40.8570378], [14.2709255, 40.8570075], [14.2709285, 40.8569939], [14.2709316, 40.8569796], [14.2709335, 40.8569708], [14.2709519, 40.8568866], [14.2711105, 40.8559201], [14.2711829, 40.8554783], [14.2711968, 40.8553934], [14.271295, 40.8549054], [14.2713055, 40.8548434], [14.2713866, 40.8543691], [14.2713968, 40.8542825]], [[14.2714089, 40.8542291], [14.2714287, 40.8541306], [14.2715609, 40.8533972], [14.2715717, 40.8533372], [14.2715742, 40.8533027], [14.27157, 40.8532756], [14.2715536, 40.8532543]], [[14.2710472, 40.8570502], [14.2710435, 40.8570648], [14.2710353, 40.857092]], [[14.2710508, 40.8570275], [14.2710493, 40.8570368], [14.2710472, 40.8570502]]]}}, {"type": "Feature", "properties": {"id": "SS-NAP-0038", "nome": "Corso San Pietro a Patierno", "quartiere": "", "classificazione": "giallo", "score": 3, "note": "strada urbana senza ciclabile", "ciclabile": "no", "n_corsie": "2", "senso_unico": "si", "n_testimonianze": "0", "zona": "B2"}, "geometry": {"type": "LineString", "coordinates": [[14.2826339, 40.8896004], [14.2828242, 40.8897216], [14.2836488, 40.8902468], [14.2837464, 40.8903112], [14.2838793, 40.8903429], [14.2840312, 40.8904761], [14.2846507, 40.8908068], [14.2846985, 40.8908323]]}}, {"type": "Feature", "properties": {"id": "SS-NAP-0039", "nome": "Corso Secondigliano", "quartiere": "", "classificazione": "rosso", "score": 4, "note": "strada secondaria trafficata", "ciclabile": "no", "n_corsie": "2", "senso_unico": "no", "n_testimonianze": "0", "zona": "B2"}, "geometry": {"type": "MultiLineString", "coordinates": [[[14.2654908, 40.8882878], [14.2654371, 40.8883398], [14.2653682, 40.8884065], [14.2648432, 40.8889199], [14.2647932, 40.888969], [14.2641638, 40.8895868], [14.2639455, 40.889784], [14.263707, 40.8900149], [14.2634871, 40.8902277], [14.2634456, 40.8902679], [14.2633482, 40.8903622], [14.2628628, 40.8908322], [14.2623967, 40.8912835], [14.2623804, 40.8913], [14.2614822, 40.8922131]], [[14.2573351, 40.8961837], [14.2572222, 40.8962931]], [[14.2614822, 40.8922131], [14.2604168, 40.8932003], [14.260195, 40.893415], [14.2600161, 40.8935883], [14.2598035, 40.8937941], [14.2596501, 40.8939426], [14.2595603, 40.8940295]], [[14.2595603, 40.8940295], [14.2589462, 40.894624], [14.2588724, 40.8946955], [14.2585594, 40.8949985], [14.2582553, 40.8953017], [14.2581797, 40.8953773], [14.2579278, 40.8956318], [14.257875, 40.8956851], [14.2573351, 40.8961837]], [[14.2568025, 40.8966994], [14.2564041, 40.8970851], [14.2562582, 40.8972263]], [[14.2709534, 40.8829918], [14.2708301, 40.8831113], [14.2702594, 40.8836647], [14.269388, 40.8845096], [14.269342, 40.8845542], [14.2689261, 40.8849573], [14.2685879, 40.8852852], [14.2679235, 40.8859293], [14.2672826, 40.8865507], [14.2672346, 40.8865973], [14.2671642, 40.8866655], [14.2664238, 40.8873834], [14.2662188, 40.887582], [14.2659389, 40.8878534], [14.2656807, 40.8881037], [14.2654908, 40.8882878]], [[14.2709534, 40.8829918], [14.2710554, 40.8828445], [14.2711577, 40.8827418], [14.2712173, 40.882682], [14.2713021, 40.882587], [14.2713439, 40.8825173], [14.2714667, 40.8822887], [14.2715253, 40.8821436], [14.2715535, 40.8821029], [14.2715984, 40.8820644], [14.2716575, 40.8820267]], [[14.2718451, 40.8822977], [14.2717424, 40.8823295], [14.2716829, 40.8823567], [14.2716331, 40.8823882], [14.2715671, 40.8824423], [14.2714568, 40.8825481], [14.2713288, 40.8826732], [14.2712223, 40.8827767], [14.2711177, 40.8828783], [14.2709534, 40.8829918]], [[14.2572222, 40.8962931], [14.2568025, 40.8966994]]]}}, {"type": "Feature", "properties": {"id": "SS-NAP-0047", "nome": "Cupa Capodichino", "quartiere": "", "classificazione": "giallo", "score": 3, "note": "strada urbana senza ciclabile", "ciclabile": "no", "n_corsie": "2", "senso_unico": "si", "n_testimonianze": "0", "zona": "B2"}, "geometry": {"type": "MultiLineString", "coordinates": [[[14.2576172, 40.8863036], [14.2576918, 40.8863806], [14.2577476, 40.8864085], [14.2578158, 40.8864249], [14.2578928, 40.8864309], [14.2579813, 40.8864255], [14.2580673, 40.8864079], [14.2584964, 40.8862558], [14.2590678, 40.8860501], [14.2594017, 40.8859151], [14.2597691, 40.885762], [14.2599482, 40.8856899], [14.2600721, 40.885648], [14.260641, 40.885441], [14.2607135, 40.8854143], [14.2609919, 40.8853274], [14.261081, 40.8853149], [14.2611884, 40.8853139], [14.2612753, 40.8853225], [14.2613786, 40.8853435], [14.261617, 40.8854109], [14.2620217, 40.885544]], [[14.2620217, 40.885544], [14.2620611, 40.8855569], [14.2621526, 40.8855869], [14.2622447, 40.8856172], [14.2624888, 40.8856983], [14.262584, 40.885744], [14.2626913, 40.8858585], [14.2628525, 40.8861163], [14.2628788, 40.886143], [14.2629123, 40.8861595], [14.2629536, 40.8861631]]]}}, {"type": "Feature", "properties": {"id": "SS-NAP-0048", "nome": "Cupa Carbone", "quartiere": "", "classificazione": "giallo", "score": 3, "note": "strada urbana senza ciclabile", "ciclabile": "no", "n_corsie": "2", "senso_unico": "no", "n_testimonianze": "0", "zona": "B2"}, "geometry": {"type": "MultiLineString", "coordinates": [[[14.2861245, 40.87398], [14.2860209, 40.874132]], [[14.285853, 40.874077], [14.2859106, 40.8740959], [14.2860209, 40.874132], [14.2863099, 40.874208], [14.2866001, 40.8742348], [14.2867262, 40.8742464]], [[14.2851702, 40.8739666], [14.2853647, 40.874025], [14.2856456, 40.8740559], [14.2857276, 40.8740649]], [[14.2823066, 40.8719721], [14.2823125, 40.8719764], [14.2823732, 40.872021], [14.2837064, 40.8730009], [14.2846208, 40.8735444], [14.28498, 40.8737907], [14.2851702, 40.8739666], [14.2853095, 40.8741594], [14.2854016, 40.8742791], [14.2854613, 40.8743314], [14.2854931, 40.8743534], [14.2855256, 40.8743749]]]}}, {"type": "Feature", "properties": {"id": "SS-NAP-0050", "nome": "Cupa Cardone", "quartiere": "", "classificazione": "giallo", "score": 3, "note": "strada urbana senza ciclabile", "ciclabile": "no", "n_corsie": "2", "senso_unico": "no", "n_testimonianze": "0", "zona": "B2"}, "geometry": {"type": "LineString", "coordinates": [[14.2545032, 40.8969787], [14.2544571, 40.8969126], [14.2544061, 40.8967585], [14.2544093, 40.8966484], [14.2544454, 40.896535], [14.25453, 40.8962693], [14.2546982, 40.8958431], [14.2547928, 40.8957218], [14.2551387, 40.8956239], [14.2552246, 40.8955996]]}}, {"type": "Feature", "properties": {"id": "SS-NAP-0051", "nome": "Cupa Cavone", "quartiere": "", "classificazione": "giallo", "score": 3, "note": "strada urbana senza ciclabile", "ciclabile": "no", "n_corsie": "2", "senso_unico": "no", "n_testimonianze": "0", "zona": "B2"}, "geometry": {"type": "LineString", "coordinates": [[14.2571752, 40.8845611], [14.2570555, 40.88444], [14.2570012, 40.8843869], [14.25696, 40.8843392], [14.256926, 40.8842852], [14.2566183, 40.8838353], [14.2565256, 40.8836887], [14.2565061, 40.8836304], [14.2564929, 40.883591], [14.256441, 40.8834978], [14.256416, 40.8834022], [14.2564123, 40.8831636], [14.2564026, 40.8828338], [14.2563893, 40.8827441], [14.2563256, 40.882706], [14.256236, 40.8827342], [14.2561832, 40.8827995], [14.2561424, 40.8828576], [14.256092, 40.8828794], [14.2559984, 40.882883], [14.2559095, 40.8828558], [14.2558615, 40.8827868], [14.2558375, 40.8827051], [14.2558399, 40.882638], [14.2559455, 40.8824166], [14.2560368, 40.8822768]]}}, {"type": "Feature", "properties": {"id": "SS-NAP-0052", "nome": "Cupa Censi dell'Arco", "quartiere": "", "classificazione": "giallo", "score": 3, "note": "strada urbana senza ciclabile", "ciclabile": "no", "n_corsie": "2", "senso_unico": "no", "n_testimonianze": "0", "zona": "B2"}, "geometry": {"type": "LineString", "coordinates": [[14.3467703, 40.8536472], [14.3476662, 40.8539052], [14.3477144, 40.8539191], [14.3477958, 40.8539512], [14.3478747, 40.8539886], [14.3479132, 40.8540169], [14.3479409, 40.8540476], [14.3479732, 40.8540938], [14.347991, 40.8541472], [14.3479858, 40.8542035], [14.3479676, 40.8542492], [14.3479361, 40.8543033], [14.3467597, 40.8557742]]}}, {"type": "Feature", "properties": {"id": "SS-NAP-0054", "nome": "Cupa Fosso del Lupo", "quartiere": "", "classificazione": "giallo", "score": 3, "note": "strada urbana senza ciclabile", "ciclabile": "no", "n_corsie": "2", "senso_unico": "si", "n_testimonianze": "0", "zona": "B2"}, "geometry": {"type": "MultiLineString", "coordinates": [[[14.2660831, 40.8902319], [14.2661323, 40.8901467], [14.2663898, 40.8896959], [14.2665816, 40.8893841], [14.2666152, 40.8892536], [14.2666836, 40.8889623], [14.2668154, 40.8887085], [14.2669326, 40.8885157], [14.2672097, 40.8884961], [14.2677759, 40.8884876], [14.2681286, 40.8881994]], [[14.2643778, 40.8919046], [14.2645269, 40.891813], [14.2650024, 40.8913682], [14.2650869, 40.8912929], [14.2653314, 40.8910446], [14.2653579, 40.8909599]], [[14.2657271, 40.8905795], [14.265664, 40.8906411], [14.2653579, 40.8909599]], [[14.2659184, 40.8904009], [14.2657271, 40.8905795]], [[14.2661109, 40.8903374], [14.266045, 40.8903459], [14.2659864, 40.8903642], [14.2659184, 40.8904009]]]}}, {"type": "Feature", "properties": {"id": "SS-NAP-0057", "nome": "Cupa Lettieri", "quartiere": "", "classificazione": "rosso", "score": 4, "note": "strada secondaria trafficata", "ciclabile": "no", "n_corsie": "2", "senso_unico": "si", "n_testimonianze": "0", "zona": "B2"}, "geometry": {"type": "MultiLineString", "coordinates": [[[14.3442248, 40.8599527], [14.3443334, 40.8600607], [14.3444995, 40.8601512], [14.3445745, 40.8601829], [14.3465007, 40.8609968], [14.3465943, 40.8610364]], [[14.3467531, 40.8611403], [14.3466446, 40.8611539], [14.3465529, 40.8611442]], [[14.3465943, 40.8610364], [14.346656, 40.8610425], [14.3467279, 40.8610444], [14.3468101, 40.8610403]], [[14.3465529, 40.8611442], [14.3464275, 40.8610904], [14.344509, 40.8602674], [14.3444712, 40.8602512], [14.3443716, 40.8602135], [14.3442745, 40.8601914], [14.344048, 40.8601698]]]}}, {"type": "Feature", "properties": {"id": "SS-NAP-0058", "nome": "Cupa Padre Eterno", "quartiere": "", "classificazione": "giallo", "score": 3, "note": "strada urbana senza ciclabile", "ciclabile": "no", "n_corsie": "2", "senso_unico": "no", "n_testimonianze": "0", "zona": "B2"}, "geometry": {"type": "LineString", "coordinates": [[14.2636716, 40.8664619], [14.2635833, 40.8665859], [14.2632927, 40.8675286], [14.2632792, 40.867674], [14.2632944, 40.8677442]]}}, {"type": "Feature", "properties": {"id": "SS-NAP-0062", "nome": "Cupa Vicinale Pepe", "quartiere": "", "classificazione": "giallo", "score": 3, "note": "strada urbana senza ciclabile", "ciclabile": "no", "n_corsie": "2", "senso_unico": "no", "n_testimonianze": "0", "zona": "B2"}, "geometry": {"type": "LineString", "coordinates": [[14.3334461, 40.8628157], [14.3333276, 40.8627669], [14.3329545, 40.8626134], [14.3328204, 40.8625452], [14.3327314, 40.8624999], [14.3317665, 40.8621228], [14.3308313, 40.8617573], [14.3305778, 40.8616675], [14.3305462, 40.8616546], [14.3305212, 40.8616377]]}}, {"type": "Feature", "properties": {"id": "SS-NAP-0063", "nome": "Cupa Vicinale dell'Arco", "quartiere": "", "classificazione": "giallo", "score": 3, "note": "strada urbana senza ciclabile", "ciclabile": "no", "n_corsie": "2", "senso_unico": "si", "n_testimonianze": "0", "zona": "B2"}, "geometry": {"type": "MultiLineString", "coordinates": [[[14.2578333, 40.8985662], [14.257785, 40.8986189], [14.2574488, 40.898986], [14.2571586, 40.8992737], [14.2567294, 40.8995332], [14.2566973, 40.8995576], [14.2563271, 40.8998576], [14.2560238, 40.9002221], [14.2557483, 40.900616], [14.2553722, 40.9009767], [14.2550844, 40.9013256], [14.2550228, 40.9013948]], [[14.2506733, 40.9067908], [14.2510381, 40.9064989], [14.2511727, 40.9063606], [14.2512363, 40.9062953], [14.2513463, 40.9061665], [14.2514742, 40.9060086], [14.2516281, 40.9058335], [14.2517786, 40.9056132], [14.2519981, 40.905307], [14.2521649, 40.9050263], [14.2522145, 40.9049594], [14.2525573, 40.9042416], [14.2526793, 40.9040359], [14.252936, 40.9037459], [14.2530287, 40.9036433], [14.2532485, 40.9033934], [14.2533126, 40.9033409], [14.2537581, 40.9029758], [14.2542355, 40.9023757], [14.2546379, 40.9019054], [14.2547458, 40.9017679], [14.2550228, 40.9013948]]]}}, {"type": "Feature", "properties": {"id": "SS-NAP-0066", "nome": "Cupa del Principe", "quartiere": "", "classificazione": "giallo", "score": 3, "note": "strada urbana senza ciclabile", "ciclabile": "no", "n_corsie": "2", "senso_unico": "no", "n_testimonianze": "0", "zona": "B2"}, "geometry": {"type": "LineString", "coordinates": [[14.2880688, 40.875324], [14.2879746, 40.8752825], [14.2878297, 40.8752329], [14.2877269, 40.8751813], [14.2876379, 40.8751183], [14.2875615, 40.8750524], [14.2874783, 40.8749763], [14.2873657, 40.8748658], [14.2872584, 40.8747593], [14.2871444, 40.8746305], [14.2870666, 40.8745271], [14.2870009, 40.874447], [14.2869285, 40.8743719], [14.2868641, 40.8743163], [14.2867982, 40.8742746], [14.2867262, 40.8742464]]}}, {"type": "Feature", "properties": {"id": "SS-NAP-0068", "nome": "Cupa della Vedova", "quartiere": "", "classificazione": "giallo", "score": 3, "note": "strada urbana senza ciclabile", "ciclabile": "no", "n_corsie": "2", "senso_unico": "no", "n_testimonianze": "0", "zona": "B2"}, "geometry": {"type": "MultiLineString", "coordinates": [[[14.2550099, 40.8885508], [14.2550587, 40.8886417], [14.2553145, 40.8891584], [14.2553598, 40.88923], [14.2555161, 40.8894128], [14.2555283, 40.8894271], [14.2556826, 40.8895903], [14.25574, 40.8896456], [14.2558593, 40.8897619], [14.2559675, 40.8898674], [14.2561306, 40.8900379], [14.2562165, 40.8901382], [14.2563046, 40.8902558], [14.2564587, 40.8904983], [14.2565057, 40.8905774], [14.2568573, 40.8912781], [14.2569164, 40.8913627], [14.2569852, 40.8915328], [14.2570667, 40.8917516], [14.2571058, 40.8918804]], [[14.2571693, 40.8921523], [14.2572064, 40.8925585], [14.2572463, 40.8929522], [14.2572717, 40.8930954], [14.2573359, 40.8933919], [14.2573587, 40.8934778], [14.2573878, 40.8935596], [14.2574273, 40.893656], [14.2575615, 40.8939146], [14.2576253, 40.8940138], [14.2577026, 40.8941228]], [[14.2570546, 40.8919773], [14.2570744, 40.891946], [14.2570884, 40.8919244], [14.2571058, 40.8918804]], [[14.2571058, 40.8918804], [14.2571296, 40.8919427], [14.2571482, 40.8919798]], [[14.2571693, 40.8921523], [14.2571532, 40.8921269], [14.2571271, 40.8921016], [14.2570887, 40.8920794]], [[14.2571679, 40.8920465], [14.2571693, 40.8921523]]]}}, {"type": "Feature", "properties": {"id": "SS-NAP-0069", "nome": "Cupa detta Santa Cesarea", "quartiere": "", "classificazione": "giallo", "score": 3, "note": "strada urbana senza ciclabile", "ciclabile": "no", "n_corsie": "2", "senso_unico": "si", "n_testimonianze": "0", "zona": "B2"}, "geometry": {"type": "MultiLineString", "coordinates": [[[14.2622736, 40.8863999], [14.2622554, 40.8863626], [14.2622285, 40.8863387], [14.2621976, 40.88633], [14.2620886, 40.8863289], [14.2619193, 40.8863345], [14.2619037, 40.886335], [14.2617298, 40.8863506], [14.2614535, 40.8863843], [14.2612042, 40.8864363], [14.2611838, 40.8864413], [14.2610894, 40.8864643], [14.2609396, 40.8865057], [14.2608298, 40.886538], [14.2607485, 40.8865619], [14.2605955, 40.8866188], [14.2604742, 40.8866542], [14.2602859, 40.8866956], [14.2601239, 40.8867258], [14.2596877, 40.8867914], [14.259528, 40.8868224], [14.2594628, 40.886841], [14.2593781, 40.8868673], [14.259183, 40.8869394], [14.2590901, 40.8869757], [14.2589093, 40.887058], [14.2587635, 40.8871249], [14.2586259, 40.8871879], [14.2584145, 40.8872797], [14.2583037, 40.8873319], [14.2582462, 40.8873773]], [[14.2582462, 40.8873773], [14.2582396, 40.887441], [14.2582192, 40.8875337], [14.25818, 40.88764], [14.2581312, 40.8877373], [14.2580695, 40.8878082], [14.2579893, 40.8878749], [14.2578955, 40.8879341], [14.2577956, 40.887974], [14.2576975, 40.8879977], [14.2574449, 40.8880303], [14.2571957, 40.8880662], [14.2569819, 40.8881041], [14.2567628, 40.888153], [14.2565562, 40.8881991], [14.2563866, 40.8882369]]]}}, {"type": "Feature", "properties": {"id": "SS-NAP-0071", "nome": "Discesa Bellaria", "quartiere": "", "classificazione": "giallo", "score": 3, "note": "strada urbana senza ciclabile", "ciclabile": "no", "n_corsie": "2", "senso_unico": "no", "n_testimonianze": "0", "zona": "B2"}, "geometry": {"type": "LineString", "coordinates": [[14.2500022, 40.8831247], [14.2500558, 40.8833782], [14.2501363, 40.8835647], [14.250208, 40.8836707], [14.2502452, 40.8837149], [14.2503158, 40.8837672]]}}, {"type": "Feature", "properties": {"id": "SS-NAP-0074", "nome": "Discesa Sanità", "quartiere": "", "classificazione": "giallo", "score": 3, "note": "strada urbana senza ciclabile", "ciclabile": "no", "n_corsie": "2", "senso_unico": "si", "n_testimonianze": "0", "zona": "B2"}, "geometry": {"type": "MultiLineString", "coordinates": [[[14.2479839, 40.8577194], [14.2479838, 40.8577136], [14.2479743, 40.8571855], [14.248048, 40.8566981], [14.2481476, 40.8561809]], [[14.2479878, 40.8590884], [14.2479859, 40.859049], [14.2479839, 40.8577194]]]}}, {"type": "Feature", "properties": {"id": "SS-NAP-0076", "nome": "Fondaco Centocinquanta", "quartiere": "", "classificazione": "blu", "score": 2, "note": "zona pedonale / living street", "ciclabile": "no", "n_corsie": "1", "senso_unico": "no", "n_testimonianze": "0", "zona": "B2"}, "geometry": {"type": "LineString", "coordinates": [[14.2706022, 40.8576687], [14.2706087, 40.8576418], [14.2706725, 40.8573775]]}}, {"type": "Feature", "properties": {"id": "SS-NAP-0079", "nome": "Fondaco della Vicaria", "quartiere": "", "classificazione": "blu", "score": 2, "note": "zona pedonale / living street", "ciclabile": "no", "n_corsie": "1", "senso_unico": "no", "n_testimonianze": "0", "zona": "B2"}, "geometry": {"type": "LineString", "coordinates": [[14.2630386, 40.8537246], [14.2631506, 40.8535682]]}}, {"type": "Feature", "properties": {"id": "SS-NAP-0092", "nome": "Gradini San Nicandro", "quartiere": "", "classificazione": "giallo", "score": 3, "note": "strada urbana senza ciclabile", "ciclabile": "no", "n_corsie": "2", "senso_unico": "no", "n_testimonianze": "0", "zona": "B2"}, "geometry": {"type": "LineString", "coordinates": [[14.2515673, 40.8566636], [14.2516881, 40.8571851], [14.2516936, 40.8572059], [14.2517839, 40.8575477]]}}, {"type": "Feature", "properties": {"id": "SS-NAP-0105", "nome": "I Traversa di Via Vincenzo Janfolla", "quartiere": "", "classificazione": "giallo", "score": 3, "note": "strada urbana senza ciclabile", "ciclabile": "no", "n_corsie": "2", "senso_unico": "no", "n_testimonianze": "0", "zona": "B2"}, "geometry": {"type": "LineString", "coordinates": [[14.2439731, 40.8877362], [14.2442523, 40.8876014], [14.2445279, 40.8874684], [14.2445745, 40.8874453], [14.244616, 40.8874247], [14.2446498, 40.8874019], [14.2446766, 40.8873805], [14.2446952, 40.8873531], [14.2448165, 40.8870847], [14.2448357, 40.8870422]]}}, {"type": "Feature", "properties": {"id": "SS-NAP-0116", "nome": "IV Traversa Botteghelle", "quartiere": "", "classificazione": "giallo", "score": 3, "note": "strada urbana senza ciclabile", "ciclabile": "no", "n_corsie": "2", "senso_unico": "no", "n_testimonianze": "0", "zona": "B2"}, "geometry": {"type": "LineString", "coordinates": [[14.3305212, 40.8616377], [14.3304649, 40.8616444], [14.3304161, 40.8616414], [14.3302916, 40.861617], [14.3299703, 40.8615392], [14.3297126, 40.8614972], [14.3295652, 40.8614732], [14.329374, 40.8614464], [14.3293196, 40.8614401], [14.3292701, 40.8614401], [14.3290672, 40.8614534], [14.3280268, 40.8615512]]}}, {"type": "Feature", "properties": {"id": "SS-NAP-0118", "nome": "Inversione di marcia", "quartiere": "", "classificazione": "giallo", "score": 3, "note": "strada urbana senza ciclabile", "ciclabile": "no", "n_corsie": "2", "senso_unico": "si", "n_testimonianze": "0", "zona": "B2"}, "geometry": {"type": "LineString", "coordinates": [[14.2830093, 40.8572677], [14.2826507, 40.85718], [14.2825817, 40.8571527], [14.2825269, 40.8571222], [14.2824808, 40.8570762], [14.2824715, 40.8570127], [14.2825041, 40.8569648], [14.282567, 40.8569222], [14.2826228, 40.8568919], [14.2826915, 40.8568661], [14.2830791, 40.8568717]]}}, {"type": "Feature", "properties": {"id": "SS-NAP-0119", "nome": "Largo 4 Aprile", "quartiere": "", "classificazione": "giallo", "score": 3, "note": "strada urbana senza ciclabile", "ciclabile": "no", "n_corsie": "2", "senso_unico": "no", "n_testimonianze": "0", "zona": "B2"}, "geometry": {"type": "MultiLineString", "coordinates": [[[14.2822078, 40.8917295], [14.2824689, 40.8918916], [14.2822034, 40.8922302]], [[14.2822078, 40.8917295], [14.2822292, 40.8916788], [14.2822436, 40.8916117]], [[14.2822034, 40.8922302], [14.2818936, 40.8920274], [14.2822078, 40.8917295]]]}}, {"type": "Feature", "properties": {"id": "SS-NAP-0120", "nome": "Largo Aldo Capitini", "quartiere": "", "classificazione": "giallo", "score": 3, "note": "strada urbana senza ciclabile", "ciclabile": "no", "n_corsie": "2", "senso_unico": "no", "n_testimonianze": "0", "zona": "B2"}, "geometry": {"type": "LineString", "coordinates": [[14.2462758, 40.8920961], [14.2462474, 40.8920479], [14.2461455, 40.8918775], [14.2467458, 40.8916547], [14.2469282, 40.8915898], [14.2470754, 40.8918085]]}}, {"type": "Feature", "properties": {"id": "SS-NAP-0126", "nome": "Largo Beato Gaetano Errico", "quartiere": "", "classificazione": "giallo", "score": 3, "note": "strada urbana senza ciclabile", "ciclabile": "no", "n_corsie": "2", "senso_unico": "si", "n_testimonianze": "0", "zona": "B2"}, "geometry": {"type": "MultiLineString", "coordinates": [[[14.2664034, 40.8950261], [14.2665976, 40.8948158], [14.2668908, 40.8949742]], [[14.2668908, 40.8949742], [14.2667166, 40.8951749], [14.2664034, 40.8950261]]]}}, {"type": "Feature", "properties": {"id": "SS-NAP-0139", "nome": "Largo Giuseppe Dossetti", "quartiere": "", "classificazione": "giallo", "score": 3, "note": "strada urbana senza ciclabile", "ciclabile": "no", "n_corsie": "2", "senso_unico": "no", "n_testimonianze": "0", "zona": "B2"}, "geometry": {"type": "LineString", "coordinates": [[14.2437851, 40.8925913], [14.2436886, 40.8926318], [14.2438722, 40.8929592]]}}, {"type": "Feature", "properties": {"id": "SS-NAP-0143", "nome": "Largo Martin Buber", "quartiere": "", "classificazione": "giallo", "score": 3, "note": "strada urbana senza ciclabile", "ciclabile": "no", "n_corsie": "2", "senso_unico": "no", "n_testimonianze": "0", "zona": "B2"}, "geometry": {"type": "LineString", "coordinates": [[14.2472429, 40.8924548], [14.2471969, 40.8924007], [14.2468642, 40.8918862]]}}, {"type": "Feature", "properties": {"id": "SS-NAP-0145", "nome": "Largo Miracoli", "quartiere": "", "classificazione": "giallo", "score": 3, "note": "strada urbana senza ciclabile", "ciclabile": "no", "n_corsie": "2", "senso_unico": "si", "n_testimonianze": "0", "zona": "B2"}, "geometry": {"type": "LineString", "coordinates": [[14.2554348, 40.8584312], [14.2553553, 40.8583829]]}}, {"type": "Feature", "properties": {"id": "SS-NAP-0149", "nome": "Largo Placido Rizzotto", "quartiere": "", "classificazione": "giallo", "score": 3, "note": "strada urbana senza ciclabile", "ciclabile": "no", "n_corsie": "2", "senso_unico": "no", "n_testimonianze": "0", "zona": "B2"}, "geometry": {"type": "MultiLineString", "coordinates": [[[14.2450029, 40.8922668], [14.2457051, 40.8920197], [14.2458714, 40.8922388]], [[14.244799, 40.8919424], [14.2450029, 40.8922668], [14.2451493, 40.8925136]]]}}, {"type": "Feature", "properties": {"id": "SS-NAP-0158", "nome": "Largo Santa Maria del Pianto", "quartiere": "", "classificazione": "rosso", "score": 4, "note": "strada principale trafficata", "ciclabile": "no", "n_corsie": "2", "senso_unico": "si", "n_testimonianze": "0", "zona": "B2"}, "geometry": {"type": "MultiLineString", "coordinates": [[[14.2843759, 40.8696114], [14.2843942, 40.8695623], [14.2844316, 40.8695199], [14.2844845, 40.8694882], [14.2845477, 40.8694705], [14.2846151, 40.8694684]], [[14.2847638, 40.869535], [14.2847843, 40.8695692], [14.2848016, 40.8696049], [14.284802, 40.8696427], [14.2847927, 40.8696823], [14.2847718, 40.8697187], [14.2847309, 40.8697542], [14.2846783, 40.8697795], [14.2846184, 40.8697923], [14.2846001, 40.8697921], [14.2845561, 40.8697916]], [[14.2845561, 40.8697916], [14.2844997, 40.8697786], [14.2844437, 40.8697503], [14.284402, 40.8697102], [14.2843786, 40.8696624]], [[14.2846151, 40.8694684], [14.2846458, 40.8694728], [14.2846753, 40.8694805], [14.2847142, 40.8694969], [14.2847478, 40.869519], [14.2847638, 40.869535]], [[14.2843786, 40.8696624], [14.2843759, 40.8696114]]]}}, {"type": "Feature", "properties": {"id": "SS-NAP-0172", "nome": "Passaggio Nuova Poggioreale", "quartiere": "", "classificazione": "rosso", "score": 4, "note": "strada secondaria trafficata", "ciclabile": "no", "n_corsie": "2", "senso_unico": "no", "n_testimonianze": "0", "zona": "B2"}, "geometry": {"type": "MultiLineString", "coordinates": [[[14.2812038, 40.8618569], [14.2811819, 40.8618785], [14.2811693, 40.861891]], [[14.2811693, 40.861891], [14.2811557, 40.8619045], [14.2811116, 40.8619481]]]}}, {"type": "Feature", "properties": {"id": "SS-NAP-0181", "nome": "Piazza Capuana", "quartiere": "", "classificazione": "rosso", "score": 4, "note": "strada secondaria trafficata", "ciclabile": "no", "n_corsie": "2", "senso_unico": "si", "n_testimonianze": "0", "zona": "B2"}, "geometry": {"type": "MultiLineString", "coordinates": [[[14.2652964, 40.8537695], [14.2652864, 40.8537419], [14.2652807, 40.853716], [14.265275, 40.8536901], [14.2652773, 40.8536458], [14.2652868, 40.8535942], [14.2653725, 40.8533978]], [[14.2652964, 40.8537695], [14.2657595, 40.8535524]]]}}, {"type": "Feature", "properties": {"id": "SS-NAP-0183", "nome": "Piazza Carlo III", "quartiere": "", "classificazione": "rosso", "score": 4, "note": "strada principale trafficata", "ciclabile": "no", "n_corsie": "2", "senso_unico": "si", "n_testimonianze": "0", "zona": "B2"}, "geometry": {"type": "MultiLineString", "coordinates": [[[14.2661477, 40.8628171], [14.2659103, 40.8626252], [14.2651743, 40.8619468]], [[14.266204, 40.8624191], [14.2662247, 40.8624083], [14.2662567, 40.8623916], [14.2662987, 40.8623716]], [[14.2652625, 40.8618931], [14.2653212, 40.8619444], [14.265878, 40.8624317], [14.2659134, 40.8624543], [14.2659344, 40.8624576], [14.2659534, 40.8624576], [14.2659768, 40.8624552], [14.2660077, 40.862452], [14.2661483, 40.8624267], [14.266204, 40.8624191]], [[14.2666134, 40.8632212], [14.2665843, 40.8632066], [14.2662865, 40.8629409], [14.2661477, 40.8628171]], [[14.2661477, 40.8628171], [14.2661233, 40.8627912], [14.2661123, 40.8627664], [14.2660958, 40.8627364], [14.266077, 40.86271], [14.2660529, 40.8626837], [14.266018, 40.8626472], [14.2660073, 40.8626188], [14.2660046, 40.8625762], [14.2660502, 40.8625214], [14.2660716, 40.8625011], [14.2661011, 40.8624747], [14.2661441, 40.8624504], [14.266204, 40.8624191]], [[14.2665008, 40.8623591], [14.2665548, 40.8624033], [14.2667829, 40.8626242], [14.2669998, 40.8628262]], [[14.267056, 40.8630285], [14.2670104, 40.8630711], [14.266938, 40.8631157], [14.2668275, 40.8631721]], [[14.2669998, 40.8628262], [14.2670859, 40.8629064], [14.2671016, 40.8629514], [14.2670859, 40.8629855], [14.2670747, 40.8630016], [14.267056, 40.8630285]], [[14.2662987, 40.8623716], [14.2663215, 40.8623607], [14.2663828, 40.8623429], [14.2664418, 40.8623408], [14.2665008, 40.8623591]]]}}, {"type": "Feature", "properties": {"id": "SS-NAP-0184", "nome": "Piazza Carlo Terzo", "quartiere": "", "classificazione": "rosso", "score": 4, "note": "strada principale trafficata (2 corsie)", "ciclabile": "no", "n_corsie": "2", "senso_unico": "si", "n_testimonianze": "0", "zona": "B2"}, "geometry": {"type": "LineString", "coordinates": [[14.2668275, 40.8631721], [14.2667851, 40.8631908], [14.266718, 40.863209], [14.2666648, 40.8632228], [14.2666134, 40.8632212]]}}, {"type": "Feature", "properties": {"id": "SS-NAP-0187", "nome": "Piazza Cavour", "quartiere": "", "classificazione": "giallo", "score": 3, "note": "strada urbana senza ciclabile", "ciclabile": "no", "n_corsie": "2", "senso_unico": "si", "n_testimonianze": "0", "zona": "B2"}, "geometry": {"type": "MultiLineString", "coordinates": [[[14.2550984, 40.855639], [14.2549834, 40.8557219], [14.2547836, 40.8558567]], [[14.2523854, 40.8544544], [14.2522526, 40.8543556], [14.2522112, 40.8542502], [14.2522093, 40.8542351], [14.2521916, 40.8541349], [14.2521416, 40.8540575], [14.2520479, 40.8539982], [14.2520065, 40.8539873], [14.2519763, 40.8539816], [14.2519522, 40.853977], [14.2515508, 40.8538999]], [[14.2515508, 40.8538999], [14.251685, 40.8535478], [14.2517313, 40.8534331], [14.2518069, 40.8533936]], [[14.2547836, 40.8558567], [14.2544568, 40.8555516]], [[14.2533335, 40.8547747], [14.2523854, 40.8544544]], [[14.255384, 40.8554314], [14.2553314, 40.8554568], [14.25519, 40.8555644], [14.2550984, 40.855639]], [[14.2544568, 40.8555516], [14.2540876, 40.8552377], [14.2538876, 40.8550076], [14.2538476, 40.8549641], [14.2537944, 40.8549209], [14.2537114, 40.8548873], [14.2536293, 40.8548616]], [[14.2569615, 40.855854], [14.2566265, 40.855851]], [[14.2554441, 40.8552756], [14.2553099, 40.8552204], [14.2552723, 40.8552058], [14.2546053, 40.8549562], [14.2543286, 40.8548482], [14.2537195, 40.8546013], [14.2536125, 40.854549], [14.2535467, 40.8545176], [14.253244, 40.8543331], [14.2526744, 40.8539878], [14.2525245, 40.8538986], [14.252186, 40.8536971]], [[14.2515216, 40.8531504], [14.2515454, 40.853195], [14.2515656, 40.8532289], [14.2516007, 40.8532668], [14.2516485, 40.8533027], [14.2518069, 40.8533936]], [[14.2536293, 40.8548616], [14.2534455, 40.8548076], [14.2533335, 40.8547747]], [[14.2566265, 40.855851], [14.256393, 40.8558078], [14.2558551, 40.8555761], [14.2558496, 40.8555736], [14.2556573, 40.8554862], [14.2555755, 40.8554557], [14.2554567, 40.8554364], [14.255384, 40.8554314]], [[14.2518069, 40.8533936], [14.2519652, 40.8534823], [14.2519816, 40.8534915], [14.2525716, 40.8538527], [14.2527091, 40.8539306], [14.253704, 40.8544485], [14.2540253, 40.8546134], [14.2542943, 40.8547477], [14.2544477, 40.8548154], [14.2546963, 40.8549199], [14.2553449, 40.8551642], [14.2555028, 40.8552236]], [[14.252186, 40.8536971], [14.2520493, 40.8536158], [14.2519124, 40.8535372], [14.2517313, 40.8534331], [14.2516124, 40.8533623], [14.2515097, 40.8533011], [14.2513311, 40.8532127]]]}}, {"type": "Feature", "properties": {"id": "SS-NAP-0190", "nome": "Piazza Eduardo De Filippo", "quartiere": "", "classificazione": "giallo", "score": 3, "note": "strada urbana senza ciclabile", "ciclabile": "no", "n_corsie": "2", "senso_unico": "si", "n_testimonianze": "0", "zona": "B2"}, "geometry": {"type": "MultiLineString", "coordinates": [[[14.2630843, 40.8574461], [14.2630501, 40.857421], [14.263033, 40.8574036], [14.2630178, 40.8573833], [14.2630063, 40.8573632], [14.2629985, 40.8573404], [14.262993, 40.857322], [14.2629906, 40.8573051], [14.2629896, 40.8572857], [14.2629888, 40.8572669], [14.2629867, 40.8572482], [14.2629848, 40.8572264], [14.2629843, 40.8572066]], [[14.2630843, 40.8574461], [14.2631194, 40.8574571], [14.2631537, 40.8574621], [14.2631814, 40.8574655], [14.26321, 40.8574663], [14.2632462, 40.8574605], [14.263275, 40.8574524], [14.2633235, 40.8574229], [14.2633634, 40.8573915], [14.2633983, 40.85735], [14.2634057, 40.857338], [14.2634246, 40.8573077]]]}}, {"type": "Feature", "properties": {"id": "SS-NAP-0192", "nome": "Piazza Enrico De Nicola", "quartiere": "", "classificazione": "rosso", "score": 4, "note": "strada secondaria trafficata", "ciclabile": "no", "n_corsie": "2", "senso_unico": "no", "n_testimonianze": "0", "zona": "B2"}, "geometry": {"type": "MultiLineString", "coordinates": [[[14.2652964, 40.8537695], [14.265142, 40.8538402]], [[14.2656595, 40.8541556], [14.265615, 40.8541153], [14.2655643, 40.8540796], [14.2654854, 40.8540378], [14.2654233, 40.8540056], [14.2653902, 40.8539808], [14.2653642, 40.8539513], [14.2653487, 40.8539243], [14.2653378, 40.853895], [14.2653349, 40.8538865], [14.2653222, 40.8538486], [14.2653099, 40.8538099], [14.2652964, 40.8537695]]]}}, {"type": "Feature", "properties": {"id": "SS-NAP-0193", "nome": "Piazza Enrico de Nicola", "quartiere": "", "classificazione": "giallo", "score": 3, "note": "strada urbana senza ciclabile", "ciclabile": "no", "n_corsie": "2", "senso_unico": "si", "n_testimonianze": "0", "zona": "B2"}, "geometry": {"type": "MultiLineString", "coordinates": [[[14.2631774, 40.8533002], [14.2631792, 40.853335], [14.2631841, 40.8533528], [14.2631945, 40.8533684], [14.2634846, 40.853531]], [[14.264849, 40.8536885], [14.2650364, 40.8534044], [14.2652769, 40.8530168]], [[14.2652769, 40.8530168], [14.264684, 40.8527909], [14.2644167, 40.8526885], [14.2642473, 40.8526238], [14.2640053, 40.8525314], [14.2638768, 40.8524823], [14.2637836, 40.8524468], [14.2637331, 40.8524275]], [[14.2645384, 40.8541036], [14.2634846, 40.853531]]]}}, {"type": "Feature", "properties": {"id": "SS-NAP-0194", "nome": "Piazza Ezechiele Guardascione", "quartiere": "", "classificazione": "giallo", "score": 3, "note": "strada urbana senza ciclabile", "ciclabile": "no", "n_corsie": "2", "senso_unico": "si", "n_testimonianze": "0", "zona": "B2"}, "geometry": {"type": "LineString", "coordinates": [[14.3341957, 40.857919], [14.3341836, 40.8579199], [14.3341564, 40.857923], [14.3340173, 40.8579354], [14.3339953, 40.8579375], [14.3339181, 40.8579392], [14.3338905, 40.8579303]]}}, {"type": "Feature", "properties": {"id": "SS-NAP-0196", "nome": "Piazza Francesco Coppola", "quartiere": "", "classificazione": "giallo", "score": 3, "note": "strada urbana senza ciclabile", "ciclabile": "no", "n_corsie": "2", "senso_unico": "no", "n_testimonianze": "0", "zona": "B2"}, "geometry": {"type": "MultiLineString", "coordinates": [[[14.2914351, 40.8563205], [14.2917947, 40.8565238], [14.2920683, 40.8566785]], [[14.2913075, 40.8570877], [14.2913334, 40.8569317], [14.2914351, 40.8563205]], [[14.2920683, 40.8566785], [14.2921128, 40.8567391], [14.2921362, 40.8568119], [14.2921513, 40.8568871], [14.2921552, 40.8569493], [14.2921433, 40.8570771]], [[14.2921286, 40.8571494], [14.2920591, 40.8571442], [14.2917107, 40.857118], [14.2913075, 40.8570877]]]}}, {"type": "Feature", "properties": {"id": "SS-NAP-0198", "nome": "Piazza Francesco Saverio Arabia", "quartiere": "", "classificazione": "rosso", "score": 4, "note": "strada principale trafficata", "ciclabile": "no", "n_corsie": "2", "senso_unico": "si", "n_testimonianze": "0", "zona": "B2"}, "geometry": {"type": "MultiLineString", "coordinates": [[[14.2911591, 40.8617927], [14.2912211, 40.8618053], [14.2914218, 40.861886]], [[14.2927324, 40.8627066], [14.2926069, 40.8626391], [14.2922253, 40.8624494]], [[14.2924877, 40.8623744], [14.2925848, 40.8624282], [14.2926554, 40.8624855], [14.2927266, 40.8625551], [14.2928269, 40.8626594], [14.2929301, 40.8627553], [14.2930118, 40.8628163]], [[14.2913502, 40.8620261], [14.2913262, 40.8619971], [14.2913143, 40.8619619], [14.2913182, 40.8619315], [14.2913401, 40.861907], [14.2913741, 40.8618915], [14.2914218, 40.861886]], [[14.2922915, 40.8622821], [14.2923227, 40.862326], [14.2923309, 40.8623606], [14.2923261, 40.862392], [14.2923023, 40.8624202], [14.2922741, 40.8624372], [14.2922253, 40.8624494]], [[14.2924877, 40.8623744], [14.2924427, 40.8624148], [14.2923828, 40.8624386], [14.2923247, 40.8624498], [14.2922909, 40.8624517], [14.2922253, 40.8624494]], [[14.2927324, 40.8627066], [14.2925864, 40.8625704], [14.2925227, 40.8624962], [14.2925023, 40.8624587], [14.2924919, 40.8624202], [14.2924877, 40.8623744]], [[14.2929644, 40.86285], [14.2928649, 40.8627918], [14.2927324, 40.8627066]], [[14.2912628, 40.8619833], [14.291014, 40.8618615], [14.2908493, 40.8617906]], [[14.2908493, 40.8617906], [14.2910882, 40.861787], [14.2911591, 40.8617927]], [[14.2913502, 40.8620261], [14.2912628, 40.8619833]], [[14.2914218, 40.861886], [14.2922915, 40.8622821]], [[14.2922915, 40.8622821], [14.2924071, 40.8623318], [14.2924362, 40.8623454], [14.2924688, 40.8623624], [14.2924877, 40.8623744]], [[14.2922253, 40.8624494], [14.2913502, 40.8620261]]]}}, {"type": "Feature", "properties": {"id": "SS-NAP-0204", "nome": "Piazza Gianbattista Vico", "quartiere": "", "classificazione": "giallo", "score": 3, "note": "strada urbana senza ciclabile", "ciclabile": "no", "n_corsie": "2", "senso_unico": "si", "n_testimonianze": "0", "zona": "B2"}, "geometry": {"type": "MultiLineString", "coordinates": [[[14.2652203, 40.8660265], [14.2654613, 40.8662466]], [[14.2649749, 40.8657898], [14.2644934, 40.8660943], [14.2645926, 40.8662191]], [[14.2649749, 40.8657898], [14.2652203, 40.8660265]]]}}, {"type": "Feature", "properties": {"id": "SS-NAP-0208", "nome": "Piazza Giovanni Falcone e Paolo Borsellino", "quartiere": "", "classificazione": "giallo", "score": 3, "note": "strada urbana senza ciclabile", "ciclabile": "no", "n_corsie": "2", "senso_unico": "no", "n_testimonianze": "0", "zona": "B2"}, "geometry": {"type": "MultiLineString", "coordinates": [[[14.2815157, 40.8598063], [14.2814901, 40.8598037], [14.2814662, 40.8597962], [14.2814409, 40.8597802], [14.281424, 40.8597589], [14.2814174, 40.8597345], [14.2814217, 40.8597098], [14.2814365, 40.8596876], [14.2814602, 40.8596703], [14.2814901, 40.8596599], [14.2815229, 40.8596576], [14.2815498, 40.859662], [14.2815749, 40.8596723], [14.2815951, 40.8596878], [14.2816085, 40.8597069], [14.281614, 40.8597282], [14.2816113, 40.8597497], [14.2816004, 40.8597698]], [[14.2816004, 40.8597698], [14.2815784, 40.8597892], [14.281549, 40.8598019], [14.2815157, 40.8598063]]]}}, {"type": "Feature", "properties": {"id": "SS-NAP-0209", "nome": "Piazza Giovanni Leone", "quartiere": "", "classificazione": "blu", "score": 2, "note": "zona pedonale / living street", "ciclabile": "no", "n_corsie": "1", "senso_unico": "no", "n_testimonianze": "0", "zona": "B2"}, "geometry": {"type": "LineString", "coordinates": [[14.2667357, 40.8551175], [14.2670372, 40.8552489], [14.2673621, 40.8554043], [14.2674529, 40.8554477], [14.2674384, 40.855566], [14.2673966, 40.8559081], [14.2673848, 40.8559068], [14.2673403, 40.855902], [14.2671928, 40.8557397], [14.2671572, 40.8557564], [14.2668025, 40.8553642], [14.2666289, 40.8551722], [14.2667357, 40.8551175]]}}, {"type": "Feature", "properties": {"id": "SS-NAP-0211", "nome": "Piazza Giovanni XXII", "quartiere": "", "classificazione": "giallo", "score": 3, "note": "strada urbana senza ciclabile", "ciclabile": "no", "n_corsie": "2", "senso_unico": "si", "n_testimonianze": "0", "zona": "B2"}, "geometry": {"type": "LineString", "coordinates": [[14.2681286, 40.8881994], [14.2679405, 40.8880849], [14.2681082, 40.8879208], [14.2683378, 40.888025], [14.2681286, 40.8881994]]}}, {"type": "Feature", "properties": {"id": "SS-NAP-0212", "nome": "Piazza Giuseppe Di Vittorio", "quartiere": "", "classificazione": "giallo", "score": 3, "note": "strada urbana senza ciclabile", "ciclabile": "no", "n_corsie": "2", "senso_unico": "si", "n_testimonianze": "0", "zona": "B2"}, "geometry": {"type": "MultiLineString", "coordinates": [[[14.2713308, 40.8816891], [14.2712823, 40.8817071], [14.2711785, 40.8817458], [14.2710517, 40.8818139], [14.2709284, 40.8818873], [14.2708897, 40.8819201], [14.2708598, 40.8819552], [14.2708299, 40.8820069], [14.2707663, 40.8821484], [14.2707505, 40.8821835]], [[14.2707505, 40.8821835], [14.2708649, 40.8821915], [14.2709507, 40.882201], [14.2710314, 40.8822093], [14.2710973, 40.8822247]]]}}, {"type": "Feature", "properties": {"id": "SS-NAP-0215", "nome": "Piazza Giuseppe Zanardelli", "quartiere": "", "classificazione": "giallo", "score": 3, "note": "strada urbana senza ciclabile", "ciclabile": "no", "n_corsie": "2", "senso_unico": "no", "n_testimonianze": "0", "zona": "B2"}, "geometry": {"type": "LineString", "coordinates": [[14.2626761, 40.8951065], [14.2632272, 40.8947602]]}}, {"type": "Feature", "properties": {"id": "SS-NAP-0221", "nome": "Piazza Luigi Poderico", "quartiere": "", "classificazione": "giallo", "score": 3, "note": "strada urbana senza ciclabile", "ciclabile": "no", "n_corsie": "2", "senso_unico": "si", "n_testimonianze": "0", "zona": "B2"}, "geometry": {"type": "MultiLineString", "coordinates": [[[14.2702477, 40.8599611], [14.2702114, 40.8602432], [14.2701979, 40.8603486], [14.2701826, 40.8604672]], [[14.2706509, 40.8599719], [14.270827, 40.8599863], [14.271066, 40.8600072], [14.271101, 40.8600106], [14.2710533, 40.860292], [14.2710085, 40.8605546], [14.2709353, 40.8605474], [14.2705707, 40.8605153], [14.2706095, 40.8602633], [14.2706509, 40.8599719]]]}}, {"type": "Feature", "properties": {"id": "SS-NAP-0223", "nome": "Piazza Madonna dell'Arco", "quartiere": "", "classificazione": "giallo", "score": 3, "note": "strada urbana senza ciclabile", "ciclabile": "no", "n_corsie": "2", "senso_unico": "no", "n_testimonianze": "0", "zona": "B2"}, "geometry": {"type": "MultiLineString", "coordinates": [[[14.2559824, 40.8876085], [14.2559578, 40.8876195], [14.2559299, 40.8876235], [14.2559017, 40.8876203], [14.2558765, 40.8876102], [14.2558573, 40.8875943], [14.2558466, 40.8875757], [14.2558442, 40.8875555], [14.2558503, 40.8875358], [14.2558643, 40.8875185], [14.2558848, 40.8875054], [14.2559096, 40.8874979], [14.2559364, 40.8874967], [14.2559623, 40.8875018], [14.2559848, 40.8875129], [14.2560023, 40.8875299], [14.2560113, 40.8875503], [14.2560107, 40.8875719], [14.2560007, 40.8875921], [14.2559824, 40.8876085]], [[14.2559017, 40.8876203], [14.2558276, 40.8876399], [14.2557347, 40.8876712], [14.2556364, 40.8877113], [14.2555506, 40.8877455], [14.2554856, 40.8877613], [14.2554134, 40.8877656], [14.2553427, 40.887764], [14.255191, 40.8877607], [14.2551648, 40.8877542], [14.2551459, 40.8877392], [14.2551366, 40.8877147], [14.2551457, 40.8876857]], [[14.2551457, 40.8876857], [14.2551827, 40.8876698], [14.2552152, 40.8876682], [14.2552481, 40.8876762], [14.2552812, 40.8876922], [14.2553025, 40.8876993], [14.2553236, 40.8877043], [14.2553713, 40.8877103], [14.2554305, 40.8877097], [14.2554855, 40.887702], [14.2555474, 40.8876813], [14.2557658, 40.887589], [14.2558099, 40.8875665], [14.2558503, 40.8875358]]]}}, {"type": "Feature", "properties": {"id": "SS-NAP-0226", "nome": "Piazza Mario Pagano", "quartiere": "", "classificazione": "giallo", "score": 3, "note": "strada urbana senza ciclabile", "ciclabile": "no", "n_corsie": "2", "senso_unico": "no", "n_testimonianze": "0", "zona": "B2"}, "geometry": {"type": "MultiLineString", "coordinates": [[[14.2538444, 40.8572664], [14.2537252, 40.8567754], [14.2537102, 40.8567389], [14.253678, 40.8567061]], [[14.2528788, 40.8568513], [14.2535619, 40.856749], [14.253627, 40.8567317], [14.253678, 40.8567061]]]}}, {"type": "Feature", "properties": {"id": "SS-NAP-0229", "nome": "Piazza Miracoli", "quartiere": "", "classificazione": "giallo", "score": 3, "note": "strada urbana senza ciclabile", "ciclabile": "no", "n_corsie": "2", "senso_unico": "si", "n_testimonianze": "0", "zona": "B2"}, "geometry": {"type": "LineString", "coordinates": [[14.2556413, 40.8581282], [14.2557079, 40.8581565], [14.2558121, 40.8581864], [14.2560501, 40.8582025], [14.2561037, 40.8582194], [14.2561329, 40.8582441], [14.2561417, 40.8582843], [14.2561401, 40.8583126], [14.2561333, 40.858325], [14.2561105, 40.8583661], [14.2560625, 40.8584072], [14.2560248, 40.8584138], [14.2556941, 40.8583689], [14.2555959, 40.8583645], [14.2555426, 40.8583739], [14.2554801, 40.8583975], [14.2554348, 40.8584312], [14.2554285, 40.8584359], [14.2554151, 40.8585007], [14.2554151, 40.8585758], [14.2554605, 40.8586346], [14.2555125, 40.8586669], [14.2556991, 40.8587533], [14.2560084, 40.8588965], [14.2560913, 40.85897]]}}, {"type": "Feature", "properties": {"id": "SS-NAP-0236", "nome": "Piazza Nazionale", "quartiere": "", "classificazione": "rosso", "score": 4, "note": "strada secondaria trafficata (2 corsie)", "ciclabile": "no", "n_corsie": "2", "senso_unico": "si", "n_testimonianze": "0", "zona": "B2"}, "geometry": {"type": "MultiLineString", "coordinates": [[[14.2735282, 40.8588327], [14.2734079, 40.8588214], [14.2731473, 40.8587986], [14.2730705, 40.8587845], [14.2730084, 40.8587634], [14.2729477, 40.8587264], [14.2728649, 40.8586552], [14.2728047, 40.8586082], [14.2727294, 40.8585399], [14.2726898, 40.8584876], [14.2726716, 40.8584213], [14.2726735, 40.858355], [14.2726974, 40.8582026], [14.2727219, 40.8580674], [14.2727252, 40.8580445]], [[14.2743925, 40.8579324], [14.274406, 40.8579423], [14.2745045, 40.858043], [14.2745291, 40.8580883], [14.2745424, 40.8581128], [14.2745446, 40.8581559], [14.2745469, 40.858191], [14.2744684, 40.8585935], [14.2744614, 40.8586286]], [[14.2744614, 40.8586286], [14.2744331, 40.8586714], [14.2744249, 40.8586839]], [[14.2727252, 40.8580445], [14.2727666, 40.857985], [14.2727992, 40.8579518], [14.2728141, 40.8579366], [14.2728309, 40.8579234], [14.2728828, 40.8578824], [14.2729594, 40.8578311]], [[14.2743725, 40.8587382], [14.2742723, 40.8588024], [14.2742189, 40.8588202], [14.2741239, 40.8588511], [14.2740301, 40.8588682], [14.2739819, 40.858869], [14.2737355, 40.8588485], [14.2735282, 40.8588327]], [[14.2729594, 40.8578311], [14.2729832, 40.8578144], [14.2730363, 40.8577771], [14.2730883, 40.8577564], [14.2731579, 40.8577372], [14.2732455, 40.8577303], [14.2734821, 40.8577445], [14.2737126, 40.85777], [14.2742115, 40.8578279], [14.2742853, 40.8578541]], [[14.2742853, 40.8578541], [14.2743925, 40.8579324]], [[14.2744249, 40.8586839], [14.2744101, 40.8586989], [14.2743725, 40.8587382]]]}}, {"type": "Feature", "properties": {"id": "SS-NAP-0244", "nome": "Piazza Pietro Nenni", "quartiere": "", "classificazione": "blu", "score": 2, "note": "zona pedonale / living street", "ciclabile": "no", "n_corsie": "1", "senso_unico": "no", "n_testimonianze": "0", "zona": "B2"}, "geometry": {"type": "LineString", "coordinates": [[14.2789251, 40.8564014], [14.278981, 40.8564823], [14.2788335, 40.8565797], [14.2788034, 40.8567361], [14.2789174, 40.8568486], [14.2789661, 40.8569232], [14.2789904, 40.8569605], [14.2789953, 40.8569914], [14.2790703, 40.8569993], [14.2790914, 40.8569705], [14.2791188, 40.8569333], [14.2790481, 40.8568637], [14.2791869, 40.8567712], [14.2795415, 40.8568087], [14.2796577, 40.8569178], [14.2795741, 40.8569769], [14.2795825, 40.8570193], [14.2795876, 40.8570454], [14.2796622, 40.8570531], [14.2797341, 40.8570344], [14.2798287, 40.8570097], [14.2797678, 40.8569304], [14.2799131, 40.8568459], [14.2799467, 40.8566669], [14.2798283, 40.8565641], [14.2799182, 40.8564894], [14.2799232, 40.8564635], [14.279927, 40.8564436], [14.2797476, 40.8564276], [14.2796712, 40.85642], [14.2796641, 40.8564386], [14.2796526, 40.8564686], [14.279724, 40.8565554], [14.2795769, 40.8566377], [14.2792195, 40.8566024], [14.279099, 40.8564925], [14.2791952, 40.8564263], [14.2791917, 40.8563931], [14.2791891, 40.8563691], [14.2791236, 40.8563628], [14.279042, 40.8563787], [14.2789251, 40.8564014]]}}, {"type": "Feature", "properties": {"id": "SS-NAP-0247", "nome": "Piazza Principe Umberto", "quartiere": "", "classificazione": "rosso", "score": 4, "note": "strada secondaria trafficata", "ciclabile": "no", "n_corsie": "2", "senso_unico": "si", "n_testimonianze": "0", "zona": "B2"}, "geometry": {"type": "MultiLineString", "coordinates": [[[14.2678365, 40.8535949], [14.2678063, 40.8537087], [14.2677904, 40.853761], [14.2677671, 40.8538109], [14.2677321, 40.8538758], [14.2677003, 40.8539209], [14.2676501, 40.853977], [14.2675917, 40.8540256], [14.2674962, 40.8540969], [14.2674682, 40.8541178]], [[14.2678968, 40.8536849], [14.2679126, 40.8536941], [14.2680036, 40.8537369], [14.2680119, 40.8537406], [14.2682577, 40.8538511], [14.2682817, 40.8538622], [14.2683727, 40.8539041]], [[14.2678365, 40.8535949], [14.2678511, 40.8536297], [14.2678655, 40.8536543], [14.2678826, 40.8536744], [14.2678968, 40.8536849]], [[14.2682684, 40.8540587], [14.2682358, 40.8540848], [14.2682063, 40.8541002], [14.268152, 40.8541141], [14.26809, 40.8541219], [14.2679505, 40.8541351], [14.2679123, 40.8541411], [14.2678937, 40.854144], [14.2678515, 40.8541593], [14.2678166, 40.8541862], [14.2677871, 40.8542254], [14.2677773, 40.8542588], [14.2677752, 40.8542661]], [[14.2682817, 40.8538622], [14.2683136, 40.8539108], [14.2683176, 40.8539447], [14.2683108, 40.8539776], [14.268297, 40.8540094], [14.2682684, 40.8540587]]]}}, {"type": "Feature", "properties": {"id": "SS-NAP-0250", "nome": "Piazza Regina Margherita", "quartiere": "", "classificazione": "giallo", "score": 3, "note": "strada urbana senza ciclabile", "ciclabile": "no", "n_corsie": "2", "senso_unico": "no", "n_testimonianze": "0", "zona": "B2"}, "geometry": {"type": "LineString", "coordinates": [[14.2528539, 40.8859302], [14.2529122, 40.8858969], [14.2529538, 40.885884], [14.2531105, 40.8858547], [14.2531515, 40.8858449], [14.2531872, 40.8858328], [14.2532256, 40.8858107], [14.2532621, 40.8857853], [14.2533379, 40.8857433]]}}, {"type": "Feature", "properties": {"id": "SS-NAP-0253", "nome": "Piazza Salvatore Lobianco", "quartiere": "", "classificazione": "giallo", "score": 3, "note": "strada urbana senza ciclabile", "ciclabile": "no", "n_corsie": "2", "senso_unico": "si", "n_testimonianze": "0", "zona": "B2"}, "geometry": {"type": "MultiLineString", "coordinates": [[[14.2917985, 40.8588819], [14.2918437, 40.858887], [14.2920662, 40.8589121]], [[14.2920662, 40.8589121], [14.2926229, 40.858975], [14.2928425, 40.8589998], [14.2929347, 40.8590102]]]}}, {"type": "Feature", "properties": {"id": "SS-NAP-0255", "nome": "Piazza San Francesco di Paola", "quartiere": "", "classificazione": "rosso", "score": 4, "note": "strada secondaria trafficata", "ciclabile": "no", "n_corsie": "2", "senso_unico": "si", "n_testimonianze": "0", "zona": "B2"}, "geometry": {"type": "MultiLineString", "coordinates": [[[14.266343, 40.8548329], [14.2660057, 40.8545042], [14.2657472, 40.854259]], [[14.2661648, 40.8553922], [14.2662244, 40.8553746], [14.2665892, 40.855192], [14.2666289, 40.8551722], [14.2667357, 40.8551175], [14.2664466, 40.854977], [14.266374, 40.8549929], [14.2663567, 40.8550001], [14.2662818, 40.8550326], [14.2661081, 40.8551153], [14.2659744, 40.8551794], [14.2659607, 40.855186], [14.2659891, 40.8552134], [14.266053, 40.855275], [14.2661193, 40.8553406], [14.2661648, 40.8553922]], [[14.2657472, 40.854259], [14.2656595, 40.8541556]]]}}, {"type": "Feature", "properties": {"id": "SS-NAP-0259", "nome": "Piazza Sanità", "quartiere": "", "classificazione": "giallo", "score": 3, "note": "strada urbana senza ciclabile", "ciclabile": "no", "n_corsie": "2", "senso_unico": "no", "n_testimonianze": "0", "zona": "B2"}, "geometry": {"type": "MultiLineString", "coordinates": [[[14.2493455, 40.8598113], [14.2495304, 40.8598602], [14.2495438, 40.8598342], [14.2495535, 40.8598155], [14.249617, 40.8596445], [14.2496751, 40.8594881], [14.2495869, 40.8594729], [14.2495678, 40.8594126], [14.2495557, 40.8593582], [14.249425, 40.8591338], [14.249091, 40.8591632], [14.2489985, 40.8593656], [14.2490081, 40.8593985], [14.2490126, 40.8594252], [14.2489967, 40.859454], [14.2489916, 40.8594632], [14.2490349, 40.859488], [14.2490808, 40.8595148], [14.2491065, 40.8594894], [14.2491639, 40.8594801], [14.2492488, 40.8595308], [14.2492481, 40.8595746], [14.2492242, 40.8595988], [14.2493195, 40.8596527], [14.2493067, 40.8596658], [14.2493305, 40.8596793], [14.2493642, 40.8596452], [14.2494575, 40.859698], [14.2493894, 40.8597668], [14.2493455, 40.8598113]], [[14.2490081, 40.8593985], [14.2490827, 40.8593693], [14.2491474, 40.8593476], [14.249212, 40.8593355], [14.2492789, 40.8593299], [14.2493296, 40.8593341], [14.2493787, 40.8593435], [14.2494483, 40.8593669], [14.2495143, 40.8593941], [14.2495678, 40.8594126]]]}}, {"type": "Feature", "properties": {"id": "SS-NAP-0261", "nome": "Piazza Sant'Anna a Capuana", "quartiere": "", "classificazione": "blu", "score": 2, "note": "zona pedonale / living street", "ciclabile": "no", "n_corsie": "1", "senso_unico": "no", "n_testimonianze": "0", "zona": "B2"}, "geometry": {"type": "LineString", "coordinates": [[14.2664504, 40.8556413], [14.2662244, 40.8553746], [14.2661648, 40.8553922], [14.2660909, 40.8554197], [14.2659393, 40.8554781], [14.2659066, 40.8554907], [14.265781, 40.855564], [14.265735, 40.8555915], [14.2656801, 40.8556701], [14.2656438, 40.8557384], [14.265605, 40.8557277], [14.2655475, 40.8558664], [14.2655197, 40.8559333], [14.265596, 40.8559358], [14.2656399, 40.8559372], [14.2656842, 40.8559355], [14.2657123, 40.8559345], [14.2657777, 40.8559088], [14.2663846, 40.8556707], [14.266398, 40.8556654], [14.2664504, 40.8556413]]}}, {"type": "Feature", "properties": {"id": "SS-NAP-0262", "nome": "Piazza Sant'Eframo Vecchio", "quartiere": "", "classificazione": "giallo", "score": 3, "note": "strada urbana senza ciclabile", "ciclabile": "no", "n_corsie": "2", "senso_unico": "si", "n_testimonianze": "0", "zona": "B2"}, "geometry": {"type": "LineString", "coordinates": [[14.2607148, 40.8671064], [14.2605347, 40.8672054], [14.260199, 40.8674258], [14.2597775, 40.8677402], [14.259759, 40.8677612], [14.2597552, 40.8677833], [14.2597766, 40.8678076], [14.2598115, 40.8678218]]}}, {"type": "Feature", "properties": {"id": "SS-NAP-0269", "nome": "Piazza Vincenzo Aprea", "quartiere": "", "classificazione": "giallo", "score": 3, "note": "strada urbana senza ciclabile", "ciclabile": "no", "n_corsie": "2", "senso_unico": "no", "n_testimonianze": "0", "zona": "B2"}, "geometry": {"type": "MultiLineString", "coordinates": [[[14.3315687, 40.8549263], [14.3315825, 40.854898], [14.3316104, 40.8548404], [14.331645, 40.8547531]], [[14.3319268, 40.8542181], [14.3319022, 40.8542437], [14.3318453, 40.8542867], [14.3318257, 40.854306], [14.3318116, 40.8543279], [14.3317567, 40.8544561], [14.331645, 40.8547531]], [[14.331645, 40.8547531], [14.331593, 40.8547283], [14.3315626, 40.8547163], [14.3315325, 40.8547075], [14.33135, 40.8546722], [14.3313395, 40.8546665], [14.331331, 40.8546584], [14.3313243, 40.8546483], [14.3313235, 40.85464], [14.3313864, 40.854419], [14.3313924, 40.8544115], [14.3314014, 40.8544045], [14.3314172, 40.8544005], [14.33144, 40.8544012], [14.3317567, 40.8544561]]]}}, {"type": "Feature", "properties": {"id": "SS-NAP-0274", "nome": "Piazza Volturno", "quartiere": "", "classificazione": "blu", "score": 2, "note": "zona pedonale / living street", "ciclabile": "no", "n_corsie": "1", "senso_unico": "no", "n_testimonianze": "0", "zona": "B2"}, "geometry": {"type": "LineString", "coordinates": [[14.2670382, 40.8572583], [14.2669331, 40.8574566], [14.2668513, 40.8576077], [14.2667681, 40.8577619], [14.2667105, 40.8578735], [14.266866, 40.8579131], [14.2670182, 40.8579404], [14.2670264, 40.8579419], [14.2671633, 40.8572703], [14.2671541, 40.8572694], [14.2670382, 40.8572583]]}}, {"type": "Feature", "properties": {"id": "SS-NAP-0281", "nome": "Piazza della Libertà", "quartiere": "", "classificazione": "giallo", "score": 3, "note": "strada urbana senza ciclabile", "ciclabile": "no", "n_corsie": "2", "senso_unico": "no", "n_testimonianze": "0", "zona": "B2"}, "geometry": {"type": "MultiLineString", "coordinates": [[[14.2511073, 40.8999896], [14.2519288, 40.9004539], [14.2517769, 40.9005186], [14.2514037, 40.9003221], [14.2512922, 40.9003307]], [[14.2505818, 40.9010456], [14.2512922, 40.9003307]], [[14.2512922, 40.9003307], [14.2509553, 40.9001375]]]}}, {"type": "Feature", "properties": {"id": "SS-NAP-0286", "nome": "Piazzale Madre Landi", "quartiere": "", "classificazione": "blu", "score": 2, "note": "zona pedonale / living street", "ciclabile": "no", "n_corsie": "1", "senso_unico": "no", "n_testimonianze": "0", "zona": "B2"}, "geometry": {"type": "LineString", "coordinates": [[14.247103, 40.865347], [14.247146, 40.8652487], [14.2471877, 40.8651532], [14.2465491, 40.8649986], [14.2465061, 40.865056], [14.2464807, 40.8651089], [14.2465054, 40.8651209], [14.2464883, 40.8652261], [14.2465504, 40.8652111], [14.246582, 40.865145], [14.2467182, 40.8651649], [14.2468013, 40.8651872], [14.246883, 40.8652192], [14.2469768, 40.865278], [14.247103, 40.865347]]}}, {"type": "Feature", "properties": {"id": "SS-NAP-0288", "nome": "Piazzale delle Costellazioni", "quartiere": "", "classificazione": "giallo", "score": 3, "note": "strada urbana senza ciclabile", "ciclabile": "no", "n_corsie": "2", "senso_unico": "no", "n_testimonianze": "0", "zona": "B2"}, "geometry": {"type": "LineString", "coordinates": [[14.2670569, 40.8900684], [14.2671166, 40.890041], [14.2671997, 40.8900019], [14.2672062, 40.889998], [14.2672116, 40.889994], [14.2672164, 40.8899863], [14.2672194, 40.8899791], [14.2672522, 40.8898437], [14.2672745, 40.8897516]]}}, {"type": "Feature", "properties": {"id": "SS-NAP-0295", "nome": "Piazzetta Crociferi", "quartiere": "", "classificazione": "blu", "score": 2, "note": "zona pedonale / living street", "ciclabile": "no", "n_corsie": "1", "senso_unico": "no", "n_testimonianze": "0", "zona": "B2"}, "geometry": {"type": "LineString", "coordinates": [[14.2559702, 40.8561854], [14.2560291, 40.8562545], [14.2560093, 40.8562781], [14.2559564, 40.8563081], [14.2558774, 40.8563529], [14.2557937, 40.8562636], [14.2558833, 40.8562239], [14.2559702, 40.8561854]]}}, {"type": "Feature", "properties": {"id": "SS-NAP-0303", "nome": "Piazzetta Lieti a Capodimonte", "quartiere": "", "classificazione": "giallo", "score": 3, "note": "strada urbana senza ciclabile", "ciclabile": "no", "n_corsie": "2", "senso_unico": "si", "n_testimonianze": "0", "zona": "B2"}, "geometry": {"type": "MultiLineString", "coordinates": [[[14.2485145, 40.8743035], [14.2484397, 40.874312], [14.2471985, 40.8744524]], [[14.2471985, 40.8744524], [14.24715, 40.8744723], [14.2469414, 40.8745046], [14.246821, 40.8745353]]]}}, {"type": "Feature", "properties": {"id": "SS-NAP-0306", "nome": "Piazzetta Materdei", "quartiere": "", "classificazione": "giallo", "score": 3, "note": "strada urbana senza ciclabile", "ciclabile": "no", "n_corsie": "2", "senso_unico": "no", "n_testimonianze": "0", "zona": "B2"}, "geometry": {"type": "MultiLineString", "coordinates": [[[14.2448909, 40.8557897], [14.2456293, 40.855882]], [[14.2449192, 40.8557746], [14.245534, 40.8558371], [14.2450238, 40.8556922], [14.2449192, 40.8557746]]]}}, {"type": "Feature", "properties": {"id": "SS-NAP-0315", "nome": "Piazzetta San Carlo all'Arena", "quartiere": "", "classificazione": "rosso", "score": 4, "note": "strada secondaria trafficata", "ciclabile": "no", "n_corsie": "2", "senso_unico": "no", "n_testimonianze": "0", "zona": "B2"}, "geometry": {"type": "MultiLineString", "coordinates": [[[14.2579443, 40.8562864], [14.2578798, 40.856339]], [[14.2580663, 40.8581797], [14.2575129, 40.8579016], [14.2577919, 40.8575023], [14.2578056, 40.8574398], [14.2578014, 40.8573874], [14.257703, 40.8569773], [14.2577119, 40.8568879], [14.257815, 40.8565934], [14.2578343, 40.8565282], [14.2578633, 40.8564075], [14.2578798, 40.856339]]]}}, {"type": "Feature", "properties": {"id": "SS-NAP-0323", "nome": "Piazzetta Stella", "quartiere": "", "classificazione": "giallo", "score": 3, "note": "strada urbana senza ciclabile", "ciclabile": "no", "n_corsie": "2", "senso_unico": "si", "n_testimonianze": "0", "zona": "B2"}, "geometry": {"type": "LineString", "coordinates": [[14.2514282, 40.8555875], [14.251938, 40.855753], [14.2517587, 40.8561169]]}}, {"type": "Feature", "properties": {"id": "SS-NAP-0324", "nome": "Piazzetta Stella Mattutina", "quartiere": "", "classificazione": "blu", "score": 2, "note": "zona pedonale / living street", "ciclabile": "no", "n_corsie": "1", "senso_unico": "no", "n_testimonianze": "0", "zona": "B2"}, "geometry": {"type": "LineString", "coordinates": [[14.2657815, 40.8605335], [14.2658586, 40.8605615], [14.2658927, 40.8605079], [14.2659597, 40.8604024], [14.2659909, 40.8603532], [14.2659261, 40.8603297], [14.2659138, 40.8603252], [14.2658012, 40.8605024], [14.2657815, 40.8605335]]}}, {"type": "Feature", "properties": {"id": "SS-NAP-0333", "nome": "Ponte Maddalena Cerasuolo", "quartiere": "", "classificazione": "rosso", "score": 4, "note": "strada principale trafficata", "ciclabile": "no", "n_corsie": "2", "senso_unico": "no", "n_testimonianze": "0", "zona": "B2"}, "geometry": {"type": "LineString", "coordinates": [[14.2484359, 40.8599807], [14.2484146, 40.859125], [14.2484104, 40.858957]]}}, {"type": "Feature", "properties": {"id": "SS-NAP-0338", "nome": "Prima Traversa Vecchia Miano", "quartiere": "", "classificazione": "giallo", "score": 3, "note": "strada urbana senza ciclabile", "ciclabile": "no", "n_corsie": "2", "senso_unico": "no", "n_testimonianze": "0", "zona": "B2"}, "geometry": {"type": "LineString", "coordinates": [[14.2690526, 40.8835364], [14.2695568, 40.8831987], [14.2702304, 40.8827583], [14.2704621, 40.8826148]]}}, {"type": "Feature", "properties": {"id": "SS-NAP-0339", "nome": "Prolungamento Pasquale Borrelli", "quartiere": "", "classificazione": "giallo", "score": 3, "note": "strada urbana senza ciclabile", "ciclabile": "no", "n_corsie": "2", "senso_unico": "no", "n_testimonianze": "0", "zona": "B2"}, "geometry": {"type": "LineString", "coordinates": [[14.2911277, 40.8878563], [14.2927537, 40.8886457], [14.2987071, 40.891483], [14.3023204, 40.8931698]]}}, {"type": "Feature", "properties": {"id": "SS-NAP-0340", "nome": "Rampa Maria Longo", "quartiere": "", "classificazione": "giallo", "score": 3, "note": "strada urbana senza ciclabile", "ciclabile": "no", "n_corsie": "2", "senso_unico": "si", "n_testimonianze": "0", "zona": "B2"}, "geometry": {"type": "MultiLineString", "coordinates": [[[14.2543691, 40.854127], [14.2544687, 40.8540232], [14.2534637, 40.853713], [14.2533972, 40.8536516], [14.2533364, 40.8535954], [14.2532817, 40.8535717], [14.2531366, 40.8534948], [14.2530032, 40.8534336], [14.2528012, 40.8533491], [14.2527485, 40.8533177], [14.2527187, 40.8532941], [14.2526805, 40.8532639]], [[14.2526805, 40.8532639], [14.2527795, 40.8530222], [14.2527733, 40.8529753], [14.2527355, 40.8529389]]]}}, {"type": "Feature", "properties": {"id": "SS-NAP-0344", "nome": "Rampe S. Gennaro dei Poveri", "quartiere": "", "classificazione": "giallo", "score": 3, "note": "strada urbana senza ciclabile", "ciclabile": "no", "n_corsie": "2", "senso_unico": "si", "n_testimonianze": "0", "zona": "B2"}, "geometry": {"type": "LineString", "coordinates": [[14.2484228, 40.8619751], [14.2483463, 40.8619722], [14.248336, 40.8619682], [14.2483216, 40.8619626], [14.2483039, 40.8619501], [14.2482807, 40.8619159], [14.2482681, 40.8618912], [14.2482594, 40.8618654], [14.2482535, 40.8617943], [14.2482443, 40.8616285], [14.2482108, 40.8612953], [14.2481795, 40.8610103], [14.2481514, 40.8607538], [14.2481128, 40.8605909], [14.2480457, 40.8604802], [14.2478851, 40.8603787], [14.2476371, 40.860268], [14.2474243, 40.8601864]]}}, {"type": "Feature", "properties": {"id": "SS-NAP-0346", "nome": "Rampe del Campo", "quartiere": "", "classificazione": "giallo", "score": 3, "note": "strada urbana senza ciclabile", "ciclabile": "no", "n_corsie": "2", "senso_unico": "si", "n_testimonianze": "0", "zona": "B2"}, "geometry": {"type": "LineString", "coordinates": [[14.269509, 40.8647151], [14.2695434, 40.8647382], [14.2703314, 40.8652683], [14.2703416, 40.8652914], [14.2703404, 40.8653167], [14.2703184, 40.8653322], [14.2702826, 40.8653299], [14.2702496, 40.8653164], [14.2699016, 40.865105], [14.2698568, 40.8650907], [14.269822, 40.865091], [14.2697868, 40.8651046], [14.2697704, 40.8651158], [14.2697615, 40.8651224], [14.2697284, 40.8651443]]}}, {"type": "Feature", "properties": {"id": "SS-NAP-0357", "nome": "Rotonda Piazza Giuseppe Di Vittorio", "quartiere": "", "classificazione": "rosso", "score": 4, "note": "strada secondaria trafficata (2 corsie)", "ciclabile": "no", "n_corsie": "2", "senso_unico": "no", "n_testimonianze": "0", "zona": "B2"}, "geometry": {"type": "MultiLineString", "coordinates": [[[14.2716575, 40.8820267], [14.2716915, 40.8819909]], [[14.272102, 40.8820603], [14.272113, 40.8821113], [14.2721048, 40.8821626], [14.272078, 40.8822102], [14.2720347, 40.8822502], [14.2719783, 40.8822795]], [[14.2719691, 40.8819475], [14.272027, 40.881975], [14.2720725, 40.8820136]], [[14.2718451, 40.8822977], [14.2717787, 40.8822852], [14.2717277, 40.8822637], [14.2716849, 40.8822337], [14.2716528, 40.8821968], [14.2716333, 40.8821553], [14.2716275, 40.8821113], [14.2716357, 40.8820676], [14.2716575, 40.8820267]], [[14.2719783, 40.8822795], [14.2719134, 40.8822958], [14.2718451, 40.8822977]], [[14.2716915, 40.8819909], [14.2717359, 40.8819622], [14.2717881, 40.8819424], [14.271845, 40.8819326], [14.2719033, 40.8819333], [14.271926, 40.8819382]], [[14.2720725, 40.8820136], [14.272102, 40.8820603]], [[14.271926, 40.8819382], [14.2719691, 40.8819475]]]}}, {"type": "Feature", "properties": {"id": "SS-NAP-0366", "nome": "Rotonda di Arzano", "quartiere": "", "classificazione": "rosso", "score": 4, "note": "strada principale trafficata (2 corsie)", "ciclabile": "no", "n_corsie": "2", "senso_unico": "no", "n_testimonianze": "0", "zona": "B2"}, "geometry": {"type": "LineString", "coordinates": [[14.2634324, 40.9032744], [14.2633332, 40.9033389], [14.2632002, 40.9033987], [14.263053, 40.9034345], [14.2628989, 40.9034445], [14.2627457, 40.9034281], [14.262595, 40.9033839], [14.2624622, 40.9033143], [14.2623546, 40.9032232], [14.2622781, 40.9031156], [14.2622369, 40.9029975], [14.2622363, 40.9028848], [14.2622603, 40.9027738], [14.2623108, 40.9026811], [14.2624079, 40.9025765], [14.2625359, 40.902493], [14.262687, 40.9024357], [14.2629853, 40.9024081], [14.2631302, 40.9024311], [14.2632653, 40.902477], [14.2633842, 40.9025437], [14.2634814, 40.902628], [14.2635525, 40.9027262], [14.2635942, 40.9028336], [14.2636044, 40.9029452], [14.2636002, 40.9029957], [14.2635663, 40.9031127], [14.2634893, 40.9032194], [14.2634324, 40.9032744]]}}, {"type": "Feature", "properties": {"id": "SS-NAP-0370", "nome": "SP1 Circumvallazione Esterna di Napoli", "quartiere": "", "classificazione": "nero", "score": 5, "note": "strada ad alta velocità (trunk, 50 km/h)", "ciclabile": "no", "n_corsie": "2", "senso_unico": "si", "n_testimonianze": "0", "zona": "B2"}, "geometry": {"type": "MultiLineString", "coordinates": [[[14.287958, 40.895063], [14.287433, 40.8949996], [14.2864806, 40.8948715], [14.2858257, 40.8948108], [14.2853469, 40.8948302], [14.2847898, 40.8948703]], [[14.2820713, 40.8959126], [14.2823859, 40.8957335]], [[14.2879891, 40.8949856], [14.2884223, 40.89504], [14.2907402, 40.8953786], [14.2919867, 40.8955461], [14.2927596, 40.8956479], [14.2935775, 40.8957601], [14.2963075, 40.8961408], [14.2989253, 40.8965041], [14.3012428, 40.8968091], [14.3019422, 40.8968552], [14.302768, 40.8968307], [14.3034215, 40.8967599], [14.3045387, 40.8965495], [14.3055881, 40.8963884]], [[14.2823859, 40.8957335], [14.282908, 40.8954543], [14.2835463, 40.895149], [14.2838854, 40.8950246], [14.2844015, 40.8948606], [14.2846273, 40.8948118], [14.284768, 40.8947814], [14.285319, 40.8947419], [14.2858227, 40.8947287], [14.2865034, 40.8947946], [14.286793, 40.8948324], [14.2873994, 40.8949116], [14.2879891, 40.8949856]], [[14.2824584, 40.8958171], [14.2821429, 40.8959918]], [[14.2929874, 40.8957777], [14.2916898, 40.8955958], [14.2902736, 40.8954012], [14.2897792, 40.8953313], [14.2883939, 40.8951157], [14.287958, 40.895063]], [[14.2847898, 40.8948703], [14.2844371, 40.8949467], [14.2839207, 40.8950963], [14.28361, 40.8952095], [14.2829667, 40.8955376], [14.2824584, 40.8958171]]]}}, {"type": "Feature", "properties": {"id": "SS-NAP-0373", "nome": "Salita Capodimonte", "quartiere": "", "classificazione": "giallo", "score": 3, "note": "strada urbana senza ciclabile", "ciclabile": "no", "n_corsie": "2", "senso_unico": "si", "n_testimonianze": "0", "zona": "B2"}, "geometry": {"type": "LineString", "coordinates": [[14.2533177, 40.8653132], [14.2533158, 40.8653068], [14.2533168, 40.8652956], [14.2533241, 40.8652828], [14.2533381, 40.8652694], [14.2536403, 40.864983], [14.2536774, 40.864943], [14.2537118, 40.864903], [14.253731, 40.8648761], [14.2537474, 40.8648491], [14.2537678, 40.8648055], [14.2537841, 40.864765], [14.2537957, 40.8647245], [14.2538032, 40.8646871], [14.2538191, 40.8645813], [14.2538206, 40.8645392], [14.2538151, 40.8644901], [14.2537848, 40.8643191], [14.2537707, 40.8642634], [14.2537497, 40.8642], [14.253727, 40.864155], [14.2537042, 40.864124], [14.2536774, 40.8640929], [14.2536363, 40.8640561], [14.253596, 40.8640232], [14.2535529, 40.8639902], [14.2535092, 40.8639584], [14.253167, 40.8637235], [14.2530732, 40.8636577], [14.2530276, 40.8636247], [14.2529833, 40.8635918], [14.2529251, 40.8635455], [14.2528682, 40.8634993], [14.2526638, 40.8633292], [14.2526149, 40.8632892], [14.2525679, 40.8632526], [14.252537, 40.8632295], [14.2524983, 40.8632012], [14.252461, 40.863175], [14.2524242, 40.8631506], [14.2520929, 40.8629389], [14.2520736, 40.8629254], [14.2520547, 40.8629096], [14.2520303, 40.8628865], [14.2520086, 40.8628643], [14.2519891, 40.8628376], [14.2519723, 40.8628119], [14.2519581, 40.8627847], [14.2519459, 40.8627552], [14.2519335, 40.8627203], [14.2519248, 40.8626701], [14.2519217, 40.8626454], [14.2519214, 40.8626208], [14.2519221, 40.8625986], [14.2519256, 40.8625764], [14.251931, 40.8625518], [14.2519396, 40.8625347], [14.2519491, 40.8625172], [14.2519618, 40.8625011], [14.2519783, 40.8624849], [14.2519994, 40.8624697], [14.2520242, 40.8624581], [14.2520566, 40.8624437], [14.2520863, 40.8624312], [14.2521174, 40.8624187], [14.2521458, 40.8624081], [14.2522664, 40.8623654], [14.252301, 40.8623531], [14.25233, 40.8623419], [14.2523661, 40.8623268], [14.2523954, 40.8623128], [14.2524237, 40.862298], [14.2524453, 40.8622843], [14.2524653, 40.8622698], [14.2524844, 40.8622548], [14.2525043, 40.8622324], [14.2525214, 40.86221], [14.2525379, 40.8621831], [14.2526585, 40.8619421], [14.2526874, 40.8618874], [14.2527143, 40.8618375], [14.2527837, 40.8617163], [14.2528119, 40.8616706], [14.252839, 40.8616256], [14.2528621, 40.8615847], [14.2528816, 40.8615449], [14.252897, 40.8615092], [14.2529935, 40.8612751], [14.2530076, 40.8612385], [14.2530184, 40.8612059], [14.2530265, 40.8611742], [14.2530356, 40.8611392], [14.2530451, 40.8610885], [14.2530618, 40.8609705], [14.2530581, 40.8609553], [14.2530495, 40.8609452], [14.2530295, 40.8609385], [14.2530039, 40.860933], [14.2529766, 40.8609305], [14.2529351, 40.8609312], [14.2529122, 40.8609306], [14.2528856, 40.860929], [14.2528603, 40.8609268], [14.2528324, 40.8609237], [14.2528018, 40.8609196], [14.2527739, 40.8609144], [14.2527455, 40.8609072], [14.2527197, 40.860899], [14.252696, 40.8608875], [14.2526749, 40.8608759], [14.2525366, 40.8607911], [14.2520909, 40.8605313]]}}, {"type": "Feature", "properties": {"id": "SS-NAP-0378", "nome": "Salita Miradois", "quartiere": "", "classificazione": "giallo", "score": 3, "note": "strada urbana senza ciclabile", "ciclabile": "no", "n_corsie": "2", "senso_unico": "no", "n_testimonianze": "0", "zona": "B2"}, "geometry": {"type": "MultiLineString", "coordinates": [[[14.2554912, 40.8582505], [14.2553922, 40.8583407], [14.2553553, 40.8583829], [14.2552938, 40.8584532], [14.2552237, 40.8585679], [14.2551642, 40.8586832], [14.2551093, 40.8588314], [14.2550936, 40.8589287], [14.2550798, 40.8590139], [14.2553688, 40.8592907]], [[14.2555392, 40.8600471], [14.2555342, 40.8602188], [14.2554042, 40.8605874], [14.2553786, 40.860641], [14.2552967, 40.8613615]]]}}, {"type": "Feature", "properties": {"id": "SS-NAP-0379", "nome": "Salita Moiariello", "quartiere": "", "classificazione": "giallo", "score": 3, "note": "strada urbana senza ciclabile", "ciclabile": "no", "n_corsie": "2", "senso_unico": "no", "n_testimonianze": "0", "zona": "B2"}, "geometry": {"type": "MultiLineString", "coordinates": [[[14.2575353, 40.8609176], [14.257504, 40.8609509], [14.2573673, 40.8610787], [14.2572165, 40.8612086], [14.2572043, 40.8612194], [14.257201, 40.8612239], [14.2572006, 40.8612285], [14.2572013, 40.8612317], [14.2572035, 40.8612346], [14.2572086, 40.8612394], [14.2573687, 40.8613803], [14.2574913, 40.8614415], [14.257533, 40.8614639], [14.2575466, 40.8614805], [14.2575486, 40.8614962], [14.2575642, 40.8616961], [14.2575659, 40.8617083], [14.2575758, 40.8617188], [14.2576047, 40.8617359], [14.2578451, 40.8618575], [14.2581136, 40.8619653], [14.258144, 40.8619737], [14.2581745, 40.8619865], [14.2582331, 40.8620298], [14.2582747, 40.8620736], [14.2582994, 40.8621112], [14.2583141, 40.8621438], [14.2583647, 40.8623709], [14.2583749, 40.8623917], [14.2583837, 40.8624096], [14.258393, 40.8624264]], [[14.2590075, 40.8645749], [14.2589234, 40.864644], [14.2589061, 40.8646568], [14.2588852, 40.8646686], [14.2588696, 40.8646749], [14.2588446, 40.8646805], [14.258821, 40.8646814], [14.2587955, 40.8646766], [14.2587743, 40.8646685], [14.2587537, 40.8646569], [14.2582938, 40.8643552], [14.2582715, 40.8643397], [14.2582514, 40.8643228], [14.2582326, 40.8643058], [14.2580022, 40.8640938], [14.2579739, 40.8640722], [14.2579511, 40.8640561], [14.2579255, 40.8640419], [14.2578904, 40.864028], [14.2578602, 40.8640225], [14.2578297, 40.8640216], [14.2578013, 40.8640267], [14.2577668, 40.86404], [14.2577221, 40.864063], [14.257658, 40.8641053], [14.2575966, 40.8641486], [14.2575226, 40.8642028], [14.2573909, 40.8643049], [14.2573531, 40.8643321], [14.2573139, 40.8643588], [14.257272, 40.8643855], [14.2572395, 40.8644053], [14.2572018, 40.8644261], [14.2571597, 40.8644488], [14.2571123, 40.8644726], [14.2570631, 40.8644965], [14.2570176, 40.8645167], [14.2569654, 40.8645378], [14.2569126, 40.8645576], [14.2568531, 40.8645783], [14.2566643, 40.8646406], [14.2565829, 40.8646683], [14.2565044, 40.8646969], [14.2564286, 40.8647255], [14.2563798, 40.864742], [14.2563524, 40.8647501], [14.2563204, 40.8647579], [14.2562844, 40.8647657], [14.2562517, 40.8647703], [14.2558736, 40.8648177], [14.2554088, 40.864877], [14.2553774, 40.8648793], [14.2553553, 40.8648797], [14.255337, 40.8648793], [14.2553206, 40.8648783], [14.2552992, 40.8648761], [14.2552764, 40.864872], [14.2552518, 40.8648662], [14.2550075, 40.864793], [14.2544294, 40.8646181], [14.2544108, 40.8646139], [14.2543843, 40.8646122], [14.2543578, 40.8646125], [14.254332, 40.8646157], [14.2543062, 40.8646201], [14.2542854, 40.8646265], [14.2542544, 40.8646383], [14.2542327, 40.8646486], [14.2542082, 40.8646619]]]}}, {"type": "Feature", "properties": {"id": "SS-NAP-0380", "nome": "Salita Montagnola", "quartiere": "", "classificazione": "giallo", "score": 3, "note": "strada urbana senza ciclabile", "ciclabile": "no", "n_corsie": "2", "senso_unico": "no", "n_testimonianze": "0", "zona": "B2"}, "geometry": {"type": "MultiLineString", "coordinates": [[[14.2580616, 40.8600531], [14.2575561, 40.8608914], [14.2575353, 40.8609176]], [[14.2581317, 40.8599365], [14.2580957, 40.8599989]]]}}, {"type": "Feature", "properties": {"id": "SS-NAP-0383", "nome": "Salita Pontenuovo", "quartiere": "", "classificazione": "giallo", "score": 3, "note": "strada urbana senza ciclabile", "ciclabile": "no", "n_corsie": "2", "senso_unico": "si", "n_testimonianze": "0", "zona": "B2"}, "geometry": {"type": "LineString", "coordinates": [[14.2621972, 40.8565364], [14.2621464, 40.8564756], [14.2619729, 40.8562678], [14.2617055, 40.8560031], [14.2616174, 40.8559097], [14.2615642, 40.8558577], [14.2615302, 40.8558246], [14.2614616, 40.8557615], [14.261428, 40.855725], [14.2613338, 40.8556127], [14.2612232, 40.8554795], [14.2611463, 40.8553806]]}}, {"type": "Feature", "properties": {"id": "SS-NAP-0385", "nome": "Salita Principi", "quartiere": "", "classificazione": "giallo", "score": 3, "note": "strada urbana senza ciclabile", "ciclabile": "no", "n_corsie": "2", "senso_unico": "no", "n_testimonianze": "0", "zona": "B2"}, "geometry": {"type": "LineString", "coordinates": [[14.2474541, 40.8600577], [14.247423, 40.8600616], [14.2466606, 40.8601584], [14.2461832, 40.8602476], [14.2452659, 40.8605519], [14.244444, 40.8608712], [14.2440653, 40.8610353], [14.243845, 40.8611113]]}}, {"type": "Feature", "properties": {"id": "SS-NAP-0386", "nome": "Salita Ritito della Purità", "quartiere": "", "classificazione": "giallo", "score": 3, "note": "strada urbana senza ciclabile", "ciclabile": "no", "n_corsie": "2", "senso_unico": "no", "n_testimonianze": "0", "zona": "B2"}, "geometry": {"type": "MultiLineString", "coordinates": [[[14.2601233, 40.8598229], [14.2597309, 40.860099]], [[14.2592419, 40.8606102], [14.2589124, 40.8609555]], [[14.2592419, 40.8606102], [14.2594058, 40.8604515], [14.2596722, 40.8601612]]]}}, {"type": "Feature", "properties": {"id": "SS-NAP-0387", "nome": "Salita S. Elia", "quartiere": "", "classificazione": "giallo", "score": 3, "note": "strada urbana senza ciclabile", "ciclabile": "no", "n_corsie": "2", "senso_unico": "no", "n_testimonianze": "0", "zona": "B2"}, "geometry": {"type": "LineString", "coordinates": [[14.2561696, 40.8574188], [14.2563025, 40.8574905], [14.2566058, 40.8571318], [14.2568656, 40.8572428], [14.2565881, 40.8576174], [14.257298, 40.8580067]]}}, {"type": "Feature", "properties": {"id": "SS-NAP-0389", "nome": "Salita San Raffaele", "quartiere": "", "classificazione": "giallo", "score": 3, "note": "strada urbana senza ciclabile", "ciclabile": "no", "n_corsie": "2", "senso_unico": "si", "n_testimonianze": "0", "zona": "B2"}, "geometry": {"type": "MultiLineString", "coordinates": [[[14.2481101, 40.8557602], [14.2482579, 40.855296], [14.2482955, 40.8551389], [14.2482775, 40.855108], [14.2482416, 40.8550919], [14.2481235, 40.8550533], [14.2479455, 40.8550226], [14.2475563, 40.8550238]], [[14.2461319, 40.8545706], [14.245735, 40.8544524], [14.2456793, 40.8544385], [14.2455808, 40.854417], [14.2452366, 40.8543517], [14.2448843, 40.8542752]], [[14.2438501, 40.8540463], [14.244174, 40.8541174], [14.2445209, 40.8541935], [14.2448477, 40.854267], [14.2448843, 40.8542752]], [[14.2436568, 40.8539353], [14.2441141, 40.8537694], [14.2443762, 40.853643]], [[14.2475563, 40.8550238], [14.2475221, 40.8550238], [14.2473272, 40.8550238], [14.2470175, 40.8549964], [14.2468768, 40.8549489], [14.2466909, 40.8547962], [14.2464815, 40.854644], [14.2461319, 40.8545706]]]}}, {"type": "Feature", "properties": {"id": "SS-NAP-0396", "nome": "Salita Stella", "quartiere": "", "classificazione": "giallo", "score": 3, "note": "strada urbana senza ciclabile", "ciclabile": "no", "n_corsie": "2", "senso_unico": "no", "n_testimonianze": "0", "zona": "B2"}, "geometry": {"type": "MultiLineString", "coordinates": [[[14.2506568, 40.8552529], [14.2509514, 40.8552274], [14.251499, 40.8551799]], [[14.251499, 40.8551799], [14.2519067, 40.8551677], [14.2526815, 40.8554023]], [[14.2506568, 40.8552529], [14.2504917, 40.8553947]]]}}, {"type": "Feature", "properties": {"id": "SS-NAP-0399", "nome": "Salita Ugo Di Fazio", "quartiere": "", "classificazione": "blu", "score": 2, "note": "zona pedonale / living street", "ciclabile": "no", "n_corsie": "1", "senso_unico": "no", "n_testimonianze": "0", "zona": "B2"}, "geometry": {"type": "LineString", "coordinates": [[14.2736159, 40.8713182], [14.2738174, 40.8720316]]}}, {"type": "Feature", "properties": {"id": "SS-NAP-0402", "nome": "Salita dei Cinesi", "quartiere": "", "classificazione": "giallo", "score": 3, "note": "strada urbana senza ciclabile", "ciclabile": "no", "n_corsie": "2", "senso_unico": "no", "n_testimonianze": "0", "zona": "B2"}, "geometry": {"type": "LineString", "coordinates": [[14.2515622, 40.8613618], [14.251585, 40.8613074], [14.251433, 40.8612636], [14.2514462, 40.8612139], [14.2516275, 40.8612608], [14.2516463, 40.8612148], [14.2513744, 40.8611441]]}}, {"type": "Feature", "properties": {"id": "SS-NAP-0407", "nome": "Salita di Mauro", "quartiere": "", "classificazione": "giallo", "score": 3, "note": "strada urbana senza ciclabile", "ciclabile": "no", "n_corsie": "2", "senso_unico": "no", "n_testimonianze": "0", "zona": "B2"}, "geometry": {"type": "MultiLineString", "coordinates": [[[14.2451344, 40.8615622], [14.244783, 40.8618806], [14.2439783, 40.8626898], [14.2435877, 40.8631295]], [[14.2435877, 40.8631295], [14.2434166, 40.8630469], [14.243367, 40.863071], [14.2430981, 40.8633038], [14.2422273, 40.863697], [14.2421176, 40.8637569], [14.2420762, 40.8637777], [14.242008, 40.8637749]]]}}, {"type": "Feature", "properties": {"id": "SS-NAP-0408", "nome": "Seconda Traversa Duca degli Abruzzi", "quartiere": "", "classificazione": "giallo", "score": 3, "note": "strada urbana senza ciclabile", "ciclabile": "no", "n_corsie": "2", "senso_unico": "no", "n_testimonianze": "0", "zona": "B2"}, "geometry": {"type": "LineString", "coordinates": [[14.2606831, 40.8935361], [14.2604168, 40.8932003]]}}, {"type": "Feature", "properties": {"id": "SS-NAP-0410", "nome": "Sottopasso A4-A5", "quartiere": "", "classificazione": "giallo", "score": 3, "note": "strada urbana senza ciclabile", "ciclabile": "no", "n_corsie": "2", "senso_unico": "si", "n_testimonianze": "0", "zona": "B2"}, "geometry": {"type": "MultiLineString", "coordinates": [[[14.2793264, 40.8560126], [14.2794557, 40.8552935], [14.2794542, 40.8552753], [14.2794444, 40.8552581], [14.2794183, 40.8552332], [14.2793656, 40.8552031]], [[14.2791717, 40.8564749], [14.2792528, 40.8564125], [14.279275, 40.8562987]], [[14.279275, 40.8562987], [14.2792811, 40.8562649], [14.2793264, 40.8560126]]]}}, {"type": "Feature", "properties": {"id": "SS-NAP-0411", "nome": "Sottopasso B1-B8", "quartiere": "", "classificazione": "giallo", "score": 3, "note": "strada urbana senza ciclabile", "ciclabile": "no", "n_corsie": "2", "senso_unico": "si", "n_testimonianze": "0", "zona": "B2"}, "geometry": {"type": "MultiLineString", "coordinates": [[[14.2796562, 40.8560515], [14.2796111, 40.8563255]], [[14.279867, 40.8552547], [14.2798324, 40.8552703], [14.2798043, 40.8552854], [14.2797855, 40.8552987], [14.2797776, 40.8553138], [14.2796562, 40.8560515]], [[14.2796111, 40.8563255], [14.2796069, 40.8563509], [14.279593, 40.8564431], [14.2796781, 40.8565263]]]}}, {"type": "Feature", "properties": {"id": "SS-NAP-0412", "nome": "Sottopasso B5-B6", "quartiere": "", "classificazione": "giallo", "score": 3, "note": "strada urbana senza ciclabile", "ciclabile": "no", "n_corsie": "2", "senso_unico": "si", "n_testimonianze": "0", "zona": "B2"}, "geometry": {"type": "MultiLineString", "coordinates": [[[14.2818531, 40.8561692], [14.281946, 40.8556307], [14.2819559, 40.8555787]], [[14.2810568, 40.8566663], [14.2814408, 40.856664], [14.2815129, 40.8566586], [14.2815803, 40.856641], [14.2816516, 40.8565937], [14.2817059, 40.8565497], [14.2817579, 40.8564968], [14.2817844, 40.8564579], [14.2818025, 40.8564264], [14.2818134, 40.8563971], [14.2818531, 40.8561692]]]}}, {"type": "Feature", "properties": {"id": "SS-NAP-0413", "nome": "Sottopasso C1-C9", "quartiere": "", "classificazione": "giallo", "score": 3, "note": "strada urbana senza ciclabile", "ciclabile": "no", "n_corsie": "2", "senso_unico": "si", "n_testimonianze": "0", "zona": "B2"}, "geometry": {"type": "MultiLineString", "coordinates": [[[14.2825837, 40.8556459], [14.2825755, 40.8556917], [14.2824782, 40.8562317]], [[14.2824782, 40.8562317], [14.282441, 40.8564417], [14.2824416, 40.8564837], [14.2824523, 40.8565232], [14.2824686, 40.8565658], [14.2824914, 40.8566082], [14.2825148, 40.8566436], [14.2825427, 40.8566767], [14.2825884, 40.8567258], [14.2826503, 40.8567681], [14.2827063, 40.8567949], [14.2830791, 40.8568717]]]}}, {"type": "Feature", "properties": {"id": "SS-NAP-0414", "nome": "Sottopasso E2-E4", "quartiere": "", "classificazione": "giallo", "score": 3, "note": "strada urbana senza ciclabile", "ciclabile": "no", "n_corsie": "2", "senso_unico": "si", "n_testimonianze": "0", "zona": "B2"}, "geometry": {"type": "MultiLineString", "coordinates": [[[14.2823157, 40.8580451], [14.2823031, 40.8581227], [14.2822783, 40.8582749]], [[14.2822593, 40.8583821], [14.2822316, 40.8585381]], [[14.2821916, 40.8587626], [14.2821702, 40.8588315], [14.2821489, 40.8588716]], [[14.2822316, 40.8585381], [14.2822146, 40.8586339]], [[14.2822783, 40.8582749], [14.2822593, 40.8583821]], [[14.2830093, 40.8572677], [14.2825766, 40.8572817], [14.2825295, 40.8572891], [14.2824774, 40.8573093], [14.2824544, 40.8573373], [14.2824403, 40.8573693], [14.2824054, 40.8575145]], [[14.2823603, 40.8577949], [14.2823553, 40.8578229], [14.2823157, 40.8580451]], [[14.2823836, 40.8576563], [14.2823603, 40.8577949]], [[14.2824054, 40.8575145], [14.2823836, 40.8576563]], [[14.2822146, 40.8586339], [14.2821916, 40.8587626]], [[14.2821489, 40.8588716], [14.2821273, 40.8589167], [14.2820523, 40.8592733], [14.2820408, 40.8593384], [14.2820335, 40.8593929], [14.2820121, 40.8594416], [14.281969, 40.8594969], [14.2819234, 40.8595355]]]}}, {"type": "Feature", "properties": {"id": "SS-NAP-0415", "nome": "Sottopasso F1-F8", "quartiere": "", "classificazione": "giallo", "score": 3, "note": "strada urbana senza ciclabile", "ciclabile": "no", "n_corsie": "2", "senso_unico": "si", "n_testimonianze": "0", "zona": "B2"}, "geometry": {"type": "MultiLineString", "coordinates": [[[14.2812974, 40.8582845], [14.2813129, 40.8581854]], [[14.2812549, 40.8585534], [14.2812721, 40.8584437]], [[14.2813542, 40.8579532], [14.2813982, 40.8576989]], [[14.2814359, 40.8573988], [14.2814537, 40.8572703], [14.2814465, 40.8572306], [14.2814085, 40.8571834], [14.2813344, 40.8571518], [14.2809791, 40.8570676]], [[14.2812721, 40.8584437], [14.2812974, 40.8582845]], [[14.2808187, 40.8594081], [14.2808992, 40.859411], [14.2809625, 40.8594128], [14.2810138, 40.859395], [14.2810622, 40.8593576], [14.2810862, 40.8593246], [14.2811107, 40.8592697], [14.281135, 40.8592023]], [[14.2813129, 40.8581854], [14.2813542, 40.8579532]], [[14.2812361, 40.8586735], [14.2812451, 40.8586158], [14.2812549, 40.8585534]], [[14.281135, 40.8592023], [14.2812126, 40.8588234], [14.2812361, 40.8586735]], [[14.2814108, 40.8575588], [14.2814359, 40.8573988]], [[14.2813982, 40.8576989], [14.2814108, 40.8575588]]]}}, {"type": "Feature", "properties": {"id": "SS-NAP-0416", "nome": "Sottopasso F3-F7", "quartiere": "", "classificazione": "giallo", "score": 3, "note": "strada urbana senza ciclabile", "ciclabile": "no", "n_corsie": "2", "senso_unico": "si", "n_testimonianze": "0", "zona": "B2"}, "geometry": {"type": "MultiLineString", "coordinates": [[[14.27943, 40.8573475], [14.2792563, 40.858316]], [[14.2794715, 40.8571164], [14.27943, 40.8573475]], [[14.2796218, 40.8569339], [14.2794928, 40.8569806], [14.2794886, 40.8570077], [14.2794764, 40.8570853], [14.2794715, 40.8571164]]]}}, {"type": "Feature", "properties": {"id": "SS-NAP-0417", "nome": "Sottopasso Francesco Lauria", "quartiere": "", "classificazione": "giallo", "score": 3, "note": "strada urbana senza ciclabile", "ciclabile": "no", "n_corsie": "2", "senso_unico": "si", "n_testimonianze": "0", "zona": "B2"}, "geometry": {"type": "MultiLineString", "coordinates": [[[14.2780046, 40.8583202], [14.2781224, 40.8583176], [14.2782505, 40.858308], [14.2783816, 40.8583326], [14.2785578, 40.8583744], [14.2786384, 40.8583997], [14.2787204, 40.8584253], [14.2788086, 40.8584592], [14.2788844, 40.8584926], [14.2793007, 40.8586896], [14.2805682, 40.8592895]], [[14.2772386, 40.8582505], [14.2773046, 40.8582532], [14.2780046, 40.8583202]], [[14.2805682, 40.8592895], [14.2808187, 40.8594081], [14.2811633, 40.8595711], [14.2812179, 40.8595962], [14.2812791, 40.8596131], [14.2813359, 40.8596218], [14.2813917, 40.8596282]], [[14.2768353, 40.8582139], [14.2768974, 40.8582489], [14.2769058, 40.8582525], [14.2769708, 40.8582731], [14.2770594, 40.8582746], [14.2770973, 40.8582693], [14.277135, 40.8582652], [14.2771868, 40.8582544], [14.2772386, 40.8582505]]]}}, {"type": "Feature", "properties": {"id": "SS-NAP-0418", "nome": "Sottopasso G1-G9", "quartiere": "", "classificazione": "giallo", "score": 3, "note": "strada urbana senza ciclabile", "ciclabile": "no", "n_corsie": "2", "senso_unico": "si", "n_testimonianze": "0", "zona": "B2"}, "geometry": {"type": "MultiLineString", "coordinates": [[[14.2789555, 40.8583], [14.2791087, 40.8573172]], [[14.2791087, 40.8573172], [14.2791439, 40.8570902]]]}}, {"type": "Feature", "properties": {"id": "SS-NAP-0419", "nome": "Sottopasso Giovanni Porzio", "quartiere": "", "classificazione": "giallo", "score": 3, "note": "strada urbana senza ciclabile", "ciclabile": "no", "n_corsie": "2", "senso_unico": "si", "n_testimonianze": "0", "zona": "B2"}, "geometry": {"type": "MultiLineString", "coordinates": [[[14.2771089, 40.854906], [14.2771365, 40.8549346], [14.2771475, 40.8549591], [14.2771547, 40.8549857], [14.2771551, 40.855027], [14.2771485, 40.8550839], [14.2769877, 40.8560117], [14.2769873, 40.8560292], [14.2769903, 40.8560484], [14.2769995, 40.8560677], [14.2770129, 40.8560877], [14.2770327, 40.8561023], [14.277068, 40.8561206]], [[14.2773756, 40.8549317], [14.2773306, 40.8549488], [14.277305, 40.8549593], [14.2772798, 40.8549731], [14.2772624, 40.8549878], [14.2772464, 40.8550055], [14.2772355, 40.8550281], [14.2772289, 40.8550535], [14.27721, 40.8551479], [14.2771763, 40.8553161], [14.2770445, 40.8559731], [14.2770386, 40.8560072], [14.2770378, 40.8560426], [14.2770433, 40.856067], [14.2770527, 40.8560926], [14.277068, 40.8561206]]]}}, {"type": "Feature", "properties": {"id": "SS-NAP-0420", "nome": "Sottopasso Malta", "quartiere": "", "classificazione": "rosso", "score": 4, "note": "strada secondaria trafficata", "ciclabile": "no", "n_corsie": "2", "senso_unico": "si", "n_testimonianze": "0", "zona": "B2"}, "geometry": {"type": "MultiLineString", "coordinates": [[[14.2763669, 40.8597756], [14.2764163, 40.8594841]], [[14.276525, 40.8588032], [14.2766278, 40.8582115]], [[14.2767529, 40.8580588], [14.2767251, 40.8582217]], [[14.2761793, 40.861427], [14.2761095, 40.8618384], [14.2759806, 40.8625911], [14.2759695, 40.8626607], [14.2759636, 40.8627152], [14.2759652, 40.862766], [14.2759756, 40.8628146], [14.2759869, 40.8628622], [14.276038, 40.8629807]], [[14.2766542, 40.8580497], [14.2768597, 40.8568653]], [[14.2764985, 40.8589664], [14.276525, 40.8588032]], [[14.2765096, 40.8595281], [14.2764608, 40.859818]], [[14.2767251, 40.8582217], [14.2766253, 40.8588143]], [[14.2764608, 40.859818], [14.2764506, 40.8598762], [14.2761793, 40.861427]], [[14.2764163, 40.8594841], [14.2764985, 40.8589664]], [[14.2760891, 40.8614166], [14.2763669, 40.8597756]], [[14.2766253, 40.8588143], [14.2765982, 40.8589726]], [[14.2766278, 40.8582115], [14.2766542, 40.8580497]], [[14.2769516, 40.8568725], [14.2767529, 40.8580588]], [[14.2765982, 40.8589726], [14.2765096, 40.8595281]], [[14.2756304, 40.863278], [14.2756612, 40.8632568], [14.2756888, 40.8632267], [14.2757153, 40.8631885], [14.2757382, 40.8631496], [14.2757489, 40.8631214], [14.2758141, 40.8628728], [14.2758732, 40.8625801], [14.2759695, 40.8621034], [14.2760193, 40.8618283], [14.2760891, 40.8614166]]]}}, {"type": "Feature", "properties": {"id": "SS-NAP-0421", "nome": "Sottopasso Taddeo Da Sessa", "quartiere": "", "classificazione": "giallo", "score": 3, "note": "strada urbana senza ciclabile", "ciclabile": "no", "n_corsie": "2", "senso_unico": "si", "n_testimonianze": "0", "zona": "B2"}, "geometry": {"type": "MultiLineString", "coordinates": [[[14.2816852, 40.8554367], [14.2809961, 40.855371]], [[14.2809961, 40.855371], [14.279867, 40.8552547], [14.2793656, 40.8552031], [14.2779836, 40.8550608]], [[14.2779836, 40.8550608], [14.2774582, 40.8550067], [14.2773372, 40.8549942], [14.2773177, 40.8549995], [14.2772289, 40.8550535]], [[14.2845979, 40.8557326], [14.2840337, 40.8556778], [14.2835733, 40.855633]], [[14.2835733, 40.855633], [14.2827335, 40.8555514]], [[14.2852976, 40.8558007], [14.2845979, 40.8557326]], [[14.2820598, 40.8554383], [14.281917, 40.8554588], [14.2816852, 40.8554367]]]}}, {"type": "Feature", "properties": {"id": "SS-NAP-0422", "nome": "Sottopasso della Costituzione", "quartiere": "", "classificazione": "rosso", "score": 4, "note": "strada secondaria trafficata", "ciclabile": "no", "n_corsie": "2", "senso_unico": "si", "n_testimonianze": "0", "zona": "B2"}, "geometry": {"type": "MultiLineString", "coordinates": [[[14.28339, 40.8569033], [14.2837069, 40.8569354]], [[14.2849785, 40.8574618], [14.2847881, 40.857443]], [[14.2796218, 40.8569339], [14.279505, 40.8569224], [14.279175, 40.8568898], [14.2790986, 40.8568823]], [[14.2803344, 40.8570041], [14.279984, 40.8569695], [14.2799213, 40.8569633]], [[14.2827095, 40.8568341], [14.2830791, 40.8568717]], [[14.2785339, 40.8568239], [14.278162, 40.85679]], [[14.28488, 40.8570546], [14.2850592, 40.8570736]], [[14.2790986, 40.8568823], [14.2787743, 40.8568503]], [[14.2850592, 40.8570736], [14.285088, 40.8570811], [14.2851137, 40.8570962], [14.2851359, 40.8571157], [14.2851469, 40.8571324], [14.2851556, 40.8571544], [14.2851614, 40.8571931]], [[14.2788413, 40.8564413], [14.2789719, 40.8564546], [14.2791717, 40.8564749]], [[14.2847881, 40.857443], [14.2844444, 40.8574091]], [[14.2844444, 40.8574091], [14.2841378, 40.8573789]], [[14.2830093, 40.8572677], [14.282653, 40.8572366]], [[14.2805095, 40.8570213], [14.2804611, 40.8570165]], [[14.2833339, 40.8572997], [14.2830093, 40.8572677]], [[14.280527, 40.8566126], [14.2805861, 40.8566185]], [[14.2782487, 40.8563812], [14.2788413, 40.8564413]], [[14.2816816, 40.857139], [14.2813357, 40.8571042]], [[14.2796781, 40.8565263], [14.279934, 40.856554], [14.2799901, 40.8565601]], [[14.2799901, 40.8565601], [14.2804007, 40.8565997]], [[14.2813357, 40.8571042], [14.2809791, 40.8570676]], [[14.2806212, 40.8570324], [14.2805095, 40.8570213]], [[14.2842062, 40.8569861], [14.2845326, 40.8570193]], [[14.2779852, 40.8567725], [14.2775304, 40.8567292], [14.2773047, 40.8567055]], [[14.2841378, 40.8573789], [14.2836315, 40.857329]], [[14.2851107, 40.8574748], [14.2850583, 40.8574696], [14.2849785, 40.8574618]], [[14.2823586, 40.8567976], [14.2827095, 40.8568341]], [[14.2804007, 40.8565997], [14.280527, 40.8566126]], [[14.2805861, 40.8566185], [14.2806878, 40.8566288]], [[14.2774468, 40.8562997], [14.2780588, 40.8563619]], [[14.2799213, 40.8569633], [14.2796218, 40.8569339]], [[14.2845326, 40.8570193], [14.28488, 40.8570546]], [[14.2837069, 40.8569354], [14.2842062, 40.8569861]], [[14.2836315, 40.857329], [14.2834686, 40.857313], [14.2833339, 40.8572997]], [[14.2791717, 40.8564749], [14.2792421, 40.856482], [14.2795791, 40.8565162], [14.2796781, 40.8565263]], [[14.278162, 40.85679], [14.2779852, 40.8567725]], [[14.2804611, 40.8570165], [14.2803344, 40.8570041]], [[14.2809791, 40.8570676], [14.2806212, 40.8570324]], [[14.2810568, 40.8566663], [14.2814182, 40.8567041]], [[14.2830791, 40.8568717], [14.28339, 40.8569033]], [[14.2806878, 40.8566288], [14.2810568, 40.8566663]], [[14.2780588, 40.8563619], [14.2782487, 40.8563812]], [[14.2787743, 40.8568503], [14.2785339, 40.8568239]], [[14.282653, 40.8572366], [14.2823308, 40.8572065]], [[14.2817544, 40.8567381], [14.282059, 40.8567681], [14.2823586, 40.8567976]], [[14.2814182, 40.8567041], [14.2817544, 40.8567381]], [[14.2823308, 40.8572065], [14.2819926, 40.8571713], [14.2816816, 40.857139]]]}}, {"type": "Feature", "properties": {"id": "SS-NAP-0424", "nome": "Strada Casa Maglione", "quartiere": "", "classificazione": "giallo", "score": 3, "note": "strada urbana senza ciclabile", "ciclabile": "no", "n_corsie": "2", "senso_unico": "si", "n_testimonianze": "0", "zona": "B2"}, "geometry": {"type": "MultiLineString", "coordinates": [[[14.3345365, 40.8582447], [14.3342776, 40.8581023], [14.3340559, 40.8579733], [14.3340173, 40.8579354]], [[14.3345833, 40.8582646], [14.3345365, 40.8582447]]]}}, {"type": "Feature", "properties": {"id": "SS-NAP-0427", "nome": "Strada Comunale Cupa Santacroce", "quartiere": "", "classificazione": "giallo", "score": 3, "note": "strada urbana senza ciclabile", "ciclabile": "no", "n_corsie": "2", "senso_unico": "no", "n_testimonianze": "0", "zona": "B2"}, "geometry": {"type": "LineString", "coordinates": [[14.3052693, 40.8747707], [14.3052488, 40.8748142], [14.3046381, 40.8761053], [14.3046252, 40.8761326], [14.3046122, 40.8761562], [14.3042046, 40.8769]]}}, {"type": "Feature", "properties": {"id": "SS-NAP-0428", "nome": "Strada Comunale Cupa dell'Arco", "quartiere": "", "classificazione": "giallo", "score": 3, "note": "strada urbana senza ciclabile", "ciclabile": "no", "n_corsie": "2", "senso_unico": "no", "n_testimonianze": "0", "zona": "B2"}, "geometry": {"type": "MultiLineString", "coordinates": [[[14.2595084, 40.8975869], [14.2597071, 40.8973761], [14.2600165, 40.8970715], [14.2601366, 40.8969675], [14.260264, 40.8968825], [14.260805, 40.896554], [14.26094, 40.8964672], [14.261358, 40.8961589], [14.2617848, 40.8958394], [14.2618797, 40.8957622], [14.2626761, 40.8951065]], [[14.2578333, 40.8985662], [14.2578517, 40.8985528], [14.2579808, 40.8984587], [14.2582611, 40.8982986], [14.258575, 40.8981769], [14.2587519, 40.8980933], [14.2588754, 40.898035], [14.2591253, 40.8978906], [14.2592719, 40.8977854], [14.2595084, 40.8975869]]]}}, {"type": "Feature", "properties": {"id": "SS-NAP-0436", "nome": "Strada Comunale Selva Cafaro", "quartiere": "", "classificazione": "giallo", "score": 3, "note": "strada urbana senza ciclabile", "ciclabile": "no", "n_corsie": "2", "senso_unico": "no", "n_testimonianze": "0", "zona": "B2"}, "geometry": {"type": "MultiLineString", "coordinates": [[[14.3014955, 40.8855107], [14.3004655, 40.88487], [14.299155, 40.8840446], [14.2983949, 40.8837181], [14.2978947, 40.8834032], [14.2968315, 40.8826932]], [[14.2953114, 40.8822885], [14.2951146, 40.8824609], [14.2950243, 40.8825415]], [[14.295705, 40.8819382], [14.2953114, 40.8822885]], [[14.2968315, 40.8826932], [14.2975507, 40.8820892], [14.2980139, 40.881753], [14.2982747, 40.8815353], [14.2987663, 40.8810436], [14.2992795, 40.8805633], [14.2998011, 40.8801635], [14.3000249, 40.8798888], [14.3001745, 40.8795806], [14.3002543, 40.8794556], [14.3005303, 40.8791636], [14.3006591, 40.8789868], [14.3007902, 40.8786474], [14.3010015, 40.8780707], [14.3011254, 40.8778204], [14.3013731, 40.8773198], [14.3019127, 40.8765915], [14.3020218, 40.8764443]], [[14.3021231, 40.8762214], [14.3025527, 40.8758503]], [[14.3025527, 40.8758503], [14.3026596, 40.8757359], [14.3030428, 40.8751746], [14.3030747, 40.8751279], [14.3032551, 40.8748638], [14.3034849, 40.8746411], [14.3036677, 40.874522], [14.3037916, 40.8744194], [14.3039674, 40.8742631], [14.3039915, 40.8742411], [14.304035, 40.8742015], [14.3040762, 40.874164], [14.3040886, 40.8741527]], [[14.3020218, 40.8764443], [14.3020187, 40.8763607], [14.3020472, 40.876296], [14.3021231, 40.8762214]], [[14.3040886, 40.8741527], [14.3041054, 40.8741395], [14.3041499, 40.8741045]], [[14.2968315, 40.8826932], [14.2964402, 40.8824524], [14.296364, 40.8823863], [14.2962053, 40.8822486], [14.2960064, 40.8819874], [14.2959139, 40.8819177], [14.2958502, 40.8818914], [14.2957785, 40.8818939], [14.295705, 40.8819382]]]}}, {"type": "Feature", "properties": {"id": "SS-NAP-0438", "nome": "Strada Comunale dietro la Croce", "quartiere": "", "classificazione": "giallo", "score": 3, "note": "strada urbana senza ciclabile", "ciclabile": "no", "n_corsie": "2", "senso_unico": "si", "n_testimonianze": "0", "zona": "B2"}, "geometry": {"type": "LineString", "coordinates": [[14.2841359, 40.8897084], [14.2839942, 40.889944], [14.2839337, 40.8901204], [14.2838793, 40.8903429]]}}, {"type": "Feature", "properties": {"id": "SS-NAP-0442", "nome": "Strada Provinciale 500 dell'Asse Perimetrale di Melito", "quartiere": "", "classificazione": "nero", "score": 5, "note": "strada ad alta velocità (trunk)", "ciclabile": "no", "n_corsie": "2", "senso_unico": "si", "n_testimonianze": "0", "zona": "B2"}, "geometry": {"type": "MultiLineString", "coordinates": [[[14.2425171, 40.8920676], [14.2439149, 40.8913529], [14.2441519, 40.8912404], [14.2443799, 40.8911444], [14.2447583, 40.8910092], [14.2451529, 40.8909002], [14.2456205, 40.8907954], [14.2460344, 40.8907245]], [[14.2693881, 40.8817833], [14.269034, 40.8818327], [14.2686956, 40.8819267], [14.2683729, 40.8820645], [14.2680847, 40.8822446]], [[14.2649643, 40.8846518], [14.2657018, 40.884084], [14.2662878, 40.8836454], [14.2666732, 40.8833381], [14.2671671, 40.8829177]], [[14.2693758, 40.8817057], [14.2697476, 40.8816909], [14.2701203, 40.8816993], [14.2704386, 40.8816979], [14.2708, 40.8816897], [14.2711633, 40.8816517], [14.2715516, 40.8815782], [14.27187, 40.881495], [14.2722066, 40.8813736], [14.2723377, 40.8813126], [14.2724492, 40.881255], [14.2725659, 40.8811877], [14.2727026, 40.8810989]], [[14.2460344, 40.8907245], [14.2464077, 40.8906746], [14.2467591, 40.8906514], [14.2471738, 40.8906498], [14.2475536, 40.890648], [14.2479314, 40.8906441], [14.2483252, 40.8906309], [14.2490908, 40.8905839], [14.2502017, 40.890528], [14.2509578, 40.8904871], [14.2521882, 40.8904204], [14.2529489, 40.8903769], [14.2533226, 40.8903563], [14.2536984, 40.8903215], [14.2541594, 40.8902533], [14.2546241, 40.8901553], [14.2550822, 40.8900238], [14.2555157, 40.8898717], [14.2558244, 40.8897382], [14.2561172, 40.8895937], [14.2565162, 40.8893749], [14.256821, 40.8891949], [14.2571324, 40.8890097], [14.2574696, 40.8888473], [14.2578041, 40.8887176], [14.2581237, 40.8886245], [14.2585606, 40.8885119], [14.2589157, 40.8884109], [14.2592663, 40.8883033], [14.2596101, 40.888186], [14.2599448, 40.8880569], [14.2602743, 40.8879133], [14.2605985, 40.8877657], [14.2609085, 40.8876058], [14.2612112, 40.8874316], [14.2615041, 40.887251], [14.2617829, 40.8870617], [14.2620552, 40.886862], [14.2623237, 40.8866563], [14.2633911, 40.8858394]], [[14.2634672, 40.8858936], [14.2623973, 40.8867127], [14.2621304, 40.8869183], [14.2618571, 40.8871205], [14.2615739, 40.8873126], [14.2612792, 40.8874961], [14.2609684, 40.8876673], [14.2606545, 40.8878304], [14.2603291, 40.8879828], [14.2599964, 40.8881269], [14.2596556, 40.8882573], [14.2593104, 40.8883779], [14.2589532, 40.8884876], [14.2585968, 40.8885823], [14.2581579, 40.8886985], [14.2578391, 40.8887951], [14.2575211, 40.8889165], [14.257195, 40.8890774], [14.256881, 40.8892564], [14.2565811, 40.8894353], [14.2561771, 40.8896606], [14.2558758, 40.8898077], [14.255562, 40.8899415], [14.2551213, 40.8900984], [14.2546576, 40.8902296], [14.2541837, 40.89033], [14.2537141, 40.8904006], [14.2533345, 40.890435], [14.2529555, 40.8904588], [14.2521974, 40.8904998], [14.2509667, 40.8905675], [14.2502093, 40.8906072], [14.249114, 40.8906634], [14.2483595, 40.8907088], [14.2479373, 40.8907223], [14.2475532, 40.8907261], [14.2471759, 40.8907271], [14.2467605, 40.8907324], [14.2464229, 40.8907541], [14.2460531, 40.8908011]], [[14.2650361, 40.8847039], [14.2640606, 40.8854413], [14.2634672, 40.8858936]], [[14.2633911, 40.8858394], [14.2639858, 40.8853898], [14.2649643, 40.8846518]], [[14.228979, 40.9008426], [14.2288539, 40.9015978], [14.2287204, 40.9021722], [14.2284909, 40.9027314], [14.2281953, 40.903242], [14.2275539, 40.9040037], [14.2270915, 40.904565], [14.2267456, 40.9050721], [14.2264055, 40.9057602], [14.2262778, 40.9061686], [14.2262472, 40.9063073], [14.2262223, 40.9064298], [14.2262057, 40.9065497], [14.2261894, 40.906699], [14.2261827, 40.906785], [14.2261749, 40.9069652], [14.2261772, 40.9072364], [14.2262548, 40.9081404], [14.2263203, 40.9085361], [14.2264152, 40.9089876], [14.2264896, 40.9091611], [14.2265288, 40.9092526], [14.2265397, 40.9092782], [14.2266754, 40.9095949], [14.227026, 40.9101512], [14.2272273, 40.9103813], [14.2272544, 40.9104123], [14.2273016, 40.9104662], [14.2276705, 40.9108726], [14.2278976, 40.9111196], [14.2285547, 40.9117698]], [[14.2284565, 40.9118032], [14.2278638, 40.9112126], [14.2278074, 40.9111564], [14.2275597, 40.9109095], [14.2271593, 40.9104749], [14.2269107, 40.9101987], [14.2265333, 40.9096095], [14.2264116, 40.9092958], [14.2263037, 40.9090174], [14.2261667, 40.9085488], [14.2261249, 40.9081353], [14.2260703, 40.9072387], [14.2260664, 40.9069669], [14.226072, 40.9067771], [14.2260779, 40.906694], [14.2260976, 40.9065442], [14.2261172, 40.9064236], [14.2261426, 40.9062945], [14.2261802, 40.9061543], [14.2263048, 40.9056934], [14.2264481, 40.9053815], [14.2267731, 40.9048407], [14.2269916, 40.9045373], [14.2280622, 40.9032017], [14.2281879, 40.9030428], [14.22839, 40.9027022], [14.2286084, 40.9021531], [14.2287505, 40.9015916], [14.2288616, 40.9009018]], [[14.2354107, 40.8957908], [14.2350813, 40.8959398], [14.234749, 40.8960805], [14.234411, 40.8962138], [14.2340756, 40.8963451], [14.2337356, 40.8964779], [14.2333947, 40.8966088], [14.2330562, 40.8967415]], [[14.2383473, 40.8942948], [14.2363479, 40.8953154], [14.2359766, 40.8955057], [14.2356406, 40.895679], [14.2354107, 40.8957908]], [[14.2396077, 40.8935533], [14.2406196, 40.8930354]], [[14.2406196, 40.8930354], [14.2412484, 40.8927121], [14.2418814, 40.8923912], [14.2425171, 40.8920676]], [[14.2382921, 40.8942313], [14.2396077, 40.8935533]], [[14.2330073, 40.8966717], [14.2333492, 40.8965383], [14.2336897, 40.8964062], [14.2340225, 40.8962759], [14.2343629, 40.8961432], [14.2346979, 40.8960099], [14.2350301, 40.8958727], [14.2353563, 40.8957214]], [[14.2425725, 40.8921295], [14.2419401, 40.8924535], [14.2413042, 40.8927755], [14.2406769, 40.8931007]], [[14.2396672, 40.8936134], [14.2383473, 40.8942948]], [[14.2330562, 40.8967415], [14.2322835, 40.8970402], [14.2316657, 40.8972832], [14.2314015, 40.8973938], [14.2311886, 40.8974951], [14.2310197, 40.8975857], [14.2308247, 40.8977009], [14.2306394, 40.8978255], [14.2303934, 40.8980079], [14.2301447, 40.8982225], [14.229927, 40.8984324], [14.2297935, 40.8985763], [14.2296666, 40.8987421], [14.2295578, 40.8989228], [14.2294445, 40.8991274], [14.2293352, 40.8993512], [14.2291874, 40.8997619], [14.2290189, 40.900602], [14.228979, 40.9008426]], [[14.2288616, 40.9009018], [14.2289444, 40.9003881], [14.2290864, 40.8997461], [14.2292393, 40.899327], [14.2293493, 40.8991041], [14.229465, 40.898895], [14.2295775, 40.8987103], [14.2297059, 40.8985417], [14.2298293, 40.8984027], [14.2300585, 40.898178], [14.2303181, 40.897958], [14.2305982, 40.8977478], [14.2307613, 40.8976408], [14.2309468, 40.8975308], [14.2311285, 40.8974328], [14.2313509, 40.897328], [14.2316024, 40.8972215], [14.2322291, 40.8969754], [14.2330073, 40.8966717]], [[14.2353563, 40.8957214], [14.2355842, 40.8956144], [14.2359161, 40.8954437], [14.2362902, 40.8952535], [14.2382921, 40.8942313]], [[14.2406769, 40.8931007], [14.2396672, 40.8936134]], [[14.2460531, 40.8908011], [14.2456526, 40.8908672], [14.2451865, 40.8909674], [14.2447967, 40.8910792], [14.2444266, 40.8912086], [14.244196, 40.8913036], [14.2439761, 40.8914116], [14.2425725, 40.8921295]], [[14.2708088, 40.8817709], [14.2704363, 40.8817767], [14.270117, 40.8817719], [14.2697476, 40.8817651], [14.2693881, 40.8817833]], [[14.2733124, 40.8805439], [14.2737584, 40.8800986], [14.274182, 40.8797047], [14.2744109, 40.8795081], [14.274739, 40.8792739]], [[14.2734481, 40.8806242], [14.2730709, 40.880993], [14.2729654, 40.8810871], [14.2728696, 40.8811572], [14.2727752, 40.8812156], [14.2726597, 40.8812734], [14.2724817, 40.8813462], [14.2722548, 40.8814361], [14.27191, 40.8815639], [14.2715787, 40.8816532], [14.2711823, 40.8817299], [14.2708088, 40.8817709]], [[14.2672497, 40.8829679], [14.2667595, 40.8833827], [14.2663516, 40.8837052], [14.2657795, 40.8841373], [14.2650361, 40.8847039]], [[14.2680179, 40.8821872], [14.2683116, 40.881997], [14.2686491, 40.8818545], [14.2690082, 40.8817558], [14.2693758, 40.8817057]], [[14.2771827, 40.876977], [14.2767082, 40.8774438], [14.2759954, 40.8781393], [14.274725, 40.8793762], [14.2734481, 40.8806242]], [[14.2680847, 40.8822446], [14.2677435, 40.8825275], [14.2672497, 40.8829679]], [[14.2671671, 40.8829177], [14.2676639, 40.8824783], [14.2680179, 40.8821872]], [[14.2727026, 40.8810989], [14.2727828, 40.8810396], [14.2729141, 40.8809279], [14.2730411, 40.8808067], [14.2733124, 40.8805439]]]}}, {"type": "Feature", "properties": {"id": "SS-NAP-0445", "nome": "Strada Vicinale Cimitero Istraelita", "quartiere": "", "classificazione": "giallo", "score": 3, "note": "strada urbana senza ciclabile", "ciclabile": "no", "n_corsie": "2", "senso_unico": "si", "n_testimonianze": "0", "zona": "B2"}, "geometry": {"type": "LineString", "coordinates": [[14.2830915, 40.8628963], [14.2830659, 40.862937], [14.2823624, 40.8640292], [14.2823263, 40.8640531], [14.2822858, 40.8640725], [14.2822261, 40.8640932]]}}, {"type": "Feature", "properties": {"id": "SS-NAP-0448", "nome": "Strada Vicinale Cupa Segretario", "quartiere": "", "classificazione": "giallo", "score": 3, "note": "strada urbana senza ciclabile", "ciclabile": "no", "n_corsie": "2", "senso_unico": "si", "n_testimonianze": "0", "zona": "B2"}, "geometry": {"type": "LineString", "coordinates": [[14.3073797, 40.8793889], [14.3073697, 40.8793703], [14.3073611, 40.8793544], [14.3072748, 40.8791876], [14.3072405, 40.8790988], [14.3068768, 40.8784173], [14.306833, 40.8783288], [14.3067868, 40.878153], [14.3065173, 40.8770649], [14.3063955, 40.8766477], [14.3062563, 40.876171], [14.306217, 40.875861], [14.3062244, 40.8756459], [14.3062637, 40.8755418], [14.30634, 40.8753961], [14.306411, 40.8752962], [14.3064365, 40.8752603], [14.3064672, 40.8752171], [14.3064763, 40.8752044], [14.3064855, 40.8751915], [14.3065067, 40.8751616]]}}, {"type": "Feature", "properties": {"id": "SS-NAP-0450", "nome": "Strada Vicinale Maranda", "quartiere": "", "classificazione": "giallo", "score": 3, "note": "strada urbana senza ciclabile", "ciclabile": "no", "n_corsie": "2", "senso_unico": "no", "n_testimonianze": "0", "zona": "B2"}, "geometry": {"type": "MultiLineString", "coordinates": [[[14.324698, 40.8616725], [14.3246783, 40.8612519], [14.3246569, 40.861127], [14.3246076, 40.8609939], [14.3245755, 40.860916], [14.3244574, 40.8606872], [14.324436, 40.8605996], [14.3244467, 40.8604957], [14.3244855, 40.8603381]], [[14.3245062, 40.86026], [14.3245184, 40.8602219], [14.3245265, 40.8601996], [14.3245346, 40.8601827], [14.3252322, 40.8590609], [14.3257555, 40.8580969], [14.3260779, 40.8574957], [14.3260883, 40.857479], [14.3261013, 40.8574625], [14.3261274, 40.8574319], [14.326158, 40.8574041], [14.3261902, 40.8573825]]]}}, {"type": "Feature", "properties": {"id": "SS-NAP-0453", "nome": "Strada Vicinale Quattrocalli", "quartiere": "", "classificazione": "giallo", "score": 3, "note": "strada urbana senza ciclabile", "ciclabile": "no", "n_corsie": "2", "senso_unico": "no", "n_testimonianze": "0", "zona": "B2"}, "geometry": {"type": "LineString", "coordinates": [[14.2927537, 40.8886457], [14.2929672, 40.8895041], [14.2931088, 40.8901061], [14.2932256, 40.8904191], [14.2933189, 40.8906465], [14.2936085, 40.8911996], [14.2939157, 40.8917461], [14.2939582, 40.8918665], [14.293983, 40.8919629], [14.2940254, 40.8922759], [14.2940325, 40.8923695], [14.2940184, 40.8924926], [14.2938556, 40.8932551], [14.2937347, 40.8935128]]}}, {"type": "Feature", "properties": {"id": "SS-NAP-0464", "nome": "Strada di Casavatore", "quartiere": "", "classificazione": "rosso", "score": 4, "note": "strada secondaria trafficata", "ciclabile": "no", "n_corsie": "2", "senso_unico": "no", "n_testimonianze": "0", "zona": "B2"}, "geometry": {"type": "LineString", "coordinates": [[14.2662969, 40.8978778], [14.2663813, 40.8979114], [14.2664001, 40.8979188], [14.2682605, 40.8986648]]}}, {"type": "Feature", "properties": {"id": "SS-NAP-0465", "nome": "Strada statale 162 dir del Centro Direzionale", "quartiere": "", "classificazione": "nero", "score": 5, "note": "strada ad alta velocità (trunk, 80 km/h)", "ciclabile": "no", "n_corsie": "2", "senso_unico": "si", "n_testimonianze": "0", "zona": "B2"}, "geometry": {"type": "MultiLineString", "coordinates": [[[14.2790888, 40.863129], [14.2815337, 40.8633966], [14.2822975, 40.8634518], [14.2832222, 40.8634908], [14.2840496, 40.8634611]], [[14.3347205, 40.865751], [14.3340425, 40.8660041], [14.3331413, 40.8663092]], [[14.3192579, 40.866696], [14.3234759, 40.8667243]], [[14.3234759, 40.8667243], [14.3254481, 40.8667153], [14.3264779, 40.8667562], [14.3276407, 40.8668357], [14.3281006, 40.8668556], [14.3287617, 40.866865], [14.3293767, 40.8668483]], [[14.3226685, 40.8668348], [14.3192561, 40.8668105]], [[14.2839387, 40.863566], [14.2831822, 40.8635539], [14.2823713, 40.8635182], [14.2815154, 40.8634601], [14.2790805, 40.863202]], [[14.2856861, 40.8635431], [14.2852762, 40.8635457], [14.284977, 40.8635526], [14.2839387, 40.863566]], [[14.3026045, 40.8649472], [14.301044, 40.864746], [14.2994838, 40.8645602], [14.2954711, 40.8640693], [14.2950368, 40.8640203], [14.2947396, 40.8639885], [14.294517, 40.8639728], [14.2942419, 40.8639563]], [[14.2840496, 40.8634611], [14.2849701, 40.8634493], [14.2854477, 40.8634449]], [[14.2886955, 40.8637046], [14.2895213, 40.8637952], [14.2898826, 40.8638303], [14.2904237, 40.8638678], [14.2911238, 40.863899], [14.2913968, 40.8639003]], [[14.3192561, 40.8668105], [14.3181014, 40.866798], [14.3171817, 40.8667789], [14.3162876, 40.8667333], [14.3158429, 40.8667032], [14.3149829, 40.866633], [14.3128806, 40.86637], [14.312705, 40.866348], [14.3089079, 40.8658062], [14.3061379, 40.865411], [14.3026045, 40.8649472]], [[14.2941877, 40.8638628], [14.2944561, 40.8638791], [14.2947536, 40.8639023], [14.2950994, 40.8639364], [14.2955075, 40.8639836], [14.2985817, 40.8643483], [14.3003899, 40.8645561], [14.3012545, 40.8646555]], [[14.3299877, 40.8669063], [14.3293178, 40.8669647]], [[14.3293178, 40.8669647], [14.3280897, 40.8669758], [14.3275824, 40.8669562], [14.32666, 40.8668805], [14.3254697, 40.8668296], [14.3245851, 40.8668247], [14.3226685, 40.8668348]], [[14.3293767, 40.8668483], [14.3297793, 40.8668159], [14.3299913, 40.8667989]], [[14.3299913, 40.8667989], [14.3306133, 40.8667333], [14.331225, 40.866635], [14.3318367, 40.8665133], [14.3324467, 40.8663683], [14.3330517, 40.866195]], [[14.3331413, 40.8663092], [14.3319396, 40.8666337], [14.3311586, 40.8667895], [14.3299877, 40.8669063]], [[14.3348272, 40.8655457], [14.3373317, 40.8645567], [14.3377162, 40.8644169]], [[14.3330517, 40.866195], [14.3339367, 40.8658883], [14.3346541, 40.8656123]], [[14.3377162, 40.8644169], [14.3380865, 40.8643088], [14.3384569, 40.8642355]], [[14.3384569, 40.8642355], [14.3389223, 40.8641855], [14.3393304, 40.864184], [14.3398551, 40.8642193], [14.3403188, 40.8642916], [14.3408576, 40.8643884], [14.3418274, 40.8645869], [14.3423752, 40.8647102]], [[14.3423752, 40.8647102], [14.3428657, 40.8648577]], [[14.3428657, 40.8648577], [14.3433117, 40.8650248], [14.346855, 40.86659], [14.3476333, 40.8669183], [14.348435, 40.867205], [14.34898, 40.867355], [14.3495367, 40.867475], [14.350095, 40.86756], [14.3537467, 40.8679683], [14.3547972, 40.8681659], [14.3555303, 40.8683441], [14.3560785, 40.868511]], [[14.3560452, 40.8685845], [14.3555534, 40.8684402], [14.3547765, 40.8682543], [14.3537208, 40.8680728], [14.3500401, 40.8676818], [14.3494995, 40.8675925], [14.348981, 40.8674845], [14.3487016, 40.86741], [14.3483715, 40.8673163], [14.347569, 40.8670128], [14.3467853, 40.8666822], [14.343248, 40.8651217], [14.3428123, 40.8649575], [14.3423133, 40.8648101], [14.3417905, 40.8646793], [14.3408176, 40.8644812], [14.3402602, 40.8643804], [14.3398032, 40.8643196], [14.3393119, 40.8642839], [14.3389577, 40.8642871]], [[14.3389577, 40.8642871], [14.3384751, 40.86433], [14.3381192, 40.8644068], [14.3377816, 40.8645044]], [[14.3377816, 40.8645044], [14.3373555, 40.8646475]], [[14.3346541, 40.8656123], [14.3348272, 40.8655457]], [[14.3373555, 40.8646475], [14.3355531, 40.8654004], [14.3347205, 40.865751]], [[14.3012545, 40.8646555], [14.3068072, 40.8654095], [14.3101326, 40.8658663], [14.3135933, 40.8663417], [14.3140822, 40.8664069], [14.3153518, 40.8665761], [14.3159675, 40.8666329], [14.3171801, 40.8667004], [14.3178683, 40.8667117], [14.3189397, 40.8666996], [14.3192579, 40.866696]], [[14.2942419, 40.8639563], [14.2939885, 40.863947], [14.2936784, 40.8639417], [14.2933357, 40.8639424], [14.2927584, 40.8639605], [14.2923133, 40.8639832], [14.2919369, 40.8639902], [14.2913967, 40.863992]], [[14.2913968, 40.8639003], [14.2916695, 40.8639043], [14.29194, 40.8639046], [14.2922211, 40.8638969], [14.2924575, 40.8638887], [14.2927976, 40.8638704], [14.2932161, 40.8638557], [14.2935455, 40.8638505], [14.2938707, 40.8638529], [14.2941877, 40.8638628]], [[14.2913967, 40.863992], [14.291087, 40.8639876], [14.29043, 40.8639599]], [[14.28869, 40.8637884], [14.2870809, 40.8636188], [14.2867201, 40.8635868], [14.2864504, 40.8635711], [14.2860564, 40.863552], [14.2856861, 40.8635431]], [[14.29043, 40.8639599], [14.2898059, 40.8639123], [14.28869, 40.8637884]], [[14.2854477, 40.8634449], [14.2860173, 40.8634562], [14.2867737, 40.8634938], [14.2886955, 40.8637046]]]}}, {"type": "Feature", "properties": {"id": "SS-NAP-0466", "nome": "Strada vicinale", "quartiere": "", "classificazione": "giallo", "score": 3, "note": "strada urbana senza ciclabile", "ciclabile": "no", "n_corsie": "2", "senso_unico": "no", "n_testimonianze": "0", "zona": "B2"}, "geometry": {"type": "MultiLineString", "coordinates": [[[14.2521186, 40.9091666], [14.2520637, 40.909171], [14.2521116, 40.9094966], [14.2522459, 40.9094905], [14.2529414, 40.9094268]], [[14.2529414, 40.9094268], [14.2531624, 40.9094066], [14.253215, 40.9094427]]]}}, {"type": "Feature", "properties": {"id": "SS-NAP-0467", "nome": "Strada vicinale dell'Arco", "quartiere": "", "classificazione": "giallo", "score": 3, "note": "strada urbana senza ciclabile", "ciclabile": "no", "n_corsie": "2", "senso_unico": "no", "n_testimonianze": "0", "zona": "B2"}, "geometry": {"type": "LineString", "coordinates": [[14.3477958, 40.8539512], [14.3479113, 40.8539094], [14.34795, 40.8539012], [14.3479973, 40.8539012], [14.348225, 40.8539386], [14.3482508, 40.8539467], [14.3482766, 40.8539662], [14.3482873, 40.853989], [14.3482852, 40.8540247], [14.3482701, 40.854054], [14.3476076, 40.8549311], [14.3472461, 40.8553653], [14.347097, 40.8555562], [14.3469284, 40.8557722], [14.3468922, 40.8558185]]}}, {"type": "Feature", "properties": {"id": "SS-NAP-0470", "nome": "Supportico Capodimonte", "quartiere": "", "classificazione": "giallo", "score": 3, "note": "strada urbana senza ciclabile", "ciclabile": "no", "n_corsie": "2", "senso_unico": "no", "n_testimonianze": "0", "zona": "B2"}, "geometry": {"type": "LineString", "coordinates": [[14.252945, 40.8602808], [14.2528683, 40.8604277], [14.2528529, 40.8604563], [14.2528362, 40.8604849], [14.2528191, 40.8605092], [14.2528007, 40.8605335], [14.2527803, 40.8605588], [14.2527585, 40.8605841], [14.2527336, 40.8606086], [14.2527074, 40.8606331], [14.2526673, 40.8606695], [14.2525366, 40.8607911]]}}, {"type": "Feature", "properties": {"id": "SS-NAP-0472", "nome": "Supportico Lopez", "quartiere": "", "classificazione": "giallo", "score": 3, "note": "strada urbana senza ciclabile", "ciclabile": "no", "n_corsie": "2", "senso_unico": "si", "n_testimonianze": "0", "zona": "B2"}, "geometry": {"type": "MultiLineString", "coordinates": [[[14.2559096, 40.8572577], [14.256158, 40.8574347]], [[14.2559096, 40.8572577], [14.2554547, 40.8569094], [14.2552076, 40.8567221]], [[14.2551402, 40.8566686], [14.2550554, 40.8566056]], [[14.2552076, 40.8567221], [14.2551402, 40.8566686]]]}}, {"type": "Feature", "properties": {"id": "SS-NAP-0473", "nome": "Supportico Santi Apostoli", "quartiere": "", "classificazione": "blu", "score": 2, "note": "zona pedonale / living street", "ciclabile": "no", "n_corsie": "1", "senso_unico": "no", "n_testimonianze": "0", "zona": "B2"}, "geometry": {"type": "LineString", "coordinates": [[14.2609512, 40.8544779], [14.2610237, 40.8543704], [14.2610639, 40.8543075], [14.2611095, 40.8542446], [14.261166, 40.8541473]]}}, {"type": "Feature", "properties": {"id": "SS-NAP-0475", "nome": "Svincolo di Arzano", "quartiere": "", "classificazione": "rosso", "score": 4, "note": "strada principale trafficata", "ciclabile": "no", "n_corsie": "2", "senso_unico": "si", "n_testimonianze": "0", "zona": "B2"}, "geometry": {"type": "LineString", "coordinates": [[14.2629853, 40.9024081], [14.2633273, 40.9023367], [14.2635776, 40.9022836], [14.2636101, 40.9022785]]}}, {"type": "Feature", "properties": {"id": "SS-NAP-0479", "nome": "Tondo di Capodimonte", "quartiere": "", "classificazione": "rosso", "score": 4, "note": "strada principale trafficata", "ciclabile": "no", "n_corsie": "2", "senso_unico": "si", "n_testimonianze": "0", "zona": "B2"}, "geometry": {"type": "MultiLineString", "coordinates": [[[14.248429, 40.8652617], [14.2485142, 40.8652721], [14.2485683, 40.8653019], [14.2485933, 40.8653236], [14.248652, 40.8653793], [14.2487006, 40.8654581], [14.2487318, 40.8655565], [14.2487304, 40.8656424], [14.2487126, 40.8657254], [14.2486707, 40.8658264], [14.2486359, 40.865891], [14.2485854, 40.8659527], [14.2485484, 40.8659873], [14.248506, 40.8660254], [14.2484561, 40.8660648], [14.2484273, 40.8660777], [14.2483507, 40.8660971], [14.2482767, 40.8661066], [14.2482166, 40.8661054], [14.2481725, 40.8660974], [14.2481352, 40.8660879]], [[14.2481806, 40.8660399], [14.24822, 40.8660364], [14.2482478, 40.8660173], [14.2482664, 40.8660007], [14.2482759, 40.8659769], [14.2482518, 40.8659275], [14.2482024, 40.8658631], [14.2481691, 40.865824], [14.248145, 40.8657728], [14.2481247, 40.8657025], [14.2481204, 40.8656497], [14.2481179, 40.8655876], [14.2481303, 40.8655256], [14.2481651, 40.8654424], [14.2482671, 40.8653207], [14.2483339, 40.865274], [14.2483546, 40.8652713], [14.248429, 40.8652617]]]}}, {"type": "Feature", "properties": {"id": "SS-NAP-0480", "nome": "Trav. Zara", "quartiere": "", "classificazione": "giallo", "score": 3, "note": "strada urbana senza ciclabile", "ciclabile": "no", "n_corsie": "2", "senso_unico": "si", "n_testimonianze": "0", "zona": "B2"}, "geometry": {"type": "LineString", "coordinates": [[14.2774689, 40.8617842], [14.276368, 40.8612099], [14.2763346, 40.8611925]]}}, {"type": "Feature", "properties": {"id": "SS-NAP-0486", "nome": "Traversa Benedetto Cairoli", "quartiere": "", "classificazione": "blu", "score": 2, "note": "zona pedonale / living street", "ciclabile": "no", "n_corsie": "1", "senso_unico": "no", "n_testimonianze": "0", "zona": "B2"}, "geometry": {"type": "LineString", "coordinates": [[14.2694793, 40.8596023], [14.2695021, 40.8595607], [14.2697042, 40.8591917], [14.2697256, 40.8591525]]}}, {"type": "Feature", "properties": {"id": "SS-NAP-0489", "nome": "Traversa Carriera", "quartiere": "", "classificazione": "giallo", "score": 3, "note": "strada urbana senza ciclabile", "ciclabile": "no", "n_corsie": "2", "senso_unico": "si", "n_testimonianze": "0", "zona": "B2"}, "geometry": {"type": "LineString", "coordinates": [[14.2659013, 40.853903], [14.2657942, 40.8536383], [14.2657595, 40.8535524]]}}, {"type": "Feature", "properties": {"id": "SS-NAP-0496", "nome": "Traversa Filippo Maria Briganti", "quartiere": "", "classificazione": "giallo", "score": 3, "note": "strada urbana senza ciclabile", "ciclabile": "no", "n_corsie": "2", "senso_unico": "no", "n_testimonianze": "0", "zona": "B2"}, "geometry": {"type": "LineString", "coordinates": [[14.2697327, 40.867408], [14.2698293, 40.8673795], [14.2700348, 40.8673348], [14.2702316, 40.8673147], [14.2703645, 40.867347], [14.2704891, 40.8673837], [14.2706488, 40.8675094], [14.2711008, 40.8679596], [14.2711274, 40.8680044], [14.2711489, 40.8681504], [14.2711167, 40.8682356], [14.2710094, 40.8682599], [14.2709181, 40.8682801], [14.2706471, 40.8684867]]}}, {"type": "Feature", "properties": {"id": "SS-NAP-0497", "nome": "Traversa Francesco Provenzale", "quartiere": "", "classificazione": "giallo", "score": 3, "note": "strada urbana senza ciclabile", "ciclabile": "no", "n_corsie": "2", "senso_unico": "no", "n_testimonianze": "0", "zona": "B2"}, "geometry": {"type": "LineString", "coordinates": [[14.2694095, 40.8747671], [14.2692608, 40.8754417], [14.2692487, 40.8755289], [14.2692474, 40.8756242], [14.2692889, 40.8758717], [14.2693556, 40.8760132]]}}, {"type": "Feature", "properties": {"id": "SS-NAP-0501", "nome": "Traversa I Cupa Capodichino", "quartiere": "", "classificazione": "giallo", "score": 3, "note": "strada urbana senza ciclabile", "ciclabile": "no", "n_corsie": "2", "senso_unico": "si", "n_testimonianze": "0", "zona": "B2"}, "geometry": {"type": "LineString", "coordinates": [[14.2590678, 40.8860501], [14.2591937, 40.8862536], [14.2593866, 40.8865693], [14.259528, 40.8868224]]}}, {"type": "Feature", "properties": {"id": "SS-NAP-0505", "nome": "Traversa I Stella", "quartiere": "", "classificazione": "giallo", "score": 3, "note": "strada urbana senza ciclabile", "ciclabile": "no", "n_corsie": "2", "senso_unico": "si", "n_testimonianze": "0", "zona": "B2"}, "geometry": {"type": "LineString", "coordinates": [[14.2514282, 40.8555875], [14.251499, 40.8551799]]}}, {"type": "Feature", "properties": {"id": "SS-NAP-0507", "nome": "Traversa II Cupa Capodichino", "quartiere": "", "classificazione": "giallo", "score": 3, "note": "strada urbana senza ciclabile", "ciclabile": "no", "n_corsie": "2", "senso_unico": "no", "n_testimonianze": "0", "zona": "B2"}, "geometry": {"type": "LineString", "coordinates": [[14.2602859, 40.8866956], [14.260121, 40.886212], [14.2599482, 40.8856899]]}}, {"type": "Feature", "properties": {"id": "SS-NAP-0511", "nome": "Traversa III Cupa Capodichino", "quartiere": "", "classificazione": "giallo", "score": 3, "note": "strada urbana senza ciclabile", "ciclabile": "no", "n_corsie": "2", "senso_unico": "no", "n_testimonianze": "0", "zona": "B2"}, "geometry": {"type": "MultiLineString", "coordinates": [[[14.260641, 40.885441], [14.2607944, 40.8856923], [14.2609207, 40.8859385]], [[14.2609776, 40.8860436], [14.2612042, 40.8864363]]]}}, {"type": "Feature", "properties": {"id": "SS-NAP-0513", "nome": "Traversa IV Cupa Capodichino", "quartiere": "", "classificazione": "giallo", "score": 3, "note": "strada urbana senza ciclabile", "ciclabile": "no", "n_corsie": "2", "senso_unico": "no", "n_testimonianze": "0", "zona": "B2"}, "geometry": {"type": "MultiLineString", "coordinates": [[[14.2610288, 40.8859764], [14.2616447, 40.8857728], [14.2619091, 40.8856769], [14.2619532, 40.8856551], [14.2619894, 40.8856241], [14.2620109, 40.8855835], [14.2620217, 40.885544]], [[14.260121, 40.886212], [14.2603619, 40.8861625], [14.2605886, 40.8861027], [14.2608882, 40.8860153]]]}}, {"type": "Feature", "properties": {"id": "SS-NAP-0514", "nome": "Traversa Maglione", "quartiere": "", "classificazione": "giallo", "score": 3, "note": "strada urbana senza ciclabile", "ciclabile": "no", "n_corsie": "2", "senso_unico": "no", "n_testimonianze": "0", "zona": "B2"}, "geometry": {"type": "MultiLineString", "coordinates": [[[14.2692453, 40.8867098], [14.2694505, 40.8862421], [14.2696604, 40.8858262], [14.2699488, 40.8852057], [14.270084, 40.885025], [14.2701018, 40.8850013]], [[14.2681082, 40.8879208], [14.2683299, 40.8876693], [14.2685992, 40.8873751], [14.2687599, 40.8872119], [14.2689712, 40.887072], [14.2692453, 40.8867098]]]}}, {"type": "Feature", "properties": {"id": "SS-NAP-0515", "nome": "Traversa Malta", "quartiere": "", "classificazione": "giallo", "score": 3, "note": "strada urbana senza ciclabile", "ciclabile": "no", "n_corsie": "2", "senso_unico": "no", "n_testimonianze": "0", "zona": "B2"}, "geometry": {"type": "LineString", "coordinates": [[14.2760689, 40.868165], [14.2758073, 40.8679359], [14.2752078, 40.8678746], [14.2751503, 40.8678687]]}}, {"type": "Feature", "properties": {"id": "SS-NAP-0517", "nome": "Traversa Monte Faito", "quartiere": "", "classificazione": "giallo", "score": 3, "note": "strada urbana senza ciclabile", "ciclabile": "no", "n_corsie": "2", "senso_unico": "no", "n_testimonianze": "0", "zona": "B2"}, "geometry": {"type": "MultiLineString", "coordinates": [[[14.2730211, 40.8906042], [14.2738526, 40.8905596], [14.2742452, 40.8903659]], [[14.2746326, 40.8907795], [14.2743233, 40.8909337], [14.2741852, 40.8909489], [14.2738526, 40.8905596]]]}}, {"type": "Feature", "properties": {"id": "SS-NAP-0518", "nome": "Traversa Nicola Rocco", "quartiere": "", "classificazione": "blu", "score": 2, "note": "zona pedonale / living street", "ciclabile": "no", "n_corsie": "1", "senso_unico": "no", "n_testimonianze": "0", "zona": "B2"}, "geometry": {"type": "LineString", "coordinates": [[14.2697012, 40.8613929], [14.269687, 40.8614163], [14.2696751, 40.861436]]}}, {"type": "Feature", "properties": {"id": "SS-NAP-0519", "nome": "Traversa Piemonte", "quartiere": "", "classificazione": "giallo", "score": 3, "note": "strada urbana senza ciclabile", "ciclabile": "no", "n_corsie": "2", "senso_unico": "no", "n_testimonianze": "0", "zona": "B2"}, "geometry": {"type": "LineString", "coordinates": [[14.255407, 40.8911804], [14.255729, 40.8911639], [14.2557529, 40.8911759], [14.2557636, 40.8912023], [14.2557988, 40.8914841], [14.2557972, 40.8914895], [14.2557944, 40.891493], [14.2557498, 40.891534], [14.2557437, 40.8915384], [14.255736, 40.891541], [14.2555218, 40.8915584]]}}, {"type": "Feature", "properties": {"id": "SS-NAP-0520", "nome": "Traversa Prima Cassano", "quartiere": "", "classificazione": "giallo", "score": 3, "note": "strada urbana senza ciclabile", "ciclabile": "no", "n_corsie": "2", "senso_unico": "no", "n_testimonianze": "0", "zona": "B2"}, "geometry": {"type": "LineString", "coordinates": [[14.2709453, 40.8862535], [14.2708849, 40.8862328], [14.2703994, 40.8860666], [14.2696604, 40.8858262]]}}, {"type": "Feature", "properties": {"id": "SS-NAP-0521", "nome": "Traversa Prima Duca degli Abruzzi", "quartiere": "", "classificazione": "giallo", "score": 3, "note": "strada urbana senza ciclabile", "ciclabile": "no", "n_corsie": "2", "senso_unico": "no", "n_testimonianze": "0", "zona": "B2"}, "geometry": {"type": "LineString", "coordinates": [[14.260836, 40.8936922], [14.2609302, 40.8938402], [14.2610225, 40.8939729]]}}, {"type": "Feature", "properties": {"id": "SS-NAP-0522", "nome": "Traversa Prima Fosso del Lupo", "quartiere": "", "classificazione": "giallo", "score": 3, "note": "strada urbana senza ciclabile", "ciclabile": "no", "n_corsie": "2", "senso_unico": "si", "n_testimonianze": "0", "zona": "B2"}, "geometry": {"type": "LineString", "coordinates": [[14.2675286, 40.8879003], [14.2672097, 40.8884961]]}}, {"type": "Feature", "properties": {"id": "SS-NAP-0524", "nome": "Traversa Prima Vecchia Miano", "quartiere": "", "classificazione": "giallo", "score": 3, "note": "strada urbana senza ciclabile", "ciclabile": "no", "n_corsie": "2", "senso_unico": "no", "n_testimonianze": "0", "zona": "B2"}, "geometry": {"type": "LineString", "coordinates": [[14.2705182, 40.882923], [14.2702304, 40.8827583]]}}, {"type": "Feature", "properties": {"id": "SS-NAP-0525", "nome": "Traversa Prima detta Casilli", "quartiere": "", "classificazione": "giallo", "score": 3, "note": "strada urbana senza ciclabile", "ciclabile": "no", "n_corsie": "2", "senso_unico": "no", "n_testimonianze": "0", "zona": "B2"}, "geometry": {"type": "LineString", "coordinates": [[14.2669109, 40.8937834], [14.2661408, 40.8933722]]}}, {"type": "Feature", "properties": {"id": "SS-NAP-0530", "nome": "Traversa Privata Polveriera", "quartiere": "", "classificazione": "giallo", "score": 3, "note": "strada urbana senza ciclabile", "ciclabile": "no", "n_corsie": "2", "senso_unico": "si", "n_testimonianze": "0", "zona": "B2"}, "geometry": {"type": "LineString", "coordinates": [[14.2722163, 40.8616815], [14.2722078, 40.861726], [14.2721352, 40.8620774], [14.272129, 40.8621077], [14.2720514, 40.8624868]]}}, {"type": "Feature", "properties": {"id": "SS-NAP-0531", "nome": "Traversa Privata Prima Ippolito", "quartiere": "", "classificazione": "giallo", "score": 3, "note": "strada urbana senza ciclabile", "ciclabile": "no", "n_corsie": "2", "senso_unico": "no", "n_testimonianze": "0", "zona": "B2"}, "geometry": {"type": "LineString", "coordinates": [[14.2522203, 40.901112], [14.2523158, 40.9011374], [14.2544644, 40.9013326], [14.2550228, 40.9013948]]}}, {"type": "Feature", "properties": {"id": "SS-NAP-0534", "nome": "Traversa Privata Seconda Ippolito", "quartiere": "", "classificazione": "giallo", "score": 3, "note": "strada urbana senza ciclabile", "ciclabile": "no", "n_corsie": "2", "senso_unico": "no", "n_testimonianze": "0", "zona": "B2"}, "geometry": {"type": "LineString", "coordinates": [[14.2544616, 40.9017501], [14.2535028, 40.9016701], [14.2534478, 40.9016625], [14.2534317, 40.9016802], [14.2532842, 40.9018708], [14.2532399, 40.9018911], [14.2531881, 40.9018892], [14.2523936, 40.9017694], [14.2518626, 40.9016823], [14.2517243, 40.9016409], [14.251667, 40.9016222]]}}, {"type": "Feature", "properties": {"id": "SS-NAP-0535", "nome": "Traversa Privata Terza Ippolito", "quartiere": "", "classificazione": "giallo", "score": 3, "note": "strada urbana senza ciclabile", "ciclabile": "no", "n_corsie": "2", "senso_unico": "no", "n_testimonianze": "0", "zona": "B2"}, "geometry": {"type": "LineString", "coordinates": [[14.2539078, 40.9024283], [14.2532533, 40.9024222], [14.2529355, 40.9024131], [14.2527611, 40.9023948], [14.2525265, 40.9023432], [14.2522837, 40.9023148], [14.2517607, 40.9022783], [14.2511277, 40.9022246], [14.2511053, 40.9022205], [14.2510327, 40.9022071]]}}, {"type": "Feature", "properties": {"id": "SS-NAP-0537", "nome": "Traversa Quarta Aria Nova", "quartiere": "", "classificazione": "giallo", "score": 3, "note": "strada urbana senza ciclabile", "ciclabile": "no", "n_corsie": "2", "senso_unico": "no", "n_testimonianze": "0", "zona": "B2"}, "geometry": {"type": "LineString", "coordinates": [[14.2540188, 40.905216], [14.2539267, 40.9051189], [14.2525023, 40.9050272], [14.2522145, 40.9049594]]}}, {"type": "Feature", "properties": {"id": "SS-NAP-0538", "nome": "Traversa Quarta Cassano", "quartiere": "", "classificazione": "giallo", "score": 3, "note": "strada urbana senza ciclabile", "ciclabile": "no", "n_corsie": "2", "senso_unico": "no", "n_testimonianze": "0", "zona": "B2"}, "geometry": {"type": "LineString", "coordinates": [[14.2679677, 40.8949796], [14.2686072, 40.8952657], [14.2686595, 40.8952891]]}}, {"type": "Feature", "properties": {"id": "SS-NAP-0539", "nome": "Traversa Quarta Limitone di Arzano", "quartiere": "", "classificazione": "giallo", "score": 3, "note": "strada urbana senza ciclabile", "ciclabile": "no", "n_corsie": "2", "senso_unico": "no", "n_testimonianze": "0", "zona": "B2"}, "geometry": {"type": "MultiLineString", "coordinates": [[[14.2573517, 40.8999955], [14.2567884, 40.9004332], [14.2558711, 40.9011186]], [[14.2569494, 40.9010981], [14.2573248, 40.9008421], [14.2579364, 40.9004251], [14.2590599, 40.8996958], [14.2591203, 40.8996566]]]}}, {"type": "Feature", "properties": {"id": "SS-NAP-0540", "nome": "Traversa Quarta Privata 4 Aprile", "quartiere": "", "classificazione": "giallo", "score": 3, "note": "strada urbana senza ciclabile", "ciclabile": "no", "n_corsie": "2", "senso_unico": "no", "n_testimonianze": "0", "zona": "B2"}, "geometry": {"type": "LineString", "coordinates": [[14.2822034, 40.8922302], [14.2839307, 40.8933778]]}}, {"type": "Feature", "properties": {"id": "SS-NAP-0542", "nome": "Traversa Quinta Aria Nova", "quartiere": "", "classificazione": "giallo", "score": 3, "note": "strada urbana senza ciclabile", "ciclabile": "no", "n_corsie": "2", "senso_unico": "no", "n_testimonianze": "0", "zona": "B2"}, "geometry": {"type": "LineString", "coordinates": [[14.2509361, 40.9037054], [14.2518749, 40.9036811], [14.2530287, 40.9036433]]}}, {"type": "Feature", "properties": {"id": "SS-NAP-0543", "nome": "Traversa Roma verso Scampia", "quartiere": "", "classificazione": "blu", "score": 2, "note": "zona pedonale / living street", "ciclabile": "no", "n_corsie": "1", "senso_unico": "no", "n_testimonianze": "0", "zona": "B2"}, "geometry": {"type": "MultiLineString", "coordinates": [[[14.2507537, 40.9052177], [14.2509254, 40.9052015], [14.2521649, 40.9050263]], [[14.2508074, 40.9041676], [14.249373, 40.9042627]], [[14.2516281, 40.9058335], [14.2512207, 40.905518], [14.2507537, 40.9052177], [14.2497452, 40.9045244], [14.249373, 40.9042627], [14.2491286, 40.9040908], [14.2490198, 40.9040385]]]}}, {"type": "Feature", "properties": {"id": "SS-NAP-0546", "nome": "Traversa Seconda Cassano", "quartiere": "", "classificazione": "giallo", "score": 3, "note": "strada urbana senza ciclabile", "ciclabile": "no", "n_corsie": "2", "senso_unico": "si", "n_testimonianze": "0", "zona": "B2"}, "geometry": {"type": "LineString", "coordinates": [[14.2704833, 40.8871022], [14.2704334, 40.8870861], [14.2699245, 40.8869224], [14.2692453, 40.8867098]]}}, {"type": "Feature", "properties": {"id": "SS-NAP-0547", "nome": "Traversa Seconda Corso Secondigliano", "quartiere": "", "classificazione": "giallo", "score": 3, "note": "strada urbana senza ciclabile", "ciclabile": "no", "n_corsie": "2", "senso_unico": "no", "n_testimonianze": "0", "zona": "B2"}, "geometry": {"type": "LineString", "coordinates": [[14.2558339, 40.8965595], [14.2558819, 40.8965164], [14.2565524, 40.895896]]}}, {"type": "Feature", "properties": {"id": "SS-NAP-0548", "nome": "Traversa Seconda Detta Maglione", "quartiere": "", "classificazione": "giallo", "score": 3, "note": "strada urbana senza ciclabile", "ciclabile": "no", "n_corsie": "2", "senso_unico": "no", "n_testimonianze": "0", "zona": "B2"}, "geometry": {"type": "LineString", "coordinates": [[14.269257, 40.8881009], [14.2695072, 40.8876676], [14.2699245, 40.8869224], [14.2702498, 40.8863379], [14.2703994, 40.8860666]]}}, {"type": "Feature", "properties": {"id": "SS-NAP-0549", "nome": "Traversa Seconda Fosso del Lupo", "quartiere": "", "classificazione": "giallo", "score": 3, "note": "strada urbana senza ciclabile", "ciclabile": "no", "n_corsie": "2", "senso_unico": "si", "n_testimonianze": "0", "zona": "B2"}, "geometry": {"type": "MultiLineString", "coordinates": [[[14.2678475, 40.8877407], [14.2672612, 40.8873386], [14.2674798, 40.8871496]], [[14.2679405, 40.8880849], [14.26786, 40.8880855], [14.2675286, 40.8879003]], [[14.2675286, 40.8879003], [14.2674895, 40.887866], [14.267251, 40.8878259]]]}}, {"type": "Feature", "properties": {"id": "SS-NAP-0551", "nome": "Traversa Seconda detta Casilli", "quartiere": "", "classificazione": "giallo", "score": 3, "note": "strada urbana senza ciclabile", "ciclabile": "no", "n_corsie": "2", "senso_unico": "no", "n_testimonianze": "0", "zona": "B2"}, "geometry": {"type": "LineString", "coordinates": [[14.2665837, 40.8941462], [14.2658025, 40.8937159]]}}, {"type": "Feature", "properties": {"id": "SS-NAP-0555", "nome": "Traversa Terza Aria Nova", "quartiere": "", "classificazione": "giallo", "score": 3, "note": "strada urbana senza ciclabile", "ciclabile": "no", "n_corsie": "2", "senso_unico": "no", "n_testimonianze": "0", "zona": "B2"}, "geometry": {"type": "LineString", "coordinates": [[14.2572176, 40.9036527], [14.2556458, 40.9034459], [14.254117, 40.9033851], [14.2533126, 40.9033409]]}}, {"type": "Feature", "properties": {"id": "SS-NAP-0556", "nome": "Traversa Terza Bis Aria Nova", "quartiere": "", "classificazione": "giallo", "score": 3, "note": "strada urbana senza ciclabile", "ciclabile": "no", "n_corsie": "2", "senso_unico": "no", "n_testimonianze": "0", "zona": "B2"}, "geometry": {"type": "LineString", "coordinates": [[14.2539024, 40.9037987], [14.252936, 40.9037459]]}}, {"type": "Feature", "properties": {"id": "SS-NAP-0557", "nome": "Traversa Terza Cassano", "quartiere": "", "classificazione": "giallo", "score": 3, "note": "strada urbana senza ciclabile", "ciclabile": "no", "n_corsie": "2", "senso_unico": "no", "n_testimonianze": "0", "zona": "B2"}, "geometry": {"type": "LineString", "coordinates": [[14.2679731, 40.8943875], [14.2690007, 40.8949038]]}}, {"type": "Feature", "properties": {"id": "SS-NAP-0558", "nome": "Traversa Terza Corso Secondigliano", "quartiere": "", "classificazione": "giallo", "score": 3, "note": "strada urbana senza ciclabile", "ciclabile": "no", "n_corsie": "2", "senso_unico": "no", "n_testimonianze": "0", "zona": "B2"}, "geometry": {"type": "MultiLineString", "coordinates": [[[14.2603666, 40.8967274], [14.2596105, 40.8962071], [14.2595544, 40.8961797], [14.2589866, 40.8958504], [14.2588911, 40.8957928], [14.2583, 40.8954472], [14.2581797, 40.8953773]], [[14.2598784, 40.8959407], [14.2596634, 40.8961545], [14.2596105, 40.8962071]]]}}, {"type": "Feature", "properties": {"id": "SS-NAP-0559", "nome": "Traversa Terza Detta Maglione", "quartiere": "", "classificazione": "giallo", "score": 3, "note": "strada urbana senza ciclabile", "ciclabile": "no", "n_corsie": "2", "senso_unico": "no", "n_testimonianze": "0", "zona": "B2"}, "geometry": {"type": "LineString", "coordinates": [[14.2695072, 40.8876676], [14.2687599, 40.8872119]]}}, {"type": "Feature", "properties": {"id": "SS-NAP-0569", "nome": "Traversa detta Canonico Cosimo Stornaiuolo", "quartiere": "", "classificazione": "giallo", "score": 3, "note": "strada urbana senza ciclabile", "ciclabile": "no", "n_corsie": "2", "senso_unico": "si", "n_testimonianze": "0", "zona": "B2"}, "geometry": {"type": "LineString", "coordinates": [[14.265381, 40.8897322], [14.2661323, 40.8901467]]}}, {"type": "Feature", "properties": {"id": "SS-NAP-0571", "nome": "Traversa di Via Emanuele Gianturco", "quartiere": "", "classificazione": "giallo", "score": 3, "note": "strada urbana senza ciclabile", "ciclabile": "no", "n_corsie": "2", "senso_unico": "si", "n_testimonianze": "0", "zona": "B2"}, "geometry": {"type": "MultiLineString", "coordinates": [[[14.2905673, 40.8585695], [14.2906433, 40.8586164], [14.2906728, 40.8586448], [14.2906902, 40.8586783], [14.2907023, 40.8587158], [14.2907067, 40.8587667]], [[14.2916784, 40.8585909], [14.2917269, 40.8586143], [14.2917698, 40.8586407], [14.2918245, 40.8587056]], [[14.2908531, 40.8587821], [14.2908308, 40.8587298], [14.2908214, 40.8587004], [14.2908163, 40.858662], [14.2908203, 40.8586306], [14.2908402, 40.8585939], [14.2908686, 40.8585616], [14.2909261, 40.8585169]], [[14.2900104, 40.8586379], [14.2895306, 40.8585781], [14.2892, 40.8585458], [14.2888716, 40.8585127], [14.2881687, 40.8584376]], [[14.2917985, 40.8588819], [14.2915118, 40.8588516]], [[14.2905673, 40.8585695], [14.2907994, 40.8585301], [14.2908485, 40.8585239], [14.2909261, 40.8585169]], [[14.2881687, 40.8584376], [14.2879439, 40.858414], [14.2878512, 40.8584056]], [[14.2904367, 40.8587233], [14.2902353, 40.8586867], [14.2900104, 40.8586379]], [[14.2900104, 40.8586379], [14.2902392, 40.8586196], [14.2903083, 40.8586133], [14.2903767, 40.8586019], [14.2905673, 40.8585695]], [[14.2907067, 40.8587667], [14.2904367, 40.8587233]], [[14.2908531, 40.8587821], [14.2907067, 40.8587667]], [[14.2909287, 40.8587901], [14.2908531, 40.8587821]], [[14.2909261, 40.8585169], [14.2916784, 40.8585909]], [[14.2916784, 40.8585909], [14.2917427, 40.8585746], [14.2917859, 40.8585514], [14.2918551, 40.8584971]], [[14.2915118, 40.8588516], [14.2909287, 40.8587901]]]}}, {"type": "Feature", "properties": {"id": "SS-NAP-0572", "nome": "Traversa di Via Marino Di Caramanico", "quartiere": "", "classificazione": "rosso", "score": 4, "note": "strada principale trafficata", "ciclabile": "no", "n_corsie": "2", "senso_unico": "si", "n_testimonianze": "0", "zona": "B2"}, "geometry": {"type": "MultiLineString", "coordinates": [[[14.290517, 40.8603833], [14.290459, 40.8603794], [14.290405, 40.8603662], [14.2903716, 40.8603406], [14.290353, 40.8603123], [14.2903459, 40.8602738], [14.2903482, 40.8602237], [14.290576, 40.858956], [14.2905714, 40.8589173], [14.2905561, 40.8588781], [14.2905337, 40.8588322], [14.2905222, 40.858817], [14.2904367, 40.8587233]], [[14.2907067, 40.8587667], [14.2906938, 40.8588381], [14.2906862, 40.8588791], [14.2906713, 40.8589405]], [[14.2909287, 40.8587901], [14.2908632, 40.858807], [14.2907962, 40.8588314], [14.2907621, 40.8588465], [14.2907379, 40.8588676], [14.2906713, 40.8589405]], [[14.2906713, 40.8589405], [14.2906357, 40.8590879], [14.2905978, 40.8593084], [14.2904437, 40.8602366], [14.2904427, 40.8602653], [14.2904507, 40.8602975], [14.2904642, 40.8603363], [14.2904858, 40.8603596], [14.290517, 40.8603833]]]}}, {"type": "Feature", "properties": {"id": "SS-NAP-0573", "nome": "Traversa di Via Vesuvio", "quartiere": "", "classificazione": "rosso", "score": 4, "note": "strada principale trafficata", "ciclabile": "no", "n_corsie": "2", "senso_unico": "si", "n_testimonianze": "0", "zona": "B2"}, "geometry": {"type": "MultiLineString", "coordinates": [[[14.2940818, 40.8607447], [14.2936349, 40.8606981], [14.2926315, 40.8605936]], [[14.2914317, 40.8604743], [14.2919826, 40.8605291], [14.2926315, 40.8605936]], [[14.2914317, 40.8604743], [14.290517, 40.8603833]]]}}, {"type": "Feature", "properties": {"id": "SS-NAP-0578", "nome": "Via Abate Alferio", "quartiere": "", "classificazione": "giallo", "score": 3, "note": "strada urbana senza ciclabile", "ciclabile": "no", "n_corsie": "2", "senso_unico": "no", "n_testimonianze": "0", "zona": "B2"}, "geometry": {"type": "LineString", "coordinates": [[14.2771312, 40.8880444], [14.2770666, 40.8880774], [14.2765398, 40.8883451], [14.2759716, 40.8886297], [14.2756101, 40.8888108], [14.2747157, 40.8892825], [14.2737019, 40.8897605]]}}, {"type": "Feature", "properties": {"id": "SS-NAP-0579", "nome": "Via Abate Desiderio", "quartiere": "", "classificazione": "giallo", "score": 3, "note": "strada urbana senza ciclabile", "ciclabile": "no", "n_corsie": "2", "senso_unico": "no", "n_testimonianze": "0", "zona": "B2"}, "geometry": {"type": "MultiLineString", "coordinates": [[[14.2773209, 40.8906825], [14.2770401, 40.8903599], [14.2763323, 40.8895779]], [[14.2763323, 40.8895779], [14.2760597, 40.8892977], [14.2756101, 40.8888108], [14.2750938, 40.8881831], [14.2750379, 40.8881151]]]}}, {"type": "Feature", "properties": {"id": "SS-NAP-0580", "nome": "Via Abate Gioacchino", "quartiere": "", "classificazione": "giallo", "score": 3, "note": "strada urbana senza ciclabile", "ciclabile": "no", "n_corsie": "2", "senso_unico": "no", "n_testimonianze": "0", "zona": "B2"}, "geometry": {"type": "MultiLineString", "coordinates": [[[14.2581468, 40.8885949], [14.2582219, 40.888759], [14.2582954, 40.8888875], [14.2583878, 40.8890316], [14.2585102, 40.8891863]], [[14.2576975, 40.8879977], [14.2579077, 40.888309], [14.2579489, 40.8883688], [14.2579975, 40.8884406], [14.258036, 40.8884897], [14.2580744, 40.8885182]], [[14.2581993, 40.8885455], [14.2581956, 40.8885618], [14.2581847, 40.8885768], [14.2581678, 40.8885883], [14.2581468, 40.8885949], [14.2581242, 40.8885959], [14.2581023, 40.8885911], [14.2580838, 40.8885812], [14.2580708, 40.8885671], [14.2580646, 40.8885506], [14.258066, 40.8885334], [14.2580744, 40.8885182], [14.2580887, 40.8885058], [14.2581075, 40.8884975], [14.2581289, 40.8884942], [14.2581505, 40.8884961], [14.2581702, 40.8885032], [14.2581859, 40.8885146], [14.2581959, 40.8885293], [14.2581993, 40.8885455]], [[14.2586714, 40.8893537], [14.2588704, 40.8895621], [14.2592651, 40.8899919]]]}}, {"type": "Feature", "properties": {"id": "SS-NAP-0581", "nome": "Via Abate Minichini", "quartiere": "", "classificazione": "giallo", "score": 3, "note": "strada urbana senza ciclabile", "ciclabile": "no", "n_corsie": "2", "senso_unico": "no", "n_testimonianze": "0", "zona": "B2"}, "geometry": {"type": "MultiLineString", "coordinates": [[[14.2675825, 40.8691233], [14.2674531, 40.869057], [14.2674217, 40.8690277], [14.2674025, 40.8690098]], [[14.2664657, 40.8681348], [14.2663239, 40.8680027], [14.2659574, 40.8676611], [14.2658564, 40.867567], [14.265798, 40.867511], [14.2652062, 40.8669439], [14.2648744, 40.8666289]], [[14.2648744, 40.8666289], [14.2646179, 40.866405]], [[14.2670931, 40.8687208], [14.2664657, 40.8681348]], [[14.2674025, 40.8690098], [14.2670931, 40.8687208]]]}}, {"type": "Feature", "properties": {"id": "SS-NAP-0583", "nome": "Via Abruzzi", "quartiere": "", "classificazione": "giallo", "score": 3, "note": "strada urbana senza ciclabile", "ciclabile": "no", "n_corsie": "2", "senso_unico": "no", "n_testimonianze": "0", "zona": "B2"}, "geometry": {"type": "LineString", "coordinates": [[14.2562165, 40.8901382], [14.2560475, 40.8902125], [14.2559402, 40.8902646], [14.2558701, 40.8903063], [14.2557031, 40.8904007], [14.2555785, 40.8904766], [14.2552208, 40.8907016], [14.2551927, 40.8907146], [14.2551664, 40.8907198], [14.2551405, 40.8907162], [14.2550526, 40.8906708], [14.2550267, 40.8906624], [14.2549909, 40.8906591], [14.2549495, 40.8906662], [14.2549161, 40.8906795], [14.2547495, 40.8908377]]}}, {"type": "Feature", "properties": {"id": "SS-NAP-0590", "nome": "Via Adolfo Consolini", "quartiere": "", "classificazione": "giallo", "score": 3, "note": "strada urbana senza ciclabile", "ciclabile": "no", "n_corsie": "2", "senso_unico": "si", "n_testimonianze": "0", "zona": "B2"}, "geometry": {"type": "MultiLineString", "coordinates": [[[14.3395717, 40.8644463], [14.3394817, 40.8644452], [14.3389691, 40.864439], [14.3388131, 40.8644463], [14.3386498, 40.8644662], [14.3384914, 40.8645025], [14.338357, 40.8645516], [14.3382513, 40.8646097], [14.3380766, 40.8647678], [14.337862, 40.8648919], [14.3376249, 40.8650023], [14.3368631, 40.8652294], [14.3361068, 40.86545], [14.3351888, 40.8657821], [14.3346454, 40.8660196], [14.3345832, 40.8660652], [14.3344116, 40.866183]], [[14.3422418, 40.8646191], [14.3421675, 40.8647202], [14.3420906, 40.864825], [14.3420154, 40.8648878], [14.3419126, 40.8649566], [14.3417703, 40.8650164], [14.3416279, 40.8650493], [14.3414816, 40.8650523], [14.3413313, 40.8650403], [14.3411969, 40.8650014], [14.340119, 40.8645407], [14.3399918, 40.8644935], [14.3398622, 40.8644662], [14.3397085, 40.8644517], [14.3396858, 40.8644508], [14.3395717, 40.8644463]]]}}, {"type": "Feature", "properties": {"id": "SS-NAP-0598", "nome": "Via Al Chiaro di Luna", "quartiere": "", "classificazione": "giallo", "score": 3, "note": "strada urbana senza ciclabile", "ciclabile": "no", "n_corsie": "2", "senso_unico": "no", "n_testimonianze": "0", "zona": "B2"}, "geometry": {"type": "LineString", "coordinates": [[14.3436924, 40.8678664], [14.3451156, 40.8660509]]}}, {"type": "Feature", "properties": {"id": "SS-NAP-0601", "nome": "Via Alberto Pollio", "quartiere": "", "classificazione": "giallo", "score": 3, "note": "strada urbana senza ciclabile", "ciclabile": "no", "n_corsie": "2", "senso_unico": "no", "n_testimonianze": "0", "zona": "B2"}, "geometry": {"type": "MultiLineString", "coordinates": [[[14.2565524, 40.895896], [14.2565149, 40.8958676], [14.2557933, 40.8954307], [14.2557313, 40.895366]], [[14.2565524, 40.895896], [14.2572222, 40.8962931]]]}}, {"type": "Feature", "properties": {"id": "SS-NAP-0603", "nome": "Via Alcide Cervi", "quartiere": "", "classificazione": "giallo", "score": 3, "note": "strada urbana senza ciclabile", "ciclabile": "no", "n_corsie": "2", "senso_unico": "no", "n_testimonianze": "0", "zona": "B2"}, "geometry": {"type": "MultiLineString", "coordinates": [[[14.2707662, 40.8738585], [14.2708424, 40.873837], [14.271242, 40.8737241]], [[14.271242, 40.8737241], [14.271867, 40.8735007], [14.2715127, 40.8729718], [14.2706636, 40.8732732], [14.2706182, 40.8732893]]]}}, {"type": "Feature", "properties": {"id": "SS-NAP-0605", "nome": "Via Alessandro Abati", "quartiere": "", "classificazione": "giallo", "score": 3, "note": "strada urbana senza ciclabile", "ciclabile": "no", "n_corsie": "2", "senso_unico": "no", "n_testimonianze": "0", "zona": "B2"}, "geometry": {"type": "LineString", "coordinates": [[14.3253843, 40.8649958], [14.3231558, 40.8662812], [14.3231391, 40.8662988], [14.3231347, 40.8663218], [14.3231436, 40.8663395], [14.3231566, 40.8663518], [14.3231923, 40.8663728], [14.3235055, 40.8664729], [14.3237165, 40.8665301], [14.3237966, 40.8665644], [14.3239429, 40.8666354], [14.3240188, 40.8666869], [14.3242514, 40.8669114]]}}, {"type": "Feature", "properties": {"id": "SS-NAP-0606", "nome": "Via Alessandro Carratore", "quartiere": "", "classificazione": "giallo", "score": 3, "note": "strada urbana senza ciclabile", "ciclabile": "no", "n_corsie": "2", "senso_unico": "no", "n_testimonianze": "0", "zona": "B2"}, "geometry": {"type": "MultiLineString", "coordinates": [[[14.2621734, 40.8865288], [14.2619843, 40.8866687], [14.2618466, 40.8867725], [14.2615496, 40.8869906], [14.2612993, 40.8871561], [14.2610735, 40.887302], [14.2608438, 40.8874358], [14.2605416, 40.8876018], [14.2602414, 40.8877539], [14.2599584, 40.8878884], [14.2596689, 40.8880137], [14.2592653, 40.8881701], [14.2589868, 40.8882707], [14.2587028, 40.8883661], [14.2584813, 40.8884364], [14.2581959, 40.8885293]], [[14.2621734, 40.8865288], [14.2622023, 40.8864901], [14.2622408, 40.886442], [14.2622748, 40.8864049]], [[14.2623451, 40.8864672], [14.2622951, 40.8864839], [14.2622408, 40.8865029], [14.2621734, 40.8865288]]]}}, {"type": "Feature", "properties": {"id": "SS-NAP-0608", "nome": "Via Alessandro De Meo", "quartiere": "", "classificazione": "giallo", "score": 3, "note": "strada urbana senza ciclabile", "ciclabile": "no", "n_corsie": "2", "senso_unico": "si", "n_testimonianze": "0", "zona": "B2"}, "geometry": {"type": "LineString", "coordinates": [[14.2688359, 40.8635419], [14.2695881, 40.8639486], [14.2696257, 40.8639689]]}}, {"type": "Feature", "properties": {"id": "SS-NAP-0617", "nome": "Via Alessio Mazzocchi", "quartiere": "", "classificazione": "giallo", "score": 3, "note": "strada urbana senza ciclabile", "ciclabile": "no", "n_corsie": "2", "senso_unico": "no", "n_testimonianze": "0", "zona": "B2"}, "geometry": {"type": "LineString", "coordinates": [[14.2670747, 40.8630016], [14.2673408, 40.8630106], [14.2677553, 40.8630246], [14.2679203, 40.8630302], [14.2681283, 40.8630379], [14.268853, 40.863065], [14.2689859, 40.86307], [14.2690963, 40.863074], [14.2697663, 40.8630985], [14.269863, 40.863102]]}}, {"type": "Feature", "properties": {"id": "SS-NAP-0619", "nome": "Via Alfonso D'Avalos", "quartiere": "", "classificazione": "giallo", "score": 3, "note": "strada urbana senza ciclabile", "ciclabile": "no", "n_corsie": "2", "senso_unico": "si", "n_testimonianze": "0", "zona": "B2"}, "geometry": {"type": "MultiLineString", "coordinates": [[[14.2732378, 40.8605007], [14.2731475, 40.8604915], [14.2724358, 40.8604192], [14.2717854, 40.8603531]], [[14.2717854, 40.8603531], [14.2712678, 40.8603076]], [[14.2710849, 40.8602943], [14.2712678, 40.8603076]]]}}, {"type": "Feature", "properties": {"id": "SS-NAP-0621", "nome": "Via Alfonso Ruta", "quartiere": "", "classificazione": "giallo", "score": 3, "note": "strada urbana senza ciclabile", "ciclabile": "no", "n_corsie": "2", "senso_unico": "no", "n_testimonianze": "0", "zona": "B2"}, "geometry": {"type": "LineString", "coordinates": [[14.2567538, 40.8903788], [14.2568974, 40.890632], [14.2569861, 40.890738], [14.257107, 40.8908673], [14.2573496, 40.8911177]]}}, {"type": "Feature", "properties": {"id": "SS-NAP-0624", "nome": "Via Alfredo Catapano", "quartiere": "", "classificazione": "giallo", "score": 3, "note": "strada urbana senza ciclabile", "ciclabile": "no", "n_corsie": "2", "senso_unico": "no", "n_testimonianze": "0", "zona": "B2"}, "geometry": {"type": "LineString", "coordinates": [[14.2769137, 40.8737138], [14.2758888, 40.8738165]]}}, {"type": "Feature", "properties": {"id": "SS-NAP-0626", "nome": "Via Alfredo Pepe", "quartiere": "", "classificazione": "giallo", "score": 3, "note": "strada urbana senza ciclabile", "ciclabile": "no", "n_corsie": "2", "senso_unico": "no", "n_testimonianze": "0", "zona": "B2"}, "geometry": {"type": "MultiLineString", "coordinates": [[[14.3326291, 40.8544046], [14.3328093, 40.8544492]], [[14.3328093, 40.8544492], [14.3337802, 40.8546913], [14.3337844, 40.854695], [14.3337874, 40.8547007], [14.3337891, 40.8547062], [14.3337894, 40.8547124], [14.3337877, 40.8547197], [14.3336154, 40.8551142]]]}}, {"type": "Feature", "properties": {"id": "SS-NAP-0631", "nome": "Via Amato di Montecassino", "quartiere": "", "classificazione": "giallo", "score": 3, "note": "strada urbana senza ciclabile", "ciclabile": "no", "n_corsie": "2", "senso_unico": "si", "n_testimonianze": "0", "zona": "B2"}, "geometry": {"type": "MultiLineString", "coordinates": [[[14.2448843, 40.8542752], [14.2441319, 40.8549241], [14.2437115, 40.8552941], [14.2434802, 40.8554995], [14.2434684, 40.8555175], [14.2434648, 40.8555306], [14.2434624, 40.8555391], [14.2434524, 40.8555916], [14.243447, 40.8556217], [14.2434255, 40.8557325], [14.2434174, 40.8557522], [14.2434038, 40.8557795]], [[14.2425321, 40.8563502], [14.2425617, 40.8563241], [14.2431018, 40.8558464], [14.2431225, 40.8558334], [14.2431364, 40.8558247], [14.2431691, 40.8558142], [14.2434038, 40.8557795]]]}}, {"type": "Feature", "properties": {"id": "SS-NAP-0640", "nome": "Via Andrea Cantelmo", "quartiere": "", "classificazione": "giallo", "score": 3, "note": "strada urbana senza ciclabile", "ciclabile": "no", "n_corsie": "2", "senso_unico": "si", "n_testimonianze": "0", "zona": "B2"}, "geometry": {"type": "LineString", "coordinates": [[14.2683545, 40.8609709], [14.2683821, 40.8609222], [14.2687277, 40.8603026], [14.2687445, 40.8602726], [14.2687635, 40.8602386], [14.2689412, 40.8599206], [14.268961, 40.8598851], [14.2689805, 40.8598501], [14.2691614, 40.8595263], [14.269182, 40.8594894], [14.2692021, 40.8594545], [14.2694081, 40.8590851], [14.2694181, 40.8590669], [14.2694281, 40.8590487]]}}, {"type": "Feature", "properties": {"id": "SS-NAP-0651", "nome": "Via Anna Maria Ortese", "quartiere": "", "classificazione": "giallo", "score": 3, "note": "strada urbana senza ciclabile", "ciclabile": "no", "n_corsie": "2", "senso_unico": "no", "n_testimonianze": "0", "zona": "B2"}, "geometry": {"type": "LineString", "coordinates": [[14.2462202, 40.8997445], [14.2466094, 40.8995374], [14.2477245, 40.8989614], [14.2477716, 40.8989272], [14.247808, 40.8988808], [14.2478218, 40.898842], [14.2479342, 40.8983618], [14.2480341, 40.897932], [14.2481084, 40.8976279], [14.2481507, 40.8975812], [14.2482479, 40.8974738], [14.2484312, 40.897379], [14.2490003, 40.8970845], [14.2497853, 40.896671], [14.2499279, 40.8964449], [14.2501066, 40.8962592], [14.2501404, 40.8962241]]}}, {"type": "Feature", "properties": {"id": "SS-NAP-0654", "nome": "Via Annibale Marchese", "quartiere": "", "classificazione": "giallo", "score": 3, "note": "strada urbana senza ciclabile", "ciclabile": "no", "n_corsie": "2", "senso_unico": "si", "n_testimonianze": "0", "zona": "B2"}, "geometry": {"type": "LineString", "coordinates": [[14.267623, 40.862103], [14.2675898, 40.8620335], [14.2674547, 40.8617506]]}}, {"type": "Feature", "properties": {"id": "SS-NAP-0666", "nome": "Via Antonio Genovesi", "quartiere": "", "classificazione": "giallo", "score": 3, "note": "strada urbana senza ciclabile", "ciclabile": "no", "n_corsie": "2", "senso_unico": "no", "n_testimonianze": "0", "zona": "B2"}, "geometry": {"type": "LineString", "coordinates": [[14.2671524, 40.8697748], [14.2671026, 40.869758], [14.2667093, 40.8696248], [14.2666798, 40.8696238], [14.2666537, 40.8696451], [14.2663258, 40.8701826], [14.2660083, 40.8706965]]}}, {"type": "Feature", "properties": {"id": "SS-NAP-0667", "nome": "Via Antonio Golia", "quartiere": "", "classificazione": "giallo", "score": 3, "note": "strada urbana senza ciclabile", "ciclabile": "no", "n_corsie": "2", "senso_unico": "no", "n_testimonianze": "0", "zona": "B2"}, "geometry": {"type": "LineString", "coordinates": [[14.2574533, 40.8902252], [14.2579534, 40.8907887]]}}, {"type": "Feature", "properties": {"id": "SS-NAP-0671", "nome": "Via Antonio Muscettola", "quartiere": "", "classificazione": "giallo", "score": 3, "note": "strada urbana senza ciclabile", "ciclabile": "no", "n_corsie": "2", "senso_unico": "no", "n_testimonianze": "0", "zona": "B2"}, "geometry": {"type": "LineString", "coordinates": [[14.3336637, 40.8571545], [14.3341787, 40.8573932], [14.3342109, 40.8574175], [14.3342368, 40.857445], [14.3342431, 40.8574791], [14.3342324, 40.8575408], [14.3341634, 40.857886], [14.3341564, 40.857923]]}}, {"type": "Feature", "properties": {"id": "SS-NAP-0676", "nome": "Via Antonio Sogliano", "quartiere": "", "classificazione": "rosso", "score": 4, "note": "strada secondaria trafficata", "ciclabile": "no", "n_corsie": "2", "senso_unico": "no", "n_testimonianze": "0", "zona": "B2"}, "geometry": {"type": "MultiLineString", "coordinates": [[[14.2703196, 40.8759207], [14.2701985, 40.8759285]], [[14.2701985, 40.8759285], [14.2701277, 40.8759356], [14.2693556, 40.8760132], [14.2690673, 40.8760388], [14.2684737, 40.875966], [14.2683872, 40.875963], [14.2679385, 40.8759476], [14.2669343, 40.8756866], [14.2655768, 40.87541], [14.2655473, 40.8754027]]]}}, {"type": "Feature", "properties": {"id": "SS-NAP-0678", "nome": "Via Antonio Tagliamonte", "quartiere": "", "classificazione": "giallo", "score": 3, "note": "strada urbana senza ciclabile", "ciclabile": "no", "n_corsie": "2", "senso_unico": "si", "n_testimonianze": "0", "zona": "B2"}, "geometry": {"type": "MultiLineString", "coordinates": [[[14.2681487, 40.8958752], [14.2680815, 40.8958442], [14.2673937, 40.895527], [14.2671748, 40.8954093], [14.2668079, 40.8952424], [14.2667166, 40.8951749]], [[14.2642926, 40.8939512], [14.2645527, 40.8936416]], [[14.2666857, 40.8959163], [14.2671748, 40.8954093]], [[14.2664034, 40.8950261], [14.2658704, 40.8947522], [14.2655732, 40.8946018], [14.2655001, 40.894566], [14.2649796, 40.8943007], [14.2648874, 40.8942538], [14.2645005, 40.8940566], [14.2642926, 40.8939512], [14.2641438, 40.8938777], [14.2640993, 40.8938547]]]}}, {"type": "Feature", "properties": {"id": "SS-NAP-0682", "nome": "Via Antonio Villari", "quartiere": "", "classificazione": "giallo", "score": 3, "note": "strada urbana senza ciclabile", "ciclabile": "no", "n_corsie": "2", "senso_unico": "no", "n_testimonianze": "0", "zona": "B2"}, "geometry": {"type": "MultiLineString", "coordinates": [[[14.2527423, 40.8563133], [14.25374, 40.8559932], [14.2539199, 40.8559102], [14.2539963, 40.8558595], [14.2544568, 40.8555516]], [[14.2505381, 40.8569814], [14.2509024, 40.8568616], [14.2515673, 40.8566636], [14.2526365, 40.856343], [14.2527423, 40.8563133]]]}}, {"type": "Feature", "properties": {"id": "SS-NAP-0683", "nome": "Via Antonio de Curtis", "quartiere": "", "classificazione": "giallo", "score": 3, "note": "strada urbana senza ciclabile", "ciclabile": "no", "n_corsie": "2", "senso_unico": "no", "n_testimonianze": "0", "zona": "B2"}, "geometry": {"type": "LineString", "coordinates": [[14.2606587, 40.8592156], [14.2614322, 40.8597968], [14.2616212, 40.8599265], [14.2616253, 40.8599474], [14.2613711, 40.8602454], [14.2610607, 40.8606061], [14.2607787, 40.8609732], [14.2604947, 40.8611953], [14.2602469, 40.861369], [14.2601969, 40.861404]]}}, {"type": "Feature", "properties": {"id": "SS-NAP-0685", "nome": "Via Aquila", "quartiere": "", "classificazione": "giallo", "score": 3, "note": "strada urbana senza ciclabile", "ciclabile": "no", "n_corsie": "2", "senso_unico": "si", "n_testimonianze": "0", "zona": "B2"}, "geometry": {"type": "LineString", "coordinates": [[14.2718759, 40.8574885], [14.271882, 40.8574634], [14.2718845, 40.85745], [14.2718899, 40.8574349], [14.2718996, 40.8574139], [14.2719255, 40.8573617], [14.2720128, 40.8567767], [14.2720271, 40.8567163], [14.2720343, 40.856676], [14.2721239, 40.8561694], [14.2721357, 40.8561026], [14.2721433, 40.8560596], [14.272232, 40.8555592], [14.2722428, 40.8554982], [14.2722546, 40.8554362], [14.272348, 40.8549441], [14.2724407, 40.854436], [14.2724525, 40.8543712]]}}, {"type": "Feature", "properties": {"id": "SS-NAP-0686", "nome": "Via Aquileia", "quartiere": "", "classificazione": "giallo", "score": 3, "note": "strada urbana senza ciclabile", "ciclabile": "no", "n_corsie": "2", "senso_unico": "no", "n_testimonianze": "0", "zona": "B2"}, "geometry": {"type": "MultiLineString", "coordinates": [[[14.2844352, 40.8649252], [14.2822907, 40.8642019], [14.2822768, 40.8641957], [14.282268, 40.8641892], [14.2822616, 40.8641788], [14.2822328, 40.8641023], [14.2822261, 40.8640932], [14.2822148, 40.8640855], [14.2816085, 40.8638929], [14.2815679, 40.8638832], [14.2815327, 40.8638809], [14.2814957, 40.8638878], [14.2813386, 40.8639209], [14.2813186, 40.8639231], [14.2813005, 40.8639243], [14.281277, 40.8639201]], [[14.281277, 40.8639201], [14.2812617, 40.8639136], [14.2812492, 40.8639054], [14.2812373, 40.8638947], [14.2809882, 40.8635483], [14.2809716, 40.863518], [14.2809322, 40.8634248], [14.2809253, 40.8634051], [14.280913, 40.8633849]], [[14.280913, 40.8633849], [14.2808814, 40.8633691], [14.2808426, 40.8633618], [14.2805085, 40.8633271], [14.2804804, 40.8633188], [14.2804581, 40.8633098], [14.280099, 40.8631532], [14.2799874, 40.8631047], [14.2774689, 40.8617842]]]}}, {"type": "Feature", "properties": {"id": "SS-NAP-0687", "nome": "Via Aquino", "quartiere": "", "classificazione": "giallo", "score": 3, "note": "strada urbana senza ciclabile", "ciclabile": "no", "n_corsie": "2", "senso_unico": "si", "n_testimonianze": "0", "zona": "B2"}, "geometry": {"type": "MultiLineString", "coordinates": [[[14.2876021, 40.8890454], [14.2873028, 40.8888939]], [[14.2885772, 40.8896398], [14.2886818, 40.8897128], [14.2897011, 40.8904248], [14.2896367, 40.8906195], [14.2887685, 40.8914965], [14.2886282, 40.8914224], [14.2885176, 40.8914554], [14.2883949, 40.8915492], [14.2883962, 40.8916936], [14.2882195, 40.8919374]], [[14.2874786, 40.8887865], [14.2875117, 40.8889113], [14.2876021, 40.8890454]], [[14.2876021, 40.8890454], [14.2881087, 40.8893382], [14.2881957, 40.8893942], [14.2885243, 40.8896057], [14.2885772, 40.8896398]]]}}, {"type": "Feature", "properties": {"id": "SS-NAP-0692", "nome": "Via Arena della Sanità", "quartiere": "", "classificazione": "giallo", "score": 3, "note": "strada urbana senza ciclabile", "ciclabile": "no", "n_corsie": "2", "senso_unico": "no", "n_testimonianze": "0", "zona": "B2"}, "geometry": {"type": "MultiLineString", "coordinates": [[[14.2542082, 40.8572197], [14.2541378, 40.8572161], [14.2540124, 40.857243], [14.2538444, 40.8572664]], [[14.2538444, 40.8572664], [14.2535961, 40.8573017], [14.2529983, 40.8573868]], [[14.2529983, 40.8573868], [14.2528097, 40.8574118], [14.2524509, 40.8574593], [14.2522645, 40.857484], [14.2517839, 40.8575477]]]}}, {"type": "Feature", "properties": {"id": "SS-NAP-0693", "nome": "Via Arenaccia", "quartiere": "", "classificazione": "rosso", "score": 4, "note": "strada secondaria trafficata (3 corsie)", "ciclabile": "no", "n_corsie": "3", "senso_unico": "si", "n_testimonianze": "0", "zona": "B2"}, "geometry": {"type": "MultiLineString", "coordinates": [[[14.2692071, 40.8655986], [14.2692004, 40.865687], [14.2691751, 40.8658107], [14.269169, 40.8658313]], [[14.2710353, 40.857092], [14.2710245, 40.8571751], [14.2709086, 40.857905], [14.2708635, 40.858207], [14.2707621, 40.8588862], [14.2706871, 40.8593887], [14.2706147, 40.8598733], [14.2706104, 40.8599026], [14.2705479, 40.8603515], [14.2705212, 40.8605435], [14.2705166, 40.8605726], [14.2703607, 40.8615568], [14.2703484, 40.8616347], [14.2702706, 40.8619931], [14.2702067, 40.8622234], [14.2701837, 40.8623064], [14.2699924, 40.8629958], [14.269962, 40.8631056], [14.269924, 40.8632409], [14.2697997, 40.8636825], [14.2697565, 40.8638358], [14.2696397, 40.8642509], [14.269509, 40.8647151], [14.2694817, 40.8648115], [14.2694619, 40.8648825]], [[14.2703953, 40.8605943], [14.2704, 40.8605611], [14.2704304, 40.8603467], [14.2704356, 40.8603084], [14.2704413, 40.860268], [14.270489, 40.8599288], [14.2704941, 40.8598926], [14.2704983, 40.8598681], [14.2705621, 40.8594445], [14.2706244, 40.8590339], [14.2706481, 40.8588778], [14.2707511, 40.8581997], [14.2707652, 40.8581067], [14.2708151, 40.8577777], [14.2708939, 40.8572176], [14.2709078, 40.8571152], [14.2709191, 40.8570378]], [[14.2690043, 40.8654008], [14.2691461, 40.8653845], [14.269191, 40.8653695], [14.2692504, 40.8653441]], [[14.2693238, 40.8650303], [14.2693895, 40.8648318]], [[14.2694619, 40.8648825], [14.2694069, 40.8650851]], [[14.2694069, 40.8650851], [14.2693628, 40.8652892], [14.2693585, 40.8653268], [14.2693474, 40.8653674], [14.269317, 40.8654356], [14.2692795, 40.8654902], [14.2692595, 40.8655191]], [[14.269863, 40.863102], [14.2698943, 40.8629808], [14.2700507, 40.8623751], [14.2700975, 40.8622089], [14.2701589, 40.8619917], [14.2702398, 40.8616328], [14.2702519, 40.8615532], [14.2703091, 40.8611702], [14.2703953, 40.8605943]], [[14.2693895, 40.8648318], [14.2693996, 40.8647945], [14.2696257, 40.8639689], [14.2696659, 40.8638221], [14.2698282, 40.8632285], [14.269863, 40.863102]], [[14.2692074, 40.8654687], [14.2692171, 40.8654235], [14.2692504, 40.8653441], [14.26926, 40.8653146], [14.2692729, 40.8652687], [14.2693238, 40.8650303]], [[14.2689764, 40.8664317], [14.2688717, 40.8667103], [14.2685885, 40.8674629], [14.2685043, 40.8676863], [14.2682264, 40.8683589], [14.2682118, 40.8683889], [14.2681988, 40.8684144]], [[14.269169, 40.8658313], [14.2690961, 40.8660718], [14.2689764, 40.8664317]]]}}, {"type": "Feature", "properties": {"id": "SS-NAP-0695", "nome": "Via Argine", "quartiere": "", "classificazione": "giallo", "score": 3, "note": "strada urbana senza ciclabile", "ciclabile": "no", "n_corsie": "2", "senso_unico": "si", "n_testimonianze": "0", "zona": "B2"}, "geometry": {"type": "MultiLineString", "coordinates": [[[14.3421749, 40.8645729], [14.3417592, 40.8643579], [14.3412821, 40.8641465], [14.340056, 40.8635749], [14.3377498, 40.8625479], [14.337306, 40.8623503], [14.3370105, 40.8622187], [14.3359393, 40.8617291], [14.3358004, 40.8616772], [14.3357923, 40.8616742], [14.3357121, 40.8616485], [14.3356328, 40.861623]], [[14.335372, 40.8615709], [14.3351921, 40.8614036], [14.3351265, 40.8613608], [14.3350741, 40.8613266], [14.3349185, 40.8612535], [14.3348192, 40.861213], [14.3346256, 40.8611608], [14.3344172, 40.8610649]], [[14.3190209, 40.8539595], [14.3192465, 40.8541412], [14.3193602, 40.8542271], [14.319453, 40.8542872], [14.3206315, 40.8548012], [14.3206959, 40.8548293], [14.3213739, 40.8551309], [14.3214836, 40.8551797], [14.3226065, 40.8556807], [14.3234396, 40.8560535], [14.3263261, 40.8573385], [14.3266341, 40.857461], [14.3278388, 40.8580071], [14.3279663, 40.8580621]], [[14.34703, 40.866725], [14.3466165, 40.8665615], [14.3445034, 40.8656456], [14.3441326, 40.8654844], [14.3436839, 40.8652871]], [[14.3438164, 40.8651435], [14.3441391, 40.8652895], [14.3446027, 40.8654911], [14.3465606, 40.8663635], [14.346857, 40.8665057], [14.3471233, 40.8666162], [14.3476716, 40.8668664], [14.3482051, 40.8670718], [14.3487946, 40.8672438], [14.3493373, 40.8673776], [14.3498695, 40.8674755], [14.350892, 40.8675927], [14.351819, 40.8676877], [14.3521394, 40.8677222], [14.3521911, 40.8677263]], [[14.3424094, 40.8644766], [14.3426259, 40.8645615], [14.3431405, 40.8648357], [14.3438164, 40.8651435]], [[14.3357757, 40.8614654], [14.3358315, 40.8615351], [14.3358863, 40.8615874], [14.3360174, 40.8616646], [14.3361626, 40.8617185], [14.3373678, 40.8622717], [14.3377877, 40.8624644], [14.3378035, 40.8624715], [14.3401134, 40.8635049], [14.3413529, 40.8640594], [14.3418245, 40.8642704], [14.3420236, 40.8643595], [14.3422139, 40.8644446]], [[14.3136021, 40.8518776], [14.3134551, 40.8518065], [14.3122592, 40.8512283], [14.3118326, 40.851022], [14.3112574, 40.8507439], [14.3108533, 40.8505639], [14.3104384, 40.8503791], [14.310334, 40.8503338], [14.3102617, 40.8503084], [14.3101884, 40.8502902], [14.3101278, 40.850279], [14.3100629, 40.8502686], [14.3099903, 40.8502549], [14.3099276, 40.8502361], [14.3098659, 40.850215], [14.3098012, 40.8501907], [14.3096866, 40.8501437], [14.308903, 40.8497974], [14.3071817, 40.8490329], [14.3051011, 40.8481229], [14.3050172, 40.8480862], [14.3039976, 40.8476151], [14.3032949, 40.8472878], [14.3020403, 40.8467136], [14.3018971, 40.8466291], [14.3017424, 40.8465273], [14.3015552, 40.8463853], [14.3013861, 40.8462776], [14.3012092, 40.8461813], [14.3010617, 40.8461022], [14.3009584, 40.8460655], [14.3008973, 40.846054], [14.300793, 40.8460492], [14.300673, 40.8460493]], [[14.3053242, 40.8481307], [14.3063204, 40.8485694], [14.307218, 40.8489646]], [[14.3446027, 40.8654911], [14.3445034, 40.8656456]], [[14.2944121, 40.8432365], [14.2998679, 40.8456978], [14.2998695, 40.845984]], [[14.2997602, 40.8463518], [14.2997959, 40.8462942], [14.2998254, 40.8462303], [14.2998695, 40.845984]], [[14.2998695, 40.845984], [14.299946, 40.8460594], [14.3000478, 40.8461155], [14.3001522, 40.8461476], [14.3003133, 40.8461575]], [[14.3031821, 40.8453327], [14.3032622, 40.8453503], [14.3033094, 40.8453615], [14.3033482, 40.8453768], [14.3034828, 40.8454469]], [[14.3043724, 40.84612], [14.3044, 40.8461689], [14.3044223, 40.8462271], [14.30444, 40.8462761], [14.3044486, 40.8463332], [14.3044486, 40.8463941], [14.3044415, 40.8464474], [14.3044304, 40.8464906], [14.3044191, 40.846535], [14.3041959, 40.8471547], [14.3041813, 40.8472023], [14.3041752, 40.8472498], [14.3041793, 40.8473019], [14.3041914, 40.8473555], [14.3042157, 40.8474221], [14.3042522, 40.8474796], [14.3042785, 40.8475179], [14.304322, 40.8475562], [14.3043969, 40.8476083], [14.3048283, 40.8478642], [14.3051341, 40.8480434], [14.3053242, 40.8481307]], [[14.3037569, 40.8456198], [14.3043129, 40.8460448], [14.3043724, 40.84612]], [[14.3361626, 40.8617185], [14.3363387, 40.861706], [14.3364376, 40.861721], [14.3365325, 40.8617539], [14.3374301, 40.8621922], [14.3378723, 40.862385], [14.339131, 40.8629489], [14.3397546, 40.8632337], [14.3401803, 40.8634232], [14.3414169, 40.8639782], [14.3414812, 40.8640072], [14.3418665, 40.8642105], [14.3420236, 40.8643595]], [[14.3307726, 40.8593029], [14.3314949, 40.8596178], [14.3325185, 40.8600774], [14.3327726, 40.8601912], [14.333503, 40.8605076], [14.333627, 40.8605613], [14.3339725, 40.8607229], [14.3348488, 40.8611217], [14.3351223, 40.8612373], [14.3352071, 40.8612575], [14.3352591, 40.8612698], [14.3354822, 40.8612997]], [[14.3284065, 40.8582464], [14.3286144, 40.8583443], [14.3287773, 40.8584181]], [[14.3034828, 40.8454469], [14.3035706, 40.8455025], [14.3037569, 40.8456198]], [[14.3436839, 40.8652871], [14.3429425, 40.8649723], [14.3428333, 40.8648972], [14.3427534, 40.864811], [14.3426603, 40.8646851], [14.3425862, 40.8646397], [14.3424027, 40.864623], [14.342346, 40.8646185]], [[14.3261902, 40.8573825], [14.3226655, 40.8558202], [14.3225423, 40.8557658], [14.3214194, 40.8552701], [14.3213024, 40.8552188], [14.3207098, 40.8549586], [14.3205649, 40.854895], [14.319308, 40.8543433], [14.3192312, 40.854297], [14.3191954, 40.854272], [14.3190898, 40.8541922], [14.3190153, 40.8541718], [14.3189063, 40.8541614]], [[14.3279663, 40.8580621], [14.3282281, 40.8581717], [14.3284065, 40.8582464]], [[14.3344172, 40.8610649], [14.3333639, 40.8605895], [14.332442, 40.8601734], [14.3318552, 40.8599085], [14.3305352, 40.8593151], [14.3303843, 40.8592473]], [[14.307218, 40.8489646], [14.3076865, 40.8491708], [14.3089549, 40.8497402], [14.3097199, 40.850083], [14.3097705, 40.8501032], [14.3099006, 40.8501483], [14.3099719, 40.8501685], [14.3100623, 40.8501894], [14.3101339, 40.8502041], [14.3102061, 40.8502178], [14.3102723, 40.8502333], [14.3103278, 40.8502509], [14.3104624, 40.8503037], [14.3109028, 40.8505], [14.3112398, 40.8506501], [14.3113477, 40.8506975], [14.3114244, 40.850733], [14.312312, 40.8511641], [14.3135081, 40.8517451], [14.3136602, 40.851819], [14.3140583, 40.8520106], [14.3141033, 40.8520302], [14.3149204, 40.8523858], [14.3153787, 40.8525926], [14.3179235, 40.8537372], [14.3182592, 40.8538733], [14.3184416, 40.8538976], [14.3185648, 40.8538798]], [[14.3279793, 40.8581779], [14.3277789, 40.8580888], [14.3265637, 40.8575486], [14.3261902, 40.8573825]], [[14.3185774, 40.8541264], [14.3184794, 40.8540702], [14.3181146, 40.8539099], [14.3166934, 40.8532658], [14.3153288, 40.8526554], [14.3152351, 40.8526135]], [[14.3152351, 40.8526135], [14.3150459, 40.8525289], [14.3143304, 40.8522184], [14.3136021, 40.8518776]], [[14.3303843, 40.8592473], [14.329449, 40.8588194], [14.3293084, 40.8587551], [14.32822, 40.8582875], [14.3281878, 40.8582737], [14.3279793, 40.8581779]], [[14.3287773, 40.8584181], [14.3288511, 40.8584503], [14.3293725, 40.8586681], [14.3295181, 40.8587333], [14.3306015, 40.8592275], [14.3307726, 40.8593029]]]}}, {"type": "Feature", "properties": {"id": "SS-NAP-0701", "nome": "Via Arturo Benedetti Michelangeli", "quartiere": "", "classificazione": "giallo", "score": 3, "note": "strada urbana senza ciclabile", "ciclabile": "no", "n_corsie": "2", "senso_unico": "no", "n_testimonianze": "0", "zona": "B2"}, "geometry": {"type": "LineString", "coordinates": [[14.3307513, 40.8710175], [14.3306881, 40.8709184], [14.3305862, 40.8707786], [14.3305651, 40.8707496], [14.330564, 40.8707391], [14.33057, 40.870732], [14.3317243, 40.8698872], [14.331753, 40.8698679]]}}, {"type": "Feature", "properties": {"id": "SS-NAP-0704", "nome": "Via Arturo Toscanini", "quartiere": "", "classificazione": "giallo", "score": 3, "note": "strada urbana senza ciclabile", "ciclabile": "no", "n_corsie": "2", "senso_unico": "no", "n_testimonianze": "0", "zona": "B2"}, "geometry": {"type": "LineString", "coordinates": [[14.3412786, 40.8710224], [14.3413625, 40.8707635], [14.3414068, 40.8706816], [14.3415012, 40.8705603], [14.3431307, 40.8688939], [14.3432897, 40.8687313]]}}, {"type": "Feature", "properties": {"id": "SS-NAP-0707", "nome": "Via Aspromonte", "quartiere": "", "classificazione": "giallo", "score": 3, "note": "strada urbana senza ciclabile", "ciclabile": "no", "n_corsie": "2", "senso_unico": "no", "n_testimonianze": "0", "zona": "B2"}, "geometry": {"type": "LineString", "coordinates": [[14.2595084, 40.8975869], [14.2587409, 40.8970842], [14.2581088, 40.8966831], [14.2580274, 40.8966307], [14.2579006, 40.8965488], [14.2573351, 40.8961837]]}}, {"type": "Feature", "properties": {"id": "SS-NAP-0709", "nome": "Via Attila Sallustro", "quartiere": "", "classificazione": "giallo", "score": 3, "note": "strada urbana senza ciclabile", "ciclabile": "no", "n_corsie": "2", "senso_unico": "no", "n_testimonianze": "0", "zona": "B2"}, "geometry": {"type": "LineString", "coordinates": [[14.3394735, 40.8542427], [14.3382736, 40.8543285], [14.3381889, 40.8543282], [14.3380915, 40.8543187], [14.3378287, 40.854244], [14.337612, 40.8541762], [14.3373763, 40.8541025], [14.3369273, 40.8539621], [14.3366782, 40.8538862], [14.3361975, 40.8537396], [14.336155, 40.8537346], [14.3361228, 40.8537395], [14.3360907, 40.8537528], [14.3360745, 40.8537641], [14.3357196, 40.8544289], [14.3350316, 40.8557088], [14.3349639, 40.8558416], [14.3349541, 40.8558938], [14.3349614, 40.8559423], [14.3349667, 40.8559732], [14.3349775, 40.8560053], [14.3349972, 40.8560435], [14.3350153, 40.8560704], [14.3350394, 40.8561047], [14.335069, 40.8561356], [14.3351165, 40.8561662], [14.3351901, 40.8561993], [14.3353978, 40.8562679], [14.3361249, 40.8564903], [14.3362052, 40.8565166], [14.3362394, 40.8565275], [14.3365191, 40.8566128], [14.336618, 40.8566417], [14.3367042, 40.8566726], [14.3367576, 40.8567017], [14.3368204, 40.8567414], [14.3370852, 40.8569798], [14.3371447, 40.8570169], [14.3371902, 40.8570374], [14.33724, 40.8570535], [14.337327, 40.8570808], [14.3379039, 40.8572532], [14.3379965, 40.8572797]]}}, {"type": "Feature", "properties": {"id": "SS-NAP-0713", "nome": "Via Augusto De Martino", "quartiere": "", "classificazione": "giallo", "score": 3, "note": "strada urbana senza ciclabile", "ciclabile": "no", "n_corsie": "2", "senso_unico": "si", "n_testimonianze": "0", "zona": "B2"}, "geometry": {"type": "MultiLineString", "coordinates": [[[14.2477101, 40.8725207], [14.2476876, 40.8723139], [14.2477273, 40.8722644], [14.2478347, 40.8722194], [14.2479571, 40.8722082], [14.2480052, 40.8722332], [14.2480425, 40.87229], [14.2484383, 40.8722538], [14.2484558, 40.8722212], [14.248476, 40.8719626], [14.2487102, 40.8719263], [14.2492729, 40.8718389], [14.2495247, 40.871929], [14.2495663, 40.8719439]], [[14.2468202, 40.87294], [14.2473976, 40.8730869], [14.2474976, 40.8729056], [14.2477101, 40.8725207]], [[14.2469332, 40.8735891], [14.2471141, 40.8736228], [14.2473976, 40.8730869]]]}}, {"type": "Feature", "properties": {"id": "SS-NAP-0723", "nome": "Via Bari", "quartiere": "", "classificazione": "giallo", "score": 3, "note": "strada urbana senza ciclabile", "ciclabile": "no", "n_corsie": "2", "senso_unico": "si", "n_testimonianze": "0", "zona": "B2"}, "geometry": {"type": "LineString", "coordinates": [[14.2761533, 40.8565112], [14.2760793, 40.8565037], [14.27535, 40.8564295], [14.2749912, 40.8563931], [14.2749308, 40.8563869], [14.2748711, 40.8563808], [14.2739673, 40.8562889], [14.2738787, 40.8562799], [14.2731148, 40.8562022], [14.2730372, 40.8561943], [14.2729692, 40.8561874], [14.2721728, 40.8561068], [14.2721357, 40.8561026], [14.2720757, 40.8560965], [14.2713113, 40.856029], [14.2712152, 40.856009]]}}, {"type": "Feature", "properties": {"id": "SS-NAP-0732", "nome": "Via Beato Franco Cristiano", "quartiere": "", "classificazione": "giallo", "score": 3, "note": "strada urbana senza ciclabile", "ciclabile": "no", "n_corsie": "2", "senso_unico": "si", "n_testimonianze": "0", "zona": "B2"}, "geometry": {"type": "LineString", "coordinates": [[14.2762057, 40.8907954], [14.2770401, 40.8903599], [14.2779569, 40.8898811], [14.2780484, 40.8898597], [14.2781267, 40.8898418]]}}, {"type": "Feature", "properties": {"id": "SS-NAP-0734", "nome": "Via Beato Leonardo Murialdo", "quartiere": "", "classificazione": "giallo", "score": 3, "note": "strada urbana senza ciclabile", "ciclabile": "no", "n_corsie": "2", "senso_unico": "si", "n_testimonianze": "0", "zona": "B2"}, "geometry": {"type": "LineString", "coordinates": [[14.2884158, 40.8559797], [14.2884668, 40.8559945], [14.2885024, 40.8560041], [14.2885372, 40.8560092], [14.288556, 40.8560119], [14.2887929, 40.8560228], [14.2893234, 40.8560724], [14.2894289, 40.8560823], [14.2897341, 40.8561101], [14.2898864, 40.8561239], [14.2902787, 40.8561597], [14.2903665, 40.8561676], [14.290888, 40.8562199], [14.2911694, 40.8562481], [14.2912341, 40.85626], [14.2912911, 40.856274], [14.2914351, 40.8563205]]}}, {"type": "Feature", "properties": {"id": "SS-NAP-0740", "nome": "Via Benedetto Cairoli", "quartiere": "", "classificazione": "giallo", "score": 3, "note": "strada urbana senza ciclabile", "ciclabile": "no", "n_corsie": "2", "senso_unico": "si", "n_testimonianze": "0", "zona": "B2"}, "geometry": {"type": "MultiLineString", "coordinates": [[[14.2669965, 40.858663], [14.2670824, 40.8586951], [14.2677372, 40.85894], [14.2677677, 40.8589514], [14.2678035, 40.858965], [14.2681241, 40.8590871], [14.2681568, 40.8590995], [14.2682038, 40.8591174], [14.2686672, 40.8592936], [14.2687069, 40.8593087], [14.2687463, 40.8593237], [14.2691445, 40.8594751], [14.269182, 40.8594894], [14.2692113, 40.8595021], [14.2694793, 40.8596023], [14.2697841, 40.8597182], [14.2698195, 40.8597415], [14.2698405, 40.8597553], [14.2701592, 40.8598818], [14.270212, 40.8599044], [14.2702343, 40.8599175], [14.2702473, 40.8599342], [14.2702477, 40.8599611]], [[14.2655055, 40.858093], [14.265886, 40.8582372], [14.2665407, 40.8584854], [14.2665637, 40.8584941], [14.2665962, 40.8585068], [14.2668999, 40.8586253], [14.2669965, 40.858663]]]}}, {"type": "Feature", "properties": {"id": "SS-NAP-0742", "nome": "Via Benedetto Cozzolino", "quartiere": "", "classificazione": "giallo", "score": 3, "note": "strada urbana senza ciclabile", "ciclabile": "no", "n_corsie": "2", "senso_unico": "si", "n_testimonianze": "0", "zona": "B2"}, "geometry": {"type": "LineString", "coordinates": [[14.2664493, 40.8617917], [14.2663514, 40.8618094], [14.2663191, 40.8618152], [14.2659836, 40.8618615], [14.2658783, 40.8619428], [14.2658634, 40.8619543]]}}, {"type": "Feature", "properties": {"id": "SS-NAP-0745", "nome": "Via Benevento", "quartiere": "", "classificazione": "giallo", "score": 3, "note": "strada urbana senza ciclabile", "ciclabile": "no", "n_corsie": "2", "senso_unico": "si", "n_testimonianze": "0", "zona": "B2"}, "geometry": {"type": "LineString", "coordinates": [[14.2677773, 40.8562225], [14.2678173, 40.8561744], [14.2681471, 40.8557785], [14.268187, 40.8557296]]}}, {"type": "Feature", "properties": {"id": "SS-NAP-0754", "nome": "Via Bernardo Celentano", "quartiere": "", "classificazione": "giallo", "score": 3, "note": "strada urbana senza ciclabile", "ciclabile": "no", "n_corsie": "2", "senso_unico": "no", "n_testimonianze": "0", "zona": "B2"}, "geometry": {"type": "MultiLineString", "coordinates": [[[14.2495707, 40.8568768], [14.2502897, 40.8569565]], [[14.2483944, 40.8567484], [14.2484837, 40.8567582], [14.2495707, 40.8568768]]]}}, {"type": "Feature", "properties": {"id": "SS-NAP-0756", "nome": "Via Bernardo Tanucci", "quartiere": "", "classificazione": "giallo", "score": 3, "note": "strada urbana senza ciclabile", "ciclabile": "no", "n_corsie": "2", "senso_unico": "no", "n_testimonianze": "0", "zona": "B2"}, "geometry": {"type": "LineString", "coordinates": [[14.2652203, 40.8660265], [14.2657539, 40.865684], [14.2658111, 40.8656465], [14.2662889, 40.8653424], [14.2664548, 40.8652304], [14.2665987, 40.8651333], [14.2666563, 40.8650975], [14.267419, 40.8646225], [14.267758, 40.8644115], [14.267838, 40.8643617]]}}, {"type": "Feature", "properties": {"id": "SS-NAP-0757", "nome": "Via Biagio Miraglia", "quartiere": "", "classificazione": "giallo", "score": 3, "note": "strada urbana senza ciclabile", "ciclabile": "no", "n_corsie": "2", "senso_unico": "si", "n_testimonianze": "0", "zona": "B2"}, "geometry": {"type": "MultiLineString", "coordinates": [[[14.2705621, 40.8594445], [14.2705095, 40.8594261], [14.2704426, 40.8594028], [14.2700438, 40.8592636], [14.2697256, 40.8591525], [14.2694281, 40.8590487], [14.2689607, 40.8588856], [14.2683984, 40.8586893]], [[14.2680094, 40.8585535], [14.2683984, 40.8586893]]]}}, {"type": "Feature", "properties": {"id": "SS-NAP-0759", "nome": "Via Bologna", "quartiere": "", "classificazione": "giallo", "score": 3, "note": "strada urbana senza ciclabile", "ciclabile": "no", "n_corsie": "2", "senso_unico": "no", "n_testimonianze": "0", "zona": "B2"}, "geometry": {"type": "MultiLineString", "coordinates": [[[14.2700475, 40.8559942], [14.2701635, 40.8553432], [14.2701725, 40.8552929]], [[14.2703649, 40.8541566], [14.2703779, 40.854089], [14.2705486, 40.8531963], [14.270564, 40.8531158]], [[14.2703649, 40.8541566], [14.2703522, 40.8542273], [14.2702635, 40.854739], [14.2701725, 40.8552929]]]}}, {"type": "Feature", "properties": {"id": "SS-NAP-0760", "nome": "Via Bosco di Capodimonte", "quartiere": "", "classificazione": "giallo", "score": 3, "note": "strada urbana senza ciclabile", "ciclabile": "no", "n_corsie": "2", "senso_unico": "si", "n_testimonianze": "0", "zona": "B2"}, "geometry": {"type": "MultiLineString", "coordinates": [[[14.2502443, 40.8696879], [14.2501697, 40.8696894], [14.2498572, 40.8696957], [14.2497354, 40.8697086], [14.2496535, 40.8697235], [14.2495541, 40.869754], [14.2494788, 40.8697905], [14.249411, 40.8698361], [14.2493619, 40.8699021], [14.2493056, 40.8699841], [14.2492715, 40.8700517], [14.2492501, 40.8700897], [14.2491201, 40.8704248], [14.249007, 40.8707655], [14.2489618, 40.8708896], [14.2489376, 40.8709462], [14.2488945, 40.8710277], [14.2488386, 40.8711075], [14.2487699, 40.8711787], [14.2486922, 40.8712302], [14.2485024, 40.8713099], [14.2483031, 40.8713761], [14.248039, 40.8714509], [14.2478437, 40.8714864], [14.2476219, 40.8715116], [14.2473187, 40.8715276], [14.2471636, 40.8715245], [14.2469491, 40.871516], [14.2468875, 40.8715136], [14.2468459, 40.8715132], [14.246674, 40.8715204], [14.2466304, 40.8715222]], [[14.2466304, 40.8715222], [14.2462829, 40.8715569], [14.2461057, 40.8715715], [14.2460439, 40.8715722], [14.2458911, 40.8715738], [14.2457442, 40.8715599], [14.2456194, 40.8715407], [14.2454474, 40.8714633], [14.2453127, 40.8713745]]]}}, {"type": "Feature", "properties": {"id": "SS-NAP-0763", "nome": "Via Brindisi", "quartiere": "", "classificazione": "giallo", "score": 3, "note": "strada urbana senza ciclabile", "ciclabile": "no", "n_corsie": "2", "senso_unico": "si", "n_testimonianze": "0", "zona": "B2"}, "geometry": {"type": "MultiLineString", "coordinates": [[[14.2748261, 40.8570089], [14.2748405, 40.8569425], [14.2749196, 40.8564559], [14.2749308, 40.8563869], [14.2749385, 40.856341], [14.2750243, 40.8558318], [14.2750314, 40.8557896], [14.2750417, 40.8557279], [14.2751179, 40.8552767], [14.2751257, 40.8552297], [14.2751337, 40.8551873], [14.2752228, 40.8547132], [14.2752352, 40.8546471]], [[14.2748261, 40.8570089], [14.2751227, 40.8572686], [14.2751738, 40.8573131]]]}}, {"type": "Feature", "properties": {"id": "SS-NAP-0767", "nome": "Via Bruno Gaetano", "quartiere": "", "classificazione": "giallo", "score": 3, "note": "strada urbana senza ciclabile", "ciclabile": "no", "n_corsie": "2", "senso_unico": "no", "n_testimonianze": "0", "zona": "B2"}, "geometry": {"type": "MultiLineString", "coordinates": [[[14.292731, 40.8568307], [14.292872, 40.8569096], [14.2932693, 40.8571321], [14.2934844, 40.8572525], [14.2936245, 40.8573918], [14.2938265, 40.8576953], [14.2939884, 40.8579562], [14.2940281, 40.8580258], [14.2941007, 40.8581533], [14.2943389, 40.8585894], [14.294402, 40.858705], [14.2944774, 40.8588672], [14.2946558, 40.8592176], [14.2947781, 40.859552], [14.2948335, 40.8597416], [14.2948775, 40.8599654], [14.2949103, 40.8601594]], [[14.2920683, 40.8566785], [14.292169, 40.8567215], [14.2922297, 40.856741], [14.2923029, 40.8567549], [14.2923702, 40.8567639], [14.2925808, 40.8567899], [14.2926424, 40.8568028], [14.292731, 40.8568307]]]}}, {"type": "Feature", "properties": {"id": "SS-NAP-0775", "nome": "Via Calafimi", "quartiere": "", "classificazione": "giallo", "score": 3, "note": "strada urbana senza ciclabile", "ciclabile": "no", "n_corsie": "2", "senso_unico": "no", "n_testimonianze": "0", "zona": "B2"}, "geometry": {"type": "LineString", "coordinates": [[14.2442564, 40.8884335], [14.2446253, 40.8886773], [14.2454033, 40.8891854], [14.2454154, 40.8891922], [14.2454264, 40.889195], [14.245439, 40.8891944], [14.2454538, 40.8891929], [14.245466, 40.8891869]]}}, {"type": "Feature", "properties": {"id": "SS-NAP-0782", "nome": "Via Camillo Porzio", "quartiere": "", "classificazione": "giallo", "score": 3, "note": "strada urbana senza ciclabile", "ciclabile": "no", "n_corsie": "2", "senso_unico": "no", "n_testimonianze": "0", "zona": "B2"}, "geometry": {"type": "MultiLineString", "coordinates": [[[14.2652954, 40.8586001], [14.2656393, 40.8587202]], [[14.2656393, 40.8587202], [14.2662956, 40.8589494], [14.2663243, 40.8589594], [14.2663732, 40.8589765], [14.2667234, 40.8590988], [14.266808, 40.8591287], [14.2669088, 40.8591643]], [[14.2702114, 40.8602432], [14.2700999, 40.8602111], [14.2696208, 40.8600731], [14.2695865, 40.8600639]], [[14.2695865, 40.8600639], [14.269553, 40.8600545], [14.2689899, 40.8598934], [14.268961, 40.8598851], [14.2689084, 40.859867], [14.2685045, 40.8597292], [14.2684639, 40.8597138], [14.2684267, 40.8597012], [14.2679515, 40.8595373], [14.2679078, 40.8595222], [14.2678703, 40.8595087], [14.2677359, 40.8594604], [14.2675082, 40.8593786], [14.2670031, 40.859198], [14.2669088, 40.8591643]]]}}, {"type": "Feature", "properties": {"id": "SS-NAP-0785", "nome": "Via Campania", "quartiere": "", "classificazione": "giallo", "score": 3, "note": "strada urbana senza ciclabile", "ciclabile": "no", "n_corsie": "2", "senso_unico": "no", "n_testimonianze": "0", "zona": "B2"}, "geometry": {"type": "LineString", "coordinates": [[14.2718759, 40.8574885], [14.2717001, 40.8584825]]}}, {"type": "Feature", "properties": {"id": "SS-NAP-0792", "nome": "Via Canonico Cosimo Stornaiuolo", "quartiere": "", "classificazione": "giallo", "score": 3, "note": "strada urbana senza ciclabile", "ciclabile": "no", "n_corsie": "2", "senso_unico": "si", "n_testimonianze": "0", "zona": "B2"}, "geometry": {"type": "LineString", "coordinates": [[14.2645835, 40.8905166], [14.2649668, 40.8901268], [14.265381, 40.8897322], [14.2657932, 40.8893559], [14.2663446, 40.8888055], [14.2666, 40.8885771]]}}, {"type": "Feature", "properties": {"id": "SS-NAP-0794", "nome": "Via Capodimonte", "quartiere": "", "classificazione": "rosso", "score": 4, "note": "strada principale trafficata", "ciclabile": "no", "n_corsie": "2", "senso_unico": "si", "n_testimonianze": "0", "zona": "B2"}, "geometry": {"type": "MultiLineString", "coordinates": [[[14.2530798, 40.8670361], [14.253056, 40.8668971], [14.2530267, 40.8667265], [14.2530163, 40.8666786], [14.2530034, 40.8666325], [14.2529825, 40.8665718], [14.2529629, 40.8665234], [14.2529447, 40.8664832], [14.2529268, 40.8664523], [14.2528934, 40.8664067], [14.2528528, 40.866368], [14.2528326, 40.8663484], [14.252794, 40.8663188], [14.2527528, 40.8662902], [14.2525059, 40.8661385], [14.2524634, 40.8661125], [14.2523402, 40.8660363], [14.2522281, 40.8659668], [14.2520853, 40.8658738], [14.2517013, 40.865619], [14.2515728, 40.8655413], [14.2512445, 40.8653748], [14.2509773, 40.8652991], [14.2508529, 40.8652952], [14.2507212, 40.8653064], [14.2505306, 40.8653235], [14.2498407, 40.8653945], [14.2496827, 40.865419], [14.2496033, 40.8654441], [14.2495195, 40.8654839], [14.2494666, 40.8655342], [14.2494082, 40.8656169], [14.2493406, 40.8657291], [14.2492726, 40.8658807], [14.2491086, 40.8662496], [14.2490994, 40.8662783], [14.2490829, 40.8663294], [14.2490793, 40.8663487]], [[14.2490749, 40.8664305], [14.2489674, 40.8664334], [14.2489536, 40.8664358], [14.2489309, 40.8664409], [14.2489073, 40.8664485], [14.2488801, 40.8664643], [14.248867, 40.8664758], [14.2488575, 40.8665047], [14.2488185, 40.8666328], [14.2487732, 40.866775], [14.2487518, 40.8668345], [14.248716, 40.8669139], [14.2486815, 40.8669755]], [[14.2486815, 40.8669755], [14.2486337, 40.8670454], [14.2485821, 40.8671161], [14.248558, 40.8671409], [14.2485306, 40.8671671], [14.2484867, 40.8672049], [14.2484452, 40.8672357], [14.248398, 40.8672643], [14.2483289, 40.867296], [14.2482753, 40.8673114], [14.2482159, 40.867315], [14.2481468, 40.8673087], [14.2480806, 40.8672928], [14.2480163, 40.8672673], [14.247966, 40.8672395], [14.247917, 40.8672038], [14.2478747, 40.8671639], [14.2478389, 40.8671184], [14.2478121, 40.8670689], [14.2477848, 40.8670157], [14.2477277, 40.8668763], [14.2476767, 40.8667472], [14.2476314, 40.8666304]], [[14.2476314, 40.8666304], [14.2475162, 40.8663126], [14.2474488, 40.8661141], [14.2474394, 40.866089], [14.2474272, 40.8660609], [14.2474176, 40.8660397], [14.247403, 40.8660181], [14.2473875, 40.8659978], [14.2473643, 40.8659755], [14.2473359, 40.8659503], [14.2473081, 40.8659301], [14.2466899, 40.8655885], [14.2465961, 40.8655337], [14.2465397, 40.8654708], [14.2465349, 40.8654455], [14.2465236, 40.8653856], [14.2465479, 40.8653112], [14.2466096, 40.8652645], [14.2467142, 40.8652442], [14.2468322, 40.8652544], [14.2469368, 40.865297], [14.2470458, 40.8653657], [14.2470817, 40.8653883], [14.2471068, 40.8654039], [14.2473425, 40.8655503], [14.2474716, 40.8656305], [14.2479212, 40.8659096], [14.2481411, 40.8660272], [14.2481806, 40.8660399]], [[14.2481352, 40.8660879], [14.247969, 40.8660134], [14.2478059, 40.8659278], [14.2472817, 40.8656081], [14.2468831, 40.8653613], [14.2467945, 40.8653309], [14.2467403, 40.8653212], [14.2466872, 40.8653268], [14.2466471, 40.8653496], [14.2466282, 40.8653816], [14.2466162, 40.8654206], [14.2466202, 40.8654566], [14.2466538, 40.8654992], [14.2466926, 40.8655236], [14.246824, 40.8655905], [14.246943, 40.8656465], [14.2473186, 40.8658605], [14.2473642, 40.8658923], [14.2474119, 40.8659344], [14.2474487, 40.8659788], [14.2474764, 40.8660171], [14.2474968, 40.8660576], [14.2475256, 40.8661214], [14.2476194, 40.8663825], [14.2476952, 40.8665885], [14.2477429, 40.8667108], [14.2477968, 40.8668566], [14.2478565, 40.86701], [14.2478872, 40.8670716], [14.247913, 40.8671104], [14.2479431, 40.8671447], [14.2479742, 40.8671743], [14.2480144, 40.8671991], [14.2480646, 40.8672207], [14.2481078, 40.8672381], [14.248151, 40.8672506], [14.2481832, 40.8672561], [14.2482096, 40.8672574], [14.2482431, 40.8672549], [14.2482799, 40.8672475], [14.2483101, 40.8672374], [14.24834, 40.8672233], [14.2483666, 40.867207], [14.2484071, 40.8671798], [14.2484359, 40.867158], [14.2484718, 40.8671253], [14.248507, 40.8670887], [14.2485403, 40.8670522], [14.2485795, 40.8669991], [14.2486085, 40.8669498], [14.248627, 40.8669066], [14.2486458, 40.8668603], [14.248658, 40.8668189], [14.2487084, 40.8665594], [14.2487249, 40.8665045], [14.2487412, 40.8664569], [14.2487578, 40.8664245], [14.2487771, 40.8663994], [14.2488056, 40.8663751], [14.2488433, 40.8663556], [14.2488963, 40.8663424], [14.248968, 40.8663417], [14.2490793, 40.8663487]]]}}, {"type": "Feature", "properties": {"id": "SS-NAP-0795", "nome": "Via Caprera", "quartiere": "", "classificazione": "giallo", "score": 3, "note": "strada urbana senza ciclabile", "ciclabile": "no", "n_corsie": "2", "senso_unico": "no", "n_testimonianze": "0", "zona": "B2"}, "geometry": {"type": "MultiLineString", "coordinates": [[[14.2477356, 40.8894636], [14.2480448, 40.8896473], [14.2480812, 40.8896561], [14.2481157, 40.8896549], [14.248142, 40.8896439], [14.2485649, 40.8892812]], [[14.2469716, 40.8885677], [14.2471642, 40.888604], [14.247234, 40.8886176], [14.2473098, 40.8886423], [14.2474655, 40.8887035], [14.2476423, 40.8887903], [14.2477135, 40.8888222], [14.2477388, 40.8888339], [14.2477734, 40.8888398], [14.2478146, 40.8888371], [14.2478474, 40.8888276], [14.2478791, 40.8888149], [14.2479073, 40.888797], [14.2480874, 40.8886264], [14.2481218, 40.8886019], [14.2481666, 40.8885852], [14.2483039, 40.8885529]], [[14.2484513, 40.8889502], [14.248298, 40.8889886], [14.2481802, 40.8890641], [14.2481599, 40.8890711], [14.2481424, 40.8890678], [14.2481269, 40.8890615], [14.2479425, 40.8889483], [14.2479201, 40.8889281], [14.2479001, 40.8889045], [14.2478474, 40.8888276]], [[14.2487517, 40.8897773], [14.2486719, 40.8895681], [14.2485649, 40.8892812], [14.2484513, 40.8889502], [14.2483039, 40.8885529], [14.2482573, 40.8884131], [14.2481933, 40.8882288], [14.2481847, 40.8881797], [14.2481888, 40.8881497], [14.2482004, 40.8881104]]]}}, {"type": "Feature", "properties": {"id": "SS-NAP-0796", "nome": "Via Capuana", "quartiere": "", "classificazione": "giallo", "score": 3, "note": "strada urbana senza ciclabile", "ciclabile": "no", "n_corsie": "2", "senso_unico": "si", "n_testimonianze": "0", "zona": "B2"}, "geometry": {"type": "LineString", "coordinates": [[14.2653725, 40.8533978], [14.2655213, 40.8530957]]}}, {"type": "Feature", "properties": {"id": "SS-NAP-0798", "nome": "Via Carbonara", "quartiere": "", "classificazione": "rosso", "score": 4, "note": "strada secondaria trafficata", "ciclabile": "no", "n_corsie": "2", "senso_unico": "si", "n_testimonianze": "0", "zona": "B2"}, "geometry": {"type": "MultiLineString", "coordinates": [[[14.2622062, 40.8548733], [14.2621505, 40.8547895]], [[14.2644111, 40.854269], [14.2643419, 40.8542917], [14.2633832, 40.8545802], [14.2633313, 40.8545959], [14.2632792, 40.8546117]], [[14.2603085, 40.8555034], [14.2604338, 40.8554618], [14.2604862, 40.8554444], [14.2607727, 40.8553497], [14.2610709, 40.8552511], [14.261552, 40.8550905], [14.2619026, 40.8549741], [14.2619263, 40.8549662], [14.2620467, 40.8549262], [14.2622062, 40.8548733], [14.2628449, 40.8546685], [14.263169, 40.8545667], [14.263535, 40.8544505], [14.2636916, 40.8544], [14.2642521, 40.8542152]], [[14.2632792, 40.8546117], [14.2629314, 40.8547354], [14.2623778, 40.8549323], [14.2621071, 40.8550286]], [[14.2642521, 40.8542152], [14.2645384, 40.8541036]]]}}, {"type": "Feature", "properties": {"id": "SS-NAP-0799", "nome": "Via Cardinale Baronio", "quartiere": "", "classificazione": "giallo", "score": 3, "note": "strada urbana senza ciclabile", "ciclabile": "no", "n_corsie": "2", "senso_unico": "no", "n_testimonianze": "0", "zona": "B2"}, "geometry": {"type": "MultiLineString", "coordinates": [[[14.2723954, 40.8870539], [14.2735474, 40.8864666]], [[14.2735474, 40.8864666], [14.2744445, 40.8859897], [14.2751661, 40.8856333], [14.2752746, 40.8855797]]]}}, {"type": "Feature", "properties": {"id": "SS-NAP-0800", "nome": "Via Cardinale Capecelatro", "quartiere": "", "classificazione": "giallo", "score": 3, "note": "strada urbana senza ciclabile", "ciclabile": "no", "n_corsie": "2", "senso_unico": "no", "n_testimonianze": "0", "zona": "B2"}, "geometry": {"type": "LineString", "coordinates": [[14.2733376, 40.8877209], [14.2740063, 40.8884725], [14.2740292, 40.8884983], [14.2740626, 40.8885332], [14.2747157, 40.8892825], [14.2754131, 40.8900361], [14.2762299, 40.8909293]]}}, {"type": "Feature", "properties": {"id": "SS-NAP-0801", "nome": "Via Cardinale Filomarino", "quartiere": "", "classificazione": "giallo", "score": 3, "note": "strada urbana senza ciclabile", "ciclabile": "no", "n_corsie": "2", "senso_unico": "no", "n_testimonianze": "0", "zona": "B2"}, "geometry": {"type": "MultiLineString", "coordinates": [[[14.2717476, 40.884023], [14.2718522, 40.8842291], [14.2722681, 40.8850486], [14.2723194, 40.8850917], [14.2728194, 40.8856848]], [[14.2728194, 40.8856848], [14.2735474, 40.8864666], [14.2742569, 40.8872467], [14.2748229, 40.8878769], [14.2748685, 40.8879278]]]}}, {"type": "Feature", "properties": {"id": "SS-NAP-0802", "nome": "Via Cardinale Pisco", "quartiere": "", "classificazione": "giallo", "score": 3, "note": "strada urbana senza ciclabile", "ciclabile": "no", "n_corsie": "2", "senso_unico": "si", "n_testimonianze": "0", "zona": "B2"}, "geometry": {"type": "LineString", "coordinates": [[14.2453127, 40.8713745], [14.2451286, 40.8712249], [14.2449706, 40.8710807], [14.2448278, 40.8709535], [14.2447952, 40.8709105]]}}, {"type": "Feature", "properties": {"id": "SS-NAP-0803", "nome": "Via Carlo Bussola", "quartiere": "", "classificazione": "giallo", "score": 3, "note": "strada urbana senza ciclabile", "ciclabile": "no", "n_corsie": "2", "senso_unico": "si", "n_testimonianze": "0", "zona": "B2"}, "geometry": {"type": "LineString", "coordinates": [[14.2911839, 40.8578608], [14.290862, 40.8578281], [14.2903789, 40.8577791], [14.2901531, 40.8577562], [14.290099, 40.8577507], [14.29004, 40.8577445], [14.2891623, 40.8576526], [14.2888913, 40.8576265], [14.2881124, 40.8575514], [14.2880082, 40.8575416]]}}, {"type": "Feature", "properties": {"id": "SS-NAP-0808", "nome": "Via Carlo De Marco", "quartiere": "", "classificazione": "giallo", "score": 3, "note": "strada urbana senza ciclabile", "ciclabile": "no", "n_corsie": "2", "senso_unico": "no", "n_testimonianze": "0", "zona": "B2"}, "geometry": {"type": "MultiLineString", "coordinates": [[[14.2621451, 40.8708253], [14.2626307, 40.8705066], [14.2626737, 40.8704843], [14.2626995, 40.870469]], [[14.2640241, 40.8667849], [14.2646179, 40.866405]], [[14.2646179, 40.866405], [14.2649878, 40.8661726]], [[14.2628214, 40.8704311], [14.2627918, 40.8704474]], [[14.2643309, 40.8685598], [14.2643702, 40.8684918], [14.264464, 40.8684185], [14.2649824, 40.8681458], [14.2650334, 40.8681085], [14.2650544, 40.8680638], [14.2650543, 40.8679346], [14.2650339, 40.8678916], [14.2648678, 40.86774], [14.2647915, 40.8677162], [14.2644502, 40.867729], [14.264348, 40.8677132], [14.2642332, 40.867661], [14.2638003, 40.8672716], [14.263744, 40.8671396], [14.2637568, 40.8670233], [14.2638124, 40.8669342], [14.2640241, 40.8667849]], [[14.2643534, 40.8688515], [14.2643309, 40.8685598]], [[14.2628543, 40.8704226], [14.2631737, 40.8703397], [14.2647418, 40.8699925], [14.2649696, 40.8699289], [14.2650519, 40.8698774], [14.2651023, 40.8697884], [14.2651045, 40.8697148], [14.2650625, 40.8696295], [14.2649276, 40.8695107], [14.2647769, 40.8694617], [14.2646705, 40.8694641], [14.2645548, 40.8694925], [14.263876, 40.8696827], [14.2636507, 40.8696936], [14.2635412, 40.8696652], [14.2634254, 40.869599], [14.2633691, 40.8695233], [14.2633723, 40.8694523], [14.2634129, 40.8693506], [14.2635349, 40.8692536], [14.2641105, 40.8691305], [14.2642075, 40.8690974], [14.2642763, 40.8690501], [14.2643327, 40.8689697], [14.2643534, 40.8688515]], [[14.262779, 40.8704279], [14.2628214, 40.8704311]], [[14.2649878, 40.8661726], [14.2652203, 40.8660265]], [[14.2628214, 40.8704311], [14.2628543, 40.8704226]]]}}, {"type": "Feature", "properties": {"id": "SS-NAP-0809", "nome": "Via Carlo De Vincentiis", "quartiere": "", "classificazione": "giallo", "score": 3, "note": "strada urbana senza ciclabile", "ciclabile": "no", "n_corsie": "2", "senso_unico": "no", "n_testimonianze": "0", "zona": "B2"}, "geometry": {"type": "LineString", "coordinates": [[14.2598285, 40.8553437], [14.259876, 40.8554401], [14.2599356, 40.8555938], [14.2599462, 40.8556211]]}}, {"type": "Feature", "properties": {"id": "SS-NAP-0810", "nome": "Via Carlo Della Gatta", "quartiere": "", "classificazione": "giallo", "score": 3, "note": "strada urbana senza ciclabile", "ciclabile": "no", "n_corsie": "2", "senso_unico": "si", "n_testimonianze": "0", "zona": "B2"}, "geometry": {"type": "MultiLineString", "coordinates": [[[14.2670514, 40.8609884], [14.2670686, 40.8609584], [14.2672533, 40.8606348], [14.2672797, 40.8605886]], [[14.2683984, 40.8586893], [14.2683827, 40.858716], [14.2681753, 40.8590681], [14.2681568, 40.8590995], [14.2681288, 40.859147], [14.2679269, 40.8594898], [14.2679078, 40.8595222], [14.2678826, 40.8595651], [14.26768, 40.8599092], [14.26767, 40.8599262], [14.2676518, 40.859957], [14.2672917, 40.8605683], [14.2672797, 40.8605886]]]}}, {"type": "Feature", "properties": {"id": "SS-NAP-0814", "nome": "Via Carlo Fiorante", "quartiere": "", "classificazione": "giallo", "score": 3, "note": "strada urbana senza ciclabile", "ciclabile": "no", "n_corsie": "2", "senso_unico": "si", "n_testimonianze": "0", "zona": "B2"}, "geometry": {"type": "MultiLineString", "coordinates": [[[14.248304, 40.8724635], [14.2480595, 40.8729563], [14.2479139, 40.8732752], [14.2477174, 40.8736797], [14.2476561, 40.8738068], [14.2475657, 40.8738415], [14.2474876, 40.8738431], [14.247259, 40.8737602], [14.2469653, 40.8737732]], [[14.2474876, 40.8738431], [14.2471985, 40.8744524]]]}}, {"type": "Feature", "properties": {"id": "SS-NAP-0819", "nome": "Via Carlo Miranda", "quartiere": "", "classificazione": "giallo", "score": 3, "note": "strada urbana senza ciclabile", "ciclabile": "no", "n_corsie": "2", "senso_unico": "no", "n_testimonianze": "0", "zona": "B2"}, "geometry": {"type": "LineString", "coordinates": [[14.3389228, 40.8553598], [14.339906, 40.8557134], [14.340327, 40.8558724], [14.3415025, 40.8563016], [14.3421385, 40.8565338], [14.3430865, 40.8568792], [14.3434199, 40.8570016], [14.3442125, 40.8572909], [14.3451303, 40.8576259], [14.3451828, 40.8576451], [14.3452674, 40.857676], [14.3453555, 40.8577082], [14.3455054, 40.8577677]]}}, {"type": "Feature", "properties": {"id": "SS-NAP-0820", "nome": "Via Carlo Pecchia", "quartiere": "", "classificazione": "giallo", "score": 3, "note": "strada urbana senza ciclabile", "ciclabile": "no", "n_corsie": "2", "senso_unico": "no", "n_testimonianze": "0", "zona": "B2"}, "geometry": {"type": "LineString", "coordinates": [[14.2691464, 40.8626134], [14.2690972, 40.8626005], [14.2683489, 40.8623821], [14.2682961, 40.8623668], [14.2682535, 40.8623544], [14.2676621, 40.8621829], [14.2675492, 40.8621501]]}}, {"type": "Feature", "properties": {"id": "SS-NAP-0821", "nome": "Via Carlo Pisacane", "quartiere": "", "classificazione": "giallo", "score": 3, "note": "strada urbana senza ciclabile", "ciclabile": "no", "n_corsie": "2", "senso_unico": "no", "n_testimonianze": "0", "zona": "B2"}, "geometry": {"type": "LineString", "coordinates": [[14.2660853, 40.8594112], [14.2662973, 40.8590104], [14.2663243, 40.8589594], [14.2663377, 40.8589334], [14.2665637, 40.8584941], [14.2667274, 40.8581797], [14.2668567, 40.8579314]]}}, {"type": "Feature", "properties": {"id": "SS-NAP-0825", "nome": "Via Carmen", "quartiere": "", "classificazione": "giallo", "score": 3, "note": "strada urbana senza ciclabile", "ciclabile": "no", "n_corsie": "2", "senso_unico": "no", "n_testimonianze": "0", "zona": "B2"}, "geometry": {"type": "MultiLineString", "coordinates": [[[14.3416989, 40.8678764], [14.3418269, 40.8679452]], [[14.3425382, 40.8683275], [14.3426491, 40.8683871], [14.3432897, 40.8687313], [14.3440021, 40.8691379], [14.3441407, 40.8692138]], [[14.3418269, 40.8679452], [14.3418531, 40.8679593], [14.3419517, 40.8680123], [14.3425382, 40.8683275]]]}}, {"type": "Feature", "properties": {"id": "SS-NAP-0827", "nome": "Via Carriera Grande", "quartiere": "", "classificazione": "giallo", "score": 3, "note": "strada urbana senza ciclabile", "ciclabile": "no", "n_corsie": "2", "senso_unico": "si", "n_testimonianze": "0", "zona": "B2"}, "geometry": {"type": "MultiLineString", "coordinates": [[[14.267477, 40.8536361], [14.2672594, 40.853615], [14.2669453, 40.8535964], [14.2668768, 40.8535928], [14.2667726, 40.8536194], [14.2664725, 40.8537134], [14.2659013, 40.853903], [14.2654854, 40.8540378]], [[14.2678365, 40.8535949], [14.2678057, 40.8536354], [14.2677779, 40.8536503], [14.2677517, 40.8536576], [14.2677231, 40.8536594], [14.2675632, 40.8536455], [14.267477, 40.8536361]]]}}, {"type": "Feature", "properties": {"id": "SS-NAP-0829", "nome": "Via Casanova", "quartiere": "", "classificazione": "rosso", "score": 4, "note": "strada secondaria trafficata", "ciclabile": "no", "n_corsie": "2", "senso_unico": "si", "n_testimonianze": "0", "zona": "B2"}, "geometry": {"type": "MultiLineString", "coordinates": [[[14.2726047, 40.857834], [14.272324, 40.8576962]], [[14.2709191, 40.8570378], [14.2706921, 40.8569249], [14.2702508, 40.8567169], [14.2701864, 40.8566866], [14.2701252, 40.8566535], [14.2697707, 40.8564818], [14.2696573, 40.8564304], [14.2694423, 40.8563298], [14.269199, 40.8562176], [14.2691148, 40.8561788], [14.2688054, 40.8560323], [14.2687184, 40.8559911], [14.2683185, 40.8557943], [14.268187, 40.8557296], [14.2677453, 40.855523], [14.2677013, 40.8554998], [14.2675587, 40.8554245]], [[14.2675587, 40.8554245], [14.2673835, 40.8553392], [14.2665233, 40.8549206], [14.266343, 40.8548329]], [[14.272324, 40.8576962], [14.2720101, 40.8575492], [14.2718759, 40.8574885], [14.2717133, 40.8574144], [14.2712262, 40.8571828], [14.2711799, 40.8571606], [14.2710353, 40.857092]], [[14.2727252, 40.8580445], [14.2727124, 40.8580002], [14.2726962, 40.8579438], [14.2726711, 40.8578948], [14.2726342, 40.8578536], [14.2726047, 40.857834]], [[14.2709335, 40.8569708], [14.2710508, 40.8570275], [14.2712248, 40.8571101], [14.2714387, 40.8572119], [14.2715276, 40.85725], [14.2716248, 40.8572923], [14.2717316, 40.8573399], [14.2718996, 40.8574139], [14.2720628, 40.8574805], [14.2726598, 40.8577671], [14.2726957, 40.8577832], [14.2727392, 40.8577993], [14.2727851, 40.8578068], [14.2728535, 40.8578083], [14.2729173, 40.8578], [14.2729393, 40.8577972], [14.2730363, 40.8577771]]]}}, {"type": "Feature", "properties": {"id": "SS-NAP-0832", "nome": "Via Case Ricciardi", "quartiere": "", "classificazione": "giallo", "score": 3, "note": "strada urbana senza ciclabile", "ciclabile": "no", "n_corsie": "2", "senso_unico": "no", "n_testimonianze": "0", "zona": "B2"}, "geometry": {"type": "LineString", "coordinates": [[14.3319079, 40.8560452], [14.3317726, 40.8560386], [14.3315839, 40.8560256], [14.3310475, 40.8558429]]}}, {"type": "Feature", "properties": {"id": "SS-NAP-0833", "nome": "Via Casoria", "quartiere": "", "classificazione": "giallo", "score": 3, "note": "strada urbana senza ciclabile", "ciclabile": "no", "n_corsie": "2", "senso_unico": "no", "n_testimonianze": "0", "zona": "B2"}, "geometry": {"type": "MultiLineString", "coordinates": [[[14.2862307, 40.8957889], [14.2862422, 40.8951676]], [[14.2859958, 40.8934036], [14.2859993, 40.893323], [14.286027, 40.8932147], [14.2861474, 40.8928762], [14.2864334, 40.892298]], [[14.2864334, 40.892298], [14.286677, 40.8915141], [14.2866948, 40.8914568]], [[14.2862422, 40.8951676], [14.28619, 40.8947107]], [[14.28619, 40.8947107], [14.2860863, 40.8941119], [14.2860116, 40.8935576], [14.2859958, 40.8934036]]]}}, {"type": "Feature", "properties": {"id": "SS-NAP-0834", "nome": "Via Cassano", "quartiere": "", "classificazione": "giallo", "score": 3, "note": "strada urbana senza ciclabile", "ciclabile": "no", "n_corsie": "2", "senso_unico": "no", "n_testimonianze": "0", "zona": "B2"}, "geometry": {"type": "MultiLineString", "coordinates": [[[14.2719527, 40.8900537], [14.2705798, 40.8900931], [14.2705236, 40.8902125]], [[14.2705236, 40.8902125], [14.2703718, 40.8906319], [14.2702453, 40.8910347], [14.2702253, 40.8910984], [14.2701551, 40.8913182]], [[14.2678927, 40.8968814], [14.2675019, 40.8966369], [14.2674909, 40.89663]], [[14.2705236, 40.8902125], [14.2704876, 40.8902139], [14.2700565, 40.8902304]], [[14.273917, 40.8899963], [14.273219, 40.8900656]]]}}, {"type": "Feature", "properties": {"id": "SS-NAP-0846", "nome": "Via Cesare Rosaroll", "quartiere": "", "classificazione": "rosso", "score": 4, "note": "strada secondaria trafficata", "ciclabile": "no", "n_corsie": "2", "senso_unico": "si", "n_testimonianze": "0", "zona": "B2"}, "geometry": {"type": "MultiLineString", "coordinates": [[[14.2674682, 40.8541178], [14.2674287, 40.8541412], [14.2669324, 40.8544348], [14.2664929, 40.8547317], [14.266343, 40.8548329]], [[14.2657257, 40.855209], [14.2656323, 40.8552487], [14.2655141, 40.8552989], [14.2653462, 40.8553611], [14.2649967, 40.8554904], [14.2645005, 40.8556712], [14.2643954, 40.8557107], [14.2636504, 40.8559905], [14.2630638, 40.8562109], [14.2621972, 40.8565364], [14.2620591, 40.8565866], [14.2612511, 40.8568885], [14.2607567, 40.8570732], [14.2596717, 40.857479], [14.2596087, 40.8575021]], [[14.2653462, 40.8553611], [14.2653147, 40.8553166], [14.265279, 40.8553248]]]}}, {"type": "Feature", "properties": {"id": "SS-NAP-0849", "nome": "Via Charles Lindbergh", "quartiere": "", "classificazione": "giallo", "score": 3, "note": "strada urbana senza ciclabile", "ciclabile": "no", "n_corsie": "2", "senso_unico": "no", "n_testimonianze": "0", "zona": "B2"}, "geometry": {"type": "MultiLineString", "coordinates": [[[14.3009684, 40.887588], [14.3005785, 40.8879708]], [[14.300487, 40.8875535], [14.3005219, 40.8874765], [14.300487, 40.8874471], [14.3003865, 40.8874158], [14.3003448, 40.8874167], [14.3001183, 40.8877088]], [[14.2960064, 40.8832191], [14.2959917, 40.8832538], [14.2957999, 40.8833298], [14.2956859, 40.8834008], [14.2956068, 40.8834695], [14.295529, 40.8835517], [14.2953238, 40.8837942], [14.2952523, 40.8838688], [14.295187, 40.883937], [14.2949805, 40.8841965], [14.2947404, 40.8844804], [14.2947418, 40.8845402], [14.2947914, 40.8845972], [14.2950033, 40.8847227], [14.295473, 40.8849915], [14.2955236, 40.8850239], [14.2959286, 40.8852624], [14.2964583, 40.8855744], [14.296988, 40.8858847], [14.2974977, 40.8861749], [14.2979979, 40.8864646], [14.2985264, 40.88677], [14.2992022, 40.8871652], [14.2992167, 40.8871738], [14.2997481, 40.8874878], [14.3001183, 40.8877088], [14.3001504, 40.8877279], [14.3005785, 40.8879708], [14.3006386, 40.8880049], [14.3011469, 40.8882918], [14.3016806, 40.888612], [14.3022198, 40.8889265], [14.3027299, 40.8892014], [14.3030458, 40.8893937], [14.3043305, 40.890148], [14.3047919, 40.8903933], [14.3051568, 40.8905861]]]}}, {"type": "Feature", "properties": {"id": "SS-NAP-0855", "nome": "Via Chieti", "quartiere": "", "classificazione": "giallo", "score": 3, "note": "strada urbana senza ciclabile", "ciclabile": "no", "n_corsie": "2", "senso_unico": "si", "n_testimonianze": "0", "zona": "B2"}, "geometry": {"type": "LineString", "coordinates": [[14.2753723, 40.8584499], [14.2759261, 40.8585113], [14.2764415, 40.8585612], [14.276473, 40.8585642]]}}, {"type": "Feature", "properties": {"id": "SS-NAP-0860", "nome": "Via Cirillo a Miano", "quartiere": "", "classificazione": "giallo", "score": 3, "note": "strada urbana senza ciclabile", "ciclabile": "no", "n_corsie": "2", "senso_unico": "no", "n_testimonianze": "0", "zona": "B2"}, "geometry": {"type": "LineString", "coordinates": [[14.2524211, 40.8847295], [14.2522869, 40.884819], [14.2522135, 40.8848058], [14.2521264, 40.8847912], [14.2520429, 40.8847772], [14.2519479, 40.8847781]]}}, {"type": "Feature", "properties": {"id": "SS-NAP-0861", "nome": "Via Ciro Improta", "quartiere": "", "classificazione": "giallo", "score": 3, "note": "strada urbana senza ciclabile", "ciclabile": "no", "n_corsie": "2", "senso_unico": "si", "n_testimonianze": "0", "zona": "B2"}, "geometry": {"type": "MultiLineString", "coordinates": [[[14.2654504, 40.8940622], [14.2652689, 40.8939676], [14.2648846, 40.8937777], [14.2647652, 40.8937244], [14.2645527, 40.8936416], [14.2641139, 40.8935093]], [[14.2654504, 40.8940622], [14.2661115, 40.8944926], [14.2665976, 40.8948158]]]}}, {"type": "Feature", "properties": {"id": "SS-NAP-0866", "nome": "Via Claudio Miccoli", "quartiere": "", "classificazione": "giallo", "score": 3, "note": "strada urbana senza ciclabile", "ciclabile": "no", "n_corsie": "2", "senso_unico": "no", "n_testimonianze": "0", "zona": "B2"}, "geometry": {"type": "MultiLineString", "coordinates": [[[14.2835705, 40.8659546], [14.2832689, 40.8658182], [14.2825315, 40.8654551], [14.2823222, 40.8653559], [14.2819976, 40.8652021], [14.2817557, 40.8650875], [14.2814262, 40.8649314], [14.2813135, 40.8648729], [14.2812949, 40.8648576], [14.2812794, 40.8648391], [14.2812077, 40.8647455], [14.2811493, 40.8646671], [14.281133, 40.8646523], [14.2811099, 40.864638], [14.2808405, 40.8645473], [14.2807885, 40.8645298]], [[14.2835705, 40.8659546], [14.2841632, 40.8662396], [14.2846927, 40.8664865], [14.2852645, 40.8667643], [14.2858492, 40.8670421], [14.2863723, 40.8672916], [14.2869046, 40.8675405]], [[14.2873106, 40.867125], [14.2869875, 40.8675328], [14.2869512, 40.8675486], [14.2869046, 40.8675405]]]}}, {"type": "Feature", "properties": {"id": "SS-NAP-0867", "nome": "Via Clemente Maglietta", "quartiere": "", "classificazione": "giallo", "score": 3, "note": "strada urbana senza ciclabile", "ciclabile": "no", "n_corsie": "2", "senso_unico": "no", "n_testimonianze": "0", "zona": "B2"}, "geometry": {"type": "LineString", "coordinates": [[14.3232144, 40.8598742], [14.3233443, 40.8599164], [14.3234789, 40.8599594], [14.3244148, 40.8602369], [14.3245062, 40.86026], [14.3245587, 40.8602619], [14.327073, 40.8601517]]}}, {"type": "Feature", "properties": {"id": "SS-NAP-0871", "nome": "Via Colonello Carlo Lahalle", "quartiere": "", "classificazione": "giallo", "score": 3, "note": "strada urbana senza ciclabile", "ciclabile": "no", "n_corsie": "2", "senso_unico": "no", "n_testimonianze": "0", "zona": "B2"}, "geometry": {"type": "MultiLineString", "coordinates": [[[14.269962, 40.8631056], [14.2700129, 40.8631077], [14.2700536, 40.8631094], [14.271003, 40.8631489], [14.271163, 40.8631555], [14.2719297, 40.8631873], [14.2724533, 40.8632096], [14.2726524, 40.863218]], [[14.2728417, 40.8632229], [14.2730605, 40.8632325], [14.2735719, 40.8632549], [14.2736162, 40.8632569], [14.2742816, 40.8632875], [14.2750663, 40.8633236]], [[14.2750663, 40.8633236], [14.2754774, 40.8633148], [14.275531, 40.8633118], [14.275574, 40.8633032], [14.2756304, 40.863278]]]}}, {"type": "Feature", "properties": {"id": "SS-NAP-0872", "nome": "Via Colonnello Gabriele Pepe", "quartiere": "", "classificazione": "giallo", "score": 3, "note": "strada urbana senza ciclabile (2 corsie)", "ciclabile": "no", "n_corsie": "2", "senso_unico": "no", "n_testimonianze": "0", "zona": "B2"}, "geometry": {"type": "LineString", "coordinates": [[14.2727442, 40.8632879], [14.2727131, 40.8634485], [14.2726139, 40.8639609], [14.2724931, 40.8645884], [14.2724256, 40.8649389]]}}, {"type": "Feature", "properties": {"id": "SS-NAP-0873", "nome": "Via Commissario Ammaturo", "quartiere": "", "classificazione": "giallo", "score": 3, "note": "strada urbana senza ciclabile", "ciclabile": "no", "n_corsie": "2", "senso_unico": "si", "n_testimonianze": "0", "zona": "B2"}, "geometry": {"type": "MultiLineString", "coordinates": [[[14.328508, 40.8635496], [14.3285034, 40.8635884], [14.328476, 40.8636137], [14.3283656, 40.8636436], [14.3277003, 40.8638404], [14.3259483, 40.8643613], [14.3258049, 40.8644028]], [[14.3257552, 40.8643047], [14.3258928, 40.8642564], [14.3275859, 40.8637557], [14.3283325, 40.8635392], [14.328431, 40.8635134], [14.3284779, 40.8635209], [14.328508, 40.8635496]], [[14.328508, 40.8635496], [14.3285983, 40.8635278]]]}}, {"type": "Feature", "properties": {"id": "SS-NAP-0874", "nome": "Via Comunale Acquarola", "quartiere": "", "classificazione": "giallo", "score": 3, "note": "strada urbana senza ciclabile", "ciclabile": "no", "n_corsie": "2", "senso_unico": "no", "n_testimonianze": "0", "zona": "B2"}, "geometry": {"type": "MultiLineString", "coordinates": [[[14.2551909, 40.8955465], [14.2557313, 40.895366]], [[14.258277, 40.8938566], [14.2584151, 40.8938337], [14.2585451, 40.8938141], [14.2588187, 40.8937895], [14.2591571, 40.893772], [14.2592009, 40.8937733], [14.2592357, 40.8937792], [14.2592679, 40.8937952], [14.2594547, 40.8939475], [14.2595285, 40.8940048], [14.2595603, 40.8940295]], [[14.2577026, 40.8941228], [14.258001, 40.893964], [14.2581241, 40.8939075], [14.258277, 40.8938566]], [[14.2557313, 40.895366], [14.2559831, 40.8952807], [14.2562491, 40.8951836], [14.2563838, 40.8951133], [14.2566281, 40.8949311], [14.2569536, 40.8946307], [14.2570411, 40.89455], [14.2573992, 40.8942957], [14.2577026, 40.8941228]]]}}, {"type": "Feature", "properties": {"id": "SS-NAP-0878", "nome": "Via Comunale Limitone d'Arzano", "quartiere": "", "classificazione": "rosso", "score": 4, "note": "strada principale trafficata", "ciclabile": "no", "n_corsie": "2", "senso_unico": "no", "n_testimonianze": "0", "zona": "B2"}, "geometry": {"type": "MultiLineString", "coordinates": [[[14.2620514, 40.9021542], [14.2616237, 40.9017863], [14.2611681, 40.9014023], [14.2610731, 40.9013223], [14.2609837, 40.9012462], [14.2600043, 40.9004128]], [[14.2600043, 40.9004128], [14.2599799, 40.9003918], [14.2595859, 40.9000535], [14.2595152, 40.8999932], [14.2591203, 40.8996566], [14.258508, 40.8991349], [14.2579031, 40.898625], [14.2578333, 40.8985662], [14.2573467, 40.8981517], [14.2569509, 40.8978327]], [[14.2563699, 40.8973341], [14.2562774, 40.8972547], [14.2562582, 40.8972263]], [[14.2569509, 40.8978327], [14.2563699, 40.8973341]]]}}, {"type": "Feature", "properties": {"id": "SS-NAP-0879", "nome": "Via Comunale Luce", "quartiere": "", "classificazione": "giallo", "score": 3, "note": "strada urbana senza ciclabile", "ciclabile": "no", "n_corsie": "2", "senso_unico": "no", "n_testimonianze": "0", "zona": "B2"}, "geometry": {"type": "MultiLineString", "coordinates": [[[14.292316, 40.895069], [14.2916778, 40.8947924], [14.2910769, 40.8944193], [14.2907444, 40.8941273]], [[14.2907444, 40.8941273], [14.2906068, 40.8940021], [14.2904831, 40.8938872], [14.2903474, 40.8937624], [14.2902291, 40.8936542], [14.2901103, 40.8935457], [14.2900626, 40.8934991], [14.2900109, 40.8934269], [14.2898742, 40.8932438], [14.2896766, 40.8930896], [14.2893256, 40.8928359], [14.2892769, 40.8927753], [14.2890725, 40.892627], [14.2889071, 40.892472], [14.2885246, 40.8921742], [14.2882195, 40.8919374]]]}}, {"type": "Feature", "properties": {"id": "SS-NAP-0880", "nome": "Via Comunale Maranda", "quartiere": "", "classificazione": "giallo", "score": 3, "note": "strada urbana senza ciclabile", "ciclabile": "no", "n_corsie": "2", "senso_unico": "no", "n_testimonianze": "0", "zona": "B2"}, "geometry": {"type": "MultiLineString", "coordinates": [[[14.3220465, 40.862668], [14.3234917, 40.8620147], [14.3236783, 40.861936], [14.3238263, 40.8618858]], [[14.3238263, 40.8618858], [14.324698, 40.8616725], [14.3253524, 40.8615124], [14.3254526, 40.8614879], [14.3257575, 40.8614216], [14.3265263, 40.8612611], [14.3278479, 40.8609851]]]}}, {"type": "Feature", "properties": {"id": "SS-NAP-0885", "nome": "Via Comunale S. Severino", "quartiere": "", "classificazione": "giallo", "score": 3, "note": "strada urbana senza ciclabile", "ciclabile": "no", "n_corsie": "2", "senso_unico": "no", "n_testimonianze": "0", "zona": "B2"}, "geometry": {"type": "MultiLineString", "coordinates": [[[14.3019649, 40.8703043], [14.3006541, 40.8714043], [14.3006218, 40.8714314]], [[14.302394, 40.8699392], [14.3035608, 40.8703874], [14.3037459, 40.8704199], [14.3038344, 40.8704077], [14.3039658, 40.870355], [14.3041016, 40.8702464]], [[14.3042018, 40.8701663], [14.3042513, 40.8701399], [14.3043095, 40.8701275], [14.304384, 40.8701287], [14.3044663, 40.870151], [14.3045393, 40.8702003], [14.3045921, 40.8702308], [14.3046496, 40.8702485], [14.3053078, 40.8703699]], [[14.3041016, 40.8702464], [14.3042018, 40.8701663]]]}}, {"type": "Feature", "properties": {"id": "SS-NAP-0887", "nome": "Via Comunale Tavernola", "quartiere": "", "classificazione": "giallo", "score": 3, "note": "strada urbana senza ciclabile", "ciclabile": "no", "n_corsie": "2", "senso_unico": "no", "n_testimonianze": "0", "zona": "B2"}, "geometry": {"type": "MultiLineString", "coordinates": [[[14.2908257, 40.878712], [14.2909156, 40.8787982], [14.2910014, 40.878917], [14.2910524, 40.8790547], [14.2911476, 40.8791553], [14.2910604, 40.8792798], [14.2909759, 40.8793703], [14.2908888, 40.8794684], [14.29087, 40.8794907]], [[14.2907989, 40.8791044], [14.2908874, 40.8792263], [14.2908754, 40.8793143], [14.2907761, 40.8793985], [14.2907529, 40.8794221]], [[14.291503, 40.8798953], [14.2913903, 40.8798051], [14.291381, 40.879712], [14.2913823, 40.8796633], [14.2912247, 40.8795513]], [[14.2914494, 40.8793224], [14.291334, 40.879435], [14.2912247, 40.8795513], [14.2912053, 40.8795759], [14.2911637, 40.8796185], [14.2910871, 40.8796593]], [[14.2880688, 40.875324], [14.2881079, 40.8753601], [14.2881663, 40.8754393], [14.2883501, 40.875679], [14.2885217, 40.8759042], [14.2886156, 40.8760346], [14.2886148, 40.8760575], [14.2885847, 40.8760849], [14.2883591, 40.8762919], [14.287941, 40.8766639], [14.2875834, 40.877001], [14.287566, 40.8770248], [14.2875607, 40.8770565], [14.2875697, 40.8770844], [14.2875966, 40.8771115], [14.2877796, 40.8772455], [14.2883178, 40.8775885]], [[14.2883178, 40.8775885], [14.2884437, 40.8776809], [14.288604, 40.877804], [14.2888436, 40.8779981], [14.2892084, 40.8782932], [14.2893505, 40.8784057], [14.2895812, 40.8785721], [14.2899862, 40.8788824], [14.2900989, 40.8789624], [14.2903671, 40.8791564], [14.2905844, 40.8793214], [14.2906488, 40.8793642], [14.2907078, 40.8793997], [14.2907529, 40.8794221], [14.290862, 40.8794857], [14.29087, 40.8794907], [14.2909697, 40.8795524], [14.291084, 40.8796248], [14.2910871, 40.8796593], [14.2910832, 40.8797138], [14.2911972, 40.8798193], [14.2913421, 40.8799389], [14.2915741, 40.8801164], [14.2918088, 40.8802918], [14.2918737, 40.880347], [14.2921883, 40.8805435], [14.2926523, 40.8808152], [14.293048, 40.8810533], [14.293178, 40.8811314], [14.2932163, 40.8811665], [14.293231, 40.8812204], [14.2932142, 40.881237], [14.2931619, 40.8813141], [14.2931472, 40.8813658], [14.29317, 40.8814114], [14.2932424, 40.881468], [14.293339, 40.8815359], [14.2935978, 40.8817063], [14.2940149, 40.8819559], [14.2942, 40.8820886], [14.294267, 40.8821281], [14.2944709, 40.8822741], [14.2945433, 40.8823278], [14.2946828, 40.8824152], [14.2947833, 40.8824657], [14.2948692, 40.8824891], [14.2949724, 40.8825195], [14.2950243, 40.8825415], [14.2951347, 40.8825884], [14.2953359, 40.8826898], [14.2954566, 40.8827638], [14.2957074, 40.8829342], [14.2959903, 40.883141], [14.2960037, 40.8831826], [14.2960064, 40.8832191]]]}}, {"type": "Feature", "properties": {"id": "SS-NAP-0888", "nome": "Via Comunale Tierzo", "quartiere": "", "classificazione": "giallo", "score": 3, "note": "strada urbana senza ciclabile", "ciclabile": "no", "n_corsie": "2", "senso_unico": "no", "n_testimonianze": "0", "zona": "B2"}, "geometry": {"type": "MultiLineString", "coordinates": [[[14.3181236, 40.8575681], [14.3187457, 40.8574294]], [[14.3187457, 40.8574294], [14.3189245, 40.8573825], [14.3190212, 40.8573435], [14.319128, 40.857279], [14.3192473, 40.8571746], [14.319327, 40.8570673], [14.3197739, 40.8564604], [14.3198162, 40.8564055], [14.31987, 40.8563269]], [[14.3138558, 40.8613855], [14.3166, 40.8579534], [14.3167606, 40.857734], [14.316815, 40.857678], [14.3168734, 40.8576437], [14.316948, 40.8576128], [14.3170291, 40.8576046], [14.3171437, 40.8576034], [14.3178144, 40.8576062], [14.3179474, 40.857598], [14.3181236, 40.8575681]]]}}, {"type": "Feature", "properties": {"id": "SS-NAP-0890", "nome": "Via Comunale Vecchia di Miano", "quartiere": "", "classificazione": "giallo", "score": 3, "note": "strada urbana senza ciclabile", "ciclabile": "no", "n_corsie": "2", "senso_unico": "si", "n_testimonianze": "0", "zona": "B2"}, "geometry": {"type": "MultiLineString", "coordinates": [[[14.2632578, 40.8861711], [14.2631895, 40.8862192], [14.2631244, 40.88625], [14.2630358, 40.886285], [14.2629325, 40.8863134], [14.2628597, 40.8863256], [14.2627711, 40.8863387], [14.2626576, 40.8863552], [14.2625906, 40.8863635], [14.2625403, 40.8863799], [14.2624998, 40.8863982], [14.2624482, 40.88643]], [[14.2683732, 40.8830109], [14.2684505, 40.8829736], [14.2685084, 40.8829454], [14.2693077, 40.882557], [14.2694355, 40.8824922], [14.2695055, 40.8824567], [14.2697386, 40.8823387], [14.2698853, 40.8822879], [14.2700949, 40.8822414], [14.2705856, 40.8821981], [14.2707505, 40.8821835]], [[14.26377, 40.885883], [14.264581, 40.8854091], [14.2654307, 40.8848705], [14.2661431, 40.884319], [14.2666017, 40.8839749]], [[14.2632817, 40.8860195], [14.2633282, 40.8860155], [14.2633948, 40.8860072], [14.2634505, 40.8859976], [14.2635299, 40.885974], [14.2636289, 40.8859371], [14.26377, 40.885883]], [[14.2624001, 40.8863349], [14.2624691, 40.8863223], [14.2625695, 40.8863023], [14.2627022, 40.8862633], [14.2628119, 40.8862301], [14.2628559, 40.886214], [14.2628981, 40.8861951], [14.2629536, 40.8861631]], [[14.2671794, 40.8835409], [14.2672021, 40.8834957], [14.2673062, 40.8834277], [14.2675408, 40.8833057], [14.2677792, 40.8831953], [14.2679415, 40.8831243], [14.2681132, 40.8830492], [14.2682052, 40.8830261], [14.2683732, 40.8830109]], [[14.2683732, 40.8830109], [14.2681798, 40.8830957], [14.2679856, 40.883179], [14.2677947, 40.8832609], [14.267617, 40.8833449], [14.2672649, 40.8835253], [14.2671794, 40.8835409]], [[14.2630684, 40.8861382], [14.2630532, 40.8861087], [14.263051, 40.886077], [14.2630619, 40.8860464], [14.2630848, 40.8860199], [14.2631174, 40.8860001], [14.2631567, 40.8859889], [14.2632022, 40.8859878], [14.2632456, 40.8859984], [14.2632817, 40.8860195], [14.2633063, 40.8860485], [14.2633165, 40.8860821], [14.2633111, 40.8861163], [14.2632908, 40.8861472], [14.2632578, 40.8861711], [14.2632162, 40.8861851], [14.2631708, 40.8861878], [14.2631302, 40.8861798], [14.2630949, 40.8861627], [14.2630684, 40.8861382]], [[14.26377, 40.885883], [14.2636597, 40.8859754], [14.2636282, 40.8860069], [14.2636167, 40.8860174], [14.2636013, 40.8860302], [14.2635788, 40.8860451], [14.2635539, 40.8860537], [14.2635254, 40.8860603], [14.2634878, 40.8860677], [14.2634505, 40.8860756], [14.2634142, 40.886086], [14.263371, 40.8861026], [14.2633349, 40.8861202], [14.2632908, 40.8861472]], [[14.2629536, 40.8861631], [14.2629891, 40.8861416], [14.2630205, 40.8861147], [14.263051, 40.886077]], [[14.2666017, 40.8839749], [14.2666358, 40.8839493], [14.266991, 40.8836871], [14.2671794, 40.8835409]]]}}, {"type": "Feature", "properties": {"id": "SS-NAP-0907", "nome": "Via Cosenza", "quartiere": "", "classificazione": "giallo", "score": 3, "note": "strada urbana senza ciclabile", "ciclabile": "no", "n_corsie": "2", "senso_unico": "si", "n_testimonianze": "0", "zona": "B2"}, "geometry": {"type": "LineString", "coordinates": [[14.2754729, 40.8575634], [14.276581, 40.8576754], [14.2766247, 40.85768]]}}, {"type": "Feature", "properties": {"id": "SS-NAP-0909", "nome": "Via Costantino De Crescenzo", "quartiere": "", "classificazione": "giallo", "score": 3, "note": "strada urbana senza ciclabile", "ciclabile": "no", "n_corsie": "2", "senso_unico": "no", "n_testimonianze": "0", "zona": "B2"}, "geometry": {"type": "LineString", "coordinates": [[14.2574533, 40.8902252], [14.258308, 40.8898256]]}}, {"type": "Feature", "properties": {"id": "SS-NAP-0910", "nome": "Via Costantino Grimaldi", "quartiere": "", "classificazione": "rosso", "score": 4, "note": "strada secondaria trafficata", "ciclabile": "no", "n_corsie": "2", "senso_unico": "no", "n_testimonianze": "0", "zona": "B2"}, "geometry": {"type": "MultiLineString", "coordinates": [[[14.2813572, 40.8610034], [14.2815975, 40.861026], [14.2817003, 40.861037], [14.2817499, 40.8610419], [14.2817996, 40.8610467], [14.2821487, 40.8610809], [14.2822962, 40.8610953], [14.2833706, 40.8612005], [14.2835001, 40.8612132], [14.2844131, 40.8612925], [14.2845931, 40.8613082]], [[14.2870519, 40.860426], [14.2865613, 40.8605498]], [[14.2865613, 40.8605498], [14.2867085, 40.8604686], [14.2871594, 40.8601867]], [[14.284614, 40.8610587], [14.2848007, 40.8610357], [14.2852966, 40.8609115], [14.2857051, 40.8607949], [14.285766, 40.8607772], [14.2865613, 40.8605498]]]}}, {"type": "Feature", "properties": {"id": "SS-NAP-0911", "nome": "Via Cristallini", "quartiere": "", "classificazione": "giallo", "score": 3, "note": "strada urbana senza ciclabile", "ciclabile": "no", "n_corsie": "2", "senso_unico": "no", "n_testimonianze": "0", "zona": "B2"}, "geometry": {"type": "LineString", "coordinates": [[14.2532509, 40.8602891], [14.2532735, 40.8602332], [14.2533058, 40.8600361], [14.2533012, 40.8600088], [14.2532522, 40.8596245], [14.2532106, 40.8593573], [14.2531289, 40.8589426], [14.2531192, 40.8588784], [14.2531313, 40.8588385], [14.2533036, 40.8585865], [14.2533611, 40.8584948], [14.2534795, 40.8583053], [14.2536039, 40.8580139], [14.2537399, 40.8577864], [14.2540802, 40.8574033], [14.2541968, 40.8572876], [14.2542142, 40.8572506], [14.2542082, 40.8572197]]}}, {"type": "Feature", "properties": {"id": "SS-NAP-0917", "nome": "Via Crocelle a Porta San Gennaro", "quartiere": "", "classificazione": "giallo", "score": 3, "note": "strada urbana senza ciclabile", "ciclabile": "no", "n_corsie": "2", "senso_unico": "si", "n_testimonianze": "0", "zona": "B2"}, "geometry": {"type": "LineString", "coordinates": [[14.2566265, 40.855851], [14.2565089, 40.8558872], [14.2564739, 40.8559058], [14.2564576, 40.8559145], [14.2560006, 40.856132], [14.2558566, 40.8561959], [14.2555673, 40.8563242], [14.2555066, 40.856344], [14.255455, 40.856356], [14.2553828, 40.8563679]]}}, {"type": "Feature", "properties": {"id": "SS-NAP-0919", "nome": "Via Cupa Grande", "quartiere": "", "classificazione": "giallo", "score": 3, "note": "strada urbana senza ciclabile", "ciclabile": "no", "n_corsie": "2", "senso_unico": "si", "n_testimonianze": "0", "zona": "B2"}, "geometry": {"type": "LineString", "coordinates": [[14.2478497, 40.8906183], [14.2478477, 40.890573], [14.247835, 40.890278], [14.2478313, 40.8902482], [14.2478204, 40.8902249], [14.2477994, 40.8902045], [14.2476653, 40.8901323], [14.2476246, 40.8900968], [14.2476074, 40.8900629], [14.2476049, 40.8900401], [14.2476016, 40.8900091], [14.2475921, 40.8899555], [14.2475678, 40.8899167], [14.2475254, 40.8898833], [14.2474546, 40.8898412], [14.2473614, 40.8897912], [14.2470598, 40.889251], [14.2470043, 40.889151]]}}, {"type": "Feature", "properties": {"id": "SS-NAP-0920", "nome": "Via Cupa Pozzolelle", "quartiere": "", "classificazione": "giallo", "score": 3, "note": "strada urbana senza ciclabile", "ciclabile": "no", "n_corsie": "2", "senso_unico": "no", "n_testimonianze": "0", "zona": "B2"}, "geometry": {"type": "MultiLineString", "coordinates": [[[14.2757656, 40.8782646], [14.2756803, 40.8781882], [14.2755971, 40.8781138], [14.2755197, 40.8780045], [14.2754644, 40.8778941], [14.2754401, 40.8777954], [14.2754372, 40.8777204], [14.2755131, 40.8774391], [14.2755312, 40.8773596], [14.2755037, 40.8771152], [14.2754453, 40.8768784], [14.2753118, 40.8764239], [14.2752609, 40.8762611], [14.2749832, 40.8756719], [14.2749372, 40.8754967], [14.2749317, 40.8748998], [14.2748084, 40.8742615], [14.2746438, 40.8737231], [14.2745876, 40.8736194], [14.2742859, 40.8733254], [14.273976, 40.873016]], [[14.2745876, 40.8736194], [14.274644, 40.8735829], [14.2746788, 40.8735525], [14.2746909, 40.8735221], [14.2746896, 40.8734886], [14.2746708, 40.873444], [14.2746252, 40.873369], [14.27453, 40.8731874], [14.2744254, 40.873013], [14.2743704, 40.8728619], [14.2743636, 40.8727564], [14.2740885, 40.8724739], [14.2740277, 40.8724029]]]}}, {"type": "Feature", "properties": {"id": "SS-NAP-0921", "nome": "Via Cupa San Pietro", "quartiere": "", "classificazione": "giallo", "score": 3, "note": "strada urbana senza ciclabile", "ciclabile": "no", "n_corsie": "2", "senso_unico": "si", "n_testimonianze": "0", "zona": "B2"}, "geometry": {"type": "MultiLineString", "coordinates": [[[14.331645, 40.8547531], [14.3318676, 40.8547786], [14.3319301, 40.8547858], [14.3328072, 40.8549447], [14.3336154, 40.8551142], [14.3343792, 40.8553476], [14.3343985, 40.8553556]], [[14.3349639, 40.8558416], [14.3349059, 40.8557919], [14.3348667, 40.8557512], [14.3348261, 40.855706], [14.3347689, 40.8556452]], [[14.3347689, 40.8556452], [14.3350316, 40.8557088]], [[14.3341374, 40.8557033], [14.3337848, 40.8555551], [14.3336663, 40.8555121], [14.3336062, 40.8554903], [14.3334832, 40.855475]], [[14.3343985, 40.8553556], [14.3344352, 40.8553708], [14.334496, 40.8554055], [14.3347689, 40.8556452]], [[14.3343985, 40.8553556], [14.3341374, 40.8557033], [14.3338837, 40.8560517], [14.3338771, 40.8560641], [14.3338729, 40.8560841], [14.3338659, 40.8561085], [14.3338639, 40.8561379], [14.3338675, 40.8561682], [14.333883, 40.856186], [14.3340311, 40.8562596]]]}}, {"type": "Feature", "properties": {"id": "SS-NAP-0927", "nome": "Via Cupa del Principe", "quartiere": "", "classificazione": "giallo", "score": 3, "note": "strada urbana senza ciclabile", "ciclabile": "no", "n_corsie": "2", "senso_unico": "no", "n_testimonianze": "0", "zona": "B2"}, "geometry": {"type": "MultiLineString", "coordinates": [[[14.2893272, 40.8740427], [14.2892944, 40.8741204], [14.289089, 40.8746052], [14.2886616, 40.8744698], [14.2886068, 40.8744768], [14.2885614, 40.874494], [14.2885441, 40.8745687], [14.2885615, 40.8746351], [14.2891897, 40.8754815], [14.2892275, 40.8755127], [14.2892674, 40.8755354], [14.2893278, 40.8755559], [14.2909618, 40.8759686], [14.2910525, 40.8759911], [14.2914962, 40.8761011], [14.2927177, 40.8763465], [14.2928235, 40.8764293], [14.293009, 40.8765229], [14.2936833, 40.8766547], [14.2943485, 40.8768332], [14.2944681, 40.8768636]], [[14.2991009, 40.8756695], [14.2992657, 40.8755412], [14.2993774, 40.8754752], [14.300016, 40.8752279], [14.3002543, 40.8751594], [14.3004229, 40.8751409], [14.3005792, 40.8751453], [14.3006785, 40.8751621], [14.3007373, 40.8751872], [14.3009752, 40.8753544], [14.3016976, 40.8761084], [14.3017371, 40.8762902], [14.3017592, 40.8763441], [14.3018634, 40.8764129], [14.3019065, 40.8764214], [14.3020218, 40.8764443]], [[14.2237386, 40.8760335], [14.2236614, 40.8759879], [14.2231943, 40.8757232], [14.2229661, 40.8756072], [14.2227851, 40.8755521], [14.2225261, 40.8754905], [14.2221613, 40.8754175], [14.2217912, 40.8753425], [14.2217291, 40.8753308], [14.2216735, 40.8753204]], [[14.2264836, 40.8757449], [14.2263883, 40.8757094], [14.2263146, 40.8756927], [14.2260898, 40.8756534], [14.2258796, 40.875635], [14.2257844, 40.8756267], [14.2256181, 40.8756232], [14.2254701, 40.875636], [14.2253664, 40.8756511], [14.2252864, 40.8756689], [14.2250707, 40.8757424], [14.2249238, 40.8758088], [14.2248045, 40.8758827], [14.2246458, 40.8760279], [14.2246158, 40.876058]], [[14.2269933, 40.8786111], [14.226743, 40.8785552], [14.2266744, 40.8785308], [14.2265462, 40.8784699], [14.2263778, 40.8783583], [14.2262635, 40.8782811], [14.22606, 40.8781397], [14.2255719, 40.8778051], [14.2250649, 40.8774826], [14.2247561, 40.8772656], [14.2247119, 40.8772436], [14.2245429, 40.8771308], [14.2245191, 40.8770922], [14.2245107, 40.8770459]], [[14.224368, 40.876653], [14.2243023, 40.8765339], [14.2242153, 40.8763959], [14.2241662, 40.8763498], [14.2239845, 40.8762101], [14.2237386, 40.8760335]], [[14.2246158, 40.876058], [14.2245546, 40.8761191], [14.224493, 40.8762212], [14.2244365, 40.8763043], [14.224398, 40.8763952], [14.2243711, 40.8764985], [14.2243571, 40.8765815], [14.224368, 40.876653]], [[14.224368, 40.876653], [14.2245107, 40.8770459]]]}}, {"type": "Feature", "properties": {"id": "SS-NAP-0933", "nome": "Via Dante Alighieri", "quartiere": "", "classificazione": "giallo", "score": 3, "note": "strada urbana senza ciclabile", "ciclabile": "no", "n_corsie": "2", "senso_unico": "no", "n_testimonianze": "0", "zona": "B2"}, "geometry": {"type": "MultiLineString", "coordinates": [[[14.2639946, 40.8912598], [14.2652069, 40.8908673]], [[14.2641509, 40.8915134], [14.2645169, 40.8914009]], [[14.2640221, 40.8930446], [14.2640414, 40.8928876], [14.2640904, 40.89249], [14.2641504, 40.8923045], [14.2641777, 40.892258], [14.2643778, 40.8919046]], [[14.2634456, 40.8902679], [14.2635111, 40.8903776], [14.2635657, 40.890469], [14.2636603, 40.8906273], [14.2638325, 40.8909803], [14.2639946, 40.8912598], [14.2640207, 40.8913129], [14.2641509, 40.8915134], [14.264208, 40.8916313], [14.2643778, 40.8919046]]]}}, {"type": "Feature", "properties": {"id": "SS-NAP-0935", "nome": "Via De Rosa Pacecco", "quartiere": "", "classificazione": "giallo", "score": 3, "note": "strada urbana senza ciclabile", "ciclabile": "no", "n_corsie": "2", "senso_unico": "si", "n_testimonianze": "0", "zona": "B2"}, "geometry": {"type": "LineString", "coordinates": [[14.2663446, 40.8888055], [14.2655658, 40.8883329], [14.2655259, 40.8883087], [14.2654908, 40.8882878]]}}, {"type": "Feature", "properties": {"id": "SS-NAP-0938", "nome": "Via Dello Sputnik", "quartiere": "", "classificazione": "giallo", "score": 3, "note": "strada urbana senza ciclabile", "ciclabile": "no", "n_corsie": "2", "senso_unico": "no", "n_testimonianze": "0", "zona": "B2"}, "geometry": {"type": "LineString", "coordinates": [[14.2909713, 40.8911796], [14.2899578, 40.8922061], [14.2894481, 40.8927138], [14.2893562, 40.8928054], [14.2893256, 40.8928359]]}}, {"type": "Feature", "properties": {"id": "SS-NAP-0939", "nome": "Via Diego Petriccione", "quartiere": "", "classificazione": "giallo", "score": 3, "note": "strada urbana senza ciclabile", "ciclabile": "no", "n_corsie": "2", "senso_unico": "no", "n_testimonianze": "0", "zona": "B2"}, "geometry": {"type": "LineString", "coordinates": [[14.2582905, 40.8921372], [14.258804, 40.8919006], [14.2590635, 40.8917722], [14.2601235, 40.8912067]]}}, {"type": "Feature", "properties": {"id": "SS-NAP-0944", "nome": "Via Dirigibile Italia", "quartiere": "", "classificazione": "giallo", "score": 3, "note": "strada urbana senza ciclabile", "ciclabile": "no", "n_corsie": "2", "senso_unico": "no", "n_testimonianze": "0", "zona": "B2"}, "geometry": {"type": "LineString", "coordinates": [[14.2901172, 40.8905889], [14.2890338, 40.8916634], [14.2885581, 40.8921406], [14.2885246, 40.8921742]]}}, {"type": "Feature", "properties": {"id": "SS-NAP-0946", "nome": "Via Dogliuolo", "quartiere": "", "classificazione": "giallo", "score": 3, "note": "strada urbana senza ciclabile", "ciclabile": "no", "n_corsie": "2", "senso_unico": "no", "n_testimonianze": "0", "zona": "B2"}, "geometry": {"type": "LineString", "coordinates": [[14.2683867, 40.8573041], [14.2686205, 40.8570357], [14.2688283, 40.8567974], [14.2688505, 40.8567719]]}}, {"type": "Feature", "properties": {"id": "SS-NAP-0948", "nome": "Via Domenico Aulisio", "quartiere": "", "classificazione": "giallo", "score": 3, "note": "strada urbana senza ciclabile", "ciclabile": "no", "n_corsie": "2", "senso_unico": "si", "n_testimonianze": "0", "zona": "B2"}, "geometry": {"type": "MultiLineString", "coordinates": [[[14.2845931, 40.8613082], [14.284657, 40.8613942], [14.2846057, 40.8617046], [14.284577, 40.8618788]], [[14.2851614, 40.8571931], [14.2851107, 40.8574748]], [[14.284614, 40.8610587], [14.2846262, 40.8606751], [14.2851107, 40.8574748]], [[14.2854165, 40.8557186], [14.2853238, 40.8562512], [14.2851814, 40.8570689], [14.2851614, 40.8571931]], [[14.2843973, 40.862161], [14.2843943, 40.8621201], [14.2843965, 40.8620609], [14.2844, 40.8620314], [14.2844091, 40.8619546], [14.284458, 40.8616897], [14.2845141, 40.8613848], [14.2845931, 40.8613082]], [[14.28419, 40.8632798], [14.2841484, 40.8633304], [14.2841367, 40.8633445], [14.2841257, 40.8633577], [14.2841045, 40.8633831]], [[14.2843493, 40.8630873], [14.2842135, 40.8632515], [14.28419, 40.8632798]], [[14.284577, 40.8618788], [14.2845499, 40.8620434], [14.2845342, 40.8621385], [14.2845132, 40.8622525], [14.2845123, 40.8622796], [14.2845116, 40.8622997], [14.2845128, 40.8623601]], [[14.2843493, 40.8630873], [14.2845759, 40.8628052], [14.2846115, 40.8627551], [14.2846374, 40.8627078], [14.2846494, 40.8626326], [14.2846457, 40.8625821], [14.284633, 40.8625465], [14.2846119, 40.862503], [14.2845841, 40.8624594], [14.2845464, 40.8624055], [14.2845128, 40.8623601]], [[14.2845128, 40.8623601], [14.2844582, 40.8623], [14.2844298, 40.8622661], [14.2844158, 40.8622342], [14.2844064, 40.8622071], [14.2843973, 40.862161]]]}}, {"type": "Feature", "properties": {"id": "SS-NAP-0951", "nome": "Via Domenico Cirillo", "quartiere": "", "classificazione": "rosso", "score": 4, "note": "strada secondaria trafficata", "ciclabile": "no", "n_corsie": "2", "senso_unico": "si", "n_testimonianze": "0", "zona": "B2"}, "geometry": {"type": "LineString", "coordinates": [[14.2579443, 40.8562864], [14.2580611, 40.856247], [14.2587706, 40.8560052], [14.2599462, 40.8556211], [14.2603085, 40.8555034]]}}, {"type": "Feature", "properties": {"id": "SS-NAP-0954", "nome": "Via Domenico D'Ambra", "quartiere": "", "classificazione": "giallo", "score": 3, "note": "strada urbana senza ciclabile", "ciclabile": "no", "n_corsie": "2", "senso_unico": "si", "n_testimonianze": "0", "zona": "B2"}, "geometry": {"type": "LineString", "coordinates": [[14.273422, 40.8680174], [14.2730132, 40.8679586], [14.2721413, 40.8678353], [14.2719387, 40.8677488], [14.27155, 40.8674555], [14.2711466, 40.8672136], [14.27018, 40.866795], [14.2698135, 40.8666408], [14.26957, 40.8664978], [14.2694339, 40.8663755], [14.2693617, 40.86629], [14.269253, 40.866121], [14.2692211, 40.866096], [14.2690961, 40.8660718]]}}, {"type": "Feature", "properties": {"id": "SS-NAP-0955", "nome": "Via Domenico De Roberto", "quartiere": "", "classificazione": "giallo", "score": 3, "note": "strada urbana senza ciclabile", "ciclabile": "no", "n_corsie": "2", "senso_unico": "no", "n_testimonianze": "0", "zona": "B2"}, "geometry": {"type": "MultiLineString", "coordinates": [[[14.3085364, 40.8656964], [14.3094268, 40.8658196], [14.3098741, 40.8658815], [14.3102237, 40.8659298], [14.3108193, 40.8660122], [14.3124124, 40.8662326], [14.3128677, 40.8662956], [14.3130621, 40.8663225], [14.3131954, 40.8663409], [14.3136401, 40.8664024], [14.3144839, 40.8665192], [14.3149964, 40.8665788], [14.3155084, 40.8666274], [14.3161574, 40.8666848], [14.3164968, 40.8667055], [14.3169582, 40.8667336], [14.3179185, 40.8667566], [14.3189301, 40.8667433], [14.3190519, 40.8667123], [14.3191188, 40.8666585], [14.3191912, 40.8665395], [14.3192195, 40.8664055], [14.3192087, 40.8662334], [14.3192268, 40.8660892], [14.3192786, 40.8660219], [14.3195086, 40.8658846], [14.3196783, 40.8657423], [14.3197977, 40.8656001], [14.3198791, 40.8654669], [14.3199433, 40.865302], [14.319972, 40.8651152], [14.3199688, 40.8649344], [14.3198814, 40.8641024], [14.3196398, 40.8629589], [14.3195816, 40.8624739], [14.3195707, 40.8624435], [14.3195496, 40.8624217], [14.319517, 40.8624006], [14.3194786, 40.862383], [14.3190478, 40.8623024]], [[14.3085364, 40.8656964], [14.3084336, 40.8661814]], [[14.2969657, 40.8642067], [14.2980202, 40.864335], [14.2992394, 40.8644833], [14.3020078, 40.86482], [14.3021272, 40.8648373], [14.3024831, 40.8648882], [14.3030439, 40.8649631], [14.3082576, 40.8656592]], [[14.3086202, 40.8652385], [14.3085364, 40.8656964]], [[14.3082576, 40.8656592], [14.308298, 40.8655757], [14.3083463, 40.8655159], [14.3084892, 40.8654052], [14.3086202, 40.8652385]], [[14.3084336, 40.8661814], [14.3083532, 40.8659484], [14.3082695, 40.8657902], [14.3082578, 40.8657326], [14.3082576, 40.8656592]], [[14.3084336, 40.8661814], [14.3081108, 40.8677036], [14.3081054, 40.867729], [14.3080422, 40.8679612], [14.3078627, 40.8688737], [14.3079032, 40.8693511], [14.3081202, 40.8698108], [14.3083697, 40.8702185], [14.3084746, 40.8705478], [14.3084805, 40.8709017]], [[14.3082576, 40.8656592], [14.3085364, 40.8656964]], [[14.3094735, 40.8612642], [14.3094487, 40.8612735], [14.3094225, 40.8612843], [14.3094014, 40.8613006], [14.3093834, 40.8613216], [14.3093712, 40.8613393], [14.3093628, 40.8613601], [14.30872, 40.8646901], [14.3086202, 40.8652385]]]}}, {"type": "Feature", "properties": {"id": "SS-NAP-0957", "nome": "Via Domenico Forges Davanzati", "quartiere": "", "classificazione": "giallo", "score": 3, "note": "strada urbana senza ciclabile", "ciclabile": "no", "n_corsie": "2", "senso_unico": "si", "n_testimonianze": "0", "zona": "B2"}, "geometry": {"type": "MultiLineString", "coordinates": [[[14.2685727, 40.8677064], [14.2691461, 40.8678749], [14.2698321, 40.8680695]], [[14.2685043, 40.8676863], [14.2685727, 40.8677064]]]}}, {"type": "Feature", "properties": {"id": "SS-NAP-0968", "nome": "Via Don Agostino Cozzolino", "quartiere": "", "classificazione": "giallo", "score": 3, "note": "strada urbana senza ciclabile", "ciclabile": "no", "n_corsie": "2", "senso_unico": "no", "n_testimonianze": "0", "zona": "B2"}, "geometry": {"type": "MultiLineString", "coordinates": [[[14.3308377, 40.8561082], [14.3308648, 40.8560692], [14.3310475, 40.8558429]], [[14.3310475, 40.8558429], [14.3313359, 40.8552967], [14.3313758, 40.8552344], [14.3315687, 40.8549263]]]}}, {"type": "Feature", "properties": {"id": "SS-NAP-0969", "nome": "Via Don Bosco", "quartiere": "", "classificazione": "rosso", "score": 4, "note": "strada principale trafficata (2 corsie)", "ciclabile": "no", "n_corsie": "2", "senso_unico": "si", "n_testimonianze": "0", "zona": "B2"}, "geometry": {"type": "MultiLineString", "coordinates": [[[14.2691425, 40.8647918], [14.2690552, 40.8647294], [14.2681839, 40.864106], [14.2681599, 40.8640888], [14.2677681, 40.8637983], [14.2673045, 40.8634285], [14.267078, 40.8632536], [14.2670383, 40.8632327], [14.266994, 40.863213], [14.2669577, 40.8631967], [14.2669159, 40.8631832], [14.2668809, 40.8631756], [14.2668275, 40.8631721]], [[14.2695622, 40.8651071], [14.2695469, 40.8650959], [14.2691425, 40.8647918]], [[14.2692087, 40.8647679], [14.269496, 40.8649765]], [[14.267056, 40.8630285], [14.2670632, 40.8630696], [14.2670722, 40.8631086], [14.2670803, 40.8631377], [14.2670897, 40.8631585], [14.2671067, 40.8631793], [14.2671405, 40.8632082], [14.2671594, 40.863222], [14.2673738, 40.8633824], [14.2675843, 40.8635405], [14.2676704, 40.863605]], [[14.269496, 40.8649765], [14.2696136, 40.865062], [14.2696305, 40.8650752], [14.2697284, 40.8651443], [14.2711411, 40.8662043], [14.2724039, 40.8671521], [14.2727304, 40.8673971], [14.2727792, 40.8674337], [14.2728751, 40.8675057], [14.2729861, 40.8675941], [14.2734532, 40.8679395], [14.2738507, 40.8682381], [14.2746114, 40.8688082], [14.2748328, 40.8689811]], [[14.2676704, 40.863605], [14.2681894, 40.8639941], [14.2682611, 40.8640485], [14.2691052, 40.8646893], [14.2692087, 40.8647679]], [[14.27477, 40.8690349], [14.2745407, 40.8688562], [14.2737906, 40.8682944], [14.273422, 40.8680174], [14.272926, 40.8676504], [14.2728031, 40.8675613], [14.2727069, 40.8674884], [14.2710763, 40.8662531], [14.2697522, 40.8652501], [14.26967, 40.8651878], [14.2695718, 40.8651144], [14.2695622, 40.8651071]]]}}, {"type": "Feature", "properties": {"id": "SS-NAP-0974", "nome": "Via Don Lorenzo Milani", "quartiere": "", "classificazione": "giallo", "score": 3, "note": "strada urbana senza ciclabile", "ciclabile": "no", "n_corsie": "2", "senso_unico": "si", "n_testimonianze": "0", "zona": "B2"}, "geometry": {"type": "MultiLineString", "coordinates": [[[14.2459132, 40.8939984], [14.2458219, 40.8937652]], [[14.2458219, 40.8937652], [14.2459128, 40.8938383], [14.2459773, 40.8938889], [14.2460427, 40.8939463]], [[14.2458219, 40.8937652], [14.2450722, 40.8925429]]]}}, {"type": "Feature", "properties": {"id": "SS-NAP-0975", "nome": "Via Don Luigi Guanella", "quartiere": "", "classificazione": "blu", "score": 2, "note": "zona pedonale / living street", "ciclabile": "no", "n_corsie": "1", "senso_unico": "no", "n_testimonianze": "0", "zona": "B2"}, "geometry": {"type": "MultiLineString", "coordinates": [[[14.2470743, 40.8906275], [14.2471533, 40.8906202], [14.2472868, 40.89062], [14.2478497, 40.8906183], [14.2480696, 40.8906165], [14.2482929, 40.8906085], [14.2484469, 40.8906029], [14.2491923, 40.8905621], [14.2493841, 40.8905525], [14.2502018, 40.8905116], [14.2505859, 40.890491], [14.2507773, 40.8904808], [14.2509589, 40.8904716], [14.2518237, 40.8904237], [14.2518806, 40.8904293], [14.2519311, 40.8904435], [14.2519659, 40.8904659]], [[14.2486505, 40.8919669], [14.2488969, 40.892417]], [[14.2487137, 40.8916028], [14.2492773, 40.8914545]], [[14.2492062, 40.8906788], [14.2492175, 40.890733], [14.2492835, 40.8910504], [14.24936, 40.8912513], [14.2493962, 40.8913464], [14.2495786, 40.891756], [14.2496087, 40.891816], [14.2497647, 40.8921262], [14.2496315, 40.8921915], [14.2492996, 40.8915167], [14.2492773, 40.8914545], [14.2491601, 40.8911274], [14.2490422, 40.8907419], [14.249026, 40.8906889]], [[14.2498414, 40.8911558], [14.24936, 40.8912513]], [[14.2500774, 40.8916546], [14.2496087, 40.891816]], [[14.2496315, 40.8921915], [14.2490164, 40.8923801], [14.2488969, 40.892417], [14.2484842, 40.8924738], [14.2481516, 40.8925305], [14.2481321, 40.8925844], [14.2481194, 40.8926197], [14.2480968, 40.8926616]], [[14.2481624, 40.8918168], [14.2482696, 40.8919952], [14.2478473, 40.8921169], [14.247781, 40.892136]], [[14.2519659, 40.8904659], [14.2519315, 40.8905015], [14.2518835, 40.8905248], [14.2518318, 40.8905328], [14.2509689, 40.8905835], [14.2507853, 40.8905911], [14.2505968, 40.8906014], [14.2502125, 40.8906224], [14.249393, 40.8906683], [14.2492062, 40.8906788], [14.249026, 40.8906889], [14.2484552, 40.8907201], [14.2483041, 40.8907252], [14.2480771, 40.8907329], [14.2473066, 40.8907415], [14.2472509, 40.8907502], [14.2472155, 40.8907662], [14.2471945, 40.8907821], [14.2471696, 40.890804]], [[14.247956, 40.8914123], [14.2482053, 40.891318], [14.2482388, 40.8912675], [14.2481154, 40.8910364], [14.2480819, 40.8907842], [14.2480772, 40.8907488], [14.2480771, 40.8907329]], [[14.250056, 40.8919912], [14.2497647, 40.8921262]]]}}, {"type": "Feature", "properties": {"id": "SS-NAP-0977", "nome": "Via Don Pino Puglisi", "quartiere": "", "classificazione": "giallo", "score": 3, "note": "strada urbana senza ciclabile", "ciclabile": "no", "n_corsie": "2", "senso_unico": "no", "n_testimonianze": "0", "zona": "B2"}, "geometry": {"type": "MultiLineString", "coordinates": [[[14.242546, 40.895373], [14.2422885, 40.8950365], [14.2428517, 40.8947405], [14.2435057, 40.894396], [14.2438763, 40.8942092], [14.2435545, 40.893751], [14.2434043, 40.8934793], [14.243388, 40.893447], [14.2432594, 40.8931914], [14.2438007, 40.8929848], [14.2438722, 40.8929592], [14.2443341, 40.892794], [14.2445034, 40.8927334], [14.2450722, 40.8925429], [14.2451493, 40.8925136], [14.2458093, 40.8922624], [14.2458714, 40.8922388], [14.245925, 40.8922184], [14.2462758, 40.8920961], [14.2466117, 40.8919791], [14.2468642, 40.8918862], [14.2470754, 40.8918085], [14.2473205, 40.8917183], [14.2473804, 40.8916963]], [[14.245491, 40.8928548], [14.2460114, 40.892571], [14.2458093, 40.8922624]]]}}, {"type": "Feature", "properties": {"id": "SS-NAP-0978", "nome": "Via Don Primo Mazzolari", "quartiere": "", "classificazione": "giallo", "score": 3, "note": "strada urbana senza ciclabile", "ciclabile": "no", "n_corsie": "2", "senso_unico": "no", "n_testimonianze": "0", "zona": "B2"}, "geometry": {"type": "LineString", "coordinates": [[14.2471862, 40.8927089], [14.2470735, 40.8925183], [14.2472429, 40.8924548], [14.2476786, 40.8922916], [14.2477316, 40.8922718]]}}, {"type": "Feature", "properties": {"id": "SS-NAP-0982", "nome": "Via Donnaregina", "quartiere": "", "classificazione": "giallo", "score": 3, "note": "strada urbana senza ciclabile", "ciclabile": "no", "n_corsie": "2", "senso_unico": "si", "n_testimonianze": "0", "zona": "B2"}, "geometry": {"type": "LineString", "coordinates": [[14.258906, 40.8534272], [14.2584634, 40.8532725]]}}, {"type": "Feature", "properties": {"id": "SS-NAP-0983", "nome": "Via Dorando Pietri", "quartiere": "", "classificazione": "giallo", "score": 3, "note": "strada urbana senza ciclabile", "ciclabile": "no", "n_corsie": "2", "senso_unico": "no", "n_testimonianze": "0", "zona": "B2"}, "geometry": {"type": "MultiLineString", "coordinates": [[[14.3331733, 40.8658432], [14.333287, 40.8657992], [14.3333956, 40.8657563], [14.3342012, 40.8654454]], [[14.3342012, 40.8654454], [14.3344141, 40.8653593], [14.3355606, 40.8649098], [14.3365906, 40.8645], [14.3370359, 40.8642891], [14.3372326, 40.8641265], [14.3373684, 40.8639483], [14.3374348, 40.8636776], [14.3374458, 40.8634297], [14.3374132, 40.8630763], [14.3373724, 40.8629347], [14.3372875, 40.8627417], [14.3372328, 40.8626536], [14.3371118, 40.8624045], [14.3370931, 40.8623661], [14.3370105, 40.8622187]]]}}, {"type": "Feature", "properties": {"id": "SS-NAP-0985", "nome": "Via Duca degli Abruzzi", "quartiere": "", "classificazione": "giallo", "score": 3, "note": "strada urbana senza ciclabile", "ciclabile": "no", "n_corsie": "2", "senso_unico": "si", "n_testimonianze": "0", "zona": "B2"}, "geometry": {"type": "MultiLineString", "coordinates": [[[14.2602061, 40.8941982], [14.2600803, 40.8940641], [14.2598919, 40.8938804], [14.2598035, 40.8937941]], [[14.2625938, 40.8935419], [14.2621274, 40.8936401], [14.2616393, 40.8937861], [14.2611338, 40.8939398], [14.2610479, 40.8939659], [14.2610225, 40.8939729], [14.260447, 40.8941322], [14.2602061, 40.8941982]], [[14.2612383, 40.8941119], [14.2611338, 40.8939398]]]}}, {"type": "Feature", "properties": {"id": "SS-NAP-0998", "nome": "Via Edoardo Scarpetta", "quartiere": "", "classificazione": "giallo", "score": 3, "note": "strada urbana senza ciclabile", "ciclabile": "no", "n_corsie": "2", "senso_unico": "si", "n_testimonianze": "0", "zona": "B2"}, "geometry": {"type": "MultiLineString", "coordinates": [[[14.3283094, 40.8626721], [14.3284625, 40.8627665], [14.3285323, 40.8627989], [14.3286995, 40.8628483]], [[14.3310025, 40.8629857], [14.3317733, 40.8630871], [14.3319097, 40.863105], [14.3321722, 40.8631395], [14.3325576, 40.8631742], [14.332588, 40.8631726], [14.332619, 40.8631701], [14.3326457, 40.8631625], [14.3326857, 40.8631474], [14.3327317, 40.863121], [14.3328756, 40.8630526], [14.3329008, 40.8630382], [14.3329209, 40.8630318], [14.3329396, 40.8630256], [14.3330041, 40.8630176], [14.3330497, 40.8630159], [14.3331203, 40.8630137], [14.3331909, 40.863023], [14.3332524, 40.8630343], [14.3333007, 40.8630508], [14.333425, 40.8631066], [14.3342216, 40.8634265], [14.3342912, 40.8634551], [14.3343579, 40.8634799], [14.3344412, 40.8635003]], [[14.3283855, 40.8629092], [14.3285124, 40.8628847], [14.3286995, 40.8628483], [14.328802, 40.8628337], [14.3289431, 40.8628207], [14.3290479, 40.8628094], [14.3291619, 40.8628023], [14.3292987, 40.8628085], [14.3295338, 40.8628363], [14.3300918, 40.86289], [14.3303639, 40.8629162], [14.3305385, 40.8629352], [14.3310025, 40.8629857]]]}}, {"type": "Feature", "properties": {"id": "SS-NAP-1010", "nome": "Via Eleonora Pimentel Fonseca", "quartiere": "", "classificazione": "giallo", "score": 3, "note": "strada urbana senza ciclabile", "ciclabile": "no", "n_corsie": "2", "senso_unico": "si", "n_testimonianze": "0", "zona": "B2"}, "geometry": {"type": "LineString", "coordinates": [[14.2675082, 40.8593786], [14.2675255, 40.8593501], [14.2677371, 40.8590018], [14.2677677, 40.8589514], [14.2677844, 40.8589238], [14.2679904, 40.8585848], [14.2680094, 40.8585535]]}}, {"type": "Feature", "properties": {"id": "SS-NAP-1019", "nome": "Via Emilia", "quartiere": "", "classificazione": "giallo", "score": 3, "note": "strada urbana senza ciclabile", "ciclabile": "no", "n_corsie": "2", "senso_unico": "no", "n_testimonianze": "0", "zona": "B2"}, "geometry": {"type": "LineString", "coordinates": [[14.2555181, 40.8928947], [14.2571694, 40.8930867], [14.2572717, 40.8930954]]}}, {"type": "Feature", "properties": {"id": "SS-NAP-1021", "nome": "Via Emilio Salgari", "quartiere": "", "classificazione": "giallo", "score": 3, "note": "strada urbana senza ciclabile", "ciclabile": "no", "n_corsie": "2", "senso_unico": "si", "n_testimonianze": "0", "zona": "B2"}, "geometry": {"type": "MultiLineString", "coordinates": [[[14.3387011, 40.8708285], [14.3386789, 40.8707992], [14.3386333, 40.8707586], [14.3385556, 40.870714], [14.3383651, 40.8706024], [14.3382203, 40.8704706], [14.3380413, 40.8702165]], [[14.3380413, 40.8702165], [14.3383741, 40.8704755], [14.3384823, 40.8705637], [14.3385677, 40.8706182], [14.3387008, 40.8706762], [14.3387788, 40.8707157], [14.3387946, 40.8707191]], [[14.3380413, 40.8702165], [14.3378354, 40.8700088]], [[14.3374262, 40.8695967], [14.3367953, 40.8689634], [14.3367799, 40.868947], [14.336672, 40.8688322], [14.3366309, 40.8687806], [14.3365887, 40.8687264], [14.3363449, 40.8684057], [14.33625, 40.8682809], [14.3362397, 40.8682674]], [[14.3378354, 40.8700088], [14.3377941, 40.8699677], [14.3374262, 40.8695967]]]}}, {"type": "Feature", "properties": {"id": "SS-NAP-1035", "nome": "Via Enrico Pessina", "quartiere": "", "classificazione": "rosso", "score": 4, "note": "strada principale trafficata", "ciclabile": "no", "n_corsie": "2", "senso_unico": "no", "n_testimonianze": "0", "zona": "B2"}, "geometry": {"type": "MultiLineString", "coordinates": [[[14.2497418, 40.852851], [14.2494957, 40.8533828], [14.2493914, 40.8535565]], [[14.2500196, 40.8510842], [14.2500242, 40.8510367], [14.2500267, 40.8510133], [14.250046, 40.8508137], [14.2500548, 40.8505925], [14.2500473, 40.8504013], [14.2500169, 40.8502123], [14.2500001, 40.8501145]], [[14.2497418, 40.852851], [14.2497558, 40.8528105], [14.2497769, 40.8527098], [14.2498437, 40.8523914], [14.2498793, 40.8522215], [14.2499287, 40.8519186]], [[14.2499287, 40.8519186], [14.2499483, 40.8517912], [14.2499808, 40.8515078], [14.2500196, 40.8510842]]]}}, {"type": "Feature", "properties": {"id": "SS-NAP-1042", "nome": "Via Enzo Striano", "quartiere": "", "classificazione": "giallo", "score": 3, "note": "strada urbana senza ciclabile", "ciclabile": "no", "n_corsie": "2", "senso_unico": "no", "n_testimonianze": "0", "zona": "B2"}, "geometry": {"type": "MultiLineString", "coordinates": [[[14.2497929, 40.8970926], [14.2502757, 40.8976684], [14.2497088, 40.8979649], [14.2486715, 40.8985074], [14.248566, 40.8985625], [14.2484163, 40.8990987], [14.2483992, 40.89916], [14.2484791, 40.8992551]], [[14.2486715, 40.8985074], [14.248602, 40.8984389], [14.2483472, 40.8982213]]]}}, {"type": "Feature", "properties": {"id": "SS-NAP-1044", "nome": "Via Epitaffio", "quartiere": "", "classificazione": "giallo", "score": 3, "note": "strada urbana senza ciclabile", "ciclabile": "no", "n_corsie": "2", "senso_unico": "si", "n_testimonianze": "0", "zona": "B2"}, "geometry": {"type": "MultiLineString", "coordinates": [[[14.2542595, 40.8861244], [14.254298, 40.8860586], [14.2543112, 40.8860101], [14.2543086, 40.8859614], [14.254277, 40.8858989], [14.254043, 40.8855042], [14.2539724, 40.8853991], [14.2539041, 40.885307], [14.2534956, 40.8849216], [14.2534391, 40.884843], [14.253412, 40.8847582], [14.2534018, 40.8846874], [14.2533969, 40.8844973]], [[14.2533969, 40.8844973], [14.2533973, 40.8841723]]]}}, {"type": "Feature", "properties": {"id": "SS-NAP-1050", "nome": "Via Ernesto Grassi", "quartiere": "", "classificazione": "giallo", "score": 3, "note": "strada urbana senza ciclabile", "ciclabile": "no", "n_corsie": "2", "senso_unico": "si", "n_testimonianze": "0", "zona": "B2"}, "geometry": {"type": "LineString", "coordinates": [[14.2479139, 40.8732752], [14.2484311, 40.8734185]]}}, {"type": "Feature", "properties": {"id": "SS-NAP-1052", "nome": "Via Ernesto Pascal", "quartiere": "", "classificazione": "giallo", "score": 3, "note": "strada urbana senza ciclabile", "ciclabile": "no", "n_corsie": "2", "senso_unico": "no", "n_testimonianze": "0", "zona": "B2"}, "geometry": {"type": "LineString", "coordinates": [[14.2654504, 40.8940622], [14.2658025, 40.8937159], [14.2661408, 40.8933722], [14.2665729, 40.892944], [14.2670806, 40.8923848], [14.2672986, 40.8921517]]}}, {"type": "Feature", "properties": {"id": "SS-NAP-1055", "nome": "Via Esopo", "quartiere": "", "classificazione": "giallo", "score": 3, "note": "strada urbana senza ciclabile", "ciclabile": "no", "n_corsie": "2", "senso_unico": "si", "n_testimonianze": "0", "zona": "B2"}, "geometry": {"type": "MultiLineString", "coordinates": [[[14.3333133, 40.8663291], [14.3332508, 40.8663477], [14.333187, 40.8663666], [14.3326002, 40.8665408], [14.3316238, 40.8667594], [14.3306706, 40.8669109], [14.3306105, 40.8669205], [14.3305021, 40.8669378], [14.3300782, 40.8669797], [14.3297525, 40.867012], [14.3296949, 40.8670173], [14.3296364, 40.8670226]], [[14.3295548, 40.8667569], [14.329615, 40.8667519], [14.3296744, 40.8667469], [14.3304301, 40.866671], [14.3315348, 40.8664963], [14.3324675, 40.8662793], [14.3330522, 40.8661064], [14.3331619, 40.866074], [14.3332337, 40.8660528]]]}}, {"type": "Feature", "properties": {"id": "SS-NAP-1056", "nome": "Via Etna", "quartiere": "", "classificazione": "giallo", "score": 3, "note": "strada urbana senza ciclabile", "ciclabile": "no", "n_corsie": "2", "senso_unico": "si", "n_testimonianze": "0", "zona": "B2"}, "geometry": {"type": "MultiLineString", "coordinates": [[[14.2578617, 40.8969291], [14.2574698, 40.8973194], [14.2569776, 40.8978062], [14.2569509, 40.8978327]], [[14.2581088, 40.8966831], [14.2580869, 40.8967048], [14.2578617, 40.8969291]]]}}, {"type": "Feature", "properties": {"id": "SS-NAP-1057", "nome": "Via Ettore Bellini", "quartiere": "", "classificazione": "giallo", "score": 3, "note": "strada urbana senza ciclabile", "ciclabile": "no", "n_corsie": "2", "senso_unico": "si", "n_testimonianze": "0", "zona": "B2"}, "geometry": {"type": "LineString", "coordinates": [[14.2708151, 40.8577777], [14.2707112, 40.8577245], [14.2706022, 40.8576687], [14.2702686, 40.8574979], [14.2698183, 40.8572674], [14.2694181, 40.8570625], [14.2693273, 40.857016], [14.2693033, 40.8570037], [14.2691674, 40.8569341], [14.2688505, 40.8567719], [14.268791, 40.8567415], [14.2686977, 40.8566937], [14.268585, 40.856636], [14.2683785, 40.8565303], [14.2682682, 40.8564738], [14.2681833, 40.8564303], [14.2681302, 40.8564031], [14.2677773, 40.8562225], [14.2675405, 40.8561019], [14.2674522, 40.8560569]]}}, {"type": "Feature", "properties": {"id": "SS-NAP-1058", "nome": "Via Ettore Ciccotti", "quartiere": "", "classificazione": "giallo", "score": 3, "note": "strada urbana senza ciclabile", "ciclabile": "no", "n_corsie": "2", "senso_unico": "si", "n_testimonianze": "0", "zona": "B2"}, "geometry": {"type": "MultiLineString", "coordinates": [[[14.2471696, 40.890804], [14.2471239, 40.8908672], [14.2471068, 40.8909041], [14.2471012, 40.8909649], [14.247107, 40.8910111], [14.2471284, 40.8910526], [14.2474913, 40.8916538], [14.2477142, 40.8920249], [14.247781, 40.892136], [14.2480968, 40.8926616], [14.2482526, 40.8929243]], [[14.2507794, 40.8979243], [14.2508177, 40.8978912], [14.2508982, 40.8977939], [14.2509123, 40.8977678], [14.2509572, 40.8976845], [14.2509449, 40.8976017], [14.2509089, 40.8975182], [14.2507856, 40.8972871], [14.2506353, 40.8970113], [14.250394, 40.8966221], [14.2503243, 40.8965092], [14.2501404, 40.8962241], [14.2498253, 40.8957016], [14.2497663, 40.8956083], [14.2497282, 40.895568], [14.2496617, 40.8954683], [14.2493329, 40.8949127], [14.2490074, 40.8943626], [14.2485272, 40.8935757], [14.2482196, 40.8930716]], [[14.246226, 40.8910584], [14.2463815, 40.8910057], [14.2464459, 40.8911557], [14.2465795, 40.8911843], [14.2469292, 40.8910644], [14.2469869, 40.8910446]], [[14.2441821, 40.8917478], [14.2438624, 40.8918971], [14.2438924, 40.8919505]], [[14.2438924, 40.8919505], [14.2434304, 40.8921076], [14.2433572, 40.8921325], [14.2431303, 40.892173]], [[14.2482196, 40.8930716], [14.2481567, 40.8929625]], [[14.2482526, 40.8929243], [14.2483219, 40.8930334]], [[14.2483219, 40.8930334], [14.2486329, 40.8935418], [14.249447, 40.8948727], [14.2498134, 40.8954717], [14.2503702, 40.8963552], [14.2504425, 40.8964681], [14.2507695, 40.8969789], [14.2510283, 40.8974312], [14.2511021, 40.897648], [14.2510538, 40.8978183], [14.2510168, 40.8978708], [14.2509621, 40.8979485]], [[14.2481567, 40.8929625], [14.2477316, 40.8922718], [14.2476746, 40.8921784], [14.2476024, 40.8920601], [14.2473804, 40.8916963], [14.2470516, 40.8911518], [14.2469869, 40.8910446], [14.2469521, 40.8909669], [14.2469431, 40.8908974], [14.246945, 40.8908344], [14.2469617, 40.8907762], [14.2469945, 40.8906994], [14.2470357, 40.8906504], [14.2470743, 40.8906275]]]}}, {"type": "Feature", "properties": {"id": "SS-NAP-1061", "nome": "Via Ettore Lupo", "quartiere": "", "classificazione": "giallo", "score": 3, "note": "strada urbana senza ciclabile", "ciclabile": "no", "n_corsie": "2", "senso_unico": "si", "n_testimonianze": "0", "zona": "B2"}, "geometry": {"type": "MultiLineString", "coordinates": [[[14.2826436, 40.8896775], [14.2825638, 40.8897522], [14.2825407, 40.8897747], [14.2820284, 40.8902718]], [[14.2816572, 40.8906438], [14.2820284, 40.8902718]]]}}, {"type": "Feature", "properties": {"id": "SS-NAP-1066", "nome": "Via Eugenio Montale", "quartiere": "", "classificazione": "giallo", "score": 3, "note": "strada urbana senza ciclabile", "ciclabile": "no", "n_corsie": "2", "senso_unico": "si", "n_testimonianze": "0", "zona": "B2"}, "geometry": {"type": "LineString", "coordinates": [[14.329069, 40.864588], [14.3304339, 40.8643648], [14.3323025, 40.8640633], [14.3328435, 40.8639577], [14.3329088, 40.8639449], [14.3329665, 40.8639297], [14.3330229, 40.8639132]]}}, {"type": "Feature", "properties": {"id": "SS-NAP-1071", "nome": "Via Fabio Galeota", "quartiere": "", "classificazione": "blu", "score": 2, "note": "accesso limitato (ZTL)", "ciclabile": "no", "n_corsie": "1", "senso_unico": "no", "n_testimonianze": "0", "zona": "B2"}, "geometry": {"type": "LineString", "coordinates": [[14.2645281, 40.8649303], [14.2642251, 40.8651189]]}}, {"type": "Feature", "properties": {"id": "SS-NAP-1078", "nome": "Via Fausto Coppi", "quartiere": "", "classificazione": "giallo", "score": 3, "note": "strada urbana senza ciclabile", "ciclabile": "no", "n_corsie": "2", "senso_unico": "si", "n_testimonianze": "0", "zona": "B2"}, "geometry": {"type": "MultiLineString", "coordinates": [[[14.3330831, 40.863741], [14.3330644, 40.8637852], [14.3330229, 40.8639132], [14.3329959, 40.8640438], [14.3329922, 40.86408], [14.3329696, 40.8643002], [14.3329763, 40.8645713], [14.3330235, 40.8648311], [14.3331579, 40.8653084]], [[14.3346256, 40.8611608], [14.334582, 40.8612526], [14.3345396, 40.861342], [14.3343666, 40.8615938], [14.333425, 40.8631066], [14.3330831, 40.863741]], [[14.3332701, 40.8673658], [14.3333392, 40.8673079], [14.3333777, 40.867252], [14.333397, 40.8672241], [14.3334132, 40.8671897], [14.3334337, 40.867146], [14.3334509, 40.8671093], [14.3334849, 40.8669659], [14.3334617, 40.866844], [14.3333133, 40.8663291], [14.3332337, 40.8660528], [14.3331733, 40.8658432], [14.3331633, 40.8658085], [14.3331167, 40.8656469], [14.333001, 40.8652046], [14.3329019, 40.8648123], [14.3328841, 40.8647204], [14.3328568, 40.86458], [14.3328681, 40.8643092], [14.3328909, 40.8640719], [14.3328933, 40.8640468], [14.3329088, 40.8639449], [14.3329354, 40.863844], [14.332972, 40.8637421], [14.3329813, 40.8637151], [14.3330088, 40.8636353], [14.3330295, 40.8635938], [14.3333007, 40.8630508], [14.3334461, 40.8628157], [14.3336807, 40.8624364], [14.3338704, 40.8621297], [14.3339166, 40.862055], [14.3344007, 40.8612639], [14.3344278, 40.8612046], [14.3344259, 40.8611965], [14.3344154, 40.8611509], [14.3344172, 40.8610649]], [[14.3332392, 40.8637734], [14.3331854, 40.863852], [14.3331536, 40.8639282], [14.3331265, 40.8640511], [14.3331245, 40.8640905], [14.3331137, 40.8643013], [14.3331201, 40.8645609], [14.3331709, 40.8648161], [14.333229, 40.865057], [14.3332486, 40.8651456], [14.3332285, 40.8651979], [14.3331579, 40.8653084]], [[14.3331579, 40.8653084], [14.3332339, 40.8656285], [14.333287, 40.8657992], [14.3335795, 40.8668279], [14.3335938, 40.8669028], [14.3335958, 40.8670101], [14.3335591, 40.8671193], [14.3335233, 40.8672071], [14.3335024, 40.8672581], [14.3334563, 40.8673474]], [[14.3333276, 40.8627669], [14.3334983, 40.8625024], [14.3335152, 40.8624883], [14.3335339, 40.8624787], [14.3335617, 40.8624706], [14.3336807, 40.8624364]]]}}, {"type": "Feature", "properties": {"id": "SS-NAP-1080", "nome": "Via Federico Delpino", "quartiere": "", "classificazione": "giallo", "score": 3, "note": "strada urbana senza ciclabile", "ciclabile": "no", "n_corsie": "2", "senso_unico": "no", "n_testimonianze": "0", "zona": "B2"}, "geometry": {"type": "LineString", "coordinates": [[14.2597972, 40.861068], [14.2601969, 40.861404], [14.2603296, 40.8615145]]}}, {"type": "Feature", "properties": {"id": "SS-NAP-1081", "nome": "Via Federico Fellini", "quartiere": "", "classificazione": "giallo", "score": 3, "note": "strada urbana senza ciclabile", "ciclabile": "no", "n_corsie": "2", "senso_unico": "no", "n_testimonianze": "0", "zona": "B2"}, "geometry": {"type": "LineString", "coordinates": [[14.2456736, 40.9020917], [14.2456023, 40.9021089], [14.2452298, 40.9025162], [14.2451119, 40.9025172], [14.245105, 40.902185], [14.2449058, 40.9018515], [14.2446882, 40.9017712], [14.244531, 40.9018038], [14.2441946, 40.9019901], [14.2435278, 40.9024363], [14.2431183, 40.9027122], [14.2422704, 40.9033351], [14.2415913, 40.9038089], [14.2414641, 40.9039404], [14.2414411, 40.9041109], [14.2416514, 40.9043136]]}}, {"type": "Feature", "properties": {"id": "SS-NAP-1083", "nome": "Via Federico Persico", "quartiere": "", "classificazione": "giallo", "score": 3, "note": "strada urbana senza ciclabile", "ciclabile": "no", "n_corsie": "2", "senso_unico": "si", "n_testimonianze": "0", "zona": "B2"}, "geometry": {"type": "LineString", "coordinates": [[14.2711349, 40.8623983], [14.2711378, 40.8623575], [14.271189, 40.8616874], [14.2711924, 40.8616426], [14.2711953, 40.8616014], [14.2712353, 40.8610606], [14.2712433, 40.8609515], [14.2723262, 40.8610499], [14.2730378, 40.8611144], [14.2731295, 40.8611229]]}}, {"type": "Feature", "properties": {"id": "SS-NAP-1084", "nome": "Via Federico d'Aragona", "quartiere": "", "classificazione": "giallo", "score": 3, "note": "strada urbana senza ciclabile", "ciclabile": "no", "n_corsie": "2", "senso_unico": "no", "n_testimonianze": "0", "zona": "B2"}, "geometry": {"type": "LineString", "coordinates": [[14.2673184, 40.8532332], [14.2678396, 40.8532797], [14.2678873, 40.8532837]]}}, {"type": "Feature", "properties": {"id": "SS-NAP-1086", "nome": "Via Felice Cavallotti", "quartiere": "", "classificazione": "giallo", "score": 3, "note": "strada urbana senza ciclabile", "ciclabile": "no", "n_corsie": "2", "senso_unico": "si", "n_testimonianze": "0", "zona": "B2"}, "geometry": {"type": "MultiLineString", "coordinates": [[[14.2689607, 40.8588856], [14.26894, 40.8589195], [14.2687249, 40.8592787], [14.2687069, 40.8593087], [14.2686826, 40.8593492], [14.2684834, 40.8596814], [14.2684639, 40.8597138], [14.2684408, 40.8597523], [14.2682351, 40.8600953], [14.2682253, 40.8601116], [14.268209, 40.8601388], [14.2678448, 40.8607458], [14.2678231, 40.8607819]], [[14.267359, 40.8615558], [14.2673786, 40.8615249], [14.2675732, 40.8611989], [14.2675877, 40.8611745], [14.2676047, 40.8611462], [14.2677987, 40.8608226], [14.2678231, 40.8607819]]]}}, {"type": "Feature", "properties": {"id": "SS-NAP-1090", "nome": "Via Ferdinando Manlio", "quartiere": "", "classificazione": "giallo", "score": 3, "note": "strada urbana senza ciclabile", "ciclabile": "no", "n_corsie": "2", "senso_unico": "no", "n_testimonianze": "0", "zona": "B2"}, "geometry": {"type": "LineString", "coordinates": [[14.2734189, 40.8655802], [14.2741327, 40.8656505], [14.2747073, 40.8657068], [14.2751562, 40.8657597], [14.2752462, 40.8657702], [14.2754417, 40.8657947]]}}, {"type": "Feature", "properties": {"id": "SS-NAP-1096", "nome": "Via Ferrante Loffredo", "quartiere": "", "classificazione": "giallo", "score": 3, "note": "strada urbana senza ciclabile", "ciclabile": "no", "n_corsie": "2", "senso_unico": "si", "n_testimonianze": "0", "zona": "B2"}, "geometry": {"type": "LineString", "coordinates": [[14.2725569, 40.8597228], [14.2724358, 40.8604192], [14.2723262, 40.8610499], [14.272223, 40.8616435], [14.2722163, 40.8616815]]}}, {"type": "Feature", "properties": {"id": "SS-NAP-1098", "nome": "Via Ferrara", "quartiere": "", "classificazione": "giallo", "score": 3, "note": "strada urbana senza ciclabile", "ciclabile": "no", "n_corsie": "2", "senso_unico": "si", "n_testimonianze": "0", "zona": "B2"}, "geometry": {"type": "MultiLineString", "coordinates": [[[14.2750314, 40.8557896], [14.2749811, 40.8557844], [14.2740724, 40.8556899]], [[14.2740724, 40.8556899], [14.2739826, 40.8556803], [14.2732214, 40.8555991], [14.2731465, 40.8555911], [14.2730716, 40.8555834], [14.2723006, 40.8555041], [14.2722428, 40.8554982], [14.2721655, 40.8554902], [14.2713725, 40.8554115], [14.2713138, 40.8554009]], [[14.2758683, 40.8558766], [14.2757135, 40.8558604], [14.2751067, 40.8557974], [14.2750314, 40.8557896]]]}}, {"type": "Feature", "properties": {"id": "SS-NAP-1103", "nome": "Via Filippo Cavolino", "quartiere": "", "classificazione": "giallo", "score": 3, "note": "strada urbana senza ciclabile", "ciclabile": "no", "n_corsie": "2", "senso_unico": "si", "n_testimonianze": "0", "zona": "B2"}, "geometry": {"type": "LineString", "coordinates": [[14.2668415, 40.8669212], [14.2668408, 40.8665772], [14.2664469, 40.8662168], [14.2664142, 40.8661857], [14.2663912, 40.8661635], [14.2658455, 40.865678], [14.2658111, 40.8656465]]}}, {"type": "Feature", "properties": {"id": "SS-NAP-1106", "nome": "Via Filippo Maria Briganti", "quartiere": "", "classificazione": "giallo", "score": 3, "note": "strada urbana senza ciclabile", "ciclabile": "no", "n_corsie": "2", "senso_unico": "no", "n_testimonianze": "0", "zona": "B2"}, "geometry": {"type": "MultiLineString", "coordinates": [[[14.2785966, 40.8754862], [14.2785184, 40.8754319], [14.278461, 40.8753927]], [[14.2699362, 40.8678792], [14.2698321, 40.8680695]], [[14.2689764, 40.8664317], [14.269059, 40.8664613], [14.2690986, 40.8664781], [14.2691335, 40.8664998], [14.2692982, 40.8666656], [14.2694108, 40.8667914], [14.2695503, 40.8669699], [14.2696147, 40.86712], [14.2697327, 40.867408], [14.2699362, 40.8678792]], [[14.278461, 40.8753927], [14.2785578, 40.8754011], [14.2786465, 40.8753877], [14.2787213, 40.8753672]], [[14.278461, 40.8753927], [14.2771098, 40.8744632], [14.2770699, 40.8744338], [14.2770318, 40.874378], [14.2770097, 40.8743197], [14.2769263, 40.8738649], [14.2769229, 40.8738241], [14.2769137, 40.8737138], [14.2768266, 40.8736078], [14.2766734, 40.8734632], [14.2765185, 40.8733117], [14.2760673, 40.8729345], [14.2756025, 40.8725401], [14.2754105, 40.8724025], [14.2751028, 40.872262], [14.2747611, 40.8722336], [14.2745351, 40.8722564], [14.2743103, 40.8723168], [14.2740277, 40.8724029], [14.2738373, 40.8724147], [14.273725, 40.872305], [14.2737133, 40.8721427], [14.2738174, 40.8720316], [14.2739113, 40.8719999], [14.2742094, 40.8719592], [14.2745903, 40.8718919], [14.2749023, 40.8718323], [14.2750389, 40.8717149], [14.2750296, 40.8715445], [14.2749812, 40.8714069], [14.274914, 40.8712893], [14.2747582, 40.871185], [14.2746237, 40.8711367], [14.2744677, 40.8712175], [14.2743147, 40.8713574], [14.2741363, 40.8714264], [14.2738661, 40.8714097], [14.2736159, 40.8713182], [14.2735234, 40.871289], [14.2733766, 40.8712152], [14.2732387, 40.8711002], [14.2731045, 40.8710134], [14.2728388, 40.8710444], [14.2726668, 40.8711043], [14.2724686, 40.871146], [14.2722366, 40.8711174], [14.2720911, 40.8709838], [14.2719666, 40.8708722], [14.2719387, 40.870821], [14.271922, 40.8707678], [14.2719401, 40.8704627], [14.2719418, 40.8704095], [14.2719177, 40.8703033], [14.2718852, 40.8702427], [14.2718145, 40.8701948], [14.2717404, 40.8701709], [14.2716468, 40.8701522], [14.2715711, 40.8701516], [14.2715123, 40.8701621], [14.2711901, 40.8702429], [14.271119, 40.8702548], [14.2710356, 40.8702612], [14.270946, 40.8702556], [14.2708569, 40.8702411], [14.2707896, 40.8702204], [14.2707359, 40.8701933], [14.2706987, 40.87016], [14.2706654, 40.8701212], [14.2706459, 40.8700625], [14.2706403, 40.8700254], [14.2706424, 40.8699621], [14.2706501, 40.8698992], [14.2706865, 40.8698401], [14.2707309, 40.8697978], [14.2708386, 40.8697413], [14.270956, 40.8696918], [14.2710209, 40.8696538], [14.271069, 40.8696194], [14.2711094, 40.869586], [14.2711408, 40.8695208], [14.2711357, 40.8694601], [14.271071, 40.8691478], [14.2710331, 40.8690406], [14.2709801, 40.8689418], [14.2709193, 40.8688317], [14.2707533, 40.8685996], [14.2706471, 40.8684867], [14.2705637, 40.8684212], [14.2702626, 40.868212], [14.2701493, 40.868156], [14.2700789, 40.8681285]], [[14.2700789, 40.8681285], [14.2698321, 40.8680695]], [[14.2699362, 40.8678792], [14.2700789, 40.8681285]]]}}, {"type": "Feature", "properties": {"id": "SS-NAP-1113", "nome": "Via Firenze", "quartiere": "", "classificazione": "rosso", "score": 4, "note": "strada secondaria trafficata", "ciclabile": "no", "n_corsie": "2", "senso_unico": "si", "n_testimonianze": "0", "zona": "B2"}, "geometry": {"type": "LineString", "coordinates": [[14.2683727, 40.8539041], [14.2684286, 40.8539272], [14.2684631, 40.8539416], [14.2685027, 40.853955], [14.2685507, 40.8539659], [14.2689775, 40.8540161], [14.2690119, 40.85402], [14.2696704, 40.8540833], [14.2697218, 40.8540888], [14.2703649, 40.8541566], [14.270415, 40.8541613], [14.2712434, 40.8542415], [14.2713925, 40.8542559]]}}, {"type": "Feature", "properties": {"id": "SS-NAP-1114", "nome": "Via Fiume", "quartiere": "", "classificazione": "giallo", "score": 3, "note": "strada urbana senza ciclabile", "ciclabile": "no", "n_corsie": "2", "senso_unico": "si", "n_testimonianze": "0", "zona": "B2"}, "geometry": {"type": "LineString", "coordinates": [[14.2760436, 40.8628473], [14.2760905, 40.8628505], [14.2762518, 40.8628656], [14.2764408, 40.8628656]]}}, {"type": "Feature", "properties": {"id": "SS-NAP-1118", "nome": "Via Foggia", "quartiere": "", "classificazione": "giallo", "score": 3, "note": "strada urbana senza ciclabile", "ciclabile": "no", "n_corsie": "2", "senso_unico": "si", "n_testimonianze": "0", "zona": "B2"}, "geometry": {"type": "MultiLineString", "coordinates": [[[14.2751738, 40.8573131], [14.2752341, 40.8573643], [14.2754729, 40.8575634], [14.2755127, 40.8576068], [14.2754454, 40.8580002], [14.2754148, 40.8581882], [14.2753723, 40.8584499], [14.2752867, 40.8589953], [14.2752789, 40.8590277]], [[14.2750838, 40.8602799], [14.2751815, 40.8597106], [14.27524, 40.8593694], [14.2752628, 40.8592015], [14.2752759, 40.8591618]]]}}, {"type": "Feature", "properties": {"id": "SS-NAP-1119", "nome": "Via Fonseca", "quartiere": "", "classificazione": "giallo", "score": 3, "note": "strada urbana senza ciclabile", "ciclabile": "no", "n_corsie": "2", "senso_unico": "si", "n_testimonianze": "0", "zona": "B2"}, "geometry": {"type": "MultiLineString", "coordinates": [[[14.2497207, 40.8563597], [14.2499868, 40.8559767], [14.2502497, 40.8556323]], [[14.2493382, 40.8579094], [14.2491743, 40.8585059], [14.248741, 40.858487], [14.2487187, 40.8584864], [14.2485387, 40.858486], [14.248407, 40.8584852]], [[14.2494531, 40.8573832], [14.2493382, 40.8579094]], [[14.2497207, 40.8563597], [14.2495707, 40.8568768], [14.2494531, 40.8573832]]]}}, {"type": "Feature", "properties": {"id": "SS-NAP-1120", "nome": "Via Fontanelle", "quartiere": "", "classificazione": "giallo", "score": 3, "note": "strada urbana senza ciclabile", "ciclabile": "no", "n_corsie": "2", "senso_unico": "no", "n_testimonianze": "0", "zona": "B2"}, "geometry": {"type": "MultiLineString", "coordinates": [[[14.2450871, 40.8580067], [14.2452213, 40.8580937]], [[14.2402354, 40.8586249], [14.2407953, 40.8584423], [14.2410186, 40.8584294], [14.2411282, 40.858423], [14.2413627, 40.8584424], [14.2414754, 40.8584875], [14.2416814, 40.8586628], [14.2419229, 40.8590088], [14.2421807, 40.8591553]], [[14.2402354, 40.8586249], [14.2396983, 40.8587328], [14.2394263, 40.8587776], [14.2392221, 40.8588436]], [[14.2450871, 40.8580067], [14.2450031, 40.8581045], [14.2445034, 40.8586289], [14.244119, 40.8589421], [14.2439255, 40.8589867], [14.2436911, 40.8589834], [14.242883, 40.8589309], [14.2424796, 40.8590847], [14.2424112, 40.8591175], [14.2423483, 40.8591477], [14.2421807, 40.8591553]], [[14.2450031, 40.8581045], [14.245032, 40.8580955], [14.2450916, 40.8580813], [14.2451439, 40.8580803], [14.2451902, 40.8580849], [14.2452213, 40.8580937]], [[14.2452213, 40.8580937], [14.2452748, 40.8581232], [14.2453154, 40.8581598], [14.2458064, 40.8587421], [14.2458606, 40.8587948]]]}}, {"type": "Feature", "properties": {"id": "SS-NAP-1121", "nome": "Via Fontanelle al Trivio", "quartiere": "", "classificazione": "giallo", "score": 3, "note": "strada urbana senza ciclabile", "ciclabile": "no", "n_corsie": "2", "senso_unico": "no", "n_testimonianze": "0", "zona": "B2"}, "geometry": {"type": "LineString", "coordinates": [[14.2756314, 40.8658145], [14.2760878, 40.8665444], [14.2765125, 40.8669689], [14.2765307, 40.866987], [14.2773176, 40.8678602]]}}, {"type": "Feature", "properties": {"id": "SS-NAP-1123", "nome": "Via Foria", "quartiere": "", "classificazione": "rosso", "score": 4, "note": "strada principale trafficata (3 corsie)", "ciclabile": "no", "n_corsie": "3", "senso_unico": "si", "n_testimonianze": "0", "zona": "B2"}, "geometry": {"type": "MultiLineString", "coordinates": [[[14.257011, 40.8557998], [14.2569615, 40.855854]], [[14.2555028, 40.8552236], [14.2558037, 40.8553416], [14.2559479, 40.8553978], [14.2559726, 40.855407], [14.2565261, 40.8556163], [14.257011, 40.8557998]], [[14.261207, 40.8587345], [14.2611401, 40.8587939]], [[14.2622694, 40.8596622], [14.2623229, 40.8595949]], [[14.2649022, 40.8616836], [14.2649753, 40.8616349]], [[14.2649753, 40.8616349], [14.265086, 40.8617344], [14.2652625, 40.8618931]], [[14.2649022, 40.8616836], [14.2647342, 40.8615445], [14.2646038, 40.8614365], [14.2638749, 40.8608697], [14.2635076, 40.8605984], [14.2633311, 40.8604565], [14.2623575, 40.8597281], [14.2622694, 40.8596622], [14.2621712, 40.8595872], [14.2618678, 40.8593543], [14.2618459, 40.8593374], [14.2612784, 40.8588992], [14.2611762, 40.8588201], [14.2611401, 40.8587939], [14.2609868, 40.8586788], [14.2608644, 40.858587], [14.2606348, 40.8584103], [14.2602462, 40.8581128], [14.2598328, 40.8577956], [14.2597737, 40.8577487], [14.2597054, 40.8576927], [14.2595104, 40.8575427], [14.2594056, 40.8574655], [14.258712, 40.8569534], [14.2580358, 40.8564542], [14.2578798, 40.856339], [14.2571102, 40.8559325], [14.2569615, 40.855854], [14.2564856, 40.8556716], [14.2559357, 40.855461], [14.2554441, 40.8552756]], [[14.2651743, 40.8619468], [14.2649022, 40.8616836]], [[14.2623229, 40.8595949], [14.2624285, 40.8596757], [14.2634006, 40.8604059], [14.2636584, 40.8605987], [14.2639425, 40.8608205], [14.2642353, 40.8610491], [14.2646667, 40.8613889], [14.2649753, 40.8616349]], [[14.2596087, 40.8575021], [14.25985, 40.8576882], [14.2599209, 40.8577428], [14.2603254, 40.8580547], [14.2606489, 40.8583042], [14.2609444, 40.8585334], [14.2610564, 40.8586219], [14.261207, 40.8587345], [14.2613479, 40.8588431], [14.2614066, 40.8588884], [14.2616652, 40.8590878], [14.2619181, 40.8592828], [14.2620468, 40.859382], [14.2622371, 40.8595288], [14.2623229, 40.8595949]], [[14.257011, 40.8557998], [14.2571535, 40.8558737], [14.257478, 40.8560379], [14.2579443, 40.8562864], [14.2581043, 40.8564033], [14.2587816, 40.8568981], [14.2594465, 40.8573837], [14.2594815, 40.8574143], [14.2596087, 40.8575021]]]}}, {"type": "Feature", "properties": {"id": "SS-NAP-1126", "nome": "Via Fra' Gregorio Carafa", "quartiere": "", "classificazione": "giallo", "score": 3, "note": "strada urbana senza ciclabile", "ciclabile": "no", "n_corsie": "2", "senso_unico": "si", "n_testimonianze": "0", "zona": "B2"}, "geometry": {"type": "MultiLineString", "coordinates": [[[14.2685521, 40.8615093], [14.2678221, 40.8612559], [14.2676378, 40.8611919], [14.2675877, 40.8611745], [14.2675487, 40.861161], [14.2670514, 40.8609884]], [[14.2670514, 40.8609884], [14.2669352, 40.86095]]]}}, {"type": "Feature", "properties": {"id": "SS-NAP-1127", "nome": "Via Francesco Aggello", "quartiere": "", "classificazione": "giallo", "score": 3, "note": "strada urbana senza ciclabile", "ciclabile": "no", "n_corsie": "2", "senso_unico": "si", "n_testimonianze": "0", "zona": "B2"}, "geometry": {"type": "MultiLineString", "coordinates": [[[14.2846985, 40.8908323], [14.284824, 40.890745], [14.2850663, 40.8905766], [14.2851602, 40.890559], [14.2854341, 40.8905569], [14.2855228, 40.8905392], [14.2858342, 40.8902771], [14.2864796, 40.8895924], [14.2870132, 40.8891109], [14.2871672, 40.8889285]], [[14.2872433, 40.8888799], [14.2871672, 40.8889285]], [[14.2871672, 40.8889285], [14.2871816, 40.8888299]]]}}, {"type": "Feature", "properties": {"id": "SS-NAP-1132", "nome": "Via Francesco Barbato", "quartiere": "", "classificazione": "giallo", "score": 3, "note": "strada urbana senza ciclabile", "ciclabile": "no", "n_corsie": "2", "senso_unico": "si", "n_testimonianze": "0", "zona": "B2"}, "geometry": {"type": "LineString", "coordinates": [[14.2845122, 40.8895625], [14.2854925, 40.8900924], [14.2858342, 40.8902771]]}}, {"type": "Feature", "properties": {"id": "SS-NAP-1135", "nome": "Via Francesco Bolvito", "quartiere": "", "classificazione": "giallo", "score": 3, "note": "strada urbana senza ciclabile", "ciclabile": "no", "n_corsie": "2", "senso_unico": "no", "n_testimonianze": "0", "zona": "B2"}, "geometry": {"type": "MultiLineString", "coordinates": [[[14.2777713, 40.8888429], [14.2777035, 40.8888705], [14.2772493, 40.8891006], [14.2763323, 40.8895779]], [[14.2763323, 40.8895779], [14.2760935, 40.8897088], [14.2754131, 40.8900361], [14.2751214, 40.8902092], [14.2744326, 40.8905875]]]}}, {"type": "Feature", "properties": {"id": "SS-NAP-1136", "nome": "Via Francesco Bufi", "quartiere": "", "classificazione": "giallo", "score": 3, "note": "strada urbana senza ciclabile", "ciclabile": "no", "n_corsie": "2", "senso_unico": "si", "n_testimonianze": "0", "zona": "B2"}, "geometry": {"type": "LineString", "coordinates": [[14.2482323, 40.8738268], [14.2477174, 40.8736797]]}}, {"type": "Feature", "properties": {"id": "SS-NAP-1143", "nome": "Via Francesco Curia", "quartiere": "", "classificazione": "giallo", "score": 3, "note": "strada urbana senza ciclabile", "ciclabile": "no", "n_corsie": "2", "senso_unico": "si", "n_testimonianze": "0", "zona": "B2"}, "geometry": {"type": "LineString", "coordinates": [[14.2477622, 40.8696219], [14.2478322, 40.8696138], [14.248092, 40.8695787], [14.2486099, 40.8693639]]}}, {"type": "Feature", "properties": {"id": "SS-NAP-1145", "nome": "Via Francesco De Pinedo", "quartiere": "", "classificazione": "rosso", "score": 4, "note": "strada secondaria trafficata", "ciclabile": "no", "n_corsie": "2", "senso_unico": "si", "n_testimonianze": "0", "zona": "B2"}, "geometry": {"type": "MultiLineString", "coordinates": [[[14.2723609, 40.8823748], [14.2724435, 40.8824773], [14.2725286, 40.8825676], [14.2733166, 40.8833409], [14.2740839, 40.8840939], [14.2748286, 40.884836], [14.2755563, 40.8855611]], [[14.2754315, 40.8857561], [14.2753128, 40.885623]], [[14.2755955, 40.8856025], [14.2756149, 40.8856841], [14.2756324, 40.8857799], [14.275639, 40.8858556], [14.2756486, 40.8859031], [14.2756686, 40.8859687], [14.2756905, 40.886023]], [[14.272102, 40.8820603], [14.2722517, 40.8822646], [14.2722858, 40.8823028], [14.2723609, 40.8823748]], [[14.2753128, 40.885623], [14.2752746, 40.8855797], [14.274947, 40.8852184], [14.2746728, 40.8849171], [14.2745152, 40.8847439], [14.2739125, 40.8841509], [14.2731733, 40.8834235], [14.2729169, 40.8831712], [14.2722188, 40.882459], [14.2721643, 40.8824052], [14.2721288, 40.882374], [14.2721067, 40.8823545], [14.2720482, 40.8823105], [14.2719783, 40.8822795]], [[14.2755563, 40.8855611], [14.2755955, 40.8856025]]]}}, {"type": "Feature", "properties": {"id": "SS-NAP-1148", "nome": "Via Francesco Feo", "quartiere": "", "classificazione": "giallo", "score": 3, "note": "strada urbana senza ciclabile", "ciclabile": "no", "n_corsie": "2", "senso_unico": "no", "n_testimonianze": "0", "zona": "B2"}, "geometry": {"type": "LineString", "coordinates": [[14.2702714, 40.8763697], [14.2701974, 40.8763766], [14.2684508, 40.8765388], [14.2683872, 40.875963]]}}, {"type": "Feature", "properties": {"id": "SS-NAP-1149", "nome": "Via Francesco Ferrante d'Avalos", "quartiere": "", "classificazione": "giallo", "score": 3, "note": "strada urbana senza ciclabile", "ciclabile": "no", "n_corsie": "2", "senso_unico": "no", "n_testimonianze": "0", "zona": "B2"}, "geometry": {"type": "MultiLineString", "coordinates": [[[14.2700438, 40.8592636], [14.2700211, 40.8593037], [14.2698137, 40.8596697], [14.2697841, 40.8597182]], [[14.2693547, 40.8604697], [14.2693714, 40.8604405], [14.269563, 40.860105], [14.2695865, 40.8600639], [14.2696066, 40.8600287], [14.2697309, 40.8598112], [14.2697841, 40.8597182]]]}}, {"type": "Feature", "properties": {"id": "SS-NAP-1152", "nome": "Via Francesco Gaeta", "quartiere": "", "classificazione": "giallo", "score": 3, "note": "strada urbana senza ciclabile", "ciclabile": "no", "n_corsie": "2", "senso_unico": "no", "n_testimonianze": "0", "zona": "B2"}, "geometry": {"type": "LineString", "coordinates": [[14.2735234, 40.871289], [14.273859, 40.8708456], [14.2740885, 40.8705516]]}}, {"type": "Feature", "properties": {"id": "SS-NAP-1157", "nome": "Via Francesco Lauria", "quartiere": "", "classificazione": "giallo", "score": 3, "note": "strada urbana senza ciclabile", "ciclabile": "no", "n_corsie": "2", "senso_unico": "si", "n_testimonianze": "0", "zona": "B2"}, "geometry": {"type": "LineString", "coordinates": [[14.2810999, 40.859647], [14.2809749, 40.8595881], [14.2809182, 40.8595616], [14.2799002, 40.8590831], [14.279869, 40.8590684], [14.2794781, 40.8588847], [14.2791608, 40.8587355], [14.27889, 40.8586082], [14.2788201, 40.8585729], [14.2787707, 40.8585518], [14.2786608, 40.8585108], [14.2785699, 40.8584796], [14.2784675, 40.8584568], [14.2784492, 40.8584542], [14.2783364, 40.8584385], [14.2782007, 40.8584242], [14.2772032, 40.8583282], [14.2771345, 40.8583216], [14.2769251, 40.8583014], [14.2768979, 40.8582989], [14.2768219, 40.8582921]]}}, {"type": "Feature", "properties": {"id": "SS-NAP-1162", "nome": "Via Francesco Paolo Bozzelli", "quartiere": "", "classificazione": "giallo", "score": 3, "note": "strada urbana senza ciclabile", "ciclabile": "no", "n_corsie": "2", "senso_unico": "no", "n_testimonianze": "0", "zona": "B2"}, "geometry": {"type": "LineString", "coordinates": [[14.2720911, 40.8709838], [14.273022, 40.8707696], [14.2732612, 40.8707924], [14.273859, 40.8708456]]}}, {"type": "Feature", "properties": {"id": "SS-NAP-1167", "nome": "Via Francesco Provenzale", "quartiere": "", "classificazione": "giallo", "score": 3, "note": "strada urbana senza ciclabile", "ciclabile": "no", "n_corsie": "2", "senso_unico": "no", "n_testimonianze": "0", "zona": "B2"}, "geometry": {"type": "MultiLineString", "coordinates": [[[14.2690998, 40.8737928], [14.2694324, 40.8738496], [14.2691954, 40.8747364]], [[14.2699313, 40.8748404], [14.2699943, 40.8743445], [14.2700145, 40.8739591], [14.2700091, 40.8738476], [14.2699796, 40.8738111], [14.2699246, 40.8737705], [14.2697543, 40.8736995], [14.2696108, 40.8736174], [14.2693399, 40.8734389], [14.2690542, 40.8732482], [14.2689483, 40.8731976], [14.2688262, 40.8731763], [14.2685821, 40.8731307]], [[14.2699313, 40.8748404], [14.2694095, 40.8747671], [14.2691954, 40.8747364], [14.2685097, 40.8746406], [14.268617, 40.8740119]], [[14.2703566, 40.8749123], [14.2702615, 40.8748942], [14.2699313, 40.8748404]]]}}, {"type": "Feature", "properties": {"id": "SS-NAP-1168", "nome": "Via Francesco Rismondi", "quartiere": "", "classificazione": "giallo", "score": 3, "note": "strada urbana senza ciclabile", "ciclabile": "no", "n_corsie": "2", "senso_unico": "no", "n_testimonianze": "0", "zona": "B2"}, "geometry": {"type": "MultiLineString", "coordinates": [[[14.2555693, 40.8925896], [14.2556322, 40.8925886], [14.2559334, 40.8925789], [14.2572064, 40.8925585]], [[14.2559334, 40.8925789], [14.2556214, 40.8922666]]]}}, {"type": "Feature", "properties": {"id": "SS-NAP-1171", "nome": "Via Francesco Saverio Nitti", "quartiere": "", "classificazione": "giallo", "score": 3, "note": "strada urbana senza ciclabile", "ciclabile": "no", "n_corsie": "2", "senso_unico": "no", "n_testimonianze": "0", "zona": "B2"}, "geometry": {"type": "LineString", "coordinates": [[14.2675495, 40.8578879], [14.2672337, 40.857738], [14.267164, 40.8577049]]}}, {"type": "Feature", "properties": {"id": "SS-NAP-1176", "nome": "Via Francesco Toraldo", "quartiere": "", "classificazione": "giallo", "score": 3, "note": "strada urbana senza ciclabile", "ciclabile": "no", "n_corsie": "2", "senso_unico": "no", "n_testimonianze": "0", "zona": "B2"}, "geometry": {"type": "LineString", "coordinates": [[14.2703091, 40.8611702], [14.2702549, 40.8611521], [14.2699124, 40.8610375], [14.269618, 40.860939], [14.269504, 40.8609008]]}}, {"type": "Feature", "properties": {"id": "SS-NAP-1182", "nome": "Via Fratelli Cervi", "quartiere": "", "classificazione": "giallo", "score": 3, "note": "strada urbana senza ciclabile", "ciclabile": "no", "n_corsie": "2", "senso_unico": "no", "n_testimonianze": "0", "zona": "B2"}, "geometry": {"type": "MultiLineString", "coordinates": [[[14.247704, 40.9036386], [14.2468053, 40.9033163], [14.2463793, 40.9031609], [14.2462314, 40.9031019], [14.2461204, 40.9030879], [14.2459604, 40.9030963], [14.2458345, 40.9031297]], [[14.2421121, 40.905486], [14.2418849, 40.9056045], [14.2407273, 40.9065712], [14.2405474, 40.9067214], [14.2395948, 40.9075434], [14.2390685, 40.9079823], [14.2388495, 40.908169], [14.2386355, 40.9085529]], [[14.2374985, 40.9120442], [14.2374185, 40.9115273], [14.2374564, 40.9112542], [14.237547, 40.9108598], [14.2376305, 40.9105055], [14.2377386, 40.9100025], [14.2378465, 40.9094717], [14.2379123, 40.9090869]], [[14.237879, 40.9088838], [14.2379242, 40.9087638], [14.2379947, 40.9086927], [14.2381473, 40.9085745], [14.2384198, 40.9084469], [14.2390023, 40.9079569], [14.2395356, 40.9075069], [14.2404914, 40.9066753], [14.2406672, 40.9065285], [14.2417999, 40.9055824], [14.2418897, 40.9054617], [14.2419532, 40.9053474]], [[14.2405474, 40.9067214], [14.2404914, 40.9066753], [14.2404054, 40.9066083], [14.2402659, 40.9065313], [14.2393325, 40.9068556], [14.2390576, 40.9068727], [14.2377577, 40.9069596], [14.2372364, 40.9070164]], [[14.2377892, 40.9090414], [14.2376642, 40.9091422], [14.2376374, 40.9091868]], [[14.2375087, 40.9088678], [14.2377125, 40.9089476], [14.2377747, 40.9089498]], [[14.2458345, 40.9031297], [14.2454267, 40.9033426], [14.2446798, 40.9038224], [14.2440287, 40.9042129], [14.2439645, 40.9042514]], [[14.2439645, 40.9042514], [14.2438385, 40.9043675], [14.2435431, 40.9045485], [14.2428568, 40.9049693], [14.2425434, 40.9051638], [14.2424256, 40.9052616], [14.2423315, 40.9053684]], [[14.242191, 40.9052044], [14.2423566, 40.90516], [14.2424785, 40.9051043], [14.2428028, 40.9049203], [14.2434959, 40.9045075], [14.2437953, 40.9043293], [14.2439645, 40.9042514]], [[14.2386355, 40.9085529], [14.2382735, 40.9088767], [14.2380367, 40.9089975]]]}}, {"type": "Feature", "properties": {"id": "SS-NAP-1186", "nome": "Via Fratelli Wright", "quartiere": "", "classificazione": "giallo", "score": 3, "note": "strada urbana senza ciclabile", "ciclabile": "no", "n_corsie": "2", "senso_unico": "no", "n_testimonianze": "0", "zona": "B2"}, "geometry": {"type": "MultiLineString", "coordinates": [[[14.2992167, 40.8871738], [14.2993068, 40.8870902], [14.2994946, 40.8870577], [14.2996569, 40.8870377], [14.2997427, 40.8870519], [14.299911, 40.8871117], [14.3000257, 40.8869665], [14.3004937, 40.8865397], [14.3007327, 40.8863497], [14.3007289, 40.8863091], [14.300719, 40.8862477], [14.3006587, 40.8861432], [14.3005836, 40.8860581], [14.3005165, 40.8859709], [14.3004213, 40.8858644], [14.3002898, 40.8857407], [14.3002013, 40.8856586], [14.3000149, 40.8855106], [14.2998634, 40.8853929], [14.2997856, 40.8853392], [14.2996086, 40.8852277], [14.299453, 40.8851334], [14.2992344, 40.885032], [14.299099, 40.8849714], [14.2988871, 40.8848931], [14.2987409, 40.8848406], [14.2984834, 40.8847745], [14.2980408, 40.884668], [14.2978491, 40.8846246], [14.2975407, 40.8845506], [14.2974279, 40.884522], [14.2973086, 40.8844725], [14.2972442, 40.8844287], [14.2971651, 40.8843729], [14.2970739, 40.88423], [14.2970055, 40.8841124], [14.2968258, 40.8838011], [14.2966675, 40.8835304], [14.2966286, 40.8834685], [14.2965951, 40.883428], [14.2965549, 40.8833884], [14.2965039, 40.8833611], [14.2964355, 40.8833205], [14.2963349, 40.883283], [14.2961741, 40.8832394], [14.2960064, 40.8832191]], [[14.3001611, 40.8872636], [14.3000847, 40.8872058], [14.299911, 40.8871117]]]}}, {"type": "Feature", "properties": {"id": "SS-NAP-1187", "nome": "Via Frediano Cavara", "quartiere": "", "classificazione": "giallo", "score": 3, "note": "strada urbana senza ciclabile", "ciclabile": "no", "n_corsie": "2", "senso_unico": "si", "n_testimonianze": "0", "zona": "B2"}, "geometry": {"type": "LineString", "coordinates": [[14.2626979, 40.8570344], [14.262679, 40.8570556], [14.2623829, 40.8573871], [14.261805, 40.8580692], [14.2617731, 40.8581052], [14.2615451, 40.8583597], [14.261268, 40.8586669], [14.261207, 40.8587345]]}}, {"type": "Feature", "properties": {"id": "SS-NAP-1188", "nome": "Via Fuori Porta San Gennaro", "quartiere": "", "classificazione": "giallo", "score": 3, "note": "strada urbana senza ciclabile", "ciclabile": "no", "n_corsie": "2", "senso_unico": "no", "n_testimonianze": "0", "zona": "B2"}, "geometry": {"type": "LineString", "coordinates": [[14.2558207, 40.8556524], [14.2556314, 40.8559375], [14.2555582, 40.8560385], [14.2553923, 40.8562769], [14.2553828, 40.8563679]]}}, {"type": "Feature", "properties": {"id": "SS-NAP-1190", "nome": "Via Gabriele Cirillo", "quartiere": "", "classificazione": "giallo", "score": 3, "note": "strada urbana senza ciclabile", "ciclabile": "no", "n_corsie": "2", "senso_unico": "si", "n_testimonianze": "0", "zona": "B2"}, "geometry": {"type": "MultiLineString", "coordinates": [[[14.3324409, 40.8533569], [14.3325521, 40.8533916]], [[14.3325521, 40.8533916], [14.3326875, 40.8534365]], [[14.3326875, 40.8534365], [14.3332693, 40.8536317], [14.3332743, 40.8536346], [14.3332763, 40.8536364], [14.3332769, 40.853639], [14.3332761, 40.8536417], [14.3329166, 40.8542477], [14.3328093, 40.8544492]]]}}, {"type": "Feature", "properties": {"id": "SS-NAP-1193", "nome": "Via Gaetano Argento", "quartiere": "", "classificazione": "giallo", "score": 3, "note": "strada urbana senza ciclabile", "ciclabile": "no", "n_corsie": "2", "senso_unico": "si", "n_testimonianze": "0", "zona": "B2"}, "geometry": {"type": "LineString", "coordinates": [[14.267685, 40.8634461], [14.2678748, 40.8631119], [14.2679203, 40.8630302], [14.2679577, 40.8629642], [14.2682796, 40.8623959], [14.2682961, 40.8623668], [14.2683093, 40.8623432], [14.2685303, 40.8619524], [14.268542, 40.8619316], [14.2685677, 40.8618862], [14.2687406, 40.8615807], [14.2688316, 40.8614199], [14.26885, 40.8613188]]}}, {"type": "Feature", "properties": {"id": "SS-NAP-1196", "nome": "Via Gaetano Forte", "quartiere": "", "classificazione": "giallo", "score": 3, "note": "strada urbana senza ciclabile", "ciclabile": "no", "n_corsie": "2", "senso_unico": "si", "n_testimonianze": "0", "zona": "B2"}, "geometry": {"type": "LineString", "coordinates": [[14.2486664, 40.8724286], [14.2487102, 40.8719263]]}}, {"type": "Feature", "properties": {"id": "SS-NAP-1197", "nome": "Via Gaetano Manfredi", "quartiere": "", "classificazione": "giallo", "score": 3, "note": "strada urbana senza ciclabile", "ciclabile": "no", "n_corsie": "2", "senso_unico": "no", "n_testimonianze": "0", "zona": "B2"}, "geometry": {"type": "MultiLineString", "coordinates": [[[14.2456564, 40.8727185], [14.2467973, 40.8725982]], [[14.2467973, 40.8725982], [14.2476952, 40.8725221], [14.2477101, 40.8725207]], [[14.2489203, 40.8724041], [14.2490252, 40.872394], [14.2492557, 40.872459], [14.2493306, 40.8724802]], [[14.2477101, 40.8725207], [14.248304, 40.8724635], [14.2486664, 40.8724286], [14.2489203, 40.8724041]]]}}, {"type": "Feature", "properties": {"id": "SS-NAP-1200", "nome": "Via Galeone", "quartiere": "", "classificazione": "giallo", "score": 3, "note": "strada urbana senza ciclabile", "ciclabile": "no", "n_corsie": "2", "senso_unico": "no", "n_testimonianze": "0", "zona": "B2"}, "geometry": {"type": "MultiLineString", "coordinates": [[[14.3121076, 40.8719293], [14.3125361, 40.8714253], [14.3126132, 40.8713347], [14.3126508, 40.8712576], [14.3126696, 40.8711501], [14.3126427, 40.8707931], [14.3126749, 40.8705477], [14.3127259, 40.8704666], [14.3131761, 40.8701263], [14.3135598, 40.8698974], [14.3138285, 40.8697555], [14.3143018, 40.8694686], [14.3146727, 40.8691655], [14.3148488, 40.868973], [14.3148668, 40.8689483], [14.3153299, 40.8683148], [14.3153684, 40.8682617], [14.3155461, 40.8680157], [14.3157942, 40.8676725], [14.3158785, 40.8675565], [14.3160168, 40.8673662], [14.3164968, 40.8667055]], [[14.312346, 40.874412], [14.3122749, 40.8743889], [14.3120925, 40.8742449], [14.311784, 40.8740401], [14.3115964, 40.8738883], [14.3115335, 40.873806], [14.3115241, 40.8737057], [14.3115431, 40.8734521], [14.3116598, 40.8728863], [14.3117092, 40.8724948], [14.3118701, 40.8722109]], [[14.3118701, 40.8722109], [14.3121076, 40.8719293]]]}}, {"type": "Feature", "properties": {"id": "SS-NAP-1203", "nome": "Via Gandhi", "quartiere": "", "classificazione": "giallo", "score": 3, "note": "strada urbana senza ciclabile", "ciclabile": "no", "n_corsie": "2", "senso_unico": "no", "n_testimonianze": "0", "zona": "B2"}, "geometry": {"type": "MultiLineString", "coordinates": [[[14.2443341, 40.892794], [14.2443001, 40.8927332], [14.244076, 40.892303], [14.2438924, 40.8919505]], [[14.2432111, 40.8925831], [14.244076, 40.892303]]]}}, {"type": "Feature", "properties": {"id": "SS-NAP-1204", "nome": "Via Generale Biagio de Benedictis", "quartiere": "", "classificazione": "giallo", "score": 3, "note": "strada urbana senza ciclabile", "ciclabile": "no", "n_corsie": "2", "senso_unico": "no", "n_testimonianze": "0", "zona": "B2"}, "geometry": {"type": "LineString", "coordinates": [[14.27524, 40.8593694], [14.2742217, 40.8592777]]}}, {"type": "Feature", "properties": {"id": "SS-NAP-1206", "nome": "Via Generale D'Ambrosio", "quartiere": "", "classificazione": "giallo", "score": 3, "note": "strada urbana senza ciclabile", "ciclabile": "no", "n_corsie": "2", "senso_unico": "no", "n_testimonianze": "0", "zona": "B2"}, "geometry": {"type": "LineString", "coordinates": [[14.268396, 40.8700812], [14.2684682, 40.8700628], [14.2689293, 40.8699456], [14.2689796, 40.8699294], [14.269019, 40.8699074], [14.2690515, 40.8698564], [14.2693212, 40.8692423], [14.2694605, 40.8689145], [14.2694714, 40.8688883], [14.2698321, 40.8680695]]}}, {"type": "Feature", "properties": {"id": "SS-NAP-1207", "nome": "Via Generale Francesco Pignatelli", "quartiere": "", "classificazione": "giallo", "score": 3, "note": "strada urbana senza ciclabile (2 corsie)", "ciclabile": "no", "n_corsie": "2", "senso_unico": "no", "n_testimonianze": "0", "zona": "B2"}, "geometry": {"type": "LineString", "coordinates": [[14.2735282, 40.8588327], [14.2735268, 40.8588406], [14.27349, 40.8590523], [14.2734142, 40.8594877], [14.2734046, 40.8595429], [14.2733593, 40.8598031], [14.2732378, 40.8605007], [14.2731417, 40.8610527], [14.2731295, 40.8611229], [14.2730167, 40.8617706], [14.272892, 40.8624939], [14.2728782, 40.8625666], [14.2728759, 40.8625797], [14.2728085, 40.8629607], [14.2727754, 40.8631477]]}}, {"type": "Feature", "properties": {"id": "SS-NAP-1208", "nome": "Via Generale Francesco Pinto", "quartiere": "", "classificazione": "giallo", "score": 3, "note": "strada urbana senza ciclabile", "ciclabile": "no", "n_corsie": "2", "senso_unico": "no", "n_testimonianze": "0", "zona": "B2"}, "geometry": {"type": "LineString", "coordinates": [[14.2707057, 40.864845], [14.2707874, 40.8643793], [14.2708907, 40.8637904], [14.2709924, 40.8632113], [14.271003, 40.8631489], [14.2710157, 40.8630765], [14.2711259, 40.8624497], [14.2711349, 40.8623983]]}}, {"type": "Feature", "properties": {"id": "SS-NAP-1212", "nome": "Via Generale Girolamo Calà Ulloa", "quartiere": "", "classificazione": "giallo", "score": 3, "note": "strada urbana senza ciclabile", "ciclabile": "no", "n_corsie": "2", "senso_unico": "no", "n_testimonianze": "0", "zona": "B2"}, "geometry": {"type": "LineString", "coordinates": [[14.271631, 40.8649065], [14.2717047, 40.8644821], [14.2718091, 40.8638812], [14.2718163, 40.8638404], [14.2719226, 40.8632355], [14.2719297, 40.8631873], [14.2719416, 40.863123], [14.2720514, 40.8624868]]}}, {"type": "Feature", "properties": {"id": "SS-NAP-1214", "nome": "Via Generale Pianell", "quartiere": "", "classificazione": "giallo", "score": 3, "note": "strada urbana senza ciclabile", "ciclabile": "no", "n_corsie": "2", "senso_unico": "si", "n_testimonianze": "0", "zona": "B2"}, "geometry": {"type": "LineString", "coordinates": [[14.2732758, 40.8650034], [14.2734385, 40.8640424], [14.2735596, 40.8633273], [14.2735719, 40.8632549]]}}, {"type": "Feature", "properties": {"id": "SS-NAP-1215", "nome": "Via Generale Raffaele Carrascosa", "quartiere": "", "classificazione": "giallo", "score": 3, "note": "strada urbana senza ciclabile", "ciclabile": "no", "n_corsie": "2", "senso_unico": "no", "n_testimonianze": "0", "zona": "B2"}, "geometry": {"type": "LineString", "coordinates": [[14.2696397, 40.8642509], [14.2696756, 40.8642549], [14.2707874, 40.8643793], [14.2717047, 40.8644821]]}}, {"type": "Feature", "properties": {"id": "SS-NAP-1217", "nome": "Via Gennaro Galante Aspreno", "quartiere": "", "classificazione": "giallo", "score": 3, "note": "strada urbana senza ciclabile", "ciclabile": "no", "n_corsie": "2", "senso_unico": "si", "n_testimonianze": "0", "zona": "B2"}, "geometry": {"type": "LineString", "coordinates": [[14.2779569, 40.8898811], [14.2772684, 40.889121], [14.2772493, 40.8891006], [14.2765398, 40.8883451], [14.2758962, 40.887585], [14.2758436, 40.8875229]]}}, {"type": "Feature", "properties": {"id": "SS-NAP-1218", "nome": "Via Gennaro Marciano", "quartiere": "", "classificazione": "giallo", "score": 3, "note": "strada urbana senza ciclabile", "ciclabile": "no", "n_corsie": "2", "senso_unico": "si", "n_testimonianze": "0", "zona": "B2"}, "geometry": {"type": "MultiLineString", "coordinates": [[[14.2499784, 40.8707344], [14.2498945, 40.8707215], [14.249397, 40.8706451], [14.249351, 40.8708021]], [[14.249351, 40.8708021], [14.2491423, 40.8715351], [14.2490161, 40.8715931], [14.2487306, 40.8717036], [14.2481684, 40.8718084]]]}}, {"type": "Feature", "properties": {"id": "SS-NAP-1219", "nome": "Via Gennaro Pasquariello", "quartiere": "", "classificazione": "giallo", "score": 3, "note": "strada urbana senza ciclabile", "ciclabile": "no", "n_corsie": "2", "senso_unico": "no", "n_testimonianze": "0", "zona": "B2"}, "geometry": {"type": "MultiLineString", "coordinates": [[[14.3363307, 40.8677464], [14.3368715, 40.8673271], [14.3375438, 40.8668277], [14.3378799, 40.8665526], [14.3381923, 40.8663014], [14.33858, 40.8659633], [14.3392494, 40.8653796], [14.3393623, 40.8652634], [14.3394498, 40.8651471], [14.3394967, 40.8650618], [14.3395351, 40.8649293], [14.3395567, 40.8647732], [14.3395682, 40.8645232], [14.3395717, 40.8644463]], [[14.3395717, 40.8644463], [14.3395701, 40.8644035], [14.3395644, 40.8642529], [14.3395575, 40.8642248], [14.3395398, 40.864188], [14.3395159, 40.8641525], [14.3394876, 40.8641177], [14.3394487, 40.8640876], [14.3393956, 40.8640575], [14.3380199, 40.8633733], [14.3378927, 40.8632953], [14.337787, 40.8632172], [14.3377006, 40.8631391], [14.3375765, 40.86302], [14.3374469, 40.8628766], [14.337386, 40.8628303], [14.3372875, 40.8627417]]]}}, {"type": "Feature", "properties": {"id": "SS-NAP-1221", "nome": "Via Genova", "quartiere": "", "classificazione": "giallo", "score": 3, "note": "strada urbana senza ciclabile", "ciclabile": "no", "n_corsie": "2", "senso_unico": "si", "n_testimonianze": "0", "zona": "B2"}, "geometry": {"type": "MultiLineString", "coordinates": [[[14.2741705, 40.8551314], [14.2742514, 40.8551397], [14.2751257, 40.8552297], [14.2758878, 40.8553082], [14.2759673, 40.8553164]], [[14.2741705, 40.8551314], [14.2740822, 40.8551223], [14.2732998, 40.8550423], [14.273253, 40.855037], [14.2731799, 40.8550297], [14.272348, 40.8549441], [14.2714408, 40.8548511], [14.2714106, 40.8548479]]]}}, {"type": "Feature", "properties": {"id": "SS-NAP-1223", "nome": "Via Geronimo Carafa", "quartiere": "", "classificazione": "giallo", "score": 3, "note": "strada urbana senza ciclabile", "ciclabile": "no", "n_corsie": "2", "senso_unico": "si", "n_testimonianze": "0", "zona": "B2"}, "geometry": {"type": "LineString", "coordinates": [[14.2728782, 40.8625666], [14.2727836, 40.8625575], [14.2720514, 40.8624868], [14.2712019, 40.8624053], [14.2711349, 40.8623983], [14.2710764, 40.8623933], [14.2702522, 40.862313], [14.2701837, 40.8623064]]}}, {"type": "Feature", "properties": {"id": "SS-NAP-1226", "nome": "Via Gherarda Marone", "quartiere": "", "classificazione": "giallo", "score": 3, "note": "strada urbana senza ciclabile", "ciclabile": "no", "n_corsie": "2", "senso_unico": "no", "n_testimonianze": "0", "zona": "B2"}, "geometry": {"type": "LineString", "coordinates": [[14.2609276, 40.8837312], [14.2619765, 40.8854691], [14.2620217, 40.885544]]}}, {"type": "Feature", "properties": {"id": "SS-NAP-1227", "nome": "Via Giacinto Albino", "quartiere": "", "classificazione": "giallo", "score": 3, "note": "strada urbana senza ciclabile", "ciclabile": "no", "n_corsie": "2", "senso_unico": "no", "n_testimonianze": "0", "zona": "B2"}, "geometry": {"type": "MultiLineString", "coordinates": [[[14.265064, 40.8606871], [14.2650873, 40.8606972], [14.2655356, 40.8608921], [14.2660714, 40.8611298], [14.2661062, 40.8611453]], [[14.2665356, 40.8612984], [14.2664499, 40.8612678], [14.2661503, 40.861161], [14.2661062, 40.8611453]]]}}, {"type": "Feature", "properties": {"id": "SS-NAP-1230", "nome": "Via Giacomo Brodolini", "quartiere": "", "classificazione": "giallo", "score": 3, "note": "strada urbana senza ciclabile", "ciclabile": "no", "n_corsie": "2", "senso_unico": "si", "n_testimonianze": "0", "zona": "B2"}, "geometry": {"type": "MultiLineString", "coordinates": [[[14.2918751, 40.8959358], [14.2918519, 40.8958922], [14.2917944, 40.8958343], [14.2917319, 40.8958073], [14.2916463, 40.8957948], [14.2914788, 40.8957851], [14.2913425, 40.8957708]], [[14.289862, 40.896581], [14.2910145, 40.8970101], [14.2910936, 40.8970373]], [[14.2888462, 40.8968289], [14.2894784, 40.8976494], [14.2899406, 40.898236], [14.290064, 40.8985766]], [[14.290367, 40.8962449], [14.2912818, 40.896591], [14.2913791, 40.8966282]]]}}, {"type": "Feature", "properties": {"id": "SS-NAP-1233", "nome": "Via Giacomo Notar", "quartiere": "", "classificazione": "giallo", "score": 3, "note": "strada urbana senza ciclabile", "ciclabile": "no", "n_corsie": "2", "senso_unico": "no", "n_testimonianze": "0", "zona": "B2"}, "geometry": {"type": "LineString", "coordinates": [[14.2740511, 40.8672597], [14.2741126, 40.8669939], [14.274136, 40.866958], [14.2741835, 40.8669349], [14.274235, 40.8669227], [14.2743051, 40.8669268], [14.2749473, 40.8669888], [14.2750446, 40.8669982], [14.2752889, 40.8670196]]}}, {"type": "Feature", "properties": {"id": "SS-NAP-1235", "nome": "Via Giacomo Profumo", "quartiere": "", "classificazione": "giallo", "score": 3, "note": "strada urbana senza ciclabile", "ciclabile": "no", "n_corsie": "2", "senso_unico": "no", "n_testimonianze": "0", "zona": "B2"}, "geometry": {"type": "MultiLineString", "coordinates": [[[14.2656655, 40.8683099], [14.2652639, 40.8679124], [14.2646295, 40.8673066], [14.2640241, 40.8667849]], [[14.2640241, 40.8667849], [14.2636716, 40.8664619], [14.2633979, 40.8662112]], [[14.2633979, 40.8662112], [14.2622943, 40.8652535]]]}}, {"type": "Feature", "properties": {"id": "SS-NAP-1238", "nome": "Via Giaime Pintor", "quartiere": "", "classificazione": "giallo", "score": 3, "note": "strada urbana senza ciclabile", "ciclabile": "no", "n_corsie": "2", "senso_unico": "no", "n_testimonianze": "0", "zona": "B2"}, "geometry": {"type": "MultiLineString", "coordinates": [[[14.2653204, 40.8870443], [14.2661528, 40.8875418], [14.2662188, 40.887582]], [[14.2636512, 40.8860733], [14.2642851, 40.8864348], [14.264759, 40.8867149], [14.2652848, 40.8870213], [14.2653204, 40.8870443]], [[14.2653204, 40.8870443], [14.2658997, 40.8865589]]]}}, {"type": "Feature", "properties": {"id": "SS-NAP-1240", "nome": "Via Giambattista Lorenzi", "quartiere": "", "classificazione": "giallo", "score": 3, "note": "strada urbana senza ciclabile", "ciclabile": "no", "n_corsie": "2", "senso_unico": "si", "n_testimonianze": "0", "zona": "B2"}, "geometry": {"type": "LineString", "coordinates": [[14.2671213, 40.861639], [14.2665499, 40.8617693], [14.2664493, 40.8617917]]}}, {"type": "Feature", "properties": {"id": "SS-NAP-1248", "nome": "Via Gianluca Cimminiello", "quartiere": "", "classificazione": "giallo", "score": 3, "note": "strada urbana senza ciclabile", "ciclabile": "no", "n_corsie": "2", "senso_unico": "no", "n_testimonianze": "0", "zona": "B2"}, "geometry": {"type": "LineString", "coordinates": [[14.2668908, 40.8949742], [14.2674476, 40.8943927], [14.2680244, 40.8937348]]}}, {"type": "Feature", "properties": {"id": "SS-NAP-1250", "nome": "Via Gino Alfani", "quartiere": "", "classificazione": "giallo", "score": 3, "note": "strada urbana senza ciclabile", "ciclabile": "no", "n_corsie": "2", "senso_unico": "no", "n_testimonianze": "0", "zona": "B2"}, "geometry": {"type": "LineString", "coordinates": [[14.3315687, 40.8549263], [14.3311176, 40.8548134], [14.331054, 40.8548012], [14.3309766, 40.85479], [14.3303744, 40.8547734], [14.3303632, 40.8547731], [14.3303476, 40.8547794], [14.3303414, 40.8547931], [14.3303109, 40.8551221]]}}, {"type": "Feature", "properties": {"id": "SS-NAP-1253", "nome": "Via Gioacchino Luigi Mellucci", "quartiere": "", "classificazione": "giallo", "score": 3, "note": "strada urbana senza ciclabile", "ciclabile": "no", "n_corsie": "2", "senso_unico": "no", "n_testimonianze": "0", "zona": "B2"}, "geometry": {"type": "LineString", "coordinates": [[14.3094274, 40.8760613], [14.3094554, 40.8760195], [14.3104006, 40.8744094]]}}, {"type": "Feature", "properties": {"id": "SS-NAP-1258", "nome": "Via Giorgio Amendola", "quartiere": "", "classificazione": "giallo", "score": 3, "note": "strada urbana senza ciclabile", "ciclabile": "no", "n_corsie": "2", "senso_unico": "no", "n_testimonianze": "0", "zona": "B2"}, "geometry": {"type": "LineString", "coordinates": [[14.2440848, 40.8885107], [14.244276, 40.8886595], [14.2444648, 40.8888023], [14.2445133, 40.8889009], [14.2445529, 40.8890115], [14.2446322, 40.8891213], [14.244697, 40.8892792], [14.2447606, 40.8894122], [14.2448362, 40.8895523], [14.2448536, 40.8895918], [14.2448968, 40.8896689], [14.2449479, 40.8897411], [14.2449941, 40.8897833], [14.2450726, 40.8898567]]}}, {"type": "Feature", "properties": {"id": "SS-NAP-1267", "nome": "Via Giovanbattista Alfano", "quartiere": "", "classificazione": "giallo", "score": 3, "note": "strada urbana senza ciclabile", "ciclabile": "no", "n_corsie": "2", "senso_unico": "no", "n_testimonianze": "0", "zona": "B2"}, "geometry": {"type": "MultiLineString", "coordinates": [[[14.2555392, 40.8600471], [14.2549063, 40.8598165], [14.2545939, 40.859711], [14.2544557, 40.859666], [14.2543174, 40.8596326]], [[14.2537667, 40.8593979], [14.2532106, 40.8593573]]]}}, {"type": "Feature", "properties": {"id": "SS-NAP-1268", "nome": "Via Giovanni Alfonso Borrelli", "quartiere": "", "classificazione": "giallo", "score": 3, "note": "strada urbana senza ciclabile", "ciclabile": "no", "n_corsie": "2", "senso_unico": "si", "n_testimonianze": "0", "zona": "B2"}, "geometry": {"type": "LineString", "coordinates": [[14.2686977, 40.8566937], [14.2687435, 40.8566372], [14.269075, 40.856228], [14.2691148, 40.8561788]]}}, {"type": "Feature", "properties": {"id": "SS-NAP-1277", "nome": "Via Giovanni Caproni", "quartiere": "", "classificazione": "giallo", "score": 3, "note": "strada urbana senza ciclabile", "ciclabile": "no", "n_corsie": "2", "senso_unico": "no", "n_testimonianze": "0", "zona": "B2"}, "geometry": {"type": "MultiLineString", "coordinates": [[[14.2826339, 40.8896004], [14.2826965, 40.8895404], [14.2830466, 40.8892048], [14.2832254, 40.8891847], [14.2833621, 40.8892384], [14.2841359, 40.8897084], [14.2842616, 40.8897139], [14.2843716, 40.88968], [14.2845122, 40.8895625], [14.2863975, 40.8877052], [14.286457, 40.8876686], [14.2865406, 40.8876577], [14.2866068, 40.8876637], [14.2866702, 40.887687], [14.2873779, 40.8881436], [14.2874345, 40.8882068], [14.2874573, 40.8882798], [14.2874581, 40.8883134]], [[14.2872192, 40.8886798], [14.2872916, 40.8885735], [14.2873938, 40.888443], [14.2874279, 40.8883794], [14.2874581, 40.8883134]], [[14.2874581, 40.8883134], [14.2874688, 40.8883605], [14.287473, 40.8887395]]]}}, {"type": "Feature", "properties": {"id": "SS-NAP-1281", "nome": "Via Giovanni Cristiano Andersen", "quartiere": "", "classificazione": "giallo", "score": 3, "note": "strada urbana senza ciclabile", "ciclabile": "no", "n_corsie": "2", "senso_unico": "no", "n_testimonianze": "0", "zona": "B2"}, "geometry": {"type": "LineString", "coordinates": [[14.3304301, 40.866671], [14.3302211, 40.8659363], [14.3302229, 40.8659229], [14.3302334, 40.8659105], [14.3307106, 40.8656162], [14.3307171, 40.8656097], [14.330719, 40.8656046], [14.3307167, 40.8655941], [14.3304339, 40.8643648]]}}, {"type": "Feature", "properties": {"id": "SS-NAP-1282", "nome": "Via Giovanni Da Procida", "quartiere": "", "classificazione": "giallo", "score": 3, "note": "strada urbana senza ciclabile", "ciclabile": "no", "n_corsie": "2", "senso_unico": "si", "n_testimonianze": "0", "zona": "B2"}, "geometry": {"type": "LineString", "coordinates": [[14.2909261, 40.8585169], [14.2909672, 40.8584826], [14.2910275, 40.858437], [14.291057, 40.8584077], [14.291079, 40.8583526], [14.2911839, 40.8578608], [14.2912467, 40.8574682], [14.2913075, 40.8570877]]}}, {"type": "Feature", "properties": {"id": "SS-NAP-1284", "nome": "Via Giovanni Diacono", "quartiere": "", "classificazione": "giallo", "score": 3, "note": "strada urbana senza ciclabile", "ciclabile": "no", "n_corsie": "2", "senso_unico": "no", "n_testimonianze": "0", "zona": "B2"}, "geometry": {"type": "MultiLineString", "coordinates": [[[14.275052, 40.8879619], [14.2751345, 40.8879161], [14.2758436, 40.8875229]], [[14.2748051, 40.8880967], [14.2747277, 40.8881368], [14.2740292, 40.8884983], [14.2734931, 40.8887956], [14.2730986, 40.8889847]], [[14.2758436, 40.8875229], [14.276499, 40.8872136], [14.2765486, 40.8871902]]]}}, {"type": "Feature", "properties": {"id": "SS-NAP-1286", "nome": "Via Giovanni Esposito", "quartiere": "", "classificazione": "giallo", "score": 3, "note": "strada urbana senza ciclabile", "ciclabile": "no", "n_corsie": "2", "senso_unico": "si", "n_testimonianze": "0", "zona": "B2"}, "geometry": {"type": "LineString", "coordinates": [[14.2697652, 40.8994598], [14.2697038, 40.8993872]]}}, {"type": "Feature", "properties": {"id": "SS-NAP-1287", "nome": "Via Giovanni Fiorentino", "quartiere": "", "classificazione": "blu", "score": 2, "note": "zona pedonale / living street", "ciclabile": "no", "n_corsie": "1", "senso_unico": "no", "n_testimonianze": "0", "zona": "B2"}, "geometry": {"type": "LineString", "coordinates": [[14.2668154, 40.8887085], [14.2666, 40.8885771], [14.2657588, 40.8881437], [14.2656807, 40.8881037]]}}, {"type": "Feature", "properties": {"id": "SS-NAP-1288", "nome": "Via Giovanni Gussone", "quartiere": "", "classificazione": "rosso", "score": 4, "note": "strada secondaria trafficata (2 corsie)", "ciclabile": "no", "n_corsie": "2", "senso_unico": "no", "n_testimonianze": "0", "zona": "B2"}, "geometry": {"type": "MultiLineString", "coordinates": [[[14.2686074, 40.8650098], [14.2690043, 40.8654008], [14.2690509, 40.8654414]], [[14.2668275, 40.8631721], [14.2667791, 40.8632068], [14.2667649, 40.8632269], [14.266762, 40.8632361], [14.266763, 40.8632483], [14.2667728, 40.8632706], [14.2671057, 40.8635732], [14.2673038, 40.8637532], [14.2678138, 40.8642166], [14.2679165, 40.86431]], [[14.2679165, 40.86431], [14.268007, 40.864393], [14.2684426, 40.8647929], [14.2686074, 40.8650098]], [[14.2686074, 40.8650098], [14.2683416, 40.86482], [14.2679289, 40.8644445], [14.267838, 40.8643617]], [[14.267838, 40.8643617], [14.2677311, 40.8642634], [14.2673622, 40.8639236], [14.2670314, 40.863619], [14.2666134, 40.8632212]], [[14.2690792, 40.8655044], [14.2690509, 40.8654414]], [[14.2690509, 40.8654414], [14.2691663, 40.8654616]]]}}, {"type": "Feature", "properties": {"id": "SS-NAP-1289", "nome": "Via Giovanni Lombardi", "quartiere": "", "classificazione": "giallo", "score": 3, "note": "strada urbana senza ciclabile", "ciclabile": "no", "n_corsie": "2", "senso_unico": "no", "n_testimonianze": "0", "zona": "B2"}, "geometry": {"type": "LineString", "coordinates": [[14.2671736, 40.8763288], [14.2656565, 40.8760927], [14.265603, 40.8760844]]}}, {"type": "Feature", "properties": {"id": "SS-NAP-1291", "nome": "Via Giovanni Medrano", "quartiere": "", "classificazione": "giallo", "score": 3, "note": "strada urbana senza ciclabile", "ciclabile": "no", "n_corsie": "2", "senso_unico": "si", "n_testimonianze": "0", "zona": "B2"}, "geometry": {"type": "LineString", "coordinates": [[14.2486952, 40.8728697], [14.2480595, 40.8729563], [14.2478197, 40.8729797], [14.2474976, 40.8729056]]}}, {"type": "Feature", "properties": {"id": "SS-NAP-1300", "nome": "Via Giovanni Pascale", "quartiere": "", "classificazione": "giallo", "score": 3, "note": "strada urbana senza ciclabile", "ciclabile": "no", "n_corsie": "2", "senso_unico": "no", "n_testimonianze": "0", "zona": "B2"}, "geometry": {"type": "MultiLineString", "coordinates": [[[14.2809545, 40.8901621], [14.2805667, 40.8905638], [14.2803134, 40.8908261], [14.2799158, 40.8912378], [14.2798172, 40.8913407], [14.2793837, 40.8917932], [14.2793244, 40.8918552], [14.2792583, 40.8918771]], [[14.2818896, 40.8892092], [14.2818379, 40.8892625], [14.2812705, 40.8898499], [14.2809566, 40.8901599], [14.2809545, 40.8901621]]]}}, {"type": "Feature", "properties": {"id": "SS-NAP-1301", "nome": "Via Giovanni Pascoli", "quartiere": "", "classificazione": "giallo", "score": 3, "note": "strada urbana senza ciclabile", "ciclabile": "no", "n_corsie": "2", "senso_unico": "no", "n_testimonianze": "0", "zona": "B2"}, "geometry": {"type": "MultiLineString", "coordinates": [[[14.3054271, 40.8860943], [14.305919, 40.8854568], [14.3061669, 40.8852111], [14.3064172, 40.8850421], [14.3071592, 40.8846191], [14.3073582, 40.8844759], [14.3075832, 40.8843141], [14.3080579, 40.8838396], [14.3082654, 40.8836205]], [[14.186896, 40.8038399], [14.1869548, 40.8038879], [14.187038, 40.8039478], [14.1872901, 40.8041291], [14.1877535, 40.8044553], [14.1880717, 40.804634], [14.1883388, 40.8047459], [14.1884212, 40.8047731], [14.1886508, 40.8048473], [14.1891268, 40.805001], [14.1893096, 40.8050478], [14.189418, 40.805065], [14.1894967, 40.8050764], [14.1895681, 40.8050784], [14.1896345, 40.8050713], [14.1900655, 40.8050111], [14.1905351, 40.8049456], [14.1907103, 40.8049247]], [[14.3086519, 40.8831579], [14.308546, 40.8833491]], [[14.3086519, 40.8831579], [14.3086696, 40.8831283], [14.3088984, 40.8827448], [14.3092186, 40.8823088], [14.3094537, 40.8822153], [14.3097122, 40.8821709], [14.3099972, 40.8821725], [14.3102234, 40.8822155], [14.3104058, 40.8822923], [14.31053, 40.8823775], [14.3109724, 40.8828043]], [[14.3084629, 40.8834123], [14.3082654, 40.8836205]], [[14.3084786, 40.8832894], [14.3085487, 40.8832414], [14.3086519, 40.8831579]], [[14.3082654, 40.8836205], [14.3083217, 40.8835273], [14.3083733, 40.8834315], [14.3083954, 40.8833841]], [[14.192208, 40.8049035], [14.1921131, 40.8049766], [14.1920797, 40.8049948], [14.1920533, 40.8050091], [14.1919917, 40.8050269], [14.1918921, 40.8050298], [14.1917988, 40.8050174], [14.1917246, 40.8050075], [14.1911065, 40.804925], [14.1910099, 40.8049158], [14.1909132, 40.8049113], [14.1908229, 40.8049153], [14.1907103, 40.8049247]]]}}, {"type": "Feature", "properties": {"id": "SS-NAP-1302", "nome": "Via Giovanni Porzio", "quartiere": "", "classificazione": "giallo", "score": 3, "note": "strada urbana senza ciclabile", "ciclabile": "no", "n_corsie": "2", "senso_unico": "si", "n_testimonianze": "0", "zona": "B2"}, "geometry": {"type": "MultiLineString", "coordinates": [[[14.2768453, 40.8581453], [14.2768353, 40.8582139], [14.2768219, 40.8582921], [14.2767237, 40.8589073], [14.2766052, 40.8596057], [14.2766013, 40.8596637]], [[14.2763024, 40.859528], [14.2763087, 40.8594897], [14.2764194, 40.8588762], [14.276473, 40.8585642], [14.2765496, 40.8581182], [14.2765574, 40.8580723], [14.2766247, 40.85768], [14.2767602, 40.8568901]], [[14.2770877, 40.856812], [14.2770962, 40.8568396], [14.2770939, 40.8568738], [14.27689, 40.8580796], [14.2768753, 40.8581015], [14.2768453, 40.8581453]], [[14.2771089, 40.854906], [14.2768728, 40.8562348]], [[14.2774984, 40.8549304], [14.2774708, 40.8549279], [14.2774518, 40.8549262], [14.277424, 40.8549243], [14.2773904, 40.8549284], [14.2773756, 40.8549317]], [[14.2773756, 40.8549317], [14.2773553, 40.8549577], [14.2773453, 40.8549724], [14.2773372, 40.8549942], [14.2773171, 40.8551016], [14.2773027, 40.8551784], [14.277277, 40.8553156], [14.2771219, 40.8561444], [14.2771117, 40.8561988]], [[14.2773171, 40.8551016], [14.27721, 40.8551479]]]}}, {"type": "Feature", "properties": {"id": "SS-NAP-1305", "nome": "Via Giovanni Tommaso Blanch", "quartiere": "", "classificazione": "giallo", "score": 3, "note": "strada urbana senza ciclabile", "ciclabile": "no", "n_corsie": "2", "senso_unico": "no", "n_testimonianze": "0", "zona": "B2"}, "geometry": {"type": "LineString", "coordinates": [[14.2741239, 40.8588511], [14.2741265, 40.8588623], [14.2741412, 40.8589242], [14.2742177, 40.8592559], [14.2742217, 40.8592777], [14.2742285, 40.8593146], [14.2742362, 40.8593805], [14.274237, 40.8594444], [14.2742333, 40.8595091], [14.2742295, 40.859577], [14.2741803, 40.8598762]]}}, {"type": "Feature", "properties": {"id": "SS-NAP-1306", "nome": "Via Giovanni Tritto", "quartiere": "", "classificazione": "giallo", "score": 3, "note": "strada urbana senza ciclabile", "ciclabile": "no", "n_corsie": "2", "senso_unico": "no", "n_testimonianze": "0", "zona": "B2"}, "geometry": {"type": "LineString", "coordinates": [[14.2634084, 40.8758508], [14.263584, 40.8755183], [14.2637747, 40.8753034], [14.2639151, 40.8752125], [14.2645087, 40.8748643], [14.264694, 40.8747742]]}}, {"type": "Feature", "properties": {"id": "SS-NAP-1311", "nome": "Via Girolamo Imparato", "quartiere": "", "classificazione": "giallo", "score": 3, "note": "strada urbana senza ciclabile", "ciclabile": "no", "n_corsie": "2", "senso_unico": "si", "n_testimonianze": "0", "zona": "B2"}, "geometry": {"type": "LineString", "coordinates": [[14.2663898, 40.8896959], [14.2657932, 40.8893559]]}}, {"type": "Feature", "properties": {"id": "SS-NAP-1316", "nome": "Via Giuliano Da Maiano", "quartiere": "", "classificazione": "giallo", "score": 3, "note": "strada urbana senza ciclabile", "ciclabile": "no", "n_corsie": "2", "senso_unico": "no", "n_testimonianze": "0", "zona": "B2"}, "geometry": {"type": "MultiLineString", "coordinates": [[[14.2940818, 40.8607447], [14.2941505, 40.8607519]], [[14.2949103, 40.8601594], [14.2948413, 40.860181], [14.2946368, 40.8602449], [14.2943327, 40.8603307], [14.2942487, 40.8603544], [14.2941985, 40.8603636], [14.2941698, 40.8603662], [14.294139, 40.8603663], [14.2941031, 40.8603629], [14.2940728, 40.8603584], [14.2937658, 40.8602365], [14.293513, 40.860136], [14.2934391, 40.8601049], [14.2933573, 40.8600766], [14.2932275, 40.8600417], [14.2930694, 40.8600132], [14.2930054, 40.8600058], [14.2928597, 40.859989], [14.2927299, 40.859974]], [[14.2927299, 40.859974], [14.2926333, 40.8599627], [14.2924826, 40.8599452], [14.2921922, 40.8599115], [14.2919013, 40.8598776], [14.2917618, 40.8598614], [14.291599, 40.8598425]], [[14.2942185, 40.860759], [14.2943175, 40.8607694], [14.2946494, 40.8608041], [14.2946915, 40.8608086], [14.2947413, 40.8608119], [14.2947881, 40.8608127], [14.2948305, 40.8608096], [14.2948599, 40.8608035], [14.2948866, 40.8607911], [14.2949135, 40.8607712], [14.2949268, 40.8607464], [14.2949357, 40.8607217], [14.2949398, 40.860697], [14.2949601, 40.8604765], [14.2949597, 40.8604462], [14.2949492, 40.8603774], [14.2949103, 40.8601594]]]}}, {"type": "Feature", "properties": {"id": "SS-NAP-1324", "nome": "Via Giuseppe Antonio Pasquale", "quartiere": "", "classificazione": "giallo", "score": 3, "note": "strada urbana senza ciclabile", "ciclabile": "no", "n_corsie": "2", "senso_unico": "si", "n_testimonianze": "0", "zona": "B2"}, "geometry": {"type": "LineString", "coordinates": [[14.2616652, 40.8590878], [14.2617111, 40.8590352], [14.2619366, 40.8587766], [14.2619681, 40.8587404], [14.2620034, 40.8587003], [14.2622964, 40.8583672], [14.2623307, 40.8583282], [14.2623541, 40.8583012], [14.2628818, 40.8576911], [14.262922, 40.8576446], [14.2629424, 40.8576198], [14.2630618, 40.8574742], [14.2630843, 40.8574461]]}}, {"type": "Feature", "properties": {"id": "SS-NAP-1327", "nome": "Via Giuseppe Bonocuore", "quartiere": "", "classificazione": "giallo", "score": 3, "note": "strada urbana senza ciclabile", "ciclabile": "no", "n_corsie": "2", "senso_unico": "no", "n_testimonianze": "0", "zona": "B2"}, "geometry": {"type": "LineString", "coordinates": [[14.2939884, 40.8579562], [14.2939132, 40.8579793], [14.2937637, 40.8580252], [14.2937516, 40.8580291], [14.2935713, 40.8580863], [14.2934539, 40.8581236], [14.2932598, 40.8581852], [14.2932192, 40.8582038], [14.2931837, 40.8582247], [14.2931325, 40.8582652], [14.2930896, 40.8583289], [14.2930624, 40.8584091], [14.2929347, 40.8590102], [14.2927451, 40.859904], [14.2927299, 40.859974]]}}, {"type": "Feature", "properties": {"id": "SS-NAP-1332", "nome": "Via Giuseppe Cesare Abba", "quartiere": "", "classificazione": "blu", "score": 2, "note": "zona pedonale / living street", "ciclabile": "no", "n_corsie": "1", "senso_unico": "no", "n_testimonianze": "0", "zona": "B2"}, "geometry": {"type": "LineString", "coordinates": [[14.2672451, 40.8572415], [14.2673124, 40.8572464], [14.2674276, 40.8572547]]}}, {"type": "Feature", "properties": {"id": "SS-NAP-1336", "nome": "Via Giuseppe Fava", "quartiere": "", "classificazione": "giallo", "score": 3, "note": "strada urbana senza ciclabile", "ciclabile": "no", "n_corsie": "2", "senso_unico": "no", "n_testimonianze": "0", "zona": "B2"}, "geometry": {"type": "MultiLineString", "coordinates": [[[14.2466094, 40.8995374], [14.2461437, 40.8990147], [14.2461252, 40.8989726], [14.2461239, 40.8989302], [14.2461337, 40.898899], [14.2461533, 40.8988667]], [[14.2480341, 40.897932], [14.2479719, 40.897947], [14.2476981, 40.8980912], [14.2461533, 40.8988667], [14.2459096, 40.898597]]]}}, {"type": "Feature", "properties": {"id": "SS-NAP-1340", "nome": "Via Giuseppe Leonardi Albanese", "quartiere": "", "classificazione": "giallo", "score": 3, "note": "strada urbana senza ciclabile", "ciclabile": "no", "n_corsie": "2", "senso_unico": "si", "n_testimonianze": "0", "zona": "B2"}, "geometry": {"type": "LineString", "coordinates": [[14.2669324, 40.8544348], [14.2668876, 40.8543777], [14.2668092, 40.8542777], [14.2666857, 40.8540955], [14.2666509, 40.8540032], [14.2657472, 40.854259]]}}, {"type": "Feature", "properties": {"id": "SS-NAP-1342", "nome": "Via Giuseppe Marrazzo", "quartiere": "", "classificazione": "giallo", "score": 3, "note": "strada urbana senza ciclabile", "ciclabile": "no", "n_corsie": "2", "senso_unico": "no", "n_testimonianze": "0", "zona": "B2"}, "geometry": {"type": "LineString", "coordinates": [[14.2481621, 40.898893], [14.2483472, 40.8982213], [14.2484839, 40.8977252], [14.2497929, 40.8970926]]}}, {"type": "Feature", "properties": {"id": "SS-NAP-1348", "nome": "Via Giuseppe Piazzi", "quartiere": "", "classificazione": "giallo", "score": 3, "note": "strada urbana senza ciclabile", "ciclabile": "no", "n_corsie": "2", "senso_unico": "si", "n_testimonianze": "0", "zona": "B2"}, "geometry": {"type": "LineString", "coordinates": [[14.2584231, 40.8594875], [14.2586107, 40.8592256], [14.2588209, 40.8589353], [14.2589004, 40.8588355], [14.259068, 40.8586083], [14.2592338, 40.8583827], [14.2594965, 40.8579933], [14.2596611, 40.8577487], [14.2596766, 40.8577292], [14.2597054, 40.8576927]]}}, {"type": "Feature", "properties": {"id": "SS-NAP-1354", "nome": "Via Giuseppe Silvati", "quartiere": "", "classificazione": "giallo", "score": 3, "note": "strada urbana senza ciclabile", "ciclabile": "no", "n_corsie": "2", "senso_unico": "si", "n_testimonianze": "0", "zona": "B2"}, "geometry": {"type": "LineString", "coordinates": [[14.2656981, 40.861798], [14.2657214, 40.8617607], [14.2660848, 40.8611795], [14.2661062, 40.8611453], [14.2661224, 40.8611181], [14.2663346, 40.8607623], [14.2663494, 40.8607374]]}}, {"type": "Feature", "properties": {"id": "SS-NAP-1356", "nome": "Via Giuseppe Spano", "quartiere": "", "classificazione": "giallo", "score": 3, "note": "strada urbana senza ciclabile", "ciclabile": "no", "n_corsie": "2", "senso_unico": "si", "n_testimonianze": "0", "zona": "B2"}, "geometry": {"type": "MultiLineString", "coordinates": [[[14.2670806, 40.8923848], [14.2685421, 40.8931562]], [[14.2685421, 40.8931562], [14.2699856, 40.8939679]]]}}, {"type": "Feature", "properties": {"id": "SS-NAP-1359", "nome": "Via Giuseppe Ungaretti", "quartiere": "", "classificazione": "giallo", "score": 3, "note": "strada urbana senza ciclabile", "ciclabile": "no", "n_corsie": "2", "senso_unico": "no", "n_testimonianze": "0", "zona": "B2"}, "geometry": {"type": "MultiLineString", "coordinates": [[[14.3285648, 40.8634396], [14.3286663, 40.8634282], [14.3304208, 40.8631896], [14.33079, 40.8631395], [14.3308421, 40.8631266], [14.3308854, 40.8631089], [14.3309268, 40.8630828], [14.3310025, 40.8629857]], [[14.3304208, 40.8631896], [14.3303639, 40.8629162]]]}}, {"type": "Feature", "properties": {"id": "SS-NAP-1361", "nome": "Via Giuseppe Vitagliano", "quartiere": "", "classificazione": "giallo", "score": 3, "note": "strada urbana senza ciclabile", "ciclabile": "no", "n_corsie": "2", "senso_unico": "no", "n_testimonianze": "0", "zona": "B2"}, "geometry": {"type": "MultiLineString", "coordinates": [[[14.2820284, 40.8902718], [14.2827122, 40.8906515]], [[14.2820284, 40.8902718], [14.2813057, 40.8898694], [14.2812705, 40.8898499]]]}}, {"type": "Feature", "properties": {"id": "SS-NAP-1362", "nome": "Via Giuseppe Zurlo", "quartiere": "", "classificazione": "giallo", "score": 3, "note": "strada urbana senza ciclabile", "ciclabile": "no", "n_corsie": "2", "senso_unico": "no", "n_testimonianze": "0", "zona": "B2"}, "geometry": {"type": "LineString", "coordinates": [[14.2671672, 40.8668691], [14.2672047, 40.86687], [14.2680446, 40.8668919], [14.2681025, 40.8668933]]}}, {"type": "Feature", "properties": {"id": "SS-NAP-1369", "nome": "Via Gorizia", "quartiere": "", "classificazione": "giallo", "score": 3, "note": "strada urbana senza ciclabile", "ciclabile": "no", "n_corsie": "2", "senso_unico": "si", "n_testimonianze": "0", "zona": "B2"}, "geometry": {"type": "LineString", "coordinates": [[14.2808712, 40.8618329], [14.2808375, 40.8618676], [14.2807399, 40.8619697], [14.2807432, 40.8624542], [14.2807446, 40.8626584], [14.280789, 40.8629162], [14.2808684, 40.8632103], [14.280913, 40.8633849]]}}, {"type": "Feature", "properties": {"id": "SS-NAP-1374", "nome": "Via Guglielmo Appulo", "quartiere": "", "classificazione": "giallo", "score": 3, "note": "strada urbana senza ciclabile", "ciclabile": "no", "n_corsie": "2", "senso_unico": "si", "n_testimonianze": "0", "zona": "B2"}, "geometry": {"type": "LineString", "coordinates": [[14.2434038, 40.8557795], [14.2434171, 40.8557879], [14.2435127, 40.8558483], [14.2437715, 40.856012], [14.2438106, 40.8560367], [14.2438537, 40.8560639], [14.2441061, 40.8562236], [14.2441533, 40.8562654], [14.244181, 40.8563159], [14.2441924, 40.8563751], [14.2441907, 40.8564428], [14.2441663, 40.856497], [14.2441158, 40.8565586], [14.2437209, 40.8569156], [14.243573, 40.8570493]]}}, {"type": "Feature", "properties": {"id": "SS-NAP-1375", "nome": "Via Guglielmo Gasparrini", "quartiere": "", "classificazione": "giallo", "score": 3, "note": "strada urbana senza ciclabile", "ciclabile": "no", "n_corsie": "2", "senso_unico": "si", "n_testimonianze": "0", "zona": "B2"}, "geometry": {"type": "MultiLineString", "coordinates": [[[14.2627583, 40.8585392], [14.2626698, 40.8584955], [14.2623589, 40.8583421], [14.2623307, 40.8583282], [14.262273, 40.8582998], [14.2618462, 40.8580895], [14.261805, 40.8580692]], [[14.2630733, 40.858696], [14.2627583, 40.8585392]]]}}, {"type": "Feature", "properties": {"id": "SS-NAP-1383", "nome": "Via Guido Amedeo Vitale", "quartiere": "", "classificazione": "giallo", "score": 3, "note": "strada urbana senza ciclabile", "ciclabile": "no", "n_corsie": "2", "senso_unico": "no", "n_testimonianze": "0", "zona": "B2"}, "geometry": {"type": "LineString", "coordinates": [[14.2527837, 40.8617163], [14.2524832, 40.8616291], [14.2515622, 40.8613618], [14.2514036, 40.8613378]]}}, {"type": "Feature", "properties": {"id": "SS-NAP-1386", "nome": "Via Guido Della Valle", "quartiere": "", "classificazione": "giallo", "score": 3, "note": "strada urbana senza ciclabile", "ciclabile": "no", "n_corsie": "2", "senso_unico": "si", "n_testimonianze": "0", "zona": "B2"}, "geometry": {"type": "MultiLineString", "coordinates": [[[14.345296, 40.8578149], [14.3452674, 40.857676], [14.345263, 40.8575934], [14.3452659, 40.8575276], [14.345278, 40.8574913], [14.3454025, 40.8572505], [14.3458638, 40.8564789], [14.3461411, 40.8559962]], [[14.3461411, 40.8559962], [14.3463398, 40.8556932], [14.3463639, 40.8556551]]]}}, {"type": "Feature", "properties": {"id": "SS-NAP-1389", "nome": "Via Gulliver", "quartiere": "", "classificazione": "giallo", "score": 3, "note": "strada urbana senza ciclabile", "ciclabile": "no", "n_corsie": "2", "senso_unico": "si", "n_testimonianze": "0", "zona": "B2"}, "geometry": {"type": "LineString", "coordinates": [[14.3325353, 40.8692579], [14.3325522, 40.8692293], [14.332711, 40.8689476], [14.3327328, 40.8689091], [14.3327765, 40.8688623], [14.3334194, 40.8682842]]}}, {"type": "Feature", "properties": {"id": "SS-NAP-1393", "nome": "Via I Misteri di Parigi", "quartiere": "", "classificazione": "giallo", "score": 3, "note": "strada urbana senza ciclabile", "ciclabile": "no", "n_corsie": "2", "senso_unico": "no", "n_testimonianze": "0", "zona": "B2"}, "geometry": {"type": "MultiLineString", "coordinates": [[[14.2624929, 40.9005874], [14.2633008, 40.9000738]], [[14.2644014, 40.8991382], [14.2644809, 40.8990869]], [[14.2623197, 40.9004595], [14.2631483, 40.8999462], [14.2636662, 40.8996124], [14.2637153, 40.8995807]], [[14.2637153, 40.8995807], [14.2644014, 40.8991382]], [[14.2611877, 40.9012385], [14.2612183, 40.9012162], [14.261234, 40.9012054], [14.2623197, 40.9004595]], [[14.2611877, 40.9012385], [14.2611681, 40.9013136], [14.2611651, 40.9013514], [14.2611658, 40.9013635], [14.2611681, 40.9014023]], [[14.2609837, 40.9012462], [14.2610314, 40.9012514], [14.2611181, 40.9012481], [14.2611877, 40.9012385]]]}}, {"type": "Feature", "properties": {"id": "SS-NAP-1395", "nome": "Via Ignazio Ciaia", "quartiere": "", "classificazione": "giallo", "score": 3, "note": "strada urbana senza ciclabile", "ciclabile": "no", "n_corsie": "2", "senso_unico": "si", "n_testimonianze": "0", "zona": "B2"}, "geometry": {"type": "LineString", "coordinates": [[14.2667726, 40.8536194], [14.2668293, 40.8531744], [14.2668373, 40.8530518]]}}, {"type": "Feature", "properties": {"id": "SS-NAP-1396", "nome": "Via Ignazio Falconieri", "quartiere": "", "classificazione": "giallo", "score": 3, "note": "strada urbana senza ciclabile", "ciclabile": "no", "n_corsie": "2", "senso_unico": "no", "n_testimonianze": "0", "zona": "B2"}, "geometry": {"type": "LineString", "coordinates": [[14.2690257, 40.8682987], [14.2688181, 40.8687239], [14.2687626, 40.8688777], [14.2686949, 40.8690651], [14.2687082, 40.8691584], [14.269019, 40.8699074], [14.2693437, 40.8706706]]}}, {"type": "Feature", "properties": {"id": "SS-NAP-1398", "nome": "Via Il Flauto Magico", "quartiere": "", "classificazione": "giallo", "score": 3, "note": "strada urbana senza ciclabile", "ciclabile": "no", "n_corsie": "2", "senso_unico": "no", "n_testimonianze": "0", "zona": "B2"}, "geometry": {"type": "LineString", "coordinates": [[14.3448626, 40.8683981], [14.3436924, 40.8678664], [14.3424679, 40.867308], [14.3424195, 40.867286]]}}, {"type": "Feature", "properties": {"id": "SS-NAP-1399", "nome": "Via Il Giardino dei Ciliegi", "quartiere": "", "classificazione": "giallo", "score": 3, "note": "strada urbana senza ciclabile", "ciclabile": "no", "n_corsie": "2", "senso_unico": "no", "n_testimonianze": "0", "zona": "B2"}, "geometry": {"type": "LineString", "coordinates": [[14.2650934, 40.8979337], [14.2650265, 40.8978797], [14.264505, 40.8974309], [14.2639498, 40.8970477]]}}, {"type": "Feature", "properties": {"id": "SS-NAP-1400", "nome": "Via Il Posto delle Fragole", "quartiere": "", "classificazione": "giallo", "score": 3, "note": "strada urbana senza ciclabile", "ciclabile": "no", "n_corsie": "2", "senso_unico": "no", "n_testimonianze": "0", "zona": "B2"}, "geometry": {"type": "LineString", "coordinates": [[14.2639498, 40.8970477], [14.2628866, 40.8977525]]}}, {"type": "Feature", "properties": {"id": "SS-NAP-1402", "nome": "Via Immacolata Concezione", "quartiere": "", "classificazione": "giallo", "score": 3, "note": "strada urbana senza ciclabile", "ciclabile": "no", "n_corsie": "2", "senso_unico": "no", "n_testimonianze": "0", "zona": "B2"}, "geometry": {"type": "MultiLineString", "coordinates": [[[14.3295414, 40.8571403], [14.3295078, 40.857097], [14.3294933, 40.8570551], [14.3294927, 40.8570143], [14.3295699, 40.8568521], [14.3295791, 40.8568199], [14.3295835, 40.8565835], [14.3295821, 40.8565809], [14.3295788, 40.8565794], [14.3292831, 40.8565732], [14.3289119, 40.8565861], [14.3288999, 40.8565874], [14.3288854, 40.8565908], [14.3288767, 40.8565976], [14.328871, 40.8566073], [14.3288864, 40.8570052], [14.3288631, 40.8570284], [14.3288223, 40.8570332], [14.3286242, 40.8570272], [14.3285385, 40.8570203], [14.3285157, 40.8569937], [14.3285204, 40.8569452], [14.3285321, 40.8567842], [14.3285251, 40.8567687], [14.3285008, 40.8567653], [14.3280268, 40.8567359]], [[14.3299167, 40.8572689], [14.3295414, 40.8571403], [14.3294909, 40.8571463], [14.3294433, 40.8571637], [14.3293986, 40.857198], [14.3293797, 40.8572125], [14.3293529, 40.857246], [14.3293303, 40.8572824], [14.3293016, 40.8573433], [14.3292509, 40.8574983], [14.3292446, 40.8575377], [14.3292444, 40.8576085], [14.3292509, 40.8577075], [14.3292336, 40.8578148], [14.32918, 40.8579201], [14.3288511, 40.8584503]], [[14.3299866, 40.8572922], [14.3299167, 40.8572689]], [[14.3301438, 40.8573489], [14.3299866, 40.8572922]]]}}, {"type": "Feature", "properties": {"id": "SS-NAP-1403", "nome": "Via Ippolito Nievo", "quartiere": "", "classificazione": "giallo", "score": 3, "note": "strada urbana senza ciclabile", "ciclabile": "no", "n_corsie": "2", "senso_unico": "si", "n_testimonianze": "0", "zona": "B2"}, "geometry": {"type": "LineString", "coordinates": [[14.271963, 40.8586744], [14.2725936, 40.8585136], [14.2726673, 40.8584934], [14.2726898, 40.8584876]]}}, {"type": "Feature", "properties": {"id": "SS-NAP-1407", "nome": "Via Italo Calvino", "quartiere": "", "classificazione": "giallo", "score": 3, "note": "strada urbana senza ciclabile", "ciclabile": "no", "n_corsie": "2", "senso_unico": "si", "n_testimonianze": "0", "zona": "B2"}, "geometry": {"type": "LineString", "coordinates": [[14.3340574, 40.8689706], [14.3340425, 40.8689518], [14.3337055, 40.8685285], [14.3336216, 40.8684288], [14.3335317, 40.8683518], [14.3334194, 40.8682842], [14.3327254, 40.8678667], [14.3326886, 40.8678446]]}}, {"type": "Feature", "properties": {"id": "SS-NAP-1413", "nome": "Via La Certosa di Parma", "quartiere": "", "classificazione": "giallo", "score": 3, "note": "strada urbana senza ciclabile", "ciclabile": "no", "n_corsie": "2", "senso_unico": "si", "n_testimonianze": "0", "zona": "B2"}, "geometry": {"type": "MultiLineString", "coordinates": [[[14.2644624, 40.9011318], [14.2643994, 40.9010635], [14.2643738, 40.9010254], [14.2643082, 40.9009276], [14.2643023, 40.9009195], [14.2642745, 40.9008814], [14.2642504, 40.9008449]], [[14.2642504, 40.9008449], [14.264354, 40.9008876], [14.2644569, 40.9009301], [14.2645133, 40.9009625], [14.2645898, 40.9009763], [14.2647207, 40.90098]], [[14.2645133, 40.9009625], [14.2645401, 40.900997], [14.2645591, 40.9010331], [14.2645698, 40.9010725]], [[14.2635027, 40.9002425], [14.2633008, 40.9000738], [14.2631483, 40.8999462], [14.2626067, 40.8994936], [14.2620717, 40.8990464]], [[14.2642504, 40.9008449], [14.2635027, 40.9002425]]]}}, {"type": "Feature", "properties": {"id": "SS-NAP-1414", "nome": "Via La Scala di Seta", "quartiere": "", "classificazione": "giallo", "score": 3, "note": "strada urbana senza ciclabile", "ciclabile": "no", "n_corsie": "2", "senso_unico": "no", "n_testimonianze": "0", "zona": "B2"}, "geometry": {"type": "LineString", "coordinates": [[14.2635027, 40.9002425], [14.2627106, 40.9007536], [14.2628222, 40.9008787], [14.26171, 40.9016122], [14.2612757, 40.9012624], [14.2612183, 40.9012162]]}}, {"type": "Feature", "properties": {"id": "SS-NAP-1420", "nome": "Via Lancisiano", "quartiere": "", "classificazione": "giallo", "score": 3, "note": "strada urbana senza ciclabile", "ciclabile": "no", "n_corsie": "2", "senso_unico": "si", "n_testimonianze": "0", "zona": "B2"}, "geometry": {"type": "LineString", "coordinates": [[14.2658533, 40.8955578], [14.2654146, 40.895331], [14.264776, 40.8949945]]}}, {"type": "Feature", "properties": {"id": "SS-NAP-1421", "nome": "Via Langella", "quartiere": "", "classificazione": "giallo", "score": 3, "note": "strada urbana senza ciclabile", "ciclabile": "no", "n_corsie": "2", "senso_unico": "no", "n_testimonianze": "0", "zona": "B2"}, "geometry": {"type": "LineString", "coordinates": [[14.2482773, 40.885249], [14.2484738, 40.8854441], [14.248632, 40.8856116], [14.2486436, 40.885626], [14.2487727, 40.885745], [14.2488927, 40.8859154], [14.249013, 40.8860521], [14.2491473, 40.886216]]}}, {"type": "Feature", "properties": {"id": "SS-NAP-1426", "nome": "Via Lazio", "quartiere": "", "classificazione": "giallo", "score": 3, "note": "strada urbana senza ciclabile", "ciclabile": "no", "n_corsie": "2", "senso_unico": "si", "n_testimonianze": "0", "zona": "B2"}, "geometry": {"type": "MultiLineString", "coordinates": [[[14.2508445, 40.8885743], [14.2510329, 40.8885047], [14.2514011, 40.8883555], [14.2514913, 40.8883204], [14.2525576, 40.8879108], [14.2527159, 40.8878523], [14.2528112, 40.8878229], [14.2529063, 40.8878053], [14.2530351, 40.8877949], [14.2532232, 40.8877924], [14.2547881, 40.8877525], [14.2548683, 40.8877504], [14.254981, 40.8877378], [14.2550568, 40.8877202], [14.2551004, 40.8877037], [14.2551457, 40.8876857]], [[14.2305257, 40.9098153], [14.2305351, 40.909742], [14.2307433, 40.9092409], [14.2307798, 40.9092048], [14.2308677, 40.9091177], [14.2312762, 40.9088371], [14.2313398, 40.9087934], [14.2317582, 40.9086231], [14.2328413, 40.9078204], [14.2330807, 40.9075617], [14.2331251, 40.9075139], [14.2333563, 40.9071068], [14.2334339, 40.9069158]]]}}, {"type": "Feature", "properties": {"id": "SS-NAP-1430", "nome": "Via Leonardo Di Capua", "quartiere": "", "classificazione": "giallo", "score": 3, "note": "strada urbana senza ciclabile", "ciclabile": "no", "n_corsie": "2", "senso_unico": "si", "n_testimonianze": "0", "zona": "B2"}, "geometry": {"type": "MultiLineString", "coordinates": [[[14.2676571, 40.8699458], [14.2679262, 40.8700374], [14.2681358, 40.8701087], [14.2681798, 40.8701121], [14.2682408, 40.870107], [14.2682871, 40.8701016], [14.2683186, 40.8700979], [14.268396, 40.8700812]], [[14.2672583, 40.8698118], [14.2672878, 40.8698217], [14.2676571, 40.8699458]]]}}, {"type": "Feature", "properties": {"id": "SS-NAP-1434", "nome": "Via Leopoldo Tarantini", "quartiere": "", "classificazione": "rosso", "score": 4, "note": "strada principale trafficata", "ciclabile": "no", "n_corsie": "2", "senso_unico": "si", "n_testimonianze": "0", "zona": "B2"}, "geometry": {"type": "MultiLineString", "coordinates": [[[14.2931938, 40.8659441], [14.2932769, 40.8658683], [14.2938845, 40.8652617], [14.2943087, 40.8648669]], [[14.2943087, 40.8648669], [14.2944273, 40.8647285]], [[14.2946679, 40.8645757], [14.2947084, 40.8646026], [14.2947354, 40.8646379], [14.2947461, 40.8646778], [14.2947393, 40.8647183], [14.2947158, 40.8647549], [14.2946781, 40.864784], [14.29463, 40.8648025]], [[14.2944273, 40.8647285], [14.2944164, 40.8647067], [14.294415, 40.8646645], [14.2944321, 40.8646243], [14.2944658, 40.8645907], [14.2945123, 40.8645674], [14.2945644, 40.8645571]], [[14.29463, 40.8648025], [14.2945748, 40.8648083], [14.2945201, 40.8648], [14.2944721, 40.8647785]], [[14.2944721, 40.8647785], [14.2944361, 40.8647462], [14.2944273, 40.8647285]], [[14.2945644, 40.8645571], [14.2946182, 40.86456], [14.2946679, 40.8645757]]]}}, {"type": "Feature", "properties": {"id": "SS-NAP-1437", "nome": "Via Libero Grassi", "quartiere": "", "classificazione": "giallo", "score": 3, "note": "strada urbana senza ciclabile", "ciclabile": "no", "n_corsie": "2", "senso_unico": "no", "n_testimonianze": "0", "zona": "B2"}, "geometry": {"type": "LineString", "coordinates": [[14.243388, 40.893447], [14.2434365, 40.8934185], [14.2436403, 40.8933374], [14.24379, 40.8933822], [14.244606, 40.8947313]]}}, {"type": "Feature", "properties": {"id": "SS-NAP-1438", "nome": "Via Liburia", "quartiere": "", "classificazione": "giallo", "score": 3, "note": "strada urbana senza ciclabile", "ciclabile": "no", "n_corsie": "2", "senso_unico": "no", "n_testimonianze": "0", "zona": "B2"}, "geometry": {"type": "LineString", "coordinates": [[14.2904831, 40.8938872], [14.2905066, 40.8938713], [14.2905961, 40.8938106], [14.2907311, 40.8937131], [14.2907801, 40.8936314], [14.290813, 40.8935206], [14.2909323, 40.8933521], [14.2911744, 40.8930499], [14.2918393, 40.8934264], [14.292814, 40.892659], [14.2938556, 40.8932551]]}}, {"type": "Feature", "properties": {"id": "SS-NAP-1439", "nome": "Via Lieti a Capodimonte", "quartiere": "", "classificazione": "giallo", "score": 3, "note": "strada urbana senza ciclabile", "ciclabile": "no", "n_corsie": "2", "senso_unico": "no", "n_testimonianze": "0", "zona": "B2"}, "geometry": {"type": "MultiLineString", "coordinates": [[[14.2467973, 40.8725982], [14.2467702, 40.8724318], [14.2466304, 40.8715222]], [[14.2471985, 40.8744524], [14.2470602, 40.8743932], [14.2470266, 40.8741735]], [[14.2470266, 40.8741735], [14.2469653, 40.8737732], [14.2469332, 40.8735891], [14.2468202, 40.87294], [14.2467973, 40.8725982]]]}}, {"type": "Feature", "properties": {"id": "SS-NAP-1444", "nome": "Via Lombardia", "quartiere": "", "classificazione": "giallo", "score": 3, "note": "strada urbana senza ciclabile", "ciclabile": "no", "n_corsie": "2", "senso_unico": "si", "n_testimonianze": "0", "zona": "B2"}, "geometry": {"type": "MultiLineString", "coordinates": [[[14.253466, 40.8928215], [14.2535013, 40.8928106], [14.2535806, 40.8927861], [14.2536895, 40.8927618], [14.2537734, 40.8927567], [14.2538606, 40.8927591]], [[14.2538606, 40.8927591], [14.2537648, 40.8928378], [14.253629, 40.8929021], [14.2535858, 40.8929132], [14.2535242, 40.8929218]], [[14.2537648, 40.8928378], [14.2536594, 40.8929982], [14.2536455, 40.8930343], [14.2536228, 40.8930932]], [[14.2538606, 40.8927591], [14.2539924, 40.8927117], [14.2540256, 40.8926998], [14.2541796, 40.8926416], [14.2554259, 40.8921966], [14.2555189, 40.892171], [14.2556074, 40.8921541], [14.2559153, 40.8921346], [14.2563223, 40.8921291], [14.2566552, 40.8921234], [14.2567871, 40.8921218], [14.2568258, 40.892121], [14.2568701, 40.8921172], [14.256898, 40.8921111], [14.2569252, 40.8921036]], [[14.2570657, 40.8920739], [14.2570303, 40.8920817], [14.2569872, 40.892091], [14.2569252, 40.8921036]], [[14.2569252, 40.8921036], [14.2569674, 40.8920746], [14.2569933, 40.8920507], [14.2570265, 40.8920088]]]}}, {"type": "Feature", "properties": {"id": "SS-NAP-1446", "nome": "Via Lorenzo Giusso", "quartiere": "", "classificazione": "giallo", "score": 3, "note": "strada urbana senza ciclabile", "ciclabile": "no", "n_corsie": "2", "senso_unico": "no", "n_testimonianze": "0", "zona": "B2"}, "geometry": {"type": "LineString", "coordinates": [[14.2770699, 40.8744338], [14.277012, 40.8744919], [14.276887, 40.8746165], [14.2759682, 40.8755365], [14.2758942, 40.8756122], [14.2758118, 40.8756962], [14.2755022, 40.8760116]]}}, {"type": "Feature", "properties": {"id": "SS-NAP-1447", "nome": "Via Lorenzo Giustiniani", "quartiere": "", "classificazione": "blu", "score": 2, "note": "zona pedonale / living street", "ciclabile": "no", "n_corsie": "1", "senso_unico": "no", "n_testimonianze": "0", "zona": "B2"}, "geometry": {"type": "LineString", "coordinates": [[14.2661597, 40.8565158], [14.2656985, 40.8566294]]}}, {"type": "Feature", "properties": {"id": "SS-NAP-1449", "nome": "Via Louis Armstrong", "quartiere": "", "classificazione": "giallo", "score": 3, "note": "strada urbana senza ciclabile", "ciclabile": "no", "n_corsie": "2", "senso_unico": "si", "n_testimonianze": "0", "zona": "B2"}, "geometry": {"type": "LineString", "coordinates": [[14.3336675, 40.8691978], [14.3336949, 40.8692526], [14.3338159, 40.8694951], [14.3338314, 40.869546], [14.3338377, 40.8695666], [14.3338304, 40.8696299], [14.3338086, 40.8697015], [14.3337649, 40.8697757], [14.3336994, 40.8698418], [14.3336303, 40.8698858], [14.3335648, 40.8699216], [14.3323624, 40.8703985], [14.3322976, 40.8704242]]}}, {"type": "Feature", "properties": {"id": "SS-NAP-1450", "nome": "Via Louis Bierot", "quartiere": "", "classificazione": "giallo", "score": 3, "note": "strada urbana senza ciclabile", "ciclabile": "no", "n_corsie": "2", "senso_unico": "no", "n_testimonianze": "0", "zona": "B2"}, "geometry": {"type": "LineString", "coordinates": [[14.2912671, 40.8745555], [14.2912602, 40.8746265], [14.2912455, 40.8747775], [14.2911839, 40.8751227], [14.2911557, 40.875315], [14.2910658, 40.8755736], [14.2909545, 40.8759358], [14.2909618, 40.8759686], [14.2910113, 40.8760043], [14.2910524, 40.876034], [14.2910795, 40.8760631], [14.2910966, 40.8760816], [14.2910873, 40.8761688], [14.291035, 40.8762998], [14.2909853, 40.8763485], [14.2908123, 40.8764264], [14.2905743, 40.8765255], [14.2904002, 40.8765787], [14.2902358, 40.8766276], [14.2900842, 40.8766807], [14.2900727, 40.8766848]]}}, {"type": "Feature", "properties": {"id": "SS-NAP-1452", "nome": "Via Luca Pacioli", "quartiere": "", "classificazione": "rosso", "score": 4, "note": "strada secondaria trafficata", "ciclabile": "no", "n_corsie": "2", "senso_unico": "si", "n_testimonianze": "0", "zona": "B2"}, "geometry": {"type": "MultiLineString", "coordinates": [[[14.3439921, 40.8601817], [14.3439091, 40.8602404], [14.3438177, 40.8603245], [14.3436932, 40.8604579], [14.3434553, 40.8607752], [14.3429503, 40.8614209], [14.342491, 40.8620099], [14.3423563, 40.8621925]], [[14.3442446, 40.8594386], [14.3444387, 40.8591814], [14.3445438, 40.8590231], [14.3447157, 40.8587671], [14.3448901, 40.8584963], [14.3450632, 40.8582181], [14.3452215, 40.8579485], [14.345296, 40.8578149]], [[14.3426884, 40.8614977], [14.3432204, 40.8608056], [14.3434047, 40.8605822], [14.3435524, 40.8603883], [14.3436342, 40.8602318], [14.3436816, 40.8601223], [14.3436904, 40.8600662]], [[14.3468067, 40.8554201], [14.3463733, 40.85622]], [[14.3462028, 40.8561654], [14.3466444, 40.8553663]], [[14.3471334, 40.8538869], [14.3471842, 40.8537087], [14.3472673, 40.8533889], [14.3473099, 40.8532424]], [[14.3473099, 40.8532424], [14.3475539, 40.8523433], [14.3476432, 40.8520055], [14.3476733, 40.8518622], [14.3477057, 40.8517229], [14.3477208, 40.8515908], [14.3477271, 40.8514744], [14.3477303, 40.8513692], [14.3477263, 40.8513073], [14.3477119, 40.8512219], [14.347694, 40.8511855]], [[14.3479634, 40.8511785], [14.3479749, 40.8512657], [14.3478997, 40.8516357], [14.3478139, 40.8520011], [14.3474621, 40.8532665]], [[14.3466444, 40.8553663], [14.3467778, 40.855137], [14.3468486, 40.854986], [14.3468953, 40.8548309], [14.3469349, 40.8546766], [14.3470395, 40.854273], [14.3471334, 40.8538869]], [[14.3457055, 40.8574027], [14.3456738, 40.8574587], [14.3455054, 40.8577677], [14.3454357, 40.8578975], [14.3452705, 40.858197], [14.3449326, 40.8587706], [14.3442914, 40.8596808], [14.3442442, 40.8598185], [14.3442154, 40.8599138]], [[14.3472969, 40.8539127], [14.347209, 40.8542837], [14.3469736, 40.8551212], [14.3468067, 40.8554201]], [[14.3474621, 40.8532665], [14.3472969, 40.8539127]], [[14.3474273, 40.8520714], [14.3475287, 40.8518046], [14.3475415, 40.8517708], [14.3475758, 40.8515988], [14.3475993, 40.851326], [14.3475886, 40.8512433], [14.3475522, 40.8511718], [14.3475115, 40.8511151], [14.3473784, 40.8509927], [14.3473118, 40.85093]], [[14.3439136, 40.8597589], [14.3439981, 40.8597035], [14.3441444, 40.8595499], [14.3442446, 40.8594386]], [[14.3463733, 40.85622], [14.3457055, 40.8574027]], [[14.345296, 40.8578149], [14.3453555, 40.8577082], [14.3462028, 40.8561654]], [[14.3422222, 40.8621297], [14.3426884, 40.8614977]]]}}, {"type": "Feature", "properties": {"id": "SS-NAP-1453", "nome": "Via Luca Samuele Cagnazzi", "quartiere": "", "classificazione": "giallo", "score": 3, "note": "strada urbana senza ciclabile", "ciclabile": "no", "n_corsie": "2", "senso_unico": "no", "n_testimonianze": "0", "zona": "B2"}, "geometry": {"type": "MultiLineString", "coordinates": [[[14.2498012, 40.8624356], [14.2500238, 40.8623248], [14.2503011, 40.8622284], [14.2504091, 40.8622128], [14.2511541, 40.862269], [14.2513367, 40.8616773], [14.251377, 40.8615373], [14.2513854, 40.8614057], [14.2514036, 40.8613378]], [[14.2484227, 40.8613708], [14.2485394, 40.861374], [14.2486942, 40.8613783], [14.2489665, 40.8614863], [14.2490604, 40.8615503], [14.2492513, 40.8617331], [14.249372, 40.861874], [14.2495398, 40.8620772]], [[14.2513744, 40.8611441], [14.2513521, 40.8610084], [14.2514467, 40.8606715]], [[14.2495398, 40.8620772], [14.2498012, 40.8624356]]]}}, {"type": "Feature", "properties": {"id": "SS-NAP-1457", "nome": "Via Lucio Amelio", "quartiere": "", "classificazione": "rosso", "score": 4, "note": "strada principale trafficata (2 corsie)", "ciclabile": "no", "n_corsie": "2", "senso_unico": "no", "n_testimonianze": "0", "zona": "B2"}, "geometry": {"type": "MultiLineString", "coordinates": [[[14.2490749, 40.8664305], [14.2490653, 40.8665599], [14.249047, 40.8668067], [14.2490572, 40.8669378], [14.2490833, 40.8670459], [14.2491345, 40.8671717], [14.2492145, 40.8673563]], [[14.2485207, 40.8747237], [14.2485377, 40.8748622], [14.2485458, 40.8749284], [14.2486541, 40.875698], [14.248663, 40.8758728], [14.2486783, 40.876172], [14.248711, 40.8767833], [14.2487281, 40.8771036], [14.2487281, 40.8775671], [14.2487005, 40.8780281], [14.2487007, 40.8781925], [14.2486987, 40.8783585], [14.2486928, 40.8785184], [14.2486767, 40.8791173], [14.2486717, 40.8792047], [14.2486657, 40.8793156], [14.2486602, 40.8794055], [14.2486514, 40.8795574], [14.2486511, 40.8796007], [14.2486488, 40.8797001], [14.2486266, 40.8806597], [14.2486639, 40.8808165], [14.2487985, 40.880919], [14.2491742, 40.8810992], [14.2494598, 40.8812743], [14.2495426, 40.8814176], [14.2494771, 40.8821315], [14.2494486, 40.8822051], [14.2493913, 40.8822516], [14.2491214, 40.8823622], [14.2489899, 40.8824212], [14.2487457, 40.8825946], [14.2486011, 40.8827945], [14.248563, 40.8829087], [14.248567, 40.8830198]], [[14.2502421, 40.8697287], [14.2502035, 40.8698607], [14.2500385, 40.8704992], [14.2499784, 40.8707344], [14.2499526, 40.8708247], [14.2497999, 40.8713582], [14.2497556, 40.871513], [14.2496005, 40.8718661], [14.2495663, 40.8719439], [14.2493306, 40.8724802], [14.2487234, 40.8736964], [14.2486452, 40.8738529], [14.2485165, 40.8742033], [14.2485145, 40.8743035]], [[14.2492145, 40.8673563], [14.2497615, 40.8685923], [14.2498704, 40.8688297], [14.2499209, 40.8689398], [14.2502169, 40.8695756], [14.2502374, 40.8696394], [14.2502443, 40.8696879], [14.2502421, 40.8697287]], [[14.2492423, 40.8861736], [14.2493075, 40.8862763], [14.2495424, 40.8866464], [14.2502046, 40.88769], [14.2503633, 40.8879401], [14.2505901, 40.8882975], [14.2506109, 40.8883302]], [[14.2487004, 40.8833067], [14.2488533, 40.8836413], [14.2489865, 40.8839804], [14.2489943, 40.884], [14.249019, 40.8841625], [14.2490243, 40.8843257], [14.2490015, 40.8844702], [14.2489425, 40.8846061], [14.2488064, 40.8848763], [14.2487051, 40.8851521], [14.248767, 40.885362], [14.2492423, 40.8861736]]]}}, {"type": "Feature", "properties": {"id": "SS-NAP-1466", "nome": "Via Luigi Crisconio", "quartiere": "", "classificazione": "giallo", "score": 3, "note": "strada urbana senza ciclabile", "ciclabile": "no", "n_corsie": "2", "senso_unico": "si", "n_testimonianze": "0", "zona": "B2"}, "geometry": {"type": "MultiLineString", "coordinates": [[[14.3306937, 40.8563694], [14.3308264, 40.8564201], [14.3316963, 40.8567361], [14.3320799, 40.8568888], [14.3322036, 40.8569608]], [[14.3338905, 40.8579303], [14.3338431, 40.8579149], [14.3332501, 40.85759], [14.3322036, 40.8569608]]]}}, {"type": "Feature", "properties": {"id": "SS-NAP-1468", "nome": "Via Luigi Franciosa", "quartiere": "", "classificazione": "giallo", "score": 3, "note": "strada urbana senza ciclabile", "ciclabile": "no", "n_corsie": "2", "senso_unico": "no", "n_testimonianze": "0", "zona": "B2"}, "geometry": {"type": "MultiLineString", "coordinates": [[[14.329981, 40.8534983], [14.3299049, 40.8533101], [14.3297881, 40.8530219]], [[14.3299049, 40.8533101], [14.3299198, 40.8532734], [14.3299412, 40.8532474], [14.3299841, 40.8532084], [14.3300376, 40.8531751], [14.3301058, 40.8531372]], [[14.326663, 40.854452], [14.3270916, 40.8542683], [14.3276066, 40.8540995], [14.3279057, 40.8540238], [14.3287857, 40.8538039], [14.329981, 40.8534983], [14.3305232, 40.8533642]]]}}, {"type": "Feature", "properties": {"id": "SS-NAP-1471", "nome": "Via Luigi La Vista", "quartiere": "", "classificazione": "giallo", "score": 3, "note": "strada urbana senza ciclabile", "ciclabile": "no", "n_corsie": "2", "senso_unico": "si", "n_testimonianze": "0", "zona": "B2"}, "geometry": {"type": "LineString", "coordinates": [[14.2733593, 40.8598031], [14.2732703, 40.8597947], [14.2730892, 40.8597761], [14.2726248, 40.8597296], [14.2725569, 40.8597228]]}}, {"type": "Feature", "properties": {"id": "SS-NAP-1472", "nome": "Via Luigi Landolfi", "quartiere": "", "classificazione": "giallo", "score": 3, "note": "strada urbana senza ciclabile", "ciclabile": "no", "n_corsie": "2", "senso_unico": "si", "n_testimonianze": "0", "zona": "B2"}, "geometry": {"type": "MultiLineString", "coordinates": [[[14.289042, 40.8583607], [14.2890706, 40.85841], [14.2890937, 40.8584442], [14.2891079, 40.8584564], [14.2892, 40.8585458]], [[14.2891163, 40.8579236], [14.2891532, 40.8577063], [14.2891623, 40.8576526], [14.2892263, 40.857276], [14.2892932, 40.8568819], [14.2893579, 40.8565007], [14.2894164, 40.8561485], [14.2894289, 40.8560823]], [[14.289042, 40.8583607], [14.2891163, 40.8579236]], [[14.2888716, 40.8585127], [14.2889776, 40.8584318], [14.2890125, 40.8583952], [14.289042, 40.8583607]]]}}, {"type": "Feature", "properties": {"id": "SS-NAP-1476", "nome": "Via Luigi Napolitano", "quartiere": "", "classificazione": "giallo", "score": 3, "note": "strada urbana senza ciclabile", "ciclabile": "no", "n_corsie": "2", "senso_unico": "no", "n_testimonianze": "0", "zona": "B2"}, "geometry": {"type": "MultiLineString", "coordinates": [[[14.3344116, 40.866183], [14.3346643, 40.8672263], [14.3346694, 40.8672473], [14.3346939, 40.8673262], [14.3347268, 40.867393]], [[14.3344116, 40.866183], [14.3343377, 40.8661165], [14.3342816, 40.8660514], [14.334248, 40.8659863], [14.3341694, 40.8656893], [14.3341582, 40.8655789], [14.3341731, 40.8655167], [14.3342012, 40.8654454]], [[14.3342012, 40.8654454], [14.3342854, 40.8654856], [14.334349, 40.865545], [14.3343826, 40.8656044], [14.3344724, 40.8659269], [14.3344687, 40.8660033], [14.33445, 40.8660825], [14.3344116, 40.866183]], [[14.3342012, 40.8654454], [14.334157, 40.8652309], [14.3341164, 40.8650083], [14.3340961, 40.8648164], [14.3340758, 40.8645938], [14.3340859, 40.8644096], [14.3341164, 40.8642177], [14.3341671, 40.8640872], [14.3342338, 40.8639797]], [[14.3353757, 40.8617885], [14.3353918, 40.8617311], [14.3353906, 40.8616674], [14.3353859, 40.861643], [14.335372, 40.8615709]], [[14.3356328, 40.861623], [14.3355434, 40.8616734], [14.3354549, 40.8617242], [14.3353757, 40.8617885]], [[14.3342338, 40.8639797], [14.3343701, 40.8638723], [14.3344368, 40.8638044], [14.3344721, 40.8637275], [14.3344809, 40.8636573], [14.3344677, 40.8635771], [14.3344412, 40.8635003], [14.3344303, 40.8634496], [14.3344341, 40.8633817], [14.3344603, 40.8633222], [14.3347701, 40.8628031]], [[14.3347701, 40.8628031], [14.3351211, 40.8622151], [14.3353757, 40.8617885]]]}}, {"type": "Feature", "properties": {"id": "SS-NAP-1477", "nome": "Via Luigi Parascandalo", "quartiere": "", "classificazione": "giallo", "score": 3, "note": "strada urbana senza ciclabile", "ciclabile": "no", "n_corsie": "2", "senso_unico": "no", "n_testimonianze": "0", "zona": "B2"}, "geometry": {"type": "LineString", "coordinates": [[14.2723194, 40.8850917], [14.2725919, 40.8849347], [14.2729976, 40.884694], [14.2731694, 40.884592], [14.2738252, 40.8842027], [14.2739125, 40.8841509]]}}, {"type": "Feature", "properties": {"id": "SS-NAP-1480", "nome": "Via Luigi Renato Sansone", "quartiere": "", "classificazione": "giallo", "score": 3, "note": "strada urbana senza ciclabile", "ciclabile": "no", "n_corsie": "2", "senso_unico": "no", "n_testimonianze": "0", "zona": "B2"}, "geometry": {"type": "MultiLineString", "coordinates": [[[14.2600856, 40.8845872], [14.2600163, 40.8844729], [14.2598064, 40.8841266]], [[14.2245049, 40.9035071], [14.2244883, 40.9034803], [14.2240305, 40.9027421], [14.2239936, 40.9026842], [14.2237203, 40.9022298], [14.2234003, 40.9017088], [14.223361, 40.9016298], [14.223355, 40.9016039], [14.2233546, 40.9015523], [14.2233563, 40.9014061], [14.2233386, 40.9012843], [14.2233074, 40.9011867], [14.2232662, 40.9010887], [14.2227917, 40.9002222], [14.2227561, 40.900159], [14.2225657, 40.8998044], [14.2224698, 40.8996163], [14.2224704, 40.8996135], [14.2224736, 40.8996123], [14.2228922, 40.899537], [14.2231035, 40.8994862]]]}}, {"type": "Feature", "properties": {"id": "SS-NAP-1484", "nome": "Via Luigi Settembrini", "quartiere": "", "classificazione": "giallo", "score": 3, "note": "strada urbana senza ciclabile", "ciclabile": "no", "n_corsie": "2", "senso_unico": "si", "n_testimonianze": "0", "zona": "B2"}, "geometry": {"type": "MultiLineString", "coordinates": [[[14.2562493, 40.8549032], [14.2563486, 40.8549513], [14.2573776, 40.8550987], [14.2574382, 40.8551074], [14.257513, 40.8551173], [14.2580772, 40.8551919], [14.2583319, 40.8552183], [14.2586841, 40.8552422], [14.2587326, 40.8552459], [14.2587749, 40.8552491], [14.2598285, 40.8553437], [14.2599962, 40.8553775], [14.2602363, 40.8553679]], [[14.2602363, 40.8553679], [14.2604309, 40.8553461], [14.2604706, 40.8554159], [14.2604862, 40.8554444]]]}}, {"type": "Feature", "properties": {"id": "SS-NAP-1490", "nome": "Via Macedonia", "quartiere": "", "classificazione": "giallo", "score": 3, "note": "strada urbana senza ciclabile", "ciclabile": "no", "n_corsie": "2", "senso_unico": "no", "n_testimonianze": "0", "zona": "B2"}, "geometry": {"type": "MultiLineString", "coordinates": [[[14.258166, 40.8683157], [14.2581231, 40.8682002], [14.2580888, 40.8681839], [14.2580171, 40.8681788], [14.2579279, 40.8681788], [14.2578622, 40.8682103], [14.2578078, 40.8682614], [14.2577663, 40.8683229], [14.2577415, 40.8685186], [14.2577542, 40.8685905], [14.257783, 40.868618], [14.2578213, 40.8686251], [14.2580546, 40.8685581], [14.2582746, 40.8685399], [14.2584248, 40.8685601], [14.2587601, 40.868767], [14.2588995, 40.8689131], [14.2595392, 40.8686281], [14.2597418, 40.8684466], [14.2598056, 40.8683692], [14.2598249, 40.8682153], [14.2597739, 40.868047], [14.2597495, 40.8679026], [14.2597725, 40.8678642], [14.2598115, 40.8678218]], [[14.2598056, 40.8683692], [14.2599097, 40.868478], [14.2600478, 40.8685669], [14.2602153, 40.868638], [14.2605943, 40.8688135], [14.2620928, 40.8685891]], [[14.2578213, 40.8686251], [14.2577991, 40.8686798], [14.2578018, 40.8687184], [14.2578387, 40.8687745], [14.2578886, 40.8688945], [14.2578886, 40.8690056]], [[14.2597708, 40.8704046], [14.2596467, 40.8704808], [14.259626, 40.8705036], [14.2596115, 40.87053], [14.2596101, 40.8705622], [14.2596141, 40.8706622], [14.2596028, 40.8706898], [14.2595857, 40.8707052], [14.2594759, 40.8707359], [14.2589962, 40.8707928], [14.2585754, 40.870822], [14.2582156, 40.8708113]], [[14.2592374, 40.8699458], [14.2592987, 40.869953], [14.2593705, 40.86995], [14.2594389, 40.8699357], [14.2594512, 40.8699368], [14.2594597, 40.8699444], [14.2595021, 40.8699968], [14.2595436, 40.870044], [14.2595876, 40.8700929], [14.2596276, 40.8701325], [14.2597069, 40.8701896], [14.2598271, 40.8702869], [14.2598325, 40.8702921], [14.2598363, 40.8703003], [14.2598371, 40.8703073], [14.2598325, 40.8703166], [14.2597666, 40.8703705], [14.2597578, 40.8703789], [14.2597578, 40.870385], [14.2597632, 40.8703909], [14.259772, 40.8703955], [14.2597743, 40.8703981], [14.2597737, 40.870403], [14.2597708, 40.8704046]]]}}, {"type": "Feature", "properties": {"id": "SS-NAP-1491", "nome": "Via Macedonio Melloni", "quartiere": "", "classificazione": "giallo", "score": 3, "note": "strada urbana senza ciclabile", "ciclabile": "no", "n_corsie": "2", "senso_unico": "si", "n_testimonianze": "0", "zona": "B2"}, "geometry": {"type": "LineString", "coordinates": [[14.2671667, 40.8656882], [14.2664497, 40.8661621], [14.2664142, 40.8661857], [14.2663681, 40.8662152], [14.2658439, 40.8665507], [14.2658124, 40.8665709], [14.2652062, 40.8669439], [14.2646295, 40.8673066]]}}, {"type": "Feature", "properties": {"id": "SS-NAP-1492", "nome": "Via Macello", "quartiere": "", "classificazione": "rosso", "score": 4, "note": "strada principale trafficata", "ciclabile": "no", "n_corsie": "2", "senso_unico": "si", "n_testimonianze": "0", "zona": "B2"}, "geometry": {"type": "MultiLineString", "coordinates": [[[14.2930118, 40.8628163], [14.2946773, 40.8637717], [14.2947386, 40.8638075], [14.29479, 40.8638477], [14.2948053, 40.8638935], [14.2948017, 40.863956]], [[14.2947181, 40.8639412], [14.2947154, 40.8638855], [14.2946914, 40.8638353], [14.2946416, 40.863794], [14.2929644, 40.86285]]]}}, {"type": "Feature", "properties": {"id": "SS-NAP-1496", "nome": "Via Maestri del Lavoro", "quartiere": "", "classificazione": "giallo", "score": 3, "note": "strada urbana senza ciclabile", "ciclabile": "no", "n_corsie": "2", "senso_unico": "no", "n_testimonianze": "0", "zona": "B2"}, "geometry": {"type": "MultiLineString", "coordinates": [[[14.2669499, 40.8971315], [14.2669241, 40.8970575], [14.266462, 40.8957332], [14.2664095, 40.8956212]], [[14.2664095, 40.8956212], [14.2662237, 40.895228]]]}}, {"type": "Feature", "properties": {"id": "SS-NAP-1500", "nome": "Via Manlio Rossi Doria", "quartiere": "", "classificazione": "giallo", "score": 3, "note": "strada urbana senza ciclabile", "ciclabile": "no", "n_corsie": "2", "senso_unico": "no", "n_testimonianze": "0", "zona": "B2"}, "geometry": {"type": "MultiLineString", "coordinates": [[[14.3436658, 40.8559479], [14.3434756, 40.8562638], [14.343448, 40.8563103], [14.3430865, 40.8568792]], [[14.3438079, 40.8553584], [14.3438172, 40.8553191], [14.3438316, 40.8552743], [14.3438952, 40.8551458], [14.3439078, 40.8551245], [14.3439255, 40.8551006], [14.3439518, 40.855073]], [[14.3440197, 40.8549026], [14.344003, 40.8549446], [14.3439518, 40.855073]], [[14.3438085, 40.8554515], [14.3438367, 40.8554124], [14.3438566, 40.8553914], [14.3438784, 40.8553759]], [[14.3439518, 40.855073], [14.3439505, 40.8551034], [14.3439521, 40.8551275], [14.3439575, 40.8551562], [14.3439669, 40.8551817], [14.3440137, 40.855325], [14.3440269, 40.8553651], [14.3440319, 40.8553911], [14.3440306, 40.8554135]], [[14.3440306, 40.8554135], [14.3440146, 40.8554537], [14.343996, 40.855486], [14.3438379, 40.8557371], [14.3437695, 40.8558253], [14.3436658, 40.8559479]], [[14.3436658, 40.8559479], [14.3437385, 40.8557119], [14.3438085, 40.8554515], [14.3438079, 40.8553584]]]}}, {"type": "Feature", "properties": {"id": "SS-NAP-1506", "nome": "Via Marche", "quartiere": "", "classificazione": "giallo", "score": 3, "note": "strada urbana senza ciclabile", "ciclabile": "no", "n_corsie": "2", "senso_unico": "no", "n_testimonianze": "0", "zona": "B2"}, "geometry": {"type": "MultiLineString", "coordinates": [[[14.2543198, 40.8910198], [14.2540788, 40.8924471], [14.2541796, 40.8926416]], [[14.2540788, 40.8924471], [14.2539924, 40.8927117]]]}}, {"type": "Feature", "properties": {"id": "SS-NAP-1508", "nome": "Via Marchese Giuseppe Palmieri", "quartiere": "", "classificazione": "giallo", "score": 3, "note": "strada urbana senza ciclabile", "ciclabile": "no", "n_corsie": "2", "senso_unico": "si", "n_testimonianze": "0", "zona": "B2"}, "geometry": {"type": "LineString", "coordinates": [[14.2734385, 40.8640424], [14.2726139, 40.8639609], [14.2718091, 40.8638812], [14.2708907, 40.8637904], [14.2698542, 40.8636879], [14.2697997, 40.8636825]]}}, {"type": "Feature", "properties": {"id": "SS-NAP-1510", "nome": "Via Marco Aurelio Severino", "quartiere": "", "classificazione": "giallo", "score": 3, "note": "strada urbana senza ciclabile", "ciclabile": "no", "n_corsie": "2", "senso_unico": "si", "n_testimonianze": "0", "zona": "B2"}, "geometry": {"type": "LineString", "coordinates": [[14.2671672, 40.8668691], [14.2671687, 40.8665528], [14.2671715, 40.8659716], [14.2671695, 40.8658514], [14.2671667, 40.8656882], [14.2666449, 40.8651785], [14.2665987, 40.8651333]]}}, {"type": "Feature", "properties": {"id": "SS-NAP-1516", "nome": "Via Maria Callas", "quartiere": "", "classificazione": "giallo", "score": 3, "note": "strada urbana senza ciclabile", "ciclabile": "no", "n_corsie": "2", "senso_unico": "no", "n_testimonianze": "0", "zona": "B2"}, "geometry": {"type": "LineString", "coordinates": [[14.3403563, 40.8709701], [14.3403753, 40.8708791], [14.3404075, 40.8708223], [14.340853, 40.8703502], [14.3414203, 40.8697491], [14.3419227, 40.8692284], [14.3419302, 40.8692091], [14.3419327, 40.8691888], [14.3419304, 40.8691632], [14.3419083, 40.869099], [14.3418909, 40.8690487], [14.3418908, 40.8690149], [14.341907, 40.8689762], [14.3419333, 40.8689417], [14.3419578, 40.8689168], [14.3420469, 40.8688263], [14.3421538, 40.8687179], [14.3423945, 40.8684734], [14.3425382, 40.8683275]]}}, {"type": "Feature", "properties": {"id": "SS-NAP-1517", "nome": "Via Maria Longo", "quartiere": "", "classificazione": "giallo", "score": 3, "note": "strada urbana senza ciclabile", "ciclabile": "no", "n_corsie": "2", "senso_unico": "si", "n_testimonianze": "0", "zona": "B2"}, "geometry": {"type": "LineString", "coordinates": [[14.2531548, 40.8541094], [14.2531722, 40.8540911], [14.2533046, 40.8539519], [14.2533808, 40.8538736], [14.2534661, 40.8538115], [14.2535757, 40.8538181], [14.2538082, 40.8538873], [14.2539845, 40.8539441], [14.254106, 40.8539905], [14.2543223, 40.8540827], [14.2543691, 40.854127], [14.2544347, 40.8542215], [14.2545419, 40.8543168], [14.2546653, 40.8543879], [14.2546985, 40.8543994], [14.254703, 40.8544003], [14.2550949, 40.8545367], [14.2555868, 40.8546991], [14.2560031, 40.854818], [14.2560481, 40.8548309], [14.2562493, 40.8549032]]}}, {"type": "Feature", "properties": {"id": "SS-NAP-1518", "nome": "Via Maria Malibran", "quartiere": "", "classificazione": "giallo", "score": 3, "note": "strada urbana senza ciclabile", "ciclabile": "no", "n_corsie": "2", "senso_unico": "si", "n_testimonianze": "0", "zona": "B2"}, "geometry": {"type": "MultiLineString", "coordinates": [[[14.3357599, 40.8611388], [14.3357431, 40.8612259], [14.3357403, 40.8612881], [14.3357458, 40.8613784]], [[14.3357599, 40.8611388], [14.3359035, 40.8609214], [14.3370244, 40.8590413], [14.3371498, 40.8588185], [14.3372062, 40.8587177], [14.337871, 40.8575304], [14.3379965, 40.8572797], [14.3380817, 40.8571321]], [[14.3355178, 40.8612937], [14.3355998, 40.8612541], [14.3356615, 40.8612211], [14.3357599, 40.8611388]]]}}, {"type": "Feature", "properties": {"id": "SS-NAP-1524", "nome": "Via Marigliano", "quartiere": "", "classificazione": "giallo", "score": 3, "note": "strada urbana senza ciclabile", "ciclabile": "no", "n_corsie": "2", "senso_unico": "no", "n_testimonianze": "0", "zona": "B2"}, "geometry": {"type": "MultiLineString", "coordinates": [[[14.271299, 40.8738214], [14.2713339, 40.8739182], [14.2711759, 40.8742627]], [[14.2711246, 40.8743786], [14.2708895, 40.8750942], [14.2704948, 40.874996], [14.2704823, 40.8749841], [14.2704404, 40.874944]]]}}, {"type": "Feature", "properties": {"id": "SS-NAP-1527", "nome": "Via Marino Freccia", "quartiere": "", "classificazione": "giallo", "score": 3, "note": "strada urbana senza ciclabile", "ciclabile": "no", "n_corsie": "2", "senso_unico": "si", "n_testimonianze": "0", "zona": "B2"}, "geometry": {"type": "LineString", "coordinates": [[14.2903665, 40.8561676], [14.2903526, 40.8562494], [14.2902951, 40.8565857], [14.2902282, 40.8569773], [14.2901627, 40.8573693], [14.290099, 40.8577507]]}}, {"type": "Feature", "properties": {"id": "SS-NAP-1529", "nome": "Via Marino di Caramanico", "quartiere": "", "classificazione": "rosso", "score": 4, "note": "strada secondaria trafficata", "ciclabile": "no", "n_corsie": "2", "senso_unico": "no", "n_testimonianze": "0", "zona": "B2"}, "geometry": {"type": "LineString", "coordinates": [[14.2879192, 40.8650614], [14.2879412, 40.8650351], [14.2906228, 40.8618514], [14.2906823, 40.8618147], [14.2907507, 40.8617976], [14.2907905, 40.8617929], [14.2908187, 40.861791], [14.2908493, 40.8617906]]}}, {"type": "Feature", "properties": {"id": "SS-NAP-1534", "nome": "Via Mario Pagano", "quartiere": "", "classificazione": "giallo", "score": 3, "note": "strada urbana senza ciclabile", "ciclabile": "no", "n_corsie": "2", "senso_unico": "si", "n_testimonianze": "0", "zona": "B2"}, "geometry": {"type": "LineString", "coordinates": [[14.253678, 40.8567061], [14.2547836, 40.8558567]]}}, {"type": "Feature", "properties": {"id": "SS-NAP-1535", "nome": "Via Mario Palermo", "quartiere": "", "classificazione": "giallo", "score": 3, "note": "strada urbana senza ciclabile", "ciclabile": "no", "n_corsie": "2", "senso_unico": "si", "n_testimonianze": "0", "zona": "B2"}, "geometry": {"type": "MultiLineString", "coordinates": [[[14.3441326, 40.8654844], [14.3439604, 40.8655334], [14.3438966, 40.8655595], [14.3438336, 40.8655952], [14.3437627, 40.8656481], [14.3437307, 40.8656744], [14.342722, 40.8669139], [14.3424195, 40.867286], [14.3418269, 40.8679452]], [[14.3273059, 40.8691306], [14.3275619, 40.8693941], [14.3280713, 40.8698537], [14.3283236, 40.8701373], [14.3283479, 40.8701646], [14.3287447, 40.8705829], [14.3289738, 40.8708369], [14.3290874, 40.8709585], [14.3295029, 40.8714581], [14.3297446, 40.8716572], [14.3301111, 40.8718335], [14.330475, 40.871928], [14.3306893, 40.8719719], [14.3308966, 40.8719898], [14.3310915, 40.8719977], [14.3323155, 40.8719421], [14.3335651, 40.8718771]], [[14.3187995, 40.8541901], [14.3187487, 40.854288], [14.3187433, 40.8543387], [14.31875, 40.8544291], [14.3188479, 40.8547546], [14.3188994, 40.8549196], [14.3191086, 40.8553531], [14.3193138, 40.8557047], [14.3194157, 40.855891], [14.3195028, 40.8560041], [14.3196866, 40.8561891], [14.31987, 40.8563269], [14.3199583, 40.8563811], [14.3234897, 40.8579374], [14.3235902, 40.8579946], [14.3236976, 40.8580825], [14.3238055, 40.858199], [14.3238591, 40.8582822], [14.3239114, 40.8583928], [14.3239358, 40.8584623], [14.3239604, 40.8585718], [14.3239665, 40.8587025], [14.3239376, 40.8588634], [14.32391, 40.8589492], [14.3238163, 40.859155], [14.3237384, 40.8592738], [14.3235152, 40.8596568], [14.3233443, 40.8599164], [14.3232855, 40.8600547], [14.3232232, 40.8602728], [14.3232171, 40.8603868], [14.3232383, 40.8604975], [14.3233296, 40.8608128], [14.3235083, 40.8613423], [14.3235992, 40.8615909], [14.3238263, 40.8618858]], [[14.3388993, 40.870986], [14.33879, 40.8710644], [14.3384795, 40.8712931], [14.3381247, 40.871521], [14.337706, 40.8716743], [14.3371165, 40.8717893], [14.3366784, 40.8718147], [14.3364706, 40.8718268], [14.3363884, 40.8718316], [14.3363023, 40.871836], [14.3350723, 40.8718981], [14.333892, 40.8719578]], [[14.3335651, 40.8718771], [14.3338421, 40.8718643]], [[14.3338421, 40.8718643], [14.3346943, 40.8718083], [14.3349396, 40.8717966], [14.3362954, 40.8717317], [14.3368938, 40.8717031], [14.3371342, 40.8716827], [14.3373547, 40.8716476], [14.3375376, 40.8716102], [14.3377323, 40.8715541], [14.337934, 40.8714749], [14.3380951, 40.8714031], [14.3382494, 40.8713217], [14.3383808, 40.8712387], [14.338592, 40.8710777], [14.3386141, 40.8710608], [14.3386517, 40.8710167], [14.338682, 40.870967], [14.3387129, 40.8708947]], [[14.333892, 40.8719578], [14.3336331, 40.8719757]], [[14.3309377, 40.8734072], [14.3307907, 40.8735899], [14.3306507, 40.8737439], [14.3303642, 40.8740301], [14.329927, 40.8744297], [14.3278102, 40.8763399], [14.3272541, 40.8768147], [14.3272062, 40.8768463], [14.3271013, 40.8769156]], [[14.3332025, 40.8720138], [14.3328748, 40.8720554], [14.3322596, 40.8721684], [14.3319131, 40.8722433], [14.3315955, 40.8722834], [14.3313579, 40.87229], [14.3311485, 40.8722843]], [[14.3311485, 40.8722843], [14.330809, 40.8722563]], [[14.330809, 40.8722563], [14.3304057, 40.8721581], [14.3301271, 40.8720566], [14.329876, 40.8719381], [14.3296374, 40.87178], [14.3294217, 40.8715795], [14.3281365, 40.8703898], [14.3281137, 40.8703687], [14.327328, 40.8696413], [14.3269243, 40.8692184]], [[14.3346943, 40.8718083], [14.3347396, 40.8717934], [14.3347901, 40.8717774], [14.3348438, 40.87177], [14.3349353, 40.8717582], [14.3352265, 40.8717207], [14.3352802, 40.8717183], [14.335458, 40.8717077], [14.3362897, 40.8716601], [14.3367831, 40.8716318], [14.3370406, 40.8716115], [14.3372846, 40.8715791], [14.3375019, 40.8715345], [14.3376816, 40.8714817], [14.3378613, 40.8714148], [14.3379386, 40.871379], [14.338041, 40.8713316], [14.3380765, 40.8713112], [14.3382422, 40.871216], [14.3383548, 40.871139], [14.3383947, 40.8711219], [14.3384403, 40.8711121], [14.3385234, 40.8710961], [14.338592, 40.8710777]], [[14.318502, 40.8543185], [14.3185276, 40.8542812], [14.3185598, 40.8542244], [14.3185784, 40.8541825], [14.3185971, 40.8541385]], [[14.3418269, 40.8679452], [14.3390687, 40.8707969]], [[14.3416989, 40.8678764], [14.3420975, 40.8674624], [14.3424232, 40.8671127], [14.3426153, 40.8668664], [14.34344, 40.8658094], [14.3435241, 40.8656733], [14.3436753, 40.8654548], [14.3436878, 40.8654269], [14.3436907, 40.8654017], [14.3436899, 40.8653783], [14.3436839, 40.8652871]], [[14.3389012, 40.8707002], [14.3389864, 40.8706729], [14.3390311, 40.8706452], [14.3390635, 40.8706138], [14.3398242, 40.8698236], [14.3416989, 40.8678764]], [[14.3256622, 40.8638132], [14.3258928, 40.8642564], [14.3259483, 40.8643613], [14.3262177, 40.8649116], [14.3263951, 40.8654522]], [[14.3263951, 40.8654522], [14.3264119, 40.8656183], [14.3264193, 40.8658734], [14.3264163, 40.8665751], [14.3264022, 40.8673083], [14.3264074, 40.8677257], [14.3264338, 40.8679013], [14.326502, 40.8681073], [14.3266584, 40.868436], [14.3268467, 40.868697], [14.3269866, 40.8688408]], [[14.3269866, 40.8688408], [14.327152, 40.8689912], [14.3273059, 40.8691306]], [[14.3269243, 40.8692184], [14.326901, 40.8691843], [14.3265141, 40.8686178], [14.3263383, 40.8681278], [14.3262876, 40.8679253], [14.3262649, 40.8677269], [14.3262677, 40.8673461], [14.3262686, 40.8669485], [14.3262699, 40.8663568], [14.3262547, 40.8657656], [14.3262472, 40.8654744]], [[14.3262472, 40.8654744], [14.3260727, 40.8649552], [14.3258049, 40.8644028], [14.3257552, 40.8643047], [14.3257475, 40.86429], [14.3255175, 40.8638507], [14.3254629, 40.8637519], [14.325104, 40.8630986], [14.3250554, 40.8630275], [14.3249403, 40.8628835], [14.3248225, 40.8627484], [14.3247602, 40.862698], [14.3246074, 40.8625759], [14.324316, 40.8623672], [14.3237624, 40.8620224], [14.3237318, 40.8619936], [14.3236783, 40.861936], [14.3234779, 40.8616244], [14.3232239, 40.8608296], [14.3231976, 40.8607473], [14.323128, 40.8605219], [14.3231086, 40.860396], [14.3231146, 40.8602546], [14.3231582, 40.8600272], [14.3232144, 40.8598742], [14.3233693, 40.8596178], [14.3235157, 40.8593541], [14.3236931, 40.8590762], [14.3237735, 40.8588997], [14.3238087, 40.8587371], [14.3238082, 40.858621], [14.3238015, 40.858553], [14.3237671, 40.8584315], [14.3237083, 40.8583177], [14.3235959, 40.8581763], [14.323487, 40.8580803], [14.3233222, 40.857977], [14.3198162, 40.8564055], [14.3196225, 40.856295], [14.3194006, 40.8560823], [14.3191857, 40.8557307], [14.3188891, 40.8551719], [14.3187844, 40.85494], [14.3187621, 40.8548722], [14.3187369, 40.8547782], [14.3187084, 40.854716], [14.3186618, 40.8546545], [14.3185788, 40.8545952]], [[14.3238263, 40.8618858], [14.3238778, 40.8619374], [14.3239204, 40.8619684], [14.3239755, 40.8620088], [14.324667, 40.8624658], [14.3250273, 40.8627615], [14.3251533, 40.8629088], [14.3252493, 40.8630332], [14.3253914, 40.863279], [14.3256072, 40.8637103], [14.3256622, 40.8638132]], [[14.3234917, 40.8620147], [14.3231003, 40.8608519]]]}}, {"type": "Feature", "properties": {"id": "SS-NAP-1536", "nome": "Via Mario Pilati", "quartiere": "", "classificazione": "giallo", "score": 3, "note": "strada urbana senza ciclabile", "ciclabile": "no", "n_corsie": "2", "senso_unico": "no", "n_testimonianze": "0", "zona": "B2"}, "geometry": {"type": "MultiLineString", "coordinates": [[[14.3338233, 40.8720691], [14.3336922, 40.8721095], [14.3329359, 40.8723424], [14.3327669, 40.8724195], [14.3326623, 40.8725148], [14.332585, 40.8727077], [14.3325121, 40.8729975], [14.332459, 40.8731195], [14.3324066, 40.8732044], [14.3322845, 40.8733466], [14.3307585, 40.8745493], [14.3305332, 40.8747663], [14.3303637, 40.8750135], [14.3301711, 40.8752733], [14.3299895, 40.8754389], [14.3298036, 40.8756079], [14.3281917, 40.8770246], [14.3277992, 40.8773972]], [[14.3364859, 40.8719139], [14.3363919, 40.8719339], [14.3363222, 40.8719461], [14.3358072, 40.8719664], [14.3340604, 40.8720326], [14.3339277, 40.8720497], [14.3338233, 40.8720691]], [[14.3364859, 40.8719139], [14.3366784, 40.8718147]]]}}, {"type": "Feature", "properties": {"id": "SS-NAP-1542", "nome": "Via Marsala", "quartiere": "", "classificazione": "giallo", "score": 3, "note": "strada urbana senza ciclabile", "ciclabile": "no", "n_corsie": "2", "senso_unico": "no", "n_testimonianze": "0", "zona": "B2"}, "geometry": {"type": "LineString", "coordinates": [[14.245466, 40.8891869], [14.2457554, 40.8890539], [14.2460804, 40.8889041], [14.2464004, 40.8887566], [14.2466468, 40.8886405], [14.2466869, 40.8886258], [14.2467232, 40.8886153], [14.2467597, 40.8886111], [14.2468, 40.8886076]]}}, {"type": "Feature", "properties": {"id": "SS-NAP-1543", "nome": "Via Martin Luter King", "quartiere": "", "classificazione": "giallo", "score": 3, "note": "strada urbana senza ciclabile", "ciclabile": "no", "n_corsie": "2", "senso_unico": "no", "n_testimonianze": "0", "zona": "B2"}, "geometry": {"type": "LineString", "coordinates": [[14.2636716, 40.8664619], [14.2628163, 40.8670017]]}}, {"type": "Feature", "properties": {"id": "SS-NAP-1544", "nome": "Via Martiri d'Otranto", "quartiere": "", "classificazione": "giallo", "score": 3, "note": "strada urbana senza ciclabile", "ciclabile": "no", "n_corsie": "2", "senso_unico": "si", "n_testimonianze": "0", "zona": "B2"}, "geometry": {"type": "MultiLineString", "coordinates": [[[14.2706244, 40.8590339], [14.2705314, 40.8590034], [14.2704275, 40.8589694], [14.2697605, 40.8584251], [14.2697104, 40.8583842], [14.2692238, 40.8579872], [14.268793, 40.8576357], [14.2684179, 40.8573296], [14.2683867, 40.8573041]], [[14.267371, 40.8565216], [14.2674321, 40.856572], [14.2675072, 40.856634]]]}}, {"type": "Feature", "properties": {"id": "SS-NAP-1546", "nome": "Via Martiri della Libertà", "quartiere": "", "classificazione": "giallo", "score": 3, "note": "strada urbana senza ciclabile", "ciclabile": "no", "n_corsie": "2", "senso_unico": "no", "n_testimonianze": "0", "zona": "B2"}, "geometry": {"type": "MultiLineString", "coordinates": [[[14.3380817, 40.8571321], [14.3381265, 40.8570287], [14.3381477, 40.8569585], [14.3381493, 40.8568657], [14.3381401, 40.8566763], [14.3382016, 40.8564802], [14.3383709, 40.8561492], [14.338577, 40.8558067], [14.3389228, 40.8553598], [14.3389944, 40.855226], [14.3392232, 40.8547983], [14.3392946, 40.8546649], [14.3394087, 40.854433], [14.3394509, 40.8543363], [14.3394641, 40.8542925], [14.3394735, 40.8542427], [14.3395359, 40.8539128]], [[14.3397904, 40.8536555], [14.3397221, 40.8537164], [14.3396464, 40.8537885], [14.3395359, 40.8539128]], [[14.3400164, 40.853092], [14.3400669, 40.8530163]], [[14.3396762, 40.8534132], [14.3398803, 40.853215], [14.3400164, 40.853092]], [[14.3400164, 40.853092], [14.3399438, 40.8532418], [14.3399272, 40.8532798], [14.339911, 40.8534036], [14.3399048, 40.8534392], [14.3398883, 40.8534969]], [[14.3395359, 40.8539128], [14.3395623, 40.8537645], [14.3395817, 40.8536063]], [[14.3400669, 40.8530163], [14.340116, 40.852956], [14.340156, 40.8528982], [14.3401888, 40.8528376], [14.3405126, 40.8521963], [14.3405432, 40.8521531], [14.3405873, 40.852113], [14.3406111, 40.8521027], [14.3406492, 40.8520863]]]}}, {"type": "Feature", "properties": {"id": "SS-NAP-1548", "nome": "Via Masoni", "quartiere": "", "classificazione": "blu", "score": 2, "note": "accesso limitato (ZTL)", "ciclabile": "no", "n_corsie": "1", "senso_unico": "no", "n_testimonianze": "0", "zona": "B2"}, "geometry": {"type": "LineString", "coordinates": [[14.2652773, 40.8841354], [14.2649983, 40.8843634], [14.2647871, 40.8845358], [14.2644571, 40.8848055], [14.2641047, 40.8850934], [14.2637467, 40.8853858], [14.2629191, 40.8860619], [14.2628525, 40.8861163]]}}, {"type": "Feature", "properties": {"id": "SS-NAP-1549", "nome": "Via Masseria Molisso", "quartiere": "", "classificazione": "giallo", "score": 3, "note": "strada urbana senza ciclabile", "ciclabile": "no", "n_corsie": "2", "senso_unico": "si", "n_testimonianze": "0", "zona": "B2"}, "geometry": {"type": "MultiLineString", "coordinates": [[[14.3256622, 40.8638132], [14.3255175, 40.8638507]], [[14.3254629, 40.8637519], [14.3256072, 40.8637103], [14.3270485, 40.8632943], [14.3283337, 40.8629211], [14.3283855, 40.8629092]], [[14.3283855, 40.8629092], [14.3282252, 40.8630492], [14.328186, 40.8630729], [14.3281568, 40.8630853], [14.3271491, 40.8633832], [14.3256622, 40.8638132]]]}}, {"type": "Feature", "properties": {"id": "SS-NAP-1550", "nome": "Via Masseria Sanità e Pace", "quartiere": "", "classificazione": "giallo", "score": 3, "note": "strada urbana senza ciclabile", "ciclabile": "no", "n_corsie": "2", "senso_unico": "si", "n_testimonianze": "0", "zona": "B2"}, "geometry": {"type": "LineString", "coordinates": [[14.342491, 40.8620099], [14.3424199, 40.8622177], [14.3423849, 40.8624296], [14.34242, 40.8625349], [14.3424981, 40.8626075], [14.3427101, 40.8627063], [14.3431891, 40.8628995], [14.3432994, 40.8629983], [14.34334, 40.8630751], [14.3433197, 40.8631827], [14.34325, 40.8632903], [14.3424847, 40.8642853], [14.3424163, 40.864395], [14.3423811, 40.8644501]]}}, {"type": "Feature", "properties": {"id": "SS-NAP-1551", "nome": "Via Masseria del Monaco", "quartiere": "", "classificazione": "giallo", "score": 3, "note": "strada urbana senza ciclabile", "ciclabile": "no", "n_corsie": "2", "senso_unico": "no", "n_testimonianze": "0", "zona": "B2"}, "geometry": {"type": "MultiLineString", "coordinates": [[[14.2633973, 40.8956379], [14.2636494, 40.8953365], [14.2641516, 40.8955941], [14.2644755, 40.8957622], [14.2640188, 40.8961666]], [[14.2641516, 40.8955941], [14.264656, 40.8950806]]]}}, {"type": "Feature", "properties": {"id": "SS-NAP-1554", "nome": "Via Materdei", "quartiere": "", "classificazione": "giallo", "score": 3, "note": "strada urbana senza ciclabile", "ciclabile": "no", "n_corsie": "2", "senso_unico": "si", "n_testimonianze": "0", "zona": "B2"}, "geometry": {"type": "LineString", "coordinates": [[14.2456293, 40.855882], [14.2462712, 40.8559525], [14.2463297, 40.8559593], [14.2471909, 40.8560589], [14.2475045, 40.8560993], [14.2478419, 40.8561421], [14.2481476, 40.8561809], [14.2483025, 40.8562085], [14.2483889, 40.8562185]]}}, {"type": "Feature", "properties": {"id": "SS-NAP-1555", "nome": "Via Matteo Andrea Acquaviva", "quartiere": "", "classificazione": "giallo", "score": 3, "note": "strada urbana senza ciclabile", "ciclabile": "no", "n_corsie": "2", "senso_unico": "no", "n_testimonianze": "0", "zona": "B2"}, "geometry": {"type": "MultiLineString", "coordinates": [[[14.2729477, 40.8587264], [14.2729286, 40.8587385], [14.2728692, 40.8587791], [14.2724591, 40.8590364], [14.2723952, 40.8590764], [14.2721146, 40.8592522], [14.2720022, 40.8593226], [14.2717264, 40.8594954], [14.271211, 40.8598161]], [[14.271211, 40.8598161], [14.2710261, 40.8599359]]]}}, {"type": "Feature", "properties": {"id": "SS-NAP-1557", "nome": "Via Matteo Ripa", "quartiere": "", "classificazione": "giallo", "score": 3, "note": "strada urbana senza ciclabile", "ciclabile": "no", "n_corsie": "2", "senso_unico": "no", "n_testimonianze": "0", "zona": "B2"}, "geometry": {"type": "LineString", "coordinates": [[14.2511163, 40.8607404], [14.2508247, 40.8605972], [14.2505279, 40.8604515], [14.2501967, 40.8602888]]}}, {"type": "Feature", "properties": {"id": "SS-NAP-1566", "nome": "Via Mianella", "quartiere": "", "classificazione": "giallo", "score": 3, "note": "strada urbana senza ciclabile", "ciclabile": "no", "n_corsie": "2", "senso_unico": "si", "n_testimonianze": "0", "zona": "B2"}, "geometry": {"type": "MultiLineString", "coordinates": [[[14.2576172, 40.8863036], [14.2576752, 40.8864554], [14.2577119, 40.8865391], [14.257763, 40.8866313], [14.2578332, 40.8867388], [14.2579298, 40.8868795], [14.2580865, 40.8870975], [14.2582083, 40.8872776], [14.2582348, 40.8873273], [14.2582462, 40.8873773]], [[14.2537998, 40.884211], [14.2539314, 40.8842153], [14.2540818, 40.884214], [14.2542172, 40.8842062], [14.254301, 40.8841945], [14.254358, 40.8841808], [14.2544221, 40.8841616], [14.2544778, 40.8841384], [14.2545171, 40.8841145], [14.2545828, 40.8840777], [14.2546375, 40.8840537], [14.2546965, 40.8840381], [14.2547522, 40.8840316], [14.2548071, 40.8840333], [14.2548701, 40.8840421], [14.2549474, 40.8840617], [14.2550447, 40.8841002], [14.2551127, 40.8841343], [14.2552004, 40.8841833], [14.2552862, 40.8842378], [14.2554006, 40.8843327], [14.255533, 40.884457], [14.255621, 40.8845314], [14.2556882, 40.8845802], [14.2557502, 40.8846121], [14.2558893, 40.8846639], [14.2560677, 40.8847251], [14.2561831, 40.8847714], [14.2562858, 40.8848215], [14.2563831, 40.8848832], [14.25645, 40.8849361], [14.2565203, 40.8849959], [14.2565876, 40.8850616], [14.2566548, 40.8851406], [14.2568294, 40.8853637], [14.257015, 40.885609], [14.257082, 40.8856857], [14.257133, 40.8857357], [14.2571998, 40.8858012], [14.2572599, 40.8858677], [14.2576172, 40.8863036]], [[14.2533973, 40.8841723], [14.253356, 40.8841545], [14.2533102, 40.8841472], [14.253271, 40.8841435], [14.25288, 40.8841363], [14.2527252, 40.8841395], [14.2525705, 40.8841469], [14.2523686, 40.8841749], [14.2521496, 40.8842098], [14.2519973, 40.8842519], [14.2518691, 40.8843121], [14.2517366, 40.8843674], [14.2517083, 40.884376], [14.2516888, 40.8843842], [14.2516573, 40.8843987]], [[14.2533973, 40.8841723], [14.2534634, 40.8841791], [14.2536532, 40.8841977], [14.2537624, 40.8842084], [14.2537998, 40.884211]]]}}, {"type": "Feature", "properties": {"id": "SS-NAP-1567", "nome": "Via Miano", "quartiere": "", "classificazione": "rosso", "score": 4, "note": "strada principale trafficata", "ciclabile": "no", "n_corsie": "2", "senso_unico": "no", "n_testimonianze": "0", "zona": "B2"}, "geometry": {"type": "MultiLineString", "coordinates": [[[14.2556727, 40.8944808], [14.2547128, 40.8947953]], [[14.2551909, 40.8955465], [14.2552246, 40.8955996], [14.2558339, 40.8965595], [14.2561389, 40.8970401]], [[14.2535242, 40.8929218], [14.2535735, 40.8930075], [14.2536228, 40.8930932], [14.2547128, 40.8947953], [14.2551909, 40.8955465]], [[14.253466, 40.8928215], [14.2535242, 40.8929218]], [[14.2519659, 40.8904659], [14.252023, 40.8905552], [14.2520542, 40.8906042], [14.2533862, 40.8926962], [14.253466, 40.8928215]], [[14.2485145, 40.8743035], [14.2485207, 40.8747237]], [[14.25109, 40.8890982], [14.2511102, 40.889129], [14.2511816, 40.8892398], [14.2513471, 40.8894951], [14.2514279, 40.8896249], [14.2514525, 40.8896968], [14.251473, 40.8897425], [14.251558, 40.8898745], [14.2516188, 40.8899277], [14.2516389, 40.8899587], [14.251761, 40.8901473], [14.2518586, 40.890298], [14.2519157, 40.8903861], [14.2519659, 40.8904659]], [[14.248567, 40.8830198], [14.2487004, 40.8833067]], [[14.2490793, 40.8663487], [14.2490749, 40.8664305]], [[14.2508678, 40.8889755], [14.2508274, 40.8889764], [14.2507889, 40.8889671], [14.250758, 40.8889498], [14.2507361, 40.888926], [14.2507252, 40.8888981], [14.2507266, 40.8888691], [14.2507401, 40.8888419], [14.2507643, 40.8888193], [14.2507967, 40.8888037], [14.250834, 40.8887967], [14.2508723, 40.888799], [14.2509077, 40.8888103], [14.2509378, 40.8888307], [14.2509572, 40.8888576], [14.2509636, 40.8888878], [14.2509563, 40.8889179], [14.2509362, 40.8889444], [14.2509055, 40.8889644], [14.2508678, 40.8889755]], [[14.2509572, 40.8888576], [14.2510055, 40.8889185], [14.2510617, 40.8890116], [14.25109, 40.8890982]], [[14.25109, 40.8890982], [14.2510394, 40.8890588], [14.2509924, 40.889032], [14.2509185, 40.8890046], [14.2508274, 40.8889764]], [[14.2507643, 40.8888193], [14.2507814, 40.888774], [14.2507929, 40.8887257], [14.2507851, 40.8886776], [14.2507752, 40.8886512], [14.2507613, 40.8886157], [14.2507313, 40.8885667], [14.2506335, 40.8884043], [14.2506109, 40.8883302]], [[14.2506109, 40.8883302], [14.250655, 40.8883583], [14.2506936, 40.8884078], [14.2507344, 40.8884602], [14.2507675, 40.888498], [14.2508006, 40.8885266], [14.2508191, 40.8885411], [14.2508368, 40.8885598], [14.2508445, 40.8885743], [14.2508492, 40.8886081], [14.2508492, 40.8886355], [14.2508538, 40.8886599], [14.2508622, 40.888687], [14.2509139, 40.8887805], [14.2509378, 40.8888307]], [[14.2561389, 40.8970401], [14.2562395, 40.8971986], [14.2562582, 40.8972263]]]}}, {"type": "Feature", "properties": {"id": "SS-NAP-1576", "nome": "Via Michele Guadagno", "quartiere": "", "classificazione": "giallo", "score": 3, "note": "strada urbana senza ciclabile", "ciclabile": "no", "n_corsie": "2", "senso_unico": "si", "n_testimonianze": "0", "zona": "B2"}, "geometry": {"type": "MultiLineString", "coordinates": [[[14.2646532, 40.865721], [14.2645613, 40.865756], [14.2644899, 40.8657771], [14.2638831, 40.8659273], [14.2633979, 40.8662112]], [[14.2598115, 40.8678218], [14.2604579, 40.8673472], [14.2606349, 40.8672539], [14.260769, 40.8672194], [14.2613363, 40.8672691], [14.2614879, 40.867262], [14.2623633, 40.8668747], [14.2633979, 40.8662112]]]}}, {"type": "Feature", "properties": {"id": "SS-NAP-1578", "nome": "Via Michele Morelli", "quartiere": "", "classificazione": "giallo", "score": 3, "note": "strada urbana senza ciclabile", "ciclabile": "no", "n_corsie": "2", "senso_unico": "si", "n_testimonianze": "0", "zona": "B2"}, "geometry": {"type": "LineString", "coordinates": [[14.266621, 40.86081], [14.266525, 40.860789], [14.2663494, 40.8607374], [14.2658586, 40.8605615], [14.2657815, 40.8605335], [14.2649783, 40.8602342], [14.2649195, 40.8602119]]}}, {"type": "Feature", "properties": {"id": "SS-NAP-1579", "nome": "Via Michele Parise", "quartiere": "", "classificazione": "rosso", "score": 4, "note": "strada principale trafficata", "ciclabile": "no", "n_corsie": "2", "senso_unico": "si", "n_testimonianze": "0", "zona": "B2"}, "geometry": {"type": "MultiLineString", "coordinates": [[[14.2947277, 40.8660253], [14.2945555, 40.8660496], [14.2944018, 40.8660607], [14.2935436, 40.8660415], [14.2934206, 40.866032], [14.2933059, 40.8660087], [14.2931938, 40.8659441]], [[14.2924953, 40.867207], [14.2925073, 40.8671873], [14.2925295, 40.8671513], [14.2925508, 40.8670549], [14.2925629, 40.8669269], [14.2925933, 40.8668158], [14.2926359, 40.8667097], [14.2927015, 40.8665578]], [[14.2922764, 40.8670904], [14.2923322, 40.867058], [14.2923707, 40.8670283], [14.2924019, 40.8669906], [14.2924298, 40.8669403], [14.2924938, 40.8668097], [14.2925264, 40.8667588], [14.2925663, 40.8667071], [14.2927015, 40.8665578]], [[14.2927015, 40.8665578], [14.292735, 40.866505]], [[14.292735, 40.866505], [14.2927896, 40.8664176], [14.2929756, 40.8661192], [14.2930264, 40.8660705], [14.2931938, 40.8659441]]]}}, {"type": "Feature", "properties": {"id": "SS-NAP-1584", "nome": "Via Michele Tenore", "quartiere": "", "classificazione": "giallo", "score": 3, "note": "strada urbana senza ciclabile", "ciclabile": "no", "n_corsie": "2", "senso_unico": "no", "n_testimonianze": "0", "zona": "B2"}, "geometry": {"type": "LineString", "coordinates": [[14.2622694, 40.8596622], [14.2622241, 40.8597081], [14.2622199, 40.8597129], [14.2620037, 40.859929], [14.2619442, 40.8599884], [14.2615715, 40.8603475], [14.2611681, 40.8606957], [14.2608444, 40.8610155], [14.260607, 40.8612501], [14.2603724, 40.8614737], [14.2603296, 40.8615145]]}}, {"type": "Feature", "properties": {"id": "SS-NAP-1587", "nome": "Via Milano", "quartiere": "", "classificazione": "giallo", "score": 3, "note": "strada urbana senza ciclabile", "ciclabile": "no", "n_corsie": "2", "senso_unico": "no", "n_testimonianze": "0", "zona": "B2"}, "geometry": {"type": "MultiLineString", "coordinates": [[[14.2687296, 40.8554825], [14.2687754, 40.8551956], [14.268783, 40.8551477]], [[14.268783, 40.8551477], [14.2688208, 40.8549168], [14.2688832, 40.8545882], [14.2689656, 40.8540881], [14.2689775, 40.8540161]], [[14.269157, 40.8529721], [14.2691431, 40.8530502], [14.2691387, 40.8530748], [14.2691277, 40.8531228]], [[14.2691277, 40.8531228], [14.2691211, 40.853151], [14.2689886, 40.8539493], [14.2689775, 40.8540161]]]}}, {"type": "Feature", "properties": {"id": "SS-NAP-1589", "nome": "Via Miracoli", "quartiere": "", "classificazione": "giallo", "score": 3, "note": "strada urbana senza ciclabile", "ciclabile": "no", "n_corsie": "2", "senso_unico": "si", "n_testimonianze": "0", "zona": "B2"}, "geometry": {"type": "LineString", "coordinates": [[14.2569615, 40.855854], [14.256917, 40.8559248], [14.2568896, 40.8559684], [14.2566297, 40.8567309], [14.2566176, 40.8567557], [14.2564277, 40.8570574], [14.2563285, 40.8572575], [14.2561929, 40.8573871], [14.2561696, 40.8574188], [14.256158, 40.8574347], [14.256083, 40.8575372], [14.2558942, 40.8577887], [14.2556413, 40.8581282]]}}, {"type": "Feature", "properties": {"id": "SS-NAP-1590", "nome": "Via Miracolo a Milano", "quartiere": "", "classificazione": "giallo", "score": 3, "note": "strada urbana senza ciclabile", "ciclabile": "no", "n_corsie": "2", "senso_unico": "no", "n_testimonianze": "0", "zona": "B2"}, "geometry": {"type": "MultiLineString", "coordinates": [[[14.2612778, 40.899562], [14.2618005, 40.9000123], [14.2623197, 40.9004595]], [[14.2623197, 40.9004595], [14.2624929, 40.9005874], [14.2627106, 40.9007536]]]}}, {"type": "Feature", "properties": {"id": "SS-NAP-1593", "nome": "Via Misericordiella", "quartiere": "", "classificazione": "blu", "score": 2, "note": "zona pedonale / living street", "ciclabile": "no", "n_corsie": "1", "senso_unico": "no", "n_testimonianze": "0", "zona": "B2"}, "geometry": {"type": "LineString", "coordinates": [[14.2553828, 40.8563679], [14.2547911, 40.855877]]}}, {"type": "Feature", "properties": {"id": "SS-NAP-1594", "nome": "Via Molino Fellapane", "quartiere": "", "classificazione": "giallo", "score": 3, "note": "strada urbana senza ciclabile", "ciclabile": "no", "n_corsie": "2", "senso_unico": "no", "n_testimonianze": "0", "zona": "B2"}, "geometry": {"type": "LineString", "coordinates": [[14.3290773, 40.8646554], [14.3283103, 40.8648833], [14.3263951, 40.8654522]]}}, {"type": "Feature", "properties": {"id": "SS-NAP-1595", "nome": "Via Molino Piscopio", "quartiere": "", "classificazione": "giallo", "score": 3, "note": "strada urbana senza ciclabile", "ciclabile": "no", "n_corsie": "2", "senso_unico": "no", "n_testimonianze": "0", "zona": "B2"}, "geometry": {"type": "MultiLineString", "coordinates": [[[14.3291352, 40.8705089], [14.3294184, 40.8701034], [14.3294323, 40.8700835], [14.3296364, 40.8697913], [14.3296536, 40.8697664], [14.32968, 40.8697384], [14.3305372, 40.868918], [14.3306111, 40.8688625]], [[14.3287447, 40.8705829], [14.3288089, 40.8706027], [14.3289055, 40.8706088], [14.3290154, 40.8705936], [14.3290811, 40.8705642], [14.3291352, 40.8705089]], [[14.3291352, 40.8705089], [14.3290449, 40.8706687], [14.3290249, 40.8707326], [14.3290293, 40.8707911], [14.3290448, 40.8708579], [14.3290874, 40.8709585]]]}}, {"type": "Feature", "properties": {"id": "SS-NAP-1596", "nome": "Via Molino Salluzzo", "quartiere": "", "classificazione": "giallo", "score": 3, "note": "strada urbana senza ciclabile", "ciclabile": "no", "n_corsie": "2", "senso_unico": "no", "n_testimonianze": "0", "zona": "B2"}, "geometry": {"type": "LineString", "coordinates": [[14.3250273, 40.8627615], [14.3250588, 40.86274], [14.3251248, 40.862699], [14.3264257, 40.8622834], [14.3271007, 40.8619409], [14.3272554, 40.8618622], [14.327852, 40.8615623], [14.3279313, 40.8615262], [14.3280145, 40.861501]]}}, {"type": "Feature", "properties": {"id": "SS-NAP-1597", "nome": "Via Molino Vetere", "quartiere": "", "classificazione": "giallo", "score": 3, "note": "strada urbana senza ciclabile", "ciclabile": "no", "n_corsie": "2", "senso_unico": "no", "n_testimonianze": "0", "zona": "B2"}, "geometry": {"type": "LineString", "coordinates": [[14.3123937, 40.867493], [14.3123616, 40.8674508], [14.3123508, 40.8674234], [14.3123508, 40.867399], [14.3123591, 40.8673711], [14.3128184, 40.8668053], [14.3131954, 40.8663409]]}}, {"type": "Feature", "properties": {"id": "SS-NAP-1598", "nome": "Via Molino dei Cordari", "quartiere": "", "classificazione": "giallo", "score": 3, "note": "strada urbana senza ciclabile", "ciclabile": "no", "n_corsie": "2", "senso_unico": "no", "n_testimonianze": "0", "zona": "B2"}, "geometry": {"type": "LineString", "coordinates": [[14.3288273, 40.866377], [14.3288211, 40.8663511], [14.3286343, 40.8655694], [14.328591, 40.8654489], [14.3283103, 40.8648833], [14.3278376, 40.8639921], [14.327788, 40.8639231], [14.3277003, 40.8638404]]}}, {"type": "Feature", "properties": {"id": "SS-NAP-1599", "nome": "Via Molino del Salice", "quartiere": "", "classificazione": "giallo", "score": 3, "note": "strada urbana senza ciclabile", "ciclabile": "no", "n_corsie": "2", "senso_unico": "no", "n_testimonianze": "0", "zona": "B2"}, "geometry": {"type": "LineString", "coordinates": [[14.3277003, 40.8638404], [14.3275859, 40.8637557], [14.3271895, 40.8634189], [14.3271491, 40.8633832], [14.3270485, 40.8632943], [14.3270164, 40.8632617], [14.3269667, 40.8632027], [14.3269378, 40.8631643], [14.3269115, 40.8631207], [14.3265952, 40.8625486], [14.3264498, 40.8623472], [14.3264257, 40.8622834], [14.3260243, 40.8617587], [14.3257575, 40.8614216]]}}, {"type": "Feature", "properties": {"id": "SS-NAP-1601", "nome": "Via Monfalcone", "quartiere": "", "classificazione": "giallo", "score": 3, "note": "strada urbana senza ciclabile", "ciclabile": "no", "n_corsie": "2", "senso_unico": "si", "n_testimonianze": "0", "zona": "B2"}, "geometry": {"type": "LineString", "coordinates": [[14.2886679, 40.8662971], [14.2899916, 40.8666817], [14.2906085, 40.8668359], [14.2906453, 40.8668214], [14.2906663, 40.8667991], [14.2906721, 40.8667821], [14.2906646, 40.8667143], [14.290631, 40.866532], [14.2906253, 40.8665014]]}}, {"type": "Feature", "properties": {"id": "SS-NAP-1604", "nome": "Via Monte Bianco", "quartiere": "", "classificazione": "giallo", "score": 3, "note": "strada urbana senza ciclabile", "ciclabile": "no", "n_corsie": "2", "senso_unico": "si", "n_testimonianze": "0", "zona": "B2"}, "geometry": {"type": "LineString", "coordinates": [[14.2605169, 40.8905168], [14.2595602, 40.8897807]]}}, {"type": "Feature", "properties": {"id": "SS-NAP-1605", "nome": "Via Monte Faito", "quartiere": "", "classificazione": "giallo", "score": 3, "note": "strada urbana senza ciclabile", "ciclabile": "no", "n_corsie": "2", "senso_unico": "no", "n_testimonianze": "0", "zona": "B2"}, "geometry": {"type": "MultiLineString", "coordinates": [[[14.2722681, 40.8850486], [14.2722083, 40.8851208], [14.2723014, 40.8854894], [14.2722997, 40.8856441], [14.2722829, 40.8857794], [14.2722791, 40.8858096], [14.2722485, 40.8859075], [14.272236, 40.8859938]], [[14.2723954, 40.8870539], [14.2722325, 40.8871044], [14.2720045, 40.8871083], [14.2720233, 40.8874816]], [[14.2719911, 40.8868814], [14.2720045, 40.8871083]], [[14.272236, 40.8859938], [14.2723954, 40.8870539], [14.2726998, 40.8880268], [14.2730787, 40.8889368], [14.2730986, 40.8889847], [14.2731925, 40.8891219], [14.2737019, 40.8897605], [14.273917, 40.8899963], [14.2742452, 40.8903659], [14.2744326, 40.8905875], [14.2745992, 40.8907518], [14.2746326, 40.8907795], [14.2749526, 40.8911712], [14.2750288, 40.8912551]]]}}, {"type": "Feature", "properties": {"id": "SS-NAP-1606", "nome": "Via Monte Grappa", "quartiere": "", "classificazione": "giallo", "score": 3, "note": "strada urbana senza ciclabile", "ciclabile": "no", "n_corsie": "2", "senso_unico": "no", "n_testimonianze": "0", "zona": "B2"}, "geometry": {"type": "MultiLineString", "coordinates": [[[14.2598632, 40.8910042], [14.2600767, 40.8908494], [14.2602462, 40.8907293], [14.2605169, 40.8905168], [14.2610575, 40.890104], [14.2615558, 40.8897325], [14.2620043, 40.8894002], [14.2624449, 40.8889668], [14.2624819, 40.888952], [14.2625301, 40.8889567], [14.2628502, 40.8891558]], [[14.261656, 40.8900665], [14.2621592, 40.8903815]]]}}, {"type": "Feature", "properties": {"id": "SS-NAP-1607", "nome": "Via Monte Nero", "quartiere": "", "classificazione": "giallo", "score": 3, "note": "strada urbana senza ciclabile", "ciclabile": "no", "n_corsie": "2", "senso_unico": "no", "n_testimonianze": "0", "zona": "B2"}, "geometry": {"type": "LineString", "coordinates": [[14.2648846, 40.8937777], [14.2654072, 40.8932466], [14.265781, 40.8928681]]}}, {"type": "Feature", "properties": {"id": "SS-NAP-1608", "nome": "Via Monte Nevoso", "quartiere": "", "classificazione": "giallo", "score": 3, "note": "strada urbana senza ciclabile", "ciclabile": "no", "n_corsie": "2", "senso_unico": "no", "n_testimonianze": "0", "zona": "B2"}, "geometry": {"type": "LineString", "coordinates": [[14.2712484, 40.8874306], [14.2711918, 40.887437], [14.2709397, 40.887514], [14.2709236, 40.8882927], [14.2711234, 40.8887499], [14.2711517, 40.8887914], [14.2712174, 40.8888076], [14.2718647, 40.8888413]]}}, {"type": "Feature", "properties": {"id": "SS-NAP-1610", "nome": "Via Monte Rosa", "quartiere": "", "classificazione": "giallo", "score": 3, "note": "strada urbana senza ciclabile", "ciclabile": "no", "n_corsie": "2", "senso_unico": "no", "n_testimonianze": "0", "zona": "B2"}, "geometry": {"type": "MultiLineString", "coordinates": [[[14.2535161, 40.8986777], [14.2533765, 40.8984993]], [[14.2535054, 40.8981627], [14.2536446, 40.8983819]], [[14.2526524, 40.8983857], [14.2529328, 40.8986971]], [[14.2540257, 40.898483], [14.2539124, 40.8982724]], [[14.2458345, 40.9031297], [14.2460595, 40.9029764], [14.2462101, 40.9028603], [14.2464048, 40.9026673], [14.2467469, 40.9024755], [14.2469495, 40.9023939], [14.2475664, 40.9021273]], [[14.2552005, 40.8967194], [14.2550512, 40.8968122], [14.2550123, 40.8968497], [14.2550163, 40.896872], [14.2550364, 40.8969014], [14.2550633, 40.8969409], [14.2551102, 40.8970078], [14.2551156, 40.8970393], [14.2550888, 40.8970758], [14.2548195, 40.8972674]], [[14.2502083, 40.9008632], [14.2504097, 40.9006676], [14.2509553, 40.9001375]], [[14.2475664, 40.9021273], [14.2480409, 40.9018888], [14.2484505, 40.9017372], [14.2487106, 40.9016353], [14.2493639, 40.9013005], [14.2498185, 40.9010883], [14.2499144, 40.9010424], [14.2500106, 40.9009969]], [[14.2541591, 40.8981905], [14.2545557, 40.8980641], [14.2546084, 40.898048], [14.2546683, 40.8980297], [14.2547352, 40.898002], [14.2547785, 40.8979704], [14.2551387, 40.8976645], [14.2551633, 40.8976354], [14.2551745, 40.8976019], [14.2551709, 40.8975675], [14.255153, 40.8975357], [14.2551227, 40.8975099], [14.2548195, 40.8972674], [14.2546963, 40.8971652], [14.2545032, 40.8969787]], [[14.2509553, 40.9001375], [14.2511073, 40.8999896], [14.2511606, 40.8999378], [14.251222, 40.8998777], [14.2518049, 40.8992575], [14.2520266, 40.8991032], [14.2522327, 40.8990099], [14.2524218, 40.898925], [14.2529328, 40.8986971], [14.2533765, 40.8984993], [14.2535858, 40.898406], [14.2536446, 40.8983819], [14.2539124, 40.8982724], [14.2541591, 40.8981905]], [[14.2500106, 40.9009969], [14.2500785, 40.9009562], [14.2501085, 40.9009347], [14.2502083, 40.9008632]]]}}, {"type": "Feature", "properties": {"id": "SS-NAP-1611", "nome": "Via Monte San Gabriele", "quartiere": "", "classificazione": "giallo", "score": 3, "note": "strada urbana senza ciclabile", "ciclabile": "no", "n_corsie": "2", "senso_unico": "si", "n_testimonianze": "0", "zona": "B2"}, "geometry": {"type": "MultiLineString", "coordinates": [[[14.2500106, 40.9009969], [14.2501481, 40.9010976], [14.250512, 40.9014916], [14.2505825, 40.901638], [14.250589, 40.9017671], [14.2505531, 40.9018184]], [[14.2497331, 40.9008615], [14.2495948, 40.9007273], [14.2491819, 40.9004171], [14.2487203, 40.9001769]], [[14.2508647, 40.9020281], [14.2508178, 40.9020066], [14.2508005, 40.9019943], [14.2505531, 40.9018184]], [[14.2498171, 40.900943], [14.2497331, 40.9008615]], [[14.2499144, 40.9010424], [14.2498171, 40.900943]]]}}, {"type": "Feature", "properties": {"id": "SS-NAP-1612", "nome": "Via Monte San Michele", "quartiere": "", "classificazione": "giallo", "score": 3, "note": "strada urbana senza ciclabile", "ciclabile": "no", "n_corsie": "2", "senso_unico": "no", "n_testimonianze": "0", "zona": "B2"}, "geometry": {"type": "LineString", "coordinates": [[14.2618223, 40.8907011], [14.2618383, 40.8906955], [14.261864, 40.8906789], [14.2621592, 40.8903815], [14.2627303, 40.889831]]}}, {"type": "Feature", "properties": {"id": "SS-NAP-1613", "nome": "Via Monte Somma", "quartiere": "", "classificazione": "giallo", "score": 3, "note": "strada urbana senza ciclabile", "ciclabile": "no", "n_corsie": "2", "senso_unico": "no", "n_testimonianze": "0", "zona": "B2"}, "geometry": {"type": "MultiLineString", "coordinates": [[[14.2649261, 40.8923762], [14.2653676, 40.8926191], [14.264976, 40.8929841], [14.2648831, 40.8930534], [14.2644973, 40.8928173], [14.2644542, 40.8927909]], [[14.2657496, 40.8934301], [14.2654072, 40.8932466], [14.264976, 40.8929841]]]}}, {"type": "Feature", "properties": {"id": "SS-NAP-1614", "nome": "Via Monte Taburno", "quartiere": "", "classificazione": "giallo", "score": 3, "note": "strada urbana senza ciclabile", "ciclabile": "no", "n_corsie": "2", "senso_unico": "no", "n_testimonianze": "0", "zona": "B2"}, "geometry": {"type": "MultiLineString", "coordinates": [[[14.2512501, 40.9016463], [14.2511705, 40.9016052], [14.2511095, 40.9015692], [14.2510815, 40.9015527], [14.2507486, 40.9011965], [14.2507131, 40.9011643], [14.2505818, 40.9010456]], [[14.2505818, 40.9010456], [14.2502083, 40.9008632]]]}}, {"type": "Feature", "properties": {"id": "SS-NAP-1615", "nome": "Via Monte Tifata", "quartiere": "", "classificazione": "giallo", "score": 3, "note": "strada urbana senza ciclabile", "ciclabile": "no", "n_corsie": "2", "senso_unico": "no", "n_testimonianze": "0", "zona": "B2"}, "geometry": {"type": "MultiLineString", "coordinates": [[[14.270874, 40.8863844], [14.2709457, 40.8864078], [14.2714164, 40.8865617]], [[14.2714164, 40.8865617], [14.2720742, 40.8860952], [14.272236, 40.8859938]], [[14.2712484, 40.8856747], [14.2713196, 40.8856809], [14.2716033, 40.8857057], [14.2713854, 40.8860941], [14.2714739, 40.8861973]]]}}, {"type": "Feature", "properties": {"id": "SS-NAP-1619", "nome": "Via Montello", "quartiere": "", "classificazione": "giallo", "score": 3, "note": "strada urbana senza ciclabile", "ciclabile": "no", "n_corsie": "2", "senso_unico": "no", "n_testimonianze": "0", "zona": "B2"}, "geometry": {"type": "MultiLineString", "coordinates": [[[14.2592651, 40.8899919], [14.2595602, 40.8897807], [14.2600727, 40.8894064]], [[14.2592651, 40.8899919], [14.2588935, 40.8902749]]]}}, {"type": "Feature", "properties": {"id": "SS-NAP-1622", "nome": "Via Montesilvano", "quartiere": "", "classificazione": "giallo", "score": 3, "note": "strada urbana senza ciclabile", "ciclabile": "no", "n_corsie": "2", "senso_unico": "no", "n_testimonianze": "0", "zona": "B2"}, "geometry": {"type": "LineString", "coordinates": [[14.2533036, 40.8585865], [14.2530589, 40.8584337], [14.252727, 40.8582263], [14.252445, 40.8580475]]}}, {"type": "Feature", "properties": {"id": "SS-NAP-1624", "nome": "Via Monviso", "quartiere": "", "classificazione": "giallo", "score": 3, "note": "strada urbana senza ciclabile", "ciclabile": "no", "n_corsie": "2", "senso_unico": "si", "n_testimonianze": "0", "zona": "B2"}, "geometry": {"type": "MultiLineString", "coordinates": [[[14.2634456, 40.8902679], [14.2634273, 40.8902512], [14.2633852, 40.8902258], [14.2627303, 40.889831]], [[14.2614286, 40.8890419], [14.2620043, 40.8894002], [14.2627303, 40.889831]]]}}, {"type": "Feature", "properties": {"id": "SS-NAP-1628", "nome": "Via Napoli", "quartiere": "", "classificazione": "giallo", "score": 3, "note": "strada urbana senza ciclabile", "ciclabile": "no", "n_corsie": "2", "senso_unico": "si", "n_testimonianze": "0", "zona": "B2"}, "geometry": {"type": "MultiLineString", "coordinates": [[[14.3261902, 40.8573825], [14.3263261, 40.8573385], [14.3270691, 40.8570249], [14.3278582, 40.8567042], [14.327949, 40.8566769], [14.3279978, 40.8566636]], [[14.3308377, 40.8561082], [14.3308164, 40.8560935], [14.3307943, 40.8560874], [14.3306686, 40.856082], [14.3306082, 40.8560791], [14.3305651, 40.8560764], [14.3302721, 40.8560449], [14.3300532, 40.8560001], [14.3299993, 40.8559891], [14.3299242, 40.8559792], [14.3298688, 40.8559768], [14.3298071, 40.8559812], [14.3297329, 40.8559921], [14.3293127, 40.8561214], [14.3290223, 40.856242], [14.3281355, 40.8566218], [14.3280684, 40.8566453], [14.3279978, 40.8566636]]]}}, {"type": "Feature", "properties": {"id": "SS-NAP-1632", "nome": "Via Nazionale", "quartiere": "", "classificazione": "giallo", "score": 3, "note": "strada urbana senza ciclabile", "ciclabile": "no", "n_corsie": "2", "senso_unico": "no", "n_testimonianze": "0", "zona": "B2"}, "geometry": {"type": "LineString", "coordinates": [[14.2737126, 40.85777], [14.2737207, 40.8577157], [14.2738506, 40.8569539], [14.2738585, 40.8569077], [14.2738674, 40.8568442], [14.2739549, 40.8563542], [14.2739673, 40.8562889], [14.2739741, 40.8562405], [14.274059, 40.8557664], [14.2740724, 40.8556899], [14.2740858, 40.8556135], [14.2741588, 40.8552012], [14.2741705, 40.8551314], [14.2741804, 40.8550751], [14.2742602, 40.8546211], [14.274272, 40.8545537]]}}, {"type": "Feature", "properties": {"id": "SS-NAP-1633", "nome": "Via Nazionale delle Puglie", "quartiere": "", "classificazione": "rosso", "score": 4, "note": "strada principale trafficata (1 corsie)", "ciclabile": "no", "n_corsie": "1", "senso_unico": "si", "n_testimonianze": "0", "zona": "B2"}, "geometry": {"type": "MultiLineString", "coordinates": [[[14.3086193, 40.8760923], [14.3086829, 40.8761715]], [[14.3175325, 40.8815451], [14.3175885, 40.881589], [14.3176155, 40.8816113]], [[14.3169267, 40.8811247], [14.3170877, 40.8811956], [14.3173434, 40.8813969], [14.3175325, 40.8815451]], [[14.3176155, 40.8816113], [14.3178726, 40.8818237], [14.317931, 40.8818764], [14.3180106, 40.8819482], [14.3180736, 40.8820632]]]}}, {"type": "Feature", "properties": {"id": "SS-NAP-1640", "nome": "Via Niccolò Paganini", "quartiere": "", "classificazione": "giallo", "score": 3, "note": "strada urbana senza ciclabile", "ciclabile": "no", "n_corsie": "2", "senso_unico": "no", "n_testimonianze": "0", "zona": "B2"}, "geometry": {"type": "LineString", "coordinates": [[14.3301222, 40.8700687], [14.3310145, 40.8692077], [14.3310403, 40.8691828]]}}, {"type": "Feature", "properties": {"id": "SS-NAP-1644", "nome": "Via Nicola Amenta", "quartiere": "", "classificazione": "giallo", "score": 3, "note": "strada urbana senza ciclabile", "ciclabile": "no", "n_corsie": "2", "senso_unico": "no", "n_testimonianze": "0", "zona": "B2"}, "geometry": {"type": "LineString", "coordinates": [[14.2685521, 40.8615093], [14.2685302, 40.8613347], [14.2686555, 40.8611285], [14.2686808, 40.8610869]]}}, {"type": "Feature", "properties": {"id": "SS-NAP-1649", "nome": "Via Nicola Del Pezzo", "quartiere": "", "classificazione": "giallo", "score": 3, "note": "strada urbana senza ciclabile", "ciclabile": "no", "n_corsie": "2", "senso_unico": "no", "n_testimonianze": "0", "zona": "B2"}, "geometry": {"type": "LineString", "coordinates": [[14.2951261, 40.8924926], [14.2939624, 40.8934868]]}}, {"type": "Feature", "properties": {"id": "SS-NAP-1650", "nome": "Via Nicola Fragianni", "quartiere": "", "classificazione": "giallo", "score": 3, "note": "strada urbana senza ciclabile", "ciclabile": "no", "n_corsie": "2", "senso_unico": "si", "n_testimonianze": "0", "zona": "B2"}, "geometry": {"type": "LineString", "coordinates": [[14.2913075, 40.8570877], [14.2910043, 40.8570567], [14.2905088, 40.857006], [14.2903269, 40.8569874], [14.2902282, 40.8569773], [14.290181, 40.8569725], [14.2892932, 40.8568819], [14.2882577, 40.8567842], [14.2881423, 40.8567733]]}}, {"type": "Feature", "properties": {"id": "SS-NAP-1652", "nome": "Via Nicola Miraglia", "quartiere": "", "classificazione": "rosso", "score": 4, "note": "strada principale trafficata", "ciclabile": "no", "n_corsie": "2", "senso_unico": "si", "n_testimonianze": "0", "zona": "B2"}, "geometry": {"type": "MultiLineString", "coordinates": [[[14.294626, 40.8649177], [14.2946183, 40.8649547], [14.2946193, 40.8653349], [14.2946342, 40.8655885], [14.294662, 40.8657686], [14.2947277, 40.8660253]], [[14.2947277, 40.8660253], [14.2947945, 40.8662367], [14.2948902, 40.866489], [14.2949481, 40.8666312], [14.2950129, 40.8667677], [14.2950719, 40.8668771], [14.2951426, 40.8670023], [14.2952968, 40.8672433], [14.2954303, 40.867437], [14.2954877, 40.8675359], [14.2955199, 40.8675943], [14.2955529, 40.8676547], [14.2955972, 40.8677236], [14.2956595, 40.8678016], [14.2960801, 40.8682016], [14.2961144, 40.8682419], [14.2961328, 40.8682762], [14.2961418, 40.8683174], [14.2961471, 40.8683542], [14.2961446, 40.8684574], [14.2961395, 40.8684744]], [[14.2948017, 40.863956], [14.2947731, 40.8641106], [14.2946679, 40.8645757]], [[14.2945644, 40.8645571], [14.2946371, 40.8643485], [14.2946863, 40.8641016], [14.2947181, 40.8639412]], [[14.29463, 40.8648025], [14.294626, 40.8649177]]]}}, {"type": "Feature", "properties": {"id": "SS-NAP-1653", "nome": "Via Nicola Nicolini", "quartiere": "", "classificazione": "giallo", "score": 3, "note": "strada urbana senza ciclabile", "ciclabile": "no", "n_corsie": "2", "senso_unico": "si", "n_testimonianze": "0", "zona": "B2"}, "geometry": {"type": "MultiLineString", "coordinates": [[[14.2659996, 40.8718369], [14.266016, 40.8717358], [14.2660264, 40.8717168], [14.2661235, 40.871537]], [[14.2673286, 40.8695943], [14.267283, 40.8697348], [14.2672583, 40.8698118], [14.2669408, 40.8703587], [14.266682, 40.8708067], [14.2666232, 40.8709049], [14.266364, 40.8713504], [14.2663331, 40.8714041], [14.2662351, 40.8715533]], [[14.2673286, 40.8695943], [14.2675226, 40.8692344], [14.2675825, 40.8691233], [14.2676319, 40.8690313], [14.2677636, 40.8687839], [14.2677904, 40.8687456]], [[14.2677904, 40.8687456], [14.2678853, 40.8686081], [14.2679684, 40.868472]], [[14.2681988, 40.8684144], [14.2681776, 40.8684376], [14.2681487, 40.8684692], [14.2680751, 40.8685432], [14.2680217, 40.8685886], [14.2679703, 40.8686275], [14.2678992, 40.8686679], [14.267828, 40.8687127], [14.2677904, 40.8687456]], [[14.2662351, 40.8715533], [14.2661863, 40.8716318], [14.2661061, 40.8717426], [14.2660904, 40.8717667], [14.2659996, 40.8718369]], [[14.2661235, 40.871537], [14.266137, 40.8714869]], [[14.266137, 40.8714869], [14.2664983, 40.8708621], [14.2665558, 40.8707625], [14.2668215, 40.8703204], [14.2671524, 40.8697748], [14.2672124, 40.8697092], [14.2673286, 40.8695943]]]}}, {"type": "Feature", "properties": {"id": "SS-NAP-1656", "nome": "Via Nicola Rocco", "quartiere": "", "classificazione": "giallo", "score": 3, "note": "strada urbana senza ciclabile", "ciclabile": "no", "n_corsie": "2", "senso_unico": "no", "n_testimonianze": "0", "zona": "B2"}, "geometry": {"type": "MultiLineString", "coordinates": [[[14.2660216, 40.8601472], [14.2666038, 40.8603593], [14.2666941, 40.8603922]], [[14.2666941, 40.8603922], [14.2667885, 40.8604239], [14.2672419, 40.8605759], [14.2672797, 40.8605886], [14.2673314, 40.860607], [14.2677774, 40.8607656], [14.2678231, 40.8607819], [14.2678771, 40.8608011], [14.2682472, 40.8609327], [14.2683545, 40.8609709], [14.2683699, 40.8609764], [14.2686808, 40.8610869], [14.2689203, 40.8611721], [14.2690227, 40.8612085]], [[14.2690227, 40.8612085], [14.2691219, 40.8612435], [14.2695727, 40.8614003], [14.269646, 40.8614258], [14.2696751, 40.861436], [14.27018, 40.861612], [14.2702398, 40.8616328]]]}}, {"type": "Feature", "properties": {"id": "SS-NAP-1658", "nome": "Via Nicola Valletta", "quartiere": "", "classificazione": "giallo", "score": 3, "note": "strada urbana senza ciclabile", "ciclabile": "no", "n_corsie": "2", "senso_unico": "si", "n_testimonianze": "0", "zona": "B2"}, "geometry": {"type": "LineString", "coordinates": [[14.2678221, 40.8612559], [14.2678636, 40.8612337], [14.2683033, 40.8609983], [14.2683545, 40.8609709]]}}, {"type": "Feature", "properties": {"id": "SS-NAP-1668", "nome": "Via Nuova Galeoncello", "quartiere": "", "classificazione": "giallo", "score": 3, "note": "strada urbana senza ciclabile", "ciclabile": "no", "n_corsie": "2", "senso_unico": "no", "n_testimonianze": "0", "zona": "B2"}, "geometry": {"type": "LineString", "coordinates": [[14.3138558, 40.8613855], [14.313824, 40.8613993], [14.3137625, 40.8614026], [14.3136805, 40.8614161], [14.3135853, 40.861445], [14.3132351, 40.8615253], [14.3131508, 40.8615364], [14.3130622, 40.8615374], [14.3129999, 40.8615323], [14.3125749, 40.8614591], [14.3123571, 40.8614432], [14.3121493, 40.8614353], [14.3103111, 40.8613959], [14.310218, 40.8613876], [14.310114, 40.861368], [14.3096641, 40.8612717], [14.3095988, 40.8612588], [14.3095593, 40.8612551], [14.3095333, 40.8612549], [14.309505, 40.861258], [14.3094735, 40.8612642]]}}, {"type": "Feature", "properties": {"id": "SS-NAP-1672", "nome": "Via Nuova Poggioreale", "quartiere": "", "classificazione": "rosso", "score": 4, "note": "strada secondaria trafficata (2 corsie)", "ciclabile": "no", "n_corsie": "2", "senso_unico": "si", "n_testimonianze": "0", "zona": "B2"}, "geometry": {"type": "MultiLineString", "coordinates": [[[14.2766013, 40.8596637], [14.2766716, 40.8596958], [14.2766878, 40.8597047], [14.2770888, 40.8598958], [14.2785793, 40.8606062], [14.279831, 40.8612022], [14.2807132, 40.8616231], [14.2808238, 40.8616758], [14.2808882, 40.8617065], [14.2812038, 40.8618569]], [[14.2744614, 40.8586286], [14.2745765, 40.8586841], [14.2751912, 40.8589848], [14.2752789, 40.8590277], [14.2761995, 40.8594764], [14.2763024, 40.859528]], [[14.2812038, 40.8618569], [14.2813221, 40.8619133], [14.2831855, 40.8628012], [14.2840527, 40.8632144], [14.28419, 40.8632798]], [[14.2961395, 40.8684744], [14.2959695, 40.8684092], [14.2959585, 40.868405], [14.2930545, 40.8674554]], [[14.2762797, 40.8596402], [14.276189, 40.8595914], [14.2758658, 40.8594426], [14.2752759, 40.8591618], [14.2751054, 40.8590803], [14.2744698, 40.8587775], [14.2743725, 40.8587382]], [[14.2811116, 40.8619481], [14.2808712, 40.8618329], [14.2808492, 40.8618224], [14.2807509, 40.8617745], [14.2801905, 40.8615069], [14.2785025, 40.8606985], [14.2783985, 40.8606486], [14.2782846, 40.8605941], [14.2766654, 40.859819], [14.2765819, 40.8597786]], [[14.2841045, 40.8633831], [14.2839644, 40.8633161], [14.2830915, 40.8628963], [14.2813048, 40.8620425], [14.2811116, 40.8619481]], [[14.28419, 40.8632798], [14.2844825, 40.8634183], [14.2853246, 40.8638307], [14.2856252, 40.8639726], [14.2877379, 40.8649699], [14.2879192, 40.8650614]], [[14.2921785, 40.8671043], [14.2921532, 40.8670773], [14.2921253, 40.8670359], [14.2921134, 40.8670037], [14.2921116, 40.8669701], [14.2921199, 40.8669316], [14.2921541, 40.8668011], [14.292165, 40.8667547], [14.2921638, 40.8667067], [14.2921506, 40.8666658], [14.2921255, 40.8666245], [14.2920815, 40.8665818], [14.2920236, 40.8665454], [14.2917823, 40.8664288], [14.2917277, 40.866409], [14.2916693, 40.8663977], [14.291614, 40.8663939], [14.291558, 40.8664013], [14.2915088, 40.8664145], [14.2914684, 40.866436], [14.2914295, 40.8664653], [14.291335, 40.8665592]], [[14.2877493, 40.8651362], [14.2876402, 40.8650862], [14.2855295, 40.8640833], [14.2852327, 40.8639423], [14.2841045, 40.8633831]], [[14.291335, 40.8665592], [14.2912993, 40.866595], [14.291286, 40.8666073], [14.2912763, 40.8666154], [14.2912625, 40.8666243], [14.2912521, 40.8666304], [14.2912358, 40.8666392], [14.2912208, 40.8666463], [14.2912015, 40.8666526], [14.2911852, 40.8666563], [14.2911689, 40.8666579], [14.2911541, 40.8666581], [14.2911352, 40.8666575], [14.2910402, 40.8666503], [14.2909475, 40.8666415], [14.2909193, 40.8666368], [14.290891, 40.8666288], [14.2908631, 40.8666179], [14.2908375, 40.8666053]], [[14.2909231, 40.8665078], [14.2909818, 40.866536], [14.2910688, 40.8665741], [14.2911108, 40.866592], [14.2911298, 40.8665991], [14.2911514, 40.866606], [14.2911715, 40.8666116], [14.2911912, 40.8666145], [14.2912109, 40.8666149], [14.2912286, 40.8666135], [14.2912438, 40.8666109], [14.2912602, 40.8666059], [14.2912783, 40.8665984], [14.2912936, 40.8665897], [14.291314, 40.8665756], [14.291335, 40.8665592]], [[14.2908375, 40.8666053], [14.2906253, 40.8665014], [14.2898149, 40.866112], [14.2889238, 40.8656892], [14.2887259, 40.8656122], [14.2887074, 40.8656033], [14.287953, 40.8652411], [14.2877493, 40.8651362]], [[14.2879192, 40.8650614], [14.2880478, 40.8651282], [14.2890454, 40.8656122], [14.2899034, 40.8660148], [14.2908227, 40.8664597], [14.2909231, 40.8665078]]]}}, {"type": "Feature", "properties": {"id": "SS-NAP-1673", "nome": "Via Nuova San Rocco", "quartiere": "", "classificazione": "rosso", "score": 4, "note": "strada secondaria trafficata", "ciclabile": "no", "n_corsie": "2", "senso_unico": "no", "n_testimonianze": "0", "zona": "B2"}, "geometry": {"type": "MultiLineString", "coordinates": [[[14.2485207, 40.8747237], [14.2484408, 40.8747437], [14.2480041, 40.8748532], [14.2474989, 40.8750064], [14.2465681, 40.8753308], [14.2465285, 40.8753446], [14.246026, 40.8755158], [14.2455265, 40.8756791], [14.2450294, 40.8758462], [14.2446436, 40.8759759], [14.2440012, 40.876192], [14.2432537, 40.876416], [14.2431123, 40.8764608]], [[14.2420669, 40.876805], [14.2419429, 40.8768446], [14.2419102, 40.8768558], [14.2417929, 40.8768946], [14.2410115, 40.8771705], [14.2399428, 40.8775113], [14.2396683, 40.8775989]], [[14.2431123, 40.8764608], [14.2420669, 40.876805]]]}}, {"type": "Feature", "properties": {"id": "SS-NAP-1679", "nome": "Via Nuova del Campo", "quartiere": "", "classificazione": "rosso", "score": 4, "note": "strada principale trafficata (2 corsie)", "ciclabile": "no", "n_corsie": "2", "senso_unico": "si", "n_testimonianze": "0", "zona": "B2"}, "geometry": {"type": "MultiLineString", "coordinates": [[[14.2790467, 40.8692195], [14.2789709, 40.8692898], [14.2789077, 40.8693484], [14.2785706, 40.8695868], [14.2784981, 40.8696311], [14.2784, 40.8696706], [14.2783118, 40.8696976], [14.2782013, 40.8697116], [14.2781087, 40.8697127], [14.2780138, 40.869708], [14.2779071, 40.8696885], [14.2778184, 40.8696685], [14.2777226, 40.8696285], [14.277644, 40.8695891], [14.2775724, 40.8695415], [14.2774953, 40.8694796], [14.2770372, 40.8690206], [14.2769786, 40.8689619], [14.2769161, 40.8689079], [14.2768614, 40.868865], [14.2767972, 40.868828], [14.2767095, 40.868804], [14.2766169, 40.8687858], [14.276538, 40.8687792], [14.2764415, 40.868783], [14.2763645, 40.8687945], [14.2762741, 40.8688185], [14.2755624, 40.8690641], [14.2754417, 40.8691017], [14.275359, 40.8691277], [14.275249, 40.8691497], [14.2751541, 40.8691521], [14.2750456, 40.8691355], [14.2749515, 40.8691134], [14.2748605, 40.8690845], [14.27477, 40.8690349]], [[14.284227, 40.8692336], [14.2843048, 40.8692927], [14.2844731, 40.8694047], [14.2845811, 40.8694531], [14.2846151, 40.8694684]], [[14.284121, 40.8692738], [14.2840181, 40.869196], [14.2837457, 40.8690085], [14.2836029, 40.86891], [14.2835411, 40.8688726], [14.2833567, 40.8687561], [14.2831149, 40.8686148], [14.2829379, 40.8685257], [14.2827716, 40.8684552], [14.2824586, 40.8683364], [14.2819096, 40.8681317], [14.2818061, 40.8680946], [14.2804785, 40.8675878], [14.2803946, 40.8675624], [14.2803005, 40.8675445], [14.2802199, 40.8675346], [14.2800358, 40.8675485], [14.2799521, 40.8675715], [14.2798847, 40.8676047], [14.2798124, 40.8676554], [14.2797565, 40.8677017], [14.2797184, 40.8677526], [14.2796851, 40.8678206], [14.2796182, 40.8679859], [14.2795528, 40.8681777], [14.2794867, 40.8684037], [14.2793956, 40.8686825], [14.279347, 40.8687848], [14.2792606, 40.868956], [14.2791356, 40.8691148], [14.2791038, 40.8691522], [14.2790467, 40.8692195]], [[14.2789703, 40.8691761], [14.2790227, 40.8691142], [14.2790564, 40.8690744], [14.2791743, 40.8689256], [14.2792606, 40.8687544], [14.2793034, 40.8686638], [14.2793944, 40.8683849], [14.2794606, 40.868159], [14.2795259, 40.8679672], [14.2795928, 40.8678019], [14.2796262, 40.8677339], [14.2796701, 40.8676713], [14.2797439, 40.8676055], [14.2798271, 40.8675469], [14.2799143, 40.8675056], [14.2800138, 40.8674787], [14.2801206, 40.867464], [14.2802216, 40.8674622], [14.2803332, 40.8674765], [14.2804273, 40.8674944], [14.2805167, 40.8675219], [14.2819443, 40.8680646], [14.2828177, 40.8683925], [14.2829981, 40.8684695], [14.283175, 40.8685585], [14.2833151, 40.8686429], [14.2834129, 40.8686977], [14.2836013, 40.8688164], [14.2837337, 40.8689062], [14.2838059, 40.8689523], [14.2840782, 40.8691398], [14.284227, 40.8692336]], [[14.2748328, 40.8689811], [14.2748932, 40.8690165], [14.2749842, 40.8690453], [14.2750783, 40.8690675], [14.2751558, 40.8690797], [14.2752357, 40.8690788], [14.2753252, 40.8690604], [14.2754038, 40.869036], [14.2755328, 40.8689953], [14.2762309, 40.8687546], [14.276335, 40.8687256], [14.2764282, 40.8687121], [14.2765397, 40.8687069], [14.2766496, 40.8687178], [14.2767423, 40.868736], [14.2768299, 40.86876], [14.2769215, 40.8688087], [14.2769868, 40.8688598], [14.2770597, 40.8689236], [14.2771183, 40.8689822], [14.277566, 40.8694315], [14.2776326, 40.8694852], [14.2777042, 40.8695329], [14.2777827, 40.8695723], [14.2778511, 40.8696005], [14.2779398, 40.8696205], [14.2780316, 40.8696382], [14.2781104, 40.8696404], [14.2782029, 40.8696392], [14.2782822, 40.8696288], [14.2783704, 40.8696018], [14.2784405, 40.8695734], [14.2785131, 40.869529]], [[14.2785131, 40.869529], [14.2788393, 40.8692985], [14.2788956, 40.869246], [14.2789703, 40.8691761]], [[14.2843759, 40.8696114], [14.2843255, 40.869477], [14.2842387, 40.8693606], [14.284225, 40.8693499], [14.284121, 40.8692738]]]}}, {"type": "Feature", "properties": {"id": "SS-NAP-1681", "nome": "Via Nuova detta Casoria", "quartiere": "", "classificazione": "giallo", "score": 3, "note": "strada urbana senza ciclabile", "ciclabile": "no", "n_corsie": "2", "senso_unico": "si", "n_testimonianze": "0", "zona": "B2"}, "geometry": {"type": "MultiLineString", "coordinates": [[[14.3083889, 40.8833259], [14.30837, 40.8832494], [14.3083593, 40.8832028]], [[14.3083593, 40.8832028], [14.3082514, 40.8830332], [14.3082327, 40.883007], [14.3082097, 40.8829795], [14.3077326, 40.8825441], [14.3075681, 40.8823927], [14.3072878, 40.8821449], [14.3068743, 40.8817591], [14.3067329, 40.8816063], [14.3065898, 40.881444], [14.3065237, 40.8813568], [14.3064413, 40.8811942], [14.3063481, 40.8808914], [14.306347, 40.8807284], [14.3063622, 40.8805656], [14.3064174, 40.8803212], [14.3065596, 40.8800687], [14.3067053, 40.8799688], [14.3068839, 40.8798042], [14.3069014, 40.8797782], [14.3069098, 40.8797468]], [[14.3083593, 40.8832028], [14.3084511, 40.8832892]]]}}, {"type": "Feature", "properties": {"id": "SS-NAP-1683", "nome": "Via Nuove Brecce", "quartiere": "", "classificazione": "giallo", "score": 3, "note": "strada urbana senza ciclabile", "ciclabile": "no", "n_corsie": "2", "senso_unico": "si", "n_testimonianze": "0", "zona": "B2"}, "geometry": {"type": "LineString", "coordinates": [[14.3162127, 40.8547774], [14.3162585, 40.8547704], [14.3163381, 40.8547589], [14.316364, 40.8547568], [14.3163894, 40.8547615], [14.3164115, 40.8547727], [14.3164234, 40.854784], [14.3164328, 40.8548029], [14.3164331, 40.8548227], [14.3164249, 40.8548407], [14.3164085, 40.8548562], [14.3163862, 40.8548664], [14.3163606, 40.8548702], [14.3163349, 40.8548672], [14.3163121, 40.8548577], [14.316251, 40.8548241], [14.3162215, 40.8548114], [14.3161881, 40.8547996], [14.3161211, 40.8547847], [14.3162127, 40.8547774]]}}, {"type": "Feature", "properties": {"id": "SS-NAP-1684", "nome": "Via Nuovo Tempio", "quartiere": "", "classificazione": "giallo", "score": 3, "note": "strada urbana senza ciclabile", "ciclabile": "no", "n_corsie": "2", "senso_unico": "no", "n_testimonianze": "0", "zona": "B2"}, "geometry": {"type": "MultiLineString", "coordinates": [[[14.2826339, 40.8896004], [14.2818896, 40.8892092], [14.280856, 40.8886513], [14.2807208, 40.8885738], [14.2792095, 40.8877545], [14.2787394, 40.8874983], [14.276509, 40.8863125], [14.2763096, 40.8862065], [14.2760183, 40.8860501]], [[14.2755955, 40.8856025], [14.2757174, 40.8857451], [14.2758113, 40.8858481], [14.2759076, 40.8859466], [14.2760183, 40.8860501]], [[14.2758021, 40.8859364], [14.2757549, 40.8859097], [14.2756914, 40.8858796], [14.275639, 40.8858556], [14.2754315, 40.8857561]], [[14.2760183, 40.8860501], [14.2758021, 40.8859364]]]}}, {"type": "Feature", "properties": {"id": "SS-NAP-1692", "nome": "Via Onorato Fava", "quartiere": "", "classificazione": "giallo", "score": 3, "note": "strada urbana senza ciclabile", "ciclabile": "no", "n_corsie": "2", "senso_unico": "no", "n_testimonianze": "0", "zona": "B2"}, "geometry": {"type": "LineString", "coordinates": [[14.2743103, 40.8723168], [14.2757525, 40.8735396], [14.2758409, 40.8736788], [14.2758888, 40.8738165], [14.2759823, 40.874239], [14.2760225, 40.874531], [14.2760198, 40.8746], [14.2757409, 40.8748697], [14.2758942, 40.8756122]]}}, {"type": "Feature", "properties": {"id": "SS-NAP-1697", "nome": "Via Oreste Salomone", "quartiere": "", "classificazione": "rosso", "score": 4, "note": "strada principale trafficata", "ciclabile": "no", "n_corsie": "2", "senso_unico": "si", "n_testimonianze": "0", "zona": "B2"}, "geometry": {"type": "LineString", "coordinates": [[14.2830271, 40.8720537], [14.2829946, 40.8719811], [14.2829782, 40.8719084], [14.2829834, 40.8718336], [14.2830096, 40.8717616], [14.2830624, 40.871694], [14.2831364, 40.8716347], [14.2832231, 40.8715972], [14.2833135, 40.8715779], [14.2834156, 40.8715729], [14.2834915, 40.8715806], [14.2835809, 40.8716035], [14.2837157, 40.8716472], [14.2839895, 40.8717648], [14.284114, 40.8718231], [14.2842366, 40.8718902], [14.2845394, 40.8721293], [14.284687, 40.8722671], [14.2847977, 40.8723938], [14.2849018, 40.8725606], [14.2849865, 40.8727131]]}}, {"type": "Feature", "properties": {"id": "SS-NAP-1699", "nome": "Via Oronzo Costa", "quartiere": "", "classificazione": "giallo", "score": 3, "note": "strada urbana senza ciclabile", "ciclabile": "no", "n_corsie": "2", "senso_unico": "si", "n_testimonianze": "0", "zona": "B2"}, "geometry": {"type": "LineString", "coordinates": [[14.2634846, 40.853531], [14.2633786, 40.8536278], [14.2633118, 40.8536866], [14.2632526, 40.8537455], [14.2631841, 40.8538003], [14.2631173, 40.8538387], [14.2630045, 40.8538843], [14.2628541, 40.8539321], [14.2627442, 40.8539504], [14.2626182, 40.8539635], [14.2624828, 40.8539787], [14.2624023, 40.853999], [14.2623191, 40.8540193], [14.2622409, 40.8540491], [14.2620309, 40.854136], [14.2617639, 40.8542709], [14.2616648, 40.8543232]]}}, {"type": "Feature", "properties": {"id": "SS-NAP-1701", "nome": "Via Oscar Cinquegrani", "quartiere": "", "classificazione": "giallo", "score": 3, "note": "strada urbana senza ciclabile", "ciclabile": "no", "n_corsie": "2", "senso_unico": "no", "n_testimonianze": "0", "zona": "B2"}, "geometry": {"type": "MultiLineString", "coordinates": [[[14.2894766, 40.8769531], [14.2892998, 40.877062], [14.2891536, 40.8771486], [14.2889174, 40.8772673], [14.2885406, 40.8774566], [14.2883178, 40.8775885]], [[14.2900727, 40.8766848], [14.2897488, 40.8768292], [14.2894766, 40.8769531]]]}}, {"type": "Feature", "properties": {"id": "SS-NAP-1704", "nome": "Via Otranto", "quartiere": "", "classificazione": "giallo", "score": 3, "note": "strada urbana senza ciclabile", "ciclabile": "no", "n_corsie": "2", "senso_unico": "si", "n_testimonianze": "0", "zona": "B2"}, "geometry": {"type": "LineString", "coordinates": [[14.2765496, 40.8581182], [14.2765158, 40.858115], [14.2760048, 40.85806], [14.2755425, 40.8580106], [14.2754454, 40.8580002]]}}, {"type": "Feature", "properties": {"id": "SS-NAP-1706", "nome": "Via Ottavio Morisani", "quartiere": "", "classificazione": "giallo", "score": 3, "note": "strada urbana senza ciclabile", "ciclabile": "no", "n_corsie": "2", "senso_unico": "no", "n_testimonianze": "0", "zona": "B2"}, "geometry": {"type": "LineString", "coordinates": [[14.258393, 40.8624264], [14.2584137, 40.8624529], [14.2584164, 40.8624607], [14.2584151, 40.8624688], [14.2584084, 40.8624779], [14.2583947, 40.8624857], [14.258376, 40.862489], [14.2583611, 40.8624858], [14.2583525, 40.8624839], [14.258346, 40.8624807], [14.2583174, 40.8624627], [14.2581966, 40.8623905], [14.2580952, 40.8623378], [14.2579151, 40.8622739], [14.257551, 40.8621563], [14.2575356, 40.8621531], [14.2575194, 40.8621504], [14.2575061, 40.8621518], [14.2574938, 40.862156], [14.2574852, 40.8621629], [14.2574824, 40.8621717], [14.2574817, 40.8621802], [14.2574842, 40.8621878], [14.2574903, 40.8621952], [14.2574987, 40.8622021], [14.2575085, 40.8622077], [14.2579139, 40.8624127], [14.2583445, 40.8626407], [14.258361, 40.8626517], [14.25837, 40.8626677], [14.258374, 40.8626841], [14.2583769, 40.8626998], [14.2583753, 40.8627261], [14.2583638, 40.8627524], [14.2583425, 40.8627818], [14.2583141, 40.8628019], [14.258291, 40.8628135], [14.2582648, 40.8628211], [14.2582289, 40.8628238], [14.2581842, 40.8628167], [14.2579226, 40.8627365], [14.2571144, 40.8624886], [14.2570834, 40.8624863], [14.2570529, 40.8624914], [14.2570261, 40.8625034], [14.2570055, 40.8625211], [14.2569933, 40.8625428], [14.2569905, 40.8625662], [14.2569976, 40.8625892], [14.2570138, 40.8626094], [14.2570375, 40.8626247], [14.2576803, 40.8629983], [14.2578217, 40.8630804], [14.2578624, 40.8631169], [14.2578838, 40.8631563], [14.2578992, 40.8631961], [14.2578982, 40.8632467], [14.2578154, 40.8634726], [14.2578079, 40.8634873], [14.2577945, 40.8635045], [14.257775, 40.8635149], [14.2577492, 40.8635212], [14.2576035, 40.8635312], [14.2574407, 40.8635405], [14.2573849, 40.8635392], [14.257294, 40.863779], [14.2572933, 40.8638232], [14.2573042, 40.8638714], [14.2573455, 40.8639367], [14.2573913, 40.863988], [14.2575966, 40.8641486]]}}, {"type": "Feature", "properties": {"id": "SS-NAP-1711", "nome": "Via Padova", "quartiere": "", "classificazione": "giallo", "score": 3, "note": "strada urbana senza ciclabile", "ciclabile": "no", "n_corsie": "2", "senso_unico": "si", "n_testimonianze": "0", "zona": "B2"}, "geometry": {"type": "LineString", "coordinates": [[14.2761827, 40.8562785], [14.2758683, 40.8558766], [14.275888, 40.8557611], [14.2759587, 40.8553649], [14.2759673, 40.8553164], [14.2760519, 40.8548386], [14.2760603, 40.8547295]]}}, {"type": "Feature", "properties": {"id": "SS-NAP-1712", "nome": "Via Padre Cosimo Maria Luciano", "quartiere": "", "classificazione": "giallo", "score": 3, "note": "strada urbana senza ciclabile", "ciclabile": "no", "n_corsie": "2", "senso_unico": "no", "n_testimonianze": "0", "zona": "B2"}, "geometry": {"type": "MultiLineString", "coordinates": [[[14.2674798, 40.8871496], [14.2683299, 40.8876693]], [[14.2685992, 40.8873751], [14.2679181, 40.8870594], [14.2673245, 40.8866581], [14.2672346, 40.8865973]]]}}, {"type": "Feature", "properties": {"id": "SS-NAP-1714", "nome": "Via Padre Gaetano Errico", "quartiere": "", "classificazione": "giallo", "score": 3, "note": "strada urbana senza ciclabile", "ciclabile": "no", "n_corsie": "2", "senso_unico": "si", "n_testimonianze": "0", "zona": "B2"}, "geometry": {"type": "LineString", "coordinates": [[14.2625938, 40.8935419], [14.2629375, 40.8933896], [14.2633125, 40.8932992], [14.2634322, 40.8932604], [14.2640221, 40.8930446]]}}, {"type": "Feature", "properties": {"id": "SS-NAP-1718", "nome": "Via Palazziello", "quartiere": "", "classificazione": "giallo", "score": 3, "note": "strada urbana senza ciclabile", "ciclabile": "no", "n_corsie": "2", "senso_unico": "no", "n_testimonianze": "0", "zona": "B2"}, "geometry": {"type": "MultiLineString", "coordinates": [[[14.3271013, 40.8769156], [14.3269576, 40.8767976], [14.3269092, 40.8767503], [14.3268477, 40.8766901], [14.3267096, 40.8765495], [14.3264355, 40.8762114], [14.3262815, 40.8760068], [14.3258859, 40.8752543], [14.3258216, 40.8751671], [14.3257223, 40.8750576], [14.325699, 40.8750212], [14.3256767, 40.8749866], [14.3256542, 40.8749517], [14.3256284, 40.8749166], [14.3254356, 40.874573], [14.3254227, 40.87455], [14.3253687, 40.8744892], [14.325191, 40.8742985], [14.3250035, 40.8741249], [14.3245621, 40.8737904], [14.3239745, 40.8733459], [14.3237322, 40.8731958], [14.3232547, 40.8728968], [14.3232252, 40.8728643], [14.3232171, 40.872838], [14.3232306, 40.8728072], [14.3232681, 40.8727913]], [[14.3331135, 40.8824728], [14.3328882, 40.8823795], [14.3326495, 40.8822578], [14.33244, 40.8820978], [14.332349, 40.8819983], [14.3322967, 40.8819324], [14.3322538, 40.8818313], [14.3322303, 40.8817595], [14.3321627, 40.8814663], [14.3321291, 40.8812743], [14.3320318, 40.8810746], [14.3320199, 40.8810502], [14.3319708, 40.8809782], [14.3318902, 40.8808851], [14.3317886, 40.8807748], [14.3316691, 40.8806649], [14.3315988, 40.8806052], [14.3313026, 40.8803807], [14.3311613, 40.8802437], [14.3310508, 40.8801067], [14.3307548, 40.8797125], [14.3305692, 40.8794654], [14.3304853, 40.8793652], [14.3304013, 40.879285], [14.3302865, 40.8791848], [14.3301405, 40.8790887], [14.3299831, 40.8789831], [14.3298975, 40.8789239], [14.3295861, 40.8787087], [14.3292626, 40.8784934], [14.3286831, 40.878111], [14.3286297, 40.8780757], [14.3283721, 40.8779426], [14.3282987, 40.8778873], [14.328089, 40.8776729], [14.3279362, 40.8775167], [14.3278383, 40.8774313], [14.3277992, 40.8773972], [14.327621, 40.877258], [14.3274641, 40.8771494], [14.3272429, 40.8770167], [14.3271013, 40.8769156]]]}}, {"type": "Feature", "properties": {"id": "SS-NAP-1721", "nome": "Via Palermo", "quartiere": "", "classificazione": "giallo", "score": 3, "note": "strada urbana senza ciclabile", "ciclabile": "no", "n_corsie": "2", "senso_unico": "si", "n_testimonianze": "0", "zona": "B2"}, "geometry": {"type": "LineString", "coordinates": [[14.2713055, 40.8548434], [14.2712366, 40.8548366], [14.2702635, 40.854739], [14.269565, 40.8546611], [14.2688832, 40.8545882]]}}, {"type": "Feature", "properties": {"id": "SS-NAP-1725", "nome": "Via Paolo De Matteis", "quartiere": "", "classificazione": "giallo", "score": 3, "note": "strada urbana senza ciclabile", "ciclabile": "no", "n_corsie": "2", "senso_unico": "si", "n_testimonianze": "0", "zona": "B2"}, "geometry": {"type": "MultiLineString", "coordinates": [[[14.263707, 40.8900149], [14.2638145, 40.8900765], [14.2645835, 40.8905166]], [[14.2653579, 40.8909599], [14.2652069, 40.8908673], [14.264848, 40.8906631], [14.2645835, 40.8905166]]]}}, {"type": "Feature", "properties": {"id": "SS-NAP-1727", "nome": "Via Paolo Giovio", "quartiere": "", "classificazione": "giallo", "score": 3, "note": "strada urbana senza ciclabile", "ciclabile": "no", "n_corsie": "2", "senso_unico": "no", "n_testimonianze": "0", "zona": "B2"}, "geometry": {"type": "MultiLineString", "coordinates": [[[14.272236, 40.8859938], [14.2728194, 40.8856848]], [[14.2728194, 40.8856848], [14.2737591, 40.8852087]]]}}, {"type": "Feature", "properties": {"id": "SS-NAP-1729", "nome": "Via Paolo Ricci", "quartiere": "", "classificazione": "giallo", "score": 3, "note": "strada urbana senza ciclabile", "ciclabile": "no", "n_corsie": "2", "senso_unico": "no", "n_testimonianze": "0", "zona": "B2"}, "geometry": {"type": "LineString", "coordinates": [[14.3313758, 40.8552344], [14.3324636, 40.8555714], [14.3327785, 40.8556726]]}}, {"type": "Feature", "properties": {"id": "SS-NAP-1733", "nome": "Via Papa Pio XII", "quartiere": "", "classificazione": "giallo", "score": 3, "note": "strada urbana senza ciclabile", "ciclabile": "no", "n_corsie": "2", "senso_unico": "si", "n_testimonianze": "0", "zona": "B2"}, "geometry": {"type": "MultiLineString", "coordinates": [[[14.249351, 40.8708021], [14.2496057, 40.8708563], [14.2494543, 40.8713085], [14.24934, 40.87165], [14.2492884, 40.8718041], [14.2492729, 40.8718389], [14.2490252, 40.872394]], [[14.2489203, 40.8724041], [14.2486952, 40.8728697], [14.2484311, 40.8734185], [14.2483495, 40.8735844], [14.2482323, 40.8738268]], [[14.2482323, 40.8738268], [14.2480675, 40.8741675], [14.2479985, 40.8742197], [14.2478852, 40.8742639]]]}}, {"type": "Feature", "properties": {"id": "SS-NAP-1735", "nome": "Via Parise", "quartiere": "", "classificazione": "giallo", "score": 3, "note": "strada urbana senza ciclabile", "ciclabile": "no", "n_corsie": "2", "senso_unico": "si", "n_testimonianze": "0", "zona": "B2"}, "geometry": {"type": "MultiLineString", "coordinates": [[[14.2506294, 40.8855734], [14.2505998, 40.885439], [14.2505074, 40.8852224], [14.2504482, 40.8851199]], [[14.2502107, 40.8847654], [14.2503302, 40.8849335], [14.2504482, 40.8851199]]]}}, {"type": "Feature", "properties": {"id": "SS-NAP-1736", "nome": "Via Parma", "quartiere": "", "classificazione": "giallo", "score": 3, "note": "strada urbana senza ciclabile", "ciclabile": "no", "n_corsie": "2", "senso_unico": "si", "n_testimonianze": "0", "zona": "B2"}, "geometry": {"type": "LineString", "coordinates": [[14.2711172, 40.8566212], [14.2712146, 40.8566314], [14.2720271, 40.8567163], [14.2728593, 40.8568032], [14.2729287, 40.8568105], [14.2729917, 40.8568171], [14.2737674, 40.8568982], [14.2738585, 40.8569077], [14.2739548, 40.8569178], [14.2748261, 40.8570089]]}}, {"type": "Feature", "properties": {"id": "SS-NAP-1740", "nome": "Via Pasquale Baffi", "quartiere": "", "classificazione": "giallo", "score": 3, "note": "strada urbana senza ciclabile", "ciclabile": "no", "n_corsie": "2", "senso_unico": "si", "n_testimonianze": "0", "zona": "B2"}, "geometry": {"type": "MultiLineString", "coordinates": [[[14.2686205, 40.8570357], [14.2686571, 40.857059], [14.2690426, 40.8573045], [14.2690658, 40.8573193], [14.2691048, 40.8573441], [14.2695086, 40.8576002], [14.2695318, 40.8576143], [14.2695857, 40.8576484], [14.2699742, 40.8578943], [14.2699934, 40.8579134], [14.2700241, 40.857944], [14.2700439, 40.8579733]], [[14.2707652, 40.8581067], [14.2706636, 40.8580879], [14.2700533, 40.857975], [14.2700439, 40.8579733]]]}}, {"type": "Feature", "properties": {"id": "SS-NAP-1741", "nome": "Via Pasquale Borrelli", "quartiere": "", "classificazione": "giallo", "score": 3, "note": "strada urbana senza ciclabile", "ciclabile": "no", "n_corsie": "2", "senso_unico": "no", "n_testimonianze": "0", "zona": "B2"}, "geometry": {"type": "LineString", "coordinates": [[14.2885772, 40.8896398], [14.2894212, 40.8889304], [14.2909823, 40.8878522], [14.2910562, 40.8878368], [14.2911277, 40.8878563]]}}, {"type": "Feature", "properties": {"id": "SS-NAP-1743", "nome": "Via Pasquale Del Pezzo", "quartiere": "", "classificazione": "giallo", "score": 3, "note": "strada urbana senza ciclabile", "ciclabile": "no", "n_corsie": "2", "senso_unico": "no", "n_testimonianze": "0", "zona": "B2"}, "geometry": {"type": "LineString", "coordinates": [[14.3020078, 40.86482], [14.3024627, 40.8624277]]}}, {"type": "Feature", "properties": {"id": "SS-NAP-1751", "nome": "Via Pasquale Turiello", "quartiere": "", "classificazione": "giallo", "score": 3, "note": "strada urbana senza ciclabile", "ciclabile": "no", "n_corsie": "2", "senso_unico": "no", "n_testimonianze": "0", "zona": "B2"}, "geometry": {"type": "LineString", "coordinates": [[14.2741327, 40.8656505], [14.2741421, 40.8655924], [14.2742066, 40.8651939]]}}, {"type": "Feature", "properties": {"id": "SS-NAP-1753", "nome": "Via Passibole", "quartiere": "", "classificazione": "giallo", "score": 3, "note": "strada urbana senza ciclabile", "ciclabile": "no", "n_corsie": "2", "senso_unico": "no", "n_testimonianze": "0", "zona": "B2"}, "geometry": {"type": "MultiLineString", "coordinates": [[[14.2889442, 40.8937839], [14.2890052, 40.8937398]], [[14.2890052, 40.8937398], [14.2896311, 40.8931336], [14.2896766, 40.8930896]]]}}, {"type": "Feature", "properties": {"id": "SS-NAP-1754", "nome": "Via Paternum", "quartiere": "", "classificazione": "giallo", "score": 3, "note": "strada urbana senza ciclabile", "ciclabile": "no", "n_corsie": "2", "senso_unico": "no", "n_testimonianze": "0", "zona": "B2"}, "geometry": {"type": "MultiLineString", "coordinates": [[[14.2907444, 40.8941273], [14.2906683, 40.8941461], [14.2894797, 40.8944401]], [[14.2894797, 40.8944401], [14.2892946, 40.894387]], [[14.2888785, 40.8942543], [14.2874579, 40.8938386], [14.2873462, 40.8938054], [14.2867492, 40.8936278], [14.2859958, 40.8934036]], [[14.2892946, 40.894387], [14.2888785, 40.8942543]]]}}, {"type": "Feature", "properties": {"id": "SS-NAP-1755", "nome": "Via Pavia", "quartiere": "", "classificazione": "giallo", "score": 3, "note": "strada urbana senza ciclabile", "ciclabile": "no", "n_corsie": "2", "senso_unico": "si", "n_testimonianze": "0", "zona": "B2"}, "geometry": {"type": "LineString", "coordinates": [[14.2733567, 40.8544614], [14.2733441, 40.8545316], [14.2732608, 40.8549936], [14.273253, 40.855037], [14.2732439, 40.8550842], [14.2731585, 40.8555287], [14.2731465, 40.8555911], [14.2731331, 40.8556649], [14.2730462, 40.8561445], [14.2730372, 40.8561943], [14.2730234, 40.8562729], [14.2729359, 40.8567699], [14.2729287, 40.8568105], [14.2729206, 40.8568581], [14.2730365, 40.8576473], [14.2730445, 40.8576684], [14.2730697, 40.857719], [14.2730883, 40.8577564]]}}, {"type": "Feature", "properties": {"id": "SS-NAP-1758", "nome": "Via Peppino Impastato", "quartiere": "", "classificazione": "giallo", "score": 3, "note": "strada urbana senza ciclabile", "ciclabile": "no", "n_corsie": "2", "senso_unico": "no", "n_testimonianze": "0", "zona": "B2"}, "geometry": {"type": "MultiLineString", "coordinates": [[[14.2490074, 40.8943626], [14.248961, 40.8943824], [14.248838, 40.8944326], [14.2480829, 40.8946878], [14.2471107, 40.8950165], [14.2469283, 40.8949597], [14.2468513, 40.8948773], [14.2462397, 40.8942229]], [[14.2462153, 40.8940837], [14.2462231, 40.8941858], [14.2462397, 40.8942229]], [[14.2462397, 40.8942229], [14.2460902, 40.8941907]]]}}, {"type": "Feature", "properties": {"id": "SS-NAP-1763", "nome": "Via Piazzolla", "quartiere": "", "classificazione": "giallo", "score": 3, "note": "strada urbana senza ciclabile", "ciclabile": "no", "n_corsie": "2", "senso_unico": "si", "n_testimonianze": "0", "zona": "B2"}, "geometry": {"type": "MultiLineString", "coordinates": [[[14.269509, 40.8647151], [14.2695478, 40.8647212], [14.2697086, 40.8647466], [14.2698822, 40.864732], [14.2707057, 40.864845], [14.2710784, 40.8648862], [14.2712313, 40.8648984], [14.271631, 40.8649065], [14.2724256, 40.8649389]], [[14.2753124, 40.8653996], [14.2752178, 40.8653918], [14.27504, 40.8653693], [14.2747796, 40.8653305], [14.2742066, 40.8651939], [14.2739995, 40.8651515], [14.273529, 40.8650552], [14.2732758, 40.8650034], [14.2727662, 40.8649647], [14.2724951, 40.8649413], [14.2724256, 40.8649389]]]}}, {"type": "Feature", "properties": {"id": "SS-NAP-1765", "nome": "Via Piemonte", "quartiere": "", "classificazione": "giallo", "score": 3, "note": "strada urbana senza ciclabile", "ciclabile": "no", "n_corsie": "2", "senso_unico": "no", "n_testimonianze": "0", "zona": "B2"}, "geometry": {"type": "MultiLineString", "coordinates": [[[14.2554795, 40.8931956], [14.2554711, 40.8931743], [14.2555181, 40.8928947], [14.2555693, 40.8925896], [14.2556074, 40.8923623]], [[14.2556146, 40.8923133], [14.2556214, 40.8922666], [14.2556142, 40.8922103], [14.2556074, 40.8921541], [14.2555835, 40.891873], [14.2555669, 40.8917296], [14.2555546, 40.8916668], [14.2555218, 40.8915584], [14.255407, 40.8911804], [14.2553454, 40.8909774]]]}}, {"type": "Feature", "properties": {"id": "SS-NAP-1766", "nome": "Via Pier delle Vigne", "quartiere": "", "classificazione": "giallo", "score": 3, "note": "strada urbana senza ciclabile", "ciclabile": "no", "n_corsie": "2", "senso_unico": "no", "n_testimonianze": "0", "zona": "B2"}, "geometry": {"type": "MultiLineString", "coordinates": [[[14.2642251, 40.8651189], [14.2643074, 40.8651711], [14.264857, 40.8656799]], [[14.2654613, 40.8662466], [14.2657869, 40.8665474], [14.2658124, 40.8665709], [14.2658383, 40.8665943], [14.2664516, 40.8671472], [14.2664738, 40.8671672], [14.2665112, 40.8672036], [14.2670908, 40.8677678], [14.2671268, 40.8678055], [14.2675419, 40.8681979], [14.2679536, 40.8682214], [14.2680113, 40.8682247]], [[14.264857, 40.8656799], [14.2649749, 40.8657898]]]}}, {"type": "Feature", "properties": {"id": "SS-NAP-1768", "nome": "Via Pietro Amendola", "quartiere": "", "classificazione": "giallo", "score": 3, "note": "strada urbana senza ciclabile", "ciclabile": "no", "n_corsie": "2", "senso_unico": "no", "n_testimonianze": "0", "zona": "B2"}, "geometry": {"type": "MultiLineString", "coordinates": [[[14.3279057, 40.8540238], [14.3277282, 40.8536409]], [[14.3277282, 40.8536409], [14.3277152, 40.8536101]], [[14.3277152, 40.8536101], [14.3276222, 40.8533606], [14.3275903, 40.8532935], [14.327555, 40.8532328], [14.3275089, 40.8531659], [14.327449, 40.8530791], [14.3273953, 40.8530097]]]}}, {"type": "Feature", "properties": {"id": "SS-NAP-1769", "nome": "Via Pietro Antonio Lettieri", "quartiere": "", "classificazione": "giallo", "score": 3, "note": "strada urbana senza ciclabile", "ciclabile": "no", "n_corsie": "2", "senso_unico": "no", "n_testimonianze": "0", "zona": "B2"}, "geometry": {"type": "LineString", "coordinates": [[14.2673307, 40.856752], [14.2672111, 40.8567565], [14.2667283, 40.8567748], [14.2665077, 40.8567836], [14.2661673, 40.8567973], [14.265691, 40.8568163]]}}, {"type": "Feature", "properties": {"id": "SS-NAP-1774", "nome": "Via Pietro Giannone", "quartiere": "", "classificazione": "giallo", "score": 3, "note": "strada urbana senza ciclabile", "ciclabile": "no", "n_corsie": "2", "senso_unico": "si", "n_testimonianze": "0", "zona": "B2"}, "geometry": {"type": "LineString", "coordinates": [[14.2700507, 40.8623751], [14.270002, 40.862361], [14.2693612, 40.8621768], [14.2693058, 40.8621597], [14.2692511, 40.8621434], [14.2685928, 40.8619468], [14.268542, 40.8619316], [14.268499, 40.8619188], [14.2681922, 40.8618271], [14.2680985, 40.8617991], [14.2680155, 40.8617719], [14.2675344, 40.8616146], [14.267359, 40.8615558], [14.267201, 40.8615029], [14.2666332, 40.8613284], [14.2665356, 40.8612984]]}}, {"type": "Feature", "properties": {"id": "SS-NAP-1782", "nome": "Via Pietro Raimondi", "quartiere": "", "classificazione": "giallo", "score": 3, "note": "strada urbana senza ciclabile", "ciclabile": "no", "n_corsie": "2", "senso_unico": "no", "n_testimonianze": "0", "zona": "B2"}, "geometry": {"type": "LineString", "coordinates": [[14.2696455, 40.8719008], [14.2697141, 40.8718631], [14.2697971, 40.8718175], [14.2706178, 40.8713956], [14.2712347, 40.8710914], [14.2713635, 40.8711117], [14.2714815, 40.8711685], [14.2716256, 40.8712704], [14.2719316, 40.8715421], [14.2720436, 40.8716105], [14.2726124, 40.8720845]]}}, {"type": "Feature", "properties": {"id": "SS-NAP-1785", "nome": "Via Pietro Trinchera", "quartiere": "", "classificazione": "giallo", "score": 3, "note": "strada urbana senza ciclabile", "ciclabile": "no", "n_corsie": "2", "senso_unico": "si", "n_testimonianze": "0", "zona": "B2"}, "geometry": {"type": "LineString", "coordinates": [[14.2617316, 40.8524492], [14.2610718, 40.853592], [14.2609512, 40.8537536], [14.2607798, 40.8540336]]}}, {"type": "Feature", "properties": {"id": "SS-NAP-1789", "nome": "Via Pinocchio", "quartiere": "", "classificazione": "giallo", "score": 3, "note": "strada urbana senza ciclabile", "ciclabile": "no", "n_corsie": "2", "senso_unico": "no", "n_testimonianze": "0", "zona": "B2"}, "geometry": {"type": "MultiLineString", "coordinates": [[[14.3379429, 40.8732908], [14.3373406, 40.8730196], [14.3371342, 40.8728998], [14.3369613, 40.8727655], [14.3368173, 40.8726275], [14.336702, 40.8724751], [14.3366108, 40.8723189], [14.3365388, 40.8721338], [14.3365096, 40.8720106], [14.3364859, 40.8719139]], [[14.3364859, 40.8719139], [14.3364706, 40.8718268]]]}}, {"type": "Feature", "properties": {"id": "SS-NAP-1791", "nome": "Via Pisa", "quartiere": "", "classificazione": "giallo", "score": 3, "note": "strada urbana senza ciclabile", "ciclabile": "no", "n_corsie": "2", "senso_unico": "si", "n_testimonianze": "0", "zona": "B2"}, "geometry": {"type": "LineString", "coordinates": [[14.2754454, 40.8580002], [14.2746216, 40.8580776], [14.2745291, 40.8580883]]}}, {"type": "Feature", "properties": {"id": "SS-NAP-1803", "nome": "Via Polveriera", "quartiere": "", "classificazione": "giallo", "score": 3, "note": "strada urbana senza ciclabile", "ciclabile": "no", "n_corsie": "2", "senso_unico": "si", "n_testimonianze": "0", "zona": "B2"}, "geometry": {"type": "LineString", "coordinates": [[14.2703484, 40.8616347], [14.2704235, 40.8616366], [14.2711239, 40.8616421], [14.2711924, 40.8616426], [14.2712487, 40.8616434], [14.2717329, 40.8616508], [14.2721443, 40.861677], [14.2722163, 40.8616815], [14.2722533, 40.8616857], [14.272924, 40.8617605], [14.2730167, 40.8617706]]}}, {"type": "Feature", "properties": {"id": "SS-NAP-1812", "nome": "Via Pontenuovo", "quartiere": "", "classificazione": "giallo", "score": 3, "note": "strada urbana senza ciclabile", "ciclabile": "no", "n_corsie": "2", "senso_unico": "si", "n_testimonianze": "0", "zona": "B2"}, "geometry": {"type": "LineString", "coordinates": [[14.2606489, 40.8583042], [14.260679, 40.8582749], [14.2607976, 40.8581592], [14.2610669, 40.8578676], [14.2611438, 40.8577825], [14.2612597, 40.8576534], [14.2613954, 40.8575026], [14.261691, 40.8571892], [14.2619151, 40.8569387], [14.2621235, 40.8567138], [14.2621617, 40.8566726]]}}, {"type": "Feature", "properties": {"id": "SS-NAP-1813", "nome": "Via Ponti Rossi", "quartiere": "", "classificazione": "giallo", "score": 3, "note": "strada urbana senza ciclabile", "ciclabile": "no", "n_corsie": "2", "senso_unico": "no", "n_testimonianze": "0", "zona": "B2"}, "geometry": {"type": "MultiLineString", "coordinates": [[[14.2530798, 40.8670361], [14.2530862, 40.8671262], [14.2531005, 40.8673257], [14.2531273, 40.8675134], [14.2531536, 40.8676091], [14.2532191, 40.8677275], [14.2533169, 40.8677889], [14.2536198, 40.8679029], [14.2537478, 40.8679601], [14.2538277, 40.868022], [14.2538981, 40.8681744], [14.2539986, 40.8685665], [14.2540599, 40.8687009], [14.2541789, 40.8688196], [14.2545246, 40.8691273], [14.2546196, 40.8692547], [14.2546488, 40.8693481], [14.254672, 40.8694243]], [[14.2548157, 40.8696769], [14.2548828, 40.8697143], [14.2549554, 40.8697376], [14.2550089, 40.8697468], [14.2551161, 40.8697488], [14.2551912, 40.8697427], [14.2553204, 40.8697146], [14.2557129, 40.8695916], [14.2557449, 40.8695865], [14.2558014, 40.8695774], [14.2559718, 40.8695876], [14.2560777, 40.869616], [14.2562212, 40.8696819], [14.2563714, 40.8698198], [14.2564787, 40.8699385], [14.2566718, 40.8701565], [14.256755, 40.8702346], [14.2567979, 40.870265], [14.2568568, 40.8702918], [14.2569441, 40.8703249], [14.2570084, 40.870337], [14.2570987, 40.8703434], [14.2571881, 40.870339], [14.2572874, 40.8703259], [14.2573935, 40.8703001], [14.2576361, 40.8702326], [14.2577313, 40.8702092], [14.2578372, 40.8702123], [14.2579137, 40.8702295], [14.2580116, 40.8702802], [14.2580733, 40.870337], [14.2581211, 40.8704015], [14.2582156, 40.8708113], [14.2582311, 40.8708786], [14.258582, 40.8712211], [14.2587451, 40.8718896], [14.2588652, 40.8720648], [14.2590353, 40.8722156], [14.259212, 40.8723346], [14.2596463, 40.8725451], [14.2599494, 40.8726678], [14.2600889, 40.8726946], [14.2602351, 40.8727017], [14.2603303, 40.8726946], [14.260443, 40.8726702], [14.2607059, 40.8725861], [14.2609553, 40.8724918], [14.2610854, 40.8724755], [14.2611457, 40.8724826], [14.2612208, 40.8724999], [14.261304, 40.8725354], [14.2613622, 40.8726014], [14.2614448, 40.8728325], [14.2614448, 40.8728771], [14.261426, 40.8729187], [14.2613713, 40.8729884], [14.2613147, 40.8730242], [14.2612289, 40.8730698], [14.2610036, 40.8731773], [14.2608628, 40.8733243], [14.2607769, 40.8734268], [14.2606924, 40.8735829], [14.2606938, 40.8736296], [14.2607222, 40.8737054], [14.2607649, 40.8737452], [14.2608467, 40.8737857], [14.2609821, 40.873807], [14.2611418, 40.8738027], [14.2612798, 40.8737868], [14.2614628, 40.8737672], [14.2615937, 40.8737868], [14.2617143, 40.8738221], [14.2619546, 40.8740016], [14.2622669, 40.8744084], [14.2623916, 40.8745453], [14.2625003, 40.8746112], [14.2625861, 40.8746295], [14.2627591, 40.8746183], [14.2628624, 40.8745818], [14.2629173, 40.874527], [14.2629401, 40.8744611], [14.2628945, 40.8743435], [14.2628565, 40.8743001], [14.2627323, 40.8741893], [14.2625794, 40.8740849], [14.2623661, 40.8739571], [14.2622081, 40.8738402], [14.2621315, 40.8737594], [14.2621028, 40.8736565], [14.2620912, 40.8735961], [14.2621221, 40.8734835], [14.2622226, 40.8733852], [14.2623849, 40.8733466], [14.2625727, 40.8733517], [14.2628664, 40.8733679], [14.2629817, 40.8733619], [14.2631329, 40.8733333], [14.2633063, 40.8732635], [14.2634591, 40.8731672], [14.2635615, 40.8730872], [14.2636541, 40.8730148], [14.2638079, 40.8728947], [14.2638816, 40.8728371], [14.2639359, 40.8727782], [14.2639768, 40.8727215], [14.2640177, 40.8726606], [14.2640491, 40.8725646], [14.2640675, 40.8724875], [14.264059, 40.8723447], [14.2639428, 40.8721526], [14.2638575, 40.8720486], [14.2637381, 40.871934], [14.2633506, 40.8715897], [14.263316, 40.8715586], [14.2632768, 40.871501], [14.2632586, 40.8714265], [14.2632775, 40.87136], [14.2633245, 40.8712978], [14.2634228, 40.8712341], [14.2635313, 40.8712102], [14.2635484, 40.8712064], [14.2636571, 40.8711917], [14.2639303, 40.871183], [14.2640693, 40.8711907], [14.264262, 40.8712253], [14.2644207, 40.8712809], [14.2645549, 40.8713444], [14.2646878, 40.871416], [14.2648394, 40.8715282], [14.2649446, 40.8716487], [14.2649975, 40.8717771], [14.2649975, 40.8719157], [14.2649975, 40.8719329], [14.2649951, 40.8719501], [14.2649814, 40.872115], [14.2649907, 40.8721997], [14.2650235, 40.8722555], [14.265082, 40.8723082], [14.2651463, 40.8723417], [14.2652157, 40.8723638], [14.2653485, 40.8723912], [14.2654962, 40.8724481]], [[14.254672, 40.8694243], [14.2547152, 40.8695379], [14.2547675, 40.8696332], [14.2548157, 40.8696769]]]}}, {"type": "Feature", "properties": {"id": "SS-NAP-1815", "nome": "Via Porta San Gennaro", "quartiere": "", "classificazione": "blu", "score": 2, "note": "zona pedonale / living street", "ciclabile": "no", "n_corsie": "1", "senso_unico": "no", "n_testimonianze": "0", "zona": "B2"}, "geometry": {"type": "MultiLineString", "coordinates": [[[14.256008, 40.8553074], [14.2561144, 40.8551265]], [[14.2561144, 40.8551265], [14.2561456, 40.8550761]], [[14.2561456, 40.8550761], [14.2561598, 40.8550524]]]}}, {"type": "Feature", "properties": {"id": "SS-NAP-1823", "nome": "Via Praga Magica", "quartiere": "", "classificazione": "giallo", "score": 3, "note": "strada urbana senza ciclabile", "ciclabile": "no", "n_corsie": "2", "senso_unico": "no", "n_testimonianze": "0", "zona": "B2"}, "geometry": {"type": "MultiLineString", "coordinates": [[[14.2644809, 40.8990869], [14.2639297, 40.8986186], [14.2633911, 40.8981668]], [[14.2633911, 40.8981668], [14.2628866, 40.8977525]]]}}, {"type": "Feature", "properties": {"id": "SS-NAP-1824", "nome": "Via Prima Racconti di Pietroburgo", "quartiere": "", "classificazione": "giallo", "score": 3, "note": "strada urbana senza ciclabile", "ciclabile": "no", "n_corsie": "2", "senso_unico": "no", "n_testimonianze": "0", "zona": "B2"}, "geometry": {"type": "LineString", "coordinates": [[14.2642421, 40.9000852], [14.2636662, 40.8996124], [14.2631466, 40.8991532], [14.2626055, 40.8986936]]}}, {"type": "Feature", "properties": {"id": "SS-NAP-1825", "nome": "Via Primo Alfano", "quartiere": "", "classificazione": "giallo", "score": 3, "note": "strada urbana senza ciclabile", "ciclabile": "no", "n_corsie": "2", "senso_unico": "no", "n_testimonianze": "0", "zona": "B2"}, "geometry": {"type": "LineString", "coordinates": [[14.2751694, 40.886767], [14.2742569, 40.8872467], [14.2733376, 40.8877209], [14.2726998, 40.8880268]]}}, {"type": "Feature", "properties": {"id": "SS-NAP-1827", "nome": "Via Principe Umberto", "quartiere": "", "classificazione": "giallo", "score": 3, "note": "strada urbana senza ciclabile", "ciclabile": "no", "n_corsie": "2", "senso_unico": "si", "n_testimonianze": "0", "zona": "B2"}, "geometry": {"type": "LineString", "coordinates": [[14.2516573, 40.8843987], [14.2516896, 40.8844104], [14.251712, 40.8844245], [14.2517327, 40.8844431], [14.2518405, 40.8845586], [14.2519479, 40.8847781], [14.2519762, 40.8848322], [14.2520721, 40.8850055], [14.2521917, 40.8852146], [14.2522871, 40.8852681]]}}, {"type": "Feature", "properties": {"id": "SS-NAP-1828", "nome": "Via Principe di Napoli", "quartiere": "", "classificazione": "giallo", "score": 3, "note": "strada urbana senza ciclabile", "ciclabile": "no", "n_corsie": "2", "senso_unico": "no", "n_testimonianze": "0", "zona": "B2"}, "geometry": {"type": "MultiLineString", "coordinates": [[[14.3279978, 40.8566636], [14.3280268, 40.8567359]], [[14.3278479, 40.8609851], [14.3278383, 40.8609232], [14.3278277, 40.8607057], [14.3278397, 40.8605996], [14.3280923, 40.859653], [14.3281208, 40.8594522], [14.3281163, 40.8593388], [14.3281139, 40.8592814], [14.3279974, 40.8583549], [14.3279793, 40.8581779]], [[14.3280268, 40.8567359], [14.3280593, 40.8568261], [14.3280123, 40.8570799], [14.3279832, 40.8572716], [14.3279723, 40.8578349], [14.3279663, 40.8580621]]]}}, {"type": "Feature", "properties": {"id": "SS-NAP-1829", "nome": "Via Principe di Napoli a San Pietro a Patierno", "quartiere": "", "classificazione": "giallo", "score": 3, "note": "strada urbana senza ciclabile", "ciclabile": "no", "n_corsie": "2", "senso_unico": "no", "n_testimonianze": "0", "zona": "B2"}, "geometry": {"type": "LineString", "coordinates": [[14.2882195, 40.8919374], [14.2877968, 40.8917174], [14.2874183, 40.8915338], [14.2872694, 40.8914865], [14.2871304, 40.8914652], [14.2870058, 40.8914631], [14.286764, 40.891459], [14.2866948, 40.8914568], [14.2865511, 40.8914504], [14.2865189, 40.891449], [14.2859328, 40.8913596], [14.285685, 40.8912901], [14.2855604, 40.8912551], [14.2853677, 40.8911769], [14.2852279, 40.8911051], [14.2851464, 40.8910504], [14.2846985, 40.8908323]]}}, {"type": "Feature", "properties": {"id": "SS-NAP-1831", "nome": "Via Privata Anna Maffettone", "quartiere": "", "classificazione": "giallo", "score": 3, "note": "strada urbana senza ciclabile", "ciclabile": "no", "n_corsie": "2", "senso_unico": "no", "n_testimonianze": "0", "zona": "B2"}, "geometry": {"type": "LineString", "coordinates": [[14.2692546, 40.8922104], [14.269695, 40.8922749], [14.2702697, 40.8922289]]}}, {"type": "Feature", "properties": {"id": "SS-NAP-1832", "nome": "Via Privata Enrico Maffettone", "quartiere": "", "classificazione": "giallo", "score": 3, "note": "strada urbana senza ciclabile", "ciclabile": "no", "n_corsie": "2", "senso_unico": "no", "n_testimonianze": "0", "zona": "B2"}, "geometry": {"type": "LineString", "coordinates": [[14.2703468, 40.8929352], [14.2696484, 40.8929841], [14.2690277, 40.8926505]]}}, {"type": "Feature", "properties": {"id": "SS-NAP-1836", "nome": "Via Privata Raffaele Barbato", "quartiere": "", "classificazione": "giallo", "score": 3, "note": "strada urbana senza ciclabile", "ciclabile": "no", "n_corsie": "2", "senso_unico": "no", "n_testimonianze": "0", "zona": "B2"}, "geometry": {"type": "LineString", "coordinates": [[14.2514833, 40.9030162], [14.2504372, 40.9030243], [14.2502378, 40.9030176], [14.2501479, 40.9030164]]}}, {"type": "Feature", "properties": {"id": "SS-NAP-1837", "nome": "Via Privata Sacra", "quartiere": "", "classificazione": "giallo", "score": 3, "note": "strada urbana senza ciclabile", "ciclabile": "no", "n_corsie": "2", "senso_unico": "no", "n_testimonianze": "0", "zona": "B2"}, "geometry": {"type": "LineString", "coordinates": [[14.2573517, 40.8999955], [14.2573732, 40.8999711], [14.2584527, 40.8991757], [14.258508, 40.8991349]]}}, {"type": "Feature", "properties": {"id": "SS-NAP-1838", "nome": "Via Privata del Parco delle Mimose", "quartiere": "", "classificazione": "giallo", "score": 3, "note": "strada urbana senza ciclabile", "ciclabile": "no", "n_corsie": "2", "senso_unico": "no", "n_testimonianze": "0", "zona": "B2"}, "geometry": {"type": "LineString", "coordinates": [[14.2645238, 40.8953243], [14.2650495, 40.8955879], [14.2643058, 40.8964107]]}}, {"type": "Feature", "properties": {"id": "SS-NAP-1839", "nome": "Via Privata delle Stelle", "quartiere": "", "classificazione": "giallo", "score": 3, "note": "strada urbana senza ciclabile", "ciclabile": "no", "n_corsie": "2", "senso_unico": "no", "n_testimonianze": "0", "zona": "B2"}, "geometry": {"type": "LineString", "coordinates": [[14.2661702, 40.8903086], [14.2670569, 40.8900684]]}}, {"type": "Feature", "properties": {"id": "SS-NAP-1840", "nome": "Via Privata detta Maffettone", "quartiere": "", "classificazione": "giallo", "score": 3, "note": "strada urbana senza ciclabile", "ciclabile": "no", "n_corsie": "2", "senso_unico": "no", "n_testimonianze": "0", "zona": "B2"}, "geometry": {"type": "LineString", "coordinates": [[14.2666555, 40.8911613], [14.265664, 40.8906411]]}}, {"type": "Feature", "properties": {"id": "SS-NAP-1841", "nome": "Via Privata detta Ricc", "quartiere": "", "classificazione": "giallo", "score": 3, "note": "strada urbana senza ciclabile", "ciclabile": "no", "n_corsie": "2", "senso_unico": "no", "n_testimonianze": "0", "zona": "B2"}, "geometry": {"type": "LineString", "coordinates": [[14.2560238, 40.9002221], [14.2552065, 40.9001214], [14.2547347, 40.9000553], [14.2544823, 40.90002], [14.2542605, 40.9001901], [14.2536797, 40.8998328], [14.253637, 40.8998065]]}}, {"type": "Feature", "properties": {"id": "SS-NAP-1842", "nome": "Via Privata detta Scippa", "quartiere": "", "classificazione": "blu", "score": 2, "note": "zona pedonale / living street", "ciclabile": "no", "n_corsie": "1", "senso_unico": "no", "n_testimonianze": "0", "zona": "B2"}, "geometry": {"type": "MultiLineString", "coordinates": [[[14.2630244, 40.8884283], [14.2625277, 40.8881405]], [[14.2627513, 40.8866576], [14.2633037, 40.8869811], [14.2634136, 40.8870542]], [[14.2622764, 40.8883887], [14.2625277, 40.8881405], [14.2629504, 40.8877247], [14.2632234, 40.8874575], [14.2634075, 40.8872663]], [[14.2635503, 40.888079], [14.2629504, 40.8877247]], [[14.2634527, 40.8863995], [14.2639735, 40.8867046]], [[14.2639299, 40.8867466], [14.2639735, 40.8867046], [14.2642851, 40.8864348]], [[14.2634136, 40.8870542], [14.2635432, 40.8871398]], [[14.2634075, 40.8872663], [14.2635432, 40.8871398], [14.2639299, 40.8867466]]]}}, {"type": "Feature", "properties": {"id": "SS-NAP-1845", "nome": "Via Provinciale Botteghelle", "quartiere": "", "classificazione": "giallo", "score": 3, "note": "strada urbana senza ciclabile", "ciclabile": "no", "n_corsie": "2", "senso_unico": "si", "n_testimonianze": "0", "zona": "B2"}, "geometry": {"type": "MultiLineString", "coordinates": [[[14.308591, 40.8760323], [14.308653, 40.8760337], [14.3087011, 40.8760351], [14.3087356, 40.8760371], [14.3087617, 40.876039]], [[14.3087617, 40.876039], [14.3086229, 40.8760741]], [[14.3087617, 40.876039], [14.3089319, 40.8760611], [14.3089503, 40.8760614], [14.3094274, 40.8760613], [14.3099537, 40.876045], [14.3103664, 40.875997], [14.311153, 40.8758368], [14.3116294, 40.8757578], [14.3118052, 40.8757418], [14.3119683, 40.875745], [14.3121758, 40.8757578], [14.3123092, 40.8757578], [14.3124088, 40.8757242], [14.3124702, 40.8756393], [14.3125019, 40.8755208], [14.3124623, 40.8752949], [14.3122844, 40.8747743], [14.312298, 40.874583], [14.312346, 40.874412], [14.312453, 40.874258], [14.312612, 40.874133], [14.312815, 40.874032], [14.313012, 40.873968], [14.3133895, 40.8738653], [14.3135046, 40.873836], [14.3135529, 40.8737757], [14.3135721, 40.8737517], [14.3136683, 40.8736013]]]}}, {"type": "Feature", "properties": {"id": "SS-NAP-1846", "nome": "Via Provinciale Botteghelle di Portici", "quartiere": "", "classificazione": "giallo", "score": 3, "note": "strada urbana senza ciclabile", "ciclabile": "no", "n_corsie": "2", "senso_unico": "no", "n_testimonianze": "0", "zona": "B2"}, "geometry": {"type": "MultiLineString", "coordinates": [[[14.3273059, 40.8691306], [14.3274406, 40.869092], [14.3274766, 40.8690817], [14.3278081, 40.8690028], [14.3289399, 40.8687876], [14.3290182, 40.8687727], [14.3291441, 40.8687393], [14.3292766, 40.8686892], [14.3293703, 40.8686375], [14.329466, 40.8685479], [14.3297372, 40.8681594], [14.3297565, 40.8681269], [14.3297834, 40.8680712]], [[14.3290773, 40.8646554], [14.329069, 40.864588], [14.3290477, 40.8645042], [14.3290157, 40.8644017], [14.3289782, 40.8643127], [14.3288626, 40.8641061], [14.3288376, 40.8640586], [14.3286179, 40.8635795], [14.3285983, 40.8635278], [14.3285648, 40.8634396], [14.3284733, 40.8631688], [14.3283855, 40.8629092]], [[14.3297834, 40.8680712], [14.3298003, 40.8680356], [14.3298129, 40.8679899], [14.3298137, 40.8679418], [14.3298125, 40.8679319], [14.3297782, 40.8676489], [14.3297657, 40.8675885], [14.3296364, 40.8670226], [14.3295548, 40.8667569], [14.3295294, 40.8666405], [14.3294747, 40.8664222], [14.3294557, 40.8663464], [14.3294468, 40.8662422], [14.3293763, 40.8658005], [14.3292524, 40.8653379], [14.3290773, 40.8646554]], [[14.3283855, 40.8629092], [14.3283673, 40.8628554], [14.3283094, 40.8626721], [14.3282125, 40.8623654], [14.3281206, 40.8620238], [14.3280827, 40.8618329], [14.3280268, 40.8615512], [14.3280145, 40.861501], [14.3279155, 40.8611027], [14.3278967, 40.8610799], [14.3278554, 40.861007], [14.3278479, 40.8609851]], [[14.3279793, 40.8581779], [14.3279663, 40.8580621]]]}}, {"type": "Feature", "properties": {"id": "SS-NAP-1847", "nome": "Via Provinciale Madonnelle", "quartiere": "", "classificazione": "giallo", "score": 3, "note": "strada urbana senza ciclabile", "ciclabile": "no", "n_corsie": "2", "senso_unico": "no", "n_testimonianze": "0", "zona": "B2"}, "geometry": {"type": "MultiLineString", "coordinates": [[[14.3307275, 40.8689384], [14.3306111, 40.8688625]], [[14.3306111, 40.8688625], [14.3304837, 40.8687603], [14.3301463, 40.8684389], [14.3300991, 40.868394], [14.3300126, 40.8682909], [14.3299527, 40.8682039], [14.3299202, 40.8681718], [14.3297834, 40.8680712]], [[14.3346841, 40.8741727], [14.3345593, 40.8740783], [14.3344537, 40.8739694], [14.3343676, 40.8738504], [14.3342346, 40.8736357], [14.3341386, 40.8734173], [14.3340479, 40.8731819], [14.3340434, 40.8731565], [14.3339735, 40.8727641], [14.3339656, 40.8727296], [14.3339017, 40.8724491], [14.3338233, 40.8720691]], [[14.3338233, 40.8720691], [14.3338119, 40.8720422], [14.3337346, 40.8719128], [14.3336673, 40.8718158], [14.3336044, 40.8717329], [14.3335944, 40.8717201], [14.3335176, 40.8716193], [14.3334201, 40.8715116], [14.3330884, 40.8712056], [14.3328227, 40.8709606], [14.3325686, 40.870701], [14.3324272, 40.8705565], [14.3322976, 40.8704242], [14.3318494, 40.8699664], [14.331753, 40.8698679], [14.3317068, 40.8698235], [14.3310403, 40.8691828], [14.3309681, 40.8691264], [14.3307275, 40.8689384]]]}}, {"type": "Feature", "properties": {"id": "SS-NAP-1851", "nome": "Via Provinciale delle Brecce", "quartiere": "", "classificazione": "giallo", "score": 3, "note": "strada urbana senza ciclabile", "ciclabile": "no", "n_corsie": "2", "senso_unico": "no", "n_testimonianze": "0", "zona": "B2"}, "geometry": {"type": "MultiLineString", "coordinates": [[[14.3203498, 40.8627751], [14.3205872, 40.8627686], [14.3216386, 40.8626458], [14.3217557, 40.8626357], [14.3218755, 40.8626413], [14.3220465, 40.862668]], [[14.3176792, 40.8622274], [14.3178339, 40.8622169], [14.3179813, 40.8622168], [14.3180385, 40.8622175], [14.3182699, 40.8622205], [14.3186607, 40.8622616], [14.3190478, 40.8623024]], [[14.3041932, 40.8581959], [14.3044203, 40.8583296], [14.3045343, 40.8583615], [14.3090861, 40.8588722], [14.3091932, 40.8588951], [14.3093213, 40.8589377], [14.3094682, 40.8590407], [14.3095884, 40.8591668], [14.3097035, 40.859442], [14.309665, 40.8597224], [14.3095858, 40.8601448], [14.309431, 40.8608363], [14.309419, 40.8609393], [14.3094172, 40.8610254], [14.3094324, 40.8611365], [14.3094579, 40.8612045]], [[14.3194201, 40.8627641], [14.3190264, 40.8627268], [14.3189525, 40.8627114], [14.3188857, 40.8626899], [14.3179425, 40.8623491], [14.3176792, 40.8622274], [14.3171271, 40.862111], [14.3170467, 40.8620992], [14.3164834, 40.8620164], [14.3162545, 40.8619963], [14.316012, 40.8619882], [14.3158611, 40.8620002], [14.3154912, 40.8620334], [14.3153605, 40.8620375], [14.3152072, 40.8620173], [14.3150603, 40.8619753], [14.3138558, 40.8613855]], [[14.3263951, 40.8654522], [14.3264444, 40.8654734], [14.3265085, 40.8655052], [14.326533, 40.8655275], [14.3265589, 40.8655683], [14.3265737, 40.8656102], [14.3265802, 40.8660452], [14.3265937, 40.8661074], [14.3266192, 40.8661505]], [[14.3027269, 40.8532884], [14.3028675, 40.8533671], [14.302982, 40.8534268], [14.3033076, 40.8536196], [14.3035341, 40.8537856], [14.303704, 40.8539783], [14.3038314, 40.8542674], [14.3039022, 40.8545298], [14.3038951, 40.8547493], [14.3033501, 40.8575225], [14.3033784, 40.8576992], [14.3035624, 40.8578223], [14.3040579, 40.8581221]], [[14.3263951, 40.8654522], [14.3262472, 40.8654744]], [[14.3266192, 40.8661505], [14.3266569, 40.8661734], [14.3266967, 40.8661924], [14.3267562, 40.8662125], [14.3268158, 40.8662306], [14.3271106, 40.8663207], [14.3273231, 40.8663598], [14.3275986, 40.8663965], [14.3279493, 40.8664054], [14.3281996, 40.8664059], [14.3288273, 40.866377], [14.3293979, 40.8663492], [14.3294557, 40.8663464]], [[14.3262472, 40.8654744], [14.3261528, 40.865488], [14.3260499, 40.8654804], [14.3259195, 40.8654328], [14.3258864, 40.8654114], [14.3258089, 40.8653614], [14.3256207, 40.8652253], [14.3255911, 40.8652012], [14.3253843, 40.8649958], [14.3250689, 40.864683], [14.3250285, 40.8646439], [14.3247846, 40.8644083], [14.3246306, 40.8642595], [14.3243536, 40.8639977], [14.3237868, 40.863462], [14.3236185, 40.8633334], [14.3235357, 40.8632701], [14.3232906, 40.8631315], [14.3232328, 40.8630988], [14.3230915, 40.8630326], [14.3229058, 40.8629356], [14.3224932, 40.8627875], [14.3221945, 40.8626993], [14.3221156, 40.8626788], [14.3220465, 40.862668]], [[14.3261603, 40.8656944], [14.3259764, 40.8655296], [14.3259346, 40.8654823], [14.3258864, 40.8654114]]]}}, {"type": "Feature", "properties": {"id": "SS-NAP-1852", "nome": "Via Provinciale di Caserta", "quartiere": "", "classificazione": "rosso", "score": 4, "note": "strada secondaria trafficata", "ciclabile": "no", "n_corsie": "2", "senso_unico": "si", "n_testimonianze": "0", "zona": "B2"}, "geometry": {"type": "MultiLineString", "coordinates": [[[14.2854358, 40.8959829], [14.2837673, 40.8973525], [14.2836739, 40.8974292]], [[14.2757292, 40.886124], [14.2754315, 40.8857561]], [[14.2777713, 40.8888429], [14.2776627, 40.8886527], [14.2771312, 40.8880444], [14.2769949, 40.8878445], [14.2765486, 40.8871902], [14.2760209, 40.8864938], [14.2758586, 40.886288], [14.2757292, 40.886124]], [[14.2756905, 40.886023], [14.2757292, 40.886124]], [[14.2783543, 40.8902618], [14.2781267, 40.8898418], [14.2780968, 40.8897558], [14.2779766, 40.8893959], [14.2779055, 40.8891828], [14.2778255, 40.8889754], [14.2777713, 40.8888429]]]}}, {"type": "Feature", "properties": {"id": "SS-NAP-1854", "nome": "Via Purgatorio", "quartiere": "", "classificazione": "giallo", "score": 3, "note": "strada urbana senza ciclabile", "ciclabile": "no", "n_corsie": "2", "senso_unico": "si", "n_testimonianze": "0", "zona": "B2"}, "geometry": {"type": "MultiLineString", "coordinates": [[[14.3318257, 40.854306], [14.3317726, 40.8542892], [14.3317579, 40.8542782], [14.331747, 40.8542584], [14.3317258, 40.8541525], [14.331707, 40.8539675], [14.3316851, 40.8538547], [14.3316247, 40.8535427], [14.3315885, 40.8533701], [14.331502, 40.8530941], [14.3314013, 40.8526122]], [[14.3320086, 40.8512446], [14.3319063, 40.8513699], [14.3318794, 40.8513973], [14.3317442, 40.8514894], [14.3317044, 40.8515221], [14.3316534, 40.8515761], [14.331445, 40.8518548], [14.3314349, 40.8518742], [14.3313243, 40.8520881], [14.3313082, 40.8521733], [14.3313243, 40.852291], [14.3314013, 40.8526122]]]}}, {"type": "Feature", "properties": {"id": "SS-NAP-1856", "nome": "Via Raffaele Angiulli", "quartiere": "", "classificazione": "giallo", "score": 3, "note": "strada urbana senza ciclabile", "ciclabile": "no", "n_corsie": "2", "senso_unico": "no", "n_testimonianze": "0", "zona": "B2"}, "geometry": {"type": "LineString", "coordinates": [[14.2571727, 40.8920107], [14.2575665, 40.8919169], [14.2579395, 40.8918256], [14.257996, 40.8918088], [14.2580588, 40.8917826], [14.2585203, 40.8915352], [14.2593436, 40.891074], [14.259682, 40.8908712]]}}, {"type": "Feature", "properties": {"id": "SS-NAP-1863", "nome": "Via Raffaele Mattioli", "quartiere": "", "classificazione": "giallo", "score": 3, "note": "strada urbana senza ciclabile", "ciclabile": "no", "n_corsie": "2", "senso_unico": "no", "n_testimonianze": "0", "zona": "B2"}, "geometry": {"type": "MultiLineString", "coordinates": [[[14.3424046, 40.85439], [14.3423784, 40.8544351], [14.3423406, 40.8544997], [14.3421225, 40.8548748], [14.3410937, 40.8544983]], [[14.3394735, 40.8542427], [14.3396174, 40.8542276], [14.3397364, 40.8542168], [14.339858, 40.8542098], [14.3399376, 40.8542066], [14.3399714, 40.8542053], [14.3400261, 40.8542046], [14.3400849, 40.8542073], [14.340147, 40.854213], [14.3402394, 40.8542287], [14.3404153, 40.8542656], [14.3406166, 40.8543289], [14.3410937, 40.8544983]]]}}, {"type": "Feature", "properties": {"id": "SS-NAP-1874", "nome": "Via Regina Margherita", "quartiere": "", "classificazione": "giallo", "score": 3, "note": "strada urbana senza ciclabile", "ciclabile": "no", "n_corsie": "2", "senso_unico": "no", "n_testimonianze": "0", "zona": "B2"}, "geometry": {"type": "MultiLineString", "coordinates": [[[14.2560007, 40.8875921], [14.2560556, 40.8876365], [14.256095, 40.8876806], [14.2561508, 40.8877654], [14.2562013, 40.8878601], [14.2562794, 40.8880138], [14.2563866, 40.8882369]], [[14.2563866, 40.8882369], [14.2564421, 40.8883354], [14.2564958, 40.8884156], [14.2565853, 40.8885076], [14.2568392, 40.8887125], [14.2575768, 40.8892715]], [[14.2588935, 40.8902749], [14.259682, 40.8908712], [14.2598632, 40.8910042], [14.2601235, 40.8912067], [14.2612973, 40.8920802], [14.2613257, 40.8921019], [14.2614822, 40.8922131]], [[14.2578658, 40.8894905], [14.258308, 40.8898256], [14.2588935, 40.8902749]], [[14.2575768, 40.8892715], [14.2577506, 40.8894032], [14.2578658, 40.8894905]]]}}, {"type": "Feature", "properties": {"id": "SS-NAP-1883", "nome": "Via Rimini", "quartiere": "", "classificazione": "giallo", "score": 3, "note": "strada urbana senza ciclabile", "ciclabile": "no", "n_corsie": "2", "senso_unico": "si", "n_testimonianze": "0", "zona": "B2"}, "geometry": {"type": "LineString", "coordinates": [[14.2760574, 40.8567737], [14.2758551, 40.8568971], [14.2751738, 40.8573131], [14.275127, 40.8573416], [14.2743929, 40.8577887], [14.2742853, 40.8578541]]}}, {"type": "Feature", "properties": {"id": "SS-NAP-1887", "nome": "Via Roberto Marcolongo", "quartiere": "", "classificazione": "giallo", "score": 3, "note": "strada urbana senza ciclabile", "ciclabile": "no", "n_corsie": "2", "senso_unico": "no", "n_testimonianze": "0", "zona": "B2"}, "geometry": {"type": "MultiLineString", "coordinates": [[[14.2686275, 40.8917355], [14.2693403, 40.891902]], [[14.2680244, 40.8937348], [14.2685421, 40.8931562]], [[14.2685421, 40.8931562], [14.2690166, 40.8926734], [14.2690277, 40.8926505], [14.2692546, 40.8922104], [14.2693403, 40.891902], [14.2694805, 40.891391]]]}}, {"type": "Feature", "properties": {"id": "SS-NAP-1889", "nome": "Via Roberto Savarese", "quartiere": "", "classificazione": "giallo", "score": 3, "note": "strada urbana senza ciclabile", "ciclabile": "no", "n_corsie": "2", "senso_unico": "si", "n_testimonianze": "0", "zona": "B2"}, "geometry": {"type": "MultiLineString", "coordinates": [[[14.2461597, 40.8569025], [14.2460633, 40.8574806]], [[14.2461597, 40.8569025], [14.2462371, 40.8565002]], [[14.2462371, 40.8565002], [14.2463297, 40.8559593]]]}}, {"type": "Feature", "properties": {"id": "SS-NAP-1898", "nome": "Via Roma verso Scampia", "quartiere": "", "classificazione": "rosso", "score": 4, "note": "strada principale trafficata", "ciclabile": "no", "n_corsie": "2", "senso_unico": "si", "n_testimonianze": "0", "zona": "B2"}, "geometry": {"type": "MultiLineString", "coordinates": [[[14.2562582, 40.8972263], [14.2561996, 40.8973301], [14.2561185, 40.8974087], [14.2552031, 40.8982957], [14.2550163, 40.8984748], [14.2545858, 40.8988986]], [[14.2448603, 40.9078256], [14.2448047, 40.9078753]], [[14.2465844, 40.9061434], [14.2471142, 40.9056607], [14.2492758, 40.9036911], [14.2496429, 40.9033567], [14.2496908, 40.903313], [14.2504744, 40.902599], [14.2505995, 40.9024295], [14.2507469, 40.9021926]], [[14.2540097, 40.9004334], [14.2542605, 40.9001901]], [[14.2476531, 40.9059718], [14.2471817, 40.905704]], [[14.2403698, 40.9118011], [14.2404175, 40.9117277], [14.2404401, 40.9116897], [14.2434445, 40.9089904]], [[14.2508647, 40.9020281], [14.2509228, 40.9019504], [14.2512501, 40.9016463]], [[14.2507469, 40.9021926], [14.2507722, 40.9021519], [14.2508198, 40.9020881], [14.2508647, 40.9020281]], [[14.2510327, 40.9022071], [14.2505638, 40.9026395], [14.2501479, 40.9030164], [14.2497955, 40.9033357], [14.2490198, 40.9040385], [14.2471817, 40.905704], [14.2466517, 40.9061842]], [[14.2545858, 40.8988986], [14.2544381, 40.8990428], [14.2542345, 40.8992417], [14.2541728, 40.8993], [14.2536488, 40.8997954], [14.253637, 40.8998065], [14.2532216, 40.9001991], [14.2529328, 40.9004624], [14.2522203, 40.901112], [14.2517806, 40.9015174]], [[14.254953, 40.8984293], [14.2560559, 40.8973743], [14.256116, 40.8973168], [14.2562582, 40.8972263]], [[14.2512501, 40.9016463], [14.2514975, 40.9014261], [14.2516448, 40.9013488]], [[14.2516448, 40.9013488], [14.2519554, 40.9012073], [14.2521197, 40.9010743], [14.2528435, 40.9004134], [14.2535732, 40.8997471]], [[14.2517806, 40.9015174], [14.2517184, 40.9015748], [14.251667, 40.9016222], [14.2510687, 40.9021739], [14.2510327, 40.9022071]], [[14.2445594, 40.9079887], [14.2447926, 40.9077921]], [[14.2448047, 40.9078753], [14.2444166, 40.9082203], [14.2440402, 40.9085549], [14.2437107, 40.9088478], [14.2436188, 40.9089297], [14.2435064, 40.90903], [14.2433417, 40.9091758], [14.2428981, 40.9095775], [14.2405054, 40.9117272], [14.2404566, 40.911753], [14.2403698, 40.9118011]], [[14.2396999, 40.9124221], [14.2402901, 40.911875], [14.2403698, 40.9118011]], [[14.2466517, 40.9061842], [14.2454653, 40.9072593], [14.2451733, 40.9075238], [14.2449474, 40.9077432], [14.2449085, 40.907781], [14.2448603, 40.9078256]], [[14.2434445, 40.9089904], [14.2435545, 40.9088916], [14.2443484, 40.9081782], [14.2445594, 40.9079887]], [[14.2447926, 40.9077921], [14.2448833, 40.9077035], [14.2450404, 40.9075501], [14.2454028, 40.9072199], [14.2465844, 40.9061434]], [[14.2535732, 40.8997471], [14.2543601, 40.8989956], [14.2545068, 40.8988555], [14.254953, 40.8984293]]]}}, {"type": "Feature", "properties": {"id": "SS-NAP-1902", "nome": "Via Rosa dei Venti", "quartiere": "", "classificazione": "giallo", "score": 3, "note": "strada urbana senza ciclabile", "ciclabile": "no", "n_corsie": "2", "senso_unico": "no", "n_testimonianze": "0", "zona": "B2"}, "geometry": {"type": "LineString", "coordinates": [[14.3020218, 40.8764443], [14.3020752, 40.8765062], [14.3022489, 40.8765975], [14.3023038, 40.8766253], [14.3035002, 40.8772308], [14.3037733, 40.8776368], [14.3040567, 40.8780519], [14.3043615, 40.87849], [14.304599, 40.878695], [14.3054902, 40.8793909], [14.3056461, 40.8794651], [14.3060211, 40.8795236], [14.3064181, 40.8795845], [14.3065341, 40.8795952], [14.3066462, 40.8795962], [14.3068539, 40.8796893], [14.3069004, 40.8797264], [14.3069098, 40.8797468]]}}, {"type": "Feature", "properties": {"id": "SS-NAP-1905", "nome": "Via Rubeo", "quartiere": "", "classificazione": "giallo", "score": 3, "note": "strada urbana senza ciclabile", "ciclabile": "no", "n_corsie": "2", "senso_unico": "si", "n_testimonianze": "0", "zona": "B2"}, "geometry": {"type": "MultiLineString", "coordinates": [[[14.2881102, 40.8928872], [14.2875525, 40.8934869]], [[14.2876137, 40.8935283], [14.2874579, 40.8938386]]]}}, {"type": "Feature", "properties": {"id": "SS-NAP-1911", "nome": "Via S. Eframo Vecchio", "quartiere": "", "classificazione": "giallo", "score": 3, "note": "strada urbana senza ciclabile", "ciclabile": "no", "n_corsie": "2", "senso_unico": "si", "n_testimonianze": "0", "zona": "B2"}, "geometry": {"type": "LineString", "coordinates": [[14.2683416, 40.86482], [14.2682446, 40.8648413], [14.2677234, 40.8649558], [14.2667355, 40.8651914], [14.2666692, 40.865163], [14.2665987, 40.8651333]]}}, {"type": "Feature", "properties": {"id": "SS-NAP-1920", "nome": "Via Salvatore Gambardella", "quartiere": "", "classificazione": "giallo", "score": 3, "note": "strada urbana senza ciclabile", "ciclabile": "no", "n_corsie": "2", "senso_unico": "no", "n_testimonianze": "0", "zona": "B2"}, "geometry": {"type": "LineString", "coordinates": [[14.2574533, 40.8902252], [14.2573755, 40.8901296], [14.2573661, 40.890124], [14.2573582, 40.8901222], [14.2573478, 40.8901217], [14.2573364, 40.890124], [14.2568571, 40.89033], [14.2567538, 40.8903788], [14.2564587, 40.8904983]]}}, {"type": "Feature", "properties": {"id": "SS-NAP-1921", "nome": "Via Salvatore Girardi", "quartiere": "", "classificazione": "giallo", "score": 3, "note": "strada urbana senza ciclabile", "ciclabile": "no", "n_corsie": "2", "senso_unico": "no", "n_testimonianze": "0", "zona": "B2"}, "geometry": {"type": "MultiLineString", "coordinates": [[[14.258804, 40.8919006], [14.2585203, 40.8915352]], [[14.2600161, 40.8935883], [14.2599722, 40.8935629], [14.2596094, 40.8933534], [14.2595585, 40.8933149], [14.259506, 40.8932623], [14.2593478, 40.8930861], [14.2593173, 40.8930388], [14.2592895, 40.892982], [14.258999, 40.8922126], [14.2589548, 40.8921115], [14.258804, 40.8919006]]]}}, {"type": "Feature", "properties": {"id": "SS-NAP-1922", "nome": "Via Salvatore Morelli", "quartiere": "", "classificazione": "giallo", "score": 3, "note": "strada urbana senza ciclabile (1 corsie)", "ciclabile": "no", "n_corsie": "1", "senso_unico": "si", "n_testimonianze": "0", "zona": "B2"}, "geometry": {"type": "LineString", "coordinates": [[14.2492423, 40.8861736], [14.2497289, 40.8859154], [14.2499882, 40.8857695], [14.2502678, 40.8856361], [14.2504117, 40.8856011], [14.2505143, 40.8855845], [14.2506294, 40.8855734], [14.2507299, 40.8855709], [14.2510012, 40.8855802], [14.2511847, 40.8855583], [14.2514658, 40.8854909], [14.2515747, 40.8854634], [14.2518812, 40.8853723], [14.2521055, 40.8853046], [14.2522871, 40.8852681]]}}, {"type": "Feature", "properties": {"id": "SS-NAP-1926", "nome": "Via Salve D'Esposito", "quartiere": "", "classificazione": "giallo", "score": 3, "note": "strada urbana senza ciclabile", "ciclabile": "no", "n_corsie": "2", "senso_unico": "no", "n_testimonianze": "0", "zona": "B2"}, "geometry": {"type": "LineString", "coordinates": [[14.2702297, 40.8726348], [14.2702542, 40.8726252], [14.2713125, 40.8722123]]}}, {"type": "Feature", "properties": {"id": "SS-NAP-1928", "nome": "Via Sambuco", "quartiere": "", "classificazione": "giallo", "score": 3, "note": "strada urbana senza ciclabile", "ciclabile": "no", "n_corsie": "2", "senso_unico": "si", "n_testimonianze": "0", "zona": "B2"}, "geometry": {"type": "LineString", "coordinates": [[14.3437223, 40.8696123], [14.3437364, 40.8694355], [14.3437542, 40.8693871], [14.3440021, 40.8691379], [14.3441478, 40.8689916], [14.3442787, 40.8688943], [14.3443773, 40.8688565], [14.3444634, 40.8688309]]}}, {"type": "Feature", "properties": {"id": "SS-NAP-1940", "nome": "Via San Francesco a San Lorenzo", "quartiere": "", "classificazione": "giallo", "score": 3, "note": "strada urbana senza ciclabile", "ciclabile": "no", "n_corsie": "2", "senso_unico": "no", "n_testimonianze": "0", "zona": "B2"}, "geometry": {"type": "MultiLineString", "coordinates": [[[14.2641666, 40.8891187], [14.2640329, 40.8892549], [14.2640244, 40.8893224], [14.2639778, 40.8893957], [14.263927, 40.8894509]], [[14.2613536, 40.8877776], [14.2618142, 40.8880841], [14.2622764, 40.8883887], [14.2628492, 40.8887837], [14.2629437, 40.8888517], [14.2632264, 40.8890298], [14.263927, 40.8894509], [14.2641131, 40.8895577], [14.2641638, 40.8895868]]]}}, {"type": "Feature", "properties": {"id": "SS-NAP-1941", "nome": "Via San Francesco d'Assisi", "quartiere": "", "classificazione": "giallo", "score": 3, "note": "strada urbana senza ciclabile", "ciclabile": "no", "n_corsie": "2", "senso_unico": "si", "n_testimonianze": "0", "zona": "B2"}, "geometry": {"type": "MultiLineString", "coordinates": [[[14.2551457, 40.8876857], [14.2551574, 40.8876523], [14.255163, 40.8876205], [14.2551535, 40.8875841], [14.2551257, 40.8875395], [14.2545815, 40.8867721], [14.2544678, 40.88661], [14.2543852, 40.8864751], [14.254327, 40.8863605], [14.2542749, 40.8862479], [14.2542606, 40.8862098], [14.2542523, 40.8861694], [14.2542595, 40.8861244]], [[14.2533379, 40.8857433], [14.2534085, 40.8857766], [14.2536308, 40.8858778], [14.2538212, 40.8859725], [14.2538871, 40.8860138], [14.2540251, 40.8861157], [14.2540637, 40.8861393], [14.2541062, 40.8861506], [14.2541461, 40.8861497], [14.2541813, 40.886144], [14.2542595, 40.8861244]]]}}, {"type": "Feature", "properties": {"id": "SS-NAP-1942", "nome": "Via San Francesco de Geronimo", "quartiere": "", "classificazione": "giallo", "score": 3, "note": "strada urbana senza ciclabile", "ciclabile": "no", "n_corsie": "2", "senso_unico": "si", "n_testimonianze": "0", "zona": "B2"}, "geometry": {"type": "LineString", "coordinates": [[14.2649304, 40.859788], [14.2649904, 40.8598078], [14.2657228, 40.8600488], [14.2659378, 40.8601196], [14.2660216, 40.8601472]]}}, {"type": "Feature", "properties": {"id": "SS-NAP-1945", "nome": "Via San Gennaro dei Poveri", "quartiere": "", "classificazione": "giallo", "score": 3, "note": "strada urbana senza ciclabile", "ciclabile": "no", "n_corsie": "2", "senso_unico": "no", "n_testimonianze": "0", "zona": "B2"}, "geometry": {"type": "MultiLineString", "coordinates": [[[14.2457356, 40.8618212], [14.2457926, 40.8618055], [14.2461929, 40.861695], [14.2462999, 40.8616646], [14.2463911, 40.8616726], [14.246591, 40.8616801], [14.246605, 40.8616801], [14.2466175, 40.8616743], [14.2467392, 40.8615787]], [[14.2464721, 40.8646417], [14.2463291, 40.8648363], [14.2461937, 40.8649705], [14.2460303, 40.8650199], [14.2457641, 40.8650799], [14.2456286, 40.8651541], [14.2454979, 40.8651859], [14.2452784, 40.8651718], [14.2450636, 40.8651294], [14.2449632, 40.8650852], [14.2448511, 40.8650111], [14.2447647, 40.8649528], [14.244676, 40.8649669], [14.2446573, 40.8650234], [14.244718, 40.8651082], [14.2450239, 40.8653307]], [[14.2467392, 40.8615787], [14.2469941, 40.8614047], [14.2471452, 40.8613385], [14.2475291, 40.8612186], [14.2476174, 40.8611893], [14.2477415, 40.8611392], [14.2477877, 40.8611166], [14.2478233, 40.8610938], [14.2478705, 40.8610384], [14.2479241, 40.860953], [14.2479473, 40.8608991], [14.2479706, 40.8608278], [14.247968, 40.8607601], [14.2479556, 40.8607043], [14.2479238, 40.8606217], [14.2478929, 40.860573], [14.2478552, 40.8605195], [14.2477812, 40.8604544], [14.2476001, 40.8603443], [14.2474127, 40.8602733]]]}}, {"type": "Feature", "properties": {"id": "SS-NAP-1949", "nome": "Via San Giovanni De Matha", "quartiere": "", "classificazione": "giallo", "score": 3, "note": "strada urbana senza ciclabile", "ciclabile": "no", "n_corsie": "2", "senso_unico": "no", "n_testimonianze": "0", "zona": "B2"}, "geometry": {"type": "LineString", "coordinates": [[14.2754417, 40.8657947], [14.275535, 40.8658044], [14.2756314, 40.8658145], [14.2761183, 40.8658703], [14.2768343, 40.8659524], [14.2768847, 40.8659511], [14.276909, 40.8659487], [14.2769279, 40.8659469], [14.2774641, 40.8658576], [14.2776276, 40.8658304], [14.2780727, 40.8657563], [14.2807096, 40.865327]]}}, {"type": "Feature", "properties": {"id": "SS-NAP-1953", "nome": "Via San Giovanni in Porta", "quartiere": "", "classificazione": "giallo", "score": 3, "note": "strada urbana senza ciclabile", "ciclabile": "no", "n_corsie": "2", "senso_unico": "si", "n_testimonianze": "0", "zona": "B2"}, "geometry": {"type": "LineString", "coordinates": [[14.2562869, 40.8544029], [14.2563319, 40.8543046], [14.256381, 40.8542011], [14.2564714, 40.8540547], [14.2565039, 40.8540014], [14.2566537, 40.8537455], [14.2567096, 40.8536416], [14.2570293, 40.8530929], [14.2570052, 40.8530495], [14.2571169, 40.85284]]}}, {"type": "Feature", "properties": {"id": "SS-NAP-1958", "nome": "Via San Lazzaro", "quartiere": "", "classificazione": "rosso", "score": 4, "note": "strada secondaria trafficata", "ciclabile": "no", "n_corsie": "2", "senso_unico": "no", "n_testimonianze": "0", "zona": "B2"}, "geometry": {"type": "MultiLineString", "coordinates": [[[14.2873674, 40.8658167], [14.2873688, 40.8658576], [14.2873899, 40.8658842], [14.2874282, 40.8659041], [14.2886679, 40.8662971]], [[14.2879192, 40.8650614], [14.2878501, 40.8650918], [14.2878296, 40.8651009]], [[14.2878296, 40.8651009], [14.2878062, 40.8651112], [14.2877493, 40.8651362]], [[14.2877493, 40.8651362], [14.2877289, 40.8651701], [14.2873674, 40.8658167]]]}}, {"type": "Feature", "properties": {"id": "SS-NAP-1960", "nome": "Via San Lorenzo da Brindisi", "quartiere": "", "classificazione": "giallo", "score": 3, "note": "strada urbana senza ciclabile", "ciclabile": "no", "n_corsie": "2", "senso_unico": "si", "n_testimonianze": "0", "zona": "B2"}, "geometry": {"type": "LineString", "coordinates": [[14.2456793, 40.8544385], [14.2458521, 40.8542797], [14.2459491, 40.8541886], [14.2460519, 40.8540974], [14.2461591, 40.8539922], [14.2462114, 40.8539028], [14.2462199, 40.8538262], [14.2461844, 40.8537139], [14.2461001, 40.8535377], [14.2460359, 40.8534024], [14.246039, 40.8533735], [14.2460427, 40.8533386], [14.2461132, 40.8532546]]}}, {"type": "Feature", "properties": {"id": "SS-NAP-1964", "nome": "Via San Michele", "quartiere": "", "classificazione": "giallo", "score": 3, "note": "strada urbana senza ciclabile", "ciclabile": "no", "n_corsie": "2", "senso_unico": "si", "n_testimonianze": "0", "zona": "B2"}, "geometry": {"type": "LineString", "coordinates": [[14.333627, 40.8605613], [14.333656, 40.8605263], [14.3339633, 40.8601824], [14.3345591, 40.8594674], [14.3345969, 40.8593981], [14.3346037, 40.8593676], [14.334609, 40.8593403], [14.3346068, 40.8593082], [14.3345938, 40.8592715], [14.3345081, 40.8590669], [14.3344893, 40.858938], [14.3344941, 40.8589009], [14.3345416, 40.8588011], [14.3349632, 40.8583555], [14.3350143, 40.8582815], [14.3350245, 40.8582367], [14.3350208, 40.8581784], [14.3350149, 40.8581532], [14.3350009, 40.8581351], [14.3349808, 40.8581201], [14.3348174, 40.8580329], [14.3346977, 40.8579863], [14.3343498, 40.8579268], [14.3341957, 40.857919]]}}, {"type": "Feature", "properties": {"id": "SS-NAP-1965", "nome": "Via San Nicandro", "quartiere": "", "classificazione": "giallo", "score": 3, "note": "strada urbana senza ciclabile", "ciclabile": "no", "n_corsie": "2", "senso_unico": "si", "n_testimonianze": "0", "zona": "B2"}, "geometry": {"type": "MultiLineString", "coordinates": [[[14.2529983, 40.8573868], [14.2528788, 40.8568513]], [[14.2528788, 40.8568513], [14.2527517, 40.8563345], [14.2527423, 40.8563133]], [[14.2527423, 40.8563133], [14.2524292, 40.8556844]]]}}, {"type": "Feature", "properties": {"id": "SS-NAP-1970", "nome": "Via San Pietro", "quartiere": "", "classificazione": "giallo", "score": 3, "note": "strada urbana senza ciclabile", "ciclabile": "no", "n_corsie": "2", "senso_unico": "no", "n_testimonianze": "0", "zona": "B2"}, "geometry": {"type": "LineString", "coordinates": [[14.2862307, 40.8957889], [14.2863012, 40.8961794], [14.2864278, 40.8966656], [14.286692, 40.8973012], [14.2869679, 40.8981117], [14.2871171, 40.8985009]]}}, {"type": "Feature", "properties": {"id": "SS-NAP-1975", "nome": "Via San Severo Capodimonte", "quartiere": "", "classificazione": "giallo", "score": 3, "note": "strada urbana senza ciclabile", "ciclabile": "no", "n_corsie": "2", "senso_unico": "si", "n_testimonianze": "0", "zona": "B2"}, "geometry": {"type": "LineString", "coordinates": [[14.2520909, 40.8605313], [14.2517029, 40.8606213], [14.2514467, 40.8606715], [14.2512736, 40.8605913], [14.25098, 40.8604552], [14.2506816, 40.8603169], [14.250584, 40.8602717], [14.2502975, 40.8601197], [14.2502304, 40.8600841], [14.2501834, 40.8600613], [14.2499203, 40.8599335], [14.2498818, 40.8599148], [14.2495438, 40.8598342]]}}, {"type": "Feature", "properties": {"id": "SS-NAP-1976", "nome": "Via San Vincenzo", "quartiere": "", "classificazione": "giallo", "score": 3, "note": "strada urbana senza ciclabile", "ciclabile": "no", "n_corsie": "2", "senso_unico": "no", "n_testimonianze": "0", "zona": "B2"}, "geometry": {"type": "MultiLineString", "coordinates": [[[14.2474127, 40.8602733], [14.2474243, 40.8601864], [14.2474541, 40.8600577], [14.2476432, 40.8598002], [14.2480079, 40.8592822], [14.2480129, 40.8592751], [14.2480356, 40.8592297]], [[14.2438167, 40.8613511], [14.2440374, 40.8613593], [14.2442734, 40.8613998], [14.2445846, 40.8614729], [14.2447455, 40.8615053], [14.2449386, 40.8615053], [14.2451425, 40.8614607], [14.2452491, 40.8614123], [14.2453571, 40.8613633], [14.245736, 40.861137], [14.2460019, 40.8609497], [14.2464069, 40.8606646], [14.2464286, 40.860655], [14.2464777, 40.8606332], [14.246655, 40.8605546], [14.2467256, 40.860533], [14.2473355, 40.8603925], [14.2473798, 40.8603739], [14.2473942, 40.8603465], [14.2474127, 40.8602733]]]}}, {"type": "Feature", "properties": {"id": "SS-NAP-1979", "nome": "Via Sanità", "quartiere": "", "classificazione": "giallo", "score": 3, "note": "strada urbana senza ciclabile", "ciclabile": "no", "n_corsie": "2", "senso_unico": "no", "n_testimonianze": "0", "zona": "B2"}, "geometry": {"type": "MultiLineString", "coordinates": [[[14.2504683, 40.8596368], [14.2505403, 40.8595425], [14.2505914, 40.8595174], [14.250477, 40.8593759]], [[14.2501834, 40.8600613], [14.2503322, 40.8598338], [14.2504683, 40.8596368]], [[14.250477, 40.8593759], [14.2506415, 40.8592369], [14.2508608, 40.8590668], [14.2510952, 40.8588265], [14.2511849, 40.8586864], [14.2513168, 40.858389], [14.2514482, 40.8580855], [14.2515209, 40.8579419], [14.2517027, 40.8575826], [14.2517181, 40.8575667], [14.2517475, 40.8575525], [14.2517839, 40.8575477]], [[14.2495678, 40.8594126], [14.2497289, 40.8594302], [14.2499167, 40.8594451], [14.2501398, 40.8594487], [14.2502309, 40.8594404], [14.2503203, 40.8594228], [14.250477, 40.8593759]], [[14.2469733, 40.8589885], [14.2471897, 40.8590123], [14.2473517, 40.8590328], [14.2474693, 40.8590488]], [[14.2479276, 40.8592021], [14.2475511, 40.8591235], [14.2475164, 40.8591123], [14.2474928, 40.8591015], [14.2474761, 40.8590869], [14.2474676, 40.8590712], [14.2474661, 40.8590595], [14.2474693, 40.8590488]]]}}, {"type": "Feature", "properties": {"id": "SS-NAP-1982", "nome": "Via Sant'Alfonso Maria de' Liguori", "quartiere": "", "classificazione": "giallo", "score": 3, "note": "strada urbana senza ciclabile", "ciclabile": "no", "n_corsie": "2", "senso_unico": "no", "n_testimonianze": "0", "zona": "B2"}, "geometry": {"type": "LineString", "coordinates": [[14.2704356, 40.8603084], [14.2703771, 40.8603446], [14.2703058, 40.8603898], [14.2701826, 40.8604672], [14.2699022, 40.8606464], [14.269504, 40.8609008], [14.2690227, 40.8612085], [14.26885, 40.8613188], [14.2685521, 40.8615093], [14.2680985, 40.8617991], [14.2678168, 40.8619794], [14.267623, 40.862103], [14.2675492, 40.8621501], [14.2672065, 40.8623691], [14.2669857, 40.8625103], [14.2667829, 40.8626242]]}}, {"type": "Feature", "properties": {"id": "SS-NAP-1983", "nome": "Via Sant'Andrea Avellino", "quartiere": "", "classificazione": "giallo", "score": 3, "note": "strada urbana senza ciclabile", "ciclabile": "no", "n_corsie": "2", "senso_unico": "si", "n_testimonianze": "0", "zona": "B2"}, "geometry": {"type": "LineString", "coordinates": [[14.2758436, 40.8875229], [14.2758309, 40.8875087], [14.2751694, 40.886767], [14.2744445, 40.8859897], [14.2737591, 40.8852087], [14.2732998, 40.8847159], [14.2731694, 40.884592]]}}, {"type": "Feature", "properties": {"id": "SS-NAP-1986", "nome": "Via Sant'Antonio Abate", "quartiere": "", "classificazione": "giallo", "score": 3, "note": "strada urbana senza ciclabile", "ciclabile": "no", "n_corsie": "2", "senso_unico": "no", "n_testimonianze": "0", "zona": "B2"}, "geometry": {"type": "MultiLineString", "coordinates": [[[14.2656399, 40.8559372], [14.2656826, 40.8561566], [14.2656928, 40.8562091], [14.2657008, 40.8564158], [14.2656985, 40.8566294], [14.2656918, 40.8567958], [14.265691, 40.8568163], [14.2656888, 40.8568369], [14.2656562, 40.8571378], [14.2656384, 40.857287], [14.2656245, 40.8574076], [14.2656059, 40.8575222], [14.2655805, 40.8576937], [14.2655409, 40.8579333], [14.2655055, 40.858093], [14.2653022, 40.8585838], [14.2652954, 40.8586001]], [[14.2652954, 40.8586001], [14.2650747, 40.8591501], [14.2649547, 40.8594758], [14.2649434, 40.8595129], [14.2649389, 40.8595568], [14.2649354, 40.8596144], [14.2649304, 40.859788], [14.2649152, 40.8601199], [14.2649195, 40.8602119], [14.2649466, 40.8603257], [14.264977, 40.8604257], [14.2650179, 40.8605498], [14.265064, 40.8606871], [14.2651828, 40.8609894], [14.2652414, 40.8611167], [14.2652628, 40.8611577], [14.2653439, 40.8613134]], [[14.2653439, 40.8613134], [14.2654001, 40.8614073]], [[14.2656291, 40.8616759], [14.2654001, 40.8614073]], [[14.2662299, 40.8622847], [14.2658634, 40.8619543], [14.2656981, 40.861798], [14.2656291, 40.8616759]]]}}, {"type": "Feature", "properties": {"id": "SS-NAP-1987", "nome": "Via Sant'Antonio a Capodimonte", "quartiere": "", "classificazione": "giallo", "score": 3, "note": "strada urbana senza ciclabile", "ciclabile": "no", "n_corsie": "2", "senso_unico": "no", "n_testimonianze": "0", "zona": "B2"}, "geometry": {"type": "MultiLineString", "coordinates": [[[14.2542082, 40.8646619], [14.2541346, 40.8647083], [14.2539504, 40.8648391], [14.2538953, 40.8648787], [14.2538429, 40.8649183], [14.2537859, 40.8649618], [14.2537315, 40.8650053], [14.2533774, 40.8652921], [14.2533573, 40.8653084], [14.2533416, 40.8653144], [14.2533299, 40.8653155], [14.2533177, 40.8653132]], [[14.2533177, 40.8653132], [14.2524864, 40.8660945], [14.2524634, 40.8661125]]]}}, {"type": "Feature", "properties": {"id": "SS-NAP-1990", "nome": "Via Sant'Attanasio", "quartiere": "", "classificazione": "giallo", "score": 3, "note": "strada urbana senza ciclabile", "ciclabile": "no", "n_corsie": "2", "senso_unico": "si", "n_testimonianze": "0", "zona": "B2"}, "geometry": {"type": "MultiLineString", "coordinates": [[[14.2689859, 40.86307], [14.2689611, 40.863149], [14.2688359, 40.8635419], [14.2688085, 40.8635618], [14.2682274, 40.8639683], [14.2681894, 40.8639941]], [[14.2695727, 40.8614003], [14.2695557, 40.8614501], [14.2693182, 40.8621244], [14.2693058, 40.8621597], [14.2692949, 40.8621939], [14.2691464, 40.8626134], [14.2690067, 40.863012], [14.2689859, 40.86307]]]}}, {"type": "Feature", "properties": {"id": "SS-NAP-2001", "nome": "Via Santa Maria Antesaecula", "quartiere": "", "classificazione": "giallo", "score": 3, "note": "strada urbana senza ciclabile", "ciclabile": "no", "n_corsie": "2", "senso_unico": "si", "n_testimonianze": "0", "zona": "B2"}, "geometry": {"type": "MultiLineString", "coordinates": [[[14.2520909, 40.8605313], [14.2519734, 40.8600107], [14.2518797, 40.8595652], [14.2518453, 40.8594804], [14.2519155, 40.8591375], [14.2519556, 40.8590088], [14.2520124, 40.858669]], [[14.2520124, 40.858669], [14.2521983, 40.8583966], [14.252445, 40.8580475]], [[14.252445, 40.8580475], [14.252357, 40.8577554], [14.2522645, 40.857484]]]}}, {"type": "Feature", "properties": {"id": "SS-NAP-2002", "nome": "Via Santa Maria Avvocata", "quartiere": "", "classificazione": "giallo", "score": 3, "note": "strada urbana senza ciclabile", "ciclabile": "no", "n_corsie": "2", "senso_unico": "no", "n_testimonianze": "0", "zona": "B2"}, "geometry": {"type": "LineString", "coordinates": [[14.2650747, 40.8591501], [14.2649861, 40.8591289], [14.2643516, 40.8589771], [14.2633417, 40.8587293], [14.2630927, 40.8586729]]}}, {"type": "Feature", "properties": {"id": "SS-NAP-2004", "nome": "Via Santa Maria ai Monti", "quartiere": "", "classificazione": "giallo", "score": 3, "note": "strada urbana senza ciclabile", "ciclabile": "no", "n_corsie": "2", "senso_unico": "no", "n_testimonianze": "0", "zona": "B2"}, "geometry": {"type": "MultiLineString", "coordinates": [[[14.2647879, 40.8741], [14.2647921, 40.8739361], [14.2647942, 40.8739009], [14.2648093, 40.8736422], [14.2648569, 40.8733893], [14.2649194, 40.8732013], [14.2649605, 40.8731073], [14.2649921, 40.8730388], [14.2654962, 40.8724481]], [[14.2607707, 40.8791112], [14.2610994, 40.8790797], [14.2614131, 40.8791165], [14.261712, 40.8791405], [14.261997, 40.8791615], [14.2622264, 40.8792403], [14.2627566, 40.8795076], [14.2629869, 40.8796052], [14.2631567, 40.8796472], [14.2634824, 40.8796878], [14.2636889, 40.879678], [14.263823, 40.8796622], [14.2639183, 40.8796412], [14.2641238, 40.8796412], [14.2643611, 40.8796818], [14.2646401, 40.8797989], [14.264807, 40.8798514], [14.264935, 40.8798552], [14.2650463, 40.8798327], [14.2651594, 40.8797884], [14.265499, 40.8796585], [14.2658614, 40.8795624], [14.2659639, 40.8794959], [14.2659876, 40.8793355], [14.2659646, 40.8792939], [14.2659241, 40.8792358], [14.2660093, 40.879113], [14.2664279, 40.8785851], [14.2664298, 40.8785339], [14.2662706, 40.8786424], [14.2660464, 40.8788465], [14.2656881, 40.8791599], [14.2656207, 40.8792114], [14.2655744, 40.8792226], [14.2654993, 40.8792257], [14.2654663, 40.8792141], [14.2653968, 40.8791843], [14.2653869, 40.8791493], [14.2653961, 40.8790962], [14.2655512, 40.8789465], [14.2657963, 40.87868], [14.2658328, 40.8785961], [14.2658651, 40.8784486], [14.2658981, 40.8782537], [14.2658854, 40.8781661], [14.2658651, 40.8781067], [14.2658192, 40.8780102], [14.2656818, 40.8778529], [14.2655098, 40.8776093], [14.2654754, 40.8775429], [14.2654424, 40.8774282], [14.265375, 40.877209], [14.2652704, 40.8769908], [14.2652409, 40.876873], [14.2652624, 40.8766844], [14.2652606, 40.8766404], [14.265159, 40.876456], [14.2651035, 40.8763485], [14.2650903, 40.8762734], [14.2651015, 40.8761664], [14.2651442, 40.8758488], [14.2651065, 40.8757189], [14.2650141, 40.875562], [14.2649347, 40.8754681], [14.2648195, 40.8752857], [14.2647381, 40.8751506], [14.2647133, 40.8750469], [14.264694, 40.8747742], [14.2647287, 40.8743448], [14.2647439, 40.874202], [14.264764, 40.8741392], [14.2647879, 40.8741]]]}}, {"type": "Feature", "properties": {"id": "SS-NAP-2005", "nome": "Via Santa Maria del Pianto", "quartiere": "", "classificazione": "giallo", "score": 3, "note": "strada urbana senza ciclabile", "ciclabile": "no", "n_corsie": "2", "senso_unico": "si", "n_testimonianze": "0", "zona": "B2"}, "geometry": {"type": "MultiLineString", "coordinates": [[[14.2961395, 40.8684744], [14.2961279, 40.8684953], [14.2960799, 40.8685634], [14.2960734, 40.8685749], [14.296049, 40.868618], [14.2960361, 40.8686719], [14.2960261, 40.8687358], [14.2960102, 40.8688681], [14.2960188, 40.8691972], [14.2961245, 40.8696877], [14.2961272, 40.8696949], [14.2962095, 40.869919], [14.2963237, 40.8701527], [14.29644, 40.8703518], [14.2967024, 40.8706799], [14.2970835, 40.8710285], [14.29826, 40.871943], [14.2984003, 40.8720674], [14.2985175, 40.8722062], [14.2985941, 40.8723657], [14.2986205, 40.8724843], [14.2986237, 40.8725811], [14.2986024, 40.8726898], [14.2985618, 40.8727858], [14.2984737, 40.872871], [14.2983701, 40.8729207], [14.2982179, 40.8729355], [14.2978613, 40.8729096], [14.2977478, 40.8729314], [14.297573, 40.8730064], [14.2974786, 40.873014], [14.2973563, 40.8729831], [14.2970813, 40.8728375], [14.2968786, 40.87276], [14.29535, 40.8723802]], [[14.2949229, 40.8724797], [14.294902, 40.872319], [14.2948358, 40.8722033], [14.2946935, 40.8721099], [14.2945682, 40.8720804], [14.2944611, 40.87207], [14.2943013, 40.8720816]], [[14.2943013, 40.8720816], [14.2944829, 40.8720115], [14.2945799, 40.8719968], [14.2947391, 40.8720084], [14.2948248, 40.8720275]], [[14.2909776, 40.8708535], [14.2909689, 40.8707649], [14.2909437, 40.8706345], [14.2909161, 40.8705487], [14.2908712, 40.8704478], [14.2907977, 40.8703266], [14.2907336, 40.8702347], [14.2906712, 40.8701562], [14.2905463, 40.870017], [14.2904587, 40.8699298], [14.2903582, 40.8698426], [14.290268, 40.8697814], [14.2901847, 40.869746], [14.2900771, 40.8697152], [14.2899576, 40.8697006], [14.2898566, 40.8696945], [14.2897377, 40.8696909], [14.2876768, 40.8696538], [14.287627, 40.8696531], [14.2856733, 40.8696279], [14.285079, 40.8696263]], [[14.2946935, 40.8721099], [14.2946782, 40.8720695], [14.294688, 40.87204], [14.2947391, 40.8720084]], [[14.2948248, 40.8720275], [14.2949223, 40.8720493], [14.2950418, 40.8721141], [14.2952157, 40.8722257], [14.29535, 40.8723802]], [[14.29535, 40.8723802], [14.295198, 40.8723865], [14.2949229, 40.8724797]], [[14.2943013, 40.8720816], [14.2932259, 40.8726432], [14.2931221, 40.8726665], [14.2930148, 40.8726599], [14.2929797, 40.87264], [14.2929217, 40.8726073], [14.2928264, 40.8724688], [14.2927169, 40.8723801], [14.2922079, 40.8722327], [14.2915714, 40.8720593], [14.2915219, 40.8720458], [14.2913855, 40.8720153]], [[14.2913855, 40.8720153], [14.2912008, 40.8719668], [14.2911237, 40.8719407], [14.2910495, 40.8718894], [14.2910215, 40.8718587], [14.2909973, 40.8718237], [14.2909707, 40.8717553], [14.2909648, 40.8716881], [14.2909677, 40.8714987], [14.2909776, 40.8708535]], [[14.2849962, 40.8696086], [14.285079, 40.8696263]], [[14.2847638, 40.869535], [14.2848831, 40.8695798], [14.2849962, 40.8696086]]]}}, {"type": "Feature", "properties": {"id": "SS-NAP-2014", "nome": "Via Santa Sofia", "quartiere": "", "classificazione": "giallo", "score": 3, "note": "strada urbana senza ciclabile", "ciclabile": "no", "n_corsie": "2", "senso_unico": "no", "n_testimonianze": "0", "zona": "B2"}, "geometry": {"type": "LineString", "coordinates": [[14.2621505, 40.8547895], [14.26211, 40.8547356], [14.2619864, 40.854569], [14.2618818, 40.8544412], [14.2617666, 40.8543461], [14.2616648, 40.8543232]]}}, {"type": "Feature", "properties": {"id": "SS-NAP-2016", "nome": "Via Santa Teresa degli Scalzi", "quartiere": "", "classificazione": "rosso", "score": 4, "note": "strada principale trafficata (2 corsie)", "ciclabile": "no", "n_corsie": "2", "senso_unico": "no", "n_testimonianze": "0", "zona": "B2"}, "geometry": {"type": "MultiLineString", "coordinates": [[[14.2484104, 40.858957], [14.2484085, 40.8588816]], [[14.2484085, 40.8588816], [14.248406, 40.8587887], [14.2484085, 40.858637], [14.248407, 40.8584852], [14.2484071, 40.8582866], [14.2484064, 40.8577712], [14.2484041, 40.8576709], [14.2483951, 40.8572353], [14.248395, 40.8571461], [14.2483944, 40.8567484], [14.2483896, 40.8562838], [14.2483889, 40.8562185], [14.2483898, 40.8561437], [14.2483943, 40.8557872], [14.2484793, 40.8554181], [14.2484934, 40.8553492], [14.2485621, 40.8551574], [14.2488582, 40.8545743], [14.2491181, 40.8541413], [14.2493681, 40.8537021], [14.249402, 40.853619], [14.2493914, 40.8535565]]]}}, {"type": "Feature", "properties": {"id": "SS-NAP-2019", "nome": "Via Santi Apostoli", "quartiere": "", "classificazione": "giallo", "score": 3, "note": "strada urbana senza ciclabile", "ciclabile": "no", "n_corsie": "2", "senso_unico": "si", "n_testimonianze": "0", "zona": "B2"}, "geometry": {"type": "LineString", "coordinates": [[14.2616648, 40.8543232], [14.2615507, 40.8542751], [14.2614027, 40.8542249], [14.2612225, 40.8541637], [14.261166, 40.8541473], [14.2607798, 40.8540336], [14.2607046, 40.8540107], [14.2604238, 40.8539216], [14.2600096, 40.8537874], [14.259629, 40.8536683]]}}, {"type": "Feature", "properties": {"id": "SS-NAP-2020", "nome": "Via Santi Giovanni e Paolo", "quartiere": "", "classificazione": "rosso", "score": 4, "note": "strada secondaria trafficata", "ciclabile": "no", "n_corsie": "2", "senso_unico": "si", "n_testimonianze": "0", "zona": "B2"}, "geometry": {"type": "LineString", "coordinates": [[14.2679684, 40.868472], [14.267995, 40.8683504], [14.2680113, 40.8682247], [14.2681025, 40.8668933], [14.2681174, 40.8667904], [14.2681403, 40.8666318], [14.268209, 40.8663397], [14.268293, 40.8660359], [14.268332, 40.865898], [14.2683544, 40.8658185], [14.2685309, 40.8651631], [14.2685396, 40.8651308], [14.2686074, 40.8650098]]}}, {"type": "Feature", "properties": {"id": "SS-NAP-2024", "nome": "Via Sapri", "quartiere": "", "classificazione": "giallo", "score": 3, "note": "strada urbana senza ciclabile", "ciclabile": "no", "n_corsie": "2", "senso_unico": "si", "n_testimonianze": "0", "zona": "B2"}, "geometry": {"type": "LineString", "coordinates": [[14.2687184, 40.8559911], [14.2686827, 40.8560277], [14.2683241, 40.8564139], [14.2682682, 40.8564738]]}}, {"type": "Feature", "properties": {"id": "SS-NAP-2025", "nome": "Via Sardegna", "quartiere": "", "classificazione": "giallo", "score": 3, "note": "strada urbana senza ciclabile", "ciclabile": "no", "n_corsie": "2", "senso_unico": "no", "n_testimonianze": "0", "zona": "B2"}, "geometry": {"type": "LineString", "coordinates": [[14.2573587, 40.8934778], [14.2574828, 40.8934578], [14.2580715, 40.8933297], [14.2593173, 40.8930388]]}}, {"type": "Feature", "properties": {"id": "SS-NAP-2034", "nome": "Via Scipione Rovito", "quartiere": "", "classificazione": "giallo", "score": 3, "note": "strada urbana senza ciclabile", "ciclabile": "no", "n_corsie": "2", "senso_unico": "si", "n_testimonianze": "0", "zona": "B2"}, "geometry": {"type": "LineString", "coordinates": [[14.2652639, 40.8679124], [14.2657998, 40.8676], [14.2658564, 40.867567], [14.2658869, 40.8675473], [14.2664316, 40.8671945], [14.2664738, 40.8671672], [14.2664958, 40.8671525], [14.2668415, 40.8669212]]}}, {"type": "Feature", "properties": {"id": "SS-NAP-2039", "nome": "Via Serafino Biscardi", "quartiere": "", "classificazione": "giallo", "score": 3, "note": "strada urbana senza ciclabile", "ciclabile": "no", "n_corsie": "2", "senso_unico": "no", "n_testimonianze": "0", "zona": "B2"}, "geometry": {"type": "MultiLineString", "coordinates": [[[14.2812038, 40.8618569], [14.2812233, 40.8617504], [14.2813572, 40.8610034]], [[14.2813572, 40.8610034], [14.2813681, 40.860928], [14.2813853, 40.8608094], [14.2814251, 40.8605338], [14.2814988, 40.8600244]], [[14.2814988, 40.8600244], [14.2815157, 40.8598063]]]}}, {"type": "Feature", "properties": {"id": "SS-NAP-2043", "nome": "Via Sergio de Simone", "quartiere": "", "classificazione": "giallo", "score": 3, "note": "strada urbana senza ciclabile", "ciclabile": "no", "n_corsie": "2", "senso_unico": "no", "n_testimonianze": "0", "zona": "B2"}, "geometry": {"type": "LineString", "coordinates": [[14.2530798, 40.8670361], [14.2533567, 40.8668954], [14.2536711, 40.8667356], [14.2541255, 40.8665046], [14.2542191, 40.866457], [14.2542463, 40.8664422], [14.2542694, 40.8664273], [14.2542925, 40.8664091], [14.2543115, 40.866391], [14.2543203, 40.8663811]]}}, {"type": "Feature", "properties": {"id": "SS-NAP-2052", "nome": "Via Sicilia", "quartiere": "", "classificazione": "giallo", "score": 3, "note": "strada urbana senza ciclabile", "ciclabile": "no", "n_corsie": "2", "senso_unico": "no", "n_testimonianze": "0", "zona": "B2"}, "geometry": {"type": "LineString", "coordinates": [[14.2554795, 40.8931956], [14.2555063, 40.8932104], [14.2572252, 40.8934799], [14.2572962, 40.8934818], [14.2573587, 40.8934778]]}}, {"type": "Feature", "properties": {"id": "SS-NAP-2058", "nome": "Via Siro Solazzi", "quartiere": "", "classificazione": "giallo", "score": 3, "note": "strada urbana senza ciclabile", "ciclabile": "no", "n_corsie": "2", "senso_unico": "si", "n_testimonianze": "0", "zona": "B2"}, "geometry": {"type": "LineString", "coordinates": [[14.2467702, 40.8724318], [14.2473762, 40.872365], [14.2473844, 40.8718656], [14.2469474, 40.8718897], [14.2468875, 40.8715136]]}}, {"type": "Feature", "properties": {"id": "SS-NAP-2074", "nome": "Via Stefano delle Chiaie", "quartiere": "", "classificazione": "giallo", "score": 3, "note": "strada urbana senza ciclabile", "ciclabile": "no", "n_corsie": "2", "senso_unico": "no", "n_testimonianze": "0", "zona": "B2"}, "geometry": {"type": "LineString", "coordinates": [[14.266682, 40.8708067], [14.2667174, 40.8708169], [14.2670988, 40.8709268], [14.2673244, 40.8705293], [14.2676285, 40.8699959], [14.2676571, 40.8699458]]}}, {"type": "Feature", "properties": {"id": "SS-NAP-2075", "nome": "Via Stella", "quartiere": "", "classificazione": "giallo", "score": 3, "note": "strada urbana senza ciclabile", "ciclabile": "no", "n_corsie": "2", "senso_unico": "si", "n_testimonianze": "0", "zona": "B2"}, "geometry": {"type": "MultiLineString", "coordinates": [[[14.2483889, 40.8562185], [14.2484792, 40.8562252], [14.2487168, 40.8562287], [14.2497207, 40.8563597]], [[14.2526815, 40.8554023], [14.2524292, 40.8556844]], [[14.2524292, 40.8556844], [14.2523593, 40.8557545], [14.2523332, 40.8557784], [14.2518111, 40.8560854], [14.2517587, 40.8561169], [14.2515558, 40.8562203], [14.2514594, 40.8562647], [14.2511153, 40.8563906], [14.2509482, 40.8564273], [14.2506402, 40.8564566], [14.2503935, 40.8564445], [14.2497207, 40.8563597]], [[14.2526815, 40.8554023], [14.2529116, 40.855179], [14.2533161, 40.8547913], [14.2533335, 40.8547747]]]}}, {"type": "Feature", "properties": {"id": "SS-NAP-2081", "nome": "Via Taddeo Da Sessa", "quartiere": "", "classificazione": "rosso", "score": 4, "note": "strada secondaria trafficata", "ciclabile": "no", "n_corsie": "2", "senso_unico": "si", "n_testimonianze": "0", "zona": "B2"}, "geometry": {"type": "MultiLineString", "coordinates": [[[14.2770404, 40.8548269], [14.277115, 40.8548067], [14.2772113, 40.8548012], [14.2774866, 40.8548289], [14.2805412, 40.855139], [14.2816514, 40.8552518], [14.2819505, 40.8552858], [14.2820148, 40.855293], [14.2821675, 40.8553164]], [[14.2881573, 40.856011], [14.2881058, 40.8559951], [14.288029, 40.8559755], [14.2879952, 40.8559707], [14.2879188, 40.8559578], [14.2874248, 40.8559106], [14.286191, 40.8557927]], [[14.2821675, 40.8553164], [14.2824469, 40.8553484]], [[14.2825353, 40.8554576], [14.2825243, 40.8554839]], [[14.2826336, 40.8554567], [14.2825353, 40.8554576]], [[14.2847082, 40.8555582], [14.2852975, 40.8556138], [14.2854332, 40.8556266], [14.2855826, 40.855642], [14.2874417, 40.8558332], [14.2879224, 40.8558827], [14.2880037, 40.8558954], [14.2880573, 40.8559047], [14.2881128, 40.8559087], [14.2881884, 40.8559008]], [[14.2824469, 40.8553484], [14.2826514, 40.8553642]], [[14.2820559, 40.8554156], [14.2819297, 40.8553934], [14.2818207, 40.8553777], [14.2805207, 40.8552407], [14.2784016, 40.8550176], [14.2774984, 40.8549304]], [[14.2827121, 40.8554556], [14.2826336, 40.8554567]], [[14.2825243, 40.8554839], [14.2824861, 40.8555071], [14.2824647, 40.8555114], [14.2824223, 40.8555146], [14.2821389, 40.8554867], [14.2821129, 40.855478], [14.282079, 40.8554588]], [[14.282079, 40.8554588], [14.2820598, 40.8554383], [14.2820559, 40.8554156]], [[14.2826514, 40.8553642], [14.2827664, 40.8553751], [14.2847082, 40.8555582]], [[14.2854165, 40.8557186], [14.2852768, 40.855705], [14.2827507, 40.8554594], [14.2827121, 40.8554556]], [[14.286191, 40.8557927], [14.2855669, 40.8557328], [14.2854165, 40.8557186]]]}}, {"type": "Feature", "properties": {"id": "SS-NAP-2090", "nome": "Via Teano", "quartiere": "", "classificazione": "giallo", "score": 3, "note": "strada urbana senza ciclabile", "ciclabile": "no", "n_corsie": "2", "senso_unico": "no", "n_testimonianze": "0", "zona": "B2"}, "geometry": {"type": "LineString", "coordinates": [[14.2465138, 40.8875707], [14.2464849, 40.8876512], [14.2464742, 40.8877994], [14.2464713, 40.8878093], [14.2464636, 40.8878201], [14.2464534, 40.8878273], [14.2464362, 40.8878364], [14.2462162, 40.887935], [14.2459297, 40.8880601], [14.2456152, 40.8881997], [14.245295, 40.8883663], [14.2449785, 40.8885049], [14.2446253, 40.8886773]]}}, {"type": "Feature", "properties": {"id": "SS-NAP-2093", "nome": "Via Teofilo Santi", "quartiere": "", "classificazione": "giallo", "score": 3, "note": "strada urbana senza ciclabile", "ciclabile": "no", "n_corsie": "2", "senso_unico": "no", "n_testimonianze": "0", "zona": "B2"}, "geometry": {"type": "LineString", "coordinates": [[14.3310581, 40.8590507], [14.3315644, 40.8578125], [14.3315677, 40.8578007], [14.3315692, 40.85779], [14.3315696, 40.8577765], [14.3315639, 40.8577636]]}}, {"type": "Feature", "properties": {"id": "SS-NAP-2099", "nome": "Via Thomas Eliot", "quartiere": "", "classificazione": "giallo", "score": 3, "note": "strada urbana senza ciclabile", "ciclabile": "no", "n_corsie": "2", "senso_unico": "no", "n_testimonianze": "0", "zona": "B2"}, "geometry": {"type": "MultiLineString", "coordinates": [[[14.3378354, 40.8700088], [14.3379119, 40.869997], [14.3379491, 40.8699913], [14.3380065, 40.8699779], [14.3380573, 40.8699378], [14.3380905, 40.8698911], [14.3381125, 40.8698126], [14.338086, 40.8689706], [14.3380772, 40.8688888], [14.3380454, 40.868805], [14.3379998, 40.8687269], [14.3379435, 40.868665], [14.3378764, 40.8686093], [14.3377987, 40.8685616], [14.3376847, 40.8685149], [14.33752, 40.8684573], [14.3373256, 40.8684026], [14.336863, 40.8682746], [14.3367164, 40.8682341], [14.3364622, 40.8681636], [14.336404, 40.8681475]], [[14.3381125, 40.8698126], [14.3381422, 40.8699481], [14.3381563, 40.8700228], [14.3381865, 40.8701199], [14.3382278, 40.8702124], [14.3382508, 40.8702653], [14.3383022, 40.8703516], [14.3383741, 40.8704755]]]}}, {"type": "Feature", "properties": {"id": "SS-NAP-2107", "nome": "Via Titina De Filippo", "quartiere": "", "classificazione": "giallo", "score": 3, "note": "strada urbana senza ciclabile", "ciclabile": "no", "n_corsie": "2", "senso_unico": "no", "n_testimonianze": "0", "zona": "B2"}, "geometry": {"type": "MultiLineString", "coordinates": [[[14.2620591, 40.8565866], [14.2621227, 40.8566399], [14.2621617, 40.8566726], [14.2626979, 40.8570344]], [[14.2634246, 40.8573077], [14.2639925, 40.8574904], [14.2640465, 40.8574751], [14.2642526, 40.8575482]], [[14.2629843, 40.8572066], [14.2626979, 40.8570344]]]}}, {"type": "Feature", "properties": {"id": "SS-NAP-2111", "nome": "Via Tommasina Colosimo", "quartiere": "", "classificazione": "giallo", "score": 3, "note": "strada urbana senza ciclabile", "ciclabile": "no", "n_corsie": "2", "senso_unico": "si", "n_testimonianze": "0", "zona": "B2"}, "geometry": {"type": "LineString", "coordinates": [[14.2657271, 40.8905795], [14.2649668, 40.8901268]]}}, {"type": "Feature", "properties": {"id": "SS-NAP-2114", "nome": "Via Tommaso Cornelio", "quartiere": "", "classificazione": "giallo", "score": 3, "note": "strada urbana senza ciclabile", "ciclabile": "no", "n_corsie": "2", "senso_unico": "si", "n_testimonianze": "0", "zona": "B2"}, "geometry": {"type": "LineString", "coordinates": [[14.2673244, 40.8705293], [14.2677949, 40.8706888], [14.2681691, 40.8708149], [14.2684831, 40.8709151], [14.2685038, 40.8709189], [14.2685279, 40.870918], [14.2685691, 40.8709059], [14.2686444, 40.870884], [14.2687013, 40.8708696]]}}, {"type": "Feature", "properties": {"id": "SS-NAP-2115", "nome": "Via Tommaso Costa", "quartiere": "", "classificazione": "giallo", "score": 3, "note": "strada urbana senza ciclabile", "ciclabile": "no", "n_corsie": "2", "senso_unico": "no", "n_testimonianze": "0", "zona": "B2"}, "geometry": {"type": "LineString", "coordinates": [[14.2687082, 40.8691584], [14.26817, 40.8691704], [14.2681212, 40.8691715]]}}, {"type": "Feature", "properties": {"id": "SS-NAP-2117", "nome": "Via Tommaso Fasano", "quartiere": "", "classificazione": "giallo", "score": 3, "note": "strada urbana senza ciclabile", "ciclabile": "no", "n_corsie": "2", "senso_unico": "no", "n_testimonianze": "0", "zona": "B2"}, "geometry": {"type": "MultiLineString", "coordinates": [[[14.3025547, 40.8652873], [14.302076, 40.8675849], [14.3017692, 40.8691353], [14.301721, 40.8692378], [14.3016378, 40.8693544], [14.3015949, 40.8694619], [14.3016135, 40.86957], [14.3017585, 40.8696485], [14.302394, 40.8699392]], [[14.3030439, 40.8649631], [14.3028229, 40.8650541], [14.3027089, 40.865117], [14.3026391, 40.8651768], [14.3025547, 40.8652873]], [[14.3024831, 40.8648882], [14.3025526, 40.8649931], [14.3025685, 40.8651243], [14.3025547, 40.8652873]]]}}, {"type": "Feature", "properties": {"id": "SS-NAP-2118", "nome": "Via Tommaso Traetta", "quartiere": "", "classificazione": "giallo", "score": 3, "note": "strada urbana senza ciclabile", "ciclabile": "no", "n_corsie": "2", "senso_unico": "no", "n_testimonianze": "0", "zona": "B2"}, "geometry": {"type": "LineString", "coordinates": [[14.2647921, 40.8739361], [14.2647314, 40.873939], [14.2638829, 40.8739673], [14.2637394, 40.8739713], [14.2636528, 40.8739506]]}}, {"type": "Feature", "properties": {"id": "SS-NAP-2119", "nome": "Via Torino", "quartiere": "", "classificazione": "giallo", "score": 3, "note": "strada urbana senza ciclabile", "ciclabile": "no", "n_corsie": "2", "senso_unico": "si", "n_testimonianze": "0", "zona": "B2"}, "geometry": {"type": "MultiLineString", "coordinates": [[[14.2698616, 40.853043], [14.2698411, 40.8531627], [14.2698288, 40.8532342], [14.2696824, 40.854019], [14.2696704, 40.8540833]], [[14.269467, 40.8552171], [14.2694577, 40.855272], [14.2693545, 40.8558788]], [[14.269467, 40.8552171], [14.269565, 40.8546611], [14.2696569, 40.8541575], [14.2696704, 40.8540833]]]}}, {"type": "Feature", "properties": {"id": "SS-NAP-2123", "nome": "Via Traccia a Poggioreale", "quartiere": "", "classificazione": "giallo", "score": 3, "note": "strada urbana senza ciclabile", "ciclabile": "no", "n_corsie": "2", "senso_unico": "no", "n_testimonianze": "0", "zona": "B2"}, "geometry": {"type": "MultiLineString", "coordinates": [[[14.2964371, 40.8670257], [14.2964142, 40.8669283], [14.2968345, 40.8648519], [14.2968754, 40.864651], [14.2969256, 40.8644039], [14.2969657, 40.8642067]], [[14.2969657, 40.8642067], [14.2969827, 40.8641206], [14.297239, 40.8628226], [14.2974263, 40.8618682], [14.2975607, 40.8611833], [14.2977049, 40.8604484], [14.2977861, 40.8600344]]]}}, {"type": "Feature", "properties": {"id": "SS-NAP-2124", "nome": "Via Transversa", "quartiere": "", "classificazione": "giallo", "score": 3, "note": "strada urbana senza ciclabile", "ciclabile": "no", "n_corsie": "2", "senso_unico": "no", "n_testimonianze": "0", "zona": "B2"}, "geometry": {"type": "LineString", "coordinates": [[14.2888785, 40.8942543], [14.2890606, 40.8939121], [14.2889442, 40.8937839], [14.2887419, 40.8937011], [14.2886098, 40.893958], [14.287952, 40.8937572], [14.2876137, 40.8935283], [14.2875525, 40.8934869]]}}, {"type": "Feature", "properties": {"id": "SS-NAP-2125", "nome": "Via Tranvia Fratta", "quartiere": "", "classificazione": "giallo", "score": 3, "note": "strada urbana senza ciclabile", "ciclabile": "no", "n_corsie": "2", "senso_unico": "si", "n_testimonianze": "0", "zona": "B2"}, "geometry": {"type": "MultiLineString", "coordinates": [[[14.2762299, 40.8909293], [14.2762057, 40.8907954], [14.2760935, 40.8897088], [14.2760597, 40.8892977], [14.2759716, 40.8886297], [14.2758533, 40.8876064], [14.2758436, 40.8875229]], [[14.2758436, 40.8875229], [14.2758416, 40.8875028], [14.2757344, 40.8864511], [14.2757317, 40.8862816], [14.2757292, 40.886124]]]}}, {"type": "Feature", "properties": {"id": "SS-NAP-2126", "nome": "Via Trentino", "quartiere": "", "classificazione": "giallo", "score": 3, "note": "strada urbana senza ciclabile", "ciclabile": "no", "n_corsie": "2", "senso_unico": "no", "n_testimonianze": "0", "zona": "B2"}, "geometry": {"type": "LineString", "coordinates": [[14.2588935, 40.8902749], [14.2579534, 40.8907887], [14.2573496, 40.8911177], [14.2569164, 40.8913627]]}}, {"type": "Feature", "properties": {"id": "SS-NAP-2129", "nome": "Via Tristano Caracciolo", "quartiere": "", "classificazione": "giallo", "score": 3, "note": "strada urbana senza ciclabile", "ciclabile": "no", "n_corsie": "2", "senso_unico": "no", "n_testimonianze": "0", "zona": "B2"}, "geometry": {"type": "MultiLineString", "coordinates": [[[14.2676844, 40.8548007], [14.2676362, 40.8547955], [14.2676181, 40.8547936], [14.2675987, 40.8547917], [14.2675639, 40.8547884], [14.2675451, 40.8547866]], [[14.2675451, 40.8547866], [14.2672887, 40.8547633], [14.2669438, 40.8544453], [14.2669324, 40.8544348]]]}}, {"type": "Feature", "properties": {"id": "SS-NAP-2132", "nome": "Via Udalrigo Masoni", "quartiere": "", "classificazione": "giallo", "score": 3, "note": "strada urbana senza ciclabile", "ciclabile": "no", "n_corsie": "2", "senso_unico": "no", "n_testimonianze": "0", "zona": "B2"}, "geometry": {"type": "MultiLineString", "coordinates": [[[14.2652606, 40.8766404], [14.2653956, 40.8766385], [14.2654434, 40.8766378]], [[14.2655459, 40.8768289], [14.2655003, 40.8767761], [14.2654694, 40.8767256], [14.2654467, 40.8766523]], [[14.2654851, 40.8765971], [14.2655217, 40.8765307], [14.2655382, 40.8764934]], [[14.2683732, 40.8830109], [14.2682538, 40.8829675], [14.2681653, 40.8829377], [14.2681381, 40.8829285], [14.2675595, 40.8826362], [14.2674476, 40.8825842], [14.2673713, 40.8825556]], [[14.2674404, 40.8824669], [14.2675134, 40.88251], [14.2679569, 40.8827267], [14.2681977, 40.8828472]], [[14.2645539, 40.8821992], [14.2645131, 40.8823531]], [[14.2645131, 40.8823531], [14.2645184, 40.8824021], [14.2645451, 40.8824631], [14.2645716, 40.8825333], [14.2646114, 40.8825901], [14.2646754, 40.8826502], [14.2647439, 40.8826936], [14.264819, 40.8827337], [14.2648919, 40.8827571], [14.2649891, 40.8827838], [14.2650841, 40.8827972], [14.2651769, 40.8827988], [14.2652608, 40.8827922], [14.2653448, 40.8827738], [14.265442, 40.8827437], [14.2661332, 40.8824453], [14.26627, 40.8824068], [14.2664068, 40.8823784], [14.266557, 40.8823622], [14.2666858, 40.882358], [14.2668192, 40.8823608], [14.26693, 40.8823742], [14.2669803, 40.8823854], [14.2670136, 40.8823929], [14.2671606, 40.8824342]], [[14.2673573, 40.8824104], [14.2673803, 40.8824148], [14.2674013, 40.8824233], [14.2674189, 40.8824352], [14.2674322, 40.8824501], [14.2674353, 40.8824564], [14.2674404, 40.8824669]], [[14.2673713, 40.8825556], [14.267344, 40.8825583], [14.2673168, 40.8825552], [14.2672918, 40.8825465], [14.2672709, 40.8825329], [14.2672559, 40.8825154], [14.2672479, 40.8824955]], [[14.2674404, 40.8824669], [14.2674431, 40.8824847], [14.26744, 40.8825025], [14.2674314, 40.8825192], [14.2674177, 40.8825339], [14.2673966, 40.8825472], [14.2673713, 40.8825556]], [[14.2671606, 40.8824342], [14.2672211, 40.8824358], [14.2672692, 40.8824368]], [[14.2672479, 40.8824955], [14.2672475, 40.8824747], [14.2672548, 40.8824546], [14.2672692, 40.8824368]], [[14.2672479, 40.8824955], [14.2672118, 40.8824671], [14.2671606, 40.8824342]], [[14.2655382, 40.8764934], [14.265544, 40.876462], [14.265603, 40.8760844], [14.2656119, 40.8760063], [14.2656257, 40.8758307], [14.2656143, 40.8756601], [14.2655959, 40.8755894], [14.2655473, 40.8754027], [14.2654832, 40.8752969], [14.265251, 40.8749134], [14.2651779, 40.8747988], [14.2649826, 40.8744926], [14.2648713, 40.8742913], [14.2648184, 40.8741868], [14.2647879, 40.8741]], [[14.2655359, 40.8765414], [14.2655365, 40.8765805], [14.2655424, 40.876611]], [[14.2655459, 40.8768289], [14.2656097, 40.8769452], [14.2659291, 40.8775275], [14.2660319, 40.877715], [14.2662333, 40.8778552], [14.2674704, 40.8785237], [14.2675599, 40.8785873], [14.2676083, 40.8786461], [14.2676525, 40.8787279], [14.2676856, 40.8788114], [14.2676967, 40.8789033], [14.26769, 40.8789567], [14.2676503, 40.8790269], [14.2675862, 40.8790904], [14.2675155, 40.8791505], [14.2671775, 40.8794027], [14.2669591, 40.8796905], [14.2669591, 40.8798722], [14.2670191, 40.8800409], [14.2680577, 40.8809949], [14.2680749, 40.8810792], [14.2680405, 40.881196], [14.2678088, 40.8813128], [14.2675084, 40.8813907], [14.2671908, 40.8814167], [14.2667236, 40.8813984], [14.2660341, 40.8814579], [14.2656743, 40.8814868], [14.2654145, 40.881541], [14.265216, 40.881612], [14.2649715, 40.8817326], [14.2646716, 40.8820103], [14.2645761, 40.8821425], [14.2645539, 40.8821992]], [[14.2655273, 40.8766747], [14.2655264, 40.8767098], [14.2655298, 40.8767518], [14.2655459, 40.8768289]], [[14.2655382, 40.8764934], [14.2655359, 40.8765414]], [[14.2681977, 40.8828472], [14.2682396, 40.8828817], [14.2682997, 40.8829313], [14.2683732, 40.8830109]], [[14.2681977, 40.8828472], [14.2682578, 40.8828679], [14.2683824, 40.8829109], [14.2685084, 40.8829454]], [[14.2672692, 40.8824368], [14.2672895, 40.8824228], [14.2673106, 40.8824145], [14.2673336, 40.8824103], [14.2673573, 40.8824104]]]}}, {"type": "Feature", "properties": {"id": "SS-NAP-2133", "nome": "Via Ugo Falcando", "quartiere": "", "classificazione": "giallo", "score": 3, "note": "strada urbana senza ciclabile", "ciclabile": "no", "n_corsie": "2", "senso_unico": "no", "n_testimonianze": "0", "zona": "B2"}, "geometry": {"type": "LineString", "coordinates": [[14.2438106, 40.8560367], [14.2438459, 40.855998], [14.2438673, 40.8559745], [14.2442125, 40.8559769], [14.2442416, 40.8559732], [14.244266, 40.8559635], [14.2442958, 40.8559462], [14.24432, 40.855924], [14.2443917, 40.8557232]]}}, {"type": "Feature", "properties": {"id": "SS-NAP-2138", "nome": "Via Ulisse Prota Giurleo", "quartiere": "", "classificazione": "giallo", "score": 3, "note": "strada urbana senza ciclabile", "ciclabile": "no", "n_corsie": "2", "senso_unico": "no", "n_testimonianze": "0", "zona": "B2"}, "geometry": {"type": "MultiLineString", "coordinates": [[[14.3234512, 40.8500346], [14.3234838, 40.8500867], [14.3244926, 40.8514519], [14.3247091, 40.8517619], [14.3249413, 40.8520869], [14.3250371, 40.852221], [14.3253232, 40.8526115], [14.3260887, 40.853656], [14.3262768, 40.8539127], [14.3264571, 40.8541588], [14.3264865, 40.8541995], [14.326663, 40.854452], [14.3268393, 40.8547042], [14.3269713, 40.8548931], [14.3276781, 40.8558993], [14.3277096, 40.8559493], [14.3277484, 40.8560197], [14.3279203, 40.8564972], [14.3279383, 40.8565344], [14.3279978, 40.8566636]], [[14.3235058, 40.8499293], [14.3234512, 40.8500346]], [[14.3234512, 40.8500346], [14.3233723, 40.8499205]]]}}, {"type": "Feature", "properties": {"id": "SS-NAP-2142", "nome": "Via Umberto Saba", "quartiere": "", "classificazione": "giallo", "score": 3, "note": "strada urbana senza ciclabile", "ciclabile": "no", "n_corsie": "2", "senso_unico": "no", "n_testimonianze": "0", "zona": "B2"}, "geometry": {"type": "LineString", "coordinates": [[14.3305212, 40.8616377], [14.3305115, 40.8616144], [14.3305159, 40.8615819], [14.3308839, 40.861041], [14.330931, 40.8609988], [14.3309665, 40.8609782], [14.3310008, 40.8609701], [14.3310479, 40.8609701], [14.331092, 40.8609776], [14.3334845, 40.8619697], [14.3338704, 40.8621297]]}}, {"type": "Feature", "properties": {"id": "SS-NAP-2143", "nome": "Via Umberto Zanotti Bianco", "quartiere": "", "classificazione": "giallo", "score": 3, "note": "strada urbana senza ciclabile", "ciclabile": "no", "n_corsie": "2", "senso_unico": "no", "n_testimonianze": "0", "zona": "B2"}, "geometry": {"type": "MultiLineString", "coordinates": [[[14.2587746, 40.8844875], [14.2591953, 40.8843397], [14.2598064, 40.8841266], [14.2599421, 40.8840774]], [[14.2602368, 40.8839738], [14.2609276, 40.8837312]], [[14.2599421, 40.8840774], [14.2602368, 40.8839738]], [[14.2609276, 40.8837312], [14.2614413, 40.8835507]]]}}, {"type": "Feature", "properties": {"id": "SS-NAP-2144", "nome": "Via Umbria", "quartiere": "", "classificazione": "giallo", "score": 3, "note": "strada urbana senza ciclabile", "ciclabile": "no", "n_corsie": "2", "senso_unico": "no", "n_testimonianze": "0", "zona": "B2"}, "geometry": {"type": "LineString", "coordinates": [[14.258277, 40.8938566], [14.2580715, 40.8933297], [14.2575665, 40.8919169], [14.257467, 40.891669]]}}, {"type": "Feature", "properties": {"id": "SS-NAP-2145", "nome": "Via Valerio Verbano", "quartiere": "", "classificazione": "giallo", "score": 3, "note": "strada urbana senza ciclabile", "ciclabile": "no", "n_corsie": "2", "senso_unico": "no", "n_testimonianze": "0", "zona": "B2"}, "geometry": {"type": "MultiLineString", "coordinates": [[[14.2442991, 40.8973008], [14.2443321, 40.8972038], [14.2443576, 40.895257]], [[14.2447921, 40.8947484], [14.2446347, 40.894917], [14.2444298, 40.8950777], [14.2443867, 40.8951487], [14.2443576, 40.895257]], [[14.2443576, 40.895257], [14.2443245, 40.8951697], [14.2442644, 40.8951208], [14.2441612, 40.8950963], [14.2440919, 40.8950934]]]}}, {"type": "Feature", "properties": {"id": "SS-NAP-2149", "nome": "Via Vecchia Miano a Piscinola", "quartiere": "", "classificazione": "giallo", "score": 3, "note": "strada urbana senza ciclabile", "ciclabile": "no", "n_corsie": "2", "senso_unico": "no", "n_testimonianze": "0", "zona": "B2"}, "geometry": {"type": "MultiLineString", "coordinates": [[[14.2469748, 40.8885331], [14.246997, 40.8884615]], [[14.2470741, 40.889131], [14.247097, 40.8891201], [14.2471375, 40.8891081], [14.2471757, 40.8890968], [14.2472237, 40.8890896], [14.2474326, 40.8890826], [14.2474811, 40.8890792], [14.2475311, 40.8890757], [14.2475449, 40.8890754], [14.2475578, 40.8890771], [14.247572, 40.8890814], [14.2479132, 40.8892471], [14.2479286, 40.889251], [14.2479431, 40.8892509], [14.2479583, 40.8892448], [14.2481422, 40.8890992], [14.2481599, 40.8890711]], [[14.2408423, 40.8914824], [14.2408408, 40.8914881], [14.2408398, 40.8914923], [14.2408411, 40.8914974], [14.2409301, 40.8917196], [14.2410202, 40.8919446], [14.2410211, 40.8919507], [14.2410201, 40.8919568], [14.2410154, 40.8919603], [14.2410066, 40.8919652], [14.2394995, 40.8925218]], [[14.2394995, 40.8925218], [14.2391921, 40.8926186], [14.2386602, 40.8928119], [14.2384374, 40.8928923], [14.2383629, 40.8929192]], [[14.2470741, 40.889131], [14.2470043, 40.889151], [14.2459166, 40.8894761], [14.245691, 40.8895457], [14.2455815, 40.8895816], [14.245463, 40.8896295], [14.2453731, 40.8896786], [14.2451815, 40.8897897], [14.2450726, 40.8898567], [14.2449607, 40.8899398], [14.2448688, 40.8900193], [14.2447767, 40.8900971], [14.2446426, 40.8901773], [14.2445499, 40.8902257], [14.244417, 40.8902846], [14.244269, 40.890339], [14.2441363, 40.8903741], [14.2439028, 40.8904321], [14.2436275, 40.8905014], [14.2433071, 40.8905634], [14.243097, 40.8906001], [14.2426633, 40.8906729], [14.2424842, 40.8907104], [14.2422289, 40.8907659], [14.2420442, 40.8908159], [14.2417106, 40.8909392], [14.2416274, 40.8909747], [14.2413677, 40.8911229], [14.2411931, 40.891264], [14.2409696, 40.8914086], [14.2409039, 40.8914501], [14.2408963, 40.8914544], [14.2408523, 40.8914743], [14.2408488, 40.8914766], [14.2408456, 40.891479], [14.2408423, 40.8914824]], [[14.2470043, 40.889151], [14.24697, 40.8890634], [14.2469548, 40.8890187], [14.2469287, 40.8889481], [14.2467999, 40.8887043], [14.2467892, 40.8886536], [14.2468, 40.8886076]], [[14.2469748, 40.8885331], [14.2469716, 40.8885677], [14.246976, 40.8886077], [14.2469911, 40.8886896], [14.2470869, 40.8889861], [14.2470869, 40.8890247], [14.2470888, 40.889064], [14.2470741, 40.889131]], [[14.246997, 40.8884615], [14.2470133, 40.8884409], [14.2471468, 40.8883169], [14.2472209, 40.8882623], [14.2472981, 40.8882115], [14.2474131, 40.8881469], [14.2475729, 40.8880635], [14.2476612, 40.8880153], [14.2477678, 40.8879633]], [[14.2477678, 40.8879633], [14.2480076, 40.8878841], [14.2481707, 40.8878236], [14.2483131, 40.8877638], [14.2484021, 40.8877197], [14.2485088, 40.887642], [14.2485533, 40.8875942], [14.248583, 40.8875232], [14.2485988, 40.8874514], [14.2485919, 40.8873879], [14.2485602, 40.8872997], [14.2484584, 40.8870904], [14.2484218, 40.8869925], [14.2484228, 40.8868759], [14.2484357, 40.8868176], [14.2484811, 40.8867474], [14.2485118, 40.8866966], [14.2485043, 40.8866471], [14.2484165, 40.8865471]], [[14.2468, 40.8886076], [14.2468308, 40.88859], [14.2468558, 40.8885789], [14.2468914, 40.8885713], [14.2469368, 40.8885675], [14.2469716, 40.8885677]]]}}, {"type": "Feature", "properties": {"id": "SS-NAP-2151", "nome": "Via Vecchia Poggioreale", "quartiere": "", "classificazione": "giallo", "score": 3, "note": "strada urbana senza ciclabile", "ciclabile": "no", "n_corsie": "2", "senso_unico": "si", "n_testimonianze": "0", "zona": "B2"}, "geometry": {"type": "LineString", "coordinates": [[14.2709086, 40.857905], [14.2709786, 40.8579561], [14.2717001, 40.8584825], [14.2717478, 40.8585174], [14.271963, 40.8586744], [14.2724591, 40.8590364]]}}, {"type": "Feature", "properties": {"id": "SS-NAP-2152", "nome": "Via Vecchia Roma", "quartiere": "", "classificazione": "giallo", "score": 3, "note": "strada urbana senza ciclabile", "ciclabile": "no", "n_corsie": "2", "senso_unico": "si", "n_testimonianze": "0", "zona": "B2"}, "geometry": {"type": "MultiLineString", "coordinates": [[[14.2695568, 40.8831987], [14.269785, 40.8833933], [14.2705182, 40.882923]], [[14.2710973, 40.8822247], [14.2711171, 40.8822699], [14.2711144, 40.8823272], [14.2710926, 40.8823792], [14.2709369, 40.8826103], [14.2708651, 40.8826722], [14.270544, 40.8829043], [14.2705182, 40.882923]]]}}, {"type": "Feature", "properties": {"id": "SS-NAP-2154", "nome": "Via Venezia", "quartiere": "", "classificazione": "giallo", "score": 3, "note": "strada urbana senza ciclabile", "ciclabile": "no", "n_corsie": "2", "senso_unico": "si", "n_testimonianze": "0", "zona": "B2"}, "geometry": {"type": "MultiLineString", "coordinates": [[[14.2711968, 40.8553934], [14.2711421, 40.8553881], [14.2701725, 40.8552929], [14.269467, 40.8552171], [14.268783, 40.8551477], [14.2682567, 40.8550986]], [[14.2682567, 40.8550986], [14.2680029, 40.8550726]]]}}, {"type": "Feature", "properties": {"id": "SS-NAP-2158", "nome": "Via Vera Lombardi", "quartiere": "", "classificazione": "giallo", "score": 3, "note": "strada urbana senza ciclabile", "ciclabile": "no", "n_corsie": "2", "senso_unico": "no", "n_testimonianze": "0", "zona": "B2"}, "geometry": {"type": "LineString", "coordinates": [[14.3431642, 40.8551843], [14.3436394, 40.8553129], [14.3438079, 40.8553584], [14.3438784, 40.8553759], [14.3440306, 40.8554135], [14.3445438, 40.8555408], [14.3454389, 40.855792], [14.3460578, 40.8559721]]}}, {"type": "Feature", "properties": {"id": "SS-NAP-2159", "nome": "Via Vespulo", "quartiere": "", "classificazione": "giallo", "score": 3, "note": "strada urbana senza ciclabile", "ciclabile": "no", "n_corsie": "2", "senso_unico": "no", "n_testimonianze": "0", "zona": "B2"}, "geometry": {"type": "LineString", "coordinates": [[14.291775, 40.8919089], [14.2919859, 40.891735], [14.2933189, 40.8906465]]}}, {"type": "Feature", "properties": {"id": "SS-NAP-2160", "nome": "Via Vesuvio", "quartiere": "", "classificazione": "giallo", "score": 3, "note": "strada urbana senza ciclabile", "ciclabile": "no", "n_corsie": "2", "senso_unico": "no", "n_testimonianze": "0", "zona": "B2"}, "geometry": {"type": "MultiLineString", "coordinates": [[[14.2921433, 40.8570771], [14.2921286, 40.8571494], [14.2920964, 40.8573084], [14.2920142, 40.8577132], [14.2919991, 40.8577875], [14.291862, 40.8584645], [14.2918551, 40.8584971]], [[14.2915257, 40.859939], [14.2915016, 40.8598663], [14.2914956, 40.859848], [14.2914926, 40.8598283], [14.2916177, 40.8590784], [14.2916157, 40.8590273], [14.2916048, 40.8589778], [14.2915999, 40.8589557], [14.2915684, 40.8588961], [14.2915118, 40.8588516]], [[14.2918551, 40.8584971], [14.2918245, 40.8587056]], [[14.2915257, 40.859939], [14.2915882, 40.8598651], [14.2915954, 40.8598544], [14.291599, 40.8598425], [14.2917785, 40.8589782], [14.2917985, 40.8588819]], [[14.2914317, 40.8604743], [14.2915134, 40.8600092], [14.2915257, 40.859939]], [[14.2911591, 40.8617927], [14.2911866, 40.8616595], [14.2914101, 40.8605787], [14.2914317, 40.8604743]], [[14.2918245, 40.8587056], [14.2917985, 40.8588819]]]}}, {"type": "Feature", "properties": {"id": "SS-NAP-2169", "nome": "Via Vicinale Cannola", "quartiere": "", "classificazione": "giallo", "score": 3, "note": "strada urbana senza ciclabile", "ciclabile": "no", "n_corsie": "2", "senso_unico": "no", "n_testimonianze": "0", "zona": "B2"}, "geometry": {"type": "LineString", "coordinates": [[14.281277, 40.8639201], [14.2811711, 40.8640388], [14.2808246, 40.8644967], [14.2808084, 40.864512], [14.2807885, 40.8645298], [14.2807615, 40.864544], [14.2807276, 40.8645521], [14.2758803, 40.8653571], [14.2757583, 40.8653774]]}}, {"type": "Feature", "properties": {"id": "SS-NAP-2174", "nome": "Via Vicinale Cupa San Severino", "quartiere": "", "classificazione": "giallo", "score": 3, "note": "strada urbana senza ciclabile", "ciclabile": "no", "n_corsie": "2", "senso_unico": "no", "n_testimonianze": "0", "zona": "B2"}, "geometry": {"type": "LineString", "coordinates": [[14.3066289, 40.8752126], [14.3066515, 40.8751819], [14.306754, 40.8750424], [14.3077788, 40.8736284], [14.3079435, 40.8733775], [14.308132, 40.8728578], [14.3081373, 40.8728288], [14.3083113, 40.8718786]]}}, {"type": "Feature", "properties": {"id": "SS-NAP-2178", "nome": "Via Vicinale Lettieri", "quartiere": "", "classificazione": "giallo", "score": 3, "note": "strada urbana senza ciclabile", "ciclabile": "no", "n_corsie": "2", "senso_unico": "no", "n_testimonianze": "0", "zona": "B2"}, "geometry": {"type": "LineString", "coordinates": [[14.3350149, 40.8581532], [14.3350556, 40.8581589], [14.3350937, 40.858168], [14.3354294, 40.8583176], [14.3357134, 40.8584191], [14.3358116, 40.8584537], [14.3358736, 40.8584941], [14.3359252, 40.8585385], [14.3361647, 40.858754], [14.3361976, 40.8587804], [14.3362355, 40.8588045], [14.3362797, 40.8588242], [14.3363286, 40.8588406], [14.3368896, 40.8590025], [14.3370244, 40.8590413]]}}, {"type": "Feature", "properties": {"id": "SS-NAP-2186", "nome": "Via Vicinale Porchiano", "quartiere": "", "classificazione": "giallo", "score": 3, "note": "strada urbana senza ciclabile", "ciclabile": "no", "n_corsie": "2", "senso_unico": "no", "n_testimonianze": "0", "zona": "B2"}, "geometry": {"type": "LineString", "coordinates": [[14.3284716, 40.870049], [14.3288097, 40.8697102], [14.328863, 40.8696466], [14.3289054, 40.8695893], [14.3290359, 40.8693651], [14.3293839, 40.8687659], [14.3293924, 40.868706], [14.329388, 40.8686743], [14.3293703, 40.8686375]]}}, {"type": "Feature", "properties": {"id": "SS-NAP-2187", "nome": "Via Vicinale Rondinella", "quartiere": "", "classificazione": "giallo", "score": 3, "note": "strada urbana senza ciclabile", "ciclabile": "no", "n_corsie": "2", "senso_unico": "no", "n_testimonianze": "0", "zona": "B2"}, "geometry": {"type": "MultiLineString", "coordinates": [[[14.3160272, 40.8540204], [14.3166618, 40.8533019], [14.3166934, 40.8532658]], [[14.3153815, 40.8546958], [14.3154213, 40.8546825], [14.3154477, 40.8546692], [14.3154609, 40.8546603], [14.3154685, 40.854653], [14.3160272, 40.8540204]]]}}, {"type": "Feature", "properties": {"id": "SS-NAP-2190", "nome": "Via Vicinale Tierzo", "quartiere": "", "classificazione": "giallo", "score": 3, "note": "strada urbana senza ciclabile", "ciclabile": "no", "n_corsie": "2", "senso_unico": "si", "n_testimonianze": "0", "zona": "B2"}, "geometry": {"type": "MultiLineString", "coordinates": [[[14.3182541, 40.8545429], [14.3183712, 40.8544655]], [[14.3184327, 40.8545599], [14.3183721, 40.854549], [14.3182541, 40.8545429]], [[14.3170467, 40.8620992], [14.317326, 40.8614601], [14.3173995, 40.8612974], [14.3175008, 40.8610735], [14.3176617, 40.8607067], [14.3179987, 40.8598628], [14.3183195, 40.8589212], [14.3183442, 40.8588129], [14.3183698, 40.8586392], [14.3183919, 40.8584348], [14.3183077, 40.8581247], [14.3182684, 40.8579126], [14.3182145, 40.8575924]], [[14.3180549, 40.8546948], [14.3181049, 40.8546207], [14.3181924, 40.8545733], [14.3182541, 40.8545429]], [[14.3182145, 40.8575924], [14.3181712, 40.8574619], [14.3181236, 40.8573436], [14.3180321, 40.8571445], [14.3179553, 40.8568933], [14.3178785, 40.856618], [14.3178028, 40.8563036], [14.3177498, 40.8559863], [14.3177482, 40.8557727], [14.3177885, 40.855455], [14.3178429, 40.8552463], [14.3180017, 40.8548226], [14.3180549, 40.8546948]]]}}, {"type": "Feature", "properties": {"id": "SS-NAP-2193", "nome": "Via Vicinale Vallone di Miano", "quartiere": "", "classificazione": "giallo", "score": 3, "note": "strada urbana senza ciclabile", "ciclabile": "no", "n_corsie": "2", "senso_unico": "no", "n_testimonianze": "0", "zona": "B2"}, "geometry": {"type": "LineString", "coordinates": [[14.2618594, 40.8842926], [14.2621694, 40.8848225], [14.2622015, 40.8848702], [14.2622378, 40.8849204], [14.2622575, 40.8849451], [14.26228, 40.8849697], [14.2623009, 40.8849997], [14.2623206, 40.8850381], [14.2623482, 40.8851144], [14.2623666, 40.8851776], [14.262439, 40.8854524], [14.2624743, 40.8856012], [14.2624888, 40.8856983]]}}, {"type": "Feature", "properties": {"id": "SS-NAP-2198", "nome": "Via Vicinale di Piscinola", "quartiere": "", "classificazione": "giallo", "score": 3, "note": "strada urbana senza ciclabile", "ciclabile": "no", "n_corsie": "2", "senso_unico": "no", "n_testimonianze": "0", "zona": "B2"}, "geometry": {"type": "LineString", "coordinates": [[14.2538264, 40.8884507], [14.2537735, 40.8884815], [14.2537104, 40.8885365], [14.253642, 40.8886068], [14.2534624, 40.8888002], [14.2533621, 40.8888981], [14.2531957, 40.8890352], [14.2529995, 40.8891685], [14.252723, 40.8893182], [14.2524544, 40.8894378], [14.2522095, 40.8895339], [14.2519738, 40.8895903], [14.2517672, 40.889639], [14.2515391, 40.8897193], [14.251473, 40.8897425]]}}, {"type": "Feature", "properties": {"id": "SS-NAP-2211", "nome": "Via Vincenzo De Giaxa", "quartiere": "", "classificazione": "giallo", "score": 3, "note": "strada urbana senza ciclabile", "ciclabile": "no", "n_corsie": "2", "senso_unico": "si", "n_testimonianze": "0", "zona": "B2"}, "geometry": {"type": "MultiLineString", "coordinates": [[[14.2790467, 40.8692195], [14.279111, 40.8692502], [14.2793124, 40.8693465], [14.2793888, 40.8693832], [14.279454, 40.8694405], [14.2798072, 40.8700356], [14.2799132, 40.8702622], [14.2799902, 40.8703443], [14.2801928, 40.8704864], [14.280536, 40.8707622], [14.2807713, 40.87089], [14.2808475, 40.8709314], [14.2810128, 40.8709957]], [[14.2798072, 40.8700356], [14.2798486, 40.8700211], [14.2804706, 40.8698036]], [[14.2810128, 40.8709957], [14.2812438, 40.8710949]], [[14.2812438, 40.8710949], [14.2815247, 40.8712771], [14.2820575, 40.8717321], [14.2821807, 40.8718453], [14.2821878, 40.8718519], [14.2822328, 40.8718938]]]}}, {"type": "Feature", "properties": {"id": "SS-NAP-2215", "nome": "Via Vincenzo Ingangi", "quartiere": "", "classificazione": "giallo", "score": 3, "note": "strada urbana senza ciclabile", "ciclabile": "no", "n_corsie": "2", "senso_unico": "no", "n_testimonianze": "0", "zona": "B2"}, "geometry": {"type": "LineString", "coordinates": [[14.3190478, 40.8623024], [14.3192229, 40.8617505], [14.3192347, 40.8616695], [14.3192375, 40.8616011], [14.3192234, 40.8615072], [14.3191362, 40.8611773], [14.3183919, 40.8584348]]}}, {"type": "Feature", "properties": {"id": "SS-NAP-2216", "nome": "Via Vincenzo Irolli", "quartiere": "", "classificazione": "blu", "score": 2, "note": "accesso limitato (ZTL)", "ciclabile": "no", "n_corsie": "1", "senso_unico": "no", "n_testimonianze": "0", "zona": "B2"}, "geometry": {"type": "MultiLineString", "coordinates": [[[14.2498012, 40.8624356], [14.2498484, 40.8624993], [14.2500513, 40.8627686], [14.250118, 40.8628576], [14.2501255, 40.8628803], [14.2501197, 40.8629035], [14.2500848, 40.8629354]], [[14.2498068, 40.8637857], [14.2498313, 40.8638406], [14.2498759, 40.863892], [14.2499147, 40.8639273], [14.2502958, 40.8642346], [14.2503132, 40.864272], [14.2503093, 40.8643084], [14.2503008, 40.8643589], [14.2502724, 40.8644078], [14.2500802, 40.8645682], [14.2500183, 40.8646165], [14.2499298, 40.8646657], [14.2498362, 40.864698], [14.249173, 40.8648477], [14.2491226, 40.8648673], [14.2490997, 40.8648901], [14.2490848, 40.8649301], [14.2490834, 40.8649689], [14.2491138, 40.8649975], [14.2491642, 40.8650134], [14.2492179, 40.8650124], [14.2494151, 40.8649475], [14.2497128, 40.8648582], [14.2497765, 40.8648509], [14.2498509, 40.8648638], [14.2499094, 40.8648821], [14.249937, 40.8648979], [14.249993, 40.8649374], [14.2500346, 40.8650023], [14.2500319, 40.8650647], [14.2499998, 40.865127], [14.2499764, 40.8651661], [14.2499368, 40.8652011], [14.2498764, 40.8652294], [14.2496216, 40.8652862], [14.2495784, 40.8653009], [14.2495507, 40.8653168], [14.249499, 40.8653732], [14.2494557, 40.865447], [14.2494666, 40.8655342]], [[14.2500848, 40.8629354], [14.2498935, 40.8634587], [14.249863, 40.8635405], [14.2498103, 40.8636818], [14.2498031, 40.8637304], [14.2498068, 40.8637857]], [[14.249863, 40.8635405], [14.2501235, 40.8635136], [14.2505094, 40.8634784], [14.250586, 40.8634737], [14.2506602, 40.8634793], [14.2507332, 40.8634924], [14.2509773, 40.863565]]]}}, {"type": "Feature", "properties": {"id": "SS-NAP-2218", "nome": "Via Vincenzo Lanza", "quartiere": "", "classificazione": "giallo", "score": 3, "note": "strada urbana senza ciclabile", "ciclabile": "no", "n_corsie": "2", "senso_unico": "no", "n_testimonianze": "0", "zona": "B2"}, "geometry": {"type": "MultiLineString", "coordinates": [[[14.2631672, 40.8577617], [14.2629544, 40.8576601], [14.262922, 40.8576446]], [[14.262922, 40.8576446], [14.2628529, 40.8576116], [14.262426, 40.8574077], [14.2623829, 40.8573871]]]}}, {"type": "Feature", "properties": {"id": "SS-NAP-2224", "nome": "Via Vincenzo Petagna", "quartiere": "", "classificazione": "giallo", "score": 3, "note": "strada urbana senza ciclabile", "ciclabile": "no", "n_corsie": "2", "senso_unico": "si", "n_testimonianze": "0", "zona": "B2"}, "geometry": {"type": "LineString", "coordinates": [[14.2619681, 40.8587404], [14.2619258, 40.8587023], [14.2615892, 40.8583994], [14.2615451, 40.8583597]]}}, {"type": "Feature", "properties": {"id": "SS-NAP-2231", "nome": "Via Vincenzo de Monte", "quartiere": "", "classificazione": "giallo", "score": 3, "note": "strada urbana senza ciclabile", "ciclabile": "no", "n_corsie": "2", "senso_unico": "no", "n_testimonianze": "0", "zona": "B2"}, "geometry": {"type": "LineString", "coordinates": [[14.2509024, 40.8568616], [14.251067, 40.8573076], [14.2516936, 40.8572059]]}}, {"type": "Feature", "properties": {"id": "SS-NAP-2232", "nome": "Via Virginia Wolf", "quartiere": "", "classificazione": "giallo", "score": 3, "note": "strada urbana senza ciclabile", "ciclabile": "no", "n_corsie": "2", "senso_unico": "si", "n_testimonianze": "0", "zona": "B2"}, "geometry": {"type": "MultiLineString", "coordinates": [[[14.3467531, 40.8611403], [14.3468101, 40.8610403]], [[14.3467531, 40.8611403], [14.3467742, 40.8612313], [14.3467693, 40.8612898], [14.3467396, 40.8613763], [14.3461469, 40.8625009], [14.3459719, 40.8627673], [14.3442663, 40.8649898], [14.3442246, 40.86506], [14.3441805, 40.8651724], [14.3441391, 40.8652895]], [[14.3438164, 40.8651435], [14.3439873, 40.8650588], [14.3440624, 40.8650101], [14.344159, 40.864929], [14.3458118, 40.8627562], [14.3459463, 40.8625485], [14.3466063, 40.8612851]], [[14.3468101, 40.8610403], [14.346869, 40.8609586], [14.3482904, 40.8582858], [14.3486293, 40.8576396], [14.3489375, 40.8570075], [14.3490169, 40.856822], [14.3491623, 40.8564702], [14.3491705, 40.8564235]], [[14.3466063, 40.8612851], [14.3467531, 40.8611403]]]}}, {"type": "Feature", "properties": {"id": "SS-NAP-2233", "nome": "Via Vita alla Sanità", "quartiere": "", "classificazione": "giallo", "score": 3, "note": "strada urbana senza ciclabile", "ciclabile": "no", "n_corsie": "2", "senso_unico": "no", "n_testimonianze": "0", "zona": "B2"}, "geometry": {"type": "MultiLineString", "coordinates": [[[14.2480356, 40.8592297], [14.2481628, 40.859265], [14.2482856, 40.8593133]], [[14.2474762, 40.8590431], [14.2474911, 40.8590357], [14.2475144, 40.8590302], [14.2475393, 40.8590301]], [[14.2480356, 40.8592297], [14.2480042, 40.8592215], [14.2479728, 40.8592132], [14.2479276, 40.8592021]], [[14.2479878, 40.8590884], [14.2479957, 40.8591562]], [[14.2458606, 40.8587948], [14.245911, 40.8588246], [14.2459765, 40.8588456], [14.246041, 40.858859], [14.2463804, 40.8589204], [14.2468084, 40.8589759], [14.2469733, 40.8589885]], [[14.2467383, 40.859114], [14.2467862, 40.859083]], [[14.2467862, 40.859083], [14.2468084, 40.8589759]], [[14.2482856, 40.8593133], [14.2485758, 40.8593791], [14.2487482, 40.8594045], [14.2488304, 40.8594117], [14.2488767, 40.8594145], [14.2489012, 40.859416], [14.2489297, 40.8594151], [14.2489581, 40.8594107], [14.2490081, 40.8593985]], [[14.2475393, 40.8590301], [14.2477142, 40.8590459], [14.2478784, 40.8590693], [14.2479496, 40.8590821], [14.2479878, 40.8590884]], [[14.2474693, 40.8590488], [14.2474762, 40.8590431]], [[14.2479957, 40.8591562], [14.2479825, 40.8591743], [14.2479712, 40.8591847], [14.2479617, 40.8591908], [14.2479521, 40.8591969], [14.2479276, 40.8592021]], [[14.2479957, 40.8591562], [14.2479991, 40.8591686], [14.248006, 40.8591933], [14.2480183, 40.8592164], [14.2480356, 40.8592297]]]}}, {"type": "Feature", "properties": {"id": "SS-NAP-2238", "nome": "Via Vittorio Alfieri", "quartiere": "", "classificazione": "giallo", "score": 3, "note": "strada urbana senza ciclabile", "ciclabile": "no", "n_corsie": "2", "senso_unico": "si", "n_testimonianze": "0", "zona": "B2"}, "geometry": {"type": "LineString", "coordinates": [[14.3330295, 40.8635938], [14.3329442, 40.8634712], [14.3329186, 40.8634479], [14.3328795, 40.8634214], [14.3328219, 40.8634046], [14.3327451, 40.8633977], [14.3326413, 40.8633998], [14.3325894, 40.8634039], [14.3324413, 40.8634293], [14.3323627, 40.8634489], [14.3322766, 40.8634754], [14.3321322, 40.8635249], [14.3320505, 40.8635453], [14.3319773, 40.8635621], [14.3288376, 40.8640586]]}}, {"type": "Feature", "properties": {"id": "SS-NAP-2239", "nome": "Via Vittorio Cinquegrana", "quartiere": "", "classificazione": "giallo", "score": 3, "note": "strada urbana senza ciclabile", "ciclabile": "no", "n_corsie": "2", "senso_unico": "no", "n_testimonianze": "0", "zona": "B2"}, "geometry": {"type": "LineString", "coordinates": [[14.3369273, 40.8539621], [14.3369883, 40.8538288], [14.3370349, 40.8537392], [14.3374004, 40.852988], [14.3374336, 40.8529198]]}}, {"type": "Feature", "properties": {"id": "SS-NAP-2240", "nome": "Via Vittorio De Sica", "quartiere": "", "classificazione": "giallo", "score": 3, "note": "strada urbana senza ciclabile", "ciclabile": "no", "n_corsie": "2", "senso_unico": "si", "n_testimonianze": "0", "zona": "B2"}, "geometry": {"type": "LineString", "coordinates": [[14.2508774, 40.8554824], [14.2514282, 40.8555875]]}}, {"type": "Feature", "properties": {"id": "SS-NAP-2243", "nome": "Via Vittorio Emanuele III a Secondigliano", "quartiere": "", "classificazione": "giallo", "score": 3, "note": "strada urbana senza ciclabile", "ciclabile": "no", "n_corsie": "2", "senso_unico": "si", "n_testimonianze": "0", "zona": "B2"}, "geometry": {"type": "LineString", "coordinates": [[14.2632272, 40.8947602], [14.2631716, 40.894432], [14.263147, 40.8942606], [14.2630457, 40.8941289], [14.2627662, 40.8937659], [14.2625938, 40.8935419], [14.2619427, 40.8927389], [14.2615464, 40.8922493], [14.2614822, 40.8922131]]}}, {"type": "Feature", "properties": {"id": "SS-NAP-2247", "nome": "Via Yuri Gagarin", "quartiere": "", "classificazione": "giallo", "score": 3, "note": "strada urbana senza ciclabile", "ciclabile": "no", "n_corsie": "2", "senso_unico": "no", "n_testimonianze": "0", "zona": "B2"}, "geometry": {"type": "LineString", "coordinates": [[14.2905575, 40.8908738], [14.2894689, 40.8919215], [14.2889444, 40.8924379], [14.2889071, 40.892472]]}}, {"type": "Feature", "properties": {"id": "SS-NAP-2248", "nome": "Via Zara", "quartiere": "", "classificazione": "giallo", "score": 3, "note": "strada urbana senza ciclabile", "ciclabile": "no", "n_corsie": "2", "senso_unico": "si", "n_testimonianze": "0", "zona": "B2"}, "geometry": {"type": "MultiLineString", "coordinates": [[[14.2774689, 40.8617842], [14.2783627, 40.8606924], [14.2783985, 40.8606486]], [[14.2764408, 40.8628656], [14.2765085, 40.8628514], [14.2774689, 40.8617842]]]}}, {"type": "Feature", "properties": {"id": "SS-NAP-2256", "nome": "Via degli Artigiani", "quartiere": "", "classificazione": "giallo", "score": 3, "note": "strada urbana senza ciclabile", "ciclabile": "no", "n_corsie": "2", "senso_unico": "no", "n_testimonianze": "0", "zona": "B2"}, "geometry": {"type": "LineString", "coordinates": [[14.2650344, 40.8970304], [14.2656136, 40.8964456], [14.2658464, 40.8962057], [14.2664095, 40.8956212]]}}, {"type": "Feature", "properties": {"id": "SS-NAP-2257", "nome": "Via degli Incarnati", "quartiere": "", "classificazione": "giallo", "score": 3, "note": "strada urbana senza ciclabile", "ciclabile": "no", "n_corsie": "2", "senso_unico": "si", "n_testimonianze": "0", "zona": "B2"}, "geometry": {"type": "LineString", "coordinates": [[14.268793, 40.8576357], [14.2688148, 40.8576104], [14.2690383, 40.8573512], [14.2690658, 40.8573193], [14.2690924, 40.8572885], [14.269304, 40.857043], [14.2693273, 40.857016]]}}, {"type": "Feature", "properties": {"id": "SS-NAP-2258", "nome": "Via degli Ortolani", "quartiere": "", "classificazione": "giallo", "score": 3, "note": "strada urbana senza ciclabile", "ciclabile": "no", "n_corsie": "2", "senso_unico": "no", "n_testimonianze": "0", "zona": "B2"}, "geometry": {"type": "MultiLineString", "coordinates": [[[14.2844589, 40.8915545], [14.2848023, 40.891078]], [[14.2830583, 40.8908471], [14.2834994, 40.891083], [14.2843645, 40.8915032], [14.2844029, 40.8915254], [14.2844589, 40.8915545], [14.2853642, 40.8919058], [14.2855232, 40.8919675], [14.2863317, 40.8922334], [14.2864334, 40.892298]], [[14.2827881, 40.8906803], [14.282873, 40.8907583], [14.2830583, 40.8908471]]]}}, {"type": "Feature", "properties": {"id": "SS-NAP-2261", "nome": "Via degli Zingari", "quartiere": "", "classificazione": "giallo", "score": 3, "note": "strada urbana senza ciclabile", "ciclabile": "no", "n_corsie": "2", "senso_unico": "si", "n_testimonianze": "0", "zona": "B2"}, "geometry": {"type": "LineString", "coordinates": [[14.2698183, 40.8572674], [14.2697914, 40.8572999], [14.2695547, 40.8575865], [14.2695318, 40.8576143], [14.2695057, 40.8576459], [14.269247, 40.8579591], [14.2692238, 40.8579872]]}}, {"type": "Feature", "properties": {"id": "SS-NAP-2262", "nome": "Via dei Bonifaci", "quartiere": "", "classificazione": "rosso", "score": 4, "note": "strada principale trafficata", "ciclabile": "no", "n_corsie": "2", "senso_unico": "no", "n_testimonianze": "0", "zona": "B2"}, "geometry": {"type": "MultiLineString", "coordinates": [[[14.2926315, 40.8605936], [14.2926224, 40.8607039], [14.2925008, 40.8621846], [14.2924915, 40.8622973], [14.2924877, 40.8623744]], [[14.2927299, 40.859974], [14.2927108, 40.8600653], [14.2926909, 40.8601622], [14.2926754, 40.8602411], [14.2926577, 40.8603313], [14.2926489, 40.8603876], [14.2926413, 40.8604497], [14.2926315, 40.8605936]]]}}, {"type": "Feature", "properties": {"id": "SS-NAP-2263", "nome": "Via dei Bottari", "quartiere": "", "classificazione": "giallo", "score": 3, "note": "strada urbana senza ciclabile", "ciclabile": "no", "n_corsie": "2", "senso_unico": "no", "n_testimonianze": "0", "zona": "B2"}, "geometry": {"type": "MultiLineString", "coordinates": [[[14.2890725, 40.892627], [14.2890467, 40.8926483], [14.2885577, 40.893052], [14.2881102, 40.8928872]], [[14.28829, 40.8932721], [14.2884661, 40.8931177], [14.2885577, 40.893052]], [[14.2864334, 40.892298], [14.2869673, 40.8924925], [14.2881102, 40.8928872]]]}}, {"type": "Feature", "properties": {"id": "SS-NAP-2265", "nome": "Via dei Calzolai", "quartiere": "", "classificazione": "giallo", "score": 3, "note": "strada urbana senza ciclabile", "ciclabile": "no", "n_corsie": "2", "senso_unico": "no", "n_testimonianze": "0", "zona": "B2"}, "geometry": {"type": "LineString", "coordinates": [[14.2849294, 40.8944416], [14.2860116, 40.8935576]]}}, {"type": "Feature", "properties": {"id": "SS-NAP-2267", "nome": "Via dei Cetrangolari", "quartiere": "", "classificazione": "giallo", "score": 3, "note": "strada urbana senza ciclabile", "ciclabile": "no", "n_corsie": "2", "senso_unico": "no", "n_testimonianze": "0", "zona": "B2"}, "geometry": {"type": "LineString", "coordinates": [[14.2838793, 40.8937998], [14.2848589, 40.8929694]]}}, {"type": "Feature", "properties": {"id": "SS-NAP-2271", "nome": "Via dei Faenzari", "quartiere": "", "classificazione": "giallo", "score": 3, "note": "strada urbana senza ciclabile", "ciclabile": "no", "n_corsie": "2", "senso_unico": "no", "n_testimonianze": "0", "zona": "B2"}, "geometry": {"type": "LineString", "coordinates": [[14.2836839, 40.8935805], [14.2839307, 40.8933778], [14.2846167, 40.8928246]]}}, {"type": "Feature", "properties": {"id": "SS-NAP-2272", "nome": "Via dei Falegnami", "quartiere": "", "classificazione": "giallo", "score": 3, "note": "strada urbana senza ciclabile", "ciclabile": "no", "n_corsie": "2", "senso_unico": "si", "n_testimonianze": "0", "zona": "B2"}, "geometry": {"type": "MultiLineString", "coordinates": [[[14.2809545, 40.8901621], [14.2810052, 40.8901969], [14.2816572, 40.8906438], [14.2820039, 40.8909012], [14.2822963, 40.8910542], [14.2826065, 40.8913107]], [[14.2826075, 40.8908163], [14.2822963, 40.8910542]]]}}, {"type": "Feature", "properties": {"id": "SS-NAP-2277", "nome": "Via dei Melangolari", "quartiere": "", "classificazione": "giallo", "score": 3, "note": "strada urbana senza ciclabile", "ciclabile": "no", "n_corsie": "2", "senso_unico": "no", "n_testimonianze": "0", "zona": "B2"}, "geometry": {"type": "LineString", "coordinates": [[14.283851, 40.8945734], [14.2854511, 40.8932263]]}}, {"type": "Feature", "properties": {"id": "SS-NAP-2281", "nome": "Via dei Padulani", "quartiere": "", "classificazione": "giallo", "score": 3, "note": "strada urbana senza ciclabile", "ciclabile": "no", "n_corsie": "2", "senso_unico": "si", "n_testimonianze": "0", "zona": "B2"}, "geometry": {"type": "LineString", "coordinates": [[14.2830583, 40.8908471], [14.2836229, 40.8902731], [14.2836488, 40.8902468]]}}, {"type": "Feature", "properties": {"id": "SS-NAP-2284", "nome": "Via dei Reggiolari", "quartiere": "", "classificazione": "giallo", "score": 3, "note": "strada urbana senza ciclabile", "ciclabile": "no", "n_corsie": "2", "senso_unico": "no", "n_testimonianze": "0", "zona": "B2"}, "geometry": {"type": "LineString", "coordinates": [[14.2812498, 40.891853], [14.2814846, 40.8920112], [14.2820161, 40.8915592], [14.2821568, 40.8915754], [14.2822436, 40.8916117], [14.2826065, 40.8913107], [14.2829214, 40.8910568]]}}, {"type": "Feature", "properties": {"id": "SS-NAP-2285", "nome": "Via dei Sartori", "quartiere": "", "classificazione": "giallo", "score": 3, "note": "strada urbana senza ciclabile", "ciclabile": "no", "n_corsie": "2", "senso_unico": "si", "n_testimonianze": "0", "zona": "B2"}, "geometry": {"type": "LineString", "coordinates": [[14.2840312, 40.8904761], [14.2840144, 40.8904952], [14.2834994, 40.891083], [14.2831784, 40.8914387]]}}, {"type": "Feature", "properties": {"id": "SS-NAP-2286", "nome": "Via dei Tessitori di Seta", "quartiere": "", "classificazione": "giallo", "score": 3, "note": "strada urbana senza ciclabile", "ciclabile": "no", "n_corsie": "2", "senso_unico": "no", "n_testimonianze": "0", "zona": "B2"}, "geometry": {"type": "MultiLineString", "coordinates": [[[14.2647233, 40.8967658], [14.2654358, 40.8959851], [14.2657897, 40.895596], [14.2658533, 40.8955578], [14.2659936, 40.8954743], [14.2660254, 40.895436], [14.2662237, 40.895228]], [[14.2662237, 40.895228], [14.2664034, 40.8950261]]]}}, {"type": "Feature", "properties": {"id": "SS-NAP-2288", "nome": "Via dei Vergini", "quartiere": "", "classificazione": "giallo", "score": 3, "note": "strada urbana senza ciclabile", "ciclabile": "no", "n_corsie": "2", "senso_unico": "si", "n_testimonianze": "0", "zona": "B2"}, "geometry": {"type": "LineString", "coordinates": [[14.2553828, 40.8563679], [14.2550554, 40.8566056], [14.2542082, 40.8572197]]}}, {"type": "Feature", "properties": {"id": "SS-NAP-2289", "nome": "Via del Camposanto", "quartiere": "", "classificazione": "giallo", "score": 3, "note": "strada urbana senza ciclabile", "ciclabile": "no", "n_corsie": "2", "senso_unico": "no", "n_testimonianze": "0", "zona": "B2"}, "geometry": {"type": "MultiLineString", "coordinates": [[[14.2626761, 40.8951065], [14.2633973, 40.8956379], [14.2640188, 40.8961666], [14.2643058, 40.8964107], [14.2647233, 40.8967658], [14.2650344, 40.8970304]], [[14.2650344, 40.8970304], [14.2655441, 40.8974732], [14.2657507, 40.8975842], [14.2659832, 40.8977092], [14.2661996, 40.8978242], [14.2662969, 40.8978778]]]}}, {"type": "Feature", "properties": {"id": "SS-NAP-2291", "nome": "Via del Cassano", "quartiere": "", "classificazione": "rosso", "score": 4, "note": "strada secondaria trafficata", "ciclabile": "no", "n_corsie": "2", "senso_unico": "si", "n_testimonianze": "0", "zona": "B2"}, "geometry": {"type": "MultiLineString", "coordinates": [[[14.2713288, 40.8826732], [14.2713468, 40.8827309], [14.2715668, 40.8834694], [14.2717476, 40.884023], [14.271741, 40.8842211], [14.271722, 40.8843805], [14.2716866, 40.8845476], [14.2716171, 40.8847859], [14.2714482, 40.8851965], [14.2712628, 40.8856436]], [[14.2628546, 40.9020115], [14.2628159, 40.9021526], [14.2628273, 40.9022271], [14.262869, 40.9023001], [14.2629106, 40.9023503], [14.2629853, 40.9024081]], [[14.262299, 40.9023053], [14.2624356, 40.9023001], [14.2625486, 40.9022714], [14.2626545, 40.9021985], [14.2628546, 40.9020115]], [[14.2712628, 40.8856436], [14.2712484, 40.8856747], [14.2711541, 40.8858783], [14.271097, 40.885981], [14.2709453, 40.8862535], [14.270874, 40.8863844]], [[14.2700454, 40.8895808], [14.2700102, 40.8900313]], [[14.2700113, 40.8901583], [14.2700151, 40.8902322], [14.2700401, 40.8906089], [14.2700526, 40.8906858], [14.2701551, 40.8913182], [14.2701703, 40.891429], [14.2702014, 40.8916538], [14.2702697, 40.8922289], [14.2703468, 40.8929352], [14.27039, 40.8933206], [14.2702761, 40.8935739], [14.2699856, 40.8939679]], [[14.2700102, 40.8900313], [14.2700113, 40.8901583]], [[14.2644624, 40.9011318], [14.2644341, 40.9011464], [14.2643954, 40.9011662], [14.2638431, 40.9013789], [14.2632951, 40.9016152], [14.2628546, 40.9020115]], [[14.2694119, 40.8945001], [14.2690007, 40.8949038], [14.2689059, 40.8950064], [14.2686595, 40.8952891], [14.2681487, 40.8958752], [14.2680636, 40.8959729], [14.2679736, 40.8960761], [14.2676219, 40.8964797], [14.2674909, 40.89663], [14.2669499, 40.8971315], [14.2667403, 40.8973339], [14.2663789, 40.8977772], [14.2663573, 40.8978037], [14.2662969, 40.8978778], [14.2662359, 40.8979718], [14.2662213, 40.8979942], [14.266154, 40.898098], [14.2659927, 40.8983476], [14.2658773, 40.8985244], [14.2656198, 40.8990564], [14.2654206, 40.8994128], [14.2653152, 40.8996934], [14.2651422, 40.9001317], [14.2650906, 40.9002623], [14.2648928, 40.9007797], [14.2648136, 40.9008932], [14.2647207, 40.90098], [14.2645698, 40.9010725], [14.264527, 40.9010987], [14.2644624, 40.9011318]], [[14.270874, 40.8863844], [14.2706216, 40.8868386], [14.2705392, 40.8869956], [14.2704833, 40.8871022], [14.2703341, 40.8873852], [14.2702692, 40.8875334], [14.2701976, 40.8877205], [14.2701488, 40.8878817], [14.2701281, 40.8879656], [14.2701086, 40.8881165], [14.2700953, 40.8882324], [14.270085, 40.8883227], [14.2700812, 40.8884488], [14.2700806, 40.8884678], [14.2700745, 40.8886692], [14.2700707, 40.8887961], [14.2700622, 40.8890744], [14.2700606, 40.8891269], [14.2700584, 40.8892008], [14.2700454, 40.8895808]]]}}, {"type": "Feature", "properties": {"id": "SS-NAP-2292", "nome": "Via del Cervino", "quartiere": "", "classificazione": "giallo", "score": 3, "note": "strada urbana senza ciclabile", "ciclabile": "no", "n_corsie": "2", "senso_unico": "no", "n_testimonianze": "0", "zona": "B2"}, "geometry": {"type": "MultiLineString", "coordinates": [[[14.2519288, 40.9004539], [14.2520763, 40.9004476], [14.2522447, 40.9003807], [14.252749, 40.9001171], [14.252926, 40.8999144], [14.252513, 40.899367], [14.2522327, 40.8990099]], [[14.2520266, 40.8991032], [14.2519516, 40.8990018], [14.2516868, 40.8985966], [14.251641, 40.8985286], [14.2515496, 40.8984098], [14.2513743, 40.8982452], [14.2512281, 40.8981293], [14.2511557, 40.8980697], [14.2510762, 40.8979558], [14.2510168, 40.8978708]]]}}, {"type": "Feature", "properties": {"id": "SS-NAP-2293", "nome": "Via del Cimitero", "quartiere": "", "classificazione": "giallo", "score": 3, "note": "strada urbana senza ciclabile", "ciclabile": "no", "n_corsie": "2", "senso_unico": "no", "n_testimonianze": "0", "zona": "B2"}, "geometry": {"type": "MultiLineString", "coordinates": [[[14.2553427, 40.887764], [14.2553816, 40.8880815], [14.2553944, 40.8881747], [14.2554288, 40.8883422], [14.2554231, 40.8883949], [14.2553881, 40.888441], [14.2553004, 40.8884819], [14.2551365, 40.8885354], [14.255068, 40.88855], [14.2550099, 40.8885508], [14.2549456, 40.8885295], [14.2547066, 40.8884345], [14.2546471, 40.8884183], [14.254553, 40.888415], [14.254198, 40.8884383], [14.2539389, 40.8884534], [14.2538264, 40.8884507], [14.253801, 40.888362], [14.2536598, 40.8881734], [14.2533963, 40.8878326]], [[14.2533963, 40.8878326], [14.2533244, 40.8877451]], [[14.2533244, 40.8877451], [14.2532805, 40.8877028]]]}}, {"type": "Feature", "properties": {"id": "SS-NAP-2294", "nome": "Via del Clivio", "quartiere": "", "classificazione": "giallo", "score": 3, "note": "strada urbana senza ciclabile", "ciclabile": "no", "n_corsie": "2", "senso_unico": "no", "n_testimonianze": "0", "zona": "B2"}, "geometry": {"type": "MultiLineString", "coordinates": [[[14.2887184, 40.894633], [14.2887215, 40.8945275], [14.2888785, 40.8942543]], [[14.2867492, 40.8936278], [14.2867756, 40.8937327], [14.286936, 40.8940286], [14.2869365, 40.8940835], [14.2868172, 40.894341], [14.2868043, 40.8944078], [14.2868822, 40.8944381], [14.2880214, 40.8947821], [14.2881154, 40.894784], [14.2882151, 40.894772], [14.2887184, 40.894633]], [[14.2892012, 40.8945122], [14.2894797, 40.8944401]], [[14.2887184, 40.894633], [14.2892012, 40.8945122]]]}}, {"type": "Feature", "properties": {"id": "SS-NAP-2300", "nome": "Via del Gran Paradiso", "quartiere": "", "classificazione": "giallo", "score": 3, "note": "strada urbana senza ciclabile", "ciclabile": "no", "n_corsie": "2", "senso_unico": "no", "n_testimonianze": "0", "zona": "B2"}, "geometry": {"type": "MultiLineString", "coordinates": [[[14.2484505, 40.9017372], [14.2481797, 40.9014155], [14.2481661, 40.9013758], [14.2481697, 40.9013396], [14.2483306, 40.9009886], [14.2486026, 40.9003523], [14.2487203, 40.9001769], [14.2489673, 40.8998089], [14.2492836, 40.8994318], [14.2496985, 40.8989937], [14.2502511, 40.8986004], [14.2507803, 40.8983006], [14.2512281, 40.8981293], [14.2515045, 40.8980127], [14.2522206, 40.8977207], [14.2524696, 40.8976282], [14.2530574, 40.8974876], [14.253411, 40.8974052], [14.2537521, 40.8972645], [14.2542886, 40.8970719], [14.2545032, 40.8969787]], [[14.2461245, 40.9016043], [14.2461939, 40.901597], [14.247181, 40.9013822], [14.2475913, 40.9012817], [14.2479655, 40.9011557]], [[14.2467469, 40.9024755], [14.2465389, 40.9020793], [14.2463068, 40.9019637], [14.2461841, 40.9019419], [14.2458131, 40.9021282], [14.2456736, 40.9020917]], [[14.2461245, 40.9016043], [14.2466446, 40.9010051], [14.2470757, 40.9005802]], [[14.2456736, 40.9020917], [14.2456786, 40.9017995], [14.245686, 40.9017055]], [[14.245686, 40.9017055], [14.2458197, 40.9017019], [14.2459542, 40.9017631], [14.246092, 40.9016416], [14.2461245, 40.9016043]], [[14.2481661, 40.9013758], [14.2481313, 40.9013495], [14.2479655, 40.9011557], [14.2478116, 40.9009815], [14.2475243, 40.9006645], [14.2473221, 40.9005345], [14.2470757, 40.9005802]]]}}, {"type": "Feature", "properties": {"id": "SS-NAP-2301", "nome": "Via del Gran Sasso", "quartiere": "", "classificazione": "giallo", "score": 3, "note": "strada urbana senza ciclabile", "ciclabile": "no", "n_corsie": "2", "senso_unico": "si", "n_testimonianze": "0", "zona": "B2"}, "geometry": {"type": "LineString", "coordinates": [[14.2505531, 40.9018184], [14.2504155, 40.9018849], [14.2496054, 40.9022458], [14.2490387, 40.9024524], [14.2484188, 40.9026839], [14.2482603, 40.9027032], [14.2481126, 40.902696], [14.2479491, 40.9026537], [14.2478143, 40.9026064], [14.2476934, 40.9023729], [14.2475664, 40.9021273]]}}, {"type": "Feature", "properties": {"id": "SS-NAP-2303", "nome": "Via del Grecale", "quartiere": "", "classificazione": "giallo", "score": 3, "note": "strada urbana senza ciclabile", "ciclabile": "no", "n_corsie": "2", "senso_unico": "no", "n_testimonianze": "0", "zona": "B2"}, "geometry": {"type": "LineString", "coordinates": [[14.3016976, 40.8761084], [14.3015364, 40.8762807], [14.3014778, 40.8763432], [14.3008893, 40.8770891]]}}, {"type": "Feature", "properties": {"id": "SS-NAP-2304", "nome": "Via del Maestrale", "quartiere": "", "classificazione": "giallo", "score": 3, "note": "strada urbana senza ciclabile", "ciclabile": "no", "n_corsie": "2", "senso_unico": "si", "n_testimonianze": "0", "zona": "B2"}, "geometry": {"type": "LineString", "coordinates": [[14.3030428, 40.8751746], [14.303087, 40.8752014], [14.3031544, 40.8752422], [14.3032564, 40.8753039], [14.3035085, 40.8754427], [14.3038655, 40.8756591], [14.303982, 40.8757297], [14.3046252, 40.8761326], [14.3063955, 40.8766477]]}}, {"type": "Feature", "properties": {"id": "SS-NAP-2309", "nome": "Via del Pascone", "quartiere": "", "classificazione": "giallo", "score": 3, "note": "strada urbana senza ciclabile", "ciclabile": "no", "n_corsie": "2", "senso_unico": "si", "n_testimonianze": "0", "zona": "B2"}, "geometry": {"type": "MultiLineString", "coordinates": [[[14.2940818, 40.8607447], [14.2941152, 40.8608491], [14.2941177, 40.8608568], [14.2944098, 40.8621878], [14.2944343, 40.8623026], [14.2944541, 40.8623935], [14.294481, 40.862465], [14.2945043, 40.8625251], [14.294516, 40.8625507], [14.2945615, 40.8626681], [14.2946853, 40.8628491], [14.2947904, 40.8630116], [14.2948184, 40.8630566], [14.2948779, 40.8631546], [14.2949165, 40.86325], [14.2949286, 40.8632851], [14.2949491, 40.8633444], [14.2949597, 40.8634168], [14.294962, 40.8635157], [14.2949497, 40.8636257], [14.2949236, 40.8636967], [14.2948653, 40.8637829], [14.29479, 40.8638477]], [[14.2940818, 40.8607447], [14.2940564, 40.8606696], [14.2940478, 40.8606443], [14.2940375, 40.860606], [14.2940338, 40.8605702], [14.2940356, 40.8605531], [14.2940379, 40.8605307], [14.2940728, 40.8603584]]]}}, {"type": "Feature", "properties": {"id": "SS-NAP-2310", "nome": "Via del Ponte", "quartiere": "", "classificazione": "giallo", "score": 3, "note": "strada urbana senza ciclabile", "ciclabile": "no", "n_corsie": "2", "senso_unico": "si", "n_testimonianze": "0", "zona": "B2"}, "geometry": {"type": "MultiLineString", "coordinates": [[[14.2528539, 40.8859302], [14.2529145, 40.8860149], [14.2530675, 40.8861781], [14.253124, 40.8862383], [14.2532302, 40.8864096], [14.2533505, 40.8866627], [14.2533986, 40.8867703], [14.2534086, 40.8868718], [14.2533966, 40.8869507], [14.2533324, 40.887034], [14.2532462, 40.8871371], [14.2532041, 40.887272], [14.2531981, 40.8873902], [14.2532342, 40.8875478], [14.2532805, 40.8877028]], [[14.2532232, 40.8877924], [14.2532224, 40.8877657], [14.2532172, 40.8877463], [14.2532018, 40.8877327], [14.253176, 40.8877237], [14.2531419, 40.8877215], [14.2528775, 40.8877268], [14.252818, 40.8877244], [14.2527848, 40.8877127], [14.2527655, 40.8876918], [14.2527494, 40.8876483]], [[14.2532805, 40.8877028], [14.2532133, 40.8876754], [14.2531163, 40.8876705], [14.2529608, 40.8876774], [14.2528681, 40.8876791], [14.2527494, 40.8876483], [14.2525507, 40.887464], [14.2524568, 40.8873753], [14.2523874, 40.887316], [14.2522989, 40.8872269], [14.2522263, 40.8871446], [14.2521815, 40.8870139], [14.2521679, 40.88694], [14.2521367, 40.8868365], [14.2520566, 40.8867126], [14.251966, 40.8865925], [14.251926, 40.886556], [14.2518068, 40.8864515], [14.2517183, 40.8863359], [14.2516412, 40.8862156]]]}}, {"type": "Feature", "properties": {"id": "SS-NAP-2311", "nome": "Via del Priorato", "quartiere": "", "classificazione": "giallo", "score": 3, "note": "strada urbana senza ciclabile", "ciclabile": "no", "n_corsie": "2", "senso_unico": "si", "n_testimonianze": "0", "zona": "B2"}, "geometry": {"type": "LineString", "coordinates": [[14.2478644, 40.8533517], [14.2464955, 40.8532952], [14.246435, 40.8533089], [14.2462409, 40.8533776], [14.2462056, 40.8533888]]}}, {"type": "Feature", "properties": {"id": "SS-NAP-2313", "nome": "Via del Riposo", "quartiere": "", "classificazione": "rosso", "score": 4, "note": "strada principale trafficata", "ciclabile": "no", "n_corsie": "2", "senso_unico": "no", "n_testimonianze": "0", "zona": "B2"}, "geometry": {"type": "MultiLineString", "coordinates": [[[14.2949229, 40.8724797], [14.294815, 40.8725784], [14.2947565, 40.8726479], [14.2947251, 40.8727354], [14.2947096, 40.8728122], [14.2947364, 40.8729309], [14.2947791, 40.8730268], [14.2948534, 40.873151], [14.2950246, 40.8733493], [14.2953617, 40.8736262], [14.2957651, 40.8739052], [14.2958529, 40.874055], [14.295885, 40.874193], [14.295851, 40.8744569], [14.2957604, 40.874546], [14.2956536, 40.8745867], [14.2952448, 40.8746366], [14.2951214, 40.8746516], [14.2946706, 40.874695], [14.294382, 40.8747614], [14.2940941, 40.8748019], [14.2939191, 40.8747807], [14.2938585, 40.874755], [14.2936106, 40.8746497], [14.293216, 40.8745088], [14.2927307, 40.8743807], [14.2924708, 40.8743866], [14.2922461, 40.8744439], [14.2917667, 40.8745571], [14.2912671, 40.8745555], [14.2911663, 40.8745392], [14.2909968, 40.8745117], [14.290963, 40.8745022], [14.2900254, 40.8742388], [14.2893272, 40.8740427], [14.2892248, 40.8740156], [14.2877974, 40.8736384], [14.2874567, 40.8735483], [14.2874137, 40.873536], [14.287128, 40.8734544], [14.2869758, 40.8733997], [14.2868234, 40.8733331]], [[14.2867262, 40.8742464], [14.2866683, 40.8746092], [14.2866181, 40.8748656]], [[14.2867262, 40.8742464], [14.2868376, 40.8741078], [14.2868411, 40.8740608], [14.2868098, 40.874001]], [[14.2852311, 40.8712101], [14.2850214, 40.8708175], [14.2847406, 40.8702892], [14.2846006, 40.8700185], [14.2845675, 40.8699688]], [[14.2868234, 40.8733331], [14.2864884, 40.8731335], [14.2862252, 40.8729126], [14.2860533, 40.872692], [14.2858659, 40.8723667], [14.2858179, 40.8722835], [14.2857265, 40.8721324], [14.28568, 40.8720555], [14.2852311, 40.8712101]], [[14.2845675, 40.8699688], [14.2845351, 40.8699616], [14.2844957, 40.8699333], [14.2844578, 40.8699174], [14.284417, 40.8699053]], [[14.2844928, 40.8698385], [14.2845376, 40.8698944], [14.2845701, 40.8699455], [14.2845675, 40.8699688]]]}}, {"type": "Feature", "properties": {"id": "SS-NAP-2314", "nome": "Via del Risanamento", "quartiere": "", "classificazione": "giallo", "score": 3, "note": "strada urbana senza ciclabile", "ciclabile": "no", "n_corsie": "2", "senso_unico": "si", "n_testimonianze": "0", "zona": "B2"}, "geometry": {"type": "LineString", "coordinates": [[14.3315639, 40.8577636], [14.33154, 40.857752], [14.3315161, 40.8577441], [14.3311027, 40.857614], [14.330775, 40.8575155], [14.330711, 40.8575027], [14.3305129, 40.8574718], [14.3301438, 40.8573489]]}}, {"type": "Feature", "properties": {"id": "SS-NAP-2315", "nome": "Via del Sabotino", "quartiere": "", "classificazione": "giallo", "score": 3, "note": "strada urbana senza ciclabile", "ciclabile": "no", "n_corsie": "2", "senso_unico": "si", "n_testimonianze": "0", "zona": "B2"}, "geometry": {"type": "MultiLineString", "coordinates": [[[14.2618223, 40.8907011], [14.261803, 40.8906973], [14.2617752, 40.8906788], [14.2617452, 40.8906483], [14.2616229, 40.890518], [14.2615758, 40.8904778], [14.2610575, 40.890104]], [[14.2610575, 40.890104], [14.2600727, 40.8894064]], [[14.2597818, 40.8892011], [14.2600727, 40.8894064]]]}}, {"type": "Feature", "properties": {"id": "SS-NAP-2320", "nome": "Via del Trivio", "quartiere": "", "classificazione": "giallo", "score": 3, "note": "strada urbana senza ciclabile", "ciclabile": "no", "n_corsie": "2", "senso_unico": "no", "n_testimonianze": "0", "zona": "B2"}, "geometry": {"type": "MultiLineString", "coordinates": [[[14.2706871, 40.8593887], [14.2707347, 40.8594305], [14.2707676, 40.8594594], [14.2707788, 40.8594693]], [[14.2707788, 40.8594693], [14.271211, 40.8598161]], [[14.2717854, 40.8603531], [14.271211, 40.8598161]]]}}, {"type": "Feature", "properties": {"id": "SS-NAP-2322", "nome": "Via dell'Acquario", "quartiere": "", "classificazione": "giallo", "score": 3, "note": "strada urbana senza ciclabile", "ciclabile": "no", "n_corsie": "2", "senso_unico": "no", "n_testimonianze": "0", "zona": "B2"}, "geometry": {"type": "LineString", "coordinates": [[14.2680734, 40.8887383], [14.2683051, 40.8893316]]}}, {"type": "Feature", "properties": {"id": "SS-NAP-2324", "nome": "Via dell'Arco", "quartiere": "", "classificazione": "giallo", "score": 3, "note": "strada urbana senza ciclabile", "ciclabile": "no", "n_corsie": "2", "senso_unico": "si", "n_testimonianze": "0", "zona": "B2"}, "geometry": {"type": "LineString", "coordinates": [[14.2640221, 40.8930446], [14.2641139, 40.8935093], [14.2640993, 40.8938547], [14.2640425, 40.8941143], [14.2639176, 40.8943959], [14.2636776, 40.8945533], [14.2636171, 40.8945903], [14.2632272, 40.8947602]]}}, {"type": "Feature", "properties": {"id": "SS-NAP-2328", "nome": "Via dell'Ortigara", "quartiere": "", "classificazione": "giallo", "score": 3, "note": "strada urbana senza ciclabile", "ciclabile": "no", "n_corsie": "2", "senso_unico": "no", "n_testimonianze": "0", "zona": "B2"}, "geometry": {"type": "LineString", "coordinates": [[14.2605996, 40.8891716], [14.2615558, 40.8897325]]}}, {"type": "Feature", "properties": {"id": "SS-NAP-2329", "nome": "Via della Bolla", "quartiere": "", "classificazione": "giallo", "score": 3, "note": "strada urbana senza ciclabile", "ciclabile": "no", "n_corsie": "2", "senso_unico": "si", "n_testimonianze": "0", "zona": "B2"}, "geometry": {"type": "LineString", "coordinates": [[14.266206, 40.853345], [14.2662678, 40.8534309], [14.2664725, 40.8537134]]}}, {"type": "Feature", "properties": {"id": "SS-NAP-2331", "nome": "Via della Bussola", "quartiere": "", "classificazione": "giallo", "score": 3, "note": "strada urbana senza ciclabile", "ciclabile": "no", "n_corsie": "2", "senso_unico": "no", "n_testimonianze": "0", "zona": "B2"}, "geometry": {"type": "LineString", "coordinates": [[14.3040567, 40.8780519], [14.3039964, 40.8780693], [14.3037021, 40.878154], [14.3036003, 40.8782605], [14.3027347, 40.8801042], [14.3039081, 40.8804295], [14.3044822, 40.8805899], [14.3050516, 40.8807493], [14.3053938, 40.8808487], [14.3060211, 40.8795236]]}}, {"type": "Feature", "properties": {"id": "SS-NAP-2336", "nome": "Via della Ferrovia", "quartiere": "", "classificazione": "giallo", "score": 3, "note": "strada urbana senza ciclabile", "ciclabile": "no", "n_corsie": "2", "senso_unico": "no", "n_testimonianze": "0", "zona": "B2"}, "geometry": {"type": "LineString", "coordinates": [[14.2646203, 40.8879357], [14.2653027, 40.8883653], [14.2653682, 40.8884065]]}}, {"type": "Feature", "properties": {"id": "SS-NAP-2342", "nome": "Via della Liguria", "quartiere": "", "classificazione": "giallo", "score": 3, "note": "strada urbana senza ciclabile", "ciclabile": "no", "n_corsie": "2", "senso_unico": "si", "n_testimonianze": "0", "zona": "B2"}, "geometry": {"type": "LineString", "coordinates": [[14.2522871, 40.8852681], [14.2524053, 40.8853301], [14.2525033, 40.885428], [14.2526945, 40.885651], [14.2527853, 40.8857768], [14.2528539, 40.8859302]]}}, {"type": "Feature", "properties": {"id": "SS-NAP-2343", "nome": "Via della Maiella", "quartiere": "", "classificazione": "giallo", "score": 3, "note": "strada urbana senza ciclabile", "ciclabile": "no", "n_corsie": "2", "senso_unico": "no", "n_testimonianze": "0", "zona": "B2"}, "geometry": {"type": "LineString", "coordinates": [[14.2502063, 40.8995089], [14.2508358, 40.8990789], [14.2513274, 40.8987142], [14.2515523, 40.8985669], [14.251641, 40.8985286]]}}, {"type": "Feature", "properties": {"id": "SS-NAP-2344", "nome": "Via della Mongolfiera", "quartiere": "", "classificazione": "giallo", "score": 3, "note": "strada urbana senza ciclabile", "ciclabile": "no", "n_corsie": "2", "senso_unico": "no", "n_testimonianze": "0", "zona": "B2"}, "geometry": {"type": "MultiLineString", "coordinates": [[[14.2959795, 40.87633], [14.2959943, 40.8762215], [14.2959957, 40.8759538], [14.2959689, 40.875388], [14.2958911, 40.874597], [14.2958673, 40.8745139], [14.295851, 40.8744569]], [[14.2951797, 40.876174], [14.2957495, 40.8762958], [14.2959795, 40.87633]], [[14.2959795, 40.87633], [14.2964422, 40.8762958], [14.2970958, 40.8762206], [14.2973325, 40.8761788], [14.2975107, 40.8761356], [14.2976754, 40.8760818], [14.2978455, 40.8759785], [14.29832, 40.8756428], [14.298516, 40.8754907], [14.2986664, 40.8753334], [14.2989119, 40.8750156], [14.2989894, 40.8748701], [14.299059, 40.8747009], [14.299215, 40.8739886], [14.2992039, 40.8736976], [14.2991257, 40.8733706], [14.2990602, 40.8732041], [14.2989761, 40.873062], [14.298733, 40.8727562], [14.2986778, 40.8727281], [14.2986024, 40.8726898]]]}}, {"type": "Feature", "properties": {"id": "SS-NAP-2347", "nome": "Via della Stadera", "quartiere": "", "classificazione": "rosso", "score": 4, "note": "strada principale trafficata (2 corsie)", "ciclabile": "no", "n_corsie": "2", "senso_unico": "si", "n_testimonianze": "0", "zona": "B2"}, "geometry": {"type": "MultiLineString", "coordinates": [[[14.2983093, 40.8698252], [14.2992296, 40.870456], [14.2996607, 40.8707521], [14.2997592, 40.8708197], [14.3006218, 40.8714314], [14.3015651, 40.8720984], [14.3017371, 40.8722245], [14.3022482, 40.872599], [14.3023817, 40.8726968], [14.3026998, 40.8729584], [14.3035819, 40.8736968], [14.3039176, 40.8739552], [14.3040472, 40.8740385], [14.3041499, 40.8741045], [14.3042607, 40.8741617], [14.3044278, 40.874248], [14.3049477, 40.8744849], [14.3050634, 40.8745351], [14.306257, 40.8750532]], [[14.2997592, 40.8708197], [14.2997822, 40.8708012], [14.3007151, 40.8700489]], [[14.3084425, 40.8761056], [14.3082729, 40.8760367], [14.30823, 40.8760181], [14.3077912, 40.8758366], [14.3073001, 40.8756334], [14.3065125, 40.8752931], [14.3064365, 40.8752603], [14.3061975, 40.8751613]], [[14.306257, 40.8750532], [14.3065067, 40.8751616], [14.3065933, 40.8751977], [14.3066289, 40.8752126], [14.307365, 40.8755267], [14.3078612, 40.8757413], [14.3082759, 40.8759206], [14.3084863, 40.8760032]], [[14.3061975, 40.8751613], [14.3052693, 40.8747707], [14.3049707, 40.8746451], [14.3047101, 40.8745353], [14.3043574, 40.8743852], [14.3041548, 40.8742698], [14.304035, 40.8742015], [14.3039444, 40.8741499], [14.3039301, 40.8741394], [14.3036493, 40.8739329], [14.3029654, 40.8733833], [14.3021661, 40.8727261], [14.3016141, 40.8723118], [14.3014527, 40.8721907], [14.3005017, 40.8714997], [14.2995552, 40.8708375], [14.2992441, 40.8706199], [14.2982097, 40.8698883]], [[14.2982097, 40.8698883], [14.2980138, 40.8697676], [14.2977825, 40.8696238], [14.2977668, 40.869614], [14.2977034, 40.8695722], [14.2974114, 40.8693797]], [[14.2968011, 40.8687899], [14.2973745, 40.8691578]], [[14.2961395, 40.8684744], [14.2962374, 40.8685218], [14.2962868, 40.8685505], [14.2963106, 40.8685644]], [[14.2973745, 40.8691578], [14.2978928, 40.869527], [14.2981118, 40.8696799], [14.2983093, 40.8698252]], [[14.2963106, 40.8685644], [14.2964334, 40.8686149], [14.2965666, 40.8686727], [14.2966482, 40.868709], [14.2968011, 40.8687899]], [[14.2968267, 40.8689866], [14.296717, 40.8689059], [14.2966316, 40.8688376], [14.296402, 40.8686393], [14.2963106, 40.8685644]], [[14.2974114, 40.8693797], [14.2968267, 40.8689866]]]}}, {"type": "Feature", "properties": {"id": "SS-NAP-2348", "nome": "Via della Tramontana", "quartiere": "", "classificazione": "giallo", "score": 3, "note": "strada urbana senza ciclabile", "ciclabile": "no", "n_corsie": "2", "senso_unico": "no", "n_testimonianze": "0", "zona": "B2"}, "geometry": {"type": "LineString", "coordinates": [[14.3002543, 40.8751594], [14.3002014, 40.8763307], [14.3001781, 40.8763797], [14.2995079, 40.8771171]]}}, {"type": "Feature", "properties": {"id": "SS-NAP-2349", "nome": "Via della Veterinaria", "quartiere": "", "classificazione": "giallo", "score": 3, "note": "strada urbana senza ciclabile", "ciclabile": "no", "n_corsie": "2", "senso_unico": "si", "n_testimonianze": "0", "zona": "B2"}, "geometry": {"type": "MultiLineString", "coordinates": [[[14.2646532, 40.865721], [14.2645328, 40.8657224], [14.264227, 40.8657143], [14.2639277, 40.8656794], [14.263616, 40.8656388], [14.2632723, 40.8655437], [14.2628438, 40.8653884], [14.2624638, 40.865203], [14.2622789, 40.8650417], [14.262206, 40.8648828], [14.2617301, 40.8633448]], [[14.2617301, 40.8633448], [14.2615312, 40.8626189], [14.261509, 40.8625436], [14.2614875, 40.8624989], [14.2614673, 40.8624684], [14.261441, 40.8624417], [14.2614261, 40.8624258], [14.2603296, 40.8615145]]]}}, {"type": "Feature", "properties": {"id": "SS-NAP-2351", "nome": "Via della Vite Greca", "quartiere": "", "classificazione": "giallo", "score": 3, "note": "strada urbana senza ciclabile", "ciclabile": "no", "n_corsie": "2", "senso_unico": "no", "n_testimonianze": "0", "zona": "B2"}, "geometry": {"type": "LineString", "coordinates": [[14.2886902, 40.8932929], [14.2892499, 40.8927991], [14.2892769, 40.8927753]]}}, {"type": "Feature", "properties": {"id": "SS-NAP-2352", "nome": "Via delle Cave", "quartiere": "", "classificazione": "giallo", "score": 3, "note": "strada urbana senza ciclabile", "ciclabile": "no", "n_corsie": "2", "senso_unico": "no", "n_testimonianze": "0", "zona": "B2"}, "geometry": {"type": "MultiLineString", "coordinates": [[[14.2919859, 40.891735], [14.2915146, 40.8914543], [14.291018, 40.8910814], [14.2918435, 40.8904309], [14.2924282, 40.8899442], [14.2929672, 40.8895041]], [[14.2898742, 40.8932438], [14.2898986, 40.8932213], [14.2900738, 40.8930597], [14.2915146, 40.8914543], [14.2915465, 40.891376], [14.2916782, 40.8912709], [14.2931088, 40.8901061]]]}}, {"type": "Feature", "properties": {"id": "SS-NAP-2353", "nome": "Via delle Dolomiti", "quartiere": "", "classificazione": "giallo", "score": 3, "note": "strada urbana senza ciclabile", "ciclabile": "no", "n_corsie": "2", "senso_unico": "no", "n_testimonianze": "0", "zona": "B2"}, "geometry": {"type": "LineString", "coordinates": [[14.2714164, 40.8865617], [14.2712484, 40.8874306], [14.2712347, 40.8875302], [14.2715566, 40.8882156], [14.2718647, 40.8888413], [14.2719758, 40.889116]]}}, {"type": "Feature", "properties": {"id": "SS-NAP-2354", "nome": "Via delle Filandare", "quartiere": "", "classificazione": "giallo", "score": 3, "note": "strada urbana senza ciclabile", "ciclabile": "no", "n_corsie": "2", "senso_unico": "si", "n_testimonianze": "0", "zona": "B2"}, "geometry": {"type": "MultiLineString", "coordinates": [[[14.2875525, 40.8934869], [14.2873295, 40.8933708], [14.2871597, 40.8932581], [14.2868984, 40.8930719], [14.2861474, 40.8928762]], [[14.286027, 40.8932147], [14.2861625, 40.893237], [14.2862939, 40.8932659], [14.2864508, 40.8933095], [14.2869404, 40.8934382], [14.2871597, 40.8932581]]]}}, {"type": "Feature", "properties": {"id": "SS-NAP-2357", "nome": "Via delle Masserie", "quartiere": "", "classificazione": "giallo", "score": 3, "note": "strada urbana senza ciclabile", "ciclabile": "no", "n_corsie": "2", "senso_unico": "no", "n_testimonianze": "0", "zona": "B2"}, "geometry": {"type": "LineString", "coordinates": [[14.2904064, 40.892421], [14.2899578, 40.8922061], [14.2894689, 40.8919215], [14.2890338, 40.8916634], [14.2887685, 40.8914965]]}}, {"type": "Feature", "properties": {"id": "SS-NAP-2360", "nome": "Via delle Nebulose", "quartiere": "", "classificazione": "giallo", "score": 3, "note": "strada urbana senza ciclabile", "ciclabile": "no", "n_corsie": "2", "senso_unico": "si", "n_testimonianze": "0", "zona": "B2"}, "geometry": {"type": "LineString", "coordinates": [[14.2673442, 40.8895334], [14.2665816, 40.8893841]]}}, {"type": "Feature", "properties": {"id": "SS-NAP-2365", "nome": "Via dello Scirocco", "quartiere": "", "classificazione": "giallo", "score": 3, "note": "strada urbana senza ciclabile", "ciclabile": "no", "n_corsie": "2", "senso_unico": "si", "n_testimonianze": "0", "zona": "B2"}, "geometry": {"type": "MultiLineString", "coordinates": [[[14.301923, 40.8750885], [14.3021073, 40.8750757], [14.3032072, 40.8748753], [14.3032551, 40.8748638]], [[14.3005017, 40.8714997], [14.3004705, 40.8715265], [14.2996408, 40.8722393], [14.2996207, 40.8723113], [14.2996507, 40.872427], [14.2997588, 40.872723], [14.2998994, 40.8729477], [14.3014293, 40.8745423], [14.3017799, 40.8749682], [14.301923, 40.8750885], [14.3020296, 40.8751419], [14.30217, 40.8752356], [14.3026255, 40.8757023], [14.3026596, 40.8757359]]]}}, {"type": "Feature", "properties": {"id": "SS-NAP-2367", "nome": "Via dello Stelvio", "quartiere": "", "classificazione": "giallo", "score": 3, "note": "strada urbana senza ciclabile", "ciclabile": "no", "n_corsie": "2", "senso_unico": "no", "n_testimonianze": "0", "zona": "B2"}, "geometry": {"type": "MultiLineString", "coordinates": [[[14.2700454, 40.8895808], [14.2701076, 40.8895634], [14.2701607, 40.8895485], [14.2704957, 40.8894547], [14.2709661, 40.8893116], [14.2715903, 40.8891463], [14.2719758, 40.889116]], [[14.2704676, 40.8899635], [14.2704957, 40.8894547]], [[14.2709661, 40.8893116], [14.2710042, 40.8893744], [14.2710337, 40.889491], [14.2710324, 40.8895508], [14.2710551, 40.8895691], [14.2715125, 40.889422], [14.2715487, 40.8894139], [14.2717136, 40.8894129], [14.2719537, 40.8894256], [14.2720201, 40.8893967], [14.2720362, 40.8893779], [14.2720427, 40.8893461], [14.27201, 40.8891716], [14.2719758, 40.889116]], [[14.273219, 40.8900656], [14.2727488, 40.8893004], [14.2726998, 40.8890538]], [[14.2719758, 40.889116], [14.2722179, 40.8891047], [14.2726998, 40.8890538], [14.2729659, 40.8890155], [14.2730986, 40.8889847]]]}}, {"type": "Feature", "properties": {"id": "SS-NAP-2374", "nome": "Via privata Orsa Minore", "quartiere": "", "classificazione": "giallo", "score": 3, "note": "strada urbana senza ciclabile", "ciclabile": "no", "n_corsie": "2", "senso_unico": "si", "n_testimonianze": "0", "zona": "B2"}, "geometry": {"type": "LineString", "coordinates": [[14.2695072, 40.8876676], [14.2701082, 40.8878681], [14.2701488, 40.8878817]]}}, {"type": "Feature", "properties": {"id": "SS-NAP-2375", "nome": "Via privata Viscardi", "quartiere": "", "classificazione": "giallo", "score": 3, "note": "strada urbana senza ciclabile", "ciclabile": "no", "n_corsie": "2", "senso_unico": "no", "n_testimonianze": "0", "zona": "B2"}, "geometry": {"type": "LineString", "coordinates": [[14.3257962, 40.8557561], [14.3267356, 40.8566686], [14.3270691, 40.8570249]]}}, {"type": "Feature", "properties": {"id": "SS-NAP-2378", "nome": "Via vicinale Santa Maria del Pianto", "quartiere": "", "classificazione": "giallo", "score": 3, "note": "strada urbana senza ciclabile", "ciclabile": "no", "n_corsie": "2", "senso_unico": "no", "n_testimonianze": "0", "zona": "B2"}, "geometry": {"type": "LineString", "coordinates": [[14.2835705, 40.8659546], [14.2838207, 40.8656568], [14.2842435, 40.8651534], [14.2844352, 40.8649252], [14.2848018, 40.8644733], [14.2852098, 40.8639694], [14.2852327, 40.8639423], [14.2852652, 40.8639041], [14.2852767, 40.8638907], [14.2852888, 40.8638754], [14.2853246, 40.8638307]]}}, {"type": "Feature", "properties": {"id": "SS-NAP-2379", "nome": "Viale 4 Aprile", "quartiere": "", "classificazione": "giallo", "score": 3, "note": "strada urbana senza ciclabile", "ciclabile": "no", "n_corsie": "2", "senso_unico": "no", "n_testimonianze": "0", "zona": "B2"}, "geometry": {"type": "MultiLineString", "coordinates": [[[14.2859958, 40.8934036], [14.2854511, 40.8932263], [14.2851561, 40.8930967], [14.2848589, 40.8929694], [14.2846167, 40.8928246], [14.2844716, 40.8927311], [14.2840935, 40.8924637], [14.2835875, 40.8920547]], [[14.2835875, 40.8920547], [14.2833635, 40.8917575], [14.2831784, 40.8914387], [14.2829214, 40.8910568], [14.2828681, 40.8909241], [14.2828558, 40.8908885], [14.2827881, 40.8906803], [14.2827313, 40.8901968], [14.2826664, 40.889796], [14.282657, 40.8897381], [14.2826436, 40.8896775], [14.2826339, 40.8896004]]]}}, {"type": "Feature", "properties": {"id": "SS-NAP-2380", "nome": "Viale Aldebaran", "quartiere": "", "classificazione": "giallo", "score": 3, "note": "strada urbana senza ciclabile", "ciclabile": "no", "n_corsie": "2", "senso_unico": "si", "n_testimonianze": "0", "zona": "B2"}, "geometry": {"type": "LineString", "coordinates": [[14.2680734, 40.8893859], [14.2682289, 40.8898315], [14.2682424, 40.8898701]]}}, {"type": "Feature", "properties": {"id": "SS-NAP-2381", "nome": "Viale Aldo Merola", "quartiere": "", "classificazione": "giallo", "score": 3, "note": "strada urbana senza ciclabile", "ciclabile": "no", "n_corsie": "2", "senso_unico": "no", "n_testimonianze": "0", "zona": "B2"}, "geometry": {"type": "MultiLineString", "coordinates": [[[14.3380817, 40.8571321], [14.3382615, 40.8572123], [14.3383503, 40.857252], [14.338442, 40.8573031], [14.3387097, 40.8574523], [14.3404436, 40.8584187], [14.3407852, 40.8586083], [14.3411447, 40.858788], [14.3414067, 40.8589014], [14.3425866, 40.8593991], [14.3433474, 40.8597227]], [[14.3433474, 40.8597227], [14.3436349, 40.8597924], [14.3437238, 40.8597893], [14.3438052, 40.8597851]], [[14.343663, 40.8599463], [14.3433474, 40.8597227]]]}}, {"type": "Feature", "properties": {"id": "SS-NAP-2382", "nome": "Viale Altair", "quartiere": "", "classificazione": "giallo", "score": 3, "note": "strada urbana senza ciclabile", "ciclabile": "no", "n_corsie": "2", "senso_unico": "no", "n_testimonianze": "0", "zona": "B2"}, "geometry": {"type": "LineString", "coordinates": [[14.2672745, 40.8897516], [14.2672862, 40.8897151], [14.2673442, 40.8895334], [14.2674911, 40.8890802], [14.2675425, 40.88891], [14.2675445, 40.8888963], [14.2675411, 40.8888827], [14.2675294, 40.8888676], [14.2675079, 40.8888513], [14.2674834, 40.8888399], [14.2674555, 40.8888319], [14.2674285, 40.8888285], [14.2674033, 40.8888263], [14.2671363, 40.8888361]]}}, {"type": "Feature", "properties": {"id": "SS-NAP-2383", "nome": "Viale Andromeda", "quartiere": "", "classificazione": "giallo", "score": 3, "note": "strada urbana senza ciclabile", "ciclabile": "no", "n_corsie": "2", "senso_unico": "si", "n_testimonianze": "0", "zona": "B2"}, "geometry": {"type": "LineString", "coordinates": [[14.2689344, 40.8899377], [14.2689172, 40.8898926], [14.2686721, 40.8892491]]}}, {"type": "Feature", "properties": {"id": "SS-NAP-2392", "nome": "Viale Comandante Umberto Maddalena", "quartiere": "", "classificazione": "rosso", "score": 4, "note": "strada principale trafficata (2 corsie)", "ciclabile": "no", "n_corsie": "2", "senso_unico": "si", "n_testimonianze": "0", "zona": "B2"}, "geometry": {"type": "MultiLineString", "coordinates": [[[14.2845561, 40.8697916], [14.2844928, 40.8698385], [14.2844436, 40.869879], [14.284417, 40.8699053], [14.2843557, 40.869966], [14.284298, 40.8700307], [14.2842024, 40.8701283], [14.2841933, 40.8701377], [14.2840347, 40.8702907], [14.2836937, 40.8706144], [14.2833404, 40.8709628], [14.2832122, 40.8710863], [14.2831788, 40.8711206], [14.283159, 40.8711511], [14.2831463, 40.8711865], [14.2831351, 40.8712229], [14.2831363, 40.8712879]], [[14.2719691, 40.8819475], [14.2720179, 40.8818983], [14.2720666, 40.881855], [14.2721904, 40.8817454], [14.2743, 40.879686], [14.274739, 40.8792739]], [[14.2771827, 40.876977], [14.2770734, 40.877111], [14.277025, 40.8771889], [14.2769975, 40.8772449], [14.2769605, 40.8773121], [14.2769251, 40.8773599], [14.2768841, 40.8774018], [14.2765461, 40.8777334], [14.2757193, 40.8785387], [14.2747829, 40.8794409], [14.2745429, 40.8796729], [14.2736693, 40.8805254], [14.2729681, 40.8812111], [14.272887, 40.8812785]], [[14.274739, 40.8792739], [14.2757656, 40.8782646], [14.2763769, 40.8776663], [14.2771278, 40.8769375], [14.2773872, 40.8766818], [14.278094, 40.8759649], [14.2783899, 40.8756915], [14.2785966, 40.8754862]], [[14.2823066, 40.8719721], [14.2822319, 40.8720453], [14.280757, 40.8734996], [14.2806659, 40.8735888], [14.279487, 40.8747453], [14.2793664, 40.8748623]], [[14.279978, 40.8741335], [14.2805103, 40.8736204], [14.2805908, 40.8735406], [14.2806783, 40.8734541], [14.2821402, 40.8719868], [14.2822328, 40.8718938]], [[14.2829572, 40.8711962], [14.2837598, 40.8704564], [14.2839475, 40.8702748], [14.2841311, 40.8700909], [14.284214, 40.8699978], [14.2842557, 40.8699371], [14.2842763, 40.8699071]], [[14.2786708, 40.8755317], [14.2781402, 40.8760443], [14.2775617, 40.8765971]], [[14.2792935, 40.8748213], [14.2794132, 40.8746999], [14.279978, 40.8741335]], [[14.272887, 40.8812785], [14.2727413, 40.881369], [14.2726377, 40.8814409], [14.2725523, 40.88152], [14.2721735, 40.8818846], [14.2721575, 40.8819034], [14.2721144, 40.881955], [14.2720725, 40.8820136]], [[14.2829194, 40.8714475], [14.2828601, 40.8714613], [14.2828333, 40.8714709], [14.2828053, 40.8714873], [14.2827861, 40.8715012], [14.2826915, 40.8715941], [14.2823066, 40.8719721]], [[14.2831363, 40.8712879], [14.2831434, 40.8713229], [14.2831378, 40.8713576], [14.2831201, 40.8713899], [14.2830916, 40.8714175], [14.2830543, 40.8714382], [14.283011, 40.8714507], [14.2829649, 40.8714538], [14.2829194, 40.8714475]], [[14.2828042, 40.8713462], [14.2828028, 40.8713109], [14.2828142, 40.8712766], [14.2828374, 40.8712459], [14.2828707, 40.8712212], [14.2829117, 40.8712042], [14.2829572, 40.8711962]], [[14.2829194, 40.8714475], [14.2828778, 40.8714322], [14.2828431, 40.871409], [14.282818, 40.8713796], [14.2828042, 40.8713462]], [[14.2829572, 40.8711962], [14.2830038, 40.8711978], [14.2830482, 40.871209], [14.2830868, 40.8712288], [14.283117, 40.8712558], [14.2831363, 40.8712879]], [[14.2791157, 40.8751037], [14.2787614, 40.8754445], [14.2787057, 40.8754981], [14.2786708, 40.8755317]], [[14.2793664, 40.8748623], [14.2793024, 40.8749239], [14.2792931, 40.8749329], [14.2791525, 40.8750683], [14.2791157, 40.8751037]], [[14.2787213, 40.8753672], [14.278977, 40.8751233]], [[14.278977, 40.8751233], [14.2792935, 40.8748213]], [[14.2775617, 40.8765971], [14.2774443, 40.8767135], [14.2772859, 40.8768745]], [[14.2772859, 40.8768745], [14.2771827, 40.876977]], [[14.2785966, 40.8754862], [14.2786291, 40.8754553], [14.2787213, 40.8753672]], [[14.2822328, 40.8718938], [14.2826062, 40.871536], [14.2828042, 40.8713462]], [[14.2842763, 40.8699071], [14.2843192, 40.8698311], [14.2843568, 40.8697457], [14.2843677, 40.8697041], [14.2843786, 40.8696624]]]}}, {"type": "Feature", "properties": {"id": "SS-NAP-2393", "nome": "Viale Dello Zodiaco", "quartiere": "", "classificazione": "giallo", "score": 3, "note": "strada urbana senza ciclabile", "ciclabile": "no", "n_corsie": "2", "senso_unico": "si", "n_testimonianze": "0", "zona": "B2"}, "geometry": {"type": "LineString", "coordinates": [[14.2683378, 40.888025], [14.2685729, 40.8882071], [14.2687989, 40.8887309], [14.268989, 40.8891718]]}}, {"type": "Feature", "properties": {"id": "SS-NAP-2395", "nome": "Viale Ernest Hemingway", "quartiere": "", "classificazione": "giallo", "score": 3, "note": "strada urbana senza ciclabile", "ciclabile": "no", "n_corsie": "2", "senso_unico": "si", "n_testimonianze": "0", "zona": "B2"}, "geometry": {"type": "MultiLineString", "coordinates": [[[14.3312534, 40.8685431], [14.3313439, 40.8685945], [14.3316389, 40.8687611], [14.332454, 40.8692217], [14.3325353, 40.8692579], [14.3325667, 40.8692718], [14.3326882, 40.8693152], [14.3328252, 40.869337], [14.3328866, 40.8693396], [14.3329444, 40.869342], [14.3330681, 40.8693319], [14.3331941, 40.8693035], [14.3339946, 40.8689948], [14.3340574, 40.8689706], [14.3349164, 40.8686392], [14.3358267, 40.8682881], [14.3359355, 40.8682461], [14.3359633, 40.8682265], [14.3359854, 40.8682014], [14.336034, 40.8681557]], [[14.3312517, 40.8686459], [14.3312534, 40.8685431]], [[14.3362039, 40.8682659], [14.3361098, 40.8682942], [14.3359851, 40.8683195], [14.3358703, 40.8683539], [14.3358563, 40.8683581], [14.3357035, 40.8684118], [14.3354423, 40.86851], [14.3340992, 40.8690328], [14.3340384, 40.869056], [14.3336675, 40.8691978], [14.3332352, 40.8693523], [14.3331391, 40.8693843], [14.3330292, 40.8694077], [14.3329323, 40.8694132], [14.3328744, 40.8694113], [14.3328232, 40.8694096], [14.3327173, 40.8693979], [14.3326286, 40.8693757], [14.3325284, 40.8693375], [14.3324373, 40.8692987], [14.3315827, 40.8688281], [14.331441, 40.8687501], [14.3312517, 40.8686459]], [[14.3362714, 40.8681121], [14.336302, 40.8681543], [14.3363152, 40.8681877]], [[14.3363152, 40.8681877], [14.3363086, 40.8682194], [14.3362732, 40.8682528], [14.3362397, 40.8682674]], [[14.3360142, 40.8681363], [14.3360174, 40.8681059], [14.3360299, 40.8680729], [14.3360488, 40.8680535]], [[14.336034, 40.8681557], [14.3360142, 40.8681363]]]}}, {"type": "Feature", "properties": {"id": "SS-NAP-2396", "nome": "Viale Fratelli Grimm", "quartiere": "", "classificazione": "giallo", "score": 3, "note": "strada urbana senza ciclabile", "ciclabile": "no", "n_corsie": "2", "senso_unico": "si", "n_testimonianze": "0", "zona": "B2"}, "geometry": {"type": "MultiLineString", "coordinates": [[[14.3347268, 40.867393], [14.3345252, 40.8674445], [14.3344914, 40.8674505], [14.3344544, 40.867454], [14.3343605, 40.8674544]], [[14.3360142, 40.8681363], [14.3358754, 40.8680936], [14.3357294, 40.8680486], [14.33563, 40.8680185], [14.3352213, 40.8679099], [14.335133, 40.8678748], [14.3350402, 40.8678247], [14.3349563, 40.8677596], [14.3348856, 40.8676944], [14.3348217, 40.8676334], [14.3347657, 40.8675456], [14.3347228, 40.8674642], [14.3347268, 40.867393]], [[14.3347268, 40.867393], [14.3349763, 40.8676504], [14.3350381, 40.8677106], [14.3351243, 40.8677707], [14.3352149, 40.8678175], [14.3353319, 40.8678609], [14.3359139, 40.8680173], [14.3360488, 40.8680535]], [[14.3348217, 40.8676334], [14.3347421, 40.8675876], [14.3346272, 40.867526], [14.3345087, 40.8674847], [14.3344536, 40.8674722], [14.3343605, 40.8674544]], [[14.3334563, 40.8673474], [14.3335307, 40.8673427], [14.334458, 40.8673589], [14.3345469, 40.8673699], [14.3347268, 40.867393]], [[14.3334563, 40.8673474], [14.333378, 40.8674231], [14.3333109, 40.8674776], [14.333226, 40.867545], [14.3327816, 40.8677927], [14.3326886, 40.8678446], [14.3319883, 40.8682352], [14.3313439, 40.8685945], [14.3312517, 40.8686459]], [[14.3306111, 40.8688625], [14.3307231, 40.868823], [14.3307564, 40.8688113], [14.3308437, 40.868764], [14.3312534, 40.8685431]], [[14.3312517, 40.8686459], [14.3308049, 40.8688952], [14.3307275, 40.8689384]], [[14.3332701, 40.8673658], [14.3333692, 40.8673521], [14.3334563, 40.8673474]], [[14.3312534, 40.8685431], [14.3319114, 40.8681616], [14.3326719, 40.8677207], [14.3331781, 40.8674272], [14.3332701, 40.8673658]], [[14.3360488, 40.8680535], [14.3360835, 40.8680479], [14.3361512, 40.8680577], [14.336206, 40.8680741], [14.3362426, 40.8680924], [14.3362714, 40.8681121]], [[14.3362397, 40.8682674], [14.3362039, 40.8682659]], [[14.3362039, 40.8682659], [14.3361525, 40.868227], [14.336034, 40.8681557]], [[14.3343605, 40.8674544], [14.333378, 40.8674231], [14.3332701, 40.8673658]]]}}, {"type": "Feature", "properties": {"id": "SS-NAP-2397", "nome": "Viale Fulco Ruffo di Calabria", "quartiere": "", "classificazione": "rosso", "score": 4, "note": "strada principale trafficata (2 corsie)", "ciclabile": "no", "n_corsie": "2", "senso_unico": "si", "n_testimonianze": "0", "zona": "B2"}, "geometry": {"type": "MultiLineString", "coordinates": [[[14.28278, 40.8775275], [14.2826705, 40.877538], [14.2825865, 40.8775448], [14.282537, 40.8775443], [14.2825049, 40.8775379], [14.2824774, 40.8775158], [14.2824571, 40.8774841], [14.2824387, 40.8774309], [14.2824279, 40.8773832], [14.2824264, 40.8773504], [14.2824328, 40.8773204], [14.2824481, 40.8772925], [14.2824671, 40.8772725], [14.2825569, 40.8771924], [14.2828662, 40.8768907], [14.2829045, 40.8768534], [14.282908, 40.8768502], [14.282933, 40.8768266], [14.2831457, 40.8766356], [14.283184, 40.8766012], [14.2832258, 40.8765612], [14.2832829, 40.8765095], [14.2835764, 40.8762309], [14.2837773, 40.8760401], [14.2839863, 40.8758437], [14.284032, 40.8757849]], [[14.2861127, 40.8737521], [14.2860671, 40.8737744], [14.2860292, 40.8738048], [14.2859819, 40.8738598], [14.2858868, 40.8740201], [14.285853, 40.874077], [14.2857385, 40.8742656], [14.2856568, 40.8743952], [14.2856181, 40.8744492], [14.2855677, 40.8745036]], [[14.2855677, 40.8745036], [14.2848251, 40.8751952], [14.284712, 40.8752995], [14.2847043, 40.8753069], [14.2845767, 40.8754291], [14.2843713, 40.8756186], [14.2843592, 40.8756298], [14.2843206, 40.8756711], [14.2842888, 40.8757246]], [[14.2852708, 40.8746168], [14.2854641, 40.8744423], [14.2855017, 40.8744033], [14.2855256, 40.8743749], [14.2855636, 40.8743185], [14.2856792, 40.874138], [14.2857276, 40.8740649], [14.2857742, 40.8739836], [14.2858147, 40.8739029], [14.2858508, 40.8737834], [14.285841, 40.8737586], [14.2858311, 40.8737338], [14.28581, 40.8736907], [14.2857698, 40.8736474]], [[14.2844744, 40.8753495], [14.2845957, 40.8752378], [14.2847772, 40.8750708], [14.2852708, 40.8746168]], [[14.2859544, 40.8737405], [14.2859104, 40.8737099], [14.2858827, 40.8736698], [14.2858747, 40.8736249], [14.2858873, 40.8735807], [14.285919, 40.8735423], [14.285966, 40.8735143], [14.2859927, 40.8735076], [14.2860228, 40.8735], [14.2860827, 40.8735012], [14.2861384, 40.8735176]], [[14.2833439, 40.8767085], [14.2832809, 40.8767728]], [[14.2835049, 40.8765454], [14.2833439, 40.8767085]], [[14.283672, 40.8763722], [14.2835049, 40.8765454]], [[14.2837726, 40.8762681], [14.283672, 40.8763722]], [[14.2841946, 40.8758266], [14.2841178, 40.8759043], [14.284009, 40.876019]], [[14.284009, 40.876019], [14.2838566, 40.8761784]], [[14.2861127, 40.8737521], [14.2860592, 40.8737612], [14.2860046, 40.8737572], [14.2859544, 40.8737405], [14.2857698, 40.8736474]], [[14.2838566, 40.8761784], [14.2837726, 40.8762681]], [[14.2841572, 40.8756209], [14.2842396, 40.875553], [14.2842967, 40.8755093], [14.2843417, 40.8754727], [14.2844744, 40.8753495]], [[14.2832809, 40.8767728], [14.2832397, 40.8768251], [14.2832109, 40.8768833], [14.2831976, 40.8769232], [14.2831908, 40.8769489], [14.2831769, 40.8770017], [14.2831729, 40.8770704], [14.2831802, 40.8771199], [14.2831934, 40.8771633], [14.283212, 40.8772018], [14.2832497, 40.8772756], [14.2832654, 40.8773053], [14.2832691, 40.8773335], [14.2832609, 40.8773592], [14.2832451, 40.8773805], [14.2832061, 40.8774131], [14.2831782, 40.8774366], [14.2831344, 40.8774642], [14.283091, 40.8774877], [14.283032, 40.8775036], [14.2829609, 40.8775124], [14.2828402, 40.8775225], [14.28278, 40.8775275]], [[14.2861384, 40.8735176], [14.2861803, 40.8735444], [14.286209, 40.8735797], [14.2862217, 40.8736201], [14.2862171, 40.8736614], [14.2861958, 40.8736996], [14.2861598, 40.8737309], [14.2861127, 40.8737521]]]}}, {"type": "Feature", "properties": {"id": "SS-NAP-2398", "nome": "Viale Gerusalemme Liberata", "quartiere": "", "classificazione": "giallo", "score": 3, "note": "strada urbana senza ciclabile", "ciclabile": "no", "n_corsie": "2", "senso_unico": "no", "n_testimonianze": "0", "zona": "B2"}, "geometry": {"type": "MultiLineString", "coordinates": [[[14.2600043, 40.9004128], [14.2600313, 40.9003949], [14.2612778, 40.899562]], [[14.2633911, 40.8981668], [14.2644165, 40.8974978], [14.264505, 40.8974309], [14.2650344, 40.8970304]], [[14.2612778, 40.899562], [14.2620717, 40.8990464]], [[14.2620717, 40.8990464], [14.2626055, 40.8986936], [14.2633911, 40.8981668]]]}}, {"type": "Feature", "properties": {"id": "SS-NAP-2401", "nome": "Viale Il Barbiere di Siviglia", "quartiere": "", "classificazione": "giallo", "score": 3, "note": "strada urbana senza ciclabile", "ciclabile": "no", "n_corsie": "2", "senso_unico": "no", "n_testimonianze": "0", "zona": "B2"}, "geometry": {"type": "MultiLineString", "coordinates": [[[14.2613506, 40.9006425], [14.2609375, 40.9009136], [14.2607526, 40.9007739], [14.2610316, 40.9005063], [14.2618005, 40.9000123], [14.2626067, 40.8994936]], [[14.2631466, 40.8991532], [14.2639297, 40.8986186], [14.2650265, 40.8978797]]]}}, {"type": "Feature", "properties": {"id": "SS-NAP-2403", "nome": "Viale Letizia", "quartiere": "", "classificazione": "giallo", "score": 3, "note": "strada urbana senza ciclabile", "ciclabile": "no", "n_corsie": "2", "senso_unico": "no", "n_testimonianze": "0", "zona": "B2"}, "geometry": {"type": "LineString", "coordinates": [[14.244574, 40.8705787], [14.2446117, 40.8705284], [14.2446944, 40.8704399], [14.244741, 40.8704471], [14.2447864, 40.8704465], [14.2448351, 40.8704347], [14.2448631, 40.870425], [14.244881, 40.8704078], [14.2448909, 40.8703843], [14.2449677, 40.8698734], [14.2449906, 40.8697843], [14.2450736, 40.8696361]]}}, {"type": "Feature", "properties": {"id": "SS-NAP-2404", "nome": "Viale Luigi Califano", "quartiere": "", "classificazione": "giallo", "score": 3, "note": "strada urbana senza ciclabile", "ciclabile": "no", "n_corsie": "2", "senso_unico": "no", "n_testimonianze": "0", "zona": "B2"}, "geometry": {"type": "MultiLineString", "coordinates": [[[14.3421239, 40.8618274], [14.3420813, 40.8618036], [14.3399594, 40.8606204], [14.3374068, 40.8591971], [14.3373153, 40.8591509], [14.3372203, 40.8591097], [14.3370244, 40.8590413]], [[14.3422222, 40.8621297], [14.3422484, 40.8620691], [14.3422659, 40.8620228], [14.342263, 40.8619743], [14.3422441, 40.8619335], [14.3422105, 40.861885], [14.3421239, 40.8618274]], [[14.3421239, 40.8618274], [14.3422595, 40.8618513], [14.3423171, 40.8618431], [14.3423469, 40.8618274], [14.3425475, 40.8615913], [14.3426884, 40.8614977]]]}}, {"type": "Feature", "properties": {"id": "SS-NAP-2405", "nome": "Viale Margherita", "quartiere": "", "classificazione": "giallo", "score": 3, "note": "strada urbana senza ciclabile", "ciclabile": "no", "n_corsie": "2", "senso_unico": "no", "n_testimonianze": "0", "zona": "B2"}, "geometry": {"type": "MultiLineString", "coordinates": [[[14.3293084, 40.8587551], [14.3293725, 40.8586681], [14.3301438, 40.8573489]], [[14.3301438, 40.8573489], [14.3306308, 40.8564814], [14.3306937, 40.8563694], [14.3308377, 40.8561082]]]}}, {"type": "Feature", "properties": {"id": "SS-NAP-2411", "nome": "Viale Olga Silvestri", "quartiere": "", "classificazione": "giallo", "score": 3, "note": "strada urbana senza ciclabile", "ciclabile": "no", "n_corsie": "2", "senso_unico": "no", "n_testimonianze": "0", "zona": "B2"}, "geometry": {"type": "LineString", "coordinates": [[14.271071, 40.8691478], [14.2706367, 40.8690914], [14.2703146, 40.8689623], [14.2701164, 40.8688972], [14.2698708, 40.8688388]]}}, {"type": "Feature", "properties": {"id": "SS-NAP-2414", "nome": "Viale Privato Agrelli", "quartiere": "", "classificazione": "giallo", "score": 3, "note": "strada urbana senza ciclabile", "ciclabile": "no", "n_corsie": "2", "senso_unico": "no", "n_testimonianze": "0", "zona": "B2"}, "geometry": {"type": "LineString", "coordinates": [[14.2685879, 40.8852852], [14.2685169, 40.8852376], [14.2679029, 40.8848337], [14.2677531, 40.8847303], [14.2674092, 40.8844912]]}}, {"type": "Feature", "properties": {"id": "SS-NAP-2415", "nome": "Viale Privato Antonio Vitale", "quartiere": "", "classificazione": "giallo", "score": 3, "note": "strada urbana senza ciclabile", "ciclabile": "no", "n_corsie": "2", "senso_unico": "no", "n_testimonianze": "0", "zona": "B2"}, "geometry": {"type": "LineString", "coordinates": [[14.2695289, 40.8700427], [14.2697435, 40.8695377], [14.2697585, 40.8693278], [14.269843, 40.868922], [14.2698708, 40.8688388], [14.269877, 40.8688186], [14.26993, 40.8686842], [14.2701493, 40.868156]]}}, {"type": "Feature", "properties": {"id": "SS-NAP-2424", "nome": "Viale San Francesco sul Corso", "quartiere": "", "classificazione": "giallo", "score": 3, "note": "strada urbana senza ciclabile", "ciclabile": "no", "n_corsie": "2", "senso_unico": "no", "n_testimonianze": "0", "zona": "B2"}, "geometry": {"type": "LineString", "coordinates": [[14.2642951, 40.8885961], [14.2647916, 40.8888894], [14.2648432, 40.8889199]]}}, {"type": "Feature", "properties": {"id": "SS-NAP-2428", "nome": "Viale Umberto Terracini", "quartiere": "", "classificazione": "blu", "score": 2, "note": "zona pedonale / living street", "ciclabile": "no", "n_corsie": "1", "senso_unico": "no", "n_testimonianze": "0", "zona": "B2"}, "geometry": {"type": "LineString", "coordinates": [[14.2819098, 40.8561775], [14.281801, 40.8561668], [14.2817964, 40.8561951], [14.2817928, 40.856218], [14.2819024, 40.8562282], [14.2818849, 40.8563523], [14.2819384, 40.8563565], [14.2819781, 40.8563596], [14.2819983, 40.8562351], [14.2823214, 40.8562651], [14.2823013, 40.8563891], [14.2823198, 40.8563908], [14.2823834, 40.856397], [14.2824065, 40.8562696], [14.2825186, 40.8562805], [14.2825235, 40.8562541], [14.2825264, 40.8562385], [14.2824313, 40.856227], [14.2825307, 40.8556882], [14.2825378, 40.8556496], [14.2824756, 40.8556414], [14.2824449, 40.855817], [14.2824184, 40.8559703], [14.2824155, 40.8559872], [14.2823876, 40.8561329], [14.2823708, 40.8562202], [14.2823532, 40.8562186], [14.2819703, 40.8561831], [14.2819582, 40.856182], [14.2820011, 40.8559449], [14.2820469, 40.8556463], [14.2820166, 40.8556433], [14.2820053, 40.8556421], [14.2819098, 40.8561775]]}}, {"type": "Feature", "properties": {"id": "SS-NAP-2431", "nome": "Viale Walt Disney", "quartiere": "", "classificazione": "giallo", "score": 3, "note": "strada urbana senza ciclabile", "ciclabile": "no", "n_corsie": "2", "senso_unico": "no", "n_testimonianze": "0", "zona": "B2"}, "geometry": {"type": "LineString", "coordinates": [[14.335458, 40.8717077], [14.3351698, 40.8714148], [14.3348618, 40.8711018], [14.3346248, 40.870861], [14.3345712, 40.8708065], [14.3343864, 40.8706187], [14.3341447, 40.8703731], [14.3341291, 40.8703458], [14.3341251, 40.8703144], [14.334133, 40.870286], [14.3341577, 40.8702546], [14.3341903, 40.8702285], [14.336672, 40.8688322]]}}, {"type": "Feature", "properties": {"id": "SS-NAP-2436", "nome": "Viale del Centauro", "quartiere": "", "classificazione": "giallo", "score": 3, "note": "strada urbana senza ciclabile", "ciclabile": "no", "n_corsie": "2", "senso_unico": "si", "n_testimonianze": "0", "zona": "B2"}, "geometry": {"type": "LineString", "coordinates": [[14.2695076, 40.889185], [14.2695103, 40.8891172], [14.2694993, 40.8890531], [14.2693702, 40.888669], [14.2693748, 40.8886196], [14.2693881, 40.8885684], [14.2695499, 40.8881938]]}}, {"type": "Feature", "properties": {"id": "SS-NAP-2445", "nome": "Viale delle Galassie", "quartiere": "", "classificazione": "giallo", "score": 3, "note": "strada urbana senza ciclabile", "ciclabile": "no", "n_corsie": "2", "senso_unico": "si", "n_testimonianze": "0", "zona": "B2"}, "geometry": {"type": "MultiLineString", "coordinates": [[[14.2700113, 40.8901583], [14.2698396, 40.8901411], [14.2690841, 40.8900721], [14.2689183, 40.8900555], [14.2683297, 40.8900008], [14.2682243, 40.8899919], [14.2680086, 40.8899716], [14.2675837, 40.8899335], [14.2675341, 40.889927], [14.2674298, 40.8899081], [14.267357, 40.8898883], [14.2673242, 40.8898763], [14.2672522, 40.8898437]], [[14.2672522, 40.8898437], [14.2673108, 40.8898223], [14.2673751, 40.8898092], [14.2674579, 40.8898011], [14.2675474, 40.8898068], [14.2676032, 40.8898103], [14.2679943, 40.8898459]], [[14.2679943, 40.8898459], [14.2680239, 40.8898488], [14.2682424, 40.8898701], [14.2683294, 40.8898786], [14.2689344, 40.8899377], [14.2690921, 40.889953], [14.2698513, 40.890019], [14.2700102, 40.8900313]], [[14.2682424, 40.8898701], [14.2682243, 40.8899919]], [[14.2689183, 40.8900555], [14.2689344, 40.8899377]], [[14.2675341, 40.889927], [14.2673988, 40.8899306], [14.2672975, 40.8899528], [14.2672116, 40.889994]]]}}, {"type": "Feature", "properties": {"id": "SS-NAP-2448", "nome": "Viale privato Antonio Imperatore", "quartiere": "", "classificazione": "giallo", "score": 3, "note": "strada urbana senza ciclabile", "ciclabile": "no", "n_corsie": "2", "senso_unico": "no", "n_testimonianze": "0", "zona": "B2"}, "geometry": {"type": "LineString", "coordinates": [[14.2713691, 40.8910556], [14.2702253, 40.8910984]]}}, {"type": "Feature", "properties": {"id": "SS-NAP-2449", "nome": "Viale privato On. Luigi Amato", "quartiere": "", "classificazione": "blu", "score": 2, "note": "zona pedonale / living street", "ciclabile": "no", "n_corsie": "1", "senso_unico": "no", "n_testimonianze": "0", "zona": "B2"}, "geometry": {"type": "LineString", "coordinates": [[14.2665112, 40.8860694], [14.2672185, 40.886508], [14.2672826, 40.8865507]]}}, {"type": "Feature", "properties": {"id": "SS-NAP-2452", "nome": "Viale privato degli Asteroidi", "quartiere": "", "classificazione": "giallo", "score": 3, "note": "strada urbana senza ciclabile", "ciclabile": "no", "n_corsie": "2", "senso_unico": "no", "n_testimonianze": "0", "zona": "B2"}, "geometry": {"type": "LineString", "coordinates": [[14.2674911, 40.8890802], [14.2679009, 40.8892527], [14.2680231, 40.8893328], [14.2680734, 40.8893859]]}}, {"type": "Feature", "properties": {"id": "SS-NAP-2453", "nome": "Viale privato dei Pianeti", "quartiere": "", "classificazione": "giallo", "score": 3, "note": "strada urbana senza ciclabile", "ciclabile": "no", "n_corsie": "2", "senso_unico": "no", "n_testimonianze": "0", "zona": "B2"}, "geometry": {"type": "LineString", "coordinates": [[14.2680734, 40.8893859], [14.2683051, 40.8893316], [14.2686721, 40.8892491], [14.268989, 40.8891718], [14.2693978, 40.8891822], [14.2695076, 40.889185], [14.2695753, 40.8891867], [14.2699711, 40.8891983], [14.2700584, 40.8892008]]}}, {"type": "Feature", "properties": {"id": "SS-NAP-2454", "nome": "Viale privato delle Comete", "quartiere": "", "classificazione": "giallo", "score": 3, "note": "strada urbana senza ciclabile", "ciclabile": "no", "n_corsie": "2", "senso_unico": "no", "n_testimonianze": "0", "zona": "B2"}, "geometry": {"type": "LineString", "coordinates": [[14.268873, 40.8879386], [14.269257, 40.8881009], [14.2695499, 40.8881938], [14.2700432, 40.8883126], [14.270085, 40.8883227]]}}, {"type": "Feature", "properties": {"id": "SS-NAP-2456", "nome": "Vialetto Villa D'Agostino", "quartiere": "", "classificazione": "blu", "score": 2, "note": "accesso limitato (ZTL)", "ciclabile": "no", "n_corsie": "1", "senso_unico": "no", "n_testimonianze": "0", "zona": "B2"}, "geometry": {"type": "LineString", "coordinates": [[14.2449389, 40.8596048], [14.2449442, 40.8595928], [14.2449526, 40.8595814], [14.2449622, 40.859572], [14.2449736, 40.8595653], [14.2449915, 40.8595624], [14.2450034, 40.8595624], [14.2450152, 40.8595638], [14.2450365, 40.8595676], [14.2450743, 40.8595755], [14.2453107, 40.8596595], [14.2454777, 40.8597139], [14.2456011, 40.8597402], [14.2457241, 40.8597501], [14.2458318, 40.8597524], [14.2459257, 40.8597382], [14.2460571, 40.8597078], [14.2461751, 40.8596814], [14.2463092, 40.8596591], [14.2464386, 40.8596344], [14.2464906, 40.8596239], [14.2465127, 40.8596176], [14.2465214, 40.8596117], [14.2465248, 40.8596058], [14.2465269, 40.8595953], [14.246523, 40.8595857], [14.2465151, 40.8595777], [14.2465012, 40.8595708], [14.2464846, 40.859565], [14.2463876, 40.8595429], [14.2463132, 40.8595286], [14.2462398, 40.8595113], [14.2461798, 40.8594898], [14.2461591, 40.8594779], [14.2461402, 40.8594643], [14.2461257, 40.8594476], [14.2461188, 40.8594299], [14.2461141, 40.8594143], [14.2461161, 40.8593974], [14.2461221, 40.8593826], [14.2461334, 40.8593681], [14.2461589, 40.8593511], [14.2461858, 40.8593365], [14.2463854, 40.8592506], [14.2465817, 40.8591729], [14.2467383, 40.859114]]}}, {"type": "Feature", "properties": {"id": "SS-NAP-2459", "nome": "Vico 1° Fornelle", "quartiere": "", "classificazione": "giallo", "score": 3, "note": "strada urbana senza ciclabile", "ciclabile": "no", "n_corsie": "2", "senso_unico": "no", "n_testimonianze": "0", "zona": "B2"}, "geometry": {"type": "LineString", "coordinates": [[14.268293, 40.8660359], [14.2682298, 40.8660305], [14.2680911, 40.8660187]]}}, {"type": "Feature", "properties": {"id": "SS-NAP-2465", "nome": "Vico Biagio Miraglia", "quartiere": "", "classificazione": "blu", "score": 2, "note": "zona pedonale / living street", "ciclabile": "no", "n_corsie": "1", "senso_unico": "no", "n_testimonianze": "0", "zona": "B2"}, "geometry": {"type": "LineString", "coordinates": [[14.2677828, 40.858442], [14.2678592, 40.858515], [14.2679369, 40.8585495], [14.2679685, 40.8585512], [14.2680094, 40.8585535]]}}, {"type": "Feature", "properties": {"id": "SS-NAP-2467", "nome": "Vico Buongiorno", "quartiere": "", "classificazione": "giallo", "score": 3, "note": "strada urbana senza ciclabile", "ciclabile": "no", "n_corsie": "2", "senso_unico": "no", "n_testimonianze": "0", "zona": "B2"}, "geometry": {"type": "LineString", "coordinates": [[14.2556314, 40.8559375], [14.2560006, 40.856132]]}}, {"type": "Feature", "properties": {"id": "SS-NAP-2475", "nome": "Vico Casa Maglione", "quartiere": "", "classificazione": "giallo", "score": 3, "note": "strada urbana senza ciclabile", "ciclabile": "no", "n_corsie": "2", "senso_unico": "no", "n_testimonianze": "0", "zona": "B2"}, "geometry": {"type": "LineString", "coordinates": [[14.3348174, 40.8580329], [14.3345875, 40.8582577], [14.3345833, 40.8582646], [14.3345825, 40.858272], [14.3345821, 40.8582855], [14.3345805, 40.8582914], [14.3345776, 40.8582974], [14.3344299, 40.8584512]]}}, {"type": "Feature", "properties": {"id": "SS-NAP-2485", "nome": "Vico Crispano", "quartiere": "", "classificazione": "blu", "score": 2, "note": "zona pedonale / living street", "ciclabile": "no", "n_corsie": "1", "senso_unico": "no", "n_testimonianze": "0", "zona": "B2"}, "geometry": {"type": "LineString", "coordinates": [[14.2656059, 40.8575222], [14.2657805, 40.8575507], [14.26592, 40.8575819], [14.2660326, 40.8576122], [14.2661429, 40.8576427], [14.2662541, 40.857688], [14.266365, 40.8577345], [14.2664394, 40.8577695], [14.2665489, 40.8578161], [14.2666052, 40.8578393], [14.2666499, 40.8578589], [14.2666984, 40.8578796], [14.2667397, 40.8578943], [14.266788, 40.8579124]]}}, {"type": "Feature", "properties": {"id": "SS-NAP-2486", "nome": "Vico Croce", "quartiere": "", "classificazione": "giallo", "score": 3, "note": "strada urbana senza ciclabile", "ciclabile": "no", "n_corsie": "2", "senso_unico": "no", "n_testimonianze": "0", "zona": "B2"}, "geometry": {"type": "MultiLineString", "coordinates": [[[14.2503158, 40.8837672], [14.2505077, 40.8838712], [14.2508187, 40.8840617], [14.2510281, 40.8842123], [14.2511359, 40.8842892], [14.2512375, 40.8843491], [14.2513188, 40.8843891], [14.2513737, 40.8844014], [14.2516573, 40.8843987]], [[14.2160779, 40.8881751], [14.2162078, 40.8886543]]]}}, {"type": "Feature", "properties": {"id": "SS-NAP-2489", "nome": "Vico Donnaregina", "quartiere": "", "classificazione": "blu", "score": 2, "note": "zona pedonale / living street", "ciclabile": "no", "n_corsie": "1", "senso_unico": "no", "n_testimonianze": "0", "zona": "B2"}, "geometry": {"type": "LineString", "coordinates": [[14.2587773, 40.8543022], [14.2586779, 40.8545122], [14.2585854, 40.8546771], [14.258435, 40.8549441]]}}, {"type": "Feature", "properties": {"id": "SS-NAP-2494", "nome": "Vico Evangelista", "quartiere": "", "classificazione": "giallo", "score": 3, "note": "strada urbana senza ciclabile", "ciclabile": "no", "n_corsie": "2", "senso_unico": "no", "n_testimonianze": "0", "zona": "B2"}, "geometry": {"type": "LineString", "coordinates": [[14.3285577, 40.8573002], [14.3293016, 40.8573433]]}}, {"type": "Feature", "properties": {"id": "SS-NAP-2495", "nome": "Vico Ferrovia", "quartiere": "", "classificazione": "giallo", "score": 3, "note": "strada urbana senza ciclabile", "ciclabile": "no", "n_corsie": "2", "senso_unico": "si", "n_testimonianze": "0", "zona": "B2"}, "geometry": {"type": "MultiLineString", "coordinates": [[[14.2684475, 40.853648], [14.2690106, 40.8532295], [14.2691211, 40.853151]], [[14.2683727, 40.8539041], [14.2684164, 40.8538418], [14.2684475, 40.853648]]]}}, {"type": "Feature", "properties": {"id": "SS-NAP-2500", "nome": "Vico Fonseca", "quartiere": "", "classificazione": "giallo", "score": 3, "note": "strada urbana senza ciclabile", "ciclabile": "no", "n_corsie": "2", "senso_unico": "no", "n_testimonianze": "0", "zona": "B2"}, "geometry": {"type": "LineString", "coordinates": [[14.2486134, 40.8572794], [14.2494531, 40.8573832]]}}, {"type": "Feature", "properties": {"id": "SS-NAP-2509", "nome": "Vico I Parise", "quartiere": "", "classificazione": "giallo", "score": 3, "note": "strada urbana senza ciclabile", "ciclabile": "no", "n_corsie": "2", "senso_unico": "no", "n_testimonianze": "0", "zona": "B2"}, "geometry": {"type": "LineString", "coordinates": [[14.2510169, 40.8848687], [14.2509458, 40.8848915], [14.2507365, 40.8849767], [14.2505381, 40.885072], [14.2504482, 40.8851199]]}}, {"type": "Feature", "properties": {"id": "SS-NAP-2514", "nome": "Vico II Foria", "quartiere": "", "classificazione": "blu", "score": 2, "note": "zona pedonale / living street", "ciclabile": "no", "n_corsie": "1", "senso_unico": "no", "n_testimonianze": "0", "zona": "B2"}, "geometry": {"type": "LineString", "coordinates": [[14.2616861, 40.8585981], [14.2614689, 40.8588237], [14.2614066, 40.8588884]]}}, {"type": "Feature", "properties": {"id": "SS-NAP-2518", "nome": "Vico II Ponte", "quartiere": "", "classificazione": "giallo", "score": 3, "note": "strada urbana senza ciclabile", "ciclabile": "no", "n_corsie": "2", "senso_unico": "no", "n_testimonianze": "0", "zona": "B2"}, "geometry": {"type": "LineString", "coordinates": [[14.2525748, 40.886717], [14.2523082, 40.8868758], [14.2521679, 40.88694]]}}, {"type": "Feature", "properties": {"id": "SS-NAP-2519", "nome": "Vico II Ponte a Miano", "quartiere": "", "classificazione": "giallo", "score": 3, "note": "strada urbana senza ciclabile", "ciclabile": "no", "n_corsie": "2", "senso_unico": "no", "n_testimonianze": "0", "zona": "B2"}, "geometry": {"type": "LineString", "coordinates": [[14.2529564, 40.8870392], [14.2523874, 40.887316]]}}, {"type": "Feature", "properties": {"id": "SS-NAP-2522", "nome": "Vico III Parise", "quartiere": "", "classificazione": "giallo", "score": 3, "note": "strada urbana senza ciclabile", "ciclabile": "no", "n_corsie": "2", "senso_unico": "no", "n_testimonianze": "0", "zona": "B2"}, "geometry": {"type": "LineString", "coordinates": [[14.2499049, 40.8849145], [14.2501152, 40.8848157], [14.2502107, 40.8847654], [14.2503208, 40.8846786], [14.2504884, 40.884563], [14.2506461, 40.8844501]]}}, {"type": "Feature", "properties": {"id": "SS-NAP-2524", "nome": "Vico Impagliafiaschi", "quartiere": "", "classificazione": "blu", "score": 2, "note": "zona pedonale / living street", "ciclabile": "no", "n_corsie": "1", "senso_unico": "no", "n_testimonianze": "0", "zona": "B2"}, "geometry": {"type": "LineString", "coordinates": [[14.2555582, 40.8560385], [14.2552816, 40.855896], [14.2549834, 40.8557219]]}}, {"type": "Feature", "properties": {"id": "SS-NAP-2526", "nome": "Vico Lepre", "quartiere": "", "classificazione": "giallo", "score": 3, "note": "strada urbana senza ciclabile", "ciclabile": "no", "n_corsie": "2", "senso_unico": "si", "n_testimonianze": "0", "zona": "B2"}, "geometry": {"type": "LineString", "coordinates": [[14.3322036, 40.8569608], [14.3321426, 40.8570146], [14.3320882, 40.8570708], [14.3319251, 40.857274], [14.3315918, 40.857715], [14.3315707, 40.8577468], [14.3315639, 40.8577636]]}}, {"type": "Feature", "properties": {"id": "SS-NAP-2529", "nome": "Vico Lungo Sant'Antonio Abate", "quartiere": "", "classificazione": "blu", "score": 2, "note": "zona pedonale / living street", "ciclabile": "no", "n_corsie": "1", "senso_unico": "no", "n_testimonianze": "0", "zona": "B2"}, "geometry": {"type": "LineString", "coordinates": [[14.2657815, 40.8605335], [14.2657711, 40.8605487], [14.2655485, 40.8608733], [14.2655356, 40.8608921], [14.2655132, 40.8609238], [14.2653582, 40.861144], [14.2652826, 40.8611549], [14.2652628, 40.8611577]]}}, {"type": "Feature", "properties": {"id": "SS-NAP-2534", "nome": "Vico Maglione", "quartiere": "", "classificazione": "rosso", "score": 4, "note": "strada secondaria trafficata", "ciclabile": "no", "n_corsie": "2", "senso_unico": "si", "n_testimonianze": "0", "zona": "B2"}, "geometry": {"type": "LineString", "coordinates": [[14.2712628, 40.8856436], [14.2712203, 40.8856209], [14.2706187, 40.8852995], [14.2703202, 40.8851346], [14.2701018, 40.8850013], [14.2698871, 40.884881], [14.2694461, 40.8846166], [14.269342, 40.8845542]]}}, {"type": "Feature", "properties": {"id": "SS-NAP-2535", "nome": "Vico Martiri d'Otranto", "quartiere": "", "classificazione": "blu", "score": 2, "note": "zona pedonale / living street", "ciclabile": "no", "n_corsie": "1", "senso_unico": "no", "n_testimonianze": "0", "zona": "B2"}, "geometry": {"type": "LineString", "coordinates": [[14.2667489, 40.8559996], [14.2664836, 40.856071], [14.26633, 40.8561084], [14.2661467, 40.856143], [14.2659219, 40.8561793], [14.2656928, 40.8562091]]}}, {"type": "Feature", "properties": {"id": "SS-NAP-2539", "nome": "Vico Milano", "quartiere": "", "classificazione": "giallo", "score": 3, "note": "strada urbana senza ciclabile", "ciclabile": "no", "n_corsie": "2", "senso_unico": "si", "n_testimonianze": "0", "zona": "B2"}, "geometry": {"type": "MultiLineString", "coordinates": [[[14.2682567, 40.8550986], [14.2682395, 40.8548563]], [[14.2682684, 40.8540587], [14.2682497, 40.854133], [14.2682439, 40.8541524], [14.2682412, 40.8541615], [14.2682364, 40.8541955], [14.2682339, 40.854252]], [[14.2682339, 40.854252], [14.2682561, 40.8547927], [14.2682395, 40.8548563]]]}}, {"type": "Feature", "properties": {"id": "SS-NAP-2540", "nome": "Vico Miradois", "quartiere": "", "classificazione": "blu", "score": 2, "note": "zona pedonale / living street", "ciclabile": "no", "n_corsie": "1", "senso_unico": "no", "n_testimonianze": "0", "zona": "B2"}, "geometry": {"type": "LineString", "coordinates": [[14.2559574, 40.8616276], [14.2552707, 40.8616184]]}}, {"type": "Feature", "properties": {"id": "SS-NAP-2545", "nome": "Vico Nocche", "quartiere": "", "classificazione": "blu", "score": 2, "note": "zona pedonale / living street", "ciclabile": "no", "n_corsie": "1", "senso_unico": "no", "n_testimonianze": "0", "zona": "B2"}, "geometry": {"type": "MultiLineString", "coordinates": [[[14.26121, 40.8576229], [14.261225, 40.8576321], [14.2612597, 40.8576534]], [[14.2611426, 40.8575793], [14.26121, 40.8576229]], [[14.2607877, 40.8573547], [14.2611426, 40.8575793]]]}}, {"type": "Feature", "properties": {"id": "SS-NAP-2553", "nome": "Vico Paradisiello", "quartiere": "", "classificazione": "blu", "score": 2, "note": "zona pedonale / living street", "ciclabile": "no", "n_corsie": "1", "senso_unico": "no", "n_testimonianze": "0", "zona": "B2"}, "geometry": {"type": "MultiLineString", "coordinates": [[[14.261441, 40.8624417], [14.2613956, 40.8624668], [14.2611119, 40.8626313], [14.2609855, 40.8626754], [14.260723, 40.8628223], [14.2606721, 40.8629145], [14.2605093, 40.8631624], [14.2605007, 40.863175], [14.2603887, 40.8633403], [14.2603827, 40.8633521]], [[14.2585435, 40.8626084], [14.2588802, 40.8628352], [14.25898, 40.8629124], [14.2590439, 40.8629625], [14.2590547, 40.8629846], [14.2590593, 40.8630137], [14.2591117, 40.8631011], [14.2591733, 40.8631827], [14.2592334, 40.8632328], [14.2595354, 40.8634402]]]}}, {"type": "Feature", "properties": {"id": "SS-NAP-2554", "nome": "Vico Parrocchia", "quartiere": "", "classificazione": "blu", "score": 2, "note": "zona pedonale / living street", "ciclabile": "no", "n_corsie": "1", "senso_unico": "no", "n_testimonianze": "0", "zona": "B2"}, "geometry": {"type": "LineString", "coordinates": [[14.2620564, 40.8939496], [14.2623259, 40.8938681], [14.2625338, 40.8938564], [14.2627662, 40.8937659]]}}, {"type": "Feature", "properties": {"id": "SS-NAP-2555", "nome": "Vico Parroco Vecchio", "quartiere": "", "classificazione": "blu", "score": 2, "note": "zona pedonale / living street", "ciclabile": "no", "n_corsie": "1", "senso_unico": "no", "n_testimonianze": "0", "zona": "B2"}, "geometry": {"type": "LineString", "coordinates": [[14.2637969, 40.8922923], [14.2640276, 40.8922806], [14.2641504, 40.8923045]]}}, {"type": "Feature", "properties": {"id": "SS-NAP-2557", "nome": "Vico Pergola a Sant'Antonio Abate", "quartiere": "", "classificazione": "blu", "score": 2, "note": "zona pedonale / living street", "ciclabile": "no", "n_corsie": "1", "senso_unico": "no", "n_testimonianze": "0", "zona": "B2"}, "geometry": {"type": "LineString", "coordinates": [[14.2656562, 40.8571378], [14.2661577, 40.8571703]]}}, {"type": "Feature", "properties": {"id": "SS-NAP-2562", "nome": "Vico Primo Censi", "quartiere": "", "classificazione": "giallo", "score": 3, "note": "strada urbana senza ciclabile", "ciclabile": "no", "n_corsie": "2", "senso_unico": "si", "n_testimonianze": "0", "zona": "B2"}, "geometry": {"type": "LineString", "coordinates": [[14.2640425, 40.8941143], [14.2641035, 40.8941306], [14.2642765, 40.8942188], [14.2647819, 40.8944813], [14.264925, 40.8945645], [14.2653872, 40.8948048], [14.2656972, 40.8949634], [14.2662237, 40.895228]]}}, {"type": "Feature", "properties": {"id": "SS-NAP-2568", "nome": "Vico S. Nicandro", "quartiere": "", "classificazione": "giallo", "score": 3, "note": "strada urbana senza ciclabile", "ciclabile": "no", "n_corsie": "2", "senso_unico": "no", "n_testimonianze": "0", "zona": "B2"}, "geometry": {"type": "LineString", "coordinates": [[14.2523332, 40.8557784], [14.2520737, 40.8556681], [14.2520453, 40.8556835], [14.2518111, 40.8560854]]}}, {"type": "Feature", "properties": {"id": "SS-NAP-2569", "nome": "Vico S. Porzio", "quartiere": "", "classificazione": "blu", "score": 2, "note": "zona pedonale / living street", "ciclabile": "no", "n_corsie": "1", "senso_unico": "no", "n_testimonianze": "0", "zona": "B2"}, "geometry": {"type": "LineString", "coordinates": [[14.2656393, 40.8587202], [14.2656498, 40.8586997], [14.265886, 40.8582372]]}}, {"type": "Feature", "properties": {"id": "SS-NAP-2573", "nome": "Vico San Gennaro dei Poveri", "quartiere": "", "classificazione": "giallo", "score": 3, "note": "strada urbana senza ciclabile", "ciclabile": "no", "n_corsie": "2", "senso_unico": "no", "n_testimonianze": "0", "zona": "B2"}, "geometry": {"type": "LineString", "coordinates": [[14.2461929, 40.861695], [14.2461717, 40.8619207], [14.2461142, 40.8621609], [14.2460113, 40.8626812], [14.2459164, 40.8631358], [14.2460034, 40.8635006], [14.2462844, 40.8641381], [14.2464721, 40.8646417]]}}, {"type": "Feature", "properties": {"id": "SS-NAP-2586", "nome": "Vico Sant'Eframo Vecchio", "quartiere": "", "classificazione": "giallo", "score": 3, "note": "strada urbana senza ciclabile", "ciclabile": "no", "n_corsie": "2", "senso_unico": "si", "n_testimonianze": "0", "zona": "B2"}, "geometry": {"type": "LineString", "coordinates": [[14.2617301, 40.8633448], [14.2617277, 40.8634872], [14.2617843, 40.8637346], [14.2618178, 40.863906], [14.2617318, 40.8645591], [14.2614068, 40.8666535], [14.2614008, 40.8666742], [14.2613692, 40.8666969], [14.2612749, 40.8667678], [14.2607148, 40.8671064]]}}, {"type": "Feature", "properties": {"id": "SS-NAP-2589", "nome": "Vico Santa Margherita a Fonseca", "quartiere": "", "classificazione": "giallo", "score": 3, "note": "strada urbana senza ciclabile", "ciclabile": "no", "n_corsie": "2", "senso_unico": "si", "n_testimonianze": "0", "zona": "B2"}, "geometry": {"type": "LineString", "coordinates": [[14.2502897, 40.8569565], [14.250083, 40.8579013], [14.2500159, 40.8579145], [14.249768, 40.8579347], [14.249577, 40.8579346], [14.2493382, 40.8579094], [14.248511, 40.8577867], [14.2484064, 40.8577712]]}}, {"type": "Feature", "properties": {"id": "SS-NAP-2590", "nome": "Vico Santa Maria Delle Grazie", "quartiere": "", "classificazione": "giallo", "score": 3, "note": "strada urbana senza ciclabile", "ciclabile": "no", "n_corsie": "2", "senso_unico": "si", "n_testimonianze": "0", "zona": "B2"}, "geometry": {"type": "MultiLineString", "coordinates": [[[14.2486099, 40.8693639], [14.24876, 40.8694976], [14.2492703, 40.8698403], [14.2493619, 40.8699021]], [[14.2486099, 40.8693639], [14.2486238, 40.8693287], [14.2486281, 40.8692823], [14.2485926, 40.8688106], [14.248483, 40.8685125]]]}}, {"type": "Feature", "properties": {"id": "SS-NAP-2592", "nome": "Vico Santa Maria ad Agnone", "quartiere": "", "classificazione": "blu", "score": 2, "note": "zona pedonale / living street", "ciclabile": "no", "n_corsie": "1", "senso_unico": "no", "n_testimonianze": "0", "zona": "B2"}, "geometry": {"type": "MultiLineString", "coordinates": [[[14.2612667, 40.8540811], [14.2612349, 40.8541419]], [[14.2612349, 40.8541419], [14.2612225, 40.8541637]]]}}, {"type": "Feature", "properties": {"id": "SS-NAP-2593", "nome": "Vico Santa Maria degli Angeli alle Croci", "quartiere": "", "classificazione": "giallo", "score": 3, "note": "strada urbana senza ciclabile", "ciclabile": "no", "n_corsie": "2", "senso_unico": "si", "n_testimonianze": "0", "zona": "B2"}, "geometry": {"type": "MultiLineString", "coordinates": [[[14.2596281, 40.8609259], [14.2592419, 40.8606102]], [[14.2596281, 40.8609259], [14.2597972, 40.861068]]]}}, {"type": "Feature", "properties": {"id": "SS-NAP-2598", "nome": "Vico Santillo", "quartiere": "", "classificazione": "giallo", "score": 3, "note": "strada urbana senza ciclabile", "ciclabile": "no", "n_corsie": "2", "senso_unico": "no", "n_testimonianze": "0", "zona": "B2"}, "geometry": {"type": "LineString", "coordinates": [[14.3300532, 40.8560001], [14.3300961, 40.8559173], [14.3301835, 40.8555196], [14.330205, 40.8553703]]}}, {"type": "Feature", "properties": {"id": "SS-NAP-2602", "nome": "Vico Secondo Censi", "quartiere": "", "classificazione": "giallo", "score": 3, "note": "strada urbana senza ciclabile", "ciclabile": "no", "n_corsie": "2", "senso_unico": "no", "n_testimonianze": "0", "zona": "B2"}, "geometry": {"type": "MultiLineString", "coordinates": [[[14.2660254, 40.895436], [14.2655425, 40.8951963], [14.2654089, 40.8951296], [14.2648858, 40.8948776], [14.2647024, 40.8947886], [14.2640778, 40.8944564], [14.2639176, 40.8943959]], [[14.2654146, 40.895331], [14.2655425, 40.8951963]], [[14.264656, 40.8950806], [14.2647014, 40.8950734], [14.264776, 40.8949945], [14.2648858, 40.8948776]]]}}, {"type": "Feature", "properties": {"id": "SS-NAP-2613", "nome": "Vico Storto del Pozzo", "quartiere": "", "classificazione": "blu", "score": 2, "note": "zona pedonale / living street", "ciclabile": "no", "n_corsie": "1", "senso_unico": "no", "n_testimonianze": "0", "zona": "B2"}, "geometry": {"type": "LineString", "coordinates": [[14.2637005, 40.8949777], [14.2639698, 40.8947083]]}}, {"type": "Feature", "properties": {"id": "SS-NAP-2619", "nome": "Vico Terzo Censi", "quartiere": "", "classificazione": "giallo", "score": 3, "note": "strada urbana senza ciclabile", "ciclabile": "no", "n_corsie": "2", "senso_unico": "no", "n_testimonianze": "0", "zona": "B2"}, "geometry": {"type": "LineString", "coordinates": [[14.264656, 40.8950806], [14.2641119, 40.8947837], [14.2639698, 40.8947083], [14.2636776, 40.8945533]]}}, {"type": "Feature", "properties": {"id": "SS-NAP-2625", "nome": "Vico Tutti i Santi", "quartiere": "", "classificazione": "blu", "score": 2, "note": "zona pedonale / living street", "ciclabile": "no", "n_corsie": "1", "senso_unico": "no", "n_testimonianze": "0", "zona": "B2"}, "geometry": {"type": "LineString", "coordinates": [[14.266695, 40.8596], [14.2667224, 40.8596098], [14.2668245, 40.8596462]]}}, {"type": "Feature", "properties": {"id": "SS-NAP-2626", "nome": "Vico Urbano Rattazzi", "quartiere": "", "classificazione": "giallo", "score": 3, "note": "strada urbana senza ciclabile", "ciclabile": "no", "n_corsie": "2", "senso_unico": "no", "n_testimonianze": "0", "zona": "B2"}, "geometry": {"type": "LineString", "coordinates": [[14.2508194, 40.8842844], [14.2509938, 40.8845521], [14.2513787, 40.8850307], [14.2519762, 40.8848322]]}}, {"type": "Feature", "properties": {"id": "SS-NAP-2629", "nome": "Vico Vasto a Capuana", "quartiere": "", "classificazione": "giallo", "score": 3, "note": "strada urbana senza ciclabile", "ciclabile": "no", "n_corsie": "2", "senso_unico": "si", "n_testimonianze": "0", "zona": "B2"}, "geometry": {"type": "LineString", "coordinates": [[14.2660057, 40.8545042], [14.2668092, 40.8542777]]}}, {"type": "Feature", "properties": {"id": "SS-NAP-2630", "nome": "Vico Venezia", "quartiere": "", "classificazione": "giallo", "score": 3, "note": "strada urbana senza ciclabile", "ciclabile": "no", "n_corsie": "2", "senso_unico": "si", "n_testimonianze": "0", "zona": "B2"}, "geometry": {"type": "LineString", "coordinates": [[14.2688208, 40.8549168], [14.2682395, 40.8548563], [14.2676987, 40.8548021], [14.2676844, 40.8548007]]}}, {"type": "Feature", "properties": {"id": "SS-NAP-2632", "nome": "Vico Vincenzo Valente", "quartiere": "", "classificazione": "giallo", "score": 3, "note": "strada urbana senza ciclabile", "ciclabile": "no", "n_corsie": "2", "senso_unico": "no", "n_testimonianze": "0", "zona": "B2"}, "geometry": {"type": "MultiLineString", "coordinates": [[[14.2528539, 40.8859302], [14.2528143, 40.8859579], [14.2527521, 40.8859848], [14.2521726, 40.8861045], [14.2516412, 40.8862156], [14.251198, 40.8863015], [14.2511095, 40.8863207], [14.2506668, 40.8864115], [14.2501009, 40.8865275], [14.2499757, 40.8865544], [14.2496278, 40.8866283], [14.2495424, 40.8866464]], [[14.2499757, 40.8865544], [14.2499485, 40.8864781], [14.2498668, 40.8862133], [14.2502239, 40.8861527], [14.2505533, 40.8860968], [14.2506668, 40.8864115]]]}}, {"type": "Feature", "properties": {"id": "SS-NAP-2633", "nome": "Vico Vittorio Veneto", "quartiere": "", "classificazione": "giallo", "score": 3, "note": "strada urbana senza ciclabile", "ciclabile": "no", "n_corsie": "2", "senso_unico": "no", "n_testimonianze": "0", "zona": "B2"}, "geometry": {"type": "LineString", "coordinates": [[14.2486436, 40.885626], [14.2483883, 40.8857399], [14.2481392, 40.8858568], [14.2478184, 40.8859959], [14.2474911, 40.8861412], [14.24715, 40.8863048], [14.2472387, 40.8864256], [14.2475188, 40.8867949], [14.2476125, 40.8869109]]}}, {"type": "Feature", "properties": {"id": "SS-NAP-2636", "nome": "Vico dei Bianchi", "quartiere": "", "classificazione": "blu", "score": 2, "note": "zona pedonale / living street", "ciclabile": "no", "n_corsie": "1", "senso_unico": "no", "n_testimonianze": "0", "zona": "B2"}, "geometry": {"type": "LineString", "coordinates": [[14.2551338, 40.8544549], [14.2551845, 40.8543481], [14.2552998, 40.8543724], [14.2553427, 40.8543481]]}}, {"type": "Feature", "properties": {"id": "SS-NAP-2647", "nome": "Vico del Forno", "quartiere": "", "classificazione": "blu", "score": 2, "note": "zona pedonale / living street", "ciclabile": "no", "n_corsie": "1", "senso_unico": "no", "n_testimonianze": "0", "zona": "B2"}, "geometry": {"type": "LineString", "coordinates": [[14.2559206, 40.8549701], [14.2561598, 40.8550524]]}}, {"type": "Feature", "properties": {"id": "SS-NAP-2650", "nome": "Vico del Vasto a Casanova", "quartiere": "", "classificazione": "blu", "score": 2, "note": "zona pedonale / living street", "ciclabile": "no", "n_corsie": "1", "senso_unico": "no", "n_testimonianze": "0", "zona": "B2"}, "geometry": {"type": "LineString", "coordinates": [[14.2703089, 40.856425], [14.2703443, 40.8564214], [14.2704231, 40.8562333]]}}, {"type": "Feature", "properties": {"id": "SS-NAP-2652", "nome": "Vico della Consolazione", "quartiere": "", "classificazione": "blu", "score": 2, "note": "zona pedonale / living street", "ciclabile": "no", "n_corsie": "1", "senso_unico": "no", "n_testimonianze": "0", "zona": "B2"}, "geometry": {"type": "MultiLineString", "coordinates": [[[14.2562869, 40.8544029], [14.25626, 40.8544211], [14.2562171, 40.8545185], [14.2561915, 40.854607], [14.2561641, 40.8546317], [14.25613, 40.8546428], [14.2560913, 40.8546492], [14.2560481, 40.8546463], [14.2559325, 40.8546161], [14.2557424, 40.8545449]], [[14.2557424, 40.8545449], [14.2557021, 40.8545347]], [[14.2557021, 40.8545347], [14.2556351, 40.8545063]], [[14.2556351, 40.8545063], [14.2554619, 40.8544041], [14.2553427, 40.8543481]]]}}, {"type": "Feature", "properties": {"id": "SS-NAP-2655", "nome": "Vico della Serpe", "quartiere": "", "classificazione": "blu", "score": 2, "note": "zona pedonale / living street", "ciclabile": "no", "n_corsie": "1", "senso_unico": "no", "n_testimonianze": "0", "zona": "B2"}, "geometry": {"type": "MultiLineString", "coordinates": [[[14.2618881, 40.8537951], [14.2620037, 40.8538309], [14.2621314, 40.8538874], [14.2621933, 40.8539381], [14.2622409, 40.8540491]], [[14.2617958, 40.8537827], [14.2618881, 40.8537951]]]}}, {"type": "Feature", "properties": {"id": "SS-NAP-2657", "nome": "Vico detto Pizzorosso", "quartiere": "", "classificazione": "blu", "score": 2, "note": "zona pedonale / living street", "ciclabile": "no", "n_corsie": "1", "senso_unico": "no", "n_testimonianze": "0", "zona": "B2"}, "geometry": {"type": "LineString", "coordinates": [[14.2638615, 40.8950588], [14.2641119, 40.8947837]]}}, {"type": "Feature", "properties": {"id": "SS-NAP-2658", "nome": "Vicoletto Antonio Tagliamonte", "quartiere": "", "classificazione": "giallo", "score": 3, "note": "strada urbana senza ciclabile", "ciclabile": "no", "n_corsie": "2", "senso_unico": "no", "n_testimonianze": "0", "zona": "B2"}, "geometry": {"type": "LineString", "coordinates": [[14.2661115, 40.8944926], [14.2658704, 40.8947522]]}}, {"type": "Feature", "properties": {"id": "SS-NAP-2660", "nome": "Vicoletto Camillo Porzio", "quartiere": "", "classificazione": "blu", "score": 2, "note": "zona pedonale / living street", "ciclabile": "no", "n_corsie": "1", "senso_unico": "no", "n_testimonianze": "0", "zona": "B2"}, "geometry": {"type": "LineString", "coordinates": [[14.2674971, 40.8598684], [14.2677086, 40.859507], [14.2677359, 40.8594604]]}}, {"type": "Feature", "properties": {"id": "SS-NAP-2663", "nome": "Vicoletto Duca degli Abruzzi", "quartiere": "", "classificazione": "giallo", "score": 3, "note": "strada urbana senza ciclabile", "ciclabile": "no", "n_corsie": "2", "senso_unico": "no", "n_testimonianze": "0", "zona": "B2"}, "geometry": {"type": "LineString", "coordinates": [[14.259637, 40.8946188], [14.2595405, 40.8944363], [14.2602061, 40.8941982]]}}, {"type": "Feature", "properties": {"id": "SS-NAP-2665", "nome": "Vicoletto I Santa Maria ad Agnone", "quartiere": "", "classificazione": "blu", "score": 2, "note": "zona pedonale / living street", "ciclabile": "no", "n_corsie": "1", "senso_unico": "no", "n_testimonianze": "0", "zona": "B2"}, "geometry": {"type": "LineString", "coordinates": [[14.2614184, 40.8538072], [14.2616837, 40.8539077], [14.2615657, 40.8541471]]}}, {"type": "Feature", "properties": {"id": "SS-NAP-2667", "nome": "Vicoletto II Pergola", "quartiere": "", "classificazione": "blu", "score": 2, "note": "zona pedonale / living street", "ciclabile": "no", "n_corsie": "1", "senso_unico": "no", "n_testimonianze": "0", "zona": "B2"}, "geometry": {"type": "LineString", "coordinates": [[14.2661577, 40.8571703], [14.2661671, 40.8568048], [14.2661673, 40.8567973]]}}, {"type": "Feature", "properties": {"id": "SS-NAP-2672", "nome": "Vicoletto Lepri a Pontenuovo", "quartiere": "", "classificazione": "blu", "score": 2, "note": "zona pedonale / living street", "ciclabile": "no", "n_corsie": "1", "senso_unico": "no", "n_testimonianze": "0", "zona": "B2"}, "geometry": {"type": "LineString", "coordinates": [[14.2637263, 40.8564233], [14.263767, 40.8563897], [14.2638148, 40.8563504], [14.2639262, 40.8562515]]}}, {"type": "Feature", "properties": {"id": "SS-NAP-2674", "nome": "Vicoletto Padre Gaetano Errico", "quartiere": "", "classificazione": "blu", "score": 2, "note": "zona pedonale / living street", "ciclabile": "no", "n_corsie": "1", "senso_unico": "no", "n_testimonianze": "0", "zona": "B2"}, "geometry": {"type": "LineString", "coordinates": [[14.2634654, 40.8936095], [14.2633125, 40.8932992]]}}, {"type": "Feature", "properties": {"id": "SS-NAP-2678", "nome": "Vicoletto San Gennaro dei Poveri", "quartiere": "", "classificazione": "giallo", "score": 3, "note": "strada urbana senza ciclabile", "ciclabile": "no", "n_corsie": "2", "senso_unico": "no", "n_testimonianze": "0", "zona": "B2"}, "geometry": {"type": "LineString", "coordinates": [[14.2461717, 40.8619207], [14.2460771, 40.8619636], [14.2460453, 40.8619803], [14.2459873, 40.8620281], [14.2456094, 40.862489], [14.2445689, 40.8632706]]}}, {"type": "Feature", "properties": {"id": "SS-NAP-2681", "nome": "Vicoletto San Petrillo", "quartiere": "", "classificazione": "blu", "score": 2, "note": "zona pedonale / living street", "ciclabile": "no", "n_corsie": "1", "senso_unico": "no", "n_testimonianze": "0", "zona": "B2"}, "geometry": {"type": "LineString", "coordinates": [[14.2576789, 40.8532646], [14.2574541, 40.8531938]]}}, {"type": "Feature", "properties": {"id": "SS-NAP-2683", "nome": "Vicoletto Sant'Antonio da Padova", "quartiere": "", "classificazione": "blu", "score": 2, "note": "zona pedonale / living street", "ciclabile": "no", "n_corsie": "1", "senso_unico": "no", "n_testimonianze": "0", "zona": "B2"}, "geometry": {"type": "LineString", "coordinates": [[14.26524, 40.8561881], [14.2656826, 40.8561566]]}}, {"type": "Feature", "properties": {"id": "SS-NAP-2684", "nome": "Vicoletto Santa Caterina a Formiello", "quartiere": "", "classificazione": "blu", "score": 2, "note": "zona pedonale / living street", "ciclabile": "no", "n_corsie": "1", "senso_unico": "no", "n_testimonianze": "0", "zona": "B2"}, "geometry": {"type": "LineString", "coordinates": [[14.2630913, 40.8553234], [14.2636388, 40.8556241]]}}, {"type": "Feature", "properties": {"id": "SS-NAP-2685", "nome": "Vicoletto Santa Maria della Fede", "quartiere": "", "classificazione": "blu", "score": 2, "note": "zona pedonale / living street", "ciclabile": "no", "n_corsie": "1", "senso_unico": "no", "n_testimonianze": "0", "zona": "B2"}, "geometry": {"type": "LineString", "coordinates": [[14.2681677, 40.8576268], [14.2678772, 40.8574366]]}}, {"type": "Feature", "properties": {"id": "SS-NAP-2692", "nome": "Vicoletto a Carbonara", "quartiere": "", "classificazione": "blu", "score": 2, "note": "zona pedonale / living street", "ciclabile": "no", "n_corsie": "1", "senso_unico": "no", "n_testimonianze": "0", "zona": "B2"}, "geometry": {"type": "LineString", "coordinates": [[14.2629226, 40.8550926], [14.2629314, 40.8547354]]}}, {"type": "Feature", "properties": {"id": "SS-NAP-2694", "nome": "Vicoletto della Vicaria", "quartiere": "", "classificazione": "blu", "score": 2, "note": "zona pedonale / living street", "ciclabile": "no", "n_corsie": "1", "senso_unico": "no", "n_testimonianze": "0", "zona": "B2"}, "geometry": {"type": "LineString", "coordinates": [[14.2631774, 40.8533002], [14.2631358, 40.8532945], [14.2631078, 40.8532906], [14.2630543, 40.8533052], [14.2629361, 40.8533661], [14.2628744, 40.853496], [14.2631506, 40.8535682], [14.2633786, 40.8536278]]}}, {"type": "Feature", "properties": {"id": "SS-NAP-2695", "nome": "Vicoletto detto Improta", "quartiere": "", "classificazione": "giallo", "score": 3, "note": "strada urbana senza ciclabile", "ciclabile": "no", "n_corsie": "2", "senso_unico": "no", "n_testimonianze": "0", "zona": "B2"}, "geometry": {"type": "LineString", "coordinates": [[14.2721365, 40.8833433], [14.2725089, 40.8844196], [14.2725465, 40.8844642], [14.2726082, 40.8845088], [14.2726859, 40.8845554], [14.2727369, 40.8845899], [14.2728308, 40.8846325], [14.2729976, 40.884694]]}}, {"type": "Feature", "properties": {"id": "SS-NAP-2696", "nome": "Vicoletto detto della Torre", "quartiere": "", "classificazione": "giallo", "score": 3, "note": "strada urbana senza ciclabile", "ciclabile": "no", "n_corsie": "2", "senso_unico": "no", "n_testimonianze": "0", "zona": "B2"}, "geometry": {"type": "LineString", "coordinates": [[14.2638325, 40.8909803], [14.264848, 40.8906631]]}}, {"type": "Feature", "properties": {"id": "SS-NAP-2697", "nome": "Vicoletto di Via Vecchia Roma", "quartiere": "", "classificazione": "giallo", "score": 3, "note": "strada urbana senza ciclabile", "ciclabile": "no", "n_corsie": "2", "senso_unico": "si", "n_testimonianze": "0", "zona": "B2"}, "geometry": {"type": "LineString", "coordinates": [[14.2705182, 40.882923], [14.2707384, 40.8830559], [14.2708301, 40.8831113]]}}, {"type": "Feature", "properties": {"id": "SS-NAP-2699", "nome": "Vicolo Cotugno a Miano", "quartiere": "", "classificazione": "giallo", "score": 3, "note": "strada urbana senza ciclabile", "ciclabile": "no", "n_corsie": "2", "senso_unico": "no", "n_testimonianze": "0", "zona": "B2"}, "geometry": {"type": "MultiLineString", "coordinates": [[[14.2505458, 40.8843574], [14.2506461, 40.8844501], [14.2506907, 40.8844912], [14.2509912, 40.8848395], [14.2510169, 40.8848687], [14.2510345, 40.884894], [14.2511723, 40.8850698], [14.2511966, 40.8850941], [14.2514119, 40.8853804], [14.2514658, 40.8854909], [14.2514682, 40.8854992]], [[14.2515077, 40.8855857], [14.2516779, 40.8858645]], [[14.2514682, 40.8854992], [14.2515077, 40.8855857]]]}}, {"type": "Feature", "properties": {"id": "SS-NAP-2700", "nome": "Vicolo I Chiesa", "quartiere": "", "classificazione": "giallo", "score": 3, "note": "strada urbana senza ciclabile", "ciclabile": "no", "n_corsie": "2", "senso_unico": "no", "n_testimonianze": "0", "zona": "B2"}, "geometry": {"type": "MultiLineString", "coordinates": [[[14.252904, 40.885226], [14.2529081, 40.8852327], [14.252955, 40.8853029], [14.2530773, 40.8854699], [14.2531264, 40.8855525], [14.2532621, 40.8857853]], [[14.2528719, 40.8851734], [14.252904, 40.885226]], [[14.2528307, 40.885106], [14.2528719, 40.8851734]]]}}, {"type": "Feature", "properties": {"id": "SS-NAP-2702", "nome": "Vicolo Longo", "quartiere": "", "classificazione": "blu", "score": 2, "note": "zona pedonale / living street", "ciclabile": "no", "n_corsie": "1", "senso_unico": "no", "n_testimonianze": "0", "zona": "B2"}, "geometry": {"type": "LineString", "coordinates": [[14.2633561, 40.8546405], [14.2631924, 40.855038], [14.2630913, 40.8553234], [14.2630702, 40.8553828], [14.2629307, 40.8557804], [14.262853, 40.8559914]]}}, {"type": "Feature", "properties": {"id": "SS-NAP-2703", "nome": "Vicolo Quattromani", "quartiere": "", "classificazione": "giallo", "score": 3, "note": "strada urbana senza ciclabile", "ciclabile": "no", "n_corsie": "2", "senso_unico": "no", "n_testimonianze": "0", "zona": "B2"}, "geometry": {"type": "LineString", "coordinates": [[14.2502228, 40.8853261], [14.2502972, 40.8853608], [14.2504117, 40.8856011]]}}, {"type": "Feature", "properties": {"id": "SS-NAP-2704", "nome": "Vicolo Tiglio", "quartiere": "", "classificazione": "giallo", "score": 3, "note": "strada urbana senza ciclabile", "ciclabile": "no", "n_corsie": "2", "senso_unico": "no", "n_testimonianze": "0", "zona": "B2"}, "geometry": {"type": "LineString", "coordinates": [[14.2535448, 40.8862248], [14.2535387, 40.8861934], [14.2535527, 40.88616], [14.2535789, 40.8861446], [14.2538871, 40.8860138]]}}]}