{"type": "FeatureCollection", "features": [{"type": "Feature", "properties": {"id": "SS-NAP-0005", "nome": "Bivio di Mugnano", "quartiere": "", "classificazione": "giallo", "score": 3, "note": "strada urbana senza ciclabile", "ciclabile": "no", "n_corsie": "2", "senso_unico": "no", "n_testimonianze": "0", "zona": "B1"}, "geometry": {"type": "LineString", "coordinates": [[14.2091907, 40.8988181], [14.2093101, 40.8984226], [14.2094195, 40.8980629]]}}, {"type": "Feature", "properties": {"id": "SS-NAP-0019", "nome": "Contrada Abbiendola", "quartiere": "", "classificazione": "giallo", "score": 3, "note": "strada urbana senza ciclabile", "ciclabile": "no", "n_corsie": "2", "senso_unico": "no", "n_testimonianze": "0", "zona": "B1"}, "geometry": {"type": "LineString", "coordinates": [[14.1695085, 40.8702759], [14.1694633, 40.8702865], [14.1694059, 40.8702546], [14.1693858, 40.8701938], [14.1693748, 40.8701215], [14.1693627, 40.8700568], [14.1693406, 40.8700249], [14.1693023, 40.8700173], [14.1692571, 40.8700333], [14.1692028, 40.8700812], [14.1691334, 40.8701413], [14.1690801, 40.8701694], [14.1690127, 40.8701877], [14.1689352, 40.870193], [14.1688729, 40.8701998], [14.1688115, 40.8702249], [14.1687321, 40.8702805], [14.1686426, 40.870374], [14.1685651, 40.8705056], [14.1684806, 40.8705847], [14.1683569, 40.8706577], [14.1682664, 40.8707414], [14.1681286, 40.870898], [14.167985, 40.8710409], [14.1679206, 40.8710762], [14.1678505, 40.8711067], [14.1677971, 40.8711304], [14.16774, 40.8711402], [14.1676721, 40.8710802], [14.1676188, 40.8710284], [14.1675448, 40.8709431], [14.1674728, 40.8708569], [14.1674004, 40.8707999], [14.167337, 40.8707687], [14.1672888, 40.870755], [14.1672133, 40.8707588], [14.1670876, 40.8707733], [14.1668975, 40.8707999], [14.1666813, 40.8708349], [14.1665384, 40.8708569], [14.1664529, 40.8708661], [14.1664268, 40.8708607], [14.1663825, 40.8708197], [14.1663413, 40.8706828], [14.1663393, 40.8706006], [14.1663634, 40.8705215], [14.1664198, 40.8703276], [14.166458, 40.8702553], [14.1665102, 40.8702018], [14.166575, 40.8701203], [14.1666596, 40.8699906], [14.1667076, 40.8699102], [14.1668104, 40.8697229], [14.166883, 40.8695706]]}}, {"type": "Feature", "properties": {"id": "SS-NAP-0024", "nome": "Corso Chiaiano", "quartiere": "", "classificazione": "giallo", "score": 3, "note": "strada urbana senza ciclabile", "ciclabile": "no", "n_corsie": "2", "senso_unico": "si", "n_testimonianze": "0", "zona": "B1"}, "geometry": {"type": "LineString", "coordinates": [[14.2198437, 40.8924336], [14.2198008, 40.8924069], [14.2187927, 40.8917782], [14.2178395, 40.8911748], [14.2174463, 40.890918], [14.2167509, 40.8905265], [14.2167223, 40.8905076], [14.2167076, 40.8904935], [14.2166453, 40.8901934], [14.2165233, 40.8893326], [14.2164733, 40.8890288], [14.2163981, 40.8886293], [14.2163066, 40.8881435]]}}, {"type": "Feature", "properties": {"id": "SS-NAP-0025", "nome": "Corso Duca d'Aosta", "quartiere": "", "classificazione": "giallo", "score": 3, "note": "strada urbana senza ciclabile", "ciclabile": "no", "n_corsie": "2", "senso_unico": "si", "n_testimonianze": "0", "zona": "B1"}, "geometry": {"type": "MultiLineString", "coordinates": [[[14.1751793, 40.8625577], [14.1745294, 40.8622487], [14.1741523, 40.8620631], [14.1738472, 40.8619166]], [[14.172736, 40.8613629], [14.1726901, 40.8613432]], [[14.1738472, 40.8619166], [14.1732421, 40.8616151], [14.172736, 40.8613629]], [[14.1726901, 40.8613432], [14.1719832, 40.86102], [14.1718918, 40.8609663], [14.1718282, 40.8609132]], [[14.176279, 40.8629996], [14.1762355, 40.8629846], [14.1757487, 40.8628167], [14.1751793, 40.8625577]]]}}, {"type": "Feature", "properties": {"id": "SS-NAP-0030", "nome": "Corso Marianella", "quartiere": "", "classificazione": "giallo", "score": 3, "note": "strada urbana senza ciclabile", "ciclabile": "no", "n_corsie": "2", "senso_unico": "no", "n_testimonianze": "0", "zona": "B1"}, "geometry": {"type": "MultiLineString", "coordinates": [[[14.22878, 40.8856312], [14.228815, 40.8856638], [14.22885, 40.8857053], [14.2288774, 40.8857498], [14.2295687, 40.887137], [14.2295764, 40.8871533], [14.2295871, 40.8871749], [14.2297512, 40.8875066]], [[14.2297512, 40.8875066], [14.2298218, 40.8876322], [14.2299997, 40.8879295], [14.2302942, 40.8885164], [14.2304962, 40.8888921]], [[14.2306992, 40.8894984], [14.2305407, 40.8890052], [14.2304962, 40.8888921]]]}}, {"type": "Feature", "properties": {"id": "SS-NAP-0049", "nome": "Cupa Carderito", "quartiere": "", "classificazione": "giallo", "score": 3, "note": "strada urbana senza ciclabile", "ciclabile": "no", "n_corsie": "2", "senso_unico": "no", "n_testimonianze": "0", "zona": "B1"}, "geometry": {"type": "MultiLineString", "coordinates": [[[14.2233078, 40.8903106], [14.223372, 40.8903639], [14.2234116, 40.8903968], [14.2234399, 40.8904232]], [[14.2234399, 40.8904232], [14.2237864, 40.8907185], [14.2239104, 40.8907246], [14.2242316, 40.8907123], [14.2245527, 40.8907415], [14.2245947, 40.8907542], [14.224695, 40.8907846], [14.224722, 40.8907846], [14.2250507, 40.8907846], [14.2254486, 40.8908061], [14.2258456, 40.8908168], [14.2262135, 40.8908299], [14.2265844, 40.8909165], [14.2268286, 40.8909601], [14.2270339, 40.8909103], [14.2273281, 40.8907488], [14.2274517, 40.8906798], [14.2275417, 40.8906258], [14.2275594, 40.8906077], [14.2275824, 40.8905726]]]}}, {"type": "Feature", "properties": {"id": "SS-NAP-0053", "nome": "Cupa Coppa", "quartiere": "", "classificazione": "giallo", "score": 3, "note": "strada urbana senza ciclabile", "ciclabile": "no", "n_corsie": "2", "senso_unico": "no", "n_testimonianze": "0", "zona": "B1"}, "geometry": {"type": "LineString", "coordinates": [[14.2203092, 40.8921474], [14.2203514, 40.8921783], [14.2205837, 40.8923484], [14.2208734, 40.8925268], [14.2211631, 40.8926079], [14.2215761, 40.8926971]]}}, {"type": "Feature", "properties": {"id": "SS-NAP-0055", "nome": "Cupa Gerolomini alle due Porte", "quartiere": "", "classificazione": "giallo", "score": 3, "note": "strada urbana senza ciclabile", "ciclabile": "no", "n_corsie": "2", "senso_unico": "si", "n_testimonianze": "0", "zona": "B1"}, "geometry": {"type": "LineString", "coordinates": [[14.2300511, 40.8585365], [14.2300611, 40.858475], [14.2301207, 40.8584269], [14.2301707, 40.8584028], [14.2301971, 40.8583896], [14.2302478, 40.8583658]]}}, {"type": "Feature", "properties": {"id": "SS-NAP-0056", "nome": "Cupa I Vrito - strada comunale Fragolara", "quartiere": "", "classificazione": "giallo", "score": 3, "note": "strada urbana senza ciclabile", "ciclabile": "no", "n_corsie": "2", "senso_unico": "no", "n_testimonianze": "0", "zona": "B1"}, "geometry": {"type": "LineString", "coordinates": [[14.2004798, 40.8829384], [14.2005219, 40.8828588], [14.2005336, 40.8827885], [14.2005734, 40.8827019], [14.2005917, 40.882663], [14.2006298, 40.8826128], [14.2006747, 40.8825525], [14.2007029, 40.8824735], [14.2007328, 40.8824007], [14.2007627, 40.8823379], [14.2007892, 40.8822852], [14.2008307, 40.8822274], [14.2008706, 40.8821559], [14.2009005, 40.8820818], [14.2009287, 40.8820241], [14.200947, 40.8819676], [14.2010034, 40.8819074], [14.2010964, 40.8818007], [14.2011528, 40.8817417], [14.2012176, 40.8816714], [14.2012823, 40.8816136], [14.2013205, 40.8815685], [14.2013686, 40.881512], [14.2014019, 40.8814517], [14.2014334, 40.8814028], [14.2014583, 40.8813325], [14.2014732, 40.8812672], [14.2014981, 40.8811856], [14.2015164, 40.8811153], [14.2015363, 40.88105], [14.2015446, 40.8810325], [14.2015629, 40.8810124], [14.2015828, 40.8809936], [14.2016542, 40.8809747], [14.2017488, 40.8809534], [14.2018352, 40.8809371], [14.2018916, 40.8809258], [14.2019547, 40.8809333], [14.2020527, 40.8809546], [14.2020975, 40.8809672], [14.202217, 40.8810563], [14.2023399, 40.8811454], [14.2024312, 40.8812069], [14.202481, 40.8812371], [14.2025341, 40.8812823], [14.2026022, 40.8813475], [14.2026603, 40.8814028], [14.2027217, 40.8814743], [14.2027782, 40.8815659], [14.2028517, 40.8816766], [14.2028832, 40.8817413], [14.2029146, 40.8817945], [14.2029687, 40.8818583], [14.2030228, 40.8819153], [14.2030719, 40.8819591], [14.203126, 40.882], [14.2031801, 40.8820238], [14.2032669, 40.8820504], [14.2033877, 40.8820837], [14.2035362, 40.8821189], [14.2036557, 40.8821503], [14.2037375, 40.8821788], [14.2038092, 40.8822036], [14.2038344, 40.8822169], [14.2038709, 40.8822588], [14.2038822, 40.8823025], [14.2038885, 40.8823653], [14.2038872, 40.8824138], [14.2038923, 40.8824519], [14.2039187, 40.8825013], [14.2039489, 40.8825508], [14.2039703, 40.8825755], [14.2040231, 40.8826098], [14.2041125, 40.882664], [14.2041364, 40.8826754], [14.2042106, 40.8826868], [14.2043993, 40.8827154], [14.2045742, 40.8827382], [14.2047177, 40.8827534], [14.2048762, 40.8827724], [14.2050033, 40.8827858], [14.2050788, 40.8827972], [14.2051605, 40.8828172], [14.2052235, 40.8828428], [14.2052851, 40.8828581], [14.2053681, 40.8828647], [14.2054223, 40.8828704], [14.2054575, 40.8828875], [14.2055116, 40.8829104], [14.2055531, 40.8829246], [14.2056148, 40.8829332], [14.205684, 40.8829475], [14.2057368, 40.8829532], [14.2058412, 40.8829579], [14.205879, 40.8829627], [14.2059809, 40.8830207], [14.2061583, 40.8831339], [14.2064313, 40.8833137], [14.2067761, 40.8835354], [14.2070051, 40.8836733], [14.207151, 40.8837627], [14.2072026, 40.8837931], [14.2072555, 40.8838198], [14.2073184, 40.8838483], [14.20737, 40.8838731], [14.2074127, 40.8838921], [14.2074819, 40.8839063], [14.2075499, 40.8839197], [14.2076065, 40.8839263], [14.2077135, 40.8839301], [14.2078015, 40.8839292], [14.2079034, 40.8839159], [14.2080116, 40.8838978], [14.2081538, 40.8838702], [14.2082532, 40.8838607], [14.2083765, 40.8838559], [14.2084898, 40.8838483], [14.2086143, 40.883836], [14.2087188, 40.8838245], [14.2088081, 40.8838188], [14.2090094, 40.8838198], [14.2092573, 40.8838198], [14.2095454, 40.8838226], [14.2097316, 40.8838322], [14.2098587, 40.8838455], [14.2099103, 40.8838531], [14.2099971, 40.8839044], [14.2101089, 40.8839806], [14.2102491, 40.8841296], [14.2103542, 40.8842986], [14.2103924, 40.8843579], [14.2105076, 40.8845371], [14.2105733, 40.8846464], [14.2107179, 40.8846894], [14.2109589, 40.8847027], [14.2111035, 40.8847391], [14.2112042, 40.8848186], [14.2112524, 40.8849014], [14.2112787, 40.8851432], [14.2112831, 40.8853917], [14.2112919, 40.8855871], [14.211305, 40.8857891], [14.2113138, 40.8858587], [14.2113795, 40.8859959], [14.2114691, 40.8861685], [14.2115356, 40.8862625], [14.2115674, 40.8863324], [14.2115934, 40.8863848], [14.2116078, 40.8864373], [14.2116021, 40.8864723], [14.2115298, 40.8866383], [14.2114575, 40.8867563], [14.2114142, 40.8868241], [14.2113882, 40.8869006], [14.2113679, 40.8870579], [14.2113853, 40.8871584], [14.2114489, 40.8873595], [14.211498, 40.887519], [14.2115096, 40.887613], [14.2115645, 40.8877179], [14.2116194, 40.8878118], [14.2117437, 40.8879648], [14.211816, 40.8880457], [14.2118738, 40.8881364], [14.2118998, 40.8882292], [14.211907, 40.8882675], [14.2119056, 40.8883134], [14.2118984, 40.8884762], [14.2118926, 40.8885745], [14.211881, 40.8887155], [14.2118609, 40.8889318], [14.211847, 40.8890973], [14.2118319, 40.8891724], [14.2118072, 40.8893195]]}}, {"type": "Feature", "properties": {"id": "SS-NAP-0060", "nome": "Cupa San Giovanni a Marianella", "quartiere": "", "classificazione": "giallo", "score": 3, "note": "strada urbana senza ciclabile", "ciclabile": "no", "n_corsie": "2", "senso_unico": "no", "n_testimonianze": "0", "zona": "B1"}, "geometry": {"type": "LineString", "coordinates": [[14.2328652, 40.8862177], [14.2326616, 40.8863119], [14.232537, 40.8864479], [14.2325309, 40.8864658], [14.232533, 40.8865089], [14.2325357, 40.8865648], [14.2325246, 40.8866778], [14.2325009, 40.8868108], [14.2324702, 40.8868744], [14.2324475, 40.8869214], [14.2323283, 40.8870936], [14.2322975, 40.887138], [14.2321196, 40.8873846], [14.2319641, 40.8876054], [14.2315386, 40.8881183], [14.2314855, 40.8881866], [14.2314567, 40.8882265], [14.2314305, 40.8882697]]}}, {"type": "Feature", "properties": {"id": "SS-NAP-0064", "nome": "Cupa dei Gerolomini alle due Porte", "quartiere": "", "classificazione": "giallo", "score": 3, "note": "strada urbana senza ciclabile", "ciclabile": "no", "n_corsie": "2", "senso_unico": "no", "n_testimonianze": "0", "zona": "B1"}, "geometry": {"type": "MultiLineString", "coordinates": [[[14.2247688, 40.8617872], [14.2248363, 40.8617498], [14.2254654, 40.8614008], [14.2257611, 40.8611165], [14.2260164, 40.8608734], [14.2263721, 40.8606749], [14.2267206, 40.8605107], [14.2269006, 40.8604259], [14.2274983, 40.8600969], [14.2281407, 40.8600085], [14.2282256, 40.8600085]], [[14.2303585, 40.8583518], [14.2301798, 40.8584447]], [[14.2305933, 40.8581772], [14.2304707, 40.8582863], [14.2303585, 40.8583518]], [[14.2315066, 40.8573406], [14.2313407, 40.8573726], [14.2313009, 40.8573801], [14.2312217, 40.8574023], [14.2311801, 40.8574327], [14.2311216, 40.8574894], [14.2310192, 40.857589], [14.2308448, 40.8578161], [14.2305933, 40.8581772]], [[14.2301798, 40.8584447], [14.2300511, 40.8585365]], [[14.2290757, 40.8598017], [14.2297261, 40.8593405], [14.2299619, 40.8591129], [14.2300718, 40.858954], [14.2300871, 40.8588842], [14.2300684, 40.8587622], [14.2300448, 40.858634], [14.2300511, 40.8585365]]]}}, {"type": "Feature", "properties": {"id": "SS-NAP-0067", "nome": "Cupa della Fascina", "quartiere": "", "classificazione": "giallo", "score": 3, "note": "strada urbana senza ciclabile", "ciclabile": "no", "n_corsie": "2", "senso_unico": "no", "n_testimonianze": "0", "zona": "B1"}, "geometry": {"type": "MultiLineString", "coordinates": [[[14.2289578, 40.8855262], [14.2290583, 40.8856298], [14.2291155, 40.8856874], [14.2292552, 40.8859215], [14.2293422, 40.8860904], [14.2295952, 40.8866017], [14.2297594, 40.8869006], [14.2298645, 40.887093], [14.2300025, 40.887343], [14.2300347, 40.8874221], [14.2300523, 40.8874857], [14.2300705, 40.8875717], [14.2300779, 40.8878119], [14.230076, 40.8878447], [14.2300724, 40.887866], [14.2300658, 40.8878881], [14.2300507, 40.8879025], [14.2299997, 40.8879295]], [[14.2288059, 40.8854192], [14.2289578, 40.8855262]]]}}, {"type": "Feature", "properties": {"id": "SS-NAP-0070", "nome": "Cupa vecchia Napoli", "quartiere": "", "classificazione": "giallo", "score": 3, "note": "strada urbana senza ciclabile", "ciclabile": "no", "n_corsie": "2", "senso_unico": "no", "n_testimonianze": "0", "zona": "B1"}, "geometry": {"type": "LineString", "coordinates": [[14.2217827, 40.8845344], [14.2220524, 40.8844271], [14.2220818, 40.8844154], [14.2221648, 40.8844154], [14.2222837, 40.8843957], [14.2224824, 40.8843132], [14.2227575, 40.8842122], [14.2231076, 40.8840847], [14.2232032, 40.8840498], [14.2234101, 40.883966], [14.2236226, 40.8838822], [14.2237976, 40.8838254], [14.2240171, 40.8837432], [14.2242612, 40.8836573], [14.224451, 40.8836012], [14.2246043, 40.8835923], [14.2247348, 40.8835997], [14.2248287, 40.8836371], [14.224888, 40.8836819], [14.224932, 40.8837257], [14.2249739, 40.8837421], [14.2250619, 40.8838091], [14.2251404, 40.8838222], [14.225199, 40.8837995], [14.225414, 40.8836912], [14.2256539, 40.8836159], [14.2256924, 40.8836038], [14.2259448, 40.8835311], [14.2262412, 40.8834634], [14.2266124, 40.8833896], [14.226988, 40.8833075], [14.2273547, 40.8832974], [14.2275402, 40.8832707], [14.2277611, 40.8832006], [14.2279389, 40.8831286], [14.2282303, 40.8830298], [14.228512, 40.8829375], [14.2289581, 40.8827836], [14.2291045, 40.8827424], [14.2291586, 40.8827231], [14.2294693, 40.8826126], [14.2299092, 40.8824565], [14.2304989, 40.882238]]}}, {"type": "Feature", "properties": {"id": "SS-NAP-0113", "nome": "II Traversa di Via Vincenzo Janfolla", "quartiere": "", "classificazione": "giallo", "score": 3, "note": "strada urbana senza ciclabile", "ciclabile": "no", "n_corsie": "2", "senso_unico": "no", "n_testimonianze": "0", "zona": "B1"}, "geometry": {"type": "LineString", "coordinates": [[14.2441642, 40.8868296], [14.2441308, 40.8868705], [14.2441136, 40.8868916], [14.2440924, 40.8869104], [14.2440668, 40.8869236], [14.2430778, 40.8874149], [14.2430125, 40.8874466], [14.242977, 40.887461], [14.2429271, 40.887478], [14.2428742, 40.8874881], [14.2422377, 40.8875747], [14.2419369, 40.8876136], [14.2418603, 40.887628], [14.2417966, 40.8876469], [14.2417173, 40.8876742], [14.2416653, 40.8876944], [14.2416207, 40.8877228], [14.2415939, 40.8877451], [14.2415724, 40.8877715], [14.2415657, 40.8877889], [14.2415309, 40.887879], [14.2414273, 40.8881474], [14.2414134, 40.8881666], [14.2413931, 40.8881817], [14.2413659, 40.8881953], [14.2413371, 40.888206], [14.2413042, 40.8882095], [14.2412764, 40.8882084], [14.2408449, 40.8881276], [14.2404011, 40.8880493], [14.2398478, 40.8879421]]}}, {"type": "Feature", "properties": {"id": "SS-NAP-0114", "nome": "II Traversa privata di Via Provinciale Napoli", "quartiere": "", "classificazione": "giallo", "score": 3, "note": "strada urbana senza ciclabile", "ciclabile": "no", "n_corsie": "2", "senso_unico": "si", "n_testimonianze": "0", "zona": "B1"}, "geometry": {"type": "LineString", "coordinates": [[14.1718788, 40.8589864], [14.1712476, 40.8597233], [14.1712111, 40.8597558], [14.1711825, 40.8597675]]}}, {"type": "Feature", "properties": {"id": "SS-NAP-0125", "nome": "Largo Baruch De Spinoza", "quartiere": "", "classificazione": "giallo", "score": 3, "note": "strada urbana senza ciclabile", "ciclabile": "no", "n_corsie": "2", "senso_unico": "no", "n_testimonianze": "0", "zona": "B1"}, "geometry": {"type": "LineString", "coordinates": [[14.2311157, 40.8992204], [14.2310916, 40.8985715], [14.2310905, 40.8985315], [14.2310881, 40.8984397], [14.2310867, 40.8983882], [14.2310822, 40.8982174], [14.2310836, 40.8981964], [14.2310887, 40.8981768], [14.2311026, 40.8981583], [14.2311255, 40.8981385], [14.2312998, 40.8980533], [14.2314152, 40.8979968], [14.2314247, 40.8979922], [14.2314414, 40.8979878], [14.2314614, 40.8979847], [14.2315435, 40.8979843]]}}, {"type": "Feature", "properties": {"id": "SS-NAP-0128", "nome": "Largo Cangiani", "quartiere": "", "classificazione": "rosso", "score": 4, "note": "strada secondaria trafficata", "ciclabile": "no", "n_corsie": "2", "senso_unico": "no", "n_testimonianze": "0", "zona": "B1"}, "geometry": {"type": "MultiLineString", "coordinates": [[[14.2192522, 40.8639585], [14.2192131, 40.8639456], [14.2191812, 40.8639242], [14.2191597, 40.8638962], [14.2191538, 40.8638813]], [[14.2193436, 40.8639518], [14.2192987, 40.8639612], [14.2192522, 40.8639585]], [[14.2191569, 40.8638291], [14.219166, 40.8638125], [14.2191788, 40.8637973]], [[14.2191788, 40.8637973], [14.2191956, 40.8637836], [14.2192154, 40.8637725], [14.2192374, 40.8637643], [14.219261, 40.8637593], [14.2192855, 40.8637575], [14.21931, 40.8637592]], [[14.21931, 40.8637592], [14.219352, 40.8637707], [14.2193868, 40.8637919], [14.2194104, 40.8638205], [14.2194204, 40.8638532], [14.2194158, 40.8638868], [14.2194052, 40.8639071], [14.2193891, 40.8639252], [14.2193682, 40.8639404], [14.2193436, 40.8639518]], [[14.2191511, 40.8638668], [14.2191517, 40.8638477], [14.2191569, 40.8638291]], [[14.2191538, 40.8638813], [14.2191511, 40.8638668]]]}}, {"type": "Feature", "properties": {"id": "SS-NAP-0129", "nome": "Largo Caterina Volpicelli", "quartiere": "", "classificazione": "giallo", "score": 3, "note": "strada urbana senza ciclabile", "ciclabile": "no", "n_corsie": "2", "senso_unico": "si", "n_testimonianze": "0", "zona": "B1"}, "geometry": {"type": "MultiLineString", "coordinates": [[[14.2341144, 40.8583214], [14.2342176, 40.8585222], [14.2343518, 40.8585962], [14.2345207, 40.858584], [14.2345383, 40.8585766], [14.2346425, 40.8585327], [14.2346922, 40.8584668], [14.2346193, 40.8582655], [14.2345775, 40.8580215], [14.2343437, 40.8577198], [14.2345422, 40.8574237], [14.2349714, 40.857091], [14.2352879, 40.8569084], [14.2355373, 40.8570139], [14.2358779, 40.85688], [14.2360228, 40.8568678], [14.2362827, 40.8567282], [14.2366946, 40.8567672], [14.2371346, 40.8568495], [14.2373309, 40.8566384], [14.237398, 40.8564932]], [[14.2375677, 40.8560781], [14.2375071, 40.8560931]], [[14.237398, 40.8564932], [14.2374421, 40.856398], [14.2375071, 40.8560931]]]}}, {"type": "Feature", "properties": {"id": "SS-NAP-0138", "nome": "Largo Gaspare Colosimo", "quartiere": "", "classificazione": "blu", "score": 2, "note": "zona pedonale / living street", "ciclabile": "no", "n_corsie": "1", "senso_unico": "no", "n_testimonianze": "0", "zona": "B1"}, "geometry": {"type": "LineString", "coordinates": [[14.2412598, 40.8550208], [14.2412889, 40.8550034], [14.2413146, 40.854988], [14.241532, 40.854858], [14.2415562, 40.8548435], [14.241443, 40.8547401], [14.2414214, 40.8547204], [14.2413038, 40.8546131], [14.2412702, 40.854629], [14.2411704, 40.8546762], [14.2411452, 40.8546882], [14.2411165, 40.8546996], [14.2412598, 40.8550208]]}}, {"type": "Feature", "properties": {"id": "SS-NAP-0146", "nome": "Largo Nicola Abbagnano", "quartiere": "", "classificazione": "giallo", "score": 3, "note": "strada urbana senza ciclabile", "ciclabile": "no", "n_corsie": "2", "senso_unico": "no", "n_testimonianze": "0", "zona": "B1"}, "geometry": {"type": "MultiLineString", "coordinates": [[[14.2388369, 40.9051718], [14.2388597, 40.9052478], [14.2389066, 40.9056066], [14.2389536, 40.9059624]], [[14.2388369, 40.9051718], [14.2390971, 40.9050775], [14.239714, 40.904962], [14.2399956, 40.904893], [14.2403416, 40.9047876], [14.2406045, 40.9046964]], [[14.2381756, 40.905312], [14.2382428, 40.9052823], [14.2383581, 40.9052387], [14.2384413, 40.9052144], [14.23857, 40.9052002], [14.238747, 40.9051809], [14.2388369, 40.9051718]]]}}, {"type": "Feature", "properties": {"id": "SS-NAP-0159", "nome": "Largo Sergio Leone", "quartiere": "", "classificazione": "blu", "score": 2, "note": "zona pedonale / living street", "ciclabile": "no", "n_corsie": "1", "senso_unico": "no", "n_testimonianze": "0", "zona": "B1"}, "geometry": {"type": "LineString", "coordinates": [[14.2443164, 40.9024607], [14.2416514, 40.9043136]]}}, {"type": "Feature", "properties": {"id": "SS-NAP-0164", "nome": "Parco Arcadia", "quartiere": "", "classificazione": "blu", "score": 2, "note": "accesso limitato (ZTL)", "ciclabile": "no", "n_corsie": "1", "senso_unico": "no", "n_testimonianze": "0", "zona": "B1"}, "geometry": {"type": "LineString", "coordinates": [[14.2346818, 40.8727424], [14.2351375, 40.8721508], [14.2351749, 40.8721105], [14.2353192, 40.871956], [14.2353398, 40.8719348]]}}, {"type": "Feature", "properties": {"id": "SS-NAP-0165", "nome": "Parco Fontana", "quartiere": "", "classificazione": "blu", "score": 2, "note": "accesso limitato (ZTL)", "ciclabile": "no", "n_corsie": "1", "senso_unico": "no", "n_testimonianze": "0", "zona": "B1"}, "geometry": {"type": "MultiLineString", "coordinates": [[[14.2294845, 40.8583226], [14.2295038, 40.8584622], [14.2294823, 40.8586559], [14.2294313, 40.858944], [14.2293692, 40.8591005], [14.2292391, 40.8592324], [14.2289569, 40.8593248], [14.2286615, 40.8594116], [14.2284778, 40.8589876], [14.2283853, 40.8587807], [14.2283839, 40.8587077], [14.2284237, 40.8586177], [14.2286168, 40.8584869], [14.2292082, 40.8583398], [14.2294845, 40.8583226]], [[14.2294072, 40.8568379], [14.2294983, 40.856895], [14.2297116, 40.8570279], [14.2298068, 40.8571141], [14.2298242, 40.8572683], [14.2295306, 40.8579043], [14.2294756, 40.8580392], [14.2294756, 40.8582583], [14.2294845, 40.8583226]]]}}, {"type": "Feature", "properties": {"id": "SS-NAP-0166", "nome": "Parco Frascino", "quartiere": "", "classificazione": "giallo", "score": 3, "note": "strada urbana senza ciclabile", "ciclabile": "no", "n_corsie": "2", "senso_unico": "no", "n_testimonianze": "0", "zona": "B1"}, "geometry": {"type": "MultiLineString", "coordinates": [[[14.2232043, 40.8555021], [14.2230158, 40.8555219], [14.2222372, 40.8556449], [14.2214144, 40.8558278], [14.2216461, 40.8551088]], [[14.2209547, 40.8557286], [14.2209587, 40.8557828], [14.2212712, 40.8558537], [14.2214144, 40.8558278]]]}}, {"type": "Feature", "properties": {"id": "SS-NAP-0167", "nome": "Parco Lamaro", "quartiere": "", "classificazione": "blu", "score": 2, "note": "accesso limitato (ZTL)", "ciclabile": "no", "n_corsie": "1", "senso_unico": "no", "n_testimonianze": "0", "zona": "B1"}, "geometry": {"type": "LineString", "coordinates": [[14.2310575, 40.8568752], [14.2309315, 40.8567372], [14.2308244, 40.8567938], [14.2307514, 40.8568061], [14.2306833, 40.8567769], [14.2305499, 40.8566579], [14.2304826, 40.8565804], [14.2304842, 40.8565394], [14.2305229, 40.8565226], [14.2305675, 40.8565137], [14.2306974, 40.8564901], [14.2308783, 40.8564658], [14.2310015, 40.8564678], [14.2313871, 40.856783], [14.2314126, 40.8568039]]}}, {"type": "Feature", "properties": {"id": "SS-NAP-0168", "nome": "Parco Montedonzelli", "quartiere": "", "classificazione": "giallo", "score": 3, "note": "strada urbana senza ciclabile", "ciclabile": "no", "n_corsie": "2", "senso_unico": "no", "n_testimonianze": "0", "zona": "B1"}, "geometry": {"type": "MultiLineString", "coordinates": [[[14.2286607, 40.854834], [14.2285661, 40.8548915], [14.2283997, 40.8550402], [14.2278832, 40.8555303], [14.2275525, 40.8558534], [14.2266727, 40.8558696], [14.2265932, 40.8561057], [14.2264092, 40.8566522], [14.2263546, 40.8567795]], [[14.2274879, 40.8585517], [14.2274275, 40.8585414], [14.2273931, 40.8585355], [14.2271355, 40.8584882], [14.2270555, 40.8584684], [14.2269731, 40.8584368], [14.2268981, 40.858392], [14.226839, 40.8583313], [14.2267755, 40.8582221], [14.2265654, 40.8575328], [14.2265185, 40.857388], [14.2265126, 40.8572646], [14.226619, 40.8569346], [14.226617, 40.8568269], [14.2263546, 40.8567795]]]}}, {"type": "Feature", "properties": {"id": "SS-NAP-0170", "nome": "Parco Saia", "quartiere": "", "classificazione": "blu", "score": 2, "note": "accesso limitato (ZTL)", "ciclabile": "no", "n_corsie": "1", "senso_unico": "no", "n_testimonianze": "0", "zona": "B1"}, "geometry": {"type": "MultiLineString", "coordinates": [[[14.2398636, 40.8712684], [14.2398298, 40.8712949], [14.239734, 40.8713639], [14.2396773, 40.8714554], [14.2401468, 40.8724974], [14.2419197, 40.8737452], [14.2419779, 40.8737869], [14.2420303, 40.873734], [14.2421865, 40.8736433], [14.2429737, 40.8733335]], [[14.2419779, 40.8737869], [14.2418016, 40.8739237], [14.2414664, 40.8742076], [14.2412478, 40.8740981], [14.24014, 40.8733507]], [[14.2401468, 40.8724974], [14.2393813, 40.8727521], [14.2390547, 40.8727366]]]}}, {"type": "Feature", "properties": {"id": "SS-NAP-0179", "nome": "Piazza Canneto", "quartiere": "", "classificazione": "rosso", "score": 4, "note": "strada secondaria trafficata", "ciclabile": "no", "n_corsie": "2", "senso_unico": "si", "n_testimonianze": "0", "zona": "B1"}, "geometry": {"type": "MultiLineString", "coordinates": [[[14.2355922, 40.8535178], [14.2356906, 40.8536996], [14.235738, 40.8537677], [14.2357724, 40.853798], [14.2358431, 40.853854], [14.2358837, 40.8538883], [14.2358994, 40.8539088], [14.2359021, 40.853925], [14.2359007, 40.8539583]], [[14.2357319, 40.8539213], [14.2356866, 40.8538599], [14.2356084, 40.853713], [14.2355869, 40.8536329], [14.2355856, 40.8535882], [14.2355922, 40.8535178]], [[14.2358656, 40.8539669], [14.2358341, 40.8539682], [14.2358064, 40.8539642], [14.2357738, 40.8539516], [14.2357319, 40.8539213]]]}}, {"type": "Feature", "properties": {"id": "SS-NAP-0191", "nome": "Piazza Enrico De Leva", "quartiere": "", "classificazione": "giallo", "score": 3, "note": "strada urbana senza ciclabile", "ciclabile": "no", "n_corsie": "2", "senso_unico": "no", "n_testimonianze": "0", "zona": "B1"}, "geometry": {"type": "MultiLineString", "coordinates": [[[14.2368181, 40.855417], [14.2368946, 40.8553219], [14.2369536, 40.8552022], [14.2370233, 40.8550384]], [[14.2374369, 40.8553185], [14.2373404, 40.8553576], [14.2371165, 40.8553713], [14.236908, 40.8553929], [14.2368181, 40.855417]], [[14.2374369, 40.8553185], [14.2372634, 40.8552449], [14.2370899, 40.8551504], [14.2370336, 40.8550863], [14.2370233, 40.8550384]]]}}, {"type": "Feature", "properties": {"id": "SS-NAP-0197", "nome": "Piazza Francesco Muzii", "quartiere": "", "classificazione": "rosso", "score": 4, "note": "strada secondaria trafficata", "ciclabile": "no", "n_corsie": "2", "senso_unico": "si", "n_testimonianze": "0", "zona": "B1"}, "geometry": {"type": "MultiLineString", "coordinates": [[[14.2299164, 40.8535285], [14.2298276, 40.8534803], [14.2297909, 40.8534507], [14.229764, 40.85341], [14.2297454, 40.8533383]], [[14.2303581, 40.8531831], [14.2302118, 40.8531751], [14.2301757, 40.8531731], [14.2298577, 40.8531543]], [[14.2303974, 40.8534412], [14.2303634, 40.8534736], [14.2303245, 40.8535081], [14.230298, 40.8535247], [14.2302249, 40.8535482], [14.2301786, 40.8535574]], [[14.2301786, 40.8535574], [14.2300118, 40.8535382], [14.2299295, 40.8535298], [14.2299164, 40.8535285]], [[14.2297454, 40.8533383], [14.2297705, 40.8531491], [14.2297762, 40.8530838], [14.2297761, 40.8530611]]]}}, {"type": "Feature", "properties": {"id": "SS-NAP-0206", "nome": "Piazza Giovanni Bernardino Tafuri", "quartiere": "", "classificazione": "blu", "score": 2, "note": "zona pedonale / living street", "ciclabile": "no", "n_corsie": "1", "senso_unico": "no", "n_testimonianze": "0", "zona": "B1"}, "geometry": {"type": "MultiLineString", "coordinates": [[[14.2378881, 40.8920809], [14.2379746, 40.892219], [14.2380021, 40.8922631]], [[14.2375162, 40.8923666], [14.2375472, 40.8923574], [14.2375794, 40.8923488], [14.2379746, 40.892219], [14.2378881, 40.8920809], [14.2374966, 40.8922242], [14.2374619, 40.8922369], [14.2375162, 40.8923666]], [[14.2380021, 40.8922631], [14.2381364, 40.8924754], [14.2381479, 40.8924889], [14.2381643, 40.892501]]]}}, {"type": "Feature", "properties": {"id": "SS-NAP-0210", "nome": "Piazza Giovanni Paolo II", "quartiere": "", "classificazione": "blu", "score": 2, "note": "zona pedonale / living street", "ciclabile": "no", "n_corsie": "1", "senso_unico": "no", "n_testimonianze": "0", "zona": "B1"}, "geometry": {"type": "LineString", "coordinates": [[14.238906, 40.9002808], [14.2376025, 40.9010046], [14.2376565, 40.9010581], [14.2377134, 40.9011127], [14.2379307, 40.9013267], [14.2382, 40.9016249], [14.2384731, 40.9019274], [14.2387129, 40.902193], [14.2390292, 40.9020377], [14.2392445, 40.901932], [14.23917, 40.9018549], [14.2394196, 40.9017207], [14.2393748, 40.9016733], [14.2390087, 40.9012864], [14.2390669, 40.9012578], [14.2389406, 40.9011185], [14.2388799, 40.9011473], [14.2385238, 40.9007521], [14.239069, 40.9004603], [14.238906, 40.9002808]]}}, {"type": "Feature", "properties": {"id": "SS-NAP-0225", "nome": "Piazza Marianella", "quartiere": "", "classificazione": "giallo", "score": 3, "note": "strada urbana senza ciclabile", "ciclabile": "no", "n_corsie": "2", "senso_unico": "si", "n_testimonianze": "0", "zona": "B1"}, "geometry": {"type": "MultiLineString", "coordinates": [[[14.2308095, 40.889752], [14.2307844, 40.8897372], [14.2307718, 40.8897195], [14.2307227, 40.8895714], [14.2306992, 40.8894984]], [[14.2307227, 40.8895714], [14.2305283, 40.8896032], [14.2305179, 40.8896271], [14.2305012, 40.8896657], [14.2305263, 40.889803], [14.2307844, 40.8897372]]]}}, {"type": "Feature", "properties": {"id": "SS-NAP-0234", "nome": "Piazza Municipio di Pianura", "quartiere": "", "classificazione": "blu", "score": 2, "note": "zona pedonale / living street", "ciclabile": "no", "n_corsie": "1", "senso_unico": "no", "n_testimonianze": "0", "zona": "B1"}, "geometry": {"type": "MultiLineString", "coordinates": [[[14.1764278, 40.8623475], [14.1764164, 40.8624151], [14.1764064, 40.8626308], [14.1763985, 40.8628723]], [[14.1763905, 40.8629927], [14.1763875, 40.8630291]], [[14.1763985, 40.8628723], [14.1763905, 40.8629927]], [[14.176279, 40.8629996], [14.1759928, 40.8633594]], [[14.1764009, 40.862996], [14.1763997, 40.8630315], [14.1763966, 40.8630823], [14.1763284, 40.8630658], [14.1760792, 40.863333], [14.1760495, 40.8633649], [14.1760409, 40.8633741], [14.1759928, 40.8633594], [14.1759636, 40.8633482], [14.1762355, 40.8629846], [14.1762585, 40.8629522], [14.1763351, 40.8629754], [14.1763905, 40.8629927], [14.1764009, 40.862996]], [[14.1764064, 40.8626308], [14.1764211, 40.862633], [14.1764169, 40.8628764], [14.1764009, 40.862996], [14.1763905, 40.8629927], [14.1763351, 40.8629754], [14.1763884, 40.8628787], [14.1759915, 40.8627449], [14.1758671, 40.862691], [14.1758871, 40.8626539], [14.1759612, 40.8625165], [14.1759721, 40.8624963], [14.1763603, 40.8626165], [14.1764064, 40.8626308]], [[14.1763997, 40.8630315], [14.1763875, 40.8630291], [14.1763712, 40.8630254], [14.176279, 40.8629996]]]}}, {"type": "Feature", "properties": {"id": "SS-NAP-0239", "nome": "Piazza Nicola Romano", "quartiere": "", "classificazione": "blu", "score": 2, "note": "zona pedonale / living street", "ciclabile": "no", "n_corsie": "1", "senso_unico": "no", "n_testimonianze": "0", "zona": "B1"}, "geometry": {"type": "LineString", "coordinates": [[14.2162686, 40.8879761], [14.2164202, 40.8879318], [14.2164719, 40.8880916], [14.2164781, 40.8881089], [14.216323, 40.888123], [14.2162686, 40.8879761]]}}, {"type": "Feature", "properties": {"id": "SS-NAP-0243", "nome": "Piazza Piero Della Francesca", "quartiere": "", "classificazione": "blu", "score": 2, "note": "zona pedonale / living street", "ciclabile": "no", "n_corsie": "1", "senso_unico": "no", "n_testimonianze": "0", "zona": "B1"}, "geometry": {"type": "MultiLineString", "coordinates": [[[14.1806078, 40.8614278], [14.1805906, 40.8614227], [14.1805506, 40.8613998], [14.1805328, 40.8613709], [14.1805312, 40.8613448], [14.1805428, 40.8613173], [14.1805624, 40.861299], [14.1805898, 40.8612854], [14.1806234, 40.8612792], [14.1806578, 40.861282], [14.1806727, 40.8612879], [14.1807036, 40.8613036], [14.1807221, 40.8613257], [14.1807295, 40.8613512], [14.1807265, 40.8613742], [14.1807089, 40.8614003], [14.1806964, 40.8614105], [14.180667, 40.8614243], [14.1806331, 40.8614296], [14.1806078, 40.8614278]], [[14.1810722, 40.8615657], [14.1810572, 40.861553], [14.1810489, 40.8615373], [14.1810482, 40.8615203], [14.1810556, 40.8615037], [14.1810697, 40.8614905], [14.1810889, 40.8614817], [14.1811009, 40.8614792], [14.1811234, 40.8614791], [14.1811406, 40.8614834], [14.1811588, 40.8614934], [14.1811735, 40.8615118], [14.1811768, 40.8615286], [14.1811724, 40.8615452], [14.1811606, 40.8615597], [14.1811431, 40.8615703], [14.1811218, 40.8615757], [14.1810947, 40.8615751], [14.1810722, 40.8615657]]]}}, {"type": "Feature", "properties": {"id": "SS-NAP-0256", "nome": "Piazza San Giorgio", "quartiere": "", "classificazione": "giallo", "score": 3, "note": "strada urbana senza ciclabile", "ciclabile": "no", "n_corsie": "2", "senso_unico": "si", "n_testimonianze": "0", "zona": "B1"}, "geometry": {"type": "MultiLineString", "coordinates": [[[14.1774553, 40.8636045], [14.1774313, 40.863531], [14.1774072, 40.86348], [14.1773661, 40.8634087], [14.177274, 40.8632633], [14.1771689, 40.8631192]], [[14.1769682, 40.8631353], [14.1769656, 40.8631215], [14.1769749, 40.8631005], [14.1770472, 40.8631097], [14.1771851, 40.8630835], [14.1772961, 40.8630025], [14.1773476, 40.8629312], [14.1773782, 40.8629379], [14.1774129, 40.8629444], [14.1773241, 40.8631416], [14.177722, 40.8632415], [14.177697, 40.8633002], [14.1777414, 40.8633158], [14.1778121, 40.8633304], [14.1778948, 40.863345], [14.1778942, 40.8633531], [14.1778729, 40.8635891], [14.1779776, 40.8636129], [14.1778948, 40.8637717], [14.1776565, 40.8636759], [14.1777014, 40.8636187], [14.1777124, 40.8636046], [14.1777198, 40.8635693], [14.1777285, 40.8635274], [14.1777382, 40.8634812], [14.1776845, 40.8634715], [14.1776887, 40.8634552], [14.1776051, 40.8634342], [14.1775021, 40.8636127], [14.1774553, 40.8636045], [14.1774076, 40.8635965], [14.1773933, 40.8635489], [14.1773754, 40.8634893], [14.1772741, 40.8633122], [14.1772459, 40.8632758], [14.1771582, 40.8632141], [14.177096, 40.8631781], [14.1769682, 40.8631353]], [[14.1778942, 40.8633531], [14.1778093, 40.8633386], [14.1777379, 40.8633255], [14.1776494, 40.8632984], [14.1773871, 40.8632293], [14.1772784, 40.8631938], [14.1771689, 40.8631192]]]}}, {"type": "Feature", "properties": {"id": "SS-NAP-0260", "nome": "Piazza Sant'Alfonso a Marianella", "quartiere": "", "classificazione": "giallo", "score": 3, "note": "strada urbana senza ciclabile", "ciclabile": "no", "n_corsie": "2", "senso_unico": "no", "n_testimonianze": "0", "zona": "B1"}, "geometry": {"type": "MultiLineString", "coordinates": [[[14.2306557, 40.8903454], [14.2310368, 40.8903047]], [[14.230689, 40.8906343], [14.2310881, 40.8905511]]]}}, {"type": "Feature", "properties": {"id": "SS-NAP-0266", "nome": "Piazza Scipione Ammirato", "quartiere": "", "classificazione": "blu", "score": 2, "note": "zona pedonale / living street", "ciclabile": "no", "n_corsie": "1", "senso_unico": "no", "n_testimonianze": "0", "zona": "B1"}, "geometry": {"type": "LineString", "coordinates": [[14.242989, 40.8556657], [14.2430687, 40.8555671], [14.2431144, 40.8555105], [14.243388, 40.8554994], [14.2434314, 40.855517], [14.2434648, 40.8555306], [14.2434922, 40.8555417], [14.2434786, 40.8555976], [14.2434735, 40.8556188], [14.2434392, 40.8557689], [14.2434171, 40.8557879], [14.2434093, 40.8557947], [14.2431354, 40.8558395], [14.2431225, 40.8558334], [14.2430212, 40.8557854], [14.242989, 40.8556657]]}}, {"type": "Feature", "properties": {"id": "SS-NAP-0273", "nome": "Piazza Vittorio Emanuele", "quartiere": "", "classificazione": "giallo", "score": 3, "note": "strada urbana senza ciclabile", "ciclabile": "no", "n_corsie": "2", "senso_unico": "no", "n_testimonianze": "0", "zona": "B1"}, "geometry": {"type": "MultiLineString", "coordinates": [[[14.2371405, 40.8899042], [14.2371772, 40.8900325], [14.2371822, 40.8900378], [14.2371885, 40.8900404], [14.2371986, 40.8900404], [14.237598, 40.8899704], [14.2376021, 40.8899673], [14.2376014, 40.8899624], [14.2375707, 40.8898339], [14.2375667, 40.8898309], [14.2375589, 40.8898307], [14.2371405, 40.8899042], [14.2370051, 40.8893978]], [[14.2361679, 40.8895353], [14.2361407, 40.8894443], [14.2360632, 40.8891788], [14.236208, 40.8891524]], [[14.2372396, 40.8893593], [14.2370051, 40.8893978], [14.2361679, 40.8895353], [14.2360959, 40.8895471]]]}}, {"type": "Feature", "properties": {"id": "SS-NAP-0290", "nome": "Piazzetta Arenella", "quartiere": "", "classificazione": "giallo", "score": 3, "note": "strada urbana senza ciclabile", "ciclabile": "no", "n_corsie": "2", "senso_unico": "si", "n_testimonianze": "0", "zona": "B1"}, "geometry": {"type": "MultiLineString", "coordinates": [[[14.2311917, 40.8538443], [14.2310898, 40.8537603], [14.2310022, 40.853688]], [[14.2302765, 40.8538605], [14.2305122, 40.8538631], [14.2305657, 40.8537515], [14.2303167, 40.8537177], [14.2302765, 40.8538605]], [[14.2311917, 40.8538443], [14.2315801, 40.8542102], [14.2316908, 40.8542908], [14.2317227, 40.854322], [14.2317441, 40.8543513], [14.2317505, 40.8543698], [14.231752, 40.8544139]]]}}, {"type": "Feature", "properties": {"id": "SS-NAP-0326", "nome": "Piazzetta Totò", "quartiere": "", "classificazione": "blu", "score": 2, "note": "zona pedonale / living street", "ciclabile": "no", "n_corsie": "1", "senso_unico": "no", "n_testimonianze": "0", "zona": "B1"}, "geometry": {"type": "MultiLineString", "coordinates": [[[14.2189993, 40.8602496], [14.2190054, 40.8602561], [14.2190504, 40.8603043], [14.2191048, 40.860362], [14.2190947, 40.8603673], [14.2188446, 40.8605], [14.2188086, 40.8604311], [14.2187741, 40.8603779], [14.2189993, 40.8602496]], [[14.2187021, 40.860487], [14.2187927, 40.8604394], [14.2188086, 40.8604311], [14.2188104, 40.860395], [14.2189687, 40.8603108], [14.2190233, 40.8603158], [14.2190416, 40.860308], [14.2190504, 40.8603043], [14.2191367, 40.860259]]]}}, {"type": "Feature", "properties": {"id": "SS-NAP-0341", "nome": "Rampa via Domenico Fontana", "quartiere": "", "classificazione": "giallo", "score": 3, "note": "strada urbana senza ciclabile", "ciclabile": "no", "n_corsie": "2", "senso_unico": "no", "n_testimonianze": "0", "zona": "B1"}, "geometry": {"type": "MultiLineString", "coordinates": [[[14.2261304, 40.8585769], [14.2260678, 40.8586585], [14.2259909, 40.8587652], [14.2258908, 40.8590553], [14.2256802, 40.8596328]], [[14.2256802, 40.8596328], [14.2256386, 40.8596458], [14.2256172, 40.8596496], [14.2255501, 40.8596563]], [[14.2255501, 40.8596563], [14.2254578, 40.8596646]]]}}, {"type": "Feature", "properties": {"id": "SS-NAP-0359", "nome": "Rotonda Pietro Castellino", "quartiere": "", "classificazione": "rosso", "score": 4, "note": "strada secondaria trafficata (1 corsie)", "ciclabile": "no", "n_corsie": "1", "senso_unico": "no", "n_testimonianze": "0", "zona": "B1"}, "geometry": {"type": "MultiLineString", "coordinates": [[[14.224325, 40.8616795], [14.2242975, 40.8617008], [14.2242729, 40.861707], [14.2242293, 40.8616996], [14.2241973, 40.8616926], [14.2241655, 40.8616838], [14.224149, 40.8616761], [14.2241347, 40.8616631], [14.2241277, 40.8616528], [14.2241209, 40.8616309], [14.2241247, 40.861604], [14.2241342, 40.8615877]], [[14.2241342, 40.8615877], [14.2241484, 40.8615772], [14.2241828, 40.8615624], [14.224202, 40.8615587]], [[14.224202, 40.8615587], [14.2242219, 40.8615575], [14.2242608, 40.8615629], [14.224295, 40.861578], [14.2243088, 40.8615886]], [[14.2243088, 40.8615886], [14.22432, 40.8616008], [14.2243329, 40.8616264], [14.2243345, 40.8616534], [14.224325, 40.8616795]]]}}, {"type": "Feature", "properties": {"id": "SS-NAP-0375", "nome": "Salita Due Porte all'Arenella", "quartiere": "", "classificazione": "giallo", "score": 3, "note": "strada urbana senza ciclabile", "ciclabile": "no", "n_corsie": "2", "senso_unico": "no", "n_testimonianze": "0", "zona": "B1"}, "geometry": {"type": "LineString", "coordinates": [[14.2368181, 40.855417], [14.2365566, 40.8554842], [14.236173, 40.8555857], [14.2357603, 40.8555766], [14.235615, 40.8555745], [14.2353147, 40.8555492], [14.2351431, 40.8555512], [14.2344128, 40.8558359], [14.2341936, 40.8559245]]}}, {"type": "Feature", "properties": {"id": "SS-NAP-0384", "nome": "Salita Porteria San Raffaele", "quartiere": "", "classificazione": "giallo", "score": 3, "note": "strada urbana senza ciclabile", "ciclabile": "no", "n_corsie": "2", "senso_unico": "si", "n_testimonianze": "0", "zona": "B1"}, "geometry": {"type": "MultiLineString", "coordinates": [[[14.2429866, 40.8539832], [14.2429782, 40.8540078], [14.2429754, 40.8540159], [14.2430006, 40.8540438], [14.2430597, 40.8540364], [14.2436568, 40.8539353], [14.2438501, 40.8540463]], [[14.2434524, 40.8555916], [14.2434786, 40.8555976], [14.243495, 40.8556007], [14.2438652, 40.8556708], [14.2440915, 40.8556795], [14.2441485, 40.8556833], [14.2441648, 40.8556844], [14.2443191, 40.8557108], [14.2443917, 40.8557232], [14.2444343, 40.8557289], [14.2448909, 40.8557897]]]}}, {"type": "Feature", "properties": {"id": "SS-NAP-0395", "nome": "Salita Scudillo", "quartiere": "", "classificazione": "giallo", "score": 3, "note": "strada urbana senza ciclabile", "ciclabile": "no", "n_corsie": "2", "senso_unico": "si", "n_testimonianze": "0", "zona": "B1"}, "geometry": {"type": "MultiLineString", "coordinates": [[[14.2341828, 40.8682303], [14.2342534, 40.8682017], [14.2342717, 40.8681943], [14.2343526, 40.868101], [14.2345878, 40.8678619], [14.2347484, 40.8677575], [14.2350843, 40.8676504], [14.2358696, 40.8674877], [14.2361143, 40.8674193], [14.2364066, 40.8673008]], [[14.2377866, 40.8668925], [14.2381469, 40.8664869], [14.2382333, 40.866322], [14.2382477, 40.8662608], [14.2382571, 40.8660529], [14.2382676, 40.8659591], [14.2382893, 40.8658136], [14.2383081, 40.8657558], [14.2384207, 40.8655712], [14.2384247, 40.8655514], [14.2384193, 40.8655357], [14.2384076, 40.8655291], [14.2383805, 40.8655296], [14.2381993, 40.8655357], [14.2381712, 40.8655241], [14.2381492, 40.8655063], [14.2381351, 40.8654502], [14.2381162, 40.8653927]], [[14.243845, 40.8611113], [14.2439012, 40.8611873], [14.2438905, 40.8612684], [14.2438167, 40.8613511], [14.2436008, 40.861593], [14.2432629, 40.8621894], [14.2430885, 40.8623983], [14.2429008, 40.8625565], [14.2426084, 40.8630231], [14.2422597, 40.8634835], [14.242008, 40.8637749], [14.2417394, 40.864086], [14.2416063, 40.8641871], [14.2412134, 40.8644634], [14.2411615, 40.8645204], [14.2410932, 40.8646267]], [[14.2410932, 40.8646267], [14.2408995, 40.8650656]], [[14.2367645, 40.8676233], [14.2369666, 40.8674155], [14.2370625, 40.867364], [14.2373753, 40.8672671], [14.2375034, 40.8672274]]]}}, {"type": "Feature", "properties": {"id": "SS-NAP-0403", "nome": "Salita dei Giudici", "quartiere": "", "classificazione": "giallo", "score": 3, "note": "strada urbana senza ciclabile", "ciclabile": "no", "n_corsie": "2", "senso_unico": "no", "n_testimonianze": "0", "zona": "B1"}, "geometry": {"type": "MultiLineString", "coordinates": [[[14.2396715, 40.8639192], [14.239385, 40.8643083]], [[14.239385, 40.8643083], [14.2393511, 40.8643456], [14.2390306, 40.864278], [14.2389721, 40.8642384], [14.2389105, 40.8641336], [14.238823, 40.8640817], [14.2387965, 40.864066]], [[14.2412915, 40.8630886], [14.2411456, 40.8630565], [14.2410931, 40.8630573], [14.241008, 40.8630915], [14.2400071, 40.8637562], [14.2398718, 40.86384], [14.239767, 40.863847], [14.2396715, 40.8639192]]]}}, {"type": "Feature", "properties": {"id": "SS-NAP-0409", "nome": "Seconda Traversa Due Portoni", "quartiere": "", "classificazione": "giallo", "score": 3, "note": "strada urbana senza ciclabile", "ciclabile": "no", "n_corsie": "2", "senso_unico": "no", "n_testimonianze": "0", "zona": "B1"}, "geometry": {"type": "LineString", "coordinates": [[14.2089597, 40.873687], [14.2086133, 40.8737979], [14.2084886, 40.8734954], [14.2078342, 40.8719184], [14.2072749, 40.8720476], [14.2071086, 40.8716551], [14.2068981, 40.8716521]]}}, {"type": "Feature", "properties": {"id": "SS-NAP-0425", "nome": "Strada Comunale Casa Putana", "quartiere": "", "classificazione": "giallo", "score": 3, "note": "strada urbana senza ciclabile", "ciclabile": "no", "n_corsie": "2", "senso_unico": "no", "n_testimonianze": "0", "zona": "B1"}, "geometry": {"type": "MultiLineString", "coordinates": [[[14.2107752, 40.891038], [14.2109017, 40.8911669], [14.2109347, 40.891191], [14.2109754, 40.891212], [14.2111063, 40.8912802], [14.2111373, 40.8913057], [14.2111519, 40.8913451], [14.2111583, 40.8913775], [14.21116, 40.8913857], [14.2111707, 40.8914262], [14.2111975, 40.8914648], [14.2112312, 40.8915003], [14.2112538, 40.8915256], [14.2113021, 40.8915601], [14.2113477, 40.8915884], [14.2114082, 40.8916159], [14.2114967, 40.8916463], [14.211545, 40.8916585], [14.2115968, 40.891664], [14.2120691, 40.8916593], [14.2121002, 40.8916646], [14.2121324, 40.8916747], [14.2121619, 40.8916869]], [[14.2121619, 40.8916869], [14.2122419, 40.8917339]], [[14.2121808, 40.8917412], [14.2121814, 40.8917182], [14.2121761, 40.891701], [14.2121619, 40.8916869]]]}}, {"type": "Feature", "properties": {"id": "SS-NAP-0430", "nome": "Strada Comunale Grottole", "quartiere": "", "classificazione": "giallo", "score": 3, "note": "strada urbana senza ciclabile", "ciclabile": "no", "n_corsie": "2", "senso_unico": "no", "n_testimonianze": "0", "zona": "B1"}, "geometry": {"type": "MultiLineString", "coordinates": [[[14.1754173, 40.8640677], [14.1754553, 40.8641211], [14.1754649, 40.8641543], [14.1754639, 40.8641969], [14.1754311, 40.8642775], [14.1753983, 40.8643505]], [[14.1753983, 40.8643505], [14.175339, 40.8644893], [14.1752436, 40.8646797], [14.1752195, 40.8647278], [14.1751872, 40.8647806], [14.1751172, 40.8648444], [14.1750721, 40.8648915], [14.1750394, 40.8649304], [14.1746129, 40.8654852], [14.1744085, 40.8657719], [14.1743419, 40.8658999], [14.1742859, 40.8660483], [14.1742508, 40.8661218], [14.1741875, 40.8662268], [14.1739336, 40.8665628], [14.1736556, 40.8669251], [14.1735032, 40.8671726], [14.1734254, 40.8673105]]]}}, {"type": "Feature", "properties": {"id": "SS-NAP-0431", "nome": "Strada Comunale Guantai a Nazareth", "quartiere": "", "classificazione": "giallo", "score": 3, "note": "strada urbana senza ciclabile", "ciclabile": "no", "n_corsie": "2", "senso_unico": "si", "n_testimonianze": "0", "zona": "B1"}, "geometry": {"type": "MultiLineString", "coordinates": [[[14.1895777, 40.8655195], [14.1895915, 40.8657158], [14.1896218, 40.8660427], [14.1896942, 40.8669141], [14.1897447, 40.8674741], [14.1898137, 40.8676408], [14.1898892, 40.8677515], [14.1899766, 40.8678227], [14.1905935, 40.8681567], [14.1913627, 40.868496], [14.1915557, 40.8686198]], [[14.1896424, 40.8653105], [14.189634, 40.8654201], [14.1895777, 40.8655195]]]}}, {"type": "Feature", "properties": {"id": "SS-NAP-0432", "nome": "Strada Comunale Guantai ad Orsolone", "quartiere": "", "classificazione": "giallo", "score": 3, "note": "strada urbana senza ciclabile", "ciclabile": "no", "n_corsie": "2", "senso_unico": "no", "n_testimonianze": "0", "zona": "B1"}, "geometry": {"type": "MultiLineString", "coordinates": [[[14.1915557, 40.8686198], [14.1917306, 40.8685843], [14.192792, 40.8683689], [14.1936587, 40.8683845], [14.1942596, 40.8683748], [14.1950625, 40.8682786], [14.1952875, 40.8682439], [14.1963427, 40.8681432], [14.1965427, 40.8681541], [14.197787, 40.8683145], [14.1978158, 40.8683168], [14.1988532, 40.8684656], [14.19902, 40.8684774], [14.1992475, 40.868473], [14.1993919, 40.8684423], [14.1995554, 40.8683683], [14.1996387, 40.8682679], [14.1997614, 40.8680762], [14.1998901, 40.8679204], [14.2001458, 40.8678174], [14.2009454, 40.8674952], [14.2011948, 40.8673947], [14.2019072, 40.8671935], [14.2024307, 40.8671935], [14.2030659, 40.8672843], [14.2035122, 40.8674855], [14.2042923, 40.8681381], [14.2044048, 40.8682125], [14.2047499, 40.8682699], [14.2053108, 40.8683213], [14.2053716, 40.8683269], [14.2054863, 40.8683228], [14.2062916, 40.8681997], [14.2071665, 40.8680378], [14.2073022, 40.8680278], [14.2075634, 40.8680502], [14.2077898, 40.8681208], [14.2082712, 40.8683204], [14.2115001, 40.8682188], [14.2119561, 40.8682044]], [[14.2119561, 40.8682044], [14.2122069, 40.868192], [14.2123204, 40.8681864], [14.2126345, 40.8681709], [14.2127619, 40.8681646]], [[14.2130049, 40.868225], [14.212945, 40.868201], [14.2129094, 40.8681937]], [[14.2127619, 40.8681646], [14.2128297, 40.8681523], [14.2129318, 40.8681323], [14.2130475, 40.8681141]], [[14.2129094, 40.8681937], [14.2128752, 40.8681868], [14.2127619, 40.8681646]]]}}, {"type": "Feature", "properties": {"id": "SS-NAP-0434", "nome": "Strada Comunale Pianura-Marano", "quartiere": "", "classificazione": "giallo", "score": 3, "note": "strada urbana senza ciclabile", "ciclabile": "no", "n_corsie": "2", "senso_unico": "no", "n_testimonianze": "0", "zona": "B1"}, "geometry": {"type": "LineString", "coordinates": [[14.1723507, 40.8736576], [14.1723874, 40.8735819], [14.172551, 40.8734531], [14.1729453, 40.873228], [14.1734375, 40.8729522], [14.1735354, 40.8728933], [14.1736145, 40.8728345], [14.1736642, 40.8727473], [14.1736628, 40.8726672], [14.1736306, 40.8725364], [14.1736051, 40.8724705], [14.1736025, 40.8723954], [14.1736507, 40.8723052], [14.1737849, 40.8721754], [14.1738975, 40.8720942], [14.1738975, 40.8720577], [14.1738747, 40.8720334], [14.1737808, 40.8720273], [14.1737057, 40.8720608], [14.1736105, 40.8721024], [14.1734844, 40.8722109], [14.1734295, 40.8723234], [14.1734295, 40.8724309], [14.1734576, 40.8725506], [14.1734429, 40.8726145], [14.1733986, 40.872652], [14.1732752, 40.8726855], [14.1731679, 40.8726844], [14.1730687, 40.8726631], [14.1729735, 40.8726195], [14.1728877, 40.8725536], [14.1728058, 40.8724259], [14.1727629, 40.8722169], [14.1726986, 40.8719005], [14.172661, 40.8716703], [14.1726328, 40.8715669], [14.1726248, 40.8714858], [14.1725832, 40.8714117], [14.17248, 40.8713631], [14.1723888, 40.871355], [14.1722855, 40.8713722], [14.1721527, 40.8714178], [14.1720533, 40.871479], [14.1717516, 40.8717504], [14.1716783, 40.8717988], [14.1715811, 40.8718101], [14.1714726, 40.8717818], [14.1713829, 40.8717422], [14.1712745, 40.8717139], [14.1711735, 40.8717253], [14.1710913, 40.8717677], [14.1710315, 40.871779], [14.1709567, 40.8717733], [14.1708884, 40.8717564], [14.1708065, 40.8717197], [14.1707377, 40.8716209], [14.1706606, 40.8714227], [14.1706479, 40.8713884], [14.1705993, 40.8713799], [14.1705059, 40.8713686], [14.1704049, 40.8713997], [14.1703002, 40.8714336], [14.170218, 40.8714449], [14.1701283, 40.8714421], [14.1700385, 40.8714195], [14.1699712, 40.8713827], [14.1699339, 40.871329], [14.1699264, 40.8712612], [14.1699525, 40.8712159], [14.1700352, 40.8711476], [14.1702545, 40.870921], [14.1705282, 40.8707544], [14.1706516, 40.870695], [14.1707637, 40.8705791], [14.1707899, 40.8704264], [14.1707936, 40.8702511], [14.1707824, 40.8701607], [14.1707338, 40.8701098], [14.1706441, 40.870107], [14.1704646, 40.8701267], [14.1701655, 40.8702087], [14.1700721, 40.8702681], [14.1699312, 40.8704262], [14.1698556, 40.8705577], [14.1697546, 40.8706567], [14.1696761, 40.8706793], [14.1696013, 40.8706595], [14.1695602, 40.8705945], [14.1695266, 40.8704842], [14.1695103, 40.8703999], [14.1695085, 40.8702759], [14.1695179, 40.870186], [14.1695875, 40.8700249], [14.1697156, 40.8698593], [14.1699313, 40.8695941], [14.1701624, 40.8693882], [14.170373, 40.8692351], [14.170612, 40.8691026], [14.1709063, 40.8689961], [14.17099, 40.8689502], [14.1710301, 40.8689012], [14.1710309, 40.8688326], [14.170981, 40.8687522], [14.1708836, 40.868604], [14.1707912, 40.8684181], [14.1707536, 40.8683423], [14.1706443, 40.8680811], [14.1706009, 40.8679112], [14.1705789, 40.8676628], [14.1705804, 40.8675205], [14.1706389, 40.8672957], [14.1707045, 40.8671235], [14.1707211, 40.8670503], [14.1707148, 40.8669732], [14.1707114, 40.8669368], [14.1706937, 40.8669046], [14.1706592, 40.8668627], [14.1706045, 40.8668307], [14.1705419, 40.8668074], [14.1705149, 40.8667974], [14.1702948, 40.8667683], [14.1702538, 40.8667656], [14.1702165, 40.8667673], [14.1701617, 40.866781], [14.1701286, 40.8667909], [14.1701066, 40.8668092], [14.1700743, 40.8668461], [14.1699989, 40.8669649], [14.1698951, 40.8671291], [14.1697705, 40.8672548], [14.1696749, 40.8672847], [14.1695624, 40.8672648], [14.1694914, 40.8672111], [14.169454, 40.8670782], [14.1694257, 40.8668431], [14.1694403, 40.8661779], [14.1694398, 40.8661567], [14.1694382, 40.8660845], [14.1693844, 40.8659897], [14.1692769, 40.8659671], [14.1691694, 40.8660032], [14.168896, 40.8661667], [14.1685891, 40.8663484], [14.1684252, 40.8664166], [14.1683432, 40.8664381], [14.1683041, 40.8664468], [14.1682634, 40.8664455], [14.1682254, 40.8664342], [14.1681943, 40.8664143], [14.1681735, 40.8663878], [14.1681651, 40.8663576], [14.1681701, 40.866327], [14.1682315, 40.8662438], [14.1685314, 40.8660222], [14.1690548, 40.8656442], [14.1692597, 40.8655215], [14.1694963, 40.8654433], [14.1703299, 40.865264], [14.1713038, 40.8650976], [14.1714893, 40.8650563], [14.1720699, 40.8648724], [14.1721366, 40.8648513], [14.1722483, 40.8648225]]}}, {"type": "Feature", "properties": {"id": "SS-NAP-0435", "nome": "Strada Comunale Santa Croce ad Orsolone", "quartiere": "", "classificazione": "giallo", "score": 3, "note": "strada urbana senza ciclabile", "ciclabile": "no", "n_corsie": "2", "senso_unico": "no", "n_testimonianze": "0", "zona": "B1"}, "geometry": {"type": "MultiLineString", "coordinates": [[[14.2112906, 40.8731834], [14.2113131, 40.8730644], [14.2113952, 40.8729286], [14.2117348, 40.872687], [14.2120808, 40.8724254], [14.2121496, 40.8723436], [14.2122222, 40.8722286], [14.2123467, 40.8719549], [14.2124712, 40.8716445], [14.2124898, 40.8715882], [14.2125062, 40.8714557], [14.212528, 40.8712277], [14.2125588, 40.8709735], [14.2125771, 40.8708185], [14.2127172, 40.8698256], [14.2128337, 40.8692535], [14.2128701, 40.8691095]], [[14.213176, 40.8682345], [14.2131032, 40.8683835], [14.2130576, 40.8684971]], [[14.2130576, 40.8684971], [14.2130603, 40.8684241], [14.2130512, 40.8683596], [14.2130326, 40.8682482]], [[14.2128701, 40.8691095], [14.2130576, 40.8684971]], [[14.2112754, 40.8736436], [14.2112581, 40.8736268], [14.2112447, 40.8736025], [14.2112413, 40.873582], [14.2112438, 40.8735629], [14.2112795, 40.8732868], [14.2112906, 40.8731834]]]}}, {"type": "Feature", "properties": {"id": "SS-NAP-0443", "nome": "Strada Provinciale Santa Maria a Cubito", "quartiere": "", "classificazione": "rosso", "score": 4, "note": "strada secondaria trafficata", "ciclabile": "no", "n_corsie": "2", "senso_unico": "no", "n_testimonianze": "0", "zona": "B1"}, "geometry": {"type": "MultiLineString", "coordinates": [[[14.2225407, 40.8907739], [14.222436, 40.8908404], [14.2221496, 40.8910141]], [[14.2182554, 40.8934155], [14.217932, 40.8936087], [14.2175398, 40.8938494], [14.2159197, 40.8948287], [14.2149847, 40.8953913], [14.2148947, 40.8954462], [14.214448, 40.8957129], [14.2141531, 40.895887], [14.2138665, 40.8960564], [14.2138024, 40.8960967], [14.2136868, 40.8961658], [14.2124727, 40.8968921], [14.2115927, 40.8974136], [14.2111852, 40.8976331], [14.2110743, 40.8976928], [14.2108418, 40.8977893], [14.210625, 40.8978663], [14.2104248, 40.8979184], [14.2102474, 40.897957], [14.2101042, 40.8979792], [14.2099576, 40.8980022], [14.2097498, 40.8980264], [14.2095556, 40.8980526], [14.2094195, 40.8980629]], [[14.2221496, 40.8910141], [14.2220216, 40.891093], [14.2209297, 40.891766], [14.2207413, 40.8918818], [14.2205629, 40.8919915], [14.2203092, 40.8921474], [14.2198437, 40.8924336]], [[14.2198437, 40.8924336], [14.2197077, 40.8925208], [14.2196738, 40.8925426], [14.2190241, 40.8929424], [14.2186666, 40.8931625], [14.2184135, 40.8933182], [14.2182554, 40.8934155]], [[14.2094195, 40.8980629], [14.2089794, 40.8980687], [14.2084366, 40.8980727], [14.2076852, 40.8980772], [14.2071424, 40.8980869], [14.2068398, 40.8980907], [14.2064768, 40.8980922], [14.2061077, 40.8980937], [14.2059913, 40.8980942], [14.2059159, 40.8980945], [14.2058535, 40.8980948]]]}}, {"type": "Feature", "properties": {"id": "SS-NAP-0444", "nome": "Strada Vicinale Acquarola", "quartiere": "", "classificazione": "giallo", "score": 3, "note": "strada urbana senza ciclabile", "ciclabile": "no", "n_corsie": "2", "senso_unico": "no", "n_testimonianze": "0", "zona": "B1"}, "geometry": {"type": "LineString", "coordinates": [[14.2375705, 40.893904], [14.2374711, 40.8936518], [14.2373728, 40.8933254], [14.2373413, 40.893199], [14.237312, 40.8930676], [14.2372926, 40.8929594]]}}, {"type": "Feature", "properties": {"id": "SS-NAP-0446", "nome": "Strada Vicinale Consolo", "quartiere": "", "classificazione": "giallo", "score": 3, "note": "strada urbana senza ciclabile", "ciclabile": "no", "n_corsie": "2", "senso_unico": "no", "n_testimonianze": "0", "zona": "B1"}, "geometry": {"type": "LineString", "coordinates": [[14.1791823, 40.8652942], [14.1791996, 40.8652374], [14.179204, 40.8651594], [14.1792059, 40.8651433], [14.1792103, 40.8651304], [14.1792187, 40.8651211], [14.1792318, 40.8651142], [14.1793086, 40.8650792], [14.1793199, 40.8650714], [14.1793262, 40.8650589], [14.1793299, 40.8650459], [14.1793572, 40.8648388], [14.1793594, 40.8648333], [14.1793627, 40.8648293], [14.1794235, 40.8647962]]}}, {"type": "Feature", "properties": {"id": "SS-NAP-0449", "nome": "Strada Vicinale Cupa delle Tozzole", "quartiere": "", "classificazione": "giallo", "score": 3, "note": "strada urbana senza ciclabile", "ciclabile": "no", "n_corsie": "2", "senso_unico": "no", "n_testimonianze": "0", "zona": "B1"}, "geometry": {"type": "MultiLineString", "coordinates": [[[14.240358, 40.8776842], [14.240427, 40.8776276], [14.2406038, 40.8776321], [14.2409604, 40.8776389], [14.2410441, 40.8776426], [14.2411132, 40.8776457], [14.2411506, 40.8776199], [14.241247, 40.8776213], [14.2413616, 40.8776777], [14.2414617, 40.8777024], [14.2416927, 40.8776845], [14.2417533, 40.8776734], [14.2418492, 40.8776557], [14.2419729, 40.87758], [14.2421078, 40.8774632]], [[14.2408691, 40.8780567], [14.2409473, 40.877827], [14.2410092, 40.8777541], [14.2410441, 40.8776426]]]}}, {"type": "Feature", "properties": {"id": "SS-NAP-0452", "nome": "Strada Vicinale Palmentiello", "quartiere": "", "classificazione": "giallo", "score": 3, "note": "strada urbana senza ciclabile", "ciclabile": "no", "n_corsie": "2", "senso_unico": "no", "n_testimonianze": "0", "zona": "B1"}, "geometry": {"type": "LineString", "coordinates": [[14.173853, 40.8646128], [14.1738358, 40.8646858], [14.1735336, 40.8651], [14.1735238, 40.8651082], [14.17351, 40.8651138], [14.1734335, 40.865128], [14.1734247, 40.865134], [14.173419, 40.8651398], [14.1729232, 40.8657955], [14.1728353, 40.8659312], [14.1727602, 40.866055], [14.1726699, 40.8663157], [14.1726562, 40.8663479], [14.1726369, 40.8663775], [14.1726136, 40.8664086], [14.1725803, 40.8664395], [14.1725376, 40.8664688], [14.1723391, 40.8665945], [14.1719305, 40.8668871], [14.1718869, 40.8669303], [14.1718695, 40.8669623], [14.1718455, 40.8670117], [14.1717303, 40.8673962], [14.1714606, 40.8679712], [14.1714258, 40.8680549], [14.1713925, 40.8682531], [14.1713946, 40.8682831], [14.1714018, 40.8683136]]}}, {"type": "Feature", "properties": {"id": "SS-NAP-0454", "nome": "Strada Vicinale Reggente", "quartiere": "", "classificazione": "giallo", "score": 3, "note": "strada urbana senza ciclabile", "ciclabile": "no", "n_corsie": "2", "senso_unico": "no", "n_testimonianze": "0", "zona": "B1"}, "geometry": {"type": "LineString", "coordinates": [[14.1917306, 40.8685843], [14.1920298, 40.8681831], [14.1922371, 40.8679201], [14.1923712, 40.867791], [14.192542, 40.8677003], [14.192977, 40.8675558], [14.1932596, 40.8673575], [14.193337, 40.8672806], [14.1938551, 40.8667657], [14.194406, 40.8663199], [14.1946401, 40.8660503], [14.1949082, 40.8659129], [14.1951895, 40.8657875], [14.1954504, 40.8656775], [14.1955242, 40.8656351], [14.1955616, 40.8655841], [14.1956073, 40.8654586], [14.1956623, 40.8652894], [14.1958202, 40.865116], [14.1961128, 40.8650274], [14.1966106, 40.8650323], [14.1967097, 40.8650002], [14.1968307, 40.864869], [14.1969447, 40.8646663], [14.1970064, 40.8645964], [14.1971265, 40.8644449], [14.1972622, 40.8642456], [14.1973287, 40.864098]]}}, {"type": "Feature", "properties": {"id": "SS-NAP-0455", "nome": "Strada Vicinale Rotondella", "quartiere": "", "classificazione": "giallo", "score": 3, "note": "strada urbana senza ciclabile", "ciclabile": "no", "n_corsie": "2", "senso_unico": "no", "n_testimonianze": "0", "zona": "B1"}, "geometry": {"type": "LineString", "coordinates": [[14.1950625, 40.8682786], [14.1950481, 40.8683105], [14.1950293, 40.8683338], [14.1949823, 40.8683602], [14.1949367, 40.8683734], [14.1945673, 40.8684244], [14.194462, 40.8684576], [14.1943556, 40.8685291], [14.1941294, 40.8687831], [14.1938479, 40.8690759], [14.1937986, 40.8691293], [14.1937388, 40.8691782], [14.1934357, 40.8693363], [14.1933717, 40.8693997], [14.1933271, 40.8694986], [14.1933069, 40.8696335], [14.1932859, 40.8699007], [14.1932533, 40.8703759], [14.193217, 40.8705625], [14.1931973, 40.8706065], [14.1931638, 40.8706542], [14.1930887, 40.8707445], [14.1928966, 40.8709377], [14.1924889, 40.871246], [14.1924164, 40.8713413], [14.1924084, 40.8714306], [14.1925067, 40.8715337], [14.1925147, 40.871651], [14.1924915, 40.8717429], [14.1924523, 40.8718167], [14.1923735, 40.8719822], [14.1924272, 40.8722662], [14.1923246, 40.8724974], [14.1921536, 40.872757], [14.1918371, 40.873187], [14.1917314, 40.87323], [14.1915119, 40.87323], [14.1913248, 40.8732915], [14.1908695, 40.8735129], [14.1907719, 40.8736666], [14.1906012, 40.8741215], [14.1905361, 40.8745212], [14.1905345, 40.8745972], [14.1905728, 40.8746274], [14.1907044, 40.8747945], [14.190851, 40.8749893], [14.1909486, 40.875163], [14.1909966, 40.875245], [14.1910767, 40.8753397], [14.1913278, 40.875537], [14.1913959, 40.8755742], [14.1917149, 40.8757363], [14.1919711, 40.8758869]]}}, {"type": "Feature", "properties": {"id": "SS-NAP-0459", "nome": "Strada comunale Cupa Toscanella", "quartiere": "", "classificazione": "giallo", "score": 3, "note": "strada urbana senza ciclabile", "ciclabile": "no", "n_corsie": "2", "senso_unico": "no", "n_testimonianze": "0", "zona": "B1"}, "geometry": {"type": "LineString", "coordinates": [[14.2211139, 40.8857034], [14.2206778, 40.8858148], [14.2205795, 40.8858258], [14.2202593, 40.8857075], [14.2199609, 40.885603], [14.2194676, 40.8854597], [14.2192396, 40.8853924], [14.219135, 40.8853417], [14.2190196, 40.8852489], [14.218913, 40.8851766], [14.2187311, 40.8851023], [14.2185273, 40.8850693], [14.218155, 40.8850231]]}}, {"type": "Feature", "properties": {"id": "SS-NAP-0460", "nome": "Strada comunale cupa Toscanella", "quartiere": "", "classificazione": "giallo", "score": 3, "note": "strada urbana senza ciclabile", "ciclabile": "no", "n_corsie": "2", "senso_unico": "no", "n_testimonianze": "0", "zona": "B1"}, "geometry": {"type": "LineString", "coordinates": [[14.223287, 40.8871297], [14.2234426, 40.887446], [14.223625, 40.8878495], [14.2238175, 40.8882413], [14.2240621, 40.8887473], [14.224083, 40.8888031], [14.2240642, 40.8888452], [14.2239315, 40.8890555], [14.2238762, 40.8892552], [14.2237914, 40.8895472], [14.2237692, 40.8896289], [14.2235605, 40.8899823], [14.2234936, 40.8901061], [14.2234946, 40.8901386], [14.2234963, 40.8901922]]}}, {"type": "Feature", "properties": {"id": "SS-NAP-0461", "nome": "Strada comunale del Principe", "quartiere": "", "classificazione": "giallo", "score": 3, "note": "strada urbana senza ciclabile", "ciclabile": "no", "n_corsie": "2", "senso_unico": "no", "n_testimonianze": "0", "zona": "B1"}, "geometry": {"type": "LineString", "coordinates": [[14.2298612, 40.8817759], [14.2300028, 40.881936], [14.2301657, 40.8820615], [14.230436, 40.8822142], [14.2304989, 40.882238], [14.2305923, 40.8822733], [14.2308436, 40.8823638], [14.2309375, 40.8823976], [14.2310593, 40.8824421], [14.2311747, 40.8824843], [14.2312088, 40.8824959], [14.2313843, 40.8825539]]}}, {"type": "Feature", "properties": {"id": "SS-NAP-0478", "nome": "Terza traversa Via Comunale S. Croce ad Orsolone", "quartiere": "", "classificazione": "giallo", "score": 3, "note": "strada urbana senza ciclabile", "ciclabile": "no", "n_corsie": "2", "senso_unico": "no", "n_testimonianze": "0", "zona": "B1"}, "geometry": {"type": "MultiLineString", "coordinates": [[[14.2125062, 40.8714557], [14.2131087, 40.8717172], [14.2139983, 40.8721153], [14.2140142, 40.8728219]], [[14.2131087, 40.8717172], [14.2129935, 40.8722337], [14.2128489, 40.8728825]]]}}, {"type": "Feature", "properties": {"id": "SS-NAP-0487", "nome": "Traversa Camillo Guerra", "quartiere": "", "classificazione": "giallo", "score": 3, "note": "strada urbana senza ciclabile", "ciclabile": "no", "n_corsie": "2", "senso_unico": "no", "n_testimonianze": "0", "zona": "B1"}, "geometry": {"type": "LineString", "coordinates": [[14.1893234, 40.8699076], [14.18905, 40.8697457], [14.1889149, 40.8696412], [14.1887398, 40.8694006], [14.1883342, 40.8687757], [14.1882274, 40.8685709], [14.1881716, 40.8683556], [14.1880531, 40.8675402], [14.1879995, 40.8670834], [14.1879503, 40.8669371], [14.1878452, 40.8666961]]}}, {"type": "Feature", "properties": {"id": "SS-NAP-0498", "nome": "Traversa Giovanni Antonio Campano", "quartiere": "", "classificazione": "giallo", "score": 3, "note": "strada urbana senza ciclabile", "ciclabile": "no", "n_corsie": "2", "senso_unico": "no", "n_testimonianze": "0", "zona": "B1"}, "geometry": {"type": "LineString", "coordinates": [[14.219946, 40.8935514], [14.2200137, 40.8929357], [14.2200133, 40.8929097], [14.2200037, 40.8928791], [14.2199785, 40.8928469], [14.2199028, 40.8927669]]}}, {"type": "Feature", "properties": {"id": "SS-NAP-0516", "nome": "Traversa Michele Pietravalle", "quartiere": "", "classificazione": "giallo", "score": 3, "note": "strada urbana senza ciclabile", "ciclabile": "no", "n_corsie": "2", "senso_unico": "si", "n_testimonianze": "0", "zona": "B1"}, "geometry": {"type": "MultiLineString", "coordinates": [[[14.2225026, 40.8690794], [14.2227459, 40.8691604], [14.2228907, 40.869209], [14.2231858, 40.8691239], [14.223403, 40.8690691], [14.2235559, 40.8690306], [14.2239289, 40.8689224], [14.2239755, 40.8688741], [14.2240224, 40.8687946], [14.2240507, 40.8687467]], [[14.2240655, 40.8687457], [14.2240375, 40.8687943], [14.2239909, 40.8688753], [14.2239372, 40.8689317], [14.2235486, 40.8690436], [14.2233709, 40.8690896], [14.2231565, 40.869146], [14.2228905, 40.8692258], [14.2227407, 40.8691793], [14.2224909, 40.8690961]]]}}, {"type": "Feature", "properties": {"id": "SS-NAP-0527", "nome": "Traversa Privata Annunziata", "quartiere": "", "classificazione": "rosso", "score": 4, "note": "strada secondaria trafficata", "ciclabile": "no", "n_corsie": "2", "senso_unico": "si", "n_testimonianze": "0", "zona": "B1"}, "geometry": {"type": "LineString", "coordinates": [[14.2336987, 40.8544966], [14.2335895, 40.8544323], [14.23357, 40.8544155], [14.2333572, 40.8542324], [14.2330246, 40.8539589], [14.2329401, 40.8538894]]}}, {"type": "Feature", "properties": {"id": "SS-NAP-0529", "nome": "Traversa Privata Pola", "quartiere": "", "classificazione": "giallo", "score": 3, "note": "strada urbana senza ciclabile", "ciclabile": "no", "n_corsie": "2", "senso_unico": "si", "n_testimonianze": "0", "zona": "B1"}, "geometry": {"type": "MultiLineString", "coordinates": [[[14.2333572, 40.8542324], [14.233319, 40.8542605], [14.2329699, 40.8545176]], [[14.2333572, 40.8542324], [14.2333798, 40.8542155], [14.2337342, 40.8539388]]]}}, {"type": "Feature", "properties": {"id": "SS-NAP-0532", "nome": "Traversa Privata San Severino", "quartiere": "", "classificazione": "giallo", "score": 3, "note": "strada urbana senza ciclabile", "ciclabile": "no", "n_corsie": "2", "senso_unico": "si", "n_testimonianze": "0", "zona": "B1"}, "geometry": {"type": "MultiLineString", "coordinates": [[[14.2329699, 40.8545176], [14.232543, 40.8541445], [14.2321394, 40.853785], [14.2321237, 40.8537696], [14.2321202, 40.8537615], [14.2321167, 40.8537535], [14.2321089, 40.853701]], [[14.2329699, 40.8545176], [14.2335116, 40.8549901], [14.2335197, 40.8549991], [14.2335233, 40.8550114], [14.2335236, 40.8550235], [14.2334953, 40.8552077], [14.233488, 40.8552759]]]}}, {"type": "Feature", "properties": {"id": "SS-NAP-0533", "nome": "Traversa Privata Santacroce", "quartiere": "", "classificazione": "rosso", "score": 4, "note": "strada secondaria trafficata", "ciclabile": "no", "n_corsie": "2", "senso_unico": "si", "n_testimonianze": "0", "zona": "B1"}, "geometry": {"type": "MultiLineString", "coordinates": [[[14.232543, 40.8541445], [14.2326507, 40.8540753], [14.2329401, 40.8538894]], [[14.2329401, 40.8538894], [14.2330613, 40.8537972], [14.2330885, 40.8537765], [14.2331736, 40.8537161], [14.2331859, 40.8537074], [14.23329, 40.8536474]], [[14.2330885, 40.8537765], [14.2330878, 40.8537322], [14.2330864, 40.8537265], [14.2330824, 40.8537106], [14.2330554, 40.8536563]]]}}, {"type": "Feature", "properties": {"id": "SS-NAP-0536", "nome": "Traversa Privata acquedotto campano", "quartiere": "", "classificazione": "giallo", "score": 3, "note": "strada urbana senza ciclabile", "ciclabile": "no", "n_corsie": "2", "senso_unico": "no", "n_testimonianze": "0", "zona": "B1"}, "geometry": {"type": "LineString", "coordinates": [[14.2167401, 40.8578597], [14.216603, 40.8579975], [14.2164743, 40.8580862], [14.2163497, 40.85815], [14.2161324, 40.8582494]]}}, {"type": "Feature", "properties": {"id": "SS-NAP-0541", "nome": "Traversa Quarta Vincenzo Janfolla", "quartiere": "", "classificazione": "giallo", "score": 3, "note": "strada urbana senza ciclabile", "ciclabile": "no", "n_corsie": "2", "senso_unico": "no", "n_testimonianze": "0", "zona": "B1"}, "geometry": {"type": "LineString", "coordinates": [[14.2419748, 40.8871733], [14.2432185, 40.8865693], [14.2432815, 40.8865387]]}}, {"type": "Feature", "properties": {"id": "SS-NAP-0544", "nome": "Traversa Ruggero Il Normanno", "quartiere": "", "classificazione": "giallo", "score": 3, "note": "strada urbana senza ciclabile", "ciclabile": "no", "n_corsie": "2", "senso_unico": "no", "n_testimonianze": "0", "zona": "B1"}, "geometry": {"type": "LineString", "coordinates": [[14.1700699, 40.8607691], [14.1701873, 40.860215], [14.1701988, 40.8601839], [14.1702192, 40.860145]]}}, {"type": "Feature", "properties": {"id": "SS-NAP-0564", "nome": "Traversa Viale Colli Aminei", "quartiere": "", "classificazione": "blu", "score": 2, "note": "accesso limitato (ZTL)", "ciclabile": "no", "n_corsie": "1", "senso_unico": "no", "n_testimonianze": "0", "zona": "B1"}, "geometry": {"type": "LineString", "coordinates": [[14.2384951, 40.8705377], [14.2384546, 40.870593], [14.2374575, 40.8720002], [14.236787, 40.8718542], [14.2361994, 40.8718051], [14.2359266, 40.8717823]]}}, {"type": "Feature", "properties": {"id": "SS-NAP-0570", "nome": "Traversa di Via Comunale del Collettore", "quartiere": "", "classificazione": "giallo", "score": 3, "note": "strada urbana senza ciclabile", "ciclabile": "no", "n_corsie": "2", "senso_unico": "no", "n_testimonianze": "0", "zona": "B1"}, "geometry": {"type": "LineString", "coordinates": [[14.1805462, 40.8638174], [14.180638, 40.8637951], [14.1806906, 40.863774], [14.1807417, 40.8637503], [14.1807849, 40.8637278], [14.1808274, 40.8637118], [14.1809878, 40.863661], [14.1810214, 40.8636461], [14.181041, 40.8636351], [14.1810585, 40.8636176], [14.1811304, 40.8635221], [14.1817487, 40.8627178]]}}, {"type": "Feature", "properties": {"id": "SS-NAP-0574", "nome": "Traversa di Via Vittorio Veneto", "quartiere": "", "classificazione": "giallo", "score": 3, "note": "strada urbana senza ciclabile", "ciclabile": "no", "n_corsie": "2", "senso_unico": "no", "n_testimonianze": "0", "zona": "B1"}, "geometry": {"type": "LineString", "coordinates": [[14.240471, 40.8895477], [14.2404752, 40.8895489], [14.2404793, 40.8895507], [14.2404831, 40.8895532], [14.2406203, 40.8897217], [14.240796, 40.889971]]}}, {"type": "Feature", "properties": {"id": "SS-NAP-0585", "nome": "Via Achille D'Orsi", "quartiere": "", "classificazione": "blu", "score": 2, "note": "accesso limitato (ZTL)", "ciclabile": "no", "n_corsie": "1", "senso_unico": "no", "n_testimonianze": "0", "zona": "B1"}, "geometry": {"type": "MultiLineString", "coordinates": [[[14.2225588, 40.8542869], [14.2227831, 40.8542171], [14.2228132, 40.8541234], [14.222815, 40.8540578], [14.2227884, 40.8540069], [14.2227477, 40.8539681], [14.2219198, 40.8539025]], [[14.222815, 40.8540578], [14.2228742, 40.8539985], [14.222894, 40.8539561], [14.2228912, 40.8538039], [14.2228858, 40.8537424]], [[14.2218843, 40.8541741], [14.2219198, 40.8539025], [14.2220116, 40.8536014]]]}}, {"type": "Feature", "properties": {"id": "SS-NAP-0600", "nome": "Via Alberto Moravia", "quartiere": "", "classificazione": "giallo", "score": 3, "note": "strada urbana senza ciclabile", "ciclabile": "no", "n_corsie": "2", "senso_unico": "no", "n_testimonianze": "0", "zona": "B1"}, "geometry": {"type": "MultiLineString", "coordinates": [[[14.1742298, 40.8589504], [14.1746254, 40.8591255], [14.1755526, 40.8595344], [14.1755567, 40.859537], [14.1755604, 40.8595403], [14.1755617, 40.8595438], [14.1755612, 40.8595471], [14.1754129, 40.8597632], [14.1754104, 40.8597749], [14.1754132, 40.859785], [14.1754202, 40.8597936], [14.1754281, 40.8597997], [14.1755143, 40.8598435], [14.1761668, 40.8601807], [14.1762608, 40.860218], [14.1765141, 40.8602966]], [[14.1752684, 40.8602162], [14.17539, 40.8600319], [14.1755143, 40.8598435]]]}}, {"type": "Feature", "properties": {"id": "SS-NAP-0614", "nome": "Via Alessandro Telesino", "quartiere": "", "classificazione": "giallo", "score": 3, "note": "strada urbana senza ciclabile", "ciclabile": "no", "n_corsie": "2", "senso_unico": "no", "n_testimonianze": "0", "zona": "B1"}, "geometry": {"type": "MultiLineString", "coordinates": [[[14.2431358, 40.8567804], [14.2434449, 40.8569591]], [[14.2448001, 40.857829], [14.2450323, 40.8579728], [14.2450871, 40.8580067]], [[14.243573, 40.8570493], [14.2436088, 40.8570731], [14.2437611, 40.8571746]]]}}, {"type": "Feature", "properties": {"id": "SS-NAP-0616", "nome": "Via Alessio Aurelio Pelliccia", "quartiere": "", "classificazione": "giallo", "score": 3, "note": "strada urbana senza ciclabile", "ciclabile": "no", "n_corsie": "2", "senso_unico": "si", "n_testimonianze": "0", "zona": "B1"}, "geometry": {"type": "LineString", "coordinates": [[14.241949, 40.8568287], [14.2419174, 40.856857], [14.2414469, 40.857279], [14.2409942, 40.8576886]]}}, {"type": "Feature", "properties": {"id": "SS-NAP-0620", "nome": "Via Alfonso Gatto", "quartiere": "", "classificazione": "giallo", "score": 3, "note": "strada urbana senza ciclabile", "ciclabile": "no", "n_corsie": "2", "senso_unico": "no", "n_testimonianze": "0", "zona": "B1"}, "geometry": {"type": "LineString", "coordinates": [[14.1762361, 40.8592307], [14.1768927, 40.8580448]]}}, {"type": "Feature", "properties": {"id": "SS-NAP-0623", "nome": "Via Alfredo Capelli", "quartiere": "", "classificazione": "giallo", "score": 3, "note": "strada urbana senza ciclabile (2 corsie)", "ciclabile": "no", "n_corsie": "2", "senso_unico": "no", "n_testimonianze": "0", "zona": "B1"}, "geometry": {"type": "MultiLineString", "coordinates": [[[14.1670144, 40.8614026], [14.1670702, 40.8612831], [14.1671588, 40.8610428], [14.1672003, 40.8608766], [14.1672188, 40.8607282], [14.1672105, 40.8605649], [14.1671734, 40.8604008], [14.1671357, 40.8602694], [14.1670849, 40.8601735], [14.1669978, 40.8600561]], [[14.1669361, 40.8619217], [14.1669551, 40.8619365], [14.1669652, 40.8619481], [14.1669774, 40.8619698], [14.1669978, 40.8620179], [14.1670057, 40.8620343], [14.1670167, 40.8620473], [14.1670537, 40.862093]], [[14.1670764, 40.8621864], [14.1670016, 40.8620923], [14.1669768, 40.8620483], [14.1669538, 40.8619909], [14.1669361, 40.8619217]], [[14.1696694, 40.8635645], [14.1687383, 40.8631862], [14.168499, 40.8631069], [14.1683456, 40.8630562], [14.1682054, 40.8630115], [14.1680834, 40.8629739], [14.1678754, 40.8628984], [14.1677237, 40.8628284], [14.1675574, 40.86274], [14.1674218, 40.8626501], [14.1673187, 40.8625629], [14.167213, 40.8624376], [14.1671642, 40.8623601], [14.16712, 40.8622778], [14.1670764, 40.8621864]], [[14.1669617, 40.861507], [14.1669736, 40.8616148], [14.1669787, 40.8616685], [14.1669825, 40.8617353], [14.1669838, 40.8617589], [14.1670033, 40.8619208], [14.1670289, 40.8620244], [14.1670537, 40.862093], [14.1670764, 40.8621864]], [[14.1669361, 40.8619217], [14.1669145, 40.8617998], [14.1669104, 40.8617562], [14.1669059, 40.8617084], [14.1669058, 40.8616877], [14.1669103, 40.8616586], [14.1669617, 40.861507]], [[14.1669787, 40.8616685], [14.1669549, 40.861712], [14.1669496, 40.861738], [14.1669496, 40.8617457], [14.1669496, 40.8617639], [14.1669592, 40.861854], [14.1669545, 40.8618879], [14.1669361, 40.8619217]], [[14.1669617, 40.861507], [14.1670144, 40.8614026]]]}}, {"type": "Feature", "properties": {"id": "SS-NAP-0627", "nome": "Via Alfredo Rocco", "quartiere": "", "classificazione": "giallo", "score": 3, "note": "strada urbana senza ciclabile", "ciclabile": "no", "n_corsie": "2", "senso_unico": "si", "n_testimonianze": "0", "zona": "B1"}, "geometry": {"type": "LineString", "coordinates": [[14.2292242, 40.854238], [14.2291699, 40.8542139], [14.2289287, 40.854108], [14.2288452, 40.8539858], [14.2287197, 40.8538661], [14.2283019, 40.8536634], [14.227501, 40.8532842]]}}, {"type": "Feature", "properties": {"id": "SS-NAP-0628", "nome": "Via Alfredo Vittorio Russo", "quartiere": "", "classificazione": "giallo", "score": 3, "note": "strada urbana senza ciclabile", "ciclabile": "no", "n_corsie": "2", "senso_unico": "si", "n_testimonianze": "0", "zona": "B1"}, "geometry": {"type": "LineString", "coordinates": [[14.2313129, 40.8568618], [14.2313651, 40.856913], [14.2314027, 40.8569287], [14.2314447, 40.8569096], [14.2317138, 40.856733], [14.2317246, 40.8567306], [14.2317358, 40.856731], [14.2317463, 40.8567342], [14.2317546, 40.8567399], [14.23176, 40.8567474], [14.2317618, 40.8567558], [14.2317597, 40.8567642], [14.231754, 40.8567715], [14.2315702, 40.8568871], [14.2315583, 40.8569002], [14.2315603, 40.8569149], [14.231742, 40.8571406], [14.2317477, 40.8571494], [14.2317495, 40.857159], [14.2317472, 40.8571686], [14.2317412, 40.8571773], [14.2317319, 40.8571841], [14.2315741, 40.8572439], [14.231528, 40.8572641], [14.2315157, 40.8572695], [14.231495, 40.857287], [14.2314892, 40.8573148], [14.2314985, 40.8573286], [14.2315066, 40.8573406]]}}, {"type": "Feature", "properties": {"id": "SS-NAP-0634", "nome": "Via Amedeo Modigliani", "quartiere": "", "classificazione": "giallo", "score": 3, "note": "strada urbana senza ciclabile (1 corsie)", "ciclabile": "no", "n_corsie": "1", "senso_unico": "si", "n_testimonianze": "0", "zona": "B1"}, "geometry": {"type": "MultiLineString", "coordinates": [[[14.163998, 40.8562966], [14.1640085, 40.8563859], [14.1640175, 40.8565396], [14.1640143, 40.8566474], [14.1639811, 40.8568612], [14.163951, 40.8570002], [14.1639413, 40.8570451]], [[14.1636717, 40.8582814], [14.1638017, 40.8582818], [14.1638848, 40.8582615], [14.1639778, 40.8582248], [14.1640615, 40.8581664]], [[14.1639649, 40.8584055], [14.1639504, 40.8583442], [14.1639492, 40.8582938], [14.1639551, 40.8582659], [14.1639778, 40.8582248]], [[14.1640682, 40.8582408], [14.1641128, 40.8583486], [14.1641692, 40.85845], [14.1642096, 40.8585291]], [[14.1640615, 40.8581664], [14.1640682, 40.8582408], [14.1640511, 40.8583138], [14.1640206, 40.8583625], [14.1639649, 40.8584055]], [[14.1640615, 40.8581664], [14.1640609, 40.8581009], [14.1640456, 40.8578772], [14.1640392, 40.8577973], [14.1640268, 40.8576966], [14.1639904, 40.8573997], [14.1639521, 40.8570883], [14.1639413, 40.8570451], [14.1639072, 40.856987], [14.1638376, 40.856894]], [[14.1639811, 40.8568612], [14.1639015, 40.8568819], [14.1638959, 40.856883], [14.1638376, 40.856894], [14.163759, 40.8568925], [14.1637346, 40.856892], [14.1636837, 40.8568879], [14.1636354, 40.8568737], [14.1635013, 40.8567932], [14.1632565, 40.8566199], [14.1632277, 40.8565737], [14.1632143, 40.8565349], [14.1631976, 40.8564271]]]}}, {"type": "Feature", "properties": {"id": "SS-NAP-0644", "nome": "Via Andrea Pazienza", "quartiere": "", "classificazione": "giallo", "score": 3, "note": "strada urbana senza ciclabile", "ciclabile": "no", "n_corsie": "2", "senso_unico": "si", "n_testimonianze": "0", "zona": "B1"}, "geometry": {"type": "LineString", "coordinates": [[14.2439084, 40.9075287], [14.2437959, 40.9075989], [14.2437423, 40.9076263], [14.2436731, 40.9076577], [14.2435848, 40.9077127], [14.2434965, 40.9077807], [14.2424546, 40.9087316], [14.2424373, 40.9087421], [14.2424182, 40.908746], [14.2423923, 40.908746], [14.2423611, 40.9087369], [14.2423404, 40.9087238], [14.2423265, 40.9087068], [14.2423265, 40.9086924], [14.2423317, 40.9086767], [14.2423421, 40.9086649], [14.2434498, 40.9076865], [14.2435104, 40.907642], [14.2436281, 40.9075688], [14.2438116, 40.9074334]]}}, {"type": "Feature", "properties": {"id": "SS-NAP-0655", "nome": "Via Annibale Maria di Francia", "quartiere": "", "classificazione": "giallo", "score": 3, "note": "strada urbana senza ciclabile", "ciclabile": "no", "n_corsie": "2", "senso_unico": "si", "n_testimonianze": "0", "zona": "B1"}, "geometry": {"type": "MultiLineString", "coordinates": [[[14.2414229, 40.8705684], [14.2415043, 40.8706264], [14.241573, 40.8706684], [14.2416017, 40.8707121], [14.2416092, 40.8707652], [14.2416075, 40.8708199], [14.2416071, 40.8708317], [14.2414998, 40.8712678], [14.2414757, 40.8713145], [14.2414462, 40.871333], [14.2414113, 40.8713449], [14.241375, 40.8713493], [14.2413384, 40.8713465], [14.241304, 40.8713368], [14.2396506, 40.8707632], [14.2395065, 40.8707081], [14.2394047, 40.870635], [14.2390966, 40.8701645], [14.2389812, 40.8699535], [14.2389517, 40.8698298], [14.2389755, 40.8697083], [14.2390349, 40.8695945], [14.2391207, 40.8694794]], [[14.2419543, 40.8707228], [14.2417742, 40.8707287], [14.2416991, 40.8707429], [14.2416628, 40.8707627], [14.2416387, 40.870787], [14.2416147, 40.8708209], [14.2416071, 40.8708317]]]}}, {"type": "Feature", "properties": {"id": "SS-NAP-0656", "nome": "Via Annibale Ruccello", "quartiere": "", "classificazione": "giallo", "score": 3, "note": "strada urbana senza ciclabile", "ciclabile": "no", "n_corsie": "2", "senso_unico": "no", "n_testimonianze": "0", "zona": "B1"}, "geometry": {"type": "LineString", "coordinates": [[14.1765864, 40.8579241], [14.1765695, 40.857935], [14.176114, 40.8588352], [14.1759504, 40.8590902], [14.1759486, 40.8590953], [14.175949, 40.8590994], [14.1759521, 40.859103], [14.1759567, 40.8591054], [14.1762361, 40.8592307], [14.176988, 40.8595482]]}}, {"type": "Feature", "properties": {"id": "SS-NAP-0657", "nome": "Via Antica di Chiaiano", "quartiere": "", "classificazione": "giallo", "score": 3, "note": "strada urbana senza ciclabile", "ciclabile": "no", "n_corsie": "2", "senso_unico": "no", "n_testimonianze": "0", "zona": "B1"}, "geometry": {"type": "MultiLineString", "coordinates": [[[14.2111348, 40.8989198], [14.2113494, 40.8988955], [14.2115682, 40.8988761], [14.2122399, 40.8988306], [14.2128193, 40.8988225], [14.2132495, 40.8988277], [14.2133677, 40.8988445], [14.2134558, 40.8988821]], [[14.2091907, 40.8988181], [14.2087187, 40.898684], [14.2084806, 40.8986192], [14.2081046, 40.8985195], [14.2070584, 40.8983874], [14.2067968, 40.8983432], [14.2067412, 40.8983333], [14.2063646, 40.8982274], [14.2061539, 40.8981478], [14.2061143, 40.8981187], [14.2061077, 40.8980937]]]}}, {"type": "Feature", "properties": {"id": "SS-NAP-0659", "nome": "Via Antonino D'Antona", "quartiere": "", "classificazione": "rosso", "score": 4, "note": "strada secondaria trafficata (3 corsie)", "ciclabile": "no", "n_corsie": "3", "senso_unico": "no", "n_testimonianze": "0", "zona": "B1"}, "geometry": {"type": "MultiLineString", "coordinates": [[[14.224421, 40.8617283], [14.224496, 40.861741], [14.2247688, 40.8617872], [14.2248977, 40.8618232], [14.2249568, 40.8618413], [14.2250117, 40.861862], [14.2251021, 40.8618973], [14.2251935, 40.8619539], [14.2252524, 40.8620034], [14.2252682, 40.862024], [14.2253044, 40.8620968], [14.225522, 40.8626193], [14.2256955, 40.8630715]], [[14.2225112, 40.8611071], [14.222819, 40.861206], [14.223914, 40.8615579], [14.2239986, 40.8615764], [14.2241342, 40.8615877]], [[14.224421, 40.8617283], [14.2242729, 40.861707]], [[14.224325, 40.8616795], [14.2243619, 40.8617029], [14.224421, 40.8617283]]]}}, {"type": "Feature", "properties": {"id": "SS-NAP-0662", "nome": "Via Antonio Cardarelli", "quartiere": "", "classificazione": "rosso", "score": 4, "note": "strada secondaria trafficata (2 corsie)", "ciclabile": "no", "n_corsie": "2", "senso_unico": "si", "n_testimonianze": "0", "zona": "B1"}, "geometry": {"type": "MultiLineString", "coordinates": [[[14.2259096, 40.8635858], [14.2260428, 40.8636696], [14.2261099, 40.8637059], [14.2262457, 40.863763]], [[14.2276971, 40.8684112], [14.2276892, 40.8683409], [14.2276731, 40.8682821], [14.2275333, 40.8679128], [14.227515, 40.8678643]], [[14.2256955, 40.8630715], [14.2259096, 40.8635858]], [[14.2264281, 40.8649083], [14.2262399, 40.8644075], [14.2260438, 40.8639137], [14.2260189, 40.8638509]], [[14.227084, 40.8649023], [14.2271439, 40.8650412], [14.2272723, 40.8653722], [14.2272957, 40.8654618]], [[14.2272957, 40.8654618], [14.2273182, 40.865613], [14.2273215, 40.8657339], [14.2272989, 40.8658512], [14.2272871, 40.8659122], [14.2272562, 40.8659877]], [[14.227515, 40.8678643], [14.227488, 40.8677831], [14.2274424, 40.8676573], [14.2272841, 40.8672454], [14.2271113, 40.8667956], [14.2269784, 40.866419]], [[14.2260189, 40.8638509], [14.2260318, 40.8638141], [14.2260623, 40.8637863], [14.2261105, 40.8637713], [14.2261628, 40.8637599], [14.2262457, 40.863763]], [[14.2270508, 40.8664931], [14.2270534, 40.8665163], [14.2270602, 40.8665438], [14.2272024, 40.8669048], [14.2275041, 40.8676472], [14.2276042, 40.8678971], [14.2277466, 40.8682525], [14.2277604, 40.8682864], [14.2277788, 40.868315], [14.227806, 40.8683569]], [[14.2260189, 40.8638509], [14.2260069, 40.8638268], [14.225953, 40.8636904], [14.2259096, 40.8635858]], [[14.2262457, 40.863763], [14.2263418, 40.8638154], [14.226517, 40.863911], [14.2266785, 40.8640445], [14.2268138, 40.8642533], [14.2269945, 40.8646655], [14.227084, 40.8649023]], [[14.2268986, 40.866181], [14.2266888, 40.8656095], [14.2266416, 40.8654782], [14.2265111, 40.8651149], [14.2264789, 40.8650435]], [[14.2264789, 40.8650435], [14.2264281, 40.8649083]], [[14.2269784, 40.866419], [14.2268986, 40.866181]], [[14.2272562, 40.8659877], [14.2271045, 40.8662375], [14.2270508, 40.8664931]]]}}, {"type": "Feature", "properties": {"id": "SS-NAP-0665", "nome": "Via Antonio Cinque", "quartiere": "", "classificazione": "giallo", "score": 3, "note": "strada urbana senza ciclabile", "ciclabile": "no", "n_corsie": "2", "senso_unico": "no", "n_testimonianze": "0", "zona": "B1"}, "geometry": {"type": "LineString", "coordinates": [[14.2009454, 40.8674952], [14.2011303, 40.8677746], [14.2012525, 40.8678549], [14.2014489, 40.867891], [14.2020542, 40.8679151], [14.2023196, 40.8679753], [14.2026116, 40.8680717], [14.2027869, 40.8681961], [14.2028877, 40.8685013], [14.2029941, 40.8692033], [14.2031725, 40.86971], [14.2032516, 40.8701035], [14.2033296, 40.8704359], [14.2033629, 40.8705153], [14.203383, 40.8705639], [14.2034452, 40.8706452], [14.2036044, 40.8707893], [14.2036955, 40.870856], [14.2037668, 40.8709064]]}}, {"type": "Feature", "properties": {"id": "SS-NAP-0668", "nome": "Via Antonio Labriola", "quartiere": "", "classificazione": "giallo", "score": 3, "note": "strada urbana senza ciclabile", "ciclabile": "no", "n_corsie": "2", "senso_unico": "si", "n_testimonianze": "0", "zona": "B1"}, "geometry": {"type": "MultiLineString", "coordinates": [[[14.2353622, 40.8989869], [14.2354634, 40.8988856], [14.2355074, 40.8988359], [14.2355393, 40.898766], [14.2355426, 40.8987043], [14.2355331, 40.8985988], [14.2355001, 40.8984062]], [[14.2359519, 40.8987538], [14.236429, 40.8985394]], [[14.2369256, 40.8953027], [14.2368481, 40.8954059], [14.2368245, 40.8954569], [14.2368051, 40.8954987], [14.2367724, 40.8956069], [14.2367627, 40.8956709], [14.2367594, 40.895693]], [[14.2370339, 40.8982668], [14.2370278, 40.8981969], [14.2370017, 40.8979005], [14.2369771, 40.8976363], [14.2369008, 40.8968186], [14.2368351, 40.8962483], [14.2368243, 40.8962128], [14.2367902, 40.8961004], [14.2367828, 40.8960145], [14.2367616, 40.895723], [14.2367594, 40.895693]], [[14.2459682, 40.8941805], [14.2458664, 40.8942175], [14.2447921, 40.8947484], [14.2440919, 40.8950934], [14.2430286, 40.8956171], [14.241974, 40.896144], [14.2415101, 40.8963932], [14.2414516, 40.8964415], [14.2414133, 40.8964868]], [[14.2357766, 40.8989389], [14.2353434, 40.8991224], [14.2352381, 40.899167], [14.2337688, 40.8998265], [14.2336021, 40.8999095]], [[14.2365003, 40.8986109], [14.2363544, 40.8987472], [14.2362829, 40.8988373], [14.2362382, 40.8989319], [14.2362322, 40.8990243], [14.2363149, 40.8992464]], [[14.2361241, 40.8992711], [14.2359535, 40.8992022], [14.2358531, 40.899143], [14.2357754, 40.8991227], [14.2356953, 40.8991051], [14.2355673, 40.8991095], [14.2353597, 40.8991458], [14.2352381, 40.899167]], [[14.2460792, 40.8939468], [14.2462312, 40.8939025], [14.2463697, 40.8938516], [14.2465106, 40.8937809], [14.2479889, 40.8930386], [14.2481567, 40.8929625]], [[14.2483219, 40.8930334], [14.2482196, 40.8930716]], [[14.2425567, 40.8951743], [14.2439885, 40.894473], [14.244166, 40.8946553], [14.2429102, 40.8952556], [14.2428995, 40.8953611], [14.2430729, 40.895512]], [[14.2367594, 40.895693], [14.2366553, 40.8956449], [14.2365378, 40.895592], [14.2363757, 40.8955795]], [[14.2333746, 40.8999763], [14.2334334, 40.8999055], [14.2335012, 40.8998499], [14.2337157, 40.8997339], [14.2339911, 40.8996043]], [[14.2333746, 40.8999763], [14.2332391, 40.9001071], [14.2332228, 40.9001229], [14.2331926, 40.9001521], [14.2325938, 40.9006701], [14.2324526, 40.9008302]], [[14.2353622, 40.8989869], [14.235708, 40.8988413]], [[14.2339911, 40.8996043], [14.2352701, 40.8990284], [14.2353622, 40.8989869]], [[14.2324526, 40.9008302], [14.2324208, 40.900871], [14.2324011, 40.9008962], [14.2322924, 40.9010293], [14.2320376, 40.9009604], [14.2318896, 40.9012412], [14.2316969, 40.9016071], [14.2319396, 40.9016669]], [[14.2324526, 40.9008302], [14.2324034, 40.9008108], [14.2323927, 40.9008021], [14.2323846, 40.9007875], [14.2323826, 40.9007742], [14.2323877, 40.9007534], [14.2323946, 40.9007412], [14.2324937, 40.9006173], [14.2328843, 40.9002519], [14.2331338, 40.9000698], [14.2331446, 40.9000646], [14.2332362, 40.9000206], [14.2333746, 40.8999763]], [[14.2336021, 40.8999095], [14.2334909, 40.8999459], [14.2333746, 40.8999763]], [[14.2359992, 40.8985397], [14.2360701, 40.8985493], [14.2361414, 40.8985545], [14.236429, 40.8985394]], [[14.2482196, 40.8930716], [14.2465869, 40.8938666], [14.2463689, 40.8939728], [14.2462906, 40.8940217], [14.2462153, 40.8940837]], [[14.241298, 40.8963537], [14.2414089, 40.8963352], [14.241485, 40.8963016], [14.2429651, 40.8955656], [14.2430729, 40.895512], [14.244606, 40.8947313], [14.2456931, 40.894206], [14.2458095, 40.894127], [14.2458845, 40.8940538]], [[14.2411835, 40.896579], [14.2411003, 40.8965915], [14.241051, 40.8966073], [14.2398624, 40.8971263], [14.2385702, 40.897698], [14.2383598, 40.8977875], [14.2378926, 40.8979864], [14.2375488, 40.8981339], [14.2372574, 40.8982731], [14.2365003, 40.8986109], [14.2360093, 40.898846]], [[14.2481567, 40.8929625], [14.2482526, 40.8929243]], [[14.236429, 40.8985394], [14.2364437, 40.8985328], [14.2370339, 40.8982668], [14.2382914, 40.8977111], [14.2386575, 40.8975493], [14.239672, 40.8971016], [14.2409888, 40.896544], [14.2410454, 40.8965148], [14.2410944, 40.8964641]]]}}, {"type": "Feature", "properties": {"id": "SS-NAP-0669", "nome": "Via Antonio Ludovico Antinori", "quartiere": "", "classificazione": "giallo", "score": 3, "note": "strada urbana senza ciclabile", "ciclabile": "no", "n_corsie": "2", "senso_unico": "no", "n_testimonianze": "0", "zona": "B1"}, "geometry": {"type": "LineString", "coordinates": [[14.2437115, 40.8552941], [14.2436872, 40.8552823], [14.2432692, 40.8550792]]}}, {"type": "Feature", "properties": {"id": "SS-NAP-0684", "nome": "Via Antonio e Luigi Sementini", "quartiere": "", "classificazione": "giallo", "score": 3, "note": "strada urbana senza ciclabile", "ciclabile": "no", "n_corsie": "2", "senso_unico": "si", "n_testimonianze": "0", "zona": "B1"}, "geometry": {"type": "LineString", "coordinates": [[14.2196551, 40.8620787], [14.2202838, 40.8618459], [14.2205568, 40.8617737], [14.2210617, 40.861682], [14.2214042, 40.8616154], [14.2214818, 40.8616009], [14.2215995, 40.861555]]}}, {"type": "Feature", "properties": {"id": "SS-NAP-0688", "nome": "Via Arcangelo Ghisleri", "quartiere": "", "classificazione": "giallo", "score": 3, "note": "strada urbana senza ciclabile", "ciclabile": "no", "n_corsie": "2", "senso_unico": "si", "n_testimonianze": "0", "zona": "B1"}, "geometry": {"type": "MultiLineString", "coordinates": [[[14.2406696, 40.9042014], [14.2404326, 40.9042651], [14.2400499, 40.9043687], [14.2397065, 40.9044617], [14.2394221, 40.9045252], [14.2390616, 40.9045813], [14.2387891, 40.9046103], [14.2387433, 40.9046154], [14.2383753, 40.9046408], [14.2380177, 40.9046306], [14.2377018, 40.9046067], [14.2373421, 40.9045411], [14.2368226, 40.9044114], [14.2364171, 40.9042666], [14.2360299, 40.9040883], [14.2356706, 40.9038719], [14.2354621, 40.903724], [14.2352582, 40.9035759]], [[14.2349919, 40.9032645], [14.2351536, 40.9033202], [14.2352306, 40.9033792], [14.2354486, 40.9035635], [14.2356168, 40.903686], [14.2356603, 40.9037213], [14.2357526, 40.903789], [14.2358427, 40.9038458], [14.2360977, 40.9039872], [14.236479, 40.9041769], [14.2366056, 40.904224], [14.2368694, 40.9043142], [14.2369526, 40.9043426], [14.2373475, 40.9044373], [14.2377159, 40.9045027], [14.2379889, 40.9045279], [14.2383804, 40.9045449], [14.2387275, 40.9045295], [14.2388326, 40.9045222], [14.2390864, 40.90449], [14.2391654, 40.9044749], [14.2392092, 40.9044666], [14.2392526, 40.9044583], [14.2393054, 40.9044487], [14.2393505, 40.90444], [14.2394879, 40.9044179], [14.2395531, 40.9044042]], [[14.2407979, 40.9037697], [14.2409278, 40.9037452], [14.2410544, 40.9036903], [14.2412424, 40.9035702], [14.2415919, 40.9033313], [14.2424364, 40.9027557], [14.2428357, 40.9024835], [14.2430529, 40.902328], [14.243339, 40.9021228], [14.2434311, 40.9020598], [14.2443446, 40.9014368], [14.2443627, 40.9014235], [14.2451357, 40.9009133], [14.245256, 40.9008484], [14.2454542, 40.9007414], [14.2476745, 40.8995432], [14.2481413, 40.8992913], [14.2483992, 40.89916], [14.2491376, 40.8987841], [14.2498546, 40.8984192], [14.2501258, 40.898284], [14.2502859, 40.8981959], [14.2507794, 40.8979243]], [[14.2509621, 40.8979485], [14.2507805, 40.898056], [14.2492195, 40.8988693], [14.2484791, 40.8992551], [14.2477531, 40.8996334], [14.2461414, 40.9004733], [14.2455203, 40.9008061], [14.2453448, 40.9009001], [14.2451751, 40.9009911], [14.2444206, 40.9015039], [14.2435107, 40.9021224], [14.2431271, 40.9023937], [14.2429086, 40.9025428], [14.2425137, 40.9028138], [14.2419071, 40.9032472], [14.2413296, 40.9036425], [14.2411462, 40.9037801], [14.2410111, 40.9039724]], [[14.2352582, 40.9035759], [14.2350262, 40.9035204], [14.2349153, 40.9035261], [14.2347556, 40.9035563], [14.2347139, 40.9035743]], [[14.2462154, 40.900705], [14.2456843, 40.9008104], [14.2455873, 40.9009094], [14.2455884, 40.901134]], [[14.245686, 40.9017055], [14.2455884, 40.901134], [14.2454064, 40.9009592], [14.2453448, 40.9009001], [14.245256, 40.9008484]], [[14.2422505, 40.9019746], [14.2431394, 40.9019798], [14.2432903, 40.9020877], [14.243339, 40.9021228]], [[14.2401533, 40.9050677], [14.2406045, 40.9046964], [14.2407562, 40.9045726]], [[14.2397685, 40.9046542], [14.2397262, 40.904523], [14.2397065, 40.9044617]], [[14.2411993, 40.9055745], [14.2410787, 40.9054346], [14.2409116, 40.9053025], [14.2407721, 40.9052194], [14.2405602, 40.9051444], [14.2403195, 40.9050819], [14.2401533, 40.9050677], [14.2398529, 40.9051001], [14.2396134, 40.9051647], [14.2394364, 40.9052417], [14.2391815, 40.9054096], [14.2390126, 40.9055965], [14.2389764, 40.9056968], [14.2389737, 40.905857], [14.2389536, 40.9059624], [14.2389664, 40.9060746], [14.2390576, 40.9068727]], [[14.2356484, 40.9030685], [14.2355938, 40.9032087], [14.2355641, 40.9033357], [14.2355604, 40.9033516], [14.2355594, 40.9034377], [14.2355724, 40.9035185], [14.2356168, 40.903686]], [[14.2358427, 40.9038458], [14.2359423, 40.9038503], [14.236182, 40.9038643], [14.2362428, 40.9038683], [14.2363029, 40.9038671], [14.2363572, 40.9038638], [14.2363846, 40.903841]], [[14.2366056, 40.904224], [14.2364936, 40.9040438], [14.2364088, 40.9039231], [14.236394, 40.9038829], [14.2364157, 40.9038598]], [[14.2372726, 40.9041879], [14.2368883, 40.9040669], [14.2366183, 40.9039564], [14.2364157, 40.9038598], [14.2363846, 40.903841], [14.2363182, 40.9037988], [14.2362098, 40.9037299], [14.2359584, 40.9035448], [14.235773, 40.9033636]], [[14.2352582, 40.9035759], [14.2351346, 40.9034424], [14.2350675, 40.9033767], [14.2350347, 40.9033404], [14.2349919, 40.9032645]], [[14.2393054, 40.9044487], [14.2392886, 40.9043855], [14.2392422, 40.9042113]], [[14.2395531, 40.9044042], [14.2399958, 40.9042668], [14.240132, 40.9042002], [14.2401501, 40.9041867], [14.2403144, 40.9040768], [14.2404281, 40.9039522]]]}}, {"type": "Feature", "properties": {"id": "SS-NAP-0700", "nome": "Via Artemisia Gentileschi", "quartiere": "", "classificazione": "giallo", "score": 3, "note": "strada urbana senza ciclabile", "ciclabile": "no", "n_corsie": "2", "senso_unico": "no", "n_testimonianze": "0", "zona": "B1"}, "geometry": {"type": "MultiLineString", "coordinates": [[[14.1824901, 40.8611328], [14.1825848, 40.8611449], [14.1826571, 40.861165], [14.1833393, 40.8614092], [14.1834369, 40.861453], [14.18352, 40.8615001]], [[14.1826571, 40.861165], [14.1826631, 40.8612114], [14.1826657, 40.8612543], [14.1826556, 40.8612916], [14.1826166, 40.8613307], [14.1825711, 40.8613446], [14.1825237, 40.8613497], [14.1824678, 40.861341], [14.1824468, 40.8613286], [14.1824265, 40.861317], [14.182418, 40.8612997], [14.1824165, 40.8612784], [14.1824188, 40.8612599], [14.1824297, 40.8612307], [14.1824469, 40.8611984], [14.182465, 40.8611704], [14.1824775, 40.8611524], [14.1824901, 40.8611328]], [[14.182418, 40.8612997], [14.182324, 40.8613002], [14.182313, 40.8612992], [14.1823009, 40.8612972], [14.1808497, 40.8608144]], [[14.1793682, 40.8603532], [14.1800984, 40.8605931], [14.1801407, 40.8606015], [14.180213, 40.8606158], [14.1808497, 40.8608144]]]}}, {"type": "Feature", "properties": {"id": "SS-NAP-0703", "nome": "Via Arturo Rocco", "quartiere": "", "classificazione": "giallo", "score": 3, "note": "strada urbana senza ciclabile", "ciclabile": "no", "n_corsie": "2", "senso_unico": "si", "n_testimonianze": "0", "zona": "B1"}, "geometry": {"type": "LineString", "coordinates": [[14.2301951, 40.8545561], [14.2298897, 40.8544589], [14.2297074, 40.8544627], [14.2293694, 40.8545317], [14.2292648, 40.8546108], [14.2292986, 40.8547477], [14.2297623, 40.8547976], [14.229861, 40.8548231], [14.2299084, 40.8548602], [14.2298955, 40.854912], [14.229865, 40.8550265], [14.22984, 40.8552007], [14.2298331, 40.8552483]]}}, {"type": "Feature", "properties": {"id": "SS-NAP-0710", "nome": "Via Attilio Micheluzzi", "quartiere": "", "classificazione": "giallo", "score": 3, "note": "strada urbana senza ciclabile", "ciclabile": "no", "n_corsie": "2", "senso_unico": "no", "n_testimonianze": "0", "zona": "B1"}, "geometry": {"type": "MultiLineString", "coordinates": [[[14.2431526, 40.9062211], [14.2430484, 40.9062821]], [[14.2433566, 40.9069896], [14.24342, 40.9069528], [14.2435898, 40.9068545], [14.2436446, 40.9068226]], [[14.2427587, 40.9064403], [14.2433566, 40.9069896], [14.2435071, 40.9071306], [14.2436775, 40.9072903], [14.2438116, 40.9074334], [14.2438338, 40.9074571], [14.2439084, 40.9075287], [14.2441188, 40.9077308], [14.2441564, 40.9077771], [14.2441703, 40.907825], [14.2441733, 40.9078751], [14.2441529, 40.9079356], [14.2441087, 40.908002], [14.2440362, 40.908075], [14.2412877, 40.910519], [14.2412471, 40.9105374], [14.2412055, 40.9105396], [14.2411682, 40.9105298], [14.2393062, 40.9094315]], [[14.2430484, 40.9062821], [14.2430058, 40.9063025], [14.2427587, 40.9064403]], [[14.2427587, 40.9064403], [14.2427148, 40.9064289], [14.2426802, 40.9064289], [14.2426247, 40.9064334], [14.2425946, 40.9064312], [14.2425661, 40.9064164], [14.2423001, 40.9061791], [14.2422806, 40.9061541], [14.2422731, 40.9061257], [14.2422821, 40.9060973], [14.2423211, 40.9060769], [14.2423592, 40.9060698], [14.2423934, 40.9060851], [14.2427016, 40.9063665], [14.2427587, 40.9064403]]]}}, {"type": "Feature", "properties": {"id": "SS-NAP-0721", "nome": "Via Baku", "quartiere": "", "classificazione": "rosso", "score": 4, "note": "strada secondaria trafficata", "ciclabile": "no", "n_corsie": "2", "senso_unico": "si", "n_testimonianze": "0", "zona": "B1"}, "geometry": {"type": "MultiLineString", "coordinates": [[[14.2444347, 40.9075389], [14.2436446, 40.9068226], [14.2432755, 40.9064879], [14.2430484, 40.9062821], [14.2425872, 40.9058261], [14.2423801, 40.9056481], [14.2423172, 40.905594], [14.2421716, 40.9054864]], [[14.2390672, 40.9022079], [14.2391716, 40.9023179], [14.2395939, 40.9027629], [14.2399993, 40.90319], [14.2402769, 40.9034828], [14.2404869, 40.9036563], [14.2406874, 40.9037627]], [[14.2404329, 40.9039328], [14.240364, 40.90379], [14.2402876, 40.9036661], [14.2401711, 40.9035397], [14.2397253, 40.9030564], [14.2396853, 40.9030149]], [[14.2445465, 40.9075053], [14.2446878, 40.9075822], [14.244757, 40.9076576], [14.2447888, 40.9077205], [14.2447898, 40.90774], [14.2447926, 40.9077921]], [[14.2430757, 40.9061503], [14.2431526, 40.9062211], [14.2433753, 40.9064264], [14.2434883, 40.9065304]], [[14.2445594, 40.9079887], [14.244584, 40.9078812], [14.2445925, 40.9078439], [14.2445861, 40.907767], [14.2445626, 40.9077104]], [[14.2445465, 40.9075053], [14.2447126, 40.9075313], [14.2448275, 40.9075462], [14.2449336, 40.9075543], [14.2449668, 40.907553], [14.2450404, 40.9075501]], [[14.2449085, 40.907781], [14.2447926, 40.9077921]], [[14.2419604, 40.9053044], [14.2419121, 40.9052459], [14.2417985, 40.9050952], [14.2417898, 40.9050839], [14.2416342, 40.904942], [14.2412764, 40.9046175], [14.2411027, 40.904461], [14.2410066, 40.9043744], [14.2406696, 40.9042014]], [[14.2410003, 40.9040435], [14.241029, 40.9041397], [14.2410763, 40.9042365], [14.2411249, 40.9043165], [14.2411983, 40.9043928], [14.2413202, 40.904521], [14.241883, 40.9050474], [14.2418917, 40.9050555], [14.2421276, 40.9052004]], [[14.2396853, 40.9030149], [14.2393057, 40.9028904], [14.2391641, 40.902851], [14.2387371, 40.9027323]], [[14.2447926, 40.9077921], [14.2448047, 40.9078753]], [[14.2447926, 40.9077921], [14.2447242, 40.9077944], [14.2446586, 40.9077742], [14.2445626, 40.9077104]], [[14.2445626, 40.9077104], [14.2445029, 40.9076139], [14.2444347, 40.9075389]], [[14.2396853, 40.9030149], [14.2394916, 40.9028213], [14.2390513, 40.9023812], [14.2389396, 40.9022695]], [[14.2444066, 40.9073764], [14.2445465, 40.9075053]], [[14.2434883, 40.9065304], [14.2444066, 40.9073764]], [[14.2426312, 40.9057343], [14.2426806, 40.9057862], [14.2430757, 40.9061503]], [[14.2423231, 40.9053958], [14.2424244, 40.9055175], [14.2424908, 40.9055871], [14.2426312, 40.9057343]]]}}, {"type": "Feature", "properties": {"id": "SS-NAP-0724", "nome": "Via Barone", "quartiere": "", "classificazione": "giallo", "score": 3, "note": "strada urbana senza ciclabile (2 corsie)", "ciclabile": "no", "n_corsie": "2", "senso_unico": "no", "n_testimonianze": "0", "zona": "B1"}, "geometry": {"type": "MultiLineString", "coordinates": [[[14.2176073, 40.8856979], [14.217315, 40.8859176], [14.2172131, 40.88599], [14.2166163, 40.8864429], [14.2165835, 40.8864714], [14.2165576, 40.8865014], [14.2165182, 40.8865493]], [[14.2164097, 40.8867369], [14.2163652, 40.886862]], [[14.2163652, 40.886862], [14.2163602, 40.8868857], [14.2163568, 40.8869018], [14.2163469, 40.8869455], [14.2161745, 40.8873488], [14.2161261, 40.8874868], [14.2161173, 40.8875384], [14.2161125, 40.8876115], [14.2161168, 40.8876562], [14.2161272, 40.8877054], [14.2161395, 40.887755], [14.2162332, 40.8879552], [14.2163066, 40.8881435]], [[14.2165182, 40.8865493], [14.2164911, 40.8865913], [14.2164612, 40.8866418], [14.2164097, 40.8867369]], [[14.2176827, 40.8856489], [14.2177401, 40.8856116], [14.2177846, 40.8855763], [14.2178165, 40.885545], [14.2178687, 40.8854985]], [[14.2176073, 40.8856979], [14.2176827, 40.8856489]]]}}, {"type": "Feature", "properties": {"id": "SS-NAP-0727", "nome": "Via Bartolomeo Caracciolo Detto Carafa", "quartiere": "", "classificazione": "giallo", "score": 3, "note": "strada urbana senza ciclabile", "ciclabile": "no", "n_corsie": "2", "senso_unico": "no", "n_testimonianze": "0", "zona": "B1"}, "geometry": {"type": "MultiLineString", "coordinates": [[[14.2412148, 40.8583114], [14.2412255, 40.858302], [14.2413418, 40.8581992], [14.2415492, 40.8580101], [14.2417235, 40.8578526]], [[14.2419793, 40.8576183], [14.2424582, 40.8571926], [14.2424806, 40.8571727], [14.2425043, 40.8571542], [14.2430127, 40.8567387], [14.243033, 40.8567221], [14.2430764, 40.8566834], [14.2431027, 40.8566604], [14.2437719, 40.8560734], [14.2438106, 40.8560367]]]}}, {"type": "Feature", "properties": {"id": "SS-NAP-0729", "nome": "Via Bartolomeo Facio", "quartiere": "", "classificazione": "giallo", "score": 3, "note": "strada urbana senza ciclabile", "ciclabile": "no", "n_corsie": "2", "senso_unico": "si", "n_testimonianze": "0", "zona": "B1"}, "geometry": {"type": "LineString", "coordinates": [[14.2416831, 40.8558679], [14.2417103, 40.8558439], [14.2418232, 40.8557439], [14.242187, 40.8554221], [14.242353, 40.855271], [14.2423505, 40.8552504]]}}, {"type": "Feature", "properties": {"id": "SS-NAP-0744", "nome": "Via Benedetto De Falco", "quartiere": "", "classificazione": "giallo", "score": 3, "note": "strada urbana senza ciclabile", "ciclabile": "no", "n_corsie": "2", "senso_unico": "si", "n_testimonianze": "0", "zona": "B1"}, "geometry": {"type": "LineString", "coordinates": [[14.2430436, 40.8582866], [14.2425533, 40.8579754], [14.242525, 40.8579577], [14.2419793, 40.8576183]]}}, {"type": "Feature", "properties": {"id": "SS-NAP-0748", "nome": "Via Beniamino Segrè", "quartiere": "", "classificazione": "giallo", "score": 3, "note": "strada urbana senza ciclabile", "ciclabile": "no", "n_corsie": "2", "senso_unico": "no", "n_testimonianze": "0", "zona": "B1"}, "geometry": {"type": "LineString", "coordinates": [[14.1724437, 40.8647906], [14.1724213, 40.8649634], [14.1724088, 40.8650225], [14.1723751, 40.8650878], [14.1723343, 40.8651411], [14.1716093, 40.8660362], [14.1715354, 40.8661625], [14.1709886, 40.866835]]}}, {"type": "Feature", "properties": {"id": "SS-NAP-0753", "nome": "Via Bernardo Cavallino", "quartiere": "", "classificazione": "rosso", "score": 4, "note": "strada secondaria trafficata", "ciclabile": "no", "n_corsie": "2", "senso_unico": "no", "n_testimonianze": "0", "zona": "B1"}, "geometry": {"type": "LineString", "coordinates": [[14.2305275, 40.8574113], [14.2303598, 40.8575758], [14.2301982, 40.8577344], [14.2301448, 40.8578232], [14.2301185, 40.8579049], [14.2301015, 40.8580048], [14.2301019, 40.8580859], [14.2301151, 40.8581438], [14.2301611, 40.858255], [14.2302478, 40.8583658], [14.2303173, 40.8584349], [14.2305022, 40.8586122], [14.2306044, 40.8587323], [14.2308023, 40.8589647], [14.2308529, 40.8590394], [14.2309135, 40.8591784], [14.2309365, 40.8592862], [14.2309288, 40.8594278], [14.2308788, 40.859568], [14.230778, 40.859704], [14.2306685, 40.8597829], [14.230534, 40.8598597], [14.2302168, 40.8600372], [14.2297037, 40.8603242], [14.2288735, 40.8607887], [14.2282814, 40.86112], [14.2282185, 40.8611563], [14.2278027, 40.8613959], [14.2272733, 40.8617009], [14.2269054, 40.8619129], [14.2267405, 40.8620078], [14.2266592, 40.8620547], [14.2262729, 40.8623273], [14.2261013, 40.8625221], [14.2260342, 40.8626076], [14.2259393, 40.8627285], [14.2257751, 40.8629375], [14.2256955, 40.8630715]]}}, {"type": "Feature", "properties": {"id": "SS-NAP-0776", "nome": "Via Camaldolilli", "quartiere": "", "classificazione": "giallo", "score": 3, "note": "strada urbana senza ciclabile", "ciclabile": "no", "n_corsie": "2", "senso_unico": "no", "n_testimonianze": "0", "zona": "B1"}, "geometry": {"type": "LineString", "coordinates": [[14.212447, 40.8577072], [14.212198, 40.8580318], [14.2120969, 40.8581139], [14.2119851, 40.8581839], [14.2112583, 40.8581113], [14.2104203, 40.8579884], [14.2103184, 40.8577526], [14.2102759, 40.8577423], [14.2102089, 40.8576929], [14.2101733, 40.8577367], [14.2101889, 40.8577984], [14.2102684, 40.8579083], [14.2104611, 40.8581113], [14.2107135, 40.858321], [14.2107379, 40.8584284], [14.2106673, 40.8585015], [14.2095614, 40.8586616]]}}, {"type": "Feature", "properties": {"id": "SS-NAP-0779", "nome": "Via Camillo Guerra", "quartiere": "", "classificazione": "giallo", "score": 3, "note": "strada urbana senza ciclabile", "ciclabile": "no", "n_corsie": "2", "senso_unico": "no", "n_testimonianze": "0", "zona": "B1"}, "geometry": {"type": "MultiLineString", "coordinates": [[[14.1915557, 40.8686198], [14.1914056, 40.8686868], [14.19097, 40.8689006], [14.1902748, 40.8692381], [14.1898027, 40.8694653], [14.1896053, 40.8696083], [14.1893234, 40.8699076], [14.1888138, 40.8703354], [14.1887292, 40.8704064], [14.1884386, 40.8706655]], [[14.1884386, 40.8706655], [14.1883372, 40.8707941], [14.1879579, 40.8711277], [14.1876504, 40.8715621], [14.1874611, 40.8719187], [14.1872299, 40.8727072], [14.1868595, 40.8739014], [14.1867946, 40.8741589], [14.1867441, 40.8744121], [14.1866021, 40.8750345], [14.1865955, 40.8750488], [14.1865351, 40.8751785], [14.186383, 40.875379], [14.1862252, 40.8755493], [14.1858495, 40.8760239]]]}}, {"type": "Feature", "properties": {"id": "SS-NAP-0781", "nome": "Via Camillo Pellegrino", "quartiere": "", "classificazione": "giallo", "score": 3, "note": "strada urbana senza ciclabile", "ciclabile": "no", "n_corsie": "2", "senso_unico": "si", "n_testimonianze": "0", "zona": "B1"}, "geometry": {"type": "LineString", "coordinates": [[14.2405629, 40.857412], [14.2414834, 40.8566123], [14.2415441, 40.8565595]]}}, {"type": "Feature", "properties": {"id": "SS-NAP-0783", "nome": "Via Camillo Tutini", "quartiere": "", "classificazione": "giallo", "score": 3, "note": "strada urbana senza ciclabile", "ciclabile": "no", "n_corsie": "2", "senso_unico": "no", "n_testimonianze": "0", "zona": "B1"}, "geometry": {"type": "MultiLineString", "coordinates": [[[14.2428165, 40.8548651], [14.2432313, 40.8544981], [14.243243, 40.8545034], [14.2436493, 40.854688]], [[14.2437883, 40.854758], [14.2441063, 40.8549117], [14.2441319, 40.8549241]]]}}, {"type": "Feature", "properties": {"id": "SS-NAP-0790", "nome": "Via Cangiani", "quartiere": "", "classificazione": "giallo", "score": 3, "note": "strada urbana senza ciclabile", "ciclabile": "no", "n_corsie": "2", "senso_unico": "no", "n_testimonianze": "0", "zona": "B1"}, "geometry": {"type": "LineString", "coordinates": [[14.2194158, 40.8638868], [14.2195052, 40.863865], [14.2195417, 40.8638561], [14.2202058, 40.8637638], [14.2205539, 40.8637043], [14.2207494, 40.8636741], [14.220915, 40.8636143], [14.2209845, 40.8635676]]}}, {"type": "Feature", "properties": {"id": "SS-NAP-0791", "nome": "Via Cannavino", "quartiere": "", "classificazione": "giallo", "score": 3, "note": "strada urbana senza ciclabile", "ciclabile": "no", "n_corsie": "2", "senso_unico": "no", "n_testimonianze": "0", "zona": "B1"}, "geometry": {"type": "MultiLineString", "coordinates": [[[14.1738772, 40.8646069], [14.1736615, 40.8644687], [14.1735756, 40.8644221], [14.1734368, 40.8643733], [14.1729615, 40.8643506], [14.1728005, 40.8643775], [14.1723931, 40.8644762], [14.1722679, 40.8645043], [14.1721394, 40.8645209], [14.172037, 40.8645268], [14.1718235, 40.8645125], [14.1716819, 40.8644941], [14.1715818, 40.8644672], [14.1712433, 40.864334], [14.1711397, 40.8642868], [14.1707255, 40.8640882], [14.1703332, 40.8638922], [14.1698295, 40.8636425]], [[14.1653207, 40.8630879], [14.1657919, 40.8631847], [14.1659918, 40.8632183], [14.1662452, 40.8632537], [14.1664436, 40.8632699], [14.1667331, 40.8632799], [14.1672101, 40.8633201], [14.1678545, 40.8633997], [14.1681291, 40.863441], [14.1687334, 40.8635606], [14.1688032, 40.8635639], [14.1688969, 40.8635546], [14.1691626, 40.8635223], [14.1692969, 40.863522], [14.1694477, 40.8635477], [14.1695154, 40.8635541], [14.169561, 40.8635562], [14.1696694, 40.8635645]], [[14.1722483, 40.8648225], [14.1717149, 40.8645736], [14.1716788, 40.8645531], [14.1716448, 40.8645256], [14.1715818, 40.8644672]], [[14.1698295, 40.8636425], [14.1696694, 40.8635645]]]}}, {"type": "Feature", "properties": {"id": "SS-NAP-0804", "nome": "Via Carlo Carrà", "quartiere": "", "classificazione": "giallo", "score": 3, "note": "strada urbana senza ciclabile", "ciclabile": "no", "n_corsie": "2", "senso_unico": "si", "n_testimonianze": "0", "zona": "B1"}, "geometry": {"type": "LineString", "coordinates": [[14.1695161, 40.8566853], [14.1694432, 40.8567403], [14.1677627, 40.8580079], [14.1660447, 40.8593845], [14.1659856, 40.8594318]]}}, {"type": "Feature", "properties": {"id": "SS-NAP-0805", "nome": "Via Carlo Cattaneo", "quartiere": "", "classificazione": "giallo", "score": 3, "note": "strada urbana senza ciclabile", "ciclabile": "no", "n_corsie": "2", "senso_unico": "si", "n_testimonianze": "0", "zona": "B1"}, "geometry": {"type": "LineString", "coordinates": [[14.23464, 40.8553617], [14.234577, 40.8554295], [14.2339924, 40.8560584], [14.233653, 40.8562987], [14.2333593, 40.8564955], [14.2331904, 40.8567471], [14.2329195, 40.8568313], [14.2328135, 40.8569215], [14.2327479, 40.8570768], [14.2326753, 40.8572455], [14.2325315, 40.857347], [14.2323976, 40.8573531], [14.2322462, 40.8572988], [14.2320733, 40.8572613], [14.2318223, 40.8572618], [14.231674, 40.8572802], [14.2316096, 40.857295], [14.2315907, 40.8573195], [14.2315066, 40.8573406]]}}, {"type": "Feature", "properties": {"id": "SS-NAP-0813", "nome": "Via Carlo Federico gauss", "quartiere": "", "classificazione": "giallo", "score": 3, "note": "strada urbana senza ciclabile", "ciclabile": "no", "n_corsie": "2", "senso_unico": "no", "n_testimonianze": "0", "zona": "B1"}, "geometry": {"type": "LineString", "coordinates": [[14.1630642, 40.863133], [14.1627167, 40.8635711], [14.1625866, 40.8637476], [14.1623718, 40.8640107], [14.162183, 40.8641797], [14.161959, 40.8644332], [14.1616841, 40.8647801], [14.1616103, 40.8648907], [14.1615547, 40.8649907], [14.1615201, 40.8650574], [14.1615109, 40.865117], [14.1615488, 40.8656434]]}}, {"type": "Feature", "properties": {"id": "SS-NAP-0815", "nome": "Via Carlo I", "quartiere": "", "classificazione": "giallo", "score": 3, "note": "strada urbana senza ciclabile", "ciclabile": "no", "n_corsie": "2", "senso_unico": "no", "n_testimonianze": "0", "zona": "B1"}, "geometry": {"type": "MultiLineString", "coordinates": [[[14.1710955, 40.8595686], [14.1708246, 40.8596384], [14.1704874, 40.8597078], [14.1704644, 40.859713], [14.1704473, 40.8597175], [14.1704158, 40.8597311], [14.170407, 40.8597382], [14.1703985, 40.8597466], [14.1703868, 40.8597565], [14.1703723, 40.8597693], [14.1702012, 40.8598747], [14.1699755, 40.8600026], [14.1699242, 40.8600224], [14.1698446, 40.8600417], [14.1697322, 40.8600645], [14.1696344, 40.8600783], [14.1694814, 40.8600903], [14.1692239, 40.8601181], [14.1691865, 40.8601238], [14.1691515, 40.8601304], [14.1691205, 40.8601444], [14.1690859, 40.8601661], [14.169017, 40.8602219], [14.1686221, 40.8605951]], [[14.1694814, 40.8600903], [14.1693774, 40.8598845]]]}}, {"type": "Feature", "properties": {"id": "SS-NAP-0816", "nome": "Via Carlo Levi", "quartiere": "", "classificazione": "giallo", "score": 3, "note": "strada urbana senza ciclabile", "ciclabile": "no", "n_corsie": "2", "senso_unico": "no", "n_testimonianze": "0", "zona": "B1"}, "geometry": {"type": "LineString", "coordinates": [[14.2397331, 40.8893703], [14.2392469, 40.8895325], [14.2385869, 40.889726]]}}, {"type": "Feature", "properties": {"id": "SS-NAP-0818", "nome": "Via Carlo Mauri", "quartiere": "", "classificazione": "giallo", "score": 3, "note": "strada urbana senza ciclabile", "ciclabile": "no", "n_corsie": "2", "senso_unico": "no", "n_testimonianze": "0", "zona": "B1"}, "geometry": {"type": "MultiLineString", "coordinates": [[[14.2206277, 40.8960997], [14.2189319, 40.8961593], [14.218869, 40.8960898], [14.2188383, 40.8960534], [14.2187655, 40.8959294], [14.2187452, 40.8958669], [14.218738, 40.8958149], [14.2187448, 40.8956031], [14.2187463, 40.8955566], [14.2187656, 40.8954606], [14.2187892, 40.8953422], [14.2187968, 40.8951328], [14.2187978, 40.8951054], [14.2188128, 40.8950666], [14.2188407, 40.8950308], [14.2188749, 40.8950049], [14.2189158, 40.8949838], [14.2189462, 40.8949712], [14.2189886, 40.8949675], [14.2190551, 40.8949659], [14.2192352, 40.8949659]], [[14.218738, 40.8958149], [14.218827, 40.8957701], [14.2189057, 40.8957565], [14.2190066, 40.89575], [14.2197314, 40.8957284], [14.2203186, 40.8957109]], [[14.2183828, 40.896256], [14.2183484, 40.8960695], [14.2182079, 40.8953066]], [[14.2189319, 40.8961593], [14.2186754, 40.8961695], [14.2186623, 40.8961687], [14.2186522, 40.8961673], [14.218644, 40.8961648], [14.2186026, 40.8961331], [14.218592, 40.8961193], [14.2185834, 40.8961047], [14.2185653, 40.8960559], [14.2185616, 40.8960525], [14.2185574, 40.8960506], [14.2185519, 40.8960503], [14.2183484, 40.8960695]]]}}, {"type": "Feature", "properties": {"id": "SS-NAP-0828", "nome": "Via Cartesio", "quartiere": "", "classificazione": "giallo", "score": 3, "note": "strada urbana senza ciclabile", "ciclabile": "no", "n_corsie": "2", "senso_unico": "no", "n_testimonianze": "0", "zona": "B1"}, "geometry": {"type": "MultiLineString", "coordinates": [[[14.229906, 40.8999533], [14.2299253, 40.9005612], [14.2299266, 40.9005683], [14.2299295, 40.9005727], [14.229933, 40.9005745], [14.2299387, 40.9005747], [14.2299444, 40.9005732], [14.2304902, 40.9004039], [14.2305091, 40.9003937], [14.230519, 40.9003776], [14.2305447, 40.8999102], [14.2305585, 40.8996162], [14.2305631, 40.8995189], [14.2305678, 40.8995009], [14.2305807, 40.8994854], [14.2305976, 40.8994719], [14.2305905, 40.8991966], [14.2305881, 40.8991632], [14.2305824, 40.8991545], [14.2305723, 40.8991488], [14.2305603, 40.8991457], [14.2301756, 40.8990995]], [[14.2305905, 40.8991966], [14.2309506, 40.8992401], [14.2309712, 40.8992481], [14.2310068, 40.8992673]]]}}, {"type": "Feature", "properties": {"id": "SS-NAP-0839", "nome": "Via Cavone delle Noci allo Scudillo", "quartiere": "", "classificazione": "giallo", "score": 3, "note": "strada urbana senza ciclabile", "ciclabile": "no", "n_corsie": "2", "senso_unico": "si", "n_testimonianze": "0", "zona": "B1"}, "geometry": {"type": "MultiLineString", "coordinates": [[[14.221955, 40.8707331], [14.2222848, 40.8709763], [14.222394, 40.8710498], [14.2225325, 40.8710678], [14.2227325, 40.8710639], [14.2228416, 40.8710463], [14.2229464, 40.8710201], [14.2232877, 40.870924], [14.2234154, 40.8709067], [14.2244675, 40.8709586], [14.2246938, 40.8708774], [14.2247744, 40.8707788], [14.2249446, 40.8702136]], [[14.2249446, 40.8702136], [14.2249514, 40.8699457], [14.2249443, 40.869893], [14.2249359, 40.8698303], [14.2248081, 40.8693965], [14.2247897, 40.8693342], [14.2245792, 40.868867], [14.2250477, 40.8688279], [14.2252653, 40.8688098], [14.2252546, 40.8686918]]]}}, {"type": "Feature", "properties": {"id": "SS-NAP-0844", "nome": "Via Cesare Malpica", "quartiere": "", "classificazione": "giallo", "score": 3, "note": "strada urbana senza ciclabile", "ciclabile": "no", "n_corsie": "2", "senso_unico": "no", "n_testimonianze": "0", "zona": "B1"}, "geometry": {"type": "LineString", "coordinates": [[14.2368039, 40.8922818], [14.2366163, 40.8919049], [14.2365869, 40.8918169], [14.2365862, 40.891811], [14.2365882, 40.8918045], [14.2365963, 40.8917993], [14.2367025, 40.8917571], [14.2367407, 40.8917403], [14.2367528, 40.8917302], [14.236763, 40.8917195], [14.2367662, 40.8917032], [14.2367668, 40.8916838], [14.2367629, 40.8916659], [14.2365568, 40.8913505], [14.2365383, 40.8913041], [14.2365233, 40.8912008], [14.236523, 40.8911948], [14.2365237, 40.891189]]}}, {"type": "Feature", "properties": {"id": "SS-NAP-0854", "nome": "Via Chiesa a Santa Croce", "quartiere": "", "classificazione": "giallo", "score": 3, "note": "strada urbana senza ciclabile", "ciclabile": "no", "n_corsie": "2", "senso_unico": "no", "n_testimonianze": "0", "zona": "B1"}, "geometry": {"type": "LineString", "coordinates": [[14.2119325, 40.8737539], [14.2119661, 40.8737331], [14.2119939, 40.873727], [14.212024, 40.8737229], [14.2123514, 40.8737863], [14.2127037, 40.8739024], [14.2129462, 40.8739868], [14.2130746, 40.8740648], [14.2132041, 40.8741379]]}}, {"type": "Feature", "properties": {"id": "SS-NAP-0858", "nome": "Via Cimitero a Scampia", "quartiere": "", "classificazione": "giallo", "score": 3, "note": "strada urbana senza ciclabile", "ciclabile": "no", "n_corsie": "2", "senso_unico": "no", "n_testimonianze": "0", "zona": "B1"}, "geometry": {"type": "LineString", "coordinates": [[14.2334339, 40.9069158], [14.2335006, 40.9067516], [14.2337795, 40.9063705], [14.2338546, 40.9060543], [14.2338391, 40.905704], [14.2338692, 40.9055161], [14.2338926, 40.9053697], [14.2338897, 40.9053162]]}}, {"type": "Feature", "properties": {"id": "SS-NAP-0863", "nome": "Via Cisterne Vecchie", "quartiere": "", "classificazione": "giallo", "score": 3, "note": "strada urbana senza ciclabile", "ciclabile": "no", "n_corsie": "2", "senso_unico": "no", "n_testimonianze": "0", "zona": "B1"}, "geometry": {"type": "LineString", "coordinates": [[14.2395874, 40.8889253], [14.2390342, 40.8890867], [14.2383671, 40.8892813]]}}, {"type": "Feature", "properties": {"id": "SS-NAP-0864", "nome": "Via Claude Monet", "quartiere": "", "classificazione": "giallo", "score": 3, "note": "strada urbana senza ciclabile", "ciclabile": "no", "n_corsie": "2", "senso_unico": "no", "n_testimonianze": "0", "zona": "B1"}, "geometry": {"type": "LineString", "coordinates": [[14.1822862, 40.8623737], [14.1821869, 40.8623281], [14.182108, 40.8622923], [14.1810803, 40.8619272], [14.1805891, 40.8617548], [14.1798159, 40.8614836], [14.1796386, 40.8614214]]}}, {"type": "Feature", "properties": {"id": "SS-NAP-0870", "nome": "Via Colantonio Di Fiore", "quartiere": "", "classificazione": "giallo", "score": 3, "note": "strada urbana senza ciclabile", "ciclabile": "no", "n_corsie": "2", "senso_unico": "no", "n_testimonianze": "0", "zona": "B1"}, "geometry": {"type": "LineString", "coordinates": [[14.1800984, 40.8605931], [14.1796611, 40.8612718], [14.1796496, 40.86128], [14.1796357, 40.8612819], [14.1796173, 40.8612799], [14.1790373, 40.8610795]]}}, {"type": "Feature", "properties": {"id": "SS-NAP-0875", "nome": "Via Comunale Catena", "quartiere": "", "classificazione": "giallo", "score": 3, "note": "strada urbana senza ciclabile", "ciclabile": "no", "n_corsie": "2", "senso_unico": "si", "n_testimonianze": "0", "zona": "B1"}, "geometry": {"type": "LineString", "coordinates": [[14.1704329, 40.8581712], [14.170269, 40.8583026], [14.1697611, 40.8587263], [14.169426, 40.8590201], [14.1693832, 40.85906], [14.1685076, 40.8598273], [14.1678829, 40.8604645]]}}, {"type": "Feature", "properties": {"id": "SS-NAP-0876", "nome": "Via Comunale Collettore Palmentiello", "quartiere": "", "classificazione": "giallo", "score": 3, "note": "strada urbana senza ciclabile", "ciclabile": "no", "n_corsie": "2", "senso_unico": "no", "n_testimonianze": "0", "zona": "B1"}, "geometry": {"type": "LineString", "coordinates": [[14.1789457, 40.8609128], [14.1789214, 40.8609091], [14.1788988, 40.8609119], [14.1785683, 40.8610254], [14.1771376, 40.8615994], [14.176924, 40.8617015], [14.1768742, 40.8617322], [14.1768254, 40.8617657], [14.1767718, 40.8618139], [14.1766495, 40.8619557], [14.1765365, 40.8621239], [14.1764563, 40.862271], [14.1764278, 40.8623475]]}}, {"type": "Feature", "properties": {"id": "SS-NAP-0877", "nome": "Via Comunale Guantai ad Orsolone", "quartiere": "", "classificazione": "giallo", "score": 3, "note": "strada urbana senza ciclabile", "ciclabile": "no", "n_corsie": "2", "senso_unico": "no", "n_testimonianze": "0", "zona": "B1"}, "geometry": {"type": "LineString", "coordinates": [[14.1963536, 40.8672322], [14.1965816, 40.8674145], [14.1967829, 40.8675766], [14.1968479, 40.8676994], [14.1968479, 40.8677927], [14.1968479, 40.8678958], [14.1972116, 40.86794], [14.1975101, 40.8679788], [14.1978526, 40.8680291], [14.1978158, 40.8683168]]}}, {"type": "Feature", "properties": {"id": "SS-NAP-0881", "nome": "Via Comunale Margherita", "quartiere": "", "classificazione": "giallo", "score": 3, "note": "strada urbana senza ciclabile", "ciclabile": "no", "n_corsie": "2", "senso_unico": "si", "n_testimonianze": "0", "zona": "B1"}, "geometry": {"type": "MultiLineString", "coordinates": [[[14.2154162, 40.8869864], [14.2153098, 40.8868695], [14.2152652, 40.8868377], [14.2152293, 40.8868242], [14.2151855, 40.8868137], [14.2150896, 40.8868008], [14.2149606, 40.8867882], [14.2149219, 40.886782], [14.214896, 40.8867712], [14.2148802, 40.8867589], [14.214869, 40.8867374], [14.2148488, 40.8864502], [14.2148444, 40.8864275], [14.2148393, 40.8864097], [14.2148314, 40.8863904], [14.2148215, 40.886374], [14.2148046, 40.8863549], [14.2147754, 40.8863373], [14.2147582, 40.8863305], [14.2147341, 40.8863237], [14.2146637, 40.8863181], [14.2146013, 40.8863166], [14.214539, 40.8863212], [14.2144685, 40.8863258], [14.214437, 40.8863329], [14.2144109, 40.8863481], [14.2143908, 40.8863673], [14.214372, 40.8863927], [14.2143559, 40.8864246], [14.2143479, 40.8864728], [14.214339, 40.8869945]], [[14.2128418, 40.8867228], [14.2128541, 40.8867561], [14.2128623, 40.8867827], [14.2129974, 40.8872331], [14.2130765, 40.8874592], [14.2131657, 40.8876499], [14.2132388, 40.8878182], [14.2132918, 40.8879023], [14.2133327, 40.8879479], [14.2133736, 40.8879865], [14.2133984, 40.8880108], [14.2135942, 40.8881365], [14.2137685, 40.8882602], [14.2140593, 40.8884474], [14.2140686, 40.8884506], [14.2140801, 40.8884527], [14.2140922, 40.8884526], [14.2141108, 40.8884511]], [[14.2144194, 40.8908068], [14.2144544, 40.8907419], [14.2144619, 40.8906818], [14.2144488, 40.8903658], [14.2144398, 40.8902901], [14.2144282, 40.8902226], [14.2144062, 40.8901169], [14.2143664, 40.8900078], [14.2141399, 40.8895081], [14.2141289, 40.8894677], [14.2141235, 40.8894124], [14.2141253, 40.889363], [14.2141399, 40.8889231], [14.214131, 40.8885567], [14.2141108, 40.8884511]], [[14.214339, 40.8869945], [14.2139245, 40.8869985], [14.2132669, 40.887005], [14.2132172, 40.8869933], [14.2131838, 40.8869746], [14.2131528, 40.8869496], [14.2131382, 40.8869158], [14.213126, 40.8867756], [14.2131172, 40.8867456], [14.2131104, 40.886734], [14.2130986, 40.8867248], [14.2130874, 40.8867177], [14.2130722, 40.8867129], [14.213051, 40.8867095], [14.2130298, 40.8867095], [14.2128418, 40.8867228]], [[14.2102655, 40.879158], [14.2103784, 40.8790578], [14.2104812, 40.8789688], [14.2104976, 40.878935], [14.2106517, 40.8786982], [14.210723, 40.8786017], [14.2108512, 40.8784063], [14.2109114, 40.8782704], [14.2109456, 40.8781978], [14.2109728, 40.8781532], [14.2113071, 40.8778032], [14.2113715, 40.8777129], [14.2113914, 40.8776589], [14.2114096, 40.8775539], [14.2114166, 40.8772172], [14.2113971, 40.8770763], [14.2113758, 40.8768357], [14.2114006, 40.8767095], [14.2114539, 40.8766156], [14.2116455, 40.8764465], [14.2118798, 40.8762506], [14.211981, 40.8761302], [14.2120995, 40.8759604], [14.2121962, 40.8757649], [14.2122105, 40.8756571], [14.2122317, 40.875497], [14.2121602, 40.8752226], [14.2120064, 40.8748806]], [[14.2119842, 40.884647], [14.2119397, 40.884434], [14.211895, 40.8841738], [14.2119071, 40.8839808], [14.2120025, 40.8836923], [14.2120082, 40.8834813], [14.2119673, 40.8828629], [14.2119307, 40.8824726], [14.2119153, 40.88234], [14.2119473, 40.8821817], [14.211965, 40.8819911], [14.2119407, 40.8819405], [14.2119138, 40.881907], [14.2118565, 40.8818522], [14.2117194, 40.8817413], [14.2115321, 40.8815972], [14.2113971, 40.881543], [14.2111061, 40.8814651], [14.2109388, 40.8814588], [14.2107192, 40.8813983], [14.2106187, 40.8813568], [14.2104636, 40.8812853], [14.210358, 40.8812445], [14.2103031, 40.8812266], [14.2099627, 40.8811959], [14.2097483, 40.8811621], [14.2095534, 40.8811101], [14.2094783, 40.8810725], [14.2094342, 40.8810438], [14.2093526, 40.8809552], [14.2092993, 40.8808264], [14.2093159, 40.8806148], [14.2093273, 40.8805287], [14.209474, 40.8802166], [14.2096626, 40.8798628], [14.2097808, 40.879686], [14.2098902, 40.8795389], [14.2100418, 40.879343], [14.210188, 40.8792211], [14.2102353, 40.8791817], [14.2102655, 40.879158]], [[14.2128418, 40.8867228], [14.2127922, 40.8866259], [14.2126863, 40.886496], [14.2126178, 40.8864373], [14.2123536, 40.8862345], [14.2121994, 40.8860895], [14.2120465, 40.8858929], [14.212001, 40.8858248], [14.2119982, 40.8857478], [14.2120312, 40.8856084], [14.2120238, 40.8854499], [14.2120104, 40.8851144], [14.2120015, 40.8848257]], [[14.2120015, 40.8848257], [14.2119842, 40.884647]], [[14.2117737, 40.8744127], [14.2117201, 40.8743101], [14.2115497, 40.8740739], [14.2113421, 40.8737934], [14.2112905, 40.8737032], [14.2112754, 40.8736436]], [[14.2120064, 40.8748806], [14.211894, 40.8747181], [14.2118301, 40.8745221], [14.2117737, 40.8744127]]]}}, {"type": "Feature", "properties": {"id": "SS-NAP-0883", "nome": "Via Comunale Napoli", "quartiere": "", "classificazione": "giallo", "score": 3, "note": "strada urbana senza ciclabile", "ciclabile": "no", "n_corsie": "2", "senso_unico": "si", "n_testimonianze": "0", "zona": "B1"}, "geometry": {"type": "LineString", "coordinates": [[14.1808139, 40.858431], [14.1807769, 40.8585264], [14.1806353, 40.8587421], [14.1805678, 40.8588241], [14.1804696, 40.8589435], [14.1796778, 40.8599642], [14.1795971, 40.8600656], [14.1793682, 40.8603532], [14.1790585, 40.8607581], [14.1789457, 40.8609128], [14.1785435, 40.8614197], [14.1783497, 40.8616722], [14.1778894, 40.8623091], [14.1773782, 40.8629379], [14.1773424, 40.8629845], [14.177294, 40.8630375], [14.1772614, 40.8630675], [14.1772362, 40.8630864], [14.1772025, 40.8631055], [14.1771689, 40.8631192]]}}, {"type": "Feature", "properties": {"id": "SS-NAP-0886", "nome": "Via Comunale Spinelli", "quartiere": "", "classificazione": "giallo", "score": 3, "note": "strada urbana senza ciclabile", "ciclabile": "no", "n_corsie": "2", "senso_unico": "si", "n_testimonianze": "0", "zona": "B1"}, "geometry": {"type": "MultiLineString", "coordinates": [[[14.220568, 40.8953526], [14.2205021, 40.8952708], [14.2201945, 40.8949155], [14.2191817, 40.8938612], [14.2191368, 40.8938191], [14.219101, 40.8937939], [14.2190423, 40.8937622], [14.2189763, 40.8937353], [14.2186194, 40.8935939], [14.2185176, 40.8935539], [14.2184893, 40.8935292], [14.218473, 40.8935013], [14.2184375, 40.8934583]], [[14.220568, 40.8953526], [14.2205882, 40.8953867], [14.220601, 40.8954141], [14.2206091, 40.8954467], [14.2206152, 40.8955059], [14.2206277, 40.8960997], [14.2205986, 40.8964507], [14.2205847, 40.8965833], [14.2205668, 40.8966784], [14.2205262, 40.8968165], [14.2204406, 40.8970403], [14.2203911, 40.8971278], [14.2203489, 40.8972001], [14.2202442, 40.8973459], [14.2201902, 40.897421], [14.2201618, 40.8974759], [14.2201503, 40.8975192], [14.2201577, 40.8976024], [14.2203855, 40.898414], [14.2204363, 40.8985473], [14.2205465, 40.8987688], [14.2206803, 40.8990296], [14.2207547, 40.8991618], [14.2208163, 40.8992405], [14.2208737, 40.8992931]]]}}, {"type": "Feature", "properties": {"id": "SS-NAP-0889", "nome": "Via Comunale Vecchia", "quartiere": "", "classificazione": "giallo", "score": 3, "note": "strada urbana senza ciclabile", "ciclabile": "no", "n_corsie": "2", "senso_unico": "si", "n_testimonianze": "0", "zona": "B1"}, "geometry": {"type": "LineString", "coordinates": [[14.1751793, 40.8625577], [14.175472, 40.8620817], [14.1758078, 40.8615138], [14.1761296, 40.86097], [14.1765141, 40.8602966], [14.1768234, 40.8598175], [14.176988, 40.8595482], [14.177758, 40.8582873], [14.1780516, 40.8578075], [14.1780594, 40.8577976], [14.1780687, 40.8577915], [14.1780889, 40.857789], [14.1781202, 40.8577916], [14.17818, 40.8578015], [14.1788609, 40.8579659], [14.1799194, 40.8582325], [14.1806692, 40.8584185], [14.1807386, 40.8584262], [14.1808139, 40.858431]]}}, {"type": "Feature", "properties": {"id": "SS-NAP-0891", "nome": "Via Comunale del Collettore", "quartiere": "", "classificazione": "giallo", "score": 3, "note": "strada urbana senza ciclabile", "ciclabile": "no", "n_corsie": "2", "senso_unico": "no", "n_testimonianze": "0", "zona": "B1"}, "geometry": {"type": "LineString", "coordinates": [[14.1794235, 40.8647962], [14.1801552, 40.8643656], [14.1802373, 40.8643108], [14.1802961, 40.8642577], [14.1805129, 40.8640077], [14.1805399, 40.863963], [14.1805564, 40.8639221], [14.1805558, 40.8638725], [14.1805505, 40.8638414], [14.1805462, 40.8638174], [14.1804538, 40.8635488], [14.1804292, 40.86347], [14.1804287, 40.8633888], [14.1804397, 40.8633271], [14.1804669, 40.863275], [14.18052, 40.8632023], [14.1808123, 40.8628344], [14.1808417, 40.8627714], [14.180866, 40.8626937], [14.1808873, 40.8625756], [14.1809042, 40.8624773], [14.180913, 40.8623786]]}}, {"type": "Feature", "properties": {"id": "SS-NAP-0896", "nome": "Via Confalone", "quartiere": "", "classificazione": "giallo", "score": 3, "note": "strada urbana senza ciclabile", "ciclabile": "no", "n_corsie": "2", "senso_unico": "si", "n_testimonianze": "0", "zona": "B1"}, "geometry": {"type": "MultiLineString", "coordinates": [[[14.2341381, 40.8546103], [14.2342127, 40.8546202], [14.2344337, 40.8546496], [14.2344571, 40.8546494], [14.2344822, 40.8546419], [14.2345005, 40.8546287], [14.2345176, 40.8546139], [14.2345271, 40.8545988], [14.2345351, 40.8545797], [14.2347441, 40.8538312], [14.2347613, 40.8537005], [14.2347593, 40.8536903], [14.2347528, 40.8536803], [14.2347431, 40.8536733], [14.2346414, 40.8536574], [14.2345642, 40.8536442], [14.2345062, 40.8536251], [14.2344631, 40.8536006], [14.2344279, 40.8535675], [14.2343966, 40.853534], [14.2343787, 40.8535041], [14.2343628, 40.8534558], [14.2343618, 40.8534496], [14.2343624, 40.853443], [14.2343658, 40.8534379], [14.2343731, 40.8534317], [14.2343785, 40.8534287], [14.2343863, 40.8534265], [14.2343968, 40.8534257], [14.2348802, 40.8534554], [14.2354599, 40.8535062], [14.2355322, 40.8535125], [14.2355922, 40.8535178]], [[14.2382439, 40.8547872], [14.2382132, 40.8547486], [14.238096, 40.8546945], [14.237939, 40.8546186], [14.2377288, 40.854484], [14.2373426, 40.8542292], [14.2371316, 40.854083], [14.2368947, 40.8540053], [14.23679, 40.8539769], [14.2367546, 40.8539672], [14.236305, 40.853845], [14.2362033, 40.8538214], [14.2359981, 40.8537759], [14.2359115, 40.8537323], [14.2358208, 40.8536178]]]}}, {"type": "Feature", "properties": {"id": "SS-NAP-0905", "nome": "Via Corrado Alvaro", "quartiere": "", "classificazione": "giallo", "score": 3, "note": "strada urbana senza ciclabile", "ciclabile": "no", "n_corsie": "2", "senso_unico": "no", "n_testimonianze": "0", "zona": "B1"}, "geometry": {"type": "LineString", "coordinates": [[14.177758, 40.8582873], [14.1769292, 40.8580253], [14.1769081, 40.8580186], [14.1766072, 40.857921], [14.1765864, 40.8579241]]}}, {"type": "Feature", "properties": {"id": "SS-NAP-0914", "nome": "Via Croce", "quartiere": "", "classificazione": "giallo", "score": 3, "note": "strada urbana senza ciclabile", "ciclabile": "no", "n_corsie": "2", "senso_unico": "si", "n_testimonianze": "0", "zona": "B1"}, "geometry": {"type": "MultiLineString", "coordinates": [[[14.2141108, 40.8884511], [14.214138, 40.8884439], [14.2144157, 40.8883347], [14.2144525, 40.8883286], [14.2145001, 40.8883252], [14.2147917, 40.8883319], [14.214842, 40.888329], [14.2148949, 40.8883241], [14.2153397, 40.8882613]], [[14.2163066, 40.8881435], [14.2160779, 40.8881751], [14.2153801, 40.8882563], [14.2153397, 40.8882613]]]}}, {"type": "Feature", "properties": {"id": "SS-NAP-0915", "nome": "Via Croce Rossa", "quartiere": "", "classificazione": "giallo", "score": 3, "note": "strada urbana senza ciclabile", "ciclabile": "no", "n_corsie": "2", "senso_unico": "no", "n_testimonianze": "0", "zona": "B1"}, "geometry": {"type": "LineString", "coordinates": [[14.2184231, 40.8595378], [14.2184855, 40.8595021], [14.2192164, 40.8590839], [14.2188317, 40.8586562], [14.2187514, 40.8583759]]}}, {"type": "Feature", "properties": {"id": "SS-NAP-0924", "nome": "Via Cupa degli Orefici allo Scudillo", "quartiere": "", "classificazione": "giallo", "score": 3, "note": "strada urbana senza ciclabile", "ciclabile": "no", "n_corsie": "2", "senso_unico": "no", "n_testimonianze": "0", "zona": "B1"}, "geometry": {"type": "LineString", "coordinates": [[14.2310766, 40.8685898], [14.2310795, 40.8686655], [14.2309712, 40.8689635], [14.2309592, 40.8691349], [14.2309494, 40.8692273], [14.2309793, 40.869428], [14.2310644, 40.8696632], [14.231104, 40.8697728], [14.2312073, 40.8702018], [14.2312109, 40.8702536], [14.2311952, 40.8703103], [14.2311, 40.8705446], [14.2311027, 40.8706115], [14.2311599, 40.8707029], [14.2315117, 40.8712423], [14.2315251, 40.8713082], [14.2315918, 40.8716937], [14.2315962, 40.8718], [14.231581, 40.8718681], [14.2315613, 40.8719197], [14.2315211, 40.8719653], [14.2314791, 40.8719959], [14.2313923, 40.8720292], [14.2311118, 40.8721198], [14.2309786, 40.8721594], [14.2309279, 40.8721754], [14.2305376, 40.8723155], [14.2301282, 40.8724506], [14.2296042, 40.8726236]]}}, {"type": "Feature", "properties": {"id": "SS-NAP-0925", "nome": "Via Cupa dei Cani", "quartiere": "", "classificazione": "giallo", "score": 3, "note": "strada urbana senza ciclabile", "ciclabile": "no", "n_corsie": "2", "senso_unico": "si", "n_testimonianze": "0", "zona": "B1"}, "geometry": {"type": "LineString", "coordinates": [[14.2054684, 40.897878], [14.2055328, 40.897902], [14.2056114, 40.8979354], [14.2056372, 40.8979759], [14.2056422, 40.8980074], [14.2056458, 40.8980528]]}}, {"type": "Feature", "properties": {"id": "SS-NAP-0926", "nome": "Via Cupa del Cane", "quartiere": "", "classificazione": "giallo", "score": 3, "note": "strada urbana senza ciclabile", "ciclabile": "no", "n_corsie": "2", "senso_unico": "no", "n_testimonianze": "0", "zona": "B1"}, "geometry": {"type": "LineString", "coordinates": [[14.1943423, 40.8804523], [14.1944541, 40.8806802], [14.1945077, 40.8807999], [14.1945694, 40.8809195], [14.1945182, 40.8811671], [14.1944058, 40.8817104], [14.1943763, 40.8818422], [14.1942343, 40.8819941], [14.1936415, 40.8823693], [14.1935716, 40.882481], [14.1935368, 40.8826899], [14.1936253, 40.8830245], [14.1937111, 40.8830995], [14.1938452, 40.8831604], [14.1940518, 40.8831806], [14.1944407, 40.8831969], [14.1948725, 40.8833591], [14.1953741, 40.8834361], [14.1959803, 40.8833611], [14.1964121, 40.883495], [14.1966697, 40.8836083], [14.1970104, 40.8838841], [14.1973698, 40.8840767], [14.1978123, 40.8841092], [14.1982683, 40.8841842], [14.1986706, 40.8843201], [14.1987753, 40.8843464], [14.1989737, 40.8843464], [14.1994351, 40.8843181], [14.2003443, 40.8846202], [14.2003819, 40.8846628], [14.200398, 40.884754], [14.200398, 40.8848514], [14.2004661, 40.8850472], [14.200509, 40.885108], [14.2005788, 40.8851669], [14.2006713, 40.8851912], [14.2007746, 40.8851911], [14.2009637, 40.8851617], [14.2010307, 40.8851567], [14.2011032, 40.8851639], [14.2012212, 40.8851983], [14.2014143, 40.885249], [14.2015967, 40.8852804], [14.201822, 40.8852774], [14.2020607, 40.8852784], [14.202168, 40.8852986], [14.2022511, 40.885318], [14.2023775, 40.8853786], [14.2024174, 40.8854304], [14.2024338, 40.8854861], [14.2024161, 40.8855977], [14.2022889, 40.8859464], [14.2022283, 40.8859901], [14.2020529, 40.886063], [14.2018786, 40.8862262], [14.2017844, 40.8863542], [14.2017496, 40.8864921], [14.2018169, 40.8867339], [14.2020017, 40.8869067], [14.2020929, 40.8869543], [14.2023075, 40.8869868], [14.2024992, 40.8870811], [14.2025945, 40.8871997], [14.2025786, 40.8872938], [14.2025274, 40.8873852], [14.2023356, 40.8875312], [14.2022163, 40.8876559], [14.2021613, 40.8878972], [14.2021371, 40.8881841], [14.2021505, 40.8885886], [14.202164, 40.8886596], [14.2024496, 40.8890388], [14.2026535, 40.8893085], [14.2028251, 40.8894443], [14.2030437, 40.8896084], [14.2030668, 40.8896257], [14.2032073, 40.8896958], [14.203727, 40.8898553], [14.2042318, 40.8900744], [14.20431, 40.8901261], [14.2043947, 40.890195], [14.2044468, 40.8902689], [14.2044761, 40.890328], [14.2044728, 40.8903944], [14.2043588, 40.8908696], [14.2043295, 40.8909927], [14.2042611, 40.8911601], [14.2041895, 40.8912807], [14.2036945, 40.892007], [14.2035349, 40.8922089], [14.2035056, 40.8922433], [14.2034632, 40.8922803], [14.2033199, 40.8923911], [14.2032874, 40.8924329], [14.2032678, 40.892492], [14.2032743, 40.892812], [14.2032874, 40.8928982], [14.2033069, 40.8929819], [14.2033818, 40.8932306], [14.2033786, 40.8932773], [14.203359, 40.8933167], [14.2033167, 40.8933512], [14.2032613, 40.893393], [14.2029161, 40.8935998], [14.2028151, 40.8936638], [14.2027207, 40.8937377], [14.2026295, 40.8938165], [14.2024862, 40.8939814], [14.2024276, 40.8940799], [14.2023787, 40.8941808], [14.2023201, 40.8943211], [14.2022466, 40.8945507]]}}, {"type": "Feature", "properties": {"id": "SS-NAP-0928", "nome": "Via Cupa della Filanda", "quartiere": "", "classificazione": "giallo", "score": 3, "note": "strada urbana senza ciclabile", "ciclabile": "no", "n_corsie": "2", "senso_unico": "no", "n_testimonianze": "0", "zona": "B1"}, "geometry": {"type": "MultiLineString", "coordinates": [[[14.2324141, 40.8955296], [14.2320702, 40.8955156], [14.2318515, 40.8955127], [14.2314309, 40.8955244], [14.2311993, 40.8955577], [14.2310841, 40.8955968], [14.2309806, 40.8956565], [14.230846, 40.8958198], [14.2306597, 40.896035], [14.2305769, 40.8961221], [14.2304837, 40.8962111], [14.2303465, 40.896304], [14.2298522, 40.8966337]], [[14.2344697, 40.894572], [14.2344524, 40.8946514], [14.2344282, 40.8947658], [14.2344051, 40.894849], [14.2343394, 40.8949215], [14.2341513, 40.8950235], [14.2339809, 40.8950986], [14.2338957, 40.8951563], [14.2337608, 40.8953401], [14.2336329, 40.8954072], [14.2334182, 40.8954636], [14.2331697, 40.8955025], [14.2328998, 40.8954904], [14.2327507, 40.8954502], [14.232682, 40.8953741], [14.232638, 40.8952861], [14.2326252, 40.895254], [14.2325979, 40.8952362], [14.232537, 40.8952157], [14.2324542, 40.8952069], [14.232351, 40.8952144]], [[14.2318515, 40.8955127], [14.2319654, 40.895948]], [[14.230846, 40.8958198], [14.2311035, 40.8966855], [14.2311298, 40.8968045], [14.230314, 40.8969239]], [[14.2311035, 40.8966855], [14.2318256, 40.8965495], [14.2318696, 40.8964517], [14.2320611, 40.8964106]], [[14.232351, 40.8952144], [14.2322785, 40.8952437], [14.2322332, 40.895277], [14.2321297, 40.8953757], [14.2320702, 40.8955156]], [[14.2216739, 40.8994864], [14.2216452, 40.8994722], [14.2211426, 40.899339], [14.2208737, 40.8992931], [14.2207506, 40.8992786], [14.2202443, 40.8992465], [14.2200402, 40.8992451], [14.2198352, 40.8992533], [14.2192006, 40.8993295]]]}}, {"type": "Feature", "properties": {"id": "SS-NAP-0937", "nome": "Via Della Scesa dei Pastori", "quartiere": "", "classificazione": "giallo", "score": 3, "note": "strada urbana senza ciclabile", "ciclabile": "no", "n_corsie": "2", "senso_unico": "no", "n_testimonianze": "0", "zona": "B1"}, "geometry": {"type": "LineString", "coordinates": [[14.2148145, 40.863721], [14.2145169, 40.8644971], [14.2143264, 40.8648744], [14.2141359, 40.8651443], [14.2139609, 40.8652149], [14.2139104, 40.8652317], [14.2138944, 40.8652538], [14.2140823, 40.8661583]]}}, {"type": "Feature", "properties": {"id": "SS-NAP-0940", "nome": "Via Dietro La Vigna", "quartiere": "", "classificazione": "giallo", "score": 3, "note": "strada urbana senza ciclabile", "ciclabile": "no", "n_corsie": "2", "senso_unico": "si", "n_testimonianze": "0", "zona": "B1"}, "geometry": {"type": "MultiLineString", "coordinates": [[[14.2330667, 40.8893217], [14.23301, 40.8891838], [14.2330034, 40.8891676], [14.2327994, 40.8886641], [14.2327653, 40.8884837], [14.2327807, 40.8882936], [14.2328504, 40.8880564], [14.2329249, 40.887917], [14.2330804, 40.8877193], [14.233226, 40.8875976], [14.2333755, 40.88752], [14.2335125, 40.8874609], [14.2336129, 40.8874217], [14.2337919, 40.8873771], [14.2340219, 40.8873553], [14.2341714, 40.8873279], [14.2341898, 40.8873249], [14.2345999, 40.8872585], [14.2351183, 40.887149], [14.2372292, 40.8866937], [14.237245, 40.8866888], [14.2373237, 40.8866643], [14.2374282, 40.8866315]], [[14.2374433, 40.8867135], [14.2373529, 40.8867283], [14.2372911, 40.8867413]], [[14.2331822, 40.8893623], [14.2332347, 40.8894806], [14.2332419, 40.889496], [14.2338349, 40.890772], [14.2338921, 40.8908951], [14.2341267, 40.891427], [14.2341526, 40.8914857], [14.2341984, 40.8915882], [14.2345243, 40.8922252], [14.2345902, 40.8923528], [14.2346423, 40.8924537]], [[14.2352804, 40.8941411], [14.2352597, 40.8939954], [14.2352528, 40.8939732], [14.2352085, 40.8938297], [14.2351902, 40.8937896], [14.23488, 40.8931091], [14.2347083, 40.8927327], [14.2345787, 40.8924744], [14.2345235, 40.8923701], [14.2341075, 40.8915843], [14.2340461, 40.8914498], [14.2337473, 40.890795], [14.2331633, 40.889515], [14.2331584, 40.8895043], [14.2331087, 40.8893895]], [[14.2346423, 40.8924537], [14.234783, 40.8927246], [14.2348661, 40.8928951], [14.2349612, 40.8930894], [14.235081, 40.8933361], [14.23529, 40.8937647], [14.2353056, 40.8937967], [14.2353884, 40.8939309], [14.2354826, 40.8940834]], [[14.2372911, 40.8867413], [14.237269, 40.886746], [14.2350957, 40.8872205], [14.2346222, 40.887318], [14.2342022, 40.8873826], [14.2340602, 40.8874045], [14.2338148, 40.8874382], [14.2335808, 40.8874951], [14.2333623, 40.8875891], [14.2331741, 40.8877348], [14.2330037, 40.8879261], [14.2329221, 40.8880759], [14.2328548, 40.8883221], [14.2328511, 40.8884903], [14.232869, 40.8886325], [14.2330773, 40.8891515], [14.2330863, 40.8891657], [14.2331177, 40.8892151], [14.2331513, 40.8892984]]]}}, {"type": "Feature", "properties": {"id": "SS-NAP-0956", "nome": "Via Domenico Fontana", "quartiere": "", "classificazione": "giallo", "score": 3, "note": "strada urbana senza ciclabile", "ciclabile": "no", "n_corsie": "2", "senso_unico": "si", "n_testimonianze": "0", "zona": "B1"}, "geometry": {"type": "MultiLineString", "coordinates": [[[14.2217004, 40.8603104], [14.2217313, 40.8604811], [14.2217559, 40.8605291], [14.2218606, 40.8606446], [14.2219064, 40.8606764], [14.2220798, 40.8608488], [14.2221216, 40.8608903], [14.2222684, 40.860989], [14.2224213, 40.8610568], [14.2225112, 40.8611071]], [[14.2305275, 40.8574113], [14.2303118, 40.8573884], [14.2302037, 40.8573086], [14.2301358, 40.8571876], [14.2301675, 40.85709], [14.2302344, 40.8569478], [14.2302762, 40.8568571], [14.2302775, 40.8567825], [14.230262, 40.8567341], [14.2302007, 40.8566484], [14.2300539, 40.8565583], [14.2298968, 40.8565465], [14.2297921, 40.8565654], [14.2297312, 40.8565948], [14.2294072, 40.8568379], [14.2293097, 40.8569151], [14.2291372, 40.8570517], [14.2290886, 40.8570823], [14.228827, 40.8572467], [14.2282143, 40.8576319], [14.2280378, 40.8577378], [14.2279654, 40.8577812], [14.2278251, 40.8579201], [14.2277744, 40.8580151], [14.2274879, 40.8585517], [14.2274418, 40.8586381], [14.2273022, 40.8587665], [14.2270991, 40.858843], [14.2268719, 40.8588604], [14.2266582, 40.8588046], [14.2266086, 40.8587813], [14.226273, 40.858624], [14.2261304, 40.8585769]], [[14.2286607, 40.854834], [14.22862, 40.8550469], [14.2286215, 40.8553879], [14.2286216, 40.8554077], [14.2286433, 40.8561264], [14.2287154, 40.8562309], [14.2287795, 40.856265], [14.2288136, 40.8562831], [14.228926, 40.8563063], [14.2290577, 40.8562936], [14.2291713, 40.8562657], [14.2292526, 40.8561972], [14.2292972, 40.8561067], [14.2292649, 40.8556191], [14.2292818, 40.8554809], [14.2293693, 40.8553636], [14.2294967, 40.8552951], [14.2296609, 40.8552475], [14.2298331, 40.8552483], [14.2298969, 40.8552532], [14.2301301, 40.855271], [14.2303455, 40.8553054], [14.2306218, 40.8554013], [14.231192, 40.8558202], [14.2312321, 40.8558497], [14.2315354, 40.856089], [14.2317009, 40.85624], [14.2317254, 40.8562995], [14.2317408, 40.8564016], [14.2317333, 40.856476], [14.2317072, 40.8565447], [14.2316211, 40.8566604], [14.2315141, 40.8567482]], [[14.2259635, 40.8585479], [14.2259258, 40.8585482], [14.2258902, 40.8585498], [14.2255994, 40.8585632]], [[14.2255994, 40.8585632], [14.2252622, 40.8585859], [14.2252183, 40.8585888], [14.2250756, 40.8586019], [14.2248427, 40.8586519], [14.2248206, 40.858657], [14.2247021, 40.8586999], [14.2245973, 40.8587442], [14.2244693, 40.8588076], [14.2244034, 40.8588523], [14.2242927, 40.8589272], [14.2242104, 40.8590008], [14.2241414, 40.8590702], [14.2240555, 40.8591778], [14.223973, 40.859316], [14.2239456, 40.8593836], [14.2238166, 40.8597177], [14.2237785, 40.8597869], [14.2237048, 40.8598752], [14.223605, 40.8599513], [14.2235832, 40.8599691], [14.223446, 40.8600273], [14.2233531, 40.8600539], [14.2233113, 40.8600658], [14.2230342, 40.8600716], [14.2225757, 40.8600131], [14.2223976, 40.8599954], [14.2222604, 40.8599817], [14.2222468, 40.8599822], [14.2221133, 40.8599875], [14.2219815, 40.8600303], [14.2219265, 40.8600537], [14.2218479, 40.8601049], [14.2217645, 40.8601973], [14.2217004, 40.8603104]], [[14.2261304, 40.8585769], [14.2259635, 40.8585479]], [[14.2292242, 40.854238], [14.2288853, 40.8545965], [14.2286607, 40.854834]], [[14.2315141, 40.8567482], [14.2314374, 40.8567915], [14.2314126, 40.8568039], [14.2313129, 40.8568618], [14.2312382, 40.856904], [14.2312051, 40.8569227], [14.2311399, 40.8569623], [14.2307277, 40.8572456], [14.2305275, 40.8574113]]]}}, {"type": "Feature", "properties": {"id": "SS-NAP-0959", "nome": "Via Domenico Montesano", "quartiere": "", "classificazione": "rosso", "score": 4, "note": "strada secondaria trafficata (1 corsie)", "ciclabile": "no", "n_corsie": "1", "senso_unico": "si", "n_testimonianze": "0", "zona": "B1"}, "geometry": {"type": "MultiLineString", "coordinates": [[[14.2220085, 40.8660253], [14.2217435, 40.8656017], [14.2217095, 40.8655474], [14.2215682, 40.8652274], [14.2214206, 40.8648369], [14.2213778, 40.8647166], [14.2213297, 40.8646252], [14.2212598, 40.8645789], [14.220958, 40.8644057], [14.2207487, 40.8643437], [14.2206253, 40.8643071], [14.2202588, 40.8642013], [14.2197167, 40.8640452], [14.2195104, 40.8639858]], [[14.2195104, 40.8639858], [14.2194719, 40.8639769], [14.2193436, 40.8639518]], [[14.2192522, 40.8639585], [14.2190869, 40.8639642]]]}}, {"type": "Feature", "properties": {"id": "SS-NAP-0966", "nome": "Via Domenico di Gravina", "quartiere": "", "classificazione": "giallo", "score": 3, "note": "strada urbana senza ciclabile", "ciclabile": "no", "n_corsie": "2", "senso_unico": "no", "n_testimonianze": "0", "zona": "B1"}, "geometry": {"type": "MultiLineString", "coordinates": [[[14.2410726, 40.8563167], [14.2413854, 40.8565037]], [[14.2415441, 40.8565595], [14.241949, 40.8568287], [14.2424806, 40.8571727], [14.2425138, 40.8571933], [14.2430147, 40.8575043], [14.2430409, 40.8575206], [14.2430849, 40.857552], [14.2433405, 40.8577205], [14.2433583, 40.8580201], [14.2430785, 40.8582571], [14.2430436, 40.8582866], [14.242967, 40.8583514], [14.242779, 40.8585106]]]}}, {"type": "Feature", "properties": {"id": "SS-NAP-0967", "nome": "Via Domenico fontana - Parco Orofino", "quartiere": "", "classificazione": "giallo", "score": 3, "note": "strada urbana senza ciclabile", "ciclabile": "no", "n_corsie": "2", "senso_unico": "no", "n_testimonianze": "0", "zona": "B1"}, "geometry": {"type": "LineString", "coordinates": [[14.2239224, 40.8578632], [14.2236191, 40.8579911], [14.2230383, 40.858235], [14.2228076, 40.8583587], [14.2227566, 40.8584542], [14.2227754, 40.8585454], [14.2228223, 40.8586104], [14.2229483, 40.8586692], [14.2231067, 40.8586874], [14.2236699, 40.858724], [14.2237476, 40.8587047], [14.2239127, 40.8586164], [14.22402, 40.8585839], [14.2241219, 40.8585829], [14.2242493, 40.8586235], [14.2243378, 40.8586874], [14.2244134, 40.8587565], [14.2244693, 40.8588076]]}}, {"type": "Feature", "properties": {"id": "SS-NAP-0972", "nome": "Via Don Giuseppe Diana", "quartiere": "", "classificazione": "blu", "score": 2, "note": "zona pedonale / living street", "ciclabile": "no", "n_corsie": "1", "senso_unico": "no", "n_testimonianze": "0", "zona": "B1"}, "geometry": {"type": "MultiLineString", "coordinates": [[[14.2434023, 40.8970784], [14.2437184, 40.8969285], [14.243757, 40.8957507], [14.243402, 40.8957598], [14.2432555, 40.8958178], [14.2431801, 40.8957971], [14.2431576, 40.8957703], [14.2430286, 40.8956171], [14.2429651, 40.8955656]], [[14.2421725, 40.8969744], [14.2424332, 40.8968067], [14.242741, 40.8966622], [14.2429692, 40.8965408], [14.2430626, 40.8964725], [14.2431464, 40.896395], [14.2431569, 40.8959949], [14.2431576, 40.8957703]]]}}, {"type": "Feature", "properties": {"id": "SS-NAP-0973", "nome": "Via Don Giustino Maria Russolillo", "quartiere": "", "classificazione": "giallo", "score": 3, "note": "strada urbana senza ciclabile (1 corsie)", "ciclabile": "no", "n_corsie": "1", "senso_unico": "si", "n_testimonianze": "0", "zona": "B1"}, "geometry": {"type": "MultiLineString", "coordinates": [[[14.1678829, 40.8604645], [14.1679787, 40.8604915], [14.1686221, 40.8605951], [14.1691012, 40.8606527], [14.1700699, 40.8607691]], [[14.1670144, 40.8614026], [14.1670739, 40.8613977], [14.1671084, 40.8613774], [14.1671517, 40.8613388], [14.167198, 40.8612962], [14.1674206, 40.8610391], [14.1677821, 40.8605799], [14.1678454, 40.8605037], [14.1678829, 40.8604645]], [[14.1700699, 40.8607691], [14.1707415, 40.8608498], [14.1711825, 40.8608856], [14.1716412, 40.8609255], [14.1716712, 40.8609281], [14.1717271, 40.8609292], [14.1717735, 40.8609257], [14.1718282, 40.8609132]]]}}, {"type": "Feature", "properties": {"id": "SS-NAP-0979", "nome": "Via Don Vincenzo Simeoli", "quartiere": "", "classificazione": "giallo", "score": 3, "note": "strada urbana senza ciclabile", "ciclabile": "no", "n_corsie": "2", "senso_unico": "si", "n_testimonianze": "0", "zona": "B1"}, "geometry": {"type": "LineString", "coordinates": [[14.1771689, 40.8631192], [14.1771368, 40.863126], [14.177094, 40.8631295], [14.1770544, 40.8631298], [14.177015, 40.8631283], [14.1769656, 40.8631215], [14.1766306, 40.8630751], [14.1765191, 40.863055], [14.1763997, 40.8630315]]}}, {"type": "Feature", "properties": {"id": "SS-NAP-0984", "nome": "Via Duca Ferrante della Marra", "quartiere": "", "classificazione": "giallo", "score": 3, "note": "strada urbana senza ciclabile", "ciclabile": "no", "n_corsie": "2", "senso_unico": "si", "n_testimonianze": "0", "zona": "B1"}, "geometry": {"type": "MultiLineString", "coordinates": [[[14.2410726, 40.8563167], [14.241457, 40.8560775], [14.2416049, 40.8559821], [14.2416742, 40.8559368]], [[14.2401365, 40.8571253], [14.2402492, 40.8570238], [14.241027, 40.8563549], [14.2410726, 40.8563167]]]}}, {"type": "Feature", "properties": {"id": "SS-NAP-0988", "nome": "Via Due Portoni", "quartiere": "", "classificazione": "giallo", "score": 3, "note": "strada urbana senza ciclabile", "ciclabile": "no", "n_corsie": "2", "senso_unico": "no", "n_testimonianze": "0", "zona": "B1"}, "geometry": {"type": "MultiLineString", "coordinates": [[[14.2090913, 40.8735586], [14.2090146, 40.8736241], [14.2089597, 40.873687], [14.2088557, 40.8738063], [14.2087524, 40.8739045], [14.2086388, 40.8739744], [14.2084837, 40.8740489], [14.2082167, 40.8741391], [14.2078389, 40.8742145], [14.2075063, 40.8743286], [14.207338, 40.8743952], [14.2071655, 40.8745109]], [[14.2090913, 40.8735586], [14.209353, 40.8734939], [14.209833, 40.8733973], [14.210064, 40.8733573], [14.2103372, 40.8733273], [14.2104788, 40.8733162], [14.2106525, 40.8732965], [14.2106927, 40.8732959], [14.2107361, 40.8733026]]]}}, {"type": "Feature", "properties": {"id": "SS-NAP-0996", "nome": "Via Edoardo Nicolardi", "quartiere": "", "classificazione": "giallo", "score": 3, "note": "strada urbana senza ciclabile", "ciclabile": "no", "n_corsie": "2", "senso_unico": "si", "n_testimonianze": "0", "zona": "B1"}, "geometry": {"type": "MultiLineString", "coordinates": [[[14.233983, 40.8683219], [14.2340682, 40.8682914]], [[14.2426736, 40.8747041], [14.2426211, 40.8747106], [14.2425661, 40.8747147], [14.2425253, 40.8747196], [14.2424215, 40.8747335], [14.242332, 40.8747554], [14.2418674, 40.8748704], [14.2415964, 40.8749283], [14.2411077, 40.8749589], [14.241053, 40.8749623], [14.2405665, 40.8749915], [14.2402875, 40.8749952], [14.240132, 40.8749894], [14.2399804, 40.8749721], [14.2398662, 40.874958], [14.2394403, 40.8749073], [14.2393991, 40.8749043], [14.2388713, 40.8748454], [14.2387157, 40.8748191], [14.2386192, 40.8747904], [14.2385226, 40.8747501], [14.2383916, 40.8746636], [14.2381126, 40.8744153], [14.2379753, 40.8742949], [14.2379412, 40.8742639], [14.2378677, 40.8741973], [14.2374101, 40.8737794], [14.2365698, 40.8730119], [14.2363864, 40.8728432], [14.2362401, 40.8727111], [14.2361168, 40.8725997], [14.2360235, 40.8725157], [14.2354255, 40.8720009], [14.2353398, 40.8719348], [14.2352556, 40.8718622], [14.2352439, 40.8718422], [14.235195, 40.8717611], [14.2351104, 40.8715263], [14.2349913, 40.8711959], [14.2348628, 40.8708394], [14.2347731, 40.8705907], [14.2347491, 40.870524], [14.2346103, 40.8701391], [14.2345486, 40.8699678], [14.2345094, 40.8698623], [14.2343816, 40.869519], [14.2343648, 40.869474], [14.234259, 40.8691895], [14.2340947, 40.8687479], [14.2339962, 40.868483], [14.2339759, 40.8684284], [14.2339751, 40.8683905], [14.2339815, 40.8683593], [14.233983, 40.8683219], [14.2339748, 40.8682597]], [[14.2341878, 40.8682939], [14.2342081, 40.8683805], [14.2342148, 40.8684118], [14.234214, 40.868441], [14.2342091, 40.8684747], [14.2341991, 40.8685433], [14.2342008, 40.8685913], [14.2342454, 40.8687139], [14.2344062, 40.8691563], [14.2345106, 40.8694437], [14.2345379, 40.8695188], [14.2346506, 40.8698287], [14.2346916, 40.8699416], [14.2347524, 40.8701073], [14.2348445, 40.8703585], [14.2348699, 40.8704277], [14.2348933, 40.8704916], [14.2350082, 40.8708048], [14.2350146, 40.8708222], [14.2350382, 40.8708867], [14.2351385, 40.8711601], [14.2351977, 40.8713217], [14.2352234, 40.8713916], [14.2352597, 40.8714906], [14.235352, 40.8717423], [14.2353961, 40.8718081], [14.2354192, 40.871842], [14.2354422, 40.8718761], [14.2360189, 40.872345], [14.2360733, 40.8723892], [14.236135, 40.8724455], [14.2363456, 40.8726354], [14.2364722, 40.8727489], [14.2364947, 40.8727691], [14.236538, 40.8728107], [14.2366772, 40.8729445], [14.2369735, 40.8732195], [14.2375198, 40.8737115], [14.2380868, 40.8742222], [14.2382246, 40.8743452], [14.2384952, 40.8745816], [14.2385053, 40.8745883], [14.2386089, 40.8746573], [14.2386828, 40.8746881], [14.2387596, 40.8747109], [14.2388988, 40.8747345], [14.2394214, 40.8747928], [14.2394628, 40.8747959], [14.2398924, 40.874847], [14.2400308, 40.8748629], [14.2401468, 40.8748771], [14.2402899, 40.8748824], [14.2405591, 40.8748787], [14.2410348, 40.8748502], [14.2410935, 40.8748495], [14.2415726, 40.8748166], [14.241735, 40.87481], [14.2425249, 40.8746318], [14.242597, 40.8746407], [14.2426231, 40.8746531], [14.2426399, 40.8746636], [14.2426736, 40.8747041]]]}}, {"type": "Feature", "properties": {"id": "SS-NAP-1001", "nome": "Via Eduardo Massari", "quartiere": "", "classificazione": "giallo", "score": 3, "note": "strada urbana senza ciclabile", "ciclabile": "no", "n_corsie": "2", "senso_unico": "si", "n_testimonianze": "0", "zona": "B1"}, "geometry": {"type": "LineString", "coordinates": [[14.2305709, 40.8539203], [14.2301951, 40.8545561]]}}, {"type": "Feature", "properties": {"id": "SS-NAP-1014", "nome": "Via Eliseo Primicile Carafa", "quartiere": "", "classificazione": "giallo", "score": 3, "note": "strada urbana senza ciclabile", "ciclabile": "no", "n_corsie": "2", "senso_unico": "no", "n_testimonianze": "0", "zona": "B1"}, "geometry": {"type": "LineString", "coordinates": [[14.1705256, 40.8667697], [14.1708846, 40.8658481], [14.1709338, 40.8657556], [14.1710133, 40.865642], [14.171283, 40.865381], [14.1713452, 40.865338], [14.1714273, 40.8652883], [14.1714702, 40.8652721], [14.1717814, 40.8652137], [14.1718136, 40.8651975], [14.1718393, 40.8651715], [14.1720432, 40.8649362], [14.1720582, 40.8649006], [14.1720699, 40.8648724]]}}, {"type": "Feature", "properties": {"id": "SS-NAP-1015", "nome": "Via Elsa Morante", "quartiere": "", "classificazione": "giallo", "score": 3, "note": "strada urbana senza ciclabile", "ciclabile": "no", "n_corsie": "2", "senso_unico": "no", "n_testimonianze": "0", "zona": "B1"}, "geometry": {"type": "LineString", "coordinates": [[14.2390342, 40.8890867], [14.2392469, 40.8895325], [14.2394306, 40.8899214], [14.2396555, 40.8904017], [14.2396905, 40.890462]]}}, {"type": "Feature", "properties": {"id": "SS-NAP-1022", "nome": "Via Emilio Scaglione", "quartiere": "", "classificazione": "rosso", "score": 4, "note": "strada secondaria trafficata (2 corsie)", "ciclabile": "no", "n_corsie": "2", "senso_unico": "no", "n_testimonianze": "0", "zona": "B1"}, "geometry": {"type": "MultiLineString", "coordinates": [[[14.2329198, 40.8807951], [14.2328929, 40.8808268], [14.2326038, 40.8811674], [14.2322177, 40.8816102], [14.2319267, 40.8819439], [14.2313843, 40.8825539], [14.2312379, 40.8827275], [14.2312062, 40.8827604], [14.2311266, 40.8828511], [14.2308527, 40.8831871], [14.2304438, 40.8836561], [14.2303904, 40.8837185], [14.2301061, 40.8840491], [14.2297064, 40.8845382], [14.2295986, 40.8846651], [14.2292373, 40.8850939], [14.2290776, 40.8852832], [14.22878, 40.8856312], [14.228237, 40.8862591], [14.2278126, 40.8867555], [14.2274827, 40.8871437], [14.2268724, 40.8878349], [14.2265961, 40.8881141], [14.2263877, 40.8883022], [14.2262347, 40.8884307], [14.2262007, 40.8884582], [14.2255967, 40.8888906], [14.2255193, 40.8889414], [14.2247011, 40.889446], [14.2245141, 40.8895613], [14.2240842, 40.889828], [14.223922, 40.8899282], [14.2238469, 40.8899748], [14.2234963, 40.8901922], [14.2233078, 40.8903106]], [[14.2396683, 40.8775989], [14.2394515, 40.8776718], [14.2375866, 40.8782993], [14.23754, 40.8783138], [14.2367327, 40.8785507], [14.2359927, 40.8787902], [14.234653, 40.8792238], [14.2343996, 40.879324], [14.2342001, 40.879434], [14.2339755, 40.8795984], [14.2339346, 40.87964], [14.2338251, 40.8797516], [14.2335753, 40.8800394], [14.233461, 40.8801711], [14.2329448, 40.8807663], [14.2329198, 40.8807951]], [[14.2248038, 40.8887256], [14.2251391, 40.8885005], [14.2255468, 40.8882369]], [[14.2255967, 40.8888906], [14.2251391, 40.8885005]], [[14.2245107, 40.8770459], [14.2245586, 40.8770731], [14.2246249, 40.8770969], [14.224678, 40.8770976], [14.2248186, 40.8770708], [14.2257819, 40.8768709], [14.2259055, 40.8772393], [14.225962, 40.8773552], [14.2260331, 40.8774651], [14.2263251, 40.8779221], [14.2263904, 40.8780304], [14.2264805, 40.8781667], [14.226528, 40.8782332], [14.2266267, 40.8783446], [14.2267453, 40.8784503], [14.2269933, 40.8786111]], [[14.2233078, 40.8903106], [14.2231735, 40.8903923], [14.2230394, 40.8904737], [14.2230124, 40.8904899], [14.2228839, 40.8905669]], [[14.2227792, 40.8906305], [14.222661, 40.8907023]], [[14.2228839, 40.8905669], [14.2227792, 40.8906305]], [[14.222661, 40.8907023], [14.2225407, 40.8907739]], [[14.2293335, 40.8801004], [14.2289611, 40.8798803], [14.2289299, 40.8798594], [14.2287423, 40.8797338], [14.2282473, 40.8794024], [14.2281273, 40.8793221], [14.2278314, 40.8791371], [14.2271575, 40.8787159], [14.2269933, 40.8786111]]]}}, {"type": "Feature", "properties": {"id": "SS-NAP-1023", "nome": "Via Empedocle", "quartiere": "", "classificazione": "giallo", "score": 3, "note": "strada urbana senza ciclabile", "ciclabile": "no", "n_corsie": "2", "senso_unico": "si", "n_testimonianze": "0", "zona": "B1"}, "geometry": {"type": "LineString", "coordinates": [[14.1733515, 40.8555232], [14.1716502, 40.8543022], [14.1710564, 40.8538918]]}}, {"type": "Feature", "properties": {"id": "SS-NAP-1034", "nome": "Via Enrico Mazzoccolo", "quartiere": "", "classificazione": "giallo", "score": 3, "note": "strada urbana senza ciclabile", "ciclabile": "no", "n_corsie": "2", "senso_unico": "si", "n_testimonianze": "0", "zona": "B1"}, "geometry": {"type": "LineString", "coordinates": [[14.2292242, 40.854238], [14.2294409, 40.8541363], [14.229768, 40.8539829], [14.2302508, 40.8539018], [14.2305709, 40.8539203]]}}, {"type": "Feature", "properties": {"id": "SS-NAP-1037", "nome": "Via Enrico Presutti", "quartiere": "", "classificazione": "giallo", "score": 3, "note": "strada urbana senza ciclabile", "ciclabile": "no", "n_corsie": "2", "senso_unico": "si", "n_testimonianze": "0", "zona": "B1"}, "geometry": {"type": "MultiLineString", "coordinates": [[[14.2299917, 40.8560025], [14.2299543, 40.8558067], [14.2298884, 40.8556089], [14.2298365, 40.8553649], [14.2298332, 40.855312], [14.2298331, 40.8552483]], [[14.2314374, 40.8567915], [14.2314122, 40.8567679], [14.2309991, 40.8563809], [14.2307198, 40.8560673], [14.2299917, 40.8560025]]]}}, {"type": "Feature", "properties": {"id": "SS-NAP-1045", "nome": "Via Eraclito", "quartiere": "", "classificazione": "giallo", "score": 3, "note": "strada urbana senza ciclabile", "ciclabile": "no", "n_corsie": "2", "senso_unico": "no", "n_testimonianze": "0", "zona": "B1"}, "geometry": {"type": "LineString", "coordinates": [[14.1735052, 40.8553628], [14.1756397, 40.8562035]]}}, {"type": "Feature", "properties": {"id": "SS-NAP-1054", "nome": "Via Ernesto Rossi", "quartiere": "", "classificazione": "giallo", "score": 3, "note": "strada urbana senza ciclabile", "ciclabile": "no", "n_corsie": "2", "senso_unico": "no", "n_testimonianze": "0", "zona": "B1"}, "geometry": {"type": "MultiLineString", "coordinates": [[[14.2352239, 40.9051063], [14.2338897, 40.9053162], [14.2337685, 40.9053353]], [[14.2329523, 40.905404], [14.232938, 40.9053896], [14.2329271, 40.9053716], [14.2325751, 40.9043979], [14.232548, 40.9043383], [14.2324634, 40.9041656], [14.2324278, 40.904093]], [[14.2322361, 40.9039958], [14.2323293, 40.9040343], [14.2323857, 40.9040622], [14.2324278, 40.904093]], [[14.2329523, 40.905404], [14.2329962, 40.9054208], [14.2330299, 40.9054279], [14.2330665, 40.9054312], [14.2331063, 40.9054294], [14.2337685, 40.9053353]], [[14.2337685, 40.9053353], [14.2337166, 40.9054203], [14.2336952, 40.9054528]], [[14.2338692, 40.9055161], [14.2337456, 40.905461], [14.2337189, 40.9054555], [14.2336952, 40.9054528], [14.2336623, 40.9054647], [14.23363, 40.9054708], [14.2332896, 40.9055198], [14.2331797, 40.9055284], [14.233128, 40.9055259], [14.2330828, 40.9055157], [14.2330461, 40.9054974], [14.2330228, 40.905478], [14.2329523, 40.905404]], [[14.2324278, 40.904093], [14.232456, 40.9040459], [14.2325002, 40.903989]]]}}, {"type": "Feature", "properties": {"id": "SS-NAP-1060", "nome": "Via Ettore Lepore", "quartiere": "", "classificazione": "giallo", "score": 3, "note": "strada urbana senza ciclabile", "ciclabile": "no", "n_corsie": "2", "senso_unico": "si", "n_testimonianze": "0", "zona": "B1"}, "geometry": {"type": "MultiLineString", "coordinates": [[[14.2311954, 40.8910006], [14.2309296, 40.8910399], [14.2306943, 40.8910826]], [[14.2306943, 40.8910826], [14.2308031, 40.8909883], [14.2308782, 40.8909268], [14.2309596, 40.890881], [14.2310709, 40.890841], [14.2312364, 40.8907965]], [[14.2306943, 40.8910826], [14.2294975, 40.8913121], [14.2293405, 40.8913439]]]}}, {"type": "Feature", "properties": {"id": "SS-NAP-1062", "nome": "Via Ettore Majorana", "quartiere": "", "classificazione": "giallo", "score": 3, "note": "strada urbana senza ciclabile", "ciclabile": "no", "n_corsie": "2", "senso_unico": "no", "n_testimonianze": "0", "zona": "B1"}, "geometry": {"type": "LineString", "coordinates": [[14.1739336, 40.8665628], [14.1742461, 40.8669325], [14.1743316, 40.8670547], [14.1744286, 40.867193], [14.1744721, 40.8672893], [14.1745084, 40.8674049], [14.1745231, 40.8674648], [14.1745219, 40.8675312], [14.1745073, 40.8676039], [14.1744648, 40.8676856], [14.1743967, 40.8677786], [14.1743706, 40.8678267], [14.1743594, 40.8678736], [14.1743608, 40.8679291], [14.1744648, 40.8689516]]}}, {"type": "Feature", "properties": {"id": "SS-NAP-1065", "nome": "Via Eugenio Colorni", "quartiere": "", "classificazione": "giallo", "score": 3, "note": "strada urbana senza ciclabile", "ciclabile": "no", "n_corsie": "2", "senso_unico": "no", "n_testimonianze": "0", "zona": "B1"}, "geometry": {"type": "MultiLineString", "coordinates": [[[14.2348369, 40.9040336], [14.232718, 40.9043609]], [[14.232548, 40.9043383], [14.2325881, 40.9043315], [14.2326301, 40.9043306], [14.2326807, 40.904345], [14.232718, 40.9043609]], [[14.232718, 40.9043609], [14.232658, 40.9043834], [14.2326167, 40.9043929], [14.2325751, 40.9043979]]]}}, {"type": "Feature", "properties": {"id": "SS-NAP-1069", "nome": "Via Evangelista Torricelli", "quartiere": "", "classificazione": "giallo", "score": 3, "note": "strada urbana senza ciclabile", "ciclabile": "no", "n_corsie": "2", "senso_unico": "si", "n_testimonianze": "0", "zona": "B1"}, "geometry": {"type": "MultiLineString", "coordinates": [[[14.1717393, 40.8617906], [14.171987, 40.8619005], [14.1720629, 40.8619139], [14.1721432, 40.8619105], [14.1722154, 40.8618894], [14.1722573, 40.8618599], [14.1723013, 40.8618182], [14.1725898, 40.8614657], [14.1726615, 40.8613782], [14.1726901, 40.8613432]], [[14.1715965, 40.8617305], [14.1716361, 40.8617441], [14.1716723, 40.8617517]], [[14.1686216, 40.8628216], [14.1685367, 40.8628746], [14.1683861, 40.863018], [14.1683456, 40.8630562]], [[14.1682054, 40.8630115], [14.1682548, 40.8629742], [14.1683373, 40.8629109], [14.1684191, 40.8628652], [14.1685027, 40.8628413], [14.1686216, 40.8628216]], [[14.1702422, 40.8620531], [14.1697342, 40.8624968], [14.1696382, 40.8625452], [14.1695542, 40.8625723], [14.1693391, 40.8626305], [14.1690629, 40.8627144], [14.1687792, 40.8627808], [14.1686216, 40.8628216]], [[14.1716151, 40.8617924], [14.1716082, 40.8617513], [14.1715965, 40.8617305]], [[14.1715965, 40.8617305], [14.1712031, 40.8615652], [14.1711268, 40.8615416], [14.1710231, 40.8615269], [14.170886, 40.8615379], [14.1707486, 40.8615964], [14.1706449, 40.8616781], [14.170593, 40.861712], [14.1702422, 40.8620531]]]}}, {"type": "Feature", "properties": {"id": "SS-NAP-1076", "nome": "Via Falcone Beneventano", "quartiere": "", "classificazione": "giallo", "score": 3, "note": "strada urbana senza ciclabile", "ciclabile": "no", "n_corsie": "2", "senso_unico": "si", "n_testimonianze": "0", "zona": "B1"}, "geometry": {"type": "MultiLineString", "coordinates": [[[14.2430764, 40.8566834], [14.2430503, 40.8566671], [14.2425667, 40.8563714], [14.2425321, 40.8563502]], [[14.2416742, 40.8559368], [14.2423534, 40.8562952], [14.2425753, 40.8564266], [14.2428579, 40.8566062], [14.2430057, 40.856704], [14.243033, 40.8567221]], [[14.2425321, 40.8563502], [14.2422172, 40.8561604], [14.2417272, 40.8558898], [14.2416831, 40.8558679]]]}}, {"type": "Feature", "properties": {"id": "SS-NAP-1079", "nome": "Via Federico Celentano", "quartiere": "", "classificazione": "giallo", "score": 3, "note": "strada urbana senza ciclabile", "ciclabile": "no", "n_corsie": "2", "senso_unico": "si", "n_testimonianze": "0", "zona": "B1"}, "geometry": {"type": "MultiLineString", "coordinates": [[[14.2285828, 40.8901513], [14.2285357, 40.8901557], [14.2284856, 40.8901671], [14.2282245, 40.8902433], [14.2281609, 40.8902696], [14.2281061, 40.8902952], [14.2277682, 40.8905124], [14.2277072, 40.8905499], [14.2275824, 40.8905726]], [[14.2285828, 40.8901513], [14.2286848, 40.8901494], [14.2288571, 40.8901524], [14.2290306, 40.890148], [14.2292171, 40.890135], [14.2294674, 40.8901136], [14.229857, 40.8899918], [14.23046, 40.8898209], [14.2305263, 40.889803]]]}}, {"type": "Feature", "properties": {"id": "SS-NAP-1082", "nome": "Via Federico II", "quartiere": "", "classificazione": "giallo", "score": 3, "note": "strada urbana senza ciclabile", "ciclabile": "no", "n_corsie": "2", "senso_unico": "no", "n_testimonianze": "0", "zona": "B1"}, "geometry": {"type": "LineString", "coordinates": [[14.1707201, 40.8601173], [14.1705571, 40.8600298], [14.170536, 40.8600128], [14.1705205, 40.8599956], [14.1704171, 40.8597751], [14.1703985, 40.8597466], [14.1703664, 40.8597149], [14.1699155, 40.859381], [14.169426, 40.8590201]]}}, {"type": "Feature", "properties": {"id": "SS-NAP-1097", "nome": "Via Ferrante d'Aragona", "quartiere": "", "classificazione": "giallo", "score": 3, "note": "strada urbana senza ciclabile", "ciclabile": "no", "n_corsie": "2", "senso_unico": "no", "n_testimonianze": "0", "zona": "B1"}, "geometry": {"type": "LineString", "coordinates": [[14.1691515, 40.8601304], [14.1693774, 40.8598845], [14.1694168, 40.859839], [14.1699155, 40.859381], [14.1701759, 40.8590992], [14.1701851, 40.8590791], [14.170188, 40.8590627], [14.1701872, 40.8590416], [14.1701759, 40.8590191], [14.1701538, 40.8589904], [14.1697611, 40.8587263]]}}, {"type": "Feature", "properties": {"id": "SS-NAP-1111", "nome": "Via Filomena Nitti Bovet", "quartiere": "", "classificazione": "giallo", "score": 3, "note": "strada urbana senza ciclabile", "ciclabile": "no", "n_corsie": "2", "senso_unico": "no", "n_testimonianze": "0", "zona": "B1"}, "geometry": {"type": "LineString", "coordinates": [[14.1691012, 40.8606527], [14.1689958, 40.860787], [14.1689341, 40.860859], [14.1689161, 40.8608789], [14.1689046, 40.8608925], [14.1688991, 40.8609076], [14.1688951, 40.860926], [14.1688963, 40.8609397], [14.1689017, 40.8609557], [14.1689166, 40.8609696], [14.168973, 40.861001], [14.1690042, 40.8610238], [14.1690165, 40.8610425], [14.1690199, 40.8610679], [14.1690145, 40.8610846], [14.1686525, 40.8616682], [14.1686478, 40.8616846], [14.1686478, 40.8616993], [14.1686548, 40.8617184], [14.1686669, 40.8617325], [14.1686813, 40.8617419], [14.169272, 40.8619098]]}}, {"type": "Feature", "properties": {"id": "SS-NAP-1128", "nome": "Via Francesco Arnaldi", "quartiere": "", "classificazione": "giallo", "score": 3, "note": "strada urbana senza ciclabile (1 corsie)", "ciclabile": "no", "n_corsie": "1", "senso_unico": "si", "n_testimonianze": "0", "zona": "B1"}, "geometry": {"type": "LineString", "coordinates": [[14.1693832, 40.85906], [14.1684138, 40.858431], [14.1677627, 40.8580079], [14.1670422, 40.8575189], [14.166472, 40.8571242], [14.1664368, 40.8570831], [14.1664565, 40.8570345], [14.1665249, 40.8569853], [14.1673495, 40.8563745], [14.1674977, 40.856274], [14.1675001, 40.8562707], [14.1675001, 40.8562647], [14.1674992, 40.8562609], [14.1674959, 40.8562563], [14.1674682, 40.8562353], [14.1672934, 40.8560993], [14.1672385, 40.8560566]]}}, {"type": "Feature", "properties": {"id": "SS-NAP-1130", "nome": "Via Francesco Bacone", "quartiere": "", "classificazione": "giallo", "score": 3, "note": "strada urbana senza ciclabile", "ciclabile": "no", "n_corsie": "2", "senso_unico": "si", "n_testimonianze": "0", "zona": "B1"}, "geometry": {"type": "MultiLineString", "coordinates": [[[14.2333746, 40.8999763], [14.2333138, 40.8999144], [14.2333016, 40.89989], [14.2332843, 40.8998556], [14.2332816, 40.899815], [14.2333449, 40.8996274], [14.2333547, 40.8995894], [14.2333575, 40.8995785], [14.2333618, 40.8995173]], [[14.2333618, 40.8995173], [14.2332936, 40.8994254], [14.2332429, 40.8993572], [14.2330591, 40.8991097], [14.2327358, 40.8986742], [14.2326392, 40.8985441]], [[14.2333618, 40.8995173], [14.233511, 40.8995706], [14.2336619, 40.899604], [14.2338139, 40.899613], [14.2338665, 40.8996104], [14.2339911, 40.8996043]], [[14.2326392, 40.8985441], [14.2322991, 40.898692], [14.231894, 40.8988682], [14.2311157, 40.8992204], [14.2310068, 40.8992673], [14.2306212, 40.8994563], [14.2305976, 40.8994719]]]}}, {"type": "Feature", "properties": {"id": "SS-NAP-1137", "nome": "Via Francesco Capocelatro", "quartiere": "", "classificazione": "giallo", "score": 3, "note": "strada urbana senza ciclabile", "ciclabile": "no", "n_corsie": "2", "senso_unico": "si", "n_testimonianze": "0", "zona": "B1"}, "geometry": {"type": "LineString", "coordinates": [[14.241127, 40.8546457], [14.2411373, 40.8546698], [14.2411452, 40.8546882], [14.2412889, 40.8550034], [14.2416831, 40.8558679]]}}, {"type": "Feature", "properties": {"id": "SS-NAP-1141", "nome": "Via Francesco Compagna", "quartiere": "", "classificazione": "giallo", "score": 3, "note": "strada urbana senza ciclabile", "ciclabile": "no", "n_corsie": "2", "senso_unico": "no", "n_testimonianze": "0", "zona": "B1"}, "geometry": {"type": "LineString", "coordinates": [[14.2203489, 40.8972001], [14.2204487, 40.8972504], [14.2205022, 40.8972683], [14.2205581, 40.8972697], [14.2206206, 40.8972616], [14.2216349, 40.8970052], [14.2222263, 40.8968804], [14.222879, 40.8967652], [14.2235253, 40.8966443], [14.2244451, 40.8965104], [14.225062, 40.8964146], [14.2255836, 40.8963286], [14.2257192, 40.8962963], [14.2257701, 40.8962757], [14.2258103, 40.8962524]]}}, {"type": "Feature", "properties": {"id": "SS-NAP-1147", "nome": "Via Francesco Dell'Erba", "quartiere": "", "classificazione": "giallo", "score": 3, "note": "strada urbana senza ciclabile", "ciclabile": "no", "n_corsie": "2", "senso_unico": "no", "n_testimonianze": "0", "zona": "B1"}, "geometry": {"type": "LineString", "coordinates": [[14.2254113, 40.8538428], [14.2255013, 40.8538743], [14.225978, 40.8540409], [14.2260273, 40.8540581], [14.2261863, 40.8541137], [14.2263747, 40.8541795], [14.2265809, 40.8542516]]}}, {"type": "Feature", "properties": {"id": "SS-NAP-1150", "nome": "Via Francesco Flora", "quartiere": "", "classificazione": "giallo", "score": 3, "note": "strada urbana senza ciclabile", "ciclabile": "no", "n_corsie": "2", "senso_unico": "no", "n_testimonianze": "0", "zona": "B1"}, "geometry": {"type": "LineString", "coordinates": [[14.175472, 40.8620817], [14.1744153, 40.861718], [14.1743988, 40.8617168], [14.1743861, 40.8617205], [14.1743756, 40.861727], [14.1741523, 40.8620631]]}}, {"type": "Feature", "properties": {"id": "SS-NAP-1179", "nome": "Via Francesco Vizioli", "quartiere": "", "classificazione": "giallo", "score": 3, "note": "strada urbana senza ciclabile", "ciclabile": "no", "n_corsie": "2", "senso_unico": "si", "n_testimonianze": "0", "zona": "B1"}, "geometry": {"type": "LineString", "coordinates": [[14.2178165, 40.8597533], [14.2178813, 40.8597582], [14.2182192, 40.8597837], [14.2182934, 40.8598212], [14.2182863, 40.8598724], [14.2183138, 40.8599022], [14.2183533, 40.8599033], [14.2183873, 40.8598893], [14.2185301, 40.8598058], [14.2186349, 40.8597445]]}}, {"type": "Feature", "properties": {"id": "SS-NAP-1191", "nome": "Via Gabriele Jannelli", "quartiere": "", "classificazione": "rosso", "score": 4, "note": "strada secondaria trafficata", "ciclabile": "no", "n_corsie": "2", "senso_unico": "no", "n_testimonianze": "0", "zona": "B1"}, "geometry": {"type": "MultiLineString", "coordinates": [[[14.2185222, 40.8544324], [14.2191223, 40.8539568]], [[14.2191223, 40.8539568], [14.2192531, 40.8538493], [14.2194013, 40.8537113]], [[14.2196112, 40.8535114], [14.2198039, 40.8533124], [14.2198736, 40.8532315]], [[14.2198736, 40.8532315], [14.2199233, 40.8531635], [14.2199629, 40.8530569]], [[14.21883, 40.8533947], [14.2188221, 40.8535183], [14.2188099, 40.8535671], [14.2187892, 40.8536052], [14.2187559, 40.85364], [14.2187114, 40.8536661], [14.2186546, 40.8536801], [14.2186049, 40.8536784], [14.218569, 40.8536659], [14.2185405, 40.8536457], [14.2185213, 40.8536168], [14.2184965, 40.8535533], [14.2184774, 40.8534577], [14.2184669, 40.8533183], [14.2184665, 40.8531959], [14.2184795, 40.8530702]], [[14.2189752, 40.8638082], [14.2190535, 40.8638041], [14.2190956, 40.8638016], [14.2191644, 40.8637976], [14.2191788, 40.8637973]], [[14.221018, 40.8513305], [14.2210644, 40.8512807], [14.2210787, 40.8512653], [14.2211173, 40.8512166]], [[14.2211585, 40.8512759], [14.2210909, 40.8512993], [14.221018, 40.8513305]], [[14.2191511, 40.8638668], [14.2190858, 40.8638434], [14.2190811, 40.8638419], [14.2189752, 40.8638082]], [[14.2189752, 40.8638082], [14.2184918, 40.8636737], [14.2181685, 40.863569], [14.2179459, 40.8634528], [14.2177463, 40.8633145], [14.2176462, 40.8631476], [14.2175815, 40.8629901], [14.2175139, 40.8628515], [14.2174682, 40.8627868], [14.217448, 40.8627464], [14.2174129, 40.8627124], [14.217366, 40.8626877], [14.2173115, 40.8626746], [14.2172544, 40.8626743], [14.2171997, 40.8626868], [14.2171524, 40.862711], [14.2169378, 40.8627954], [14.2166954, 40.8628818], [14.2166307, 40.8628938], [14.2165642, 40.8628904], [14.2165021, 40.862872], [14.2164503, 40.8628403], [14.2164136, 40.8627982], [14.2163954, 40.8627498], [14.2163973, 40.8626994], [14.2164321, 40.8624513], [14.2164616, 40.8623217], [14.2164723, 40.8622046], [14.2164343, 40.8620737], [14.2163137, 40.8619008], [14.2161653, 40.8617698], [14.2161311, 40.8617255], [14.2161168, 40.8616753], [14.2161239, 40.8616243], [14.2161518, 40.8615775], [14.2161975, 40.8615396], [14.2162566, 40.8615143], [14.2163231, 40.8615043], [14.2167661, 40.8615166], [14.2170837, 40.8616464], [14.2173154, 40.8617568], [14.2174601, 40.8618126], [14.2175736, 40.8617926], [14.2176687, 40.8617412], [14.2177234, 40.8616943], [14.2177448, 40.8616411], [14.217765, 40.861571], [14.2177938, 40.8608349], [14.2177977, 40.8603222], [14.2178165, 40.8597533], [14.2178199, 40.8592088], [14.2178261, 40.8590309], [14.2177759, 40.8589815], [14.2176999, 40.8589547], [14.2176212, 40.8589575], [14.2175606, 40.8589738], [14.2174982, 40.859009], [14.2173703, 40.859129], [14.2173091, 40.8591925], [14.2172252, 40.859222], [14.2171364, 40.8592266], [14.2170216, 40.859194], [14.2169215, 40.8591509], [14.2168461, 40.8591064], [14.2167335, 40.8590215], [14.2166075, 40.8589156], [14.2164856, 40.8587875], [14.2164611, 40.8587262], [14.2164489, 40.858664], [14.2164565, 40.8586137], [14.2164788, 40.8585715], [14.2165268, 40.858536], [14.2165873, 40.858514], [14.2166539, 40.8585077], [14.2167642, 40.8585399], [14.2168474, 40.8586305], [14.2169447, 40.8588039], [14.216993, 40.8588427], [14.2170558, 40.8588668], [14.2171256, 40.8588732], [14.2171943, 40.8588614], [14.2172535, 40.8588326], [14.2172963, 40.8587904], [14.2173175, 40.8587396], [14.2173363, 40.8586597], [14.217341, 40.8585693], [14.2173346, 40.8584274], [14.2173111, 40.8582736], [14.217289, 40.8581808], [14.2173084, 40.8580874], [14.2173511, 40.8580157], [14.2175185, 40.8578168], [14.2176027, 40.8577251], [14.2176847, 40.8576801], [14.2177554, 40.8576646], [14.2178121, 40.857664], [14.2178864, 40.8576855], [14.2179337, 40.857714], [14.2180196, 40.8577605], [14.2180897, 40.8577838], [14.2181739, 40.8577943], [14.2182592, 40.8577835], [14.2183199, 40.8577451], [14.2183552, 40.8576984], [14.2183847, 40.8576384], [14.21842, 40.8575688], [14.2184553, 40.8575191], [14.2185061, 40.857473], [14.2188091, 40.8572739], [14.2188837, 40.8572267], [14.2189332, 40.8571798], [14.2189594, 40.8571264], [14.2189588, 40.8570764], [14.2189363, 40.85703], [14.2188994, 40.8569788], [14.2187613, 40.8568493], [14.2187161, 40.8567905], [14.2186858, 40.8567163], [14.2186752, 40.8566423], [14.2186845, 40.8565692], [14.2187226, 40.8564498], [14.2187402, 40.8563625], [14.2187411, 40.85629], [14.2187157, 40.8562307], [14.2185786, 40.8560526], [14.218526, 40.855965], [14.2184814, 40.8558522], [14.2184637, 40.8557789], [14.2184487, 40.8557006], [14.2184277, 40.8556344], [14.2183935, 40.855574], [14.2183477, 40.8555222], [14.2182044, 40.8554248], [14.2181331, 40.8553701], [14.2180743, 40.8552897], [14.2180433, 40.8551936], [14.2180527, 40.8551185], [14.2180663, 40.8550287], [14.2181278, 40.8548781], [14.2181855, 40.8547949], [14.2182485, 40.8547036], [14.2183772, 40.8545596], [14.2185222, 40.8544324]], [[14.2199629, 40.8530569], [14.2199756, 40.8529937], [14.2199885, 40.8529166], [14.2199709, 40.8528333], [14.2199239, 40.8527706], [14.2198638, 40.8527283], [14.2197841, 40.8526941], [14.2196915, 40.8526782], [14.2196106, 40.8526748], [14.2194892, 40.8526746], [14.2193477, 40.8526903]], [[14.2193477, 40.8526903], [14.2192134, 40.8527181], [14.2191302, 40.8527477], [14.2190554, 40.8527873], [14.2190006, 40.8528311], [14.2189611, 40.8528721], [14.2189269, 40.852926], [14.2188905, 40.8529894], [14.2188664, 40.8530519], [14.2188491, 40.8531441], [14.2188413, 40.8532225], [14.21883, 40.8533947]], [[14.2194013, 40.8537113], [14.2196112, 40.8535114]], [[14.2184795, 40.8530702], [14.2185206, 40.8529205], [14.2185655, 40.8528279], [14.2186141, 40.85275], [14.2186886, 40.8526731], [14.2188138, 40.852587], [14.2189551, 40.8525054], [14.2190293, 40.852469], [14.2193867, 40.8522936], [14.219753, 40.852133], [14.2199999, 40.8520159], [14.2201901, 40.8519108], [14.2204573, 40.8517403], [14.2205608, 40.8516723], [14.2207184, 40.8515687], [14.221018, 40.8513305]]]}}, {"type": "Feature", "properties": {"id": "SS-NAP-1198", "nome": "Via Gaetano Quagliarello", "quartiere": "", "classificazione": "giallo", "score": 3, "note": "strada urbana senza ciclabile", "ciclabile": "no", "n_corsie": "2", "senso_unico": "si", "n_testimonianze": "0", "zona": "B1"}, "geometry": {"type": "MultiLineString", "coordinates": [[[14.2195104, 40.8639858], [14.2195658, 40.8640414], [14.219588, 40.864071], [14.2196149, 40.8641073], [14.2197763, 40.8644303], [14.2197886, 40.8645153], [14.2197763, 40.8646096], [14.2197289, 40.8647026], [14.2196393, 40.8647743], [14.2193479, 40.8649541], [14.2192311, 40.8651284], [14.2191921, 40.8652463], [14.2191757, 40.8653541], [14.2191411, 40.8655805], [14.2190132, 40.8657979], [14.2189076, 40.8658698], [14.2187462, 40.865913], [14.2185423, 40.8659404], [14.2181522, 40.8659718], [14.2178123, 40.8660219], [14.2176235, 40.8660789], [14.2172451, 40.8662977], [14.2165842, 40.8667781], [14.2162725, 40.866985], [14.2155765, 40.8673856], [14.2152315, 40.8676295], [14.2151163, 40.8677126], [14.2150431, 40.8677497], [14.2141895, 40.8683293], [14.2139406, 40.868495], [14.2130806, 40.8690716], [14.213047, 40.869095], [14.2130125, 40.8691067], [14.2129925, 40.8691103], [14.2129677, 40.8691113], [14.2128701, 40.8691095]], [[14.213047, 40.869095], [14.213018, 40.86912], [14.2128337, 40.8692535]]]}}, {"type": "Feature", "properties": {"id": "SS-NAP-1199", "nome": "Via Gaetano Salvatore", "quartiere": "", "classificazione": "giallo", "score": 3, "note": "strada urbana senza ciclabile", "ciclabile": "no", "n_corsie": "2", "senso_unico": "no", "n_testimonianze": "0", "zona": "B1"}, "geometry": {"type": "MultiLineString", "coordinates": [[[14.2156574, 40.8750258], [14.2157761, 40.8750587], [14.2159905, 40.8751158], [14.2163616, 40.8751471], [14.2165487, 40.8751659], [14.2168631, 40.8751994], [14.2169136, 40.875198], [14.2171428, 40.8751468], [14.2175236, 40.8750391], [14.217604, 40.875023], [14.2179249, 40.8749653], [14.2180889, 40.8749489], [14.2181806, 40.8749409], [14.2184448, 40.8749232], [14.218743, 40.8749258], [14.2189541, 40.874947], [14.2191744, 40.8750075], [14.2193757, 40.8750917], [14.2196314, 40.8752162], [14.2198609, 40.8752833], [14.2200354, 40.8752962], [14.2209941, 40.8752619], [14.221097, 40.875249], [14.2211527, 40.8752328], [14.221218, 40.8751898], [14.2212742, 40.8750871], [14.2213471, 40.8749937], [14.2214772, 40.8748689], [14.2215465, 40.8748145], [14.2216375, 40.8747809], [14.2217118, 40.8747716], [14.2218015, 40.8747624]], [[14.2112754, 40.8736436], [14.2112971, 40.8736505], [14.2113171, 40.8736513], [14.2114666, 40.8736536], [14.2117723, 40.8736916], [14.2119325, 40.8737539], [14.2120391, 40.8738157]], [[14.2120391, 40.8738157], [14.2126345, 40.8741974]], [[14.2126345, 40.8741974], [14.2129517, 40.8744032], [14.2130502, 40.8744421]], [[14.2130502, 40.8744421], [14.2132576, 40.8745206]], [[14.2132576, 40.8745206], [14.2136569, 40.8746829]], [[14.2137456, 40.8747202], [14.2138408, 40.8747582]], [[14.2136569, 40.8746829], [14.2137456, 40.8747202]], [[14.2138408, 40.8747582], [14.2140566, 40.8748452]], [[14.2140566, 40.8748452], [14.2144016, 40.8749641], [14.214486, 40.8749879], [14.2145658, 40.8749955], [14.2150559, 40.8749564], [14.2152538, 40.8749484], [14.2153236, 40.8749522], [14.2154575, 40.8749735], [14.2156574, 40.8750258]]]}}, {"type": "Feature", "properties": {"id": "SS-NAP-1202", "nome": "Via Galileo Galilei", "quartiere": "", "classificazione": "giallo", "score": 3, "note": "strada urbana senza ciclabile", "ciclabile": "no", "n_corsie": "2", "senso_unico": "si", "n_testimonianze": "0", "zona": "B1"}, "geometry": {"type": "MultiLineString", "coordinates": [[[14.2320535, 40.9022111], [14.2320273, 40.9022426], [14.2320038, 40.9022839], [14.2319902, 40.9023188], [14.2319744, 40.9027064], [14.2319617, 40.9027698], [14.2319418, 40.9028337], [14.2319149, 40.9029184], [14.2319029, 40.9029559], [14.2318992, 40.9030547], [14.2319041, 40.9031067], [14.2319725, 40.9033296], [14.2321801, 40.9038543], [14.2322361, 40.9039958]], [[14.2322361, 40.9039958], [14.2322803, 40.9040959]], [[14.2320535, 40.9022111], [14.232137, 40.9022158], [14.232253, 40.902226], [14.2324899, 40.902247], [14.2325716, 40.9022528], [14.2326874, 40.9022535], [14.2328569, 40.9022393], [14.2329483, 40.9022236], [14.2331524, 40.9021729], [14.2333262, 40.902121], [14.2333867, 40.9020993], [14.2334677, 40.902069], [14.2335524, 40.9020225], [14.233649, 40.9019675], [14.2337687, 40.9018704], [14.2338796, 40.9017716], [14.2339784, 40.9016227], [14.2340545, 40.9014941], [14.2341029, 40.9013631], [14.2341455, 40.9011962], [14.2341521, 40.9011502], [14.2341588, 40.9010974], [14.2341561, 40.9009894], [14.2341393, 40.9008827], [14.2341113, 40.9007787], [14.2340361, 40.9006032], [14.2338872, 40.9003458], [14.2338351, 40.9002758], [14.2337826, 40.9002176], [14.2336939, 40.9001522], [14.2336199, 40.900113], [14.2335848, 40.9000944]], [[14.2335848, 40.9000944], [14.2333746, 40.8999763]], [[14.2321573, 40.9040981], [14.2321144, 40.9040007], [14.2320669, 40.9038867], [14.2319371, 40.9035757], [14.231844, 40.9033575], [14.2317741, 40.903097], [14.231766, 40.9029558], [14.2317694, 40.9029195], [14.2317885, 40.9028641], [14.231809, 40.902801], [14.2318278, 40.9027264], [14.2318352, 40.9026761], [14.2318386, 40.9026146], [14.2318347, 40.902322], [14.2318493, 40.9022886], [14.2318714, 40.9022686], [14.2318988, 40.902251], [14.2319353, 40.9022365], [14.2319897, 40.9022216], [14.2320535, 40.9022111]]]}}, {"type": "Feature", "properties": {"id": "SS-NAP-1224", "nome": "Via Gesualdo di Venosa", "quartiere": "", "classificazione": "giallo", "score": 3, "note": "strada urbana senza ciclabile", "ciclabile": "no", "n_corsie": "2", "senso_unico": "no", "n_testimonianze": "0", "zona": "B1"}, "geometry": {"type": "LineString", "coordinates": [[14.148886, 40.8559085], [14.1504791, 40.855479], [14.150548, 40.8554693], [14.1506348, 40.8554848], [14.1507165, 40.8555253], [14.1507675, 40.8555716], [14.1508262, 40.8556257], [14.1508976, 40.8556758], [14.151231, 40.855878], [14.1512753, 40.8559113], [14.1513022, 40.8559467]]}}, {"type": "Feature", "properties": {"id": "SS-NAP-1229", "nome": "Via Giacinto Gigante", "quartiere": "", "classificazione": "rosso", "score": 4, "note": "strada secondaria trafficata", "ciclabile": "no", "n_corsie": "2", "senso_unico": "si", "n_testimonianze": "0", "zona": "B1"}, "geometry": {"type": "MultiLineString", "coordinates": [[[14.2357094, 40.8540891], [14.2357237, 40.8540406], [14.2357318, 40.853999], [14.2357319, 40.8539213]], [[14.2305683, 40.8536307], [14.2304823, 40.8536166], [14.2303343, 40.8535923], [14.2303206, 40.8535895], [14.2302697, 40.8535792], [14.2301786, 40.8535574]], [[14.23329, 40.8536474], [14.2331778, 40.8536489]], [[14.2303974, 40.8534412], [14.2304166, 40.8535023], [14.2304332, 40.8535357], [14.2304543, 40.8535544], [14.2304752, 40.8535717], [14.2304902, 40.8535812], [14.2305683, 40.8536307]], [[14.2340635, 40.8540751], [14.2338103, 40.8538795], [14.2336435, 40.8537603], [14.2335906, 40.8537308], [14.2335065, 40.8536958], [14.2334293, 40.8536711], [14.2333968, 40.8536638], [14.2333488, 40.8536541]], [[14.2358656, 40.8539669], [14.2358485, 40.8539828], [14.2357868, 40.8540356], [14.2357094, 40.8540891]], [[14.2357094, 40.8540891], [14.2356496, 40.8541679], [14.2356308, 40.8542076], [14.2356195, 40.8542346], [14.2354854, 40.8547565], [14.2354762, 40.8547922], [14.2354025, 40.8549492], [14.2352331, 40.8551455], [14.2349399, 40.8552751], [14.2347783, 40.8553218], [14.23464, 40.8553617], [14.2344865, 40.8553993], [14.2342356, 40.8553488], [14.2340497, 40.8552151], [14.2340094, 40.8551434], [14.2339894, 40.8550736], [14.2339848, 40.8550032], [14.2339998, 40.8549262], [14.2340504, 40.8547967], [14.2340538, 40.8547894], [14.2341381, 40.8546103], [14.2342041, 40.8544449], [14.2342136, 40.8543939], [14.2342117, 40.8543479], [14.2342016, 40.8542947], [14.234182, 40.8542412], [14.2341588, 40.8541943], [14.2341128, 40.8541269], [14.2340635, 40.8540751]], [[14.2331778, 40.8536489], [14.2331274, 40.8536519], [14.2330833, 40.8536546], [14.2330554, 40.8536563]], [[14.2330554, 40.8536563], [14.2326365, 40.8536831], [14.2321089, 40.853701], [14.2313602, 40.8537136], [14.2311899, 40.8537062], [14.2310022, 40.853688], [14.2307228, 40.8536515], [14.2305683, 40.8536307]], [[14.2333488, 40.8536541], [14.23329, 40.8536474]]]}}, {"type": "Feature", "properties": {"id": "SS-NAP-1252", "nome": "Via Gino Severini", "quartiere": "", "classificazione": "giallo", "score": 3, "note": "strada urbana senza ciclabile", "ciclabile": "no", "n_corsie": "2", "senso_unico": "no", "n_testimonianze": "0", "zona": "B1"}, "geometry": {"type": "LineString", "coordinates": [[14.1793533, 40.8617621], [14.1790373, 40.8610795], [14.1789635, 40.8609359], [14.1789457, 40.8609128]]}}, {"type": "Feature", "properties": {"id": "SS-NAP-1254", "nome": "Via Gioacchino Murat", "quartiere": "", "classificazione": "blu", "score": 2, "note": "zona pedonale / living street", "ciclabile": "no", "n_corsie": "1", "senso_unico": "no", "n_testimonianze": "0", "zona": "B1"}, "geometry": {"type": "LineString", "coordinates": [[14.2232043, 40.8555021], [14.2233282, 40.8555462], [14.2239093, 40.8556698], [14.2240101, 40.8556931], [14.2246739, 40.8558468], [14.2247017, 40.8558532]]}}, {"type": "Feature", "properties": {"id": "SS-NAP-1260", "nome": "Via Giorgio De Chirico", "quartiere": "", "classificazione": "giallo", "score": 3, "note": "strada urbana senza ciclabile (1 corsie)", "ciclabile": "no", "n_corsie": "1", "senso_unico": "si", "n_testimonianze": "0", "zona": "B1"}, "geometry": {"type": "MultiLineString", "coordinates": [[[14.1644749, 40.8576711], [14.1644085, 40.8576782], [14.1643242, 40.857689], [14.1642171, 40.8577176], [14.164134, 40.8577457], [14.1640392, 40.8577973]], [[14.1639904, 40.8573997], [14.1641016, 40.8575016], [14.1642189, 40.8575672], [14.1642927, 40.8576038], [14.1644749, 40.8576711]], [[14.1644749, 40.8576711], [14.1645951, 40.8577033], [14.1647185, 40.8577512], [14.1648433, 40.8578124], [14.1649418, 40.8578762], [14.1657268, 40.8584825]], [[14.1640268, 40.8576966], [14.1641323, 40.8576494], [14.1642023, 40.8576214], [14.1642927, 40.8576038]]]}}, {"type": "Feature", "properties": {"id": "SS-NAP-1261", "nome": "Via Giorgio De' Grassi", "quartiere": "", "classificazione": "giallo", "score": 3, "note": "strada urbana senza ciclabile", "ciclabile": "no", "n_corsie": "2", "senso_unico": "si", "n_testimonianze": "0", "zona": "B1"}, "geometry": {"type": "LineString", "coordinates": [[14.1759928, 40.8633594], [14.175505, 40.8639823], [14.1754623, 40.8640332], [14.1754173, 40.8640677]]}}, {"type": "Feature", "properties": {"id": "SS-NAP-1269", "nome": "Via Giovanni Ansaldo", "quartiere": "", "classificazione": "giallo", "score": 3, "note": "strada urbana senza ciclabile", "ciclabile": "no", "n_corsie": "2", "senso_unico": "si", "n_testimonianze": "0", "zona": "B1"}, "geometry": {"type": "MultiLineString", "coordinates": [[[14.220568, 40.8953526], [14.2205743, 40.8952368], [14.2206207, 40.8948652], [14.2206309, 40.8948197], [14.2206535, 40.8947847], [14.2207003, 40.8947391], [14.2211006, 40.8944928], [14.2211225, 40.8944744], [14.2211377, 40.8944485], [14.2211449, 40.894416], [14.221201, 40.8937703], [14.2212051, 40.8937236], [14.2212537, 40.893641]], [[14.2212537, 40.893641], [14.2212824, 40.8937333], [14.2212784, 40.8937745], [14.2212174, 40.8944051], [14.2212095, 40.8944418], [14.2211993, 40.894464], [14.221195, 40.8944732], [14.2211741, 40.8944996], [14.2211426, 40.8945261], [14.220744, 40.8947715], [14.2207053, 40.894809], [14.2206894, 40.8948339], [14.220681, 40.8948712], [14.2206348, 40.8952411], [14.220568, 40.8953526]]]}}, {"type": "Feature", "properties": {"id": "SS-NAP-1270", "nome": "Via Giovanni Antonio Campano", "quartiere": "", "classificazione": "rosso", "score": 4, "note": "strada secondaria trafficata", "ciclabile": "no", "n_corsie": "2", "senso_unico": "no", "n_testimonianze": "0", "zona": "B1"}, "geometry": {"type": "MultiLineString", "coordinates": [[[14.2182554, 40.8934155], [14.2183206, 40.8934308], [14.2184375, 40.8934583], [14.2188712, 40.893485], [14.2195527, 40.8935269], [14.219946, 40.8935514], [14.220357, 40.8935745], [14.221115, 40.8936298], [14.2212537, 40.893641], [14.2222358, 40.8937069], [14.2235793, 40.8937948], [14.2242285, 40.8938392], [14.2242817, 40.8938413], [14.2247973, 40.893876], [14.2255705, 40.8939281], [14.2258093, 40.8939442]], [[14.2267428, 40.8940071], [14.2268986, 40.8940177]], [[14.2268986, 40.8940177], [14.2273159, 40.8940481], [14.2281485, 40.8941089], [14.2301079, 40.8942484], [14.2304462, 40.8942723], [14.2323495, 40.8944154], [14.2324691, 40.8944242], [14.2344697, 40.894572], [14.2346097, 40.8945825], [14.2348185, 40.8945994], [14.2348475, 40.8946021]], [[14.2258093, 40.8939442], [14.2262209, 40.8939719], [14.2263163, 40.8939783], [14.2267428, 40.8940071]]]}}, {"type": "Feature", "properties": {"id": "SS-NAP-1272", "nome": "Via Giovanni Battista Riccioli", "quartiere": "", "classificazione": "giallo", "score": 3, "note": "strada urbana senza ciclabile", "ciclabile": "no", "n_corsie": "2", "senso_unico": "no", "n_testimonianze": "0", "zona": "B1"}, "geometry": {"type": "LineString", "coordinates": [[14.2416823, 40.8943471], [14.2420957, 40.8948173], [14.2422885, 40.8950365]]}}, {"type": "Feature", "properties": {"id": "SS-NAP-1275", "nome": "Via Giovanni Brancaccio", "quartiere": "", "classificazione": "giallo", "score": 3, "note": "strada urbana senza ciclabile", "ciclabile": "no", "n_corsie": "2", "senso_unico": "no", "n_testimonianze": "0", "zona": "B1"}, "geometry": {"type": "MultiLineString", "coordinates": [[[14.1828052, 40.8604046], [14.1828082, 40.8605198], [14.1828036, 40.8605798], [14.1827906, 40.860645], [14.182663, 40.8610263], [14.1826537, 40.861065], [14.1826516, 40.8610992], [14.1826546, 40.8611293], [14.1826571, 40.861165]], [[14.1826486, 40.8606099], [14.182654, 40.8606787], [14.1826497, 40.8607274], [14.18264, 40.8607651], [14.1825531, 40.8609699], [14.1824901, 40.8611328]], [[14.1824119, 40.8609201], [14.1826486, 40.8606099], [14.1828052, 40.8604046], [14.1829563, 40.8601431], [14.1829624, 40.8601059], [14.1829562, 40.8600742], [14.1829266, 40.860049], [14.1828926, 40.8600313], [14.1816776, 40.8595978]]]}}, {"type": "Feature", "properties": {"id": "SS-NAP-1283", "nome": "Via Giovanni Di Marino", "quartiere": "", "classificazione": "giallo", "score": 3, "note": "strada urbana senza ciclabile", "ciclabile": "no", "n_corsie": "2", "senso_unico": "si", "n_testimonianze": "0", "zona": "B1"}, "geometry": {"type": "MultiLineString", "coordinates": [[[14.2162078, 40.8886543], [14.2163981, 40.8886293]], [[14.215823, 40.8887215], [14.2162078, 40.8886543]]]}}, {"type": "Feature", "properties": {"id": "SS-NAP-1293", "nome": "Via Giovanni Miranda", "quartiere": "", "classificazione": "giallo", "score": 3, "note": "strada urbana senza ciclabile (1 corsie)", "ciclabile": "no", "n_corsie": "1", "senso_unico": "si", "n_testimonianze": "0", "zona": "B1"}, "geometry": {"type": "LineString", "coordinates": [[14.2203156, 40.8627859], [14.2202843, 40.8627657], [14.2193798, 40.8621801]]}}, {"type": "Feature", "properties": {"id": "SS-NAP-1298", "nome": "Via Giovanni Palatucci", "quartiere": "", "classificazione": "giallo", "score": 3, "note": "strada urbana senza ciclabile", "ciclabile": "no", "n_corsie": "2", "senso_unico": "no", "n_testimonianze": "0", "zona": "B1"}, "geometry": {"type": "LineString", "coordinates": [[14.2164095, 40.8653628], [14.2166832, 40.8653033], [14.2167505, 40.8652846], [14.2168533, 40.8651254], [14.2169205, 40.8651037]]}}, {"type": "Feature", "properties": {"id": "SS-NAP-1299", "nome": "Via Giovanni Papini", "quartiere": "", "classificazione": "giallo", "score": 3, "note": "strada urbana senza ciclabile", "ciclabile": "no", "n_corsie": "2", "senso_unico": "no", "n_testimonianze": "0", "zona": "B1"}, "geometry": {"type": "LineString", "coordinates": [[14.1740017, 40.8600246], [14.1742779, 40.8596016], [14.1743103, 40.8595675], [14.1746254, 40.8591255]]}}, {"type": "Feature", "properties": {"id": "SS-NAP-1308", "nome": "Via Girolamo Cardano", "quartiere": "", "classificazione": "giallo", "score": 3, "note": "strada urbana senza ciclabile", "ciclabile": "no", "n_corsie": "2", "senso_unico": "no", "n_testimonianze": "0", "zona": "B1"}, "geometry": {"type": "MultiLineString", "coordinates": [[[14.1788432, 40.8641937], [14.1785612, 40.8645249], [14.1785538, 40.8645309], [14.1785469, 40.8645358], [14.1785216, 40.8645499], [14.1785137, 40.8645555], [14.1785082, 40.8645617], [14.178333, 40.8647886], [14.1783093, 40.8648069], [14.1782857, 40.8648158], [14.1782478, 40.8648207], [14.1781974, 40.8648205], [14.1778846, 40.8647709], [14.1778687, 40.8647688], [14.1778538, 40.8647694], [14.177841, 40.8647757], [14.1778288, 40.8647857], [14.1775507, 40.8651128], [14.1775171, 40.8651351], [14.1774678, 40.8651439], [14.1771108, 40.8652203], [14.1769204, 40.8653247], [14.1768613, 40.8653359], [14.1768037, 40.8653268], [14.1767527, 40.8653095], [14.176474, 40.8651321], [14.1764339, 40.8651148], [14.1763969, 40.8651104], [14.1763591, 40.865117], [14.1763205, 40.8651368], [14.17629, 40.8651635], [14.1760339, 40.8654191], [14.1759977, 40.8654404], [14.1759293, 40.8654515], [14.1757156, 40.8654685]], [[14.177841, 40.8647757], [14.1777277, 40.8647487], [14.1775815, 40.8647172], [14.1771282, 40.8646554], [14.1768976, 40.8646158], [14.1767416, 40.8645659], [14.1767215, 40.864559], [14.1767007, 40.8645478], [14.1766846, 40.8645311], [14.1766781, 40.8645169], [14.1766762, 40.864504], [14.1766765, 40.8644797], [14.1766754, 40.8644529], [14.1766679, 40.864425], [14.1766512, 40.8643986]]]}}, {"type": "Feature", "properties": {"id": "SS-NAP-1321", "nome": "Via Giulio Palermo", "quartiere": "", "classificazione": "giallo", "score": 3, "note": "strada urbana senza ciclabile (1 corsie)", "ciclabile": "no", "n_corsie": "1", "senso_unico": "si", "n_testimonianze": "0", "zona": "B1"}, "geometry": {"type": "MultiLineString", "coordinates": [[[14.2210715, 40.8610254], [14.2209171, 40.8611098], [14.2207684, 40.861191], [14.2206897, 40.861234], [14.2203161, 40.8614382], [14.2196788, 40.8618523], [14.2196551, 40.8620787]], [[14.2196551, 40.8620787], [14.2193798, 40.8621801], [14.2191723, 40.8622553], [14.2190388, 40.8623006], [14.2189084, 40.8623456]], [[14.2218606, 40.8606446], [14.221893, 40.8607576], [14.2218849, 40.8607941], [14.2218507, 40.8608261], [14.221729, 40.8608704], [14.2212834, 40.8609696], [14.2211812, 40.8609924], [14.2210715, 40.8610254]]]}}, {"type": "Feature", "properties": {"id": "SS-NAP-1323", "nome": "Via Giuseppa Eleonora Barbapiccola", "quartiere": "", "classificazione": "giallo", "score": 3, "note": "strada urbana senza ciclabile", "ciclabile": "no", "n_corsie": "2", "senso_unico": "no", "n_testimonianze": "0", "zona": "B1"}, "geometry": {"type": "LineString", "coordinates": [[14.1795971, 40.8600656], [14.1777508, 40.8593545]]}}, {"type": "Feature", "properties": {"id": "SS-NAP-1328", "nome": "Via Giuseppe Buonomo", "quartiere": "", "classificazione": "giallo", "score": 3, "note": "strada urbana senza ciclabile", "ciclabile": "no", "n_corsie": "2", "senso_unico": "no", "n_testimonianze": "0", "zona": "B1"}, "geometry": {"type": "LineString", "coordinates": [[14.243845, 40.8611113], [14.2437642, 40.8610929], [14.2435352, 40.8611487], [14.2433017, 40.8612718], [14.242477, 40.8617081], [14.2423673, 40.8618259], [14.2423142, 40.8619704], [14.2424239, 40.8624308], [14.2423779, 40.8625807], [14.2422399, 40.8627627], [14.2419851, 40.8629099], [14.2417656, 40.8630277], [14.2416461, 40.8630529], [14.2412915, 40.8630886]]}}, {"type": "Feature", "properties": {"id": "SS-NAP-1330", "nome": "Via Giuseppe Casciaro", "quartiere": "", "classificazione": "giallo", "score": 3, "note": "strada urbana senza ciclabile", "ciclabile": "no", "n_corsie": "2", "senso_unico": "no", "n_testimonianze": "0", "zona": "B1"}, "geometry": {"type": "LineString", "coordinates": [[14.2230212, 40.8544467], [14.2232112, 40.854444], [14.2237464, 40.8545168], [14.2238367, 40.8545291]]}}, {"type": "Feature", "properties": {"id": "SS-NAP-1335", "nome": "Via Giuseppe Donzelli", "quartiere": "", "classificazione": "giallo", "score": 3, "note": "strada urbana senza ciclabile", "ciclabile": "no", "n_corsie": "2", "senso_unico": "si", "n_testimonianze": "0", "zona": "B1"}, "geometry": {"type": "MultiLineString", "coordinates": [[[14.2409942, 40.8576886], [14.2405629, 40.857412]], [[14.240363, 40.8572839], [14.2401769, 40.8571536], [14.2401365, 40.8571253]]]}}, {"type": "Feature", "properties": {"id": "SS-NAP-1346", "nome": "Via Giuseppe Occhialini", "quartiere": "", "classificazione": "giallo", "score": 3, "note": "strada urbana senza ciclabile", "ciclabile": "no", "n_corsie": "2", "senso_unico": "no", "n_testimonianze": "0", "zona": "B1"}, "geometry": {"type": "LineString", "coordinates": [[14.1703332, 40.8638922], [14.1700244, 40.8642547], [14.1699209, 40.8643883], [14.1698783, 40.8644374], [14.1697956, 40.8645122], [14.1697151, 40.8645761], [14.1690548, 40.8650763], [14.1686374, 40.8653516], [14.1677452, 40.8659005]]}}, {"type": "Feature", "properties": {"id": "SS-NAP-1358", "nome": "Via Giuseppe Tropeano", "quartiere": "", "classificazione": "giallo", "score": 3, "note": "strada urbana senza ciclabile", "ciclabile": "no", "n_corsie": "2", "senso_unico": "si", "n_testimonianze": "0", "zona": "B1"}, "geometry": {"type": "LineString", "coordinates": [[14.2190388, 40.8623006], [14.2190524, 40.8625863], [14.2193392, 40.8631179], [14.2195247, 40.8634161], [14.2195545, 40.8634433], [14.2195942, 40.8634795]]}}, {"type": "Feature", "properties": {"id": "SS-NAP-1367", "nome": "Via Giustino russolillo", "quartiere": "", "classificazione": "giallo", "score": 3, "note": "strada urbana senza ciclabile", "ciclabile": "no", "n_corsie": "2", "senso_unico": "no", "n_testimonianze": "0", "zona": "B1"}, "geometry": {"type": "MultiLineString", "coordinates": [[[14.1661812, 40.862334], [14.1655591, 40.8628587], [14.1654043, 40.8630245], [14.1653207, 40.8630879]], [[14.1665912, 40.862048], [14.1663048, 40.8622531], [14.1661812, 40.862334]]]}}, {"type": "Feature", "properties": {"id": "SS-NAP-1368", "nome": "Via Goffredo Malaterra", "quartiere": "", "classificazione": "giallo", "score": 3, "note": "strada urbana senza ciclabile", "ciclabile": "no", "n_corsie": "2", "senso_unico": "si", "n_testimonianze": "0", "zona": "B1"}, "geometry": {"type": "MultiLineString", "coordinates": [[[14.2425533, 40.8579754], [14.2425917, 40.8579401], [14.2427576, 40.8577878], [14.2430206, 40.8575398], [14.2430409, 40.8575206]], [[14.243573, 40.8570493], [14.2430665, 40.8574979], [14.2430409, 40.8575206]]]}}, {"type": "Feature", "properties": {"id": "SS-NAP-1384", "nome": "Via Guido Calogero", "quartiere": "", "classificazione": "blu", "score": 2, "note": "zona pedonale / living street", "ciclabile": "no", "n_corsie": "1", "senso_unico": "no", "n_testimonianze": "0", "zona": "B1"}, "geometry": {"type": "LineString", "coordinates": [[14.2389664, 40.9060746], [14.239124, 40.9059784], [14.2391745, 40.9059346], [14.23924, 40.9057803], [14.239366, 40.9055993], [14.2395147, 40.9054774], [14.2396836, 40.905386], [14.2398626, 40.9053231], [14.2401827, 40.9052907], [14.2404498, 40.9053383], [14.240712, 40.9054336], [14.240901, 40.9055784], [14.2410316, 40.9057302], [14.2411027, 40.9057346], [14.2411732, 40.905706], [14.2411984, 40.9056717], [14.2411993, 40.9055745]]}}, {"type": "Feature", "properties": {"id": "SS-NAP-1392", "nome": "Via Hugo Pratt", "quartiere": "", "classificazione": "giallo", "score": 3, "note": "strada urbana senza ciclabile", "ciclabile": "no", "n_corsie": "2", "senso_unico": "no", "n_testimonianze": "0", "zona": "B1"}, "geometry": {"type": "LineString", "coordinates": [[14.2380203, 40.9090366], [14.2381007, 40.9090908], [14.2389939, 40.9096099], [14.2390366, 40.9096191], [14.2390858, 40.9096178], [14.2391231, 40.9095983], [14.2393062, 40.9094315], [14.2393394, 40.9093504], [14.2396603, 40.9090598], [14.2402615, 40.9085153], [14.240849, 40.9079833], [14.2408607, 40.9079726], [14.2409125, 40.9079038], [14.240915, 40.9078317], [14.2408727, 40.9076472], [14.2408485, 40.9075419], [14.2407618, 40.907164], [14.2407637, 40.9071237], [14.2407909, 40.9070824], [14.2408775, 40.9070097], [14.2408815, 40.9069649], [14.2408615, 40.9069348], [14.2407004, 40.9068111], [14.2405474, 40.9067214]]}}, {"type": "Feature", "properties": {"id": "SS-NAP-1397", "nome": "Via Ignazio Silone", "quartiere": "", "classificazione": "giallo", "score": 3, "note": "strada urbana senza ciclabile", "ciclabile": "no", "n_corsie": "2", "senso_unico": "no", "n_testimonianze": "0", "zona": "B1"}, "geometry": {"type": "LineString", "coordinates": [[14.1758078, 40.8615138], [14.1734636, 40.8604194], [14.1720657, 40.859762]]}}, {"type": "Feature", "properties": {"id": "SS-NAP-1408", "nome": "Via Jacopo Carrucci detto il Pontorno", "quartiere": "", "classificazione": "giallo", "score": 3, "note": "strada urbana senza ciclabile", "ciclabile": "no", "n_corsie": "2", "senso_unico": "no", "n_testimonianze": "0", "zona": "B1"}, "geometry": {"type": "MultiLineString", "coordinates": [[[14.180705, 40.8611561], [14.180846, 40.8608777], [14.1808517, 40.8608574], [14.1808536, 40.860833], [14.1808497, 40.8608144]], [[14.1829777, 40.8620029], [14.1828126, 40.8619033], [14.1827082, 40.861859], [14.1807445, 40.86117], [14.180705, 40.8611561], [14.1806623, 40.8611347], [14.1806578, 40.8611263], [14.1806593, 40.861117], [14.1808086, 40.8608476], [14.1808267, 40.8608273], [14.1808497, 40.8608144]]]}}, {"type": "Feature", "properties": {"id": "SS-NAP-1412", "nome": "Via Karl Barth", "quartiere": "", "classificazione": "giallo", "score": 3, "note": "strada urbana senza ciclabile", "ciclabile": "no", "n_corsie": "2", "senso_unico": "no", "n_testimonianze": "0", "zona": "B1"}, "geometry": {"type": "LineString", "coordinates": [[14.2412478, 40.8948743], [14.2417145, 40.8948256], [14.2420957, 40.8948173]]}}, {"type": "Feature", "properties": {"id": "SS-NAP-1428", "nome": "Via Leo Longanesi", "quartiere": "", "classificazione": "giallo", "score": 3, "note": "strada urbana senza ciclabile", "ciclabile": "no", "n_corsie": "2", "senso_unico": "no", "n_testimonianze": "0", "zona": "B1"}, "geometry": {"type": "MultiLineString", "coordinates": [[[14.2348661, 40.8928951], [14.2349079, 40.8928803], [14.2349796, 40.8928549], [14.2353252, 40.8927129], [14.2354541, 40.8926643], [14.2355713, 40.8926272], [14.235747, 40.8925737], [14.2368039, 40.8922818]], [[14.2368039, 40.8922818], [14.2368966, 40.8923524], [14.236919, 40.8923681], [14.2369321, 40.8923827], [14.2369506, 40.8924073], [14.2369649, 40.8924333], [14.2369753, 40.8924626], [14.2369723, 40.8924985], [14.236958, 40.8925332], [14.2369357, 40.8925613], [14.2369071, 40.8925847], [14.2368685, 40.8926046], [14.2367509, 40.892648], [14.2366846, 40.8926754], [14.2366774, 40.8926798], [14.2366699, 40.8926875], [14.2366671, 40.8926948], [14.2366665, 40.8927086], [14.2366755, 40.8927339]]]}}, {"type": "Feature", "properties": {"id": "SS-NAP-1429", "nome": "Via Leonardo Bianchi", "quartiere": "", "classificazione": "giallo", "score": 3, "note": "strada urbana senza ciclabile", "ciclabile": "no", "n_corsie": "2", "senso_unico": "si", "n_testimonianze": "0", "zona": "B1"}, "geometry": {"type": "MultiLineString", "coordinates": [[[14.2130991, 40.8681056], [14.2132454, 40.8680549], [14.2133688, 40.8680022], [14.2134546, 40.8679637]], [[14.2134546, 40.8679637], [14.2133232, 40.8680773], [14.2132491, 40.8681488], [14.2131945, 40.8682086]], [[14.2134546, 40.8679637], [14.2141682, 40.8675205], [14.2146, 40.867254], [14.2167113, 40.8658797], [14.2169074, 40.8657586], [14.2177242, 40.865254], [14.2179766, 40.8650689], [14.2187878, 40.8642543], [14.2189626, 40.8640783], [14.2190141, 40.8640308], [14.2190463, 40.8640023], [14.2190869, 40.8639642]], [[14.2190869, 40.8639642], [14.2191538, 40.8638813]]]}}, {"type": "Feature", "properties": {"id": "SS-NAP-1431", "nome": "Via Leonardo Sciascia", "quartiere": "", "classificazione": "giallo", "score": 3, "note": "strada urbana senza ciclabile", "ciclabile": "no", "n_corsie": "2", "senso_unico": "si", "n_testimonianze": "0", "zona": "B1"}, "geometry": {"type": "MultiLineString", "coordinates": [[[14.1720657, 40.859762], [14.1717029, 40.8602158], [14.1715049, 40.8605232]], [[14.1724149, 40.8592622], [14.1720657, 40.859762]]]}}, {"type": "Feature", "properties": {"id": "SS-NAP-1432", "nome": "Via Leone Marsicano", "quartiere": "", "classificazione": "giallo", "score": 3, "note": "strada urbana senza ciclabile", "ciclabile": "no", "n_corsie": "2", "senso_unico": "si", "n_testimonianze": "0", "zona": "B1"}, "geometry": {"type": "LineString", "coordinates": [[14.2423505, 40.8552504], [14.2423266, 40.8552287], [14.2416107, 40.8549004], [14.2415517, 40.854872], [14.241532, 40.854858], [14.2415087, 40.8548415], [14.2414074, 40.8547513], [14.2412702, 40.854629], [14.2412647, 40.8546193], [14.2412526, 40.854598]]}}, {"type": "Feature", "properties": {"id": "SS-NAP-1448", "nome": "Via Lorenzo Perosi", "quartiere": "", "classificazione": "giallo", "score": 3, "note": "strada urbana senza ciclabile", "ciclabile": "no", "n_corsie": "2", "senso_unico": "no", "n_testimonianze": "0", "zona": "B1"}, "geometry": {"type": "LineString", "coordinates": [[14.2270384, 40.8538068], [14.2265171, 40.8535654], [14.225855, 40.8533341], [14.2257713, 40.8533057]]}}, {"type": "Feature", "properties": {"id": "SS-NAP-1461", "nome": "Via Ludovico Antinori", "quartiere": "", "classificazione": "giallo", "score": 3, "note": "strada urbana senza ciclabile", "ciclabile": "no", "n_corsie": "2", "senso_unico": "no", "n_testimonianze": "0", "zona": "B1"}, "geometry": {"type": "MultiLineString", "coordinates": [[[14.243088, 40.8549959], [14.2430632, 40.8549818], [14.2429583, 40.8549322], [14.2428165, 40.8548651]], [[14.2428165, 40.8548651], [14.2422787, 40.8546259], [14.2420449, 40.8545511], [14.241443, 40.8547401], [14.2414074, 40.8547513]]]}}, {"type": "Feature", "properties": {"id": "SS-NAP-1465", "nome": "Via Luigi Campagnone", "quartiere": "", "classificazione": "giallo", "score": 3, "note": "strada urbana senza ciclabile", "ciclabile": "no", "n_corsie": "2", "senso_unico": "no", "n_testimonianze": "0", "zona": "B1"}, "geometry": {"type": "LineString", "coordinates": [[14.2275824, 40.8905726], [14.2275881, 40.890542], [14.2275946, 40.8903774], [14.2275946, 40.8902433], [14.2275875, 40.8901494], [14.2275781, 40.8900953], [14.2275547, 40.8900167], [14.227531, 40.8899515], [14.2273716, 40.8896697], [14.2273671, 40.8896621], [14.2272035, 40.8894139], [14.2271267, 40.8893032], [14.2270113, 40.8892028], [14.2267594, 40.8889837], [14.2267473, 40.8889711], [14.2264975, 40.8887272], [14.2262007, 40.8884582]]}}, {"type": "Feature", "properties": {"id": "SS-NAP-1470", "nome": "Via Luigi Incoronato", "quartiere": "", "classificazione": "giallo", "score": 3, "note": "strada urbana senza ciclabile", "ciclabile": "no", "n_corsie": "2", "senso_unico": "si", "n_testimonianze": "0", "zona": "B1"}, "geometry": {"type": "LineString", "coordinates": [[14.2411931, 40.891264], [14.2410415, 40.8910276], [14.2408577, 40.8907548], [14.2408406, 40.8907351], [14.2408253, 40.8907198], [14.240798, 40.8907031], [14.2407612, 40.8906926], [14.2407322, 40.8906913], [14.2407096, 40.890693], [14.2399587, 40.8909043], [14.2399369, 40.8909042], [14.2399191, 40.8908984], [14.2399102, 40.8908904], [14.2398292, 40.8907469], [14.2396905, 40.890462]]}}, {"type": "Feature", "properties": {"id": "SS-NAP-1482", "nome": "Via Luigi Santamaria", "quartiere": "", "classificazione": "giallo", "score": 3, "note": "strada urbana senza ciclabile", "ciclabile": "no", "n_corsie": "2", "senso_unico": "no", "n_testimonianze": "0", "zona": "B1"}, "geometry": {"type": "LineString", "coordinates": [[14.1799699, 40.8649778], [14.1798389, 40.8649206], [14.1797337, 40.864893], [14.179605, 40.8648768], [14.179489, 40.8648281], [14.1794235, 40.8647962], [14.1793931, 40.8647746], [14.1793702, 40.8647464], [14.1793626, 40.8647258], [14.1793648, 40.8647029], [14.1794725, 40.8640692], [14.1794728, 40.8640582], [14.1794707, 40.8640499], [14.1794653, 40.8640436], [14.1794581, 40.864039], [14.178811, 40.8637244], [14.1784386, 40.8635146], [14.178303, 40.8634466], [14.1781772, 40.8634055], [14.1780425, 40.8633752], [14.1778942, 40.8633531]]}}, {"type": "Feature", "properties": {"id": "SS-NAP-1489", "nome": "Via Lydia Cottone", "quartiere": "", "classificazione": "giallo", "score": 3, "note": "strada urbana senza ciclabile", "ciclabile": "no", "n_corsie": "2", "senso_unico": "no", "n_testimonianze": "0", "zona": "B1"}, "geometry": {"type": "LineString", "coordinates": [[14.2167113, 40.8658797], [14.2165584, 40.8657261], [14.2164095, 40.8653628], [14.2163815, 40.8653287], [14.2162112, 40.864832], [14.2161799, 40.8647621], [14.2161209, 40.8646251]]}}, {"type": "Feature", "properties": {"id": "SS-NAP-1495", "nome": "Via Madonna delle Grazie", "quartiere": "", "classificazione": "giallo", "score": 3, "note": "strada urbana senza ciclabile", "ciclabile": "no", "n_corsie": "2", "senso_unico": "si", "n_testimonianze": "0", "zona": "B1"}, "geometry": {"type": "MultiLineString", "coordinates": [[[14.2375914, 40.8866939], [14.2375858, 40.8867568], [14.2375842, 40.8868313], [14.2375856, 40.8869409]], [[14.2374543, 40.886609], [14.2374662, 40.886545]], [[14.2375856, 40.8869409], [14.2375662, 40.8869042]], [[14.2055571, 40.847866], [14.2055046, 40.8477766], [14.2054161, 40.8476772], [14.2053551, 40.8475774], [14.2052766, 40.8474804], [14.2051854, 40.8474134], [14.2050837, 40.8473478]], [[14.2377091, 40.8880374], [14.2377369, 40.8879311], [14.2377464, 40.8878723], [14.2377481, 40.8878052], [14.2377422, 40.8876876], [14.2377251, 40.8875732], [14.2376564, 40.8872668], [14.2375958, 40.8869877], [14.2375856, 40.8869409]], [[14.2374662, 40.886545], [14.2374288, 40.8864714], [14.2373814, 40.8863782]], [[14.2374662, 40.886545], [14.2375312, 40.8865978]], [[14.2357921, 40.8888077], [14.2359742, 40.8887842], [14.2360394, 40.8887778], [14.2362205, 40.8887373], [14.2364284, 40.8886947], [14.2366187, 40.888646], [14.2372873, 40.8884175], [14.2374782, 40.888339], [14.237565, 40.8882909], [14.2375812, 40.8882713], [14.2375967, 40.8882517], [14.2376068, 40.8882333], [14.2376706, 40.8881018], [14.2376836, 40.8880784], [14.2377091, 40.8880374]], [[14.2375662, 40.8869042], [14.2375105, 40.8868511], [14.2374369, 40.8867932], [14.2373811, 40.8867648], [14.2372911, 40.8867413]], [[14.2375662, 40.8869042], [14.2375252, 40.8868265], [14.237502, 40.8867829], [14.2374596, 40.8867234]], [[14.2373814, 40.8863782], [14.2371853, 40.8860297], [14.2371248, 40.8859011], [14.2369924, 40.8856164], [14.2369534, 40.8855178], [14.2369206, 40.885415], [14.2368964, 40.8853119], [14.2368632, 40.8851227], [14.2368264, 40.8848291], [14.2368264, 40.8846914]]]}}, {"type": "Feature", "properties": {"id": "SS-NAP-1501", "nome": "Via Marano Pianura", "quartiere": "", "classificazione": "giallo", "score": 3, "note": "strada urbana senza ciclabile", "ciclabile": "no", "n_corsie": "2", "senso_unico": "no", "n_testimonianze": "0", "zona": "B1"}, "geometry": {"type": "MultiLineString", "coordinates": [[[14.1858495, 40.8760239], [14.1857344, 40.8761892], [14.1856656, 40.8763344], [14.1856408, 40.8765596], [14.1856454, 40.8767436], [14.1856, 40.8768807], [14.1852776, 40.877328], [14.1852262, 40.8774681], [14.1851913, 40.8776729], [14.1851423, 40.878415], [14.1851373, 40.8788706], [14.1851368, 40.8789132], [14.1851518, 40.8790358], [14.1851991, 40.8792388], [14.1851993, 40.8793367], [14.185019, 40.8799224], [14.1849891, 40.8801635], [14.1849772, 40.88038], [14.1848991, 40.8805498], [14.1848418, 40.880619], [14.1847712, 40.8807043], [14.1847744, 40.880835], [14.1848825, 40.8811539], [14.1848747, 40.8812757], [14.1846804, 40.8818523], [14.1845432, 40.8820574], [14.1845137, 40.8821352], [14.1845128, 40.8821706], [14.1845513, 40.8822452], [14.1846008, 40.8823168], [14.1846321, 40.8823693], [14.1847811, 40.8825452], [14.1849325, 40.8827962]], [[14.1720635, 40.8735502], [14.1723507, 40.8736576], [14.1724236, 40.8737999], [14.172492, 40.8739287], [14.1725349, 40.8740312], [14.1725712, 40.8742005], [14.1726157, 40.874356], [14.1726583, 40.8744631], [14.1727106, 40.8745311], [14.1728032, 40.8746], [14.1730365, 40.8747369], [14.1731498, 40.8748031], [14.1732658, 40.8749448], [14.1733503, 40.8750503], [14.1734335, 40.8751568], [14.1735515, 40.8752653], [14.1736975, 40.8753607], [14.173758, 40.8754792], [14.1737983, 40.8755827], [14.1738506, 40.8757784], [14.1738492, 40.8758392], [14.1738117, 40.875892], [14.1736306, 40.8760157], [14.1735555, 40.8760816], [14.1735354, 40.8761647], [14.1735622, 40.8762895], [14.1736118, 40.876476], [14.1736534, 40.8765156], [14.1737272, 40.8765592], [14.1738251, 40.8765835], [14.1741161, 40.8765521], [14.1742699, 40.8765489], [14.1743307, 40.876544], [14.1743991, 40.8765247], [14.1745117, 40.8764629], [14.1746432, 40.8763726], [14.1747563, 40.8762828], [14.1748846, 40.8761526], [14.175024, 40.8760471], [14.1754693, 40.8758027], [14.1755953, 40.8757165], [14.1757469, 40.8755664], [14.1758394, 40.8755137], [14.1759212, 40.8754863], [14.1761734, 40.8754397], [14.1765851, 40.8753778], [14.1769364, 40.8753068], [14.1771577, 40.875316], [14.1773535, 40.8753281], [14.1776187, 40.8753442], [14.1778672, 40.8753606], [14.1780933, 40.8754104], [14.1782896, 40.8754529], [14.1784881, 40.8755168], [14.1787215, 40.875603], [14.1790111, 40.8757277], [14.1790876, 40.8757622], [14.1791533, 40.8757774], [14.1792995, 40.8757855], [14.17951, 40.8757774], [14.1798507, 40.8757459], [14.1804546, 40.8756884], [14.1806915, 40.8756658], [14.1809651, 40.8756111], [14.181067, 40.8755725], [14.1811234, 40.875534], [14.1813017, 40.8753657], [14.1814669, 40.8752503], [14.1816638, 40.8751], [14.1817698, 40.8750432], [14.1818771, 40.8750077], [14.1820179, 40.8750006], [14.1821606, 40.8750239], [14.1824016, 40.8750681], [14.1826134, 40.8750791], [14.1828762, 40.875046], [14.1830398, 40.8750412], [14.1831537, 40.8750736], [14.1833818, 40.8752065], [14.1835709, 40.87532], [14.1836795, 40.8753383], [14.1837788, 40.8753251], [14.1839558, 40.8752653], [14.1840899, 40.8751801], [14.1841838, 40.8751152], [14.1842926, 40.8750629], [14.1846384, 40.8750635], [14.1847586, 40.8750795], [14.1848695, 40.8751201], [14.1849737, 40.875175], [14.1850545, 40.8752686], [14.1851618, 40.8755452], [14.1852005, 40.8756115], [14.1852494, 40.8756699], [14.1855634, 40.8758541], [14.1858495, 40.8760239]]]}}, {"type": "Feature", "properties": {"id": "SS-NAP-1514", "nome": "Via Marco Rocco di Torrepadula", "quartiere": "", "classificazione": "rosso", "score": 4, "note": "strada secondaria trafficata", "ciclabile": "no", "n_corsie": "2", "senso_unico": "no", "n_testimonianze": "0", "zona": "B1"}, "geometry": {"type": "LineString", "coordinates": [[14.2218015, 40.8747624], [14.2219254, 40.8747607], [14.2226597, 40.8747434], [14.2228639, 40.8747643], [14.2230586, 40.8748252], [14.2232688, 40.8749213], [14.223568, 40.8750797], [14.2236659, 40.8751507], [14.2237506, 40.8752324], [14.2238346, 40.8754179], [14.2238934, 40.8755712], [14.2239636, 40.8756239], [14.2240535, 40.8756638], [14.2241693, 40.8756815], [14.22432, 40.8756945], [14.2244129, 40.8756932], [14.2245158, 40.875659], [14.2249479, 40.8754843], [14.2251956, 40.8753954], [14.2255464, 40.8753309], [14.2257101, 40.8753175], [14.2259506, 40.8753292], [14.2264872, 40.8753975], [14.2267575, 40.8754516], [14.2269616, 40.8755422], [14.2270361, 40.8756111], [14.2270846, 40.875678], [14.2271125, 40.8757601], [14.2271251, 40.8758509], [14.227118, 40.8762743], [14.2271227, 40.8764248], [14.2272257, 40.8767104], [14.2273292, 40.8768818], [14.227421, 40.876979], [14.2276272, 40.8771945], [14.2278046, 40.8773755], [14.2279056, 40.8774876], [14.2279203, 40.8776082], [14.2277867, 40.877985], [14.2277796, 40.8780583], [14.2277932, 40.87815], [14.2278398, 40.8782056], [14.2279033, 40.8782457], [14.228216, 40.8784185], [14.2284609, 40.8785439], [14.2285911, 40.8785907], [14.22865, 40.8786084], [14.228745, 40.8786252], [14.2288409, 40.8786225], [14.22938, 40.8785405], [14.2296952, 40.8784996], [14.2297544, 40.8784987], [14.2300143, 40.8784947], [14.2306852, 40.8785489], [14.2308334, 40.8786166], [14.2309083, 40.8787188], [14.2309197, 40.8788419], [14.2308546, 40.8790635], [14.2308367, 40.8792371], [14.2308807, 40.8793804], [14.2309578, 40.8795658], [14.2310405, 40.8797077], [14.2310466, 40.8797182]]}}, {"type": "Feature", "properties": {"id": "SS-NAP-1520", "nome": "Via Marianella", "quartiere": "", "classificazione": "giallo", "score": 3, "note": "strada urbana senza ciclabile", "ciclabile": "no", "n_corsie": "2", "senso_unico": "si", "n_testimonianze": "0", "zona": "B1"}, "geometry": {"type": "MultiLineString", "coordinates": [[[14.2331558, 40.8893009], [14.2332238, 40.8892865]], [[14.23361, 40.8891444], [14.2341521, 40.8890117], [14.2344843, 40.8889367], [14.2347016, 40.8888997], [14.2349157, 40.8888811], [14.2351806, 40.8888664], [14.2357247, 40.8888155], [14.2357921, 40.8888077]], [[14.2332238, 40.8892865], [14.2331843, 40.8893255]], [[14.2332238, 40.8892865], [14.2332422, 40.8892795], [14.2334328, 40.889207], [14.23361, 40.8891444]]]}}, {"type": "Feature", "properties": {"id": "SS-NAP-1521", "nome": "Via Mariano Semmola", "quartiere": "", "classificazione": "rosso", "score": 4, "note": "strada secondaria trafficata", "ciclabile": "no", "n_corsie": "2", "senso_unico": "si", "n_testimonianze": "0", "zona": "B1"}, "geometry": {"type": "MultiLineString", "coordinates": [[[14.21931, 40.8637592], [14.2194032, 40.8636711], [14.2194175, 40.8636576], [14.2195942, 40.8634795], [14.2200042, 40.8630875], [14.2200973, 40.8629973], [14.2203156, 40.8627859], [14.2203727, 40.8627468], [14.2204998, 40.8626248], [14.2208136, 40.8623239]], [[14.2208136, 40.8623239], [14.2210321, 40.8621005], [14.2213172, 40.8618246], [14.2215995, 40.861555], [14.2217403, 40.8614173], [14.2218837, 40.8612718], [14.2219538, 40.8612219], [14.222031, 40.8611696], [14.2221337, 40.8611212], [14.2222369, 40.8610973], [14.2223427, 40.8610874], [14.2224282, 40.8610925], [14.2225112, 40.8611071]]]}}, {"type": "Feature", "properties": {"id": "SS-NAP-1530", "nome": "Via Marino e Cotronei", "quartiere": "", "classificazione": "rosso", "score": 4, "note": "strada secondaria trafficata", "ciclabile": "no", "n_corsie": "2", "senso_unico": "si", "n_testimonianze": "0", "zona": "B1"}, "geometry": {"type": "LineString", "coordinates": [[14.2340635, 40.8540751], [14.2339704, 40.8541402], [14.2337536, 40.8542918], [14.2337305, 40.8543279], [14.2337201, 40.8543615], [14.2337175, 40.8543772], [14.2337126, 40.8544062], [14.2336987, 40.8544966]]}}, {"type": "Feature", "properties": {"id": "SS-NAP-1556", "nome": "Via Matteo Renato Imbriani", "quartiere": "", "classificazione": "rosso", "score": 4, "note": "strada secondaria trafficata", "ciclabile": "no", "n_corsie": "2", "senso_unico": "si", "n_testimonianze": "0", "zona": "B1"}, "geometry": {"type": "MultiLineString", "coordinates": [[[14.2454943, 40.8528786], [14.2454104, 40.8529333], [14.2453225, 40.8529906], [14.2452517, 40.8530368], [14.2447993, 40.8533076], [14.2445686, 40.8534462], [14.2440153, 40.8537295], [14.2436049, 40.8538397], [14.2431977, 40.8539332], [14.2429866, 40.8539832], [14.2417587, 40.8543652], [14.241286, 40.8545827], [14.2412526, 40.854598], [14.241127, 40.8546457], [14.2409515, 40.8546946], [14.2409026, 40.8547079], [14.2407818, 40.8547383], [14.240759, 40.854744], [14.2405712, 40.8547634], [14.2403247, 40.8547697], [14.2400733, 40.8547686], [14.2396569, 40.8547426], [14.2394537, 40.8547385], [14.2392759, 40.8547496], [14.2388387, 40.8547889], [14.2386768, 40.8547925], [14.2384984, 40.8547903], [14.2382439, 40.8547872]], [[14.2370233, 40.8550384], [14.2370258, 40.8549928], [14.2370379, 40.8549291], [14.2370862, 40.8548073], [14.2371568, 40.8546323], [14.2371787, 40.854574], [14.2372291, 40.8544395], [14.2371545, 40.8542434], [14.237132, 40.8542091], [14.2370824, 40.8541611], [14.2369879, 40.8541057], [14.236944, 40.8540799], [14.2368988, 40.8540651], [14.2368137, 40.8540424], [14.2362375, 40.8539012], [14.2361763, 40.8539003], [14.2361428, 40.8539061], [14.2359703, 40.8539413], [14.2359387, 40.853949], [14.2359007, 40.8539583], [14.2358656, 40.8539669]]]}}, {"type": "Feature", "properties": {"id": "SS-NAP-1568", "nome": "Via Miano a Piscinola", "quartiere": "", "classificazione": "giallo", "score": 3, "note": "strada urbana senza ciclabile", "ciclabile": "no", "n_corsie": "2", "senso_unico": "si", "n_testimonianze": "0", "zona": "B1"}, "geometry": {"type": "LineString", "coordinates": [[14.2381643, 40.892501], [14.2381713, 40.8924956], [14.2381778, 40.8924904], [14.2389792, 40.8921196], [14.2396858, 40.8918474], [14.2408183, 40.8914874], [14.240831, 40.8914843], [14.2408423, 40.8914824]]}}, {"type": "Feature", "properties": {"id": "SS-NAP-1575", "nome": "Via Michele Galdieri", "quartiere": "", "classificazione": "giallo", "score": 3, "note": "strada urbana senza ciclabile", "ciclabile": "no", "n_corsie": "2", "senso_unico": "si", "n_testimonianze": "0", "zona": "B1"}, "geometry": {"type": "LineString", "coordinates": [[14.1804696, 40.8589435], [14.179661, 40.8586442], [14.1796161, 40.8586376], [14.1795902, 40.8586376], [14.1795603, 40.8586457], [14.1795365, 40.8586556], [14.1795195, 40.8586717], [14.1793971, 40.8588779], [14.1793756, 40.8588958], [14.1793434, 40.858907], [14.1793157, 40.858912], [14.1792921, 40.858907], [14.178629, 40.8586571], [14.1786096, 40.8586328], [14.1786054, 40.8586133], [14.1786076, 40.8585907], [14.1786269, 40.8585452], [14.1788609, 40.8579659]]}}, {"type": "Feature", "properties": {"id": "SS-NAP-1580", "nome": "Via Michele Pietravalle", "quartiere": "", "classificazione": "giallo", "score": 3, "note": "strada urbana senza ciclabile", "ciclabile": "no", "n_corsie": "2", "senso_unico": "no", "n_testimonianze": "0", "zona": "B1"}, "geometry": {"type": "MultiLineString", "coordinates": [[[14.2276002, 40.8687109], [14.2275897, 40.8686205], [14.2275835, 40.8685671]], [[14.2276281, 40.8689702], [14.2276087, 40.8687903], [14.2276002, 40.8687109]], [[14.2276281, 40.8689702], [14.227568, 40.8695272], [14.2275662, 40.869544]], [[14.2277321, 40.8685505], [14.2275835, 40.8685671]], [[14.2275835, 40.8685671], [14.2270257, 40.8685974], [14.2260123, 40.8686589], [14.2256153, 40.8686747], [14.225476, 40.8686802], [14.2252546, 40.8686918], [14.2249729, 40.8687009], [14.2245092, 40.8687158], [14.2242426, 40.8687338], [14.2240655, 40.8687457], [14.2240507, 40.8687467], [14.2239589, 40.8687423], [14.2237015, 40.8687207], [14.2234803, 40.8686914], [14.2230769, 40.8685616], [14.2229589, 40.8685349], [14.2228222, 40.8685249]]]}}, {"type": "Feature", "properties": {"id": "SS-NAP-1582", "nome": "Via Michele Pizzuti", "quartiere": "", "classificazione": "giallo", "score": 3, "note": "strada urbana senza ciclabile", "ciclabile": "no", "n_corsie": "2", "senso_unico": "no", "n_testimonianze": "0", "zona": "B1"}, "geometry": {"type": "MultiLineString", "coordinates": [[[14.1951895, 40.8657875], [14.196153, 40.866286], [14.1962462, 40.8663064], [14.1964452, 40.8663095], [14.19664, 40.8663291], [14.1968803, 40.8664961], [14.1970622, 40.8666926], [14.1970641, 40.8667866], [14.1969787, 40.867101], [14.1969063, 40.8671444], [14.1967831, 40.8671725], [14.1965075, 40.8672109], [14.1963536, 40.8672322], [14.196115, 40.8673965], [14.1960426, 40.8674342], [14.1959369, 40.8674574], [14.1958035, 40.8674547], [14.1954061, 40.8674096], [14.1952892, 40.8673605], [14.1951712, 40.8672629], [14.194997, 40.8671198], [14.1948476, 40.8670855], [14.1947745, 40.8670864], [14.194704, 40.8670977], [14.1942956, 40.8672181], [14.1939242, 40.8673521], [14.193763, 40.8673949]], [[14.193763, 40.8673949], [14.193337, 40.8672806]]]}}, {"type": "Feature", "properties": {"id": "SS-NAP-1603", "nome": "Via Montagna Spaccata", "quartiere": "", "classificazione": "rosso", "score": 4, "note": "strada secondaria trafficata", "ciclabile": "no", "n_corsie": "2", "senso_unico": "no", "n_testimonianze": "0", "zona": "B1"}, "geometry": {"type": "MultiLineString", "coordinates": [[[14.1301873, 40.8641558], [14.1316667, 40.864275], [14.13432, 40.86463], [14.1349217, 40.8646717], [14.1357383, 40.86466], [14.1361333, 40.864635], [14.1365133, 40.8645717], [14.1367365, 40.8644783], [14.1369581, 40.8643856], [14.1372907, 40.8642274], [14.1380552, 40.8638398], [14.1387786, 40.8636334], [14.1390167, 40.8635383], [14.1395455, 40.8633288], [14.1397235, 40.86327], [14.1399049, 40.8632085], [14.1400728, 40.8631512], [14.1401396, 40.8631249], [14.1401995, 40.8631014], [14.1403241, 40.8630424], [14.1405089, 40.8629446], [14.1408325, 40.8627533], [14.1410615, 40.8626166], [14.1417764, 40.8621952]], [[14.1817597, 40.8482042], [14.1822278, 40.8479364], [14.1827544, 40.8476117], [14.1829483, 40.8474875]], [[14.183014, 40.8475774], [14.182818, 40.8476865], [14.1823049, 40.847997], [14.181826, 40.8482743], [14.1812519, 40.848533], [14.1804822, 40.8488158], [14.180211, 40.8489525], [14.1801093, 40.849057]], [[14.1785535, 40.8494911], [14.1780576, 40.8496119], [14.1779369, 40.8496452], [14.1766731, 40.8499618], [14.1761857, 40.8501157], [14.1751371, 40.8504527], [14.1737627, 40.8509169], [14.1721317, 40.8514495], [14.171004, 40.8518537], [14.1706788, 40.8519703], [14.1700505, 40.8521768], [14.1697934, 40.8522654], [14.1695309, 40.8523558], [14.1692602, 40.8524525], [14.1691807, 40.8524854], [14.1691434, 40.8525068], [14.1691144, 40.8525354], [14.1690844, 40.8525757], [14.1690512, 40.8526758]], [[14.1631029, 40.8544291], [14.1635659, 40.854312]], [[14.1782292, 40.8494757], [14.1782065, 40.8494244], [14.178189, 40.8493849], [14.1781868, 40.8493346], [14.1782041, 40.8492842], [14.1782459, 40.8492482], [14.1782885, 40.8492547], [14.1783321, 40.8492541], [14.1783852, 40.8492491], [14.178433, 40.8492397], [14.1785035, 40.8492024], [14.1785149, 40.8491973], [14.1788743, 40.8490406], [14.1792535, 40.8489037], [14.1793038, 40.8488774], [14.1793369, 40.8488373], [14.1793566, 40.8487912], [14.1793585, 40.8487437], [14.1792986, 40.8486456], [14.1792103, 40.8484989], [14.1791413, 40.8483366]], [[14.1629367, 40.8546577], [14.1627935, 40.8546327], [14.1627289, 40.8546191], [14.1625664, 40.8546125], [14.1624291, 40.8546249], [14.1623628, 40.8546459], [14.1611463, 40.8550321], [14.1604724, 40.8552499], [14.1597325, 40.855486], [14.1596566, 40.8555102], [14.1594817, 40.8555732], [14.1593761, 40.8556144], [14.1592983, 40.8556626], [14.1592366, 40.8557237], [14.1591925, 40.855772]], [[14.1687681, 40.8528407], [14.1687351, 40.8528017], [14.1687214, 40.8527566], [14.1687285, 40.8527106], [14.1687556, 40.8526691], [14.1687996, 40.852637], [14.1688512, 40.8526187], [14.1689079, 40.8526136], [14.1689637, 40.8526222], [14.1690132, 40.8526437], [14.1690512, 40.8526758], [14.1690718, 40.8527094], [14.1690796, 40.8527459], [14.1690741, 40.8527826], [14.1690557, 40.8528168], [14.1690206, 40.8528497], [14.1689738, 40.8528728], [14.1689199, 40.8528839], [14.1688641, 40.8528819], [14.1688118, 40.852867], [14.1687681, 40.8528407]], [[14.1680777, 40.8528517], [14.1681972, 40.8527866], [14.1682139, 40.8527775], [14.1683876, 40.8527281], [14.1684833, 40.8527086], [14.1686198, 40.8526854], [14.1687996, 40.852637], [14.1688984, 40.8525375], [14.1689833, 40.8524777], [14.169091, 40.8524194], [14.1691093, 40.8524134], [14.1696045, 40.8522506], [14.169758, 40.8522021], [14.1703379, 40.8520186], [14.1721889, 40.8513535], [14.1737199, 40.8508504], [14.1747204, 40.8505187], [14.1751809, 40.850366], [14.1766447, 40.8498958], [14.1782292, 40.8494757], [14.1785162, 40.8494078]], [[14.1669919, 40.8532011], [14.1680777, 40.8528517]], [[14.1635659, 40.854312], [14.1637123, 40.8542645], [14.1649398, 40.8538662]], [[14.1635659, 40.854312], [14.1633621, 40.8544655], [14.1632841, 40.8545735]], [[14.1663695, 40.8533792], [14.1667725, 40.8532517], [14.1669919, 40.8532011]], [[14.159081, 40.8556866], [14.1592409, 40.8555642], [14.15953, 40.855485], [14.1595865, 40.8554681], [14.1604506, 40.8552098], [14.1611239, 40.8549922], [14.1623426, 40.8546042], [14.1624069, 40.8545849], [14.1624811, 40.8545681], [14.1627418, 40.8545371], [14.1629301, 40.8544972]], [[14.1687681, 40.8528407], [14.168604, 40.852798], [14.1684101, 40.852798], [14.1682287, 40.8528326], [14.1681869, 40.8528406], [14.1680777, 40.8528517]], [[14.1656321, 40.853819], [14.165485, 40.8538037], [14.1652557, 40.8538167], [14.1650311, 40.8538519], [14.1649398, 40.8538662]], [[14.1588964, 40.8558788], [14.1587534, 40.8558442], [14.1586531, 40.8558279], [14.1585486, 40.855825], [14.158443, 40.8558488], [14.1581905, 40.8559163], [14.1580722, 40.8559335]], [[14.1463792, 40.8564865], [14.146615, 40.8563983], [14.1468836, 40.856252], [14.1471518, 40.8560572], [14.1478491, 40.8554914], [14.1481518, 40.8552663], [14.1482371, 40.8552259], [14.1483749, 40.8551799], [14.1485298, 40.8551666], [14.148846, 40.8551856], [14.1508033, 40.8553167], [14.1510217, 40.8553133], [14.1512067, 40.8552833], [14.1521357, 40.8550366], [14.152945, 40.8548017], [14.153255, 40.85474], [14.1543567, 40.854645], [14.154595, 40.85464], [14.1551167, 40.8546667], [14.1553688, 40.8547345], [14.1554426, 40.8547822], [14.1555787, 40.8549266], [14.1556853, 40.8550916], [14.1558221, 40.855401], [14.1558824, 40.8554983], [14.1560192, 40.8556586], [14.1566928, 40.8561737], [14.1567907, 40.8562232], [14.1569298, 40.8562518], [14.1570666, 40.8562449], [14.1571566, 40.8562216], [14.1571926, 40.8562123], [14.1572886, 40.8561874], [14.1576614, 40.8560735], [14.1578572, 40.8560094], [14.1580722, 40.8559335]], [[14.1649398, 40.8538662], [14.1650205, 40.853833], [14.1652635, 40.8537329]], [[14.1652635, 40.8537329], [14.1656198, 40.8536227]], [[14.1580722, 40.8559335], [14.1582401, 40.85583], [14.1586842, 40.8557099]], [[14.1417764, 40.8621952], [14.1419567, 40.8620317], [14.1420718, 40.8618723], [14.1421287, 40.8617593], [14.1421633, 40.86162], [14.14218, 40.861395], [14.142045, 40.8606333], [14.1418155, 40.8597737], [14.1417821, 40.8595851], [14.1417719, 40.8594424], [14.1417832, 40.8593472], [14.1418161, 40.8592333], [14.1418586, 40.8591511], [14.1419799, 40.8589733], [14.1423185, 40.8585008], [14.142517, 40.858232], [14.1432505, 40.8572295], [14.1437533, 40.856535], [14.14383, 40.8564733], [14.1439029, 40.8564202], [14.1439751, 40.8563877], [14.1440713, 40.8563778], [14.1453653, 40.8565182], [14.1458206, 40.8565483], [14.1460663, 40.8565399], [14.1463792, 40.8564865]], [[14.1799957, 40.8489336], [14.1801622, 40.8488417], [14.1806267, 40.8486786]], [[14.1806267, 40.8486786], [14.1808414, 40.8486032], [14.1812128, 40.8484646], [14.1815198, 40.8483244], [14.1817597, 40.8482042]], [[14.1797467, 40.8492156], [14.1792794, 40.8493142], [14.1785535, 40.8494911]], [[14.1785162, 40.8494078], [14.1790003, 40.8492933], [14.1792283, 40.8492191], [14.1796621, 40.8490778]]]}}, {"type": "Feature", "properties": {"id": "SS-NAP-1618", "nome": "Via Montedonzelli", "quartiere": "", "classificazione": "giallo", "score": 3, "note": "strada urbana senza ciclabile", "ciclabile": "no", "n_corsie": "2", "senso_unico": "si", "n_testimonianze": "0", "zona": "B1"}, "geometry": {"type": "MultiLineString", "coordinates": [[[14.227501, 40.8532842], [14.2270384, 40.8538068]], [[14.2258617, 40.8551029], [14.2258473, 40.8551187], [14.2258205, 40.8551793], [14.2257774, 40.8558258], [14.2257057, 40.8562759], [14.2255941, 40.856483], [14.2255418, 40.8566855], [14.2255416, 40.8568194], [14.2256647, 40.8573993], [14.2256775, 40.8577467]], [[14.2270384, 40.8538068], [14.226873, 40.854055], [14.2267098, 40.8542954], [14.226627, 40.8544173], [14.2263924, 40.8547626], [14.2262207, 40.854899], [14.2259289, 40.8550288], [14.2258617, 40.8551029]]]}}, {"type": "Feature", "properties": {"id": "SS-NAP-1625", "nome": "Via Mugnano a Marianella", "quartiere": "", "classificazione": "giallo", "score": 3, "note": "strada urbana senza ciclabile", "ciclabile": "no", "n_corsie": "2", "senso_unico": "no", "n_testimonianze": "0", "zona": "B1"}, "geometry": {"type": "MultiLineString", "coordinates": [[[14.2293405, 40.8913439], [14.2292245, 40.8913698], [14.2291397, 40.8914003], [14.2290519, 40.8914472], [14.2289286, 40.8915261], [14.2284259, 40.891974], [14.2279334, 40.8924276]], [[14.2267428, 40.8940071], [14.2267912, 40.893944], [14.2268258, 40.8938989], [14.2268604, 40.893836]], [[14.2268604, 40.893836], [14.2268926, 40.893905], [14.2269004, 40.8939481], [14.2268986, 40.8940177]], [[14.2279334, 40.8924276], [14.2276097, 40.8927409]], [[14.2276097, 40.8927409], [14.2272499, 40.8930571], [14.2271541, 40.8931706], [14.2270517, 40.8933133], [14.2269682, 40.893465], [14.2269149, 40.8936188], [14.2268848, 40.893759], [14.2268604, 40.893836]]]}}, {"type": "Feature", "properties": {"id": "SS-NAP-1627", "nome": "Via Nabucco", "quartiere": "", "classificazione": "giallo", "score": 3, "note": "strada urbana senza ciclabile", "ciclabile": "no", "n_corsie": "2", "senso_unico": "si", "n_testimonianze": "0", "zona": "B1"}, "geometry": {"type": "MultiLineString", "coordinates": [[[14.170906, 40.854083], [14.1698433, 40.8533436]], [[14.1694969, 40.8528593], [14.1693949, 40.8528228], [14.169303, 40.8528048], [14.1692896, 40.8528047], [14.1691772, 40.852804], [14.1690557, 40.8528168]], [[14.1710564, 40.8538918], [14.1710432, 40.8539086], [14.170906, 40.854083]], [[14.1698433, 40.8533436], [14.1697729, 40.8532948], [14.1693928, 40.8530313]], [[14.1690718, 40.8527094], [14.1692455, 40.8527218], [14.169285, 40.8527332], [14.1692962, 40.8527386], [14.1693658, 40.8527723], [14.1694969, 40.8528593]], [[14.1694969, 40.8528593], [14.1702046, 40.8532707]], [[14.1704767, 40.8534747], [14.1702046, 40.8532707], [14.1693679, 40.8526434], [14.1692712, 40.8525709]], [[14.1702046, 40.8532707], [14.1703351, 40.8534427], [14.1703719, 40.8534589], [14.1704025, 40.8534635], [14.1704767, 40.8534747], [14.1710564, 40.8538918]]]}}, {"type": "Feature", "properties": {"id": "SS-NAP-1629", "nome": "Via Napoli a Piscinola", "quartiere": "", "classificazione": "giallo", "score": 3, "note": "strada urbana senza ciclabile", "ciclabile": "no", "n_corsie": "2", "senso_unico": "si", "n_testimonianze": "0", "zona": "B1"}, "geometry": {"type": "MultiLineString", "coordinates": [[[14.2390328, 40.8907526], [14.2391071, 40.8909075], [14.2391208, 40.8909298], [14.2391349, 40.8909423], [14.2393193, 40.8910943], [14.2394066, 40.8911847], [14.2394461, 40.8912346], [14.2394973, 40.8913393], [14.2395881, 40.8916398], [14.2396858, 40.8918474], [14.2396991, 40.891886], [14.2397007, 40.8919142], [14.2396945, 40.8919377], [14.2396847, 40.891965], [14.2395529, 40.8923613], [14.2394995, 40.8925218]], [[14.2377091, 40.8880374], [14.2377178, 40.8881036], [14.2377401, 40.8881621], [14.2377599, 40.8881982], [14.2377931, 40.888244]], [[14.237565, 40.8882909], [14.2376013, 40.8882703], [14.2376187, 40.8882627], [14.2376526, 40.8882499], [14.2377153, 40.8882379], [14.2377519, 40.8882368], [14.2377931, 40.888244]], [[14.2377931, 40.888244], [14.2378592, 40.8882869], [14.2380331, 40.8884253], [14.2380699, 40.8884783], [14.2381196, 40.8886126], [14.2383671, 40.8892813], [14.2385869, 40.889726], [14.238764, 40.8901071], [14.2388147, 40.8902206], [14.2390328, 40.8907526]]]}}, {"type": "Feature", "properties": {"id": "SS-NAP-1634", "nome": "Via Nelson Mandela", "quartiere": "", "classificazione": "giallo", "score": 3, "note": "strada urbana senza ciclabile", "ciclabile": "no", "n_corsie": "2", "senso_unico": "si", "n_testimonianze": "0", "zona": "B1"}, "geometry": {"type": "MultiLineString", "coordinates": [[[14.1667472, 40.8545631], [14.1665986, 40.854549], [14.16645, 40.85456], [14.1662425, 40.8546249]], [[14.1662425, 40.8546249], [14.1661727, 40.8546743], [14.1657987, 40.8549391], [14.164541, 40.8557827], [14.1644833, 40.8558102], [14.1644316, 40.8558285], [14.1643784, 40.8558341], [14.1643341, 40.8558357], [14.1638144, 40.8557892], [14.1637162, 40.855778], [14.1636216, 40.8557619], [14.1635528, 40.8557376], [14.1634972, 40.8556951], [14.1634606, 40.8556335], [14.1634239, 40.8554729], [14.1633767, 40.8551843], [14.163345, 40.8550097], [14.1633309, 40.8549334], [14.1633243, 40.8548905]], [[14.1632674, 40.8546329], [14.1633218, 40.8548793], [14.1633243, 40.8548905]], [[14.1633243, 40.8548905], [14.1633131, 40.8548811], [14.1631716, 40.8547618], [14.1630845, 40.8547184]], [[14.1651117, 40.8544627], [14.1651426, 40.8544542], [14.165187, 40.8544495], [14.1652226, 40.8544559], [14.1652565, 40.8544718], [14.16528, 40.8544868], [14.1657987, 40.8549391]], [[14.166366, 40.8544625], [14.1664508, 40.8544168], [14.1665459, 40.8543978]], [[14.1665459, 40.8543978], [14.1665228, 40.8544741], [14.16645, 40.85456]], [[14.1662425, 40.8546249], [14.166366, 40.8544625], [14.1664061, 40.8542618]], [[14.163345, 40.8550097], [14.1633831, 40.8549914], [14.1634164, 40.8549834], [14.1634545, 40.8549808], [14.1635, 40.8549815]], [[14.1651117, 40.8544627], [14.1641634, 40.8547719], [14.1636696, 40.8549234], [14.1635, 40.8549815]], [[14.1635, 40.8549815], [14.1634571, 40.8549975], [14.1634262, 40.855006], [14.1633901, 40.8550117], [14.163345, 40.8550097]], [[14.1635, 40.8549815], [14.1634795, 40.8550124], [14.1634473, 40.8550644], [14.1634215, 40.8551049], [14.1633767, 40.8551843]]]}}, {"type": "Feature", "properties": {"id": "SS-NAP-1637", "nome": "Via Niccolò Copernico", "quartiere": "", "classificazione": "giallo", "score": 3, "note": "strada urbana senza ciclabile", "ciclabile": "no", "n_corsie": "2", "senso_unico": "no", "n_testimonianze": "0", "zona": "B1"}, "geometry": {"type": "MultiLineString", "coordinates": [[[14.2343268, 40.8979966], [14.2339367, 40.8981628], [14.2338255, 40.8982101], [14.2335454, 40.8983294], [14.2332236, 40.8984665], [14.2331818, 40.8984843], [14.2327358, 40.8986742]], [[14.2332236, 40.8984665], [14.2331184, 40.8983345], [14.2326392, 40.8985441]]]}}, {"type": "Feature", "properties": {"id": "SS-NAP-1660", "nome": "Via Nicolardi", "quartiere": "", "classificazione": "giallo", "score": 3, "note": "strada urbana senza ciclabile", "ciclabile": "no", "n_corsie": "2", "senso_unico": "no", "n_testimonianze": "0", "zona": "B1"}, "geometry": {"type": "MultiLineString", "coordinates": [[[14.2353398, 40.8719348], [14.2354422, 40.8718761]], [[14.2363864, 40.8728432], [14.2364947, 40.8727691]], [[14.2362401, 40.8727111], [14.2363456, 40.8726354]]]}}, {"type": "Feature", "properties": {"id": "SS-NAP-1663", "nome": "Via Nino Rota", "quartiere": "", "classificazione": "giallo", "score": 3, "note": "strada urbana senza ciclabile", "ciclabile": "no", "n_corsie": "2", "senso_unico": "no", "n_testimonianze": "0", "zona": "B1"}, "geometry": {"type": "LineString", "coordinates": [[14.15365, 40.855545], [14.1535859, 40.855598], [14.1535658, 40.8556177], [14.1534671, 40.8556764], [14.1532045, 40.855837], [14.1525586, 40.8563761], [14.1521948, 40.8565485], [14.1520845, 40.8566008], [14.1519628, 40.8566853], [14.151736, 40.8568427], [14.1515883, 40.8569093], [14.1514675, 40.8569637], [14.1505416, 40.8572035]]}}, {"type": "Feature", "properties": {"id": "SS-NAP-1675", "nome": "Via Nuova Toscanella", "quartiere": "", "classificazione": "rosso", "score": 4, "note": "strada secondaria trafficata", "ciclabile": "no", "n_corsie": "2", "senso_unico": "si", "n_testimonianze": "0", "zona": "B1"}, "geometry": {"type": "MultiLineString", "coordinates": [[[14.2179992, 40.8852408], [14.2179976, 40.8853631]], [[14.2218015, 40.8747624], [14.2218156, 40.8748442], [14.22182, 40.8748709], [14.2218246, 40.8749944], [14.2218151, 40.8750753], [14.2217874, 40.8751528], [14.2216735, 40.8753204], [14.2216047, 40.875422], [14.221142, 40.8761378], [14.2208339, 40.8765792], [14.2205924, 40.8768784], [14.2203076, 40.877229], [14.2202057, 40.8773898], [14.220148, 40.8775128], [14.2200519, 40.8777234], [14.2200075, 40.8778214], [14.2199835, 40.8778744], [14.2199654, 40.8779144], [14.2197659, 40.8782871], [14.2195138, 40.8786806], [14.2192643, 40.8790862], [14.2187458, 40.8798644], [14.2184114, 40.8803597], [14.2181167, 40.8807943], [14.2176925, 40.8814198], [14.2175451, 40.8816424], [14.2174365, 40.8818289], [14.2174016, 40.8819253], [14.2173681, 40.882054], [14.2173479, 40.8821402], [14.2173438, 40.88228], [14.2173533, 40.8824353], [14.2173726, 40.8825571], [14.2174941, 40.8830632], [14.2176886, 40.8837294], [14.2177367, 40.8839068]], [[14.2215821, 40.8779755], [14.220249, 40.8778498], [14.2200665, 40.8778283], [14.2200075, 40.8778214]], [[14.2178687, 40.8854985], [14.217879, 40.8854847], [14.2178888, 40.8854723], [14.2179237, 40.885428], [14.2179992, 40.8852408]], [[14.2177367, 40.8839068], [14.2177577, 40.8839844], [14.2178782, 40.8844337], [14.2180175, 40.8849529], [14.2180282, 40.885037], [14.2180246, 40.8851507], [14.2179992, 40.8852408]]]}}, {"type": "Feature", "properties": {"id": "SS-NAP-1682", "nome": "Via Nuova detta Palmentiello", "quartiere": "", "classificazione": "giallo", "score": 3, "note": "strada urbana senza ciclabile", "ciclabile": "no", "n_corsie": "2", "senso_unico": "no", "n_testimonianze": "0", "zona": "B1"}, "geometry": {"type": "MultiLineString", "coordinates": [[[14.2065646, 40.8717748], [14.2064268, 40.8716519], [14.2061847, 40.8714784], [14.2060572, 40.871396], [14.2060428, 40.8713767], [14.205975, 40.8712857], [14.2058739, 40.8711352], [14.2057995, 40.8710586], [14.2056853, 40.8709823], [14.2054462, 40.8710185], [14.2050912, 40.8710583], [14.2048523, 40.8710825], [14.2043745, 40.8709901], [14.2039034, 40.870929], [14.2037668, 40.8709064]], [[14.2065646, 40.8717748], [14.2064115, 40.8720511], [14.2062923, 40.8724459], [14.2063478, 40.8725158], [14.2065585, 40.8726181], [14.2068275, 40.8727599], [14.2069407, 40.8729017], [14.2069478, 40.872974], [14.206877, 40.8731266], [14.2068908, 40.8732386], [14.2069938, 40.8732871], [14.2072062, 40.8732764], [14.207369, 40.8732122], [14.2074893, 40.873065], [14.2076238, 40.872891], [14.2076981, 40.8728188], [14.2077264, 40.872792], [14.2078945, 40.8729491], [14.2079207, 40.872973], [14.2079206, 40.8729992], [14.2078609, 40.8731373], [14.2077877, 40.8734113], [14.2077681, 40.8737536], [14.2077671, 40.8738943], [14.2077898, 40.8740508], [14.2078389, 40.8742145]]]}}, {"type": "Feature", "properties": {"id": "SS-NAP-1690", "nome": "Via Oliviero Zuccarini", "quartiere": "", "classificazione": "rosso", "score": 4, "note": "strada secondaria trafficata", "ciclabile": "no", "n_corsie": "2", "senso_unico": "no", "n_testimonianze": "0", "zona": "B1"}, "geometry": {"type": "MultiLineString", "coordinates": [[[14.2414776, 40.89303], [14.2413965, 40.8930803], [14.2412508, 40.8931497], [14.2408587, 40.8933335]], [[14.2413109, 40.8923974], [14.2413249, 40.8923625], [14.2413715, 40.8923254], [14.2414432, 40.8923058], [14.24152, 40.8923276], [14.241567, 40.8923743], [14.2415927, 40.8924675], [14.2417108, 40.8926057], [14.2418254, 40.8926497], [14.2418599, 40.892672], [14.2418848, 40.892704], [14.2418946, 40.8927566], [14.2418802, 40.8928054], [14.2418289, 40.8928492], [14.2417547, 40.8928672]], [[14.2417547, 40.8928672], [14.2416846, 40.8929043], [14.2415633, 40.8929788], [14.2414776, 40.89303]], [[14.2414776, 40.89303], [14.241516, 40.8929607], [14.2415449, 40.8929108], [14.241566, 40.8928554], [14.241583, 40.8928072], [14.2415917, 40.8927744]], [[14.2408587, 40.8933335], [14.240045, 40.8937192], [14.2396234, 40.893919], [14.2395661, 40.8939529], [14.2395281, 40.8939813], [14.2394904, 40.8940205], [14.2394553, 40.89407]], [[14.2422394, 40.8926188], [14.2421225, 40.8926628], [14.242005, 40.8927029], [14.2418946, 40.8927566]], [[14.2356352, 40.89596], [14.2355768, 40.8960106], [14.2354059, 40.8960994], [14.2353131, 40.8961484]], [[14.2352568, 40.8959612], [14.2353493, 40.8959764], [14.2354385, 40.8959841], [14.2355261, 40.89598], [14.2356352, 40.89596]], [[14.2417547, 40.8928672], [14.2416932, 40.892862], [14.2416373, 40.8928338], [14.2415917, 40.8927744], [14.2415817, 40.8927106], [14.2415738, 40.892672], [14.2414529, 40.8925356], [14.2413691, 40.8925057], [14.2413216, 40.8924708], [14.2413063, 40.8924371], [14.2413109, 40.8923974]], [[14.2469521, 40.8909669], [14.2468571, 40.8909024], [14.2467494, 40.8908606], [14.2466255, 40.8908327], [14.2465016, 40.8908229], [14.2463596, 40.8908368], [14.2461685, 40.8908727], [14.2458821, 40.8909596], [14.2452451, 40.8911965], [14.2443264, 40.8915756], [14.243926, 40.891761], [14.2431303, 40.892173], [14.2430449, 40.8922263], [14.2426098, 40.8924455], [14.2424164, 40.8925471], [14.2422394, 40.8926188]], [[14.2390245, 40.894353], [14.2389406, 40.894361], [14.2388663, 40.8943698], [14.2387886, 40.8943859], [14.2387031, 40.894412], [14.2386273, 40.894439], [14.2385609, 40.8944667], [14.2385522, 40.8944711], [14.2369256, 40.8953027], [14.2363757, 40.8955795], [14.2356352, 40.89596]], [[14.2392557, 40.8942838], [14.2392747, 40.8942589], [14.2392928, 40.8942453], [14.2393142, 40.8942349], [14.2393499, 40.8942263], [14.2393874, 40.8942265], [14.2394229, 40.8942354], [14.2394531, 40.8942522], [14.2394731, 40.8942724], [14.2394849, 40.894296], [14.2394877, 40.8943211], [14.2394812, 40.8943459], [14.2394625, 40.8943719], [14.2394336, 40.8943919], [14.2393978, 40.8944039], [14.2393587, 40.8944065], [14.2393238, 40.8944004], [14.2392927, 40.8943868], [14.2392684, 40.8943668], [14.2392524, 40.8943406], [14.239248, 40.894312], [14.2392557, 40.8942838]], [[14.2390245, 40.894353], [14.2391349, 40.8943135], [14.2392051, 40.8942869], [14.2392747, 40.8942589]], [[14.2392927, 40.8943868], [14.2392019, 40.8943706], [14.2391457, 40.8943649], [14.2390245, 40.894353]], [[14.2393142, 40.8942349], [14.2393828, 40.8941461], [14.2394553, 40.89407]], [[14.2394553, 40.89407], [14.239454, 40.8941121], [14.2394556, 40.8941606], [14.2394611, 40.8942108], [14.2394731, 40.8942724]]]}}, {"type": "Feature", "properties": {"id": "SS-NAP-1691", "nome": "Via Onofrio Fragnito", "quartiere": "", "classificazione": "giallo", "score": 3, "note": "strada urbana senza ciclabile (2 corsie)", "ciclabile": "no", "n_corsie": "2", "senso_unico": "no", "n_testimonianze": "0", "zona": "B1"}, "geometry": {"type": "MultiLineString", "coordinates": [[[14.2178261, 40.8590309], [14.2178839, 40.8590629], [14.2179348, 40.8591033], [14.2182236, 40.8593327], [14.2183321, 40.8594442], [14.2184231, 40.8595378], [14.2186349, 40.8597445], [14.2188415, 40.8599502], [14.2188487, 40.8599574], [14.2188752, 40.8599848], [14.2190486, 40.8601641], [14.2191367, 40.860259], [14.2191985, 40.8603185], [14.2193536, 40.8604678], [14.2195314, 40.8606546]], [[14.2195314, 40.8606546], [14.2198968, 40.861018]]]}}, {"type": "Feature", "properties": {"id": "SS-NAP-1702", "nome": "Via Osci", "quartiere": "", "classificazione": "giallo", "score": 3, "note": "strada urbana senza ciclabile", "ciclabile": "no", "n_corsie": "2", "senso_unico": "no", "n_testimonianze": "0", "zona": "B1"}, "geometry": {"type": "LineString", "coordinates": [[14.2394871, 40.8884969], [14.2393725, 40.8882838], [14.2393636, 40.8882766], [14.2393499, 40.888275], [14.2393375, 40.888276], [14.2381196, 40.8886126]]}}, {"type": "Feature", "properties": {"id": "SS-NAP-1709", "nome": "Via Pablo Picasso", "quartiere": "", "classificazione": "giallo", "score": 3, "note": "strada urbana senza ciclabile (2 corsie)", "ciclabile": "no", "n_corsie": "2", "senso_unico": "si", "n_testimonianze": "0", "zona": "B1"}, "geometry": {"type": "MultiLineString", "coordinates": [[[14.1672385, 40.8560566], [14.1666215, 40.856141], [14.1663184, 40.8561653], [14.165972, 40.8561813], [14.1655717, 40.8561855], [14.1649277, 40.8561871], [14.1644812, 40.8561896], [14.1644045, 40.8562026], [14.1643153, 40.8562212], [14.163998, 40.8562966]], [[14.1634678, 40.8564067], [14.1633497, 40.8564219], [14.1631976, 40.8564271]], [[14.1634678, 40.8564067], [14.163998, 40.8562966]], [[14.1678328, 40.8553903], [14.1678784, 40.8555409], [14.1678965, 40.8555904], [14.1679089, 40.8556177], [14.1679494, 40.8556941], [14.1680311, 40.8558411], [14.1680453, 40.8558665], [14.1680711, 40.8559128]], [[14.1680734, 40.8555705], [14.1679868, 40.8555522], [14.1679126, 40.8555607], [14.1678965, 40.8555904]], [[14.1683871, 40.8558056], [14.1682245, 40.85588], [14.1680711, 40.8559128], [14.1678915, 40.8559509], [14.1672385, 40.8560566]]]}}, {"type": "Feature", "properties": {"id": "SS-NAP-1723", "nome": "Via Pallucci", "quartiere": "", "classificazione": "giallo", "score": 3, "note": "strada urbana senza ciclabile (2 corsie)", "ciclabile": "no", "n_corsie": "2", "senso_unico": "no", "n_testimonianze": "0", "zona": "B1"}, "geometry": {"type": "MultiLineString", "coordinates": [[[14.1639649, 40.8584055], [14.1636717, 40.8582814]], [[14.1591817, 40.855863], [14.1591749, 40.8559152], [14.1591838, 40.8559855], [14.1592043, 40.8561145]], [[14.1649974, 40.8589269], [14.1649617, 40.8589681], [14.1628924, 40.861357], [14.1627932, 40.8613895], [14.1626791, 40.8613431], [14.1615915, 40.8608722], [14.1609002, 40.8605568], [14.1608425, 40.8604366], [14.1607949, 40.8603504], [14.1606749, 40.860288], [14.1606459, 40.8602727]], [[14.1651628, 40.8590102], [14.1656535, 40.8592616], [14.1659434, 40.8594111], [14.1659856, 40.8594318], [14.166278, 40.8595758], [14.166563, 40.8597163], [14.1667642, 40.8598283], [14.1668705, 40.8599147], [14.1669978, 40.8600561]], [[14.1592043, 40.8561145], [14.1590752, 40.856012], [14.1590173, 40.8559321]], [[14.1636717, 40.8582814], [14.1635744, 40.8582517], [14.1633834, 40.8582062], [14.1632313, 40.85817], [14.1627368, 40.8580514], [14.1626301, 40.8580258], [14.1625266, 40.8579891], [14.1624008, 40.8579286], [14.1620639, 40.8577557], [14.161844, 40.857594], [14.1617244, 40.8575061], [14.1614116, 40.857276], [14.1608136, 40.8568512], [14.1602006, 40.8565558], [14.1599822, 40.8564884], [14.159595, 40.8563636], [14.1594189, 40.8562672], [14.1592043, 40.8561145]], [[14.1678829, 40.8604645], [14.1671671, 40.8600459], [14.1671427, 40.8600311], [14.1670767, 40.8599995], [14.1670109, 40.8599699], [14.1668705, 40.8599147]], [[14.1671427, 40.8600311], [14.1670906, 40.8600298], [14.1670601, 40.8600308], [14.1670218, 40.8600375], [14.1669978, 40.8600561]], [[14.1639649, 40.8584055], [14.1642096, 40.8585291], [14.1649974, 40.8589269], [14.1650742, 40.8589647], [14.1651628, 40.8590102]]]}}, {"type": "Feature", "properties": {"id": "SS-NAP-1724", "nome": "Via Paolo Castaldi e Luigi Sequino", "quartiere": "", "classificazione": "giallo", "score": 3, "note": "strada urbana senza ciclabile", "ciclabile": "no", "n_corsie": "2", "senso_unico": "si", "n_testimonianze": "0", "zona": "B1"}, "geometry": {"type": "LineString", "coordinates": [[14.1803407, 40.8560153], [14.1799409, 40.8559602], [14.1784717, 40.8557265], [14.1784303, 40.8557242], [14.1783877, 40.8557283], [14.1783536, 40.8557451], [14.1783371, 40.8557617], [14.1780482, 40.8562713], [14.1778913, 40.856604], [14.1777994, 40.8567886], [14.1776097, 40.857241], [14.1774552, 40.8576079]]}}, {"type": "Feature", "properties": {"id": "SS-NAP-1730", "nome": "Via Paolo Uccello", "quartiere": "", "classificazione": "giallo", "score": 3, "note": "strada urbana senza ciclabile", "ciclabile": "no", "n_corsie": "2", "senso_unico": "si", "n_testimonianze": "0", "zona": "B1"}, "geometry": {"type": "LineString", "coordinates": [[14.1675144, 40.8591921], [14.1685076, 40.8598273]]}}, {"type": "Feature", "properties": {"id": "SS-NAP-1732", "nome": "Via Papa", "quartiere": "", "classificazione": "giallo", "score": 3, "note": "strada urbana senza ciclabile", "ciclabile": "no", "n_corsie": "2", "senso_unico": "no", "n_testimonianze": "0", "zona": "B1"}, "geometry": {"type": "LineString", "coordinates": [[14.2134558, 40.8988821], [14.2135136, 40.8989389], [14.2135466, 40.8990006], [14.2135544, 40.899065], [14.2135544, 40.899133], [14.2135394, 40.8992052], [14.2132511, 40.9006072], [14.2132641, 40.9009062]]}}, {"type": "Feature", "properties": {"id": "SS-NAP-1737", "nome": "Via Parmenide", "quartiere": "", "classificazione": "giallo", "score": 3, "note": "strada urbana senza ciclabile", "ciclabile": "no", "n_corsie": "2", "senso_unico": "no", "n_testimonianze": "0", "zona": "B1"}, "geometry": {"type": "MultiLineString", "coordinates": [[[14.1763025, 40.8553939], [14.1742827, 40.8546521]], [[14.1741982, 40.8546125], [14.1742272, 40.8546189], [14.17425, 40.854629], [14.1742646, 40.8546367], [14.1742827, 40.8546521]], [[14.1742827, 40.8546521], [14.1742463, 40.8546412], [14.1742232, 40.854631], [14.1741982, 40.8546125]]]}}, {"type": "Feature", "properties": {"id": "SS-NAP-1752", "nome": "Via Pasquale del Torto", "quartiere": "", "classificazione": "giallo", "score": 3, "note": "strada urbana senza ciclabile (1 corsie)", "ciclabile": "no", "n_corsie": "1", "senso_unico": "si", "n_testimonianze": "0", "zona": "B1"}, "geometry": {"type": "MultiLineString", "coordinates": [[[14.2198968, 40.861018], [14.2198833, 40.8610426], [14.2198563, 40.8610721], [14.2192397, 40.8614113], [14.2190828, 40.861495], [14.218883, 40.8615807], [14.2188122, 40.8616053]], [[14.2198968, 40.861018], [14.2200041, 40.8609889], [14.2203351, 40.8609947], [14.2205008, 40.8609976], [14.2205728, 40.8610162], [14.2206085, 40.8610246], [14.2206285, 40.8610326], [14.2206443, 40.8610421], [14.2206569, 40.8610557], [14.2207684, 40.861191]]]}}, {"type": "Feature", "properties": {"id": "SS-NAP-1757", "nome": "Via Pendino", "quartiere": "", "classificazione": "giallo", "score": 3, "note": "strada urbana senza ciclabile", "ciclabile": "no", "n_corsie": "2", "senso_unico": "si", "n_testimonianze": "0", "zona": "B1"}, "geometry": {"type": "MultiLineString", "coordinates": [[[14.2140299, 40.8956888], [14.2141095, 40.8957732], [14.2141403, 40.8958278], [14.2141531, 40.895887]], [[14.2139512, 40.8956597], [14.2140299, 40.8956888], [14.2142234, 40.8957063], [14.2143271, 40.8957079], [14.214448, 40.8957129]], [[14.2141531, 40.895887], [14.2140404, 40.8958246], [14.2139562, 40.8957338]], [[14.2138665, 40.8960564], [14.2138976, 40.8959425], [14.2139348, 40.8958262], [14.2139562, 40.8957338], [14.2139512, 40.8956597]], [[14.2139512, 40.8956597], [14.2134389, 40.8951528], [14.2131908, 40.8949014], [14.2130701, 40.8947747], [14.2129413, 40.894577], [14.2128421, 40.8943458], [14.2127482, 40.8941329], [14.2127147, 40.8940133], [14.2126919, 40.8937376], [14.2126758, 40.8934618], [14.2126383, 40.893182], [14.2123952, 40.8923702], [14.2122623, 40.892], [14.212245, 40.8919363]], [[14.212245, 40.8919363], [14.2122079, 40.8918884], [14.2121833, 40.8918542]], [[14.2122699, 40.8918534], [14.2122528, 40.8918884], [14.212245, 40.8919363]]]}}, {"type": "Feature", "properties": {"id": "SS-NAP-1767", "nome": "Via Pierpaolo Pasolini", "quartiere": "", "classificazione": "giallo", "score": 3, "note": "strada urbana senza ciclabile", "ciclabile": "no", "n_corsie": "2", "senso_unico": "no", "n_testimonianze": "0", "zona": "B1"}, "geometry": {"type": "LineString", "coordinates": [[14.1717428, 40.8580919], [14.1716256, 40.8582505], [14.1716213, 40.858258], [14.1716206, 40.8582651], [14.1716246, 40.8582707], [14.1731376, 40.8590265], [14.1734903, 40.8591944], [14.1743103, 40.8595675], [14.17539, 40.8600319]]}}, {"type": "Feature", "properties": {"id": "SS-NAP-1770", "nome": "Via Pietro Castellino", "quartiere": "", "classificazione": "giallo", "score": 3, "note": "strada urbana senza ciclabile (1 corsie)", "ciclabile": "no", "n_corsie": "1", "senso_unico": "si", "n_testimonianze": "0", "zona": "B1"}, "geometry": {"type": "MultiLineString", "coordinates": [[[14.2254578, 40.8596646], [14.2254955, 40.8595737], [14.2257451, 40.8589725], [14.2257916, 40.8586881], [14.2257828, 40.8584681], [14.2257374, 40.8582846], [14.2255988, 40.8579691]], [[14.2250217, 40.8549013], [14.2252284, 40.8542884], [14.2252436, 40.8542418], [14.2252532, 40.8542153], [14.2253522, 40.8539418], [14.2253715, 40.8539094], [14.2254113, 40.8538428], [14.2257713, 40.8533057], [14.2258239, 40.8532232], [14.225982, 40.8529751], [14.2261529, 40.8526909]], [[14.2256775, 40.8577467], [14.2257312, 40.8580939]], [[14.2255988, 40.8579691], [14.2257312, 40.8580939], [14.2258851, 40.8584583], [14.2259283, 40.8586356], [14.2255501, 40.8596563]], [[14.2252983, 40.8601691], [14.2254578, 40.8596646]], [[14.2243285, 40.8614516], [14.2243137, 40.8615031], [14.2243102, 40.8615452], [14.2243088, 40.8615886]], [[14.2261529, 40.8526909], [14.2262521, 40.8525268], [14.2263342, 40.8523936], [14.2264356, 40.8522164], [14.22661, 40.8519223], [14.2268005, 40.8516164], [14.2268094, 40.8515986], [14.2268249, 40.8515727], [14.22714, 40.8510548], [14.2272166, 40.8509296]], [[14.224202, 40.8615587], [14.2242332, 40.8615346], [14.2242681, 40.8615082], [14.2243285, 40.8614516]], [[14.2243285, 40.8614516], [14.2247279, 40.8609443], [14.2249764, 40.8606286], [14.2251126, 40.8604342], [14.2252983, 40.8601691]], [[14.2255501, 40.8596563], [14.2252983, 40.8601691]], [[14.2255988, 40.8579691], [14.2255469, 40.8578778], [14.2255085, 40.857806], [14.2253496, 40.857509], [14.2250062, 40.8569203]], [[14.2250062, 40.8569203], [14.2248581, 40.8566357], [14.2247305, 40.8563423], [14.2246938, 40.8559973], [14.224699, 40.8559025], [14.2247017, 40.8558532], [14.2247818, 40.8556191], [14.2249379, 40.8551497], [14.2250217, 40.8549013]]]}}, {"type": "Feature", "properties": {"id": "SS-NAP-1771", "nome": "Via Pietro Castellino, 141", "quartiere": "", "classificazione": "giallo", "score": 3, "note": "strada urbana senza ciclabile", "ciclabile": "no", "n_corsie": "2", "senso_unico": "no", "n_testimonianze": "0", "zona": "B1"}, "geometry": {"type": "LineString", "coordinates": [[14.2255469, 40.8578778], [14.2254603, 40.8578885], [14.2250204, 40.8579429], [14.2241943, 40.8580666], [14.2239224, 40.8578632], [14.2238443, 40.8577988], [14.2236471, 40.857666], [14.2233789, 40.8576071], [14.2229912, 40.8575264]]}}, {"type": "Feature", "properties": {"id": "SS-NAP-1773", "nome": "Via Pietro Germi", "quartiere": "", "classificazione": "giallo", "score": 3, "note": "strada urbana senza ciclabile", "ciclabile": "no", "n_corsie": "2", "senso_unico": "no", "n_testimonianze": "0", "zona": "B1"}, "geometry": {"type": "LineString", "coordinates": [[14.2416514, 40.9043136], [14.2417305, 40.9043639], [14.2419577, 40.9045323], [14.2420771, 40.9045464], [14.2421921, 40.9045123], [14.2428573, 40.9040095], [14.2433278, 40.9036864], [14.243619, 40.9034865], [14.2442, 40.903093], [14.2448153, 40.9026918], [14.2451119, 40.9025172]]}}, {"type": "Feature", "properties": {"id": "SS-NAP-1775", "nome": "Via Pietro Gobetti", "quartiere": "", "classificazione": "giallo", "score": 3, "note": "strada urbana senza ciclabile", "ciclabile": "no", "n_corsie": "2", "senso_unico": "si", "n_testimonianze": "0", "zona": "B1"}, "geometry": {"type": "MultiLineString", "coordinates": [[[14.2422708, 40.89757], [14.2418698, 40.8971442]], [[14.2411153, 40.8964102], [14.2410958, 40.8962741]], [[14.2410958, 40.8962741], [14.2410809, 40.8962451], [14.2402832, 40.8953793], [14.2401475, 40.8952232], [14.2395538, 40.8945374]], [[14.2391894, 40.8946065], [14.2396116, 40.8954947], [14.2396916, 40.8955598], [14.2397827, 40.8955719], [14.2400622, 40.8954866], [14.2402832, 40.8953793]], [[14.2410958, 40.8962741], [14.2412363, 40.8963499]], [[14.2413785, 40.8965471], [14.2413712, 40.8966321]], [[14.2413712, 40.8966321], [14.2412791, 40.8965901]], [[14.2395538, 40.8945374], [14.2394837, 40.8944897], [14.2394072, 40.8944376], [14.2393587, 40.8944065]], [[14.2394812, 40.8943459], [14.239502, 40.8944048], [14.2395263, 40.894467], [14.2395538, 40.8945374]], [[14.2418698, 40.8971442], [14.2413712, 40.8966321]]]}}, {"type": "Feature", "properties": {"id": "SS-NAP-1780", "nome": "Via Pietro Piovani", "quartiere": "", "classificazione": "giallo", "score": 3, "note": "strada urbana senza ciclabile", "ciclabile": "no", "n_corsie": "2", "senso_unico": "no", "n_testimonianze": "0", "zona": "B1"}, "geometry": {"type": "LineString", "coordinates": [[14.2346423, 40.8924537], [14.2345787, 40.8924744], [14.2345194, 40.8924937], [14.2336865, 40.8927646], [14.2334172, 40.8928565], [14.2331552, 40.8929374], [14.2329344, 40.8930097], [14.232752, 40.8930576], [14.232682, 40.8930708], [14.232585, 40.8930906], [14.2325056, 40.8931056], [14.2319398, 40.8932066]]}}, {"type": "Feature", "properties": {"id": "SS-NAP-1781", "nome": "Via Pietro Platania", "quartiere": "", "classificazione": "giallo", "score": 3, "note": "strada urbana senza ciclabile", "ciclabile": "no", "n_corsie": "2", "senso_unico": "si", "n_testimonianze": "0", "zona": "B1"}, "geometry": {"type": "LineString", "coordinates": [[14.2304341, 40.853182], [14.2305148, 40.8531888], [14.2308619, 40.8532197], [14.230915, 40.8532237]]}}, {"type": "Feature", "properties": {"id": "SS-NAP-1792", "nome": "Via Pisani", "quartiere": "", "classificazione": "giallo", "score": 3, "note": "strada urbana senza ciclabile", "ciclabile": "no", "n_corsie": "2", "senso_unico": "no", "n_testimonianze": "0", "zona": "B1"}, "geometry": {"type": "MultiLineString", "coordinates": [[[14.1453902, 40.8652962], [14.1453623, 40.8654705], [14.1453411, 40.865603], [14.1453175, 40.8658424], [14.1453588, 40.8661868], [14.1453695, 40.8662222], [14.1453802, 40.866258], [14.1454313, 40.8664278], [14.1456754, 40.86715], [14.1459991, 40.8675643], [14.1462333, 40.8678639], [14.1463011, 40.8679451], [14.1465528, 40.8682463]], [[14.1446548, 40.8715747], [14.1446976, 40.8714452], [14.144754, 40.8713243], [14.1448492, 40.8711795], [14.1449593, 40.8710553], [14.1450746, 40.870949], [14.1463986, 40.8696018], [14.1464719, 40.869495], [14.1465349, 40.8693629], [14.1465779, 40.8692172], [14.1466196, 40.8690404], [14.1466133, 40.8686483], [14.146607, 40.8685803], [14.1465957, 40.8684595], [14.1465528, 40.8682463]], [[14.1502325, 40.8604053], [14.1502902, 40.8600909], [14.1503318, 40.8598353], [14.1503879, 40.8590079], [14.1504002, 40.858965], [14.1504632, 40.8587287], [14.1505958, 40.8584998], [14.1506575, 40.8583081], [14.1506536, 40.8580014]], [[14.1497556, 40.8616255], [14.1497648, 40.861605], [14.1498828, 40.8613386], [14.150034, 40.8609571], [14.150122, 40.8607389], [14.1501304, 40.860718], [14.1501668, 40.8606066], [14.1502325, 40.8604053]], [[14.1503439, 40.856375], [14.1503558, 40.8564275], [14.1503249, 40.8564772], [14.150296, 40.8565891], [14.1503049, 40.8566747], [14.1504605, 40.8569749], [14.1505416, 40.8572035]], [[14.1467103, 40.8639241], [14.1466138, 40.8639711], [14.1463228, 40.8641764], [14.146291, 40.8642053], [14.1460927, 40.8643676], [14.1458383, 40.8646399], [14.1456191, 40.8648832], [14.145531, 40.8649916], [14.1455137, 40.8650129], [14.1454371, 40.8651336], [14.1453902, 40.8652962]], [[14.1505416, 40.8572035], [14.1505839, 40.8574658], [14.150603, 40.8575521], [14.1506536, 40.8580014]], [[14.1491141, 40.8623689], [14.1486402, 40.8629282], [14.1485168, 40.8630304], [14.1480865, 40.8632539], [14.1473522, 40.8636115], [14.1472857, 40.8636439], [14.1467103, 40.8639241]], [[14.1497185, 40.861694], [14.1497556, 40.8616255]], [[14.1491141, 40.8623689], [14.1495565, 40.8618804], [14.149573, 40.8618588], [14.1496806, 40.8617477], [14.1496934, 40.8617249], [14.1497004, 40.8617163], [14.1497185, 40.861694]]]}}, {"type": "Feature", "properties": {"id": "SS-NAP-1793", "nome": "Via Piscinola", "quartiere": "", "classificazione": "giallo", "score": 3, "note": "strada urbana senza ciclabile", "ciclabile": "no", "n_corsie": "2", "senso_unico": "si", "n_testimonianze": "0", "zona": "B1"}, "geometry": {"type": "MultiLineString", "coordinates": [[[14.2308737, 40.8898356], [14.230991, 40.8898279], [14.2311151, 40.8898112], [14.2312978, 40.8898044], [14.2314303, 40.8898067], [14.2315373, 40.8898032], [14.2316331, 40.8897896], [14.2322105, 40.8896559]], [[14.2322105, 40.8896559], [14.2329953, 40.8894034]], [[14.2329953, 40.8894034], [14.2330321, 40.8893679], [14.2330609, 40.88934]], [[14.2330977, 40.8893857], [14.233045, 40.8893948], [14.2329953, 40.8894034]]]}}, {"type": "Feature", "properties": {"id": "SS-NAP-1795", "nome": "Via Platone", "quartiere": "", "classificazione": "giallo", "score": 3, "note": "strada urbana senza ciclabile", "ciclabile": "no", "n_corsie": "2", "senso_unico": "no", "n_testimonianze": "0", "zona": "B1"}, "geometry": {"type": "LineString", "coordinates": [[14.1726058, 40.8562691], [14.1714887, 40.8555526]]}}, {"type": "Feature", "properties": {"id": "SS-NAP-1797", "nome": "Via Plebiscito a Piscinola", "quartiere": "", "classificazione": "giallo", "score": 3, "note": "strada urbana senza ciclabile", "ciclabile": "no", "n_corsie": "2", "senso_unico": "si", "n_testimonianze": "0", "zona": "B1"}, "geometry": {"type": "MultiLineString", "coordinates": [[[14.2382096, 40.8926654], [14.2381516, 40.8926599], [14.2380605, 40.8926637], [14.2379782, 40.8926864], [14.2377571, 40.8927505], [14.2377152, 40.8927644]], [[14.2377152, 40.8927644], [14.2376775, 40.8927828], [14.2372926, 40.8929594], [14.2369479, 40.8931299], [14.2366552, 40.8932876], [14.2363159, 40.8934527], [14.2361988, 40.8935127], [14.2361074, 40.893582], [14.2359076, 40.893791], [14.2355141, 40.8941467]]]}}, {"type": "Feature", "properties": {"id": "SS-NAP-1826", "nome": "Via Primo Levi", "quartiere": "", "classificazione": "giallo", "score": 3, "note": "strada urbana senza ciclabile", "ciclabile": "no", "n_corsie": "2", "senso_unico": "no", "n_testimonianze": "0", "zona": "B1"}, "geometry": {"type": "MultiLineString", "coordinates": [[[14.1761296, 40.86097], [14.1740017, 40.8600246], [14.1738305, 40.8599435], [14.1724149, 40.8592622], [14.1718788, 40.8589864]], [[14.1704329, 40.8581712], [14.1704884, 40.858204], [14.1707939, 40.8583373], [14.1710254, 40.8584625], [14.1714557, 40.8587431], [14.1718788, 40.8589864]]]}}, {"type": "Feature", "properties": {"id": "SS-NAP-1833", "nome": "Via Privata Giuseppe Imperatrice", "quartiere": "", "classificazione": "giallo", "score": 3, "note": "strada urbana senza ciclabile", "ciclabile": "no", "n_corsie": "2", "senso_unico": "no", "n_testimonianze": "0", "zona": "B1"}, "geometry": {"type": "LineString", "coordinates": [[14.2185754, 40.8624525], [14.2181518, 40.8626092], [14.2175553, 40.8628358], [14.2175139, 40.8628515]]}}, {"type": "Feature", "properties": {"id": "SS-NAP-1849", "nome": "Via Provinciale Napoli", "quartiere": "", "classificazione": "giallo", "score": 3, "note": "strada urbana senza ciclabile (2 corsie)", "ciclabile": "no", "n_corsie": "2", "senso_unico": "no", "n_testimonianze": "0", "zona": "B1"}, "geometry": {"type": "MultiLineString", "coordinates": [[[14.1704329, 40.8581712], [14.1704325, 40.8581184], [14.1704027, 40.8579512], [14.1703318, 40.8576774], [14.1702685, 40.8575051], [14.1701655, 40.8573125], [14.1701001, 40.8572068], [14.1700547, 40.8571525], [14.1699644, 40.8570607], [14.1698744, 40.8569786], [14.1696922, 40.8568294]], [[14.1661696, 40.8536778], [14.1661344, 40.8537547], [14.1661324, 40.8537757], [14.1661258, 40.853847]], [[14.1683871, 40.8558056], [14.1682274, 40.855686], [14.1680734, 40.8555705], [14.1678328, 40.8553903], [14.1676712, 40.8552692], [14.1672679, 40.854967], [14.1668406, 40.8546355], [14.1667472, 40.8545631], [14.1665459, 40.8543978]], [[14.1661258, 40.853847], [14.1660654, 40.8538099], [14.1660424, 40.8537957], [14.1659193, 40.8537575]], [[14.1718282, 40.8609132], [14.1717678, 40.8608539], [14.1715049, 40.8605232], [14.1714498, 40.8604342], [14.1713965, 40.8603369], [14.1713506, 40.8602349], [14.1711825, 40.8597675], [14.1710955, 40.8595686], [14.1710036, 40.859384], [14.1708161, 40.8590718], [14.1707469, 40.8589673], [14.1706621, 40.8588413], [14.170575, 40.8586981], [14.1705216, 40.8585956], [14.1704919, 40.8585283], [14.1704814, 40.8585044], [14.1704602, 40.8584214], [14.1704329, 40.8581712]], [[14.1696922, 40.8568294], [14.1695161, 40.8566853], [14.1693073, 40.8565145], [14.168966, 40.856248], [14.168874, 40.8561762], [14.1687811, 40.8561055], [14.1683871, 40.8558056]]]}}, {"type": "Feature", "properties": {"id": "SS-NAP-1857", "nome": "Via Raffaele Calvanico", "quartiere": "", "classificazione": "giallo", "score": 3, "note": "strada urbana senza ciclabile", "ciclabile": "no", "n_corsie": "2", "senso_unico": "si", "n_testimonianze": "0", "zona": "B1"}, "geometry": {"type": "LineString", "coordinates": [[14.2187021, 40.860487], [14.2186797, 40.8604242], [14.2185997, 40.8603294], [14.2184823, 40.8603241], [14.2178669, 40.8603224], [14.2177977, 40.8603222]]}}, {"type": "Feature", "properties": {"id": "SS-NAP-1862", "nome": "Via Raffaele Marfella", "quartiere": "", "classificazione": "giallo", "score": 3, "note": "strada urbana senza ciclabile", "ciclabile": "no", "n_corsie": "2", "senso_unico": "si", "n_testimonianze": "0", "zona": "B1"}, "geometry": {"type": "LineString", "coordinates": [[14.2396683, 40.8775989], [14.2395945, 40.8777316], [14.2395753, 40.8777733], [14.2395402, 40.8782274], [14.239519, 40.8783621], [14.2395062, 40.8784445], [14.2394654, 40.8788302], [14.2394025, 40.8792068], [14.2393224, 40.8794989], [14.2392496, 40.879659], [14.2390944, 40.8798112], [14.2389348, 40.8799547], [14.2388168, 40.8800638], [14.2387889, 40.8801153], [14.2387369, 40.8802116], [14.2386789, 40.8805155], [14.2386358, 40.880947], [14.2384676, 40.8814047], [14.2384205, 40.8815006], [14.2382705, 40.8818057], [14.237973, 40.8823674], [14.2378623, 40.8825764], [14.2377272, 40.8829144], [14.2375584, 40.8831083], [14.2375034, 40.8831715], [14.2373002, 40.8834481], [14.2371015, 40.8836744], [14.2370475, 40.8839027], [14.2370242, 40.8841676], [14.2370423, 40.8843758]]}}, {"type": "Feature", "properties": {"id": "SS-NAP-1870", "nome": "Via Ramaglia", "quartiere": "", "classificazione": "giallo", "score": 3, "note": "strada urbana senza ciclabile", "ciclabile": "no", "n_corsie": "2", "senso_unico": "si", "n_testimonianze": "0", "zona": "B1"}, "geometry": {"type": "LineString", "coordinates": [[14.2304962, 40.8888921], [14.2306029, 40.8888268], [14.2306779, 40.8887809], [14.2311343, 40.888503], [14.2312567, 40.8884286], [14.2313456, 40.8883558], [14.2314305, 40.8882697]]}}, {"type": "Feature", "properties": {"id": "SS-NAP-1886", "nome": "Via Roberto Cortese", "quartiere": "", "classificazione": "giallo", "score": 3, "note": "strada urbana senza ciclabile", "ciclabile": "no", "n_corsie": "2", "senso_unico": "no", "n_testimonianze": "0", "zona": "B1"}, "geometry": {"type": "LineString", "coordinates": [[14.222879, 40.8967652], [14.2230826, 40.8981657], [14.223111, 40.8984061], [14.22311, 40.898414], [14.223105, 40.8984222], [14.2230949, 40.8984298], [14.2230802, 40.8984343], [14.2220859, 40.8985814], [14.2218831, 40.8986007], [14.2216241, 40.8986132], [14.2214656, 40.8986251], [14.2214408, 40.8986357], [14.2214298, 40.8986463], [14.2214198, 40.8986676], [14.2214168, 40.89869], [14.2214617, 40.8988701], [14.221464, 40.8988759], [14.2214677, 40.8988807], [14.2214733, 40.8988844], [14.2214807, 40.8988863], [14.2214892, 40.898886], [14.2219792, 40.8988012], [14.2222349, 40.8987569], [14.2231008, 40.8986401], [14.2231341, 40.8986363], [14.2231603, 40.8986394], [14.223176, 40.8986486], [14.2231845, 40.8986661], [14.2231926, 40.8987449]]}}, {"type": "Feature", "properties": {"id": "SS-NAP-1890", "nome": "Via Rocchetti", "quartiere": "", "classificazione": "giallo", "score": 3, "note": "strada urbana senza ciclabile", "ciclabile": "no", "n_corsie": "2", "senso_unico": "no", "n_testimonianze": "0", "zona": "B1"}, "geometry": {"type": "LineString", "coordinates": [[14.1794218, 40.8741821], [14.1793882, 40.8743044], [14.1793485, 40.8746328], [14.1793639, 40.8746515], [14.1793562, 40.8747691], [14.1793362, 40.8749264], [14.1793007, 40.8750196], [14.1792869, 40.8751186], [14.1792455, 40.8754772]]}}, {"type": "Feature", "properties": {"id": "SS-NAP-1892", "nome": "Via Rocco Iemma", "quartiere": "", "classificazione": "giallo", "score": 3, "note": "strada urbana senza ciclabile", "ciclabile": "no", "n_corsie": "2", "senso_unico": "no", "n_testimonianze": "0", "zona": "B1"}, "geometry": {"type": "MultiLineString", "coordinates": [[[14.2249764, 40.8606286], [14.2248908, 40.8605932], [14.224615, 40.8604716], [14.2249825, 40.8598244], [14.2246225, 40.8596687], [14.2240155, 40.8594141], [14.2239456, 40.8593836]], [[14.2246225, 40.8596687], [14.2245824, 40.8597335], [14.2242342, 40.8602951], [14.224615, 40.8604716]]]}}, {"type": "Feature", "properties": {"id": "SS-NAP-1893", "nome": "Via Rocco Marco di Torrepadula", "quartiere": "", "classificazione": "rosso", "score": 4, "note": "strada secondaria trafficata", "ciclabile": "no", "n_corsie": "2", "senso_unico": "no", "n_testimonianze": "0", "zona": "B1"}, "geometry": {"type": "MultiLineString", "coordinates": [[[14.2329198, 40.8807951], [14.2331334, 40.8810339], [14.2332374, 40.8811266], [14.2334164, 40.8812509], [14.2335796, 40.8813514], [14.2337059, 40.8813959], [14.2338426, 40.8814293], [14.2339791, 40.8814456], [14.2341375, 40.8814518], [14.2346049, 40.8814596], [14.2346798, 40.8814719], [14.2347613, 40.8814979], [14.2350638, 40.8816683], [14.2354141, 40.8819058], [14.2356849, 40.8821443], [14.2358619, 40.8823369], [14.2362468, 40.8828804], [14.2364247, 40.8830321], [14.2366424, 40.8831842], [14.2367693, 40.8832874], [14.2368607, 40.8834176], [14.2369011, 40.8836004], [14.2369152, 40.8837553], [14.2369328, 40.8841248], [14.2369755, 40.8842649], [14.2370423, 40.8843758], [14.237076, 40.8844119], [14.2370946, 40.8844319], [14.2372764, 40.8845798], [14.2374777, 40.8846811], [14.2380489, 40.8848805], [14.23836, 40.8849726], [14.2388853, 40.8851282]], [[14.2310466, 40.8797182], [14.2311413, 40.8798298], [14.2311966, 40.8798884], [14.2312459, 40.8799241], [14.2313207, 40.8799547]], [[14.2326523, 40.8804128], [14.2326834, 40.8804586], [14.2328236, 40.8806582], [14.2329198, 40.8807951]], [[14.2326523, 40.8804128], [14.2325879, 40.8803775], [14.2325378, 40.8803387], [14.2324581, 40.8802582], [14.2323935, 40.8801843], [14.2323009, 40.880058], [14.2322588, 40.8800192], [14.2322214, 40.8800028], [14.2321637, 40.8799889], [14.232107, 40.8799876], [14.2320377, 40.8800004], [14.2319325, 40.8800402], [14.2317928, 40.8801263], [14.2316983, 40.8801888], [14.2316687, 40.8802013], [14.2315532, 40.8802384]], [[14.2315111, 40.8800212], [14.2315774, 40.8800598], [14.2316148, 40.8800889], [14.2316481, 40.8801204], [14.2316647, 40.880151], [14.2316687, 40.8802013]], [[14.2311267, 40.8800426], [14.2310603, 40.8798453], [14.2310527, 40.8797879], [14.2310466, 40.8797182]], [[14.2313207, 40.8799547], [14.2315111, 40.8800212], [14.2319726, 40.8799156], [14.2320727, 40.8799004], [14.2321484, 40.8799013], [14.2322223, 40.87991], [14.2322813, 40.8799394], [14.2323286, 40.8799744], [14.2323839, 40.8800262], [14.2324439, 40.8800989], [14.2324953, 40.8801657], [14.2325296, 40.8802104], [14.2326155, 40.8803221], [14.2326387, 40.8803607], [14.2326523, 40.8804128]], [[14.2315532, 40.8802384], [14.2314664, 40.8802539], [14.2314138, 40.8802568], [14.2313519, 40.8802498], [14.2312892, 40.8802283], [14.2312525, 40.8802101]], [[14.2312525, 40.8802101], [14.2312157, 40.8801919], [14.2311706, 40.8801357], [14.2311501, 40.880093], [14.2311267, 40.8800426]]]}}, {"type": "Feature", "properties": {"id": "SS-NAP-1894", "nome": "Via Rocco Scotellaro", "quartiere": "", "classificazione": "giallo", "score": 3, "note": "strada urbana senza ciclabile", "ciclabile": "no", "n_corsie": "2", "senso_unico": "no", "n_testimonianze": "0", "zona": "B1"}, "geometry": {"type": "LineString", "coordinates": [[14.172736, 40.8613629], [14.1734636, 40.8604194], [14.1738305, 40.8599435]]}}, {"type": "Feature", "properties": {"id": "SS-NAP-1899", "nome": "Via Romano", "quartiere": "", "classificazione": "giallo", "score": 3, "note": "strada urbana senza ciclabile", "ciclabile": "no", "n_corsie": "2", "senso_unico": "no", "n_testimonianze": "0", "zona": "B1"}, "geometry": {"type": "LineString", "coordinates": [[14.1638593, 40.8703449], [14.1641195, 40.870569], [14.1642201, 40.8706491], [14.1644548, 40.8708296], [14.164664, 40.8709432], [14.1648437, 40.8710254], [14.1652721, 40.8712274], [14.1656147, 40.8714352], [14.1658621, 40.8716681], [14.1660468, 40.8719378], [14.1661423, 40.8723452], [14.1662097, 40.872447], [14.1662225, 40.8724663], [14.1663243, 40.8725709], [14.166483, 40.8726552], [14.1668189, 40.8727767], [14.1672487, 40.872808], [14.1674176, 40.8728484], [14.1685823, 40.8730147], [14.169119, 40.8730914], [14.1696594, 40.8731356], [14.170616, 40.8732405], [14.171317, 40.8733399], [14.1713369, 40.8733441], [14.1715807, 40.8733961], [14.1717437, 40.8734405], [14.1719218, 40.8734954]]}}, {"type": "Feature", "properties": {"id": "SS-NAP-1906", "nome": "Via Ruggero Il Normanno", "quartiere": "", "classificazione": "giallo", "score": 3, "note": "strada urbana senza ciclabile", "ciclabile": "no", "n_corsie": "2", "senso_unico": "no", "n_testimonianze": "0", "zona": "B1"}, "geometry": {"type": "LineString", "coordinates": [[14.1699755, 40.8600026], [14.1701395, 40.8601066], [14.1702192, 40.860145], [14.1708291, 40.860428], [14.1708485, 40.8604396], [14.1708673, 40.8604546], [14.1708824, 40.8604764], [14.170883, 40.8604997], [14.1708772, 40.8605177], [14.1707415, 40.8608498]]}}, {"type": "Feature", "properties": {"id": "SS-NAP-1908", "nome": "Via Ruggiero Moscati", "quartiere": "", "classificazione": "giallo", "score": 3, "note": "strada urbana senza ciclabile", "ciclabile": "no", "n_corsie": "2", "senso_unico": "no", "n_testimonianze": "0", "zona": "B1"}, "geometry": {"type": "LineString", "coordinates": [[14.2359665, 40.8917226], [14.2359458, 40.8917095], [14.2359414, 40.8917077], [14.235937, 40.8917075], [14.2358606, 40.8917245], [14.2358577, 40.8917245], [14.2358547, 40.891724], [14.2358525, 40.8917229], [14.23585, 40.8917211], [14.2358486, 40.8917196], [14.2357256, 40.8914903], [14.2356407, 40.8913052], [14.2355716, 40.8911918], [14.2355649, 40.891183], [14.2355553, 40.8911759], [14.2355402, 40.8911704], [14.235525, 40.8911661], [14.2355029, 40.8911659], [14.235482, 40.8911685], [14.235167, 40.8912445], [14.2345069, 40.8914073], [14.2342066, 40.8914742], [14.2341526, 40.8914857]]}}, {"type": "Feature", "properties": {"id": "SS-NAP-1909", "nome": "Via Ruocco", "quartiere": "", "classificazione": "giallo", "score": 3, "note": "strada urbana senza ciclabile", "ciclabile": "no", "n_corsie": "2", "senso_unico": "no", "n_testimonianze": "0", "zona": "B1"}, "geometry": {"type": "LineString", "coordinates": [[14.1857344, 40.8761892], [14.1855189, 40.8762895], [14.1853492, 40.876434], [14.184978, 40.8767906], [14.1846368, 40.877136], [14.1838263, 40.8782974], [14.1836599, 40.8784018], [14.1833803, 40.8785008], [14.1832105, 40.878573], [14.1826159, 40.8786533], [14.1823292, 40.8787256], [14.1821293, 40.8786929], [14.1818054, 40.8786399], [14.1812533, 40.8786399], [14.1807578, 40.8787229], [14.1801986, 40.8788192], [14.180096, 40.8788166], [14.1797208, 40.8786935], [14.1795545, 40.8787844], [14.1793244, 40.8788487], [14.1791111, 40.8788261], [14.1789953, 40.8788139], [14.1788891, 40.8787711], [14.1788643, 40.8787952], [14.1789174, 40.8791805]]}}, {"type": "Feature", "properties": {"id": "SS-NAP-1912", "nome": "Via Salvador Dalì", "quartiere": "", "classificazione": "giallo", "score": 3, "note": "strada urbana senza ciclabile", "ciclabile": "no", "n_corsie": "2", "senso_unico": "si", "n_testimonianze": "0", "zona": "B1"}, "geometry": {"type": "MultiLineString", "coordinates": [[[14.1657268, 40.8584825], [14.1670422, 40.8575189], [14.1687744, 40.8562496], [14.168874, 40.8561762]], [[14.165208, 40.8588853], [14.1657268, 40.8584825]]]}}, {"type": "Feature", "properties": {"id": "SS-NAP-1915", "nome": "Via Salvatore Battaglia", "quartiere": "", "classificazione": "giallo", "score": 3, "note": "strada urbana senza ciclabile", "ciclabile": "no", "n_corsie": "2", "senso_unico": "si", "n_testimonianze": "0", "zona": "B1"}, "geometry": {"type": "LineString", "coordinates": [[14.2322105, 40.8896559], [14.2322814, 40.8897847], [14.2323086, 40.889829], [14.2323263, 40.8898729], [14.2323305, 40.8899112], [14.2323192, 40.8899452], [14.2322931, 40.8899736], [14.2322223, 40.8900227], [14.2321677, 40.8900483], [14.2320575, 40.8900998], [14.2319371, 40.890156], [14.2318276, 40.890238], [14.2314138, 40.8905707], [14.2313724, 40.8906183], [14.2313472, 40.8906513], [14.2312364, 40.8907965]]}}, {"type": "Feature", "properties": {"id": "SS-NAP-1917", "nome": "Via Salvatore Fergola", "quartiere": "", "classificazione": "giallo", "score": 3, "note": "strada urbana senza ciclabile", "ciclabile": "no", "n_corsie": "2", "senso_unico": "no", "n_testimonianze": "0", "zona": "B1"}, "geometry": {"type": "MultiLineString", "coordinates": [[[14.1518539, 40.8555832], [14.1515886, 40.8557927], [14.1513022, 40.8559467], [14.1512174, 40.8559923], [14.1504416, 40.8563169], [14.1503439, 40.856375]], [[14.1503439, 40.856375], [14.1502914, 40.8563453], [14.1502242, 40.8563381], [14.1499528, 40.8564004]], [[14.1499528, 40.8564004], [14.1492454, 40.8566334], [14.1489541, 40.8566957], [14.1488336, 40.8567051], [14.148748, 40.8567029], [14.1482293, 40.8566481]], [[14.1463792, 40.8564865], [14.1464344, 40.856531], [14.146556, 40.8565529], [14.1476667, 40.8565961], [14.1482293, 40.8566481]]]}}, {"type": "Feature", "properties": {"id": "SS-NAP-1923", "nome": "Via Salvatore Quasimodo", "quartiere": "", "classificazione": "giallo", "score": 3, "note": "strada urbana senza ciclabile", "ciclabile": "no", "n_corsie": "2", "senso_unico": "no", "n_testimonianze": "0", "zona": "B1"}, "geometry": {"type": "LineString", "coordinates": [[14.238764, 40.8901071], [14.2394306, 40.8899214], [14.2400272, 40.8897358], [14.2404538, 40.8895514], [14.2404603, 40.8895492], [14.2404652, 40.889548], [14.240471, 40.8895477]]}}, {"type": "Feature", "properties": {"id": "SS-NAP-1927", "nome": "Via Salvo D'Acquisto", "quartiere": "", "classificazione": "rosso", "score": 4, "note": "strada secondaria trafficata", "ciclabile": "no", "n_corsie": "2", "senso_unico": "si", "n_testimonianze": "0", "zona": "B1"}, "geometry": {"type": "LineString", "coordinates": [[14.2382439, 40.8547872], [14.2379877, 40.8550158], [14.2377577, 40.8551528], [14.2374369, 40.8553185]]}}, {"type": "Feature", "properties": {"id": "SS-NAP-1937", "nome": "Via San Donato", "quartiere": "", "classificazione": "giallo", "score": 3, "note": "strada urbana senza ciclabile", "ciclabile": "no", "n_corsie": "2", "senso_unico": "si", "n_testimonianze": "0", "zona": "B1"}, "geometry": {"type": "LineString", "coordinates": [[14.1729869, 40.8558952], [14.1758501, 40.8570584], [14.1768782, 40.8574499], [14.1772, 40.8575404], [14.1774552, 40.8576079], [14.1779933, 40.8577601], [14.1780687, 40.8577915]]}}, {"type": "Feature", "properties": {"id": "SS-NAP-1948", "nome": "Via San Giovanni Battista della Salle", "quartiere": "", "classificazione": "giallo", "score": 3, "note": "strada urbana senza ciclabile", "ciclabile": "no", "n_corsie": "2", "senso_unico": "si", "n_testimonianze": "0", "zona": "B1"}, "geometry": {"type": "LineString", "coordinates": [[14.2409942, 40.8576886], [14.2406542, 40.8579971], [14.240506, 40.8580557], [14.2403182, 40.8580705], [14.2401868, 40.8580333], [14.2400329, 40.8579594], [14.2399248, 40.8578305], [14.239901, 40.8576631], [14.2399881, 40.8572783], [14.2401365, 40.8571253]]}}, {"type": "Feature", "properties": {"id": "SS-NAP-1957", "nome": "Via San Josemaria Escrivà", "quartiere": "", "classificazione": "giallo", "score": 3, "note": "strada urbana senza ciclabile", "ciclabile": "no", "n_corsie": "2", "senso_unico": "no", "n_testimonianze": "0", "zona": "B1"}, "geometry": {"type": "MultiLineString", "coordinates": [[[14.1672679, 40.854967], [14.167362, 40.854895], [14.1677886, 40.8545686]], [[14.170906, 40.854083], [14.1708418, 40.8541551], [14.1707665, 40.8542128], [14.170687, 40.8542526], [14.1702201, 40.8544834], [14.1692769, 40.8538059], [14.1682816, 40.8530874], [14.1682598, 40.8530755], [14.1682273, 40.8530711]], [[14.1682832, 40.8546168], [14.1687274, 40.8542544], [14.1692769, 40.8538059], [14.1698433, 40.8533436], [14.1701889, 40.8532739], [14.1702046, 40.8532707]], [[14.1682832, 40.8546168], [14.1681307, 40.8547201], [14.1681239, 40.8547222], [14.1681162, 40.8547211], [14.168109, 40.8547178], [14.1679264, 40.8545961], [14.167895, 40.8545861], [14.1678531, 40.854578], [14.1677886, 40.8545686]], [[14.1682273, 40.8530711], [14.1681955, 40.8530808], [14.1677107, 40.8534687], [14.1676981, 40.8534983], [14.1677102, 40.8535231], [14.1677301, 40.8535471], [14.1687274, 40.8542544], [14.1695062, 40.8548036], [14.1695502, 40.8548155], [14.1695897, 40.8548131], [14.1696195, 40.8548022], [14.1697654, 40.8547134], [14.1702201, 40.8544834]], [[14.1677886, 40.8545686], [14.1679333, 40.8544632], [14.1679417, 40.8544584], [14.1679519, 40.8544565], [14.167965, 40.854459], [14.1679729, 40.8544644], [14.1681479, 40.8545978], [14.1681739, 40.8546138], [14.1682109, 40.8546224], [14.1682445, 40.8546226], [14.1682832, 40.8546168]]]}}, {"type": "Feature", "properties": {"id": "SS-NAP-1973", "nome": "Via San Romualdo", "quartiere": "", "classificazione": "giallo", "score": 3, "note": "strada urbana senza ciclabile", "ciclabile": "no", "n_corsie": "2", "senso_unico": "no", "n_testimonianze": "0", "zona": "B1"}, "geometry": {"type": "MultiLineString", "coordinates": [[[14.1896218, 40.8660427], [14.1903042, 40.8657492], [14.1904085, 40.8656888], [14.1905171, 40.8656047], [14.1905715, 40.8655479], [14.1906783, 40.8653415], [14.1907205, 40.8652047], [14.1907953, 40.8649627], [14.1908067, 40.8646837], [14.1907972, 40.8646367], [14.1907718, 40.8645865]], [[14.1914336, 40.8651103], [14.1922119, 40.865015], [14.1927108, 40.8650951], [14.1940534, 40.8653199]], [[14.1914336, 40.8651103], [14.1911833, 40.8651474], [14.1907205, 40.8652047]]]}}, {"type": "Feature", "properties": {"id": "SS-NAP-1977", "nome": "Via Sandro Botticelli", "quartiere": "", "classificazione": "giallo", "score": 3, "note": "strada urbana senza ciclabile", "ciclabile": "no", "n_corsie": "2", "senso_unico": "si", "n_testimonianze": "0", "zona": "B1"}, "geometry": {"type": "LineString", "coordinates": [[14.1667642, 40.8598283], [14.1668061, 40.8597928], [14.1675144, 40.8591921], [14.168382, 40.8584602], [14.1684138, 40.858431], [14.1700547, 40.8571525]]}}, {"type": "Feature", "properties": {"id": "SS-NAP-2026", "nome": "Via Sartania", "quartiere": "", "classificazione": "giallo", "score": 3, "note": "strada urbana senza ciclabile", "ciclabile": "no", "n_corsie": "2", "senso_unico": "si", "n_testimonianze": "0", "zona": "B1"}, "geometry": {"type": "MultiLineString", "coordinates": [[[14.1652635, 40.8537329], [14.1653509, 40.853655], [14.1653774, 40.8535949], [14.1653765, 40.8535788], [14.1653717, 40.853498]], [[14.1653717, 40.853498], [14.1651694, 40.853281]], [[14.1606913, 40.8504139], [14.1606333, 40.8503699], [14.1606414, 40.8502963], [14.1607262, 40.8501483], [14.1608348, 40.8499708], [14.1608587, 40.8498738], [14.1608652, 40.849631], [14.1608888, 40.8493977], [14.1609806, 40.8489445], [14.1609891, 40.8489014], [14.1610346, 40.8487516], [14.1611061, 40.8485166], [14.1611921, 40.8482337], [14.1611969, 40.8482179], [14.1612057, 40.848194], [14.161268, 40.8480243], [14.1614042, 40.8476537], [14.1615711, 40.8471109], [14.1615977, 40.8470247], [14.1616468, 40.8468649], [14.1616714, 40.8467713], [14.1616904, 40.8466992], [14.1616949, 40.846666], [14.1617023, 40.8466107], [14.161718, 40.8464934], [14.1617038, 40.8462499], [14.1616841, 40.8461081], [14.1616601, 40.8459348], [14.1616567, 40.845769], [14.1616525, 40.8455661], [14.1616503, 40.8454608], [14.1616275, 40.8451949], [14.1615543, 40.8449381], [14.1614458, 40.8446208], [14.1613455, 40.8444044], [14.1613038, 40.8443145], [14.1612435, 40.8442081], [14.1611698, 40.8440783], [14.1611175, 40.8439353], [14.1610889, 40.8437899], [14.1610253, 40.8434668], [14.1609577, 40.8432384], [14.1609273, 40.8431847], [14.1607852, 40.8430256], [14.160639, 40.842855], [14.1606102, 40.8428132], [14.1604876, 40.8426349], [14.1603768, 40.8424176], [14.1602692, 40.8421805], [14.1601943, 40.8419782], [14.1601398, 40.8417178], [14.1600501, 40.8413244], [14.1599767, 40.8409968], [14.1597974, 40.8407666], [14.1595605, 40.8405663], [14.1593893, 40.8404141], [14.1593723, 40.8403961], [14.1593675, 40.8403673], [14.1593778, 40.840346], [14.1593929, 40.8403317]], [[14.1645284, 40.8528482], [14.1640037, 40.8524572], [14.1633399, 40.8519915], [14.1627445, 40.8516143], [14.1625519, 40.8514874], [14.1621708, 40.8512362], [14.1617929, 40.8510539], [14.161519, 40.8509405], [14.1613562, 40.8509289], [14.1610327, 40.850924], [14.160848, 40.8508812], [14.1607393, 40.8507958], [14.1606719, 40.8506119], [14.1606913, 40.8504139]], [[14.1653717, 40.853498], [14.1654431, 40.8535506], [14.1654632, 40.8535654], [14.1656198, 40.8536227]], [[14.1651694, 40.853281], [14.1650256, 40.8532187], [14.164959, 40.8531691], [14.1645284, 40.8528482]]]}}, {"type": "Feature", "properties": {"id": "SS-NAP-2029", "nome": "Via Saverio Gatto", "quartiere": "", "classificazione": "giallo", "score": 3, "note": "strada urbana senza ciclabile", "ciclabile": "no", "n_corsie": "2", "senso_unico": "si", "n_testimonianze": "0", "zona": "B1"}, "geometry": {"type": "MultiLineString", "coordinates": [[[14.2249446, 40.8702136], [14.2251081, 40.8700333], [14.2259981, 40.8699752], [14.2267193, 40.8699607], [14.2270799, 40.8699172], [14.2271347, 40.869889], [14.2273093, 40.8697676], [14.2274738, 40.869587], [14.2274986, 40.8695717], [14.2275322, 40.8695524], [14.2275662, 40.869544]], [[14.2284919, 40.869267], [14.2286948, 40.8692984], [14.2287403, 40.8693041], [14.2287857, 40.8693051], [14.2287978, 40.8693048], [14.2288207, 40.8693041], [14.2288611, 40.8692943], [14.228876, 40.8692867], [14.2288911, 40.869279]], [[14.2275662, 40.869544], [14.2277015, 40.8695399], [14.2277447, 40.8695303], [14.2277757, 40.8695171], [14.2277986, 40.8695005], [14.2278473, 40.8694603], [14.2281128, 40.8692409], [14.2281524, 40.869227], [14.2281881, 40.8692237], [14.2282295, 40.8692264], [14.2284919, 40.869267]], [[14.2288911, 40.869279], [14.2290082, 40.8692194], [14.2291669, 40.8690915], [14.22936, 40.8689779], [14.2294394, 40.8689337], [14.2303256, 40.8686858], [14.2304778, 40.8686675], [14.2309198, 40.8686145], [14.2309333, 40.8686124], [14.2310766, 40.8685898], [14.2314563, 40.868508], [14.2317457, 40.868474], [14.2317867, 40.868464], [14.2318396, 40.8684381], [14.2318562, 40.8684109], [14.2318582, 40.8683971], [14.2318609, 40.8683785], [14.2318565, 40.8683243]]]}}, {"type": "Feature", "properties": {"id": "SS-NAP-2033", "nome": "Via Scipione Mazzella", "quartiere": "", "classificazione": "giallo", "score": 3, "note": "strada urbana senza ciclabile", "ciclabile": "no", "n_corsie": "2", "senso_unico": "no", "n_testimonianze": "0", "zona": "B1"}, "geometry": {"type": "MultiLineString", "coordinates": [[[14.242779, 40.8585106], [14.2424065, 40.8585628], [14.241642, 40.8580699], [14.2415492, 40.8580101]], [[14.2413418, 40.8581992], [14.2413921, 40.8582327], [14.2421282, 40.8587224], [14.2422545, 40.8588191], [14.2424112, 40.8591175]]]}}, {"type": "Feature", "properties": {"id": "SS-NAP-2042", "nome": "Via Sergio Pansini", "quartiere": "", "classificazione": "rosso", "score": 4, "note": "strada secondaria trafficata (3 corsie)", "ciclabile": "no", "n_corsie": "3", "senso_unico": "si", "n_testimonianze": "0", "zona": "B1"}, "geometry": {"type": "MultiLineString", "coordinates": [[[14.2228222, 40.8685249], [14.2228241, 40.868396], [14.2227508, 40.8681267], [14.2226067, 40.8677144], [14.222577, 40.8676294], [14.2224211, 40.8671795]], [[14.2218353, 40.8655154], [14.2215691, 40.8648438], [14.2215254, 40.8647263], [14.2210855, 40.8635176], [14.2208749, 40.8630039], [14.2207873, 40.8627736], [14.2207683, 40.8627237], [14.2207704, 40.8625519], [14.220786, 40.8624459], [14.2208136, 40.8623239]], [[14.2220085, 40.8660253], [14.22196, 40.8658339], [14.2218353, 40.8655154]], [[14.2223098, 40.8668665], [14.2220639, 40.8661636]], [[14.2220442, 40.8661062], [14.222028, 40.8660695], [14.2220085, 40.8660253]], [[14.2220639, 40.8661636], [14.2220442, 40.8661062]], [[14.2224211, 40.8671795], [14.2224076, 40.867142], [14.2223625, 40.8670171], [14.2223098, 40.8668665]]]}}, {"type": "Feature", "properties": {"id": "SS-NAP-2049", "nome": "Via Sgambati", "quartiere": "", "classificazione": "giallo", "score": 3, "note": "strada urbana senza ciclabile", "ciclabile": "no", "n_corsie": "2", "senso_unico": "no", "n_testimonianze": "0", "zona": "B1"}, "geometry": {"type": "LineString", "coordinates": [[14.2190324, 40.8637539], [14.2187279, 40.8630609], [14.2187172, 40.8627059], [14.2186364, 40.8624365], [14.218619, 40.8623823], [14.2184296, 40.8618231], [14.2183471, 40.8616005], [14.2182625, 40.8614168], [14.2179608, 40.8609331], [14.2178978, 40.8608752], [14.2178391, 40.8608525], [14.2177938, 40.8608349]]}}, {"type": "Feature", "properties": {"id": "SS-NAP-2054", "nome": "Via Sigmund Freud", "quartiere": "", "classificazione": "giallo", "score": 3, "note": "strada urbana senza ciclabile", "ciclabile": "no", "n_corsie": "2", "senso_unico": "si", "n_testimonianze": "0", "zona": "B1"}, "geometry": {"type": "LineString", "coordinates": [[14.2191723, 40.8622553], [14.2191155, 40.8621634], [14.2188714, 40.8617506], [14.2188258, 40.8616562], [14.2188122, 40.8616053], [14.2187455, 40.8611371], [14.2187174, 40.8609394], [14.2187029, 40.8605295], [14.2187021, 40.860487]]}}, {"type": "Feature", "properties": {"id": "SS-NAP-2059", "nome": "Via Socrate", "quartiere": "", "classificazione": "giallo", "score": 3, "note": "strada urbana senza ciclabile", "ciclabile": "no", "n_corsie": "2", "senso_unico": "no", "n_testimonianze": "0", "zona": "B1"}, "geometry": {"type": "LineString", "coordinates": [[14.17031, 40.8567081], [14.1713113, 40.8573736]]}}, {"type": "Feature", "properties": {"id": "SS-NAP-2060", "nome": "Via Soffritto", "quartiere": "", "classificazione": "giallo", "score": 3, "note": "strada urbana senza ciclabile", "ciclabile": "no", "n_corsie": "2", "senso_unico": "no", "n_testimonianze": "0", "zona": "B1"}, "geometry": {"type": "MultiLineString", "coordinates": [[[14.1816651, 40.8735456], [14.1814737, 40.8735822], [14.1812581, 40.8735822], [14.1809409, 40.8736931], [14.1804112, 40.8738748], [14.1798662, 40.8740411], [14.1795028, 40.8741735], [14.1794218, 40.8741821], [14.1792133, 40.8742043], [14.1787649, 40.8742094], [14.1786775, 40.8742104], [14.1780492, 40.8742905], [14.1775688, 40.8743336], [14.1773841, 40.8745584], [14.1772517, 40.8747647], [14.177189, 40.874893], [14.1771131, 40.8750481], [14.1769364, 40.8753068]], [[14.1816651, 40.8735456], [14.1818475, 40.873505], [14.1818692, 40.8734902], [14.1822369, 40.8732405], [14.1825336, 40.873039], [14.1828199, 40.8728259], [14.1829225, 40.8727377], [14.1829673, 40.8726816], [14.1829974, 40.8726319], [14.1830579, 40.8724933], [14.1830559, 40.8724537], [14.1830365, 40.8724101], [14.1830156, 40.8723896], [14.1828702, 40.8723219], [14.1828178, 40.8722673], [14.1827884, 40.8722058], [14.1827703, 40.8721013], [14.1827151, 40.8719068], [14.1827615, 40.8718088], [14.1828064, 40.8717455], [14.1829928, 40.8716259], [14.1831551, 40.8715233], [14.1834675, 40.8714363], [14.1837781, 40.8714732], [14.1839759, 40.8714341], [14.1842803, 40.8713093], [14.1844009, 40.8712497], [14.1847189, 40.8710375], [14.1851131, 40.8706908], [14.1852714, 40.8705822], [14.1854081, 40.870554], [14.1864663, 40.8706035], [14.1866669, 40.8706082], [14.1869104, 40.8705961]]]}}, {"type": "Feature", "properties": {"id": "SS-NAP-2064", "nome": "Via Spadari", "quartiere": "", "classificazione": "giallo", "score": 3, "note": "strada urbana senza ciclabile", "ciclabile": "no", "n_corsie": "2", "senso_unico": "no", "n_testimonianze": "0", "zona": "B1"}, "geometry": {"type": "LineString", "coordinates": [[14.1572886, 40.8561874], [14.1572765, 40.8562297], [14.1571592, 40.8563321], [14.1570726, 40.8564181], [14.1570136, 40.8564826], [14.1568285, 40.8566379], [14.1566643, 40.856743], [14.1564216, 40.8568434], [14.1560734, 40.8570476], [14.1558838, 40.8571761], [14.155773, 40.8572789], [14.155637, 40.8574053], [14.1553903, 40.8577177], [14.1552293, 40.8578151], [14.1549638, 40.8579774], [14.1548163, 40.8581255], [14.1547894, 40.8582939], [14.1548538, 40.8584541], [14.1550335, 40.8587178], [14.1551918, 40.8589755], [14.1553634, 40.8595049], [14.1554761, 40.859793], [14.1556719, 40.8602799], [14.1558114, 40.8607241], [14.1558972, 40.8614585], [14.1559374, 40.8616715], [14.1560037, 40.8619001], [14.1559938, 40.8620153], [14.1559441, 40.8624271], [14.1558892, 40.8626776], [14.1558436, 40.8628034], [14.1557515, 40.8630704], [14.1557483, 40.8631644], [14.1557657, 40.8632314], [14.155806, 40.8633186], [14.1560099, 40.863489], [14.1561761, 40.8636878], [14.1563022, 40.8638704], [14.156435, 40.86399], [14.1565074, 40.864057], [14.1565342, 40.8641138], [14.1565449, 40.864199], [14.1565087, 40.8645499], [14.1565222, 40.8647162], [14.1565758, 40.864915], [14.1567099, 40.8651787], [14.1568065, 40.865412], [14.1569486, 40.8655479], [14.1570363, 40.8656057], [14.1570747, 40.865631], [14.1574609, 40.8659191], [14.1576648, 40.8661422], [14.1577989, 40.8662436], [14.1581548, 40.8664965], [14.158397, 40.866775], [14.1586599, 40.8670955], [14.1587859, 40.8672132], [14.1588798, 40.8672842], [14.1597033, 40.8678501], [14.1597492, 40.8678876], [14.1598017, 40.8679305], [14.1603899, 40.8684667], [14.1604294, 40.868535], [14.1604382, 40.8686026], [14.1603676, 40.868821], [14.1602684, 40.8690948], [14.1602585, 40.8691969], [14.1602692, 40.8692861], [14.1603309, 40.8693936], [14.1605795, 40.8695147], [14.1610007, 40.8696931], [14.1615674, 40.8699108], [14.1617471, 40.8699737], [14.1618911, 40.8700038], [14.1621082, 40.870036], [14.1625439, 40.870064], [14.1632733, 40.8700538], [14.1633242, 40.8700569], [14.1633967, 40.8700751], [14.1635767, 40.8701392], [14.1638593, 40.8703449]]}}, {"type": "Feature", "properties": {"id": "SS-NAP-2083", "nome": "Via Talete di Mileto", "quartiere": "", "classificazione": "giallo", "score": 3, "note": "strada urbana senza ciclabile", "ciclabile": "no", "n_corsie": "2", "senso_unico": "no", "n_testimonianze": "0", "zona": "B1"}, "geometry": {"type": "LineString", "coordinates": [[14.1724134, 40.8539369], [14.1738562, 40.854981]]}}, {"type": "Feature", "properties": {"id": "SS-NAP-2084", "nome": "Via Tancredi Galimberti", "quartiere": "", "classificazione": "rosso", "score": 4, "note": "strada secondaria trafficata", "ciclabile": "no", "n_corsie": "2", "senso_unico": "si", "n_testimonianze": "0", "zona": "B1"}, "geometry": {"type": "MultiLineString", "coordinates": [[[14.2357135, 40.8988126], [14.2356898, 40.8987418], [14.2356452, 40.8986517], [14.2355001, 40.8984062]], [[14.237618, 40.9008924], [14.2375805, 40.9008141], [14.236825, 40.9000325]], [[14.2339834, 40.8967447], [14.2338216, 40.8967127], [14.2336575, 40.8966632], [14.2335632, 40.896609], [14.2334821, 40.8965439], [14.2334399, 40.8964504], [14.2334309, 40.8963508], [14.2334774, 40.8962368], [14.233563, 40.8961198], [14.2336902, 40.8960016], [14.2338698, 40.8959025], [14.2340854, 40.8958129]], [[14.2352568, 40.8959612], [14.235299, 40.8960062], [14.2353227, 40.8960453], [14.2353278, 40.8960693], [14.2353131, 40.8961484]], [[14.2359941, 40.8988889], [14.2360551, 40.8989655], [14.2363149, 40.8992464], [14.2366706, 40.8996289], [14.2372408, 40.900242], [14.2377665, 40.9008072]], [[14.2350729, 40.89534], [14.2350389, 40.8954145], [14.2350339, 40.8954424], [14.2350245, 40.8954962], [14.2350201, 40.8955444], [14.2350195, 40.8956118], [14.2350236, 40.8956771], [14.2350462, 40.8957911]], [[14.2348742, 40.8968818], [14.234944, 40.8970452], [14.2350361, 40.8971765], [14.2351503, 40.8973149], [14.2353237, 40.8975066], [14.2354047, 40.8976128], [14.2354788, 40.8977438], [14.2355215, 40.8978532], [14.2355336, 40.8978841]], [[14.2348742, 40.8968818], [14.2348389, 40.8969287], [14.2347881, 40.8969558], [14.2347158, 40.8969703], [14.2346344, 40.896968]], [[14.2353131, 40.8961484], [14.2352128, 40.8962147], [14.2351296, 40.8962767], [14.2350498, 40.8963558], [14.2349895, 40.8964296], [14.2349362, 40.8964977]], [[14.2349362, 40.8964977], [14.2348914, 40.8966115], [14.2348667, 40.8967433], [14.2348742, 40.8968818]], [[14.2346344, 40.896968], [14.2345031, 40.8969032], [14.2343321, 40.8968324], [14.2341768, 40.8967849], [14.2339834, 40.8967447]], [[14.2355001, 40.8984062], [14.2354853, 40.898377], [14.2352545, 40.897922], [14.2352461, 40.8979054], [14.2350148, 40.8974316], [14.2349126, 40.897253], [14.2348132, 40.8971225], [14.2346344, 40.896968]], [[14.2340854, 40.8958129], [14.2342768, 40.8957844], [14.2344374, 40.8957715], [14.2345549, 40.895771], [14.2347076, 40.8957814], [14.2348205, 40.8958057], [14.2349258, 40.8958588], [14.2349896, 40.8959308], [14.2350255, 40.8959907], [14.2350432, 40.8960718], [14.2350254, 40.8961856], [14.2349646, 40.8963621], [14.2349362, 40.8964977]], [[14.2355336, 40.8978841], [14.2357348, 40.898221], [14.2357765, 40.8982972], [14.2358664, 40.8984613], [14.235912, 40.8985021], [14.2359992, 40.8985397]], [[14.2346469, 40.8955524], [14.2347247, 40.895548], [14.2347923, 40.8955599], [14.2348487, 40.8955846], [14.2348894, 40.8956177], [14.2349332, 40.8956635], [14.2350462, 40.8957911]], [[14.2370093, 40.9010144], [14.2370091, 40.9008933], [14.2369865, 40.9007181], [14.2369485, 40.9004837], [14.236825, 40.9000325]], [[14.2355336, 40.8978841], [14.2355896, 40.8980996], [14.2356237, 40.8982237], [14.2356577, 40.8983127], [14.2356645, 40.8983279], [14.2357089, 40.8984261], [14.2358673, 40.8987296]], [[14.2350462, 40.8957911], [14.2351171, 40.89586], [14.2351979, 40.8959267], [14.2352568, 40.8959612]], [[14.236825, 40.9000325], [14.2365238, 40.8997053], [14.2361715, 40.8993226], [14.2361241, 40.8992711], [14.2358915, 40.899], [14.2358253, 40.8989544]]]}}, {"type": "Feature", "properties": {"id": "SS-NAP-2103", "nome": "Via Tiglio", "quartiere": "", "classificazione": "giallo", "score": 3, "note": "strada urbana senza ciclabile", "ciclabile": "no", "n_corsie": "2", "senso_unico": "si", "n_testimonianze": "0", "zona": "B1"}, "geometry": {"type": "MultiLineString", "coordinates": [[[14.214085, 40.8921493], [14.2139659, 40.8917769], [14.2139134, 40.8916493], [14.2139452, 40.8916374], [14.2139674, 40.8916253], [14.2139846, 40.8916142], [14.2140024, 40.8915951], [14.2140146, 40.8915771], [14.2140286, 40.8915506], [14.2141431, 40.891307], [14.2142389, 40.8910482], [14.2143355, 40.8909126], [14.2144194, 40.8908068]], [[14.2137058, 40.8940266], [14.2138963, 40.8925725], [14.213908, 40.8925183], [14.2139237, 40.8924737], [14.2140621, 40.892226], [14.2140821, 40.8921905], [14.214085, 40.8921493]]]}}, {"type": "Feature", "properties": {"id": "SS-NAP-2106", "nome": "Via Tirone", "quartiere": "", "classificazione": "giallo", "score": 3, "note": "strada urbana senza ciclabile", "ciclabile": "no", "n_corsie": "2", "senso_unico": "si", "n_testimonianze": "0", "zona": "B1"}, "geometry": {"type": "MultiLineString", "coordinates": [[[14.2122925, 40.8917554], [14.2123474, 40.8917706], [14.2124041, 40.8917747]], [[14.2124041, 40.8917747], [14.2123122, 40.8917984]], [[14.2124041, 40.8917747], [14.2131103, 40.8917321], [14.213757, 40.8916773], [14.2138391, 40.8916658], [14.2139134, 40.8916493]]]}}, {"type": "Feature", "properties": {"id": "SS-NAP-2116", "nome": "Via Tommaso De Amicis", "quartiere": "", "classificazione": "rosso", "score": 4, "note": "strada secondaria trafficata", "ciclabile": "no", "n_corsie": "2", "senso_unico": "no", "n_testimonianze": "0", "zona": "B1"}, "geometry": {"type": "LineString", "coordinates": [[14.2228222, 40.8685249], [14.2227584, 40.8686512], [14.2225026, 40.8690794], [14.2224909, 40.8690961], [14.2222871, 40.8693878], [14.2221344, 40.869708], [14.2221092, 40.8699682], [14.2220987, 40.8700447], [14.222017, 40.8705139], [14.222014, 40.8705313], [14.221955, 40.8707331], [14.2218904, 40.8708514], [14.221669, 40.8712951], [14.2216328, 40.8714341], [14.2216363, 40.8716673], [14.2216825, 40.871839], [14.2218572, 40.8723503], [14.2218357, 40.8724644], [14.2217932, 40.8725414], [14.2215298, 40.8730045], [14.2215129, 40.873086], [14.2215089, 40.8731773], [14.2215992, 40.8736752], [14.2216531, 40.8739642], [14.2216891, 40.8741569], [14.221758, 40.8745657], [14.2217629, 40.874595], [14.2218015, 40.8747624]]}}, {"type": "Feature", "properties": {"id": "SS-NAP-2130", "nome": "Via Trovatore", "quartiere": "", "classificazione": "giallo", "score": 3, "note": "strada urbana senza ciclabile", "ciclabile": "no", "n_corsie": "2", "senso_unico": "no", "n_testimonianze": "0", "zona": "B1"}, "geometry": {"type": "LineString", "coordinates": [[14.1788365, 40.8541117], [14.1774554, 40.8538857], [14.1774523, 40.8538846], [14.1774505, 40.8538828], [14.1774501, 40.8538794], [14.17748, 40.8537817], [14.1774795, 40.8537763], [14.1774772, 40.8537718], [14.1774746, 40.8537697], [14.1771366, 40.8536556], [14.1771316, 40.8536519], [14.1771306, 40.8536475], [14.1771319, 40.8536424], [14.1778602, 40.8523946], [14.1778646, 40.852367], [14.1778625, 40.8523442], [14.1778539, 40.8523297], [14.1778361, 40.8523182], [14.1770231, 40.8520361]]}}, {"type": "Feature", "properties": {"id": "SS-NAP-2136", "nome": "Via Ugo Palermo", "quartiere": "", "classificazione": "rosso", "score": 4, "note": "strada secondaria trafficata", "ciclabile": "no", "n_corsie": "2", "senso_unico": "si", "n_testimonianze": "0", "zona": "B1"}, "geometry": {"type": "MultiLineString", "coordinates": [[[14.2299164, 40.8535285], [14.2298521, 40.8535516], [14.2298018, 40.8535801], [14.2297573, 40.8536122], [14.229725, 40.8536444], [14.2296972, 40.853676], [14.2295938, 40.8537893]], [[14.2295938, 40.8537893], [14.2293531, 40.8540816], [14.2292242, 40.854238]]]}}, {"type": "Feature", "properties": {"id": "SS-NAP-2139", "nome": "Via Umberto Boccioni", "quartiere": "", "classificazione": "giallo", "score": 3, "note": "strada urbana senza ciclabile", "ciclabile": "no", "n_corsie": "2", "senso_unico": "no", "n_testimonianze": "0", "zona": "B1"}, "geometry": {"type": "LineString", "coordinates": [[14.1810319, 40.8604337], [14.1824119, 40.8609201], [14.1825531, 40.8609699]]}}, {"type": "Feature", "properties": {"id": "SS-NAP-2140", "nome": "Via Umberto Improta", "quartiere": "", "classificazione": "giallo", "score": 3, "note": "strada urbana senza ciclabile", "ciclabile": "no", "n_corsie": "2", "senso_unico": "no", "n_testimonianze": "0", "zona": "B1"}, "geometry": {"type": "LineString", "coordinates": [[14.2234706, 40.8534057], [14.223509, 40.8533737], [14.2235365, 40.8533367], [14.2236166, 40.8528949]]}}, {"type": "Feature", "properties": {"id": "SS-NAP-2146", "nome": "Via Vallone Saliscendi", "quartiere": "", "classificazione": "giallo", "score": 3, "note": "strada urbana senza ciclabile", "ciclabile": "no", "n_corsie": "2", "senso_unico": "no", "n_testimonianze": "0", "zona": "B1"}, "geometry": {"type": "MultiLineString", "coordinates": [[[14.2398146, 40.8762521], [14.2392411, 40.8764112], [14.2386896, 40.876424], [14.2381836, 40.8763354], [14.2378124, 40.8762937], [14.2370259, 40.8762735], [14.2366283, 40.8762425], [14.236395, 40.8761367], [14.2361307, 40.8759511], [14.2359744, 40.8759006], [14.2357832, 40.8758869], [14.2351243, 40.875934], [14.2349722, 40.8759719], [14.2348745, 40.8759844], [14.2346368, 40.8760147], [14.2342036, 40.8760078], [14.2338288, 40.8759994], [14.2334464, 40.876082]], [[14.2334464, 40.876082], [14.2334063, 40.8760907], [14.2329584, 40.8762144], [14.2324837, 40.8762306], [14.2322852, 40.8762114], [14.2320156, 40.8761921], [14.2316441, 40.8760633], [14.23153, 40.8760361], [14.2314924, 40.8760272], [14.2314537, 40.876018], [14.2312961, 40.8760278], [14.2311338, 40.8760811]], [[14.2413246, 40.8758784], [14.241284, 40.8758703], [14.2412121, 40.8758616], [14.2410103, 40.875888], [14.2405733, 40.8759878], [14.2401437, 40.8761417], [14.2399072, 40.8762264], [14.2398146, 40.8762521]], [[14.2311338, 40.8760811], [14.2307597, 40.8760811], [14.2306852, 40.8760106], [14.2305753, 40.8757753], [14.2302681, 40.8754113], [14.2301422, 40.8752832], [14.2301206, 40.8752612], [14.2301089, 40.8751119], [14.2301059, 40.8750736], [14.2300187, 40.8748323], [14.22989, 40.8746873], [14.2297465, 40.8746639]]]}}, {"type": "Feature", "properties": {"id": "SS-NAP-2147", "nome": "Via Vallone dei Gerolomini", "quartiere": "", "classificazione": "giallo", "score": 3, "note": "strada urbana senza ciclabile", "ciclabile": "no", "n_corsie": "2", "senso_unico": "no", "n_testimonianze": "0", "zona": "B1"}, "geometry": {"type": "LineString", "coordinates": [[14.2357197, 40.8590141], [14.2367872, 40.8588884], [14.2371785, 40.858608], [14.2375031, 40.8589375], [14.2381312, 40.8589265]]}}, {"type": "Feature", "properties": {"id": "SS-NAP-2150", "nome": "Via Vecchia Napoli", "quartiere": "", "classificazione": "giallo", "score": 3, "note": "strada urbana senza ciclabile", "ciclabile": "no", "n_corsie": "2", "senso_unico": "no", "n_testimonianze": "0", "zona": "B1"}, "geometry": {"type": "MultiLineString", "coordinates": [[[14.2255143, 40.8867435], [14.225803, 40.887115], [14.22589, 40.8872021], [14.225936, 40.8872207], [14.2261651, 40.8873504], [14.2268724, 40.8878349]], [[14.2246124, 40.8878752], [14.2250142, 40.8876646], [14.22589, 40.8872021]], [[14.2244893, 40.8882034], [14.2247544, 40.8881432], [14.2247279, 40.8880798], [14.2246124, 40.8878752], [14.2244584, 40.8876055], [14.2243744, 40.8874585], [14.2243744, 40.8873416], [14.2243033, 40.8871053]], [[14.2252771, 40.8880788], [14.2250142, 40.8876646]], [[14.2187824, 40.8879089], [14.2192974, 40.887915], [14.2195361, 40.8878663], [14.2203059, 40.8877588], [14.2205412, 40.8877276], [14.2206691, 40.8877106], [14.2209346, 40.8876712], [14.2212762, 40.8876281], [14.2213627, 40.8876172], [14.2218442, 40.8875437], [14.2221093, 40.8874869], [14.2222648, 40.8874447], [14.2225555, 40.8873366], [14.2229062, 40.8872194], [14.2231034, 40.887163], [14.223287, 40.8871297]], [[14.223287, 40.8871297], [14.2234764, 40.8871114], [14.2237312, 40.8870871], [14.224037, 40.8870972], [14.2243033, 40.8871053], [14.2244696, 40.8870936], [14.224646, 40.8870616], [14.2248575, 40.8870227], [14.2250402, 40.8869639], [14.2251844, 40.8869025], [14.2255143, 40.8867435]], [[14.2241038, 40.8882058], [14.2239992, 40.8879179], [14.2238839, 40.8875853], [14.2238324, 40.8874068], [14.2237312, 40.8870871]], [[14.2194404, 40.886098], [14.2198274, 40.8860764], [14.2199846, 40.8863633], [14.2201015, 40.8866482], [14.2202324, 40.8869748], [14.2205412, 40.8877276]], [[14.2311747, 40.8824843], [14.2307784, 40.882812], [14.2306235, 40.8829296], [14.2303984, 40.8830946], [14.2302301, 40.8832097], [14.2299929, 40.8833862], [14.2298522, 40.883495], [14.2296307, 40.8836759], [14.2293813, 40.8838645], [14.2291319, 40.8840145], [14.2288958, 40.8841687], [14.2285959, 40.8843682], [14.2283787, 40.8845163], [14.2280327, 40.8847535], [14.2278212, 40.8848973], [14.2274669, 40.8851895], [14.2269709, 40.8856187], [14.226596, 40.8859477], [14.2265525, 40.8859908], [14.2263514, 40.8861936], [14.2261261, 40.8863801], [14.2258444, 40.8865869], [14.2256728, 40.8866762], [14.2255143, 40.8867435]], [[14.2257664, 40.8862208], [14.226216, 40.8860702], [14.226596, 40.8859477]], [[14.2259886, 40.8858772], [14.226216, 40.8860702]], [[14.2262086, 40.8846889], [14.2263936, 40.8849079], [14.226635, 40.8852222], [14.2269709, 40.8856187]], [[14.2268185, 40.884417], [14.2270262, 40.8846675], [14.2272559, 40.8849548], [14.2274669, 40.8851895]], [[14.2184762, 40.8891413], [14.2186706, 40.8891813], [14.2190461, 40.8892498], [14.2190881, 40.8890611], [14.2191212, 40.8887672], [14.219144, 40.8885862], [14.2191831, 40.8882762], [14.2192317, 40.8880057], [14.2192974, 40.887915]]]}}, {"type": "Feature", "properties": {"id": "SS-NAP-2153", "nome": "Via Vecchia San Rocco", "quartiere": "", "classificazione": "giallo", "score": 3, "note": "strada urbana senza ciclabile", "ciclabile": "no", "n_corsie": "2", "senso_unico": "no", "n_testimonianze": "0", "zona": "B1"}, "geometry": {"type": "MultiLineString", "coordinates": [[[14.2396683, 40.8775989], [14.2397325, 40.8775286], [14.2398293, 40.8774226], [14.2402307, 40.8769794], [14.2405196, 40.8766991], [14.2412225, 40.8759798], [14.2413246, 40.8758784], [14.2413402, 40.8758643], [14.2413576, 40.8758487], [14.2414963, 40.8757248]], [[14.2426736, 40.8747041], [14.2429015, 40.8744963], [14.2431005, 40.8742491], [14.2431739, 40.8741509], [14.2432116, 40.8740313], [14.2432729, 40.8735712], [14.2433476, 40.8731963], [14.2433884, 40.8730353], [14.2434495, 40.8728959], [14.2435656, 40.8727357], [14.2437222, 40.8725495], [14.2453127, 40.8713745]], [[14.242119, 40.8751797], [14.2422686, 40.8750514], [14.2426736, 40.8747041]], [[14.2414963, 40.8757248], [14.2418192, 40.8754679], [14.242119, 40.8751797]]]}}, {"type": "Feature", "properties": {"id": "SS-NAP-2162", "nome": "Via Vicinale", "quartiere": "", "classificazione": "giallo", "score": 3, "note": "strada urbana senza ciclabile", "ciclabile": "no", "n_corsie": "2", "senso_unico": "no", "n_testimonianze": "0", "zona": "B1"}, "geometry": {"type": "MultiLineString", "coordinates": [[[14.2295793, 40.8844185], [14.2294425, 40.8845544], [14.2293218, 40.8846558], [14.2291227, 40.8848581], [14.2290113, 40.8849853]], [[14.2284688, 40.8848119], [14.2286941, 40.8846558], [14.229024, 40.8844104], [14.229311, 40.8842157], [14.2295793, 40.8844185], [14.2297064, 40.8845382]]]}}, {"type": "Feature", "properties": {"id": "SS-NAP-2164", "nome": "Via Vicinale Agnolella", "quartiere": "", "classificazione": "giallo", "score": 3, "note": "strada urbana senza ciclabile", "ciclabile": "no", "n_corsie": "2", "senso_unico": "no", "n_testimonianze": "0", "zona": "B1"}, "geometry": {"type": "MultiLineString", "coordinates": [[[14.2095614, 40.8586616], [14.2090063, 40.8591708], [14.2087313, 40.8594936], [14.208654, 40.8596461], [14.2086531, 40.8597469], [14.2086693, 40.8598769], [14.2087295, 40.8601944], [14.2087527, 40.860242], [14.2087651, 40.8602676], [14.2088368, 40.8603611], [14.208977, 40.8604495], [14.2092073, 40.8605775], [14.2093354, 40.8606586]], [[14.2093354, 40.8606586], [14.2094138, 40.8607367], [14.2094318, 40.8608053], [14.2094357, 40.8609847], [14.2093772, 40.8613409], [14.2093424, 40.8615191], [14.20934, 40.8616675], [14.2093535, 40.8617723], [14.20946, 40.8621798], [14.2094951, 40.8626716], [14.2095298, 40.8629071], [14.2095615, 40.8630838], [14.2096146, 40.8632278]]]}}, {"type": "Feature", "properties": {"id": "SS-NAP-2165", "nome": "Via Vicinale Agnolella 3", "quartiere": "", "classificazione": "giallo", "score": 3, "note": "strada urbana senza ciclabile", "ciclabile": "no", "n_corsie": "2", "senso_unico": "no", "n_testimonianze": "0", "zona": "B1"}, "geometry": {"type": "LineString", "coordinates": [[14.2093354, 40.8606586], [14.2106234, 40.8601282], [14.2122837, 40.8612615], [14.2123335, 40.8612828], [14.21239, 40.8612748], [14.2124452, 40.8612314], [14.2126959, 40.8609966]]}}, {"type": "Feature", "properties": {"id": "SS-NAP-2175", "nome": "Via Vicinale Dietro la Vigna", "quartiere": "", "classificazione": "giallo", "score": 3, "note": "strada urbana senza ciclabile", "ciclabile": "no", "n_corsie": "2", "senso_unico": "si", "n_testimonianze": "0", "zona": "B1"}, "geometry": {"type": "MultiLineString", "coordinates": [[[14.2361074, 40.893582], [14.2357404, 40.8934013], [14.2356476, 40.8933749], [14.2354653, 40.8933408]], [[14.2354653, 40.8933408], [14.2355819, 40.8932763], [14.2356968, 40.8932154], [14.2357916, 40.8931802], [14.2358776, 40.893157], [14.2359729, 40.8931325], [14.2360962, 40.8930918]], [[14.2354653, 40.8933408], [14.2354624, 40.8933413], [14.2352885, 40.8933376], [14.2351731, 40.8933323], [14.235135, 40.8933339], [14.235081, 40.8933361]]]}}, {"type": "Feature", "properties": {"id": "SS-NAP-2177", "nome": "Via Vicinale Lardighello", "quartiere": "", "classificazione": "giallo", "score": 3, "note": "strada urbana senza ciclabile", "ciclabile": "no", "n_corsie": "2", "senso_unico": "no", "n_testimonianze": "0", "zona": "B1"}, "geometry": {"type": "LineString", "coordinates": [[14.1988132, 40.8686215], [14.1990825, 40.8687265], [14.1992243, 40.8687912], [14.1994399, 40.8688454], [14.1996186, 40.8688826], [14.1999729, 40.8689339], [14.2006169, 40.8689782], [14.2007162, 40.8691441], [14.2007833, 40.869316], [14.2008574, 40.8696158], [14.2008973, 40.8697773], [14.2009141, 40.8698743], [14.2009773, 40.8702651], [14.2009826, 40.870396], [14.2009677, 40.8704534], [14.2009395, 40.8704716], [14.2008979, 40.8704785], [14.2000075, 40.8704468]]}}, {"type": "Feature", "properties": {"id": "SS-NAP-2181", "nome": "Via Vicinale Monte", "quartiere": "", "classificazione": "giallo", "score": 3, "note": "strada urbana senza ciclabile", "ciclabile": "no", "n_corsie": "2", "senso_unico": "no", "n_testimonianze": "0", "zona": "B1"}, "geometry": {"type": "LineString", "coordinates": [[14.1753605, 40.8670594], [14.1753238, 40.8670426], [14.1753069, 40.8670237], [14.1752961, 40.8670026], [14.1752961, 40.8669507], [14.1753133, 40.866889], [14.1753712, 40.8667786], [14.1754379, 40.866665], [14.1757276, 40.8661701], [14.1757482, 40.8661268], [14.1757613, 40.8660636], [14.1757662, 40.8660112], [14.1757555, 40.8657596], [14.1757156, 40.8654685], [14.175679, 40.8653567], [14.1756265, 40.8652217], [14.1755504, 40.8651036], [14.1754949, 40.865032], [14.1754049, 40.8649496], [14.1751872, 40.8647806]]}}, {"type": "Feature", "properties": {"id": "SS-NAP-2185", "nome": "Via Vicinale Piscinelle ai Guantai", "quartiere": "", "classificazione": "giallo", "score": 3, "note": "strada urbana senza ciclabile", "ciclabile": "no", "n_corsie": "2", "senso_unico": "si", "n_testimonianze": "0", "zona": "B1"}, "geometry": {"type": "LineString", "coordinates": [[14.1869104, 40.8705961], [14.1868766, 40.8702254], [14.1868846, 40.8697832], [14.1868284, 40.8694405], [14.1866486, 40.8692193], [14.1865681, 40.869051], [14.1865369, 40.8689832], [14.1864796, 40.8688583], [14.1864582, 40.8687001], [14.1866218, 40.8683046], [14.1867827, 40.8679557], [14.187126, 40.8676433], [14.1872361, 40.8675276], [14.1873809, 40.8673533], [14.1874162, 40.8672972], [14.1875069, 40.8671139], [14.1875874, 40.8668604], [14.1876251, 40.8667699], [14.1877132, 40.8666975]]}}, {"type": "Feature", "properties": {"id": "SS-NAP-2188", "nome": "Via Vicinale Sant'Aniello", "quartiere": "", "classificazione": "giallo", "score": 3, "note": "strada urbana senza ciclabile", "ciclabile": "no", "n_corsie": "2", "senso_unico": "no", "n_testimonianze": "0", "zona": "B1"}, "geometry": {"type": "LineString", "coordinates": [[14.1817487, 40.8627178], [14.180913, 40.8623786], [14.1796113, 40.8618736], [14.1793533, 40.8617621], [14.1792818, 40.8617291], [14.1785435, 40.8614197]]}}, {"type": "Feature", "properties": {"id": "SS-NAP-2189", "nome": "Via Vicinale Tavernola", "quartiere": "", "classificazione": "giallo", "score": 3, "note": "strada urbana senza ciclabile", "ciclabile": "no", "n_corsie": "2", "senso_unico": "no", "n_testimonianze": "0", "zona": "B1"}, "geometry": {"type": "MultiLineString", "coordinates": [[[14.2333618, 40.8995173], [14.2328554, 40.8994958], [14.2328154, 40.8994923], [14.2327846, 40.8994836], [14.2327581, 40.8994696], [14.2327327, 40.899447], [14.2324771, 40.899207], [14.2324601, 40.8991958], [14.2324453, 40.8991878], [14.232425, 40.8991847], [14.2322743, 40.8991821], [14.2319476, 40.8991759], [14.2319098, 40.8991775], [14.2318694, 40.8991884], [14.2318459, 40.8992051], [14.2318205, 40.8992236], [14.2310899, 40.9001681], [14.2310161, 40.9002407], [14.2309479, 40.9002867], [14.2308585, 40.9003433], [14.2307658, 40.900386], [14.2306682, 40.9004236], [14.2291076, 40.9010014], [14.228539, 40.9012123], [14.2281098, 40.9014556], [14.2274902, 40.901951], [14.2268443, 40.9023638], [14.2264836, 40.9025829], [14.2263038, 40.9026796], [14.2260536, 40.9027921], [14.2258468, 40.9028671], [14.2256891, 40.9029167], [14.2255252, 40.9029608], [14.2253786, 40.9030095], [14.2253137, 40.9030402], [14.2251089, 40.9031975]], [[14.2322772, 40.899125], [14.2322955, 40.8987643], [14.2322991, 40.898692]]]}}, {"type": "Feature", "properties": {"id": "SS-NAP-2192", "nome": "Via Vicinale Trencia", "quartiere": "", "classificazione": "giallo", "score": 3, "note": "strada urbana senza ciclabile", "ciclabile": "no", "n_corsie": "2", "senso_unico": "si", "n_testimonianze": "0", "zona": "B1"}, "geometry": {"type": "MultiLineString", "coordinates": [[[14.1704325, 40.8581184], [14.1705749, 40.8579826], [14.1706941, 40.8578681], [14.1713113, 40.8573736], [14.1720335, 40.8568051], [14.1721257, 40.856725], [14.172445, 40.8564296], [14.1725381, 40.8563383]], [[14.1733515, 40.8555232], [14.1733376, 40.8555375], [14.1731553, 40.8557251], [14.1729869, 40.8558952], [14.1726058, 40.8562691], [14.1725381, 40.8563383]]]}}, {"type": "Feature", "properties": {"id": "SS-NAP-2194", "nome": "Via Vicinale Vigna", "quartiere": "", "classificazione": "giallo", "score": 3, "note": "strada urbana senza ciclabile", "ciclabile": "no", "n_corsie": "2", "senso_unico": "si", "n_testimonianze": "0", "zona": "B1"}, "geometry": {"type": "MultiLineString", "coordinates": [[[14.2395711, 40.8861523], [14.2397202, 40.8860604], [14.2397882, 40.8859885], [14.2398286, 40.885913], [14.2398383, 40.885829], [14.2398225, 40.8857451], [14.2397919, 40.8856771], [14.2397442, 40.8856033], [14.2396766, 40.8855397], [14.2393446, 40.8853631]], [[14.2397265, 40.885385], [14.2399776, 40.8855085], [14.2403501, 40.8856523], [14.2406145, 40.8857544], [14.2407064, 40.8857876], [14.2407497, 40.8858139], [14.2407868, 40.8858451], [14.2408095, 40.8858834], [14.2408151, 40.8859299], [14.2407994, 40.8859751], [14.2407643, 40.8860136], [14.240714, 40.8860407], [14.2406548, 40.8860554], [14.2405326, 40.886065], [14.2404025, 40.8860839], [14.2400056, 40.8861624]], [[14.2375602, 40.8866078], [14.2376548, 40.8866025], [14.2377504, 40.8865955], [14.2378909, 40.8865767], [14.2379789, 40.886565]], [[14.2390593, 40.886318], [14.2394632, 40.8861838], [14.2395711, 40.8861523], [14.2404518, 40.8859592], [14.2406373, 40.8859153], [14.2408095, 40.8858834], [14.2408869, 40.885871], [14.2410502, 40.8858564], [14.2412531, 40.8858798]], [[14.2390593, 40.886318], [14.2389992, 40.8863317], [14.2379789, 40.886565]], [[14.2379789, 40.886565], [14.2378966, 40.8865906], [14.2377657, 40.8866313], [14.2376748, 40.8866597], [14.2375958, 40.8866838]], [[14.2400056, 40.8861624], [14.2396945, 40.8862162], [14.2395155, 40.8862485], [14.2390593, 40.886318]]]}}, {"type": "Feature", "properties": {"id": "SS-NAP-2196", "nome": "Via Vicinale de Mellis", "quartiere": "", "classificazione": "giallo", "score": 3, "note": "strada urbana senza ciclabile", "ciclabile": "no", "n_corsie": "2", "senso_unico": "no", "n_testimonianze": "0", "zona": "B1"}, "geometry": {"type": "LineString", "coordinates": [[14.2139609, 40.8652149], [14.2138166, 40.8651809], [14.2136963, 40.8651811], [14.2135956, 40.8652122]]}}, {"type": "Feature", "properties": {"id": "SS-NAP-2200", "nome": "Via Vicinale torciolano", "quartiere": "", "classificazione": "giallo", "score": 3, "note": "strada urbana senza ciclabile", "ciclabile": "no", "n_corsie": "2", "senso_unico": "no", "n_testimonianze": "0", "zona": "B1"}, "geometry": {"type": "LineString", "coordinates": [[14.1653207, 40.8630879], [14.164965, 40.8632892], [14.1646336, 40.8634882], [14.1645755, 40.8635143], [14.1645297, 40.8635293], [14.1644508, 40.8635316], [14.163875, 40.8634293], [14.1637946, 40.863415], [14.1636568, 40.8633774], [14.163183, 40.8631817], [14.1630642, 40.863133], [14.1628455, 40.8630326], [14.1626883, 40.8629789], [14.1625927, 40.8629616], [14.1624733, 40.8629517], [14.1623633, 40.8629616], [14.1622674, 40.8629773], [14.1621406, 40.8630137], [14.1620029, 40.8630791], [14.1618812, 40.8630437], [14.1616841, 40.862993], [14.1610162, 40.8628277], [14.1607155, 40.8627756], [14.1605027, 40.8627435], [14.1600871, 40.8627021], [14.1599996, 40.8626847], [14.1599849, 40.8626806], [14.1599272, 40.8626589], [14.1596536, 40.8625153], [14.1593368, 40.8623026], [14.1595826, 40.8618926], [14.1599112, 40.8613427], [14.1602383, 40.8608824], [14.1604161, 40.8606425], [14.1606459, 40.8602727], [14.1608492, 40.8599629], [14.1609041, 40.859869], [14.1609145, 40.8598151], [14.1609009, 40.8597671], [14.1608643, 40.859722], [14.1606954, 40.859616], [14.1606883, 40.8595866], [14.1606927, 40.8595482], [14.1607155, 40.8595007], [14.1611879, 40.8586651], [14.1617905, 40.8576813], [14.1618027, 40.8576613], [14.161844, 40.857594]]}}, {"type": "Feature", "properties": {"id": "SS-NAP-2206", "nome": "Via Vincenzo Caprile", "quartiere": "", "classificazione": "blu", "score": 2, "note": "accesso limitato (ZTL)", "ciclabile": "no", "n_corsie": "1", "senso_unico": "no", "n_testimonianze": "0", "zona": "B1"}, "geometry": {"type": "LineString", "coordinates": [[14.2212512, 40.8536242], [14.2211419, 40.853642], [14.2210031, 40.8536955], [14.2209804, 40.8537395], [14.2210118, 40.8540549], [14.2210246, 40.8542165], [14.2210279, 40.8542588], [14.220993, 40.8545925], [14.2209179, 40.854979], [14.2209498, 40.8555753]]}}, {"type": "Feature", "properties": {"id": "SS-NAP-2208", "nome": "Via Vincenzo Ciardo", "quartiere": "", "classificazione": "giallo", "score": 3, "note": "strada urbana senza ciclabile", "ciclabile": "no", "n_corsie": "2", "senso_unico": "no", "n_testimonianze": "0", "zona": "B1"}, "geometry": {"type": "LineString", "coordinates": [[14.1837045, 40.8597637], [14.1832061, 40.8597418], [14.1811328, 40.8590278], [14.1807841, 40.8589141], [14.1805678, 40.8588241]]}}, {"type": "Feature", "properties": {"id": "SS-NAP-2213", "nome": "Via Vincenzo Diamare", "quartiere": "", "classificazione": "giallo", "score": 3, "note": "strada urbana senza ciclabile", "ciclabile": "no", "n_corsie": "2", "senso_unico": "si", "n_testimonianze": "0", "zona": "B1"}, "geometry": {"type": "LineString", "coordinates": [[14.2187174, 40.8609394], [14.2187879, 40.860934], [14.2190591, 40.8609131], [14.2195314, 40.8606546]]}}, {"type": "Feature", "properties": {"id": "SS-NAP-2217", "nome": "Via Vincenzo Janfolla", "quartiere": "", "classificazione": "rosso", "score": 4, "note": "strada secondaria trafficata", "ciclabile": "no", "n_corsie": "2", "senso_unico": "si", "n_testimonianze": "0", "zona": "B1"}, "geometry": {"type": "MultiLineString", "coordinates": [[[14.2388853, 40.8851282], [14.2391143, 40.8851873], [14.2397265, 40.885385], [14.2402076, 40.8855403], [14.2410405, 40.8858121], [14.2412531, 40.8858798], [14.2419797, 40.8861117], [14.2423115, 40.8862285]], [[14.2423115, 40.8862285], [14.242105, 40.8861992], [14.2416977, 40.8861414], [14.2414048, 40.8860927], [14.2412102, 40.8860711], [14.2409914, 40.8860582], [14.240806, 40.8860547], [14.2406548, 40.8860554], [14.2405928, 40.8860497], [14.2405364, 40.8860304], [14.2404921, 40.8859978], [14.2404518, 40.8859592], [14.2402363, 40.8857771], [14.2400966, 40.885672], [14.2399718, 40.8855927], [14.2398289, 40.8855269], [14.2396866, 40.8854762], [14.2393446, 40.8853631]], [[14.2423115, 40.8862285], [14.2430561, 40.8864666], [14.2432815, 40.8865387], [14.2441642, 40.8868296], [14.2448357, 40.8870422], [14.2453566, 40.8872149], [14.246301, 40.8875041]], [[14.2501117, 40.8887355], [14.2501758, 40.8887488], [14.250289, 40.8887722], [14.2504691, 40.8888253]], [[14.250758, 40.8889498], [14.2506557, 40.8889217], [14.2502808, 40.8888079], [14.25017, 40.8887605], [14.2501117, 40.8887355]], [[14.2504691, 40.8888253], [14.2505404, 40.8888422], [14.2505845, 40.8888456], [14.2506287, 40.8888455], [14.2507401, 40.8888419]], [[14.246301, 40.8875041], [14.2464785, 40.8875597], [14.2465138, 40.8875707], [14.2477678, 40.8879633], [14.2477969, 40.8879724], [14.2482004, 40.8881104], [14.2492108, 40.8884425], [14.2501117, 40.8887355]], [[14.2393446, 40.8853631], [14.2392184, 40.8853174], [14.2390851, 40.8852573], [14.2388853, 40.8851282]]]}}, {"type": "Feature", "properties": {"id": "SS-NAP-2219", "nome": "Via Vincenzo Marrone", "quartiere": "", "classificazione": "giallo", "score": 3, "note": "strada urbana senza ciclabile", "ciclabile": "no", "n_corsie": "2", "senso_unico": "no", "n_testimonianze": "0", "zona": "B1"}, "geometry": {"type": "LineString", "coordinates": [[14.1725381, 40.8563383], [14.173051, 40.8568463], [14.1733004, 40.8571061], [14.1735338, 40.8573491], [14.1736786, 40.8575056], [14.1737271, 40.8575688], [14.1737601, 40.857628], [14.1737777, 40.8576808], [14.1738156, 40.857902], [14.1738249, 40.8579405], [14.1738426, 40.8579726], [14.1739669, 40.8581366]]}}, {"type": "Feature", "properties": {"id": "SS-NAP-2229", "nome": "Via Vincenzo Ussani", "quartiere": "", "classificazione": "giallo", "score": 3, "note": "strada urbana senza ciclabile", "ciclabile": "no", "n_corsie": "2", "senso_unico": "no", "n_testimonianze": "0", "zona": "B1"}, "geometry": {"type": "MultiLineString", "coordinates": [[[14.2265171, 40.8535654], [14.2265493, 40.8535218], [14.2268243, 40.8530828]], [[14.2268849, 40.8529795], [14.2271934, 40.8524706]]]}}, {"type": "Feature", "properties": {"id": "SS-NAP-2230", "nome": "Via Vincenzo Vitale", "quartiere": "", "classificazione": "giallo", "score": 3, "note": "strada urbana senza ciclabile", "ciclabile": "no", "n_corsie": "2", "senso_unico": "no", "n_testimonianze": "0", "zona": "B1"}, "geometry": {"type": "MultiLineString", "coordinates": [[[14.1571592, 40.8563321], [14.1569553, 40.8563139], [14.1568145, 40.856289], [14.1566549, 40.8562322], [14.156546, 40.8561687], [14.1564705, 40.8561196], [14.1564095, 40.8561095], [14.1562848, 40.8561384], [14.1562271, 40.856145], [14.1562016, 40.8561288], [14.1560702, 40.855969], [14.1560219, 40.8559081], [14.1559763, 40.8558782], [14.1558757, 40.8558336], [14.1556035, 40.8557428], [14.1554144, 40.8556693], [14.15534, 40.8556221], [14.1552763, 40.8555374], [14.1552492, 40.8554644], [14.1551328, 40.8552334], [14.1550899, 40.8551727], [14.1549906, 40.8551112], [14.154892, 40.8550865], [14.1546746, 40.8550625], [14.1544736, 40.8550652], [14.1541575, 40.8550801], [14.1540646, 40.8550923], [14.1539568, 40.8551483], [14.1538402, 40.8552473]], [[14.1538402, 40.8552473], [14.15365, 40.855545]]]}}, {"type": "Feature", "properties": {"id": "SS-NAP-2236", "nome": "Via Vittoria Aganoor", "quartiere": "", "classificazione": "giallo", "score": 3, "note": "strada urbana senza ciclabile", "ciclabile": "no", "n_corsie": "2", "senso_unico": "si", "n_testimonianze": "0", "zona": "B1"}, "geometry": {"type": "MultiLineString", "coordinates": [[[14.2312567, 40.8884286], [14.2315054, 40.8884843]], [[14.2314305, 40.8882697], [14.2314533, 40.8883337], [14.2315054, 40.8884843], [14.2315398, 40.8885088], [14.2315898, 40.8885465], [14.231633, 40.8885889], [14.2316796, 40.8886441], [14.2317206, 40.8887236], [14.2320957, 40.8894969], [14.2321472, 40.8895745], [14.2322105, 40.8896559]]]}}, {"type": "Feature", "properties": {"id": "SS-NAP-2241", "nome": "Via Vittorio Emanuele", "quartiere": "", "classificazione": "giallo", "score": 3, "note": "strada urbana senza ciclabile", "ciclabile": "no", "n_corsie": "2", "senso_unico": "no", "n_testimonianze": "0", "zona": "B1"}, "geometry": {"type": "LineString", "coordinates": [[14.2357921, 40.8888077], [14.2358578, 40.8889809], [14.2358821, 40.8891152], [14.2358873, 40.8891323], [14.2359023, 40.8891821], [14.2359389, 40.8892587], [14.2360959, 40.8895471], [14.2361245, 40.8896107], [14.2362073, 40.8898788], [14.2362134, 40.8899108], [14.2362033, 40.8899398], [14.23618, 40.8899612], [14.2360896, 40.8899898], [14.2360767, 40.8900045], [14.2360731, 40.8900269], [14.2361121, 40.8901958], [14.2361891, 40.8904299], [14.2362953, 40.8907333], [14.2363374, 40.8908349], [14.2364406, 40.891072], [14.2364604, 40.8911112], [14.2364966, 40.8911706], [14.2365003, 40.8911759], [14.2365095, 40.891183], [14.2365175, 40.8911872], [14.2365237, 40.891189], [14.2365365, 40.8911914], [14.2365511, 40.8911927], [14.2365631, 40.8911926], [14.2369105, 40.8911352], [14.2369756, 40.8911288], [14.2371381, 40.8911129], [14.2371494, 40.8911129], [14.2371635, 40.8911144], [14.2371757, 40.8911203], [14.237184, 40.891128], [14.2371903, 40.8911355], [14.2371944, 40.8911433], [14.2371984, 40.8911531], [14.2372405, 40.8913203], [14.2372568, 40.8915324], [14.2372731, 40.8916661], [14.2373259, 40.8918705], [14.2374743, 40.8921855], [14.2374966, 40.8922242]]}}, {"type": "Feature", "properties": {"id": "SS-NAP-2245", "nome": "Via Vittorio Veneto", "quartiere": "", "classificazione": "giallo", "score": 3, "note": "strada urbana senza ciclabile", "ciclabile": "no", "n_corsie": "2", "senso_unico": "no", "n_testimonianze": "0", "zona": "B1"}, "geometry": {"type": "MultiLineString", "coordinates": [[[14.2378256, 40.8910257], [14.238916, 40.8907871], [14.2389737, 40.8907733], [14.2390328, 40.8907526]], [[14.2390328, 40.8907526], [14.2396905, 40.890462], [14.240796, 40.889971], [14.2433879, 40.8888197], [14.2434598, 40.8887878], [14.2440848, 40.8885107], [14.2440914, 40.8885078], [14.2442564, 40.8884335], [14.2449621, 40.8881126], [14.2456013, 40.8878221], [14.2462125, 40.8875443], [14.246301, 40.8875041]], [[14.2484165, 40.8865471], [14.2491473, 40.886216], [14.2492423, 40.8861736]], [[14.2484165, 40.8865471], [14.2476125, 40.8869109], [14.2463624, 40.8874763], [14.246301, 40.8875041]]]}}, {"type": "Feature", "properties": {"id": "SS-NAP-2250", "nome": "Via Zenone di Elea", "quartiere": "", "classificazione": "giallo", "score": 3, "note": "strada urbana senza ciclabile", "ciclabile": "no", "n_corsie": "2", "senso_unico": "no", "n_testimonianze": "0", "zona": "B1"}, "geometry": {"type": "LineString", "coordinates": [[14.1732467, 40.8535615], [14.1742203, 40.854586]]}}, {"type": "Feature", "properties": {"id": "SS-NAP-2251", "nome": "Via comunale Toscanella", "quartiere": "", "classificazione": "giallo", "score": 3, "note": "strada urbana senza ciclabile", "ciclabile": "no", "n_corsie": "2", "senso_unico": "no", "n_testimonianze": "0", "zona": "B1"}, "geometry": {"type": "MultiLineString", "coordinates": [[[14.2189623, 40.8812546], [14.2188805, 40.8813722], [14.2188416, 40.881433], [14.2188255, 40.8814939], [14.2188255, 40.8815689], [14.2188604, 40.8816378], [14.2189194, 40.8817697], [14.2189221, 40.8818325], [14.2188923, 40.881905], [14.2188319, 40.8819425], [14.2185744, 40.8820763], [14.2184698, 40.882129], [14.2183733, 40.8821929], [14.2183122, 40.8822487], [14.2182297, 40.8823562], [14.2181654, 40.8824058], [14.2179816, 40.8825123], [14.2179307, 40.8825519], [14.2178998, 40.8825914], [14.2178887, 40.8826323], [14.2178793, 40.882685], [14.2178967, 40.8828117], [14.2179061, 40.8829243], [14.2179195, 40.883046], [14.2179222, 40.8831321], [14.2179356, 40.883192], [14.2179665, 40.8832508], [14.218067, 40.8833522], [14.2181663, 40.8834434], [14.218232, 40.8835408], [14.2182481, 40.8835925], [14.218224, 40.8836594], [14.218136, 40.8837979], [14.2180671, 40.8839062], [14.2180528, 40.8839287], [14.2179281, 40.8840757], [14.2179013, 40.8841132], [14.217912, 40.8841619], [14.2179589, 40.8843413], [14.2180062, 40.8844917], [14.2180415, 40.884642], [14.2181416, 40.8849359], [14.218155, 40.8850231], [14.2181564, 40.8851549], [14.2180799, 40.8853009], [14.2180892, 40.8853653], [14.2181113, 40.8854472], [14.2181864, 40.8855324], [14.2181928, 40.8855446], [14.2182114, 40.8855801], [14.2182196, 40.8855958]], [[14.2210885, 40.8809176], [14.2208905, 40.8809601], [14.2205552, 40.8810473], [14.2203701, 40.8810797], [14.220008, 40.8811021], [14.2199748, 40.8811046], [14.219649, 40.8811295], [14.2193724, 40.8811507], [14.2192391, 40.8811443], [14.2191202, 40.8811386]], [[14.2194941, 40.8822317], [14.2193627, 40.8816842], [14.2192634, 40.8812907], [14.2192391, 40.8811443]], [[14.2210885, 40.8809176], [14.2210193, 40.8807501], [14.2209976, 40.8806485], [14.2210154, 40.8805259], [14.2195954, 40.8805183]], [[14.2207608, 40.87989], [14.2197933, 40.8798833]], [[14.2199654, 40.8779144], [14.2199875, 40.8780034], [14.2199885, 40.8780215], [14.2199582, 40.8782055], [14.2199492, 40.8782588], [14.2199403, 40.8783114], [14.2199452, 40.8784875], [14.2199452, 40.8787719], [14.219968, 40.8788851], [14.2200054, 40.8790563], [14.2200559, 40.8793936], [14.2200641, 40.8795291], [14.2200235, 40.8795806], [14.2199484, 40.879672], [14.2198599, 40.8797795], [14.2197933, 40.8798833], [14.2197536, 40.8799286], [14.2197288, 40.8800474], [14.2196923, 40.8801648], [14.2196517, 40.8803195], [14.2196211, 40.8804503], [14.2195954, 40.8805183], [14.2195796, 40.8806125], [14.2195331, 40.8807455], [14.2194955, 40.8808472], [14.2194244, 40.8809339], [14.2193364, 40.8810116], [14.2192405, 40.8810737], [14.2191202, 40.8811386]], [[14.2191202, 40.8811386], [14.2190103, 40.8811933], [14.2189623, 40.8812546]], [[14.2201432, 40.8817856], [14.2199748, 40.8811046]], [[14.2182196, 40.8855958], [14.2182683, 40.8856681], [14.2182958, 40.8857548], [14.218267, 40.8858781]], [[14.2182196, 40.8855958], [14.2181665, 40.8856392], [14.2180877, 40.8856676]]]}}, {"type": "Feature", "properties": {"id": "SS-NAP-2252", "nome": "Via comunale del Principe", "quartiere": "", "classificazione": "giallo", "score": 3, "note": "strada urbana senza ciclabile", "ciclabile": "no", "n_corsie": "2", "senso_unico": "no", "n_testimonianze": "0", "zona": "B1"}, "geometry": {"type": "LineString", "coordinates": [[14.2280732, 40.883844], [14.2298689, 40.8828873], [14.2304496, 40.8825911], [14.2307939, 40.8824069], [14.2308436, 40.8823638]]}}, {"type": "Feature", "properties": {"id": "SS-NAP-2269", "nome": "Via dei Ciliegi", "quartiere": "", "classificazione": "rosso", "score": 4, "note": "strada secondaria trafficata", "ciclabile": "no", "n_corsie": "2", "senso_unico": "si", "n_testimonianze": "0", "zona": "B1"}, "geometry": {"type": "MultiLineString", "coordinates": [[[14.2228254, 40.8910568], [14.2232549, 40.8915113], [14.2235675, 40.8917856]], [[14.2223499, 40.8905522], [14.2226659, 40.8908882]], [[14.2255306, 40.8937841], [14.2256474, 40.8938562], [14.2256696, 40.8938683], [14.2258093, 40.8939442]], [[14.2242817, 40.8938413], [14.2243785, 40.893813], [14.2244181, 40.8937946], [14.2245381, 40.8937389], [14.2246313, 40.8936516]], [[14.2227683, 40.8910907], [14.22229, 40.8905805]], [[14.2234449, 40.8918426], [14.2232186, 40.8915609], [14.2227683, 40.8910907]], [[14.2247973, 40.893876], [14.2246904, 40.8938091], [14.2246303, 40.8937051], [14.2246313, 40.8936516]], [[14.2244647, 40.8927404], [14.2246047, 40.8928223], [14.2247418, 40.8929306], [14.2255306, 40.8937841]], [[14.22229, 40.8905805], [14.2213306, 40.8895679]], [[14.2255306, 40.8937841], [14.2255664, 40.8938399], [14.2255685, 40.893885], [14.2255705, 40.8939281]], [[14.2202655, 40.8881072], [14.2204285, 40.8883844], [14.2206031, 40.8886308], [14.2208417, 40.8889168], [14.2213606, 40.8894672]], [[14.2198557, 40.8875522], [14.2199861, 40.8877156], [14.2201258, 40.8879048], [14.2201447, 40.8879322], [14.2202655, 40.8881072]], [[14.2201259, 40.8881278], [14.2200104, 40.8879195], [14.2198688, 40.887742], [14.2197198, 40.8875787]], [[14.2197198, 40.8875787], [14.2195448, 40.8874069], [14.2193622, 40.8872211], [14.2187899, 40.8866474], [14.218256, 40.8860468], [14.2182223, 40.8860081]], [[14.2179178, 40.8856598], [14.2178939, 40.8855869], [14.2178868, 40.8855706], [14.2178679, 40.885527], [14.2178671, 40.8855198], [14.2178687, 40.8854985]], [[14.2213606, 40.8894672], [14.222164, 40.890339], [14.2223499, 40.8905522]], [[14.2213306, 40.8895679], [14.2211777, 40.8894065], [14.2205505, 40.8887445], [14.2203047, 40.8884123], [14.2201259, 40.8881278]], [[14.2179976, 40.8853631], [14.2180101, 40.8854446], [14.218053, 40.8856005]], [[14.218352, 40.8859745], [14.2183623, 40.8859864], [14.2188905, 40.8865972], [14.219474, 40.8871788], [14.2196835, 40.8873768], [14.2198557, 40.8875522]], [[14.2235675, 40.8917856], [14.2244647, 40.8927404]], [[14.2246313, 40.8936516], [14.2246805, 40.8934767], [14.2246606, 40.8933448], [14.2245844, 40.8932389], [14.2244163, 40.8930353], [14.2243316, 40.8928513], [14.2242623, 40.8926921]], [[14.2242623, 40.8926921], [14.2238639, 40.892264], [14.2234449, 40.8918426]], [[14.2182223, 40.8860081], [14.2179178, 40.8856598]], [[14.218053, 40.8856005], [14.2180877, 40.8856676], [14.2181285, 40.885721], [14.218267, 40.8858781], [14.218352, 40.8859745]], [[14.2226659, 40.8908882], [14.2228254, 40.8910568]]]}}, {"type": "Feature", "properties": {"id": "SS-NAP-2316", "nome": "Via del Salvatore", "quartiere": "", "classificazione": "giallo", "score": 3, "note": "strada urbana senza ciclabile", "ciclabile": "no", "n_corsie": "2", "senso_unico": "no", "n_testimonianze": "0", "zona": "B1"}, "geometry": {"type": "MultiLineString", "coordinates": [[[14.2378881, 40.8920809], [14.2379619, 40.8920507], [14.2379669, 40.8920487], [14.2379698, 40.8920459], [14.2379699, 40.8920423], [14.2379686, 40.8920389]], [[14.2379686, 40.8920389], [14.2378321, 40.8917926], [14.2377341, 40.8916205], [14.2376528, 40.8914777], [14.2376511, 40.8914735], [14.2376501, 40.8914687], [14.23765, 40.8914648], [14.2376509, 40.8914604], [14.2376535, 40.8914563], [14.2376573, 40.8914536], [14.2376865, 40.8914351], [14.2376982, 40.891429], [14.2379198, 40.8912945], [14.238062, 40.8912113], [14.2381988, 40.8911751], [14.2385324, 40.8910842], [14.2388049, 40.8910106], [14.2391208, 40.8909298]]]}}, {"type": "Feature", "properties": {"id": "SS-NAP-2318", "nome": "Via del Serbatoio dello Scudillo", "quartiere": "", "classificazione": "giallo", "score": 3, "note": "strada urbana senza ciclabile", "ciclabile": "no", "n_corsie": "2", "senso_unico": "no", "n_testimonianze": "0", "zona": "B1"}, "geometry": {"type": "LineString", "coordinates": [[14.2326311, 40.8634134], [14.2325802, 40.863488], [14.2323644, 40.8636676], [14.2322697, 40.8637512], [14.2321895, 40.8637938], [14.2320411, 40.8638439], [14.2317575, 40.8641656], [14.2316173, 40.864279], [14.2313639, 40.8645713], [14.2312136, 40.8646959], [14.2308543, 40.8649475], [14.2307041, 40.8650409], [14.2304787, 40.8651503], [14.2302575, 40.8652123], [14.2298511, 40.8652599], [14.2294166, 40.8653188], [14.229033, 40.8653642], [14.2286549, 40.8654413], [14.2284658, 40.8655052], [14.2282967, 40.8655874], [14.2282364, 40.8656371], [14.2281252, 40.8657731], [14.2279401, 40.8660642], [14.2277899, 40.8662437], [14.2274988, 40.8664932], [14.2272668, 40.8665995], [14.2272507, 40.8666646], [14.2272776, 40.8668064], [14.2272492, 40.8668645], [14.2272024, 40.8669048]]}}, {"type": "Feature", "properties": {"id": "SS-NAP-2321", "nome": "Via dell'Abbondanza", "quartiere": "", "classificazione": "giallo", "score": 3, "note": "strada urbana senza ciclabile", "ciclabile": "no", "n_corsie": "2", "senso_unico": "si", "n_testimonianze": "0", "zona": "B1"}, "geometry": {"type": "MultiLineString", "coordinates": [[[14.232351, 40.8952144], [14.2324312, 40.8951821], [14.2324972, 40.8951498], [14.2325344, 40.8951056], [14.2325474, 40.8950611], [14.2325411, 40.8950224]], [[14.2326252, 40.895254], [14.2325411, 40.8950224], [14.232416, 40.894666], [14.2323495, 40.8944154], [14.2320476, 40.8935104], [14.2319398, 40.8932066]], [[14.2311954, 40.8910006], [14.2312013, 40.8909093], [14.2312364, 40.8907965]], [[14.2319398, 40.8932066], [14.2318007, 40.8928151], [14.2315032, 40.891997], [14.2314659, 40.8919055], [14.2314397, 40.8918335], [14.2313141, 40.8914793], [14.2312682, 40.8913119], [14.2312125, 40.8911089], [14.2311954, 40.8910006]]]}}, {"type": "Feature", "properties": {"id": "SS-NAP-2325", "nome": "Via dell'Avvenire", "quartiere": "", "classificazione": "giallo", "score": 3, "note": "strada urbana senza ciclabile", "ciclabile": "no", "n_corsie": "2", "senso_unico": "si", "n_testimonianze": "0", "zona": "B1"}, "geometry": {"type": "LineString", "coordinates": [[14.1753983, 40.8643505], [14.1754411, 40.8643621], [14.1756843, 40.864435], [14.1757658, 40.8644485], [14.1758638, 40.8644517], [14.1760536, 40.8644533], [14.176098, 40.8644537], [14.1761663, 40.8644558], [14.1762247, 40.8644658], [14.1764075, 40.8645371], [14.1764179, 40.8645403], [14.1764296, 40.8645405], [14.1764416, 40.8645384], [14.176451, 40.8645335], [14.1765353, 40.8644465], [14.1765694, 40.8644233], [14.1766512, 40.8643986], [14.1766937, 40.864392], [14.1767539, 40.8643827], [14.1767732, 40.8643763], [14.1767879, 40.8643634], [14.1768994, 40.8642475], [14.1773171, 40.8638999], [14.177344, 40.8638798], [14.1773812, 40.8638461], [14.1774005, 40.8638172], [14.1774619, 40.8636731], [14.1774636, 40.8636527], [14.1774607, 40.863629], [14.1774553, 40.8636045]]}}, {"type": "Feature", "properties": {"id": "SS-NAP-2327", "nome": "Via dell'Eremo", "quartiere": "", "classificazione": "giallo", "score": 3, "note": "strada urbana senza ciclabile", "ciclabile": "no", "n_corsie": "2", "senso_unico": "no", "n_testimonianze": "0", "zona": "B1"}, "geometry": {"type": "MultiLineString", "coordinates": [[[14.1896424, 40.8653105], [14.189712, 40.8651462]], [[14.1904188, 40.8642131], [14.1906456, 40.8637359], [14.1906925, 40.8636133], [14.1907659, 40.8632758], [14.1908015, 40.8631979], [14.1908707, 40.8631431], [14.1909491, 40.8631101], [14.1911961, 40.8630567], [14.1912524, 40.8630257], [14.1912969, 40.8629808], [14.191302, 40.8628561], [14.1912758, 40.8627591], [14.1911943, 40.8626588], [14.1910842, 40.86255], [14.1910227, 40.8624641], [14.1909898, 40.8623561], [14.1909877, 40.8622548], [14.1910014, 40.8620964], [14.1910398, 40.8620227], [14.1910926, 40.8619804], [14.1914477, 40.8618825], [14.191494, 40.8618651], [14.1915421, 40.8618272], [14.1915854, 40.8617613], [14.1916002, 40.8617083], [14.1915937, 40.861667], [14.1915739, 40.8615714], [14.1915598, 40.8614599], [14.1915575, 40.8613879], [14.1915543, 40.8613198], [14.1915657, 40.8612198]], [[14.189712, 40.8651462], [14.1899341, 40.8647632], [14.1899934, 40.8647061], [14.1902567, 40.8645243], [14.1904188, 40.8642131]], [[14.1914796, 40.8606637], [14.1913901, 40.8601487], [14.1915046, 40.859665], [14.1916095, 40.8592722], [14.1915974, 40.8592078], [14.19158, 40.8591611], [14.1915612, 40.8591267], [14.1915485, 40.8591063], [14.1915218, 40.8590428], [14.1914355, 40.8589393], [14.1913561, 40.8588441], [14.1912464, 40.8587335], [14.191219, 40.8587058]], [[14.1915657, 40.8612198], [14.1915921, 40.8611238], [14.1915894, 40.8610552], [14.1915826, 40.8610049], [14.1914796, 40.8606637]]]}}, {"type": "Feature", "properties": {"id": "SS-NAP-2330", "nome": "Via della Bontà", "quartiere": "", "classificazione": "giallo", "score": 3, "note": "strada urbana senza ciclabile", "ciclabile": "no", "n_corsie": "2", "senso_unico": "si", "n_testimonianze": "0", "zona": "B1"}, "geometry": {"type": "LineString", "coordinates": [[14.2312364, 40.8907965], [14.2311508, 40.8906746], [14.2311317, 40.8906402], [14.2311062, 40.8905942], [14.2310881, 40.8905511], [14.2310809, 40.8905316], [14.2310504, 40.8903879], [14.2310368, 40.8903047], [14.2310127, 40.890165], [14.2310067, 40.8901343], [14.2309996, 40.8900976], [14.2309738, 40.890029], [14.2308977, 40.8898759], [14.2308737, 40.8898356], [14.2308368, 40.8897775], [14.2308246, 40.8897647], [14.2308095, 40.889752]]}}, {"type": "Feature", "properties": {"id": "SS-NAP-2337", "nome": "Via della Ferrovia Napoli Piedimonte d'Alife", "quartiere": "", "classificazione": "giallo", "score": 3, "note": "strada urbana senza ciclabile", "ciclabile": "no", "n_corsie": "2", "senso_unico": "no", "n_testimonianze": "0", "zona": "B1"}, "geometry": {"type": "MultiLineString", "coordinates": [[[14.2386456, 40.8934661], [14.238521, 40.8932276], [14.2383629, 40.8929192]], [[14.2383629, 40.8929192], [14.2382736, 40.8927713]], [[14.2382096, 40.8926654], [14.2381695, 40.8925363], [14.2381651, 40.8925257], [14.2381626, 40.8925138], [14.2381643, 40.892501]], [[14.2382736, 40.8927713], [14.2382096, 40.8926654]]]}}, {"type": "Feature", "properties": {"id": "SS-NAP-2359", "nome": "Via delle Mimose", "quartiere": "", "classificazione": "giallo", "score": 3, "note": "strada urbana senza ciclabile", "ciclabile": "no", "n_corsie": "2", "senso_unico": "si", "n_testimonianze": "0", "zona": "B1"}, "geometry": {"type": "LineString", "coordinates": [[14.2385117, 40.8694657], [14.2381565, 40.8692811], [14.2382155, 40.8687284], [14.2384542, 40.8687395], [14.2388271, 40.8690513], [14.2388324, 40.8690924], [14.2386851, 40.869268]]}}, {"type": "Feature", "properties": {"id": "SS-NAP-2361", "nome": "Via delle Porcellane", "quartiere": "", "classificazione": "giallo", "score": 3, "note": "strada urbana senza ciclabile", "ciclabile": "no", "n_corsie": "2", "senso_unico": "si", "n_testimonianze": "0", "zona": "B1"}, "geometry": {"type": "LineString", "coordinates": [[14.2347145, 40.8684539], [14.2347503, 40.8684213], [14.235041, 40.8681562], [14.2350698, 40.8681123], [14.2351089, 40.8680854], [14.2352054, 40.8680565], [14.2358518, 40.8679327], [14.236002, 40.8679053], [14.2363065, 40.8678906], [14.2364886, 40.8678927]]}}, {"type": "Feature", "properties": {"id": "SS-NAP-2370", "nome": "Via di Marano", "quartiere": "", "classificazione": "giallo", "score": 3, "note": "strada urbana senza ciclabile", "ciclabile": "no", "n_corsie": "2", "senso_unico": "no", "n_testimonianze": "0", "zona": "B1"}, "geometry": {"type": "MultiLineString", "coordinates": [[[14.1722483, 40.8648225], [14.1723088, 40.864807], [14.1723766, 40.864798], [14.1724437, 40.8647906], [14.1728488, 40.8647953], [14.1729693, 40.8647954], [14.1730887, 40.864775], [14.1736749, 40.8646401], [14.173853, 40.8646128], [14.1738772, 40.8646069]], [[14.1738772, 40.8646069], [14.1744671, 40.864437], [14.1749778, 40.8642364], [14.1750387, 40.864213], [14.1754173, 40.8640677]]]}}, {"type": "Feature", "properties": {"id": "SS-NAP-2377", "nome": "Via venti Settembre", "quartiere": "", "classificazione": "giallo", "score": 3, "note": "strada urbana senza ciclabile", "ciclabile": "no", "n_corsie": "2", "senso_unico": "no", "n_testimonianze": "0", "zona": "B1"}, "geometry": {"type": "LineString", "coordinates": [[14.2151868, 40.8914875], [14.2178395, 40.8911748]]}}, {"type": "Feature", "properties": {"id": "SS-NAP-2387", "nome": "Viale Astronauti", "quartiere": "", "classificazione": "giallo", "score": 3, "note": "strada urbana senza ciclabile", "ciclabile": "no", "n_corsie": "2", "senso_unico": "no", "n_testimonianze": "0", "zona": "B1"}, "geometry": {"type": "LineString", "coordinates": [[14.237361, 40.8695434], [14.237926, 40.8698387]]}}, {"type": "Feature", "properties": {"id": "SS-NAP-2391", "nome": "Viale Colli Aminei", "quartiere": "", "classificazione": "rosso", "score": 4, "note": "strada secondaria trafficata", "ciclabile": "no", "n_corsie": "2", "senso_unico": "si", "n_testimonianze": "0", "zona": "B1"}, "geometry": {"type": "MultiLineString", "coordinates": [[[14.2341828, 40.8682303], [14.2342378, 40.8682325], [14.2342874, 40.8682411], [14.2343202, 40.8682522], [14.2343583, 40.8682693]], [[14.2447952, 40.8709105], [14.2448512, 40.8708932], [14.244976, 40.870854], [14.2454184, 40.8707268], [14.2457208, 40.8706207], [14.2459195, 40.8705412], [14.2461644, 40.8704432], [14.2462178, 40.8704226], [14.2466182, 40.8703237], [14.2472357, 40.8701711], [14.2473928, 40.8701323], [14.2474895, 40.8701071], [14.2475872, 40.8700768], [14.2476836, 40.8700322], [14.2477594, 40.8699724], [14.2477976, 40.8699137], [14.2478107, 40.8698348], [14.2478101, 40.8697623], [14.2477984, 40.8697015], [14.2477622, 40.8696219], [14.2476921, 40.8695717], [14.2474764, 40.8694553], [14.2470683, 40.8692352], [14.2470066, 40.8691852], [14.2469516, 40.86912], [14.2469115, 40.8690482], [14.2468839, 40.8689647], [14.2468712, 40.868877], [14.2468729, 40.8688185], [14.2468784, 40.868738], [14.2468941, 40.8686724], [14.2469204, 40.8686179], [14.2469817, 40.8685506], [14.2470408, 40.8684894], [14.2471178, 40.8684257], [14.247224, 40.8683676], [14.2473019, 40.8683364], [14.2473973, 40.8683153], [14.2474857, 40.8683059], [14.2475933, 40.8682953], [14.2477654, 40.8682854], [14.2478827, 40.8682701], [14.2480049, 40.8682246], [14.2481266, 40.8681666], [14.2481978, 40.8680944], [14.2482628, 40.8680199], [14.2483347, 40.8679321], [14.2484889, 40.867781], [14.2487944, 40.8675304], [14.2488971, 40.867461], [14.2489858, 40.8674171], [14.2490962, 40.8673797], [14.2492145, 40.8673563]], [[14.2284198, 40.8685071], [14.2285008, 40.8685028], [14.2293292, 40.8684587], [14.2295755, 40.8684456], [14.2303265, 40.8684057], [14.2307835, 40.8683814], [14.2317486, 40.86833], [14.2318565, 40.8683243]], [[14.2343583, 40.8682693], [14.2344662, 40.8683261], [14.2347145, 40.8684539], [14.2351086, 40.8686648], [14.2355581, 40.8689052], [14.2356281, 40.8689428], [14.2356713, 40.868966], [14.2361494, 40.8692228], [14.2362959, 40.8693014], [14.2367539, 40.8695594], [14.2371362, 40.8697723], [14.2372711, 40.8698502], [14.2378764, 40.8701897], [14.2379827, 40.8702495], [14.2384951, 40.8705377], [14.2391015, 40.8708787], [14.2392606, 40.87096], [14.2398636, 40.8712684], [14.2399427, 40.871307], [14.2402381, 40.8714106], [14.2404828, 40.8714964], [14.2405909, 40.8715231], [14.2408214, 40.87158], [14.2411588, 40.8716271], [14.2414711, 40.8716487], [14.2416928, 40.8716432], [14.2419221, 40.871625], [14.2421882, 40.8715968], [14.2422116, 40.8715943], [14.2426472, 40.8715224], [14.242909, 40.8714644], [14.2433362, 40.8713452], [14.2436624, 40.8712484], [14.2436758, 40.8712444], [14.243943, 40.8711646], [14.2445029, 40.8709978], [14.2447359, 40.8709283], [14.2447952, 40.8709105]], [[14.2343583, 40.8682693], [14.2342818, 40.868272], [14.2342339, 40.8682806], [14.2341878, 40.8682939]], [[14.2340682, 40.8682914], [14.2340172, 40.8682726], [14.2339748, 40.8682597]], [[14.2338053, 40.8682247], [14.233891, 40.8682104], [14.2340102, 40.8682106], [14.2341081, 40.8682138]], [[14.2318565, 40.8683243], [14.2324807, 40.8682923], [14.2328854, 40.8682717], [14.2331005, 40.8682607], [14.2333738, 40.8682467], [14.2338053, 40.8682247]], [[14.2339748, 40.8682597], [14.2339167, 40.8682495], [14.2338932, 40.8682455], [14.2338053, 40.8682247]]]}}, {"type": "Feature", "properties": {"id": "SS-NAP-2412", "nome": "Viale Piedimonte D'Alife", "quartiere": "", "classificazione": "rosso", "score": 4, "note": "strada secondaria trafficata", "ciclabile": "no", "n_corsie": "2", "senso_unico": "si", "n_testimonianze": "0", "zona": "B1"}, "geometry": {"type": "MultiLineString", "coordinates": [[[14.2361271, 40.8949013], [14.2361993, 40.8948225], [14.236254, 40.8947636], [14.2362921, 40.8947054], [14.2362999, 40.8946347], [14.2362906, 40.8945805], [14.2362604, 40.8945117], [14.2362162, 40.8944563], [14.2361776, 40.8944231], [14.2361176, 40.8943908]], [[14.2362294, 40.8943916], [14.2362785, 40.8944052], [14.2363108, 40.8944227], [14.2363409, 40.8944482], [14.2363736, 40.8944889], [14.2364037, 40.8945616], [14.2364067, 40.8946345], [14.2363943, 40.8947056], [14.2363608, 40.8947648], [14.2363208, 40.8948078], [14.236246, 40.8948569], [14.2361271, 40.8949013]], [[14.2350729, 40.89534], [14.2351001, 40.8953252], [14.2351335, 40.8953071], [14.2354049, 40.8952093], [14.2356818, 40.8951026], [14.2358388, 40.8950406], [14.2359832, 40.8949749], [14.2361271, 40.8949013]], [[14.2340854, 40.8958129], [14.2342797, 40.8957136], [14.2346469, 40.8955524]], [[14.2355141, 40.8941467], [14.235541, 40.8941802], [14.2355812, 40.8942152], [14.2356375, 40.8942558], [14.235694, 40.8942917], [14.2357513, 40.8943222], [14.2358283, 40.8943632]], [[14.2346469, 40.8955524], [14.2347956, 40.8954905], [14.2349319, 40.8954205], [14.2350729, 40.89534]], [[14.2358283, 40.8943632], [14.2357546, 40.894355], [14.2356936, 40.8943364], [14.2356277, 40.8943125], [14.2355441, 40.8942738], [14.2354386, 40.8942264]], [[14.2361176, 40.8943908], [14.2362294, 40.8943916]], [[14.2361176, 40.8943908], [14.2359217, 40.8943745], [14.2358283, 40.8943632]]]}}, {"type": "Feature", "properties": {"id": "SS-NAP-2413", "nome": "Viale Poggio di Capodimonte", "quartiere": "", "classificazione": "giallo", "score": 3, "note": "strada urbana senza ciclabile", "ciclabile": "no", "n_corsie": "2", "senso_unico": "no", "n_testimonianze": "0", "zona": "B1"}, "geometry": {"type": "LineString", "coordinates": [[14.2367645, 40.8676233], [14.2364886, 40.8678927], [14.2363908, 40.867999], [14.2362929, 40.8681053], [14.2359129, 40.868518], [14.2355801, 40.8688811], [14.2355581, 40.8689052]]}}, {"type": "Feature", "properties": {"id": "SS-NAP-2416", "nome": "Viale Privato Farnese", "quartiere": "", "classificazione": "giallo", "score": 3, "note": "strada urbana senza ciclabile", "ciclabile": "no", "n_corsie": "2", "senso_unico": "si", "n_testimonianze": "0", "zona": "B1"}, "geometry": {"type": "LineString", "coordinates": [[14.2375034, 40.8672274], [14.2374869, 40.8673415], [14.2374229, 40.8677832], [14.2373612, 40.8679556], [14.2372634, 40.8681119], [14.2372483, 40.8681389], [14.237025, 40.8685379], [14.2366566, 40.8689558], [14.2365363, 40.869071], [14.2363127, 40.8692853], [14.2362959, 40.8693014]]}}, {"type": "Feature", "properties": {"id": "SS-NAP-2419", "nome": "Viale Privato degli Astronauti", "quartiere": "", "classificazione": "giallo", "score": 3, "note": "strada urbana senza ciclabile", "ciclabile": "no", "n_corsie": "2", "senso_unico": "si", "n_testimonianze": "0", "zona": "B1"}, "geometry": {"type": "LineString", "coordinates": [[14.2366566, 40.8689558], [14.236773, 40.8690226], [14.237417, 40.8693923], [14.2373959, 40.8694793], [14.237361, 40.8695434], [14.2371577, 40.869752], [14.2371362, 40.8697723]]}}, {"type": "Feature", "properties": {"id": "SS-NAP-2420", "nome": "Viale Privato dei Pini", "quartiere": "", "classificazione": "giallo", "score": 3, "note": "strada urbana senza ciclabile", "ciclabile": "no", "n_corsie": "2", "senso_unico": "si", "n_testimonianze": "0", "zona": "B1"}, "geometry": {"type": "MultiLineString", "coordinates": [[[14.2391207, 40.8694794], [14.239311, 40.8695697], [14.2399368, 40.8698669], [14.2400347, 40.8699139], [14.2409847, 40.8703699], [14.2411537, 40.8704465], [14.2414229, 40.8705684]], [[14.2378764, 40.8701897], [14.2378994, 40.8701635], [14.2384664, 40.8695173], [14.2385117, 40.8694657], [14.2386851, 40.869268], [14.2391207, 40.8694794]], [[14.2414229, 40.8705684], [14.2415198, 40.8706037], [14.2416273, 40.8706471], [14.2417661, 40.8706912], [14.2418379, 40.8707069], [14.2418875, 40.870714], [14.2419543, 40.8707228], [14.2420384, 40.8707186], [14.2421254, 40.8707027], [14.2422931, 40.8706704], [14.2432139, 40.8704986], [14.2435088, 40.8704471], [14.2437259, 40.8704078], [14.2439224, 40.8703955], [14.2440825, 40.8704134], [14.2442338, 40.8704465], [14.2443677, 40.8704937], [14.244458, 40.8705359], [14.244538, 40.8705658], [14.244574, 40.8705787], [14.2446121, 40.8706008], [14.244643, 40.8706255], [14.2446864, 40.8706669], [14.2447138, 40.8706967], [14.2447605, 40.870754], [14.2448187, 40.8708434], [14.2448512, 40.8708932]]]}}, {"type": "Feature", "properties": {"id": "SS-NAP-2426", "nome": "Viale Sant'Ignazio di Loyola", "quartiere": "", "classificazione": "giallo", "score": 3, "note": "strada urbana senza ciclabile (2 corsie)", "ciclabile": "no", "n_corsie": "2", "senso_unico": "no", "n_testimonianze": "0", "zona": "B1"}, "geometry": {"type": "MultiLineString", "coordinates": [[[14.2096146, 40.8632278], [14.2077007, 40.863247], [14.2072372, 40.8632535], [14.2067995, 40.8632145], [14.2063189, 40.8630977], [14.2059498, 40.8630068], [14.2046861, 40.8630009], [14.2045164, 40.8630133], [14.2043669, 40.8630308], [14.2042174, 40.8630693], [14.2039153, 40.8631579], [14.2034656, 40.8633015], [14.2032787, 40.8633153], [14.2030023, 40.8632859], [14.2027888, 40.8632386], [14.2017157, 40.8628773], [14.2015615, 40.8628532], [14.2014219, 40.8628581], [14.2004773, 40.8629559], [14.2004095, 40.862975], [14.2002661, 40.8630362], [14.1990348, 40.8636331], [14.1988491, 40.8637175], [14.1986226, 40.8638212], [14.1984303, 40.8638876], [14.1982278, 40.8639322], [14.1973753, 40.8640908], [14.1973287, 40.864098], [14.1969843, 40.8641579], [14.1968413, 40.8641739], [14.1966953, 40.8641805], [14.1964598, 40.8641713], [14.1961981, 40.8641629], [14.1953497, 40.8642141], [14.1951289, 40.8642096], [14.1949205, 40.8641817], [14.1944914, 40.8640973], [14.194173, 40.8640495], [14.1938219, 40.8640184], [14.1936004, 40.8640088], [14.1933788, 40.8639852], [14.1932797, 40.8639627], [14.1931582, 40.8639238], [14.1928949, 40.8637922], [14.1928545, 40.8637718], [14.1925087, 40.8635975], [14.1923456, 40.863565], [14.1921137, 40.8635833], [14.1918725, 40.8636457], [14.1916658, 40.8637405], [14.1914814, 40.8638555], [14.1912064, 40.8640721], [14.1908876, 40.8643295], [14.190816, 40.8644094]], [[14.190816, 40.8644094], [14.1908124, 40.8644147], [14.1908107, 40.8644213], [14.1908122, 40.8644911], [14.1907997, 40.8645313], [14.1907718, 40.8645865]], [[14.1907718, 40.8645865], [14.1907289, 40.864615], [14.1906915, 40.8646241], [14.1905602, 40.8646482], [14.1905296, 40.8646635], [14.1905021, 40.8646817], [14.1904514, 40.8647675], [14.1903491, 40.864995], [14.1902498, 40.8651077], [14.1901953, 40.8651626], [14.1901326, 40.865203], [14.1900837, 40.8652097], [14.1900101, 40.8652016], [14.189712, 40.8651462]], [[14.2190869, 40.8639642], [14.2189646, 40.8639839], [14.2186842, 40.86403], [14.218118, 40.8641203], [14.2180153, 40.864123], [14.2178867, 40.864111], [14.2175868, 40.8640327], [14.2174164, 40.8639563], [14.2172566, 40.8639078], [14.2169871, 40.8638354], [14.2167343, 40.8638112], [14.2154939, 40.8636922], [14.2149409, 40.863724], [14.2148145, 40.863721]], [[14.2148145, 40.863721], [14.2147002, 40.8636709], [14.2142481, 40.8633483], [14.2139872, 40.8631821], [14.2137201, 40.8630659], [14.2134445, 40.8629576], [14.2131826, 40.8628679]], [[14.2131826, 40.8628679], [14.2130195, 40.8628421], [14.2128509, 40.8628248], [14.2125207, 40.8628235], [14.2120013, 40.8628462], [14.2117139, 40.8629058], [14.2108368, 40.863125], [14.2105695, 40.8631821]], [[14.2105695, 40.8631821], [14.2102912, 40.8632063], [14.2096146, 40.8632278]]]}}, {"type": "Feature", "properties": {"id": "SS-NAP-2432", "nome": "Viale degli Aranci", "quartiere": "", "classificazione": "giallo", "score": 3, "note": "strada urbana senza ciclabile", "ciclabile": "no", "n_corsie": "2", "senso_unico": "si", "n_testimonianze": "0", "zona": "B1"}, "geometry": {"type": "MultiLineString", "coordinates": [[[14.2418229, 40.8693616], [14.2409847, 40.8703699]], [[14.2154049, 40.8645226], [14.2157052, 40.8644575], [14.2157216, 40.864455], [14.2157359, 40.8644485], [14.2157465, 40.8644388], [14.2157523, 40.8644269], [14.2157525, 40.8644143], [14.2157471, 40.8644023], [14.2157105, 40.864322], [14.2157098, 40.8643122], [14.2157133, 40.8643027], [14.2157205, 40.8642945], [14.2157307, 40.8642884], [14.2157429, 40.8642851], [14.2157559, 40.8642847], [14.2161355, 40.8642623], [14.2167431, 40.8641095], [14.2167923, 40.8640896], [14.2168108, 40.8640803], [14.2168246, 40.8640672], [14.2168324, 40.8640515], [14.2168333, 40.8640347], [14.2168274, 40.8640186], [14.2167556, 40.8638587], [14.2167343, 40.8638112]], [[14.240737, 40.8688665], [14.2399368, 40.8698669]]]}}, {"type": "Feature", "properties": {"id": "SS-NAP-2433", "nome": "Viale degli Astronauti", "quartiere": "", "classificazione": "giallo", "score": 3, "note": "strada urbana senza ciclabile", "ciclabile": "no", "n_corsie": "2", "senso_unico": "si", "n_testimonianze": "0", "zona": "B1"}, "geometry": {"type": "LineString", "coordinates": [[14.2359129, 40.868518], [14.2356553, 40.868376], [14.2356212, 40.8683632], [14.235587, 40.8683643], [14.2355152, 40.8683926], [14.2354435, 40.8683982], [14.2353703, 40.8683841], [14.2350868, 40.8682212], [14.2350599, 40.8681918], [14.235041, 40.8681562]]}}, {"type": "Feature", "properties": {"id": "SS-NAP-2434", "nome": "Viale degli Oleandri", "quartiere": "", "classificazione": "giallo", "score": 3, "note": "strada urbana senza ciclabile", "ciclabile": "no", "n_corsie": "2", "senso_unico": "si", "n_testimonianze": "0", "zona": "B1"}, "geometry": {"type": "MultiLineString", "coordinates": [[[14.2421402, 40.8695216], [14.2421617, 40.8695784], [14.242112, 40.8699376], [14.2421178, 40.8700785], [14.2421439, 40.870187], [14.2421612, 40.870259], [14.2422077, 40.8704175], [14.2422931, 40.8706704]], [[14.2421402, 40.8695216], [14.2428371, 40.8699359], [14.2426566, 40.8701286], [14.2421439, 40.870187]], [[14.2421402, 40.8695216], [14.2420792, 40.8694809], [14.2418229, 40.8693616], [14.240737, 40.8688665]]]}}, {"type": "Feature", "properties": {"id": "SS-NAP-2435", "nome": "Viale dei Gesuiti", "quartiere": "", "classificazione": "giallo", "score": 3, "note": "strada urbana senza ciclabile", "ciclabile": "no", "n_corsie": "2", "senso_unico": "no", "n_testimonianze": "0", "zona": "B1"}, "geometry": {"type": "MultiLineString", "coordinates": [[[14.2402492, 40.8570238], [14.2401969, 40.8570088], [14.2398227, 40.8569011]], [[14.2401167, 40.8560772], [14.2399327, 40.8564417], [14.2398945, 40.856533], [14.2398414, 40.8567411]]]}}, {"type": "Feature", "properties": {"id": "SS-NAP-2438", "nome": "Viale del Toro", "quartiere": "", "classificazione": "giallo", "score": 3, "note": "strada urbana senza ciclabile", "ciclabile": "no", "n_corsie": "2", "senso_unico": "si", "n_testimonianze": "0", "zona": "B1"}, "geometry": {"type": "LineString", "coordinates": [[14.2363908, 40.867999], [14.2366969, 40.8681653], [14.2369166, 40.8680324], [14.2372483, 40.8681389]]}}, {"type": "Feature", "properties": {"id": "SS-NAP-2441", "nome": "Viale della Resistenza", "quartiere": "", "classificazione": "giallo", "score": 3, "note": "strada urbana senza ciclabile", "ciclabile": "no", "n_corsie": "2", "senso_unico": "si", "n_testimonianze": "0", "zona": "B1"}, "geometry": {"type": "MultiLineString", "coordinates": [[[14.2376972, 40.902242], [14.2373878, 40.9022432], [14.2372346, 40.9022533], [14.2371034, 40.9022871], [14.2361917, 40.902778], [14.2359137, 40.9029266], [14.2356484, 40.9030685], [14.2352848, 40.9032535], [14.2351536, 40.9033202], [14.2350675, 40.9033767], [14.2348264, 40.9035067], [14.2347139, 40.9035743]], [[14.2460421, 40.8985169], [14.2461706, 40.8983675], [14.2463463, 40.8982535], [14.2470962, 40.897848], [14.2472374, 40.8977812], [14.2474774, 40.8976675]], [[14.2362206, 40.9025753], [14.2365823, 40.9024081], [14.236839, 40.9022855], [14.2370215, 40.9021461], [14.2370942, 40.9020529], [14.237224, 40.9017538]], [[14.2283923, 40.9039537], [14.2288184, 40.9040363], [14.2290706, 40.9040744], [14.2293288, 40.9040977], [14.2296106, 40.9041068], [14.2316793, 40.9040108], [14.2321144, 40.9040007], [14.2322361, 40.9039958]], [[14.2283923, 40.9039537], [14.2284345, 40.9040295], [14.2284583, 40.9041425], [14.228452, 40.9042455], [14.228348, 40.9043865], [14.2281822, 40.9044846], [14.2280074, 40.9045166], [14.2278288, 40.9044955], [14.2272809, 40.9042517], [14.2270845, 40.9041561], [14.226966, 40.9040634], [14.2269107, 40.9039426], [14.2269321, 40.903878], [14.2269751, 40.9037651], [14.2270796, 40.9036582], [14.2272354, 40.903595], [14.2274312, 40.9035685], [14.2276846, 40.9036126], [14.2280596, 40.9037652], [14.2282046, 40.9038474], [14.2283923, 40.9039537]], [[14.2417127, 40.9014668], [14.2412849, 40.9014353], [14.2412049, 40.9014116], [14.2411593, 40.9013792], [14.2411172, 40.9013369], [14.2410514, 40.9011094]], [[14.2474264, 40.8962531], [14.2477388, 40.8962824], [14.2479308, 40.8962824], [14.2481084, 40.896233], [14.2495246, 40.8955274], [14.2496617, 40.8954683]], [[14.2410959, 40.901566], [14.2410801, 40.9015089], [14.2410345, 40.9014502], [14.2409541, 40.9014096], [14.240774, 40.9013745], [14.2405646, 40.9013789]], [[14.2497282, 40.895568], [14.2495354, 40.8956734], [14.2481621, 40.8963465], [14.2480815, 40.8964384], [14.2480409, 40.8965467], [14.2480168, 40.8966471], [14.2479428, 40.8968564]], [[14.244866, 40.8969982], [14.2455625, 40.8966255], [14.2457059, 40.8965398], [14.2457692, 40.8965107], [14.2463982, 40.8962215], [14.2466697, 40.8961618], [14.2469243, 40.8961548], [14.2472135, 40.8961932], [14.2474264, 40.8962531], [14.2475866, 40.8963479], [14.2477349, 40.896493], [14.2478635, 40.8966532], [14.2479428, 40.8968564], [14.2479457, 40.8969516], [14.2478874, 40.8972229], [14.2477752, 40.8974195], [14.2474774, 40.8976675]], [[14.2460421, 40.8985169], [14.2459096, 40.898597], [14.2445138, 40.8993413], [14.2444282, 40.8993873], [14.2443833, 40.8994038], [14.244329, 40.899397], [14.2442763, 40.8993874], [14.2442329, 40.899394], [14.2440957, 40.8994691], [14.2440686, 40.8994839], [14.243918, 40.8995645], [14.2438817, 40.8995845], [14.2437998, 40.8996295], [14.2437565, 40.8996605], [14.2437441, 40.8997114], [14.243728, 40.8997578], [14.2436812, 40.899795], [14.2421976, 40.9005889], [14.2419266, 40.9007299], [14.2418497, 40.9007201], [14.2417888, 40.9007122], [14.2417419, 40.90073], [14.2413504, 40.9009439], [14.2410514, 40.9011094], [14.2405646, 40.9013789], [14.239352, 40.9020502], [14.2391531, 40.9021603], [14.2390672, 40.9022079]], [[14.2474774, 40.8976675], [14.2474529, 40.8977419], [14.2473883, 40.8977951], [14.2462706, 40.8984094], [14.2461674, 40.8984715], [14.2460421, 40.8985169]], [[14.2362206, 40.9025753], [14.236434, 40.9023241], [14.2366137, 40.9021014], [14.2367249, 40.9019538], [14.2368047, 40.9018039], [14.2368639, 40.901657], [14.2368958, 40.9015464], [14.2369479, 40.9013657], [14.236987, 40.9011877], [14.2370093, 40.9010144]], [[14.2321573, 40.9040981], [14.2316177, 40.9041095], [14.2296184, 40.9041862], [14.2292864, 40.9041708], [14.2289312, 40.9041257], [14.2288024, 40.9041227], [14.2286076, 40.9041794], [14.228452, 40.9042455]], [[14.2322361, 40.9039958], [14.2324514, 40.9039928], [14.2325002, 40.903989], [14.2326417, 40.903978], [14.2328901, 40.903955], [14.23352, 40.9038573], [14.2336118, 40.9038345], [14.2340202, 40.9037331], [14.2341856, 40.9036788], [14.2343267, 40.9036176], [14.2345467, 40.9035051], [14.2347397, 40.9034063]], [[14.2377665, 40.9008072], [14.2378162, 40.900781], [14.2389125, 40.9002022], [14.2390798, 40.9001154], [14.2398318, 40.8997131], [14.2411453, 40.8990154], [14.2412824, 40.8989435]], [[14.2390672, 40.9022079], [14.2389396, 40.9022695], [14.2387208, 40.9023497], [14.238465, 40.9023999], [14.2383279, 40.9024067], [14.2381827, 40.9023982], [14.2380184, 40.9023696], [14.2378941, 40.9023379], [14.2376972, 40.902242], [14.2374796, 40.9021028], [14.2373111, 40.9019299], [14.2372629, 40.9018453], [14.237224, 40.9017538], [14.2372022, 40.9016864], [14.2371914, 40.9015765], [14.2371922, 40.9014863], [14.2372003, 40.9014143], [14.2372274, 40.9013293], [14.2372826, 40.9012317], [14.2373491, 40.9011375], [14.2374641, 40.9010119], [14.237618, 40.9008924], [14.2377665, 40.9008072]], [[14.2347139, 40.9035743], [14.2346382, 40.9036069], [14.234143, 40.9038201], [14.2338925, 40.9039016], [14.233652, 40.9039585], [14.2335845, 40.9039745], [14.2332071, 40.9040347], [14.2329057, 40.9040665], [14.2328393, 40.9040735], [14.2324278, 40.904093], [14.2322803, 40.9040959], [14.2321573, 40.9040981]], [[14.2387371, 40.9027323], [14.2383393, 40.9026579], [14.2380696, 40.9026074], [14.2378283, 40.9025835], [14.2376105, 40.902562], [14.2372971, 40.9025668], [14.2368695, 40.9026242], [14.2364085, 40.9027253], [14.2361917, 40.902778]], [[14.2347397, 40.9034063], [14.2349919, 40.9032645]], [[14.2432828, 40.8978597], [14.2442991, 40.8973008], [14.244866, 40.8969982]], [[14.2349919, 40.9032645], [14.2350587, 40.9032255], [14.2351842, 40.9031553], [14.2357968, 40.9028125], [14.2362206, 40.9025753]]]}}, {"type": "Feature", "properties": {"id": "SS-NAP-2457", "nome": "Viali della Corte", "quartiere": "", "classificazione": "giallo", "score": 3, "note": "strada urbana senza ciclabile", "ciclabile": "no", "n_corsie": "2", "senso_unico": "no", "n_testimonianze": "0", "zona": "B1"}, "geometry": {"type": "MultiLineString", "coordinates": [[[14.2222648, 40.8874447], [14.2223172, 40.8876704], [14.2223883, 40.8879432], [14.2224585, 40.8882127], [14.2225095, 40.8883789], [14.2228796, 40.8882735], [14.2231157, 40.8887561], [14.2232216, 40.8889826], [14.2229856, 40.8890541], [14.223125, 40.8893344], [14.2232665, 40.8896762], [14.2232851, 40.8897109], [14.2234936, 40.8901061]], [[14.2229062, 40.8872194], [14.223161, 40.8877192], [14.2232569, 40.8879013], [14.2232817, 40.8879616], [14.2233005, 40.8880873], [14.2234974, 40.8886772], [14.2235678, 40.8888916]], [[14.2240127, 40.8887753], [14.2235678, 40.8888916], [14.2232216, 40.8889826]]]}}, {"type": "Feature", "properties": {"id": "SS-NAP-2458", "nome": "Vicinale Agnolella 11", "quartiere": "", "classificazione": "giallo", "score": 3, "note": "strada urbana senza ciclabile", "ciclabile": "no", "n_corsie": "2", "senso_unico": "no", "n_testimonianze": "0", "zona": "B1"}, "geometry": {"type": "LineString", "coordinates": [[14.20946, 40.8621798], [14.2081829, 40.8624514], [14.2067894, 40.8625579]]}}, {"type": "Feature", "properties": {"id": "SS-NAP-2474", "nome": "Vico Carrozzieri", "quartiere": "", "classificazione": "giallo", "score": 3, "note": "strada urbana senza ciclabile", "ciclabile": "no", "n_corsie": "2", "senso_unico": "no", "n_testimonianze": "0", "zona": "B1"}, "geometry": {"type": "LineString", "coordinates": [[14.1769623, 40.8622263], [14.1768839, 40.8623711], [14.1767586, 40.8625923], [14.1765191, 40.863055]]}}, {"type": "Feature", "properties": {"id": "SS-NAP-2484", "nome": "Vico Costanzi", "quartiere": "", "classificazione": "giallo", "score": 3, "note": "strada urbana senza ciclabile", "ciclabile": "no", "n_corsie": "2", "senso_unico": "no", "n_testimonianze": "0", "zona": "B1"}, "geometry": {"type": "LineString", "coordinates": [[14.1740064, 40.8642515], [14.1741428, 40.8643365], [14.1741617, 40.8643446], [14.1741811, 40.864351], [14.1742147, 40.8643601], [14.1742811, 40.8643699], [14.1743391, 40.8643732], [14.1743713, 40.8643732], [14.174398, 40.8643754], [14.1744192, 40.8643815], [14.1744295, 40.8643893], [14.1744671, 40.864437]]}}, {"type": "Feature", "properties": {"id": "SS-NAP-2521", "nome": "Vico II dei Liguori", "quartiere": "", "classificazione": "giallo", "score": 3, "note": "strada urbana senza ciclabile", "ciclabile": "no", "n_corsie": "2", "senso_unico": "no", "n_testimonianze": "0", "zona": "B1"}, "geometry": {"type": "LineString", "coordinates": [[14.2291094, 40.8906715], [14.229144, 40.8908595], [14.2291489, 40.8908665], [14.2291566, 40.8908714], [14.2294544, 40.8909728]]}}, {"type": "Feature", "properties": {"id": "SS-NAP-2563", "nome": "Vico Primo Plebiscito", "quartiere": "", "classificazione": "giallo", "score": 3, "note": "strada urbana senza ciclabile", "ciclabile": "no", "n_corsie": "2", "senso_unico": "no", "n_testimonianze": "0", "zona": "B1"}, "geometry": {"type": "LineString", "coordinates": [[14.2366755, 40.8927339], [14.2368249, 40.892957], [14.2368998, 40.8930549], [14.2369479, 40.8931299]]}}, {"type": "Feature", "properties": {"id": "SS-NAP-2604", "nome": "Vico Secondo Plebiscito", "quartiere": "", "classificazione": "giallo", "score": 3, "note": "strada urbana senza ciclabile", "ciclabile": "no", "n_corsie": "2", "senso_unico": "si", "n_testimonianze": "0", "zona": "B1"}, "geometry": {"type": "LineString", "coordinates": [[14.2363159, 40.8934527], [14.2362709, 40.8933748], [14.2361666, 40.8932044], [14.2360962, 40.8930918], [14.2359783, 40.8929042], [14.235747, 40.8925737]]}}, {"type": "Feature", "properties": {"id": "SS-NAP-2639", "nome": "Vico dei Liguori", "quartiere": "", "classificazione": "giallo", "score": 3, "note": "strada urbana senza ciclabile", "ciclabile": "no", "n_corsie": "2", "senso_unico": "no", "n_testimonianze": "0", "zona": "B1"}, "geometry": {"type": "LineString", "coordinates": [[14.2293405, 40.8913439], [14.2293313, 40.8913091], [14.2293254, 40.8912726], [14.2293267, 40.8912408], [14.2293361, 40.8912062], [14.229423, 40.8910625], [14.2294453, 40.8910194], [14.2294544, 40.8909728], [14.2294804, 40.8906731], [14.2294888, 40.890576], [14.2295056, 40.8903238], [14.2295065, 40.8901967], [14.2295042, 40.8901843], [14.2294983, 40.8901707], [14.2294674, 40.8901136]]}}, {"type": "Feature", "properties": {"id": "SS-NAP-2705", "nome": "via Antonio Vivaldi", "quartiere": "", "classificazione": "giallo", "score": 3, "note": "strada urbana senza ciclabile", "ciclabile": "no", "n_corsie": "2", "senso_unico": "no", "n_testimonianze": "0", "zona": "B1"}, "geometry": {"type": "LineString", "coordinates": [[14.1595865, 40.8554681], [14.1595578, 40.85544], [14.158472, 40.8543773], [14.1580328, 40.8539475]]}}, {"type": "Feature", "properties": {"id": "SS-NAP-2706", "nome": "via Cupa Camaldoli", "quartiere": "", "classificazione": "giallo", "score": 3, "note": "strada urbana senza ciclabile", "ciclabile": "no", "n_corsie": "2", "senso_unico": "no", "n_testimonianze": "0", "zona": "B1"}, "geometry": {"type": "LineString", "coordinates": [[14.1915612, 40.8591267], [14.1915478, 40.8591418], [14.1915411, 40.8591641], [14.1915478, 40.8592052], [14.1915357, 40.859264], [14.1915169, 40.8593092], [14.1914915, 40.85933], [14.1914236, 40.8593674]]}}, {"type": "Feature", "properties": {"id": "SS-NAP-2707", "nome": "via Eduardo Scarpetta", "quartiere": "", "classificazione": "giallo", "score": 3, "note": "strada urbana senza ciclabile", "ciclabile": "no", "n_corsie": "2", "senso_unico": "no", "n_testimonianze": "0", "zona": "B1"}, "geometry": {"type": "LineString", "coordinates": [[14.144753, 40.8709531], [14.1446971, 40.8709558], [14.144607, 40.8709725], [14.1444902, 40.8710214], [14.1444189, 40.8710272], [14.144555, 40.8701825], [14.1446348, 40.8699871], [14.1447685, 40.8697195], [14.1449952, 40.8690822], [14.1452233, 40.8684357], [14.1452314, 40.8684013], [14.1451985, 40.868382], [14.1451295, 40.8683708], [14.1450155, 40.8683546], [14.1449156, 40.8683313], [14.1448115, 40.8683104], [14.1445575, 40.8682902], [14.1445005, 40.8682836], [14.1444307, 40.8682567], [14.1443677, 40.8682227], [14.1442577, 40.868167], [14.1441485, 40.8681006], [14.1440819, 40.8680609], [14.1440459, 40.8680225], [14.1439612, 40.8679119], [14.1438769, 40.8678764], [14.1436645, 40.8678116], [14.1434384, 40.8677179], [14.1433968, 40.8677066], [14.1432591, 40.867704], [14.1429667, 40.8676152], [14.1426094, 40.8675093], [14.1420779, 40.8673218], [14.141826, 40.8672441], [14.1416614, 40.8671964], [14.1415641, 40.8671797], [14.1413864, 40.8671671], [14.1409969, 40.8671188], [14.14051, 40.8670803], [14.1402397, 40.8670669], [14.140121, 40.8670945], [14.1400937, 40.8671115], [14.1400205, 40.8671539], [14.1397956, 40.8672216], [14.1395842, 40.8672738], [14.1394103, 40.8672482], [14.1393004, 40.8672466], [14.1392156, 40.8672671], [14.1390771, 40.8673268], [14.138959, 40.8673998], [14.1389021, 40.8674698], [14.1388665, 40.8675042], [14.1388223, 40.8675296], [14.138609, 40.867558], [14.1383274, 40.8675823], [14.1382268, 40.8675884], [14.1381222, 40.8676016], [14.1380994, 40.8676411], [14.138082, 40.8678491], [14.1380726, 40.8682659]]}}, {"type": "Feature", "properties": {"id": "SS-NAP-2708", "nome": "via Torre Poerio", "quartiere": "", "classificazione": "giallo", "score": 3, "note": "strada urbana senza ciclabile", "ciclabile": "no", "n_corsie": "2", "senso_unico": "no", "n_testimonianze": "0", "zona": "B1"}, "geometry": {"type": "LineString", "coordinates": [[14.140121, 40.8670945], [14.1400913, 40.8670602], [14.1400353, 40.8669905], [14.1400186, 40.8669449], [14.1399965, 40.866736], [14.1399649, 40.8666473], [14.1398826, 40.8664683], [14.1397001, 40.8662173], [14.1396894, 40.8662025], [14.1395929, 40.865951], [14.1393917, 40.865734], [14.1391798, 40.8654967], [14.1389947, 40.8651823], [14.1388499, 40.8648983], [14.1388258, 40.8646265], [14.138917, 40.8643891], [14.1390859, 40.8641579], [14.139271, 40.8639145], [14.1393971, 40.8637705], [14.139617, 40.8636244], [14.1398665, 40.8635042], [14.1400864, 40.8633364], [14.1401749, 40.8632207], [14.1401396, 40.8631249]]}}]}