{"type": "FeatureCollection", "features": [{"type": "Feature", "properties": {"id": "SS-ROM-0192", "nome": "Viale dei Quattro Venti", "quartiere": "Monteverde", "classificazione": "rosso", "score": 4, "note": "arteria trafficata nessuna ciclabile", "ciclabile": "no", "n_corsie": "4", "senso_unico": "no", "n_testimonianze": "1", "municipio": "XII"}, "geometry": {"type": "MultiLineString", "coordinates": [[[12.4583711, 41.8780191], [12.4584082, 41.8783439]], [[12.4583177, 41.8777268], [12.4582953, 41.8776102], [12.4582689, 41.8774819], [12.4579833, 41.8761136], [12.4579028, 41.8757013], [12.4578738, 41.8755652], [12.4578607, 41.8755022], [12.4577629, 41.8750417], [12.4577083, 41.8747815], [12.4576887, 41.8746611], [12.4576729, 41.8745379], [12.4576666, 41.8744742], [12.4576647, 41.8744103], [12.4576649, 41.8743468], [12.4576674, 41.8742819], [12.4576694, 41.8742443], [12.4576732, 41.8741948], [12.4576799, 41.8741579], [12.4576864, 41.8741174], [12.4576928, 41.8740796], [12.4577001, 41.8740472], [12.4577064, 41.8740206], [12.4577213, 41.8739662], [12.4577289, 41.8739405], [12.4577366, 41.8739167], [12.4577542, 41.87387], [12.45778, 41.8738091], [12.4578052, 41.873752], [12.4578279, 41.873706], [12.4578488, 41.8736661], [12.4578863, 41.8735992], [12.4579264, 41.8735308], [12.4579701, 41.8734695], [12.4580326, 41.8733827], [12.4581041, 41.8732877]], [[12.4584793, 41.8851779], [12.4584841, 41.8851297], [12.4585332, 41.884613], [12.4585718, 41.8841488], [12.4585755, 41.8840749], [12.4585808, 41.8840046]], [[12.4584928, 41.8855747], [12.4584888, 41.8856383], [12.4584694, 41.8859675], [12.458309, 41.8859665], [12.4583545, 41.8854921], [12.4584609, 41.8854407]], [[12.458309, 41.8859665], [12.4582495, 41.8860572], [12.4581822, 41.8861295]], [[12.4584082, 41.8783439], [12.4584233, 41.8784685], [12.4584262, 41.8785083], [12.4584677, 41.8790658], [12.4585262, 41.8799231], [12.4585374, 41.8800815], [12.458593, 41.8808152], [12.4586025, 41.8809993], [12.4586674, 41.8818655], [12.4586721, 41.8819329], [12.4586851, 41.8821257], [12.4587066, 41.8826594], [12.4587086, 41.8827318], [12.4587034, 41.8827947], [12.4586496, 41.883323], [12.4585887, 41.8839143], [12.4585862, 41.8839419], [12.4585808, 41.8840046]], [[12.4584609, 41.8854407], [12.4584928, 41.8855747]], [[12.4583177, 41.8777268], [12.458351, 41.8778588], [12.4583711, 41.8780191]]]}}, {"type": "Feature", "properties": {"id": "SS-ROM-0193", "nome": "Circonvallazione Gianicolense", "quartiere": "Monteverde", "classificazione": "rosso", "score": 4, "note": "arteria trafficata nessuna ciclabile doppia fila traffico veloce | Confermato rosso da 1 segnalazione reale (ultima: 2026-06-13).", "ciclabile": "no", "n_corsie": "4", "senso_unico": "no", "n_testimonianze": "4", "municipio": "XII"}, "geometry": {"type": "MultiLineString", "coordinates": [[[12.4395653, 41.8777276], [12.4394894, 41.8777273], [12.4394414, 41.877726], [12.4394042, 41.8777235], [12.4393468, 41.8777198], [12.4392871, 41.8777149], [12.4389796, 41.8776884], [12.4388894, 41.8776853], [12.4388076, 41.877683]], [[12.4463704, 41.8750415], [12.4462752, 41.8751125], [12.4456489, 41.8755728], [12.4454061, 41.8757518]], [[12.4472553, 41.8740351], [12.4473243, 41.8739809], [12.4478969, 41.8735557]], [[12.4658739, 41.8738723], [12.465864, 41.8738447], [12.4658575, 41.873825], [12.4658474, 41.8737996], [12.4658325, 41.8737709], [12.4658163, 41.8737461], [12.4657979, 41.8737236], [12.4657792, 41.8737066], [12.4657598, 41.8736926], [12.4657427, 41.8736821], [12.4657245, 41.8736726], [12.4656957, 41.8736611]], [[12.4489862, 41.8730074], [12.4489421, 41.8729848], [12.4489217, 41.8729735], [12.4488989, 41.8729572], [12.4488759, 41.872938], [12.4488421, 41.8728981], [12.4488181, 41.8728611]], [[12.4472196, 41.8743833], [12.4470744, 41.8744307], [12.4470357, 41.8744433], [12.4470118, 41.8744488], [12.4469863, 41.8744535], [12.4469683, 41.8744543], [12.4469463, 41.874453], [12.4469218, 41.8744511], [12.4468853, 41.8744437], [12.446857, 41.8744331], [12.4468325, 41.8744225], [12.4468097, 41.8744107], [12.446773, 41.8743867]], [[12.4395653, 41.8777276], [12.4394678, 41.8777041], [12.4394298, 41.8776925], [12.4393965, 41.8776801], [12.4393731, 41.8776672], [12.4393521, 41.8776543], [12.4393185, 41.8776273], [12.439304, 41.8776102], [12.4392942, 41.877594], [12.439283, 41.8775714], [12.4392764, 41.8775531], [12.4392675, 41.8775256], [12.4392633, 41.8774989], [12.4392636, 41.8774677], [12.4392711, 41.8774296], [12.43928, 41.877409], [12.439293, 41.8773872], [12.4393116, 41.8773539], [12.4393419, 41.8773124]], [[12.4393419, 41.8773124], [12.4394815, 41.8772706], [12.4395236, 41.8772594], [12.4395622, 41.8772508], [12.4396048, 41.8772433], [12.4396402, 41.8772383], [12.4396865, 41.8772341], [12.4397275, 41.8772338], [12.4398002, 41.8772367], [12.4398409, 41.8772402], [12.4398728, 41.8772436], [12.4399187, 41.8772482], [12.4399611, 41.8772541], [12.4400332, 41.8772656]], [[12.4595755, 41.8715221], [12.4597178, 41.8716472]], [[12.4426784, 41.8770275], [12.4428687, 41.8769948]], [[12.4595666, 41.8718051], [12.4594098, 41.8716589]], [[12.4426814, 41.8772692], [12.4425088, 41.8772955]], [[12.4450142, 41.8760405], [12.4447136, 41.8762748], [12.4441298, 41.8767109], [12.443987, 41.876812], [12.4439264, 41.8768573], [12.4438652, 41.8768983], [12.4437845, 41.8769473], [12.4436824, 41.8770022], [12.4436264, 41.8770268], [12.4435599, 41.8770567], [12.4434721, 41.8770926], [12.4434042, 41.8771163], [12.443343, 41.8771361], [12.4432672, 41.877157], [12.443186, 41.8771799]], [[12.4659653, 41.8737938], [12.465956, 41.8737859], [12.4659101, 41.8737469]], [[12.4428687, 41.8769948], [12.4430745, 41.8769524], [12.4432054, 41.8769163], [12.4433257, 41.8768763], [12.4434532, 41.8768234], [12.4435859, 41.8767545]], [[12.4423833, 41.8773147], [12.4419251, 41.8773852], [12.441218, 41.8774955]], [[12.4425088, 41.8772955], [12.4423833, 41.8773147]], [[12.4598801, 41.8721117], [12.4596642, 41.8718989], [12.4596227, 41.8718565], [12.4595666, 41.8718051]], [[12.4657257, 41.8734682], [12.4658246, 41.8735379], [12.4658735, 41.8735743], [12.4659154, 41.873606], [12.4659461, 41.8736302], [12.4659768, 41.8736544], [12.4659931, 41.8736685]], [[12.4659931, 41.8736685], [12.4660008, 41.8736771], [12.4660101, 41.8736886], [12.4660151, 41.8736961], [12.4660233, 41.8737105], [12.4660304, 41.8737291], [12.4660356, 41.8737509], [12.4660381, 41.8737684], [12.4660435, 41.8738088], [12.4660455, 41.8738424], [12.4660512, 41.8738827]], [[12.4659931, 41.8736685], [12.4659758, 41.8736689], [12.465953, 41.8736694], [12.4659232, 41.8736706], [12.4658871, 41.8736709], [12.4658404, 41.8736706], [12.4658153, 41.8736707]], [[12.4656957, 41.8736611], [12.4656569, 41.8736492], [12.4656171, 41.8736344], [12.4655753, 41.873613], [12.4655395, 41.8735907], [12.4655067, 41.8735697], [12.4653075, 41.8734416], [12.465146, 41.8733467], [12.465096, 41.8733196], [12.4650424, 41.8732919], [12.4649887, 41.8732651], [12.4649429, 41.873243], [12.4648931, 41.8732198], [12.4648352, 41.8731955], [12.4647732, 41.8731701], [12.4646466, 41.8731194], [12.4646033, 41.8731031], [12.4645546, 41.8730858], [12.4645093, 41.873071], [12.4644588, 41.8730553], [12.4644193, 41.8730444], [12.4644068, 41.873041], [12.4643536, 41.8730267], [12.4642986, 41.8730134], [12.4642423, 41.8730002], [12.4641826, 41.8729879], [12.4641149, 41.8729747], [12.4640427, 41.8729624], [12.4639625, 41.872949], [12.4638978, 41.8729399], [12.4638305, 41.8729313], [12.4637609, 41.8729226], [12.4636886, 41.8729144], [12.4635265, 41.8729001], [12.4628646, 41.8728472], [12.4627713, 41.8728404], [12.4627013, 41.8728364], [12.462669, 41.8728349], [12.4626367, 41.8728334], [12.4624947, 41.8728269]], [[12.4406511, 41.877336], [12.4407351, 41.8773311], [12.4408067, 41.8773214], [12.4409236, 41.8773019], [12.4421781, 41.8771042]], [[12.4447876, 41.8758952], [12.4448634, 41.8758413], [12.4449301, 41.8757911], [12.4457502, 41.8751727]], [[12.4530844, 41.870264], [12.4529975, 41.8702486], [12.4528897, 41.8702321], [12.4526848, 41.8701997], [12.4526097, 41.8701913], [12.4525345, 41.8701841], [12.4524417, 41.8701798], [12.4523507, 41.8701781], [12.4522055, 41.8701805], [12.4521298, 41.8701843], [12.4520523, 41.8701907], [12.4518985, 41.8702077], [12.4518226, 41.8702192], [12.4517385, 41.8702333], [12.4516634, 41.870249], [12.4515766, 41.8702682], [12.4514977, 41.8702879], [12.4514164, 41.8703128], [12.4513143, 41.8703486], [12.4511982, 41.8703922]], [[12.4531376, 41.8700856], [12.4553585, 41.8704755], [12.4555228, 41.8705062], [12.4560012, 41.87059], [12.4574444, 41.8708408], [12.4577929, 41.8708974], [12.4581446, 41.8709563], [12.4582629, 41.8709754], [12.4583468, 41.8709902], [12.458437, 41.8710066], [12.4585277, 41.8710274], [12.458619, 41.8710508], [12.4586903, 41.8710701], [12.4587469, 41.8710869], [12.4588046, 41.8711057], [12.4588759, 41.8711301], [12.4589303, 41.8711485], [12.4589835, 41.8711678], [12.459046, 41.871193], [12.4591111, 41.8712216], [12.4591889, 41.8712578], [12.459272, 41.8712994], [12.4593558, 41.8713481], [12.4594355, 41.8714043], [12.4595755, 41.8715221]], [[12.4594098, 41.8716589], [12.4593456, 41.8715996], [12.4593123, 41.8715708], [12.4592755, 41.8715424], [12.4592393, 41.8715166], [12.4591997, 41.8714911], [12.4591582, 41.8714669], [12.4591204, 41.8714454], [12.459082, 41.8714263], [12.4590473, 41.87141], [12.4589765, 41.8713782], [12.4588845, 41.871341], [12.4587937, 41.8713056], [12.4586837, 41.871266], [12.4586275, 41.8712475], [12.4585665, 41.87123], [12.4584931, 41.8712121], [12.4584149, 41.871195], [12.4583766, 41.8711871], [12.458331, 41.8711782], [12.4582479, 41.8711632], [12.45765, 41.8710588], [12.4569404, 41.8709439]], [[12.4624947, 41.8728269], [12.4624519, 41.8728264], [12.4623876, 41.872828], [12.4623073, 41.872832], [12.4622452, 41.872838], [12.4621765, 41.872847], [12.4621087, 41.8728569], [12.4617662, 41.8729108], [12.4617124, 41.8729179], [12.4616626, 41.8729239], [12.4616029, 41.8729298], [12.4615445, 41.8729336], [12.4614901, 41.8729369], [12.461433, 41.8729393], [12.4613731, 41.8729403], [12.4613133, 41.8729409], [12.4612556, 41.8729378], [12.4611995, 41.8729325], [12.4611461, 41.8729269], [12.4610767, 41.8729175], [12.461013, 41.8729064], [12.4609528, 41.8728921], [12.460882, 41.8728707], [12.4608321, 41.8728536], [12.4607929, 41.872839], [12.4607488, 41.8728216], [12.4607164, 41.8728076], [12.4606785, 41.8727904], [12.4606447, 41.8727731], [12.4606064, 41.8727514], [12.4605697, 41.8727282], [12.4605436, 41.8727095], [12.4605027, 41.8726802], [12.4604575, 41.8726451], [12.4604099, 41.8726071], [12.4603164, 41.8725283], [12.4602641, 41.872481], [12.4598801, 41.8721117]], [[12.4597178, 41.8716472], [12.4597883, 41.8717194], [12.459839, 41.8717691], [12.4598956, 41.8718208], [12.4601195, 41.8720369], [12.460463, 41.872356], [12.4605095, 41.8723976], [12.4605917, 41.8724668], [12.4606341, 41.8725018], [12.4606658, 41.8725259], [12.4607, 41.872551], [12.4607496, 41.8725826], [12.4608018, 41.8726122], [12.46085, 41.8726374], [12.4608917, 41.8726572], [12.4609008, 41.8726615], [12.4609542, 41.8726834], [12.461013, 41.8727022], [12.4610717, 41.8727193], [12.4611358, 41.8727335], [12.4611967, 41.8727452], [12.4612291, 41.87275], [12.4612636, 41.8727538], [12.4613011, 41.8727574], [12.4613406, 41.87276], [12.4613801, 41.8727611], [12.461421, 41.8727612], [12.4614524, 41.8727612], [12.4614852, 41.8727602], [12.4615282, 41.8727575], [12.4615619, 41.8727548], [12.4616032, 41.8727503], [12.4617632, 41.872728], [12.4621317, 41.8726687], [12.462197, 41.872659], [12.462264, 41.8726509], [12.4623243, 41.8726457], [12.4623823, 41.872643], [12.4624348, 41.8726423], [12.4625072, 41.8726458]], [[12.4625072, 41.8726458], [12.4626501, 41.8726529], [12.4627738, 41.8726602], [12.4628627, 41.8726667], [12.4633614, 41.872709], [12.4637567, 41.8727456], [12.4638243, 41.8727527], [12.4639396, 41.8727668], [12.4640561, 41.8727819], [12.4641802, 41.8728012], [12.464268, 41.872817], [12.4643623, 41.8728371], [12.4644015, 41.8728465], [12.46445, 41.8728593], [12.4645043, 41.8728745], [12.4645539, 41.8728897], [12.4646537, 41.8729221], [12.464807, 41.8729792], [12.4649366, 41.873029], [12.4649981, 41.8730547], [12.4650556, 41.8730804], [12.4651526, 41.873128], [12.4652149, 41.8731642], [12.4656242, 41.8734074], [12.4656674, 41.8734335], [12.46571, 41.873459], [12.4657257, 41.8734682]], [[12.441218, 41.8774955], [12.4407779, 41.8775645], [12.4407153, 41.8775742], [12.4406174, 41.8775853]], [[12.4435859, 41.8767545], [12.4436803, 41.8766979], [12.4437505, 41.8766517], [12.443816, 41.876607], [12.4439321, 41.87652], [12.4445112, 41.8761008]], [[12.4428687, 41.8769948], [12.4427898, 41.8771104], [12.4427675, 41.877143], [12.4426814, 41.8772692]], [[12.4425088, 41.8772955], [12.4425866, 41.8771713], [12.4426069, 41.8771394], [12.4426784, 41.8770275]], [[12.4406174, 41.8775853], [12.4405064, 41.877597], [12.4403717, 41.877615], [12.4396881, 41.8777169], [12.4396307, 41.8777232], [12.4395653, 41.8777276]], [[12.4528069, 41.8700265], [12.4529843, 41.870058], [12.4530411, 41.8700681], [12.4531376, 41.8700856]], [[12.4387321, 41.8775584], [12.4388183, 41.8775207], [12.438955, 41.8774694], [12.4393419, 41.8773124]], [[12.4569404, 41.8709439], [12.4562522, 41.8708227], [12.4553011, 41.8706549], [12.4547046, 41.8705517], [12.4532239, 41.8702888], [12.4530844, 41.870264]], [[12.4478969, 41.8735557], [12.4486283, 41.873009], [12.4487145, 41.8729431], [12.448747, 41.8729187], [12.4488181, 41.8728611], [12.4490019, 41.8727208], [12.4490394, 41.872691], [12.4490809, 41.8726563], [12.4491077, 41.8726326], [12.4491371, 41.8726058], [12.449187, 41.8725566], [12.4492288, 41.8725094], [12.4492959, 41.8724321], [12.4493292, 41.8723908], [12.4493597, 41.8723524], [12.4494073, 41.8722906], [12.4494489, 41.8722324], [12.4495002, 41.872153], [12.4495201, 41.8721219], [12.4495541, 41.8720688], [12.449592, 41.8720067], [12.4496197, 41.871959], [12.4496474, 41.8719102], [12.449669, 41.8718684], [12.4496891, 41.8718261], [12.4497103, 41.8717779], [12.4497261, 41.8717396], [12.4498615, 41.8713698], [12.4498782, 41.8713243], [12.4499042, 41.8712732], [12.4499302, 41.8712275], [12.4499966, 41.8711165], [12.4500629, 41.8710084], [12.4501026, 41.8709521], [12.4501423, 41.8709028], [12.4502414, 41.8707927], [12.4503241, 41.8707085], [12.4504014, 41.8706353], [12.4504308, 41.8706108], [12.4504636, 41.8705848], [12.4505232, 41.8705422], [12.4505761, 41.8705053], [12.450627, 41.8704713], [12.4506969, 41.8704257], [12.4507669, 41.8703851], [12.450849, 41.8703407], [12.450929, 41.8702993], [12.4509889, 41.8702697], [12.4510435, 41.870245], [12.4511031, 41.8702194], [12.4511674, 41.8701934], [12.4512876, 41.8701506], [12.4513578, 41.8701278], [12.4514628, 41.8700949], [12.4515307, 41.8700774], [12.4515959, 41.8700608], [12.4516736, 41.8700443], [12.45175, 41.8700308], [12.4518352, 41.8700194], [12.4519096, 41.87001], [12.4521209, 41.8699932], [12.4522118, 41.8699894], [12.452294, 41.8699877], [12.4523774, 41.8699904], [12.452452, 41.8699941], [12.4525439, 41.8699983], [12.4526345, 41.8700061], [12.4527247, 41.8700153], [12.4528069, 41.8700265]], [[12.4511982, 41.8703922], [12.4511392, 41.8704164], [12.4510731, 41.8704485], [12.4509865, 41.8704917], [12.4509223, 41.8705256], [12.4508709, 41.8705543], [12.4507922, 41.870606], [12.4507134, 41.8706612], [12.4506519, 41.8707075], [12.4505858, 41.8707608], [12.4505422, 41.8708013], [12.4504966, 41.8708455], [12.4504496, 41.8708946], [12.4503975, 41.8709517], [12.4503555, 41.8710074], [12.4502895, 41.8711039], [12.4502767, 41.8711227], [12.4502359, 41.8711853], [12.4502039, 41.8712385], [12.4501768, 41.8712861], [12.4501565, 41.8713252], [12.4501405, 41.8713599], [12.4501298, 41.871382], [12.449999, 41.8717002], [12.4498877, 41.8719629], [12.4498168, 41.8721074], [12.4498015, 41.8721315], [12.4497807, 41.8721643], [12.44976, 41.872197], [12.4496641, 41.8723352], [12.4496142, 41.8724043], [12.4495686, 41.8724661], [12.4495118, 41.8725335], [12.4494527, 41.8725956], [12.4493763, 41.872672], [12.449293, 41.87275], [12.4491628, 41.8728692]], [[12.4658153, 41.8736707], [12.4657867, 41.8736505], [12.4655825, 41.8735055], [12.4654342, 41.8734075], [12.4653247, 41.8733393], [12.4652067, 41.8732746], [12.4651408, 41.873241], [12.4650723, 41.8732074], [12.4649664, 41.8731584], [12.4648714, 41.8731156], [12.4647565, 41.873067], [12.4647137, 41.8730495], [12.4646717, 41.8730332], [12.4646105, 41.8730129], [12.4645405, 41.8729903], [12.4644657, 41.8729684], [12.4643995, 41.8729505], [12.4643529, 41.8729397], [12.4642998, 41.8729275], [12.4642394, 41.8729138], [12.4641844, 41.872903], [12.4641133, 41.8728904], [12.4640218, 41.8728733], [12.4639229, 41.872856], [12.4638683, 41.8728475], [12.4638058, 41.8728406], [12.4637386, 41.8728331], [12.46366, 41.8728241], [12.4635844, 41.8728168], [12.4635038, 41.8728092], [12.4634076, 41.8728008], [12.4633134, 41.8727921], [12.4628153, 41.8727518], [12.4627618, 41.8727483], [12.4627051, 41.8727461], [12.4626435, 41.8727422], [12.4625838, 41.8727411], [12.4625363, 41.8727395], [12.4624657, 41.8727388], [12.4624007, 41.872742], [12.4623509, 41.8727453], [12.4622984, 41.8727496], [12.4622107, 41.8727594], [12.4617033, 41.8728309], [12.4615629, 41.8728477], [12.4614626, 41.8728553], [12.4613714, 41.8728581], [12.4612622, 41.8728563], [12.4611179, 41.8728409], [12.4610521, 41.8728268], [12.4609734, 41.8728089], [12.4608953, 41.8727819], [12.4608575, 41.8727679], [12.4608238, 41.8727529], [12.4607778, 41.8727304], [12.4607358, 41.872707], [12.4607078, 41.8726905], [12.4605962, 41.8726183], [12.4605501, 41.8725828], [12.460473, 41.8725239], [12.4597373, 41.8718271], [12.4596999, 41.8717926], [12.459637, 41.8717317], [12.4594901, 41.8715927], [12.4594001, 41.8715092], [12.4593575, 41.8714716], [12.4593122, 41.8714422], [12.459209, 41.8713804], [12.4591241, 41.8713403], [12.4590174, 41.871295], [12.4589516, 41.8712685], [12.4588976, 41.8712482], [12.4588305, 41.871224], [12.4587609, 41.8712004], [12.4586862, 41.8711758], [12.4586173, 41.8711552], [12.4585132, 41.8711302], [12.4584416, 41.8711135], [12.4582806, 41.8710833], [12.4581059, 41.8710521], [12.4577192, 41.8709868], [12.4556413, 41.8706229], [12.455606, 41.8706164], [12.4555807, 41.8706088], [12.4555632, 41.8705995], [12.4555507, 41.8705898], [12.45554, 41.8705774], [12.455529, 41.8705612], [12.4555235, 41.8705451], [12.4555209, 41.8705289], [12.4555219, 41.8705104], [12.4555228, 41.8705062]], [[12.4658153, 41.8736707], [12.4657858, 41.8736705], [12.4657583, 41.8736691], [12.4657377, 41.8736677], [12.4657175, 41.873665], [12.4656957, 41.8736611]], [[12.4659101, 41.8737469], [12.4658153, 41.8736707]], [[12.4489658, 41.8730231], [12.4489285, 41.8730509], [12.4484595, 41.8733958], [12.4480605, 41.873703], [12.4479516, 41.8737834], [12.4475493, 41.8740878], [12.4475065, 41.8741189], [12.4474405, 41.8741691]], [[12.4491628, 41.8728692], [12.4489862, 41.8730074]], [[12.4489862, 41.8730074], [12.4489658, 41.8730231]], [[12.4454061, 41.8757518], [12.4451851, 41.8759146], [12.4451382, 41.8759491], [12.44504, 41.8760215], [12.4450142, 41.8760405]], [[12.4457502, 41.8751727], [12.4460201, 41.8749744], [12.4460551, 41.8749485], [12.4461316, 41.8748882]], [[12.4445112, 41.8761008], [12.4447876, 41.8758952]], [[12.443186, 41.8771799], [12.4430728, 41.8772058], [12.4429563, 41.8772249], [12.4426814, 41.8772692]], [[12.4421781, 41.8771042], [12.4424529, 41.8770621], [12.4425253, 41.877051], [12.4426784, 41.8770275]], [[12.4400332, 41.8772656], [12.4403336, 41.8773078], [12.4404382, 41.877322], [12.4404805, 41.8773277], [12.4405489, 41.8773347], [12.4406092, 41.8773371], [12.4406511, 41.877336]]]}}, {"type": "Feature", "properties": {"id": "SS-ROM-0195", "nome": "Via Carini", "quartiere": "Monteverde Vecchio", "classificazione": "giallo", "score": 3, "note": "strada residenziale tranquilla", "ciclabile": "no", "n_corsie": "1", "senso_unico": "si", "n_testimonianze": "1", "municipio": "XII"}, "geometry": {"type": "LineString", "coordinates": [[12.6631313, 41.8813481], [12.6637468, 41.8813483]]}}, {"type": "Feature", "properties": {"id": "SS-ROM-0259", "nome": "Via Portuense (tratto Trullo)", "quartiere": "Trullo", "classificazione": "nero", "score": 5, "note": "trappola mortale separa Trullo da Portuense - segnalazione @metaiyo", "ciclabile": "no", "n_corsie": "4", "senso_unico": "no", "n_testimonianze": "1", "municipio": "XII"}, "geometry": {"type": "MultiLineString", "coordinates": [[[12.4643613, 41.8673762], [12.4642993, 41.867216], [12.4642325, 41.8670418], [12.4642109, 41.8669817], [12.4641894, 41.8669339], [12.4641802, 41.8669187], [12.4641631, 41.8668949], [12.4641442, 41.8668736], [12.4641213, 41.8668549], [12.4640982, 41.866841], [12.4640628, 41.8668256], [12.4640139, 41.8668139], [12.4639585, 41.8668087], [12.4639013, 41.8668065], [12.4638559, 41.8668071], [12.463811, 41.8668077], [12.4636264, 41.8668111], [12.4635699, 41.8668096], [12.4635451, 41.866808], [12.4635173, 41.8668057], [12.4634998, 41.8668011], [12.4634841, 41.8667969]], [[12.4457744, 41.8561347], [12.4456862, 41.8560702], [12.4455821, 41.8560059], [12.4454533, 41.8559317]], [[12.4423335, 41.8541981], [12.4422423, 41.8541515], [12.4421981, 41.8541268], [12.4421582, 41.8541041], [12.4420888, 41.8540624], [12.4420007, 41.8540034], [12.4415362, 41.8536773], [12.4414296, 41.8536045], [12.4413533, 41.8535566], [12.4412795, 41.8535195], [12.4412066, 41.8534857], [12.4411336, 41.8534564], [12.4410517, 41.8534266], [12.4409755, 41.8534034], [12.4408947, 41.8533831], [12.4408523, 41.8533741], [12.4408098, 41.8533657], [12.4407603, 41.8533585], [12.440717, 41.8533535], [12.4406363, 41.8533449], [12.4405297, 41.8533382], [12.4404868, 41.8533359], [12.440427, 41.8533348], [12.440358, 41.8533377], [12.4403043, 41.8533417], [12.4402446, 41.8533473], [12.4401602, 41.8533587], [12.4400097, 41.8533852]], [[12.4387232, 41.8536123], [12.4385592, 41.8536216], [12.4383769, 41.8536279], [12.4380164, 41.8536359]], [[12.4387462, 41.8535143], [12.4388916, 41.853487], [12.439001, 41.8534632], [12.4390444, 41.8534516], [12.4390822, 41.8534398], [12.439154, 41.853415], [12.4392552, 41.853382], [12.4394082, 41.8533261]], [[12.3839335, 41.8411371], [12.3842462, 41.8413083], [12.3844719, 41.8414422], [12.3847963, 41.8416743], [12.3851488, 41.8418956], [12.3857762, 41.8421597], [12.3861455, 41.8422998], [12.3862127, 41.8423219], [12.3864766, 41.8424089], [12.386648, 41.8424483], [12.3867917, 41.8424739], [12.3868248, 41.8424798], [12.3870136, 41.8425056], [12.3872574, 41.8425344], [12.3875316, 41.8425565], [12.3878098, 41.8425746], [12.3880064, 41.8425763], [12.3882029, 41.8425681], [12.3883191, 41.842558], [12.388472, 41.8425447], [12.3886847, 41.8425165], [12.3891383, 41.8424444], [12.3894808, 41.8423794], [12.3897657, 41.8423141], [12.3901392, 41.8422286], [12.3908331, 41.8420592], [12.3911515, 41.8419457], [12.3914875, 41.841826], [12.391728, 41.8417086], [12.3919971, 41.8416098], [12.3923369, 41.8415206], [12.3926337, 41.8414907], [12.3929387, 41.8414608], [12.3937045, 41.8414276], [12.3945391, 41.8414314], [12.3948177, 41.8414687], [12.3951321, 41.8416167], [12.3954001, 41.8417399], [12.3959705, 41.8419971], [12.3972991, 41.8425128], [12.3991428, 41.8432123], [12.3994549, 41.8433054], [12.3997507, 41.8433864], [12.3998967, 41.8434191], [12.4000175, 41.8434408], [12.4000972, 41.8434539], [12.4001891, 41.843467], [12.4002928, 41.8434693], [12.4003996, 41.8434632], [12.4004953, 41.8434506], [12.4005671, 41.8434387], [12.400649, 41.8434169], [12.4007241, 41.8433954], [12.4007911, 41.8433739], [12.4008535, 41.8433501], [12.4009077, 41.8433263], [12.4012655, 41.8431671], [12.4013739, 41.8431265], [12.4014782, 41.8430904], [12.4015823, 41.8430569], [12.4016762, 41.8430385], [12.401775, 41.8430191], [12.4018223, 41.8430147], [12.4018717, 41.8430133], [12.4020027, 41.8430099], [12.402147, 41.843011], [12.4024466, 41.8430246], [12.4028615, 41.8430407], [12.4030758, 41.8430539], [12.403245, 41.8430669], [12.4033683, 41.8430817], [12.4034834, 41.843098], [12.4037938, 41.8431492], [12.4038986, 41.8431702], [12.4040969, 41.8432153]], [[12.3054057, 41.7994561], [12.3049565, 41.799306], [12.3044958, 41.7991225], [12.304461, 41.7991068], [12.304412, 41.7990854], [12.3043665, 41.7990626], [12.3043203, 41.7990436], [12.3042674, 41.7990262], [12.304227, 41.7990285], [12.3041769, 41.7990318], [12.3041349, 41.7990411], [12.3040943, 41.7990554], [12.3040143, 41.7990795]], [[12.3447914, 41.8176697], [12.3448579, 41.8176875], [12.3451882, 41.8177662], [12.3454557, 41.8178323], [12.3457252, 41.8179014], [12.3459436, 41.8179608], [12.3460539, 41.8179919], [12.346178, 41.8180305], [12.346329, 41.8180775], [12.3464298, 41.818112], [12.3465286, 41.8181481], [12.3466423, 41.8181919], [12.3467541, 41.8182372], [12.3469697, 41.8183277], [12.3471477, 41.8184097], [12.3473013, 41.8184847], [12.3474519, 41.8185687], [12.3476457, 41.818683]], [[12.4678285, 41.8766211], [12.4678367, 41.8767215], [12.4678503, 41.8768972], [12.4678732, 41.8770627]], [[12.4674, 41.8766872], [12.4673902, 41.8766206], [12.4673781, 41.876542], [12.4673625, 41.8764373], [12.4673473, 41.8762375], [12.4673465, 41.8761635], [12.4673422, 41.875997], [12.4673342, 41.8758665], [12.467325, 41.8757764], [12.4673204, 41.8757465], [12.4673138, 41.8757218], [12.4673001, 41.8756836], [12.4672882, 41.8756585], [12.4672744, 41.8756355], [12.4672633, 41.8756176], [12.4672532, 41.8755991], [12.4672486, 41.8755857], [12.4672438, 41.8755295], [12.4672083, 41.8751064], [12.4672024, 41.8750522]], [[12.4675702, 41.8721326], [12.4675979, 41.8726064]], [[12.4652339, 41.8696353], [12.4651694, 41.8696641], [12.465152, 41.8696777], [12.4651448, 41.8696913], [12.4651373, 41.8697101], [12.4651349, 41.8697467], [12.4651378, 41.8697833], [12.4651419, 41.8698028], [12.465152, 41.8698372], [12.4652058, 41.870009], [12.4652666, 41.8701827], [12.4654454, 41.8706763], [12.465489, 41.8707949], [12.4655593, 41.8710303], [12.465579, 41.8710917], [12.4655991, 41.8711402], [12.4656205, 41.8711886], [12.4656439, 41.8712366], [12.4656717, 41.8712848], [12.4657039, 41.8713266], [12.4657404, 41.8713686], [12.465775, 41.8714064]], [[12.435273, 41.8520599], [12.435406, 41.8521007], [12.4355007, 41.8521247]], [[12.4625647, 41.8664086], [12.4624539, 41.8664058], [12.4620295, 41.866405], [12.461914, 41.8663996]], [[12.4423864, 41.8541258], [12.4425082, 41.8541856], [12.4426395, 41.8542468], [12.4427662, 41.8543078], [12.4429007, 41.8543769], [12.4431427, 41.85451], [12.443673, 41.8548072], [12.4440854, 41.8550463], [12.4444817, 41.85527], [12.44489, 41.8555116], [12.4452538, 41.8557194]], [[12.4347448, 41.8518741], [12.4347996, 41.8518632], [12.4348427, 41.8518567], [12.4348857, 41.8518544], [12.4349237, 41.8518545], [12.434971, 41.8518586], [12.4350219, 41.8518639], [12.4350873, 41.8518691], [12.4351226, 41.8518696], [12.4351325, 41.8518692], [12.4351556, 41.8518683], [12.4352303, 41.8518648]], [[12.3494736, 41.819965], [12.3495621, 41.8200286], [12.3497764, 41.8201826]], [[12.2361292, 41.77201], [12.2371063, 41.7721437], [12.2372426, 41.7721649], [12.2373334, 41.7721791], [12.2381874, 41.7723066], [12.2382653, 41.7723182], [12.2387664, 41.7723922], [12.2394795, 41.7724975], [12.2397402, 41.7725343], [12.2397784, 41.7725397], [12.2402329, 41.772604], [12.2402733, 41.7726097], [12.240348, 41.7726203], [12.2408617, 41.7726929], [12.2409396, 41.7727039], [12.2412626, 41.7727495], [12.2414176, 41.7727714], [12.241805, 41.7728262], [12.2423302, 41.7729062]], [[12.4076654, 41.8432055], [12.4080083, 41.8431656], [12.4082271, 41.843147], [12.4082727, 41.8431445], [12.4083183, 41.8431436], [12.4083587, 41.8431449], [12.408393, 41.8431477], [12.4084504, 41.8431531], [12.4084964, 41.8431575], [12.4085384, 41.8431626]], [[12.3403936, 41.8163896], [12.3406142, 41.8164947]], [[12.3406142, 41.8164947], [12.3408279, 41.816588], [12.3408593, 41.8166017], [12.3410178, 41.8166633], [12.3411104, 41.8166907], [12.3412708, 41.8167382]], [[12.3417805, 41.8168781], [12.3423786, 41.8170165], [12.3424747, 41.8170387]], [[12.3424747, 41.8170387], [12.3426186, 41.8170743], [12.3431753, 41.8172055], [12.3432591, 41.8172267]], [[12.4040969, 41.8432153], [12.4045252, 41.8433113]], [[12.2518839, 41.7742964], [12.2517784, 41.7742977], [12.2516681, 41.7743099], [12.2515879, 41.7743248]], [[12.3228117, 41.8079988], [12.3226625, 41.8078519], [12.3226422, 41.8078353], [12.3226193, 41.8078187], [12.3225898, 41.807801], [12.3225576, 41.8077834], [12.3216194, 41.8073171], [12.3213001, 41.8071584], [12.3211132, 41.8070655], [12.3171772, 41.8051719], [12.3169293, 41.8050483], [12.3147863, 41.8039814]], [[12.331458, 41.8119201], [12.3314664, 41.8119893], [12.3314766, 41.8120224], [12.3314895, 41.8120555], [12.3315063, 41.8120792], [12.3315231, 41.8121029], [12.3315472, 41.812125], [12.3315982, 41.8121582], [12.3317013, 41.8122136]], [[12.3317013, 41.8122136], [12.3311967, 41.8120153]], [[12.3234589, 41.8081735], [12.3235536, 41.8082403], [12.3236196, 41.808281], [12.3236845, 41.8083171], [12.3242731, 41.8085963], [12.3253659, 41.8091411], [12.3256359, 41.8092712], [12.3288531, 41.8108132], [12.3293246, 41.8110392], [12.3294921, 41.8111188], [12.3305905, 41.8116409]], [[12.3317013, 41.8122136], [12.3328052, 41.8127288], [12.3337213, 41.8131874], [12.3350587, 41.813857], [12.3353488, 41.8139964], [12.3373805, 41.8149724], [12.3376341, 41.8150944], [12.338569, 41.8155442]], [[12.3054057, 41.7994561], [12.3067343, 41.8000858], [12.3068098, 41.8001202], [12.3077027, 41.8005425]], [[12.3120402, 41.8026233], [12.3121495, 41.8027073], [12.3122041, 41.8027408], [12.3124265, 41.8028664]], [[12.4194793, 41.8481409], [12.4195998, 41.8482241], [12.4199239, 41.8484434], [12.4199621, 41.8484694], [12.4202466, 41.8486708], [12.4206944, 41.8489911], [12.4207652, 41.8490415], [12.4208515, 41.8491014], [12.4209157, 41.8491451], [12.420996, 41.8492078], [12.4210576, 41.8492578], [12.4211064, 41.8493047], [12.4212044, 41.8493943], [12.4215971, 41.8497859], [12.4216423, 41.8498299], [12.4217042, 41.8498839], [12.421756, 41.8499257], [12.4218362, 41.8499857], [12.4219522, 41.8500694], [12.4220095, 41.8501078], [12.4220715, 41.8501464], [12.4221668, 41.850202], [12.4223242, 41.8502891], [12.4225904, 41.8504298], [12.4226972, 41.8504823], [12.4227823, 41.8505218], [12.4228649, 41.8505563], [12.4229477, 41.8505883], [12.42304, 41.8506203], [12.4231517, 41.8506549], [12.4232656, 41.8506879], [12.4234554, 41.8507367]], [[12.4085384, 41.8431626], [12.4086298, 41.8431777], [12.4087319, 41.8431932], [12.4088468, 41.8432154], [12.4089405, 41.8432394], [12.4090437, 41.8432713], [12.4091515, 41.8433087], [12.4092624, 41.8433572], [12.4093608, 41.8434084]], [[12.4267339, 41.8511125], [12.4267468, 41.851022], [12.4267836, 41.850927], [12.426815, 41.850825], [12.4268407, 41.850752], [12.4268585, 41.8506841], [12.426883, 41.8505806], [12.4269237, 41.8503872], [12.4269835, 41.8500248]], [[12.3036333, 41.7989515], [12.3036081, 41.7988864], [12.3035841, 41.7988334], [12.3035426, 41.7987783], [12.3034997, 41.7987264], [12.303395, 41.7986398], [12.3033492, 41.7986073], [12.3032671, 41.7985542], [12.3031697, 41.7984963], [12.303113, 41.7984648], [12.3014686, 41.7976453]], [[12.3114272, 41.8023607], [12.3116489, 41.8024704], [12.3118627, 41.8025763]], [[12.3124265, 41.8028664], [12.3129177, 41.8030767], [12.3135879, 41.8034107], [12.313815, 41.8035239], [12.3138871, 41.8035565], [12.3139565, 41.8035851], [12.3140067, 41.8036059], [12.3140932, 41.8036365], [12.3143123, 41.8037046]], [[12.3124265, 41.8028664], [12.3121793, 41.8028026], [12.3121386, 41.8027987], [12.3121155, 41.8027971], [12.312089, 41.802797], [12.311975, 41.8027845]], [[12.311762, 41.8026604], [12.3116897, 41.8025714], [12.3116602, 41.8025341], [12.3116197, 41.8025052], [12.3115715, 41.8024767], [12.3115334, 41.802447], [12.3114272, 41.8023607]], [[12.2919405, 41.792947], [12.292087, 41.7930646], [12.292219, 41.7931428]], [[12.2920351, 41.7932332], [12.2920373, 41.7931184], [12.2920104, 41.7930463], [12.2919405, 41.792947]], [[12.2495157, 41.7744071], [12.249006, 41.7763003], [12.2489706, 41.7764451]], [[12.3485481, 41.8193158], [12.3488072, 41.8194925]], [[12.4093608, 41.8434084], [12.4100641, 41.8437966], [12.4103668, 41.8439758], [12.410817, 41.8442309], [12.4108733, 41.8442624], [12.4110597, 41.8443669], [12.4112046, 41.8444483], [12.4113035, 41.8445026], [12.4114191, 41.8445687], [12.4118986, 41.844841], [12.4121354, 41.8449836], [12.412329, 41.8451347], [12.4125445, 41.84532], [12.4129022, 41.8456484]], [[12.3837984, 41.8389651], [12.3837147, 41.8389414], [12.3836629, 41.8389297], [12.383181, 41.8388039], [12.3828713, 41.838723], [12.3826038, 41.8387051], [12.3821966, 41.8385694], [12.382005, 41.8385215], [12.3812801, 41.8383429], [12.3809842, 41.8382353], [12.3807735, 41.8380448], [12.3806646, 41.8377767], [12.3806432, 41.8375509], [12.3806669, 41.8373004], [12.3807735, 41.8371751], [12.3813559, 41.8373339], [12.382123, 41.8375526], [12.3827812, 41.8376655], [12.3830392, 41.8377484], [12.3831813, 41.837879], [12.3831946, 41.8379786]], [[12.3829876, 41.8406349], [12.3837984, 41.8389651], [12.3841239, 41.8380844]], [[12.4665722, 41.8706243], [12.4665252, 41.8706008], [12.4664569, 41.8705649]], [[12.4573652, 41.8644707], [12.4573768, 41.864485], [12.4573883, 41.8645043], [12.4573938, 41.864519], [12.4573946, 41.8645418], [12.4573965, 41.8645643], [12.4573722, 41.8646082], [12.457361, 41.864632], [12.4573404, 41.8646541], [12.4573134, 41.8646609], [12.4572922, 41.8646615], [12.4572, 41.8646495], [12.4571234, 41.8646425], [12.4570807, 41.8646354], [12.457037, 41.8646217], [12.4569994, 41.8646063], [12.4569624, 41.8645892], [12.4569286, 41.8645692], [12.4569149, 41.864558], [12.4569027, 41.8645406], [12.4568983, 41.8645227], [12.4568984, 41.8645127], [12.4569277, 41.8644599], [12.4569562, 41.8644167]], [[12.4577484, 41.8646157], [12.4580314, 41.8647325], [12.4582905, 41.8648554], [12.4583303, 41.8648716], [12.4584546, 41.8649339], [12.458544, 41.8649672], [12.4586644, 41.8650185], [12.4588004, 41.8650842], [12.4593296, 41.8653314]], [[12.4471227, 41.8572586], [12.4473374, 41.8575332], [12.4474473, 41.8576559], [12.4474887, 41.8577021], [12.4475482, 41.8577671], [12.4475861, 41.8578045], [12.4476881, 41.8579012], [12.4477394, 41.8579411], [12.447777, 41.857966], [12.44781, 41.8579853], [12.4478955, 41.8580315], [12.4479611, 41.8580607], [12.4480337, 41.858091], [12.4481043, 41.8581153], [12.4482201, 41.8581439], [12.4483154, 41.858162], [12.4484302, 41.8581821], [12.4484857, 41.8581921], [12.4485696, 41.8582075], [12.4486781, 41.8582294], [12.4488122, 41.8582598], [12.4488762, 41.8582766], [12.4489309, 41.8582925], [12.448985, 41.8583113], [12.449034, 41.8583294], [12.4490995, 41.8583547], [12.4491751, 41.8583866]], [[12.460383, 41.8659121], [12.460154, 41.8658286], [12.4599297, 41.8657393], [12.4598204, 41.865693], [12.4597172, 41.8656467], [12.4595155, 41.8655506], [12.4594362, 41.8655111], [12.4593144, 41.8654519], [12.4591795, 41.8653867], [12.459057, 41.865333], [12.4587928, 41.8652164], [12.4586391, 41.8651496], [12.4582446, 41.8649718]], [[12.4507764, 41.8595732], [12.4504709, 41.8593794], [12.4503095, 41.8592507]], [[12.4569562, 41.8644167], [12.4562283, 41.8641817], [12.4561069, 41.8641548]], [[12.3497764, 41.8201826], [12.3500447, 41.8204393]], [[12.3476457, 41.818683], [12.3480158, 41.8189433], [12.3482196, 41.8190837], [12.3482524, 41.8191063]], [[12.3488072, 41.8194925], [12.3493876, 41.8199048], [12.3494736, 41.819965]], [[12.3500447, 41.8204393], [12.3501252, 41.8205253], [12.35045, 41.8208724], [12.3509485, 41.8214932], [12.3511848, 41.821762], [12.3514604, 41.8220293]], [[12.4045252, 41.8433113], [12.4046416, 41.8433297], [12.4047129, 41.8433397], [12.4047721, 41.8433466], [12.4048557, 41.843352], [12.4049332, 41.8433559], [12.4051003, 41.8433591], [12.4052736, 41.8433585], [12.4054367, 41.8433549], [12.4061845, 41.8433185], [12.4067289, 41.8432845], [12.407174, 41.8432591], [12.4076654, 41.8432055]], [[12.3432591, 41.8172267], [12.3435326, 41.8173007], [12.3436429, 41.8173295], [12.3437883, 41.8173674], [12.3438059, 41.817372], [12.3441674, 41.8174635], [12.344281, 41.8174957], [12.3443531, 41.8175168], [12.3446293, 41.8176123], [12.344732, 41.8176499], [12.3447914, 41.8176697]], [[12.4675979, 41.8726064], [12.4675965, 41.8726331], [12.4675908, 41.8726684], [12.4675778, 41.8727016], [12.4675445, 41.8727557], [12.467495, 41.8728214]], [[12.4672582, 41.8727502], [12.4673032, 41.8726988], [12.4673227, 41.8726673], [12.4673453, 41.8726306], [12.4673625, 41.8725906]], [[12.4366505, 41.8535223], [12.4365909, 41.8534905], [12.4365572, 41.8534692], [12.436535, 41.853454], [12.4365197, 41.8534439], [12.4364974, 41.8534294], [12.4364466, 41.8533896], [12.4363897, 41.8533404], [12.4363629, 41.853315], [12.4363283, 41.8532804], [12.4362979, 41.8532451], [12.4362721, 41.8532098], [12.4361421, 41.8530008], [12.4359844, 41.8527318], [12.4359252, 41.8526445], [12.4358998, 41.8526108], [12.4358529, 41.852552], [12.4357826, 41.8524761], [12.4357294, 41.8524228], [12.4356691, 41.8523693], [12.435611, 41.8523228], [12.4355606, 41.852285], [12.4355029, 41.8522437], [12.4354521, 41.8522124], [12.435369, 41.8521621], [12.435342, 41.8521442], [12.4353215, 41.8521244], [12.4352996, 41.8520985], [12.435273, 41.8520599]], [[12.4410516, 41.853284], [12.4411266, 41.8533167], [12.4411921, 41.8533502], [12.4412961, 41.8534086], [12.4414018, 41.8534732], [12.4415599, 41.8535873], [12.4417434, 41.8537204], [12.4420966, 41.8539653], [12.442242, 41.8540529], [12.4423864, 41.8541258]], [[12.4144595, 41.8472614], [12.414624, 41.8473332], [12.4147297, 41.8473762], [12.4148291, 41.8474113], [12.4148968, 41.8474317], [12.4149699, 41.84745], [12.4152224, 41.847505]], [[12.4134405, 41.8462322], [12.4132343, 41.8459793]], [[12.4134405, 41.8462322], [12.4135609, 41.8463839]], [[12.4139662, 41.8468696], [12.4140236, 41.8469274], [12.4141683, 41.8470562], [12.414265, 41.8471334], [12.4143704, 41.8472082]], [[12.4527595, 41.8620079], [12.4528444, 41.8620778], [12.4530133, 41.8622256]], [[12.4527595, 41.8620079], [12.4527079, 41.8619635], [12.4526549, 41.8619169], [12.4525856, 41.8618537], [12.4525323, 41.8617941], [12.4524509, 41.8616948]], [[12.4557582, 41.864004], [12.4555006, 41.8638713], [12.4553107, 41.8637826], [12.4550905, 41.8636748], [12.4546788, 41.8634619], [12.4544878, 41.8633594], [12.454418, 41.8633212], [12.4542555, 41.8632179], [12.4541278, 41.8631199]], [[12.4234554, 41.8507367], [12.4236083, 41.850776], [12.4239663, 41.850879], [12.424195, 41.8509418], [12.4243093, 41.8509708], [12.4243622, 41.8509829], [12.4244101, 41.850992], [12.424459, 41.8509992], [12.4245111, 41.8510047], [12.4246704, 41.8510193], [12.4248298, 41.851033], [12.425077, 41.8510523], [12.4253194, 41.8510685], [12.4255171, 41.8510782], [12.426013, 41.8510978], [12.4260817, 41.8511003], [12.426331, 41.8511082], [12.4264458, 41.851111], [12.4265574, 41.8511125], [12.4266473, 41.8511131], [12.4267339, 41.8511125], [12.4268487, 41.8511106], [12.426913, 41.851109], [12.4269863, 41.8511067], [12.4270719, 41.8511018], [12.4271664, 41.8510962], [12.4274198, 41.8510795], [12.4275513, 41.8510729], [12.4276778, 41.8510681], [12.4278141, 41.8510648], [12.4279731, 41.851063], [12.428353, 41.8510619], [12.4285097, 41.8510626], [12.4286687, 41.8510649], [12.4287915, 41.8510697], [12.4288958, 41.851076], [12.4290197, 41.8510871], [12.4291485, 41.8511006], [12.4292233, 41.85111], [12.4293059, 41.851123], [12.4294301, 41.8511449], [12.4295848, 41.8511746], [12.4297462, 41.8512103], [12.4298406, 41.8512364], [12.4301241, 41.851319], [12.4303462, 41.851378], [12.4304528, 41.8514021], [12.4305665, 41.8514275], [12.4306441, 41.8514411], [12.4307233, 41.8514548], [12.4307979, 41.8514677], [12.4308564, 41.8514749], [12.4313655, 41.851536], [12.4314792, 41.8515482], [12.431935, 41.8516047], [12.4323865, 41.8516585], [12.4327054, 41.8516935], [12.432801, 41.8517015], [12.4330956, 41.8517215], [12.4331852, 41.8517267], [12.4335941, 41.8517569], [12.4338787, 41.8517748], [12.4341415, 41.8517929], [12.4344003, 41.8518122], [12.4344795, 41.8518203], [12.4345293, 41.8518288], [12.4345952, 41.8518404], [12.4346587, 41.8518541], [12.4347448, 41.8518741]], [[12.4152224, 41.847505], [12.4153779, 41.8475262], [12.4154483, 41.8475378], [12.4155208, 41.8475478], [12.4155982, 41.8475578], [12.4156803, 41.8475691], [12.4158137, 41.8475849], [12.415994, 41.8475951], [12.4161725, 41.8475914], [12.4173097, 41.8476143], [12.4173759, 41.8476162], [12.4174357, 41.8476196], [12.4175101, 41.8476247], [12.4176053, 41.8476337], [12.417701, 41.8476434], [12.4180763, 41.84768], [12.4182945, 41.8477053], [12.4184027, 41.8477195], [12.4185099, 41.8477357], [12.4185613, 41.8477447], [12.4186116, 41.8477556], [12.4186768, 41.8477702], [12.4187452, 41.8477878], [12.4188158, 41.8478068], [12.4188629, 41.8478221], [12.4189029, 41.8478374], [12.4190135, 41.8478812], [12.4190911, 41.8479137], [12.4191644, 41.8479474], [12.4192347, 41.8479849], [12.4193165, 41.8480337], [12.4193633, 41.8480637], [12.4194165, 41.8480986], [12.4194793, 41.8481409]], [[12.4143704, 41.8472082], [12.4144595, 41.8472614]], [[12.4380164, 41.8536359], [12.4374503, 41.8536529], [12.4373035, 41.8536526], [12.4372341, 41.8536495], [12.4371523, 41.8536438], [12.4371027, 41.8536394], [12.4370341, 41.853631], [12.4369717, 41.8536217], [12.4369133, 41.8536103], [12.4368503, 41.8535949], [12.4367856, 41.8535769], [12.4367271, 41.8535573], [12.4366505, 41.8535223]], [[12.4355007, 41.8521247], [12.4356008, 41.8521884], [12.435671, 41.8522376], [12.4357648, 41.8523065], [12.4358164, 41.8523514], [12.4358592, 41.8523947], [12.4359126, 41.8524527], [12.4359633, 41.8525146], [12.4360199, 41.8525922], [12.4360835, 41.8526834], [12.4361597, 41.8528035], [12.4362358, 41.8529363], [12.4362854, 41.8530235], [12.4363184, 41.8530751], [12.4363544, 41.8531296], [12.4364107, 41.853204], [12.4364438, 41.8532411], [12.436483, 41.8532797], [12.4365201, 41.8533134], [12.4365531, 41.8533381], [12.4366238, 41.8533871], [12.4366927, 41.8534275], [12.4367561, 41.8534602], [12.4368209, 41.853487], [12.4368931, 41.8535105], [12.4369657, 41.8535295], [12.4370331, 41.8535449], [12.437103, 41.8535567], [12.4371799, 41.8535671], [12.4372542, 41.8535716], [12.4373249, 41.8535748]], [[12.4491166, 41.858491], [12.4490319, 41.8584556], [12.4489547, 41.8584309], [12.4488894, 41.8584122], [12.4488221, 41.8583962], [12.4486829, 41.858368], [12.448586, 41.8583525], [12.4484366, 41.8583306], [12.4483991, 41.8583253], [12.4483364, 41.8583142], [12.4482722, 41.8583013], [12.4481694, 41.8582769], [12.4480988, 41.8582553], [12.4480404, 41.8582337], [12.4479358, 41.8581906], [12.4478616, 41.8581582], [12.4477955, 41.8581242], [12.4477284, 41.8580884], [12.4476715, 41.8580525], [12.4476073, 41.858007], [12.4475506, 41.8579617], [12.4474901, 41.8579084], [12.4473172, 41.8577299], [12.4473107, 41.857723], [12.4471733, 41.8575799], [12.4470292, 41.8574131], [12.4469361, 41.857295]], [[12.4503814, 41.8591898], [12.4505559, 41.8593067], [12.4508719, 41.8595124]], [[12.3311967, 41.8120153], [12.3311191, 41.8119964], [12.3310535, 41.8119602], [12.3310067, 41.8119103], [12.3309835, 41.811852], [12.3309864, 41.8117912], [12.3310149, 41.8117341], [12.3310693, 41.8116848], [12.3311426, 41.8116517], [12.3312265, 41.8116387], [12.3313114, 41.8116471]], [[12.4524509, 41.8616948], [12.4523191, 41.8614954], [12.451899, 41.8608628], [12.4515753, 41.8603762]], [[12.3602816, 41.8286775], [12.3603771, 41.8286741], [12.3609544, 41.8286533], [12.3615091, 41.8286418], [12.3617783, 41.8286376], [12.3619066, 41.8286332], [12.3620482, 41.8286226], [12.3622185, 41.8286035], [12.362418, 41.8285707], [12.3625127, 41.8285552], [12.3625627, 41.8285454], [12.3626087, 41.8285356], [12.3626521, 41.8285262], [12.3626914, 41.8285168], [12.3631451, 41.8283936], [12.3635581, 41.8282859], [12.3638353, 41.828226], [12.3638955, 41.828214], [12.3639499, 41.8282049], [12.3640096, 41.8281958], [12.3640594, 41.8281911], [12.3641145, 41.8281864], [12.3641761, 41.8281833], [12.3642329, 41.8281817], [12.3643067, 41.8281857], [12.3643912, 41.8281957], [12.3644717, 41.828208], [12.3645629, 41.8282262], [12.3646821, 41.8282575], [12.3647598, 41.8282811], [12.3648383, 41.8283065], [12.3649195, 41.8283359], [12.3649847, 41.8283656], [12.3650473, 41.8283933], [12.3651072, 41.8284269], [12.3651644, 41.8284586], [12.3653502, 41.828588], [12.3655987, 41.8287636], [12.3658825, 41.8289443], [12.3660142, 41.8290382], [12.3661379, 41.8291322], [12.366254, 41.8292401], [12.366362, 41.8293481], [12.3666117, 41.8296294], [12.3667326, 41.8297675], [12.3669002, 41.829959], [12.3674108, 41.8305479], [12.3679573, 41.8310979], [12.3681851, 41.8313171], [12.3683678, 41.8314952], [12.368741, 41.8318582], [12.3691953, 41.8322604], [12.3692584, 41.8323108], [12.3693235, 41.8323551], [12.3693994, 41.8324035], [12.3694779, 41.8324478], [12.3695564, 41.8324842], [12.3696804, 41.8325317], [12.3698017, 41.8325751], [12.3699236, 41.8326139], [12.3701168, 41.8326703], [12.3701757, 41.8326879], [12.3706757, 41.8328375], [12.3708218, 41.8328892], [12.3709137, 41.8329257], [12.3710246, 41.8329697], [12.3711356, 41.8330178], [12.371338, 41.8331252], [12.3715748, 41.8332798], [12.371874, 41.8334729], [12.3723371, 41.8337654], [12.3727972, 41.8340796], [12.3732283, 41.8343933], [12.3735918, 41.8346454], [12.3736484, 41.8346811], [12.3737163, 41.8347178], [12.3737868, 41.8347486], [12.3738599, 41.8347753], [12.3739492, 41.8348021], [12.3740448, 41.834825], [12.3741511, 41.8348439], [12.3743118, 41.8348628], [12.3744195, 41.8348755], [12.3745246, 41.8348901], [12.3746535, 41.8349123], [12.3747112, 41.8349245], [12.3747662, 41.8349366], [12.3748787, 41.8349685], [12.3750654, 41.8350287], [12.3751517, 41.8350577], [12.3753146, 41.83512], [12.3755092, 41.8352014], [12.3756663, 41.8352827], [12.3758449, 41.83537], [12.3761771, 41.8355506], [12.3764294, 41.8356729], [12.3765432, 41.8357219], [12.3766596, 41.835769], [12.376748, 41.8358006], [12.3768418, 41.8358302], [12.3769352, 41.8358591], [12.3770341, 41.8358861], [12.3771602, 41.8359234], [12.3772634, 41.8359569], [12.3773558, 41.8359903], [12.3774705, 41.8360347], [12.377548, 41.8360683], [12.3776175, 41.836102], [12.3776914, 41.8361424], [12.3777673, 41.8361913], [12.3778377, 41.8362422], [12.3779567, 41.8363401], [12.3780881, 41.8364657], [12.3782331, 41.8366284], [12.3783467, 41.8367544], [12.3785309, 41.8369587], [12.3786359, 41.8370785], [12.3786962, 41.8371508], [12.3787512, 41.8372232], [12.3788043, 41.8372946], [12.378852, 41.837366], [12.378901, 41.8374374], [12.3789527, 41.8375108], [12.3790115, 41.8375993], [12.3790917, 41.8377175], [12.3792473, 41.8379763], [12.3794716, 41.8383579], [12.379687, 41.8387526], [12.3798994, 41.8391665], [12.3800644, 41.8394472], [12.3801375, 41.8395423], [12.3802137, 41.8396159], [12.380305, 41.8397036], [12.3803691, 41.8397564], [12.3803965, 41.8397765], [12.3804082, 41.8397824], [12.3804262, 41.8397927], [12.3804448, 41.8398015], [12.3804675, 41.8398114], [12.3804856, 41.8398187], [12.3805057, 41.839826], [12.3805271, 41.8398333], [12.3805493, 41.8398406], [12.3805694, 41.8398473], [12.3805909, 41.839854], [12.3806147, 41.8398614], [12.3808439, 41.8399287], [12.3813165, 41.840074], [12.3818092, 41.8402276], [12.382337, 41.8403941], [12.3825068, 41.840447], [12.3826633, 41.8404998], [12.3828095, 41.8405557], [12.3829876, 41.8406349]], [[12.2423302, 41.7729062], [12.2425492, 41.7729394], [12.2429004, 41.7729926], [12.2436547, 41.7731069], [12.2449987, 41.7732988], [12.2470378, 41.77359], [12.2471869, 41.7736113], [12.2492336, 41.7739076]], [[12.3391397, 41.8158085], [12.3395706, 41.8160206]], [[12.3395706, 41.8160206], [12.3401738, 41.8162943]], [[12.4347448, 41.8518741], [12.4348524, 41.8519054], [12.434966, 41.8519423], [12.4350842, 41.8519868], [12.435273, 41.8520599]], [[12.4495913, 41.8586276], [12.449806, 41.8587721], [12.4498587, 41.8588117], [12.4499195, 41.8588588], [12.450037, 41.8589591], [12.4501503, 41.8590381], [12.4502396, 41.8590962], [12.4502879, 41.8591286], [12.4503814, 41.8591898]], [[12.4373249, 41.8535748], [12.4374107, 41.8535738], [12.4375207, 41.8535715], [12.4375736, 41.8535698], [12.4379517, 41.8535588], [12.4381633, 41.8535517], [12.4383787, 41.8535463], [12.4384997, 41.8535407], [12.4386132, 41.8535319], [12.438682, 41.8535243], [12.4387462, 41.8535143]], [[12.4394082, 41.8533261], [12.4396161, 41.8532609], [12.4397793, 41.8532099], [12.4399143, 41.8531768], [12.44003, 41.8531562], [12.4401394, 41.8531418], [12.4402439, 41.8531355], [12.4403426, 41.8531362], [12.4404536, 41.8531418], [12.4405419, 41.8531517], [12.440623, 41.8531654], [12.4407157, 41.8531821], [12.440818, 41.8532046], [12.4409143, 41.8532325], [12.440983, 41.8532565], [12.4410516, 41.853284]], [[12.3412708, 41.8167382], [12.3414259, 41.8167828], [12.3414844, 41.8168001], [12.3417805, 41.8168781]], [[12.4673625, 41.8725906], [12.4673319, 41.8721149]], [[12.3014686, 41.7976453], [12.3010646, 41.7974427], [12.2999021, 41.7968704], [12.2992767, 41.7965674], [12.2979466, 41.7959229], [12.2970916, 41.7955086], [12.2965436, 41.7952431], [12.2956099, 41.7947963], [12.2955021, 41.7947462], [12.2947364, 41.7943749], [12.2939735, 41.793991], [12.2931844, 41.7936132], [12.293054, 41.793551], [12.2929168, 41.7934932], [12.2927788, 41.793454], [12.2926942, 41.7934416], [12.2925748, 41.7934242], [12.2924029, 41.7934375]], [[12.3078719, 41.8006236], [12.3079386, 41.8006559], [12.3081054, 41.8007366]], [[12.3040119, 41.7987912], [12.3050422, 41.7992823], [12.3054057, 41.7994561]], [[12.4608097, 41.8659908], [12.4609429, 41.8660558], [12.4610961, 41.8661207], [12.4613963, 41.866238], [12.4614491, 41.8662574], [12.4615041, 41.8662722], [12.4615606, 41.8662848], [12.4616164, 41.8662964], [12.461666, 41.8663058], [12.4617315, 41.8663161], [12.4618114, 41.8663231], [12.4618733, 41.8663241], [12.4619249, 41.8663254], [12.4619727, 41.8663267], [12.4620669, 41.8663282], [12.4621611, 41.8663297], [12.4622604, 41.8663296], [12.4623955, 41.8663292], [12.4624853, 41.8663307], [12.4625721, 41.8663334], [12.4627221, 41.8663416], [12.4628625, 41.8663558], [12.4629408, 41.8663659], [12.463004, 41.8663747], [12.4630533, 41.8663824], [12.4631091, 41.8663929], [12.4631558, 41.8664034], [12.4631993, 41.866416], [12.4632352, 41.8664274], [12.4633104, 41.866454], [12.4634264, 41.866494], [12.4635768, 41.8665406], [12.463736, 41.8665946], [12.4638333, 41.8666297], [12.4639314, 41.8666659], [12.4640313, 41.8667082], [12.4641007, 41.8667399], [12.4641505, 41.8667692], [12.46419, 41.8667939]], [[12.2509586, 41.7741625], [12.2512411, 41.774182], [12.251342, 41.7741759]], [[12.4652339, 41.8696353], [12.465195, 41.8695647], [12.465181, 41.8695357], [12.4651672, 41.8695054], [12.4651561, 41.869476], [12.4651435, 41.8694336], [12.4651327, 41.8693896], [12.4651243, 41.8693465], [12.4651229, 41.8693022], [12.4651211, 41.8692501], [12.4651184, 41.8691811], [12.4651148, 41.8691069], [12.4651065, 41.8690554], [12.4650974, 41.8690019], [12.4650867, 41.8689615], [12.465074, 41.86892], [12.4650619, 41.8688875], [12.465043, 41.8688443], [12.4650197, 41.8687984], [12.4649943, 41.8687542], [12.4648859, 41.8685707], [12.4647623, 41.8683627], [12.4647003, 41.868247], [12.4646552, 41.8681591], [12.4646341, 41.8681154], [12.464609, 41.8680613], [12.4645888, 41.8680166], [12.46457, 41.8679728], [12.4645527, 41.8679298], [12.4645368, 41.8678878], [12.4645232, 41.8678501], [12.4644575, 41.867661]], [[12.4132343, 41.8459793], [12.4131951, 41.8459372]], [[12.4129022, 41.8456484], [12.4131951, 41.8459372]], [[12.4135609, 41.8463839], [12.4136068, 41.8464427], [12.4137612, 41.8466292], [12.4138702, 41.8467598], [12.4139662, 41.8468696]], [[12.338569, 41.8155442], [12.3391397, 41.8158085]], [[12.3401738, 41.8162943], [12.3403936, 41.8163896]], [[12.355344, 41.8260984], [12.3554606, 41.8264137], [12.3555006, 41.8265257], [12.3555838, 41.8267582], [12.355628, 41.8268668], [12.3556842, 41.8269586], [12.3557013, 41.8269846], [12.3557315, 41.8270271], [12.3557549, 41.8270556], [12.3557811, 41.8270852], [12.3558373, 41.8271453], [12.3558641, 41.8271716], [12.3558886, 41.8271923], [12.3559171, 41.8272149], [12.355951, 41.8272396], [12.3559849, 41.8272603], [12.3560374, 41.8272871], [12.3560717, 41.8273026], [12.3561087, 41.827318], [12.3561548, 41.8273358], [12.3564126, 41.8274296], [12.3566888, 41.8275263], [12.3568534, 41.8275861], [12.3569512, 41.8276267], [12.357, 41.82765], [12.3570543, 41.8276773], [12.3571027, 41.8277052], [12.3571564, 41.8277371], [12.3573237, 41.8278456], [12.3573806, 41.8278848], [12.3574652, 41.8279477], [12.3575525, 41.8280146], [12.3576904, 41.8281146], [12.3577903, 41.8281808], [12.3578902, 41.8282391], [12.3583576, 41.8284866], [12.3584487, 41.82853], [12.3585505, 41.8285734], [12.3586481, 41.8286101], [12.358705, 41.8286265], [12.3587725, 41.8286449], [12.3588394, 41.8286586], [12.3589276, 41.8286742], [12.3590383, 41.8286876], [12.3591516, 41.828699], [12.3592488, 41.8287013], [12.3596639, 41.8287029], [12.3602816, 41.8286775]], [[12.4644575, 41.867661], [12.4643613, 41.8673762]], [[12.4593296, 41.8653314], [12.4596037, 41.8654513], [12.4598318, 41.865568], [12.4600907, 41.8656839], [12.4606082, 41.865889], [12.4608097, 41.8659908]], [[12.4630106, 41.866495], [12.4629472, 41.866466], [12.4628742, 41.8664412], [12.4628113, 41.8664293], [12.4627369, 41.866418], [12.4626624, 41.8664118], [12.4625647, 41.8664086]], [[12.4573965, 41.8645643], [12.4570745, 41.8644553], [12.4569985, 41.8644313], [12.4569562, 41.8644167]], [[12.4469361, 41.857295], [12.446905, 41.8572556], [12.4468675, 41.8572087], [12.4467045, 41.8569911], [12.4466648, 41.8569345], [12.4465308, 41.8567715], [12.4464525, 41.8566886], [12.4464065, 41.8566443], [12.4463604, 41.8566057], [12.4462602, 41.8565304], [12.4461754, 41.8564689], [12.4460131, 41.8563299], [12.4458937, 41.8562286]], [[12.46419, 41.8667939], [12.4642115, 41.8668244], [12.4642325, 41.8668581], [12.4642598, 41.8669094], [12.4642773, 41.86695], [12.4642981, 41.866998], [12.4643106, 41.8670295], [12.4643297, 41.8670952], [12.4643408, 41.86715], [12.464353, 41.8672039], [12.4643587, 41.8672307], [12.4643603, 41.8672566], [12.4643613, 41.8673762]], [[12.4450286, 41.8556927], [12.4447092, 41.8555133], [12.4444121, 41.8553401], [12.4434484, 41.8547862], [12.4428683, 41.8544588], [12.4427551, 41.854399], [12.442642, 41.8543437], [12.4425196, 41.8542857], [12.4423335, 41.8541981]], [[12.3482524, 41.8191063], [12.3483821, 41.8191952], [12.3485481, 41.8193158]], [[12.4617654, 41.8663876], [12.4616376, 41.8663705], [12.4615777, 41.8663591], [12.4615224, 41.8663476], [12.4614611, 41.8663303], [12.4614029, 41.8663131], [12.4613297, 41.8662889], [12.4612675, 41.8662655], [12.4612007, 41.8662376], [12.460894, 41.8661153], [12.4605478, 41.8659765], [12.460383, 41.8659121]], [[12.3305905, 41.8116409], [12.330768, 41.811701], [12.330813, 41.8117154], [12.3308606, 41.8117279], [12.3309042, 41.8117337], [12.3309218, 41.8117352], [12.3309539, 41.811736], [12.3309827, 41.8117358], [12.3310149, 41.8117341]], [[12.4454533, 41.8559317], [12.4450286, 41.8556927]], [[12.4533727, 41.8625401], [12.4530133, 41.8622256]], [[12.4452538, 41.8557194], [12.4456534, 41.8559507], [12.4457537, 41.8560115], [12.4458664, 41.8560821]], [[12.4503095, 41.8592507], [12.4502185, 41.8591868], [12.4500958, 41.859101], [12.449786, 41.8588932], [12.4496255, 41.8587962]], [[12.2652133, 41.7765933], [12.2652453, 41.7766014], [12.2656037, 41.7766926], [12.2657446, 41.7767403], [12.2659281, 41.776816], [12.2660993, 41.7769097], [12.266296, 41.7770545], [12.2663728, 41.7771229], [12.2664551, 41.7772073], [12.2665342, 41.777302], [12.2676846, 41.7788095], [12.2693594, 41.7810317], [12.2701254, 41.7820065], [12.2702319, 41.7821345], [12.2705207, 41.7824151], [12.2705833, 41.7824788], [12.2706028, 41.7824945], [12.2706615, 41.7825417], [12.2707294, 41.7825858], [12.2708153, 41.7826348], [12.2710089, 41.7827361]], [[12.2649921, 41.7765463], [12.2652133, 41.7765933]], [[12.2487956, 41.7768248], [12.2488534, 41.7767629], [12.2489056, 41.7766559]], [[12.2489056, 41.7766559], [12.2489128, 41.7767502], [12.2489286, 41.7768033]], [[12.2490235, 41.7769077], [12.2490573, 41.7769565], [12.2490678, 41.7770059], [12.2490624, 41.7770771], [12.2490443, 41.7771202], [12.249022, 41.7771627]], [[12.4684888, 41.8783978], [12.4686877, 41.8787777], [12.4687184, 41.8788285], [12.4687491, 41.8788744], [12.4687875, 41.8789319], [12.4688219, 41.8789815], [12.4689508, 41.8791556], [12.4689938, 41.8792171], [12.4691065, 41.8793769], [12.4698859, 41.8804189], [12.4699407, 41.8804886], [12.469983, 41.8805424], [12.4700165, 41.8805868], [12.4700507, 41.8806297], [12.4700782, 41.880666], [12.4701085, 41.8807009], [12.4701381, 41.8807337], [12.4701815, 41.8807804], [12.4702179, 41.8808187], [12.4702511, 41.880851], [12.4703022, 41.8808987], [12.4703597, 41.8809485], [12.4704824, 41.8810441], [12.4706043, 41.8811395]], [[12.3829876, 41.8406349], [12.3831877, 41.8407326]], [[12.4674519, 41.8721238], [12.4674703, 41.8723694], [12.4674799, 41.872598]], [[12.461914, 41.8663996], [12.4617654, 41.8663876]], [[12.3077027, 41.8005425], [12.3078719, 41.8006236]], [[12.4706043, 41.8811395], [12.4707975, 41.8813055], [12.4709638, 41.8814449], [12.4710587, 41.881519], [12.4711442, 41.8815887], [12.471429, 41.8818175], [12.4717339, 41.8820626], [12.4727688, 41.8828905], [12.4729788, 41.8830588], [12.4730922, 41.8831504]], [[12.3831877, 41.8407326], [12.3839335, 41.8411371]], [[12.2710089, 41.7827361], [12.2713386, 41.7828997], [12.2806118, 41.7874317], [12.2830351, 41.7886078], [12.2846994, 41.7894062], [12.286299, 41.790184], [12.2869596, 41.7904994], [12.2879359, 41.7909739], [12.2883781, 41.7911929], [12.2892776, 41.791625]], [[12.4680216, 41.8773403], [12.4680218, 41.8773734], [12.4680208, 41.8774099], [12.4680206, 41.8774414], [12.4680176, 41.8774676], [12.4680123, 41.877484], [12.4680016, 41.8775004], [12.4679703, 41.8775267]], [[12.4682412, 41.877856], [12.4683807, 41.8781834], [12.4684888, 41.8783978]], [[12.4678732, 41.8770627], [12.4679132, 41.8771173], [12.4679989, 41.8772926], [12.4680216, 41.8773403], [12.4681104, 41.8775132], [12.4681329, 41.8775641], [12.4682412, 41.877856]], [[12.4738214, 41.8837322], [12.4730922, 41.8831504]], [[12.465775, 41.8714064], [12.465809, 41.8714359], [12.4658583, 41.871478], [12.4659125, 41.8715196], [12.4659613, 41.871555], [12.4660169, 41.8715934], [12.4660579, 41.8716204], [12.4661056, 41.8716505], [12.4661685, 41.871688], [12.4662373, 41.8717259], [12.4663335, 41.8717778], [12.4664091, 41.8718143], [12.4664762, 41.8718424], [12.4664914, 41.8718488], [12.4665711, 41.8718814], [12.4666574, 41.8719119], [12.4667413, 41.8719388], [12.4668278, 41.8719617], [12.4669249, 41.8719861], [12.4670264, 41.87201], [12.4671141, 41.8720278], [12.4671917, 41.8720415], [12.4672439, 41.8720478], [12.4672694, 41.8720497], [12.4673001, 41.872053], [12.4673355, 41.872056]], [[12.2500126, 41.7740219], [12.250392, 41.7740766], [12.2509586, 41.7741625]], [[12.2515858, 41.7742087], [12.2516635, 41.774242], [12.2518839, 41.7742964]], [[12.2512949, 41.7743111], [12.2511373, 41.7742333], [12.2509586, 41.7741625]], [[12.2518839, 41.7742964], [12.2519604, 41.774303], [12.2533167, 41.7745034], [12.2539633, 41.7745964], [12.2583574, 41.7752285], [12.2588775, 41.7753033], [12.2591908, 41.7753484], [12.2600341, 41.7754697], [12.2609013, 41.7755988], [12.2612405, 41.7756558], [12.2616354, 41.7757221], [12.2618637, 41.7757912], [12.2623847, 41.7759827], [12.2628412, 41.7761165], [12.2634012, 41.7762264], [12.2643436, 41.7764136], [12.2649921, 41.7765463]], [[12.2481474, 41.7784053], [12.2483413, 41.7784645], [12.2484121, 41.7784838], [12.2484973, 41.7784926], [12.2485388, 41.7784733], [12.2485772, 41.7784319], [12.2486929, 41.7782737]], [[12.2486929, 41.7782737], [12.2486462, 41.7784143], [12.2486367, 41.7785045], [12.2486382, 41.7785595], [12.2486649, 41.7786066], [12.2487094, 41.7786462], [12.2487584, 41.7786801]], [[12.249022, 41.7771627], [12.24901, 41.777212], [12.2488514, 41.7777451], [12.2487509, 41.7781133], [12.2486929, 41.7782737]], [[12.249022, 41.7771627], [12.2489956, 41.7770864], [12.2489753, 41.777054], [12.2489124, 41.7770005]], [[12.2495157, 41.7744071], [12.2495121, 41.7743527], [12.2495074, 41.7742803], [12.249489, 41.7742142], [12.249481, 41.7741853]], [[12.249644, 41.7742148], [12.2495879, 41.7742873], [12.2495453, 41.774358], [12.2495157, 41.7744071]], [[12.2500126, 41.7740219], [12.2499217, 41.774036], [12.2498423, 41.7740578], [12.2498021, 41.77408]], [[12.2497391, 41.7739621], [12.2500126, 41.7740219]], [[12.2492336, 41.7739076], [12.2494631, 41.7739114], [12.2495238, 41.773914], [12.2495887, 41.7739233]], [[12.2494181, 41.7740217], [12.2493954, 41.7739836], [12.2493593, 41.773954], [12.2492336, 41.7739076]], [[12.4674493, 41.8720663], [12.4674519, 41.8721238]], [[12.4673319, 41.8721149], [12.4673332, 41.8720862], [12.4673355, 41.872056]], [[12.4675602, 41.8720621], [12.4675657, 41.8720962], [12.4675702, 41.8721326]], [[12.3514604, 41.8220293], [12.3517677, 41.8223411], [12.3523058, 41.8228473], [12.3525019, 41.8230306], [12.3526803, 41.8231769], [12.3529078, 41.8233569], [12.3535274, 41.8238683], [12.3538547, 41.824215], [12.35399, 41.8243606], [12.3542596, 41.824655], [12.3547543, 41.8252138], [12.3548163, 41.8252839], [12.3550755, 41.8255929], [12.3551345, 41.8256835], [12.3551985, 41.8257816], [12.3552611, 41.825901], [12.3552958, 41.825967], [12.355344, 41.8260984]], [[12.2924115, 41.7931992], [12.2926264, 41.7932764], [12.2927381, 41.7933174], [12.2928712, 41.793373], [12.2956734, 41.7947295], [12.2968463, 41.7952732], [12.2977443, 41.7957139], [12.3031281, 41.7983559], [12.3031814, 41.7983836], [12.3032307, 41.7984107], [12.30328, 41.79844], [12.3033339, 41.7984732], [12.3033879, 41.7985084], [12.3034305, 41.7985379], [12.3035679, 41.7986389], [12.3036339, 41.7986818], [12.303672, 41.7987006], [12.3037172, 41.7987193], [12.3037562, 41.7987323], [12.3038025, 41.7987452], [12.3038679, 41.7987575]], [[12.3081054, 41.8007366], [12.3089574, 41.8011527], [12.309766, 41.8015476], [12.3111953, 41.8022463], [12.3114272, 41.8023607]], [[12.2892776, 41.791625], [12.2897321, 41.7918474], [12.290173, 41.7920551]], [[12.290173, 41.7920551], [12.2910665, 41.7924889], [12.2917727, 41.7928329], [12.2919405, 41.792947]], [[12.4633388, 41.8667395], [12.4633139, 41.8667238], [12.4632837, 41.8667016], [12.4632166, 41.8666374], [12.4631466, 41.8665765], [12.4631119, 41.8665511], [12.4630745, 41.8665277], [12.4630106, 41.866495]], [[12.4634841, 41.8667969], [12.4634451, 41.8667843], [12.4633909, 41.8667647], [12.4633388, 41.8667395]], [[12.2360705, 41.7720026], [12.2360987, 41.772006], [12.2361292, 41.77201]], [[12.2489706, 41.7764451], [12.2489056, 41.7766559]], [[12.2487296, 41.7786061], [12.2487074, 41.7785872], [12.2486941, 41.7785527], [12.2486954, 41.7784974], [12.2487023, 41.7784565], [12.2487439, 41.7782762], [12.2487945, 41.7781097], [12.2489027, 41.7777543], [12.2489655, 41.7775481], [12.2491749, 41.7767404], [12.2498181, 41.7744016], [12.2496019, 41.774367]], [[12.2494701, 41.774346], [12.2494281, 41.7743393], [12.2494397, 41.7742915], [12.2494415, 41.7742395], [12.2494293, 41.774198], [12.2494015, 41.7741583], [12.2493719, 41.7741054], [12.249346, 41.7740465], [12.2493218, 41.7740125], [12.2492852, 41.7739836], [12.2492603, 41.7739658], [12.2492213, 41.773956]], [[12.2496019, 41.774367], [12.2495453, 41.774358], [12.2495121, 41.7743527], [12.2494701, 41.774346]], [[12.248672, 41.7780905], [12.2487509, 41.7781133], [12.2487945, 41.7781097]], [[12.3313114, 41.8116471], [12.3313816, 41.8116728], [12.331438, 41.8117132]], [[12.331438, 41.8117132], [12.3314736, 41.811761], [12.3314894, 41.8118144], [12.331484, 41.8118689], [12.331458, 41.8119201]], [[12.331458, 41.8119201], [12.3314108, 41.8119655], [12.3313474, 41.8119983], [12.3312738, 41.8120154], [12.3311967, 41.8120153]], [[12.4458937, 41.8562286], [12.4457744, 41.8561347]], [[12.4460198, 41.8561777], [12.4461238, 41.8562548], [12.4462116, 41.856321]], [[12.4458664, 41.8560821], [12.4460198, 41.8561777]], [[12.4488556, 41.8583467], [12.4489903, 41.8583517], [12.4490722, 41.8583657], [12.4491751, 41.8583866]], [[12.4491166, 41.858491], [12.4490353, 41.8584316], [12.4489595, 41.8583902], [12.4488556, 41.8583467]], [[12.4464798, 41.8566162], [12.4463383, 41.8565083], [12.4460795, 41.8562849]], [[12.4463846, 41.8564529], [12.4464798, 41.8566162]], [[12.4460795, 41.8562849], [12.4460594, 41.8562731], [12.4460358, 41.8562626], [12.4459922, 41.8562482], [12.4459456, 41.8562377], [12.4458937, 41.8562286]], [[12.4463846, 41.8564529], [12.4465308, 41.8565777], [12.4466137, 41.8566565], [12.4466984, 41.8567432], [12.4467653, 41.8568185], [12.4468243, 41.8568881], [12.4468611, 41.8569311], [12.4468913, 41.8569674], [12.4469189, 41.8570031], [12.4470023, 41.8571085], [12.4470286, 41.8571411], [12.4470809, 41.8572081], [12.4471227, 41.8572586]], [[12.4464798, 41.8566162], [12.4465752, 41.8567092], [12.4466374, 41.8567835], [12.446864, 41.8570852], [12.4469369, 41.8571796], [12.4470203, 41.8572769], [12.4471094, 41.8573763], [12.4472898, 41.8575846], [12.4473773, 41.8576903], [12.4474407, 41.8577669], [12.4475238, 41.8578498], [12.4476003, 41.8579237], [12.4477109, 41.8580066], [12.4478048, 41.8580665], [12.4479014, 41.858115], [12.448018, 41.8581564], [12.4481756, 41.8581999], [12.4483332, 41.8582363], [12.4484606, 41.8582651], [12.4487329, 41.8583188], [12.4488556, 41.8583467]], [[12.4508719, 41.8595124], [12.4510945, 41.8596642], [12.4511941, 41.8597573], [12.451291, 41.859853], [12.4513687, 41.8599323], [12.4514761, 41.8600697], [12.4514919, 41.8600929], [12.451578, 41.860219], [12.4517557, 41.8605052], [12.4518416, 41.860632]], [[12.4515753, 41.8603762], [12.4518416, 41.860632]], [[12.4527102, 41.8620521], [12.4526324, 41.861986]], [[12.4557582, 41.864004], [12.4554813, 41.8639126], [12.4553318, 41.8638526], [12.4545707, 41.8634526], [12.454285, 41.8633073], [12.4542106, 41.8632709], [12.4540599, 41.8631779], [12.4538827, 41.8630551], [12.4536346, 41.8628544], [12.4531437, 41.8624239], [12.4528794, 41.8621874], [12.4527102, 41.8620521]], [[12.4524798, 41.8618176], [12.4524509, 41.8616948]], [[12.4510248, 41.859686], [12.4507764, 41.8595732]], [[12.4508719, 41.8595124], [12.4510248, 41.859686]], [[12.4545036, 41.8633078], [12.4547064, 41.8634179], [12.4549636, 41.8635535], [12.4554826, 41.8638172], [12.4560846, 41.8640672], [12.4561524, 41.8640932]], [[12.4561069, 41.8641548], [12.4560399, 41.8641268], [12.4557582, 41.864004]], [[12.4582446, 41.8649718], [12.458073, 41.8648884], [12.4578108, 41.864778], [12.4574926, 41.8646514], [12.4573722, 41.8646082], [12.4571939, 41.8645503], [12.4569277, 41.8644599], [12.4563309, 41.8642646], [12.4562082, 41.8642192], [12.4561069, 41.8641548]], [[12.4541278, 41.8631199], [12.4538627, 41.8629395], [12.4537962, 41.8628917], [12.4537329, 41.862844], [12.4536703, 41.8627939], [12.4536108, 41.8627439], [12.4533727, 41.8625401]], [[12.4541278, 41.8631199], [12.4545036, 41.8633078]], [[12.4582446, 41.8649718], [12.4581065, 41.8648549], [12.4578893, 41.8647576], [12.4577274, 41.8646892], [12.4575199, 41.8646081], [12.4573965, 41.8645643]], [[12.4524798, 41.8618176], [12.4523766, 41.8617048], [12.4522083, 41.8614446], [12.4520621, 41.8612248], [12.4518804, 41.8609532], [12.4516679, 41.8606286], [12.4514727, 41.8603409], [12.4513715, 41.860226], [12.4513185, 41.8601676], [12.4513123, 41.8601577], [12.451179, 41.8599344], [12.4511334, 41.8598702], [12.4510691, 41.8598055], [12.4509879, 41.8597331], [12.4508686, 41.8596482], [12.4507764, 41.8595732]], [[12.4529023, 41.8620339], [12.4530784, 41.8621856], [12.453182, 41.8622766], [12.4534386, 41.8625003], [12.4536225, 41.8626621], [12.4537499, 41.8627705], [12.4538988, 41.8628733], [12.453938, 41.8628932], [12.454169, 41.8630461], [12.4541927, 41.8630652], [12.4543843, 41.8632199], [12.4545036, 41.8633078]], [[12.4577484, 41.8646157], [12.4578436, 41.8646916], [12.4583012, 41.8649056], [12.4584407, 41.8649733], [12.4586537, 41.8650761], [12.4590661, 41.8652689], [12.4593658, 41.8654107], [12.4595577, 41.8655031], [12.4596769, 41.8655605], [12.4598701, 41.8656479], [12.4602992, 41.8658182], [12.4605803, 41.8659294], [12.4608097, 41.8659908]], [[12.4526324, 41.861986], [12.4525987, 41.8619506], [12.4524798, 41.8618176]], [[12.4491751, 41.8583866], [12.4492226, 41.8584107], [12.4492872, 41.8584459], [12.4493999, 41.8585088], [12.4495106, 41.8585777], [12.4495913, 41.8586276]], [[12.4496255, 41.8587962], [12.4494166, 41.8586594], [12.4493354, 41.8586093], [12.4492441, 41.8585534], [12.4491166, 41.858491]], [[12.4571923, 41.8644187], [12.4573652, 41.8644707], [12.4575624, 41.8645436], [12.4577484, 41.8646157]], [[12.4462116, 41.856321], [12.4463846, 41.8564529]], [[12.4400097, 41.8533852], [12.4393921, 41.8535146], [12.4392422, 41.8535411], [12.4390886, 41.8535685], [12.4390098, 41.8535808], [12.438932, 41.8535905], [12.4387232, 41.8536123]], [[12.4561524, 41.8640932], [12.4562625, 41.8641273], [12.4564804, 41.8642027], [12.4568244, 41.8643131], [12.4569917, 41.8643609], [12.4571923, 41.8644187]], [[12.4518416, 41.860632], [12.4520709, 41.8609706], [12.4522747, 41.8612873], [12.4525121, 41.8616378], [12.4525572, 41.8616955], [12.4526274, 41.8617757], [12.4527284, 41.8618732], [12.4528078, 41.861942]], [[12.4515753, 41.8603762], [12.4514064, 41.8601238], [12.4513074, 41.8599798], [12.4512421, 41.8598919], [12.4510248, 41.859686]], [[12.4528078, 41.861942], [12.4529023, 41.8620339]]]}}, {"type": "Feature", "properties": {"id": "SS-ROM-0302", "nome": "Piazza Ippolito Nievo", "quartiere": "Monteverde", "classificazione": "verde", "score": 1, "note": "area verde bike friendly - segnalazione @luca.tentorio", "ciclabile": "si", "n_corsie": "0", "senso_unico": "no", "n_testimonianze": "1", "municipio": "XII"}, "geometry": {"type": "MultiLineString", "coordinates": [[[12.4670067, 41.8796397], [12.4670334, 41.879649], [12.4670503, 41.879658], [12.4670672, 41.8796695], [12.4670916, 41.8796933], [12.4671139, 41.8797198], [12.4671562, 41.879767], [12.4671676, 41.8797766], [12.4671814, 41.8797861], [12.4671941, 41.8797937], [12.4672091, 41.8798014], [12.4672361, 41.8798107]], [[12.46711, 41.8808108], [12.4669974, 41.8807031], [12.4669563, 41.8806622], [12.4669309, 41.8806352], [12.4669031, 41.8806016], [12.466878, 41.8805689], [12.4667957, 41.880456], [12.4667917, 41.8804505], [12.4667735, 41.8804229], [12.466746, 41.8803788], [12.4667246, 41.8803407], [12.4667182, 41.8803274], [12.4667129, 41.8803141]], [[12.4664951, 41.8796021], [12.4665264, 41.879613], [12.4665608, 41.8796204], [12.4665844, 41.8796214], [12.4666055, 41.879622], [12.4667607, 41.8796101], [12.4667991, 41.8796072], [12.4668284, 41.8796062], [12.4668487, 41.8796078], [12.4668717, 41.8796102], [12.4669227, 41.8796178]], [[12.4667129, 41.8803141], [12.4667092, 41.8802987], [12.4667065, 41.8802834], [12.4667062, 41.8802753], [12.4667057, 41.8802582], [12.4667084, 41.8802385], [12.4667166, 41.8802149], [12.4667301, 41.8801775]], [[12.4668626, 41.8803881], [12.4668113, 41.8803036], [12.4667861, 41.8802612], [12.4667575, 41.8802179], [12.4667301, 41.8801775]], [[12.46711, 41.8808108], [12.4668836, 41.8804241], [12.4668626, 41.8803881]], [[12.466796, 41.8800087], [12.4668654, 41.8801046]], [[12.466796, 41.8800087], [12.4668165, 41.8799457], [12.4669227, 41.8796178]], [[12.4675896, 41.8815551], [12.467546, 41.8814921], [12.4675081, 41.8814392], [12.4674709, 41.8813836], [12.4673344, 41.8811677], [12.4671841, 41.8809347], [12.4671462, 41.8808736], [12.46711, 41.8808108]], [[12.4670067, 41.8796397], [12.4669227, 41.8796178]], [[12.4672361, 41.8798107], [12.4669416, 41.8799405], [12.4669276, 41.8799468], [12.4669109, 41.8799558], [12.4668972, 41.8799646], [12.4668845, 41.8799755]], [[12.4670067, 41.8796397], [12.4668845, 41.8799755]], [[12.4667301, 41.8801775], [12.4667561, 41.8801173], [12.4667715, 41.8800784], [12.466796, 41.8800087]], [[12.4668654, 41.8801046], [12.4669557, 41.8802356], [12.4669905, 41.8802791], [12.4670233, 41.8803221], [12.4670652, 41.8803825], [12.4671074, 41.8804448], [12.4671899, 41.8805697], [12.467256, 41.880672], [12.4672983, 41.880742], [12.4673205, 41.8807788], [12.4673329, 41.8808136], [12.4673452, 41.8808416], [12.4674087, 41.8809458], [12.4675963, 41.8812734], [12.4676349, 41.8813345], [12.4676578, 41.8813703], [12.4676804, 41.8814041], [12.4677018, 41.8814338], [12.4677344, 41.8814782]], [[12.4668845, 41.8799755], [12.4668793, 41.8799895], [12.4668683, 41.8800194], [12.4668648, 41.880034], [12.4668626, 41.8800561], [12.466863, 41.8800789], [12.4668654, 41.8801046]]]}}, {"type": "Feature", "properties": {"id": "SS-ROM-0367", "nome": "Via Giuseppe Parini", "quartiere": "Monteverde", "classificazione": "rosso", "score": 4, "note": "arteria trafficata nessuna ciclabile", "ciclabile": "no", "n_corsie": "4", "senso_unico": "no", "n_testimonianze": "1", "municipio": "XII"}, "geometry": {"type": "MultiLineString", "coordinates": [[[12.6521166, 41.9453243], [12.6524366, 41.9441362], [12.652459, 41.9440533], [12.6525026, 41.9438913], [12.6528127, 41.9427166]], [[12.4654463, 41.8746141], [12.4655362, 41.8746521], [12.4655713, 41.8746735], [12.4655927, 41.8746919], [12.4656054, 41.8747074], [12.4656143, 41.8747211], [12.465624, 41.8747416], [12.4656334, 41.8747609], [12.4656399, 41.8747796], [12.4656432, 41.8747947], [12.4656486, 41.8748168], [12.4656483, 41.874837], [12.4656335, 41.8751037], [12.4656171, 41.875351], [12.4656164, 41.875361], [12.465617, 41.8753787], [12.4656187, 41.8753919], [12.4656225, 41.8754033], [12.465628, 41.8754107], [12.4656416, 41.875425], [12.4656614, 41.8754527], [12.4657527, 41.8755303]], [[12.7112379, 41.9540817], [12.7112471, 41.9541114], [12.7112579, 41.9541248], [12.7112751, 41.954135], [12.711298, 41.9541397], [12.7113275, 41.9541414], [12.711356, 41.9541416], [12.7114455, 41.9541323], [12.7114656, 41.9541315], [12.7114913, 41.9541343], [12.7115081, 41.9541401], [12.711524, 41.954153], [12.7115322, 41.9541694], [12.7115362, 41.9541867], [12.7115394, 41.9543437], [12.7115763, 41.954852], [12.7116147, 41.9554173], [12.7116469, 41.9559568], [12.7116469, 41.9561008], [12.7116442, 41.9561314], [12.7116402, 41.9561641], [12.7116317, 41.9561978], [12.7116219, 41.9562335]], [[12.6203253, 41.9972863], [12.6205831, 41.9970734], [12.6206711, 41.9969983], [12.6207179, 41.9969618], [12.6207825, 41.9969168], [12.6208561, 41.9968727], [12.6209292, 41.9968374], [12.6210062, 41.9968039], [12.6213628, 41.9966738], [12.6218499, 41.9964939], [12.6218767, 41.9964828], [12.6218965, 41.9964731], [12.6219131, 41.9964635]], [[12.464649, 41.8741474], [12.4650987, 41.874444], [12.465187, 41.8744988], [12.4652611, 41.8745344], [12.4653528, 41.874572], [12.4654463, 41.8746141]], [[12.464649, 41.8741474], [12.4645384, 41.8740804]], [[12.4645384, 41.8740804], [12.4645012, 41.8740425], [12.4640131, 41.8735462], [12.4639421, 41.8734859], [12.4638806, 41.8734376], [12.4637414, 41.8733309], [12.4634757, 41.8731756], [12.4632139, 41.8730318], [12.4631898, 41.8730221], [12.463161, 41.8730139], [12.4631353, 41.8730078], [12.463107, 41.8730067], [12.4630907, 41.8730081], [12.4630705, 41.8730118], [12.4630522, 41.8730176], [12.4630351, 41.8730255]]]}}, {"type": "Feature", "properties": {"id": "SS-ROM-0447", "nome": "Via Leone Tredicesimo", "quartiere": "Municipio Roma XII", "classificazione": "nero", "score": 5, "note": "multicarreggiata ad alta velocità, pericolosissimo | Confermato nero da 1 segnalazione reale (ultima: 2026-06-13).", "ciclabile": "no", "n_corsie": "2", "senso_unico": "no", "n_testimonianze": "2", "municipio": "XII"}, "geometry": {"type": "MultiLineString", "coordinates": [[[12.4372202, 41.8939263], [12.4372453, 41.8938394], [12.4372895, 41.8936904]], [[12.4405705, 41.888841], [12.4405717, 41.8885841], [12.4405673, 41.8883798], [12.4405289, 41.8882197], [12.4404949, 41.8880893], [12.4404613, 41.8878938]], [[12.4406781, 41.8888453], [12.4406726, 41.8889261], [12.4406618, 41.8890009], [12.4406486, 41.8890549], [12.44064, 41.8890899], [12.440626, 41.8891349], [12.4406045, 41.8891934], [12.4405763, 41.8892559], [12.44054, 41.889323], [12.4405037, 41.8893821], [12.4404689, 41.8894313], [12.4404341, 41.8894754], [12.4403963, 41.8895165], [12.4403396, 41.8895705]], [[12.4403396, 41.8895705], [12.4402658, 41.8896333], [12.4401866, 41.8896982], [12.4400255, 41.8898258], [12.439698, 41.8900812], [12.4395463, 41.8901875], [12.4393946, 41.8902959], [12.4391073, 41.8904926]], [[12.4374338, 41.8937182], [12.4373822, 41.8938478], [12.4373653, 41.8938907], [12.4373481, 41.8939473], [12.4373369, 41.8939943]], [[12.4403069, 41.8894621], [12.4403406, 41.8894278], [12.4403689, 41.8893936], [12.4404038, 41.8893457], [12.4404306, 41.8893038], [12.4404558, 41.8892573], [12.4404764, 41.889216], [12.4404943, 41.8891768], [12.4405135, 41.8891317], [12.4405287, 41.8890885], [12.4405378, 41.8890569], [12.4405443, 41.8890213], [12.4405594, 41.8889296], [12.4405705, 41.888841]], [[12.4412111, 41.8799423], [12.4412157, 41.8799864], [12.4412161, 41.8800194], [12.4412138, 41.8800491], [12.4412098, 41.8800761], [12.441198, 41.8801356], [12.4411827, 41.8802004], [12.4411557, 41.8803201], [12.4410942, 41.8805096], [12.4408055, 41.8814428], [12.4406831, 41.8818305], [12.4406468, 41.8819558], [12.4406105, 41.8820949], [12.4405799, 41.8822231], [12.4405532, 41.8823523], [12.4405196, 41.8825357], [12.4404929, 41.8827165], [12.4404806, 41.8828208], [12.4404718, 41.8829238], [12.4404569, 41.8831282], [12.4404513, 41.8833471], [12.4404531, 41.8835367], [12.4404944, 41.8847381], [12.440544, 41.886], [12.4406276, 41.8878806], [12.4406421, 41.8879995]], [[12.4372895, 41.8936904], [12.4376429, 41.8927466], [12.4378933, 41.8920436], [12.4380182, 41.8917034], [12.4380928, 41.8915148], [12.4381401, 41.8914152], [12.4381827, 41.8913295], [12.4382165, 41.8912679], [12.4382538, 41.8912055], [12.4382856, 41.8911568], [12.4383434, 41.8910757], [12.4384044, 41.890996], [12.4384763, 41.8909037], [12.4385482, 41.8908213], [12.4386352, 41.89073], [12.4387114, 41.8906567], [12.4388656, 41.8905177], [12.4389453, 41.8904585], [12.4390277, 41.8904074], [12.4391871, 41.8903111]], [[12.4406421, 41.8879995], [12.4406563, 41.8882976], [12.4406778, 41.8885881], [12.4406781, 41.8888453]], [[12.4404613, 41.8878938], [12.4404112, 41.8862791], [12.4403534, 41.8848257], [12.4403275, 41.8841095], [12.4403073, 41.8834634], [12.4403098, 41.8832809], [12.440319, 41.8830794], [12.4403356, 41.8828965], [12.4403554, 41.8827068], [12.4404065, 41.8823845], [12.440499, 41.8819667], [12.4406028, 41.8816287], [12.4406733, 41.8814017], [12.4409639, 41.8804226], [12.4409867, 41.8803377], [12.4410032, 41.8802574], [12.4410194, 41.8801695], [12.4410244, 41.8801347], [12.4410294, 41.8800953], [12.4410319, 41.8800566], [12.4410317, 41.8800345], [12.4410287, 41.8799972]], [[12.4391073, 41.8904926], [12.4390482, 41.8905374], [12.4389864, 41.8905871], [12.4388991, 41.8906633], [12.4388091, 41.8907514], [12.4387002, 41.8908658], [12.4385967, 41.8909802], [12.4385174, 41.8910807], [12.4384394, 41.8911941], [12.4383525, 41.8913171], [12.4383138, 41.8913852], [12.4382814, 41.8914562], [12.4382465, 41.8915307], [12.4381954, 41.8916487], [12.4379999, 41.892152], [12.4379233, 41.892393], [12.4378328, 41.8926298]], [[12.4378328, 41.8926298], [12.4376756, 41.8930683], [12.4376029, 41.8932707], [12.4374338, 41.8937182]], [[12.4391871, 41.8903111], [12.4393116, 41.8902394], [12.4394226, 41.8901697], [12.4396192, 41.8900243], [12.4399811, 41.8897428], [12.4401547, 41.8896006], [12.4403069, 41.8894621]]]}}, {"type": "Feature", "properties": {"id": "SS-ROM-0507", "nome": "Piazzale Enrico Dunant", "quartiere": "Municipio Roma XII", "classificazione": "rosso", "score": 4, "note": "strada trafficata senza ciclabile | Confermato rosso da 1 segnalazione reale (ultima: 2026-06-17).", "ciclabile": "no", "n_corsie": "2", "senso_unico": "no", "n_testimonianze": "2", "municipio": "XII"}, "geometry": {"type": "MultiLineString", "coordinates": [[[12.4595666, 41.8718051], [12.4595002, 41.8718703], [12.4593863, 41.8719689], [12.4592767, 41.8720558], [12.4592447, 41.8720827], [12.4591426, 41.8721813], [12.4591173, 41.8722101], [12.459088, 41.8722446], [12.459062, 41.8722838], [12.4590329, 41.8723254]], [[12.4578604, 41.8731127], [12.4579812, 41.872983]], [[12.4597178, 41.8716472], [12.4596476, 41.8717202], [12.459637, 41.8717317], [12.4596257, 41.8717434], [12.4595666, 41.8718051]], [[12.458518, 41.8728852], [12.4581041, 41.8732877]], [[12.4581041, 41.8732877], [12.4581693, 41.8731186]], [[12.4581693, 41.8731186], [12.4581613, 41.8730924], [12.4581536, 41.8730788], [12.4581436, 41.8730658], [12.4581345, 41.8730596], [12.4581175, 41.8730493], [12.4580951, 41.8730393], [12.4580708, 41.8730319], [12.458042, 41.8730295], [12.4580249, 41.8730312], [12.4580009, 41.8730347]], [[12.4588052, 41.8721947], [12.4588597, 41.8721955], [12.4588802, 41.8721966], [12.4589062, 41.8721993], [12.4589314, 41.8722052], [12.4589587, 41.8722147], [12.4589809, 41.8722274], [12.4590056, 41.8722502], [12.4590149, 41.8722625], [12.4590245, 41.8722819], [12.4590289, 41.8723012], [12.4590329, 41.8723254]], [[12.4594098, 41.8716589], [12.4594783, 41.8716023], [12.4594901, 41.8715927], [12.4595034, 41.8715814], [12.4595755, 41.8715221]], [[12.4590329, 41.8723254], [12.4587253, 41.8726668], [12.4586812, 41.8727151]], [[12.4582692, 41.8727124], [12.4583895, 41.8725939]], [[12.4586812, 41.8727151], [12.458518, 41.8728852]], [[12.4583895, 41.8725939], [12.4584569, 41.87253], [12.4588052, 41.8721947], [12.4588619, 41.8721403], [12.4591104, 41.8719186], [12.4592717, 41.8717746], [12.4593147, 41.8717367], [12.4594098, 41.8716589]], [[12.4580009, 41.8730347], [12.4578604, 41.8731127]], [[12.4580354, 41.8729289], [12.4582692, 41.8727124]], [[12.4579812, 41.872983], [12.4580103, 41.8729541], [12.4580354, 41.8729289]]]}}, {"type": "Feature", "properties": {"id": "SS-ROM-0508", "nome": "Via di Donna Olimpia", "quartiere": "Municipio Roma XII", "classificazione": "rosso", "score": 4, "note": "strada trafficata senza ciclabile | Confermato rosso da 1 segnalazione reale (ultima: 2026-06-17).", "ciclabile": "no", "n_corsie": "2", "senso_unico": "no", "n_testimonianze": "2", "municipio": "XII"}, "geometry": {"type": "MultiLineString", "coordinates": [[[12.4578604, 41.8731127], [12.4576633, 41.8732905], [12.4575973, 41.8733463]], [[12.4526683, 41.8776125], [12.4525375, 41.8777551], [12.4519723, 41.8783691], [12.4519118, 41.8784289], [12.4515255, 41.8788276], [12.4513032, 41.8790636], [12.4508784, 41.8795042], [12.4504507, 41.87995], [12.4501675, 41.8802601], [12.4501389, 41.8802917], [12.4500933, 41.8803384]], [[12.4536426, 41.8766488], [12.4534195, 41.8768695], [12.4532892, 41.8769995]], [[12.4575973, 41.8733463], [12.4574921, 41.8734302], [12.457381, 41.8735159], [12.457274, 41.8735951], [12.4571511, 41.8736821], [12.4569856, 41.8737956], [12.4567984, 41.8739122], [12.4566076, 41.8740221], [12.4564226, 41.874122], [12.456208, 41.8742248], [12.456125, 41.8742625], [12.4560338, 41.8743053], [12.4559405, 41.8743486], [12.4558896, 41.8743725], [12.4556664, 41.874482], [12.4555539, 41.8745437], [12.4554391, 41.8746106], [12.4553849, 41.8746479], [12.455081, 41.8748889], [12.4549426, 41.8750122], [12.4548275, 41.8751282], [12.4548139, 41.8751426], [12.4547928, 41.8751658], [12.4547635, 41.8752044], [12.4545526, 41.8755207], [12.4543529, 41.8758414], [12.4542543, 41.8759768], [12.4541771, 41.8760746], [12.4541147, 41.8761442], [12.4537275, 41.876552], [12.4536426, 41.8766488]], [[12.4532892, 41.8769995], [12.4532284, 41.8770603], [12.4527517, 41.8775306], [12.4527286, 41.8775533], [12.4526683, 41.8776125]]]}}, {"type": "Feature", "properties": {"id": "SS-ROM-0509", "nome": "Via Fonteiana", "quartiere": "Municipio Roma XII", "classificazione": "rosso", "score": 4, "note": "strada trafficata senza ciclabile | Confermato rosso da 1 segnalazione reale (ultima: 2026-06-17).", "ciclabile": "no", "n_corsie": "2", "senso_unico": "no", "n_testimonianze": "2", "municipio": "XII"}, "geometry": {"type": "MultiLineString", "coordinates": [[[12.4539701, 41.8788424], [12.4540315, 41.8791264], [12.4540911, 41.8794191], [12.4542302, 41.8801016], [12.4542527, 41.8802006], [12.4542778, 41.8803046], [12.4542953, 41.8803782]], [[12.4536933, 41.8769706], [12.4537005, 41.8770171], [12.4538118, 41.8776523], [12.4538997, 41.8781615]], [[12.4552963, 41.8837834], [12.4553267, 41.8838528], [12.4555973, 41.8844958]], [[12.4542953, 41.8803782], [12.4543586, 41.8806219], [12.4543681, 41.8806595], [12.4546468, 41.8816614], [12.4549049, 41.8825891], [12.4549327, 41.8826911], [12.4551363, 41.8834141], [12.4551435, 41.8834368], [12.4551542, 41.8834648], [12.4551878, 41.8835359], [12.4552963, 41.8837834]], [[12.4538997, 41.8781615], [12.4539455, 41.8784067]], [[12.4539455, 41.8784067], [12.4539632, 41.8785024], [12.4539766, 41.8785746], [12.4539813, 41.8786232], [12.4539845, 41.8786849], [12.4539828, 41.8787592], [12.4539778, 41.8788008], [12.4539701, 41.8788424]], [[12.4536426, 41.8766488], [12.4536933, 41.8769706]]]}}, {"type": "Feature", "properties": {"id": "SS-ROM-0510", "nome": "Via Abate Ugone", "quartiere": "Municipio Roma XII", "classificazione": "rosso", "score": 4, "note": "strada trafficata senza ciclabile | Confermato rosso da 1 segnalazione reale (ultima: 2026-06-17).", "ciclabile": "no", "n_corsie": "2", "senso_unico": "no", "n_testimonianze": "2", "municipio": "XII"}, "geometry": {"type": "MultiLineString", "coordinates": [[[12.4526683, 41.8776125], [12.4527226, 41.8776559], [12.4527609, 41.8776833], [12.4527949, 41.8777066], [12.4528224, 41.8777241], [12.4531568, 41.8779065], [12.4532617, 41.8779682], [12.4533086, 41.8779994], [12.4533481, 41.8780272], [12.4533832, 41.878052], [12.4534304, 41.8780848], [12.4534686, 41.8781158], [12.4535063, 41.8781484], [12.4535538, 41.8781934], [12.4536039, 41.8782462]], [[12.4536039, 41.8782462], [12.45368, 41.8783376], [12.4537326, 41.8784067], [12.4537766, 41.8784669]], [[12.4537766, 41.8784669], [12.4537855, 41.8784791], [12.4538141, 41.8785186], [12.453836, 41.8785506], [12.4538696, 41.8786041], [12.4538894, 41.8786422], [12.4539029, 41.8786704], [12.4539238, 41.878717], [12.4539701, 41.8788424]]]}}, {"type": "Feature", "properties": {"id": "SS-ROM-0511", "nome": "Clivo Rutario", "quartiere": "Municipio Roma XII", "classificazione": "rosso", "score": 4, "note": "strada trafficata senza ciclabile | Confermato rosso da 1 segnalazione reale (ultima: 2026-06-17).", "ciclabile": "no", "n_corsie": "2", "senso_unico": "no", "n_testimonianze": "2", "municipio": "XII"}, "geometry": {"type": "LineString", "coordinates": [[12.4515226, 41.8813158], [12.4515067, 41.8812512], [12.4514954, 41.8812055], [12.4514757, 41.8811154], [12.4514671, 41.8810729], [12.4514566, 41.8810208], [12.4514497, 41.8809744], [12.4514441, 41.8809301], [12.4514412, 41.8808857], [12.4514448, 41.8808432], [12.4514607, 41.8807593], [12.451472, 41.8807185], [12.4514832, 41.8806817], [12.4515037, 41.8806335], [12.4515329, 41.8805815], [12.4515574, 41.8805386], [12.4515934, 41.8804874], [12.4516287, 41.8804432], [12.4516866, 41.8803794], [12.4517337, 41.8803312], [12.4517882, 41.8802824], [12.4518413, 41.8802385], [12.4518789, 41.8802082], [12.451903, 41.880191], [12.4519359, 41.8801698], [12.4519841, 41.8801439], [12.4520223, 41.8801239], [12.4520738, 41.8801005], [12.4521266, 41.880079], [12.452209, 41.8800516], [12.4522826, 41.8800292], [12.4523493, 41.880012], [12.4524256, 41.879995], [12.4524697, 41.879987], [12.4525179, 41.879979], [12.4525535, 41.8799743], [12.4525931, 41.8799697], [12.4526321, 41.879966], [12.4526643, 41.8799634], [12.4527071, 41.8799613], [12.4527637, 41.8799606], [12.4528215, 41.8799608], [12.4528691, 41.8799637], [12.452918, 41.8799677], [12.4529635, 41.8799731], [12.4530104, 41.8799796], [12.4530566, 41.8799885], [12.4531041, 41.8799985], [12.4531503, 41.8800089], [12.4531992, 41.8800218], [12.4532623, 41.8800399], [12.4533294, 41.8800636], [12.4533964, 41.8800919], [12.4534319, 41.88011], [12.4534714, 41.8801322], [12.4535041, 41.8801515], [12.4535408, 41.8801748], [12.4535788, 41.8802006], [12.4536262, 41.8802364], [12.4536644, 41.8802729], [12.4536882, 41.8802961], [12.4537147, 41.8803224], [12.4537331, 41.8803447], [12.453795, 41.880419], [12.4538044, 41.8804281], [12.4538178, 41.8804356], [12.4538296, 41.8804385], [12.453853, 41.8804446]]}}, {"type": "Feature", "properties": {"id": "SS-ROM-0726", "nome": "Forte Bravetta", "quartiere": "Municipio Roma XII", "classificazione": "verde", "score": 1, "note": "ciclabile presente (da OpenStreetMap)", "ciclabile": "si", "n_corsie": "2", "senso_unico": "no", "n_testimonianze": "0", "municipio": "XII"}, "geometry": {"type": "LineString", "coordinates": [[12.4232982, 41.8681928], [12.4234218, 41.868257], [12.4235119, 41.8682906], [12.4237109, 41.8683647], [12.4242158, 41.8683767], [12.4248662, 41.8683256], [12.4252302, 41.8683264], [12.4254852, 41.8682859], [12.4256296, 41.868127], [12.4257261, 41.867842], [12.4257301, 41.8676134], [12.4255645, 41.8673547], [12.4254554, 41.8671652], [12.425407, 41.8670156], [12.425512, 41.8668862], [12.4256816, 41.8669223], [12.4259482, 41.8669373], [12.4262027, 41.8670787], [12.4264774, 41.8672111], [12.4265905, 41.8670607], [12.4266349, 41.8669404], [12.4265986, 41.8668411], [12.426441, 41.8668156], [12.4263576, 41.8666621], [12.4262552, 41.8665418], [12.4262674, 41.8663884], [12.4261866, 41.8659376], [12.4260411, 41.865718], [12.425718, 41.8655345], [12.42531, 41.8654473], [12.4250111, 41.8655075], [12.424696, 41.8656097], [12.4242517, 41.8656489], [12.423775, 41.8656609], [12.4238397, 41.8657662], [12.4239043, 41.8660941], [12.4234596, 41.8668542], [12.4232987, 41.867258], [12.4232982, 41.8681928]]}}, {"type": "Feature", "properties": {"id": "SS-ROM-0779", "nome": "Largo Alberto Missiroli", "quartiere": "Municipio Roma XII", "classificazione": "blu", "score": 2, "note": "zona pedonale / living street", "ciclabile": "no", "n_corsie": "1", "senso_unico": "no", "n_testimonianze": "0", "municipio": "XII"}, "geometry": {"type": "LineString", "coordinates": [[12.4441493, 41.8668176], [12.4448859, 41.8668238], [12.4448875, 41.8667173], [12.444151, 41.8667111], [12.4441493, 41.8668176]]}}, {"type": "Feature", "properties": {"id": "SS-ROM-0780", "nome": "Largo Alberto Pepere", "quartiere": "Municipio Roma XII", "classificazione": "giallo", "score": 3, "note": "strada urbana senza ciclabile (2 corsie)", "ciclabile": "no", "n_corsie": "2", "senso_unico": "no", "n_testimonianze": "0", "municipio": "XII"}, "geometry": {"type": "MultiLineString", "coordinates": [[[12.4389317, 41.8698296], [12.4391043, 41.8698055], [12.4397728, 41.8697157]], [[12.4398096, 41.8698622], [12.439748, 41.8698669], [12.4396899, 41.8698743], [12.4390156, 41.8699674], [12.4389653, 41.8699741]], [[12.4397728, 41.8697157], [12.4398096, 41.8698622]]]}}, {"type": "Feature", "properties": {"id": "SS-ROM-0846", "nome": "Largo Carlo Grigioni", "quartiere": "Municipio Roma XII", "classificazione": "giallo", "score": 3, "note": "strada urbana senza ciclabile (2 corsie)", "ciclabile": "no", "n_corsie": "2", "senso_unico": "si", "n_testimonianze": "0", "municipio": "XII"}, "geometry": {"type": "LineString", "coordinates": [[12.4443533, 41.8792132], [12.4443497, 41.8790605], [12.4444662, 41.8790616], [12.4447005, 41.879064], [12.4446965, 41.8791797], [12.4446961, 41.8791845], [12.4446922, 41.8792291]]}}, {"type": "Feature", "properties": {"id": "SS-ROM-0859", "nome": "Largo Cesare Reduzzi", "quartiere": "Municipio Roma XII", "classificazione": "giallo", "score": 3, "note": "strada urbana senza ciclabile (1 corsie)", "ciclabile": "no", "n_corsie": "1", "senso_unico": "si", "n_testimonianze": "0", "municipio": "XII"}, "geometry": {"type": "MultiLineString", "coordinates": [[[12.4105453, 41.8465581], [12.4103725, 41.8468413], [12.4103959, 41.8468526], [12.4107058, 41.8469593], [12.4105453, 41.8465581]], [[12.4109117, 41.8465245], [12.4109638, 41.8466532], [12.4109849, 41.8466952], [12.4110009, 41.846719], [12.4110185, 41.8467375], [12.4110449, 41.8467609], [12.4110749, 41.8467786], [12.4110959, 41.8467869], [12.4111627, 41.8467978]], [[12.4105453, 41.8465581], [12.4104582, 41.8463316], [12.4105056, 41.846307], [12.4105551, 41.8462835], [12.4106086, 41.8462647], [12.4106415, 41.8462585], [12.410669, 41.8462554], [12.4107086, 41.8462551], [12.4107359, 41.8462602], [12.4107648, 41.8462698], [12.4107948, 41.846285], [12.4108151, 41.8463014], [12.4108308, 41.8463246], [12.4108471, 41.8463551], [12.4108588, 41.8463855], [12.4109117, 41.8465245]], [[12.4106252, 41.8467541], [12.4105453, 41.8465581]], [[12.4107058, 41.8469593], [12.4106317, 41.8467694], [12.4106252, 41.8467541]]]}}, {"type": "Feature", "properties": {"id": "SS-ROM-0866", "nome": "Largo Città dei Ragazzi", "quartiere": "Municipio Roma XII", "classificazione": "blu", "score": 2, "note": "zona pedonale / living street", "ciclabile": "no", "n_corsie": "1", "senso_unico": "no", "n_testimonianze": "0", "municipio": "XII"}, "geometry": {"type": "LineString", "coordinates": [[12.3577083, 41.8450819], [12.3576431, 41.8450866], [12.3575795, 41.845075], [12.3575247, 41.8450483], [12.3574847, 41.8450097], [12.3574642, 41.8449634], [12.3574653, 41.8449146], [12.3574881, 41.8448689], [12.3575279, 41.8448325], [12.3575812, 41.8448075], [12.3576423, 41.8447965], [12.3577051, 41.8448005], [12.3577628, 41.8448191], [12.3578096, 41.8448505], [12.3578405, 41.8448914], [12.3578524, 41.8449374], [12.357844, 41.8449839], [12.3578147, 41.8450275], [12.3577677, 41.8450614], [12.3577083, 41.8450819]]}}, {"type": "Feature", "properties": {"id": "SS-ROM-0867", "nome": "Largo Claudio Fermi", "quartiere": "Municipio Roma XII", "classificazione": "giallo", "score": 3, "note": "strada urbana senza ciclabile (2 corsie)", "ciclabile": "no", "n_corsie": "2", "senso_unico": "si", "n_testimonianze": "0", "municipio": "XII"}, "geometry": {"type": "MultiLineString", "coordinates": [[[12.4439515, 41.8647658], [12.4440386, 41.8647724], [12.4443452, 41.8647473], [12.4443931, 41.8649769]], [[12.4443931, 41.8649769], [12.4440738, 41.8650085], [12.443991, 41.8650171]]]}}, {"type": "Feature", "properties": {"id": "SS-ROM-0881", "nome": "Largo Domenico Trentacoste", "quartiere": "Municipio Roma XII", "classificazione": "giallo", "score": 3, "note": "strada urbana senza ciclabile (1 corsie)", "ciclabile": "no", "n_corsie": "1", "senso_unico": "si", "n_testimonianze": "0", "municipio": "XII"}, "geometry": {"type": "MultiLineString", "coordinates": [[[12.4121068, 41.8503014], [12.4120392, 41.8501368], [12.4119712, 41.8499701], [12.4119634, 41.8499522]], [[12.4117002, 41.8502141], [12.4117981, 41.8501862], [12.4118407, 41.8501354], [12.4119059, 41.8501654], [12.4118663, 41.8502108], [12.4117981, 41.8501862]], [[12.4119059, 41.8501654], [12.4120392, 41.8501368], [12.4120928, 41.8501252]]]}}, {"type": "Feature", "properties": {"id": "SS-ROM-0898", "nome": "Largo Emilio Quadrelli", "quartiere": "Municipio Roma XII", "classificazione": "giallo", "score": 3, "note": "strada urbana senza ciclabile (1 corsie)", "ciclabile": "no", "n_corsie": "1", "senso_unico": "si", "n_testimonianze": "0", "municipio": "XII"}, "geometry": {"type": "LineString", "coordinates": [[12.4114225, 41.8486398], [12.4113952, 41.8485741], [12.4112868, 41.8483134]]}}, {"type": "Feature", "properties": {"id": "SS-ROM-0934", "nome": "Largo Gaetano La Loggia", "quartiere": "Municipio Roma XII", "classificazione": "giallo", "score": 3, "note": "strada urbana senza ciclabile (2 corsie)", "ciclabile": "no", "n_corsie": "2", "senso_unico": "si", "n_testimonianze": "0", "municipio": "XII"}, "geometry": {"type": "MultiLineString", "coordinates": [[[12.4458664, 41.8560821], [12.4459826, 41.8560426], [12.4461294, 41.8559805], [12.4464635, 41.8558533], [12.4467521, 41.8557486]], [[12.4458664, 41.8560821], [12.4459274, 41.8560025], [12.4461729, 41.855776], [12.4465541, 41.855454]], [[12.4466549, 41.8555449], [12.4466318, 41.8555459], [12.4466076, 41.8555399], [12.4465883, 41.8555275], [12.4465705, 41.8555119], [12.4465555, 41.8554912], [12.4465521, 41.8554741], [12.4465541, 41.855454]], [[12.446814, 41.8558641], [12.4466658, 41.8559404], [12.4466038, 41.8559765], [12.446558, 41.8560078], [12.446516, 41.856039], [12.4463346, 41.8562065], [12.4462799, 41.8562582], [12.4462116, 41.856321]], [[12.446814, 41.8558641], [12.446559, 41.8559569], [12.4462576, 41.8560821], [12.4461201, 41.8561423], [12.4460198, 41.8561777]], [[12.4466549, 41.8555449], [12.4467314, 41.855709], [12.4467521, 41.8557486]], [[12.4467521, 41.8557486], [12.4467765, 41.8557926], [12.4467913, 41.8558189], [12.446814, 41.8558641]], [[12.4460198, 41.8561777], [12.4459485, 41.8562054]], [[12.4458237, 41.8561053], [12.4458664, 41.8560821]]]}}, {"type": "Feature", "properties": {"id": "SS-ROM-0964", "nome": "Largo Giuncugnano", "quartiere": "Municipio Roma XII", "classificazione": "giallo", "score": 3, "note": "strada urbana senza ciclabile", "ciclabile": "no", "n_corsie": "2", "senso_unico": "no", "n_testimonianze": "0", "municipio": "XII"}, "geometry": {"type": "LineString", "coordinates": [[12.4375847, 41.8447633], [12.4374982, 41.8451659]]}}, {"type": "Feature", "properties": {"id": "SS-ROM-0984", "nome": "Largo Guglielmo Bilancioni", "quartiere": "Municipio Roma XII", "classificazione": "giallo", "score": 3, "note": "strada urbana senza ciclabile (1 corsie)", "ciclabile": "no", "n_corsie": "1", "senso_unico": "si", "n_testimonianze": "0", "municipio": "XII"}, "geometry": {"type": "MultiLineString", "coordinates": [[[12.4481349, 41.8787605], [12.4481807, 41.8787403], [12.4482128, 41.8787301], [12.4482564, 41.8787241], [12.4482999, 41.8787234], [12.448364, 41.8787256], [12.4484313, 41.8787332]], [[12.4484313, 41.8787332], [12.4483682, 41.8787539], [12.4483431, 41.8787688], [12.4483221, 41.8787838], [12.4482965, 41.8788058], [12.4482748, 41.8788278], [12.4482499, 41.8788564]]]}}, {"type": "Feature", "properties": {"id": "SS-ROM-0985", "nome": "Largo Guglielmo Henzen", "quartiere": "Municipio Roma XII", "classificazione": "giallo", "score": 3, "note": "strada urbana senza ciclabile (1 corsie)", "ciclabile": "no", "n_corsie": "1", "senso_unico": "si", "n_testimonianze": "0", "municipio": "XII"}, "geometry": {"type": "MultiLineString", "coordinates": [[[12.423943, 41.8391912], [12.4239455, 41.8391646], [12.423943, 41.8391385], [12.4239338, 41.8390844], [12.4239201, 41.8390464], [12.423899, 41.8390114], [12.4238804, 41.8389815], [12.4238545, 41.8389457], [12.4238265, 41.8389162], [12.4237896, 41.8388831], [12.4237542, 41.8388593], [12.4237336, 41.8388481], [12.4237166, 41.8388404], [12.4236918, 41.8388304], [12.4236836, 41.8388193]], [[12.4239965, 41.8391424], [12.4239623, 41.8390127], [12.4238316, 41.838855], [12.4241775, 41.838698], [12.4242582, 41.8387419], [12.4242386, 41.8388237], [12.4241127, 41.8389306], [12.4241709, 41.8390334], [12.4240653, 41.8391211], [12.4239965, 41.8391424]], [[12.4241506, 41.8390916], [12.424036, 41.8389505], [12.4240238, 41.8389292], [12.4240189, 41.8389126], [12.42402, 41.8388977], [12.4240265, 41.8388856], [12.4240314, 41.8388765], [12.4240491, 41.8388585], [12.4240704, 41.8388452], [12.4243014, 41.8387665]], [[12.4241907, 41.8386454], [12.4242386, 41.8386811], [12.4242817, 41.8387194], [12.4243115, 41.8387455]]]}}, {"type": "Feature", "properties": {"id": "SS-ROM-1016", "nome": "Largo Ludovico Quaroni", "quartiere": "Municipio Roma XII", "classificazione": "blu", "score": 2, "note": "zona pedonale / living street", "ciclabile": "no", "n_corsie": "1", "senso_unico": "no", "n_testimonianze": "0", "municipio": "XII"}, "geometry": {"type": "LineString", "coordinates": [[12.4076941, 41.8699663], [12.4080614, 41.8700184], [12.4079097, 41.870661], [12.4075398, 41.8706107], [12.4076188, 41.8702782], [12.4076941, 41.8699663]]}}, {"type": "Feature", "properties": {"id": "SS-ROM-1018", "nome": "Largo Luigi Cossa", "quartiere": "Municipio Roma XII", "classificazione": "blu", "score": 2, "note": "zona pedonale / living street", "ciclabile": "no", "n_corsie": "1", "senso_unico": "no", "n_testimonianze": "0", "municipio": "XII"}, "geometry": {"type": "LineString", "coordinates": [[12.417528, 41.8448165], [12.4176125, 41.8447838], [12.4176447, 41.8447571], [12.4176696, 41.8447202], [12.4176739, 41.8446944], [12.4176483, 41.8446511], [12.4175362, 41.8444665], [12.4174452, 41.8443167], [12.4175511, 41.8442775], [12.4178289, 41.8441749], [12.4181551, 41.8440577], [12.4182423, 41.8440266], [12.418342, 41.8441905], [12.4184377, 41.8443478], [12.4184854, 41.8444262], [12.4185605, 41.844443], [12.4187018, 41.8444108]]}}, {"type": "Feature", "properties": {"id": "SS-ROM-1019", "nome": "Largo Luigi Daga", "quartiere": "Municipio Roma XII", "classificazione": "rosso", "score": 4, "note": "strada secondaria trafficata (2 corsie)", "ciclabile": "no", "n_corsie": "2", "senso_unico": "no", "n_testimonianze": "0", "municipio": "XII"}, "geometry": {"type": "LineString", "coordinates": [[12.4287407, 41.8770641], [12.4285386, 41.8770643], [12.4283975, 41.8770654]]}}, {"type": "Feature", "properties": {"id": "SS-ROM-1055", "nome": "Largo Nostra Signora di Coromoto", "quartiere": "Municipio Roma XII", "classificazione": "giallo", "score": 3, "note": "strada urbana senza ciclabile (2 corsie)", "ciclabile": "no", "n_corsie": "2", "senso_unico": "si", "n_testimonianze": "0", "municipio": "XII"}, "geometry": {"type": "LineString", "coordinates": [[12.4435835, 41.8627042], [12.4436924, 41.8626923], [12.4441797, 41.8626419], [12.4441967, 41.8627159], [12.4442081, 41.8627737], [12.4437167, 41.8628229], [12.4436052, 41.8628345]]}}, {"type": "Feature", "properties": {"id": "SS-ROM-1056", "nome": "Largo Odoardo Tabacchi", "quartiere": "Municipio Roma XII", "classificazione": "giallo", "score": 3, "note": "strada urbana senza ciclabile (1 corsie)", "ciclabile": "no", "n_corsie": "1", "senso_unico": "si", "n_testimonianze": "0", "municipio": "XII"}, "geometry": {"type": "MultiLineString", "coordinates": [[[12.412844, 41.8520622], [12.4127861, 41.8519213], [12.412723, 41.851775]], [[12.4124503, 41.8520497], [12.4126585, 41.8520267], [12.4127355, 41.8520424], [12.4129133, 41.8520786], [12.412857, 41.8519364], [12.4127792, 41.85174], [12.4125807, 41.8518688], [12.412406, 41.851942], [12.4124319, 41.8520054], [12.4124481, 41.8520445], [12.4124503, 41.8520497]]]}}, {"type": "Feature", "properties": {"id": "SS-ROM-1057", "nome": "Largo Oliviero Zuccarini", "quartiere": "Municipio Roma XII", "classificazione": "giallo", "score": 3, "note": "strada urbana senza ciclabile (1 corsie)", "ciclabile": "no", "n_corsie": "1", "senso_unico": "si", "n_testimonianze": "0", "municipio": "XII"}, "geometry": {"type": "MultiLineString", "coordinates": [[[12.4457514, 41.8504203], [12.4456636, 41.85045], [12.4454807, 41.8504688], [12.4454432, 41.8504706]], [[12.4457514, 41.8504203], [12.4458089, 41.8504158], [12.4461956, 41.8504343], [12.4463493, 41.8504412], [12.4464628, 41.8504417], [12.4465348, 41.8504328], [12.4466108, 41.8504141], [12.4467057, 41.8503798], [12.4474225, 41.8500891]]]}}, {"type": "Feature", "properties": {"id": "SS-ROM-1086", "nome": "Largo Pio Fedi", "quartiere": "Municipio Roma XII", "classificazione": "giallo", "score": 3, "note": "strada urbana senza ciclabile (1 corsie)", "ciclabile": "no", "n_corsie": "1", "senso_unico": "si", "n_testimonianze": "0", "municipio": "XII"}, "geometry": {"type": "LineString", "coordinates": [[12.4135324, 41.8537432], [12.4134719, 41.8535945], [12.4133987, 41.8534148]]}}, {"type": "Feature", "properties": {"id": "SS-ROM-1114", "nome": "Largo Sant'Eufrasia Pelletier", "quartiere": "Municipio Roma XII", "classificazione": "giallo", "score": 3, "note": "strada urbana senza ciclabile (1 corsie)", "ciclabile": "no", "n_corsie": "1", "senso_unico": "si", "n_testimonianze": "0", "municipio": "XII"}, "geometry": {"type": "LineString", "coordinates": [[12.4454568, 41.8689284], [12.4454578, 41.8688727], [12.4454593, 41.868278], [12.4454602, 41.8681923]]}}, {"type": "Feature", "properties": {"id": "SS-ROM-1150", "nome": "Largo Victor Hugo Girolami", "quartiere": "Municipio Roma XII", "classificazione": "giallo", "score": 3, "note": "strada urbana senza ciclabile (2 corsie)", "ciclabile": "no", "n_corsie": "2", "senso_unico": "no", "n_testimonianze": "0", "municipio": "XII"}, "geometry": {"type": "MultiLineString", "coordinates": [[[12.4420606, 41.8652303], [12.4421067, 41.8651335], [12.4424224, 41.865207]], [[12.4420606, 41.8652303], [12.4424076, 41.8653142]], [[12.4424224, 41.865207], [12.4424076, 41.8653142]]]}}, {"type": "Feature", "properties": {"id": "SS-ROM-1180", "nome": "Largo dei della Bitta", "quartiere": "Municipio Roma XII", "classificazione": "giallo", "score": 3, "note": "strada urbana senza ciclabile", "ciclabile": "no", "n_corsie": "2", "senso_unico": "si", "n_testimonianze": "0", "municipio": "XII"}, "geometry": {"type": "LineString", "coordinates": [[12.4194271, 41.8585599], [12.4193213, 41.8585475], [12.4192216, 41.8585351], [12.4192587, 41.8583169], [12.419284, 41.8581635], [12.4194085, 41.8581756], [12.4195002, 41.858185]]}}, {"type": "Feature", "properties": {"id": "SS-ROM-1183", "nome": "Largo del Casale Consorti", "quartiere": "Municipio Roma XII", "classificazione": "blu", "score": 2, "note": "zona pedonale / living street", "ciclabile": "no", "n_corsie": "1", "senso_unico": "no", "n_testimonianze": "0", "municipio": "XII"}, "geometry": {"type": "MultiLineString", "coordinates": [[[12.4312427, 41.8755526], [12.431462, 41.8755704]], [[12.4308574, 41.8757687], [12.4312427, 41.8755526]], [[12.4312427, 41.8755526], [12.4314643, 41.8757599], [12.4314498, 41.8757185], [12.4314434, 41.8756871], [12.4314406, 41.8756557], [12.4314432, 41.8756223], [12.431462, 41.8755704], [12.4314808, 41.8755395], [12.4315022, 41.8755145], [12.4315401, 41.8754797], [12.4315955, 41.8754465], [12.4315614, 41.8753929], [12.4312427, 41.8755526]]]}}, {"type": "Feature", "properties": {"id": "SS-ROM-1185", "nome": "Largo del Casale degli Inglesi", "quartiere": "Municipio Roma XII", "classificazione": "giallo", "score": 3, "note": "strada urbana senza ciclabile", "ciclabile": "no", "n_corsie": "2", "senso_unico": "no", "n_testimonianze": "0", "municipio": "XII"}, "geometry": {"type": "MultiLineString", "coordinates": [[[12.425365, 41.8375524], [12.4254127, 41.8375587], [12.425453, 41.837565], [12.4254979, 41.8375773], [12.425548, 41.8375971], [12.4255866, 41.8376234], [12.4256377, 41.8376695]], [[12.4256049, 41.8372979], [12.4257427, 41.8373567]], [[12.4254556, 41.8375325], [12.4257281, 41.8372562], [12.4259218, 41.8373627], [12.4259668, 41.8373967], [12.42593, 41.8374317], [12.4260001, 41.8375062], [12.4260573, 41.8376002], [12.4260472, 41.8376744], [12.4256851, 41.8377221], [12.4256568, 41.8376691], [12.4255986, 41.8376066], [12.4255128, 41.8375609], [12.4254556, 41.8375325]], [[12.4257854, 41.8376364], [12.42575, 41.8375965], [12.4257147, 41.8375632], [12.425603, 41.837495], [12.4256402, 41.8374554], [12.4257171, 41.8373813], [12.4257427, 41.8373567], [12.425813, 41.837388], [12.4258823, 41.8374293], [12.4259365, 41.8374773], [12.4259865, 41.8375398], [12.4260187, 41.8375937], [12.4257854, 41.8376364]]]}}, {"type": "Feature", "properties": {"id": "SS-ROM-1275", "nome": "Mercato Rionale", "quartiere": "Municipio Roma XII", "classificazione": "blu", "score": 2, "note": "zona pedonale / living street", "ciclabile": "no", "n_corsie": "1", "senso_unico": "no", "n_testimonianze": "0", "municipio": "XII"}, "geometry": {"type": "MultiLineString", "coordinates": [[[12.4843324, 41.9298839], [12.4844629, 41.9300274], [12.4846177, 41.9302135], [12.4845089, 41.9302997], [12.4841581, 41.9300539], [12.48389, 41.9299037], [12.4836944, 41.9297524], [12.483567, 41.9296504], [12.4836571, 41.9295852], [12.4839254, 41.9296937], [12.4842188, 41.9297925], [12.4843324, 41.9298839]], [[12.4468527, 41.8751703], [12.4470959, 41.8753453], [12.4479715, 41.8746703], [12.4477282, 41.8744954], [12.4468527, 41.8751703]], [[12.5433128, 41.9138221], [12.543555, 41.9134631], [12.5437222, 41.9135255], [12.5438716, 41.9135813], [12.5440398, 41.9136442], [12.5437976, 41.9140032], [12.5436345, 41.9139423], [12.5434829, 41.9138857], [12.5433128, 41.9138221]], [[12.519136, 41.909773], [12.5197911, 41.9096047], [12.5195358, 41.9090544], [12.5188807, 41.9092227], [12.5189389, 41.9093482], [12.519024, 41.9095317], [12.519136, 41.909773]], [[12.537669, 41.9072729], [12.5379494, 41.9072396], [12.5378629, 41.9067394], [12.5375834, 41.9067656], [12.537669, 41.9072729]], [[12.4673257, 41.8626406], [12.4678117, 41.8627731], [12.4676199, 41.8631636], [12.4671337, 41.8630311], [12.4673257, 41.8626406]]]}}, {"type": "Feature", "properties": {"id": "SS-ROM-1338", "nome": "Piazza Alan Turing", "quartiere": "Municipio Roma XII", "classificazione": "giallo", "score": 3, "note": "strada urbana senza ciclabile", "ciclabile": "no", "n_corsie": "2", "senso_unico": "no", "n_testimonianze": "0", "municipio": "XII"}, "geometry": {"type": "LineString", "coordinates": [[12.4155664, 41.8401672], [12.4155539, 41.840192], [12.4155477, 41.8402229], [12.4155539, 41.8402578], [12.4155695, 41.840291], [12.4155976, 41.8403158], [12.4157378, 41.8403878], [12.4157763, 41.840394], [12.4158262, 41.8403901], [12.4158771, 41.8403731], [12.4159135, 41.8403483], [12.4159353, 41.8403181], [12.4159436, 41.8402849], [12.4159353, 41.8402415], [12.4159103, 41.8402059], [12.4158404, 41.8401677], [12.4157628, 41.8401254], [12.4157264, 41.8401161], [12.4156776, 41.8401161], [12.4156277, 41.8401277], [12.4155913, 41.8401447], [12.4155664, 41.8401672]]}}, {"type": "Feature", "properties": {"id": "SS-ROM-1347", "nome": "Piazza Alfonso Neuschuler", "quartiere": "Municipio Roma XII", "classificazione": "giallo", "score": 3, "note": "strada urbana senza ciclabile (1 corsie)", "ciclabile": "no", "n_corsie": "1", "senso_unico": "si", "n_testimonianze": "0", "municipio": "XII"}, "geometry": {"type": "MultiLineString", "coordinates": [[[12.4477517, 41.8592944], [12.4474707, 41.8593599]], [[12.4474159, 41.8592284], [12.4474657, 41.8592215], [12.4475461, 41.8592103], [12.4477111, 41.8591763], [12.4477517, 41.8592944], [12.4477652, 41.8593397], [12.4477796, 41.8593881], [12.4476302, 41.8594237], [12.4475498, 41.859473], [12.4475148, 41.8594945]]]}}, {"type": "Feature", "properties": {"id": "SS-ROM-1386", "nome": "Piazza Biagio Pace", "quartiere": "Municipio Roma XII", "classificazione": "rosso", "score": 4, "note": "strada secondaria trafficata (2 corsie)", "ciclabile": "no", "n_corsie": "2", "senso_unico": "no", "n_testimonianze": "0", "municipio": "XII"}, "geometry": {"type": "MultiLineString", "coordinates": [[[12.4306394, 41.8772247], [12.4305328, 41.877061]], [[12.4315486, 41.8770109], [12.4314828, 41.8769676], [12.4314345, 41.8769399], [12.4314006, 41.8769228], [12.4313693, 41.8769096], [12.4313354, 41.8768985], [12.4312987, 41.8768883], [12.431269, 41.8768858], [12.4312333, 41.8768867], [12.4311718, 41.8768947], [12.4311304, 41.8769026], [12.4310757, 41.8769166], [12.4310285, 41.8769301], [12.4305762, 41.8770517], [12.4305328, 41.877061]], [[12.4306394, 41.8772247], [12.4307866, 41.8771904], [12.4308608, 41.8771731]], [[12.4315486, 41.8770109], [12.4313185, 41.8770716]], [[12.4313185, 41.8770716], [12.4309647, 41.8771799], [12.4308608, 41.8771731]]]}}, {"type": "Feature", "properties": {"id": "SS-ROM-1408", "nome": "Piazza Carlo Alberto Scotti", "quartiere": "Municipio Roma XII", "classificazione": "giallo", "score": 3, "note": "strada urbana senza ciclabile (2 corsie)", "ciclabile": "no", "n_corsie": "2", "senso_unico": "no", "n_testimonianze": "0", "municipio": "XII"}, "geometry": {"type": "MultiLineString", "coordinates": [[[12.4463722, 41.8695227], [12.4462233, 41.8697207]], [[12.4460619, 41.8699405], [12.4458765, 41.8698638], [12.4457485, 41.8698101], [12.445741, 41.8697872], [12.4457388, 41.8697662], [12.4457426, 41.8697393], [12.4458536, 41.8695867], [12.4459852, 41.8694056], [12.4460057, 41.8693932], [12.4460275, 41.8693877], [12.4460568, 41.8693932], [12.4460813, 41.8694012], [12.4461745, 41.8694421], [12.4463174, 41.8695006], [12.4463722, 41.8695227]], [[12.4456926, 41.8698754], [12.4459332, 41.8699691], [12.4460825, 41.8700178], [12.4461949, 41.8698616], [12.4463212, 41.8696882], [12.4464541, 41.869517], [12.4463063, 41.8693946], [12.4460746, 41.8693112], [12.4459721, 41.869298], [12.4458502, 41.8694693], [12.4457719, 41.8695571], [12.4456563, 41.8696981], [12.4456598, 41.8697359], [12.4456885, 41.8698581], [12.4456926, 41.8698754]], [[12.4462233, 41.8697207], [12.4460619, 41.8699405]]]}}, {"type": "Feature", "properties": {"id": "SS-ROM-1470", "nome": "Piazza Ettore Casati", "quartiere": "Municipio Roma XII", "classificazione": "blu", "score": 2, "note": "zona pedonale / living street", "ciclabile": "no", "n_corsie": "1", "senso_unico": "no", "n_testimonianze": "0", "municipio": "XII"}, "geometry": {"type": "MultiLineString", "coordinates": [[[12.3842341, 41.8796679], [12.384283, 41.8796596], [12.3843337, 41.8796659], [12.3843775, 41.8796888], [12.3844057, 41.8797237], [12.3844057, 41.8797838], [12.3843775, 41.8798185], [12.3843099, 41.879846], [12.3842443, 41.8798425], [12.3841873, 41.8798124], [12.3841648, 41.8797804], [12.3841627, 41.8797593], [12.3841609, 41.8797404], [12.3841803, 41.8797021], [12.3842341, 41.8796679]], [[12.3842869, 41.8797342], [12.3842941, 41.8797694], [12.3843099, 41.879846]], [[12.3842869, 41.8797342], [12.3844057, 41.8797237]], [[12.3842341, 41.8796679], [12.3842869, 41.8797342]]]}}, {"type": "Feature", "properties": {"id": "SS-ROM-1476", "nome": "Piazza Fabrizio Napolitani", "quartiere": "Municipio Roma XII", "classificazione": "giallo", "score": 3, "note": "strada urbana senza ciclabile", "ciclabile": "no", "n_corsie": "2", "senso_unico": "si", "n_testimonianze": "0", "municipio": "XII"}, "geometry": {"type": "MultiLineString", "coordinates": [[[12.357672, 41.8740119], [12.3580383, 41.8738016]], [[12.3581191, 41.8738778], [12.3577538, 41.8740901]]]}}, {"type": "Feature", "properties": {"id": "SS-ROM-1499", "nome": "Piazza Gaetano Mosca", "quartiere": "Municipio Roma XII", "classificazione": "giallo", "score": 3, "note": "strada urbana senza ciclabile (2 corsie)", "ciclabile": "no", "n_corsie": "2", "senso_unico": "no", "n_testimonianze": "0", "municipio": "XII"}, "geometry": {"type": "MultiLineString", "coordinates": [[[12.4419077, 41.844201], [12.4420843, 41.8440719]], [[12.4420843, 41.8440719], [12.4420521, 41.8440389], [12.4420345, 41.844004], [12.4420318, 41.8439712], [12.4420336, 41.8439495], [12.4420462, 41.8439279], [12.4420714, 41.8439093], [12.4420992, 41.8438987], [12.442142, 41.8438902], [12.4421875, 41.8438896], [12.4422531, 41.8438976], [12.4423147, 41.8439203], [12.4423591, 41.8439408], [12.4424006, 41.8439728], [12.4424326, 41.8440088], [12.4424525, 41.8440346], [12.4424538, 41.8440646], [12.4424501, 41.8440882], [12.4424357, 41.8441118], [12.4424025, 41.8441254], [12.4423585, 41.844131], [12.4422799, 41.8441288], [12.4422012, 41.8441187]], [[12.4422012, 41.8441187], [12.4421347, 41.8440973], [12.4420843, 41.8440719]]]}}, {"type": "Feature", "properties": {"id": "SS-ROM-1638", "nome": "Piazza Pietro Merolli", "quartiere": "Municipio Roma XII", "classificazione": "giallo", "score": 3, "note": "strada urbana senza ciclabile (1 corsie)", "ciclabile": "no", "n_corsie": "1", "senso_unico": "si", "n_testimonianze": "0", "municipio": "XII"}, "geometry": {"type": "MultiLineString", "coordinates": [[[12.4426479, 41.8615217], [12.4427347, 41.8619889], [12.4421231, 41.8620454]], [[12.4420315, 41.8615758], [12.4426479, 41.8615217]]]}}, {"type": "Feature", "properties": {"id": "SS-ROM-1688", "nome": "Piazza San Giovanni di Dio", "quartiere": "Municipio Roma XII", "classificazione": "giallo", "score": 3, "note": "strada urbana senza ciclabile (1 corsie)", "ciclabile": "no", "n_corsie": "1", "senso_unico": "si", "n_testimonianze": "0", "municipio": "XII"}, "geometry": {"type": "MultiLineString", "coordinates": [[[12.4474405, 41.8741691], [12.4473396, 41.874251], [12.4472378, 41.8743632], [12.4472196, 41.8743833], [12.4471942, 41.8744146], [12.4471771, 41.8744332], [12.4471513, 41.8744576], [12.4471264, 41.8744762], [12.4469892, 41.8745794], [12.4469504, 41.8746082], [12.4465215, 41.8749288], [12.4464803, 41.8749592], [12.4463704, 41.8750415]], [[12.4470199, 41.8754584], [12.4471033, 41.8753996], [12.4480328, 41.8747034], [12.4481102, 41.8746457]], [[12.4472553, 41.8740351], [12.4473231, 41.8740841], [12.4473515, 41.8741047], [12.4474405, 41.8741691]], [[12.4463704, 41.8750415], [12.4462664, 41.8749747], [12.446237, 41.8749559], [12.4461316, 41.8748882]], [[12.4461316, 41.8748882], [12.4462456, 41.8747979], [12.4466468, 41.8744787], [12.4467108, 41.8744307], [12.446773, 41.8743867], [12.4471774, 41.8740926], [12.4472553, 41.8740351]], [[12.4463704, 41.8750415], [12.4464976, 41.875062], [12.4467427, 41.8752178], [12.4469706, 41.8753596], [12.4470199, 41.8754584]], [[12.4481102, 41.8746457], [12.4478814, 41.8745003], [12.4477399, 41.8743993], [12.4476228, 41.8743063], [12.4475916, 41.8742827], [12.4474405, 41.8741691]], [[12.4470199, 41.8754584], [12.4468835, 41.8754232], [12.4466508, 41.8752747], [12.4464642, 41.8751566], [12.4464149, 41.8751245], [12.4463704, 41.8750415]], [[12.4472378, 41.8743632], [12.4472791, 41.8744052], [12.4472873, 41.8744134], [12.447355, 41.8744808], [12.4472161, 41.8746224], [12.4471996, 41.8746916], [12.447153, 41.8747431], [12.4470835, 41.8747864], [12.4469624, 41.8748349], [12.4468605, 41.8748817], [12.4467924, 41.8749324], [12.4467705, 41.8749519], [12.4467525, 41.8749731], [12.4467342, 41.8749997], [12.446727, 41.8750119], [12.4467244, 41.875028], [12.4467283, 41.8750413], [12.4467351, 41.8750545], [12.4467478, 41.8750682], [12.4467643, 41.8750802], [12.4468473, 41.8751362]], [[12.4468473, 41.8751362], [12.4467867, 41.8751811], [12.4467427, 41.8752178]], [[12.4475076, 41.8745838], [12.4473868, 41.8745023], [12.447355, 41.8744808]], [[12.4468473, 41.8751362], [12.4471086, 41.874942], [12.4472575, 41.874835], [12.4473894, 41.8746836], [12.4475076, 41.8745838], [12.4476712, 41.8744507], [12.4477399, 41.8743993]], [[12.4468527, 41.8751703], [12.44682, 41.8751965], [12.4465782, 41.8750382], [12.4465704, 41.8750285], [12.4465709, 41.8750137], [12.4465881, 41.8749954], [12.4468528, 41.8747971], [12.4469442, 41.8747926], [12.4471043, 41.8746697], [12.4471266, 41.8745838], [12.4472244, 41.8744936], [12.4473919, 41.8743286], [12.4474187, 41.8743149], [12.4474509, 41.874313], [12.4474831, 41.8743201], [12.4477282, 41.8744954], [12.4468527, 41.8751703]]]}}, {"type": "Feature", "properties": {"id": "SS-ROM-1706", "nome": "Piazza Scansano", "quartiere": "Municipio Roma XII", "classificazione": "giallo", "score": 3, "note": "strada urbana senza ciclabile", "ciclabile": "no", "n_corsie": "2", "senso_unico": "si", "n_testimonianze": "0", "municipio": "XII"}, "geometry": {"type": "MultiLineString", "coordinates": [[[12.4388837, 41.8481525], [12.4387697, 41.8485099], [12.438687, 41.8487689]], [[12.4385809, 41.8487479], [12.4386659, 41.8484923], [12.4387838, 41.8481377], [12.4388837, 41.8481525]]]}}, {"type": "Feature", "properties": {"id": "SS-ROM-1748", "nome": "Piazza Vincenzo Ceresi", "quartiere": "Municipio Roma XII", "classificazione": "giallo", "score": 3, "note": "strada urbana senza ciclabile (1 corsie)", "ciclabile": "no", "n_corsie": "1", "senso_unico": "si", "n_testimonianze": "0", "municipio": "XII"}, "geometry": {"type": "MultiLineString", "coordinates": [[[12.4474522, 41.8782367], [12.4475424, 41.8782893], [12.4475931, 41.8783248], [12.447627, 41.8783571], [12.4476654, 41.878405]], [[12.4470815, 41.8784997], [12.4470923, 41.8784615], [12.4471023, 41.8784388], [12.4471204, 41.8784122], [12.4471385, 41.8783913]], [[12.4476654, 41.878405], [12.4476361, 41.8784108], [12.4475962, 41.8784168], [12.4475507, 41.8784208], [12.447491, 41.8784235], [12.4474459, 41.8784243], [12.4474066, 41.878425], [12.4472447, 41.8784238], [12.4472189, 41.8784229], [12.447201, 41.8784205], [12.4471848, 41.8784167], [12.4471718, 41.8784124], [12.4471582, 41.8784067], [12.4471474, 41.8783998], [12.4471385, 41.8783913], [12.4471312, 41.8783796], [12.4471255, 41.8783667], [12.4471183, 41.8783431], [12.4471154, 41.8783181], [12.4471158, 41.8782895], [12.4471159, 41.8782605], [12.447119, 41.8782425], [12.4471221, 41.8782257], [12.4471501, 41.8781521]], [[12.4471158, 41.8782895], [12.4471602, 41.8782856], [12.4472144, 41.8782843], [12.4472614, 41.8782883], [12.4473097, 41.8782973], [12.4473539, 41.8783102], [12.4473954, 41.878327], [12.4474271, 41.8783452], [12.4474534, 41.8783674], [12.4474735, 41.8783945], [12.447491, 41.8784235]], [[12.4471501, 41.8781521], [12.447204, 41.8781611], [12.4473213, 41.8781893], [12.4474522, 41.8782367]]]}}, {"type": "Feature", "properties": {"id": "SS-ROM-1832", "nome": "Piazza del Sacro Cuore", "quartiere": "Municipio Roma XII", "classificazione": "giallo", "score": 3, "note": "strada urbana senza ciclabile (1 corsie)", "ciclabile": "no", "n_corsie": "1", "senso_unico": "si", "n_testimonianze": "0", "municipio": "XII"}, "geometry": {"type": "MultiLineString", "coordinates": [[[12.4399188, 41.8727655], [12.4401203, 41.8734585], [12.4401364, 41.8735175]], [[12.4397923, 41.8727856], [12.4397794, 41.8728061], [12.4397745, 41.8728312], [12.4397744, 41.8728522], [12.4398404, 41.8730989], [12.4399486, 41.8734818], [12.4399662, 41.8735422]]]}}, {"type": "Feature", "properties": {"id": "SS-ROM-1864", "nome": "Piazza della Madonna di Pompei", "quartiere": "Municipio Roma XII", "classificazione": "giallo", "score": 3, "note": "strada urbana senza ciclabile", "ciclabile": "no", "n_corsie": "2", "senso_unico": "no", "n_testimonianze": "0", "municipio": "XII"}, "geometry": {"type": "MultiLineString", "coordinates": [[[12.4309842, 41.8346871], [12.4309774, 41.8347581], [12.4307422, 41.8347557], [12.4307518, 41.834671], [12.4309842, 41.8346871]], [[12.4310513, 41.8345332], [12.4310168, 41.834621], [12.4309842, 41.8346871]], [[12.4306922, 41.8346038], [12.4306953, 41.8345886], [12.4307781, 41.8345954], [12.4309615, 41.8345854], [12.4309719, 41.8345884], [12.4309744, 41.8345954], [12.4309689, 41.8346051], [12.4311473, 41.8346056], [12.4310842, 41.8347684], [12.4309527, 41.8348226], [12.4307976, 41.834926], [12.4306455, 41.8349444], [12.4306755, 41.8347332], [12.4306795, 41.8347049], [12.4306922, 41.8346038]]]}}, {"type": "Feature", "properties": {"id": "SS-ROM-1880", "nome": "Piazza della Trasfigurazione", "quartiere": "Municipio Roma XII", "classificazione": "giallo", "score": 3, "note": "strada urbana senza ciclabile (1 corsie)", "ciclabile": "no", "n_corsie": "1", "senso_unico": "si", "n_testimonianze": "0", "municipio": "XII"}, "geometry": {"type": "LineString", "coordinates": [[12.4467708, 41.8714335], [12.4466586, 41.8714238], [12.4461236, 41.871368]]}}, {"type": "Feature", "properties": {"id": "SS-ROM-2008", "nome": "Piazzale Eugenio Morelli", "quartiere": "Municipio Roma XII", "classificazione": "rosso", "score": 4, "note": "strada principale trafficata (2 corsie)", "ciclabile": "no", "n_corsie": "2", "senso_unico": "si", "n_testimonianze": "0", "municipio": "XII"}, "geometry": {"type": "MultiLineString", "coordinates": [[[12.4430013, 41.8594693], [12.4430271, 41.8595643], [12.4430498, 41.8596697]], [[12.4430942, 41.8598805], [12.4432063, 41.8599835], [12.4432533, 41.8600293], [12.4432915, 41.860079], [12.4433457, 41.8601485], [12.4433945, 41.8602194], [12.4434322, 41.8602752], [12.4434611, 41.8603222], [12.4434882, 41.8603797], [12.4435621, 41.8605319], [12.4435891, 41.8606037], [12.4436053, 41.8606504], [12.4436171, 41.8606932], [12.4436273, 41.8607424], [12.4436416, 41.8608472], [12.4436535, 41.8609154]], [[12.4430013, 41.8594693], [12.4431336, 41.8595365], [12.4432624, 41.8596294], [12.4433007, 41.8596546], [12.4434057, 41.8597451]], [[12.4431365, 41.8608909], [12.4431311, 41.8608314], [12.4431019, 41.8606393], [12.4430712, 41.8604844], [12.443011, 41.8601447], [12.4429842, 41.8599776], [12.4429499, 41.8597938]], [[12.4434057, 41.8597451], [12.443454, 41.8599734], [12.4434796, 41.8600583], [12.443505, 41.8601228], [12.4435315, 41.8601726], [12.4435987, 41.86029], [12.4436381, 41.8603546], [12.4436747, 41.8604261], [12.4437034, 41.8605111], [12.4437209, 41.8605924], [12.4437357, 41.8606698], [12.4437461, 41.8607296], [12.4437554, 41.8607893]], [[12.4436535, 41.8609154], [12.443428, 41.8609421], [12.4433839, 41.8609465], [12.4432764, 41.8609573]], [[12.4437554, 41.8607893], [12.4437074, 41.8608489], [12.4436535, 41.8609154]], [[12.4430498, 41.8596697], [12.4430942, 41.8598805]], [[12.4430942, 41.8598805], [12.4432434, 41.8607522], [12.4432764, 41.8609573]], [[12.4432764, 41.8609573], [12.4432352, 41.8609425], [12.4431717, 41.8609126], [12.4431365, 41.8608909]], [[12.4430498, 41.8596697], [12.4430906, 41.8596492], [12.4431219, 41.8596371], [12.4431486, 41.8596305], [12.4431737, 41.8596284], [12.4432624, 41.8596294]]]}}, {"type": "Feature", "properties": {"id": "SS-ROM-2027", "nome": "Piazzale Maria la Giudea", "quartiere": "Municipio Roma XII", "classificazione": "giallo", "score": 3, "note": "strada urbana senza ciclabile", "ciclabile": "no", "n_corsie": "2", "senso_unico": "no", "n_testimonianze": "0", "municipio": "XII"}, "geometry": {"type": "MultiLineString", "coordinates": [[[12.4196445, 41.8396147], [12.4196479, 41.8395574], [12.4196259, 41.8395025], [12.419581, 41.839456], [12.4195181, 41.839423], [12.4194441, 41.8394072], [12.4193673, 41.8394103], [12.4192976, 41.8394313], [12.4192405, 41.8394679], [12.4192023, 41.8395161], [12.4191847, 41.8395534], [12.4191957, 41.8396266], [12.4192281, 41.8396772], [12.4192806, 41.8397174], [12.4193476, 41.8397429], [12.4194238, 41.839751], [12.4194993, 41.8397401], [12.4195659, 41.8397114], [12.4196161, 41.839668], [12.4196445, 41.8396147]], [[12.419582, 41.8395943], [12.4195832, 41.8395544], [12.4195671, 41.8395164], [12.4195355, 41.8394842], [12.4194917, 41.8394613], [12.4194403, 41.83945], [12.4193868, 41.8394517], [12.4193369, 41.839466], [12.4192948, 41.8394923], [12.4192668, 41.8395275], [12.4192558, 41.8395675], [12.4192631, 41.8396081], [12.4192878, 41.8396446], [12.4193273, 41.8396729], [12.4193772, 41.8396901], [12.4194318, 41.839694], [12.4194852, 41.8396844], [12.4195303, 41.8396629], [12.4195637, 41.8396318], [12.419582, 41.8395943]], [[12.4193476, 41.8397429], [12.4192892, 41.8399402], [12.4192759, 41.839976], [12.4192583, 41.8400118], [12.4192381, 41.8400398], [12.4192136, 41.8400677], [12.4191852, 41.8400969], [12.4190882, 41.8401964], [12.4188607, 41.8404299], [12.4187918, 41.8405006], [12.4186946, 41.8405165], [12.4185852, 41.8404916], [12.4185335, 41.840444], [12.4185092, 41.8403739], [12.4185518, 41.8402969], [12.4189112, 41.8399167], [12.4189795, 41.8399048], [12.4190159, 41.8399029], [12.419057, 41.8399058], [12.4190944, 41.8399142], [12.4191232, 41.8399242], [12.4191545, 41.8399449], [12.4191772, 41.8399673], [12.4191947, 41.8399991], [12.4192074, 41.8400355], [12.4192136, 41.8400677]], [[12.4185725, 41.8404025], [12.4185993, 41.8404404], [12.4186691, 41.8404584], [12.4187361, 41.8404584], [12.4187791, 41.8404285], [12.4191331, 41.8400648], [12.4191438, 41.8400228], [12.4191412, 41.8399968], [12.4191117, 41.8399689], [12.4190875, 41.8399489], [12.4190446, 41.8399349], [12.4190044, 41.8399369], [12.4189507, 41.8399529], [12.4185806, 41.8403365], [12.4185725, 41.8404025]]]}}, {"type": "Feature", "properties": {"id": "SS-ROM-2048", "nome": "Piazzale Vittorio Poggi", "quartiere": "Municipio Roma XII", "classificazione": "giallo", "score": 3, "note": "strada urbana senza ciclabile (1 corsie)", "ciclabile": "no", "n_corsie": "1", "senso_unico": "si", "n_testimonianze": "0", "municipio": "XII"}, "geometry": {"type": "LineString", "coordinates": [[12.4363185, 41.8763879], [12.4363033, 41.8763222], [12.4363001, 41.876289], [12.4363091, 41.876271], [12.4363207, 41.8762563], [12.4365301, 41.8760476], [12.436729, 41.875847], [12.4368193, 41.875822], [12.4369592, 41.8758166]]}}, {"type": "Feature", "properties": {"id": "SS-ROM-2095", "nome": "Piazzetta del Bel Respiro", "quartiere": "Municipio Roma XII", "classificazione": "rosso", "score": 4, "note": "strada principale trafficata (3 corsie)", "ciclabile": "no", "n_corsie": "3", "senso_unico": "si", "n_testimonianze": "0", "municipio": "XII"}, "geometry": {"type": "MultiLineString", "coordinates": [[[12.4412273, 41.8791038], [12.4411705, 41.8791636], [12.4411361, 41.8792083], [12.4411185, 41.8792418], [12.4411091, 41.8792754], [12.4411083, 41.8793091], [12.4411095, 41.8793384], [12.4411776, 41.8797396], [12.4411866, 41.8797935], [12.4412111, 41.8799423]], [[12.4410287, 41.8799972], [12.4410063, 41.8798178], [12.4409979, 41.8797631], [12.4409641, 41.8795512], [12.4409457, 41.8794037], [12.4409345, 41.8793167], [12.4409338, 41.8792673], [12.4409413, 41.879233]], [[12.4409413, 41.879233], [12.4409762, 41.879178], [12.441007, 41.8791298], [12.4410393, 41.8790908], [12.4410797, 41.8790506]]]}}, {"type": "Feature", "properties": {"id": "SS-ROM-2385", "nome": "Via Adalberto Libera", "quartiere": "Municipio Roma XII", "classificazione": "giallo", "score": 3, "note": "strada urbana senza ciclabile", "ciclabile": "no", "n_corsie": "2", "senso_unico": "no", "n_testimonianze": "0", "municipio": "XII"}, "geometry": {"type": "LineString", "coordinates": [[12.3986213, 41.8741778], [12.3992599, 41.8743769], [12.3995604, 41.8744647], [12.4013225, 41.8750047], [12.4016943, 41.8748082], [12.4017098, 41.8747976], [12.40172, 41.874787], [12.4017254, 41.8747762], [12.4017289, 41.8747586], [12.4017334, 41.8747116]]}}, {"type": "Feature", "properties": {"id": "SS-ROM-2395", "nome": "Via Adeodato Matricardi", "quartiere": "Municipio Roma XII", "classificazione": "giallo", "score": 3, "note": "strada urbana senza ciclabile (1 corsie)", "ciclabile": "no", "n_corsie": "1", "senso_unico": "si", "n_testimonianze": "0", "municipio": "XII"}, "geometry": {"type": "LineString", "coordinates": [[12.447275, 41.8546955], [12.4471426, 41.8546614], [12.4468374, 41.8546056], [12.4467376, 41.8545864], [12.4466392, 41.854564], [12.4465475, 41.8545386], [12.4464231, 41.8544938], [12.4463235, 41.8544575], [12.4462159, 41.8544132], [12.4461226, 41.8543716], [12.4459672, 41.854301], [12.4458078, 41.8542234], [12.4450251, 41.8538228], [12.4449546, 41.8537845], [12.4448919, 41.853753], [12.4442071, 41.8533589], [12.4439902, 41.8532216], [12.4436302, 41.8530193], [12.4435633, 41.852987]]}}, {"type": "Feature", "properties": {"id": "SS-ROM-2396", "nome": "Via Adeodato Ressi", "quartiere": "Municipio Roma XII", "classificazione": "giallo", "score": 3, "note": "strada urbana senza ciclabile (2 corsie)", "ciclabile": "no", "n_corsie": "2", "senso_unico": "no", "n_testimonianze": "0", "municipio": "XII"}, "geometry": {"type": "MultiLineString", "coordinates": [[[12.4244378, 41.8474374], [12.4245319, 41.8473944], [12.4246325, 41.847345], [12.4251269, 41.8470986], [12.4254197, 41.8469525], [12.4254444, 41.8469375], [12.4255876, 41.8468505], [12.4257493, 41.846713], [12.4258628, 41.8465325], [12.4259194, 41.8464028], [12.4259352, 41.8463666], [12.4259575, 41.8462201], [12.4259421, 41.8460757], [12.4259123, 41.8459559], [12.4258171, 41.8457886], [12.4256786, 41.8456385], [12.4255231, 41.8455047], [12.4254596, 41.8454727], [12.4252844, 41.8453845], [12.425174, 41.8453448], [12.425061, 41.845311], [12.4249808, 41.8452933], [12.4248953, 41.8452816], [12.4247079, 41.8452771], [12.4246437, 41.8452809], [12.4245711, 41.8452877], [12.4244972, 41.8452986], [12.424426, 41.8453134], [12.4243534, 41.8453302], [12.4240651, 41.8454151], [12.4239463, 41.8454586], [12.4234241, 41.8456877], [12.423347, 41.8457381], [12.4228832, 41.8460722], [12.4227445, 41.8461561], [12.422668, 41.8462088], [12.422491, 41.8463204], [12.4219251, 41.8466598], [12.4217659, 41.8467485], [12.4214488, 41.8469184], [12.4214151, 41.8469368], [12.4213638, 41.8469641], [12.4213154, 41.8469877], [12.4212634, 41.8470043], [12.4211877, 41.8470238]], [[12.4211877, 41.8470238], [12.4211201, 41.8470279], [12.4210653, 41.8470272], [12.4209924, 41.8470248], [12.4203804, 41.846994], [12.4200387, 41.8469777], [12.4199887, 41.8469761]]]}}, {"type": "Feature", "properties": {"id": "SS-ROM-2408", "nome": "Via Adolfo Gandiglio", "quartiere": "Municipio Roma XII", "classificazione": "giallo", "score": 3, "note": "strada urbana senza ciclabile (2 corsie)", "ciclabile": "no", "n_corsie": "2", "senso_unico": "si", "n_testimonianze": "0", "municipio": "XII"}, "geometry": {"type": "MultiLineString", "coordinates": [[[12.438071, 41.8667348], [12.438108, 41.8667276], [12.4381608, 41.8667175], [12.4390342, 41.866549], [12.439113, 41.8665293], [12.4391708, 41.8665088], [12.4392892, 41.8664587], [12.4393738, 41.8664171], [12.43946, 41.8663651], [12.4395187, 41.866323], [12.4395747, 41.8662829], [12.439668, 41.8662035], [12.4397217, 41.8661515], [12.4397625, 41.8661058], [12.4398092, 41.866035], [12.4405034, 41.864955], [12.4405388, 41.8649047], [12.4405784, 41.8648447], [12.4412371, 41.8638267], [12.4415918, 41.8632772], [12.4416214, 41.8632377], [12.4416439, 41.8632149], [12.4416721, 41.8631875], [12.4417065, 41.8631608], [12.4417428, 41.863136], [12.441788, 41.8631126], [12.4418581, 41.8630779], [12.4419444, 41.8630405], [12.4419977, 41.8630237], [12.4420385, 41.863014], [12.4420867, 41.8630038], [12.4421933, 41.8629845], [12.4422835, 41.86297]], [[12.4422628, 41.8628385], [12.4426046, 41.8628036], [12.4433185, 41.8627308], [12.4433581, 41.8627267], [12.4434473, 41.8627188]], [[12.4434714, 41.8628487], [12.4433827, 41.8628574], [12.4426882, 41.8629279], [12.4422835, 41.86297]]]}}, {"type": "Feature", "properties": {"id": "SS-ROM-2465", "nome": "Via Agostino Magliani", "quartiere": "Municipio Roma XII", "classificazione": "giallo", "score": 3, "note": "strada urbana senza ciclabile", "ciclabile": "no", "n_corsie": "2", "senso_unico": "si", "n_testimonianze": "0", "municipio": "XII"}, "geometry": {"type": "MultiLineString", "coordinates": [[[12.4217175, 41.8484166], [12.422237, 41.8481399], [12.4222817, 41.8481173]], [[12.4227445, 41.8461561], [12.422825, 41.8462136], [12.4232092, 41.8464776]], [[12.4232092, 41.8464776], [12.4237444, 41.846106], [12.4238448, 41.846042], [12.4239227, 41.8459985], [12.4240039, 41.8459574], [12.4241542, 41.8458892], [12.4243078, 41.8458234], [12.4243684, 41.845799], [12.4244596, 41.845767], [12.424517, 41.845751], [12.4245473, 41.8457434], [12.4245748, 41.8457374], [12.4246082, 41.8457322], [12.4246388, 41.8457287], [12.4246731, 41.8457267], [12.424715, 41.8457271], [12.4247642, 41.8457318], [12.424821, 41.8457389], [12.4248794, 41.8457472], [12.4249353, 41.8457598], [12.4249974, 41.8457753], [12.425051, 41.8457909], [12.4250883, 41.8458067], [12.4251171, 41.8458225], [12.4251526, 41.8458493], [12.4251827, 41.8458753], [12.4252117, 41.8459037], [12.4252354, 41.8459314], [12.4252731, 41.8459834], [12.4252948, 41.8460165], [12.4253101, 41.8460464], [12.4253232, 41.8460771], [12.4253352, 41.8461142], [12.4253388, 41.8461434], [12.4253422, 41.846194], [12.4253412, 41.846225], [12.425338, 41.8462569], [12.4253304, 41.8462842], [12.4253206, 41.8463124], [12.4252966, 41.8463617], [12.425253, 41.8464237], [12.4252267, 41.846454], [12.4251876, 41.8464881], [12.4251652, 41.8465062], [12.4251306, 41.8465307], [12.425094, 41.8465544], [12.4250467, 41.8465814], [12.4249973, 41.8466076], [12.4244612, 41.8468634], [12.4243866, 41.846899], [12.4243553, 41.8469154], [12.4243193, 41.8469371], [12.4242811, 41.8469627], [12.4242595, 41.8469789], [12.4242358, 41.8469991], [12.4242117, 41.8470226], [12.424187, 41.8470489], [12.4241596, 41.8470739], [12.424129, 41.8470996], [12.424105, 41.8471161], [12.4240777, 41.8471334], [12.4240449, 41.8471511], [12.4235286, 41.8474297]], [[12.4222817, 41.8481173], [12.4224035, 41.8480528], [12.422968, 41.8477475], [12.4232747, 41.847583], [12.4235286, 41.8474297]], [[12.4251171, 41.8458225], [12.4254596, 41.8454727]], [[12.4239292, 41.8470286], [12.4240108, 41.847115], [12.4240449, 41.8471511]], [[12.4232092, 41.8464776], [12.4235177, 41.8466901], [12.4237821, 41.8468729]], [[12.4237821, 41.8468729], [12.4239292, 41.8470286]]]}}, {"type": "Feature", "properties": {"id": "SS-ROM-2467", "nome": "Via Agostino Novella", "quartiere": "Municipio Roma XII", "classificazione": "giallo", "score": 3, "note": "strada urbana senza ciclabile", "ciclabile": "no", "n_corsie": "2", "senso_unico": "no", "n_testimonianze": "0", "municipio": "XII"}, "geometry": {"type": "LineString", "coordinates": [[12.4469382, 41.8491867], [12.4466346, 41.8496935]]}}, {"type": "Feature", "properties": {"id": "SS-ROM-2499", "nome": "Via Albensio Calabrese", "quartiere": "Municipio Roma XII", "classificazione": "giallo", "score": 3, "note": "strada urbana senza ciclabile (1 corsie)", "ciclabile": "no", "n_corsie": "1", "senso_unico": "no", "n_testimonianze": "0", "municipio": "XII"}, "geometry": {"type": "LineString", "coordinates": [[12.4445367, 41.8772729], [12.4449579, 41.8775814], [12.4450106, 41.87762]]}}, {"type": "Feature", "properties": {"id": "SS-ROM-2500", "nome": "Via Alberese", "quartiere": "Municipio Roma XII", "classificazione": "giallo", "score": 3, "note": "strada urbana senza ciclabile (2 corsie)", "ciclabile": "no", "n_corsie": "2", "senso_unico": "no", "n_testimonianze": "0", "municipio": "XII"}, "geometry": {"type": "MultiLineString", "coordinates": [[[12.443912, 41.8458615], [12.4438174, 41.8461304], [12.443566, 41.8468834], [12.4432941, 41.8476327], [12.4431763, 41.8479645], [12.4431532, 41.8480192], [12.44313, 41.8480699]], [[12.4422508, 41.8479013], [12.442445, 41.8479378], [12.4424985, 41.847948]], [[12.4424985, 41.847948], [12.4429375, 41.8480311]], [[12.4395777, 41.8502726], [12.4394957, 41.8502575], [12.439403, 41.8502355], [12.4389145, 41.850106], [12.4382672, 41.8499425], [12.4382026, 41.8499269]], [[12.4422508, 41.8479013], [12.442106, 41.8478758], [12.4420335, 41.8478685], [12.4419611, 41.8478632], [12.4419029, 41.8478617], [12.4418339, 41.8478643], [12.4417703, 41.8478703], [12.4417067, 41.8478783], [12.4416245, 41.8478987], [12.441553, 41.8479271], [12.4414817, 41.8479652], [12.4414063, 41.8480063], [12.4413351, 41.8480517], [12.4412626, 41.848104], [12.4412065, 41.8481614], [12.4411665, 41.8482267], [12.4411371, 41.8482783], [12.4411077, 41.848342], [12.4410744, 41.8484303], [12.4410553, 41.8484963], [12.4409368, 41.8489898], [12.4408584, 41.8493111], [12.4408157, 41.8494798], [12.4407431, 41.8497665], [12.4406477, 41.8502335], [12.440606, 41.8503295], [12.4405839, 41.8503639], [12.4405693, 41.8503787], [12.4405537, 41.8503883], [12.4405205, 41.8503988], [12.4404874, 41.8504034], [12.4404415, 41.8504025], [12.4395777, 41.8502726]], [[12.4429375, 41.8480311], [12.44313, 41.8480699]]]}}, {"type": "Feature", "properties": {"id": "SS-ROM-2517", "nome": "Via Alberto Beneduce", "quartiere": "Municipio Roma XII", "classificazione": "giallo", "score": 3, "note": "strada urbana senza ciclabile", "ciclabile": "no", "n_corsie": "2", "senso_unico": "no", "n_testimonianze": "0", "municipio": "XII"}, "geometry": {"type": "LineString", "coordinates": [[12.3465698, 41.8781635], [12.3473774, 41.8779265]]}}, {"type": "Feature", "properties": {"id": "SS-ROM-2521", "nome": "Via Alberto Breglia", "quartiere": "Municipio Roma XII", "classificazione": "giallo", "score": 3, "note": "strada urbana senza ciclabile", "ciclabile": "no", "n_corsie": "2", "senso_unico": "si", "n_testimonianze": "0", "municipio": "XII"}, "geometry": {"type": "MultiLineString", "coordinates": [[[12.3472536, 41.8755966], [12.3466004, 41.8756561], [12.3463576, 41.8756819], [12.3461239, 41.8757048], [12.345901, 41.8757231], [12.3457381, 41.8757327], [12.3455985, 41.8757382], [12.3455226, 41.8757419]], [[12.3444033, 41.8774226], [12.3447069, 41.8771941], [12.3447381, 41.8770412], [12.3447218, 41.8768946], [12.3446252, 41.8760237], [12.3446262, 41.8760116], [12.3446308, 41.8760046], [12.3446495, 41.8759959], [12.3446998, 41.8759762], [12.344859, 41.8759231], [12.3450588, 41.8758606], [12.3454239, 41.8757625], [12.3455226, 41.8757419]]]}}, {"type": "Feature", "properties": {"id": "SS-ROM-2554", "nome": "Via Alberto Pitentino", "quartiere": "Municipio Roma XII", "classificazione": "giallo", "score": 3, "note": "strada urbana senza ciclabile", "ciclabile": "no", "n_corsie": "2", "senso_unico": "no", "n_testimonianze": "0", "municipio": "XII"}, "geometry": {"type": "MultiLineString", "coordinates": [[[12.3412252, 41.8302751], [12.3417285, 41.8304343], [12.3425469, 41.8306933]], [[12.3425469, 41.8306933], [12.3438961, 41.8311202]]]}}, {"type": "Feature", "properties": {"id": "SS-ROM-2617", "nome": "Via Alessandra Melucco Vaccaro", "quartiere": "Municipio Roma XII", "classificazione": "blu", "score": 2, "note": "accesso limitato (ZTL)", "ciclabile": "no", "n_corsie": "1", "senso_unico": "no", "n_testimonianze": "0", "municipio": "XII"}, "geometry": {"type": "LineString", "coordinates": [[12.4339826, 41.8754423], [12.4347579, 41.8750972], [12.4347945, 41.8750664]]}}, {"type": "Feature", "properties": {"id": "SS-ROM-2641", "nome": "Via Alessandro Codivilla", "quartiere": "Municipio Roma XII", "classificazione": "giallo", "score": 3, "note": "strada urbana senza ciclabile (1 corsie)", "ciclabile": "no", "n_corsie": "1", "senso_unico": "si", "n_testimonianze": "0", "municipio": "XII"}, "geometry": {"type": "LineString", "coordinates": [[12.4480822, 41.8776388], [12.4481401, 41.8776614], [12.449089, 41.8780456]]}}, {"type": "Feature", "properties": {"id": "SS-ROM-2642", "nome": "Via Alessandro Crivelli", "quartiere": "Municipio Roma XII", "classificazione": "giallo", "score": 3, "note": "strada urbana senza ciclabile (2 corsie)", "ciclabile": "no", "n_corsie": "2", "senso_unico": "si", "n_testimonianze": "0", "municipio": "XII"}, "geometry": {"type": "MultiLineString", "coordinates": [[[12.4454602, 41.8681923], [12.4460547, 41.8681877]], [[12.4448904, 41.8681982], [12.44387, 41.8682086], [12.443793, 41.8682085]], [[12.4454602, 41.8681923], [12.4453592, 41.8681928], [12.4451374, 41.8681954], [12.4448904, 41.8681982]]]}}, {"type": "Feature", "properties": {"id": "SS-ROM-2658", "nome": "Via Alessandro Marracino", "quartiere": "Municipio Roma XII", "classificazione": "giallo", "score": 3, "note": "strada urbana senza ciclabile (2 corsie)", "ciclabile": "no", "n_corsie": "2", "senso_unico": "si", "n_testimonianze": "0", "municipio": "XII"}, "geometry": {"type": "LineString", "coordinates": [[12.3544629, 41.8707428], [12.3547156, 41.8701597]]}}, {"type": "Feature", "properties": {"id": "SS-ROM-2675", "nome": "Via Alessandro Santini", "quartiere": "Municipio Roma XII", "classificazione": "giallo", "score": 3, "note": "strada urbana senza ciclabile (2 corsie)", "ciclabile": "no", "n_corsie": "2", "senso_unico": "no", "n_testimonianze": "0", "municipio": "XII"}, "geometry": {"type": "MultiLineString", "coordinates": [[[12.3620853, 41.8800765], [12.3616314, 41.8798984], [12.3608921, 41.8796138], [12.3604754, 41.8794533]], [[12.3604754, 41.8794533], [12.3601565, 41.8793245], [12.3601228, 41.8793099], [12.360082, 41.8792901], [12.3600564, 41.8792766], [12.3600212, 41.879257], [12.3599874, 41.8792364], [12.359948, 41.8792096], [12.35991, 41.8791817], [12.3598836, 41.8791614], [12.3598446, 41.8791296], [12.3597987, 41.8790896], [12.3596086, 41.8789088], [12.3592644, 41.8785597], [12.3591303, 41.8784247], [12.3585816, 41.8779054], [12.358319, 41.8776599], [12.3580818, 41.8774401], [12.357792, 41.8771733], [12.3577571, 41.8771417], [12.3575153, 41.8769213], [12.3572854, 41.876718], [12.3571247, 41.8765687], [12.3568315, 41.8762729], [12.3564593, 41.8759085], [12.3562538, 41.8756983], [12.3559743, 41.8754289], [12.355739, 41.8752022], [12.3553059, 41.8747847], [12.3545636, 41.8741328], [12.3543553, 41.8739335], [12.3542175, 41.8735817], [12.3540965, 41.8732749], [12.3540328, 41.8731242], [12.3537727, 41.8730034], [12.3534748, 41.8729052]]]}}, {"type": "Feature", "properties": {"id": "SS-ROM-2685", "nome": "Via Alessandro Stucchi", "quartiere": "Municipio Roma XII", "classificazione": "giallo", "score": 3, "note": "strada urbana senza ciclabile", "ciclabile": "no", "n_corsie": "2", "senso_unico": "no", "n_testimonianze": "0", "municipio": "XII"}, "geometry": {"type": "LineString", "coordinates": [[12.4320544, 41.8752454], [12.4319892, 41.8751639], [12.4319454, 41.875109], [12.431935, 41.8750816], [12.4319371, 41.8750542], [12.4319437, 41.8750268], [12.4320922, 41.8747087]]}}, {"type": "Feature", "properties": {"id": "SS-ROM-2705", "nome": "Via Alessio Nazari", "quartiere": "Municipio Roma XII", "classificazione": "giallo", "score": 3, "note": "strada urbana senza ciclabile", "ciclabile": "no", "n_corsie": "2", "senso_unico": "no", "n_testimonianze": "0", "municipio": "XII"}, "geometry": {"type": "LineString", "coordinates": [[12.4452315, 41.8599545], [12.4452593, 41.8599831], [12.445774, 41.8604853], [12.4461029, 41.8605543]]}}, {"type": "Feature", "properties": {"id": "SS-ROM-2809", "nome": "Via Ambrogio Fusinieri", "quartiere": "Municipio Roma XII", "classificazione": "giallo", "score": 3, "note": "strada urbana senza ciclabile (1 corsie)", "ciclabile": "no", "n_corsie": "1", "senso_unico": "si", "n_testimonianze": "0", "municipio": "XII"}, "geometry": {"type": "MultiLineString", "coordinates": [[[12.4442317, 41.8490967], [12.4442529, 41.8490654], [12.4443509, 41.8488482]], [[12.4442529, 41.8490654], [12.4455963, 41.8485075]], [[12.4455963, 41.8485075], [12.446123, 41.8482886], [12.4461684, 41.8482743], [12.446208, 41.8482665], [12.4462426, 41.8482673], [12.4462712, 41.8482691], [12.446295, 41.8482743], [12.4464574, 41.8483377], [12.4465673, 41.8483781]]]}}, {"type": "Feature", "properties": {"id": "SS-ROM-2909", "nome": "Via Andrea del Verrocchio", "quartiere": "Municipio Roma XII", "classificazione": "giallo", "score": 3, "note": "strada urbana senza ciclabile (1 corsie)", "ciclabile": "no", "n_corsie": "1", "senso_unico": "si", "n_testimonianze": "0", "municipio": "XII"}, "geometry": {"type": "MultiLineString", "coordinates": [[[12.4193738, 41.8588711], [12.4164168, 41.8587309]], [[12.4164168, 41.8587309], [12.4160167, 41.8587206], [12.4159716, 41.8587204], [12.4156961, 41.8587162]]]}}, {"type": "Feature", "properties": {"id": "SS-ROM-2933", "nome": "Via Angelo Bellincampi", "quartiere": "Municipio Roma XII", "classificazione": "giallo", "score": 3, "note": "strada urbana senza ciclabile", "ciclabile": "no", "n_corsie": "2", "senso_unico": "no", "n_testimonianze": "0", "municipio": "XII"}, "geometry": {"type": "LineString", "coordinates": [[12.3564593, 41.8759085], [12.3563445, 41.8759716], [12.3563233, 41.8759822], [12.3563035, 41.8759915], [12.3562789, 41.8760009], [12.35626, 41.8760078], [12.3562368, 41.8760151], [12.3562179, 41.876021], [12.3561935, 41.8760267], [12.3561637, 41.8760335], [12.3561365, 41.8760404], [12.3561129, 41.8760473], [12.3560887, 41.8760553], [12.3560476, 41.8760702], [12.3560259, 41.8760797], [12.3559943, 41.876094], [12.3559667, 41.8761074], [12.3559405, 41.8761209], [12.3559183, 41.8761335], [12.3545684, 41.8769455], [12.3550028, 41.8773727]]}}, {"type": "Feature", "properties": {"id": "SS-ROM-3005", "nome": "Via Anna Lorenzetto", "quartiere": "Municipio Roma XII", "classificazione": "giallo", "score": 3, "note": "strada urbana senza ciclabile", "ciclabile": "no", "n_corsie": "2", "senso_unico": "no", "n_testimonianze": "0", "municipio": "XII"}, "geometry": {"type": "LineString", "coordinates": [[12.35309, 41.8751706], [12.3530282, 41.8755713], [12.3525983, 41.8758376]]}}, {"type": "Feature", "properties": {"id": "SS-ROM-3081", "nome": "Via Antonio Banfi", "quartiere": "Municipio Roma XII", "classificazione": "giallo", "score": 3, "note": "strada urbana senza ciclabile", "ciclabile": "no", "n_corsie": "2", "senso_unico": "no", "n_testimonianze": "0", "municipio": "XII"}, "geometry": {"type": "LineString", "coordinates": [[12.3486822, 41.874155], [12.3478103, 41.873725], [12.3475409, 41.8735249], [12.3472855, 41.8733096], [12.3469058, 41.8730287], [12.3466176, 41.8727942], [12.3464482, 41.8725801], [12.3462205, 41.8722456], [12.3461092, 41.8721092], [12.3459215, 41.8720297], [12.3457659, 41.8720236], [12.3451983, 41.8720671], [12.3445053, 41.8721265]]}}, {"type": "Feature", "properties": {"id": "SS-ROM-3085", "nome": "Via Antonio Bennicelli", "quartiere": "Municipio Roma XII", "classificazione": "giallo", "score": 3, "note": "strada urbana senza ciclabile (2 corsie)", "ciclabile": "no", "n_corsie": "2", "senso_unico": "si", "n_testimonianze": "0", "municipio": "XII"}, "geometry": {"type": "LineString", "coordinates": [[12.441975, 41.8724554], [12.4419927, 41.8725231], [12.4423126, 41.8737027], [12.4423566, 41.8738712], [12.442436, 41.8741693], [12.4424467, 41.8742184], [12.4424534, 41.8742725], [12.4424561, 41.8743227], [12.442448, 41.8743758], [12.4424337, 41.8744192], [12.4424086, 41.8744745], [12.4423668, 41.8745566], [12.4423153, 41.8746601], [12.44229, 41.8747227], [12.4422734, 41.8747636], [12.4422633, 41.8748138], [12.4422602, 41.8748566], [12.4422647, 41.8749041], [12.4422746, 41.8749416], [12.4422917, 41.8749815], [12.4423115, 41.8750134], [12.4423483, 41.8750612], [12.4423835, 41.8750995], [12.4424187, 41.8751286], [12.4424588, 41.8751574], [12.4425043, 41.8751787], [12.4425409, 41.8751943], [12.4425789, 41.8752085], [12.4426159, 41.8752184], [12.4426704, 41.8752311], [12.4427277, 41.8752401], [12.4428364, 41.8752458], [12.4429533, 41.87525], [12.4430325, 41.8752522], [12.443082, 41.8752536], [12.4431283, 41.8752543]]}}, {"type": "Feature", "properties": {"id": "SS-ROM-3121", "nome": "Via Antonio Dionisi", "quartiere": "Municipio Roma XII", "classificazione": "giallo", "score": 3, "note": "strada urbana senza ciclabile (1 corsie)", "ciclabile": "no", "n_corsie": "1", "senso_unico": "si", "n_testimonianze": "0", "municipio": "XII"}, "geometry": {"type": "LineString", "coordinates": [[12.4474707, 41.8593599], [12.4475148, 41.8594945], [12.4475276, 41.8595443], [12.4475316, 41.8595974], [12.4475326, 41.8596426], [12.4475283, 41.8596898], [12.4475093, 41.8597323], [12.4474795, 41.8597729], [12.4474431, 41.8598094], [12.4473987, 41.85984], [12.4473331, 41.859872], [12.4472608, 41.859894], [12.4471859, 41.8599082], [12.4469505, 41.8599471], [12.4466586, 41.8599919], [12.4465959, 41.8600053], [12.4465352, 41.8600226], [12.4464748, 41.8600439], [12.4464171, 41.8600672], [12.4463469, 41.8601094], [12.446282, 41.8601536], [12.4461973, 41.8602266], [12.446121, 41.8603117], [12.4461034, 41.8603438], [12.4460938, 41.8603778], [12.4460882, 41.8604138], [12.446088, 41.8604479], [12.4461029, 41.8605543], [12.4461258, 41.8606235], [12.4461647, 41.8606867], [12.446283, 41.8608076], [12.4467281, 41.8611948], [12.4470724, 41.8614883], [12.4472188, 41.8616013]]}}, {"type": "Feature", "properties": {"id": "SS-ROM-3169", "nome": "Via Antonio Oroboni", "quartiere": "Municipio Roma XII", "classificazione": "giallo", "score": 3, "note": "strada urbana senza ciclabile (2 corsie)", "ciclabile": "no", "n_corsie": "2", "senso_unico": "no", "n_testimonianze": "0", "municipio": "XII"}, "geometry": {"type": "MultiLineString", "coordinates": [[[12.44489, 41.8555116], [12.4449499, 41.8554534], [12.445313, 41.8551004], [12.4454006, 41.8550187], [12.4454789, 41.854961], [12.4457044, 41.8548423], [12.4458634, 41.8547628], [12.4459977, 41.8547006]], [[12.5032281, 41.6666865], [12.5031829, 41.6667649], [12.5029183, 41.6672696]], [[12.502736, 41.6676328], [12.5029183, 41.6672696]]]}}, {"type": "Feature", "properties": {"id": "SS-ROM-3173", "nome": "Via Antonio Paolucci", "quartiere": "Municipio Roma XII", "classificazione": "giallo", "score": 3, "note": "strada urbana senza ciclabile (2 corsie)", "ciclabile": "no", "n_corsie": "2", "senso_unico": "no", "n_testimonianze": "0", "municipio": "XII"}, "geometry": {"type": "LineString", "coordinates": [[12.4437342, 41.8635414], [12.443915, 41.8635605], [12.4443047, 41.8636051], [12.445475, 41.8637367], [12.4463145, 41.8638374], [12.446385, 41.8638487]]}}, {"type": "Feature", "properties": {"id": "SS-ROM-3205", "nome": "Via Antonio Sogliano", "quartiere": "Municipio Roma XII", "classificazione": "giallo", "score": 3, "note": "strada urbana senza ciclabile (1 corsie)", "ciclabile": "no", "n_corsie": "1", "senso_unico": "si", "n_testimonianze": "0", "municipio": "XII"}, "geometry": {"type": "MultiLineString", "coordinates": [[[12.4288575, 41.8791664], [12.4278394, 41.8801935]], [[12.4306394, 41.8772247], [12.430706, 41.8773306], [12.4298238, 41.8781835], [12.4288575, 41.8791664]]]}}, {"type": "Feature", "properties": {"id": "SS-ROM-3211", "nome": "Via Antonio Tadini", "quartiere": "Municipio Roma XII", "classificazione": "giallo", "score": 3, "note": "strada urbana senza ciclabile", "ciclabile": "no", "n_corsie": "2", "senso_unico": "no", "n_testimonianze": "0", "municipio": "XII"}, "geometry": {"type": "LineString", "coordinates": [[12.3108434, 41.8437877], [12.3109033, 41.8437513], [12.3109323, 41.8437363], [12.3109632, 41.843721], [12.3110022, 41.843707], [12.3110425, 41.8436936], [12.3116175, 41.8435386], [12.3119691, 41.8434131], [12.3125892, 41.8431366], [12.3133705, 41.8428038], [12.313519, 41.8427507], [12.3136366, 41.8427165], [12.3137318, 41.8426965], [12.313827, 41.8426805], [12.31392, 41.8426697], [12.3141249, 41.8426546], [12.3150185, 41.8426255], [12.3156042, 41.8426311], [12.3157162, 41.8426315], [12.3158066, 41.8426269], [12.3158943, 41.8426203], [12.3159701, 41.8426099], [12.3160432, 41.8425975], [12.3161263, 41.8425793], [12.3161855, 41.8425638], [12.3162464, 41.8425416], [12.3162762, 41.8425204], [12.3163102, 41.8425052], [12.3163441, 41.842486], [12.3163774, 41.8424639], [12.316408, 41.8424358], [12.3164265, 41.8424117], [12.3164397, 41.8423876], [12.3164512, 41.8423398], [12.31646, 41.8422951], [12.3164634, 41.8422343], [12.3164611, 41.842201], [12.3164535, 41.8421676], [12.3164425, 41.8421228], [12.3163792, 41.8419185], [12.3162637, 41.8417604], [12.3162542, 41.8417358], [12.3162473, 41.8417118], [12.3162431, 41.8416909], [12.3162428, 41.8416746], [12.3162438, 41.8416584], [12.3162462, 41.8416431], [12.3162499, 41.8416258], [12.3162546, 41.8416139], [12.3162599, 41.8416039], [12.3162693, 41.84159], [12.3162793, 41.8415781], [12.3162907, 41.8415677], [12.3163034, 41.8415568], [12.3163175, 41.8415468], [12.3163329, 41.8415364], [12.31702, 41.8411094], [12.3181042, 41.8404483], [12.3187744, 41.8401251], [12.3189256, 41.8400571], [12.3190801, 41.8399952], [12.3194784, 41.8398516], [12.3204788, 41.8395237], [12.3205086, 41.839516], [12.3205595, 41.8395051], [12.3206088, 41.8394977], [12.3206555, 41.8394934], [12.3207221, 41.8394903], [12.3207581, 41.8394867], [12.3207967, 41.8394821], [12.3208305, 41.8394765], [12.3208669, 41.8394699], [12.320945, 41.8394526], [12.3211818, 41.8393798], [12.3212437, 41.8393658], [12.3213109, 41.8393528], [12.3213621, 41.8393458], [12.3214186, 41.8393398], [12.3214619, 41.8393376], [12.3215298, 41.839335], [12.3215861, 41.8393351], [12.3216384, 41.8393362], [12.3217575, 41.8393413], [12.3218606, 41.8393544], [12.3223405, 41.8394327], [12.3224514, 41.8394508], [12.3237029, 41.8397272], [12.3238431, 41.8397622], [12.3239866, 41.8398037], [12.3241126, 41.8398437], [12.3242386, 41.8398797], [12.3243543, 41.839909], [12.3245003, 41.8399409], [12.3245706, 41.8399588], [12.3246436, 41.8399798], [12.3247057, 41.8400004], [12.3247704, 41.8400239], [12.3249466, 41.8400965], [12.325215, 41.8402223], [12.3253207, 41.8402693], [12.3254468, 41.8403167], [12.3256888, 41.8404039], [12.3261625, 41.8405658], [12.3267676, 41.8407975], [12.3268602, 41.840839], [12.3269376, 41.8408774], [12.3270469, 41.8409416], [12.3271428, 41.8410039], [12.3272029, 41.8410474], [12.3272764, 41.8410909]]}}, {"type": "Feature", "properties": {"id": "SS-ROM-3216", "nome": "Via Antonio Trasmondo", "quartiere": "Municipio Roma XII", "classificazione": "giallo", "score": 3, "note": "strada urbana senza ciclabile", "ciclabile": "no", "n_corsie": "2", "senso_unico": "no", "n_testimonianze": "0", "municipio": "XII"}, "geometry": {"type": "LineString", "coordinates": [[12.4399279, 41.8698567], [12.4399445, 41.8699188], [12.439955, 41.8699582], [12.440071, 41.8704475]]}}, {"type": "Feature", "properties": {"id": "SS-ROM-3281", "nome": "Via Arcangelo Ilvento", "quartiere": "Municipio Roma XII", "classificazione": "giallo", "score": 3, "note": "strada urbana senza ciclabile (1 corsie)", "ciclabile": "no", "n_corsie": "1", "senso_unico": "si", "n_testimonianze": "0", "municipio": "XII"}, "geometry": {"type": "LineString", "coordinates": [[12.4474618, 41.863012], [12.4474746, 41.8629541], [12.4474764, 41.8629311], [12.4474772, 41.8629205], [12.4474747, 41.8628744], [12.447466, 41.8628344], [12.4474371, 41.8627635], [12.4473901, 41.8626714], [12.4472808, 41.8624523], [12.447265, 41.8624113], [12.4472493, 41.8623545], [12.4472352, 41.8620524], [12.4472188, 41.8616013]]}}, {"type": "Feature", "properties": {"id": "SS-ROM-3290", "nome": "Via Arcidosso", "quartiere": "Municipio Roma XII", "classificazione": "giallo", "score": 3, "note": "strada urbana senza ciclabile", "ciclabile": "no", "n_corsie": "2", "senso_unico": "si", "n_testimonianze": "0", "municipio": "XII"}, "geometry": {"type": "LineString", "coordinates": [[12.4362475, 41.8446155], [12.4363629, 41.8446214], [12.437323, 41.844739], [12.4375437, 41.8447595], [12.4375847, 41.8447633]]}}, {"type": "Feature", "properties": {"id": "SS-ROM-3326", "nome": "Via Aristide Busi", "quartiere": "Municipio Roma XII", "classificazione": "giallo", "score": 3, "note": "strada urbana senza ciclabile (2 corsie)", "ciclabile": "no", "n_corsie": "2", "senso_unico": "no", "n_testimonianze": "0", "municipio": "XII"}, "geometry": {"type": "MultiLineString", "coordinates": [[[12.4447005, 41.879064], [12.4448153, 41.8790358], [12.4448525, 41.8790266], [12.4460086, 41.878713], [12.4461546, 41.8786744], [12.4462889, 41.8786428], [12.446366, 41.8786274], [12.4464408, 41.8786173], [12.4465202, 41.8786071], [12.4465926, 41.8785987]], [[12.4465926, 41.8785987], [12.4469994, 41.8785034], [12.4470099, 41.8785028], [12.4470454, 41.8785008]]]}}, {"type": "Feature", "properties": {"id": "SS-ROM-3360", "nome": "Via Arnaldo Cantani", "quartiere": "Municipio Roma XII", "classificazione": "giallo", "score": 3, "note": "strada urbana senza ciclabile", "ciclabile": "no", "n_corsie": "2", "senso_unico": "no", "n_testimonianze": "0", "municipio": "XII"}, "geometry": {"type": "LineString", "coordinates": [[12.3628015, 41.8761669], [12.3620499, 41.8761357], [12.3609713, 41.8760939], [12.3604845, 41.8760707]]}}, {"type": "Feature", "properties": {"id": "SS-ROM-3362", "nome": "Via Arnaldo Foschini", "quartiere": "Municipio Roma XII", "classificazione": "giallo", "score": 3, "note": "strada urbana senza ciclabile (2 corsie)", "ciclabile": "no", "n_corsie": "2", "senso_unico": "no", "n_testimonianze": "0", "municipio": "XII"}, "geometry": {"type": "MultiLineString", "coordinates": [[[12.3980996, 41.8733226], [12.3985312, 41.873121], [12.3996672, 41.8725903], [12.3997229, 41.8725643]], [[12.3997229, 41.8725643], [12.400143, 41.8723761], [12.4001859, 41.8723501], [12.4002137, 41.8723273], [12.4002346, 41.8723055], [12.4002614, 41.8722698]]]}}, {"type": "Feature", "properties": {"id": "SS-ROM-3390", "nome": "Via Artimino", "quartiere": "Municipio Roma XII", "classificazione": "giallo", "score": 3, "note": "strada urbana senza ciclabile", "ciclabile": "no", "n_corsie": "2", "senso_unico": "no", "n_testimonianze": "0", "municipio": "XII"}, "geometry": {"type": "LineString", "coordinates": [[12.4221273, 41.8398667], [12.4225722, 41.8400833], [12.4228168, 41.8402021], [12.4228931, 41.8402351], [12.4229961, 41.8402601], [12.4233582, 41.8403094], [12.4246009, 41.8404514]]}}, {"type": "Feature", "properties": {"id": "SS-ROM-3412", "nome": "Via Arzana", "quartiere": "Municipio Roma XII", "classificazione": "giallo", "score": 3, "note": "strada urbana senza ciclabile", "ciclabile": "no", "n_corsie": "2", "senso_unico": "no", "n_testimonianze": "0", "municipio": "XII"}, "geometry": {"type": "MultiLineString", "coordinates": [[[12.3610966, 41.8328315], [12.3611492, 41.832828]], [[12.3609036, 41.8325497], [12.3609333, 41.83284], [12.3609378, 41.8328844], [12.3609649, 41.8332367], [12.3609807, 41.8335219], [12.3610062, 41.833741], [12.3610254, 41.8338469], [12.3610425, 41.8339378], [12.3610676, 41.8340386], [12.3611285, 41.8342923], [12.3612187, 41.8346116], [12.3612819, 41.83479], [12.3613688, 41.8350435], [12.3614171, 41.8351846], [12.3615344, 41.8355206], [12.3616104, 41.83573], [12.3616166, 41.8357523], [12.3616213, 41.835771], [12.3616247, 41.8357912], [12.361628, 41.8358113], [12.3616294, 41.835833], [12.3616282, 41.835846], [12.361625, 41.8358605], [12.3616212, 41.8358756], [12.3616146, 41.8358876], [12.3616056, 41.8358977], [12.3615953, 41.8359077], [12.3615835, 41.8359158], [12.3615698, 41.8359234], [12.3615556, 41.8359292], [12.3615406, 41.8359345], [12.3615081, 41.8359441], [12.3614683, 41.835954], [12.3613946, 41.8359693], [12.3611015, 41.8360214], [12.3610513, 41.8360288], [12.3609924, 41.8360368], [12.3605804, 41.8360835], [12.3605283, 41.83609], [12.3604721, 41.8360974], [12.3603986, 41.8361085], [12.3603211, 41.8361205], [12.3596603, 41.8362297], [12.3594393, 41.8362684], [12.3589837, 41.8363524], [12.3581682, 41.8365079], [12.3577703, 41.8365802], [12.3575695, 41.8366103], [12.3574412, 41.8366256], [12.3573458, 41.8366291], [12.3572732, 41.8366286], [12.3571689, 41.8366227]], [[12.3609999, 41.8328358], [12.3610966, 41.8328315]], [[12.362418, 41.8285707], [12.3624114, 41.8286272], [12.3624054, 41.8286544], [12.3623968, 41.8286836], [12.3623872, 41.8287028], [12.362375, 41.8287239], [12.3623601, 41.8287431], [12.3623425, 41.8287633], [12.3623287, 41.8287782], [12.3623149, 41.8287915], [12.3620367, 41.8290412], [12.3618689, 41.8292173], [12.3618148, 41.8292785], [12.3617606, 41.8293477], [12.361711, 41.829421], [12.3616614, 41.8295023], [12.3615696, 41.8296671], [12.3615216, 41.8297603], [12.3614739, 41.8298648], [12.3613475, 41.830157], [12.3610732, 41.8308696], [12.3610029, 41.8310927], [12.3609917, 41.8311414], [12.3609797, 41.8312028], [12.360973, 41.8312581], [12.3609677, 41.8313106], [12.3609678, 41.8313572], [12.3609686, 41.8313871], [12.3609951, 41.8316698], [12.3610047, 41.8317716], [12.3610462, 41.8321319], [12.3611088, 41.8325058], [12.3611233, 41.8325921], [12.3611372, 41.8326746], [12.3611441, 41.8327279], [12.361148, 41.83278], [12.3611492, 41.832828], [12.3611522, 41.8329443], [12.3611793, 41.8332818], [12.3611966, 41.833447], [12.3612065, 41.8335204], [12.3612153, 41.8335675], [12.3612234, 41.8336131], [12.3612342, 41.8336608], [12.3612586, 41.8337481], [12.3612812, 41.8338175], [12.3613042, 41.8338839], [12.3613299, 41.8339483], [12.3613606, 41.8340379], [12.3613868, 41.8341435], [12.3614102, 41.834255], [12.3614366, 41.834372], [12.3614445, 41.8344351], [12.3614527, 41.834507], [12.3614555, 41.8345829], [12.3614584, 41.8346221], [12.3614637, 41.8346528], [12.3614809, 41.834723], [12.3614411, 41.8347445], [12.3614136, 41.8347569], [12.3613905, 41.8347649], [12.3613687, 41.8347714], [12.3613415, 41.834778], [12.3612819, 41.83479]], [[12.3609333, 41.83284], [12.3609999, 41.8328358]]]}}, {"type": "Feature", "properties": {"id": "SS-ROM-3414", "nome": "Via Ascanio Rivaldi", "quartiere": "Municipio Roma XII", "classificazione": "giallo", "score": 3, "note": "strada urbana senza ciclabile (1 corsie)", "ciclabile": "no", "n_corsie": "1", "senso_unico": "si", "n_testimonianze": "0", "municipio": "XII"}, "geometry": {"type": "LineString", "coordinates": [[12.4497644, 41.8671828], [12.4497676, 41.8677629], [12.449776, 41.8680306], [12.449792, 41.8681674], [12.4498177, 41.8682664], [12.4498663, 41.8684008], [12.4499204, 41.8685284]]}}, {"type": "Feature", "properties": {"id": "SS-ROM-3458", "nome": "Via Attilio Brunialti", "quartiere": "Municipio Roma XII", "classificazione": "giallo", "score": 3, "note": "strada urbana senza ciclabile", "ciclabile": "no", "n_corsie": "2", "senso_unico": "no", "n_testimonianze": "0", "municipio": "XII"}, "geometry": {"type": "LineString", "coordinates": [[12.3794765, 41.8765264], [12.3795815, 41.8765152], [12.3795967, 41.8765105], [12.3796078, 41.8765027], [12.3796143, 41.876494], [12.3796154, 41.8764832], [12.3795962, 41.8763756], [12.3795912, 41.8763437], [12.3795875, 41.8763087], [12.379588, 41.8762772], [12.3795898, 41.8762428], [12.3795914, 41.876221], [12.3795967, 41.8762042], [12.3796047, 41.8761935], [12.3796187, 41.8761812], [12.3796408, 41.8761699], [12.3796573, 41.8761641], [12.3796738, 41.8761608], [12.37969, 41.8761593], [12.3797141, 41.876159], [12.3797357, 41.8761611], [12.3797594, 41.8761695], [12.3799676, 41.8763079], [12.3800532, 41.8763594], [12.380069, 41.8763669], [12.3800847, 41.8763721], [12.3801052, 41.876376], [12.3801257, 41.8763765], [12.3801413, 41.8763752], [12.3801569, 41.8763715], [12.3801705, 41.8763666], [12.3801841, 41.8763606], [12.3802079, 41.8763447], [12.380231, 41.8763275], [12.380343, 41.8762392], [12.3804056, 41.8762049], [12.380445, 41.8761891], [12.3804813, 41.8761779], [12.3805175, 41.8761702], [12.3810013, 41.8761208], [12.3810879, 41.8761127], [12.3811779, 41.8761068], [12.3812652, 41.8761019], [12.3816656, 41.8760918], [12.3819469, 41.8760847]]}}, {"type": "Feature", "properties": {"id": "SS-ROM-3459", "nome": "Via Attilio Cabiati", "quartiere": "Municipio Roma XII", "classificazione": "giallo", "score": 3, "note": "strada urbana senza ciclabile", "ciclabile": "no", "n_corsie": "2", "senso_unico": "no", "n_testimonianze": "0", "municipio": "XII"}, "geometry": {"type": "LineString", "coordinates": [[12.3476075, 41.8741408], [12.3476794, 41.8746715], [12.3480204, 41.8746372]]}}, {"type": "Feature", "properties": {"id": "SS-ROM-3476", "nome": "Via Attilio Spaccarelli", "quartiere": "Municipio Roma XII", "classificazione": "giallo", "score": 3, "note": "strada urbana senza ciclabile", "ciclabile": "no", "n_corsie": "2", "senso_unico": "no", "n_testimonianze": "0", "municipio": "XII"}, "geometry": {"type": "MultiLineString", "coordinates": [[[12.3996672, 41.8725903], [12.3993941, 41.8722697], [12.3993828, 41.8722613], [12.399366, 41.8722561], [12.3993364, 41.8722523], [12.3993038, 41.8722501], [12.3992873, 41.8722522], [12.3992767, 41.8722545], [12.3992641, 41.8722588], [12.39851, 41.8725958]], [[12.39851, 41.8725958], [12.3984065, 41.872644]], [[12.3984065, 41.872644], [12.3982098, 41.8727386], [12.3985312, 41.873121]]]}}, {"type": "Feature", "properties": {"id": "SS-ROM-3496", "nome": "Via Augusto Gaudenzi", "quartiere": "Municipio Roma XII", "classificazione": "giallo", "score": 3, "note": "strada urbana senza ciclabile", "ciclabile": "no", "n_corsie": "2", "senso_unico": "no", "n_testimonianze": "0", "municipio": "XII"}, "geometry": {"type": "MultiLineString", "coordinates": [[[12.3844057, 41.8797237], [12.3844272, 41.8797228], [12.3844445, 41.8797226], [12.3851689, 41.8797547], [12.3852299, 41.8797586], [12.385296, 41.8797661], [12.3858603, 41.8798444]], [[12.3858603, 41.8798444], [12.3858609, 41.879807], [12.3858841, 41.8794627], [12.3858905, 41.8794269], [12.3859045, 41.8793954], [12.3859251, 41.8793689], [12.3859592, 41.8793464], [12.3859933, 41.8793279], [12.3860321, 41.8793106], [12.3860735, 41.8792953], [12.3861122, 41.8792831], [12.3861576, 41.8792728], [12.3862163, 41.8792628], [12.386279, 41.8792567], [12.3864045, 41.8792507], [12.3874199, 41.8792379], [12.3874897, 41.8792419], [12.3875595, 41.8792499], [12.3876523, 41.8792657], [12.387745, 41.8792874], [12.3878408, 41.8793132], [12.3879339, 41.8793409], [12.3881228, 41.8794084]]]}}, {"type": "Feature", "properties": {"id": "SS-ROM-3526", "nome": "Via Aurano", "quartiere": "Municipio Roma XII", "classificazione": "giallo", "score": 3, "note": "strada urbana senza ciclabile", "ciclabile": "no", "n_corsie": "2", "senso_unico": "no", "n_testimonianze": "0", "municipio": "XII"}, "geometry": {"type": "LineString", "coordinates": [[12.3190762, 41.8292327], [12.3187644, 41.829271], [12.3184404, 41.8293134], [12.317991, 41.829378], [12.3177297, 41.829417], [12.3175707, 41.829435], [12.3173581, 41.829453], [12.3172067, 41.8294599], [12.3170016, 41.8294668], [12.3168727, 41.8294687], [12.3165576, 41.8294656], [12.3161973, 41.8294496], [12.3157734, 41.8294118], [12.3152503, 41.829362], [12.3151001, 41.8293523], [12.3150329, 41.8293563], [12.3149818, 41.8293732], [12.3149254, 41.8293981], [12.314718, 41.8295595], [12.3144485, 41.8297646], [12.3144229, 41.8297891], [12.3143973, 41.8298166], [12.3143745, 41.8298457], [12.314353, 41.8298827], [12.3143382, 41.8299157], [12.3143194, 41.8299835], [12.3143059, 41.8300574], [12.3143066, 41.8301355], [12.3143193, 41.8303802], [12.3143168, 41.8304218], [12.314312, 41.8304629], [12.3143003, 41.8305052], [12.3142833, 41.8305456], [12.3142456, 41.8306043], [12.3141972, 41.830679], [12.314052, 41.8308661], [12.3138746, 41.8311546], [12.3137087, 41.8313881], [12.3135612, 41.8315804], [12.3134552, 41.8317212], [12.3133746, 41.8318929], [12.3132695, 41.8322387], [12.3132478, 41.8323101], [12.3132086, 41.8325659], [12.3131948, 41.8327874], [12.3131971, 41.8329969], [12.3132709, 41.8333986], [12.3133884, 41.8337489], [12.3136165, 41.834312]]}}, {"type": "Feature", "properties": {"id": "SS-ROM-3533", "nome": "Via Aurelio Giuseppe Amatucci", "quartiere": "Municipio Roma XII", "classificazione": "giallo", "score": 3, "note": "strada urbana senza ciclabile (2 corsie)", "ciclabile": "no", "n_corsie": "2", "senso_unico": "si", "n_testimonianze": "0", "municipio": "XII"}, "geometry": {"type": "LineString", "coordinates": [[12.4426479, 41.8615217], [12.442993, 41.861485], [12.4431387, 41.86147], [12.4432194, 41.8614621]]}}, {"type": "Feature", "properties": {"id": "SS-ROM-3537", "nome": "Via Aurelio Peccei", "quartiere": "Municipio Roma XII", "classificazione": "giallo", "score": 3, "note": "strada urbana senza ciclabile", "ciclabile": "no", "n_corsie": "2", "senso_unico": "no", "n_testimonianze": "0", "municipio": "XII"}, "geometry": {"type": "MultiLineString", "coordinates": [[[12.5157321, 41.660253], [12.5161389, 41.6602606]], [[12.5139071, 41.6612213], [12.51384, 41.6613127], [12.513824, 41.6613412], [12.5138107, 41.6613717], [12.513802, 41.6614002], [12.5137969, 41.6614308], [12.513798, 41.6614603], [12.5138027, 41.6614899], [12.5138101, 41.6615149], [12.5138202, 41.66154], [12.5138329, 41.6615646], [12.5138523, 41.6615911], [12.5138839, 41.6616225], [12.5141985, 41.6619068]], [[12.5157715, 41.6627998], [12.5156834, 41.6627983], [12.5156325, 41.6627954], [12.5155763, 41.6627902], [12.5155255, 41.6627829], [12.5151842, 41.6627176], [12.5151475, 41.6627094], [12.5151148, 41.6627002], [12.5150838, 41.6626902], [12.5150569, 41.6626792], [12.515036, 41.6626681], [12.5150151, 41.6626541], [12.5149889, 41.6626326], [12.5143324, 41.6620153], [12.5141985, 41.6619068], [12.5142108, 41.6618481], [12.5142175, 41.6618075], [12.5142244, 41.661779], [12.5142311, 41.6617487], [12.5142452, 41.6617193], [12.5142593, 41.6616888], [12.5142747, 41.6616612], [12.5142935, 41.6616332], [12.5144089, 41.6615049], [12.5150037, 41.6609421], [12.5157321, 41.660253], [12.5158795, 41.6600964]], [[12.5157321, 41.660253], [12.515673, 41.660003]], [[12.4184667, 41.8406274], [12.4183744, 41.8407243], [12.4182558, 41.8408499], [12.4181978, 41.8408838], [12.4181331, 41.8409002], [12.4177508, 41.8409208], [12.4171424, 41.8409536], [12.4170598, 41.8409423], [12.4169938, 41.8409211], [12.4159135, 41.8403483]], [[12.4186946, 41.8405165], [12.4186289, 41.8405485], [12.4184667, 41.8406274], [12.4185335, 41.840444]]]}}, {"type": "Feature", "properties": {"id": "SS-ROM-3552", "nome": "Via Avenza", "quartiere": "Municipio Roma XII", "classificazione": "giallo", "score": 3, "note": "strada urbana senza ciclabile", "ciclabile": "no", "n_corsie": "2", "senso_unico": "no", "n_testimonianze": "0", "municipio": "XII"}, "geometry": {"type": "LineString", "coordinates": [[12.439063, 41.8335729], [12.4392528, 41.8329342], [12.4392822, 41.8327141]]}}, {"type": "Feature", "properties": {"id": "SS-ROM-3597", "nome": "Via Baldassarre Longhena", "quartiere": "Municipio Roma XII", "classificazione": "giallo", "score": 3, "note": "strada urbana senza ciclabile (1 corsie)", "ciclabile": "no", "n_corsie": "1", "senso_unico": "si", "n_testimonianze": "0", "municipio": "XII"}, "geometry": {"type": "MultiLineString", "coordinates": [[[12.4113685, 41.868287], [12.4111762, 41.8682412], [12.4111215, 41.8682248], [12.4110698, 41.8682083], [12.411017, 41.8681895], [12.4109589, 41.8681588], [12.4108956, 41.8681179], [12.4108603, 41.8680923], [12.4108251, 41.8680608], [12.4105642, 41.8677833], [12.4105085, 41.8677252], [12.4104527, 41.8676683], [12.4104016, 41.8676161], [12.4103482, 41.8675658], [12.4101214, 41.8673809], [12.410047, 41.8673181], [12.4099826, 41.8672608], [12.4099395, 41.8672187], [12.409901, 41.8671766], [12.4098463, 41.867108], [12.4097962, 41.8670457], [12.409765, 41.8670106], [12.4097352, 41.8669847], [12.4097022, 41.8669621], [12.4096678, 41.8669435], [12.4096223, 41.8669267], [12.4095799, 41.8669148], [12.4095376, 41.8669067], [12.4094839, 41.8669038], [12.4094348, 41.8669073], [12.409384, 41.8669164], [12.4093408, 41.8669278], [12.4092929, 41.8669449], [12.4092684, 41.8669582], [12.4092409, 41.8669727], [12.4092014, 41.8670006], [12.4091785, 41.8670205], [12.409161, 41.8670384], [12.409149, 41.8670558], [12.4091225, 41.8670922], [12.4090941, 41.8671322], [12.4090721, 41.8671664], [12.4090501, 41.8672082], [12.4090312, 41.8672555], [12.4090241, 41.867288], [12.4090227, 41.8673114], [12.4090251, 41.8673382], [12.4090349, 41.8673679], [12.4090463, 41.8673974], [12.4090617, 41.8674269], [12.4091235, 41.867525], [12.4092109, 41.8676556], [12.409236, 41.8676988], [12.4092544, 41.8677317], [12.4092754, 41.8677737], [12.409358, 41.8679577], [12.4094221, 41.8680881], [12.4094553, 41.8681522], [12.4094916, 41.868218], [12.4095117, 41.8682474], [12.4095292, 41.8682698], [12.409552, 41.8683011], [12.4095735, 41.8683284], [12.4096204, 41.8683801], [12.4096794, 41.868449]], [[12.4096794, 41.868449], [12.4098021, 41.8685591], [12.4099092, 41.8686535], [12.4099893, 41.8687236], [12.4101007, 41.8688326], [12.4101853, 41.8689317]], [[12.4121259, 41.8684408], [12.4120693, 41.8684313], [12.4117633, 41.8683682], [12.4113685, 41.868287]]]}}, {"type": "Feature", "properties": {"id": "SS-ROM-3598", "nome": "Via Baldassarre Molossi", "quartiere": "Municipio Roma XII", "classificazione": "giallo", "score": 3, "note": "strada urbana senza ciclabile (2 corsie)", "ciclabile": "no", "n_corsie": "2", "senso_unico": "no", "n_testimonianze": "0", "municipio": "XII"}, "geometry": {"type": "LineString", "coordinates": [[12.4397938, 41.8636072], [12.4412371, 41.8638267]]}}, {"type": "Feature", "properties": {"id": "SS-ROM-3626", "nome": "Via Baressa", "quartiere": "Municipio Roma XII", "classificazione": "giallo", "score": 3, "note": "strada urbana senza ciclabile", "ciclabile": "no", "n_corsie": "2", "senso_unico": "no", "n_testimonianze": "0", "municipio": "XII"}, "geometry": {"type": "LineString", "coordinates": [[12.3497492, 41.8454608], [12.3493708, 41.8449463], [12.3486566, 41.8439897], [12.3477928, 41.842855], [12.3477448, 41.842792]]}}, {"type": "Feature", "properties": {"id": "SS-ROM-3648", "nome": "Via Bartolomeo Avanzini", "quartiere": "Municipio Roma XII", "classificazione": "giallo", "score": 3, "note": "strada urbana senza ciclabile (1 corsie)", "ciclabile": "no", "n_corsie": "1", "senso_unico": "si", "n_testimonianze": "0", "municipio": "XII"}, "geometry": {"type": "MultiLineString", "coordinates": [[[12.4096088, 41.8692876], [12.4094102, 41.8689506], [12.4092437, 41.8686532]], [[12.4092437, 41.8686532], [12.4090178, 41.8683835], [12.4088398, 41.8681661], [12.4086665, 41.867932], [12.4086469, 41.8679039], [12.4086219, 41.8678669], [12.4086028, 41.8678359], [12.4085865, 41.8677988], [12.408573, 41.8677693], [12.4085596, 41.8677288], [12.4085388, 41.8676528], [12.4085296, 41.86761], [12.4085071, 41.8673866], [12.4085026, 41.8673214], [12.4084995, 41.8672658], [12.408499, 41.8672209], [12.4085039, 41.8671805], [12.4085158, 41.8671283], [12.4085289, 41.8670835], [12.4085447, 41.8670357], [12.4085601, 41.8669944], [12.4085862, 41.8669376], [12.4086163, 41.8668778], [12.4087412, 41.8666539], [12.4088591, 41.8664523], [12.4088742, 41.8664281], [12.4088936, 41.8664032], [12.4089131, 41.8663828], [12.4089351, 41.8663631], [12.4089679, 41.8663404], [12.4089963, 41.8663211], [12.4090336, 41.8663008], [12.4090616, 41.8662884], [12.4090856, 41.86628], [12.4091316, 41.8662672], [12.409178, 41.8662578], [12.409227, 41.8662493], [12.4092648, 41.8662448], [12.4092903, 41.8662433], [12.4093161, 41.8662422], [12.4093379, 41.8662431], [12.4093633, 41.8662464], [12.4093937, 41.8662515], [12.4094174, 41.8662576], [12.4094599, 41.8662688], [12.4094823, 41.8662751], [12.4095494, 41.8662957], [12.4096643, 41.8663355], [12.4097731, 41.8663753], [12.4098626, 41.8664094], [12.409946, 41.8664435], [12.4101536, 41.86653], [12.4102114, 41.8665591], [12.4102651, 41.8665881], [12.4103692, 41.8666516], [12.4105259, 41.8667631]], [[12.4105259, 41.8667631], [12.4107287, 41.8667461], [12.4107895, 41.8667398], [12.4108818, 41.8667302]]]}}, {"type": "Feature", "properties": {"id": "SS-ROM-3654", "nome": "Via Bartolomeo Chesi", "quartiere": "Municipio Roma XII", "classificazione": "giallo", "score": 3, "note": "strada urbana senza ciclabile", "ciclabile": "no", "n_corsie": "2", "senso_unico": "no", "n_testimonianze": "0", "municipio": "XII"}, "geometry": {"type": "LineString", "coordinates": [[12.35122, 41.8712053], [12.3495034, 41.8698363], [12.3494198, 41.8697504], [12.3493971, 41.8696839], [12.3494231, 41.8695704], [12.3494604, 41.8694593], [12.3494604, 41.8694122], [12.3494393, 41.8693699], [12.3493955, 41.8693458], [12.349183, 41.8692649], [12.3484273, 41.8690016]]}}, {"type": "Feature", "properties": {"id": "SS-ROM-3757", "nome": "Via Benedetto Luigi Montel", "quartiere": "Municipio Roma XII", "classificazione": "giallo", "score": 3, "note": "strada urbana senza ciclabile", "ciclabile": "no", "n_corsie": "2", "senso_unico": "no", "n_testimonianze": "0", "municipio": "XII"}, "geometry": {"type": "LineString", "coordinates": [[12.3337386, 41.842755], [12.3330654, 41.8425679], [12.3321651, 41.8424259], [12.3312577, 41.8423525], [12.3302742, 41.8422073]]}}, {"type": "Feature", "properties": {"id": "SS-ROM-3780", "nome": "Via Benvenuto Griziotti", "quartiere": "Municipio Roma XII", "classificazione": "giallo", "score": 3, "note": "strada urbana senza ciclabile", "ciclabile": "no", "n_corsie": "2", "senso_unico": "no", "n_testimonianze": "0", "municipio": "XII"}, "geometry": {"type": "MultiLineString", "coordinates": [[[12.3447857, 41.8739902], [12.3455159, 41.8739307], [12.3460742, 41.8738764], [12.3467064, 41.8738288], [12.3478103, 41.873725]], [[12.3447857, 41.8739902], [12.3448214, 41.8742055]], [[12.3444811, 41.8728826], [12.3447172, 41.8736486], [12.3447857, 41.8739902]]]}}, {"type": "Feature", "properties": {"id": "SS-ROM-3834", "nome": "Via Biagio Pallai", "quartiere": "Municipio Roma XII", "classificazione": "giallo", "score": 3, "note": "strada urbana senza ciclabile (1 corsie)", "ciclabile": "no", "n_corsie": "1", "senso_unico": "si", "n_testimonianze": "0", "municipio": "XII"}, "geometry": {"type": "MultiLineString", "coordinates": [[[12.4441953, 41.8742623], [12.4445836, 41.8741356], [12.4450197, 41.8740078], [12.4450494, 41.8739987], [12.4451087, 41.8739806]], [[12.4441953, 41.8742623], [12.4440465, 41.8743091], [12.4439708, 41.8743351], [12.4438809, 41.8743612], [12.443852, 41.8743676], [12.4438109, 41.8743725], [12.4437108, 41.8743787], [12.4435965, 41.8743789], [12.4434019, 41.8743752]]]}}, {"type": "Feature", "properties": {"id": "SS-ROM-3840", "nome": "Via Bibbona", "quartiere": "Municipio Roma XII", "classificazione": "giallo", "score": 3, "note": "strada urbana senza ciclabile", "ciclabile": "no", "n_corsie": "2", "senso_unico": "no", "n_testimonianze": "0", "municipio": "XII"}, "geometry": {"type": "LineString", "coordinates": [[12.4347901, 41.8438641], [12.4348513, 41.8438563], [12.434883, 41.8438496], [12.4349058, 41.8438425], [12.4349985, 41.8438034], [12.435107, 41.8437531], [12.4352047, 41.8437018], [12.4352323, 41.8436859], [12.4352518, 41.8436721], [12.4352687, 41.843648], [12.435277, 41.8436221], [12.4352947, 41.8435707], [12.4353137, 41.8434923], [12.4353354, 41.8434064], [12.4353567, 41.8433297], [12.4353276, 41.8432536], [12.4353164, 41.8432212], [12.4353133, 41.8432038], [12.4353167, 41.8431904], [12.4353243, 41.8431789], [12.4353461, 41.843166], [12.4353667, 41.843161], [12.435391, 41.8431567], [12.435414, 41.8431533], [12.435466, 41.8431407], [12.4355558, 41.8431228], [12.4358231, 41.8430696], [12.4358571, 41.8430667], [12.4358811, 41.843078], [12.4358928, 41.8431018], [12.4358933, 41.8431451], [12.4358777, 41.8432055], [12.4358146, 41.8433767], [12.4357689, 41.8434812], [12.4357285, 41.843553], [12.4356761, 41.843637], [12.4356162, 41.8437174], [12.4355742, 41.8437643], [12.4354756, 41.8438526], [12.4354032, 41.8439058], [12.4353397, 41.8439518], [12.4353223, 41.8439763], [12.4353156, 41.8439997], [12.4353153, 41.8440238], [12.4353279, 41.8440441], [12.4353478, 41.8440584], [12.4353675, 41.8440676], [12.4354008, 41.8440756], [12.4354388, 41.844076], [12.4357876, 41.8440584], [12.4358441, 41.8440434], [12.4359004, 41.8440284], [12.4359532, 41.8440123], [12.4359975, 41.8440004], [12.4360238, 41.8439872], [12.4360394, 41.8439751], [12.4360697, 41.8439414], [12.4361153, 41.8438828], [12.4361423, 41.8438526], [12.4364292, 41.8439156]]}}, {"type": "Feature", "properties": {"id": "SS-ROM-3886", "nome": "Via Bolgheri", "quartiere": "Municipio Roma XII", "classificazione": "giallo", "score": 3, "note": "strada urbana senza ciclabile", "ciclabile": "no", "n_corsie": "2", "senso_unico": "no", "n_testimonianze": "0", "municipio": "XII"}, "geometry": {"type": "LineString", "coordinates": [[12.4493616, 41.8417542], [12.4492898, 41.8417445], [12.4492157, 41.8417], [12.4486547, 41.8409855], [12.4485499, 41.840865], [12.4485108, 41.8408393], [12.448469, 41.8408195], [12.4483884, 41.8407931], [12.4482188, 41.8407529], [12.4480684, 41.8407341], [12.4479545, 41.840729], [12.4478389, 41.8407308], [12.4477058, 41.8407476], [12.4476022, 41.8407708], [12.4474654, 41.8408116], [12.4470792, 41.8409778], [12.4468502, 41.8410675], [12.4466959, 41.8411373], [12.4466398, 41.8411533], [12.4465838, 41.8411652], [12.4465085, 41.8411696], [12.4464404, 41.8411674], [12.4463815, 41.8411604], [12.4463577, 41.8411542], [12.4463365, 41.841146], [12.4463153, 41.8411343], [12.4462968, 41.8411197], [12.4461313, 41.8408921], [12.4459983, 41.840769]]}}, {"type": "Feature", "properties": {"id": "SS-ROM-4049", "nome": "Via Buggiano", "quartiere": "Municipio Roma XII", "classificazione": "giallo", "score": 3, "note": "strada urbana senza ciclabile", "ciclabile": "no", "n_corsie": "2", "senso_unico": "no", "n_testimonianze": "0", "municipio": "XII"}, "geometry": {"type": "LineString", "coordinates": [[12.4302903, 41.8427357], [12.4301288, 41.8428282], [12.4300695, 41.8428651], [12.4300259, 41.8428956], [12.4299763, 41.8429406], [12.4299457, 41.8429888], [12.4299129, 41.8430566], [12.4298794, 41.8431262], [12.4298438, 41.8432008], [12.429811, 41.8432794], [12.4297794, 41.8433742], [12.4297536, 41.8434615], [12.4297274, 41.8435728], [12.4297149, 41.8436665], [12.4296978, 41.8438117], [12.4297103, 41.843888], [12.4297253, 41.8439296], [12.4297375, 41.8439616], [12.429755, 41.8439943], [12.4297697, 41.8440207], [12.4297776, 41.8440426], [12.4297664, 41.8440781], [12.4297332, 41.844144], [12.4296963, 41.8441967], [12.4296409, 41.8442716], [12.4296008, 41.8443229], [12.4295499, 41.8443724], [12.4295056, 41.8443982], [12.4294559, 41.8444239], [12.429417, 41.8444404], [12.4293702, 41.8444569], [12.4293006, 41.8444709], [12.4292279, 41.8444834], [12.4290606, 41.8444922], [12.4288459, 41.8444967]]}}, {"type": "Feature", "properties": {"id": "SS-ROM-4056", "nome": "Via Buonconvento", "quartiere": "Municipio Roma XII", "classificazione": "giallo", "score": 3, "note": "strada urbana senza ciclabile", "ciclabile": "no", "n_corsie": "2", "senso_unico": "no", "n_testimonianze": "0", "municipio": "XII"}, "geometry": {"type": "MultiLineString", "coordinates": [[[12.4358177, 41.8470897], [12.4357727, 41.8470883], [12.4357346, 41.847088], [12.4356731, 41.8470857], [12.4355384, 41.8470788], [12.4354361, 41.8470729], [12.4347786, 41.8470202], [12.4347124, 41.847011], [12.4345391, 41.8469838], [12.434476, 41.8469729], [12.4344068, 41.8469585], [12.4343247, 41.8469357], [12.4342885, 41.8469225], [12.4342532, 41.8469008], [12.434231, 41.8468773], [12.4342129, 41.8468549], [12.4342029, 41.8468301], [12.4341974, 41.8468088], [12.4341725, 41.8466833], [12.4341629, 41.8466024], [12.4341613, 41.8465277], [12.4341635, 41.8463799], [12.4341685, 41.8463079], [12.4341842, 41.8462331], [12.4342141, 41.8461199], [12.4342201, 41.8460626], [12.434219, 41.846034], [12.4342126, 41.8460113]], [[12.4342532, 41.8469008], [12.434241, 41.846912], [12.43423, 41.8469233], [12.4342137, 41.8469526], [12.4341624, 41.847142]]]}}, {"type": "Feature", "properties": {"id": "SS-ROM-4077", "nome": "Via Cabras", "quartiere": "Municipio Roma XII", "classificazione": "giallo", "score": 3, "note": "strada urbana senza ciclabile", "ciclabile": "no", "n_corsie": "2", "senso_unico": "no", "n_testimonianze": "0", "municipio": "XII"}, "geometry": {"type": "LineString", "coordinates": [[12.3614809, 41.834723], [12.3618849, 41.83452], [12.3621017, 41.834411], [12.3621988, 41.8343704], [12.3622208, 41.8343624], [12.3622449, 41.8343544], [12.3622698, 41.8343482], [12.3622967, 41.8343421], [12.3623195, 41.8343384], [12.3623478, 41.8343358], [12.3623715, 41.8343352], [12.362398, 41.8343351], [12.3624211, 41.8343366], [12.3624469, 41.8343385], [12.3624687, 41.8343413], [12.3624979, 41.8343465], [12.3625422, 41.8343569], [12.3626064, 41.8343775], [12.3628607, 41.834482], [12.3628976, 41.8344936], [12.36293, 41.8344994], [12.3629637, 41.8345022], [12.3629941, 41.8345025], [12.3630218, 41.8345008], [12.3630489, 41.8344965], [12.3630746, 41.8344901], [12.3631005, 41.8344819], [12.3631261, 41.8344724], [12.3633585, 41.83437]]}}, {"type": "Feature", "properties": {"id": "SS-ROM-4198", "nome": "Via Camillo Serafini", "quartiere": "Municipio Roma XII", "classificazione": "giallo", "score": 3, "note": "strada urbana senza ciclabile (2 corsie)", "ciclabile": "no", "n_corsie": "2", "senso_unico": "no", "n_testimonianze": "0", "municipio": "XII"}, "geometry": {"type": "LineString", "coordinates": [[12.4265992, 41.8800408], [12.4266783, 41.8800254], [12.4267151, 41.8800154], [12.4267479, 41.8800048], [12.4267692, 41.8799964], [12.4267838, 41.8799896], [12.4267968, 41.8799826], [12.4268097, 41.8799735], [12.4268209, 41.8799622], [12.4268294, 41.879951], [12.4269432, 41.879791], [12.4271856, 41.8794297], [12.4276031, 41.8788007], [12.4278728, 41.8783883], [12.4279045, 41.8783425], [12.42869, 41.8771483], [12.4287407, 41.8770641]]}}, {"type": "Feature", "properties": {"id": "SS-ROM-4207", "nome": "Via Campagnatico", "quartiere": "Municipio Roma XII", "classificazione": "giallo", "score": 3, "note": "strada urbana senza ciclabile", "ciclabile": "no", "n_corsie": "2", "senso_unico": "no", "n_testimonianze": "0", "municipio": "XII"}, "geometry": {"type": "MultiLineString", "coordinates": [[[12.4388971, 41.8432846], [12.4382692, 41.8432094], [12.4380855, 41.8431883], [12.4379117, 41.8431679], [12.4378504, 41.8431625], [12.4374906, 41.8431199], [12.437394, 41.8431087], [12.4373578, 41.8431035], [12.436931, 41.8430493], [12.4368977, 41.8430456], [12.4368619, 41.8430411]], [[12.4367832, 41.8430321], [12.4368619, 41.8430411]]]}}, {"type": "Feature", "properties": {"id": "SS-ROM-4297", "nome": "Via Capalbio", "quartiere": "Municipio Roma XII", "classificazione": "giallo", "score": 3, "note": "strada urbana senza ciclabile", "ciclabile": "no", "n_corsie": "2", "senso_unico": "si", "n_testimonianze": "0", "municipio": "XII"}, "geometry": {"type": "LineString", "coordinates": [[12.4375878, 41.8419959], [12.4376519, 41.8420035], [12.4381004, 41.8420566], [12.4381479, 41.8420624]]}}, {"type": "Feature", "properties": {"id": "SS-ROM-4339", "nome": "Via Capolona", "quartiere": "Municipio Roma XII", "classificazione": "giallo", "score": 3, "note": "strada urbana senza ciclabile", "ciclabile": "no", "n_corsie": "2", "senso_unico": "no", "n_testimonianze": "0", "municipio": "XII"}, "geometry": {"type": "LineString", "coordinates": [[12.4386405, 41.8488921], [12.4390027, 41.8489482], [12.4390269, 41.84895], [12.439051, 41.8489489], [12.4390697, 41.848944], [12.4390883, 41.8489352], [12.4392686, 41.8487785], [12.4393092, 41.8487634], [12.4393677, 41.8487578], [12.4394212, 41.8487666], [12.4394746, 41.8487849], [12.4396841, 41.8489461], [12.439698, 41.8489574], [12.4397065, 41.8489717], [12.4397103, 41.8489874], [12.4397048, 41.8490032], [12.4395948, 41.8491661], [12.4395986, 41.8492026], [12.4398429, 41.8492792]]}}, {"type": "Feature", "properties": {"id": "SS-ROM-4384", "nome": "Via Cardinal di York", "quartiere": "Municipio Roma XII", "classificazione": "giallo", "score": 3, "note": "strada urbana senza ciclabile", "ciclabile": "no", "n_corsie": "2", "senso_unico": "no", "n_testimonianze": "0", "municipio": "XII"}, "geometry": {"type": "LineString", "coordinates": [[12.4235044, 41.8656442], [12.4235828, 41.8655944], [12.4236163, 41.8655831], [12.423657, 41.8655706], [12.4237003, 41.8655621], [12.4237477, 41.8655585], [12.4237937, 41.865557], [12.4241129, 41.8655599], [12.4243907, 41.8655624], [12.4245038, 41.8655513], [12.4246183, 41.8655239], [12.4253507, 41.8652999]]}}, {"type": "Feature", "properties": {"id": "SS-ROM-4407", "nome": "Via Careggine", "quartiere": "Municipio Roma XII", "classificazione": "giallo", "score": 3, "note": "strada urbana senza ciclabile", "ciclabile": "no", "n_corsie": "2", "senso_unico": "no", "n_testimonianze": "0", "municipio": "XII"}, "geometry": {"type": "LineString", "coordinates": [[12.4353624, 41.8446851], [12.435033, 41.8442035], [12.4350224, 41.8441925], [12.4350092, 41.8441854], [12.4349926, 41.8441804], [12.4349747, 41.8441793], [12.4348649, 41.8441877], [12.434017, 41.8442738], [12.4340022, 41.844273], [12.4339888, 41.8442702], [12.4339786, 41.844265], [12.4339714, 41.8442597], [12.4339376, 41.8441983], [12.4338804, 41.844102], [12.4342033, 41.8440436], [12.4346109, 41.8439617], [12.4346665, 41.8439442], [12.4347067, 41.8439237], [12.4347361, 41.8439068], [12.4347725, 41.8438812], [12.4347901, 41.8438641], [12.4348078, 41.8438354], [12.4348181, 41.8437992], [12.4348214, 41.8437599], [12.4348114, 41.8437198], [12.4347466, 41.8434981], [12.4346977, 41.843368], [12.4346583, 41.8432729], [12.434588, 41.8431292], [12.4337582, 41.8433438], [12.4335515, 41.8429609]]}}, {"type": "Feature", "properties": {"id": "SS-ROM-4437", "nome": "Via Carlo Antoni", "quartiere": "Municipio Roma XII", "classificazione": "giallo", "score": 3, "note": "strada urbana senza ciclabile", "ciclabile": "no", "n_corsie": "2", "senso_unico": "no", "n_testimonianze": "0", "municipio": "XII"}, "geometry": {"type": "LineString", "coordinates": [[12.3628573, 41.8787834], [12.3608925, 41.8779709]]}}, {"type": "Feature", "properties": {"id": "SS-ROM-4492", "nome": "Via Carlo Fontana", "quartiere": "Municipio Roma XII", "classificazione": "giallo", "score": 3, "note": "strada urbana senza ciclabile", "ciclabile": "no", "n_corsie": "2", "senso_unico": "si", "n_testimonianze": "0", "municipio": "XII"}, "geometry": {"type": "LineString", "coordinates": [[12.4098919, 41.8660101], [12.4096263, 41.8660041], [12.409573, 41.8660037], [12.4095372, 41.8660037], [12.4095078, 41.8660042], [12.4094682, 41.8660068], [12.4094461, 41.8660108], [12.4094227, 41.8660165], [12.4094093, 41.8660223], [12.4093951, 41.8660324], [12.4093829, 41.866047], [12.4093645, 41.8660806], [12.4092903, 41.8662433]]}}, {"type": "Feature", "properties": {"id": "SS-ROM-4522", "nome": "Via Carlo Mazzei", "quartiere": "Municipio Roma XII", "classificazione": "giallo", "score": 3, "note": "strada urbana senza ciclabile", "ciclabile": "no", "n_corsie": "2", "senso_unico": "no", "n_testimonianze": "0", "municipio": "XII"}, "geometry": {"type": "LineString", "coordinates": [[12.3575153, 41.8769213], [12.356005, 41.8778077]]}}, {"type": "Feature", "properties": {"id": "SS-ROM-4530", "nome": "Via Carlo Oreste Zuretti", "quartiere": "Municipio Roma XII", "classificazione": "giallo", "score": 3, "note": "strada urbana senza ciclabile (1 corsie)", "ciclabile": "no", "n_corsie": "1", "senso_unico": "si", "n_testimonianze": "0", "municipio": "XII"}, "geometry": {"type": "LineString", "coordinates": [[12.439707, 41.8616941], [12.4398537, 41.8618334], [12.4398879, 41.8618574], [12.4399248, 41.8618794], [12.4399641, 41.8618964], [12.4400141, 41.8619113], [12.4402583, 41.8619542], [12.4405566, 41.8619965], [12.4413283, 41.8621007], [12.4416194, 41.8621381], [12.4416629, 41.8621408], [12.4416873, 41.8621363], [12.4417051, 41.8621301], [12.4417147, 41.8621248], [12.4417225, 41.8621189], [12.4417321, 41.8621088], [12.4417375, 41.8620946], [12.441739, 41.8620816], [12.4416844, 41.8615968], [12.4416743, 41.8615099], [12.4420355, 41.8614734]]}}, {"type": "Feature", "properties": {"id": "SS-ROM-4536", "nome": "Via Carlo Perugetti", "quartiere": "Municipio Roma XII", "classificazione": "giallo", "score": 3, "note": "strada urbana senza ciclabile", "ciclabile": "no", "n_corsie": "2", "senso_unico": "no", "n_testimonianze": "0", "municipio": "XII"}, "geometry": {"type": "MultiLineString", "coordinates": [[[12.3562538, 41.8756983], [12.3564619, 41.8755727], [12.3564863, 41.8755563], [12.3565052, 41.8755409], [12.3565255, 41.8755217], [12.3565405, 41.8755034], [12.3565575, 41.8754857], [12.3565758, 41.87547], [12.3566013, 41.8754512], [12.3566283, 41.8754344], [12.3567213, 41.8753825], [12.3574354, 41.8749797]], [[12.3577322, 41.8748], [12.3574354, 41.8749797]]]}}, {"type": "Feature", "properties": {"id": "SS-ROM-4556", "nome": "Via Carlo Severini", "quartiere": "Municipio Roma XII", "classificazione": "giallo", "score": 3, "note": "strada urbana senza ciclabile", "ciclabile": "no", "n_corsie": "2", "senso_unico": "no", "n_testimonianze": "0", "municipio": "XII"}, "geometry": {"type": "LineString", "coordinates": [[12.369168, 41.872503], [12.3691095, 41.8724869], [12.3690497, 41.8724719], [12.3689971, 41.8724596], [12.3689286, 41.8724444], [12.3688746, 41.8724334], [12.368818, 41.8724223], [12.3687569, 41.8724118], [12.3686931, 41.8724012], [12.368633, 41.8723921], [12.3682876, 41.872342], [12.3681648, 41.872323], [12.3680685, 41.8723066], [12.3679631, 41.8722872], [12.3678617, 41.8722669], [12.367094, 41.8721036], [12.3670003, 41.8720886], [12.3669569, 41.8720841], [12.3669239, 41.8720825], [12.3668816, 41.8720818], [12.3668554, 41.8720834], [12.3668175, 41.872091], [12.3667875, 41.8720987], [12.3667573, 41.8721075], [12.3665821, 41.8721676], [12.3663722, 41.8722359], [12.3663119, 41.872252], [12.3662407, 41.8722682], [12.3661803, 41.8722793], [12.3661092, 41.8722904], [12.3660367, 41.8722994], [12.3659629, 41.8723065], [12.3658683, 41.8723145], [12.3657724, 41.8723206], [12.3655818, 41.8723306], [12.3642741, 41.8724093]]}}, {"type": "Feature", "properties": {"id": "SS-ROM-4567", "nome": "Via Carlo Tincani", "quartiere": "Municipio Roma XII", "classificazione": "giallo", "score": 3, "note": "strada urbana senza ciclabile", "ciclabile": "no", "n_corsie": "2", "senso_unico": "no", "n_testimonianze": "0", "municipio": "XII"}, "geometry": {"type": "LineString", "coordinates": [[12.3553059, 41.8747847], [12.3543399, 41.8753314], [12.3542902, 41.8753549], [12.3542251, 41.8753734], [12.3541524, 41.8753746], [12.35309, 41.8751706], [12.3530232, 41.8751385], [12.3529498, 41.8750917], [12.3528978, 41.875041], [12.3527853, 41.8748715], [12.3525635, 41.8745977]]}}, {"type": "Feature", "properties": {"id": "SS-ROM-4667", "nome": "Via Casciana Terme", "quartiere": "Municipio Roma XII", "classificazione": "giallo", "score": 3, "note": "strada urbana senza ciclabile", "ciclabile": "no", "n_corsie": "2", "senso_unico": "no", "n_testimonianze": "0", "municipio": "XII"}, "geometry": {"type": "LineString", "coordinates": [[12.4416974, 41.8316582], [12.4423978, 41.8305606]]}}, {"type": "Feature", "properties": {"id": "SS-ROM-4677", "nome": "Via Casimiro Manassei", "quartiere": "Municipio Roma XII", "classificazione": "giallo", "score": 3, "note": "strada urbana senza ciclabile (2 corsie)", "ciclabile": "no", "n_corsie": "2", "senso_unico": "no", "n_testimonianze": "0", "municipio": "XII"}, "geometry": {"type": "LineString", "coordinates": [[12.4424076, 41.8653142], [12.4424595, 41.8653875], [12.4425252, 41.8654844], [12.4425528, 41.8655253], [12.4425747, 41.8655635], [12.4425951, 41.8656052], [12.4426059, 41.8656373], [12.4426144, 41.8656659], [12.4426229, 41.8656992], [12.4426306, 41.8657375], [12.4426322, 41.86577], [12.4426289, 41.8658164], [12.4426191, 41.8658612], [12.4426047, 41.8659034], [12.4425767, 41.8659576], [12.4425417, 41.8660091], [12.4425043, 41.8660559], [12.4424624, 41.8660966], [12.4424349, 41.8661199], [12.4424013, 41.8661433], [12.442366, 41.8661645], [12.4423245, 41.8661856], [12.4422577, 41.8662149], [12.4421906, 41.8662418], [12.4421174, 41.8662686], [12.4418145, 41.8663661], [12.4414058, 41.8664968], [12.4411786, 41.8665706], [12.4411163, 41.8665933], [12.4410662, 41.8666131], [12.4410021, 41.8666459], [12.4409388, 41.8666841], [12.4408839, 41.8667239], [12.4408562, 41.8667501], [12.4408285, 41.866782], [12.4407801, 41.8668487], [12.440744, 41.8669016], [12.440725, 41.8669329], [12.440706, 41.8669702], [12.4406822, 41.8670267], [12.4406759, 41.8670562], [12.4406697, 41.8670937], [12.4406669, 41.8671549], [12.4406703, 41.8672101], [12.4406782, 41.8672647], [12.4406901, 41.8673239], [12.440709, 41.8673817], [12.4407185, 41.8674074], [12.4407281, 41.8674297], [12.4407403, 41.8674523], [12.4407553, 41.8674766], [12.4407819, 41.8675093], [12.4408182, 41.867549], [12.4408538, 41.867587], [12.4409017, 41.867631]]}}, {"type": "Feature", "properties": {"id": "SS-ROM-4702", "nome": "Via Castagneto Carducci", "quartiere": "Municipio Roma XII", "classificazione": "giallo", "score": 3, "note": "strada urbana senza ciclabile", "ciclabile": "no", "n_corsie": "2", "senso_unico": "no", "n_testimonianze": "0", "municipio": "XII"}, "geometry": {"type": "LineString", "coordinates": [[12.4482389, 41.8441794], [12.447325, 41.8441909], [12.4473325, 41.8439649], [12.4473403, 41.8438518], [12.4473561, 41.8437388], [12.4480491, 41.8439956], [12.448203, 41.8440427]]}}, {"type": "Feature", "properties": {"id": "SS-ROM-4719", "nome": "Via Castel San Niccolò", "quartiere": "Municipio Roma XII", "classificazione": "giallo", "score": 3, "note": "strada urbana senza ciclabile", "ciclabile": "no", "n_corsie": "2", "senso_unico": "no", "n_testimonianze": "0", "municipio": "XII"}, "geometry": {"type": "LineString", "coordinates": [[12.4246412, 41.8424529], [12.4246257, 41.8424256], [12.4242097, 41.8416659]]}}, {"type": "Feature", "properties": {"id": "SS-ROM-4733", "nome": "Via Castelbarco", "quartiere": "Municipio Roma XII", "classificazione": "giallo", "score": 3, "note": "strada urbana senza ciclabile", "ciclabile": "no", "n_corsie": "2", "senso_unico": "no", "n_testimonianze": "0", "municipio": "XII"}, "geometry": {"type": "LineString", "coordinates": [[12.4134443, 41.8603259], [12.4123826, 41.8619419], [12.4120646, 41.8624909], [12.4116461, 41.8632949], [12.4116027, 41.8633746], [12.4112009, 41.8641364], [12.411941, 41.8643635]]}}, {"type": "Feature", "properties": {"id": "SS-ROM-4748", "nome": "Via Castelfranco di Sotto", "quartiere": "Municipio Roma XII", "classificazione": "giallo", "score": 3, "note": "strada urbana senza ciclabile", "ciclabile": "no", "n_corsie": "2", "senso_unico": "no", "n_testimonianze": "0", "municipio": "XII"}, "geometry": {"type": "LineString", "coordinates": [[12.4428887, 41.8319326], [12.4434407, 41.8310707], [12.4438439, 41.8304976]]}}, {"type": "Feature", "properties": {"id": "SS-ROM-4751", "nome": "Via Castell'Azzara", "quartiere": "Municipio Roma XII", "classificazione": "giallo", "score": 3, "note": "strada urbana senza ciclabile", "ciclabile": "no", "n_corsie": "2", "senso_unico": "no", "n_testimonianze": "0", "municipio": "XII"}, "geometry": {"type": "LineString", "coordinates": [[12.4311102, 41.84381], [12.4313476, 41.843042]]}}, {"type": "Feature", "properties": {"id": "SS-ROM-4765", "nome": "Via Castellina Marittima", "quartiere": "Municipio Roma XII", "classificazione": "giallo", "score": 3, "note": "strada urbana senza ciclabile (2 corsie)", "ciclabile": "no", "n_corsie": "2", "senso_unico": "no", "n_testimonianze": "0", "municipio": "XII"}, "geometry": {"type": "MultiLineString", "coordinates": [[[12.4410987, 41.8524433], [12.4409704, 41.8524186], [12.4408234, 41.8523902], [12.439776, 41.8521703]], [[12.4408234, 41.8523902], [12.4408065, 41.8524428], [12.4407788, 41.8525288], [12.4407697, 41.8525588], [12.4407711, 41.8525823], [12.4407734, 41.852627], [12.4405226, 41.8533373], [12.4404902, 41.8533568], [12.4399641, 41.8534652], [12.4396594, 41.8535347]]]}}, {"type": "Feature", "properties": {"id": "SS-ROM-4776", "nome": "Via Castelnuovo di Garfagnana", "quartiere": "Municipio Roma XII", "classificazione": "giallo", "score": 3, "note": "strada urbana senza ciclabile", "ciclabile": "no", "n_corsie": "2", "senso_unico": "si", "n_testimonianze": "0", "municipio": "XII"}, "geometry": {"type": "LineString", "coordinates": [[12.4293829, 41.8467325], [12.4283173, 41.8465411]]}}, {"type": "Feature", "properties": {"id": "SS-ROM-4798", "nome": "Via Castiglione d'Orcia", "quartiere": "Municipio Roma XII", "classificazione": "giallo", "score": 3, "note": "strada urbana senza ciclabile", "ciclabile": "no", "n_corsie": "2", "senso_unico": "no", "n_testimonianze": "0", "municipio": "XII"}, "geometry": {"type": "LineString", "coordinates": [[12.4372767, 41.852069], [12.438358, 41.8523375], [12.4388302, 41.8524548]]}}, {"type": "Feature", "properties": {"id": "SS-ROM-4800", "nome": "Via Castiglione della Pescaia", "quartiere": "Municipio Roma XII", "classificazione": "giallo", "score": 3, "note": "strada urbana senza ciclabile (2 corsie)", "ciclabile": "no", "n_corsie": "2", "senso_unico": "no", "n_testimonianze": "0", "municipio": "XII"}, "geometry": {"type": "LineString", "coordinates": [[12.4268248, 41.8418584], [12.4272813, 41.8428142], [12.4273618, 41.8429722], [12.4274422, 41.8431144], [12.4286328, 41.844872], [12.42865, 41.8448907], [12.4286753, 41.8449109], [12.4286895, 41.8449193], [12.4287051, 41.8449266], [12.42873, 41.8449353], [12.4287683, 41.8449419]]}}, {"type": "Feature", "properties": {"id": "SS-ROM-4854", "nome": "Via Cecina", "quartiere": "Municipio Roma XII", "classificazione": "giallo", "score": 3, "note": "strada urbana senza ciclabile", "ciclabile": "no", "n_corsie": "2", "senso_unico": "no", "n_testimonianze": "0", "municipio": "XII"}, "geometry": {"type": "LineString", "coordinates": [[12.437355, 41.8399968], [12.4374532, 41.839485]]}}, {"type": "Feature", "properties": {"id": "SS-ROM-4958", "nome": "Via Cesare Pascoletti", "quartiere": "Municipio Roma XII", "classificazione": "giallo", "score": 3, "note": "strada urbana senza ciclabile", "ciclabile": "no", "n_corsie": "2", "senso_unico": "no", "n_testimonianze": "0", "municipio": "XII"}, "geometry": {"type": "LineString", "coordinates": [[12.4034686, 41.8730715], [12.403355, 41.8730966], [12.4032705, 41.873117], [12.4029933, 41.8731819], [12.4019057, 41.8734432]]}}, {"type": "Feature", "properties": {"id": "SS-ROM-4988", "nome": "Via Cetona", "quartiere": "Municipio Roma XII", "classificazione": "giallo", "score": 3, "note": "strada urbana senza ciclabile", "ciclabile": "no", "n_corsie": "2", "senso_unico": "si", "n_testimonianze": "0", "municipio": "XII"}, "geometry": {"type": "LineString", "coordinates": [[12.4317992, 41.8457337], [12.4318812, 41.8457455], [12.4319274, 41.8457512], [12.4319863, 41.8457525], [12.4320532, 41.8457503], [12.4320978, 41.8457446], [12.4321444, 41.8457302], [12.4321921, 41.8457071], [12.4322253, 41.8456869], [12.4322742, 41.8456571], [12.4323701, 41.8455772], [12.4323984, 41.8455422], [12.4324375, 41.8455224], [12.4324666, 41.8455123], [12.4325038, 41.8455041], [12.4327117, 41.84548], [12.4335523, 41.8454026], [12.4341937, 41.8453974], [12.4344273, 41.8453892], [12.4345177, 41.8453851], [12.434608, 41.845377], [12.43472, 41.845363]]}}, {"type": "Feature", "properties": {"id": "SS-ROM-5018", "nome": "Via Chiusdino", "quartiere": "Municipio Roma XII", "classificazione": "giallo", "score": 3, "note": "strada urbana senza ciclabile", "ciclabile": "no", "n_corsie": "2", "senso_unico": "no", "n_testimonianze": "0", "municipio": "XII"}, "geometry": {"type": "LineString", "coordinates": [[12.4226891, 41.838859], [12.4226449, 41.8388617], [12.4225905, 41.838862], [12.4225503, 41.8388574], [12.4202584, 41.8384285], [12.4202131, 41.8384204], [12.4201826, 41.8384114], [12.4201533, 41.8383959], [12.4201316, 41.8383756], [12.4201212, 41.8383556], [12.4201184, 41.8383307], [12.4201213, 41.8383096], [12.4201299, 41.8382823], [12.4201445, 41.8382462], [12.4201622, 41.8382077], [12.4201808, 41.8381724], [12.4202026, 41.8381348], [12.420307, 41.8379795], [12.420342, 41.8379345], [12.4203854, 41.8378852], [12.4204169, 41.8378567], [12.4204582, 41.8378221], [12.4205068, 41.8377862], [12.4205527, 41.8377555], [12.4205934, 41.8377294], [12.4206407, 41.8377014], [12.4206908, 41.8376745], [12.420748, 41.8376455], [12.420808, 41.8376176], [12.4208811, 41.8375877], [12.4209545, 41.8375592], [12.4216788, 41.8373061], [12.4217179, 41.8372924]]}}, {"type": "Feature", "properties": {"id": "SS-ROM-5066", "nome": "Via Ciro Trabalza", "quartiere": "Municipio Roma XII", "classificazione": "giallo", "score": 3, "note": "strada urbana senza ciclabile", "ciclabile": "no", "n_corsie": "2", "senso_unico": "no", "n_testimonianze": "0", "municipio": "XII"}, "geometry": {"type": "MultiLineString", "coordinates": [[[12.3504448, 41.8798197], [12.3506422, 41.8799783], [12.350956, 41.880151], [12.351144, 41.8802411], [12.3514254, 41.8803458], [12.3519172, 41.8804803], [12.3521063, 41.8805134], [12.3521999, 41.8805182], [12.3522725, 41.8805082], [12.3523155, 41.8804813], [12.3523693, 41.8804251], [12.3524073, 41.8803235], [12.3524463, 41.8801797], [12.3524818, 41.8800208], [12.3524957, 41.8799542], [12.3525216, 41.8798297], [12.3525913, 41.8797343], [12.352626, 41.8796867], [12.3528924, 41.8794384], [12.3529777, 41.8793631], [12.3530779, 41.8792746], [12.3532657, 41.8790852], [12.3534357, 41.8789167], [12.353504, 41.8788292], [12.3535401, 41.8787317], [12.3535507, 41.8786668], [12.3535532, 41.8786516], [12.3535666, 41.878503], [12.3534639, 41.8783647], [12.3533285, 41.8783027], [12.3531849, 41.8782369], [12.3529811, 41.8780771], [12.3525561, 41.8776589]], [[12.3533285, 41.8783027], [12.3533743, 41.878283], [12.3539576, 41.8779413]], [[12.3525561, 41.8776589], [12.352391, 41.8773821]], [[12.3524957, 41.8799542], [12.3521569, 41.8797449]], [[12.3525913, 41.8797343], [12.3522615, 41.8795212]], [[12.3529777, 41.8793631], [12.3527416, 41.8792176]], [[12.3535507, 41.8786668], [12.3530906, 41.8785843]]]}}, {"type": "Feature", "properties": {"id": "SS-ROM-5106", "nome": "Via Clarice Marescotti", "quartiere": "Municipio Roma XII", "classificazione": "giallo", "score": 3, "note": "strada urbana senza ciclabile", "ciclabile": "no", "n_corsie": "2", "senso_unico": "no", "n_testimonianze": "0", "municipio": "XII"}, "geometry": {"type": "LineString", "coordinates": [[12.4474147, 41.8641757], [12.4473588, 41.8642046], [12.4473116, 41.8642478], [12.4472691, 41.8648264]]}}, {"type": "Feature", "properties": {"id": "SS-ROM-5125", "nome": "Via Clelia Garofolini", "quartiere": "Municipio Roma XII", "classificazione": "giallo", "score": 3, "note": "strada urbana senza ciclabile (2 corsie)", "ciclabile": "no", "n_corsie": "2", "senso_unico": "no", "n_testimonianze": "0", "municipio": "XII"}, "geometry": {"type": "LineString", "coordinates": [[12.4432778, 41.8752396], [12.4433702, 41.8752487], [12.4435491, 41.8752744], [12.4437537, 41.8753135], [12.4438668, 41.8753404], [12.4439839, 41.8753717], [12.4441022, 41.8754141], [12.4442083, 41.8754565], [12.4443347, 41.8755146], [12.4444294, 41.8755625], [12.444516, 41.8756105], [12.4446081, 41.8756632], [12.4447182, 41.8757388], [12.4447781, 41.8757799], [12.4448634, 41.8758413]]}}, {"type": "Feature", "properties": {"id": "SS-ROM-5168", "nome": "Via Colle Salvetti", "quartiere": "Municipio Roma XII", "classificazione": "giallo", "score": 3, "note": "strada urbana senza ciclabile", "ciclabile": "no", "n_corsie": "2", "senso_unico": "no", "n_testimonianze": "0", "municipio": "XII"}, "geometry": {"type": "LineString", "coordinates": [[12.4365777, 41.8347529], [12.4378199, 41.8346541], [12.4378481, 41.8346478], [12.4378709, 41.8346363], [12.4378868, 41.8346203], [12.4378917, 41.8346012], [12.4378702, 41.834344], [12.4378732, 41.8343309], [12.4378802, 41.8343179], [12.4378934, 41.834309], [12.4379134, 41.8343031], [12.4395252, 41.8340684], [12.4404702, 41.8339308], [12.4416065, 41.8338753], [12.4417698, 41.8338702]]}}, {"type": "Feature", "properties": {"id": "SS-ROM-5171", "nome": "Via Colle Val d'Elsa", "quartiere": "Municipio Roma XII", "classificazione": "giallo", "score": 3, "note": "strada urbana senza ciclabile", "ciclabile": "no", "n_corsie": "2", "senso_unico": "no", "n_testimonianze": "0", "municipio": "XII"}, "geometry": {"type": "LineString", "coordinates": [[12.4374938, 41.8391762], [12.4386758, 41.839323], [12.4387286, 41.8393296]]}}, {"type": "Feature", "properties": {"id": "SS-ROM-5196", "nome": "Via Colonnello Tommaso Masala", "quartiere": "Municipio Roma XII", "classificazione": "giallo", "score": 3, "note": "strada urbana senza ciclabile (2 corsie)", "ciclabile": "no", "n_corsie": "2", "senso_unico": "si", "n_testimonianze": "0", "municipio": "XII"}, "geometry": {"type": "MultiLineString", "coordinates": [[[12.3927235, 41.8314911], [12.3927623, 41.831498], [12.3928011, 41.8315029], [12.39288, 41.8315058], [12.3929509, 41.8315006], [12.3930218, 41.8314915], [12.3931054, 41.8314704], [12.3932033, 41.8314367]], [[12.3935437, 41.8299816], [12.3935387, 41.8302303], [12.3934899, 41.8304863], [12.3934505, 41.8307836], [12.3934551, 41.8309474], [12.3934617, 41.8311541], [12.3934565, 41.8312832], [12.3934533, 41.8313612], [12.3934464, 41.8314367]], [[12.3933336, 41.8299732], [12.3933472, 41.8297137], [12.3933606, 41.8292999], [12.3933329, 41.8290451], [12.3933154, 41.8288836], [12.3932759, 41.8287358], [12.3932775, 41.8284251], [12.3932639, 41.8281455], [12.3932839, 41.8278895]], [[12.3935232, 41.8278325], [12.3935308, 41.8279321]], [[12.3932839, 41.8278895], [12.3932831, 41.8278198]], [[12.3932033, 41.8314367], [12.3933078, 41.8313323], [12.3933291, 41.8312763], [12.3933562, 41.8312047], [12.3933496, 41.830921], [12.3933154, 41.8304657]], [[12.3934087, 41.827633], [12.3934727, 41.8276715], [12.3935153, 41.82773], [12.3935232, 41.8278325]], [[12.3932831, 41.8278198], [12.3934087, 41.827633]], [[12.3935308, 41.8279321], [12.3935377, 41.8283999], [12.3935382, 41.8284324], [12.3935278, 41.828857], [12.3935337, 41.82903], [12.3935455, 41.8293964], [12.3935467, 41.8295801], [12.3935437, 41.8299816]], [[12.3933154, 41.8304657], [12.3932935, 41.8302568], [12.3933336, 41.8299732]]]}}, {"type": "Feature", "properties": {"id": "SS-ROM-5255", "nome": "Via Coreglia Antelminelli", "quartiere": "Municipio Roma XII", "classificazione": "giallo", "score": 3, "note": "strada urbana senza ciclabile", "ciclabile": "no", "n_corsie": "2", "senso_unico": "no", "n_testimonianze": "0", "municipio": "XII"}, "geometry": {"type": "LineString", "coordinates": [[12.4256176, 41.8421874], [12.4264226, 41.8439686], [12.4261187, 41.8444405], [12.4257286, 41.8445502], [12.425645, 41.8445594], [12.4246639, 41.8444018], [12.4238223, 41.8427083], [12.4238084, 41.8426796]]}}, {"type": "Feature", "properties": {"id": "SS-ROM-5443", "nome": "Via Dante de Blasi", "quartiere": "Municipio Roma XII", "classificazione": "giallo", "score": 3, "note": "strada urbana senza ciclabile (1 corsie)", "ciclabile": "no", "n_corsie": "1", "senso_unico": "si", "n_testimonianze": "0", "municipio": "XII"}, "geometry": {"type": "LineString", "coordinates": [[12.4474707, 41.8593599], [12.4474159, 41.8592284], [12.44735, 41.8591064], [12.4473324, 41.85908], [12.4473088, 41.8590583], [12.4472833, 41.8590406], [12.4472464, 41.8590186], [12.4472111, 41.8590006], [12.4471694, 41.8589863], [12.4471242, 41.8589733], [12.4470861, 41.8589661], [12.4470392, 41.8589602], [12.4469911, 41.8589584], [12.4469465, 41.8589606], [12.4468511, 41.8589779], [12.4466891, 41.8590138], [12.4464011, 41.8590777], [12.4463084, 41.8591008], [12.4462441, 41.8591199], [12.4461964, 41.8591379], [12.4455772, 41.859685], [12.4452315, 41.8599545], [12.4450543, 41.860073], [12.4449867, 41.8601101], [12.4447638, 41.8602297], [12.4446899, 41.8602605], [12.4446239, 41.860284], [12.444559, 41.8603034], [12.4445066, 41.8603181], [12.4444353, 41.8603344], [12.4443578, 41.8603487], [12.4442889, 41.8603577], [12.4442111, 41.8603655], [12.44406, 41.8603802], [12.4438243, 41.8604072], [12.4436747, 41.8604261]]}}, {"type": "Feature", "properties": {"id": "SS-ROM-5463", "nome": "Via De' Iacovacci", "quartiere": "Municipio Roma XII", "classificazione": "giallo", "score": 3, "note": "strada urbana senza ciclabile (2 corsie)", "ciclabile": "no", "n_corsie": "2", "senso_unico": "no", "n_testimonianze": "0", "municipio": "XII"}, "geometry": {"type": "LineString", "coordinates": [[12.4236048, 41.8662962], [12.4234926, 41.8663052], [12.4225042, 41.8664187], [12.4221209, 41.8664627]]}}, {"type": "Feature", "properties": {"id": "SS-ROM-5467", "nome": "Via Decimomannu", "quartiere": "Municipio Roma XII", "classificazione": "giallo", "score": 3, "note": "strada urbana senza ciclabile", "ciclabile": "no", "n_corsie": "2", "senso_unico": "no", "n_testimonianze": "0", "municipio": "XII"}, "geometry": {"type": "MultiLineString", "coordinates": [[[12.3484471, 41.8361432], [12.3507734, 41.8358118]], [[12.3513294, 41.835743], [12.3534416, 41.8354508], [12.3552413, 41.8352137]], [[12.3552413, 41.8352137], [12.3555747, 41.8351697]], [[12.3555747, 41.8351697], [12.3557048, 41.8351467], [12.3558693, 41.8350435], [12.3563232, 41.8348249]], [[12.3462255, 41.8363899], [12.3472175, 41.8362797], [12.3484471, 41.8361432]]]}}, {"type": "Feature", "properties": {"id": "SS-ROM-5547", "nome": "Via Domenicantonio Schiavone", "quartiere": "Municipio Roma XII", "classificazione": "giallo", "score": 3, "note": "strada urbana senza ciclabile (2 corsie)", "ciclabile": "no", "n_corsie": "2", "senso_unico": "no", "n_testimonianze": "0", "municipio": "XII"}, "geometry": {"type": "LineString", "coordinates": [[12.3479264, 41.8728627], [12.3483962, 41.87246]]}}, {"type": "Feature", "properties": {"id": "SS-ROM-5555", "nome": "Via Domenico Beneventano", "quartiere": "Municipio Roma XII", "classificazione": "giallo", "score": 3, "note": "strada urbana senza ciclabile", "ciclabile": "no", "n_corsie": "2", "senso_unico": "no", "n_testimonianze": "0", "municipio": "XII"}, "geometry": {"type": "MultiLineString", "coordinates": [[[12.3567975, 41.8739125], [12.3568905, 41.8738504], [12.3570174, 41.8737954], [12.3571166, 41.8737765], [12.3572481, 41.8737748], [12.3573866, 41.8737971], [12.3575019, 41.8738572], [12.357672, 41.8740119], [12.3577538, 41.8740901]], [[12.3577538, 41.8740901], [12.3584428, 41.8747657], [12.3584576, 41.8747784], [12.3584703, 41.8747858], [12.3584896, 41.874793], [12.3585119, 41.8747992], [12.3585347, 41.8748001], [12.35856, 41.8747988], [12.3585826, 41.8747919], [12.3586049, 41.8747814], [12.3587227, 41.874718]]]}}, {"type": "Feature", "properties": {"id": "SS-ROM-5612", "nome": "Via Domenico Vietri", "quartiere": "Municipio Roma XII", "classificazione": "giallo", "score": 3, "note": "strada urbana senza ciclabile", "ciclabile": "no", "n_corsie": "2", "senso_unico": "no", "n_testimonianze": "0", "municipio": "XII"}, "geometry": {"type": "LineString", "coordinates": [[12.4496862, 41.8496754], [12.4496516, 41.8497053], [12.44964, 41.849716], [12.4496257, 41.8497347], [12.4495992, 41.849793], [12.4491797, 41.8509127], [12.4490367, 41.8512848], [12.4490045, 41.851369], [12.448997, 41.8513938], [12.4489939, 41.851418], [12.4489949, 41.8514447], [12.4490012, 41.8514662], [12.4490115, 41.8514887], [12.4490648, 41.8515807], [12.4491141, 41.851666], [12.4491331, 41.8516988]]}}, {"type": "Feature", "properties": {"id": "SS-ROM-5657", "nome": "Via Duchessa di Galliera", "quartiere": "Municipio Roma XII", "classificazione": "giallo", "score": 3, "note": "strada urbana senza ciclabile (2 corsie)", "ciclabile": "no", "n_corsie": "2", "senso_unico": "no", "n_testimonianze": "0", "municipio": "XII"}, "geometry": {"type": "MultiLineString", "coordinates": [[[12.4489002, 41.8710532], [12.4488268, 41.8708042]], [[12.448623, 41.8709177], [12.4486595, 41.8709107], [12.4486882, 41.8709029], [12.4487157, 41.8708935], [12.4487351, 41.8708851], [12.4487588, 41.8708723], [12.4487813, 41.8708537], [12.4488007, 41.8708334], [12.4488268, 41.8708042]], [[12.4487694, 41.870631], [12.4485926, 41.8701059], [12.4485254, 41.8698872], [12.4484578, 41.8696725], [12.4484369, 41.8696143], [12.4482391, 41.8690172], [12.4482185, 41.868959], [12.4481323, 41.8687503], [12.4479526, 41.8683359], [12.4478183, 41.8680622], [12.4477946, 41.8680171], [12.447665, 41.8678873], [12.4476189, 41.8678411]], [[12.4488268, 41.8708042], [12.4487694, 41.870631]]]}}, {"type": "Feature", "properties": {"id": "SS-ROM-5679", "nome": "Via Edoardo Bassini", "quartiere": "Municipio Roma XII", "classificazione": "giallo", "score": 3, "note": "strada urbana senza ciclabile (2 corsie)", "ciclabile": "no", "n_corsie": "2", "senso_unico": "no", "n_testimonianze": "0", "municipio": "XII"}, "geometry": {"type": "LineString", "coordinates": [[12.4395567, 41.8688165], [12.441527, 41.8689696]]}}, {"type": "Feature", "properties": {"id": "SS-ROM-5690", "nome": "Via Edoardo Jenner", "quartiere": "Municipio Roma XII", "classificazione": "giallo", "score": 3, "note": "strada urbana senza ciclabile (2 corsie)", "ciclabile": "no", "n_corsie": "2", "senso_unico": "no", "n_testimonianze": "0", "municipio": "XII"}, "geometry": {"type": "MultiLineString", "coordinates": [[[12.4461316, 41.8748882], [12.4460469, 41.8748267], [12.4460031, 41.8747966], [12.4458487, 41.8746862], [12.4456892, 41.8745703], [12.4456224, 41.8745153], [12.4455287, 41.8744343], [12.4454446, 41.8743572], [12.4453715, 41.8742832], [12.4453134, 41.8742244], [12.4452345, 41.8741332], [12.4451736, 41.8740622], [12.4451087, 41.8739806]], [[12.4451087, 41.8739806], [12.4450835, 41.8739408], [12.44505, 41.8738898], [12.4450175, 41.8738345], [12.4449677, 41.8737427], [12.4449138, 41.8736273], [12.444896, 41.8735852], [12.4447971, 41.8733101], [12.4447848, 41.8732677], [12.4447603, 41.8731699], [12.4447491, 41.87312], [12.4447378, 41.873064], [12.44473, 41.8730055], [12.4447242, 41.8729395], [12.4447188, 41.8728195], [12.4447185, 41.8727735], [12.4447255, 41.8724612], [12.4447298, 41.872398], [12.4447375, 41.8722567], [12.4447441, 41.87218], [12.4447506, 41.8721094], [12.4447611, 41.8720585], [12.4447796, 41.8719857], [12.4447969, 41.8719307], [12.444832, 41.8717995], [12.4448723, 41.8716773], [12.4449287, 41.8715497], [12.4449614, 41.8714885], [12.4449942, 41.8714318], [12.4451537, 41.8712009], [12.4451814, 41.8711608], [12.4453767, 41.870862], [12.4458373, 41.8702614], [12.446029, 41.869988], [12.4460619, 41.8699405]]]}}, {"type": "Feature", "properties": {"id": "SS-ROM-5691", "nome": "Via Edoardo Maragliano", "quartiere": "Municipio Roma XII", "classificazione": "giallo", "score": 3, "note": "strada urbana senza ciclabile (1 corsie)", "ciclabile": "no", "n_corsie": "1", "senso_unico": "si", "n_testimonianze": "0", "municipio": "XII"}, "geometry": {"type": "LineString", "coordinates": [[12.4426882, 41.8629279], [12.4426979, 41.8629596], [12.442705, 41.8629904], [12.4427135, 41.8630372], [12.4427159, 41.863071], [12.4427188, 41.8631105], [12.4427195, 41.8631375], [12.4427176, 41.8631615], [12.4425874, 41.8638895], [12.4425466, 41.8641302], [12.4424224, 41.865207]]}}, {"type": "Feature", "properties": {"id": "SS-ROM-5733", "nome": "Via Elio Olimpio", "quartiere": "Municipio Roma XII", "classificazione": "giallo", "score": 3, "note": "strada urbana senza ciclabile", "ciclabile": "no", "n_corsie": "2", "senso_unico": "no", "n_testimonianze": "0", "municipio": "XII"}, "geometry": {"type": "LineString", "coordinates": [[12.4303664, 41.8363271], [12.4304435, 41.8361497], [12.4304378, 41.8361201], [12.4303817, 41.8360508], [12.4303389, 41.8359825], [12.4303282, 41.835933], [12.4303229, 41.8358919], [12.4303845, 41.8355535]]}}, {"type": "Feature", "properties": {"id": "SS-ROM-5742", "nome": "Via Elmas", "quartiere": "Municipio Roma XII", "classificazione": "giallo", "score": 3, "note": "strada urbana senza ciclabile", "ciclabile": "no", "n_corsie": "2", "senso_unico": "no", "n_testimonianze": "0", "municipio": "XII"}, "geometry": {"type": "MultiLineString", "coordinates": [[[12.3501866, 41.8383605], [12.3492176, 41.83749], [12.3485826, 41.836859], [12.3485691, 41.8368441], [12.3485471, 41.8368178], [12.3485278, 41.8367895], [12.348508, 41.8367517], [12.3485006, 41.8367345], [12.3484948, 41.8367192], [12.3484471, 41.8361432]], [[12.2442181, 41.9308394], [12.244906, 41.9308374], [12.2448959, 41.9315835], [12.2448934, 41.9315946], [12.2448902, 41.9316034], [12.2448858, 41.9316101], [12.2448809, 41.9316164], [12.2448735, 41.9316223], [12.2448649, 41.9316278], [12.2448564, 41.9316305], [12.2448467, 41.9316328], [12.2448313, 41.9316343], [12.2446204, 41.9316328], [12.244438, 41.9316315], [12.2441957, 41.9316298]]]}}, {"type": "Feature", "properties": {"id": "SS-ROM-5767", "nome": "Via Emilio Almansi", "quartiere": "Municipio Roma XII", "classificazione": "giallo", "score": 3, "note": "strada urbana senza ciclabile (1 corsie)", "ciclabile": "no", "n_corsie": "1", "senso_unico": "si", "n_testimonianze": "0", "municipio": "XII"}, "geometry": {"type": "MultiLineString", "coordinates": [[[12.447546, 41.8469461], [12.4474776, 41.8469346]], [[12.4445446, 41.8477265], [12.4448787, 41.8467782], [12.4451815, 41.84665], [12.4454733, 41.8465265], [12.4467707, 41.8467981]], [[12.4474776, 41.8469346], [12.4467707, 41.8467981]], [[12.4445446, 41.8477265], [12.444438, 41.8480667], [12.444261, 41.8485625], [12.4439521, 41.8494193], [12.4439271, 41.8495029], [12.4439132, 41.8495578], [12.4439115, 41.8495833], [12.4439194, 41.8495989], [12.4439288, 41.84961], [12.4439427, 41.8496211], [12.4439566, 41.8496267]], [[12.4439566, 41.8496267], [12.443914, 41.8497341], [12.4435525, 41.8507988]]]}}, {"type": "Feature", "properties": {"id": "SS-ROM-5783", "nome": "Via Emilio Lami", "quartiere": "Municipio Roma XII", "classificazione": "giallo", "score": 3, "note": "strada urbana senza ciclabile (1 corsie)", "ciclabile": "no", "n_corsie": "1", "senso_unico": "si", "n_testimonianze": "0", "municipio": "XII"}, "geometry": {"type": "LineString", "coordinates": [[12.4465919, 41.8726754], [12.4466602, 41.8726669], [12.4475077, 41.8725686], [12.4475462, 41.8725645], [12.4492615, 41.8723639], [12.4493597, 41.8723524]]}}, {"type": "Feature", "properties": {"id": "SS-ROM-5791", "nome": "Via Emilio Nazzani", "quartiere": "Municipio Roma XII", "classificazione": "giallo", "score": 3, "note": "strada urbana senza ciclabile (2 corsie)", "ciclabile": "no", "n_corsie": "2", "senso_unico": "no", "n_testimonianze": "0", "municipio": "XII"}, "geometry": {"type": "MultiLineString", "coordinates": [[[12.4211877, 41.8470238], [12.4212355, 41.847061], [12.4213118, 41.8471219], [12.4213621, 41.8471653], [12.4214003, 41.8472026], [12.4214434, 41.8472458], [12.4214825, 41.8472753], [12.4215605, 41.8473329], [12.4216244, 41.847373], [12.4216654, 41.8474044], [12.4217269, 41.8474693], [12.4220068, 41.8477682], [12.4220749, 41.847872]], [[12.4220749, 41.847872], [12.4221018, 41.847933], [12.4221221, 41.8479572], [12.4221923, 41.8480267], [12.4222817, 41.8481173]]]}}, {"type": "Feature", "properties": {"id": "SS-ROM-5809", "nome": "Via Empoli", "quartiere": "Municipio Roma XII", "classificazione": "giallo", "score": 3, "note": "strada urbana senza ciclabile", "ciclabile": "no", "n_corsie": "2", "senso_unico": "no", "n_testimonianze": "0", "municipio": "XII"}, "geometry": {"type": "LineString", "coordinates": [[12.4101323, 41.842261], [12.4111577, 41.8430001], [12.4103668, 41.8439758]]}}, {"type": "Feature", "properties": {"id": "SS-ROM-5863", "nome": "Via Enrico Medi", "quartiere": "Municipio Roma XII", "classificazione": "giallo", "score": 3, "note": "strada urbana senza ciclabile (1 corsie)", "ciclabile": "no", "n_corsie": "1", "senso_unico": "si", "n_testimonianze": "0", "municipio": "XII"}, "geometry": {"type": "MultiLineString", "coordinates": [[[12.4439566, 41.8496267], [12.4439723, 41.849627], [12.4439881, 41.8496251], [12.4439991, 41.8496228], [12.4440139, 41.8496158], [12.4440291, 41.849603], [12.4440399, 41.8495864], [12.4440477, 41.849572], [12.4440597, 41.8495264], [12.444079, 41.8494698], [12.4441567, 41.8492798], [12.4442317, 41.8490967]], [[12.4454432, 41.8504706], [12.4453801, 41.8504741], [12.4453236, 41.8504695], [12.445301, 41.8504657], [12.4452765, 41.850459], [12.4452524, 41.8504492], [12.4452324, 41.8504334], [12.4451984, 41.8503892], [12.4450027, 41.8501185], [12.4447805, 41.8498258], [12.4442317, 41.8490967]], [[12.6741228, 41.7736298], [12.6737125, 41.7739262], [12.673514, 41.7740742], [12.6732593, 41.774221], [12.6729937, 41.7743832], [12.6728864, 41.7744653], [12.6727899, 41.774555], [12.6727417, 41.7746083], [12.6725398, 41.7748417]]]}}, {"type": "Feature", "properties": {"id": "SS-ROM-5864", "nome": "Via Enrico Mizzi", "quartiere": "Municipio Roma XII", "classificazione": "giallo", "score": 3, "note": "strada urbana senza ciclabile (1 corsie)", "ciclabile": "no", "n_corsie": "1", "senso_unico": "si", "n_testimonianze": "0", "municipio": "XII"}, "geometry": {"type": "LineString", "coordinates": [[12.449249, 41.8494736], [12.4493228, 41.8494868], [12.4493974, 41.8495087], [12.4494612, 41.8495337], [12.4495055, 41.8495555], [12.4495414, 41.8495768], [12.4495862, 41.8496059], [12.4496862, 41.8496754], [12.4497422, 41.8497165], [12.4498992, 41.8498293], [12.4500345, 41.8499316], [12.4500949, 41.8499718], [12.4501545, 41.8500046], [12.4502138, 41.8500334], [12.450269, 41.8500492], [12.4503169, 41.8500547], [12.4503641, 41.8500547], [12.4504025, 41.8500501], [12.4504469, 41.850037], [12.4504854, 41.8500167], [12.4505212, 41.8499943], [12.4505577, 41.8499671], [12.4505876, 41.8499408], [12.4506113, 41.8499167], [12.4506378, 41.8498866], [12.4506906, 41.849822]]}}, {"type": "Feature", "properties": {"id": "SS-ROM-5869", "nome": "Via Enrico Pallini", "quartiere": "Municipio Roma XII", "classificazione": "giallo", "score": 3, "note": "strada urbana senza ciclabile (1 corsie)", "ciclabile": "no", "n_corsie": "1", "senso_unico": "si", "n_testimonianze": "0", "municipio": "XII"}, "geometry": {"type": "LineString", "coordinates": [[12.4496273, 41.8531266], [12.4495701, 41.8531134], [12.4480606, 41.8528408], [12.4480192, 41.8528329], [12.4479294, 41.8528194]]}}, {"type": "Feature", "properties": {"id": "SS-ROM-5968", "nome": "Via Ernesto Biondi", "quartiere": "Municipio Roma XII", "classificazione": "giallo", "score": 3, "note": "strada urbana senza ciclabile", "ciclabile": "no", "n_corsie": "2", "senso_unico": "no", "n_testimonianze": "0", "municipio": "XII"}, "geometry": {"type": "LineString", "coordinates": [[12.4154256, 41.8686321], [12.4156104, 41.8689028], [12.415648, 41.8689543], [12.4157016, 41.8690118], [12.4157506, 41.8690536], [12.4158013, 41.8690959], [12.4158356, 41.8691201], [12.4158699, 41.8691409], [12.416095, 41.8692678], [12.4163682, 41.8694078], [12.4164855, 41.8694674]]}}, {"type": "Feature", "properties": {"id": "SS-ROM-5973", "nome": "Via Ernesto Cesaro", "quartiere": "Municipio Roma XII", "classificazione": "giallo", "score": 3, "note": "strada urbana senza ciclabile", "ciclabile": "no", "n_corsie": "2", "senso_unico": "no", "n_testimonianze": "0", "municipio": "XII"}, "geometry": {"type": "LineString", "coordinates": [[12.3674617, 41.8701681], [12.3653774, 41.8694103]]}}, {"type": "Feature", "properties": {"id": "SS-ROM-5986", "nome": "Via Ernesto Teodoro Moneta", "quartiere": "Municipio Roma XII", "classificazione": "giallo", "score": 3, "note": "strada urbana senza ciclabile (2 corsie)", "ciclabile": "no", "n_corsie": "2", "senso_unico": "no", "n_testimonianze": "0", "municipio": "XII"}, "geometry": {"type": "MultiLineString", "coordinates": [[[12.4487826, 41.8560609], [12.448795, 41.8560593], [12.4488048, 41.8560563], [12.4488142, 41.8560512], [12.4488203, 41.8560446], [12.4488838, 41.8558492], [12.4489398, 41.8556425], [12.4489574, 41.8555691]], [[12.4473906, 41.8570646], [12.4478065, 41.8568184]]]}}, {"type": "Feature", "properties": {"id": "SS-ROM-5992", "nome": "Via Errico Malatesta", "quartiere": "Municipio Roma XII", "classificazione": "giallo", "score": 3, "note": "strada urbana senza ciclabile", "ciclabile": "no", "n_corsie": "2", "senso_unico": "no", "n_testimonianze": "0", "municipio": "XII"}, "geometry": {"type": "LineString", "coordinates": [[12.4471866, 41.8475741], [12.4472472, 41.8475963], [12.4474798, 41.8476815], [12.4480186, 41.8478805], [12.4482563, 41.8479684]]}}, {"type": "Feature", "properties": {"id": "SS-ROM-6011", "nome": "Via Ettore Ferrari", "quartiere": "Municipio Roma XII", "classificazione": "blu", "score": 2, "note": "zona pedonale / living street", "ciclabile": "no", "n_corsie": "1", "senso_unico": "si", "n_testimonianze": "0", "municipio": "XII"}, "geometry": {"type": "MultiLineString", "coordinates": [[[12.4104582, 41.8463316], [12.4103099, 41.8460634], [12.4102867, 41.8460259], [12.410257, 41.8459996], [12.4102322, 41.8459876], [12.4102053, 41.8459821], [12.410173, 41.8459781], [12.4101407, 41.8459805], [12.4099875, 41.846009], [12.4098671, 41.8460422], [12.409549, 41.84613], [12.4098804, 41.8468954]], [[12.4120195, 41.8520247], [12.4120722, 41.852169]], [[12.4120722, 41.852169], [12.4123774, 41.8528958], [12.412708, 41.853684]], [[12.4127521, 41.8538009], [12.4130526, 41.8545361], [12.4130694, 41.854571], [12.4130908, 41.8546094], [12.4131131, 41.8546455], [12.4131353, 41.8546711], [12.4131718, 41.8547057], [12.413211, 41.8547332], [12.4132699, 41.8547562], [12.4133314, 41.8547722], [12.4133972, 41.8547752], [12.4134421, 41.854773], [12.413487, 41.8547668], [12.4135566, 41.8547485], [12.4136232, 41.8547173], [12.41367, 41.8546779], [12.4136994, 41.8546406], [12.4137191, 41.8546054], [12.4137348, 41.8545702], [12.4137391, 41.8545452], [12.413743, 41.8545009], [12.4137334, 41.854452], [12.4137198, 41.854404], [12.4136836, 41.8542776], [12.4136836, 41.8542354], [12.413687, 41.8541961], [12.4136952, 41.8541567]], [[12.412708, 41.853684], [12.4127521, 41.8538009]], [[12.4105926, 41.848579], [12.4106499, 41.8487216]], [[12.4106499, 41.8487216], [12.4111456, 41.8499035], [12.4112706, 41.8502384]], [[12.4098804, 41.8468954], [12.4099488, 41.847064]], [[12.4099488, 41.847064], [12.4100992, 41.8474274], [12.4105926, 41.848579]], [[12.4112706, 41.8502384], [12.4112959, 41.8503061], [12.4113127, 41.850351]], [[12.4113127, 41.850351], [12.4113451, 41.8504379], [12.4114571, 41.8507134], [12.4114326, 41.8507752], [12.4115021, 41.8509735], [12.4116154, 41.8512451], [12.411694, 41.851276], [12.4120195, 41.8520247]]]}}, {"type": "Feature", "properties": {"id": "SS-ROM-6029", "nome": "Via Ettore Scandale", "quartiere": "Municipio Roma XII", "classificazione": "giallo", "score": 3, "note": "strada urbana senza ciclabile", "ciclabile": "no", "n_corsie": "2", "senso_unico": "no", "n_testimonianze": "0", "municipio": "XII"}, "geometry": {"type": "MultiLineString", "coordinates": [[[12.3446182, 41.8472002], [12.3428597, 41.8471962]], [[12.3428597, 41.8471962], [12.3426012, 41.8476734]], [[12.3428597, 41.8471962], [12.3428745, 41.8471622], [12.342888, 41.8471323], [12.3429002, 41.8470943], [12.342911, 41.8470604], [12.3428366, 41.8470025], [12.3427274, 41.8469285], [12.3426941, 41.8469098], [12.3426608, 41.846894], [12.3426304, 41.8468812], [12.3426001, 41.8468715], [12.3425714, 41.8468645], [12.3425392, 41.8468583], [12.3424949, 41.8468551], [12.3424575, 41.8468542], [12.3424122, 41.8468552], [12.3421712, 41.8468639], [12.3421414, 41.846863], [12.3421262, 41.8468618], [12.3421118, 41.8468601], [12.342097, 41.8468574], [12.3420828, 41.8468542], [12.3420498, 41.8468446], [12.342027, 41.846836], [12.3420088, 41.8468289], [12.3419867, 41.8468195], [12.3414986, 41.846598], [12.3407418, 41.8462638], [12.339388, 41.8456518], [12.3370791, 41.8446263], [12.3364, 41.8443424], [12.3360939, 41.8442144], [12.3360847, 41.8442099], [12.3360743, 41.8442027], [12.3360671, 41.8441941], [12.3360633, 41.8441854], [12.3360635, 41.8441731], [12.3360671, 41.8441608], [12.3360723, 41.8441523], [12.3360808, 41.8441421], [12.3362413, 41.843967], [12.3362516, 41.8439542], [12.3362578, 41.8439453], [12.3362664, 41.8439301], [12.3362729, 41.8439155], [12.3362786, 41.8438998], [12.3362823, 41.8438846], [12.3362834, 41.8438745], [12.3362835, 41.8438603], [12.3362741, 41.8437664]]]}}, {"type": "Feature", "properties": {"id": "SS-ROM-6058", "nome": "Via Eugenio Gra", "quartiere": "Municipio Roma XII", "classificazione": "giallo", "score": 3, "note": "strada urbana senza ciclabile", "ciclabile": "no", "n_corsie": "2", "senso_unico": "no", "n_testimonianze": "0", "municipio": "XII"}, "geometry": {"type": "MultiLineString", "coordinates": [[[12.3963744, 41.8728113], [12.3971468, 41.872447], [12.397185, 41.872434], [12.3972115, 41.8724279], [12.3972458, 41.8724228], [12.3972788, 41.8724217], [12.3973121, 41.8724239], [12.3973454, 41.8724311], [12.3973682, 41.8724386], [12.3973958, 41.8724534], [12.3980076, 41.873209], [12.3980996, 41.8733226], [12.3983056, 41.8736038]], [[12.3971468, 41.8729264], [12.3975674, 41.8734121], [12.3980076, 41.873209]]]}}, {"type": "Feature", "properties": {"id": "SS-ROM-6059", "nome": "Via Eugenio Maccagnani", "quartiere": "Municipio Roma XII", "classificazione": "giallo", "score": 3, "note": "strada urbana senza ciclabile (1 corsie)", "ciclabile": "no", "n_corsie": "1", "senso_unico": "si", "n_testimonianze": "0", "municipio": "XII"}, "geometry": {"type": "MultiLineString", "coordinates": [[[12.4168644, 41.8561295], [12.4167608, 41.856254], [12.4166715, 41.8563546], [12.4166418, 41.8563807], [12.4165874, 41.8564067], [12.4160405, 41.8566015], [12.4153609, 41.8568521], [12.4152107, 41.8569107], [12.4147728, 41.857069], [12.4145637, 41.8571388]], [[12.4139122, 41.8563011], [12.4140336, 41.8563721], [12.4141606, 41.856427]], [[12.4139122, 41.8563011], [12.4138968, 41.8562813], [12.4138707, 41.8562454], [12.4138472, 41.8562096], [12.4138302, 41.8561775], [12.4138212, 41.8561568], [12.4138148, 41.8561362], [12.4138125, 41.856117], [12.4138139, 41.8560994], [12.4138165, 41.8560848], [12.4138213, 41.8560621], [12.4138267, 41.856045], [12.4138347, 41.8560304], [12.4138424, 41.8560201], [12.4138529, 41.8560097], [12.4138659, 41.8559983], [12.4138841, 41.8559856], [12.4139023, 41.8559748], [12.4139343, 41.8559574], [12.4139826, 41.855935], [12.4143595, 41.8557894], [12.4145101, 41.855731], [12.4146192, 41.8556836], [12.4146502, 41.8556706], [12.4146772, 41.8556576], [12.414706, 41.8556414], [12.414726, 41.8556277], [12.4147611, 41.8556007], [12.4147894, 41.8555767], [12.4149899, 41.8554037], [12.4150548, 41.8553518], [12.4150839, 41.8553272]], [[12.4145637, 41.8571388], [12.414355, 41.8572054], [12.4143299, 41.8572101], [12.4143141, 41.8572112], [12.4142969, 41.8572094], [12.4142759, 41.8572031], [12.4142571, 41.8571932], [12.4142405, 41.8571833], [12.4142292, 41.8571734], [12.41421, 41.8571496], [12.4141942, 41.8571254], [12.4141784, 41.8570911], [12.4141596, 41.8570476], [12.4140588, 41.8567269], [12.4140313, 41.8566311]], [[12.4140313, 41.8566311], [12.4139122, 41.8563011]], [[12.4141606, 41.856427], [12.4141953, 41.856443], [12.4142368, 41.856467], [12.4142682, 41.8564894], [12.4142852, 41.8565032], [12.4143023, 41.8565219], [12.4143169, 41.8565446], [12.4143302, 41.8565723], [12.4143439, 41.8566027], [12.414429, 41.8567798], [12.4145476, 41.8570269], [12.4145563, 41.8570522], [12.4145599, 41.8570733], [12.4145629, 41.8571014], [12.4145637, 41.8571388]]]}}, {"type": "Feature", "properties": {"id": "SS-ROM-6095", "nome": "Via Fabbriche di Vallico", "quartiere": "Municipio Roma XII", "classificazione": "giallo", "score": 3, "note": "strada urbana senza ciclabile", "ciclabile": "no", "n_corsie": "2", "senso_unico": "no", "n_testimonianze": "0", "municipio": "XII"}, "geometry": {"type": "LineString", "coordinates": [[12.4334515, 41.8316631], [12.4329494, 41.8311968], [12.4325462, 41.8308128], [12.4331852, 41.8300456]]}}, {"type": "Feature", "properties": {"id": "SS-ROM-6103", "nome": "Via Fabiola", "quartiere": "Municipio Roma XII", "classificazione": "giallo", "score": 3, "note": "strada urbana senza ciclabile (1 corsie)", "ciclabile": "no", "n_corsie": "1", "senso_unico": "si", "n_testimonianze": "0", "municipio": "XII"}, "geometry": {"type": "LineString", "coordinates": [[12.4487687, 41.8765509], [12.4488292, 41.876497], [12.4490464, 41.8763046], [12.449075, 41.8762833], [12.4491316, 41.8762534], [12.4491762, 41.8762332], [12.4492278, 41.8762164], [12.4492772, 41.876203], [12.4493116, 41.8761974], [12.4493378, 41.8761948], [12.449377, 41.8761943], [12.4494101, 41.8761954], [12.4495358, 41.876208], [12.4496788, 41.8762297], [12.4499105, 41.8762687], [12.4499561, 41.8762752], [12.4500007, 41.8762795], [12.4500688, 41.8762841], [12.4501231, 41.8762858], [12.4501807, 41.8762819], [12.4502302, 41.8762762], [12.4502806, 41.8762694], [12.450327, 41.8762611], [12.4503922, 41.8762438], [12.4504339, 41.8762309], [12.4504716, 41.8762151], [12.4505168, 41.8761958], [12.4505477, 41.876177], [12.4506139, 41.8761368], [12.4506628, 41.8761008], [12.4507117, 41.8760544], [12.4507596, 41.8760043], [12.4508029, 41.8759472], [12.4508295, 41.8759023], [12.4508537, 41.8758382], [12.4508675, 41.8757811], [12.4508732, 41.8757323], [12.4508718, 41.8756946], [12.4508683, 41.8756584], [12.450862, 41.8756185], [12.4508486, 41.8755823], [12.4508296, 41.8755412], [12.4508046, 41.875494], [12.4507787, 41.8754557], [12.4507487, 41.8754175], [12.4507069, 41.8753713], [12.4506747, 41.8753417], [12.4506384, 41.8753121], [12.4505882, 41.8752771], [12.4504513, 41.8752033], [12.4503773, 41.8751745], [12.4503233, 41.8751418]]}}, {"type": "Feature", "properties": {"id": "SS-ROM-6184", "nome": "Via Federico Ozanam", "quartiere": "Municipio Roma XII", "classificazione": "giallo", "score": 3, "note": "strada urbana senza ciclabile (2 corsie)", "ciclabile": "no", "n_corsie": "2", "senso_unico": "no", "n_testimonianze": "0", "municipio": "XII"}, "geometry": {"type": "MultiLineString", "coordinates": [[[12.4487687, 41.8765509], [12.4488312, 41.8765908], [12.4491151, 41.8767723], [12.4492517, 41.8768497], [12.4493609, 41.8769102], [12.4494342, 41.8769491], [12.4495063, 41.8769836], [12.449615, 41.8770291], [12.4497259, 41.877074], [12.449861, 41.8771269], [12.4499227, 41.8771511], [12.4499811, 41.8771723], [12.4500557, 41.8771973], [12.4501166, 41.8772166], [12.4501785, 41.8772351], [12.4504872, 41.8773226]], [[12.4504872, 41.8773226], [12.4505702, 41.8773425], [12.4506443, 41.8773568], [12.450741, 41.8773746], [12.4508648, 41.8773949], [12.4510859, 41.8774294], [12.451386, 41.8774673], [12.4514559, 41.8774745], [12.452206, 41.8775516], [12.4522469, 41.8775546]], [[12.4470199, 41.8754584], [12.4470771, 41.8754927], [12.4474022, 41.875687], [12.4481106, 41.8761328], [12.448712, 41.8765149], [12.4487687, 41.8765509]]]}}, {"type": "Feature", "properties": {"id": "SS-ROM-6199", "nome": "Via Federico di Donato", "quartiere": "Municipio Roma XII", "classificazione": "giallo", "score": 3, "note": "strada urbana senza ciclabile (2 corsie)", "ciclabile": "no", "n_corsie": "2", "senso_unico": "si", "n_testimonianze": "0", "municipio": "XII"}, "geometry": {"type": "MultiLineString", "coordinates": [[[12.448533, 41.8643017], [12.4486257, 41.8645373], [12.4487254, 41.8648138], [12.4487394, 41.8648528], [12.4488379, 41.8651444], [12.4489074, 41.8653294], [12.4489382, 41.8654098], [12.4489536, 41.8654515], [12.4489744, 41.8654802]], [[12.4492832, 41.8657567], [12.4492256, 41.8657124], [12.4491672, 41.8656736], [12.4491222, 41.8656527], [12.4490536, 41.8656166], [12.4489838, 41.8655787], [12.4489215, 41.8655459], [12.4488567, 41.8655013]], [[12.4488131, 41.8654377], [12.4489382, 41.8654098]], [[12.4488567, 41.8655013], [12.4488131, 41.8654377], [12.4487779, 41.8653744], [12.4487462, 41.8653032], [12.4485757, 41.8648381], [12.4485613, 41.8647989], [12.4483791, 41.8643371]], [[12.4489744, 41.8654802], [12.4490084, 41.8655069], [12.4490352, 41.8655228], [12.4492095, 41.8656061], [12.4493236, 41.8656832]]]}}, {"type": "Feature", "properties": {"id": "SS-ROM-6204", "nome": "Via Felice Amadori", "quartiere": "Municipio Roma XII", "classificazione": "giallo", "score": 3, "note": "strada urbana senza ciclabile (2 corsie)", "ciclabile": "no", "n_corsie": "2", "senso_unico": "no", "n_testimonianze": "0", "municipio": "XII"}, "geometry": {"type": "LineString", "coordinates": [[12.447579, 41.8645303], [12.4476332, 41.8645184], [12.4476387, 41.8645171], [12.448323, 41.8643504], [12.4483314, 41.8643483], [12.4483791, 41.8643371]]}}, {"type": "Feature", "properties": {"id": "SS-ROM-6207", "nome": "Via Felice Bellotti", "quartiere": "Municipio Roma XII", "classificazione": "giallo", "score": 3, "note": "strada urbana senza ciclabile", "ciclabile": "no", "n_corsie": "2", "senso_unico": "no", "n_testimonianze": "0", "municipio": "XII"}, "geometry": {"type": "LineString", "coordinates": [[12.440553, 41.8572095], [12.4404572, 41.8571962], [12.4391831, 41.8570188], [12.4391274, 41.857011]]}}, {"type": "Feature", "properties": {"id": "SS-ROM-6211", "nome": "Via Felice Casorati", "quartiere": "Municipio Roma XII", "classificazione": "giallo", "score": 3, "note": "strada urbana senza ciclabile", "ciclabile": "no", "n_corsie": "2", "senso_unico": "no", "n_testimonianze": "0", "municipio": "XII"}, "geometry": {"type": "MultiLineString", "coordinates": [[[12.3501195, 41.8796155], [12.349141, 41.879684], [12.3490977, 41.8796632], [12.3490603, 41.8796264], [12.3490003, 41.8794819], [12.3489574, 41.87944], [12.348911, 41.8794193], [12.3482652, 41.8794895], [12.3480712, 41.8795127], [12.3475583, 41.879572]], [[12.3475636, 41.8797829], [12.3475583, 41.879572], [12.3475516, 41.8794529], [12.3475542, 41.8792377]], [[12.3480712, 41.8795127], [12.3480101, 41.8792108]], [[12.3482652, 41.8794895], [12.3482847, 41.8795757], [12.3483489, 41.8796753], [12.3484739, 41.8797441]], [[12.3459363, 41.8795731], [12.3475516, 41.8794529]]]}}, {"type": "Feature", "properties": {"id": "SS-ROM-6257", "nome": "Via Ferdinando Palasciano", "quartiere": "Municipio Roma XII", "classificazione": "giallo", "score": 3, "note": "strada urbana senza ciclabile (1 corsie)", "ciclabile": "no", "n_corsie": "1", "senso_unico": "si", "n_testimonianze": "0", "municipio": "XII"}, "geometry": {"type": "MultiLineString", "coordinates": [[[12.446773, 41.8743867], [12.4467093, 41.8743354], [12.4466598, 41.8742995], [12.4466174, 41.8742666], [12.4465771, 41.8742345], [12.4465408, 41.8742039], [12.4465094, 41.8741678], [12.446483, 41.8741317], [12.4464577, 41.8740891], [12.4464406, 41.8740414], [12.4464355, 41.8740116], [12.4464354, 41.8739906], [12.446438, 41.8739514], [12.4464398, 41.8739249], [12.4464558, 41.8737852], [12.4465335, 41.8731816], [12.4465919, 41.8726754], [12.4466163, 41.8723538], [12.4466615, 41.8720445], [12.4467612, 41.8714843], [12.4467708, 41.8714335]], [[12.4471497, 41.8701732], [12.4470515, 41.8703001], [12.4470021, 41.8703644], [12.4469751, 41.8704023], [12.446962, 41.8704292], [12.4469489, 41.8704636], [12.4469369, 41.8705052], [12.4468926, 41.8708055], [12.4468096, 41.8712507], [12.4467708, 41.8714335]]]}}, {"type": "Feature", "properties": {"id": "SS-ROM-6263", "nome": "Via Ferdinando Verospi", "quartiere": "Municipio Roma XII", "classificazione": "giallo", "score": 3, "note": "strada urbana senza ciclabile (1 corsie)", "ciclabile": "no", "n_corsie": "1", "senso_unico": "si", "n_testimonianze": "0", "municipio": "XII"}, "geometry": {"type": "MultiLineString", "coordinates": [[[12.4478936, 41.8716786], [12.4477189, 41.872117], [12.4475462, 41.8725645], [12.4473409, 41.873094]], [[12.4473409, 41.873094], [12.4472004, 41.8734279], [12.447097, 41.8737036], [12.4470912, 41.8737382], [12.4470893, 41.8737748], [12.4470914, 41.8737977], [12.447096, 41.8738257], [12.4471044, 41.8738544], [12.4471167, 41.8738842], [12.4471355, 41.8739177], [12.4471463, 41.8739349], [12.4471584, 41.8739512], [12.4471718, 41.8739686], [12.4471878, 41.8739839], [12.4472223, 41.8740104], [12.4472553, 41.8740351]], [[12.4478936, 41.8716786], [12.4480956, 41.8712038], [12.4482541, 41.8708181], [12.4482642, 41.8708004], [12.4482983, 41.8707525]]]}}, {"type": "Feature", "properties": {"id": "SS-ROM-6347", "nome": "Via Filippo Grispigni", "quartiere": "Municipio Roma XII", "classificazione": "giallo", "score": 3, "note": "strada urbana senza ciclabile (2 corsie)", "ciclabile": "no", "n_corsie": "2", "senso_unico": "no", "n_testimonianze": "0", "municipio": "XII"}, "geometry": {"type": "LineString", "coordinates": [[12.38081, 41.8797753], [12.3808192, 41.8797524], [12.3808258, 41.8797304], [12.380829, 41.87971], [12.3808309, 41.8796896], [12.3808271, 41.8796598], [12.3808179, 41.8796261], [12.3807901, 41.8795666], [12.3806602, 41.8793366], [12.3806314, 41.879268], [12.3806223, 41.8792347], [12.3806133, 41.8792034], [12.380614, 41.879181], [12.3806201, 41.8791606], [12.3806343, 41.8791362], [12.3806538, 41.8791177], [12.3806804, 41.879098], [12.3807219, 41.8790812], [12.3807549, 41.8790774], [12.3807906, 41.8790815], [12.3808236, 41.8790897], [12.380854, 41.8791018], [12.3814463, 41.8793715], [12.3815114, 41.8793947], [12.381552, 41.8794054], [12.3815953, 41.879414], [12.381662, 41.8794227], [12.381734, 41.879427], [12.3819918, 41.8794302], [12.3821596, 41.8794252], [12.382322, 41.8794201], [12.3824817, 41.8794072], [12.3826414, 41.8793823], [12.3831571, 41.8792746], [12.383536, 41.8791803], [12.3835712, 41.8791737], [12.3836037, 41.8791701], [12.383639, 41.8791694], [12.3836728, 41.8791718], [12.3837032, 41.8791762], [12.3837336, 41.8791826], [12.383785, 41.8792014], [12.3838265, 41.879221], [12.3838653, 41.8792425], [12.3839005, 41.8792675], [12.3839379, 41.879299], [12.3841039, 41.879499], [12.3842341, 41.8796679]]}}, {"type": "Feature", "properties": {"id": "SS-ROM-6361", "nome": "Via Filippo Rolletta", "quartiere": "Municipio Roma XII", "classificazione": "giallo", "score": 3, "note": "strada urbana senza ciclabile", "ciclabile": "no", "n_corsie": "2", "senso_unico": "no", "n_testimonianze": "0", "municipio": "XII"}, "geometry": {"type": "LineString", "coordinates": [[12.3567213, 41.8753825], [12.3569738, 41.8756504], [12.356989, 41.875663], [12.3570068, 41.875674], [12.357028, 41.8756837], [12.3570466, 41.8756895], [12.3570741, 41.8756945], [12.3571068, 41.8756967], [12.3571382, 41.8756949], [12.3571607, 41.8756911], [12.3571905, 41.8756811], [12.3572149, 41.8756692], [12.357939, 41.8752473]]}}, {"type": "Feature", "properties": {"id": "SS-ROM-6459", "nome": "Via Fordongianus", "quartiere": "Municipio Roma XII", "classificazione": "giallo", "score": 3, "note": "strada urbana senza ciclabile", "ciclabile": "no", "n_corsie": "2", "senso_unico": "no", "n_testimonianze": "0", "municipio": "XII"}, "geometry": {"type": "LineString", "coordinates": [[12.34536, 41.8342698], [12.3456237, 41.8341619], [12.345793, 41.8340988], [12.3459178, 41.8340574], [12.3460267, 41.834029], [12.3461302, 41.8340076], [12.346236, 41.8339912], [12.3463485, 41.8339799], [12.3464028, 41.833978], [12.3464639, 41.8339782], [12.3465309, 41.8339797], [12.3466005, 41.8339842], [12.3466618, 41.8339908], [12.3467312, 41.8340015], [12.3467928, 41.8340143], [12.3471918, 41.8340995], [12.3484901, 41.834401], [12.3487299, 41.8344168], [12.3490807, 41.8344787], [12.349347, 41.8345493], [12.3496042, 41.8346323], [12.3498131, 41.8347112], [12.34998, 41.8347816], [12.3501271, 41.834856], [12.3502101, 41.8349021], [12.3502548, 41.8349291], [12.3502931, 41.8349523], [12.3503709, 41.8350065], [12.3504487, 41.8350706], [12.3505077, 41.8351288], [12.3505667, 41.8351929], [12.3507527, 41.8354511], [12.3508773, 41.8356117]]}}, {"type": "Feature", "properties": {"id": "SS-ROM-6479", "nome": "Via Fosciandora", "quartiere": "Municipio Roma XII", "classificazione": "giallo", "score": 3, "note": "strada urbana senza ciclabile", "ciclabile": "no", "n_corsie": "2", "senso_unico": "no", "n_testimonianze": "0", "municipio": "XII"}, "geometry": {"type": "LineString", "coordinates": [[12.4339896, 41.8438333], [12.4337582, 41.8433438]]}}, {"type": "Feature", "properties": {"id": "SS-ROM-6515", "nome": "Via Francesco Amici", "quartiere": "Municipio Roma XII", "classificazione": "giallo", "score": 3, "note": "strada urbana senza ciclabile (1 corsie)", "ciclabile": "no", "n_corsie": "1", "senso_unico": "si", "n_testimonianze": "0", "municipio": "XII"}, "geometry": {"type": "MultiLineString", "coordinates": [[[12.4501795, 41.8726021], [12.4499289, 41.8725463], [12.4496418, 41.8724824], [12.4495686, 41.8724661]], [[12.4501795, 41.8726021], [12.4506517, 41.8726961], [12.4517952, 41.8729387]]]}}, {"type": "Feature", "properties": {"id": "SS-ROM-6521", "nome": "Via Francesco Aquilanti", "quartiere": "Municipio Roma XII", "classificazione": "giallo", "score": 3, "note": "strada urbana senza ciclabile (2 corsie)", "ciclabile": "no", "n_corsie": "2", "senso_unico": "no", "n_testimonianze": "0", "municipio": "XII"}, "geometry": {"type": "MultiLineString", "coordinates": [[[12.3646486, 41.8714751], [12.36459, 41.8714662], [12.3627108, 41.8711818], [12.3616494, 41.8710257], [12.3606173, 41.8708739], [12.3599428, 41.8707695], [12.3582283, 41.8705206], [12.3578814, 41.8704581], [12.3576774, 41.8704806], [12.3572684, 41.8705428]], [[12.3572684, 41.8705428], [12.3569623, 41.8704966], [12.3547156, 41.8701597]], [[12.3596857, 41.8715404], [12.3599428, 41.8707695]], [[12.3547156, 41.8701597], [12.3543847, 41.8701091], [12.3543187, 41.8700826], [12.3543097, 41.8700403], [12.3546418, 41.8695615], [12.3548031, 41.8695459], [12.3549345, 41.8695699], [12.3549994, 41.8695677], [12.3550737, 41.8692285]]]}}, {"type": "Feature", "properties": {"id": "SS-ROM-6522", "nome": "Via Francesco Arese", "quartiere": "Municipio Roma XII", "classificazione": "giallo", "score": 3, "note": "strada urbana senza ciclabile (1 corsie)", "ciclabile": "no", "n_corsie": "1", "senso_unico": "si", "n_testimonianze": "0", "municipio": "XII"}, "geometry": {"type": "LineString", "coordinates": [[12.4492441, 41.8585534], [12.4491737, 41.8586056], [12.4490991, 41.8586648], [12.4489979, 41.8587483], [12.4489473, 41.8587887], [12.4488985, 41.8588252], [12.4488404, 41.8588625], [12.4487761, 41.8589024], [12.4487154, 41.858939], [12.4486635, 41.8589704], [12.4486203, 41.8589945], [12.4485663, 41.8590211], [12.4485158, 41.8590469], [12.4484512, 41.8590753], [12.4483309, 41.8591255], [12.4482385, 41.8591615], [12.448132, 41.8591974], [12.4479401, 41.8592492], [12.4477517, 41.8592944]]}}, {"type": "Feature", "properties": {"id": "SS-ROM-6553", "nome": "Via Francesco Catel", "quartiere": "Municipio Roma XII", "classificazione": "giallo", "score": 3, "note": "strada urbana senza ciclabile (2 corsie)", "ciclabile": "no", "n_corsie": "2", "senso_unico": "si", "n_testimonianze": "0", "municipio": "XII"}, "geometry": {"type": "LineString", "coordinates": [[12.4474522, 41.8782367], [12.4477121, 41.878119], [12.4477314, 41.8781106], [12.4477572, 41.8780967], [12.4477865, 41.8780786], [12.4478191, 41.8780584], [12.4478513, 41.8780367], [12.4478738, 41.8780176], [12.4478943, 41.8779985], [12.4479224, 41.877962], [12.4479487, 41.8779237], [12.4479717, 41.8778843], [12.447988, 41.8778532], [12.4480822, 41.8776388], [12.4482311, 41.8772747], [12.448332, 41.877046], [12.4483864, 41.8769412], [12.4484215, 41.8768864], [12.4484418, 41.8768594], [12.4484586, 41.8768404], [12.4487054, 41.87661], [12.4487687, 41.8765509]]}}, {"type": "Feature", "properties": {"id": "SS-ROM-6573", "nome": "Via Francesco Datini", "quartiere": "Municipio Roma XII", "classificazione": "giallo", "score": 3, "note": "strada urbana senza ciclabile (1 corsie)", "ciclabile": "no", "n_corsie": "1", "senso_unico": "si", "n_testimonianze": "0", "municipio": "XII"}, "geometry": {"type": "LineString", "coordinates": [[12.4466229, 41.8691916], [12.4467083, 41.8692113], [12.4483647, 41.8696035], [12.4484369, 41.8696143]]}}, {"type": "Feature", "properties": {"id": "SS-ROM-6575", "nome": "Via Francesco De Ficoroni", "quartiere": "Municipio Roma XII", "classificazione": "giallo", "score": 3, "note": "strada urbana senza ciclabile", "ciclabile": "no", "n_corsie": "2", "senso_unico": "no", "n_testimonianze": "0", "municipio": "XII"}, "geometry": {"type": "LineString", "coordinates": [[12.4239504, 41.8748523], [12.4232495, 41.8754465]]}}, {"type": "Feature", "properties": {"id": "SS-ROM-6584", "nome": "Via Francesco Durante", "quartiere": "Municipio Roma XII", "classificazione": "giallo", "score": 3, "note": "strada urbana senza ciclabile (2 corsie)", "ciclabile": "no", "n_corsie": "2", "senso_unico": "no", "n_testimonianze": "0", "municipio": "XII"}, "geometry": {"type": "LineString", "coordinates": [[12.4409017, 41.867631], [12.440959, 41.8676714], [12.4411271, 41.867765], [12.4412249, 41.8678209], [12.4412692, 41.8678519], [12.4413104, 41.8678851], [12.4413415, 41.867917], [12.4413726, 41.8679524], [12.441424, 41.8680217], [12.4414711, 41.8681061], [12.4415074, 41.8681904], [12.4415215, 41.8682368], [12.4415317, 41.8682774], [12.4415373, 41.8683219], [12.4415422, 41.8683687], [12.4415432, 41.8684169], [12.4415429, 41.8684625], [12.4415407, 41.868521], [12.4415371, 41.8685927], [12.4415246, 41.868737], [12.4415177, 41.8688431], [12.4415191, 41.8689017], [12.441527, 41.8689696], [12.4415449, 41.869042], [12.4415676, 41.8691185], [12.4416072, 41.8692423], [12.441633, 41.869301], [12.4416553, 41.8693491], [12.4417761, 41.8695679], [12.4418855, 41.8697714], [12.4419198, 41.8698352]]}}, {"type": "Feature", "properties": {"id": "SS-ROM-6602", "nome": "Via Francesco Giacomo Tricomi", "quartiere": "Municipio Roma XII", "classificazione": "giallo", "score": 3, "note": "strada urbana senza ciclabile", "ciclabile": "no", "n_corsie": "2", "senso_unico": "si", "n_testimonianze": "0", "municipio": "XII"}, "geometry": {"type": "MultiLineString", "coordinates": [[[12.3638369, 41.861369], [12.3639659, 41.861492], [12.3639905, 41.8615043], [12.3641928, 41.861605]], [[12.3644089, 41.8628071], [12.3642066, 41.8627323], [12.3641655, 41.8627161], [12.3641248, 41.8626982], [12.3640868, 41.8626802], [12.3640405, 41.8626541], [12.3640019, 41.8626308], [12.3639357, 41.8625824]], [[12.3639357, 41.8625824], [12.3640178, 41.8626073], [12.3640659, 41.8626165], [12.3641293, 41.862625], [12.3641981, 41.8626305], [12.3642713, 41.8626334], [12.3644329, 41.8626333]], [[12.3633538, 41.861812], [12.3633305, 41.86179], [12.3633218, 41.861779], [12.3633158, 41.861768], [12.3633128, 41.8617562], [12.3633131, 41.8617434], [12.3633134, 41.8617328], [12.3633171, 41.8617213], [12.36333, 41.8616992], [12.3633476, 41.8616776], [12.3633764, 41.861645]], [[12.3639357, 41.8625824], [12.363816, 41.8624815], [12.3637667, 41.8624291], [12.3637441, 41.8624018], [12.3637241, 41.8623756], [12.3636967, 41.8623397], [12.3636719, 41.8623048], [12.3636461, 41.8622579], [12.3636269, 41.8622178], [12.3636103, 41.8621757], [12.3636003, 41.8621413], [12.3635943, 41.8621098], [12.3635891, 41.8620748], [12.3635878, 41.8620427], [12.3635931, 41.8619611]], [[12.3635931, 41.8619611], [12.3635277, 41.8619074], [12.3634182, 41.8618388], [12.3633873, 41.8618229], [12.3633712, 41.8618165], [12.3633538, 41.861812], [12.3632882, 41.8618064], [12.3632511, 41.8618048], [12.363228, 41.8618048], [12.3631997, 41.8618054], [12.3631715, 41.861807], [12.3631401, 41.8618107], [12.363115, 41.8618131], [12.3630818, 41.8618157], [12.3627444, 41.8618388]], [[12.3616859, 41.8624297], [12.361785, 41.8623445], [12.3618085, 41.862321], [12.3618319, 41.8622955], [12.3618513, 41.8622691], [12.3618706, 41.8622408], [12.3619288, 41.8621383], [12.361946, 41.8621153], [12.3619631, 41.8620944], [12.361985, 41.8620714], [12.3620068, 41.8620504], [12.3620521, 41.862019], [12.3621094, 41.8619875], [12.3621384, 41.8619734], [12.3621661, 41.8619613], [12.3622031, 41.8619462], [12.3622388, 41.8619331], [12.362312, 41.8619114], [12.3623695, 41.861897], [12.3624216, 41.8618846], [12.3624704, 41.8618766], [12.3627444, 41.8618388]]]}}, {"type": "Feature", "properties": {"id": "SS-ROM-6629", "nome": "Via Francesco Maria Galluzzi", "quartiere": "Municipio Roma XII", "classificazione": "giallo", "score": 3, "note": "strada urbana senza ciclabile (2 corsie)", "ciclabile": "no", "n_corsie": "2", "senso_unico": "si", "n_testimonianze": "0", "municipio": "XII"}, "geometry": {"type": "MultiLineString", "coordinates": [[[12.4430456, 41.8781348], [12.4429422, 41.8780863], [12.4426647, 41.8779905], [12.4423975, 41.8779168], [12.4423809, 41.8779122], [12.4423097, 41.8778926]], [[12.4437303, 41.8785922], [12.4437995, 41.8786418]], [[12.4436638, 41.8785406], [12.4434093, 41.8783459], [12.4430456, 41.8781348]], [[12.4437303, 41.8785922], [12.4436638, 41.8785406]], [[12.4437995, 41.8786418], [12.4443497, 41.8790605]]]}}, {"type": "Feature", "properties": {"id": "SS-ROM-6659", "nome": "Via Francesco Paolo Cantelli", "quartiere": "Municipio Roma XII", "classificazione": "giallo", "score": 3, "note": "strada urbana senza ciclabile", "ciclabile": "no", "n_corsie": "2", "senso_unico": "no", "n_testimonianze": "0", "municipio": "XII"}, "geometry": {"type": "LineString", "coordinates": [[12.3591303, 41.8784247], [12.3597453, 41.8780754], [12.3597815, 41.8780534], [12.3598217, 41.878028], [12.3598592, 41.8780015], [12.3598964, 41.8779729], [12.3599309, 41.8779433], [12.3599589, 41.8779178], [12.3602084, 41.8776744], [12.3602217, 41.8776585], [12.3602307, 41.8776439], [12.3602379, 41.8776261], [12.3602414, 41.8776072], [12.3602377, 41.8775875], [12.3602323, 41.8775739], [12.3602249, 41.8775622], [12.3602136, 41.8775493], [12.3600595, 41.8774046]]}}, {"type": "Feature", "properties": {"id": "SS-ROM-6668", "nome": "Via Francesco Pentimalli", "quartiere": "Municipio Roma XII", "classificazione": "giallo", "score": 3, "note": "strada urbana senza ciclabile", "ciclabile": "no", "n_corsie": "2", "senso_unico": "no", "n_testimonianze": "0", "municipio": "XII"}, "geometry": {"type": "MultiLineString", "coordinates": [[[12.3565278, 41.8751619], [12.3569691, 41.8749036]], [[12.3569691, 41.8749036], [12.3575103, 41.8745869]]]}}, {"type": "Feature", "properties": {"id": "SS-ROM-6701", "nome": "Via Francesco Severi", "quartiere": "Municipio Roma XII", "classificazione": "giallo", "score": 3, "note": "strada urbana senza ciclabile", "ciclabile": "no", "n_corsie": "2", "senso_unico": "no", "n_testimonianze": "0", "municipio": "XII"}, "geometry": {"type": "LineString", "coordinates": [[12.3648844, 41.8705042], [12.3649489, 41.8705233], [12.3668151, 41.8710762], [12.36685, 41.8710854], [12.3668799, 41.8710922], [12.3669306, 41.8711024], [12.3669786, 41.8711105], [12.3670299, 41.8711172], [12.3670785, 41.8711219], [12.3671224, 41.8711236], [12.3671749, 41.8711228], [12.3681591, 41.8710722], [12.3692038, 41.8710048], [12.3692659, 41.8710014], [12.3693139, 41.8710001], [12.3693564, 41.8709998], [12.3694003, 41.8710015], [12.3694468, 41.8710041], [12.3694989, 41.8710087], [12.3695509, 41.8710153], [12.3696034, 41.8710234], [12.3696937, 41.8710423], [12.3697678, 41.8710613], [12.3698035, 41.8710718], [12.3698419, 41.8710843], [12.3698963, 41.8711031], [12.3706921, 41.8713928], [12.3707311, 41.871408], [12.3707673, 41.8714232], [12.370803, 41.87144], [12.370836, 41.8714568], [12.370869, 41.8714746], [12.3709033, 41.8714964], [12.3709391, 41.8715203], [12.3711441, 41.8717075], [12.371197, 41.871755]]}}, {"type": "Feature", "properties": {"id": "SS-ROM-6716", "nome": "Via Francesco Valagussa", "quartiere": "Municipio Roma XII", "classificazione": "giallo", "score": 3, "note": "strada urbana senza ciclabile (1 corsie)", "ciclabile": "no", "n_corsie": "1", "senso_unico": "si", "n_testimonianze": "0", "municipio": "XII"}, "geometry": {"type": "LineString", "coordinates": [[12.4454482, 41.8566026], [12.4454626, 41.8566932], [12.445566, 41.8574354], [12.4455875, 41.8576745], [12.4455864, 41.8577281], [12.4455692, 41.8577816], [12.4455329, 41.8578308], [12.4454914, 41.8578759], [12.4454055, 41.8579462], [12.4450679, 41.8582185], [12.4450345, 41.8582756], [12.4450252, 41.8583367], [12.4450449, 41.8583809], [12.4450806, 41.8584231], [12.4452668, 41.8585589], [12.4453304, 41.8586091], [12.4455674, 41.8587964], [12.445682, 41.8588848], [12.4457692, 41.8589469], [12.4458296, 41.8589879], [12.4458695, 41.85901], [12.4459147, 41.8590308], [12.445973, 41.8590557], [12.4460478, 41.8590832], [12.4461964, 41.8591379]]}}, {"type": "Feature", "properties": {"id": "SS-ROM-6721", "nome": "Via Francesco d'Alessio", "quartiere": "Municipio Roma XII", "classificazione": "giallo", "score": 3, "note": "strada urbana senza ciclabile", "ciclabile": "no", "n_corsie": "2", "senso_unico": "si", "n_testimonianze": "0", "municipio": "XII"}, "geometry": {"type": "LineString", "coordinates": [[12.4403354, 41.8451576], [12.4402854, 41.8451222], [12.4402435, 41.8450887], [12.4402083, 41.8450553], [12.4401758, 41.8450199], [12.4400379, 41.844825], [12.439849, 41.8444364]]}}, {"type": "Feature", "properties": {"id": "SS-ROM-6756", "nome": "Via Franco Minissi", "quartiere": "Municipio Roma XII", "classificazione": "giallo", "score": 3, "note": "strada urbana senza ciclabile", "ciclabile": "no", "n_corsie": "2", "senso_unico": "no", "n_testimonianze": "0", "municipio": "XII"}, "geometry": {"type": "MultiLineString", "coordinates": [[[12.4096037, 41.8701199], [12.4095547, 41.8701225], [12.4095004, 41.8701281], [12.4094461, 41.8701394], [12.4094179, 41.8701486], [12.4093844, 41.8701631], [12.4093473, 41.8701826], [12.4093187, 41.8702041], [12.409294, 41.870231], [12.4092731, 41.8702578], [12.4092589, 41.870277], [12.4092494, 41.8702954], [12.409246, 41.8703119], [12.4092492, 41.8703356], [12.4092532, 41.8703557], [12.4092612, 41.8703768], [12.4092787, 41.8704132], [12.4093055, 41.8704569], [12.4093256, 41.8704848], [12.4093444, 41.8705076], [12.4094189, 41.8706042]], [[12.4096037, 41.8701199], [12.4096383, 41.8700934], [12.4096717, 41.8700699], [12.4097035, 41.8700532], [12.4097347, 41.8700384], [12.409787, 41.8700175], [12.409847, 41.8699957], [12.4099111, 41.869975], [12.4099871, 41.8699585], [12.4100364, 41.8699472], [12.4100732, 41.8699409], [12.4101096, 41.8699353], [12.4101592, 41.8699336], [12.4102135, 41.8699341]], [[12.4102882, 41.8700094], [12.4100133, 41.8700924], [12.409936, 41.8701123], [12.4098702, 41.8701249], [12.4098063, 41.8701335], [12.409764, 41.8701381], [12.409719, 41.8701389], [12.4096793, 41.8701368], [12.4096448, 41.8701298], [12.4096037, 41.8701199]]]}}, {"type": "Feature", "properties": {"id": "SS-ROM-6757", "nome": "Via Franco Modigliani", "quartiere": "Municipio Roma XII", "classificazione": "giallo", "score": 3, "note": "strada urbana senza ciclabile (2 corsie)", "ciclabile": "no", "n_corsie": "2", "senso_unico": "no", "n_testimonianze": "0", "municipio": "XII"}, "geometry": {"type": "LineString", "coordinates": [[12.4145481, 41.8385619], [12.4146588, 41.8385462], [12.4147432, 41.8385328], [12.4148158, 41.8385187], [12.4148706, 41.8385051], [12.4149125, 41.8384916], [12.414972, 41.8384675], [12.4150186, 41.8384434], [12.4150509, 41.8384224], [12.4150998, 41.8383839], [12.4151411, 41.8383477], [12.4151773, 41.8383119], [12.415206, 41.8382786], [12.4152314, 41.8382456], [12.4152526, 41.8382142], [12.4152723, 41.8381795], [12.4154588, 41.8377795], [12.4154848, 41.8377303], [12.4155165, 41.8376751], [12.4155402, 41.8376379], [12.4155674, 41.8375979], [12.4155978, 41.8375562], [12.4156391, 41.8375035], [12.4157374, 41.8373882], [12.415818, 41.837299], [12.4159469, 41.8371698], [12.4160843, 41.8370371], [12.4161234, 41.8370014], [12.4161657, 41.8369657], [12.41621, 41.8369332], [12.4163057, 41.8368677], [12.4163784, 41.8368216], [12.4164371, 41.8367866], [12.4165084, 41.8367541], [12.4165847, 41.8367259], [12.4166176, 41.8367166], [12.4166658, 41.8367064], [12.4167161, 41.8367003], [12.4167697, 41.8366975], [12.4168254, 41.8366987], [12.4168776, 41.8367033], [12.4169697, 41.8367172], [12.4170294, 41.8367295], [12.4171058, 41.8367488], [12.4171768, 41.8367706], [12.4172691, 41.8368038], [12.4173549, 41.8368369], [12.4174499, 41.8368767], [12.417881, 41.8370701], [12.4179349, 41.837096], [12.4179918, 41.837127], [12.4180333, 41.8371519], [12.4180736, 41.8371784], [12.4181061, 41.8372028], [12.4181374, 41.8372288], [12.4181714, 41.8372595], [12.418201, 41.8372906], [12.4189031, 41.838111], [12.4189409, 41.8381578], [12.4189809, 41.8382094], [12.4190021, 41.8382436], [12.4190254, 41.8382826], [12.4190433, 41.8383176], [12.4190689, 41.8383717], [12.4190824, 41.8384109], [12.4191037, 41.8384787], [12.4193673, 41.8394103]]}}, {"type": "Feature", "properties": {"id": "SS-ROM-6819", "nome": "Via Fulda", "quartiere": "Municipio Roma XII", "classificazione": "giallo", "score": 3, "note": "strada urbana senza ciclabile (2 corsie)", "ciclabile": "no", "n_corsie": "2", "senso_unico": "no", "n_testimonianze": "0", "municipio": "XII"}, "geometry": {"type": "MultiLineString", "coordinates": [[[12.4287459, 41.83597], [12.42938, 41.8361019], [12.4302928, 41.8363033]], [[12.4294939, 41.8352634], [12.4292919, 41.8353242]], [[12.4292919, 41.8353242], [12.4289424, 41.8353625], [12.4285822, 41.8354061], [12.4280614, 41.8354771], [12.4278365, 41.8354892], [12.427772, 41.8354905], [12.4276706, 41.8354871], [12.4275654, 41.8354862], [12.4275154, 41.8354887], [12.4274655, 41.8354952], [12.4274271, 41.8355042], [12.4273915, 41.8355172], [12.4273522, 41.8355435], [12.4273352, 41.8355666], [12.4273289, 41.8355897], [12.4273311, 41.8356057], [12.4273361, 41.8356206], [12.4273486, 41.8356456], [12.4273595, 41.8356574], [12.4273731, 41.8356692], [12.4274045, 41.8356855], [12.4274359, 41.8356953], [12.4275855, 41.8357307], [12.4277486, 41.835766], [12.4287459, 41.83597]], [[12.4342224, 41.8393739], [12.4343045, 41.8394118], [12.4343599, 41.8394426], [12.4344193, 41.8394695], [12.4344841, 41.8394894], [12.4347032, 41.8395373], [12.4349754, 41.8395968], [12.4354623, 41.8397091], [12.4355163, 41.8397159], [12.4355454, 41.8397149], [12.4355704, 41.8397088], [12.4356042, 41.8396941], [12.4356204, 41.8396807], [12.4356299, 41.8396694], [12.4356546, 41.839626]], [[12.4303664, 41.8363271], [12.4307677, 41.8364866], [12.4309683, 41.8365814], [12.4310184, 41.8366112], [12.4310617, 41.8366489], [12.4310976, 41.8366944], [12.4311106, 41.8367256], [12.4311186, 41.8367448], [12.4311226, 41.8367961], [12.4311186, 41.8376072], [12.4311281, 41.837657], [12.4311407, 41.8377228], [12.4311588, 41.8377424], [12.4311729, 41.8377577], [12.4312547, 41.8377861], [12.4314408, 41.8378278], [12.4315511, 41.837838], [12.4317734, 41.8378742], [12.4319113, 41.8379092], [12.4323541, 41.8380214], [12.4325496, 41.838071], [12.4326065, 41.8380899], [12.432664, 41.8381175], [12.432719, 41.8381451], [12.4327686, 41.8381746], [12.4331628, 41.8384477], [12.4335576, 41.8387212], [12.4338958, 41.8390486], [12.4340802, 41.8392647], [12.4341104, 41.8392974], [12.4341567, 41.8393386], [12.4342224, 41.8393739]], [[12.4302928, 41.8363033], [12.4303664, 41.8363271]]]}}, {"type": "Feature", "properties": {"id": "SS-ROM-6823", "nome": "Via Fulvio Palmieri", "quartiere": "Municipio Roma XII", "classificazione": "giallo", "score": 3, "note": "strada urbana senza ciclabile", "ciclabile": "no", "n_corsie": "2", "senso_unico": "si", "n_testimonianze": "0", "municipio": "XII"}, "geometry": {"type": "LineString", "coordinates": [[12.440055, 41.8551337], [12.4400287, 41.8550687], [12.4400024, 41.8550096], [12.4399788, 41.8549612], [12.4399498, 41.8549128], [12.4398146, 41.8547277], [12.439688, 41.8545712], [12.4395534, 41.8544146], [12.4394131, 41.8542649], [12.4392816, 41.8541445], [12.4391533, 41.8540409], [12.4391442, 41.8539982], [12.439126, 41.8539129]]}}, {"type": "Feature", "properties": {"id": "SS-ROM-6860", "nome": "Via Gaetano Azzariti", "quartiere": "Municipio Roma XII", "classificazione": "giallo", "score": 3, "note": "strada urbana senza ciclabile", "ciclabile": "no", "n_corsie": "2", "senso_unico": "no", "n_testimonianze": "0", "municipio": "XII"}, "geometry": {"type": "LineString", "coordinates": [[12.3376367, 41.8440533], [12.3398031, 41.8450007], [12.3398825, 41.84504], [12.3399121, 41.8450546], [12.339945, 41.8450727], [12.3399771, 41.8450925], [12.3400058, 41.8451128], [12.3400395, 41.8451369], [12.3402655, 41.8452947], [12.3408203, 41.8456944], [12.3408521, 41.8457164], [12.3408879, 41.8457393], [12.3409214, 41.8457596], [12.340959, 41.8457809], [12.341127, 41.8458731], [12.3411482, 41.8458857], [12.3411944, 41.8459152], [12.3412328, 41.8459438], [12.3412538, 41.8459605], [12.3415266, 41.8461983], [12.3415582, 41.8462192], [12.3415866, 41.8462346], [12.3416015, 41.8462413], [12.3416203, 41.846248], [12.3416448, 41.8462542], [12.3416699, 41.8462588], [12.3416894, 41.8462608], [12.3417091, 41.8462608], [12.3417269, 41.8462604], [12.3417544, 41.8462574], [12.3417782, 41.846253], [12.3417926, 41.846249], [12.3418155, 41.8462408], [12.3418358, 41.8462325], [12.3418567, 41.8462202], [12.3418749, 41.846208], [12.3418896, 41.8461955], [12.3421355, 41.8459633], [12.3422141, 41.8459019], [12.3422274, 41.8458953], [12.3422376, 41.8458917], [12.342249, 41.8458892], [12.3422594, 41.8458878], [12.3422697, 41.845887], [12.3422818, 41.8458865], [12.3422925, 41.8458866], [12.3423052, 41.8458874], [12.3423239, 41.8458907], [12.3423369, 41.8458945], [12.342348, 41.8458991], [12.3423616, 41.8459072], [12.3424603, 41.846011], [12.3428998, 41.8465174], [12.3429079, 41.8465265], [12.3429135, 41.8465348], [12.3429209, 41.846548], [12.3429287, 41.8465655], [12.342936, 41.8465817], [12.3429413, 41.8465988], [12.342947, 41.8466189], [12.3429493, 41.846633], [12.3429502, 41.8466513], [12.3429481, 41.846676], [12.3429306, 41.8469309], [12.3429293, 41.8469503], [12.3429262, 41.8469755], [12.3429234, 41.8469977], [12.3429192, 41.8470179], [12.342911, 41.8470604]]}}, {"type": "Feature", "properties": {"id": "SS-ROM-6865", "nome": "Via Gaetano Ciarrocchi", "quartiere": "Municipio Roma XII", "classificazione": "giallo", "score": 3, "note": "strada urbana senza ciclabile (2 corsie)", "ciclabile": "no", "n_corsie": "2", "senso_unico": "no", "n_testimonianze": "0", "municipio": "XII"}, "geometry": {"type": "LineString", "coordinates": [[12.4415246, 41.868737], [12.4415954, 41.8687416], [12.4433033, 41.8688532], [12.4434014, 41.8688598], [12.4434797, 41.8688652]]}}, {"type": "Feature", "properties": {"id": "SS-ROM-6894", "nome": "Via Gaetano Storchi", "quartiere": "Municipio Roma XII", "classificazione": "giallo", "score": 3, "note": "strada urbana senza ciclabile", "ciclabile": "no", "n_corsie": "2", "senso_unico": "no", "n_testimonianze": "0", "municipio": "XII"}, "geometry": {"type": "LineString", "coordinates": [[12.440594, 41.8761322], [12.4412974, 41.8760194], [12.4419987, 41.8759088], [12.4422197, 41.8758678], [12.4420874, 41.8753918], [12.4420876, 41.8753715], [12.4420918, 41.8753619], [12.4421013, 41.8753522], [12.44227, 41.875312], [12.442469, 41.8752806], [12.4425192, 41.875269], [12.442554, 41.875258], [12.4425653, 41.8752544], [12.4425848, 41.8752452], [12.4426029, 41.875233], [12.4426159, 41.8752184]]}}, {"type": "Feature", "properties": {"id": "SS-ROM-6895", "nome": "Via Gaetano Thiene", "quartiere": "Municipio Roma XII", "classificazione": "giallo", "score": 3, "note": "strada urbana senza ciclabile (1 corsie)", "ciclabile": "no", "n_corsie": "1", "senso_unico": "si", "n_testimonianze": "0", "municipio": "XII"}, "geometry": {"type": "LineString", "coordinates": [[12.4487694, 41.870631], [12.4503077, 41.870343]]}}, {"type": "Feature", "properties": {"id": "SS-ROM-6959", "nome": "Via Gaspare D'Urso", "quartiere": "Municipio Roma XII", "classificazione": "giallo", "score": 3, "note": "strada urbana senza ciclabile", "ciclabile": "no", "n_corsie": "2", "senso_unico": "no", "n_testimonianze": "0", "municipio": "XII"}, "geometry": {"type": "LineString", "coordinates": [[12.3580818, 41.8774401], [12.3600427, 41.8763197], [12.3604845, 41.8760707]]}}, {"type": "Feature", "properties": {"id": "SS-ROM-6993", "nome": "Via Gavoi", "quartiere": "Municipio Roma XII", "classificazione": "giallo", "score": 3, "note": "strada urbana senza ciclabile", "ciclabile": "no", "n_corsie": "2", "senso_unico": "no", "n_testimonianze": "0", "municipio": "XII"}, "geometry": {"type": "LineString", "coordinates": [[12.35675, 41.8371674], [12.3564432, 41.8375229], [12.3563974, 41.8375649], [12.356389, 41.8375699], [12.3563785, 41.8375739], [12.3563651, 41.837576], [12.3563489, 41.837576], [12.3563356, 41.8375731], [12.3563236, 41.8375672], [12.3563163, 41.8375621], [12.3563103, 41.8375564], [12.3563023, 41.8375465], [12.3557385, 41.8363782]]}}, {"type": "Feature", "properties": {"id": "SS-ROM-6994", "nome": "Via Gavorrano", "quartiere": "Municipio Roma XII", "classificazione": "giallo", "score": 3, "note": "strada urbana senza ciclabile", "ciclabile": "no", "n_corsie": "2", "senso_unico": "no", "n_testimonianze": "0", "municipio": "XII"}, "geometry": {"type": "LineString", "coordinates": [[12.4388837, 41.8481525], [12.4397191, 41.848319]]}}, {"type": "Feature", "properties": {"id": "SS-ROM-7000", "nome": "Via Generale Amedeo Mecozzi", "quartiere": "Municipio Roma XII", "classificazione": "rosso", "score": 4, "note": "strada secondaria trafficata (4 corsie)", "ciclabile": "no", "n_corsie": "4", "senso_unico": "no", "n_testimonianze": "0", "municipio": "XII"}, "geometry": {"type": "MultiLineString", "coordinates": [[[12.387392, 41.8321473], [12.3871307, 41.8321259], [12.3869942, 41.8321292], [12.3869596, 41.8321311], [12.386929, 41.832136], [12.3868999, 41.8321439], [12.3868761, 41.8321539], [12.3868497, 41.8321659], [12.3868234, 41.8321827], [12.3868043, 41.8321978], [12.3867903, 41.8322146], [12.3867634, 41.8322567], [12.3867297, 41.832314], [12.3866844, 41.8324107], [12.3865863, 41.8326467]], [[12.387392, 41.8321473], [12.3879567, 41.8322677], [12.3883691, 41.8323333], [12.3885665, 41.8323605], [12.3886787, 41.8323711], [12.3887908, 41.8323798], [12.3888832, 41.8323794], [12.3889755, 41.8323769], [12.3891602, 41.8323601], [12.3892745, 41.8323443], [12.3893888, 41.8323206], [12.3895364, 41.832283], [12.3896679, 41.8322374], [12.3897458, 41.8322039], [12.3898237, 41.8321665], [12.3898974, 41.8321191], [12.389971, 41.8320676], [12.39003, 41.8320163], [12.3900783, 41.8319689], [12.3901427, 41.8318744], [12.3901909, 41.8317858], [12.390223, 41.8316849], [12.3902497, 41.831586], [12.3903681, 41.8312], [12.3904058, 41.8311067], [12.3904489, 41.8310334], [12.3905187, 41.830956], [12.390594, 41.8308867], [12.3907156, 41.8308], [12.3908372, 41.8307332], [12.3909145, 41.8307004], [12.3909917, 41.8306755], [12.391069, 41.8306567], [12.3911462, 41.8306458], [12.3912836, 41.8306325], [12.3914209, 41.8306351], [12.3915249, 41.8306454], [12.3916289, 41.8306657], [12.3917195, 41.830692], [12.3917994, 41.8307243]], [[12.396726, 41.8301572], [12.3966274, 41.8302297], [12.3965867, 41.8302939], [12.3965339, 41.8303856], [12.3964989, 41.8305243], [12.3965073, 41.830786]], [[12.3937583, 41.8319619], [12.3943253, 41.832194], [12.395011, 41.8324746]], [[12.3937583, 41.8319619], [12.3935959, 41.8318976], [12.3932037, 41.8317394]], [[12.3917994, 41.8307243], [12.3918827, 41.830766], [12.3919553, 41.8308156], [12.3920843, 41.8309149], [12.392461, 41.8312877], [12.3925862, 41.8313919], [12.3927235, 41.8314911]], [[12.395011, 41.8324746], [12.3953579, 41.8325936], [12.395577, 41.8326305], [12.3958396, 41.8326506], [12.3960835, 41.8326459], [12.3963729, 41.8325905], [12.3965482, 41.8325157], [12.3966148, 41.8324873], [12.3967553, 41.8323764], [12.3968174, 41.8322686], [12.3968484, 41.8321977], [12.3968665, 41.8320791], [12.3968566, 41.8319975], [12.3967988, 41.8317895], [12.3966644, 41.8314291], [12.396623, 41.8312951], [12.3965856, 41.8311307], [12.3965073, 41.830786]], [[12.3932037, 41.8317394], [12.3930544, 41.8316593]], [[12.3927235, 41.8314911], [12.3928763, 41.8315718], [12.3930544, 41.8316593]], [[12.3965073, 41.830786], [12.3964121, 41.8305391], [12.396375, 41.8303355], [12.3963675, 41.8303118], [12.3963393, 41.8300589]]]}}, {"type": "Feature", "properties": {"id": "SS-ROM-7030", "nome": "Via Gerardo d'Agostino", "quartiere": "Municipio Roma XII", "classificazione": "blu", "score": 2, "note": "accesso limitato (ZTL)", "ciclabile": "no", "n_corsie": "1", "senso_unico": "no", "n_testimonianze": "0", "municipio": "XII"}, "geometry": {"type": "LineString", "coordinates": [[12.3589686, 41.8746812], [12.360019, 41.8751078], [12.3617003, 41.875834], [12.3617365, 41.8758498], [12.361766, 41.875865], [12.361796, 41.8758811], [12.3618205, 41.8758962], [12.3618444, 41.8759122], [12.3618696, 41.8759303], [12.3618899, 41.8759472], [12.3619115, 41.8759661], [12.3619507, 41.8760069], [12.3619782, 41.8760393], [12.3620499, 41.8761357]]}}, {"type": "Feature", "properties": {"id": "SS-ROM-7049", "nome": "Via Gesico", "quartiere": "Municipio Roma XII", "classificazione": "giallo", "score": 3, "note": "strada urbana senza ciclabile", "ciclabile": "no", "n_corsie": "2", "senso_unico": "no", "n_testimonianze": "0", "municipio": "XII"}, "geometry": {"type": "LineString", "coordinates": [[12.3473264, 41.8435959], [12.3485674, 41.8452712]]}}, {"type": "Feature", "properties": {"id": "SS-ROM-7075", "nome": "Via Giacinto Viola", "quartiere": "Municipio Roma XII", "classificazione": "giallo", "score": 3, "note": "strada urbana senza ciclabile", "ciclabile": "no", "n_corsie": "2", "senso_unico": "no", "n_testimonianze": "0", "municipio": "XII"}, "geometry": {"type": "MultiLineString", "coordinates": [[[12.4440038, 41.8671175], [12.4443901, 41.8670696]], [[12.4443901, 41.8670696], [12.4448678, 41.8670062], [12.4449756, 41.8669979], [12.4450823, 41.8670056], [12.4463856, 41.867181]], [[12.4463856, 41.867181], [12.447584, 41.8673409], [12.4479824, 41.8674032]]]}}, {"type": "Feature", "properties": {"id": "SS-ROM-7095", "nome": "Via Giacomo Corradi", "quartiere": "Municipio Roma XII", "classificazione": "giallo", "score": 3, "note": "strada urbana senza ciclabile (1 corsie)", "ciclabile": "no", "n_corsie": "1", "senso_unico": "si", "n_testimonianze": "0", "municipio": "XII"}, "geometry": {"type": "LineString", "coordinates": [[12.4486283, 41.873009], [12.4485727, 41.8729756], [12.4485471, 41.8729653], [12.448538, 41.8729616], [12.4484839, 41.8729541], [12.4484271, 41.8729546], [12.4473409, 41.873094], [12.4465749, 41.8731797], [12.4465335, 41.8731816]]}}, {"type": "Feature", "properties": {"id": "SS-ROM-7116", "nome": "Via Giacomo Lumbroso", "quartiere": "Municipio Roma XII", "classificazione": "giallo", "score": 3, "note": "strada urbana senza ciclabile", "ciclabile": "no", "n_corsie": "2", "senso_unico": "no", "n_testimonianze": "0", "municipio": "XII"}, "geometry": {"type": "LineString", "coordinates": [[12.4385229, 41.8658216], [12.4377713, 41.8657832], [12.4377187, 41.8657803]]}}, {"type": "Feature", "properties": {"id": "SS-ROM-7186", "nome": "Via Gian Matteo Giberti", "quartiere": "Municipio Roma XII", "classificazione": "giallo", "score": 3, "note": "strada urbana senza ciclabile (1 corsie)", "ciclabile": "no", "n_corsie": "1", "senso_unico": "si", "n_testimonianze": "0", "municipio": "XII"}, "geometry": {"type": "LineString", "coordinates": [[12.4478183, 41.8680622], [12.4481431, 41.8679693], [12.4482128, 41.8679544], [12.4482867, 41.8679656], [12.4489638, 41.868179], [12.4491008, 41.8682232], [12.4492153, 41.8682735], [12.4493054, 41.8683399], [12.4493708, 41.8684004], [12.4494148, 41.8684594], [12.4494673, 41.8685505], [12.4495042, 41.8686364], [12.4495305, 41.8687089], [12.4497461, 41.8693571], [12.4497571, 41.8693904], [12.4499053, 41.8698741]]}}, {"type": "Feature", "properties": {"id": "SS-ROM-7244", "nome": "Via Gino Coppedè", "quartiere": "Municipio Roma XII", "classificazione": "giallo", "score": 3, "note": "strada urbana senza ciclabile", "ciclabile": "no", "n_corsie": "2", "senso_unico": "si", "n_testimonianze": "0", "municipio": "XII"}, "geometry": {"type": "LineString", "coordinates": [[12.4117633, 41.8683682], [12.4116434, 41.8681028], [12.4116092, 41.8680307], [12.4115629, 41.8679555], [12.4113986, 41.8677252], [12.411286, 41.8675788], [12.4111612, 41.8674233], [12.4109292, 41.8671811], [12.4106851, 41.866942], [12.4105259, 41.8667631]]}}, {"type": "Feature", "properties": {"id": "SS-ROM-7249", "nome": "Via Gino Funaioli", "quartiere": "Municipio Roma XII", "classificazione": "giallo", "score": 3, "note": "strada urbana senza ciclabile (2 corsie)", "ciclabile": "no", "n_corsie": "2", "senso_unico": "no", "n_testimonianze": "0", "municipio": "XII"}, "geometry": {"type": "LineString", "coordinates": [[12.4416902, 41.8597983], [12.4416349, 41.8598197], [12.4416142, 41.8598275], [12.4415978, 41.859831], [12.4415806, 41.8598293], [12.4415655, 41.8598269], [12.4414845, 41.8598022], [12.4412272, 41.8597095], [12.4406815, 41.859484], [12.4406273, 41.8594573], [12.4405978, 41.8594378], [12.4405616, 41.8594103], [12.4405355, 41.8593828], [12.4405014, 41.8593456], [12.4404697, 41.8593101], [12.4403815, 41.8591949], [12.4401461, 41.858878], [12.4398574, 41.8585629], [12.4396898, 41.8584058], [12.439571, 41.8582741], [12.4394775, 41.8581601], [12.4394041, 41.8580533], [12.4391388, 41.857582], [12.4391198, 41.8575413], [12.439111, 41.8575092], [12.4391098, 41.8574788], [12.4391118, 41.8574366]]}}, {"type": "Feature", "properties": {"id": "SS-ROM-7250", "nome": "Via Gino Loria", "quartiere": "Municipio Roma XII", "classificazione": "giallo", "score": 3, "note": "strada urbana senza ciclabile", "ciclabile": "no", "n_corsie": "2", "senso_unico": "no", "n_testimonianze": "0", "municipio": "XII"}, "geometry": {"type": "LineString", "coordinates": [[12.3618742, 41.8776368], [12.3622457, 41.8777967], [12.362354, 41.8776692], [12.3630547, 41.8779508]]}}, {"type": "Feature", "properties": {"id": "SS-ROM-7274", "nome": "Via Gioele Solari", "quartiere": "Municipio Roma XII", "classificazione": "giallo", "score": 3, "note": "strada urbana senza ciclabile (2 corsie)", "ciclabile": "no", "n_corsie": "2", "senso_unico": "no", "n_testimonianze": "0", "municipio": "XII"}, "geometry": {"type": "MultiLineString", "coordinates": [[[12.3642061, 41.872513], [12.3641446, 41.8725024], [12.3639768, 41.8724735], [12.3638755, 41.8724562], [12.3637714, 41.8724389], [12.3636604, 41.872421], [12.3635466, 41.8724032], [12.3630594, 41.8723296], [12.362303, 41.8722258], [12.362271, 41.8722224], [12.3622279, 41.87222], [12.3621941, 41.8722201], [12.3621557, 41.8722217], [12.3621173, 41.8722244], [12.3620736, 41.8722308], [12.3620298, 41.8722383], [12.3619984, 41.8722443], [12.3619582, 41.8722536], [12.3619278, 41.8722617], [12.3611506, 41.8724873], [12.3611165, 41.8724998], [12.3610717, 41.8725171], [12.3610288, 41.8725339], [12.3609805, 41.8725537], [12.3609396, 41.8725724], [12.3608934, 41.872594], [12.3608486, 41.8726152], [12.360813, 41.8726328], [12.3607241, 41.8726798], [12.3606472, 41.8727217], [12.3605693, 41.8727656], [12.3602513, 41.8729537], [12.3602266, 41.8729663], [12.3601989, 41.8729797], [12.3601698, 41.8729932], [12.3601411, 41.8730044], [12.3601111, 41.8730156], [12.3600805, 41.8730266], [12.3599821, 41.873058], [12.3599281, 41.8730745], [12.3598795, 41.8730891], [12.3598322, 41.8731026], [12.3597833, 41.8731158], [12.3597357, 41.873128], [12.3596886, 41.8731395], [12.3596229, 41.8731545], [12.3595893, 41.8731615], [12.3595531, 41.8731685], [12.3595213, 41.8731739], [12.3594868, 41.8731793], [12.3594516, 41.8731831], [12.3594177, 41.873186], [12.3593789, 41.873188], [12.3593413, 41.8731889], [12.3593038, 41.8731874], [12.3592649, 41.8731848], [12.3592251, 41.8731798], [12.3591841, 41.8731738], [12.3591045, 41.8731599], [12.359062, 41.8731521], [12.3590194, 41.8731446], [12.358968, 41.8731364], [12.3583325, 41.8730385], [12.3581708, 41.8730108], [12.358104, 41.8729985], [12.3580412, 41.8729862], [12.3579894, 41.8729758], [12.3579416, 41.8729654], [12.3579092, 41.8729573], [12.3578742, 41.8729483], [12.3578448, 41.8729395], [12.3578127, 41.8729298], [12.3577833, 41.87292], [12.3577566, 41.8729102], [12.3577252, 41.8728975], [12.3576966, 41.8728848], [12.3575414, 41.8728122], [12.3575032, 41.8727939], [12.3574655, 41.8727775], [12.3574324, 41.8727636], [12.3573966, 41.8727497], [12.3573608, 41.8727364], [12.3573224, 41.872723], [12.35728, 41.8727088], [12.35722, 41.8726906], [12.3571336, 41.8726642], [12.3570924, 41.8726519], [12.3570512, 41.8726407], [12.3570067, 41.8726296], [12.3569621, 41.8726195], [12.3569193, 41.872611], [12.3568731, 41.8726019], [12.3568268, 41.8725938], [12.3567846, 41.8725876], [12.3567425, 41.8725824], [12.3567036, 41.8725778], [12.3563714, 41.8725444], [12.3563059, 41.8725371], [12.3562323, 41.8725277], [12.3561662, 41.8725189], [12.3560921, 41.8725081], [12.3560453, 41.8724999], [12.3560019, 41.8724922], [12.3559626, 41.8724844], [12.3559112, 41.8724736], [12.3558638, 41.8724629], [12.3558201, 41.8724527], [12.355737, 41.8724316], [12.3555634, 41.8723889], [12.3554683, 41.8723671], [12.355353, 41.8723422], [12.3552376, 41.8723202], [12.3551354, 41.8723036], [12.3550871, 41.8722972], [12.3550322, 41.8722913], [12.354975, 41.872286], [12.3549113, 41.8722812], [12.3543382, 41.8722456], [12.3540293, 41.8722216], [12.3536926, 41.8721913], [12.3536295, 41.8721854], [12.3535791, 41.8721801], [12.3535281, 41.8721732], [12.3534567, 41.8721593], [12.3534054, 41.8721464], [12.353358, 41.8721285], [12.3533207, 41.8721111], [12.3532679, 41.8720817], [12.3532082, 41.8720473], [12.353115, 41.8719809], [12.3526867, 41.8716277], [12.3525736, 41.8715458], [12.3525324, 41.8715197], [12.3524801, 41.8714943], [12.3524533, 41.8714836], [12.3524237, 41.8714739], [12.3523884, 41.8714635], [12.3523503, 41.871454], [12.3523109, 41.8714451], [12.3522688, 41.8714362], [12.3522157, 41.8714255], [12.3519715, 41.8713789], [12.3518972, 41.8713644], [12.3518242, 41.871349], [12.3517239, 41.871327], [12.351625, 41.8713041], [12.3515289, 41.8712815], [12.3514341, 41.8712589], [12.3513138, 41.8712289], [12.35122, 41.8712053]], [[12.3594177, 41.873186], [12.3597401, 41.8721004]], [[12.3611506, 41.8724873], [12.3623615, 41.8726309]], [[12.350706, 41.8743041], [12.3503017, 41.87395], [12.3483962, 41.87246]], [[12.3483529, 41.870703], [12.3483058, 41.8707674], [12.3482875, 41.8707938], [12.3482523, 41.8708476], [12.3482337, 41.8708801], [12.3482149, 41.8709173], [12.3481987, 41.8709545], [12.3481892, 41.8709794], [12.3481836, 41.8710004], [12.3481767, 41.8710296], [12.348171, 41.8710588], [12.3481677, 41.8710877], [12.3481657, 41.8711166], [12.3481648, 41.8711377], [12.3481702, 41.8713693], [12.3481704, 41.8714043], [12.3481694, 41.8714497], [12.3481661, 41.8714932], [12.3481576, 41.8715657], [12.3481459, 41.8716567], [12.3481404, 41.8716905], [12.3481335, 41.8717273], [12.3481245, 41.8717664], [12.3481142, 41.8718085], [12.3480917, 41.8718915], [12.348085, 41.8719241], [12.3480797, 41.8719568], [12.3480757, 41.871992], [12.3480731, 41.8720273], [12.3480738, 41.8720631], [12.3480773, 41.8720998], [12.3480828, 41.8721289], [12.348091, 41.8721589], [12.3480986, 41.8721783], [12.3481084, 41.8721981], [12.3481195, 41.872217], [12.3481343, 41.8722351], [12.3481505, 41.8722522], [12.3481698, 41.8722704], [12.3483962, 41.87246]], [[12.3485038, 41.8704379], [12.348602, 41.8704714]], [[12.3489431, 41.8705767], [12.3488446, 41.8705803], [12.3486982, 41.8705851], [12.3485898, 41.8705915]], [[12.3485898, 41.8705915], [12.3485427, 41.8706142], [12.3484422, 41.8706584], [12.3483529, 41.870703]], [[12.3483529, 41.870703], [12.3483808, 41.8706473], [12.3483889, 41.8706221], [12.348395, 41.8705932], [12.3483984, 41.8705683], [12.3484004, 41.8705439], [12.3483996, 41.8705235]], [[12.35122, 41.8712053], [12.351137, 41.8711928], [12.3510955, 41.8711867], [12.351018, 41.8711723], [12.350685, 41.8710954], [12.3505519, 41.8710619], [12.3504634, 41.8710383], [12.3503809, 41.8710147], [12.3503158, 41.8709911], [12.3502396, 41.870961], [12.3500566, 41.8708815], [12.3498726, 41.8707969], [12.3496297, 41.8706808], [12.3496066, 41.8706711], [12.3495744, 41.8706591], [12.3495424, 41.8706478], [12.3495078, 41.8706376], [12.3494743, 41.8706297], [12.349438, 41.8706229], [12.3493999, 41.8706163], [12.3493439, 41.8706087], [12.3492852, 41.870602], [12.3492149, 41.8705959], [12.3489431, 41.8705767]], [[12.348602, 41.8704714], [12.3487951, 41.8705354], [12.3489431, 41.8705767]], [[12.3483996, 41.8705235], [12.348413, 41.870498], [12.3484315, 41.8704776], [12.3484513, 41.8704612], [12.3484735, 41.8704496], [12.3485038, 41.8704379]]]}}, {"type": "Feature", "properties": {"id": "SS-ROM-7288", "nome": "Via Giorgio Bo", "quartiere": "Municipio Roma XII", "classificazione": "giallo", "score": 3, "note": "strada urbana senza ciclabile", "ciclabile": "no", "n_corsie": "2", "senso_unico": "si", "n_testimonianze": "0", "municipio": "XII"}, "geometry": {"type": "MultiLineString", "coordinates": [[[12.3829838, 41.878728], [12.3829559, 41.8786663], [12.3829498, 41.8786395], [12.3829609, 41.8784962], [12.3829666, 41.8784442], [12.3829764, 41.8784043], [12.382985, 41.8783801], [12.3829977, 41.8783529]], [[12.3823687, 41.8767596], [12.3822768, 41.8771132], [12.3821842, 41.8775231], [12.3821812, 41.8775362], [12.3821683, 41.8776003], [12.3821669, 41.8776458], [12.3821706, 41.8776691], [12.3821757, 41.8776915], [12.3821848, 41.8777138], [12.3821953, 41.8777352], [12.3822176, 41.8777691], [12.3823219, 41.8779222], [12.3823522, 41.8779591], [12.3823673, 41.8779775], [12.3823878, 41.8779979], [12.3824043, 41.8780106], [12.3824355, 41.8780317], [12.3824831, 41.8780566], [12.3825774, 41.8780975], [12.382661, 41.8781305], [12.3828352, 41.8782003], [12.3828706, 41.8782176], [12.3829011, 41.8782341], [12.382919, 41.8782477], [12.3829373, 41.8782657], [12.3829579, 41.8782907], [12.3829749, 41.8783157], [12.3829879, 41.8783367], [12.3829977, 41.8783529]], [[12.3829977, 41.8783529], [12.3830548, 41.8784466], [12.3831066, 41.8785175], [12.3831236, 41.8785407]]]}}, {"type": "Feature", "properties": {"id": "SS-ROM-7322", "nome": "Via Giorgio Zoega", "quartiere": "Municipio Roma XII", "classificazione": "giallo", "score": 3, "note": "strada urbana senza ciclabile", "ciclabile": "no", "n_corsie": "2", "senso_unico": "no", "n_testimonianze": "0", "municipio": "XII"}, "geometry": {"type": "MultiLineString", "coordinates": [[[12.432876, 41.874204], [12.4328459, 41.8742732], [12.4328178, 41.8743423], [12.4327284, 41.8745969], [12.4326299, 41.8748512], [12.4325859, 41.8749593], [12.4325763, 41.874982], [12.4325504, 41.8750149], [12.4325218, 41.8750398], [12.4324753, 41.8750656], [12.4320544, 41.8752454], [12.4319287, 41.8753021], [12.4316297, 41.8754294], [12.4315955, 41.8754465], [12.4315401, 41.8754797], [12.4315022, 41.8755145], [12.4314808, 41.8755395], [12.431462, 41.8755704], [12.4314432, 41.8756223], [12.4314406, 41.8756557], [12.4314434, 41.8756871], [12.4314498, 41.8757185], [12.4314643, 41.8757599], [12.431477, 41.8757815], [12.4314952, 41.8758071], [12.4315364, 41.8758527], [12.431595, 41.8759043], [12.4319742, 41.8762505], [12.4319906, 41.8762693], [12.4320035, 41.8762881], [12.4320229, 41.8763238]], [[12.4320229, 41.8763238], [12.4320275, 41.8763639], [12.4320259, 41.8763981], [12.4320198, 41.8764317], [12.4320119, 41.8764674], [12.4320004, 41.8764896], [12.4319855, 41.8765059], [12.4319518, 41.8765332], [12.4314796, 41.8767906], [12.4312987, 41.8768883]], [[12.432876, 41.874204], [12.4329217, 41.874163], [12.4329541, 41.8741391], [12.4329733, 41.874129], [12.4329936, 41.8741216], [12.4330235, 41.8741143], [12.4330557, 41.8741074], [12.4330916, 41.8741012], [12.433126, 41.8740929], [12.4331467, 41.8740823], [12.4331662, 41.8740668], [12.4331772, 41.8740532], [12.4331859, 41.8740395], [12.4331901, 41.8740259], [12.433192, 41.8740122], [12.4331899, 41.8739917], [12.4331842, 41.8739756], [12.4331778, 41.8739632], [12.4331666, 41.8739509], [12.4331466, 41.8739379], [12.4331284, 41.8739292], [12.4331072, 41.8739247], [12.4330749, 41.8739216], [12.4330462, 41.8739243], [12.4330143, 41.8739319], [12.4329913, 41.8739416], [12.4329777, 41.8739523], [12.4329612, 41.8739678], [12.4329428, 41.8739931], [12.4329298, 41.8740173], [12.4329156, 41.8740471], [12.4328772, 41.874148], [12.4328746, 41.8741613], [12.4328743, 41.8741747], [12.432876, 41.874204]]]}}, {"type": "Feature", "properties": {"id": "SS-ROM-7342", "nome": "Via Giovan Battista Molinelli", "quartiere": "Municipio Roma XII", "classificazione": "giallo", "score": 3, "note": "strada urbana senza ciclabile", "ciclabile": "no", "n_corsie": "2", "senso_unico": "no", "n_testimonianze": "0", "municipio": "XII"}, "geometry": {"type": "MultiLineString", "coordinates": [[[12.3379563, 41.8477468], [12.3382836, 41.8474297], [12.3383056, 41.8474111], [12.338328, 41.847396], [12.3383443, 41.8473861], [12.3383673, 41.8473748], [12.3383808, 41.8473691], [12.3383943, 41.847364], [12.338407, 41.8473602], [12.338421, 41.8473569], [12.3384343, 41.8473551], [12.3384489, 41.8473534], [12.3384802, 41.8473523], [12.3385135, 41.8473527], [12.3385448, 41.8473549], [12.338578, 41.8473586], [12.33861, 41.8473638], [12.3386446, 41.847371], [12.338776, 41.8474064], [12.3389926, 41.8474632], [12.3394384, 41.8475868], [12.3396247, 41.8476377], [12.3396715, 41.8476489], [12.3397007, 41.8476553], [12.3397286, 41.8476598], [12.3397512, 41.847662], [12.3397724, 41.8476632], [12.339807, 41.8476637], [12.3398376, 41.8476613], [12.3398546, 41.8476585], [12.339869, 41.8476558], [12.3398892, 41.8476506], [12.3399055, 41.8476453], [12.3399209, 41.8476392], [12.3399369, 41.8476321], [12.3399546, 41.8476223], [12.339973, 41.8476115], [12.3400204, 41.8475726], [12.3401308, 41.8474825], [12.3403178, 41.8472761], [12.3398423, 41.847044], [12.3397542, 41.8470062], [12.3396607, 41.8469683], [12.3395474, 41.8469267], [12.3394154, 41.846883], [12.3392579, 41.8468327], [12.3390186, 41.8467595], [12.3388195, 41.8467068], [12.3386911, 41.8466765], [12.3385512, 41.8466433], [12.3384273, 41.846618]], [[12.3403178, 41.8472761], [12.3405961, 41.8474238], [12.3408888, 41.8475908], [12.3412252, 41.8478175], [12.3416742, 41.8481141]]]}}, {"type": "Feature", "properties": {"id": "SS-ROM-7368", "nome": "Via Giovanni Antonio Lecchi", "quartiere": "Municipio Roma XII", "classificazione": "giallo", "score": 3, "note": "strada urbana senza ciclabile", "ciclabile": "no", "n_corsie": "2", "senso_unico": "no", "n_testimonianze": "0", "municipio": "XII"}, "geometry": {"type": "LineString", "coordinates": [[12.3094291, 41.8328875], [12.3103544, 41.8323323], [12.3103806, 41.8323159], [12.3104082, 41.8322975], [12.310433, 41.8322805], [12.3104591, 41.8322616], [12.310696, 41.8320889], [12.3107474, 41.832058], [12.3107987, 41.8320337], [12.3108513, 41.8320157], [12.3109165, 41.8320031], [12.3109868, 41.8319978], [12.3110626, 41.8319966], [12.3111377, 41.8320018], [12.3111946, 41.8320124], [12.31125, 41.8320319], [12.3113054, 41.832054], [12.3113625, 41.8320871], [12.3114104, 41.8321229], [12.311444, 41.8321593], [12.3114684, 41.8321957], [12.3116174, 41.832503], [12.3118985, 41.8329739], [12.3119575, 41.833091], [12.312301, 41.8337728], [12.3125389, 41.8341783], [12.3125737, 41.8342278], [12.3126193, 41.8342733], [12.3126782, 41.8343188], [12.3127371, 41.8343562], [12.3127867, 41.8343797], [12.312847, 41.8344032], [12.3129311, 41.8344222], [12.3129637, 41.8344263], [12.3130099, 41.8344312], [12.313063, 41.8344324], [12.3131165, 41.8344314], [12.313199, 41.8344236], [12.313296, 41.8344059], [12.3136165, 41.834312], [12.3154001, 41.8336809], [12.3154814, 41.833657], [12.3155557, 41.8336429], [12.3156326, 41.8336367], [12.3157203, 41.8336399], [12.3157972, 41.833651], [12.3158773, 41.8336737], [12.3160079, 41.8337169], [12.3167867, 41.8340156], [12.3178882, 41.8344162], [12.3180418, 41.8344764], [12.3180854, 41.8344961], [12.3181303, 41.8345168], [12.3181695, 41.8345382], [12.31821, 41.8345607], [12.3182492, 41.8345861], [12.318283, 41.8346116], [12.3183575, 41.8346809], [12.3184373, 41.8347562], [12.3185058, 41.8348309], [12.3185662, 41.8349115], [12.3186288, 41.8350026], [12.3186834, 41.8350997], [12.3188479, 41.835453], [12.3200333, 41.8379948], [12.3205647, 41.8391734], [12.3205786, 41.8392092], [12.3205922, 41.8392414], [12.3206031, 41.8392726], [12.3206227, 41.8393379], [12.3206555, 41.8394934]]}}, {"type": "Feature", "properties": {"id": "SS-ROM-7389", "nome": "Via Giovanni Battista Canobi", "quartiere": "Municipio Roma XII", "classificazione": "giallo", "score": 3, "note": "strada urbana senza ciclabile (1 corsie)", "ciclabile": "no", "n_corsie": "1", "senso_unico": "si", "n_testimonianze": "0", "municipio": "XII"}, "geometry": {"type": "MultiLineString", "coordinates": [[[12.4480956, 41.8712038], [12.4496302, 41.8717075], [12.4496529, 41.8717149], [12.4497261, 41.8717396]], [[12.4480956, 41.8712038], [12.4468926, 41.8708055]]]}}, {"type": "Feature", "properties": {"id": "SS-ROM-7401", "nome": "Via Giovanni Battista Impallomeni", "quartiere": "Municipio Roma XII", "classificazione": "giallo", "score": 3, "note": "strada urbana senza ciclabile (2 corsie)", "ciclabile": "no", "n_corsie": "2", "senso_unico": "no", "n_testimonianze": "0", "municipio": "XII"}, "geometry": {"type": "MultiLineString", "coordinates": [[[12.3525558, 41.869311], [12.3525134, 41.8686934]], [[12.3524802, 41.8704487], [12.3525644, 41.8701384], [12.3525765, 41.8698525], [12.3525558, 41.869311]], [[12.3521462, 41.8698689], [12.3524196, 41.8698509], [12.3525765, 41.8698525]], [[12.3525134, 41.8686934], [12.3524959, 41.868405], [12.352504, 41.8683711], [12.3525388, 41.8683471], [12.3525978, 41.8683391], [12.3535232, 41.8683072]], [[12.3525765, 41.8698525], [12.3533116, 41.869966]]]}}, {"type": "Feature", "properties": {"id": "SS-ROM-7478", "nome": "Via Giovanni De Calvi", "quartiere": "Municipio Roma XII", "classificazione": "giallo", "score": 3, "note": "strada urbana senza ciclabile (1 corsie)", "ciclabile": "no", "n_corsie": "1", "senso_unico": "si", "n_testimonianze": "0", "municipio": "XII"}, "geometry": {"type": "MultiLineString", "coordinates": [[[12.4460275, 41.8693877], [12.4460286, 41.869331], [12.4460358, 41.8690324], [12.4460344, 41.8689359]], [[12.4460547, 41.8681877], [12.4461219, 41.8679748], [12.4461415, 41.8679164], [12.4461585, 41.8678647], [12.4463856, 41.867181]], [[12.4460344, 41.8689359], [12.4460339, 41.8682515], [12.4460395, 41.8682226], [12.4460453, 41.8682051], [12.4460547, 41.8681877]], [[12.4463856, 41.867181], [12.4465448, 41.8667138], [12.4465677, 41.866654]]]}}, {"type": "Feature", "properties": {"id": "SS-ROM-7491", "nome": "Via Giovanni Emanuele Barié", "quartiere": "Municipio Roma XII", "classificazione": "giallo", "score": 3, "note": "strada urbana senza ciclabile", "ciclabile": "no", "n_corsie": "2", "senso_unico": "no", "n_testimonianze": "0", "municipio": "XII"}, "geometry": {"type": "LineString", "coordinates": [[12.3429278, 41.8507031], [12.3419009, 41.8500719], [12.3393423, 41.848558], [12.3379563, 41.8477468], [12.3376593, 41.847562], [12.3355514, 41.846346], [12.3353468, 41.8462168], [12.3353123, 41.8461935], [12.3351042, 41.8460531], [12.3350875, 41.8460418], [12.3348979, 41.8459075], [12.3348362, 41.8458608], [12.3347802, 41.8458101], [12.3347521, 41.8457832], [12.3347281, 41.8457594], [12.3347008, 41.8457281], [12.3346801, 41.8457017], [12.3346595, 41.8456714], [12.3346415, 41.845643], [12.3346158, 41.8455855], [12.3346056, 41.8455568], [12.3345994, 41.845531], [12.3345912, 41.8454978], [12.3345871, 41.8454676], [12.3345842, 41.8454121], [12.3345884, 41.8453483], [12.3346157, 41.8451801], [12.3346201, 41.8451192], [12.3346165, 41.8450564], [12.3346051, 41.8449931], [12.3345954, 41.8449605], [12.3345857, 41.8449318], [12.3345716, 41.8448996], [12.3345575, 41.8448714], [12.33454, 41.8448456], [12.3345225, 41.8448219], [12.3345029, 41.8448014], [12.3344834, 41.8447829], [12.3344376, 41.8447508]]}}, {"type": "Feature", "properties": {"id": "SS-ROM-7509", "nome": "Via Giovanni Giuseppe Gizzi", "quartiere": "Municipio Roma XII", "classificazione": "giallo", "score": 3, "note": "strada urbana senza ciclabile", "ciclabile": "no", "n_corsie": "2", "senso_unico": "no", "n_testimonianze": "0", "municipio": "XII"}, "geometry": {"type": "LineString", "coordinates": [[12.3771029, 41.8517673], [12.37711, 41.8518848], [12.3771013, 41.8520727], [12.3770895, 41.8521667], [12.3770043, 41.8528485], [12.3769922, 41.8529188], [12.3769062, 41.8534179]]}}, {"type": "Feature", "properties": {"id": "SS-ROM-7548", "nome": "Via Giovanni Neper", "quartiere": "Municipio Roma XII", "classificazione": "giallo", "score": 3, "note": "strada urbana senza ciclabile", "ciclabile": "no", "n_corsie": "2", "senso_unico": "no", "n_testimonianze": "0", "municipio": "XII"}, "geometry": {"type": "LineString", "coordinates": [[12.3604456, 41.8634272], [12.3598408, 41.8631909], [12.3595509, 41.8630799], [12.3595196, 41.8630707], [12.3594876, 41.8630621], [12.359454, 41.8630552], [12.3594196, 41.8630489], [12.3594009, 41.8630466], [12.3593807, 41.8630448], [12.3593631, 41.8630439], [12.3593441, 41.8630435], [12.3593224, 41.8630455], [12.3593068, 41.8630498], [12.359287, 41.8630576], [12.3592672, 41.8630676], [12.3592493, 41.86308], [12.3592315, 41.8630945], [12.3591027, 41.8632142], [12.3590927, 41.8632245], [12.3590835, 41.8632347], [12.3590671, 41.8632546], [12.3590521, 41.8632739], [12.3590386, 41.8632943], [12.3590266, 41.8633142], [12.3590195, 41.8633275], [12.3590147, 41.8633378], [12.3589897, 41.8634155], [12.3589841, 41.8634349], [12.3589786, 41.8634604], [12.3589706, 41.8634943], [12.3589656, 41.8635214], [12.3589605, 41.8635486], [12.358957, 41.8635762], [12.358955, 41.8636089], [12.3589537, 41.8636415], [12.3589543, 41.8637662], [12.3589729, 41.8639349]]}}, {"type": "Feature", "properties": {"id": "SS-ROM-7573", "nome": "Via Giovanni Ponti", "quartiere": "Municipio Roma XII", "classificazione": "giallo", "score": 3, "note": "strada urbana senza ciclabile", "ciclabile": "no", "n_corsie": "2", "senso_unico": "no", "n_testimonianze": "0", "municipio": "XII"}, "geometry": {"type": "MultiLineString", "coordinates": [[[12.40753, 41.8695793], [12.4076022, 41.8695901], [12.4076362, 41.8695944], [12.4077077, 41.8696035], [12.4078466, 41.8696219], [12.4080616, 41.8696502], [12.4082568, 41.8696769], [12.4083777, 41.869708], [12.408444, 41.8697587]], [[12.408444, 41.8697587], [12.4083414, 41.8697584], [12.4078295, 41.8696862], [12.4078466, 41.8696219]]]}}, {"type": "Feature", "properties": {"id": "SS-ROM-7574", "nome": "Via Giovanni Porzio", "quartiere": "Municipio Roma XII", "classificazione": "giallo", "score": 3, "note": "strada urbana senza ciclabile (2 corsie)", "ciclabile": "no", "n_corsie": "2", "senso_unico": "no", "n_testimonianze": "0", "municipio": "XII"}, "geometry": {"type": "MultiLineString", "coordinates": [[[12.441964, 41.8403496], [12.4419741, 41.8404065], [12.4420461, 41.8409768], [12.4420415, 41.8412276], [12.4420047, 41.841386], [12.4419412, 41.8415617], [12.4419191, 41.8416099], [12.4417867, 41.8418976], [12.4416454, 41.8422048], [12.441576, 41.8424419], [12.4415647, 41.8424951], [12.4415591, 41.8425387], [12.4415534, 41.8425904], [12.4415351, 41.8430451], [12.4415139, 41.8432525], [12.4415052, 41.8433231], [12.4414849, 41.843785], [12.4414757, 41.8438807], [12.4414637, 41.8439501], [12.4414557, 41.8439877], [12.4414423, 41.8440274], [12.441429, 41.8440638], [12.4414129, 41.8441082]], [[12.4414129, 41.8441082], [12.4413755, 41.844196], [12.4413393, 41.8442688], [12.4412974, 41.8443302], [12.4412567, 41.8443877], [12.4411674, 41.8444925], [12.4411057, 41.8445587], [12.4410675, 41.8445954], [12.4410239, 41.844636], [12.440863, 41.8447705], [12.4407344, 41.8448706], [12.4406059, 41.8449708], [12.4403354, 41.8451576], [12.4400548, 41.845459]]]}}, {"type": "Feature", "properties": {"id": "SS-ROM-7598", "nome": "Via Giovanni Stanchi", "quartiere": "Municipio Roma XII", "classificazione": "giallo", "score": 3, "note": "strada urbana senza ciclabile (1 corsie)", "ciclabile": "no", "n_corsie": "1", "senso_unico": "no", "n_testimonianze": "0", "municipio": "XII"}, "geometry": {"type": "LineString", "coordinates": [[12.4430456, 41.8781348], [12.4430975, 41.8781135], [12.443118, 41.8781051], [12.4436384, 41.8778919], [12.4437183, 41.877847], [12.443745, 41.8778219], [12.4437609, 41.8777909], [12.4437612, 41.8777189], [12.443712, 41.877407]]}}, {"type": "Feature", "properties": {"id": "SS-ROM-7605", "nome": "Via Giovanni Torrecremata", "quartiere": "Municipio Roma XII", "classificazione": "giallo", "score": 3, "note": "strada urbana senza ciclabile (2 corsie)", "ciclabile": "no", "n_corsie": "2", "senso_unico": "no", "n_testimonianze": "0", "municipio": "XII"}, "geometry": {"type": "LineString", "coordinates": [[12.4433088, 41.8724044], [12.4435251, 41.8724067], [12.4446618, 41.8723977], [12.4447298, 41.872398]]}}, {"type": "Feature", "properties": {"id": "SS-ROM-7610", "nome": "Via Giovanni Vestri", "quartiere": "Municipio Roma XII", "classificazione": "giallo", "score": 3, "note": "strada urbana senza ciclabile (1 corsie)", "ciclabile": "no", "n_corsie": "1", "senso_unico": "si", "n_testimonianze": "0", "municipio": "XII"}, "geometry": {"type": "MultiLineString", "coordinates": [[[12.4447971, 41.8733101], [12.4447285, 41.8733229], [12.4447013, 41.873328], [12.4441009, 41.8734402], [12.4440458, 41.8735447], [12.4441576, 41.874152], [12.4441726, 41.874201], [12.4441953, 41.8742623]], [[12.4441953, 41.8742623], [12.4444594, 41.8746658]]]}}, {"type": "Feature", "properties": {"id": "SS-ROM-7662", "nome": "Via Giulia di Colloredo", "quartiere": "Municipio Roma XII", "classificazione": "giallo", "score": 3, "note": "strada urbana senza ciclabile (1 corsie)", "ciclabile": "no", "n_corsie": "1", "senso_unico": "no", "n_testimonianze": "0", "municipio": "XII"}, "geometry": {"type": "LineString", "coordinates": [[12.4425012, 41.8775717], [12.4425845, 41.8775753], [12.4425975, 41.8775753], [12.4426395, 41.8775751], [12.4426737, 41.8775731], [12.4427058, 41.8775696], [12.443712, 41.877407], [12.4437612, 41.8773987], [12.4445367, 41.8772729], [12.4448561, 41.8772248]]}}, {"type": "Feature", "properties": {"id": "SS-ROM-7663", "nome": "Via Giulia di Gallese", "quartiere": "Municipio Roma XII", "classificazione": "giallo", "score": 3, "note": "strada urbana senza ciclabile (1 corsie)", "ciclabile": "no", "n_corsie": "1", "senso_unico": "si", "n_testimonianze": "0", "municipio": "XII"}, "geometry": {"type": "MultiLineString", "coordinates": [[[12.4495541, 41.8720688], [12.4494669, 41.8720484], [12.4479368, 41.8716887], [12.4478936, 41.8716786]], [[12.4478936, 41.8716786], [12.4472455, 41.8715297], [12.4468521, 41.8714429], [12.4468308, 41.8714405], [12.4467708, 41.8714335]]]}}, {"type": "Feature", "properties": {"id": "SS-ROM-7697", "nome": "Via Giulio Diena", "quartiere": "Municipio Roma XII", "classificazione": "giallo", "score": 3, "note": "strada urbana senza ciclabile", "ciclabile": "no", "n_corsie": "2", "senso_unico": "no", "n_testimonianze": "0", "municipio": "XII"}, "geometry": {"type": "LineString", "coordinates": [[12.3524237, 41.8714739], [12.3524712, 41.8714157], [12.3524809, 41.8714058], [12.3524932, 41.8713966], [12.3525105, 41.8713868], [12.3525294, 41.8713794], [12.3525587, 41.8713728], [12.3525866, 41.8713702], [12.3526083, 41.8713698], [12.3526321, 41.8713716], [12.3545496, 41.8716305]]}}, {"type": "Feature", "properties": {"id": "SS-ROM-7709", "nome": "Via Giulio Paoli", "quartiere": "Municipio Roma XII", "classificazione": "giallo", "score": 3, "note": "strada urbana senza ciclabile (2 corsie)", "ciclabile": "no", "n_corsie": "2", "senso_unico": "no", "n_testimonianze": "0", "municipio": "XII"}, "geometry": {"type": "MultiLineString", "coordinates": [[[12.4414129, 41.8441082], [12.4414946, 41.8441199], [12.4415642, 41.8441306], [12.4417092, 41.8441525], [12.4418084, 41.8441728], [12.4419077, 41.844201]], [[12.4419077, 41.844201], [12.4421427, 41.8442973], [12.4425827, 41.8444902]]]}}, {"type": "Feature", "properties": {"id": "SS-ROM-7711", "nome": "Via Giulio Pittarelli", "quartiere": "Municipio Roma XII", "classificazione": "giallo", "score": 3, "note": "strada urbana senza ciclabile", "ciclabile": "no", "n_corsie": "2", "senso_unico": "si", "n_testimonianze": "0", "municipio": "XII"}, "geometry": {"type": "MultiLineString", "coordinates": [[[12.3647261, 41.8626047], [12.3649127, 41.8625274], [12.3654987, 41.8623654], [12.3656589, 41.8623221], [12.3657598, 41.8622727], [12.3657927, 41.8622566], [12.3659, 41.8621517], [12.3660632, 41.8618438], [12.3664617, 41.8611366], [12.3664802, 41.8611111], [12.366496, 41.8610896], [12.3665198, 41.8610664], [12.3665409, 41.8610472], [12.366564, 41.8610334], [12.3665857, 41.8610217], [12.3666128, 41.8610114], [12.3666386, 41.8610032], [12.3666636, 41.860998], [12.366688, 41.8609942], [12.3667168, 41.8609917], [12.366745, 41.8609907], [12.3667805, 41.8609932], [12.3668066, 41.8609967], [12.3668702, 41.861013], [12.3669143, 41.8610256], [12.3669597, 41.8610403], [12.3669989, 41.8610537], [12.3670394, 41.8610692], [12.3676041, 41.8613113], [12.36784, 41.8614241], [12.3678736, 41.8614422], [12.3678971, 41.8614564], [12.367926, 41.8614757], [12.3679706, 41.8615078], [12.3680126, 41.861539], [12.3680538, 41.8615728], [12.3680924, 41.8616057], [12.3681178, 41.8616292], [12.3681341, 41.8616458], [12.3681516, 41.8616666], [12.3683382, 41.8619498], [12.3684706, 41.8622115], [12.3684821, 41.8622357], [12.3684926, 41.8622625], [12.3684979, 41.8622794], [12.3685032, 41.8622983], [12.3685067, 41.8623175], [12.3685089, 41.8623418], [12.3685069, 41.8623543], [12.3685037, 41.8623648], [12.3684957, 41.8623772], [12.368485, 41.8623907], [12.3684723, 41.8624015], [12.368457, 41.8624133], [12.3684376, 41.862425], [12.3684102, 41.8624378], [12.3683417, 41.8624664], [12.3682678, 41.8624939], [12.3678259, 41.8626473], [12.3677141, 41.8626939], [12.367687, 41.8627062], [12.3676463, 41.8627263], [12.3676057, 41.8627489], [12.3675508, 41.8627818], [12.367506, 41.8628107], [12.3674879, 41.862823], [12.367429, 41.8628741], [12.3673767, 41.8629252], [12.3673305, 41.8629748], [12.3670725, 41.8632989], [12.3668665, 41.8635611], [12.3668022, 41.8636311], [12.3667853, 41.8636459], [12.3667696, 41.8636587], [12.3667544, 41.8636685], [12.366731, 41.8636817], [12.3667016, 41.8636957], [12.3666775, 41.8637047], [12.3666579, 41.8637112], [12.3666289, 41.8637198], [12.3666005, 41.8637253], [12.3665708, 41.8637289], [12.3665396, 41.8637307], [12.3665057, 41.8637315], [12.3664818, 41.8637307], [12.3664405, 41.8637286], [12.3663998, 41.8637247], [12.3663657, 41.8637203], [12.3663277, 41.863712], [12.3663093, 41.8637073], [12.366291, 41.8637026], [12.3662515, 41.86369], [12.3662108, 41.8636765], [12.3661733, 41.8636614], [12.3661426, 41.8636483], [12.3661073, 41.8636299], [12.3660787, 41.8636135], [12.3660269, 41.8635787], [12.3659769, 41.8635333], [12.3658772, 41.8634273], [12.3657878, 41.8633522], [12.3657747, 41.8633421], [12.3657195, 41.8633055], [12.3656717, 41.8632784], [12.3656557, 41.8632709], [12.3656043, 41.863249], [12.3647734, 41.8629357]], [[12.3646336, 41.8627571], [12.364642, 41.8627985], [12.364646, 41.8628111], [12.3646514, 41.8628217], [12.3646669, 41.8628453], [12.3646871, 41.8628688], [12.3647171, 41.8628947], [12.3647734, 41.8629357]], [[12.3645404, 41.8626258], [12.3645945, 41.8626218], [12.3646432, 41.8626168], [12.3646874, 41.8626113], [12.3647261, 41.8626047]], [[12.3647734, 41.8629357], [12.3644573, 41.8628265]], [[12.3647261, 41.8626047], [12.364675, 41.8626624], [12.3646392, 41.8627163]]]}}, {"type": "Feature", "properties": {"id": "SS-ROM-7720", "nome": "Via Giulio Tarra", "quartiere": "Municipio Roma XII", "classificazione": "giallo", "score": 3, "note": "strada urbana senza ciclabile (2 corsie)", "ciclabile": "no", "n_corsie": "2", "senso_unico": "no", "n_testimonianze": "0", "municipio": "XII"}, "geometry": {"type": "LineString", "coordinates": [[12.4466926, 41.8632861], [12.4467595, 41.8633387], [12.4468366, 41.8634004], [12.4469695, 41.8635166], [12.4470599, 41.8636009], [12.4471185, 41.8636726], [12.4472763, 41.8638983], [12.4473262, 41.8639787], [12.4473549, 41.8640353], [12.4474147, 41.8641757], [12.447481, 41.8643095], [12.447579, 41.8645303], [12.4476695, 41.8647465], [12.4477529, 41.8649588], [12.4477882, 41.8650552], [12.44782, 41.8651622], [12.4478676, 41.8653472], [12.4479562, 41.8658242], [12.4479762, 41.8660277], [12.4479826, 41.8661347], [12.447982, 41.8662232], [12.4479748, 41.8666238], [12.4479741, 41.8666604]]}}, {"type": "Feature", "properties": {"id": "SS-ROM-7758", "nome": "Via Giuseppe Balzaretto", "quartiere": "Municipio Roma XII", "classificazione": "giallo", "score": 3, "note": "strada urbana senza ciclabile", "ciclabile": "no", "n_corsie": "2", "senso_unico": "si", "n_testimonianze": "0", "municipio": "XII"}, "geometry": {"type": "MultiLineString", "coordinates": [[[12.4064635, 41.8744072], [12.4059797, 41.873523], [12.4058926, 41.8733631], [12.4057402, 41.8730888], [12.4057119, 41.8730324], [12.4056818, 41.8729649], [12.4056517, 41.8728894], [12.4056251, 41.8728205], [12.4055153, 41.8724752], [12.4055073, 41.8724582], [12.4054975, 41.8724413], [12.405489, 41.872429], [12.4054769, 41.8724167], [12.4054533, 41.8723979], [12.4054225, 41.8723819], [12.4053886, 41.8723681], [12.4053538, 41.8723582], [12.4053097, 41.8723524], [12.4052594, 41.8723505], [12.4049983, 41.872353], [12.4049502, 41.8723567], [12.4048915, 41.8723604], [12.4047962, 41.8723651], [12.404725, 41.8723627], [12.4046852, 41.8723604], [12.4046508, 41.8723542], [12.4046188, 41.8723454], [12.4045904, 41.8723339], [12.4045552, 41.8723182], [12.4045271, 41.8723024], [12.4044976, 41.8722803], [12.4044752, 41.8722609], [12.4044512, 41.8722359], [12.4044308, 41.872211], [12.4044135, 41.8721808], [12.404398, 41.8721519], [12.4043829, 41.8721199], [12.4043652, 41.8720799], [12.4043404, 41.8720179], [12.4043323, 41.8719886], [12.4043268, 41.871958], [12.4043257, 41.8719217], [12.4043279, 41.8718905], [12.4043327, 41.8718606], [12.4043469, 41.8717996], [12.4043946, 41.8716372], [12.404424, 41.8715508], [12.4044512, 41.8714902], [12.4044719, 41.8714493], [12.4044926, 41.8714177], [12.4045523, 41.8712217], [12.4045599, 41.8711882], [12.4045675, 41.8711501], [12.4045722, 41.8711108], [12.4045725, 41.8710662], [12.404567, 41.8710176], [12.4045614, 41.8709874], [12.4045492, 41.8709291], [12.4045369, 41.8708867], [12.4045204, 41.87084], [12.4045003, 41.8707919], [12.4044883, 41.8707522], [12.4044727, 41.8707059], [12.4044566, 41.8706543], [12.4044501, 41.8706247], [12.4044436, 41.8705978], [12.4044333, 41.8705413], [12.404428, 41.8704795], [12.4044254, 41.8704177], [12.4044283, 41.8703759], [12.404435, 41.8703559], [12.4044472, 41.870334], [12.4045051, 41.8702525], [12.4045993, 41.8701133], [12.4046154, 41.8700868], [12.4046227, 41.8700754], [12.4046265, 41.8700663], [12.404628, 41.8700581], [12.4046268, 41.8700478], [12.4046222, 41.8700376], [12.4046141, 41.8700274], [12.4042961, 41.8697005]], [[12.4064635, 41.8744072], [12.4065223, 41.8744725], [12.4065586, 41.8745129]], [[12.4065073, 41.8745352], [12.4064635, 41.8744072]]]}}, {"type": "Feature", "properties": {"id": "SS-ROM-7772", "nome": "Via Giuseppe Benoni", "quartiere": "Municipio Roma XII", "classificazione": "giallo", "score": 3, "note": "strada urbana senza ciclabile", "ciclabile": "no", "n_corsie": "2", "senso_unico": "no", "n_testimonianze": "0", "municipio": "XII"}, "geometry": {"type": "MultiLineString", "coordinates": [[[12.4063463, 41.8717083], [12.4063014, 41.8718828]], [[12.4063014, 41.8718828], [12.4063003, 41.8720236], [12.4063025, 41.8721889], [12.4063106, 41.8722526], [12.4063229, 41.8723224], [12.4063461, 41.8723842], [12.4064047, 41.8725299], [12.4064228, 41.8725621], [12.4064271, 41.8725815], [12.4064192, 41.872597], [12.4063876, 41.8726098], [12.4056251, 41.8728205]]]}}, {"type": "Feature", "properties": {"id": "SS-ROM-7817", "nome": "Via Giuseppe D'Avarna", "quartiere": "Municipio Roma XII", "classificazione": "giallo", "score": 3, "note": "strada urbana senza ciclabile (1 corsie)", "ciclabile": "no", "n_corsie": "1", "senso_unico": "si", "n_testimonianze": "0", "municipio": "XII"}, "geometry": {"type": "LineString", "coordinates": [[12.4422221, 41.8567393], [12.442314, 41.8567937], [12.4423626, 41.8568224], [12.4424113, 41.8568481], [12.4424559, 41.8568701], [12.4424924, 41.8568861], [12.442533, 41.8569022], [12.4425944, 41.8569234], [12.4426542, 41.8569416], [12.4427003, 41.8569536], [12.4427469, 41.8569646], [12.4427919, 41.8569744], [12.4428354, 41.8569822], [12.4429252, 41.8569921], [12.4430054, 41.8569968], [12.4430502, 41.8569974], [12.4430936, 41.856997], [12.4431336, 41.8569937], [12.4431668, 41.85699], [12.4432008, 41.8569852], [12.4432404, 41.8569785], [12.4432813, 41.8569715], [12.44331, 41.8569653], [12.443338, 41.8569586], [12.4433871, 41.8569435], [12.4434336, 41.8569284], [12.4434747, 41.8569138], [12.4435131, 41.8568992], [12.4435618, 41.8568766], [12.4436153, 41.856848], [12.4436624, 41.8568195], [12.4436993, 41.856796], [12.4437349, 41.8567698], [12.4437745, 41.856742], [12.4438116, 41.8567154], [12.4438446, 41.8566897], [12.4439161, 41.8566355], [12.4444295, 41.8562455], [12.4446135, 41.856104], [12.4449002, 41.8558805], [12.444988, 41.855812], [12.4450089, 41.8557853], [12.4450174, 41.8557543], [12.4450222, 41.8557316], [12.4450286, 41.8556927]]}}, {"type": "Feature", "properties": {"id": "SS-ROM-7850", "nome": "Via Giuseppe Ghislieri", "quartiere": "Municipio Roma XII", "classificazione": "giallo", "score": 3, "note": "strada urbana senza ciclabile (1 corsie)", "ciclabile": "no", "n_corsie": "1", "senso_unico": "si", "n_testimonianze": "0", "municipio": "XII"}, "geometry": {"type": "LineString", "coordinates": [[12.4496987, 41.875047], [12.449608, 41.8750332], [12.449278, 41.8749894], [12.4491443, 41.8749695], [12.4490179, 41.874949], [12.4488817, 41.8749205], [12.4487303, 41.8748842], [12.4486493, 41.874862], [12.448566, 41.8748364], [12.448432, 41.8747904], [12.448347, 41.8747575], [12.4482653, 41.8747228], [12.4481907, 41.8746873], [12.4481102, 41.8746457]]}}, {"type": "Feature", "properties": {"id": "SS-ROM-7852", "nome": "Via Giuseppe Gianfranceschi", "quartiere": "Municipio Roma XII", "classificazione": "giallo", "score": 3, "note": "strada urbana senza ciclabile", "ciclabile": "no", "n_corsie": "2", "senso_unico": "no", "n_testimonianze": "0", "municipio": "XII"}, "geometry": {"type": "MultiLineString", "coordinates": [[[12.3568315, 41.8762729], [12.3553723, 41.8771777], [12.3550028, 41.8773727]], [[12.3550028, 41.8773727], [12.3546383, 41.8775831]]]}}, {"type": "Feature", "properties": {"id": "SS-ROM-7861", "nome": "Via Giuseppe Giunchi", "quartiere": "Municipio Roma XII", "classificazione": "giallo", "score": 3, "note": "strada urbana senza ciclabile", "ciclabile": "no", "n_corsie": "2", "senso_unico": "no", "n_testimonianze": "0", "municipio": "XII"}, "geometry": {"type": "MultiLineString", "coordinates": [[[12.3629732, 41.8768225], [12.3614937, 41.8767675], [12.3614589, 41.8767652], [12.361433, 41.8767625], [12.3613956, 41.8767574], [12.3613608, 41.8767514], [12.3613259, 41.8767437], [12.3612937, 41.8767349], [12.3612693, 41.8767273], [12.3612351, 41.8767152], [12.3612078, 41.8767039], [12.3611773, 41.8766891], [12.3611521, 41.8766756], [12.3611255, 41.87666], [12.3611011, 41.8766438], [12.3610755, 41.8766256], [12.3610563, 41.8766109], [12.3610394, 41.8765957], [12.3609182, 41.8764773], [12.3604845, 41.8760707]], [[12.3604845, 41.8760707], [12.359069, 41.8747583], [12.3589686, 41.8746812], [12.3581191, 41.8738778], [12.3580383, 41.8738016], [12.3577424, 41.8735222], [12.357728, 41.8735058], [12.3577144, 41.8734849], [12.3577035, 41.873459]]]}}, {"type": "Feature", "properties": {"id": "SS-ROM-7866", "nome": "Via Giuseppe Guerzoni", "quartiere": "Municipio Roma XII", "classificazione": "giallo", "score": 3, "note": "strada urbana senza ciclabile", "ciclabile": "no", "n_corsie": "2", "senso_unico": "no", "n_testimonianze": "0", "municipio": "XII"}, "geometry": {"type": "LineString", "coordinates": [[12.4498495, 41.8550362], [12.4497221, 41.8554665], [12.4497082, 41.855521], [12.4496951, 41.8555719]]}}, {"type": "Feature", "properties": {"id": "SS-ROM-7920", "nome": "Via Giuseppe Moneti", "quartiere": "Municipio Roma XII", "classificazione": "giallo", "score": 3, "note": "strada urbana senza ciclabile", "ciclabile": "no", "n_corsie": "2", "senso_unico": "no", "n_testimonianze": "0", "municipio": "XII"}, "geometry": {"type": "LineString", "coordinates": [[12.358319, 41.8776599], [12.356933, 41.8784892], [12.3567086, 41.8786111], [12.3566272, 41.8786534], [12.3556687, 41.8787505]]}}, {"type": "Feature", "properties": {"id": "SS-ROM-7941", "nome": "Via Giuseppe Pianese", "quartiere": "Municipio Roma XII", "classificazione": "giallo", "score": 3, "note": "strada urbana senza ciclabile (2 corsie)", "ciclabile": "no", "n_corsie": "2", "senso_unico": "no", "n_testimonianze": "0", "municipio": "XII"}, "geometry": {"type": "MultiLineString", "coordinates": [[[12.4443452, 41.8647473], [12.4443856, 41.8647428], [12.444408, 41.8647348], [12.4444259, 41.8647262], [12.4444453, 41.8647155], [12.4444611, 41.8647041], [12.4444823, 41.8646876]], [[12.4444823, 41.8646876], [12.4447245, 41.8646672]], [[12.4444823, 41.8646876], [12.444475, 41.8646447], [12.4443111, 41.8636442], [12.4443047, 41.8636051]]]}}, {"type": "Feature", "properties": {"id": "SS-ROM-7950", "nome": "Via Giuseppe Prato", "quartiere": "Municipio Roma XII", "classificazione": "giallo", "score": 3, "note": "strada urbana senza ciclabile", "ciclabile": "no", "n_corsie": "2", "senso_unico": "no", "n_testimonianze": "0", "municipio": "XII"}, "geometry": {"type": "MultiLineString", "coordinates": [[[12.4170707, 41.8449823], [12.417528, 41.8448165]], [[12.4191786, 41.8442643], [12.4187018, 41.8444108]]]}}, {"type": "Feature", "properties": {"id": "SS-ROM-7956", "nome": "Via Giuseppe Rensi", "quartiere": "Municipio Roma XII", "classificazione": "giallo", "score": 3, "note": "strada urbana senza ciclabile", "ciclabile": "no", "n_corsie": "2", "senso_unico": "no", "n_testimonianze": "0", "municipio": "XII"}, "geometry": {"type": "LineString", "coordinates": [[12.3427034, 41.8725885], [12.3432705, 41.8713623]]}}, {"type": "Feature", "properties": {"id": "SS-ROM-7981", "nome": "Via Giuseppe Tarozzi", "quartiere": "Municipio Roma XII", "classificazione": "giallo", "score": 3, "note": "strada urbana senza ciclabile", "ciclabile": "no", "n_corsie": "2", "senso_unico": "no", "n_testimonianze": "0", "municipio": "XII"}, "geometry": {"type": "LineString", "coordinates": [[12.3451983, 41.8720671], [12.3455159, 41.8739307]]}}, {"type": "Feature", "properties": {"id": "SS-ROM-7990", "nome": "Via Giuseppe Tornielli", "quartiere": "Municipio Roma XII", "classificazione": "giallo", "score": 3, "note": "strada urbana senza ciclabile (1 corsie)", "ciclabile": "no", "n_corsie": "1", "senso_unico": "si", "n_testimonianze": "0", "municipio": "XII"}, "geometry": {"type": "LineString", "coordinates": [[12.4417565, 41.8582601], [12.4418171, 41.8582101], [12.4418374, 41.8581922], [12.4418523, 41.8581767], [12.4418644, 41.8581602], [12.4418732, 41.8581413], [12.4418928, 41.8580787], [12.4419063, 41.8580229], [12.4419231, 41.8579589], [12.441943, 41.8579063], [12.4419736, 41.857847], [12.4420083, 41.8577839], [12.4420195, 41.8577506], [12.4420215, 41.8577265], [12.4420114, 41.8576768], [12.4419921, 41.8576364], [12.4419658, 41.8575831], [12.4419227, 41.8575128], [12.441757, 41.8573173], [12.4415863, 41.8570672], [12.4414395, 41.8568363], [12.4413654, 41.8567021], [12.4413415, 41.8566582], [12.44131, 41.8565952], [12.4412787, 41.8565214], [12.4412657, 41.8564799], [12.4412526, 41.8564284], [12.4412439, 41.8563832], [12.4412358, 41.8563432], [12.4412312, 41.8562874], [12.4412279, 41.8561876], [12.4412303, 41.8560998], [12.4412368, 41.8560393], [12.4412522, 41.8559317], [12.4412681, 41.8558408], [12.4412839, 41.8557757], [12.4413177, 41.855673], [12.4413626, 41.855574], [12.4414172, 41.8554766], [12.4414697, 41.8553944], [12.4416155, 41.8552315], [12.441672, 41.855175], [12.4417303, 41.8551213], [12.4417826, 41.8550767], [12.441849, 41.8550253], [12.4419033, 41.8549845], [12.4419828, 41.8549229], [12.4420189, 41.8548978], [12.4420496, 41.8548807], [12.4420946, 41.8548618], [12.4421369, 41.854847], [12.4422215, 41.8548212], [12.4423141, 41.8547954]]}}, {"type": "Feature", "properties": {"id": "SS-ROM-8002", "nome": "Via Giuseppe Vitali", "quartiere": "Municipio Roma XII", "classificazione": "giallo", "score": 3, "note": "strada urbana senza ciclabile (1 corsie)", "ciclabile": "no", "n_corsie": "1", "senso_unico": "si", "n_testimonianze": "0", "municipio": "XII"}, "geometry": {"type": "LineString", "coordinates": [[12.4467707, 41.8467981], [12.4445446, 41.8477265]]}}, {"type": "Feature", "properties": {"id": "SS-ROM-8151", "nome": "Via Guglielmo Tagliacarne", "quartiere": "Municipio Roma XII", "classificazione": "giallo", "score": 3, "note": "strada urbana senza ciclabile", "ciclabile": "no", "n_corsie": "2", "senso_unico": "no", "n_testimonianze": "0", "municipio": "XII"}, "geometry": {"type": "LineString", "coordinates": [[12.4169158, 41.8447429], [12.4166496, 41.8448355], [12.4161329, 41.8450258], [12.4160487, 41.8450353], [12.4159248, 41.8450138], [12.4158156, 41.8449703], [12.4144107, 41.8442871], [12.414252, 41.8441563], [12.413813, 41.8433164]]}}, {"type": "Feature", "properties": {"id": "SS-ROM-8184", "nome": "Via Guido Fusinato", "quartiere": "Municipio Roma XII", "classificazione": "giallo", "score": 3, "note": "strada urbana senza ciclabile", "ciclabile": "no", "n_corsie": "2", "senso_unico": "si", "n_testimonianze": "0", "municipio": "XII"}, "geometry": {"type": "LineString", "coordinates": [[12.4420415, 41.8412276], [12.4422148, 41.8412421], [12.442719, 41.8412144], [12.4430023, 41.8411568], [12.4431063, 41.841139]]}}, {"type": "Feature", "properties": {"id": "SS-ROM-8239", "nome": "Via Igino Petrone", "quartiere": "Municipio Roma XII", "classificazione": "giallo", "score": 3, "note": "strada urbana senza ciclabile", "ciclabile": "no", "n_corsie": "2", "senso_unico": "no", "n_testimonianze": "0", "municipio": "XII"}, "geometry": {"type": "LineString", "coordinates": [[12.3457659, 41.8720236], [12.3460742, 41.8738764]]}}, {"type": "Feature", "properties": {"id": "SS-ROM-8248", "nome": "Via Ignazio Ribotti", "quartiere": "Municipio Roma XII", "classificazione": "giallo", "score": 3, "note": "strada urbana senza ciclabile (1 corsie)", "ciclabile": "no", "n_corsie": "1", "senso_unico": "si", "n_testimonianze": "0", "municipio": "XII"}, "geometry": {"type": "MultiLineString", "coordinates": [[[12.4498237, 41.8525972], [12.449692, 41.8525187], [12.4494152, 41.8524027], [12.44937, 41.852383], [12.4492934, 41.8523553], [12.4490048, 41.8522469], [12.4488694, 41.8522001]], [[12.4498798, 41.8525169], [12.4500043, 41.8525278], [12.450148, 41.8525402], [12.4502414, 41.8525476], [12.4503641, 41.8525549], [12.4504474, 41.8525576], [12.4505229, 41.8525567], [12.4506578, 41.8525535], [12.4507586, 41.8525465], [12.4508408, 41.8525384], [12.450941, 41.8525262], [12.450988, 41.8525204], [12.451035, 41.8525124], [12.4510806, 41.852505], [12.451131, 41.8524954], [12.4512683, 41.852468], [12.4513675, 41.8524452], [12.4514651, 41.85242], [12.4515425, 41.8523982], [12.4515832, 41.8523861]]]}}, {"type": "Feature", "properties": {"id": "SS-ROM-8297", "nome": "Via Irgoli", "quartiere": "Municipio Roma XII", "classificazione": "giallo", "score": 3, "note": "strada urbana senza ciclabile", "ciclabile": "no", "n_corsie": "2", "senso_unico": "no", "n_testimonianze": "0", "municipio": "XII"}, "geometry": {"type": "LineString", "coordinates": [[12.3542271, 41.8368847], [12.355958, 41.8383288]]}}, {"type": "Feature", "properties": {"id": "SS-ROM-8306", "nome": "Via Isabella d'Este", "quartiere": "Municipio Roma XII", "classificazione": "giallo", "score": 3, "note": "strada urbana senza ciclabile (1 corsie)", "ciclabile": "no", "n_corsie": "1", "senso_unico": "si", "n_testimonianze": "0", "municipio": "XII"}, "geometry": {"type": "MultiLineString", "coordinates": [[[12.4234613, 41.8773684], [12.4241135, 41.8773964]], [[12.4241135, 41.8773964], [12.4252175, 41.8774516], [12.4256514, 41.8774735], [12.4262546, 41.8774976], [12.426356, 41.8775002]]]}}, {"type": "Feature", "properties": {"id": "SS-ROM-8308", "nome": "Via Isacco Artom", "quartiere": "Municipio Roma XII", "classificazione": "giallo", "score": 3, "note": "strada urbana senza ciclabile (1 corsie)", "ciclabile": "no", "n_corsie": "1", "senso_unico": "si", "n_testimonianze": "0", "municipio": "XII"}, "geometry": {"type": "LineString", "coordinates": [[12.4447092, 41.8555133], [12.4445452, 41.8554831], [12.444459, 41.8554649], [12.4444281, 41.855457], [12.444406, 41.8554486], [12.444367, 41.8554306], [12.4443377, 41.855415], [12.4440683, 41.855266], [12.4439428, 41.8551982], [12.443925, 41.8551908], [12.443905, 41.8551829], [12.4438821, 41.8551743], [12.4438577, 41.855168], [12.4438316, 41.8551627], [12.4437999, 41.8551594], [12.4437598, 41.8551583], [12.4436313, 41.8551624], [12.4434817, 41.8551671], [12.4433684, 41.8551691], [12.4432474, 41.8551745], [12.4431299, 41.8551853], [12.4430609, 41.8551978], [12.4430187, 41.8552062], [12.4429745, 41.8552168], [12.4428952, 41.8552398], [12.4428433, 41.8552568], [12.4427807, 41.8552787], [12.4427049, 41.8553074], [12.4426567, 41.8553273], [12.442602, 41.855352], [12.4425389, 41.8553854], [12.4425081, 41.8554028], [12.4424754, 41.8554231], [12.4424468, 41.8554424], [12.4424051, 41.8554722], [12.4423338, 41.8555274], [12.4422993, 41.8555586], [12.4422607, 41.8555952], [12.4422147, 41.855645], [12.4421576, 41.85571], [12.4421291, 41.8557455], [12.4421005, 41.8557879], [12.442072, 41.855839], [12.4420403, 41.855912], [12.4420265, 41.8559494], [12.4420127, 41.8559921], [12.4419942, 41.8560612], [12.4419845, 41.8561012], [12.4419804, 41.8561366], [12.4419747, 41.856206], [12.4419771, 41.8562529], [12.4419845, 41.8563135], [12.4419906, 41.8563515], [12.4420018, 41.8563934], [12.4420155, 41.8564314], [12.4420292, 41.8564627], [12.4420643, 41.85653], [12.4421138, 41.8566022], [12.4421659, 41.8566715], [12.4422221, 41.8567393], [12.4423065, 41.8568444], [12.4423474, 41.856897], [12.442391, 41.8569496], [12.4424356, 41.8570002], [12.4425688, 41.8571378], [12.4426484, 41.8572053], [12.4427881, 41.8573129], [12.4428576, 41.8573538], [12.4429086, 41.8573811], [12.4429544, 41.8573989], [12.4430061, 41.8574147], [12.4430566, 41.8574287], [12.4431608, 41.8574497], [12.443231, 41.8574596], [12.4433032, 41.8574649], [12.4433643, 41.8574668], [12.4434295, 41.8574656], [12.4435297, 41.8574603], [12.4435991, 41.8574524], [12.4436624, 41.8574369], [12.4437773, 41.8574076], [12.4439169, 41.8573657], [12.4439953, 41.8573477], [12.4440748, 41.8573313], [12.444168, 41.8573158], [12.4442195, 41.8573124], [12.444254, 41.8573128], [12.4442824, 41.8573147], [12.444336, 41.8573228], [12.4444647, 41.8573101]]}}, {"type": "Feature", "properties": {"id": "SS-ROM-8322", "nome": "Via Isili", "quartiere": "Municipio Roma XII", "classificazione": "giallo", "score": 3, "note": "strada urbana senza ciclabile", "ciclabile": "no", "n_corsie": "2", "senso_unico": "no", "n_testimonianze": "0", "municipio": "XII"}, "geometry": {"type": "LineString", "coordinates": [[12.3533056, 41.8371922], [12.3550595, 41.8386471]]}}, {"type": "Feature", "properties": {"id": "SS-ROM-8362", "nome": "Via Ivo Pannaggi", "quartiere": "Municipio Roma XII", "classificazione": "giallo", "score": 3, "note": "strada urbana senza ciclabile", "ciclabile": "no", "n_corsie": "2", "senso_unico": "no", "n_testimonianze": "0", "municipio": "XII"}, "geometry": {"type": "MultiLineString", "coordinates": [[[12.4087096, 41.8710473], [12.4087684, 41.8710282], [12.4088051, 41.8710128], [12.4088312, 41.871], [12.4088707, 41.8709801], [12.4089014, 41.8709588]], [[12.4087096, 41.8710473], [12.4086609, 41.8710612], [12.4086198, 41.8710675], [12.4085769, 41.8710731], [12.4085389, 41.8710753], [12.4085045, 41.8710761], [12.4084685, 41.8710765], [12.408436, 41.8710755], [12.4083721, 41.8710702], [12.4083047, 41.8710624], [12.4081409, 41.8710443], [12.4080966, 41.8710438], [12.4073181, 41.8710804], [12.4072663, 41.8710842], [12.4072376, 41.8710862], [12.4071621, 41.87109]], [[12.4071621, 41.87109], [12.4071274, 41.8710934], [12.4070741, 41.8710954], [12.4070312, 41.871096], [12.4069792, 41.8710942], [12.4069237, 41.8710896], [12.4068844, 41.8710843], [12.406846, 41.8710756], [12.4068159, 41.8710667]]]}}, {"type": "Feature", "properties": {"id": "SS-ROM-8405", "nome": "Via La Contea", "quartiere": "Municipio Roma XII", "classificazione": "giallo", "score": 3, "note": "strada urbana senza ciclabile", "ciclabile": "no", "n_corsie": "2", "senso_unico": "no", "n_testimonianze": "0", "municipio": "XII"}, "geometry": {"type": "MultiLineString", "coordinates": [[[12.4234956, 41.857193], [12.4233911, 41.8571764], [12.422974, 41.8570835], [12.4223705, 41.8569583], [12.4222371, 41.8569219], [12.4219429, 41.8568137], [12.4218673, 41.8567801], [12.4218009, 41.8567465], [12.4217562, 41.8567143], [12.4217177, 41.8566843], [12.4216507, 41.8566033], [12.4215538, 41.856483], [12.4214633, 41.8563673], [12.421182, 41.8564694], [12.4205444, 41.8567125], [12.4201781, 41.8566408], [12.4201551, 41.8566357], [12.4200773, 41.8566185]], [[12.4236941, 41.8572166], [12.4234956, 41.857193]]]}}, {"type": "Feature", "properties": {"id": "SS-ROM-8440", "nome": "Via Lamporecchio", "quartiere": "Municipio Roma XII", "classificazione": "giallo", "score": 3, "note": "strada urbana senza ciclabile (1 corsie)", "ciclabile": "no", "n_corsie": "1", "senso_unico": "si", "n_testimonianze": "0", "municipio": "XII"}, "geometry": {"type": "LineString", "coordinates": [[12.438282, 41.8497337], [12.4377286, 41.849626], [12.4372047, 41.8495293], [12.4360212, 41.8493136], [12.4358068, 41.8492726], [12.4357897, 41.8492693], [12.4357368, 41.8492553], [12.4356567, 41.849236]]}}, {"type": "Feature", "properties": {"id": "SS-ROM-8447", "nome": "Via Lanfranco Maroi", "quartiere": "Municipio Roma XII", "classificazione": "giallo", "score": 3, "note": "strada urbana senza ciclabile (1 corsie)", "ciclabile": "no", "n_corsie": "1", "senso_unico": "si", "n_testimonianze": "0", "municipio": "XII"}, "geometry": {"type": "MultiLineString", "coordinates": [[[12.420013, 41.844625], [12.420316, 41.8445627], [12.4204653, 41.8445292], [12.4206224, 41.8444873]], [[12.4207368, 41.8449835], [12.4207475, 41.8449319], [12.4207485, 41.8448932], [12.4207443, 41.8448478], [12.4207341, 41.8448041], [12.4207204, 41.8447599], [12.4207015, 41.8447261], [12.4206705, 41.8446866], [12.4206297, 41.8446377]], [[12.4209812, 41.84466], [12.4209271, 41.8446735], [12.4208987, 41.8446773], [12.4208697, 41.8446798], [12.4208342, 41.8446805], [12.4208033, 41.8446774], [12.4207655, 41.8446715], [12.4207316, 41.8446639], [12.4206773, 41.844651], [12.4206297, 41.8446377]], [[12.4206224, 41.8444873], [12.42069, 41.8444768], [12.4207403, 41.8444766], [12.4207855, 41.8444824], [12.4208226, 41.8444909], [12.4208526, 41.8445036], [12.4208836, 41.8445238], [12.4209136, 41.844548], [12.4209384, 41.8445753], [12.4209599, 41.8445996], [12.4209736, 41.8446282], [12.4209812, 41.84466]], [[12.4206297, 41.8446377], [12.4206048, 41.8446245], [12.4205904, 41.844612], [12.4205807, 41.8446011], [12.420573, 41.8445866], [12.4205682, 41.8445718], [12.4205663, 41.8445568], [12.4205687, 41.8445421], [12.4205763, 41.8445284], [12.4205876, 41.8445167], [12.4206016, 41.8445025], [12.4206224, 41.8444873]], [[12.4139056, 41.8458269], [12.4150184, 41.8459584], [12.4158496, 41.8460563], [12.4160457, 41.8460794]], [[12.4131951, 41.8459372], [12.4132043, 41.8458918], [12.4132136, 41.8458586], [12.4132246, 41.8458373], [12.4132376, 41.8458175], [12.4132601, 41.8457949], [12.4132944, 41.8457745], [12.4133301, 41.8457605], [12.4133657, 41.845752], [12.4134117, 41.845744]], [[12.413576, 41.8459293], [12.413344, 41.8459663], [12.4132944, 41.8459734], [12.4132343, 41.8459793]], [[12.4139056, 41.8458269], [12.4138264, 41.8458421], [12.41377, 41.8458524], [12.4137162, 41.8458667], [12.4136549, 41.8458907], [12.4136175, 41.8459085], [12.413576, 41.8459293]], [[12.4129022, 41.8456484], [12.4129956, 41.8456831], [12.4130411, 41.8456958], [12.4130893, 41.8457046], [12.413177, 41.8457181], [12.4132555, 41.8457285], [12.4134117, 41.845744]], [[12.4206297, 41.8446377], [12.4205737, 41.8446244], [12.4205335, 41.8446153], [12.4204785, 41.8446085], [12.4204227, 41.8446063], [12.4203652, 41.8446082], [12.4201669, 41.844623], [12.420013, 41.844625]], [[12.4206224, 41.8444873], [12.4207078, 41.8444501], [12.4207621, 41.8444257], [12.4208346, 41.8443841], [12.4208962, 41.8443434], [12.4209611, 41.844297], [12.4210144, 41.8442556], [12.4211186, 41.8441566], [12.421182, 41.844081], [12.4212271, 41.8440187], [12.4212709, 41.8439475], [12.4213226, 41.84385], [12.4213558, 41.8437743], [12.4213817, 41.8437086], [12.4214463, 41.8435598]], [[12.4134117, 41.845744], [12.4136721, 41.8457775], [12.4137265, 41.8457855], [12.4137728, 41.8457934], [12.4138041, 41.8458005], [12.4138333, 41.845809], [12.4139056, 41.8458269]], [[12.4160457, 41.8460794], [12.4165368, 41.8461131], [12.4167634, 41.8461031], [12.4169214, 41.8460586], [12.417013, 41.8460162], [12.4171311, 41.8459422], [12.4172277, 41.8458512], [12.417298, 41.8457336], [12.4173254, 41.8456664], [12.4173382, 41.845564], [12.4173143, 41.8454491], [12.4172324, 41.8452366], [12.4170707, 41.8449823], [12.4169158, 41.8447429], [12.4167462, 41.8444705], [12.4166576, 41.8443297], [12.4166254, 41.8442786], [12.4164785, 41.8440378], [12.4163898, 41.8438254], [12.4163815, 41.8435636], [12.4164641, 41.8433566], [12.4165421, 41.8432288], [12.4167081, 41.8430746], [12.4168809, 41.8429716], [12.417037, 41.8429023], [12.4172959, 41.8428301], [12.4175179, 41.8428104], [12.4177966, 41.8428322], [12.4179928, 41.8428674], [12.4182001, 41.8429554], [12.4183795, 41.8430766], [12.4185193, 41.8432085], [12.418625, 41.8433638], [12.4190795, 41.8441066], [12.4191786, 41.8442643], [12.4192215, 41.8443198], [12.4192501, 41.8443509], [12.4192858, 41.8443827], [12.4193205, 41.8444114], [12.4193636, 41.8444417], [12.4194074, 41.8444693], [12.4194594, 41.8444987], [12.4195463, 41.8445354], [12.4196299, 41.8445675]], [[12.4196299, 41.8445675], [12.419725, 41.8445935], [12.4197982, 41.8446063], [12.4198786, 41.8446116], [12.420013, 41.844625]], [[12.413576, 41.8459293], [12.4135438, 41.8459657], [12.4135211, 41.8460028], [12.4135072, 41.8460327], [12.4134899, 41.84608], [12.4134726, 41.8461378], [12.4134405, 41.8462322]]]}}, {"type": "Feature", "properties": {"id": "SS-ROM-8463", "nome": "Via Lastra a Signa", "quartiere": "Municipio Roma XII", "classificazione": "giallo", "score": 3, "note": "strada urbana senza ciclabile", "ciclabile": "no", "n_corsie": "2", "senso_unico": "no", "n_testimonianze": "0", "municipio": "XII"}, "geometry": {"type": "MultiLineString", "coordinates": [[[12.4294681, 41.8378342], [12.4305491, 41.838155]], [[12.4305491, 41.838155], [12.4306188, 41.8381706], [12.4310717, 41.8382721], [12.43121, 41.8382907], [12.4313173, 41.8382956], [12.4314254, 41.838285], [12.4314766, 41.8382719], [12.4315315, 41.8382466], [12.4315811, 41.8382153], [12.4317605, 41.8380694], [12.4319113, 41.8379092]]]}}, {"type": "Feature", "properties": {"id": "SS-ROM-8499", "nome": "Via Lenin", "quartiere": "Municipio Roma XII", "classificazione": "giallo", "score": 3, "note": "strada urbana senza ciclabile (2 corsie)", "ciclabile": "no", "n_corsie": "2", "senso_unico": "no", "n_testimonianze": "0", "municipio": "XII"}, "geometry": {"type": "MultiLineString", "coordinates": [[[12.6830342, 41.7034576], [12.6832627, 41.7031461], [12.6833762, 41.7029914], [12.6834045, 41.7029547], [12.6834406, 41.7029121], [12.6834861, 41.7028615], [12.6835211, 41.7028225], [12.6835655, 41.7027755], [12.6836104, 41.7027314], [12.6836529, 41.7026923], [12.6836988, 41.7026529], [12.6837341, 41.7026245], [12.6837762, 41.7025915], [12.6838251, 41.702557], [12.6838591, 41.7025357], [12.6838914, 41.7025173], [12.6839103, 41.7025068], [12.6839452, 41.7024888], [12.6839805, 41.7024711], [12.6840252, 41.7024491], [12.6840703, 41.7024272], [12.684102, 41.7024128], [12.6841313, 41.7023999], [12.6843676, 41.7023], [12.6845532, 41.7022216], [12.6846054, 41.702201], [12.6846536, 41.7021824], [12.6847062, 41.7021648], [12.6847547, 41.7021491], [12.6848492, 41.7021219], [12.6848961, 41.7021098], [12.6849425, 41.7021002], [12.6849842, 41.7020933], [12.6850232, 41.7020884], [12.6850725, 41.7020854], [12.6851191, 41.7020844], [12.6851616, 41.7020853], [12.6852017, 41.7020883], [12.6865385, 41.7022593], [12.6869594, 41.7023048], [12.6869941, 41.7023073], [12.6870343, 41.7023092], [12.6870677, 41.702309], [12.6871386, 41.7023038], [12.6872021, 41.7022939], [12.6872359, 41.7022864], [12.6872642, 41.7022789], [12.6872958, 41.7022706], [12.6882368, 41.7019705]], [[12.4461285, 41.8489409], [12.4462158, 41.8489672], [12.4463719, 41.8490158], [12.4469382, 41.8491867], [12.4479288, 41.8494925], [12.4479848, 41.8495094], [12.4480743, 41.8495365]], [[12.448445, 41.8496515], [12.4485468, 41.8496824]], [[12.4480743, 41.8495365], [12.4482742, 41.8495976], [12.448445, 41.8496515]], [[12.448445, 41.8496515], [12.4484165, 41.8497151], [12.4484002, 41.8497517]], [[12.4481055, 41.8497167], [12.4479971, 41.8496863]], [[12.4479971, 41.8496863], [12.4480217, 41.8496372]], [[12.4484002, 41.8497517], [12.4482514, 41.8497051], [12.4481409, 41.8496706]], [[12.4483731, 41.8497895], [12.4482257, 41.8497494], [12.4481055, 41.8497167]], [[12.4481409, 41.8496706], [12.4480217, 41.8496372]], [[12.4484002, 41.8497517], [12.4483731, 41.8497895]], [[12.4480217, 41.8496372], [12.4480425, 41.8495975], [12.4480743, 41.8495365]], [[12.4480731, 41.8497671], [12.4479741, 41.8497421], [12.4479971, 41.8496863]], [[12.4483731, 41.8497895], [12.4483244, 41.8498124], [12.4481978, 41.8497998], [12.4480731, 41.8497671]], [[12.4485468, 41.8496824], [12.4486162, 41.8496861], [12.4486665, 41.8496866], [12.448696, 41.8496861], [12.4487342, 41.8496811], [12.4487707, 41.8496719], [12.4488109, 41.8496589]], [[12.4486155, 41.8501101], [12.4486282, 41.8499608], [12.4486443, 41.8498619], [12.4486403, 41.8498275], [12.4486349, 41.8497995], [12.4486276, 41.8497755], [12.4486162, 41.849758], [12.4485934, 41.8497321], [12.4485468, 41.8496824]]]}}, {"type": "Feature", "properties": {"id": "SS-ROM-8514", "nome": "Via Leonardo Fibonacci", "quartiere": "Municipio Roma XII", "classificazione": "giallo", "score": 3, "note": "strada urbana senza ciclabile", "ciclabile": "no", "n_corsie": "2", "senso_unico": "no", "n_testimonianze": "0", "municipio": "XII"}, "geometry": {"type": "MultiLineString", "coordinates": [[[12.3672319, 41.8676582], [12.3669835, 41.8675801], [12.3667015, 41.8674883], [12.3661956, 41.8673263], [12.3659615, 41.8672407], [12.3659181, 41.8672263], [12.3658799, 41.8672147], [12.3658403, 41.867204], [12.3657506, 41.8671867], [12.3656835, 41.8671779], [12.3656191, 41.867173], [12.3655464, 41.8671703], [12.3654764, 41.8671717], [12.3654045, 41.8671791], [12.3653604, 41.8671872], [12.3653218, 41.8671954], [12.3652823, 41.8672062], [12.3652455, 41.8672171], [12.3652013, 41.8672344], [12.3651625, 41.8672518], [12.3651267, 41.8672731], [12.3650936, 41.8672945], [12.3650639, 41.8673179], [12.3650341, 41.8673452], [12.364998, 41.8673853], [12.3649619, 41.8674293], [12.3649365, 41.8674714], [12.3649138, 41.8675174], [12.3648347, 41.8677373], [12.3648243, 41.8677636], [12.3648112, 41.86779], [12.3647981, 41.8678123], [12.3647823, 41.8678356], [12.3647659, 41.867857], [12.3647468, 41.8678793], [12.364727, 41.8678997], [12.3647005, 41.867922], [12.3646756, 41.8679395], [12.3646508, 41.867955], [12.3646171, 41.8679731], [12.3645905, 41.8679859], [12.3645591, 41.8679989], [12.3645382, 41.8680069], [12.3644872, 41.8680239], [12.3644564, 41.8680319], [12.3644215, 41.8680389], [12.3643665, 41.8680469], [12.3643035, 41.8680529], [12.3642753, 41.8680544], [12.3642445, 41.8680554], [12.3642067, 41.8680547], [12.3641604, 41.8680527], [12.3641171, 41.8680489], [12.3640819, 41.8680447], [12.3640386, 41.8680379], [12.3639875, 41.8680262], [12.3639411, 41.8680135], [12.3639008, 41.8679982], [12.3638806, 41.8679889], [12.3638597, 41.867978], [12.3638329, 41.8679629], [12.3638054, 41.8679462], [12.3637504, 41.8679094], [12.3637041, 41.8678696], [12.3636827, 41.867849], [12.3636639, 41.8678273], [12.3636471, 41.867804], [12.363633, 41.8677798], [12.3636206, 41.8677547], [12.3636083, 41.8677272], [12.363592, 41.8676812], [12.363584, 41.8676524], [12.3635781, 41.8676231], [12.3635724, 41.8675852], [12.3635483, 41.8673383], [12.3635421, 41.8672904], [12.3635351, 41.8672553], [12.3635268, 41.8672233], [12.3635145, 41.8671883], [12.3635036, 41.8671616], [12.3634908, 41.8671343], [12.3634768, 41.8671074], [12.3634433, 41.8670557], [12.3633489, 41.8669398], [12.3633094, 41.8668847], [12.3632773, 41.8668337], [12.3632506, 41.8667827], [12.3632279, 41.8667301], [12.3632106, 41.8666796], [12.363199, 41.8666324], [12.3631928, 41.8665822], [12.3631892, 41.8665281], [12.3631884, 41.8664769], [12.3632011, 41.8663822], [12.3632073, 41.8663609], [12.3632148, 41.8663408], [12.3632264, 41.8663156], [12.363242, 41.8662894], [12.3632622, 41.8662581], [12.3632865, 41.8662258], [12.3632984, 41.8662114], [12.3633149, 41.8661934], [12.3634089, 41.8661021], [12.3634335, 41.8660797], [12.3634675, 41.8660512], [12.3635056, 41.8660228], [12.3635413, 41.8659982], [12.3635811, 41.8659737], [12.3636101, 41.8659576], [12.3637747, 41.8658758], [12.3639278, 41.8658057], [12.3639651, 41.8657894], [12.3640379, 41.8657589], [12.364104, 41.8657313], [12.3641619, 41.865709], [12.3642132, 41.8656896], [12.3642472, 41.8656776], [12.3642694, 41.8656705], [12.3642808, 41.8656665], [12.3642958, 41.8656609], [12.3643279, 41.8656478], [12.364391, 41.8656211], [12.3644394, 41.8655975], [12.364481, 41.8655759], [12.3644983, 41.8655659], [12.3645133, 41.8655565], [12.3646234, 41.8654835], [12.3646388, 41.865472], [12.3646515, 41.8654613], [12.3646774, 41.865438], [12.3647007, 41.8654156], [12.364727, 41.8653858], [12.3647507, 41.865357], [12.3647604, 41.8653442], [12.3647689, 41.8653313], [12.36478, 41.8653131], [12.3647894, 41.865296], [12.3647977, 41.865279], [12.3648074, 41.8652565], [12.3648157, 41.865236], [12.3648235, 41.8652132], [12.36483, 41.8651925], [12.3648344, 41.8651749], [12.3648382, 41.8651538], [12.364841, 41.8651321], [12.3648537, 41.8649911], [12.3648538, 41.8649648], [12.364852, 41.8649425], [12.3648453, 41.8649131], [12.3648373, 41.8648914], [12.3648263, 41.8648652], [12.3647917, 41.8647865], [12.3647617, 41.8647364], [12.3647345, 41.8646963], [12.3647197, 41.8646771], [12.3646976, 41.8646539], [12.3646786, 41.8646371], [12.3644209, 41.8644496], [12.3643974, 41.8644325], [12.3638434, 41.8640809], [12.3632191, 41.863664], [12.3626612, 41.8632762], [12.3623439, 41.8630706], [12.361919, 41.8627111], [12.3617581, 41.8625228], [12.3616859, 41.8624297]], [[12.3616859, 41.8624297], [12.3615129, 41.8625688], [12.3604456, 41.8634272], [12.3593842, 41.8643504]]]}}, {"type": "Feature", "properties": {"id": "SS-ROM-8579", "nome": "Via Licciana Nardi", "quartiere": "Municipio Roma XII", "classificazione": "giallo", "score": 3, "note": "strada urbana senza ciclabile (1 corsie)", "ciclabile": "no", "n_corsie": "1", "senso_unico": "si", "n_testimonianze": "0", "municipio": "XII"}, "geometry": {"type": "LineString", "coordinates": [[12.435851, 41.8483881], [12.435926, 41.8484015], [12.4360077, 41.8484197], [12.436418, 41.8485111], [12.436589, 41.8484275], [12.436668, 41.8483959], [12.4367454, 41.8483775], [12.4368258, 41.8483792], [12.4369101, 41.848398], [12.436953, 41.8484151], [12.4369927, 41.8484435], [12.4370509, 41.8485285], [12.437136, 41.8486607], [12.4373756, 41.8486995], [12.4374898, 41.8486305], [12.437601, 41.8485908], [12.4376614, 41.8485805], [12.4377324, 41.8485822], [12.4378584, 41.8486035], [12.4385809, 41.8487479], [12.438687, 41.8487689]]}}, {"type": "Feature", "properties": {"id": "SS-ROM-8606", "nome": "Via Lina Bo Bardi", "quartiere": "Municipio Roma XII", "classificazione": "giallo", "score": 3, "note": "strada urbana senza ciclabile", "ciclabile": "no", "n_corsie": "2", "senso_unico": "si", "n_testimonianze": "0", "municipio": "XII"}, "geometry": {"type": "MultiLineString", "coordinates": [[[12.4059069, 41.8778401], [12.4049989, 41.87731], [12.4046032, 41.8771163], [12.404171, 41.8769046], [12.4038494, 41.8766898], [12.403283, 41.8761161], [12.4030865, 41.8759305], [12.4030226, 41.8758394], [12.4030155, 41.8757746], [12.4030647, 41.8755556]], [[12.4064945, 41.8782934], [12.4064074, 41.8781636]], [[12.4064074, 41.8781636], [12.406526, 41.8781872], [12.4066045, 41.8782028]], [[12.4064074, 41.8781636], [12.4059917, 41.8778923], [12.4059069, 41.8778401]]]}}, {"type": "Feature", "properties": {"id": "SS-ROM-8641", "nome": "Via Livio Mariani", "quartiere": "Municipio Roma XII", "classificazione": "giallo", "score": 3, "note": "strada urbana senza ciclabile (1 corsie)", "ciclabile": "no", "n_corsie": "1", "senso_unico": "si", "n_testimonianze": "0", "municipio": "XII"}, "geometry": {"type": "LineString", "coordinates": [[12.4475899, 41.8537893], [12.4477171, 41.8538102], [12.4493066, 41.8541019], [12.4493448, 41.8541089]]}}, {"type": "Feature", "properties": {"id": "SS-ROM-8644", "nome": "Via Livio Tempesta", "quartiere": "Municipio Roma XII", "classificazione": "giallo", "score": 3, "note": "strada urbana senza ciclabile (1 corsie)", "ciclabile": "no", "n_corsie": "1", "senso_unico": "si", "n_testimonianze": "0", "municipio": "XII"}, "geometry": {"type": "LineString", "coordinates": [[12.445566, 41.8650958], [12.4455547, 41.8650351], [12.4454811, 41.8645749], [12.44544, 41.8642821], [12.4454239, 41.8641367], [12.4454293, 41.8640234], [12.445475, 41.8637367]]}}, {"type": "Feature", "properties": {"id": "SS-ROM-8692", "nome": "Via Lorenzo Rocci", "quartiere": "Municipio Roma XII", "classificazione": "giallo", "score": 3, "note": "strada urbana senza ciclabile (2 corsie)", "ciclabile": "no", "n_corsie": "2", "senso_unico": "no", "n_testimonianze": "0", "municipio": "XII"}, "geometry": {"type": "MultiLineString", "coordinates": [[[12.4405388, 41.8649047], [12.4406001, 41.864916], [12.4406716, 41.8649296], [12.4416237, 41.8651273], [12.4420032, 41.8652164], [12.4420606, 41.8652303]], [[12.4397674, 41.8615415], [12.439743, 41.8616031], [12.439707, 41.8616941], [12.4396476, 41.8617903], [12.439623, 41.861838], [12.4396007, 41.8618926], [12.439589, 41.861936], [12.4395831, 41.8619785], [12.4395838, 41.8620217], [12.4395893, 41.8620764], [12.4395949, 41.8621225], [12.4396463, 41.8623033], [12.4396948, 41.8625008], [12.439715, 41.8626131], [12.4397282, 41.8627366], [12.4397717, 41.8632751], [12.4397938, 41.8636072], [12.4397958, 41.8636344], [12.4398275, 41.8640661], [12.4398737, 41.8643778], [12.4398886, 41.8644386], [12.4399116, 41.8644976], [12.4399468, 41.8645549], [12.4399907, 41.8646167], [12.4400389, 41.8646751], [12.4400771, 41.864711], [12.440134, 41.8647512], [12.4401639, 41.8647696], [12.4402031, 41.8647897], [12.4402777, 41.86482], [12.4403751, 41.8648557], [12.4404246, 41.8648722], [12.4405388, 41.8649047]]]}}, {"type": "Feature", "properties": {"id": "SS-ROM-8696", "nome": "Via Lorenzo Vidaschi", "quartiere": "Municipio Roma XII", "classificazione": "giallo", "score": 3, "note": "strada urbana senza ciclabile (1 corsie)", "ciclabile": "no", "n_corsie": "1", "senso_unico": "si", "n_testimonianze": "0", "municipio": "XII"}, "geometry": {"type": "LineString", "coordinates": [[12.4518633, 41.8727547], [12.4517952, 41.8729387], [12.4516971, 41.8732092], [12.4516324, 41.8733873], [12.4516077, 41.8734507], [12.4515875, 41.8734816], [12.4515612, 41.8735171], [12.4515313, 41.8735478], [12.4514916, 41.8735792], [12.4514443, 41.8736112], [12.4514074, 41.8736322], [12.451359, 41.8736556], [12.4512682, 41.8736943], [12.4511643, 41.8737324], [12.4510573, 41.8737682], [12.4509748, 41.8737925], [12.4509007, 41.8738105], [12.4508404, 41.873822], [12.4507456, 41.8738378], [12.4506509, 41.8738496], [12.4504588, 41.8738646], [12.4503468, 41.873869], [12.4502347, 41.8738714], [12.450102, 41.8738772], [12.4499632, 41.8738804], [12.449854, 41.8738846], [12.4497693, 41.873881], [12.4496952, 41.8738752], [12.4480348, 41.8737878], [12.4479516, 41.8737834]]}}, {"type": "Feature", "properties": {"id": "SS-ROM-8710", "nome": "Via Luca Beltrami", "quartiere": "Municipio Roma XII", "classificazione": "giallo", "score": 3, "note": "strada urbana senza ciclabile (1 corsie)", "ciclabile": "no", "n_corsie": "1", "senso_unico": "si", "n_testimonianze": "0", "municipio": "XII"}, "geometry": {"type": "LineString", "coordinates": [[12.4096794, 41.868449], [12.4095699, 41.8685013], [12.4094126, 41.8685786], [12.4092437, 41.8686532]]}}, {"type": "Feature", "properties": {"id": "SS-ROM-8728", "nome": "Via Lucia Guerrini", "quartiere": "Municipio Roma XII", "classificazione": "giallo", "score": 3, "note": "strada urbana senza ciclabile", "ciclabile": "no", "n_corsie": "2", "senso_unico": "no", "n_testimonianze": "0", "municipio": "XII"}, "geometry": {"type": "LineString", "coordinates": [[12.4289994, 41.8770643], [12.4290232, 41.8768649], [12.4298613, 41.8763817], [12.4308574, 41.8757687]]}}, {"type": "Feature", "properties": {"id": "SS-ROM-8772", "nome": "Via Ludovica Albertoni", "quartiere": "Municipio Roma XII", "classificazione": "giallo", "score": 3, "note": "strada urbana senza ciclabile (2 corsie)", "ciclabile": "no", "n_corsie": "2", "senso_unico": "si", "n_testimonianze": "0", "municipio": "XII"}, "geometry": {"type": "MultiLineString", "coordinates": [[[12.4422942, 41.8796403], [12.4425046, 41.879508], [12.4425631, 41.8794694], [12.4426154, 41.8794323], [12.4428294, 41.8792698], [12.4436156, 41.8786771], [12.4436533, 41.8786508], [12.4436677, 41.8786391], [12.4437303, 41.8785922]], [[12.4437303, 41.8785922], [12.4437941, 41.8785468], [12.4450106, 41.87762], [12.4458173, 41.877008], [12.4458688, 41.8769689]]]}}, {"type": "Feature", "properties": {"id": "SS-ROM-8807", "nome": "Via Luigi Arati", "quartiere": "Municipio Roma XII", "classificazione": "giallo", "score": 3, "note": "strada urbana senza ciclabile (2 corsie)", "ciclabile": "no", "n_corsie": "2", "senso_unico": "si", "n_testimonianze": "0", "municipio": "XII"}, "geometry": {"type": "MultiLineString", "coordinates": [[[12.4397923, 41.8727856], [12.4399188, 41.8727655]], [[12.441975, 41.8724554], [12.4420777, 41.8724394], [12.4421565, 41.8724274], [12.4422315, 41.8724204], [12.4423036, 41.8724173], [12.442369, 41.8724154], [12.4426945, 41.8724121], [12.4430797, 41.8724091], [12.4431681, 41.8724083]], [[12.4399188, 41.8727655], [12.440078, 41.872739], [12.440415, 41.8726869], [12.4405559, 41.8726655], [12.4410466, 41.8725958], [12.4418984, 41.8724662], [12.441975, 41.8724554]]]}}, {"type": "Feature", "properties": {"id": "SS-ROM-8818", "nome": "Via Luigi Bianchi", "quartiere": "Municipio Roma XII", "classificazione": "giallo", "score": 3, "note": "strada urbana senza ciclabile", "ciclabile": "no", "n_corsie": "2", "senso_unico": "no", "n_testimonianze": "0", "municipio": "XII"}, "geometry": {"type": "LineString", "coordinates": [[12.3706045, 41.8716944], [12.369847, 41.8715445], [12.3697393, 41.8715232]]}}, {"type": "Feature", "properties": {"id": "SS-ROM-8856", "nome": "Via Luigi Corti", "quartiere": "Municipio Roma XII", "classificazione": "giallo", "score": 3, "note": "strada urbana senza ciclabile (1 corsie)", "ciclabile": "no", "n_corsie": "1", "senso_unico": "si", "n_testimonianze": "0", "municipio": "XII"}, "geometry": {"type": "MultiLineString", "coordinates": [[[12.4431299, 41.8551853], [12.4431092, 41.8551686], [12.4430802, 41.8551433], [12.4430513, 41.8551211], [12.4430178, 41.8550987], [12.4429807, 41.8550782], [12.4428052, 41.8549972], [12.4423141, 41.8547954]], [[12.4423141, 41.8547954], [12.4420721, 41.8546837], [12.4417982, 41.8545649], [12.4417333, 41.8545415], [12.4417039, 41.8545342], [12.4416684, 41.8545269], [12.4416233, 41.8545188], [12.4415658, 41.8545158], [12.4415143, 41.8545143], [12.4414647, 41.8545181], [12.4414039, 41.8545271], [12.4413693, 41.8545353], [12.4413378, 41.8545452], [12.4413108, 41.8545548], [12.4412737, 41.854573], [12.4412402, 41.8545917], [12.4412166, 41.8546075], [12.4411894, 41.8546295], [12.4411445, 41.8546754], [12.4411135, 41.8547187], [12.4410825, 41.8547769], [12.4409724, 41.854998], [12.4408549, 41.8552376], [12.4407414, 41.8554738], [12.4407225, 41.8555021], [12.4407058, 41.8555192], [12.440683, 41.8555356], [12.4406598, 41.8555484], [12.4406334, 41.85556], [12.4406088, 41.855569], [12.4405703, 41.8555768], [12.4405134, 41.8555786], [12.4403706, 41.8555704], [12.440287, 41.8555654]]]}}, {"type": "Feature", "properties": {"id": "SS-ROM-8867", "nome": "Via Luigi Fera", "quartiere": "Municipio Roma XII", "classificazione": "giallo", "score": 3, "note": "strada urbana senza ciclabile", "ciclabile": "no", "n_corsie": "2", "senso_unico": "no", "n_testimonianze": "0", "municipio": "XII"}, "geometry": {"type": "LineString", "coordinates": [[12.4406059, 41.8449708], [12.4406515, 41.8449955], [12.4406944, 41.8450178], [12.4407348, 41.8450311], [12.4407789, 41.8450387], [12.4414216, 41.8450467], [12.4415809, 41.845047], [12.4416675, 41.8450536], [12.4417299, 41.8450603], [12.4417829, 41.8450735], [12.4418146, 41.8450856], [12.4418884, 41.845115], [12.442016, 41.8451771], [12.4421397, 41.8452457], [12.4422156, 41.8453066], [12.4422472, 41.8453476], [12.4422904, 41.8454302], [12.4423121, 41.8455208], [12.4422942, 41.8456247], [12.4422603, 41.8457286], [12.4422382, 41.8457762], [12.4422, 41.8458278], [12.4421484, 41.8458749], [12.4420753, 41.8459141], [12.4420093, 41.8459352], [12.441938, 41.8459524], [12.4418489, 41.8459568], [12.4417544, 41.8459493]]}}, {"type": "Feature", "properties": {"id": "SS-ROM-8878", "nome": "Via Luigi Gasparotto", "quartiere": "Municipio Roma XII", "classificazione": "giallo", "score": 3, "note": "strada urbana senza ciclabile", "ciclabile": "no", "n_corsie": "2", "senso_unico": "si", "n_testimonianze": "0", "municipio": "XII"}, "geometry": {"type": "LineString", "coordinates": [[12.4401918, 41.8435534], [12.4404733, 41.8436336], [12.4406362, 41.8436752], [12.4407551, 41.8437015], [12.4408766, 41.8437237], [12.4411251, 41.8437622], [12.4412936, 41.8437766], [12.4414092, 41.843782], [12.4414849, 41.843785]]}}, {"type": "Feature", "properties": {"id": "SS-ROM-8887", "nome": "Via Luigi Kossuth", "quartiere": "Municipio Roma XII", "classificazione": "giallo", "score": 3, "note": "strada urbana senza ciclabile (1 corsie)", "ciclabile": "no", "n_corsie": "1", "senso_unico": "si", "n_testimonianze": "0", "municipio": "XII"}, "geometry": {"type": "MultiLineString", "coordinates": [[[12.4440643, 41.8548517], [12.4440983, 41.8548246], [12.4441457, 41.8547755], [12.444246, 41.8546652], [12.4449126, 41.853832], [12.4449546, 41.8537845]], [[12.443673, 41.8548072], [12.4438022, 41.854841], [12.4438677, 41.8548604], [12.4438987, 41.8548671], [12.4439375, 41.8548738], [12.4439729, 41.8548757], [12.4439991, 41.8548724], [12.4440325, 41.8548644], [12.4440643, 41.8548517], [12.4440473, 41.8548867], [12.444041, 41.8549114], [12.4440405, 41.8549261], [12.4440431, 41.8549419], [12.4440457, 41.8549517], [12.4440515, 41.8549741], [12.4440854, 41.8550463]], [[12.4462861, 41.8530216], [12.4456757, 41.8531344], [12.4455925, 41.8531538], [12.4455266, 41.8531807], [12.4454822, 41.8532044], [12.4454499, 41.853223], [12.4454168, 41.8532466], [12.4453733, 41.85328], [12.4453381, 41.8533137], [12.4452747, 41.8533894], [12.4450223, 41.8537044], [12.4449546, 41.8537845]]]}}, {"type": "Feature", "properties": {"id": "SS-ROM-8895", "nome": "Via Luigi Lotti", "quartiere": "Municipio Roma XII", "classificazione": "giallo", "score": 3, "note": "strada urbana senza ciclabile", "ciclabile": "no", "n_corsie": "2", "senso_unico": "no", "n_testimonianze": "0", "municipio": "XII"}, "geometry": {"type": "LineString", "coordinates": [[12.3585816, 41.8779054], [12.3600407, 41.87706]]}}, {"type": "Feature", "properties": {"id": "SS-ROM-8901", "nome": "Via Luigi Maino", "quartiere": "Municipio Roma XII", "classificazione": "giallo", "score": 3, "note": "strada urbana senza ciclabile", "ciclabile": "no", "n_corsie": "2", "senso_unico": "si", "n_testimonianze": "0", "municipio": "XII"}, "geometry": {"type": "LineString", "coordinates": [[12.441576, 41.8424419], [12.4406798, 41.8423862]]}}, {"type": "Feature", "properties": {"id": "SS-ROM-8917", "nome": "Via Luigi Pagliani", "quartiere": "Municipio Roma XII", "classificazione": "giallo", "score": 3, "note": "strada urbana senza ciclabile", "ciclabile": "no", "n_corsie": "2", "senso_unico": "no", "n_testimonianze": "0", "municipio": "XII"}, "geometry": {"type": "LineString", "coordinates": [[12.3600805, 41.8730266], [12.3617107, 41.8731816]]}}, {"type": "Feature", "properties": {"id": "SS-ROM-8941", "nome": "Via Luigi Ronzoni", "quartiere": "Municipio Roma XII", "classificazione": "giallo", "score": 3, "note": "strada urbana senza ciclabile (2 corsie)", "ciclabile": "no", "n_corsie": "2", "senso_unico": "si", "n_testimonianze": "0", "municipio": "XII"}, "geometry": {"type": "MultiLineString", "coordinates": [[[12.449014, 41.8666667], [12.4486714, 41.8666678], [12.4485819, 41.8666666]], [[12.4440492, 41.8666356], [12.4441358, 41.8666364], [12.4448831, 41.866632], [12.444969, 41.8666314], [12.4457086, 41.8666397], [12.4464871, 41.8666519], [12.4465677, 41.866654], [12.446657, 41.866654], [12.4479741, 41.8666604], [12.4484693, 41.8666639], [12.4485819, 41.8666666]]]}}, {"type": "Feature", "properties": {"id": "SS-ROM-8973", "nome": "Via Luigi Zambarelli", "quartiere": "Municipio Roma XII", "classificazione": "giallo", "score": 3, "note": "strada urbana senza ciclabile (2 corsie)", "ciclabile": "no", "n_corsie": "2", "senso_unico": "si", "n_testimonianze": "0", "municipio": "XII"}, "geometry": {"type": "MultiLineString", "coordinates": [[[12.4452994, 41.8763302], [12.4454183, 41.8764893], [12.445458, 41.8765394], [12.4458688, 41.8769689]], [[12.684216, 41.811741], [12.6842662, 41.8115857], [12.6842716, 41.8114336], [12.6841324, 41.8108641], [12.6841341, 41.8106643], [12.6841363, 41.8106392], [12.6841419, 41.810589], [12.6842994, 41.8096969]], [[12.6851244, 41.8088486], [12.6850007, 41.8088711], [12.6848823, 41.8088956], [12.6847711, 41.8089218], [12.6847206, 41.8089362], [12.6846678, 41.8089536], [12.6846363, 41.8089675], [12.6846025, 41.8089844], [12.6845715, 41.809003], [12.6845084, 41.8090585], [12.6844542, 41.8091207], [12.684426, 41.8091877], [12.6843833, 41.8093043], [12.6842994, 41.8096969]], [[12.4460505, 41.8771084], [12.4460887, 41.877135], [12.4461412, 41.8771718], [12.446303, 41.8773196], [12.4463532, 41.8773654], [12.4465223, 41.8775312], [12.4468062, 41.8778124], [12.4470764, 41.8780772], [12.4471501, 41.8781521]], [[12.4452994, 41.8763302], [12.4453658, 41.876332], [12.4454211, 41.8763586], [12.4454881, 41.8764157], [12.4455648, 41.8764834], [12.4458251, 41.876713], [12.4459649, 41.8768493], [12.4460786, 41.8769756], [12.4460923, 41.8769991], [12.4460997, 41.877025], [12.4461147, 41.8770812], [12.4461412, 41.8771718]], [[12.4458688, 41.8769689], [12.4460505, 41.8771084]], [[12.4450142, 41.8760405], [12.4450978, 41.8761176], [12.4451309, 41.8761525], [12.4452994, 41.8763302]]]}}, {"type": "Feature", "properties": {"id": "SS-ROM-9013", "nome": "Via Maddalena Raineri", "quartiere": "Municipio Roma XII", "classificazione": "giallo", "score": 3, "note": "strada urbana senza ciclabile (2 corsie)", "ciclabile": "no", "n_corsie": "2", "senso_unico": "no", "n_testimonianze": "0", "municipio": "XII"}, "geometry": {"type": "MultiLineString", "coordinates": [[[12.4399662, 41.8735422], [12.4401364, 41.8735175]], [[12.4401364, 41.8735175], [12.4402654, 41.8734992], [12.4407646, 41.8734359], [12.4408796, 41.8734237], [12.4412278, 41.8733769], [12.441267, 41.8733768], [12.4412898, 41.873382], [12.4413069, 41.8733984], [12.4413193, 41.8734201], [12.4414813, 41.8739763], [12.4415087, 41.8739947], [12.4415426, 41.8739979], [12.4422788, 41.8738848], [12.4422877, 41.8738832], [12.4423566, 41.8738712]]]}}, {"type": "Feature", "properties": {"id": "SS-ROM-9014", "nome": "Via Maddalena di Canossa", "quartiere": "Municipio Roma XII", "classificazione": "giallo", "score": 3, "note": "strada urbana senza ciclabile (1 corsie)", "ciclabile": "no", "n_corsie": "1", "senso_unico": "si", "n_testimonianze": "0", "municipio": "XII"}, "geometry": {"type": "MultiLineString", "coordinates": [[[12.4454568, 41.8689284], [12.4458999, 41.8689332], [12.4459839, 41.8689349], [12.4460344, 41.8689359]], [[12.4454568, 41.8689284], [12.4449168, 41.8689339]]]}}, {"type": "Feature", "properties": {"id": "SS-ROM-9071", "nome": "Via Manciano", "quartiere": "Municipio Roma XII", "classificazione": "giallo", "score": 3, "note": "strada urbana senza ciclabile", "ciclabile": "no", "n_corsie": "2", "senso_unico": "no", "n_testimonianze": "0", "municipio": "XII"}, "geometry": {"type": "LineString", "coordinates": [[12.4213255, 41.8364064], [12.4212796, 41.8364091], [12.4198768, 41.8365162], [12.4198516, 41.8365892]]}}, {"type": "Feature", "properties": {"id": "SS-ROM-9079", "nome": "Via Manfredi Porena", "quartiere": "Municipio Roma XII", "classificazione": "giallo", "score": 3, "note": "strada urbana senza ciclabile", "ciclabile": "no", "n_corsie": "2", "senso_unico": "no", "n_testimonianze": "0", "municipio": "XII"}, "geometry": {"type": "LineString", "coordinates": [[12.3627008, 41.8792498], [12.3607693, 41.8784646]]}}, {"type": "Feature", "properties": {"id": "SS-ROM-9134", "nome": "Via Marcello Piacentini", "quartiere": "Municipio Roma XII", "classificazione": "giallo", "score": 3, "note": "strada urbana senza ciclabile", "ciclabile": "no", "n_corsie": "2", "senso_unico": "si", "n_testimonianze": "0", "municipio": "XII"}, "geometry": {"type": "MultiLineString", "coordinates": [[[12.4090161, 41.870858], [12.4090391, 41.8708313], [12.4090669, 41.8708023], [12.4091047, 41.8707679], [12.4091334, 41.8707468], [12.4091665, 41.8707218], [12.4092102, 41.8706936], [12.4092361, 41.8706781], [12.4092654, 41.8706627], [12.4092918, 41.8706507], [12.4093217, 41.8706388], [12.4093689, 41.8706207], [12.4094189, 41.8706042], [12.409473, 41.8705931], [12.4095202, 41.8705832], [12.4095794, 41.8705726], [12.4096483, 41.870562], [12.4098575, 41.8705301], [12.4099691, 41.8705097], [12.4100717, 41.8704892], [12.4101647, 41.8704682], [12.4102161, 41.8704543], [12.4102674, 41.8704405], [12.4103686, 41.8704108], [12.4104592, 41.8703823], [12.4105218, 41.8703602], [12.4105791, 41.8703394], [12.4106372, 41.8703173], [12.4106918, 41.8702952], [12.4107821, 41.8702583], [12.4108831, 41.8702148], [12.4109786, 41.8701706], [12.4110627, 41.8701277], [12.4111514, 41.8700783], [12.4111944, 41.8700523], [12.4112304, 41.870029], [12.4112889, 41.8699885], [12.4113421, 41.869948], [12.4113916, 41.869903], [12.4114403, 41.8698587], [12.4114819, 41.8698151], [12.4115226, 41.8697707], [12.4115444, 41.8697442], [12.4115633, 41.8697181], [12.4115765, 41.8696947]], [[12.4123276, 41.8693596], [12.4122342, 41.8693333], [12.4121998, 41.8693256], [12.4121593, 41.869318], [12.4121319, 41.8693132], [12.4120998, 41.8693099], [12.4120756, 41.8693084], [12.4120528, 41.8693085], [12.4120368, 41.8693097], [12.4120145, 41.8693129], [12.4119931, 41.8693174], [12.4119551, 41.8693284], [12.4119408, 41.8693339], [12.4119248, 41.8693408], [12.4119125, 41.869347], [12.4118985, 41.8693552], [12.4118827, 41.8693657], [12.4118677, 41.8693781], [12.4118547, 41.8693903], [12.4118462, 41.8694011], [12.4118355, 41.8694153], [12.4118284, 41.8694265], [12.4118212, 41.8694399], [12.4118148, 41.8694539], [12.4118084, 41.8694716], [12.4118021, 41.8694936], [12.4117984, 41.8695108], [12.411796, 41.8695309], [12.4117966, 41.8695534]], [[12.4116522, 41.869537], [12.4116765, 41.8694878], [12.4116895, 41.8694632], [12.4117025, 41.8694393], [12.4117232, 41.8694106], [12.4117386, 41.8693916], [12.4117553, 41.8693723], [12.4117916, 41.8693376], [12.4118392, 41.8692988], [12.4118799, 41.8692689], [12.4119266, 41.8692374], [12.4119767, 41.8692064], [12.4120674, 41.8691299], [12.4121072, 41.8690857], [12.4121944, 41.8689889], [12.4122387, 41.8689468]], [[12.4117966, 41.8695534], [12.4118127, 41.8695854], [12.4118288, 41.8696194], [12.4118344, 41.8696352], [12.4118381, 41.8696511], [12.4118389, 41.8696654], [12.4118369, 41.8696754], [12.411833, 41.8696872], [12.4118237, 41.8697002], [12.4118064, 41.86971], [12.4117901, 41.8697161], [12.4117764, 41.8697205], [12.4117591, 41.8697245], [12.4117384, 41.8697268], [12.4117144, 41.869727], [12.4116917, 41.8697258], [12.4116717, 41.8697237], [12.4116521, 41.8697203], [12.4116367, 41.8697172], [12.4116213, 41.8697128], [12.4116044, 41.8697064], [12.4115903, 41.8697004], [12.4115765, 41.8696947]], [[12.4089014, 41.8709588], [12.4089264, 41.87094], [12.4089462, 41.8709225], [12.4089814, 41.8708921], [12.4090161, 41.870858]], [[12.4115765, 41.8696947], [12.4115943, 41.8696507], [12.411613, 41.8696122], [12.4116336, 41.8695707], [12.4116522, 41.869537], [12.4116818, 41.8695343], [12.4117022, 41.869533], [12.4117243, 41.8695331], [12.4117427, 41.8695347], [12.4117575, 41.869537], [12.411772, 41.8695406], [12.4117854, 41.8695463], [12.4117966, 41.8695534]]]}}, {"type": "Feature", "properties": {"id": "SS-ROM-9171", "nome": "Via Marco Tullio Zanzucchi", "quartiere": "Municipio Roma XII", "classificazione": "giallo", "score": 3, "note": "strada urbana senza ciclabile", "ciclabile": "no", "n_corsie": "2", "senso_unico": "si", "n_testimonianze": "0", "municipio": "XII"}, "geometry": {"type": "MultiLineString", "coordinates": [[[12.4428568, 41.8432908], [12.4428943, 41.8432579], [12.4429544, 41.8431492], [12.4430999, 41.8429028], [12.4431898, 41.842733], [12.4432262, 41.8425889], [12.4431985, 41.8424239], [12.4430479, 41.8421049], [12.4429945, 41.8419649]], [[12.4431063, 41.841139], [12.443072, 41.8413225], [12.4430405, 41.8414546], [12.4429544, 41.8417808], [12.4429945, 41.8419649]]]}}, {"type": "Feature", "properties": {"id": "SS-ROM-9206", "nome": "Via Maria Pastori", "quartiere": "Municipio Roma XII", "classificazione": "giallo", "score": 3, "note": "strada urbana senza ciclabile", "ciclabile": "no", "n_corsie": "2", "senso_unico": "no", "n_testimonianze": "0", "municipio": "XII"}, "geometry": {"type": "LineString", "coordinates": [[12.3704833, 41.8720601], [12.3696053, 41.8718762]]}}, {"type": "Feature", "properties": {"id": "SS-ROM-9211", "nome": "Via Maria Saveria Sanzi", "quartiere": "Municipio Roma XII", "classificazione": "giallo", "score": 3, "note": "strada urbana senza ciclabile", "ciclabile": "no", "n_corsie": "2", "senso_unico": "no", "n_testimonianze": "0", "municipio": "XII"}, "geometry": {"type": "LineString", "coordinates": [[12.4417905, 41.8764122], [12.44295, 41.8762528], [12.4430357, 41.876241]]}}, {"type": "Feature", "properties": {"id": "SS-ROM-9226", "nome": "Via Mariella Taschini", "quartiere": "Municipio Roma XII", "classificazione": "blu", "score": 2, "note": "zona pedonale / living street", "ciclabile": "no", "n_corsie": "1", "senso_unico": "no", "n_testimonianze": "0", "municipio": "XII"}, "geometry": {"type": "LineString", "coordinates": [[12.4339826, 41.8754423], [12.4334555, 41.8747787]]}}, {"type": "Feature", "properties": {"id": "SS-ROM-9235", "nome": "Via Marino Mazzacurati", "quartiere": "Municipio Roma XII", "classificazione": "giallo", "score": 3, "note": "strada urbana senza ciclabile (1 corsie)", "ciclabile": "no", "n_corsie": "1", "senso_unico": "si", "n_testimonianze": "0", "municipio": "XII"}, "geometry": {"type": "MultiLineString", "coordinates": [[[12.4129907, 41.8494286], [12.4129681, 41.8494037], [12.4129415, 41.8493621], [12.4129199, 41.8493039], [12.4129054, 41.8492555], [12.4128936, 41.8491982], [12.4128807, 41.8491312], [12.4128699, 41.8490898], [12.4128509, 41.8490409], [12.4128324, 41.8490039], [12.4128098, 41.8489669], [12.4127589, 41.8488928]], [[12.4148865, 41.8539868], [12.4150259, 41.854276]], [[12.4130515, 41.8489149], [12.4130281, 41.8489586], [12.413013, 41.8489989], [12.4129985, 41.8490453], [12.4129902, 41.8490917], [12.4129848, 41.8491312], [12.4129795, 41.8491935], [12.4129907, 41.8494286]], [[12.414028, 41.8519352], [12.4140733, 41.8520435], [12.4141485, 41.8522234], [12.4146162, 41.8533419]], [[12.4129907, 41.8494286], [12.4130016, 41.8494537], [12.4130205, 41.8494978], [12.4131568, 41.8498156], [12.4131935, 41.8499021], [12.413296, 41.8501394], [12.4133997, 41.8503872], [12.4134241, 41.8504756], [12.4134551, 41.850549], [12.4134857, 41.850613], [12.4135033, 41.85066], [12.4136639, 41.8510212], [12.4136973, 41.8511035], [12.4137421, 41.8512164], [12.4138264, 41.8514356]], [[12.4138477, 41.8514838], [12.4139267, 41.851605]], [[12.414028, 41.8519352], [12.4139407, 41.8518001]], [[12.4152737, 41.8552053], [12.4152802, 41.8552144], [12.4152867, 41.8552256], [12.4152911, 41.8552467], [12.4152889, 41.8552656], [12.4152851, 41.8552786], [12.4152812, 41.8552901], [12.4152652, 41.85531]], [[12.4111627, 41.8467978], [12.4112618, 41.8467705], [12.4113648, 41.8467591], [12.4114658, 41.8467561], [12.4115615, 41.846765], [12.4116739, 41.846784], [12.4117703, 41.846819], [12.4118695, 41.8468769], [12.4119473, 41.8469707], [12.4120756, 41.8472624], [12.4121725, 41.8474833], [12.4124619, 41.8481429]], [[12.4138264, 41.8514356], [12.4138477, 41.8514838]], [[12.4150621, 41.8551929], [12.4150784, 41.8551832], [12.4150988, 41.8551735], [12.4151215, 41.8551656], [12.4151445, 41.8551619], [12.4151676, 41.855162], [12.4151848, 41.8551642], [12.4152076, 41.8551701], [12.415228, 41.8551785], [12.4152417, 41.8551859], [12.415259, 41.8551956], [12.4152737, 41.8552053]], [[12.4152652, 41.85531], [12.4152499, 41.8553235], [12.415232, 41.8553341], [12.4152042, 41.8553427], [12.4151775, 41.8553464], [12.4151514, 41.8553466], [12.4151305, 41.8553443], [12.4151082, 41.8553384], [12.4150839, 41.8553272], [12.4150641, 41.8553106], [12.415047, 41.8552889], [12.4150396, 41.8552768], [12.4150363, 41.8552636], [12.4150365, 41.855242], [12.4150386, 41.8552271], [12.4150427, 41.8552152], [12.4150514, 41.8552033], [12.4150621, 41.8551929]], [[12.4148131, 41.8538094], [12.4148865, 41.8539868]], [[12.4152755, 41.8549164], [12.4153056, 41.8549884], [12.4153261, 41.8550622], [12.415326, 41.8550817], [12.4153164, 41.8551112], [12.4153027, 41.8551441], [12.4152887, 41.8551731], [12.4152737, 41.8552053]], [[12.4150259, 41.854276], [12.4150432, 41.854318]], [[12.4146162, 41.8533419], [12.4148131, 41.8538094]], [[12.4151728, 41.8546708], [12.4152595, 41.8548775], [12.4152755, 41.8549164]], [[12.4139267, 41.851605], [12.4140276, 41.8518344]], [[12.4138377, 41.8515699], [12.4138477, 41.8514838]], [[12.4140276, 41.8518344], [12.414028, 41.8519352]], [[12.4139407, 41.8518001], [12.4138377, 41.8515699]], [[12.4124619, 41.8481429], [12.4126267, 41.8484945], [12.4126486, 41.8485368], [12.4126709, 41.8485691], [12.4126943, 41.8485969], [12.412723, 41.8486245], [12.4127558, 41.8486482], [12.4127921, 41.8486658], [12.4128576, 41.8486806]], [[12.4150432, 41.854318], [12.4151178, 41.8545342]], [[12.4151178, 41.8545342], [12.4151728, 41.8546708]]]}}, {"type": "Feature", "properties": {"id": "SS-ROM-9266", "nome": "Via Mario De Renzi", "quartiere": "Municipio Roma XII", "classificazione": "giallo", "score": 3, "note": "strada urbana senza ciclabile", "ciclabile": "no", "n_corsie": "2", "senso_unico": "no", "n_testimonianze": "0", "municipio": "XII"}, "geometry": {"type": "LineString", "coordinates": [[12.4090272, 41.8711063], [12.4091245, 41.871212], [12.4091701, 41.8712563], [12.4092083, 41.8712808], [12.4092542, 41.8713011], [12.4093015, 41.8713161], [12.4093413, 41.8713244], [12.4094015, 41.8713307], [12.4094551, 41.8713284], [12.4095323, 41.8713209], [12.4096095, 41.8713094], [12.4096884, 41.871291], [12.4097816, 41.8712634], [12.4098558, 41.871236], [12.4099105, 41.8712134], [12.4099786, 41.8711827], [12.4103543, 41.8710138], [12.4104314, 41.8709846], [12.4105012, 41.8709624], [12.4105435, 41.8709552], [12.4105922, 41.8709506], [12.4106557, 41.8709467], [12.4107189, 41.8709467], [12.4107804, 41.8709485], [12.4108417, 41.8709546], [12.4108929, 41.8709615], [12.410959, 41.870974], [12.4110081, 41.8709885], [12.4110532, 41.871003], [12.4110987, 41.8710233], [12.4111286, 41.8710388], [12.4111679, 41.8710658], [12.4112052, 41.8710966], [12.4112444, 41.8711392], [12.4112783, 41.8711893], [12.4112981, 41.871232], [12.4113119, 41.8712849], [12.4113115, 41.8713252], [12.411305, 41.8713958], [12.4112974, 41.8714657], [12.4112967, 41.8715229], [12.4113028, 41.8715587], [12.4113066, 41.8715698], [12.4113171, 41.8715839], [12.4113294, 41.8715902], [12.4113456, 41.8715954], [12.4113751, 41.8715932], [12.4114036, 41.8715833]]}}, {"type": "Feature", "properties": {"id": "SS-ROM-9278", "nome": "Via Mario Margottini", "quartiere": "Municipio Roma XII", "classificazione": "giallo", "score": 3, "note": "strada urbana senza ciclabile", "ciclabile": "no", "n_corsie": "2", "senso_unico": "no", "n_testimonianze": "0", "municipio": "XII"}, "geometry": {"type": "LineString", "coordinates": [[12.3605198, 41.874429], [12.360019, 41.8751078]]}}, {"type": "Feature", "properties": {"id": "SS-ROM-9288", "nome": "Via Mario Moretti", "quartiere": "Municipio Roma XII", "classificazione": "giallo", "score": 3, "note": "strada urbana senza ciclabile", "ciclabile": "no", "n_corsie": "2", "senso_unico": "no", "n_testimonianze": "0", "municipio": "XII"}, "geometry": {"type": "MultiLineString", "coordinates": [[[12.4112815, 41.8693318], [12.4112875, 41.8693068], [12.4112905, 41.8692841], [12.4112845, 41.8691016], [12.411278, 41.869037], [12.4112645, 41.8689793], [12.4112428, 41.8689165], [12.4112235, 41.8688571], [12.4112075, 41.8687848], [12.4112055, 41.8687421], [12.411206, 41.8687099], [12.411213, 41.8686636], [12.4112258, 41.8686291], [12.4112387, 41.8685981], [12.4113685, 41.868287]], [[12.4108789, 41.8696499], [12.4109841, 41.8694611], [12.4110126, 41.8694302], [12.4110289, 41.8694178], [12.4110436, 41.8694082], [12.4111192, 41.869385], [12.4111521, 41.8693805], [12.4111843, 41.8693793], [12.4112448, 41.8693869]], [[12.4108789, 41.8696499], [12.41099, 41.8696346], [12.4110205, 41.8696237], [12.411045, 41.8696112], [12.4110746, 41.8695863], [12.4111165, 41.8695387], [12.4111786, 41.8694662], [12.4112174, 41.8694175], [12.4112448, 41.8693869], [12.411256, 41.8693739], [12.4112676, 41.8693577], [12.4112815, 41.8693318]]]}}, {"type": "Feature", "properties": {"id": "SS-ROM-9298", "nome": "Via Mario Ridolfi", "quartiere": "Municipio Roma XII", "classificazione": "giallo", "score": 3, "note": "strada urbana senza ciclabile", "ciclabile": "no", "n_corsie": "2", "senso_unico": "no", "n_testimonianze": "0", "municipio": "XII"}, "geometry": {"type": "LineString", "coordinates": [[12.4118237, 41.8697002], [12.4118781, 41.8697825], [12.4119079, 41.8698595], [12.4119269, 41.8699405], [12.4119315, 41.8700771], [12.4119279, 41.8701882], [12.4118908, 41.8704503], [12.4118758, 41.8706958], [12.4118867, 41.8707946], [12.4118982, 41.8708365], [12.411915, 41.8708744], [12.4119377, 41.8709066], [12.4119627, 41.8709287], [12.4119857, 41.8709442], [12.4120184, 41.8709624], [12.41209, 41.8709992]]}}, {"type": "Feature", "properties": {"id": "SS-ROM-9355", "nome": "Via Massa Marittima", "quartiere": "Municipio Roma XII", "classificazione": "giallo", "score": 3, "note": "strada urbana senza ciclabile", "ciclabile": "no", "n_corsie": "2", "senso_unico": "si", "n_testimonianze": "0", "municipio": "XII"}, "geometry": {"type": "LineString", "coordinates": [[12.4376447, 41.8416827], [12.4376347, 41.8417395], [12.4375878, 41.8419959], [12.4374712, 41.8425705], [12.4373673, 41.8430574], [12.4373578, 41.8431035]]}}, {"type": "Feature", "properties": {"id": "SS-ROM-9414", "nome": "Via Mauro Fasiani", "quartiere": "Municipio Roma XII", "classificazione": "giallo", "score": 3, "note": "strada urbana senza ciclabile", "ciclabile": "no", "n_corsie": "2", "senso_unico": "si", "n_testimonianze": "0", "municipio": "XII"}, "geometry": {"type": "MultiLineString", "coordinates": [[[12.3472536, 41.8755966], [12.3476731, 41.8764459], [12.3478566, 41.8767795], [12.3479484, 41.8769996], [12.3479978, 41.8773604], [12.348017, 41.8775498], [12.3480404, 41.877831], [12.3480519, 41.8780008], [12.3481158, 41.8784151]], [[12.3481158, 41.8784151], [12.3482242, 41.878828]], [[12.3472536, 41.8755966], [12.3471152, 41.8752449]]]}}, {"type": "Feature", "properties": {"id": "SS-ROM-9486", "nome": "Via Michelangelo Cagiano de Azevedo", "quartiere": "Municipio Roma XII", "classificazione": "giallo", "score": 3, "note": "strada urbana senza ciclabile", "ciclabile": "no", "n_corsie": "2", "senso_unico": "si", "n_testimonianze": "0", "municipio": "XII"}, "geometry": {"type": "MultiLineString", "coordinates": [[[12.4321444, 41.8741002], [12.4320132, 41.8743141], [12.4320013, 41.8743296], [12.4319855, 41.8743405], [12.4319668, 41.8743488], [12.431942, 41.8743536], [12.431922, 41.8743562], [12.4318926, 41.8743548], [12.4317491, 41.8743231], [12.4317091, 41.8743081], [12.4316876, 41.8742947], [12.4316714, 41.8742792], [12.4316612, 41.8742628], [12.4316563, 41.8742474], [12.4316538, 41.8742298], [12.4316553, 41.8742173], [12.4316624, 41.8741989], [12.4317002, 41.87413], [12.4317533, 41.8740418], [12.4317701, 41.8740225], [12.431787, 41.8740089], [12.4318105, 41.8739938], [12.4318324, 41.8739821], [12.4318608, 41.8739683], [12.4318861, 41.8739591], [12.431925, 41.8739485], [12.4319639, 41.8739431], [12.4320234, 41.8739316], [12.4320647, 41.8739264], [12.4320807, 41.8739261], [12.4321029, 41.8739281], [12.4322864, 41.873964], [12.4323154, 41.8739719], [12.4323335, 41.8739786], [12.4323483, 41.8739871], [12.4323599, 41.8739955]], [[12.4319639, 41.8739431], [12.4320616, 41.8739568], [12.4321246, 41.8739683], [12.4321342, 41.8739722], [12.4321417, 41.873976], [12.4321485, 41.8739807], [12.4321528, 41.8739853], [12.4321568, 41.8739922], [12.4321588, 41.8739988], [12.4321589, 41.8740086], [12.432158, 41.8740222], [12.4321444, 41.8741002]], [[12.4323599, 41.8739955], [12.4323334, 41.8739968], [12.4323085, 41.8739993], [12.4322808, 41.8740069], [12.4322577, 41.8740156], [12.4322397, 41.8740243], [12.4322233, 41.8740348], [12.4322058, 41.8740479], [12.4321444, 41.8741002]], [[12.4323599, 41.8739955], [12.4327075, 41.87407], [12.4327581, 41.8740806]], [[12.4328772, 41.874148], [12.4327581, 41.8740806]], [[12.4327581, 41.8740806], [12.432887, 41.8740531], [12.4329156, 41.8740471]]]}}, {"type": "Feature", "properties": {"id": "SS-ROM-9492", "nome": "Via Michelangelo Pinto", "quartiere": "Municipio Roma XII", "classificazione": "giallo", "score": 3, "note": "strada urbana senza ciclabile", "ciclabile": "no", "n_corsie": "2", "senso_unico": "no", "n_testimonianze": "0", "municipio": "XII"}, "geometry": {"type": "LineString", "coordinates": [[12.4486203, 41.8589945], [12.4486524, 41.8590179], [12.448667, 41.8590282], [12.4495644, 41.8596612]]}}, {"type": "Feature", "properties": {"id": "SS-ROM-9504", "nome": "Via Michele Cantone", "quartiere": "Municipio Roma XII", "classificazione": "giallo", "score": 3, "note": "strada urbana senza ciclabile", "ciclabile": "no", "n_corsie": "2", "senso_unico": "no", "n_testimonianze": "0", "municipio": "XII"}, "geometry": {"type": "LineString", "coordinates": [[12.3437484, 41.8737359], [12.3438262, 41.8737281], [12.3447172, 41.8736486]]}}, {"type": "Feature", "properties": {"id": "SS-ROM-9523", "nome": "Via Michele Tripisciano", "quartiere": "Municipio Roma XII", "classificazione": "giallo", "score": 3, "note": "strada urbana senza ciclabile", "ciclabile": "no", "n_corsie": "2", "senso_unico": "si", "n_testimonianze": "0", "municipio": "XII"}, "geometry": {"type": "MultiLineString", "coordinates": [[[12.4164168, 41.8587309], [12.4163308, 41.8583053]], [[12.4162632, 41.857905], [12.4163308, 41.8583053]]]}}, {"type": "Feature", "properties": {"id": "SS-ROM-9622", "nome": "Via Monsummano Terme", "quartiere": "Municipio Roma XII", "classificazione": "giallo", "score": 3, "note": "strada urbana senza ciclabile", "ciclabile": "no", "n_corsie": "2", "senso_unico": "no", "n_testimonianze": "0", "municipio": "XII"}, "geometry": {"type": "LineString", "coordinates": [[12.4304213, 41.8442218], [12.4304452, 41.8441159], [12.4305588, 41.8437192], [12.4308132, 41.8429071], [12.430826, 41.8428203]]}}, {"type": "Feature", "properties": {"id": "SS-ROM-9772", "nome": "Via Montelupo Fiorentino", "quartiere": "Municipio Roma XII", "classificazione": "giallo", "score": 3, "note": "strada urbana senza ciclabile", "ciclabile": "no", "n_corsie": "2", "senso_unico": "si", "n_testimonianze": "0", "municipio": "XII"}, "geometry": {"type": "MultiLineString", "coordinates": [[[12.4290271, 41.8472249], [12.4290325, 41.8471673], [12.4290449, 41.8471199], [12.4290644, 41.847083], [12.4290845, 41.8470485], [12.4291247, 41.8469951], [12.429156, 41.8469588], [12.4292045, 41.8469109], [12.4292996, 41.846818], [12.4293829, 41.8467325], [12.4294927, 41.8466073], [12.4295746, 41.8465222], [12.4295981, 41.8464926], [12.429619, 41.846459], [12.4296736, 41.8463151], [12.4296984, 41.8462239], [12.4297049, 41.8461493], [12.4297266, 41.8460908], [12.4297644, 41.8460174], [12.4298127, 41.8459276], [12.4298571, 41.8458469], [12.4298688, 41.845782], [12.4298654, 41.845775], [12.4298638, 41.8457693], [12.4298469, 41.8457598], [12.4294302, 41.8457317], [12.4289482, 41.8457223], [12.4288226, 41.8457247], [12.4288014, 41.8457276], [12.4287815, 41.8457336], [12.4287692, 41.8457466], [12.428761, 41.8457597], [12.4287306, 41.8458383], [12.4286987, 41.8459346]], [[12.4279649, 41.8473388], [12.4279558, 41.8471672], [12.4279576, 41.8471432], [12.427962, 41.8471211], [12.4279678, 41.8470971], [12.427979, 41.8470711], [12.4280747, 41.8469254], [12.4283173, 41.8465411], [12.4284791, 41.8462976], [12.4286426, 41.8460426], [12.4286987, 41.8459346]]]}}, {"type": "Feature", "properties": {"id": "SS-ROM-9816", "nome": "Via Monticiano", "quartiere": "Municipio Roma XII", "classificazione": "giallo", "score": 3, "note": "strada urbana senza ciclabile", "ciclabile": "no", "n_corsie": "2", "senso_unico": "no", "n_testimonianze": "0", "municipio": "XII"}, "geometry": {"type": "LineString", "coordinates": [[12.4385269, 41.8491847], [12.4370839, 41.848914], [12.4369946, 41.8491393], [12.4366336, 41.8490726]]}}, {"type": "Feature", "properties": {"id": "SS-ROM-9817", "nome": "Via Montieri", "quartiere": "Municipio Roma XII", "classificazione": "giallo", "score": 3, "note": "strada urbana senza ciclabile", "ciclabile": "no", "n_corsie": "2", "senso_unico": "no", "n_testimonianze": "0", "municipio": "XII"}, "geometry": {"type": "LineString", "coordinates": [[12.4382387, 41.8316285], [12.4380981, 41.8327377], [12.4381775, 41.8331283], [12.438392, 41.8336916]]}}, {"type": "Feature", "properties": {"id": "SS-ROM-9871", "nome": "Via Muravera", "quartiere": "Municipio Roma XII", "classificazione": "giallo", "score": 3, "note": "strada urbana senza ciclabile", "ciclabile": "no", "n_corsie": "2", "senso_unico": "no", "n_testimonianze": "0", "municipio": "XII"}, "geometry": {"type": "LineString", "coordinates": [[12.3479142, 41.8455583], [12.3485674, 41.8452712], [12.3493708, 41.8449463]]}}, {"type": "Feature", "properties": {"id": "SS-ROM-9877", "nome": "Via Muros", "quartiere": "Municipio Roma XII", "classificazione": "giallo", "score": 3, "note": "strada urbana senza ciclabile", "ciclabile": "no", "n_corsie": "2", "senso_unico": "no", "n_testimonianze": "0", "municipio": "XII"}, "geometry": {"type": "LineString", "coordinates": [[12.3600109, 41.8314339], [12.3603515, 41.8314487], [12.3603622, 41.8314496], [12.3603763, 41.831452], [12.3603877, 41.8314563], [12.3603931, 41.8314645], [12.3603958, 41.8314746], [12.360396, 41.8314831], [12.3603183, 41.8321437]]}}, {"type": "Feature", "properties": {"id": "SS-ROM-9886", "nome": "Via Nadina Helbig", "quartiere": "Municipio Roma XII", "classificazione": "giallo", "score": 3, "note": "strada urbana senza ciclabile (1 corsie)", "ciclabile": "no", "n_corsie": "1", "senso_unico": "si", "n_testimonianze": "0", "municipio": "XII"}, "geometry": {"type": "MultiLineString", "coordinates": [[[12.449721, 41.8771533], [12.4494672, 41.8775129], [12.449089, 41.8780456]], [[12.449089, 41.8780456], [12.4490218, 41.8781543], [12.4490101, 41.8781774], [12.4490027, 41.8781943], [12.4489973, 41.8782112], [12.4489918, 41.8782346], [12.4489882, 41.8782578], [12.448987, 41.8782795], [12.4489877, 41.8783009], [12.4489903, 41.8783222], [12.4489949, 41.8783402], [12.4490026, 41.878364], [12.4491035, 41.8786231], [12.4491237, 41.878675]]]}}, {"type": "Feature", "properties": {"id": "SS-ROM-9901", "nome": "Via Narcao", "quartiere": "Municipio Roma XII", "classificazione": "giallo", "score": 3, "note": "strada urbana senza ciclabile", "ciclabile": "no", "n_corsie": "2", "senso_unico": "no", "n_testimonianze": "0", "municipio": "XII"}, "geometry": {"type": "LineString", "coordinates": [[12.3569355, 41.8330801], [12.3569877, 41.8331789], [12.3570075, 41.8332177], [12.3570232, 41.8332571], [12.3572408, 41.8338387]]}}, {"type": "Feature", "properties": {"id": "SS-ROM-9951", "nome": "Via Nicola Amore", "quartiere": "Municipio Roma XII", "classificazione": "giallo", "score": 3, "note": "strada urbana senza ciclabile", "ciclabile": "no", "n_corsie": "2", "senso_unico": "no", "n_testimonianze": "0", "municipio": "XII"}, "geometry": {"type": "LineString", "coordinates": [[12.3831571, 41.8792746], [12.3830071, 41.878808], [12.3829838, 41.878728], [12.3829822, 41.8786872], [12.3829888, 41.8786584], [12.3830105, 41.8786192], [12.3830243, 41.8786035], [12.3830382, 41.8785899], [12.3830594, 41.8785743], [12.3830805, 41.8785608], [12.3831236, 41.8785407], [12.3831688, 41.8785294], [12.3832074, 41.8785251], [12.383246, 41.8785248], [12.3833649, 41.8785409], [12.383507, 41.8785789], [12.3837109, 41.878651], [12.3837568, 41.8786608], [12.3837973, 41.8786667], [12.3838404, 41.8786701], [12.3838808, 41.8786674], [12.3839306, 41.878659], [12.3839751, 41.8786447], [12.384025, 41.8786159], [12.3840642, 41.8785832], [12.3841154, 41.8785263], [12.3841357, 41.8784978], [12.3841559, 41.8784694], [12.384172, 41.8784363], [12.3841828, 41.8784032], [12.3841909, 41.8783409], [12.3841849, 41.878275], [12.3841712, 41.8782411], [12.3841494, 41.8782091], [12.3841137, 41.8781739], [12.3840647, 41.8781437], [12.3839956, 41.8781119], [12.3839184, 41.8780791], [12.3838019, 41.8780235], [12.3837476, 41.8779888], [12.3837225, 41.8779674], [12.3836961, 41.877943], [12.3836758, 41.8779192], [12.3836568, 41.8778904], [12.3836398, 41.8778557], [12.3836255, 41.8778209], [12.383578, 41.8776336]]}}, {"type": "Feature", "properties": {"id": "SS-ROM-9955", "nome": "Via Nicola Corsi", "quartiere": "Municipio Roma XII", "classificazione": "giallo", "score": 3, "note": "strada urbana senza ciclabile", "ciclabile": "no", "n_corsie": "2", "senso_unico": "no", "n_testimonianze": "0", "municipio": "XII"}, "geometry": {"type": "LineString", "coordinates": [[12.4481106, 41.8761328], [12.4480412, 41.8761948], [12.4475965, 41.8765927], [12.4475922, 41.8766044], [12.4475845, 41.8766252], [12.447561, 41.8767107], [12.4475492, 41.8767905], [12.4475302, 41.8769711]]}}, {"type": "Feature", "properties": {"id": "SS-ROM-9962", "nome": "Via Nicola Garrone", "quartiere": "Municipio Roma XII", "classificazione": "giallo", "score": 3, "note": "strada urbana senza ciclabile", "ciclabile": "no", "n_corsie": "2", "senso_unico": "si", "n_testimonianze": "0", "municipio": "XII"}, "geometry": {"type": "MultiLineString", "coordinates": [[[12.3467064, 41.8738288], [12.3466843, 41.8741942], [12.346594, 41.8747101], [12.3465681, 41.8750823], [12.3466004, 41.8756561]], [[12.3476156, 41.8785121], [12.3473774, 41.8779265], [12.3472399, 41.8775412], [12.3471469, 41.8772268], [12.3470565, 41.8769387], [12.3469517, 41.8767044], [12.3468767, 41.8765194], [12.3467624, 41.8762901], [12.3466471, 41.8759598], [12.3466004, 41.8756561]]]}}, {"type": "Feature", "properties": {"id": "SS-ROM-9963", "nome": "Via Nicola Laurantoni", "quartiere": "Municipio Roma XII", "classificazione": "giallo", "score": 3, "note": "strada urbana senza ciclabile", "ciclabile": "no", "n_corsie": "2", "senso_unico": "no", "n_testimonianze": "0", "municipio": "XII"}, "geometry": {"type": "MultiLineString", "coordinates": [[[12.447955, 41.8532449], [12.4495118, 41.8535456]], [[12.4478269, 41.8532237], [12.4479151, 41.8532371], [12.447955, 41.8532449]], [[12.4477557, 41.8531875], [12.4476661, 41.8531697], [12.4476042, 41.8531581], [12.4475697, 41.8531517], [12.4469699, 41.85304], [12.4466102, 41.8529795], [12.4464587, 41.8529795], [12.4463854, 41.8529807], [12.4462801, 41.8529858]]]}}, {"type": "Feature", "properties": {"id": "SS-ROM-9981", "nome": "Via Nicola Serra", "quartiere": "Municipio Roma XII", "classificazione": "giallo", "score": 3, "note": "strada urbana senza ciclabile", "ciclabile": "no", "n_corsie": "2", "senso_unico": "si", "n_testimonianze": "0", "municipio": "XII"}, "geometry": {"type": "LineString", "coordinates": [[12.4415139, 41.8432525], [12.4425886, 41.843291], [12.4428134, 41.8432989], [12.4428568, 41.8432908]]}}, {"type": "Feature", "properties": {"id": "SS-ROM-10041", "nome": "Via Nora Federici", "quartiere": "Municipio Roma XII", "classificazione": "giallo", "score": 3, "note": "strada urbana senza ciclabile", "ciclabile": "no", "n_corsie": "2", "senso_unico": "no", "n_testimonianze": "0", "municipio": "XII"}, "geometry": {"type": "LineString", "coordinates": [[12.3698035, 41.8710718], [12.3697393, 41.8715232], [12.3696053, 41.8718762], [12.3695408, 41.8720461]]}}, {"type": "Feature", "properties": {"id": "SS-ROM-10069", "nome": "Via Nulvi", "quartiere": "Municipio Roma XII", "classificazione": "giallo", "score": 3, "note": "strada urbana senza ciclabile", "ciclabile": "no", "n_corsie": "2", "senso_unico": "no", "n_testimonianze": "0", "municipio": "XII"}, "geometry": {"type": "LineString", "coordinates": [[12.358658, 41.8328632], [12.358925, 41.8329069], [12.3590044, 41.8329241], [12.3590272, 41.8329298], [12.3590508, 41.8329366], [12.3590703, 41.8329424], [12.3590904, 41.8329492], [12.3591098, 41.8329578], [12.3591279, 41.8329674], [12.3591523, 41.8329837], [12.359166, 41.8329945], [12.3591831, 41.8330112], [12.3592009, 41.83303], [12.3593075, 41.8331623], [12.359593, 41.8335385], [12.35963, 41.8335905], [12.3596584, 41.8336429], [12.3596827, 41.8336933], [12.359717, 41.8337807], [12.3597306, 41.8338217], [12.3597414, 41.8338657], [12.3597468, 41.8339159], [12.3597585, 41.8341477], [12.3597693, 41.8342768], [12.3598474, 41.8352141], [12.3598445, 41.8354484], [12.3598461, 41.8354589], [12.35985, 41.8354693], [12.3598576, 41.8354796], [12.35987, 41.8354884], [12.3598854, 41.8354923], [12.3599054, 41.8354947], [12.3599254, 41.8354948], [12.359934, 41.835494], [12.3608342, 41.8353355]]}}, {"type": "Feature", "properties": {"id": "SS-ROM-10077", "nome": "Via Nurachi", "quartiere": "Municipio Roma XII", "classificazione": "giallo", "score": 3, "note": "strada urbana senza ciclabile", "ciclabile": "no", "n_corsie": "2", "senso_unico": "no", "n_testimonianze": "0", "municipio": "XII"}, "geometry": {"type": "LineString", "coordinates": [[12.3482509, 41.8460078], [12.3479142, 41.8455583], [12.3466845, 41.843907], [12.3466786, 41.8438968], [12.3466742, 41.8438841], [12.3466736, 41.8438751], [12.3466747, 41.8438678], [12.3466766, 41.8438602], [12.3466791, 41.8438532], [12.3466836, 41.843845], [12.346695, 41.8438334], [12.3467058, 41.8438258], [12.3467163, 41.8438203], [12.3468934, 41.8437384], [12.346904, 41.8437329], [12.3469126, 41.843727], [12.3469193, 41.8437204], [12.3469276, 41.843708], [12.3469318, 41.8436949], [12.346931, 41.8436823], [12.3469286, 41.843672], [12.3469253, 41.8436625], [12.3462238, 41.8421047]]}}, {"type": "Feature", "properties": {"id": "SS-ROM-10079", "nome": "Via Nurri", "quartiere": "Municipio Roma XII", "classificazione": "giallo", "score": 3, "note": "strada urbana senza ciclabile", "ciclabile": "no", "n_corsie": "2", "senso_unico": "no", "n_testimonianze": "0", "municipio": "XII"}, "geometry": {"type": "LineString", "coordinates": [[12.352874, 41.8379142], [12.3543098, 41.8391058]]}}, {"type": "Feature", "properties": {"id": "SS-ROM-10080", "nome": "Via Nuxis", "quartiere": "Municipio Roma XII", "classificazione": "giallo", "score": 3, "note": "strada urbana senza ciclabile", "ciclabile": "no", "n_corsie": "2", "senso_unico": "no", "n_testimonianze": "0", "municipio": "XII"}, "geometry": {"type": "LineString", "coordinates": [[12.3439304, 41.8380148], [12.3442732, 41.8371422], [12.3445252, 41.8364879], [12.3448804, 41.8355511]]}}, {"type": "Feature", "properties": {"id": "SS-ROM-10092", "nome": "Via Odoardo Persiani", "quartiere": "Municipio Roma XII", "classificazione": "giallo", "score": 3, "note": "strada urbana senza ciclabile", "ciclabile": "no", "n_corsie": "2", "senso_unico": "no", "n_testimonianze": "0", "municipio": "XII"}, "geometry": {"type": "LineString", "coordinates": [[12.3574017, 41.8759756], [12.3576748, 41.876255]]}}, {"type": "Feature", "properties": {"id": "SS-ROM-10142", "nome": "Via Orani", "quartiere": "Municipio Roma XII", "classificazione": "giallo", "score": 3, "note": "strada urbana senza ciclabile", "ciclabile": "no", "n_corsie": "2", "senso_unico": "no", "n_testimonianze": "0", "municipio": "XII"}, "geometry": {"type": "LineString", "coordinates": [[12.3520899, 41.8383605], [12.3535966, 41.8395849]]}}, {"type": "Feature", "properties": {"id": "SS-ROM-10159", "nome": "Via Orciano Pisano", "quartiere": "Municipio Roma XII", "classificazione": "giallo", "score": 3, "note": "strada urbana senza ciclabile", "ciclabile": "no", "n_corsie": "2", "senso_unico": "no", "n_testimonianze": "0", "municipio": "XII"}, "geometry": {"type": "LineString", "coordinates": [[12.4419782, 41.8394314], [12.4419674, 41.839463], [12.4419153, 41.8396163], [12.4419023, 41.8396895], [12.4419023, 41.8398592], [12.4419116, 41.84008], [12.4419375, 41.8402139], [12.4419552, 41.8403045], [12.441964, 41.8403496]]}}, {"type": "Feature", "properties": {"id": "SS-ROM-10163", "nome": "Via Oreste Ranelletti", "quartiere": "Municipio Roma XII", "classificazione": "giallo", "score": 3, "note": "strada urbana senza ciclabile", "ciclabile": "no", "n_corsie": "2", "senso_unico": "no", "n_testimonianze": "0", "municipio": "XII"}, "geometry": {"type": "MultiLineString", "coordinates": [[[12.3525558, 41.869311], [12.3506067, 41.8693819]], [[12.3550737, 41.8692285], [12.3556963, 41.8692034], [12.3561629, 41.8691883], [12.3564795, 41.8691843], [12.357232, 41.8692844], [12.3570579, 41.8699077]], [[12.3525558, 41.869311], [12.3550737, 41.8692285]]]}}, {"type": "Feature", "properties": {"id": "SS-ROM-10186", "nome": "Via Orroli", "quartiere": "Municipio Roma XII", "classificazione": "giallo", "score": 3, "note": "strada urbana senza ciclabile", "ciclabile": "no", "n_corsie": "2", "senso_unico": "no", "n_testimonianze": "0", "municipio": "XII"}, "geometry": {"type": "LineString", "coordinates": [[12.3603029, 41.8464867], [12.3631587, 41.8454661]]}}, {"type": "Feature", "properties": {"id": "SS-ROM-10235", "nome": "Via Ottavio Gasparri", "quartiere": "Municipio Roma XII", "classificazione": "rosso", "score": 4, "note": "strada principale trafficata (3 corsie)", "ciclabile": "no", "n_corsie": "3", "senso_unico": "si", "n_testimonianze": "0", "municipio": "XII"}, "geometry": {"type": "MultiLineString", "coordinates": [[[12.4410797, 41.8790506], [12.4411329, 41.8790029], [12.4411884, 41.8789553], [12.44135, 41.8788177], [12.441567, 41.8786189], [12.4416805, 41.8785083], [12.4417717, 41.8784104], [12.4418351, 41.8783382], [12.4418843, 41.8782781], [12.4419306, 41.8782185], [12.4419623, 41.8781797], [12.441994, 41.8781379], [12.4420639, 41.8780338], [12.4421267, 41.8779304], [12.4421819, 41.8778327], [12.4423167, 41.8776075]], [[12.4426814, 41.8772692], [12.4426245, 41.8773611], [12.4425012, 41.8775717], [12.4423097, 41.8778926]], [[12.4423097, 41.8778926], [12.4422431, 41.8779973]], [[12.4422431, 41.8779973], [12.4420836, 41.8782279], [12.4420591, 41.8782603], [12.4419544, 41.8783859], [12.441865, 41.8784865], [12.4418431, 41.8785095], [12.4416971, 41.8786558], [12.4414648, 41.8788699], [12.4412273, 41.8791038]], [[12.4423167, 41.8776075], [12.4424298, 41.8774186], [12.4424541, 41.8773803], [12.4425088, 41.8772955]]]}}, {"type": "Feature", "properties": {"id": "SS-ROM-10363", "nome": "Via Pantaleo Carabellese", "quartiere": "Municipio Roma XII", "classificazione": "giallo", "score": 3, "note": "strada urbana senza ciclabile", "ciclabile": "no", "n_corsie": "2", "senso_unico": "no", "n_testimonianze": "0", "municipio": "XII"}, "geometry": {"type": "LineString", "coordinates": [[12.3457607, 41.8787771], [12.3458386, 41.8787595], [12.3459346, 41.8787555], [12.346131, 41.8787719], [12.3462388, 41.8787671], [12.3468091, 41.8786595], [12.3476156, 41.8785121], [12.3481158, 41.8784151], [12.3487564, 41.8783003], [12.3488048, 41.8782862], [12.3489702, 41.8782361], [12.3491995, 41.8781832], [12.3495062, 41.8780875]]}}, {"type": "Feature", "properties": {"id": "SS-ROM-10377", "nome": "Via Paolo Antonio Balboni", "quartiere": "Municipio Roma XII", "classificazione": "giallo", "score": 3, "note": "strada urbana senza ciclabile", "ciclabile": "no", "n_corsie": "2", "senso_unico": "si", "n_testimonianze": "0", "municipio": "XII"}, "geometry": {"type": "LineString", "coordinates": [[12.4383377, 41.8573247], [12.4388588, 41.8574075], [12.4391118, 41.8574366]]}}, {"type": "Feature", "properties": {"id": "SS-ROM-10380", "nome": "Via Paolo Bellezza", "quartiere": "Municipio Roma XII", "classificazione": "giallo", "score": 3, "note": "strada urbana senza ciclabile", "ciclabile": "no", "n_corsie": "2", "senso_unico": "no", "n_testimonianze": "0", "municipio": "XII"}, "geometry": {"type": "LineString", "coordinates": [[12.3456327, 41.8766592], [12.345981, 41.8766258], [12.3468767, 41.8765194], [12.3476731, 41.8764459]]}}, {"type": "Feature", "properties": {"id": "SS-ROM-10386", "nome": "Via Paolo Campa", "quartiere": "Municipio Roma XII", "classificazione": "giallo", "score": 3, "note": "strada urbana senza ciclabile", "ciclabile": "no", "n_corsie": "2", "senso_unico": "no", "n_testimonianze": "0", "municipio": "XII"}, "geometry": {"type": "LineString", "coordinates": [[12.4481323, 41.8687503], [12.4479289, 41.8687937], [12.4477874, 41.8688008], [12.4475687, 41.8687509]]}}, {"type": "Feature", "properties": {"id": "SS-ROM-10393", "nome": "Via Paolo Emilio Pavolini", "quartiere": "Municipio Roma XII", "classificazione": "giallo", "score": 3, "note": "strada urbana senza ciclabile", "ciclabile": "no", "n_corsie": "2", "senso_unico": "no", "n_testimonianze": "0", "municipio": "XII"}, "geometry": {"type": "LineString", "coordinates": [[12.3438278, 41.8755193], [12.3453668, 41.8753794], [12.3454172, 41.875377], [12.3454553, 41.8753803], [12.3454686, 41.8753868], [12.3454779, 41.8753978], [12.3454862, 41.8754225], [12.3454954, 41.8754598], [12.3455071, 41.8755334], [12.3455175, 41.8756851], [12.3455226, 41.8757419], [12.3455345, 41.8758486], [12.3455918, 41.8762655], [12.3456327, 41.8766592], [12.3457018, 41.8771676], [12.3457025, 41.8772302], [12.3456891, 41.8772711], [12.3456639, 41.8773148], [12.344991, 41.8778205]]}}, {"type": "Feature", "properties": {"id": "SS-ROM-10404", "nome": "Via Paolo Mantegazza", "quartiere": "Municipio Roma XII", "classificazione": "giallo", "score": 3, "note": "strada urbana senza ciclabile", "ciclabile": "no", "n_corsie": "2", "senso_unico": "no", "n_testimonianze": "0", "municipio": "XII"}, "geometry": {"type": "LineString", "coordinates": [[12.4450543, 41.860073], [12.4440006, 41.859407]]}}, {"type": "Feature", "properties": {"id": "SS-ROM-10405", "nome": "Via Paolo Maria Martinez", "quartiere": "Municipio Roma XII", "classificazione": "giallo", "score": 3, "note": "strada urbana senza ciclabile (1 corsie)", "ciclabile": "no", "n_corsie": "1", "senso_unico": "si", "n_testimonianze": "0", "municipio": "XII"}, "geometry": {"type": "LineString", "coordinates": [[12.4466615, 41.8720445], [12.4477189, 41.872117]]}}, {"type": "Feature", "properties": {"id": "SS-ROM-10414", "nome": "Via Paolo Pericoli", "quartiere": "Municipio Roma XII", "classificazione": "giallo", "score": 3, "note": "strada urbana senza ciclabile (2 corsie)", "ciclabile": "no", "n_corsie": "2", "senso_unico": "no", "n_testimonianze": "0", "municipio": "XII"}, "geometry": {"type": "MultiLineString", "coordinates": [[[12.350706, 41.8743041], [12.3503601, 41.8743607]], [[12.3503601, 41.8743607], [12.3500625, 41.8744167], [12.3499747, 41.8744226], [12.3499149, 41.8744142], [12.349853, 41.8743868], [12.3479264, 41.8728627]], [[12.3474525, 41.8721719], [12.3479264, 41.8728627]]]}}, {"type": "Feature", "properties": {"id": "SS-ROM-10510", "nome": "Via Pelago", "quartiere": "Municipio Roma XII", "classificazione": "giallo", "score": 3, "note": "strada urbana senza ciclabile", "ciclabile": "no", "n_corsie": "2", "senso_unico": "no", "n_testimonianze": "0", "municipio": "XII"}, "geometry": {"type": "LineString", "coordinates": [[12.4271994, 41.8476465], [12.427302, 41.8478934], [12.4273124, 41.8479128], [12.427328, 41.8479321], [12.427342, 41.8479437], [12.4273684, 41.8479574], [12.4273972, 41.8479644], [12.427427, 41.8479669], [12.4274501, 41.847966], [12.4277279, 41.8479114], [12.4277889, 41.8479051], [12.4278418, 41.8479028], [12.4278969, 41.8479019], [12.4279493, 41.8479051], [12.428085, 41.8479171], [12.4281678, 41.8479215], [12.4282479, 41.8479218], [12.4283307, 41.8479152], [12.4284189, 41.8479046], [12.4286621, 41.847855]]}}, {"type": "Feature", "properties": {"id": "SS-ROM-10617", "nome": "Via Pier Giorgio Perotto", "quartiere": "Municipio Roma XII", "classificazione": "giallo", "score": 3, "note": "strada urbana senza ciclabile", "ciclabile": "no", "n_corsie": "2", "senso_unico": "no", "n_testimonianze": "0", "municipio": "XII"}, "geometry": {"type": "LineString", "coordinates": [[12.4155477, 41.8402229], [12.4154425, 41.8402101], [12.4154001, 41.8401974], [12.4149252, 41.8399434]]}}, {"type": "Feature", "properties": {"id": "SS-ROM-10625", "nome": "Via Pier Vettori", "quartiere": "Municipio Roma XII", "classificazione": "giallo", "score": 3, "note": "strada urbana senza ciclabile (1 corsie)", "ciclabile": "no", "n_corsie": "1", "senso_unico": "si", "n_testimonianze": "0", "municipio": "XII"}, "geometry": {"type": "MultiLineString", "coordinates": [[[12.4422835, 41.86297], [12.4422628, 41.8628385], [12.4422524, 41.8627774], [12.4421231, 41.8620454], [12.4420315, 41.8615758]], [[12.441662, 41.8610573], [12.4418799, 41.8611535], [12.4419193, 41.861179], [12.4419479, 41.861204], [12.4419612, 41.86122], [12.4419796, 41.8612459], [12.4419973, 41.8612876], [12.442013, 41.8613611], [12.4420254, 41.8614181], [12.4420355, 41.8614734], [12.4420315, 41.8615758]]]}}, {"type": "Feature", "properties": {"id": "SS-ROM-10632", "nome": "Via Piero Calamandrei", "quartiere": "Municipio Roma XII", "classificazione": "giallo", "score": 3, "note": "strada urbana senza ciclabile", "ciclabile": "no", "n_corsie": "2", "senso_unico": "si", "n_testimonianze": "0", "municipio": "XII"}, "geometry": {"type": "MultiLineString", "coordinates": [[[12.4386693, 41.8449126], [12.4389051, 41.845069], [12.4389485, 41.8450855], [12.439849, 41.8444364]], [[12.439849, 41.8444364], [12.4400892, 41.8437845], [12.4401918, 41.8435534], [12.4406798, 41.8423862], [12.4407893, 41.8419632], [12.4408922, 41.8416479], [12.4410501, 41.8414174], [12.4412982, 41.8411884], [12.4416911, 41.8410351], [12.4420461, 41.8409768]]]}}, {"type": "Feature", "properties": {"id": "SS-ROM-10651", "nome": "Via Pietrasanta", "quartiere": "Municipio Roma XII", "classificazione": "giallo", "score": 3, "note": "strada urbana senza ciclabile", "ciclabile": "no", "n_corsie": "2", "senso_unico": "no", "n_testimonianze": "0", "municipio": "XII"}, "geometry": {"type": "LineString", "coordinates": [[12.410817, 41.8442309], [12.4114729, 41.8435336]]}}, {"type": "Feature", "properties": {"id": "SS-ROM-10662", "nome": "Via Pietro Aschieri", "quartiere": "Municipio Roma XII", "classificazione": "giallo", "score": 3, "note": "strada urbana senza ciclabile", "ciclabile": "no", "n_corsie": "2", "senso_unico": "no", "n_testimonianze": "0", "municipio": "XII"}, "geometry": {"type": "MultiLineString", "coordinates": [[[12.4055248, 41.8736563], [12.4059797, 41.873523]], [[12.4052654, 41.8732046], [12.4055248, 41.8736563], [12.4056394, 41.8738797]]]}}, {"type": "Feature", "properties": {"id": "SS-ROM-10680", "nome": "Via Pietro Caminada", "quartiere": "Municipio Roma XII", "classificazione": "giallo", "score": 3, "note": "strada urbana senza ciclabile", "ciclabile": "no", "n_corsie": "2", "senso_unico": "no", "n_testimonianze": "0", "municipio": "XII"}, "geometry": {"type": "LineString", "coordinates": [[12.3162431, 41.8416909], [12.3161442, 41.8416976], [12.3161152, 41.8416975], [12.3160942, 41.8416964], [12.3160694, 41.8416927], [12.3160432, 41.8416879], [12.3160063, 41.8416773], [12.3159733, 41.8416667], [12.3159403, 41.8416502], [12.3159112, 41.8416337], [12.3158902, 41.8416142], [12.3158732, 41.8415957], [12.315847, 41.8415628], [12.3157725, 41.8414558], [12.3156085, 41.8411561], [12.3151027, 41.840221], [12.3150008, 41.8400693], [12.3149692, 41.8400352], [12.3149414, 41.8400156], [12.3149122, 41.8400011], [12.3148826, 41.8399944], [12.314849, 41.8399878], [12.3147764, 41.8399805], [12.3146181, 41.8399813], [12.3145088, 41.8399818], [12.3135506, 41.840023], [12.3121843, 41.840098], [12.3121211, 41.8400978], [12.3120579, 41.8400976], [12.3120027, 41.8400915], [12.3119529, 41.8400833], [12.3118902, 41.8400662], [12.3118328, 41.8400471], [12.311761, 41.8400111], [12.3117107, 41.8399671], [12.3116765, 41.8399244], [12.3116477, 41.8398836], [12.311624, 41.8398397], [12.3116057, 41.8397979], [12.311364, 41.838863], [12.3112967, 41.8385899], [12.3112681, 41.8385104], [12.3112249, 41.8384346], [12.3111736, 41.8383628], [12.3111202, 41.8383037], [12.3110295, 41.8382227], [12.3105998, 41.8378916], [12.3105417, 41.8378522], [12.3104728, 41.8378207], [12.3104001, 41.8377965], [12.3103166, 41.8377843], [12.3102197, 41.8377821], [12.3101255, 41.8377919], [12.3100234, 41.8378101], [12.3098356, 41.837848], [12.3085636, 41.8381645]]}}, {"type": "Feature", "properties": {"id": "SS-ROM-10682", "nome": "Via Pietro Campora", "quartiere": "Municipio Roma XII", "classificazione": "giallo", "score": 3, "note": "strada urbana senza ciclabile", "ciclabile": "no", "n_corsie": "2", "senso_unico": "no", "n_testimonianze": "0", "municipio": "XII"}, "geometry": {"type": "LineString", "coordinates": [[12.4456489, 41.8755728], [12.445733, 41.8756382], [12.4461099, 41.8759314], [12.4461738, 41.8759487], [12.4462353, 41.875966], [12.4464793, 41.8760348], [12.4467133, 41.8761014], [12.446837, 41.87614], [12.4468749, 41.8761573], [12.4469082, 41.8761738], [12.4475965, 41.8765927]]}}, {"type": "Feature", "properties": {"id": "SS-ROM-10684", "nome": "Via Pietro Capparoni", "quartiere": "Municipio Roma XII", "classificazione": "giallo", "score": 3, "note": "strada urbana senza ciclabile (2 corsie)", "ciclabile": "no", "n_corsie": "2", "senso_unico": "no", "n_testimonianze": "0", "municipio": "XII"}, "geometry": {"type": "LineString", "coordinates": [[12.439414, 41.8682253], [12.4394292, 41.868294], [12.4394482, 41.8683752], [12.4394579, 41.8684167], [12.4394728, 41.8684726], [12.4395567, 41.8688165], [12.4397728, 41.8697157]]}}, {"type": "Feature", "properties": {"id": "SS-ROM-10704", "nome": "Via Pietro Fermat", "quartiere": "Municipio Roma XII", "classificazione": "giallo", "score": 3, "note": "strada urbana senza ciclabile", "ciclabile": "no", "n_corsie": "2", "senso_unico": "no", "n_testimonianze": "0", "municipio": "XII"}, "geometry": {"type": "LineString", "coordinates": [[12.367776, 41.8674259], [12.3674739, 41.8667877], [12.3674661, 41.8667751], [12.3674578, 41.8667654], [12.367448, 41.8667572], [12.3674366, 41.866748], [12.3674224, 41.8667406], [12.3674044, 41.8667354], [12.3673775, 41.8667349], [12.3673555, 41.866738], [12.3673292, 41.8667439], [12.3671795, 41.8667751], [12.3670221, 41.8668097], [12.3669896, 41.8668182], [12.3669633, 41.8668259], [12.3669361, 41.8668327], [12.3669108, 41.8668377], [12.366875, 41.8668428], [12.3668387, 41.8668468], [12.3667917, 41.8668504], [12.3667435, 41.8668488], [12.3667109, 41.8668433], [12.3666752, 41.8668365], [12.366632, 41.8668224], [12.3665923, 41.8668071], [12.3665522, 41.8667913], [12.3665129, 41.8667757], [12.3660969, 41.866593], [12.365599, 41.8663181]]}}, {"type": "Feature", "properties": {"id": "SS-ROM-10709", "nome": "Via Pietro Frattini", "quartiere": "Municipio Roma XII", "classificazione": "giallo", "score": 3, "note": "strada urbana senza ciclabile (1 corsie)", "ciclabile": "no", "n_corsie": "1", "senso_unico": "si", "n_testimonianze": "0", "municipio": "XII"}, "geometry": {"type": "MultiLineString", "coordinates": [[[12.447275, 41.8546955], [12.4472757, 41.8547751], [12.4472184, 41.8548795], [12.4471386, 41.8550094], [12.4471274, 41.8550257], [12.4470361, 41.8551466], [12.4467451, 41.855471], [12.4466967, 41.8555215], [12.44668, 41.8555348], [12.4466695, 41.8555401], [12.4466549, 41.8555449]], [[12.4465541, 41.855454], [12.4468411, 41.85515], [12.4470147, 41.8549555], [12.4470415, 41.8549316], [12.4470658, 41.8549135], [12.4471515, 41.8548567], [12.4471689, 41.8548367], [12.4472134, 41.8547613], [12.447275, 41.8546955]], [[12.447275, 41.8546955], [12.4473367, 41.854528]], [[12.4521644, 41.845796], [12.4521829, 41.8457369], [12.4522203, 41.8456946]], [[12.4527125, 41.8453723], [12.4527783, 41.8454191], [12.4527586, 41.845468], [12.4525527, 41.8456289], [12.4523739, 41.8457015], [12.4522801, 41.8457364]], [[12.4470147, 41.8549555], [12.4470454, 41.8549583], [12.4470792, 41.8549641], [12.447099, 41.8549723], [12.4471117, 41.8549805], [12.4471257, 41.8549934], [12.4471386, 41.8550094]], [[12.4527125, 41.8453723], [12.4524813, 41.8455626], [12.4522801, 41.8457364]], [[12.4498576, 41.8479714], [12.4498444, 41.8480677], [12.4498343, 41.8480948], [12.4498201, 41.8481238], [12.4497261, 41.8482986], [12.4496326, 41.8484764], [12.4495904, 41.8485685], [12.4495474, 41.8486686], [12.4495272, 41.8487342], [12.4494649, 41.8488999], [12.4492749, 41.8493916], [12.449249, 41.8494736]], [[12.4521644, 41.845796], [12.4518716, 41.8460285], [12.4515732, 41.8462943], [12.4508085, 41.8469725], [12.4503457, 41.847394]], [[12.4488109, 41.8496589], [12.448987, 41.8493329], [12.4492643, 41.8488257], [12.4493511, 41.8486751], [12.4494092, 41.8485901], [12.4495182, 41.8484393], [12.449724, 41.8480964], [12.4497432, 41.8480718], [12.4497596, 41.8480532], [12.4498576, 41.8479714]], [[12.4473367, 41.854528], [12.4475899, 41.8537893]], [[12.4500451, 41.8477219], [12.4498983, 41.8479168], [12.4498576, 41.8479714]], [[12.4500451, 41.8477219], [12.4500724, 41.8476212], [12.4501282, 41.8475599], [12.4502177, 41.8474642], [12.4503457, 41.847394]], [[12.4503457, 41.847394], [12.4502901, 41.8474894], [12.4502476, 41.8475446], [12.4502055, 41.8475942], [12.4501482, 41.847656], [12.4500451, 41.8477219]], [[12.4488987, 41.8503774], [12.4486997, 41.8509174], [12.4486791, 41.8509696], [12.4485324, 41.8513469], [12.4484786, 41.8514927], [12.4484633, 41.8515341]], [[12.449249, 41.8494736], [12.4490887, 41.8498788], [12.4490722, 41.8499239], [12.4488987, 41.8503774]], [[12.4478184, 41.8531305], [12.4479294, 41.8528194]], [[12.4475899, 41.8537893], [12.4477029, 41.8534687]], [[12.4479294, 41.8528194], [12.4479842, 41.8526611], [12.4480092, 41.8525936]], [[12.4477029, 41.8534687], [12.4476797, 41.8533468], [12.447698, 41.8532929], [12.4477028, 41.8532795], [12.447722, 41.8532259], [12.4477557, 41.8531875], [12.4478184, 41.8531305]], [[12.4478184, 41.8531305], [12.4478257, 41.8531943], [12.4478269, 41.8532237], [12.4478263, 41.8532446], [12.4478048, 41.8533117], [12.4477886, 41.8533662], [12.4477029, 41.8534687]], [[12.4480092, 41.8525936], [12.4480077, 41.8524593], [12.4480481, 41.8523429], [12.4480677, 41.852289], [12.4481144, 41.8521598], [12.4481413, 41.8520856], [12.4481655, 41.8520158], [12.4482269, 41.8518585], [12.4483529, 41.8515493], [12.4483628, 41.8515056], [12.4483895, 41.8513809], [12.4483996, 41.851322], [12.4484184, 41.8511995], [12.4484423, 41.8510616], [12.4484658, 41.8509214], [12.4485223, 41.8506039], [12.4486155, 41.8501101]], [[12.4484633, 41.8515341], [12.4484456, 41.8515768], [12.4483778, 41.8517484], [12.4483505, 41.8518226], [12.4482925, 41.8519831], [12.4482598, 41.8520646], [12.4482441, 41.8521051], [12.448166, 41.852309], [12.4480999, 41.8524852], [12.4480092, 41.8525936]], [[12.4522801, 41.8457364], [12.4522438, 41.845769], [12.4521644, 41.845796]], [[12.4522203, 41.8456946], [12.4523567, 41.8455584], [12.4526397, 41.8453237], [12.4527125, 41.8453723]], [[12.4486155, 41.8501101], [12.4487127, 41.8498659], [12.4488109, 41.8496589]], [[12.448989, 41.849824], [12.4490606, 41.8498634], [12.4490887, 41.8498788]], [[12.4490722, 41.8499239], [12.4489794, 41.8499168], [12.4489548, 41.8499149]], [[12.4494649, 41.8488999], [12.4494241, 41.8488984], [12.4493994, 41.8488999], [12.4493763, 41.8489022], [12.4493599, 41.8489064], [12.4493474, 41.8489139], [12.449335, 41.8489254], [12.4493277, 41.8489346], [12.4493216, 41.8489478], [12.4491634, 41.8493695], [12.448989, 41.849824], [12.4489548, 41.8499149], [12.4486054, 41.8508439], [12.4486081, 41.8508559], [12.4486148, 41.8508669], [12.4486383, 41.8508831], [12.4486645, 41.8508975], [12.4486997, 41.8509174]], [[12.4493511, 41.8486751], [12.449386, 41.8486711], [12.4494141, 41.8486716], [12.449443, 41.8486776], [12.4494624, 41.8486851], [12.4494928, 41.8487029], [12.4495272, 41.8487342]], [[12.448166, 41.852309], [12.4480677, 41.852289]], [[12.4483529, 41.8515493], [12.4484456, 41.8515768]], [[12.4485324, 41.8513469], [12.4484999, 41.8513536], [12.4484807, 41.8513549], [12.4484566, 41.8513514], [12.4484391, 41.8513444], [12.4484173, 41.8513332], [12.4483996, 41.851322]]]}}, {"type": "Feature", "properties": {"id": "SS-ROM-10722", "nome": "Via Pietro Maroncelli", "quartiere": "Municipio Roma XII", "classificazione": "giallo", "score": 3, "note": "strada urbana senza ciclabile (1 corsie)", "ciclabile": "no", "n_corsie": "1", "senso_unico": "si", "n_testimonianze": "0", "municipio": "XII"}, "geometry": {"type": "MultiLineString", "coordinates": [[[12.5969727, 41.7743908], [12.5967558, 41.7746573], [12.5966615, 41.7747438], [12.5965376, 41.774835], [12.5964099, 41.7749193], [12.5962913, 41.7749896], [12.596045, 41.7751362], [12.5956992, 41.7753192], [12.5949961, 41.7757129], [12.5948662, 41.7757801], [12.5942529, 41.7761174], [12.5941052, 41.7761986], [12.594064, 41.7762216], [12.5938243, 41.7763418], [12.5937549, 41.776378], [12.5934177, 41.7765541], [12.5933876, 41.7765698], [12.5933368, 41.7766026], [12.5932582, 41.7766533], [12.5930804, 41.776768], [12.5930716, 41.7767737], [12.5929667, 41.7768414], [12.5927975, 41.7769505], [12.5924282, 41.777193], [12.5921331, 41.7773927], [12.59171, 41.7776711], [12.5912987, 41.7779566], [12.5912106, 41.7780289], [12.5911507, 41.7780806], [12.5911159, 41.7781246], [12.5910792, 41.7781708], [12.5910446, 41.7782453], [12.5909277, 41.778548], [12.5909055, 41.7786508], [12.5908992, 41.778675], [12.5908861, 41.7788208], [12.5908981, 41.778969], [12.5909503, 41.7791398], [12.591103, 41.7794242], [12.5912487, 41.7797191], [12.5912678, 41.7797576]], [[12.4489829, 41.8554561], [12.4489951, 41.8554023], [12.4490114, 41.8553469], [12.449184, 41.8547185], [12.4491979, 41.8546678], [12.4492109, 41.8546181], [12.4493448, 41.8541089], [12.4495118, 41.8535456], [12.4496273, 41.8531266], [12.4496371, 41.8530915], [12.4496546, 41.8530294], [12.4496607, 41.8530081], [12.4496695, 41.8529738], [12.4496739, 41.8529517], [12.4496783, 41.8529156], [12.4496805, 41.8528883], [12.4496782, 41.8528143], [12.4496708, 41.8527374], [12.4496652, 41.8527015], [12.4496595, 41.8526776], [12.4496332, 41.852631], [12.4496083, 41.8525964], [12.4494998, 41.8524845], [12.4494152, 41.8524027]], [[12.5029183, 41.6672696], [12.5023723, 41.667111], [12.5023162, 41.6670947]], [[12.5010108, 41.6667067], [12.5011238, 41.6667407], [12.5011411, 41.6667459], [12.5015779, 41.666877], [12.5016152, 41.6668882], [12.501653, 41.6668996], [12.5023162, 41.6670947]], [[12.5966122, 41.7741381], [12.5967577, 41.7742404], [12.5968907, 41.7742877], [12.5969727, 41.7743908]]]}}, {"type": "Feature", "properties": {"id": "SS-ROM-10748", "nome": "Via Pietro Pozzi", "quartiere": "Municipio Roma XII", "classificazione": "giallo", "score": 3, "note": "strada urbana senza ciclabile", "ciclabile": "no", "n_corsie": "2", "senso_unico": "no", "n_testimonianze": "0", "municipio": "XII"}, "geometry": {"type": "LineString", "coordinates": [[12.4200508, 41.8614756], [12.4195619, 41.8616667], [12.4187097, 41.8620353], [12.4189099, 41.8625457]]}}, {"type": "Feature", "properties": {"id": "SS-ROM-10757", "nome": "Via Pietro Rondoni", "quartiere": "Municipio Roma XII", "classificazione": "giallo", "score": 3, "note": "strada urbana senza ciclabile", "ciclabile": "no", "n_corsie": "2", "senso_unico": "no", "n_testimonianze": "0", "municipio": "XII"}, "geometry": {"type": "MultiLineString", "coordinates": [[[12.3589686, 41.8746812], [12.3582255, 41.8750901], [12.3582076, 41.8750994], [12.3581893, 41.8751069], [12.3581679, 41.8751126], [12.3581435, 41.8751141], [12.3581147, 41.8751118], [12.3580889, 41.875107], [12.3580631, 41.8750983], [12.3580485, 41.8750911], [12.3580324, 41.8750808], [12.3580201, 41.8750716], [12.3577322, 41.8748], [12.3575103, 41.8745869], [12.3567975, 41.8739125]], [[12.3567975, 41.8739125], [12.3565237, 41.873682]]]}}, {"type": "Feature", "properties": {"id": "SS-ROM-10781", "nome": "Via Pietro Valdoni", "quartiere": "Municipio Roma XII", "classificazione": "giallo", "score": 3, "note": "strada urbana senza ciclabile", "ciclabile": "no", "n_corsie": "2", "senso_unico": "no", "n_testimonianze": "0", "municipio": "XII"}, "geometry": {"type": "LineString", "coordinates": [[12.441424, 41.8680217], [12.441526, 41.8679947], [12.4425612, 41.8677265]]}}, {"type": "Feature", "properties": {"id": "SS-ROM-10798", "nome": "Via Pieve Santo Stefano", "quartiere": "Municipio Roma XII", "classificazione": "giallo", "score": 3, "note": "strada urbana senza ciclabile", "ciclabile": "no", "n_corsie": "2", "senso_unico": "no", "n_testimonianze": "0", "municipio": "XII"}, "geometry": {"type": "LineString", "coordinates": [[12.4326024, 41.8504446], [12.4328532, 41.8501669], [12.4328733, 41.8501529], [12.4328987, 41.8501409], [12.4329296, 41.8501319], [12.4329551, 41.8501269], [12.4329899, 41.8501269], [12.4330168, 41.8501299], [12.4330422, 41.8501369], [12.4330664, 41.8501469], [12.4330916, 41.8501647], [12.4331264, 41.8502132], [12.4331551, 41.8502796], [12.4331901, 41.8503948], [12.4331974, 41.8504114], [12.4332087, 41.850427], [12.4332246, 41.8504383], [12.4332472, 41.8504475], [12.4345898, 41.8508498], [12.4348529, 41.8509264]]}}, {"type": "Feature", "properties": {"id": "SS-ROM-10822", "nome": "Via Pio Foà", "quartiere": "Municipio Roma XII", "classificazione": "giallo", "score": 3, "note": "strada urbana senza ciclabile (2 corsie)", "ciclabile": "no", "n_corsie": "2", "senso_unico": "no", "n_testimonianze": "0", "municipio": "XII"}, "geometry": {"type": "MultiLineString", "coordinates": [[[12.4476654, 41.878405], [12.4477567, 41.8784741], [12.4479827, 41.8786449], [12.4481349, 41.8787605], [12.4481545, 41.8787776], [12.448206, 41.8788201], [12.4482499, 41.8788564]], [[12.449476, 41.8798912], [12.4495599, 41.8799397], [12.4495949, 41.8799625], [12.4496263, 41.8799852], [12.4497924, 41.8801218], [12.4498533, 41.8801715], [12.449939, 41.880229], [12.4500933, 41.8803384]], [[12.4498956, 41.8802622], [12.449847, 41.8802355], [12.4498145, 41.8802181], [12.4497908, 41.8802042], [12.4497712, 41.8801911], [12.449753, 41.8801789], [12.4495843, 41.8800061], [12.4495613, 41.8799839], [12.4495302, 41.8799521], [12.449476, 41.8798912]], [[12.4482499, 41.8788564], [12.4484637, 41.8790398], [12.4490679, 41.8795583], [12.449476, 41.8798912]], [[12.4500933, 41.8803384], [12.4498956, 41.8802622]]]}}, {"type": "Feature", "properties": {"id": "SS-ROM-10837", "nome": "Via Pio Teodorani", "quartiere": "Municipio Roma XII", "classificazione": "giallo", "score": 3, "note": "strada urbana senza ciclabile", "ciclabile": "no", "n_corsie": "2", "senso_unico": "si", "n_testimonianze": "0", "municipio": "XII"}, "geometry": {"type": "LineString", "coordinates": [[12.4429945, 41.8419649], [12.442733, 41.8419767], [12.4424249, 41.8419647], [12.441951, 41.8419149], [12.4417867, 41.8418976]]}}, {"type": "Feature", "properties": {"id": "SS-ROM-10853", "nome": "Via Piscinas", "quartiere": "Municipio Roma XII", "classificazione": "giallo", "score": 3, "note": "strada urbana senza ciclabile", "ciclabile": "no", "n_corsie": "2", "senso_unico": "si", "n_testimonianze": "0", "municipio": "XII"}, "geometry": {"type": "MultiLineString", "coordinates": [[[12.3535383, 41.833895], [12.351501, 41.8342131], [12.3504828, 41.8344199], [12.3502864, 41.8344717]], [[12.3502864, 41.8344717], [12.3502139, 41.8345526], [12.3501726, 41.8346188], [12.3501602, 41.834705], [12.3501953, 41.8348097], [12.3502548, 41.8349291]], [[12.3496042, 41.8346323], [12.3498513, 41.8346114], [12.3499636, 41.834593], [12.3500982, 41.8345481], [12.3502864, 41.8344717]]]}}, {"type": "Feature", "properties": {"id": "SS-ROM-10863", "nome": "Via Pitigliano", "quartiere": "Municipio Roma XII", "classificazione": "giallo", "score": 3, "note": "strada urbana senza ciclabile", "ciclabile": "no", "n_corsie": "2", "senso_unico": "si", "n_testimonianze": "0", "municipio": "XII"}, "geometry": {"type": "LineString", "coordinates": [[12.4371404, 41.8399624], [12.4372121, 41.8399735], [12.437355, 41.8399968], [12.4374466, 41.840011], [12.437996, 41.8400755], [12.4382712, 41.8401083], [12.4385088, 41.8401332], [12.4385534, 41.8401383]]}}, {"type": "Feature", "properties": {"id": "SS-ROM-10884", "nome": "Via Poggibonsi", "quartiere": "Municipio Roma XII", "classificazione": "giallo", "score": 3, "note": "strada urbana senza ciclabile", "ciclabile": "no", "n_corsie": "2", "senso_unico": "no", "n_testimonianze": "0", "municipio": "XII"}, "geometry": {"type": "MultiLineString", "coordinates": [[[12.4369097, 41.8322015], [12.436915, 41.8323325], [12.4369377, 41.8328867], [12.4369901, 41.8335564], [12.4369559, 41.8338211]], [[12.4368349, 41.8315131], [12.4362414, 41.8315371], [12.4362795, 41.8321004], [12.4362902, 41.8321763], [12.4363109, 41.8322463], [12.4365557, 41.8328828], [12.4369377, 41.8328867]]]}}, {"type": "Feature", "properties": {"id": "SS-ROM-10898", "nome": "Via Poggio Verde", "quartiere": "Municipio Roma XII", "classificazione": "giallo", "score": 3, "note": "strada urbana senza ciclabile (2 corsie)", "ciclabile": "no", "n_corsie": "2", "senso_unico": "si", "n_testimonianze": "0", "municipio": "XII"}, "geometry": {"type": "MultiLineString", "coordinates": [[[12.4183825, 41.8567833], [12.4181222, 41.8566767], [12.4178129, 41.856543], [12.4172219, 41.8562867], [12.4168644, 41.8561295], [12.4166531, 41.8560373], [12.4161496, 41.8558232], [12.4157349, 41.8556336], [12.4157176, 41.8556257], [12.4156953, 41.8556138], [12.415668, 41.8555993], [12.4156331, 41.8555748], [12.4156036, 41.8555538], [12.4155794, 41.8555328], [12.4155243, 41.8554877], [12.4154077, 41.8553996], [12.415293, 41.8553275], [12.4152652, 41.85531]], [[12.4183825, 41.8567833], [12.4186017, 41.8567893], [12.4188069, 41.8567918]], [[12.4199979, 41.8569397], [12.4199713, 41.856936], [12.419938, 41.8569343], [12.4199174, 41.8569353], [12.4198893, 41.8569379], [12.4195155, 41.8569913], [12.4194316, 41.8569993], [12.4193755, 41.8570002], [12.4193133, 41.8569988], [12.419189, 41.8569929], [12.4190576, 41.856985], [12.4189831, 41.8569798]], [[12.4189831, 41.8569798], [12.4189041, 41.8569258], [12.4188783, 41.8569011], [12.4188571, 41.8568764], [12.4188308, 41.8568376], [12.4188069, 41.8567918]], [[12.4194289, 41.8568316], [12.4194565, 41.8568492], [12.4194736, 41.8568619], [12.4194879, 41.8568774], [12.4194979, 41.8568949], [12.4195045, 41.85691], [12.4195054, 41.8569251], [12.4195043, 41.856936], [12.4194982, 41.8569515], [12.4194849, 41.8569658], [12.4194653, 41.85698], [12.4194316, 41.8569993]], [[12.4145303, 41.8572563], [12.4164254, 41.8565808], [12.4167495, 41.8564653], [12.417135, 41.8563166], [12.4172219, 41.8562867]], [[12.4145811, 41.8548311], [12.4143472, 41.8547092], [12.4142239, 41.8546461], [12.4141353, 41.8546008], [12.4139314, 41.8545078], [12.4139014, 41.8544881], [12.4138741, 41.8544643], [12.4138468, 41.8544356], [12.4138248, 41.8544049], [12.4136952, 41.8541567], [12.4136767, 41.8540977], [12.4135324, 41.8537432]], [[12.4150621, 41.8551929], [12.4149085, 41.8550801], [12.4147526, 41.854962], [12.4145811, 41.8548311]], [[12.4108308, 41.8472369], [12.4108524, 41.8471604], [12.410872, 41.8470951], [12.4108861, 41.8470574], [12.4109001, 41.8470289], [12.4109283, 41.8469794], [12.4109534, 41.8469449], [12.4109807, 41.8469161], [12.4110156, 41.8468861], [12.4110537, 41.8468585], [12.4110948, 41.8468331], [12.4111627, 41.8467978]], [[12.4189831, 41.8569798], [12.4188989, 41.8569718], [12.4188271, 41.8569606], [12.4187728, 41.8569485], [12.4187309, 41.8569363], [12.4186575, 41.856908], [12.4183825, 41.8567833]], [[12.4188069, 41.8567918], [12.4192203, 41.8568103]], [[12.4192203, 41.8568103], [12.4194289, 41.8568316], [12.4198609, 41.8568455], [12.4199197, 41.8568468], [12.4200244, 41.8568478]], [[12.4186575, 41.856908], [12.4186372, 41.8569384], [12.4186161, 41.8569648], [12.4185223, 41.857011], [12.4180587, 41.8569823], [12.4178082, 41.856967]], [[12.4133987, 41.8534148], [12.4132563, 41.8530664], [12.412996, 41.8524335], [12.412844, 41.8520622]], [[12.4119634, 41.8499522], [12.411805, 41.8495668], [12.4115668, 41.8489869], [12.4114225, 41.8486398]], [[12.4112868, 41.8483134], [12.4112015, 41.8481082], [12.4111367, 41.8479603], [12.411093, 41.8478604], [12.4108724, 41.8473402], [12.4108308, 41.8472369]], [[12.412723, 41.851775], [12.4127162, 41.8517588], [12.4125729, 41.8514185], [12.4125024, 41.8512495], [12.4123203, 41.8508173], [12.4123122, 41.8507977]], [[12.4123122, 41.8507977], [12.4122929, 41.8507522]], [[12.4122929, 41.8507522], [12.4122828, 41.8507282], [12.4122499, 41.8506497], [12.4121068, 41.8503014]]]}}, {"type": "Feature", "properties": {"id": "SS-ROM-10950", "nome": "Via Ponsacco", "quartiere": "Municipio Roma XII", "classificazione": "giallo", "score": 3, "note": "strada urbana senza ciclabile", "ciclabile": "no", "n_corsie": "2", "senso_unico": "no", "n_testimonianze": "0", "municipio": "XII"}, "geometry": {"type": "LineString", "coordinates": [[12.4309388, 41.8465221], [12.4312392, 41.8465842], [12.4314982, 41.8466189]]}}, {"type": "Feature", "properties": {"id": "SS-ROM-10951", "nome": "Via Ponte Buggianese", "quartiere": "Municipio Roma XII", "classificazione": "giallo", "score": 3, "note": "strada urbana senza ciclabile", "ciclabile": "no", "n_corsie": "2", "senso_unico": "no", "n_testimonianze": "0", "municipio": "XII"}, "geometry": {"type": "LineString", "coordinates": [[12.4277773, 41.841593], [12.4281003, 41.842428]]}}, {"type": "Feature", "properties": {"id": "SS-ROM-10974", "nome": "Via Poppi", "quartiere": "Municipio Roma XII", "classificazione": "giallo", "score": 3, "note": "strada urbana senza ciclabile", "ciclabile": "no", "n_corsie": "2", "senso_unico": "no", "n_testimonianze": "0", "municipio": "XII"}, "geometry": {"type": "LineString", "coordinates": [[12.4253334, 41.8422664], [12.4253207, 41.8422406], [12.4249764, 41.8415432]]}}, {"type": "Feature", "properties": {"id": "SS-ROM-11010", "nome": "Via Prati Madonna", "quartiere": "Municipio Roma XII", "classificazione": "giallo", "score": 3, "note": "strada urbana senza ciclabile", "ciclabile": "no", "n_corsie": "2", "senso_unico": "no", "n_testimonianze": "0", "municipio": "XII"}, "geometry": {"type": "MultiLineString", "coordinates": [[[12.2861179, 41.8841673], [12.2871488, 41.8835724], [12.2872746, 41.8835099], [12.2874161, 41.8834436], [12.2875524, 41.8833853], [12.2876883, 41.883347], [12.2878592, 41.8833046], [12.2879969, 41.8832819], [12.2907453, 41.8828792], [12.2909389, 41.8828457], [12.2910885, 41.8828092], [12.2912301, 41.8827686], [12.2913116, 41.8827331], [12.2913716, 41.8826896], [12.2913826, 41.8826742], [12.2914006, 41.8826493], [12.2914272, 41.8825826], [12.2914218, 41.8824668], [12.2914123, 41.8824128], [12.2914002, 41.8823609], [12.2913823, 41.8823067], [12.2913618, 41.8822546], [12.2904748, 41.8806877], [12.2902554, 41.880424], [12.2897412, 41.8800524], [12.2889611, 41.8794893], [12.2885817, 41.87886], [12.2885202, 41.8786951], [12.2884908, 41.8785062], [12.2885152, 41.8783891], [12.288545, 41.8782881], [12.2886345, 41.8781963], [12.2887293, 41.8781204], [12.2889959, 41.8779778], [12.2914158, 41.8769317], [12.291845, 41.8766953], [12.2920767, 41.8764396], [12.2924781, 41.8740435]], [[12.2985541, 41.8607516], [12.2985779, 41.8609743], [12.2988987, 41.8617365], [12.2989578, 41.8618648], [12.300285, 41.8629557], [12.301382, 41.8641771], [12.3025025, 41.864578], [12.3030456, 41.8647723], [12.3045975, 41.8654805], [12.3053832, 41.8662289], [12.3061916, 41.8671088], [12.3063436, 41.8671668], [12.3065147, 41.8671468], [12.3065885, 41.8670745], [12.3066225, 41.8669117], [12.3064386, 41.8660955], [12.3064931, 41.8659968], [12.3066254, 41.8660052], [12.3076339, 41.8674173]], [[12.3076339, 41.8674173], [12.3077557, 41.8674842], [12.3082412, 41.8676062], [12.3097762, 41.8675454], [12.3103415, 41.867332], [12.3105818, 41.8670636], [12.3108737, 41.8668527], [12.3127019, 41.8662327], [12.3131617, 41.8660647]], [[12.3131617, 41.8660647], [12.3136244, 41.8660278], [12.3137251, 41.8660223], [12.3138204, 41.8660209], [12.3139174, 41.8660226], [12.3140091, 41.8660283], [12.3153734, 41.8662061], [12.3154699, 41.8662224], [12.3155557, 41.8662427], [12.3156445, 41.8662675], [12.3157225, 41.8662963], [12.3161716, 41.8664931], [12.3162378, 41.8665187], [12.3162987, 41.8665383], [12.3163579, 41.8665542], [12.3164117, 41.8665641], [12.31659, 41.8665842], [12.3167143, 41.8666016], [12.3167825, 41.866615], [12.3168628, 41.8666338], [12.3169457, 41.8666585], [12.3170166, 41.8666858], [12.3171928, 41.8667489]], [[12.2924781, 41.8740435], [12.2924925, 41.8739722], [12.2924967, 41.8739352], [12.2925049, 41.873816], [12.2924915, 41.8736862], [12.2924512, 41.8734359], [12.2922555, 41.8726532]], [[12.2836318, 41.8887839], [12.2848621, 41.8849945], [12.2848824, 41.8849443], [12.2849058, 41.8848958], [12.2849318, 41.8848513], [12.2849767, 41.8848088], [12.2850215, 41.8847723], [12.2850736, 41.8847371], [12.2861179, 41.8841673]], [[12.2922555, 41.8726532], [12.2922453, 41.8726118], [12.2922037, 41.8724452], [12.2922353, 41.8716087], [12.2921947, 41.8713604], [12.2920664, 41.871215], [12.2917036, 41.870804], [12.2912546, 41.8704646], [12.2909049, 41.8703018], [12.2900683, 41.8700818], [12.2896139, 41.869845], [12.288878, 41.8691887], [12.2886575, 41.8687167], [12.2882871, 41.8677963], [12.2882257, 41.8674915], [12.2882563, 41.8673448], [12.2885297, 41.8670252], [12.2891237, 41.8665704], [12.2894774, 41.8662416], [12.2894937, 41.8662269], [12.2933385, 41.8615328], [12.2936283, 41.8610906], [12.2938515, 41.8605569], [12.2938731, 41.8605053], [12.2939835, 41.8604263], [12.2941149, 41.8603719], [12.2942696, 41.860317], [12.295663, 41.8598938], [12.2958805, 41.859846], [12.2960152, 41.8598435], [12.2961775, 41.8598728], [12.2966764, 41.8600592], [12.2971914, 41.860267], [12.2977406, 41.8604667], [12.2980222, 41.8605686], [12.2982639, 41.8606386], [12.2985541, 41.8607516]]]}}, {"type": "Feature", "properties": {"id": "SS-ROM-11121", "nome": "Via Raciliana", "quartiere": "Municipio Roma XII", "classificazione": "giallo", "score": 3, "note": "strada urbana senza ciclabile", "ciclabile": "no", "n_corsie": "2", "senso_unico": "no", "n_testimonianze": "0", "municipio": "XII"}, "geometry": {"type": "LineString", "coordinates": [[12.4450042, 41.8562704], [12.4453975, 41.8559738], [12.4454533, 41.8559317]]}}, {"type": "Feature", "properties": {"id": "SS-ROM-11128", "nome": "Via Raffaele Battistini", "quartiere": "Municipio Roma XII", "classificazione": "giallo", "score": 3, "note": "strada urbana senza ciclabile (2 corsie)", "ciclabile": "no", "n_corsie": "2", "senso_unico": "no", "n_testimonianze": "0", "municipio": "XII"}, "geometry": {"type": "LineString", "coordinates": [[12.4465677, 41.866654], [12.4465922, 41.8666017], [12.4466336, 41.8664444], [12.4466548, 41.8663413], [12.4466638, 41.8662905], [12.4466687, 41.8662272], [12.4466693, 41.8661359], [12.4466686, 41.8660466], [12.4466618, 41.8659596], [12.4466544, 41.8659198], [12.446647, 41.865883], [12.4466352, 41.8658427], [12.4466178, 41.8657908], [12.4465112, 41.8655272], [12.4464396, 41.8653634], [12.4463706, 41.8652029], [12.4463291, 41.8650593], [12.4462938, 41.8649364], [12.4462743, 41.8648318], [12.4462637, 41.8647318], [12.4462521, 41.8644358], [12.446262, 41.8643198], [12.4462814, 41.8641988], [12.4462935, 41.864131], [12.446311, 41.8640553], [12.4463514, 41.8639337], [12.446385, 41.8638487], [12.4466049, 41.8634215], [12.4466926, 41.8632861], [12.4469344, 41.8628585], [12.4469694, 41.8627982], [12.4470257, 41.8626948]]}}, {"type": "Feature", "properties": {"id": "SS-ROM-11169", "nome": "Via Raffaello Santarelli", "quartiere": "Municipio Roma XII", "classificazione": "giallo", "score": 3, "note": "strada urbana senza ciclabile", "ciclabile": "no", "n_corsie": "2", "senso_unico": "no", "n_testimonianze": "0", "municipio": "XII"}, "geometry": {"type": "LineString", "coordinates": [[12.4392033, 41.8559677], [12.4390244, 41.8557083], [12.4388779, 41.8555043], [12.4387582, 41.8553748], [12.4386981, 41.8553229], [12.4386259, 41.8552849], [12.4385348, 41.8552617], [12.4384289, 41.8552506], [12.4377205, 41.8552328]]}}, {"type": "Feature", "properties": {"id": "SS-ROM-11182", "nome": "Via Raimondo d'Aronco", "quartiere": "Municipio Roma XII", "classificazione": "giallo", "score": 3, "note": "strada urbana senza ciclabile (2 corsie)", "ciclabile": "no", "n_corsie": "2", "senso_unico": "no", "n_testimonianze": "0", "municipio": "XII"}, "geometry": {"type": "LineString", "coordinates": [[12.3997229, 41.8725643], [12.4001079, 41.8730266], [12.4006796, 41.873713], [12.4009193, 41.8740007], [12.4014653, 41.874656], [12.4015282, 41.8747218], [12.4015448, 41.8747334], [12.4015681, 41.8747411], [12.4015914, 41.8747432], [12.401616, 41.8747414], [12.4016409, 41.8747374], [12.4016734, 41.8747307], [12.4017334, 41.8747116], [12.4021484, 41.8745426], [12.4023898, 41.8744534], [12.402437, 41.8744343]]}}, {"type": "Feature", "properties": {"id": "SS-ROM-11236", "nome": "Via Rendola", "quartiere": "Municipio Roma XII", "classificazione": "giallo", "score": 3, "note": "strada urbana senza ciclabile", "ciclabile": "no", "n_corsie": "2", "senso_unico": "no", "n_testimonianze": "0", "municipio": "XII"}, "geometry": {"type": "LineString", "coordinates": [[12.4412816, 41.8321449], [12.440285, 41.8318099], [12.4396933, 41.8327486], [12.439667, 41.8327877], [12.4396335, 41.8328202], [12.4396014, 41.8328391], [12.4395641, 41.8328551], [12.4395169, 41.8328629], [12.4394055, 41.8328766], [12.4392528, 41.8329342]]}}, {"type": "Feature", "properties": {"id": "SS-ROM-11257", "nome": "Via Riccardo Bachi", "quartiere": "Municipio Roma XII", "classificazione": "giallo", "score": 3, "note": "strada urbana senza ciclabile", "ciclabile": "no", "n_corsie": "2", "senso_unico": "no", "n_testimonianze": "0", "municipio": "XII"}, "geometry": {"type": "LineString", "coordinates": [[12.345981, 41.8766258], [12.3463008, 41.8772784], [12.346305, 41.8775305], [12.3463238, 41.8776236], [12.3465698, 41.8781635], [12.3468091, 41.8786595], [12.3470319, 41.8791535]]}}, {"type": "Feature", "properties": {"id": "SS-ROM-11262", "nome": "Via Riccardo Dalla Vedova", "quartiere": "Municipio Roma XII", "classificazione": "giallo", "score": 3, "note": "strada urbana senza ciclabile", "ciclabile": "no", "n_corsie": "2", "senso_unico": "no", "n_testimonianze": "0", "municipio": "XII"}, "geometry": {"type": "MultiLineString", "coordinates": [[[12.349715, 41.8790523], [12.3499724, 41.8790295], [12.350149, 41.8790109], [12.3504168, 41.878976], [12.3505467, 41.8789584], [12.3507937, 41.8789258], [12.351307, 41.8788562]], [[12.3504039, 41.8781239], [12.3505467, 41.8789584]], [[12.351307, 41.8788562], [12.3512305, 41.878346]]]}}, {"type": "Feature", "properties": {"id": "SS-ROM-11285", "nome": "Via Rifredi", "quartiere": "Municipio Roma XII", "classificazione": "giallo", "score": 3, "note": "strada urbana senza ciclabile", "ciclabile": "no", "n_corsie": "2", "senso_unico": "no", "n_testimonianze": "0", "municipio": "XII"}, "geometry": {"type": "LineString", "coordinates": [[12.4212642, 41.8362153], [12.421218, 41.8361845], [12.4211451, 41.8361361], [12.4210679, 41.8360854], [12.4210142, 41.8360504], [12.4209701, 41.8360267], [12.4209233, 41.836003], [12.4208772, 41.8359833], [12.4208284, 41.8359636], [12.4207409, 41.835933], [12.4206547, 41.8359105], [12.4204824, 41.8358773], [12.4201693, 41.8358241], [12.4201018, 41.8358078], [12.4200425, 41.835788], [12.4199724, 41.8357592], [12.4199103, 41.8357334], [12.4197255, 41.8356421], [12.419618, 41.8355816], [12.4195583, 41.8355563], [12.4195342, 41.8355478], [12.4194942, 41.8355404], [12.419457, 41.835541], [12.4194152, 41.8355481], [12.4193788, 41.8355613], [12.419343, 41.8355789], [12.4193126, 41.8356005], [12.4192281, 41.8356899], [12.418817, 41.8362305], [12.4187932, 41.8362579], [12.4187765, 41.8362786], [12.4187526, 41.8362996], [12.4187261, 41.8363159], [12.4186884, 41.8363352], [12.4186545, 41.8363501], [12.418274, 41.8365366], [12.4182259, 41.8365524], [12.4181978, 41.836555], [12.4181704, 41.8365497], [12.4181397, 41.8365338], [12.4181082, 41.8365061]]}}, {"type": "Feature", "properties": {"id": "SS-ROM-11323", "nome": "Via Rita Tonoli", "quartiere": "Municipio Roma XII", "classificazione": "giallo", "score": 3, "note": "strada urbana senza ciclabile (1 corsie)", "ciclabile": "no", "n_corsie": "1", "senso_unico": "si", "n_testimonianze": "0", "municipio": "XII"}, "geometry": {"type": "LineString", "coordinates": [[12.4407646, 41.8734359], [12.4405754, 41.8727311], [12.4405559, 41.8726655]]}}, {"type": "Feature", "properties": {"id": "SS-ROM-11347", "nome": "Via Roberto Alessandri", "quartiere": "Municipio Roma XII", "classificazione": "giallo", "score": 3, "note": "strada urbana senza ciclabile (2 corsie)", "ciclabile": "no", "n_corsie": "2", "senso_unico": "si", "n_testimonianze": "0", "municipio": "XII"}, "geometry": {"type": "MultiLineString", "coordinates": [[[12.4385767, 41.868343], [12.4386765, 41.8683284], [12.4391409, 41.8682605], [12.439414, 41.8682253], [12.4395033, 41.8682086], [12.4395855, 41.8681902], [12.439668, 41.868164], [12.4397536, 41.8681338], [12.4398404, 41.8680983], [12.439921, 41.8680629], [12.4407006, 41.8677179], [12.4409017, 41.867631]], [[12.4409017, 41.867631], [12.4409779, 41.8675976], [12.442612, 41.8668569], [12.4427811, 41.8667889], [12.4428434, 41.8667697], [12.44291, 41.8667533], [12.4429758, 41.8667374], [12.4430363, 41.8667241], [12.4431568, 41.8667021], [12.4432859, 41.8666769], [12.4434177, 41.8666571], [12.443482, 41.8666488], [12.443543, 41.8666429], [12.4436329, 41.8666355], [12.4438221, 41.8666313], [12.4439091, 41.8666311], [12.4440492, 41.8666356]]]}}, {"type": "Feature", "properties": {"id": "SS-ROM-11397", "nome": "Via Roccalbegna", "quartiere": "Municipio Roma XII", "classificazione": "giallo", "score": 3, "note": "strada urbana senza ciclabile", "ciclabile": "no", "n_corsie": "2", "senso_unico": "no", "n_testimonianze": "0", "municipio": "XII"}, "geometry": {"type": "LineString", "coordinates": [[12.4247103, 41.8424349], [12.4247233, 41.8424622], [12.4255237, 41.8441477]]}}, {"type": "Feature", "properties": {"id": "SS-ROM-11554", "nome": "Via Sabatino Moscati", "quartiere": "Municipio Roma XII", "classificazione": "giallo", "score": 3, "note": "strada urbana senza ciclabile", "ciclabile": "no", "n_corsie": "2", "senso_unico": "no", "n_testimonianze": "0", "municipio": "XII"}, "geometry": {"type": "LineString", "coordinates": [[12.4334345, 41.8745488], [12.433247, 41.8742961], [12.4331659, 41.8741886], [12.4331162, 41.8741301], [12.4330916, 41.8741012]]}}, {"type": "Feature", "properties": {"id": "SS-ROM-11606", "nome": "Via Salvatore Ottolenghi", "quartiere": "Municipio Roma XII", "classificazione": "giallo", "score": 3, "note": "strada urbana senza ciclabile", "ciclabile": "no", "n_corsie": "2", "senso_unico": "no", "n_testimonianze": "0", "municipio": "XII"}, "geometry": {"type": "MultiLineString", "coordinates": [[[12.2560197, 41.8771418], [12.2565797, 41.8756442], [12.2575683, 41.8725272]], [[12.2575683, 41.8725272], [12.2576843, 41.8719338], [12.2579526, 41.871071], [12.2585427, 41.8691376], [12.2588538, 41.8683067], [12.2591757, 41.8673918], [12.2597554, 41.8667228], [12.2596302, 41.8666659]], [[12.2591934, 41.8664205], [12.2591541, 41.8663793], [12.2591757, 41.8663012], [12.2593259, 41.8661814], [12.2595082, 41.8659816], [12.2596193, 41.8658201], [12.2597839, 41.8652755]], [[12.262983, 41.8609965], [12.2634914, 41.8610278], [12.2634511, 41.85911], [12.2635047, 41.8589782], [12.2635691, 41.8588383], [12.2636871, 41.8586825], [12.2658991, 41.8563202], [12.2715135, 41.8503241], [12.2752898, 41.8482739], [12.2824832, 41.8403036], [12.2825758, 41.839945], [12.282189, 41.8377395], [12.2822167, 41.8375926], [12.2823072, 41.8374553], [12.2823821, 41.8373875], [12.2826646, 41.8371526], [12.2829897, 41.8368546], [12.2831865, 41.8366497]], [[12.2624167, 41.8609621], [12.262983, 41.8609965]], [[12.2596302, 41.8666659], [12.2591934, 41.8664205]], [[12.2590383, 41.8645348], [12.2589395, 41.8644449], [12.2589198, 41.864427], [12.2587803, 41.8641673], [12.2587948, 41.8638723], [12.2588633, 41.863754], [12.2590637, 41.8635378]], [[12.2597839, 41.8652755], [12.2598408, 41.8650628]], [[12.2590637, 41.8635378], [12.2591243, 41.8634692]], [[12.2591243, 41.8634692], [12.2614127, 41.8610527], [12.2616272, 41.8609558], [12.2619115, 41.8609319], [12.2624167, 41.8609621]], [[12.2591925, 41.8646252], [12.2590383, 41.8645348]], [[12.2598408, 41.8650628], [12.2597604, 41.8649829], [12.2595297, 41.8648111], [12.2591925, 41.8646252]]]}}, {"type": "Feature", "properties": {"id": "SS-ROM-11609", "nome": "Via Salvatore Riccobono", "quartiere": "Municipio Roma XII", "classificazione": "giallo", "score": 3, "note": "strada urbana senza ciclabile", "ciclabile": "no", "n_corsie": "2", "senso_unico": "no", "n_testimonianze": "0", "municipio": "XII"}, "geometry": {"type": "LineString", "coordinates": [[12.3550737, 41.8692285], [12.3550394, 41.8686165]]}}, {"type": "Feature", "properties": {"id": "SS-ROM-11610", "nome": "Via Salvatore Satta", "quartiere": "Municipio Roma XII", "classificazione": "giallo", "score": 3, "note": "strada urbana senza ciclabile", "ciclabile": "no", "n_corsie": "2", "senso_unico": "no", "n_testimonianze": "0", "municipio": "XII"}, "geometry": {"type": "LineString", "coordinates": [[12.4486773, 41.8366386], [12.4487645, 41.8366142], [12.4488118, 41.8366102], [12.4488618, 41.8366183], [12.4489145, 41.8366303], [12.4489591, 41.8366483], [12.4492482, 41.8368194], [12.4493039, 41.8368473], [12.4494059, 41.8369169], [12.4494801, 41.8369916], [12.4495408, 41.8370783], [12.4501009, 41.8377937], [12.4501204, 41.8378134], [12.4501518, 41.8378356], [12.450201, 41.8378589], [12.4502604, 41.8378817], [12.4502922, 41.8378922], [12.4503358, 41.8379089], [12.450372, 41.8379256], [12.4504063, 41.837947], [12.4504479, 41.8379802], [12.4504727, 41.8380019], [12.4505077, 41.8380382], [12.4505368, 41.838072], [12.4505557, 41.838102], [12.450581, 41.838156], [12.4505987, 41.8381993], [12.4506278, 41.8383088], [12.4506349, 41.8383365], [12.450636, 41.8383665], [12.4506321, 41.8383927], [12.4506223, 41.8384212], [12.4506034, 41.8384453], [12.4505795, 41.8384694], [12.4505505, 41.8384916], [12.4505165, 41.8385137], [12.4504555, 41.8385364], [12.4504049, 41.838549], [12.4500189, 41.8386364]]}}, {"type": "Feature", "properties": {"id": "SS-ROM-11629", "nome": "Via Samugheo", "quartiere": "Municipio Roma XII", "classificazione": "giallo", "score": 3, "note": "strada urbana senza ciclabile", "ciclabile": "no", "n_corsie": "2", "senso_unico": "no", "n_testimonianze": "0", "municipio": "XII"}, "geometry": {"type": "LineString", "coordinates": [[12.3473476, 41.846348], [12.3443091, 41.8422028]]}}, {"type": "Feature", "properties": {"id": "SS-ROM-11673", "nome": "Via San Giovanni Eudes", "quartiere": "Municipio Roma XII", "classificazione": "giallo", "score": 3, "note": "strada urbana senza ciclabile (2 corsie)", "ciclabile": "no", "n_corsie": "2", "senso_unico": "si", "n_testimonianze": "0", "municipio": "XII"}, "geometry": {"type": "MultiLineString", "coordinates": [[[12.4068479, 41.8744925], [12.406894, 41.8744997], [12.4069783, 41.8745183], [12.4070626, 41.8745385], [12.4072806, 41.8745908], [12.4075253, 41.8746484], [12.4078006, 41.8747141], [12.4080289, 41.8747692], [12.4081402, 41.8747937], [12.4082386, 41.8748143], [12.4084507, 41.874851], [12.4085266, 41.8748598], [12.4085869, 41.8748677], [12.4086353, 41.8748715], [12.408679, 41.8748745], [12.408729, 41.874876], [12.4087757, 41.874877], [12.4088198, 41.8748757], [12.4088669, 41.8748734], [12.4089178, 41.8748703], [12.408967, 41.8748659], [12.4090251, 41.87486], [12.4090693, 41.874855], [12.4091116, 41.8748501], [12.4091444, 41.8748445], [12.4091807, 41.8748377], [12.4092378, 41.8748248], [12.4092738, 41.8748151], [12.4093031, 41.8748056], [12.4093312, 41.8747934], [12.4093571, 41.8747796], [12.4093758, 41.8747688], [12.4093918, 41.8747574], [12.4094093, 41.8747422], [12.4094317, 41.8747162], [12.4094429, 41.8746998], [12.4094504, 41.8746817], [12.4094535, 41.8746645], [12.4094555, 41.874647], [12.4094537, 41.8746306], [12.4094513, 41.8746156], [12.4094435, 41.8745985], [12.4094332, 41.8745815], [12.409424, 41.8745686], [12.4094113, 41.874555], [12.4093859, 41.8745338], [12.4093668, 41.8745212], [12.4093442, 41.8745093], [12.4092974, 41.8744883], [12.4092524, 41.8744724], [12.4092013, 41.8744571], [12.4090989, 41.8744291], [12.4089261, 41.874382], [12.4088691, 41.8743645], [12.4088148, 41.8743469], [12.4087656, 41.8743284], [12.4087267, 41.8743124], [12.4087041, 41.8743004], [12.4086841, 41.8742885], [12.4086582, 41.8742712], [12.4086373, 41.8742551], [12.4086159, 41.8742339], [12.4085962, 41.8742109], [12.4085838, 41.8741912], [12.408575, 41.8741716], [12.4085698, 41.874152], [12.408567, 41.8741324], [12.4085672, 41.8741075], [12.4085697, 41.8740852], [12.4085764, 41.8740601], [12.4085842, 41.8740368], [12.4085967, 41.8740103], [12.4086116, 41.8739872], [12.4086279, 41.8739663], [12.4086466, 41.873948], [12.4086851, 41.8739125], [12.4087734, 41.8738465], [12.4088501, 41.8737918], [12.4089111, 41.8737568], [12.4089556, 41.8737351], [12.4090028, 41.8737155], [12.4090635, 41.8736957], [12.4091218, 41.8736794], [12.4091787, 41.8736638], [12.4092426, 41.8736491], [12.4093053, 41.8736359], [12.409375, 41.8736235], [12.4094337, 41.8736154], [12.4095438, 41.8736046], [12.4096283, 41.8735972], [12.4096694, 41.8735948], [12.4097117, 41.8735942], [12.4097571, 41.8735935], [12.4098003, 41.8735954], [12.4098448, 41.8736003], [12.4098906, 41.8736083], [12.4099848, 41.8736303], [12.4100743, 41.8736565], [12.4101487, 41.8736774], [12.4101871, 41.8736868], [12.410222, 41.8736935], [12.4102925, 41.8737023], [12.4103545, 41.8737096], [12.410414, 41.8737141], [12.4104766, 41.8737191], [12.4106008, 41.8737236], [12.4107296, 41.8737272], [12.4110278, 41.8737311], [12.4114105, 41.8737363], [12.4123593, 41.8737593], [12.4124702, 41.8737618]], [[12.4127151, 41.8737665], [12.4128091, 41.8736736], [12.4128329, 41.8736416], [12.412844, 41.8736161], [12.4128495, 41.8735849]], [[12.4130152, 41.873829], [12.412948, 41.8738224], [12.412883, 41.8738112], [12.4127824, 41.8737876], [12.4127151, 41.8737665]], [[12.4127151, 41.8737665], [12.4128886, 41.8737425], [12.4129563, 41.8737306]], [[12.4124702, 41.8737618], [12.4127151, 41.8737665]], [[12.4068479, 41.8744925], [12.4068047, 41.8745007], [12.4067783, 41.8745069], [12.4067521, 41.8745167], [12.4067349, 41.8745241], [12.4067129, 41.8745352], [12.4066733, 41.8745583], [12.4066146, 41.8745951]], [[12.4065747, 41.8745136], [12.4065933, 41.8744986], [12.4066092, 41.8744888], [12.4066322, 41.874477], [12.4066559, 41.8744705], [12.4066761, 41.8744693], [12.4066991, 41.8744696], [12.4067169, 41.8744707], [12.4067503, 41.8744748], [12.406781, 41.8744796], [12.4068479, 41.8744925]]]}}, {"type": "Feature", "properties": {"id": "SS-ROM-11681", "nome": "Via San Giovanni d'Asso", "quartiere": "Municipio Roma XII", "classificazione": "giallo", "score": 3, "note": "strada urbana senza ciclabile", "ciclabile": "no", "n_corsie": "2", "senso_unico": "no", "n_testimonianze": "0", "municipio": "XII"}, "geometry": {"type": "LineString", "coordinates": [[12.4219418, 41.8404236], [12.4222978, 41.8405162], [12.4227977, 41.8406517], [12.4232603, 41.8406987], [12.4241324, 41.8407797]]}}, {"type": "Feature", "properties": {"id": "SS-ROM-11686", "nome": "Via San Giuliano Terme", "quartiere": "Municipio Roma XII", "classificazione": "giallo", "score": 3, "note": "strada urbana senza ciclabile", "ciclabile": "no", "n_corsie": "2", "senso_unico": "no", "n_testimonianze": "0", "municipio": "XII"}, "geometry": {"type": "MultiLineString", "coordinates": [[[12.4369306, 41.8418098], [12.4368395, 41.8418064], [12.4358877, 41.8417706], [12.4353499, 41.8417404], [12.4351213, 41.8417244], [12.4349275, 41.8417038], [12.4347551, 41.8416811]], [[12.4347551, 41.8416811], [12.4344866, 41.8423086], [12.4342548, 41.8422758], [12.4339694, 41.842252], [12.4336745, 41.8422468], [12.4333523, 41.8422357], [12.4329431, 41.8422572], [12.4328827, 41.8422647], [12.4328701, 41.8422689], [12.432857, 41.8422758], [12.4328453, 41.8422866], [12.4328336, 41.8423098], [12.4328273, 41.842337], [12.4328254, 41.8423953], [12.4328344, 41.8424849], [12.4340438, 41.8425204], [12.4340986, 41.8425256], [12.43417, 41.8425387], [12.4343814, 41.8425922]], [[12.4328344, 41.8424849], [12.4320679, 41.8424685]], [[12.4347551, 41.8416811], [12.4338482, 41.8415554], [12.4337899, 41.8415446], [12.4337537, 41.8415311], [12.4337309, 41.8415136], [12.4337148, 41.8414922], [12.4337041, 41.8414687], [12.4336965, 41.8414389], [12.4336942, 41.8414051], [12.433696, 41.8413752], [12.4337085, 41.8413414], [12.4337576, 41.8412748], [12.4338406, 41.8411706], [12.4338808, 41.8411104], [12.4339039, 41.8410445], [12.4339409, 41.840871], [12.4340493, 41.8405887], [12.4341136, 41.8404388], [12.4337239, 41.8403252], [12.4338654, 41.8400931], [12.4342554, 41.8395526], [12.4342673, 41.8395085], [12.4342543, 41.839476], [12.4342126, 41.8394195], [12.4342224, 41.8393739]]]}}, {"type": "Feature", "properties": {"id": "SS-ROM-11702", "nome": "Via San Marcello Pistoiese", "quartiere": "Municipio Roma XII", "classificazione": "giallo", "score": 3, "note": "strada urbana senza ciclabile (2 corsie)", "ciclabile": "no", "n_corsie": "2", "senso_unico": "no", "n_testimonianze": "0", "municipio": "XII"}, "geometry": {"type": "MultiLineString", "coordinates": [[[12.4224784, 41.8486272], [12.4225547, 41.8485891], [12.422828, 41.8484547], [12.4237034, 41.8480244], [12.4237931, 41.8479813], [12.4243883, 41.8476863], [12.4244293, 41.8476638], [12.4244549, 41.8476445], [12.4244751, 41.8476233], [12.4244899, 41.8476028], [12.4244984, 41.8475744], [12.4245015, 41.8475467], [12.4244979, 41.8475259], [12.4244874, 41.8475048], [12.4244378, 41.8474374]], [[12.4235286, 41.8474297], [12.4241034, 41.8474609], [12.4241938, 41.8474636], [12.4242358, 41.8474634], [12.4242735, 41.8474624], [12.4243147, 41.8474591], [12.4243516, 41.8474549], [12.4243903, 41.8474484], [12.4244378, 41.8474374]], [[12.4211064, 41.8493047], [12.421258, 41.8492291], [12.4214283, 41.8491443], [12.4224059, 41.8486576]]]}}, {"type": "Feature", "properties": {"id": "SS-ROM-11722", "nome": "Via San Piero a Sieve", "quartiere": "Municipio Roma XII", "classificazione": "giallo", "score": 3, "note": "strada urbana senza ciclabile", "ciclabile": "no", "n_corsie": "2", "senso_unico": "no", "n_testimonianze": "0", "municipio": "XII"}, "geometry": {"type": "LineString", "coordinates": [[12.419618, 41.8355816], [12.4194647, 41.8351525], [12.4193639, 41.8348242], [12.419181, 41.8342956]]}}, {"type": "Feature", "properties": {"id": "SS-ROM-11738", "nome": "Via San Romano in Garfagnana", "quartiere": "Municipio Roma XII", "classificazione": "giallo", "score": 3, "note": "strada urbana senza ciclabile", "ciclabile": "no", "n_corsie": "2", "senso_unico": "no", "n_testimonianze": "0", "municipio": "XII"}, "geometry": {"type": "LineString", "coordinates": [[12.4343718, 41.831412], [12.4339937, 41.8303661], [12.4339467, 41.8302074], [12.4339771, 41.8300777], [12.4342093, 41.8297275], [12.434389, 41.8295091], [12.4344609, 41.8294247], [12.4345327, 41.8293999], [12.4348921, 41.8293134]]}}, {"type": "Feature", "properties": {"id": "SS-ROM-11804", "nome": "Via Santa Croce sull'Arno", "quartiere": "Municipio Roma XII", "classificazione": "giallo", "score": 3, "note": "strada urbana senza ciclabile", "ciclabile": "no", "n_corsie": "2", "senso_unico": "si", "n_testimonianze": "0", "municipio": "XII"}, "geometry": {"type": "LineString", "coordinates": [[12.4286987, 41.8459346], [12.4279105, 41.8460112], [12.4278715, 41.8460113], [12.4278324, 41.8460075]]}}, {"type": "Feature", "properties": {"id": "SS-ROM-11829", "nome": "Via Santafiora", "quartiere": "Municipio Roma XII", "classificazione": "giallo", "score": 3, "note": "strada urbana senza ciclabile", "ciclabile": "no", "n_corsie": "2", "senso_unico": "si", "n_testimonianze": "0", "municipio": "XII"}, "geometry": {"type": "LineString", "coordinates": [[12.43535, 41.8454672], [12.4347786, 41.8470202]]}}, {"type": "Feature", "properties": {"id": "SS-ROM-11852", "nome": "Via Santorre di Santarosa", "quartiere": "Municipio Roma XII", "classificazione": "giallo", "score": 3, "note": "strada urbana senza ciclabile (1 corsie)", "ciclabile": "no", "n_corsie": "1", "senso_unico": "si", "n_testimonianze": "0", "municipio": "XII"}, "geometry": {"type": "MultiLineString", "coordinates": [[[12.4435633, 41.852987], [12.4433294, 41.8532686], [12.4433023, 41.8533033], [12.4432711, 41.8533426], [12.4432262, 41.8534097], [12.4431991, 41.8534486], [12.4431761, 41.853489], [12.4431392, 41.8535592], [12.4431083, 41.8536297], [12.4430834, 41.8537016], [12.4430652, 41.8537629], [12.443049, 41.8538356], [12.443042, 41.8538801], [12.4430372, 41.8539291], [12.4430326, 41.8539787], [12.4430301, 41.8540328], [12.4430306, 41.8540827], [12.4430342, 41.8541213], [12.4430381, 41.8541568], [12.4430481, 41.8542256], [12.443057, 41.8542701], [12.4430679, 41.8542969], [12.4430851, 41.8543251], [12.4431041, 41.8543495], [12.4431248, 41.85437], [12.4431491, 41.8543904], [12.4431833, 41.8544135], [12.4432187, 41.8544336], [12.4434695, 41.8545816], [12.4437033, 41.8547125], [12.443821, 41.8547739], [12.4438982, 41.8548041], [12.443964, 41.8548249], [12.4440091, 41.8548383], [12.4440643, 41.8548517]], [[12.5993725, 41.7749025], [12.5996998, 41.7747922], [12.6001069, 41.7747576], [12.6005356, 41.7746294]], [[12.4435633, 41.852987], [12.443673, 41.852859], [12.4437161, 41.8528093], [12.4437593, 41.8527589], [12.443816, 41.8526984], [12.4438546, 41.852661], [12.4438932, 41.8526266], [12.4439474, 41.8525801], [12.4440027, 41.8525389], [12.4441822, 41.8524094], [12.4443537, 41.8522958], [12.4444641, 41.8522337], [12.4446047, 41.8521633], [12.4447476, 41.85211], [12.4448905, 41.8520647], [12.4450311, 41.8520244], [12.4451636, 41.85199], [12.4453377, 41.851959], [12.4454582, 41.8519379], [12.4457045, 41.8519027], [12.4459884, 41.8518635], [12.4460767, 41.8518498]], [[12.505931, 41.6665621], [12.5058927, 41.6666424], [12.5051255, 41.6681803], [12.5050296, 41.6683691]], [[12.5050296, 41.6683691], [12.5045817, 41.6692511], [12.5045668, 41.669273], [12.504547, 41.6692959], [12.5045259, 41.6693137], [12.5045041, 41.6693295], [12.5044757, 41.6693454], [12.5044536, 41.6693542], [12.5044248, 41.669363], [12.5043954, 41.6693697], [12.5043592, 41.6693755]]]}}, {"type": "Feature", "properties": {"id": "SS-ROM-11856", "nome": "Via Sara Levi Nathan", "quartiere": "Municipio Roma XII", "classificazione": "blu", "score": 2, "note": "accesso limitato (ZTL)", "ciclabile": "no", "n_corsie": "1", "senso_unico": "no", "n_testimonianze": "0", "municipio": "XII"}, "geometry": {"type": "LineString", "coordinates": [[12.409001, 41.8587112], [12.4083074, 41.859049], [12.4082905, 41.8591178], [12.4086324, 41.8595172], [12.4093631, 41.8599927], [12.4103185, 41.8606863], [12.4104182, 41.8607258], [12.4113136, 41.860874], [12.4113994, 41.8607909], [12.4117856, 41.8603754], [12.4120061, 41.860017]]}}, {"type": "Feature", "properties": {"id": "SS-ROM-11870", "nome": "Via Sarzana", "quartiere": "Municipio Roma XII", "classificazione": "giallo", "score": 3, "note": "strada urbana senza ciclabile (2 corsie)", "ciclabile": "no", "n_corsie": "2", "senso_unico": "no", "n_testimonianze": "0", "municipio": "XII"}, "geometry": {"type": "LineString", "coordinates": [[12.439662, 41.8419141], [12.4394393, 41.8418929], [12.4386408, 41.8418037], [12.4385773, 41.8417984], [12.4382114, 41.8417538], [12.4381524, 41.8417469], [12.4377254, 41.8416921], [12.4376447, 41.8416827], [12.4373213, 41.8416434], [12.4371166, 41.8416231], [12.4370701, 41.8416178], [12.4369904, 41.8416087]]}}, {"type": "Feature", "properties": {"id": "SS-ROM-11883", "nome": "Via Saverio Pugliese", "quartiere": "Municipio Roma XII", "classificazione": "giallo", "score": 3, "note": "strada urbana senza ciclabile", "ciclabile": "no", "n_corsie": "2", "senso_unico": "no", "n_testimonianze": "0", "municipio": "XII"}, "geometry": {"type": "LineString", "coordinates": [[12.3370791, 41.8446263], [12.3376367, 41.8440533], [12.3377209, 41.8439978], [12.3380559, 41.8437764], [12.3380814, 41.8437586], [12.3381238, 41.843727], [12.3381649, 41.8436954], [12.3381967, 41.8436702], [12.338227, 41.843645], [12.3382496, 41.8436245], [12.3383935, 41.8434821], [12.338419, 41.8434569], [12.3384324, 41.843446], [12.3384472, 41.8434366], [12.338464, 41.8434277], [12.3384821, 41.8434203], [12.3385009, 41.8434147], [12.338521, 41.843409], [12.3385483, 41.8434047], [12.3385755, 41.8434014], [12.3386067, 41.8433997], [12.3386366, 41.8433989], [12.3386706, 41.8433998], [12.3387045, 41.8434022], [12.3387372, 41.8434056], [12.3387698, 41.8434105], [12.3387924, 41.8434161], [12.3388184, 41.8434242], [12.3388493, 41.8434359], [12.338876, 41.843447], [12.3388929, 41.8434559], [12.3389136, 41.8434679], [12.3389336, 41.84348], [12.33895, 41.8434918], [12.3389656, 41.8435035], [12.3389746, 41.8435113], [12.3389935, 41.8435305], [12.3390132, 41.8435527], [12.3390473, 41.8435947], [12.3393502, 41.844032], [12.3397226, 41.8443376], [12.3403729, 41.8450257], [12.3403791, 41.8450338], [12.3403852, 41.8450431], [12.3403912, 41.8450549], [12.3403945, 41.8450671], [12.3403953, 41.8450776], [12.3403935, 41.8450885], [12.340391, 41.8450972], [12.3403882, 41.845104], [12.3402655, 41.8452947]]}}, {"type": "Feature", "properties": {"id": "SS-ROM-11900", "nome": "Via Scarlino", "quartiere": "Municipio Roma XII", "classificazione": "giallo", "score": 3, "note": "strada urbana senza ciclabile", "ciclabile": "no", "n_corsie": "2", "senso_unico": "no", "n_testimonianze": "0", "municipio": "XII"}, "geometry": {"type": "LineString", "coordinates": [[12.4276138, 41.8474308], [12.4275626, 41.8471978], [12.4280045, 41.8465215]]}}, {"type": "Feature", "properties": {"id": "SS-ROM-11952", "nome": "Via Selegas", "quartiere": "Municipio Roma XII", "classificazione": "giallo", "score": 3, "note": "strada urbana senza ciclabile", "ciclabile": "no", "n_corsie": "2", "senso_unico": "no", "n_testimonianze": "0", "municipio": "XII"}, "geometry": {"type": "LineString", "coordinates": [[12.3560019, 41.833414], [12.3563096, 41.8339203], [12.3565083, 41.8342641], [12.3565175, 41.8342766], [12.3565296, 41.8342906], [12.3565408, 41.8343012], [12.3565507, 41.8343088], [12.356562, 41.8343143], [12.3565736, 41.834318], [12.356587, 41.8343198], [12.3565973, 41.8343191], [12.3566086, 41.8343179], [12.3566198, 41.8343146], [12.3566313, 41.8343103], [12.3566526, 41.8342985], [12.3566742, 41.8342837], [12.3566978, 41.834269], [12.3567282, 41.8342523], [12.3567728, 41.8342292]]}}, {"type": "Feature", "properties": {"id": "SS-ROM-11956", "nome": "Via Selvaforte", "quartiere": "Municipio Roma XII", "classificazione": "giallo", "score": 3, "note": "strada urbana senza ciclabile", "ciclabile": "no", "n_corsie": "2", "senso_unico": "no", "n_testimonianze": "0", "municipio": "XII"}, "geometry": {"type": "MultiLineString", "coordinates": [[[12.4219169, 41.8556137], [12.421543, 41.8557331], [12.4213432, 41.855793], [12.4212784, 41.8558095], [12.4212583, 41.85581], [12.4212388, 41.8558055], [12.4212233, 41.8557988], [12.4212099, 41.8557896], [12.4210223, 41.8555693], [12.4210059, 41.8555613], [12.4209868, 41.8555575], [12.4209684, 41.855556], [12.4209499, 41.8555576], [12.4209194, 41.8555664], [12.4202063, 41.855839], [12.4201231, 41.8558587]], [[12.4219169, 41.8556137], [12.4220889, 41.8558978], [12.4222688, 41.8561725]], [[12.4231886, 41.8552198], [12.4237221, 41.8551082], [12.4239279, 41.8554576]], [[12.4231886, 41.8552198], [12.4226195, 41.8553962], [12.4219169, 41.8556137]]]}}, {"type": "Feature", "properties": {"id": "SS-ROM-11960", "nome": "Via Semproniano", "quartiere": "Municipio Roma XII", "classificazione": "giallo", "score": 3, "note": "strada urbana senza ciclabile", "ciclabile": "no", "n_corsie": "2", "senso_unico": "no", "n_testimonianze": "0", "municipio": "XII"}, "geometry": {"type": "LineString", "coordinates": [[12.430826, 41.8428203], [12.4302903, 41.8427357], [12.4294754, 41.8426186], [12.4294447, 41.8426174], [12.4294263, 41.8426214], [12.4294051, 41.8426295], [12.4293904, 41.8426397], [12.4290926, 41.8429575], [12.4290696, 41.8429765], [12.4290413, 41.8429916], [12.4290021, 41.8430009], [12.4289575, 41.8430042], [12.4286113, 41.8429917]]}}, {"type": "Feature", "properties": {"id": "SS-ROM-11970", "nome": "Via Senorbì", "quartiere": "Municipio Roma XII", "classificazione": "giallo", "score": 3, "note": "strada urbana senza ciclabile", "ciclabile": "no", "n_corsie": "2", "senso_unico": "no", "n_testimonianze": "0", "municipio": "XII"}, "geometry": {"type": "LineString", "coordinates": [[12.3602816, 41.8286775], [12.3602802, 41.8287877], [12.3601886, 41.8295976], [12.360161, 41.8298828], [12.3600799, 41.8308214], [12.3600109, 41.8314339], [12.3599918, 41.8316432], [12.3599727, 41.8317694], [12.3599502, 41.8318356], [12.3599188, 41.8318853], [12.3598959, 41.8319137], [12.3598549, 41.8319546], [12.3598085, 41.8319935], [12.3597606, 41.8320292], [12.3597127, 41.8320619], [12.3596659, 41.8320911], [12.3596191, 41.8321173], [12.3595586, 41.8321448], [12.3595041, 41.8321657], [12.3593816, 41.8322065], [12.359323, 41.8322229], [12.3592456, 41.8322433], [12.3591622, 41.8322612], [12.359071, 41.8322807], [12.3590307, 41.8322909], [12.3589911, 41.8323022], [12.3589576, 41.8323143], [12.3589248, 41.8323275], [12.3588973, 41.8323412], [12.3588711, 41.8323553], [12.3588465, 41.8323716], [12.3588233, 41.8323884], [12.3588053, 41.8324052], [12.3587881, 41.832424], [12.3587717, 41.8324453], [12.3587559, 41.8324685], [12.3587396, 41.8325015], [12.3587273, 41.8325339], [12.3587208, 41.8325616], [12.3586668, 41.8328358], [12.358658, 41.8328632], [12.3586413, 41.8329157], [12.3586295, 41.8329419], [12.3586151, 41.8329691], [12.3585979, 41.8329938], [12.358578, 41.8330196], [12.3585622, 41.8330364], [12.3585455, 41.8330527], [12.3585275, 41.833069], [12.3585037, 41.8330864], [12.3584787, 41.8331038], [12.3584615, 41.8331151], [12.3583127, 41.833209], [12.3582749, 41.8332328], [12.3580501, 41.8333551], [12.3579494, 41.8334099], [12.3573587, 41.8337663], [12.3573027, 41.8338007], [12.3572408, 41.8338387], [12.3571022, 41.8339238], [12.3569758, 41.834005], [12.3569349, 41.8340333], [12.3568903, 41.8340669], [12.3568484, 41.8341054], [12.3568186, 41.8341375], [12.3567955, 41.8341756], [12.3567808, 41.8342079], [12.3567728, 41.8342292], [12.356772, 41.8342435], [12.3567726, 41.8342582], [12.3567732, 41.834271], [12.3567751, 41.8342842], [12.3568322, 41.8347507], [12.3570148, 41.8357365], [12.3571392, 41.8364785], [12.3571689, 41.8366227], [12.3571687, 41.8366503], [12.3571679, 41.8366639], [12.3571658, 41.8366766], [12.3571622, 41.8366891], [12.357155, 41.8367016], [12.3571469, 41.8367127], [12.3571371, 41.836725], [12.3571251, 41.8367393], [12.35675, 41.8371674], [12.3568779, 41.8374595], [12.357031, 41.8377448], [12.3570677, 41.8378128], [12.3570727, 41.8378268], [12.357077, 41.8378393], [12.3570779, 41.8378516], [12.3570781, 41.8378625], [12.3570736, 41.8378765], [12.3570651, 41.8378921], [12.3570591, 41.8379001], [12.3570491, 41.8379096], [12.3570357, 41.8379186], [12.3570189, 41.8379286], [12.357002, 41.8379367], [12.3569845, 41.8379443], [12.3569596, 41.8379541], [12.3565684, 41.8381007], [12.355958, 41.8383288], [12.355717, 41.8384102], [12.3551955, 41.8385964], [12.3550595, 41.8386471], [12.3550094, 41.8386657], [12.3549448, 41.8386941], [12.3549179, 41.8387082], [12.3548883, 41.8387254], [12.354854, 41.8387461], [12.3547501, 41.8388127], [12.3543098, 41.8391058], [12.3535966, 41.8395849], [12.3533469, 41.8397594], [12.3533349, 41.8397704], [12.353328, 41.8397788], [12.353321, 41.8397892], [12.3533172, 41.8398033], [12.3533198, 41.8398151], [12.3533264, 41.8398278], [12.3533369, 41.8398413], [12.3533943, 41.8399068], [12.3534117, 41.8399284], [12.3534269, 41.839953], [12.3534421, 41.8399821], [12.3534509, 41.8400086], [12.3534589, 41.8400372], [12.3534618, 41.8400771], [12.3534608, 41.8400971], [12.3534572, 41.8401175], [12.3534502, 41.8401341], [12.3534405, 41.8401512], [12.3533723, 41.8402482], [12.3533385, 41.8402934], [12.3532947, 41.8403479], [12.3526132, 41.8411587], [12.3520416, 41.8418435]]}}, {"type": "Feature", "properties": {"id": "SS-ROM-11973", "nome": "Via Serafino Belfanti", "quartiere": "Municipio Roma XII", "classificazione": "giallo", "score": 3, "note": "strada urbana senza ciclabile (1 corsie)", "ciclabile": "no", "n_corsie": "1", "senso_unico": "si", "n_testimonianze": "0", "municipio": "XII"}, "geometry": {"type": "MultiLineString", "coordinates": [[[12.3516402, 41.8777045], [12.3519177, 41.8780397], [12.3521312, 41.8783777], [12.352221, 41.8785527], [12.3521826, 41.878675], [12.3516784, 41.8790824], [12.35116, 41.8794662], [12.3507692, 41.8797177], [12.3505914, 41.8797849], [12.3504448, 41.8798197]], [[12.3494747, 41.8777957], [12.3498652, 41.8777706], [12.3502066, 41.8777568], [12.3510437, 41.8777221], [12.3516402, 41.8777045]], [[12.3516402, 41.8777045], [12.3525561, 41.8776589]], [[12.3504448, 41.8798197], [12.3501574, 41.8798469]], [[12.3510437, 41.8777221], [12.3509486, 41.8769684]]]}}, {"type": "Feature", "properties": {"id": "SS-ROM-12035", "nome": "Via Severo Carmignano", "quartiere": "Municipio Roma XII", "classificazione": "giallo", "score": 3, "note": "strada urbana senza ciclabile (1 corsie)", "ciclabile": "no", "n_corsie": "1", "senso_unico": "si", "n_testimonianze": "0", "municipio": "XII"}, "geometry": {"type": "LineString", "coordinates": [[12.4449315, 41.8698109], [12.4449179, 41.8692068], [12.4449177, 41.8691712], [12.4449168, 41.8689339], [12.4448921, 41.8682547], [12.4448904, 41.8681982]]}}, {"type": "Feature", "properties": {"id": "SS-ROM-12055", "nome": "Via Siligo", "quartiere": "Municipio Roma XII", "classificazione": "giallo", "score": 3, "note": "strada urbana senza ciclabile", "ciclabile": "no", "n_corsie": "2", "senso_unico": "no", "n_testimonianze": "0", "municipio": "XII"}, "geometry": {"type": "MultiLineString", "coordinates": [[[12.3573027, 41.8338007], [12.3575122, 41.8345977], [12.3575275, 41.8346635], [12.3577222, 41.8355001]], [[12.3580501, 41.8333551], [12.3589101, 41.8339374]]]}}, {"type": "Feature", "properties": {"id": "SS-ROM-12065", "nome": "Via Silvestri", "quartiere": "Municipio Roma XII", "classificazione": "rosso", "score": 4, "note": "strada secondaria trafficata (1 corsie)", "ciclabile": "no", "n_corsie": "1", "senso_unico": "si", "n_testimonianze": "0", "municipio": "XII"}, "geometry": {"type": "MultiLineString", "coordinates": [[[12.4374796, 41.877816], [12.4370911, 41.8778609], [12.4370441, 41.8778646], [12.4369877, 41.8778674], [12.4369243, 41.8778688], [12.4368586, 41.8778686], [12.4367131, 41.8778668], [12.4365613, 41.8778648]], [[12.4260576, 41.8767111], [12.4263436, 41.8768626], [12.4263947, 41.8768911], [12.4264791, 41.8769385], [12.4265623, 41.8769761], [12.4267731, 41.8770535]], [[12.4305328, 41.877061], [12.4304627, 41.8770686], [12.4304105, 41.8770703], [12.4299692, 41.8770725], [12.4289994, 41.8770643], [12.4288636, 41.8770632], [12.4287407, 41.8770641]], [[12.4374796, 41.877816], [12.4378086, 41.8777396], [12.4381911, 41.8776734], [12.438581, 41.8776038], [12.4386364, 41.8775892], [12.4386849, 41.8775746], [12.4387321, 41.8775584]], [[12.434981, 41.8781222], [12.4349435, 41.8781231], [12.4348979, 41.878128], [12.4348027, 41.8781458], [12.4346674, 41.8781763], [12.4345863, 41.8781994], [12.4344971, 41.8782276], [12.4344086, 41.8782587], [12.4343362, 41.8782908], [12.4342843, 41.8783161], [12.4342554, 41.8783318], [12.4342211, 41.8783536], [12.4340321, 41.8785004], [12.4339573, 41.8785501], [12.4339315, 41.8785635], [12.4339112, 41.8785735], [12.4338925, 41.8785804], [12.4338788, 41.8785847], [12.4338672, 41.8785864], [12.4338572, 41.878587], [12.433844, 41.8785858], [12.433832, 41.8785831], [12.4338231, 41.8785784], [12.4338162, 41.8785727], [12.4338116, 41.8785665], [12.4338084, 41.8785603], [12.4338059, 41.8785536], [12.4338055, 41.8785453], [12.4338067, 41.8785363], [12.4338106, 41.8785284], [12.4338342, 41.8784964], [12.4340779, 41.8782352], [12.4340998, 41.8782049], [12.434113, 41.8781842], [12.4341235, 41.8781592], [12.4341282, 41.8781394], [12.4341292, 41.8781159], [12.4341291, 41.8781069], [12.4341221, 41.878045]], [[12.4267731, 41.8770535], [12.4265134, 41.8770791], [12.4264566, 41.8770882], [12.426431, 41.8770934], [12.4264054, 41.8771003], [12.4263657, 41.877116], [12.4263315, 41.8771375], [12.4263104, 41.8771573], [12.426296, 41.877179], [12.4262748, 41.8772212]], [[12.4283975, 41.8770654], [12.4278404, 41.8770638], [12.4274704, 41.8770633], [12.4270556, 41.8770608], [12.4268974, 41.8770593], [12.426828, 41.8770569], [12.4267731, 41.8770535]], [[12.4360083, 41.8778669], [12.4358524, 41.8778787], [12.4356766, 41.8778948], [12.4343744, 41.8780189], [12.4341221, 41.878045], [12.4335394, 41.8780978], [12.4333961, 41.8781057], [12.433287, 41.8781047], [12.4331841, 41.8780942], [12.4330811, 41.8780791], [12.4329641, 41.8780523], [12.4328737, 41.8780255], [12.4328008, 41.8779976], [12.4327124, 41.8779584], [12.4326299, 41.8779117], [12.4325487, 41.8778587], [12.4323154, 41.8776662], [12.4322264, 41.8775954], [12.4320014, 41.8773948], [12.4315486, 41.8770109]], [[12.4365613, 41.8778648], [12.4364777, 41.8778611], [12.4363879, 41.8778597], [12.4363074, 41.8778589], [12.4362145, 41.8778592]], [[12.4362145, 41.8778592], [12.4360083, 41.8778669]], [[12.4267731, 41.8770535], [12.426688, 41.8770475], [12.4266135, 41.8770416], [12.4265192, 41.8770305], [12.4263562, 41.8770003], [12.4261793, 41.8769448]], [[12.4388076, 41.877683], [12.4378371, 41.8777975], [12.4377327, 41.8778046], [12.4376322, 41.8778117], [12.4374796, 41.877816]]]}}, {"type": "Feature", "properties": {"id": "SS-ROM-12066", "nome": "Via Silvestro Baglioni", "quartiere": "Municipio Roma XII", "classificazione": "giallo", "score": 3, "note": "strada urbana senza ciclabile", "ciclabile": "no", "n_corsie": "2", "senso_unico": "no", "n_testimonianze": "0", "municipio": "XII"}, "geometry": {"type": "LineString", "coordinates": [[12.3581697, 41.8792014], [12.3592644, 41.8785597]]}}, {"type": "Feature", "properties": {"id": "SS-ROM-12082", "nome": "Via Silvio Sbricoli", "quartiere": "Municipio Roma XII", "classificazione": "giallo", "score": 3, "note": "strada urbana senza ciclabile", "ciclabile": "no", "n_corsie": "2", "senso_unico": "si", "n_testimonianze": "0", "municipio": "XII"}, "geometry": {"type": "MultiLineString", "coordinates": [[[12.4136068, 41.8464427], [12.4133839, 41.8465408], [12.4132701, 41.846591], [12.4132318, 41.8466036], [12.4132001, 41.8466113], [12.4131655, 41.846616]], [[12.4131655, 41.846616], [12.4131468, 41.8466426], [12.4125533, 41.8469116]], [[12.4131655, 41.846616], [12.4131802, 41.8465861], [12.4131903, 41.8465715], [12.4132067, 41.8465546], [12.4132315, 41.8465387], [12.4133419, 41.846486], [12.413395, 41.8464607], [12.413482, 41.8464203], [12.4135609, 41.8463839]]]}}, {"type": "Feature", "properties": {"id": "SS-ROM-12214", "nome": "Via Stefano Boccapaduli", "quartiere": "Municipio Roma XII", "classificazione": "giallo", "score": 3, "note": "strada urbana senza ciclabile (1 corsie)", "ciclabile": "no", "n_corsie": "1", "senso_unico": "si", "n_testimonianze": "0", "municipio": "XII"}, "geometry": {"type": "LineString", "coordinates": [[12.4447298, 41.872398], [12.4448165, 41.8723986], [12.4463987, 41.872355], [12.4466163, 41.8723538]]}}, {"type": "Feature", "properties": {"id": "SS-ROM-12227", "nome": "Via Stefano Maderno", "quartiere": "Municipio Roma XII", "classificazione": "giallo", "score": 3, "note": "strada urbana senza ciclabile", "ciclabile": "no", "n_corsie": "2", "senso_unico": "no", "n_testimonianze": "0", "municipio": "XII"}, "geometry": {"type": "MultiLineString", "coordinates": [[[12.41803, 41.8686903], [12.4173441, 41.8692829], [12.4171091, 41.8691276], [12.4168751, 41.8689719], [12.4174533, 41.8684633]], [[12.4171091, 41.8691276], [12.4166605, 41.8695242], [12.4166351, 41.8695466]]]}}, {"type": "Feature", "properties": {"id": "SS-ROM-12335", "nome": "Via Tavarnelle Val di Pesa", "quartiere": "Municipio Roma XII", "classificazione": "giallo", "score": 3, "note": "strada urbana senza ciclabile", "ciclabile": "no", "n_corsie": "2", "senso_unico": "no", "n_testimonianze": "0", "municipio": "XII"}, "geometry": {"type": "LineString", "coordinates": [[12.4161209, 41.8346727], [12.416175, 41.8346796], [12.4170676, 41.8347935], [12.4170982, 41.8347988], [12.4171234, 41.8348081], [12.4171486, 41.8348203], [12.4171658, 41.8348326], [12.4171888, 41.8348638], [12.4172065, 41.834897], [12.4172154, 41.8349357], [12.4172162, 41.8349764], [12.4167821, 41.8362863], [12.4167048, 41.8362835], [12.416238, 41.8361155]]}}, {"type": "Feature", "properties": {"id": "SS-ROM-12386", "nome": "Via Tergu", "quartiere": "Municipio Roma XII", "classificazione": "giallo", "score": 3, "note": "strada urbana senza ciclabile", "ciclabile": "no", "n_corsie": "2", "senso_unico": "no", "n_testimonianze": "0", "municipio": "XII"}, "geometry": {"type": "LineString", "coordinates": [[12.3534416, 41.8354508], [12.3531881, 41.8343572]]}}, {"type": "Feature", "properties": {"id": "SS-ROM-12404", "nome": "Via Tertenia", "quartiere": "Municipio Roma XII", "classificazione": "giallo", "score": 3, "note": "strada urbana senza ciclabile", "ciclabile": "no", "n_corsie": "2", "senso_unico": "no", "n_testimonianze": "0", "municipio": "XII"}, "geometry": {"type": "MultiLineString", "coordinates": [[[12.3482627, 41.8393815], [12.3501866, 41.8383605]], [[12.3501866, 41.8383605], [12.3506093, 41.8381035], [12.3509709, 41.8379355], [12.3514568, 41.8378662]]]}}, {"type": "Feature", "properties": {"id": "SS-ROM-12474", "nome": "Via Tomasino d'Amico", "quartiere": "Municipio Roma XII", "classificazione": "giallo", "score": 3, "note": "strada urbana senza ciclabile", "ciclabile": "no", "n_corsie": "2", "senso_unico": "no", "n_testimonianze": "0", "municipio": "XII"}, "geometry": {"type": "MultiLineString", "coordinates": [[[12.3627536, 41.8753555], [12.3605198, 41.874429], [12.3593434, 41.8739393], [12.3593057, 41.8739245], [12.3592805, 41.8739159], [12.3592488, 41.8739061], [12.359213, 41.8738963], [12.3591849, 41.8738903], [12.3591528, 41.8738843], [12.3591289, 41.8738805], [12.3590985, 41.8738772], [12.3590615, 41.8738734], [12.3590187, 41.8738678], [12.3589772, 41.8738601], [12.3589342, 41.8738503], [12.3588925, 41.8738384], [12.3588508, 41.8738257], [12.3587232, 41.8737842], [12.3586943, 41.8737734], [12.358672, 41.8737634], [12.3586455, 41.8737494], [12.3586177, 41.8737314], [12.3585984, 41.8737169], [12.3585777, 41.8736985], [12.358561, 41.8736822], [12.3585408, 41.8736594], [12.358409, 41.8734914], [12.3583936, 41.8734748], [12.3583722, 41.8734547], [12.3583468, 41.8734367], [12.3583109, 41.8734156], [12.358271, 41.8733965], [12.3582453, 41.8733856], [12.3582036, 41.8733698], [12.3581608, 41.8733548], [12.3581197, 41.8733416], [12.3580746, 41.8733294], [12.3580277, 41.8733191], [12.3579767, 41.8733098], [12.3579457, 41.8733047], [12.3578075, 41.873285], [12.357788, 41.8732845], [12.3577715, 41.8732865], [12.357753, 41.8732905], [12.3577368, 41.8732965], [12.357724, 41.8733055], [12.3577156, 41.873316], [12.3577106, 41.8733294], [12.3576986, 41.8733977], [12.3576972, 41.8734147], [12.357699, 41.8734394], [12.3577035, 41.873459]], [[12.3511905, 41.8735271], [12.3510836, 41.873518], [12.3509154, 41.8734655], [12.3508096, 41.8734216], [12.3506963, 41.8733461], [12.3504536, 41.8731282], [12.3502372, 41.8730268], [12.3501019, 41.8729404], [12.3500498, 41.8728546], [12.3499936, 41.8727627], [12.3491032, 41.8720236]], [[12.3577035, 41.873459], [12.3575571, 41.8733485], [12.3575272, 41.8733285], [12.3574932, 41.8733084], [12.3574622, 41.8732903], [12.3574271, 41.8732723], [12.3573809, 41.8732549], [12.3573293, 41.8732386], [12.3572715, 41.8732231], [12.3572083, 41.8732086], [12.3570846, 41.8731876], [12.3560705, 41.87306], [12.3551789, 41.872956], [12.3547551, 41.8728867], [12.3543656, 41.8728429], [12.3540251, 41.8728283], [12.3536896, 41.8728119], [12.3532168, 41.8727462], [12.3528665, 41.8727116], [12.3526461, 41.8726933], [12.352504, 41.8727043], [12.3523203, 41.8727481], [12.3521733, 41.8727955], [12.3516835, 41.8731362]], [[12.3516835, 41.8731362], [12.3511905, 41.8735271]]]}}, {"type": "Feature", "properties": {"id": "SS-ROM-12498", "nome": "Via Tommaso Mosca", "quartiere": "Municipio Roma XII", "classificazione": "giallo", "score": 3, "note": "strada urbana senza ciclabile", "ciclabile": "no", "n_corsie": "2", "senso_unico": "no", "n_testimonianze": "0", "municipio": "XII"}, "geometry": {"type": "LineString", "coordinates": [[12.3578814, 41.8704581], [12.358071, 41.8688147]]}}, {"type": "Feature", "properties": {"id": "SS-ROM-12507", "nome": "Via Tommaso Vallauri", "quartiere": "Municipio Roma XII", "classificazione": "giallo", "score": 3, "note": "strada urbana senza ciclabile (2 corsie)", "ciclabile": "no", "n_corsie": "2", "senso_unico": "no", "n_testimonianze": "0", "municipio": "XII"}, "geometry": {"type": "MultiLineString", "coordinates": [[[12.4391118, 41.8574366], [12.4391158, 41.8573807], [12.4391274, 41.857011], [12.439134, 41.8569142], [12.4391535, 41.856759], [12.439181, 41.8566078], [12.4392439, 41.8562809], [12.4392476, 41.8562146], [12.4392475, 41.8561575], [12.4392408, 41.8560975], [12.4392261, 41.8560326], [12.4392033, 41.8559677]], [[12.4392033, 41.8559677], [12.439179, 41.8558491], [12.4391547, 41.8557404], [12.4390125, 41.8552705], [12.4389751, 41.8551121], [12.4389457, 41.8549637], [12.4389295, 41.8547182], [12.4389335, 41.8546261], [12.438953, 41.8545135], [12.4389996, 41.8543305], [12.4390543, 41.8541748], [12.4390742, 41.8541332], [12.4390967, 41.8540995], [12.439125, 41.8540672], [12.4391533, 41.8540409]]]}}, {"type": "Feature", "properties": {"id": "SS-ROM-12559", "nome": "Via Torrita di Siena", "quartiere": "Municipio Roma XII", "classificazione": "giallo", "score": 3, "note": "strada urbana senza ciclabile", "ciclabile": "no", "n_corsie": "2", "senso_unico": "si", "n_testimonianze": "0", "municipio": "XII"}, "geometry": {"type": "LineString", "coordinates": [[12.42714, 41.8469104], [12.4269862, 41.8468092], [12.4267706, 41.8466508], [12.4267114, 41.8465995], [12.4266831, 41.8465729], [12.4266602, 41.8465463], [12.4266471, 41.846523], [12.4266393, 41.8465007], [12.4266356, 41.8464774], [12.4266453, 41.8464551], [12.4267707, 41.8462938], [12.4269845, 41.8460216], [12.4269929, 41.8460138], [12.4270054, 41.846007], [12.4270188, 41.8460042], [12.4270348, 41.8460034], [12.4277719, 41.8460778]]}}, {"type": "Feature", "properties": {"id": "SS-ROM-12626", "nome": "Via Troiani", "quartiere": "Municipio Roma XII", "classificazione": "giallo", "score": 3, "note": "strada urbana senza ciclabile", "ciclabile": "no", "n_corsie": "2", "senso_unico": "no", "n_testimonianze": "0", "municipio": "XII"}, "geometry": {"type": "LineString", "coordinates": [[12.4327994, 41.8733376], [12.4327769, 41.8733376], [12.4327498, 41.87334], [12.4327303, 41.8733438], [12.4327048, 41.8733525], [12.4326847, 41.8733654], [12.4326696, 41.8733783], [12.4326572, 41.8733913], [12.4326042, 41.8734863], [12.4325488, 41.8736224], [12.432436, 41.8738621]]}}, {"type": "Feature", "properties": {"id": "SS-ROM-12641", "nome": "Via Tullio Ascarelli", "quartiere": "Municipio Roma XII", "classificazione": "giallo", "score": 3, "note": "strada urbana senza ciclabile (2 corsie)", "ciclabile": "no", "n_corsie": "2", "senso_unico": "no", "n_testimonianze": "0", "municipio": "XII"}, "geometry": {"type": "MultiLineString", "coordinates": [[[12.358071, 41.8688147], [12.358581, 41.8689167], [12.3588256, 41.8689658], [12.3589694, 41.8689946], [12.3590736, 41.8690146], [12.3591913, 41.8690362], [12.3592669, 41.8690489], [12.3593584, 41.8690634], [12.3594474, 41.8690761], [12.3594869, 41.8690797], [12.3595426, 41.8690825], [12.3595849, 41.8690833], [12.359619, 41.869081], [12.3596492, 41.8690762], [12.3596767, 41.8690705], [12.3597049, 41.8690613], [12.3597364, 41.8690469], [12.3597705, 41.8690266], [12.359803, 41.8690029], [12.3599342, 41.8688987], [12.3599891, 41.8688545], [12.3611432, 41.8679249]], [[12.3571043, 41.871138], [12.3578045, 41.8712396]], [[12.3571043, 41.871138], [12.3544629, 41.8707428]], [[12.358071, 41.8688147], [12.3575524, 41.868715], [12.3570289, 41.8686067], [12.3567751, 41.8685751], [12.3565428, 41.8685683], [12.3550394, 41.8686165]], [[12.3506067, 41.8693819], [12.3516013, 41.8703492], [12.3516495, 41.87039], [12.3517205, 41.8704169], [12.3517769, 41.8704215], [12.3524802, 41.8704487]], [[12.3544629, 41.8707428], [12.3524802, 41.8704487]], [[12.3550394, 41.8686165], [12.3544517, 41.8686351], [12.3525134, 41.8686934]], [[12.3525134, 41.8686934], [12.3505637, 41.8687344], [12.3506067, 41.8693819]]]}}, {"type": "Feature", "properties": {"id": "SS-ROM-12664", "nome": "Via Ubaldo Prosperetti", "quartiere": "Municipio Roma XII", "classificazione": "giallo", "score": 3, "note": "strada urbana senza ciclabile", "ciclabile": "no", "n_corsie": "2", "senso_unico": "no", "n_testimonianze": "0", "municipio": "XII"}, "geometry": {"type": "LineString", "coordinates": [[12.339388, 41.8456518], [12.3390942, 41.8460088], [12.3390644, 41.8460349], [12.3390253, 41.846049], [12.3389807, 41.8460537], [12.3389281, 41.8460563], [12.3388768, 41.846055], [12.3388215, 41.8460527], [12.3382167, 41.8460104], [12.3382034, 41.846009], [12.3381883, 41.8460067], [12.3381777, 41.8460046], [12.3381645, 41.8460014], [12.3381493, 41.8459972], [12.3381328, 41.8459922], [12.3381143, 41.8459862], [12.3381057, 41.845983], [12.3380913, 41.8459772], [12.3380808, 41.8459724], [12.336357, 41.8451768], [12.3363422, 41.8451693], [12.3363251, 41.84516], [12.3362889, 41.8451361], [12.3362478, 41.8451062], [12.3362311, 41.8450919], [12.3362187, 41.8450804], [12.3362095, 41.8450689], [12.3362013, 41.8450575], [12.3361766, 41.8450196], [12.3361525, 41.8449737], [12.3361463, 41.8449603], [12.3361404, 41.8449454], [12.3361361, 41.8449287], [12.3361302, 41.8449004], [12.3361269, 41.8448731], [12.336123, 41.8448364], [12.3361217, 41.8448006], [12.3361217, 41.8447788], [12.3361256, 41.8447588], [12.3361341, 41.8447284], [12.3361426, 41.844701], [12.3361548, 41.8446686], [12.3361629, 41.8446491], [12.3361782, 41.8446213], [12.3361935, 41.8445987], [12.3364, 41.8443424]]}}, {"type": "Feature", "properties": {"id": "SS-ROM-12681", "nome": "Via Ugo Bordoni", "quartiere": "Municipio Roma XII", "classificazione": "giallo", "score": 3, "note": "strada urbana senza ciclabile", "ciclabile": "no", "n_corsie": "2", "senso_unico": "no", "n_testimonianze": "0", "municipio": "XII"}, "geometry": {"type": "LineString", "coordinates": [[12.3420237, 41.872415], [12.342551, 41.8712926]]}}, {"type": "Feature", "properties": {"id": "SS-ROM-12692", "nome": "Via Ugo Forti", "quartiere": "Municipio Roma XII", "classificazione": "giallo", "score": 3, "note": "strada urbana senza ciclabile", "ciclabile": "no", "n_corsie": "2", "senso_unico": "no", "n_testimonianze": "0", "municipio": "XII"}, "geometry": {"type": "MultiLineString", "coordinates": [[[12.379571, 41.8769578], [12.3797614, 41.8769737], [12.3803172, 41.8770274], [12.3807503, 41.8770657], [12.3807956, 41.8770679], [12.3808409, 41.8770682], [12.3808751, 41.877065], [12.3809222, 41.8770573], [12.3809769, 41.8770433], [12.3810051, 41.8770341], [12.3810406, 41.877022], [12.3810801, 41.8770069], [12.3812182, 41.8769481], [12.3812936, 41.8769216], [12.381369, 41.8768991], [12.3815198, 41.87686], [12.3817326, 41.8768075], [12.3818377, 41.8767862], [12.3819427, 41.876769], [12.3820319, 41.8767587], [12.382121, 41.8767544], [12.3822088, 41.8767521], [12.3822966, 41.8767538], [12.3823687, 41.8767596], [12.3824283, 41.8767656], [12.3824892, 41.8767735], [12.3825951, 41.8767947], [12.3827813, 41.8768377]], [[12.3820319, 41.8767587], [12.3820335, 41.8767209], [12.3820297, 41.876685], [12.3820194, 41.8766427], [12.3820064, 41.8766045], [12.3819899, 41.8765702], [12.3819707, 41.8765399], [12.3819494, 41.8765121], [12.3819241, 41.8764863], [12.3818936, 41.8764638], [12.381859, 41.8764434], [12.3818218, 41.8764254], [12.3817819, 41.8764084], [12.381738, 41.8763906], [12.3816915, 41.8763738], [12.3816304, 41.8763539], [12.381503, 41.876314], [12.3814332, 41.8762926], [12.381406, 41.876281], [12.3813785, 41.8762685], [12.3813609, 41.8762577], [12.3813447, 41.8762457], [12.3813265, 41.8762303], [12.3813141, 41.8762118], [12.3813031, 41.8761923], [12.3812652, 41.8761019]]]}}, {"type": "Feature", "properties": {"id": "SS-ROM-12727", "nome": "Via Umberto Cisotti", "quartiere": "Municipio Roma XII", "classificazione": "giallo", "score": 3, "note": "strada urbana senza ciclabile", "ciclabile": "no", "n_corsie": "2", "senso_unico": "no", "n_testimonianze": "0", "municipio": "XII"}, "geometry": {"type": "LineString", "coordinates": [[12.3415757, 41.8722411], [12.3420405, 41.8712389]]}}, {"type": "Feature", "properties": {"id": "SS-ROM-12816", "nome": "Via Valentino Cigliutti", "quartiere": "Municipio Roma XII", "classificazione": "giallo", "score": 3, "note": "strada urbana senza ciclabile", "ciclabile": "no", "n_corsie": "2", "senso_unico": "no", "n_testimonianze": "0", "municipio": "XII"}, "geometry": {"type": "MultiLineString", "coordinates": [[[12.334154, 41.8835992], [12.3350022, 41.8834697], [12.3354189, 41.8833889], [12.3355892, 41.8833307], [12.335738, 41.8832512], [12.3359088, 41.8831772], [12.3361283, 41.8831158], [12.3364438, 41.8830592]], [[12.3364438, 41.8830592], [12.3369711, 41.8829694]], [[12.3369711, 41.8829694], [12.3372577, 41.8829267], [12.3373384, 41.8829135], [12.3374296, 41.882906], [12.337523, 41.8828989], [12.3375968, 41.8828944], [12.3376634, 41.8828979], [12.3377709, 41.8829009], [12.3377987, 41.8829016], [12.3378277, 41.8829017], [12.3378466, 41.8829036], [12.3378721, 41.8829063], [12.3378982, 41.8829108], [12.3379215, 41.8829183], [12.337952, 41.8829277], [12.3380013, 41.8829386]], [[12.3380013, 41.8829386], [12.3379917, 41.8828436], [12.3379915, 41.8828273], [12.337989, 41.8828067], [12.3379904, 41.8827856], [12.337979, 41.882704], [12.3375242, 41.8813595], [12.3369485, 41.8795359], [12.3368737, 41.8792212], [12.3368612, 41.8791519], [12.3368584, 41.8791002], [12.3368608, 41.8790516], [12.3368717, 41.8789948], [12.3368893, 41.8789399], [12.3369153, 41.8788791], [12.3369521, 41.8788232], [12.3370093, 41.8787598], [12.3370652, 41.8787103], [12.3371138, 41.8786765], [12.3377227, 41.8782827], [12.3378332, 41.8782051], [12.3379302, 41.8781295], [12.3381031, 41.8779893], [12.3381577, 41.8779482], [12.3382246, 41.8778987], [12.3382953, 41.8778554], [12.3383633, 41.877815], [12.3389491, 41.8774967], [12.3391965, 41.8773618], [12.3392429, 41.8773335], [12.3392813, 41.8773052], [12.3393114, 41.8772793], [12.3393365, 41.8772467], [12.3393569, 41.8772164], [12.3393733, 41.8771891], [12.3393887, 41.8771507], [12.3394, 41.8771154], [12.3394065, 41.8770544], [12.339405, 41.8769914], [12.3393962, 41.8769322], [12.3393865, 41.8768996], [12.339374, 41.876864], [12.3393515, 41.87682], [12.3393155, 41.8767671], [12.3391898, 41.8766508], [12.3383981, 41.876103], [12.3380202, 41.8757449], [12.3378696, 41.8755659], [12.3377217, 41.8753438], [12.3376449, 41.8751927], [12.3376198, 41.8751384], [12.3375828, 41.8750481], [12.3375364, 41.8749094], [12.337495, 41.8748131], [12.3374598, 41.8747325], [12.3374193, 41.8746635], [12.3373709, 41.8745965], [12.3373147, 41.8745295], [12.3372559, 41.8744762], [12.3371891, 41.8744229], [12.3371145, 41.8743715], [12.3370373, 41.874324], [12.3369301, 41.8742625], [12.3366458, 41.8741135], [12.3362365, 41.873918], [12.3358119, 41.8736872], [12.3356804, 41.8736033], [12.3355222, 41.8734476], [12.3353827, 41.8733077], [12.3352647, 41.873156], [12.3351829, 41.8729866], [12.3349295, 41.8721963], [12.3343393, 41.8703558], [12.3342562, 41.870208], [12.3341789, 41.8700724], [12.334165, 41.8699897], [12.3341756, 41.8699144], [12.3342179, 41.8697931], [12.3342585, 41.86971], [12.3343019, 41.8695815], [12.3343345, 41.8694684], [12.3343609, 41.86927], [12.3343286, 41.8690785], [12.3342642, 41.8689027], [12.3329185, 41.8656958], [12.3329147, 41.8656867], [12.3329016, 41.8656477]], [[12.3339236, 41.8836286], [12.334154, 41.8835992]], [[12.3336969, 41.8836481], [12.3337711, 41.883646], [12.3339236, 41.8836286]], [[12.3328703, 41.8655541], [12.3328562, 41.865512], [12.3326082, 41.8646977], [12.3324839, 41.8642901], [12.3323602, 41.8638894], [12.3322361, 41.8635035], [12.3321556, 41.8632525], [12.3321494, 41.8632331]], [[12.3329016, 41.8656477], [12.3328703, 41.8655541]], [[12.3321347, 41.8631873], [12.3320711, 41.8629888], [12.3319593, 41.8626274], [12.331937, 41.8625478], [12.3318999, 41.8624309], [12.3318652, 41.8622854], [12.3318531, 41.8621167], [12.3319135, 41.8619409], [12.3319698, 41.861851], [12.3320865, 41.8617582]], [[12.3321494, 41.8632331], [12.3321347, 41.8631873]]]}}, {"type": "Feature", "properties": {"id": "SS-ROM-12961", "nome": "Via Vicchio", "quartiere": "Municipio Roma XII", "classificazione": "giallo", "score": 3, "note": "strada urbana senza ciclabile", "ciclabile": "no", "n_corsie": "2", "senso_unico": "no", "n_testimonianze": "0", "municipio": "XII"}, "geometry": {"type": "LineString", "coordinates": [[12.4360871, 41.8291361], [12.4361544, 41.8308649], [12.4361694, 41.8309504], [12.4361846, 41.8309853], [12.4362069, 41.8310203], [12.4362532, 41.831065], [12.4363041, 41.8311098]]}}, {"type": "Feature", "properties": {"id": "SS-ROM-12990", "nome": "Via Villa Basilica", "quartiere": "Municipio Roma XII", "classificazione": "giallo", "score": 3, "note": "strada urbana senza ciclabile", "ciclabile": "no", "n_corsie": "2", "senso_unico": "si", "n_testimonianze": "0", "municipio": "XII"}, "geometry": {"type": "LineString", "coordinates": [[12.4310457, 41.8453068], [12.4285139, 41.8452651]]}}, {"type": "Feature", "properties": {"id": "SS-ROM-12993", "nome": "Via Villa Collemandina", "quartiere": "Municipio Roma XII", "classificazione": "giallo", "score": 3, "note": "strada urbana senza ciclabile", "ciclabile": "no", "n_corsie": "2", "senso_unico": "no", "n_testimonianze": "0", "municipio": "XII"}, "geometry": {"type": "LineString", "coordinates": [[12.4300876, 41.8476087], [12.4302302, 41.8474837], [12.4303857, 41.8473395], [12.4304542, 41.8472812], [12.4304928, 41.8472451], [12.4305274, 41.8472089], [12.4305698, 41.847161], [12.4306082, 41.8471131], [12.4306425, 41.8470652], [12.4306742, 41.8470153], [12.430861, 41.8466876], [12.4309388, 41.8465221], [12.4310489, 41.8463699], [12.4312356, 41.8461424], [12.4313631, 41.8459873], [12.4314665, 41.8458357], [12.4315516, 41.8456943], [12.4316099, 41.8455851], [12.4317888, 41.8456385]]}}, {"type": "Feature", "properties": {"id": "SS-ROM-13053", "nome": "Via Vincenzo De Franchis", "quartiere": "Municipio Roma XII", "classificazione": "giallo", "score": 3, "note": "strada urbana senza ciclabile (2 corsie)", "ciclabile": "no", "n_corsie": "2", "senso_unico": "si", "n_testimonianze": "0", "municipio": "XII"}, "geometry": {"type": "LineString", "coordinates": [[12.3572684, 41.8705428], [12.3571043, 41.871138]]}}, {"type": "Feature", "properties": {"id": "SS-ROM-13061", "nome": "Via Vincenzo Gemito", "quartiere": "Municipio Roma XII", "classificazione": "giallo", "score": 3, "note": "strada urbana senza ciclabile", "ciclabile": "no", "n_corsie": "2", "senso_unico": "no", "n_testimonianze": "0", "municipio": "XII"}, "geometry": {"type": "LineString", "coordinates": [[12.4190853, 41.8729779], [12.4183533, 41.873314], [12.4183335, 41.8733206], [12.4183159, 41.873323], [12.4182953, 41.8733206], [12.4182706, 41.8733142], [12.4182488, 41.8733065], [12.4182293, 41.8732935], [12.4182187, 41.8732822], [12.4182006, 41.8732592], [12.4181863, 41.8732367], [12.4181744, 41.8732158], [12.4181077, 41.873079], [12.4180916, 41.8730472], [12.417953, 41.8727853]]}}, {"type": "Feature", "properties": {"id": "SS-ROM-13093", "nome": "Via Vincenzo Tizzani", "quartiere": "Municipio Roma XII", "classificazione": "giallo", "score": 3, "note": "strada urbana senza ciclabile (1 corsie)", "ciclabile": "no", "n_corsie": "1", "senso_unico": "si", "n_testimonianze": "0", "municipio": "XII"}, "geometry": {"type": "LineString", "coordinates": [[12.4419198, 41.8698352], [12.4419589, 41.8699039], [12.4419858, 41.8699514], [12.4420283, 41.8700472], [12.4420437, 41.8700853], [12.4420567, 41.8701251], [12.4420682, 41.8701709], [12.4420751, 41.8702062], [12.4420808, 41.8702682], [12.4420819, 41.8703216], [12.4420821, 41.8703733], [12.4420787, 41.8704215], [12.442071, 41.8704776], [12.4420532, 41.8705448], [12.442042, 41.8705885], [12.4420284, 41.8706373], [12.4419477, 41.8709039], [12.4418879, 41.8710971], [12.4418569, 41.8711963], [12.4418437, 41.8712467], [12.4418282, 41.8713024], [12.4418115, 41.8713963], [12.4418038, 41.8714619], [12.4417979, 41.8715791], [12.4417991, 41.8716612], [12.4418031, 41.8717272], [12.4418118, 41.8717993], [12.4418161, 41.8718332], [12.4418228, 41.8718759], [12.4418368, 41.8719525], [12.4419468, 41.8723673], [12.441975, 41.8724554]]}}, {"type": "Feature", "properties": {"id": "SS-ROM-13097", "nome": "Via Vincenzo Ussani", "quartiere": "Municipio Roma XII", "classificazione": "giallo", "score": 3, "note": "strada urbana senza ciclabile (1 corsie)", "ciclabile": "no", "n_corsie": "1", "senso_unico": "si", "n_testimonianze": "0", "municipio": "XII"}, "geometry": {"type": "MultiLineString", "coordinates": [[[12.4413137, 41.8583483], [12.4413578, 41.8581972], [12.441367, 41.8581498], [12.4413693, 41.8581135]], [[12.4416523, 41.8583337], [12.4415934, 41.8583238], [12.4415668, 41.8583198], [12.4415409, 41.8583172], [12.4415154, 41.8583154], [12.4414828, 41.8583184], [12.4413137, 41.8583483]], [[12.4413137, 41.8583483], [12.4412819, 41.8584499], [12.4411353, 41.8588534], [12.4411188, 41.8589007], [12.441114, 41.8589181], [12.4411105, 41.8589404], [12.4411095, 41.8589552], [12.4411113, 41.8589709], [12.4411157, 41.8589925], [12.4411269, 41.8590186], [12.4412259, 41.8591603], [12.4414752, 41.8594932], [12.4415578, 41.8596119], [12.4416425, 41.8597262], [12.4416902, 41.8597983], [12.4417614, 41.8599148], [12.4417903, 41.859969], [12.4418176, 41.8600267], [12.4418497, 41.860113], [12.4418772, 41.8602011], [12.4418962, 41.8602911], [12.4419106, 41.8603829], [12.4419162, 41.8604485], [12.4419112, 41.8605533], [12.4418952, 41.8606277], [12.4418701, 41.8607194], [12.4418493, 41.86077], [12.441662, 41.8610573], [12.4416299, 41.8610975], [12.4415931, 41.8611394], [12.4415512, 41.8611844], [12.4415187, 41.8612155], [12.4414792, 41.8612483], [12.441435, 41.8612776], [12.4413761, 41.8613134], [12.4413317, 41.861337], [12.4412714, 41.8613636], [12.4412274, 41.861378], [12.4411586, 41.8613946], [12.4410547, 41.8614079], [12.4409184, 41.8614139], [12.4404955, 41.8614192], [12.440359, 41.8614192], [12.4403045, 41.8614233], [12.4402232, 41.8614331], [12.4401435, 41.8614481], [12.4400606, 41.8614654], [12.43999, 41.8614826], [12.4397674, 41.8615415], [12.4396635, 41.8615614], [12.439553, 41.8615779], [12.439503, 41.8615841], [12.4394489, 41.8615888], [12.4393992, 41.8615927], [12.4393454, 41.8615951], [12.4392593, 41.8615964], [12.4391678, 41.8615909], [12.4390919, 41.8615843], [12.4390031, 41.8615728], [12.4382811, 41.8614669], [12.4382782, 41.8614665], [12.4382091, 41.8614575]]]}}, {"type": "Feature", "properties": {"id": "SS-ROM-13099", "nome": "Via Vincenzo Vela", "quartiere": "Municipio Roma XII", "classificazione": "giallo", "score": 3, "note": "strada urbana senza ciclabile (1 corsie)", "ciclabile": "no", "n_corsie": "1", "senso_unico": "si", "n_testimonianze": "0", "municipio": "XII"}, "geometry": {"type": "MultiLineString", "coordinates": [[[12.4196193, 41.8578082], [12.4195164, 41.8578016], [12.4173955, 41.8576938], [12.4173305, 41.8576918], [12.4172278, 41.8576899], [12.4171901, 41.8576917], [12.4169269, 41.8577481], [12.4162632, 41.857905]], [[12.4162632, 41.857905], [12.4154025, 41.8581059]]]}}, {"type": "Feature", "properties": {"id": "SS-ROM-13119", "nome": "Via Virginia Agnelli", "quartiere": "Municipio Roma XII", "classificazione": "giallo", "score": 3, "note": "strada urbana senza ciclabile (2 corsie)", "ciclabile": "no", "n_corsie": "2", "senso_unico": "si", "n_testimonianze": "0", "municipio": "XII"}, "geometry": {"type": "MultiLineString", "coordinates": [[[12.4437554, 41.8607893], [12.4437675, 41.8608477], [12.4437823, 41.8608995], [12.4438039, 41.860965], [12.4438376, 41.8610442], [12.4438633, 41.8610935], [12.443944, 41.8612358], [12.4439916, 41.8613054], [12.4440286, 41.861353], [12.4440738, 41.8614067], [12.4441355, 41.8614677], [12.4441786, 41.8615073], [12.4442298, 41.8615514], [12.4442959, 41.8615979], [12.444361, 41.8616384], [12.444423, 41.8616691], [12.4444799, 41.8616938], [12.4445442, 41.8617193], [12.4446066, 41.8617403], [12.4447803, 41.8618002], [12.4451809, 41.8619328], [12.4455043, 41.8620411], [12.4460525, 41.8622174], [12.4461686, 41.8622566], [12.4462949, 41.862305], [12.4463871, 41.8623426], [12.4464854, 41.8623864]], [[12.4483791, 41.8643371], [12.4483455, 41.864255], [12.4482191, 41.8639928], [12.4480769, 41.8637639], [12.4479629, 41.8636228], [12.4478275, 41.8634786], [12.447726, 41.8633883], [12.4476184, 41.863301], [12.4474103, 41.8631379], [12.4470611, 41.862866], [12.4469694, 41.8627982], [12.4468564, 41.8627265], [12.4467333, 41.8626532], [12.4466293, 41.8625938], [12.4465162, 41.8625313], [12.4463974, 41.8624744], [12.4462518, 41.8624105], [12.446127, 41.8623638], [12.4459914, 41.862317], [12.4456845, 41.8622134], [12.4454512, 41.8621357], [12.4452508, 41.8620698], [12.4451239, 41.8620281], [12.4447843, 41.8619195], [12.444608, 41.861858], [12.4445189, 41.8618265], [12.4444404, 41.861796], [12.4443582, 41.8617576], [12.4443008, 41.8617313], [12.4442536, 41.8617072], [12.4441585, 41.861649], [12.4441262, 41.861626], [12.4440838, 41.8615925], [12.4440141, 41.8615297], [12.4439681, 41.8614818], [12.4439159, 41.861422], [12.4438819, 41.8613826], [12.4438453, 41.8613339], [12.443813, 41.8612853], [12.4437808, 41.8612288], [12.443729, 41.8611332], [12.4436535, 41.8609154]], [[12.4480769, 41.8637639], [12.4482046, 41.8637134]], [[12.4474103, 41.8631379], [12.4474424, 41.8630549], [12.4474618, 41.863012]], [[12.4459914, 41.862317], [12.4460525, 41.8622174]], [[12.4454512, 41.8621357], [12.4455043, 41.8620411]], [[12.4464854, 41.8623864], [12.4466282, 41.8624597], [12.4467853, 41.8625451], [12.4469095, 41.8626207], [12.4470257, 41.8626948], [12.4470921, 41.8627406], [12.4471535, 41.862784], [12.4474618, 41.863012], [12.4475316, 41.863065], [12.4476415, 41.8631458], [12.4476974, 41.8631908], [12.4477533, 41.8632372], [12.4478559, 41.8633348], [12.4479435, 41.8634212], [12.4480908, 41.8635715], [12.4482046, 41.8637134], [12.4483499, 41.863932], [12.4484468, 41.8641035], [12.4484989, 41.8642152], [12.448533, 41.8643017]]]}}, {"type": "Feature", "properties": {"id": "SS-ROM-13149", "nome": "Via Vittorino Cannavina", "quartiere": "Municipio Roma XII", "classificazione": "blu", "score": 2, "note": "accesso limitato (ZTL)", "ciclabile": "no", "n_corsie": "1", "senso_unico": "no", "n_testimonianze": "0", "municipio": "XII"}, "geometry": {"type": "MultiLineString", "coordinates": [[[12.356933, 41.8784892], [12.3571473, 41.8786883], [12.3572631, 41.8787958], [12.3574817, 41.8789987]], [[12.3563256, 41.8803569], [12.3560909, 41.881082], [12.3557911, 41.8820082]], [[12.3574817, 41.8789987], [12.3575818, 41.8791093], [12.3563217, 41.8798598], [12.3562897, 41.8798986], [12.3562981, 41.8799465], [12.3563433, 41.8799779], [12.3563963, 41.8800586], [12.3563944, 41.8801851], [12.3563256, 41.8803569]]]}}, {"type": "Feature", "properties": {"id": "SS-ROM-13170", "nome": "Via Vittorio Lavezzari", "quartiere": "Municipio Roma XII", "classificazione": "giallo", "score": 3, "note": "strada urbana senza ciclabile (2 corsie)", "ciclabile": "no", "n_corsie": "2", "senso_unico": "si", "n_testimonianze": "0", "municipio": "XII"}, "geometry": {"type": "MultiLineString", "coordinates": [[[12.4175736, 41.8531285], [12.4175873, 41.8531543], [12.417595, 41.853181], [12.4175929, 41.8531989], [12.417585, 41.853215], [12.4175662, 41.8532277], [12.4175444, 41.8532346], [12.4175094, 41.8532371], [12.4174757, 41.8532336]], [[12.4170389, 41.8531841], [12.4170876, 41.8531581], [12.417114, 41.8531455], [12.4171418, 41.853134], [12.4171779, 41.8531215], [12.4172154, 41.8531101], [12.4172945, 41.8530881], [12.4173179, 41.8530786], [12.4173498, 41.8530627], [12.4173816, 41.8530438]], [[12.4164348, 41.8533385], [12.4162739, 41.8533935], [12.4162226, 41.8534041], [12.4161463, 41.8534106], [12.4160842, 41.8534305]], [[12.4145811, 41.8548311], [12.4145499, 41.8547725], [12.4145225, 41.8547121], [12.4145183, 41.8546792], [12.4145235, 41.8546484], [12.4145453, 41.854618], [12.4145711, 41.8545956], [12.414656, 41.8545469], [12.4147324, 41.8545001], [12.4147899, 41.8544604], [12.414823, 41.8544345]], [[12.4160929, 41.8533377], [12.4161462, 41.8533469], [12.4162273, 41.8533515], [12.4164348, 41.8533385]], [[12.4159533, 41.8534651], [12.4158027, 41.8535306], [12.4157091, 41.8535968], [12.4156542, 41.8536174]], [[12.4156542, 41.8536174], [12.4156558, 41.8535744], [12.4157293, 41.8534793], [12.4158655, 41.853375]], [[12.4164348, 41.8533385], [12.4170389, 41.8531841]], [[12.4154504, 41.8538896], [12.4155265, 41.8537968], [12.4156542, 41.8536174]], [[12.414823, 41.8544345], [12.4148873, 41.8543959]], [[12.4159533, 41.8534651], [12.415917, 41.8534523], [12.4158884, 41.8534314], [12.4158705, 41.8534047], [12.4158655, 41.853375], [12.415872, 41.8533493], [12.4158883, 41.8533261], [12.4159101, 41.8533089], [12.4159371, 41.8532967], [12.4159675, 41.85329], [12.4159992, 41.8532895], [12.4160299, 41.8532952], [12.4160576, 41.8533067], [12.4160777, 41.8533207], [12.4160929, 41.8533377], [12.4161038, 41.8533607], [12.416106, 41.853385], [12.4160992, 41.8534089], [12.4160842, 41.8534305]], [[12.4152265, 41.8540839], [12.4152853, 41.8540237], [12.4153773, 41.85394], [12.4154504, 41.8538896]], [[12.4150259, 41.854276], [12.4151442, 41.8541689], [12.4152265, 41.8540839]], [[12.4148873, 41.8543959], [12.4149598, 41.8543358], [12.4150259, 41.854276]], [[12.4160842, 41.8534305], [12.4160673, 41.8534448], [12.4160467, 41.8534561], [12.4160293, 41.8534624], [12.4160108, 41.8534665], [12.4159916, 41.8534683], [12.4159723, 41.8534678], [12.4159533, 41.8534651]], [[12.4174757, 41.8532336], [12.4174342, 41.8532242], [12.417352, 41.8532084], [12.4172644, 41.8531945], [12.4171905, 41.8531892], [12.417082, 41.8531847], [12.4170389, 41.8531841]]]}}, {"type": "Feature", "properties": {"id": "SS-ROM-13186", "nome": "Via Vittorio Putti", "quartiere": "Municipio Roma XII", "classificazione": "giallo", "score": 3, "note": "strada urbana senza ciclabile", "ciclabile": "no", "n_corsie": "2", "senso_unico": "no", "n_testimonianze": "0", "municipio": "XII"}, "geometry": {"type": "LineString", "coordinates": [[12.4494672, 41.8775129], [12.4494202, 41.8774944], [12.4483849, 41.8770678], [12.448332, 41.877046]]}}, {"type": "Feature", "properties": {"id": "SS-ROM-13190", "nome": "Via Vittorio Spinazzola", "quartiere": "Municipio Roma XII", "classificazione": "giallo", "score": 3, "note": "strada urbana senza ciclabile (1 corsie)", "ciclabile": "no", "n_corsie": "1", "senso_unico": "si", "n_testimonianze": "0", "municipio": "XII"}, "geometry": {"type": "LineString", "coordinates": [[12.4381481, 41.8769827], [12.4381271, 41.876996], [12.4380952, 41.8770163], [12.4377539, 41.8772334], [12.4377214, 41.8772541], [12.4377014, 41.8772603], [12.4376813, 41.877262], [12.4376587, 41.8772575], [12.4376421, 41.87725], [12.4375201, 41.8771661], [12.437494, 41.877161], [12.4372272, 41.8772011], [12.4365753, 41.8772836]]}}, {"type": "Feature", "properties": {"id": "SS-ROM-13270", "nome": "Via degli Accolti", "quartiere": "Municipio Roma XII", "classificazione": "giallo", "score": 3, "note": "strada urbana senza ciclabile", "ciclabile": "no", "n_corsie": "2", "senso_unico": "no", "n_testimonianze": "0", "municipio": "XII"}, "geometry": {"type": "LineString", "coordinates": [[12.4326941, 41.8526916], [12.4315517, 41.8529559], [12.431395, 41.8532921]]}}, {"type": "Feature", "properties": {"id": "SS-ROM-13271", "nome": "Via degli Accoramboni", "quartiere": "Municipio Roma XII", "classificazione": "giallo", "score": 3, "note": "strada urbana senza ciclabile", "ciclabile": "no", "n_corsie": "2", "senso_unico": "no", "n_testimonianze": "0", "municipio": "XII"}, "geometry": {"type": "LineString", "coordinates": [[12.4127067, 41.8602136], [12.4131218, 41.8588768], [12.4132391, 41.8584992]]}}, {"type": "Feature", "properties": {"id": "SS-ROM-13275", "nome": "Via degli Adelardi", "quartiere": "Municipio Roma XII", "classificazione": "giallo", "score": 3, "note": "strada urbana senza ciclabile", "ciclabile": "no", "n_corsie": "2", "senso_unico": "no", "n_testimonianze": "0", "municipio": "XII"}, "geometry": {"type": "LineString", "coordinates": [[12.4208717, 41.8716464], [12.4226398, 41.871162]]}}, {"type": "Feature", "properties": {"id": "SS-ROM-13276", "nome": "Via degli Adimari", "quartiere": "Municipio Roma XII", "classificazione": "giallo", "score": 3, "note": "strada urbana senza ciclabile (1 corsie)", "ciclabile": "no", "n_corsie": "1", "senso_unico": "si", "n_testimonianze": "0", "municipio": "XII"}, "geometry": {"type": "LineString", "coordinates": [[12.4248826, 41.854436], [12.4259757, 41.8534678], [12.4260167, 41.8534329], [12.4260522, 41.8533998], [12.4260658, 41.8533823], [12.4260762, 41.8533636], [12.4260875, 41.8533413], [12.4260926, 41.8533189], [12.4260954, 41.8532969], [12.426095, 41.8532725], [12.4260894, 41.8532463], [12.4260792, 41.853219], [12.4260658, 41.8531929], [12.4260525, 41.8531736], [12.4260342, 41.8531564], [12.4260098, 41.85314], [12.4259832, 41.8531243], [12.4258906, 41.8530673], [12.4257873, 41.8530077], [12.4256643, 41.8529425], [12.4255583, 41.8528888], [12.4249096, 41.8526552], [12.4232299, 41.8520565], [12.4226424, 41.8518458], [12.4226185, 41.8518385], [12.4225355, 41.8518087]]}}, {"type": "Feature", "properties": {"id": "SS-ROM-13277", "nome": "Via degli Affaitati", "quartiere": "Municipio Roma XII", "classificazione": "giallo", "score": 3, "note": "strada urbana senza ciclabile", "ciclabile": "no", "n_corsie": "2", "senso_unico": "no", "n_testimonianze": "0", "municipio": "XII"}, "geometry": {"type": "LineString", "coordinates": [[12.4207633, 41.8748318], [12.4218259, 41.874195]]}}, {"type": "Feature", "properties": {"id": "SS-ROM-13279", "nome": "Via degli Alagno", "quartiere": "Municipio Roma XII", "classificazione": "giallo", "score": 3, "note": "strada urbana senza ciclabile (2 corsie)", "ciclabile": "no", "n_corsie": "2", "senso_unico": "no", "n_testimonianze": "0", "municipio": "XII"}, "geometry": {"type": "MultiLineString", "coordinates": [[[12.4144595, 41.8472614], [12.4144876, 41.8473358], [12.4144953, 41.8473633], [12.4145001, 41.8473971], [12.4145154, 41.8474711]], [[12.416564, 41.8510989], [12.4167269, 41.851054]], [[12.4166832, 41.8509412], [12.4170305, 41.8508629], [12.4171324, 41.850802], [12.417345, 41.8507394], [12.4168689, 41.8495648], [12.4167316, 41.8495059]], [[12.4146719, 41.8477744], [12.4147635, 41.8478757], [12.414895, 41.8480275], [12.4151676, 41.8482264], [12.4154071, 41.8484181], [12.4154542, 41.8484711], [12.4155523, 41.8486392], [12.4156206, 41.8488023], [12.4156672, 41.8489136], [12.4160003, 41.8497101], [12.4160152, 41.8497449], [12.4160723, 41.8498813], [12.416564, 41.8510989]], [[12.4145154, 41.8474711], [12.4145568, 41.8475668], [12.4146719, 41.8477744]], [[12.4152224, 41.847505], [12.4151779, 41.8475162], [12.4151358, 41.8475221], [12.415101, 41.8475258], [12.4150602, 41.8475272], [12.4150151, 41.8475278], [12.4149442, 41.8475318], [12.4148886, 41.8475342], [12.4148672, 41.8475368], [12.4148487, 41.8475412], [12.4148125, 41.8475513], [12.4147918, 41.8475592], [12.4147726, 41.8475674], [12.4147608, 41.8475736], [12.4147502, 41.8475798], [12.4147251, 41.8475999], [12.4147071, 41.8476211], [12.4146931, 41.8476448], [12.4146858, 41.8476629], [12.4146784, 41.847685], [12.4146743, 41.8477175], [12.4146724, 41.8477407], [12.4146719, 41.8477744]], [[12.4171488, 41.8518111], [12.4170441, 41.8515775], [12.4169835, 41.8515062], [12.4168085, 41.8510849], [12.4167856, 41.851063], [12.4167569, 41.8510552], [12.4167269, 41.851054], [12.4166832, 41.8509412], [12.4161651, 41.8497012], [12.4161937, 41.8495767]]]}}, {"type": "Feature", "properties": {"id": "SS-ROM-13282", "nome": "Via degli Albertoni", "quartiere": "Municipio Roma XII", "classificazione": "giallo", "score": 3, "note": "strada urbana senza ciclabile", "ciclabile": "no", "n_corsie": "2", "senso_unico": "no", "n_testimonianze": "0", "municipio": "XII"}, "geometry": {"type": "LineString", "coordinates": [[12.4226195, 41.8553962], [12.4231743, 41.8563983]]}}, {"type": "Feature", "properties": {"id": "SS-ROM-13284", "nome": "Via degli Aldobrandeschi", "quartiere": "Municipio Roma XII", "classificazione": "giallo", "score": 3, "note": "strada urbana senza ciclabile (2 corsie)", "ciclabile": "no", "n_corsie": "2", "senso_unico": "no", "n_testimonianze": "0", "municipio": "XII"}, "geometry": {"type": "MultiLineString", "coordinates": [[[12.3936931, 41.8722613], [12.3937424, 41.8723004], [12.3937782, 41.8723354], [12.3938163, 41.8723732], [12.3938494, 41.8724182]], [[12.393921, 41.8727698], [12.3939556, 41.8728166], [12.3939823, 41.872848], [12.3940104, 41.8728769], [12.3940454, 41.8729076], [12.3940716, 41.8729279], [12.3941032, 41.8729493], [12.3941537, 41.87298], [12.3941984, 41.8730046], [12.3942396, 41.8730265]], [[12.3938494, 41.8724182], [12.393844, 41.8724691], [12.3938472, 41.8725207], [12.3938597, 41.8725896], [12.393921, 41.8727698]], [[12.3997494, 41.8797037], [12.3999952, 41.8798225], [12.4001111, 41.8798732], [12.4002223, 41.8799222], [12.4008955, 41.8802177], [12.4012303, 41.8803774]], [[12.4014843, 41.8805004], [12.4019548, 41.880724]], [[12.4012303, 41.8803774], [12.4013404, 41.880432], [12.4014843, 41.8805004]], [[12.4019548, 41.880724], [12.402203, 41.8808397], [12.4025218, 41.8809882], [12.402617, 41.8810365], [12.4026933, 41.8810759], [12.4027632, 41.8811144], [12.4028857, 41.8811858], [12.4029778, 41.8812492], [12.403098, 41.881331], [12.4032237, 41.8814231], [12.4034984, 41.881632], [12.4036682, 41.8817504], [12.4038264, 41.8818533], [12.4038818, 41.8818893], [12.4039382, 41.8819277], [12.4040541, 41.8820081], [12.4041617, 41.8820883], [12.4042074, 41.8821232], [12.4042601, 41.8821697], [12.40438, 41.8822828], [12.4044275, 41.8823337], [12.4047804, 41.8827185], [12.4050117, 41.8829432], [12.4050759, 41.8830055], [12.4054166, 41.8832731], [12.4056948, 41.8834916], [12.405828, 41.8835983], [12.4062083, 41.8838746], [12.4063902, 41.8840033], [12.4065367, 41.884116]], [[12.3936244, 41.8754604], [12.3936771, 41.8756486], [12.3936835, 41.875687], [12.393681, 41.8757227], [12.3936704, 41.8757516], [12.393651, 41.8757804], [12.3935806, 41.8758486], [12.3934873, 41.8759482], [12.3934638, 41.8759797], [12.3934482, 41.8760047], [12.3934343, 41.8760311], [12.3934257, 41.8760641], [12.3934222, 41.8760978], [12.3934254, 41.8761231], [12.3934344, 41.8761513], [12.3934495, 41.8761799], [12.3934767, 41.87621], [12.3935101, 41.8762383], [12.3935563, 41.8762715], [12.3939729, 41.8765348], [12.3940961, 41.8766141], [12.3942691, 41.8767187], [12.3943224, 41.8767478], [12.3943739, 41.8767717], [12.394502, 41.8768179], [12.394545, 41.8768344], [12.3945828, 41.8768509], [12.3946223, 41.8768694], [12.394653, 41.8768852], [12.3948233, 41.8769991], [12.3954267, 41.8774215], [12.3956566, 41.8775772], [12.395774, 41.8776594], [12.396004, 41.8778179], [12.3961488, 41.8779027], [12.396227, 41.8779458], [12.3963034, 41.8779875], [12.3966055, 41.8781388], [12.3970403, 41.8783347], [12.3974761, 41.8785274], [12.3976838, 41.8786276], [12.3977841, 41.878677], [12.3978818, 41.8787271], [12.3983204, 41.8789443], [12.3990975, 41.879345], [12.3991911, 41.8793931], [12.3992626, 41.8794311], [12.3995222, 41.8795743], [12.3997494, 41.8797037]], [[12.3934588, 41.8748718], [12.3934969, 41.875021]], [[12.3934969, 41.875021], [12.3936244, 41.8754604]], [[12.3942396, 41.8730265], [12.3946254, 41.8732275], [12.3951793, 41.8735426], [12.3954504, 41.8737094], [12.3957145, 41.8738735], [12.3957786, 41.8739186], [12.3958363, 41.8739609], [12.3958972, 41.8740082], [12.3960233, 41.8741119], [12.396089, 41.8741677], [12.3961262, 41.8741996], [12.3961564, 41.8742269], [12.3961881, 41.8742583], [12.3962144, 41.8742851], [12.3962431, 41.8743203], [12.3962687, 41.8743545], [12.3962823, 41.8743755], [12.396296, 41.8744005], [12.3963113, 41.8744369], [12.3963213, 41.8744734], [12.3963253, 41.8745028], [12.3963272, 41.8745341], [12.3963263, 41.8745609], [12.3963211, 41.8746038], [12.3963125, 41.8746319], [12.3963003, 41.8746612], [12.3962885, 41.874683], [12.3962732, 41.8747074], [12.3962394, 41.8747418], [12.3960163, 41.8749364], [12.3959195, 41.8750229], [12.3959027, 41.8750358], [12.395877, 41.8750513], [12.3958451, 41.8750653], [12.3958037, 41.8750769], [12.3957631, 41.8750827], [12.3957104, 41.8750837], [12.3956726, 41.8750792], [12.3956488, 41.8750733], [12.3956224, 41.8750642], [12.3955988, 41.8750538], [12.3955752, 41.8750414], [12.3944176, 41.8743096], [12.3943191, 41.8742525], [12.394293, 41.8742409], [12.3942616, 41.8742293], [12.3942131, 41.8742179], [12.3941804, 41.8742131], [12.3941371, 41.874211], [12.3941078, 41.874211], [12.3940785, 41.8742137], [12.3940523, 41.8742163], [12.3940243, 41.8742216], [12.3939803, 41.8742352], [12.3939553, 41.8742447], [12.3939337, 41.8742554], [12.3939119, 41.874267], [12.3938935, 41.8742791], [12.3938777, 41.8742905], [12.3936606, 41.874486], [12.393512, 41.8746203], [12.3934955, 41.8746406], [12.3934789, 41.8746673]], [[12.3934789, 41.8746673], [12.3934679, 41.8746911], [12.3934596, 41.8747162], [12.393451, 41.8747521], [12.393446, 41.8748026], [12.3934497, 41.8748365], [12.3934588, 41.8748718]]]}}, {"type": "Feature", "properties": {"id": "SS-ROM-13289", "nome": "Via degli Aluffi", "quartiere": "Municipio Roma XII", "classificazione": "giallo", "score": 3, "note": "strada urbana senza ciclabile", "ciclabile": "no", "n_corsie": "2", "senso_unico": "si", "n_testimonianze": "0", "municipio": "XII"}, "geometry": {"type": "LineString", "coordinates": [[12.4217404, 41.8583163], [12.4223165, 41.8580913]]}}, {"type": "Feature", "properties": {"id": "SS-ROM-13291", "nome": "Via degli Amodei", "quartiere": "Municipio Roma XII", "classificazione": "giallo", "score": 3, "note": "strada urbana senza ciclabile", "ciclabile": "no", "n_corsie": "2", "senso_unico": "si", "n_testimonianze": "0", "municipio": "XII"}, "geometry": {"type": "MultiLineString", "coordinates": [[[12.4159825, 41.8743424], [12.4162061, 41.8746276]], [[12.4156962, 41.8729503], [12.4159457, 41.8731549], [12.4160116, 41.8732135], [12.4161407, 41.8733613], [12.4161788, 41.8733807], [12.4162242, 41.8734012], [12.4163556, 41.8734543], [12.4167612, 41.8736054], [12.4172398, 41.8737956], [12.4173811, 41.8738514], [12.4174218, 41.8738712], [12.4174966, 41.8739099], [12.4175631, 41.8739572], [12.4176351, 41.8740151], [12.4177004, 41.874072], [12.4177506, 41.8741253], [12.417809, 41.8741912], [12.4179001, 41.8743001], [12.4179946, 41.8744247], [12.4180946, 41.8745726]], [[12.4180946, 41.8745726], [12.4179649, 41.8746405], [12.4179035, 41.8746763], [12.4178741, 41.8746972], [12.417846, 41.8747191], [12.417815, 41.8747513], [12.4177852, 41.8747846], [12.4176892, 41.874913], [12.4176614, 41.8749545], [12.4176376, 41.8749959], [12.4176189, 41.875038], [12.4176055, 41.8750791], [12.417603, 41.8750996], [12.4176031, 41.8751201], [12.4176073, 41.8751406], [12.4176141, 41.8751611], [12.4176661, 41.8752445], [12.4177769, 41.8754369], [12.4177941, 41.8754701], [12.4178052, 41.8754967], [12.417809, 41.875521], [12.4178045, 41.8755386], [12.4177896, 41.8755553], [12.4177633, 41.8755729], [12.4177204, 41.8755921], [12.4175393, 41.87567], [12.4174979, 41.8756877], [12.4174337, 41.8757153]], [[12.4162061, 41.8746276], [12.416492, 41.8750229], [12.4166496, 41.875248], [12.4166585, 41.8752551], [12.416669, 41.87526], [12.4166828, 41.8752639], [12.4166988, 41.8752638], [12.4167147, 41.8752606], [12.4167316, 41.8752535], [12.4167543, 41.8752434], [12.4169676, 41.8751536]]]}}, {"type": "Feature", "properties": {"id": "SS-ROM-13294", "nome": "Via degli Andreozzi", "quartiere": "Municipio Roma XII", "classificazione": "giallo", "score": 3, "note": "strada urbana senza ciclabile", "ciclabile": "no", "n_corsie": "2", "senso_unico": "si", "n_testimonianze": "0", "municipio": "XII"}, "geometry": {"type": "LineString", "coordinates": [[12.4215677, 41.8580369], [12.422137, 41.8578305]]}}, {"type": "Feature", "properties": {"id": "SS-ROM-13297", "nome": "Via degli Anguissola", "quartiere": "Municipio Roma XII", "classificazione": "giallo", "score": 3, "note": "strada urbana senza ciclabile", "ciclabile": "no", "n_corsie": "2", "senso_unico": "no", "n_testimonianze": "0", "municipio": "XII"}, "geometry": {"type": "LineString", "coordinates": [[12.4157779, 41.8748141], [12.4163846, 41.8756814]]}}, {"type": "Feature", "properties": {"id": "SS-ROM-13299", "nome": "Via degli Antamoro", "quartiere": "Municipio Roma XII", "classificazione": "giallo", "score": 3, "note": "strada urbana senza ciclabile", "ciclabile": "no", "n_corsie": "2", "senso_unico": "no", "n_testimonianze": "0", "municipio": "XII"}, "geometry": {"type": "LineString", "coordinates": [[12.4114105, 41.8737363], [12.4114086, 41.8737744], [12.411406, 41.8738257], [12.4113934, 41.8741046], [12.411373, 41.8746643], [12.4113665, 41.8748038], [12.411367, 41.8748666], [12.4113697, 41.8749295], [12.4113879, 41.875003], [12.4114181, 41.8750756], [12.4114549, 41.8751328], [12.4115038, 41.8751871], [12.4115384, 41.8752164], [12.4115744, 41.8752457], [12.4116557, 41.8752983], [12.411727, 41.8753375], [12.4118037, 41.8753747], [12.4118689, 41.8754012], [12.4119381, 41.8754247], [12.4120155, 41.8754445], [12.4120929, 41.8754623], [12.4123158, 41.8755028], [12.4131829, 41.8756604], [12.4132488, 41.8756653], [12.4133146, 41.8756681], [12.4133855, 41.8756663], [12.4134564, 41.8756608], [12.4135144, 41.8756536], [12.413568, 41.8756426], [12.4136136, 41.8756303], [12.4136607, 41.875617], [12.4138152, 41.8755659], [12.4140536, 41.8754778], [12.4140855, 41.8754702], [12.4141204, 41.8754648], [12.414145, 41.8754621], [12.4141739, 41.8754594]]}}, {"type": "Feature", "properties": {"id": "SS-ROM-13300", "nome": "Via degli Antelminelli", "quartiere": "Municipio Roma XII", "classificazione": "giallo", "score": 3, "note": "strada urbana senza ciclabile", "ciclabile": "no", "n_corsie": "2", "senso_unico": "no", "n_testimonianze": "0", "municipio": "XII"}, "geometry": {"type": "LineString", "coordinates": [[12.4221994, 41.8641767], [12.4221568, 41.8641965], [12.4221202, 41.8642135], [12.4205661, 41.8649778]]}}, {"type": "Feature", "properties": {"id": "SS-ROM-13304", "nome": "Via degli Arcelli", "quartiere": "Municipio Roma XII", "classificazione": "giallo", "score": 3, "note": "strada urbana senza ciclabile", "ciclabile": "no", "n_corsie": "2", "senso_unico": "no", "n_testimonianze": "0", "municipio": "XII"}, "geometry": {"type": "MultiLineString", "coordinates": [[[12.42416, 41.872895], [12.422938, 41.8730102], [12.4228804, 41.8729962], [12.4227987, 41.8729599], [12.4226446, 41.872978]], [[12.42416, 41.872895], [12.4245038, 41.8728608], [12.4252729, 41.8727845], [12.4253319, 41.8727815], [12.4253614, 41.8727915], [12.4253789, 41.8728164], [12.4253882, 41.8728604], [12.4253829, 41.8728833], [12.4253346, 41.8728963], [12.4245769, 41.8729692], [12.4245366, 41.8729672], [12.4245232, 41.8729512], [12.4245038, 41.8728608]]]}}, {"type": "Feature", "properties": {"id": "SS-ROM-13306", "nome": "Via degli Archinto", "quartiere": "Municipio Roma XII", "classificazione": "giallo", "score": 3, "note": "strada urbana senza ciclabile", "ciclabile": "no", "n_corsie": "2", "senso_unico": "si", "n_testimonianze": "0", "municipio": "XII"}, "geometry": {"type": "LineString", "coordinates": [[12.4142436, 41.873416], [12.4145835, 41.8738011], [12.4149497, 41.8742003]]}}, {"type": "Feature", "properties": {"id": "SS-ROM-13329", "nome": "Via degli Erizzo", "quartiere": "Municipio Roma XII", "classificazione": "giallo", "score": 3, "note": "strada urbana senza ciclabile", "ciclabile": "no", "n_corsie": "2", "senso_unico": "no", "n_testimonianze": "0", "municipio": "XII"}, "geometry": {"type": "LineString", "coordinates": [[12.4233761, 41.8597606], [12.4233514, 41.8598163], [12.42333, 41.8598524], [12.4233017, 41.8598823], [12.4232664, 41.8599115], [12.4232273, 41.8599415], [12.4231859, 41.8599717], [12.4231381, 41.8600032], [12.4230468, 41.8600573], [12.4230128, 41.8600776], [12.4229667, 41.8601024], [12.4229241, 41.8601208], [12.4228725, 41.8601392], [12.422804, 41.8601579], [12.4225085, 41.8602331]]}}, {"type": "Feature", "properties": {"id": "SS-ROM-13334", "nome": "Via degli Estensi", "quartiere": "Municipio Roma XII", "classificazione": "giallo", "score": 3, "note": "strada urbana senza ciclabile", "ciclabile": "no", "n_corsie": "2", "senso_unico": "no", "n_testimonianze": "0", "municipio": "XII"}, "geometry": {"type": "LineString", "coordinates": [[12.422699, 41.8767804], [12.4226787, 41.8767423], [12.4226697, 41.8767255], [12.4226584, 41.8767087], [12.4226475, 41.8766949], [12.4226342, 41.8766803], [12.4226039, 41.8766525], [12.4223456, 41.8764303], [12.4221204, 41.876205], [12.4219286, 41.8760132], [12.4216143, 41.8757046], [12.4214568, 41.875539], [12.4213129, 41.8753894], [12.4207633, 41.8748318], [12.4204652, 41.8745354], [12.4202938, 41.8743572], [12.4201737, 41.8742324], [12.4200747, 41.8741323], [12.4199987, 41.8740502], [12.4199065, 41.873948], [12.4198757, 41.8739126], [12.4197854, 41.873811], [12.4196293, 41.8736218], [12.4194321, 41.8733903], [12.4190853, 41.8729779], [12.4189462, 41.8728132], [12.4185319, 41.8723219], [12.4182037, 41.8719565], [12.4181428, 41.8718733], [12.4181282, 41.8718472], [12.4181178, 41.8718266], [12.4181078, 41.8718007], [12.4181034, 41.8717835], [12.4181013, 41.8717679], [12.4181021, 41.871755], [12.418104, 41.8717437], [12.4181083, 41.8717291], [12.4182383, 41.8713891], [12.4182876, 41.8712581], [12.4182978, 41.8712282], [12.4183067, 41.8712], [12.4183142, 41.8711676], [12.4183169, 41.8711407], [12.4183213, 41.871089], [12.4183242, 41.8709769], [12.4183205, 41.8709283], [12.4182898, 41.8705234], [12.4182791, 41.8704194], [12.4182753, 41.8704061], [12.4182632, 41.8703859], [12.4182427, 41.8703658], [12.4182227, 41.8703493], [12.4182033, 41.8703346], [12.4181801, 41.8703193], [12.4181511, 41.8703023], [12.4177775, 41.8701175], [12.4174888, 41.8699749], [12.4166351, 41.8695466], [12.4164855, 41.8694674], [12.4164979, 41.8693703], [12.4164985, 41.8693303], [12.4164976, 41.8692868], [12.4164934, 41.8691395], [12.4164831, 41.869048], [12.4164735, 41.869001], [12.4164639, 41.868961], [12.4164274, 41.8688941], [12.4163938, 41.8688362], [12.4163335, 41.8687436], [12.4162493, 41.8686072], [12.4162057, 41.8685367], [12.4161575, 41.868465], [12.4157921, 41.8679532]]}}, {"type": "Feature", "properties": {"id": "SS-ROM-13340", "nome": "Via degli Idrocarburi", "quartiere": "Municipio Roma XII", "classificazione": "giallo", "score": 3, "note": "strada urbana senza ciclabile", "ciclabile": "no", "n_corsie": "2", "senso_unico": "si", "n_testimonianze": "0", "municipio": "XII"}, "geometry": {"type": "LineString", "coordinates": [[12.3302772, 41.8576577], [12.3303086, 41.8576932], [12.3303179, 41.8577072], [12.3303402, 41.8577446], [12.3303584, 41.857782], [12.3303773, 41.8578304], [12.3305696, 41.858454], [12.3278542, 41.8589772], [12.327811, 41.8589841], [12.3277704, 41.8589901], [12.3277259, 41.8589954], [12.327684, 41.8589996], [12.3275964, 41.8590061], [12.3275507, 41.8590113], [12.327505, 41.8590186], [12.3274606, 41.8590268], [12.3274242, 41.859036], [12.3273865, 41.8590466], [12.3273002, 41.8590745]]}}, {"type": "Feature", "properties": {"id": "SS-ROM-13343", "nome": "Via degli Irlandesi", "quartiere": "Municipio Roma XII", "classificazione": "giallo", "score": 3, "note": "strada urbana senza ciclabile (1 corsie)", "ciclabile": "no", "n_corsie": "1", "senso_unico": "si", "n_testimonianze": "0", "municipio": "XII"}, "geometry": {"type": "MultiLineString", "coordinates": [[[12.4495913, 41.8586276], [12.4496534, 41.8585748], [12.4497298, 41.85851], [12.4500003, 41.8582729], [12.4500885, 41.8581876], [12.4501316, 41.8581443], [12.4501747, 41.8581009], [12.4502158, 41.8580568], [12.4502528, 41.8580126], [12.4502909, 41.857967], [12.4503228, 41.8579274], [12.4503826, 41.8578513], [12.4504374, 41.8577745], [12.450482, 41.8577021], [12.4505103, 41.8576488], [12.4505449, 41.8575747], [12.45057, 41.857519], [12.4506009, 41.8573834], [12.4506933, 41.8569745], [12.4507227, 41.8568191], [12.4507877, 41.8565042]], [[12.4496255, 41.8587962], [12.4495927, 41.8587344], [12.4495843, 41.8587065], [12.4495807, 41.8586878], [12.4495829, 41.8586638], [12.4495871, 41.8586449], [12.4495913, 41.8586276]]]}}, {"type": "Feature", "properties": {"id": "SS-ROM-13345", "nome": "Via degli Obizzi", "quartiere": "Municipio Roma XII", "classificazione": "giallo", "score": 3, "note": "strada urbana senza ciclabile", "ciclabile": "no", "n_corsie": "2", "senso_unico": "no", "n_testimonianze": "0", "municipio": "XII"}, "geometry": {"type": "LineString", "coordinates": [[12.4203617, 41.8703536], [12.4203029, 41.8702377], [12.4202357, 41.8701077], [12.420186, 41.8700364], [12.4201456, 41.86999], [12.4200331, 41.8698998], [12.4199045, 41.8698016], [12.4195164, 41.8695526], [12.4189972, 41.8692678], [12.4186383, 41.8690842], [12.4182969, 41.8688886], [12.4182571, 41.8688103], [12.4182432, 41.868796], [12.4182247, 41.8687817], [12.4181052, 41.8686998], [12.4180883, 41.8686916], [12.4180615, 41.86869], [12.41803, 41.8686903]]}}, {"type": "Feature", "properties": {"id": "SS-ROM-13347", "nome": "Via degli Oleodotti", "quartiere": "Municipio Roma XII", "classificazione": "giallo", "score": 3, "note": "strada urbana senza ciclabile", "ciclabile": "no", "n_corsie": "2", "senso_unico": "si", "n_testimonianze": "0", "municipio": "XII"}, "geometry": {"type": "LineString", "coordinates": [[12.3267068, 41.8582911], [12.3289564, 41.8577648], [12.3293419, 41.8577043], [12.3298155, 41.8576442], [12.3301057, 41.8576276], [12.3301713, 41.857629], [12.3302173, 41.8576347], [12.3302499, 41.8576442], [12.3302772, 41.8576577]]}}, {"type": "Feature", "properties": {"id": "SS-ROM-13356", "nome": "Via degli Ordelaffi", "quartiere": "Municipio Roma XII", "classificazione": "giallo", "score": 3, "note": "strada urbana senza ciclabile", "ciclabile": "no", "n_corsie": "2", "senso_unico": "no", "n_testimonianze": "0", "municipio": "XII"}, "geometry": {"type": "LineString", "coordinates": [[12.4198444, 41.8682212], [12.4194798, 41.8677563], [12.4190945, 41.8672706], [12.4187669, 41.8668578], [12.4187377, 41.8668254], [12.4187005, 41.8667911], [12.4186814, 41.8667756], [12.4186556, 41.8667626], [12.4186191, 41.8667509], [12.4185745, 41.8667452], [12.4184776, 41.8667342], [12.4172947, 41.8666218], [12.4172619, 41.8666185], [12.4172291, 41.8666193], [12.4172022, 41.8666247], [12.4171718, 41.8666326], [12.4171302, 41.8666451], [12.4170585, 41.8666715], [12.4169465, 41.8667173], [12.4168059, 41.8667776], [12.4164507, 41.8669331], [12.4161196, 41.867081], [12.4160572, 41.867104], [12.4159908, 41.867123], [12.4159211, 41.8671369], [12.4158567, 41.8671449], [12.4158084, 41.8671469], [12.4157521, 41.8671449]]}}, {"type": "Feature", "properties": {"id": "SS-ROM-13357", "nome": "Via degli Orseolo", "quartiere": "Municipio Roma XII", "classificazione": "giallo", "score": 3, "note": "strada urbana senza ciclabile", "ciclabile": "no", "n_corsie": "2", "senso_unico": "no", "n_testimonianze": "0", "municipio": "XII"}, "geometry": {"type": "LineString", "coordinates": [[12.4208515, 41.8491014], [12.4206852, 41.849271], [12.420584, 41.8493648], [12.4204497, 41.8494783], [12.4202655, 41.8496493], [12.4196726, 41.8501665], [12.4192685, 41.8505904], [12.4185951, 41.8512439]]}}, {"type": "Feature", "properties": {"id": "SS-ROM-13363", "nome": "Via degli Orti Spagnoli", "quartiere": "Municipio Roma XII", "classificazione": "giallo", "score": 3, "note": "strada urbana senza ciclabile", "ciclabile": "no", "n_corsie": "2", "senso_unico": "no", "n_testimonianze": "0", "municipio": "XII"}, "geometry": {"type": "MultiLineString", "coordinates": [[[12.4488694, 41.8522001], [12.4488471, 41.8521979], [12.4488249, 41.8521984], [12.4488072, 41.8522036], [12.4487934, 41.8522091], [12.4487802, 41.8522186], [12.4487717, 41.8522307], [12.4487667, 41.8522408], [12.4487616, 41.8522543], [12.448699, 41.8524893], [12.448686, 41.8525139], [12.4486623, 41.8525365], [12.4486394, 41.8525468], [12.4486084, 41.8525551], [12.4484954, 41.8525762], [12.4481436, 41.8526435]], [[12.4481436, 41.8526435], [12.4481276, 41.8526453], [12.4479842, 41.8526611]]]}}, {"type": "Feature", "properties": {"id": "SS-ROM-13367", "nome": "Via degli Orti della Magliana", "quartiere": "Municipio Roma XII", "classificazione": "giallo", "score": 3, "note": "strada urbana senza ciclabile", "ciclabile": "no", "n_corsie": "2", "senso_unico": "no", "n_testimonianze": "0", "municipio": "XII"}, "geometry": {"type": "MultiLineString", "coordinates": [[[12.4286113, 41.8429917], [12.428527, 41.8429649], [12.4274804, 41.8427998]], [[12.4287683, 41.8449419], [12.4287835, 41.8449132], [12.4287946, 41.8448746], [12.4288459, 41.8444967]], [[12.4288459, 41.8444967], [12.4279774, 41.8433131], [12.4279776, 41.843286], [12.4280001, 41.8432654], [12.4280815, 41.8432254], [12.4285133, 41.8430502], [12.4286113, 41.8429917]]]}}, {"type": "Feature", "properties": {"id": "SS-ROM-13374", "nome": "Via degli Ossoli", "quartiere": "Municipio Roma XII", "classificazione": "giallo", "score": 3, "note": "strada urbana senza ciclabile", "ciclabile": "no", "n_corsie": "2", "senso_unico": "no", "n_testimonianze": "0", "municipio": "XII"}, "geometry": {"type": "LineString", "coordinates": [[12.4207218, 41.8683754], [12.4206146, 41.8685085], [12.4205529, 41.8685763], [12.4204053, 41.8687239], [12.4195164, 41.8695526]]}}, {"type": "Feature", "properties": {"id": "SS-ROM-13376", "nome": "Via degli Scaligeri", "quartiere": "Municipio Roma XII", "classificazione": "giallo", "score": 3, "note": "strada urbana senza ciclabile", "ciclabile": "no", "n_corsie": "2", "senso_unico": "no", "n_testimonianze": "0", "municipio": "XII"}, "geometry": {"type": "MultiLineString", "coordinates": [[[12.422482, 41.869276], [12.4223704, 41.8692448], [12.4223196, 41.8692279], [12.4222614, 41.8692095], [12.4220658, 41.8691492], [12.4215645, 41.8689667], [12.4214928, 41.8689376], [12.4214566, 41.8689185], [12.4214159, 41.868892], [12.4213778, 41.8688584], [12.4211613, 41.868676], [12.4209685, 41.868511], [12.4209166, 41.8684683], [12.4208763, 41.8684395], [12.4208542, 41.8684227], [12.420835, 41.8684124], [12.4208119, 41.8684031], [12.4207796, 41.8683926], [12.4207218, 41.8683754], [12.4202797, 41.8682975], [12.4198444, 41.8682212], [12.4191992, 41.8681129], [12.4189521, 41.8680506], [12.41892, 41.8680404], [12.4188853, 41.8680281], [12.4188486, 41.8680131], [12.4188145, 41.8679981], [12.41866, 41.8679186], [12.4175538, 41.8672636]], [[12.4201365, 41.8677167], [12.4200292, 41.867499], [12.4204583, 41.8675589], [12.4202797, 41.8682975]]]}}, {"type": "Feature", "properties": {"id": "SS-ROM-13382", "nome": "Via degli Scrovegni", "quartiere": "Municipio Roma XII", "classificazione": "giallo", "score": 3, "note": "strada urbana senza ciclabile", "ciclabile": "no", "n_corsie": "2", "senso_unico": "si", "n_testimonianze": "0", "municipio": "XII"}, "geometry": {"type": "LineString", "coordinates": [[12.4226255, 41.8728969], [12.4222745, 41.872945], [12.4222361, 41.872954], [12.4222039, 41.8729689], [12.4221787, 41.8729837], [12.4221486, 41.8730024], [12.4221175, 41.8730233], [12.4221039, 41.8730337], [12.4220899, 41.8730473], [12.4220776, 41.8730661], [12.4220635, 41.8730895], [12.422051, 41.8731156], [12.4220344, 41.8731488], [12.4220151, 41.8731866], [12.4219991, 41.8732137], [12.4219864, 41.8732308], [12.421967, 41.8732448], [12.4219305, 41.8732615], [12.4218887, 41.8732798], [12.420038, 41.8740343], [12.4199987, 41.8740502]]}}, {"type": "Feature", "properties": {"id": "SS-ROM-13393", "nome": "Via dei Badoer", "quartiere": "Municipio Roma XII", "classificazione": "giallo", "score": 3, "note": "strada urbana senza ciclabile (1 corsie)", "ciclabile": "no", "n_corsie": "1", "senso_unico": "si", "n_testimonianze": "0", "municipio": "XII"}, "geometry": {"type": "LineString", "coordinates": [[12.4255583, 41.8528888], [12.4247093, 41.8536965], [12.4246702, 41.8537271], [12.4246365, 41.8537446], [12.4246067, 41.8537562], [12.4245811, 41.8537625], [12.4245502, 41.8537688], [12.4244946, 41.8537732], [12.4244391, 41.8537735], [12.4243862, 41.8537669], [12.4243333, 41.8537543], [12.4233381, 41.8533181], [12.4232437, 41.8532779], [12.4232066, 41.8532617]]}}, {"type": "Feature", "properties": {"id": "SS-ROM-13394", "nome": "Via dei Baglioni", "quartiere": "Municipio Roma XII", "classificazione": "giallo", "score": 3, "note": "strada urbana senza ciclabile", "ciclabile": "no", "n_corsie": "2", "senso_unico": "si", "n_testimonianze": "0", "municipio": "XII"}, "geometry": {"type": "LineString", "coordinates": [[12.4265164, 41.8802852], [12.4264357, 41.8802209], [12.4256167, 41.8795436], [12.4247703, 41.8788256], [12.4242369, 41.8783952], [12.4241859, 41.8783545], [12.4241403, 41.8783119], [12.4241091, 41.8782754], [12.4240832, 41.8782389]]}}, {"type": "Feature", "properties": {"id": "SS-ROM-13400", "nome": "Via dei Bandinelli", "quartiere": "Municipio Roma XII", "classificazione": "blu", "score": 2, "note": "accesso limitato (ZTL)", "ciclabile": "no", "n_corsie": "1", "senso_unico": "no", "n_testimonianze": "0", "municipio": "XII"}, "geometry": {"type": "LineString", "coordinates": [[12.4161378, 41.8760331], [12.41577, 41.8761538], [12.4156103, 41.8759347], [12.4154479, 41.8759975], [12.4154176, 41.8760048], [12.4154025, 41.8760037], [12.4153863, 41.8759976], [12.415371, 41.8759828], [12.4153583, 41.8759624], [12.4153493, 41.8759482], [12.4152179, 41.8757615], [12.4150783, 41.8755749], [12.4147951, 41.8752016]]}}, {"type": "Feature", "properties": {"id": "SS-ROM-13403", "nome": "Via dei Barbo", "quartiere": "Municipio Roma XII", "classificazione": "giallo", "score": 3, "note": "strada urbana senza ciclabile", "ciclabile": "no", "n_corsie": "2", "senso_unico": "no", "n_testimonianze": "0", "municipio": "XII"}, "geometry": {"type": "LineString", "coordinates": [[12.422056, 41.8640098], [12.4220064, 41.8640339], [12.4219797, 41.8640467], [12.4209427, 41.8645372], [12.4207244, 41.8646437], [12.4199322, 41.8650368]]}}, {"type": "Feature", "properties": {"id": "SS-ROM-13404", "nome": "Via dei Bargagli", "quartiere": "Municipio Roma XII", "classificazione": "giallo", "score": 3, "note": "strada urbana senza ciclabile", "ciclabile": "no", "n_corsie": "2", "senso_unico": "no", "n_testimonianze": "0", "municipio": "XII"}, "geometry": {"type": "MultiLineString", "coordinates": [[[12.4299289, 41.8528232], [12.4302618, 41.8530848], [12.4307431, 41.8531723]], [[12.4307431, 41.8531723], [12.4310173, 41.8532226], [12.431395, 41.8532921], [12.4316194, 41.8533354]]]}}, {"type": "Feature", "properties": {"id": "SS-ROM-13405", "nome": "Via dei Baroncelli", "quartiere": "Municipio Roma XII", "classificazione": "giallo", "score": 3, "note": "strada urbana senza ciclabile", "ciclabile": "no", "n_corsie": "2", "senso_unico": "no", "n_testimonianze": "0", "municipio": "XII"}, "geometry": {"type": "LineString", "coordinates": [[12.4180526, 41.8545834], [12.4192646, 41.8536702]]}}, {"type": "Feature", "properties": {"id": "SS-ROM-13417", "nome": "Via dei Birago", "quartiere": "Municipio Roma XII", "classificazione": "blu", "score": 2, "note": "zona pedonale / living street", "ciclabile": "no", "n_corsie": "1", "senso_unico": "no", "n_testimonianze": "0", "municipio": "XII"}, "geometry": {"type": "MultiLineString", "coordinates": [[[12.4155656, 41.8762148], [12.4152249, 41.8763059]], [[12.4152249, 41.8763059], [12.414861, 41.8764186]], [[12.41577, 41.8761538], [12.4155656, 41.8762148]]]}}, {"type": "Feature", "properties": {"id": "SS-ROM-13421", "nome": "Via dei Bonaccorsi", "quartiere": "Municipio Roma XII", "classificazione": "giallo", "score": 3, "note": "strada urbana senza ciclabile", "ciclabile": "no", "n_corsie": "2", "senso_unico": "no", "n_testimonianze": "0", "municipio": "XII"}, "geometry": {"type": "LineString", "coordinates": [[12.4232029, 41.876801], [12.4234105, 41.8775819]]}}, {"type": "Feature", "properties": {"id": "SS-ROM-13422", "nome": "Via dei Bonacolsi", "quartiere": "Municipio Roma XII", "classificazione": "giallo", "score": 3, "note": "strada urbana senza ciclabile", "ciclabile": "no", "n_corsie": "2", "senso_unico": "no", "n_testimonianze": "0", "municipio": "XII"}, "geometry": {"type": "MultiLineString", "coordinates": [[[12.4166862, 41.8766322], [12.4166916, 41.8766438], [12.4167017, 41.8766564], [12.4167233, 41.8766846], [12.4168113, 41.8767975], [12.4168447, 41.8768396], [12.4168665, 41.8768805], [12.4168773, 41.8769123], [12.4168814, 41.8769411], [12.4168875, 41.8769827], [12.4168856, 41.8770106], [12.4168808, 41.8770358], [12.4168654, 41.8770604], [12.4168483, 41.8770771], [12.4168272, 41.8770897], [12.4167974, 41.8771031], [12.4167696, 41.8771155], [12.4167365, 41.8771309], [12.4167006, 41.8771463], [12.4163199, 41.8773006], [12.4162561, 41.8773291], [12.4162201, 41.8773488], [12.4161825, 41.8773702], [12.4161651, 41.8773843], [12.4161492, 41.8773993], [12.4158187, 41.8779037]], [[12.4172927, 41.8755477], [12.4166862, 41.8758449], [12.4166669, 41.8758566], [12.4166555, 41.8758663], [12.4166428, 41.8758794], [12.4166342, 41.8758941], [12.4166297, 41.8759109], [12.4166284, 41.8759269], [12.4166307, 41.8759397], [12.416636, 41.8759543], [12.4168386, 41.8763414], [12.4168974, 41.8764464], [12.4169074, 41.8764704], [12.4169126, 41.8764823], [12.4169159, 41.8764935], [12.4169111, 41.8765039], [12.416901, 41.8765113], [12.4167439, 41.8765818], [12.416719, 41.8765958], [12.4166955, 41.8766133]], [[12.4166955, 41.8766133], [12.4166875, 41.8766217], [12.4166862, 41.8766322]]]}}, {"type": "Feature", "properties": {"id": "SS-ROM-13424", "nome": "Via dei Bonsignori", "quartiere": "Municipio Roma XII", "classificazione": "giallo", "score": 3, "note": "strada urbana senza ciclabile", "ciclabile": "no", "n_corsie": "2", "senso_unico": "no", "n_testimonianze": "0", "municipio": "XII"}, "geometry": {"type": "LineString", "coordinates": [[12.4153188, 41.8746201], [12.4155535, 41.8749106], [12.4156057, 41.8749653], [12.4156416, 41.8750089], [12.4158792, 41.8753206], [12.4162925, 41.8758967]]}}, {"type": "Feature", "properties": {"id": "SS-ROM-13432", "nome": "Via dei Buonvisi", "quartiere": "Municipio Roma XII", "classificazione": "giallo", "score": 3, "note": "strada urbana senza ciclabile (1 corsie)", "ciclabile": "no", "n_corsie": "1", "senso_unico": "si", "n_testimonianze": "0", "municipio": "XII"}, "geometry": {"type": "MultiLineString", "coordinates": [[[12.4327088, 41.852377], [12.4317263, 41.8523145], [12.4310861, 41.8522829], [12.4310456, 41.8522838], [12.4310052, 41.8522879], [12.4309714, 41.8522931], [12.4309394, 41.8522996], [12.4308956, 41.8523127], [12.4308572, 41.8523277], [12.4308214, 41.8523429], [12.4307839, 41.852362], [12.4299289, 41.8528232], [12.429822, 41.8528676], [12.429766, 41.8528863], [12.4297161, 41.8528989], [12.42967, 41.8529086], [12.4296091, 41.8529179], [12.428363, 41.8530657], [12.4281806, 41.8530862], [12.4280691, 41.8531017], [12.4280077, 41.8531123], [12.427948, 41.8531282], [12.4278911, 41.8531476], [12.4278596, 41.8531604], [12.4278235, 41.8531775], [12.4269847, 41.8536903], [12.4269672, 41.8537017], [12.4265403, 41.8539789], [12.4256975, 41.8547154], [12.4255783, 41.8548085], [12.4255391, 41.8548316], [12.4254981, 41.8548482], [12.4254551, 41.8548581], [12.4254148, 41.8548575], [12.4253704, 41.8548482], [12.4253421, 41.8548388], [12.4253119, 41.8548225], [12.425281, 41.8547989], [12.4248826, 41.854436]], [[12.4220505, 41.8522423], [12.4221494, 41.852291], [12.4235197, 41.852936], [12.4235368, 41.8529467], [12.4235458, 41.8529603], [12.4235494, 41.852973], [12.423545, 41.8529876], [12.4232066, 41.8532617], [12.4229187, 41.8534459], [12.4228843, 41.8534733], [12.4228553, 41.8535028], [12.4228317, 41.8535352], [12.4228161, 41.8535696], [12.422801, 41.8536142], [12.422794, 41.8536627], [12.4227923, 41.8537063], [12.4227987, 41.8537539], [12.4228155, 41.8538006], [12.4228449, 41.8538548], [12.4228868, 41.8539034], [12.4229439, 41.8539455], [12.4231752, 41.8540876], [12.4237041, 41.8544373], [12.4237561, 41.8544558], [12.4238102, 41.8544734], [12.4238669, 41.854489], [12.4239194, 41.8544995], [12.4239774, 41.854508], [12.424036, 41.8545135], [12.4240946, 41.854515], [12.4241636, 41.854515], [12.4242291, 41.8545117], [12.4243106, 41.8545054], [12.4243814, 41.8544965], [12.4248413, 41.854441], [12.4248826, 41.854436]]]}}, {"type": "Feature", "properties": {"id": "SS-ROM-13433", "nome": "Via dei Cadolingi", "quartiere": "Municipio Roma XII", "classificazione": "giallo", "score": 3, "note": "strada urbana senza ciclabile", "ciclabile": "no", "n_corsie": "2", "senso_unico": "si", "n_testimonianze": "0", "municipio": "XII"}, "geometry": {"type": "MultiLineString", "coordinates": [[[12.3942396, 41.8730265], [12.3933488, 41.8737698]], [[12.3932245, 41.8736921], [12.3941032, 41.8729493]]]}}, {"type": "Feature", "properties": {"id": "SS-ROM-13437", "nome": "Via dei Caldora", "quartiere": "Municipio Roma XII", "classificazione": "giallo", "score": 3, "note": "strada urbana senza ciclabile", "ciclabile": "no", "n_corsie": "2", "senso_unico": "si", "n_testimonianze": "0", "municipio": "XII"}, "geometry": {"type": "MultiLineString", "coordinates": [[[12.4176619, 41.8527114], [12.4176772, 41.8526963], [12.4181962, 41.8521854], [12.4182108, 41.8521667], [12.4182201, 41.852145]], [[12.417512, 41.8527208], [12.4175226, 41.852729], [12.4175457, 41.8527343], [12.4175725, 41.8527365], [12.4175935, 41.8527358], [12.4176147, 41.8527318], [12.4176369, 41.8527246], [12.4176619, 41.8527114], [12.4176438, 41.8527476], [12.4176256, 41.8527818], [12.4176039, 41.8528084], [12.4175822, 41.8528329], [12.4175589, 41.8528547], [12.4175061, 41.8528981]]]}}, {"type": "Feature", "properties": {"id": "SS-ROM-13441", "nome": "Via dei Candiano", "quartiere": "Municipio Roma XII", "classificazione": "giallo", "score": 3, "note": "strada urbana senza ciclabile", "ciclabile": "no", "n_corsie": "2", "senso_unico": "no", "n_testimonianze": "0", "municipio": "XII"}, "geometry": {"type": "MultiLineString", "coordinates": [[[12.4200773, 41.8566185], [12.4201877, 41.8565621], [12.4207407, 41.8563256], [12.4213154, 41.8560896], [12.4213499, 41.856086], [12.4213773, 41.8560885], [12.4222771, 41.8562517], [12.4231743, 41.8563983], [12.424068, 41.8565576], [12.4245332, 41.8566406], [12.4246093, 41.8566603], [12.4246386, 41.8566721], [12.4246665, 41.8566849], [12.424693, 41.8567031], [12.4247182, 41.8567223], [12.4247564, 41.8567647], [12.4248442, 41.8568933]], [[12.4248442, 41.8568933], [12.4258532, 41.8582099]]]}}, {"type": "Feature", "properties": {"id": "SS-ROM-13444", "nome": "Via dei Cantelmo", "quartiere": "Municipio Roma XII", "classificazione": "giallo", "score": 3, "note": "strada urbana senza ciclabile", "ciclabile": "no", "n_corsie": "2", "senso_unico": "no", "n_testimonianze": "0", "municipio": "XII"}, "geometry": {"type": "MultiLineString", "coordinates": [[[12.4194325, 41.8601313], [12.4193633, 41.8601348], [12.4184374, 41.8601763], [12.4183374, 41.8601821], [12.4181261, 41.8601887], [12.4168052, 41.8602036], [12.4144579, 41.8602837], [12.4138627, 41.8603051], [12.4134443, 41.8603259], [12.4132796, 41.8603061], [12.4131391, 41.8602901], [12.4129564, 41.8602633], [12.4128315, 41.86024], [12.4127067, 41.8602136], [12.4125869, 41.8601886], [12.4124671, 41.8601605], [12.4122749, 41.8601064], [12.4120061, 41.860017], [12.4110402, 41.8595954], [12.4096728, 41.8591153], [12.4095761, 41.8590756], [12.4094794, 41.859032], [12.4093842, 41.8589793], [12.409297, 41.8589225], [12.409001, 41.8587112], [12.4082336, 41.8580151], [12.4068526, 41.8569209]], [[12.4068526, 41.8569209], [12.4064733, 41.8566726], [12.4061126, 41.8564649], [12.4060939, 41.8564569], [12.4060712, 41.8564529], [12.4054081, 41.856492], [12.4051928, 41.8565062], [12.4048451, 41.8565307], [12.4045354, 41.8565388], [12.4042779, 41.8565488], [12.4041753, 41.8565493], [12.4040755, 41.8565438], [12.4039997, 41.8565373], [12.4039239, 41.8565288], [12.4038381, 41.8565158], [12.4037522, 41.8565008], [12.4036677, 41.8564818], [12.4035859, 41.8564589], [12.4035095, 41.8564309], [12.4034344, 41.8563949], [12.4033981, 41.856371], [12.4033619, 41.856345]]]}}, {"type": "Feature", "properties": {"id": "SS-ROM-13450", "nome": "Via dei Carafa", "quartiere": "Municipio Roma XII", "classificazione": "giallo", "score": 3, "note": "strada urbana senza ciclabile", "ciclabile": "no", "n_corsie": "2", "senso_unico": "no", "n_testimonianze": "0", "municipio": "XII"}, "geometry": {"type": "MultiLineString", "coordinates": [[[12.4195229, 41.8637317], [12.4194761, 41.8637481], [12.4193789, 41.8637875], [12.4192186, 41.8638592], [12.4191683, 41.8638837], [12.419118, 41.8639121], [12.4190044, 41.8639812], [12.4188673, 41.8640746], [12.4187653, 41.8641307], [12.4187001, 41.8641631], [12.4186349, 41.8641916], [12.4185791, 41.8642108], [12.4185233, 41.8642279], [12.4184562, 41.8642415], [12.4183864, 41.864249], [12.4182938, 41.8642529], [12.4181985, 41.8642508], [12.417831, 41.8642302], [12.4171415, 41.8641916], [12.4168617, 41.8641865], [12.4165894, 41.8641891], [12.4163856, 41.8642051]], [[12.4127848, 41.8663508], [12.4125713, 41.866393], [12.4124731, 41.8664039], [12.412346, 41.8663999], [12.4122017, 41.8663837], [12.4120704, 41.8663789], [12.4119781, 41.8663696], [12.4118726, 41.8663546], [12.4117792, 41.8663357], [12.4111812, 41.8661792], [12.4106078, 41.8660449], [12.4105173, 41.8660212], [12.4104443, 41.8659993], [12.4099174, 41.8658216], [12.4097783, 41.8659414]], [[12.4163856, 41.8642051], [12.416136, 41.8642217], [12.415967, 41.8642846], [12.4158435, 41.8643521], [12.4156097, 41.8645883], [12.4154357, 41.8648068], [12.4151784, 41.8651106], [12.4149664, 41.8651746], [12.414434, 41.8656374], [12.4144149, 41.8660142], [12.4131166, 41.8662488], [12.4127848, 41.8663508]], [[12.4206949, 41.8623239], [12.4201455, 41.8625552], [12.4199777, 41.862632], [12.4199204, 41.8626712], [12.4198873, 41.8627084], [12.4198528, 41.8627576], [12.4198371, 41.8628048], [12.4198243, 41.8629508], [12.4198302, 41.8630188], [12.4198372, 41.8630517], [12.4198495, 41.8630826], [12.4198822, 41.8631414], [12.4200448, 41.8633808], [12.4201093, 41.8634774], [12.4200145, 41.8635347], [12.4199145, 41.8635857], [12.4198046, 41.8636302], [12.4195229, 41.8637317]]]}}, {"type": "Feature", "properties": {"id": "SS-ROM-13471", "nome": "Via dei Castiglioni", "quartiere": "Municipio Roma XII", "classificazione": "giallo", "score": 3, "note": "strada urbana senza ciclabile", "ciclabile": "no", "n_corsie": "2", "senso_unico": "no", "n_testimonianze": "0", "municipio": "XII"}, "geometry": {"type": "LineString", "coordinates": [[12.4199979, 41.8569397], [12.4200332, 41.8569533], [12.4200615, 41.8569681], [12.4200845, 41.8569839], [12.4201138, 41.8570042], [12.4201417, 41.8570305], [12.4207376, 41.8579645]]}}, {"type": "Feature", "properties": {"id": "SS-ROM-13482", "nome": "Via dei Chiaramonti", "quartiere": "Municipio Roma XII", "classificazione": "giallo", "score": 3, "note": "strada urbana senza ciclabile", "ciclabile": "no", "n_corsie": "2", "senso_unico": "si", "n_testimonianze": "0", "municipio": "XII"}, "geometry": {"type": "MultiLineString", "coordinates": [[[12.4205444, 41.8567125], [12.4213412, 41.8578508], [12.4213797, 41.8579032], [12.4215677, 41.8580369]], [[12.4215677, 41.8580369], [12.4217404, 41.8583163], [12.421777, 41.8583808], [12.4218558, 41.8585258], [12.4219569, 41.8589414], [12.4220326, 41.8593157], [12.4221125, 41.8595411], [12.4221975, 41.8597846], [12.4223023, 41.8600436]]]}}, {"type": "Feature", "properties": {"id": "SS-ROM-13500", "nome": "Via dei Concini", "quartiere": "Municipio Roma XII", "classificazione": "giallo", "score": 3, "note": "strada urbana senza ciclabile", "ciclabile": "no", "n_corsie": "2", "senso_unico": "no", "n_testimonianze": "0", "municipio": "XII"}, "geometry": {"type": "LineString", "coordinates": [[12.4139754, 41.8772342], [12.4139745, 41.877209], [12.4139802, 41.8771989], [12.4139914, 41.8771889], [12.414017, 41.8771747], [12.4140452, 41.8771664], [12.4140748, 41.8771632], [12.4141084, 41.8771629], [12.4141379, 41.8771652], [12.4141619, 41.8771701], [12.4141818, 41.8771771], [12.4142029, 41.8771864], [12.4142274, 41.8771984], [12.414251, 41.8772122], [12.4142715, 41.8772284], [12.4143515, 41.8773139], [12.4144243, 41.8774009], [12.414514, 41.8775153], [12.4145338, 41.8775345], [12.4145494, 41.8775471], [12.4145732, 41.8775632], [12.4146037, 41.8775763], [12.4146346, 41.8775888], [12.414665, 41.8775966], [12.4146983, 41.8776019], [12.4147409, 41.8776052], [12.4147856, 41.877601], [12.4148307, 41.8775955], [12.4149043, 41.8775821], [12.4149843, 41.8775578], [12.4151198, 41.8775087], [12.4151727, 41.8774887], [12.4152212, 41.8774688], [12.4152813, 41.8774438], [12.4153246, 41.8774274], [12.415382, 41.8774054], [12.4155055, 41.8773566]]}}, {"type": "Feature", "properties": {"id": "SS-ROM-13501", "nome": "Via dei Condulmer", "quartiere": "Municipio Roma XII", "classificazione": "giallo", "score": 3, "note": "strada urbana senza ciclabile", "ciclabile": "no", "n_corsie": "2", "senso_unico": "no", "n_testimonianze": "0", "municipio": "XII"}, "geometry": {"type": "LineString", "coordinates": [[12.4168523, 41.8486006], [12.4168667, 41.8486238], [12.4168812, 41.8486445], [12.4169018, 41.8486697], [12.4169344, 41.8487039], [12.4170047, 41.8487775], [12.4174335, 41.8492265]]}}, {"type": "Feature", "properties": {"id": "SS-ROM-13507", "nome": "Via dei Correr", "quartiere": "Municipio Roma XII", "classificazione": "giallo", "score": 3, "note": "strada urbana senza ciclabile", "ciclabile": "no", "n_corsie": "2", "senso_unico": "no", "n_testimonianze": "0", "municipio": "XII"}, "geometry": {"type": "LineString", "coordinates": [[12.422699, 41.8767804], [12.4227951, 41.8771753], [12.422985, 41.8779243]]}}, {"type": "Feature", "properties": {"id": "SS-ROM-13516", "nome": "Via dei Damasceni", "quartiere": "Municipio Roma XII", "classificazione": "blu", "score": 2, "note": "accesso limitato (ZTL)", "ciclabile": "no", "n_corsie": "2", "senso_unico": "no", "n_testimonianze": "0", "municipio": "XII"}, "geometry": {"type": "MultiLineString", "coordinates": [[[12.4142616, 41.8799062], [12.4147295, 41.8797476], [12.4151171, 41.8796239], [12.4151577, 41.8796113], [12.4152023, 41.8795969], [12.4152464, 41.8795829], [12.4153559, 41.8795523], [12.4156714, 41.879465], [12.4157403, 41.8794461], [12.4158207, 41.8794253], [12.4159492, 41.8793924]], [[12.4159492, 41.8793924], [12.416049, 41.8793657], [12.4161534, 41.8793411], [12.4162095, 41.8793286], [12.4162728, 41.8793155], [12.4165396, 41.8792633]], [[12.4141655, 41.8799388], [12.4142616, 41.8799062]]]}}, {"type": "Feature", "properties": {"id": "SS-ROM-13520", "nome": "Via dei Della Bitta", "quartiere": "Municipio Roma XII", "classificazione": "giallo", "score": 3, "note": "strada urbana senza ciclabile (1 corsie)", "ciclabile": "no", "n_corsie": "1", "senso_unico": "si", "n_testimonianze": "0", "municipio": "XII"}, "geometry": {"type": "LineString", "coordinates": [[12.4163308, 41.8583053], [12.4170198, 41.8582245], [12.4170752, 41.8582228], [12.4171284, 41.8582228], [12.4172378, 41.8582254], [12.4192587, 41.8583169]]}}, {"type": "Feature", "properties": {"id": "SS-ROM-13528", "nome": "Via dei D’Anna", "quartiere": "Municipio Roma XII", "classificazione": "giallo", "score": 3, "note": "strada urbana senza ciclabile", "ciclabile": "no", "n_corsie": "2", "senso_unico": "no", "n_testimonianze": "0", "municipio": "XII"}, "geometry": {"type": "LineString", "coordinates": [[12.4096752, 41.8656828], [12.409915, 41.8648414], [12.4102016, 41.8639541], [12.4102406, 41.8638904]]}}, {"type": "Feature", "properties": {"id": "SS-ROM-13531", "nome": "Via dei Facchinetti", "quartiere": "Municipio Roma XII", "classificazione": "giallo", "score": 3, "note": "strada urbana senza ciclabile", "ciclabile": "no", "n_corsie": "2", "senso_unico": "no", "n_testimonianze": "0", "municipio": "XII"}, "geometry": {"type": "LineString", "coordinates": [[12.4162061, 41.8746276], [12.4157779, 41.8748141], [12.4155535, 41.8749106], [12.4147951, 41.8752016], [12.4141739, 41.8754594]]}}, {"type": "Feature", "properties": {"id": "SS-ROM-13558", "nome": "Via dei Gattilusio", "quartiere": "Municipio Roma XII", "classificazione": "giallo", "score": 3, "note": "strada urbana senza ciclabile", "ciclabile": "no", "n_corsie": "2", "senso_unico": "no", "n_testimonianze": "0", "municipio": "XII"}, "geometry": {"type": "LineString", "coordinates": [[12.4161407, 41.8733613], [12.4164082, 41.8737305], [12.4166035, 41.8740136], [12.4167558, 41.8742224]]}}, {"type": "Feature", "properties": {"id": "SS-ROM-13559", "nome": "Via dei Gavotti", "quartiere": "Municipio Roma XII", "classificazione": "giallo", "score": 3, "note": "strada urbana senza ciclabile", "ciclabile": "no", "n_corsie": "2", "senso_unico": "no", "n_testimonianze": "0", "municipio": "XII"}, "geometry": {"type": "LineString", "coordinates": [[12.4221725, 41.8641452], [12.4222476, 41.8641126], [12.423347, 41.8636483]]}}, {"type": "Feature", "properties": {"id": "SS-ROM-13580", "nome": "Via dei Gradenigo", "quartiere": "Municipio Roma XII", "classificazione": "giallo", "score": 3, "note": "strada urbana senza ciclabile", "ciclabile": "no", "n_corsie": "2", "senso_unico": "no", "n_testimonianze": "0", "municipio": "XII"}, "geometry": {"type": "LineString", "coordinates": [[12.4182201, 41.852145], [12.4182208, 41.8521238], [12.4182161, 41.8520996], [12.4178841, 41.8512662], [12.4178732, 41.8512457], [12.4178564, 41.8512287], [12.4178314, 41.8512191], [12.4178124, 41.8512149], [12.4177848, 41.8512106], [12.4177507, 41.8512082], [12.4175592, 41.8512013]]}}, {"type": "Feature", "properties": {"id": "SS-ROM-13588", "nome": "Via dei Guadagni", "quartiere": "Municipio Roma XII", "classificazione": "giallo", "score": 3, "note": "strada urbana senza ciclabile", "ciclabile": "no", "n_corsie": "2", "senso_unico": "si", "n_testimonianze": "0", "municipio": "XII"}, "geometry": {"type": "MultiLineString", "coordinates": [[[12.4187343, 41.8753799], [12.4189001, 41.8755284], [12.4189382, 41.8755546], [12.4189791, 41.8755788], [12.419018, 41.8755995], [12.4190596, 41.8756181], [12.4190901, 41.8756296], [12.4191272, 41.8756407], [12.4191667, 41.8756491], [12.4192034, 41.8756549], [12.4192364, 41.8756582], [12.4192693, 41.8756614], [12.4195043, 41.8756773], [12.4195861, 41.875682], [12.419619, 41.8756843], [12.4196484, 41.8756866], [12.4196854, 41.8756917], [12.4197149, 41.8756992], [12.419774, 41.8757188], [12.4198086, 41.8757325], [12.4198467, 41.8757468], [12.4198997, 41.8757692], [12.4199456, 41.8757917], [12.4199864, 41.8758169], [12.4200201, 41.8758415], [12.4200773, 41.8758924], [12.420095, 41.8759026], [12.4201261, 41.8759097], [12.420148, 41.875912], [12.4201708, 41.8759125], [12.42019, 41.8759108], [12.4202103, 41.8759071], [12.420241, 41.8759007], [12.4202796, 41.8758904], [12.4203086, 41.8758816], [12.4204719, 41.8757952], [12.4207671, 41.8756391], [12.4211787, 41.8754154], [12.4212032, 41.8754054], [12.4212241, 41.875399], [12.4212449, 41.8753944], [12.4212704, 41.8753917], [12.4213129, 41.8753894]], [[12.4187343, 41.8753799], [12.4184319, 41.8750157], [12.4180946, 41.8745726]]]}}, {"type": "Feature", "properties": {"id": "SS-ROM-13590", "nome": "Via dei Guinigi", "quartiere": "Municipio Roma XII", "classificazione": "giallo", "score": 3, "note": "strada urbana senza ciclabile", "ciclabile": "no", "n_corsie": "2", "senso_unico": "no", "n_testimonianze": "0", "municipio": "XII"}, "geometry": {"type": "LineString", "coordinates": [[12.4060712, 41.8564529], [12.4060788, 41.8564386], [12.4060804, 41.8564109], [12.4060454, 41.8562875], [12.4059369, 41.8559305], [12.405843, 41.8555858], [12.4056338, 41.8548007], [12.4056293, 41.8547849], [12.4054499, 41.8541595], [12.4052386, 41.85353], [12.404871, 41.8524349], [12.4045541, 41.8521509]]}}, {"type": "Feature", "properties": {"id": "SS-ROM-13594", "nome": "Via dei Lambertini", "quartiere": "Municipio Roma XII", "classificazione": "giallo", "score": 3, "note": "strada urbana senza ciclabile", "ciclabile": "no", "n_corsie": "2", "senso_unico": "si", "n_testimonianze": "0", "municipio": "XII"}, "geometry": {"type": "LineString", "coordinates": [[12.4157842, 41.8744223], [12.4156357, 41.8743144], [12.4155702, 41.8742639], [12.4155024, 41.8742089], [12.4154472, 41.8741594], [12.4153921, 41.8741064], [12.4153383, 41.8740405], [12.4149497, 41.8742003], [12.413735, 41.8746815], [12.4136644, 41.8747095]]}}, {"type": "Feature", "properties": {"id": "SS-ROM-13595", "nome": "Via dei Lampugnani", "quartiere": "Municipio Roma XII", "classificazione": "giallo", "score": 3, "note": "strada urbana senza ciclabile", "ciclabile": "no", "n_corsie": "2", "senso_unico": "no", "n_testimonianze": "0", "municipio": "XII"}, "geometry": {"type": "LineString", "coordinates": [[12.4182037, 41.8719565], [12.4182457, 41.8719443], [12.419625, 41.8715506], [12.4197126, 41.8715216], [12.4198203, 41.8714922], [12.4199323, 41.8717134]]}}, {"type": "Feature", "properties": {"id": "SS-ROM-13598", "nome": "Via dei Lanfranchi", "quartiere": "Municipio Roma XII", "classificazione": "giallo", "score": 3, "note": "strada urbana senza ciclabile", "ciclabile": "no", "n_corsie": "2", "senso_unico": "no", "n_testimonianze": "0", "municipio": "XII"}, "geometry": {"type": "LineString", "coordinates": [[12.4231886, 41.8552198], [12.4233337, 41.855422], [12.4234785, 41.8556198], [12.423769, 41.8560783]]}}, {"type": "Feature", "properties": {"id": "SS-ROM-13620", "nome": "Via dei Macarani", "quartiere": "Municipio Roma XII", "classificazione": "giallo", "score": 3, "note": "strada urbana senza ciclabile", "ciclabile": "no", "n_corsie": "2", "senso_unico": "no", "n_testimonianze": "0", "municipio": "XII"}, "geometry": {"type": "LineString", "coordinates": [[12.4194719, 41.8704243], [12.4191985, 41.8705261], [12.4191615, 41.8705745], [12.4191669, 41.8706424], [12.4191535, 41.8706973], [12.4190966, 41.8707416], [12.4183695, 41.8709631], [12.4183242, 41.8709769]]}}, {"type": "Feature", "properties": {"id": "SS-ROM-13621", "nome": "Via dei Maccarani", "quartiere": "Municipio Roma XII", "classificazione": "giallo", "score": 3, "note": "strada urbana senza ciclabile", "ciclabile": "no", "n_corsie": "2", "senso_unico": "no", "n_testimonianze": "0", "municipio": "XII"}, "geometry": {"type": "LineString", "coordinates": [[12.4275994, 41.8624751], [12.4274646, 41.8622394], [12.4274527, 41.8622152], [12.4274289, 41.8621475], [12.4274148, 41.862061], [12.4274053, 41.8619745], [12.4273745, 41.8618526], [12.4269026, 41.8609465]]}}, {"type": "Feature", "properties": {"id": "SS-ROM-13625", "nome": "Via dei Malabaila", "quartiere": "Municipio Roma XII", "classificazione": "giallo", "score": 3, "note": "strada urbana senza ciclabile", "ciclabile": "no", "n_corsie": "2", "senso_unico": "no", "n_testimonianze": "0", "municipio": "XII"}, "geometry": {"type": "LineString", "coordinates": [[12.4223023, 41.8600436], [12.4225131, 41.8599946], [12.4225856, 41.8599762], [12.4226809, 41.8599506], [12.4229053, 41.8598899], [12.4231093, 41.8598277], [12.423165, 41.8598104], [12.4232057, 41.8597996], [12.4232681, 41.8597848], [12.4233761, 41.8597606], [12.4234033, 41.8596753], [12.4234091, 41.8596552], [12.4234121, 41.8596371], [12.4234085, 41.8596171], [12.4233968, 41.859597], [12.4233692, 41.8595748], [12.4233336, 41.8595627], [12.4232913, 41.8595545], [12.423249, 41.8595523], [12.4228711, 41.8595771], [12.4227669, 41.8595461], [12.4226551, 41.8595291], [12.422567, 41.8595167], [12.4225179, 41.8595119], [12.4224644, 41.8595081], [12.4224124, 41.859505], [12.4223793, 41.8595067], [12.4221875, 41.8595273], [12.4221125, 41.8595411]]}}, {"type": "Feature", "properties": {"id": "SS-ROM-13626", "nome": "Via dei Malaspina", "quartiere": "Municipio Roma XII", "classificazione": "giallo", "score": 3, "note": "strada urbana senza ciclabile", "ciclabile": "no", "n_corsie": "2", "senso_unico": "si", "n_testimonianze": "0", "municipio": "XII"}, "geometry": {"type": "LineString", "coordinates": [[12.41397, 41.8751496], [12.4153188, 41.8746201], [12.4157842, 41.8744223], [12.4159825, 41.8743424]]}}, {"type": "Feature", "properties": {"id": "SS-ROM-13632", "nome": "Via dei Marcellini", "quartiere": "Municipio Roma XII", "classificazione": "giallo", "score": 3, "note": "strada urbana senza ciclabile", "ciclabile": "no", "n_corsie": "2", "senso_unico": "no", "n_testimonianze": "0", "municipio": "XII"}, "geometry": {"type": "LineString", "coordinates": [[12.4225189, 41.8700454], [12.4219137, 41.8701295], [12.4211746, 41.8702312], [12.4207291, 41.8702925], [12.4204386, 41.8703377], [12.4203617, 41.8703536], [12.4203019, 41.8703779], [12.419647, 41.8706374], [12.4195321, 41.870493], [12.4194719, 41.8704243]]}}, {"type": "Feature", "properties": {"id": "SS-ROM-13635", "nome": "Via dei Martiri Portuensi", "quartiere": "Municipio Roma XII", "classificazione": "giallo", "score": 3, "note": "strada urbana senza ciclabile", "ciclabile": "no", "n_corsie": "2", "senso_unico": "no", "n_testimonianze": "0", "municipio": "XII"}, "geometry": {"type": "LineString", "coordinates": [[12.4309774, 41.8347581], [12.4310823, 41.8348168], [12.4311299, 41.8348506], [12.4311649, 41.8348739], [12.4311856, 41.8348846], [12.4312073, 41.8348936], [12.4312331, 41.8349015], [12.4312589, 41.8349075], [12.4312769, 41.8349094], [12.4312952, 41.8349102], [12.4313159, 41.8349084], [12.4313369, 41.8349054], [12.431379, 41.8348993], [12.4314037, 41.8348974], [12.4314285, 41.834896], [12.4314523, 41.8348975], [12.4314762, 41.8348994], [12.4315677, 41.8349133], [12.4318591, 41.8349773], [12.4321568, 41.8349963], [12.4323191, 41.8349913], [12.4323754, 41.8349713], [12.4324183, 41.8349314], [12.4324465, 41.8348784], [12.4325015, 41.8348345], [12.4325564, 41.8348135], [12.4326302, 41.8348005], [12.432712, 41.8348035], [12.4328086, 41.8348275], [12.4328569, 41.8348664], [12.4329441, 41.8349713], [12.4329735, 41.8350635], [12.432991, 41.8351182], [12.4330258, 41.8352172], [12.4330547, 41.8352919]]}}, {"type": "Feature", "properties": {"id": "SS-ROM-13639", "nome": "Via dei Martuzzi", "quartiere": "Municipio Roma XII", "classificazione": "giallo", "score": 3, "note": "strada urbana senza ciclabile (2 corsie)", "ciclabile": "no", "n_corsie": "2", "senso_unico": "si", "n_testimonianze": "0", "municipio": "XII"}, "geometry": {"type": "MultiLineString", "coordinates": [[[12.4351995, 41.8569751], [12.4343275, 41.8569701], [12.4328658, 41.8569634], [12.4314488, 41.8569495], [12.4304526, 41.8569388], [12.4303207, 41.8569473], [12.4301888, 41.8569718], [12.4301096, 41.8569997]], [[12.4301096, 41.8569997], [12.4287442, 41.8574816], [12.4285022, 41.8572776], [12.4281852, 41.8570103], [12.428093, 41.8569168], [12.4280798, 41.8568934], [12.42808, 41.8568701], [12.4280904, 41.8568559], [12.4281086, 41.8568412], [12.4281474, 41.8568241], [12.4281889, 41.8568069], [12.4296058, 41.8562902], [12.4299382, 41.8567584], [12.4301096, 41.8569997]]]}}, {"type": "Feature", "properties": {"id": "SS-ROM-13640", "nome": "Via dei Matteini", "quartiere": "Municipio Roma XII", "classificazione": "rosso", "score": 4, "note": "strada secondaria trafficata (2 corsie)", "ciclabile": "no", "n_corsie": "2", "senso_unico": "no", "n_testimonianze": "0", "municipio": "XII"}, "geometry": {"type": "LineString", "coordinates": [[12.414478, 41.873331], [12.4144476, 41.8733087], [12.4144218, 41.8732864], [12.4143951, 41.8732569], [12.4143472, 41.8731921], [12.414296, 41.8731175], [12.4139534, 41.8726184], [12.4137189, 41.872276], [12.4136658, 41.8721998], [12.4136127, 41.8721266], [12.4135872, 41.8720991], [12.4135576, 41.8720716], [12.4135255, 41.8720483], [12.4134873, 41.872025], [12.4134362, 41.8719984], [12.4134095, 41.8719859], [12.4133767, 41.8719734], [12.4133501, 41.8719645], [12.4133155, 41.8719571], [12.4132492, 41.8719472], [12.4132108, 41.8719445], [12.4131683, 41.8719417], [12.4131248, 41.8719396], [12.4130773, 41.8719376], [12.4129817, 41.8719392], [12.4129033, 41.8719431]]}}, {"type": "Feature", "properties": {"id": "SS-ROM-13641", "nome": "Via dei Mazzanti", "quartiere": "Municipio Roma XII", "classificazione": "giallo", "score": 3, "note": "strada urbana senza ciclabile (2 corsie)", "ciclabile": "no", "n_corsie": "2", "senso_unico": "no", "n_testimonianze": "0", "municipio": "XII"}, "geometry": {"type": "LineString", "coordinates": [[12.4215782, 41.852695], [12.421462, 41.8526276], [12.4210109, 41.8523562], [12.4206259, 41.8521269], [12.4202745, 41.8519285], [12.4201495, 41.8518658], [12.4200203, 41.8518013], [12.4197637, 41.8516713], [12.4193605, 41.8514521], [12.4193392, 41.851442], [12.4193168, 41.8514349], [12.4192905, 41.8514276], [12.4192599, 41.8514236], [12.4192289, 41.8514226], [12.4191978, 41.8514262], [12.419176, 41.8514305], [12.4191584, 41.8514387], [12.419142, 41.8514491], [12.4191177, 41.85147], [12.4190546, 41.8515261], [12.4189031, 41.8516726], [12.4184667, 41.8520947], [12.4183215, 41.8522376], [12.4182476, 41.8523073], [12.4181625, 41.8523913], [12.4181103, 41.8524522], [12.4180527, 41.8525261], [12.4178711, 41.8527642], [12.4177648, 41.8529035], [12.4177069, 41.8529813], [12.4175736, 41.8531285]]}}, {"type": "Feature", "properties": {"id": "SS-ROM-13649", "nome": "Via dei Monaldeschi", "quartiere": "Municipio Roma XII", "classificazione": "giallo", "score": 3, "note": "strada urbana senza ciclabile (2 corsie)", "ciclabile": "no", "n_corsie": "2", "senso_unico": "no", "n_testimonianze": "0", "municipio": "XII"}, "geometry": {"type": "MultiLineString", "coordinates": [[[12.4185298, 41.8529619], [12.4186333, 41.8529224], [12.4187094, 41.8528883], [12.4187482, 41.8528745], [12.4187871, 41.8528647], [12.418839, 41.852854], [12.4188655, 41.8528502], [12.4188987, 41.8528468], [12.4189397, 41.8528472], [12.4191136, 41.852871], [12.4192467, 41.8528933], [12.4198058, 41.8530069], [12.4199702, 41.8530404], [12.42004, 41.8530577], [12.4200974, 41.8530842], [12.4201917, 41.8531391], [12.4208037, 41.8535123]], [[12.4210188, 41.8530578], [12.4207632, 41.8529122], [12.4208186, 41.8527737], [12.4207732, 41.852749], [12.4208259, 41.8526996]], [[12.42115, 41.8531313], [12.4210188, 41.8530578]]]}}, {"type": "Feature", "properties": {"id": "SS-ROM-13663", "nome": "Via dei Navagero", "quartiere": "Municipio Roma XII", "classificazione": "giallo", "score": 3, "note": "strada urbana senza ciclabile", "ciclabile": "no", "n_corsie": "2", "senso_unico": "no", "n_testimonianze": "0", "municipio": "XII"}, "geometry": {"type": "LineString", "coordinates": [[12.4221975, 41.8597846], [12.4226527, 41.859724], [12.4226953, 41.8597178], [12.4227258, 41.8597104], [12.4227492, 41.8597], [12.4227643, 41.8596862], [12.4227891, 41.8596573], [12.4228711, 41.8595771]]}}, {"type": "Feature", "properties": {"id": "SS-ROM-13673", "nome": "Via dei Paluzzi", "quartiere": "Municipio Roma XII", "classificazione": "giallo", "score": 3, "note": "strada urbana senza ciclabile", "ciclabile": "no", "n_corsie": "2", "senso_unico": "no", "n_testimonianze": "0", "municipio": "XII"}, "geometry": {"type": "LineString", "coordinates": [[12.4219286, 41.8760132], [12.4221912, 41.875868], [12.4222821, 41.8758153], [12.4223375, 41.8757806], [12.4223848, 41.8757494], [12.422414, 41.8757244], [12.4224356, 41.8757036], [12.4224624, 41.8756752], [12.4225073, 41.8756252]]}}, {"type": "Feature", "properties": {"id": "SS-ROM-13692", "nome": "Via dei Pietramellara", "quartiere": "Municipio Roma XII", "classificazione": "giallo", "score": 3, "note": "strada urbana senza ciclabile", "ciclabile": "no", "n_corsie": "2", "senso_unico": "no", "n_testimonianze": "0", "municipio": "XII"}, "geometry": {"type": "LineString", "coordinates": [[12.4274941, 41.8608685], [12.4278854, 41.8615444], [12.4280087, 41.8617999], [12.4281939, 41.8622899]]}}, {"type": "Feature", "properties": {"id": "SS-ROM-13703", "nome": "Via dei Polenta", "quartiere": "Municipio Roma XII", "classificazione": "giallo", "score": 3, "note": "strada urbana senza ciclabile", "ciclabile": "no", "n_corsie": "2", "senso_unico": "no", "n_testimonianze": "0", "municipio": "XII"}, "geometry": {"type": "LineString", "coordinates": [[12.4222882, 41.8673031], [12.422283, 41.8670905], [12.422268, 41.867057], [12.4222423, 41.8670309], [12.4221961, 41.8670177], [12.4221526, 41.8670144], [12.4220924, 41.8670098], [12.4214635, 41.8669832], [12.4213709, 41.8669743], [12.4212713, 41.8669613], [12.420981, 41.866922], [12.4208718, 41.8669052], [12.420774, 41.866887], [12.4207138, 41.8668746], [12.4206578, 41.8668631], [12.4205705, 41.8668416], [12.4204859, 41.8668125], [12.4203662, 41.8667671], [12.4203027, 41.866748], [12.4202667, 41.8667402], [12.4202281, 41.8667343], [12.4199395, 41.8667036], [12.4197541, 41.8666866], [12.4195276, 41.8666653]]}}, {"type": "Feature", "properties": {"id": "SS-ROM-13717", "nome": "Via dei Rangoni", "quartiere": "Municipio Roma XII", "classificazione": "giallo", "score": 3, "note": "strada urbana senza ciclabile", "ciclabile": "no", "n_corsie": "2", "senso_unico": "no", "n_testimonianze": "0", "municipio": "XII"}, "geometry": {"type": "LineString", "coordinates": [[12.4194793, 41.8481409], [12.4194442, 41.8481493], [12.4194096, 41.8481621], [12.4193755, 41.8481782], [12.4184453, 41.8486725], [12.4174335, 41.8492265], [12.4172167, 41.8493451]]}}, {"type": "Feature", "properties": {"id": "SS-ROM-13719", "nome": "Via dei Ravaschieri", "quartiere": "Municipio Roma XII", "classificazione": "giallo", "score": 3, "note": "strada urbana senza ciclabile", "ciclabile": "no", "n_corsie": "2", "senso_unico": "no", "n_testimonianze": "0", "municipio": "XII"}, "geometry": {"type": "LineString", "coordinates": [[12.4249926, 41.8559328], [12.424068, 41.8565576]]}}, {"type": "Feature", "properties": {"id": "SS-ROM-13724", "nome": "Via dei Rezzonico", "quartiere": "Municipio Roma XII", "classificazione": "giallo", "score": 3, "note": "strada urbana senza ciclabile", "ciclabile": "no", "n_corsie": "2", "senso_unico": "si", "n_testimonianze": "0", "municipio": "XII"}, "geometry": {"type": "LineString", "coordinates": [[12.4223165, 41.8580913], [12.4222593, 41.8580099], [12.422137, 41.8578305], [12.4219883, 41.8576115], [12.4212094, 41.8565086], [12.421182, 41.8564694]]}}, {"type": "Feature", "properties": {"id": "SS-ROM-13727", "nome": "Via dei Rinuccini", "quartiere": "Municipio Roma XII", "classificazione": "giallo", "score": 3, "note": "strada urbana senza ciclabile (1 corsie)", "ciclabile": "no", "n_corsie": "1", "senso_unico": "si", "n_testimonianze": "0", "municipio": "XII"}, "geometry": {"type": "MultiLineString", "coordinates": [[[12.4152417, 41.8517345], [12.4154512, 41.8516507], [12.4155298, 41.8516223], [12.4156976, 41.8515747], [12.4157244, 41.8515647], [12.415744, 41.8515546], [12.4157716, 41.8515373], [12.4157904, 41.85152], [12.4158265, 41.8514791], [12.4158554, 41.8514394], [12.415913, 41.8513664], [12.4159609, 41.8513191], [12.4160005, 41.8512895], [12.4160311, 41.8512725], [12.4160617, 41.8512582], [12.4161381, 41.8512305], [12.4162871, 41.8511816], [12.4165248, 41.851109], [12.416564, 41.8510989]], [[12.4163187, 41.8517261], [12.4163818, 41.851715], [12.4164199, 41.8517113], [12.4164579, 41.8517087], [12.4164986, 41.851708]], [[12.4167272, 41.8514831], [12.4168049, 41.8516174], [12.4168437, 41.8516771], [12.4168836, 41.8517285], [12.4169085, 41.8517619], [12.4169558, 41.8518165]], [[12.4164986, 41.851708], [12.4165736, 41.8517142], [12.4166285, 41.8517209], [12.4167139, 41.8517364], [12.4167931, 41.8517578], [12.4169558, 41.8518165]], [[12.4169558, 41.8518165], [12.416994, 41.8518399], [12.4170284, 41.851862], [12.4170655, 41.8518871], [12.4170915, 41.851908], [12.4171203, 41.851932], [12.4171553, 41.8519645], [12.4171876, 41.8519961], [12.4172199, 41.8520377], [12.4172496, 41.8520783], [12.4172753, 41.8521191], [12.4172931, 41.852154], [12.4173083, 41.852188], [12.4173653, 41.8523158], [12.417378, 41.852346], [12.4174038, 41.8524098], [12.4174358, 41.8524866], [12.4174634, 41.8525609], [12.4174911, 41.852635], [12.4175059, 41.8526858], [12.417512, 41.8527208], [12.4175076, 41.8527516], [12.4175059, 41.8527748], [12.417506, 41.8527822], [12.4175061, 41.852803], [12.4175049, 41.8528312]], [[12.4164986, 41.851708], [12.416562, 41.8516858], [12.4165967, 41.8516717], [12.4166286, 41.8516564], [12.416655, 41.8516411], [12.4166795, 41.8516166], [12.4166987, 41.851592], [12.4167163, 41.8515615], [12.4167244, 41.8515249], [12.4167272, 41.8514831]], [[12.416564, 41.8510989], [12.4165991, 41.8511844], [12.4167272, 41.8514831]], [[12.4175049, 41.8528312], [12.4175049, 41.8528632], [12.4175061, 41.8528981], [12.4175134, 41.8529721], [12.4175165, 41.8529924], [12.4175202, 41.8530121], [12.4175246, 41.8530285], [12.4175323, 41.8530465], [12.4175736, 41.8531285]]]}}, {"type": "Feature", "properties": {"id": "SS-ROM-13741", "nome": "Via dei Salimbeni", "quartiere": "Municipio Roma XII", "classificazione": "giallo", "score": 3, "note": "strada urbana senza ciclabile (1 corsie)", "ciclabile": "no", "n_corsie": "1", "senso_unico": "si", "n_testimonianze": "0", "municipio": "XII"}, "geometry": {"type": "MultiLineString", "coordinates": [[[12.4241729, 41.8768402], [12.4241135, 41.8773964]], [[12.4241135, 41.8773964], [12.4240508, 41.8780756], [12.4240507, 41.878124], [12.4240559, 41.8781704], [12.4240668, 41.8782057], [12.4240832, 41.8782389], [12.4237223, 41.8790083]]]}}, {"type": "Feature", "properties": {"id": "SS-ROM-13743", "nome": "Via dei Sampieri", "quartiere": "Municipio Roma XII", "classificazione": "giallo", "score": 3, "note": "strada urbana senza ciclabile (2 corsie)", "ciclabile": "no", "n_corsie": "2", "senso_unico": "no", "n_testimonianze": "0", "municipio": "XII"}, "geometry": {"type": "MultiLineString", "coordinates": [[[12.4138264, 41.8514356], [12.4138971, 41.8514148], [12.4139761, 41.8514123], [12.4141324, 41.8514413], [12.4145341, 41.8516034], [12.4146234, 41.8516128], [12.41473, 41.8516104], [12.4148251, 41.8516011], [12.4149344, 41.851603], [12.4150172, 41.8516135], [12.4151106, 41.8516412], [12.4151852, 41.8516832], [12.4152417, 41.8517345], [12.4152799, 41.8518174], [12.4152884, 41.8518998], [12.4152705, 41.8519954], [12.4152126, 41.8521115]], [[12.4174757, 41.8532336], [12.4174461, 41.8532053], [12.4174233, 41.8531799], [12.4173962, 41.8531416], [12.4173854, 41.853119], [12.4173799, 41.8530955], [12.4173781, 41.8530696], [12.4173816, 41.8530438], [12.4174036, 41.8530028], [12.4174116, 41.8529801], [12.4174155, 41.8529603], [12.4174176, 41.8529334], [12.417417, 41.8529084], [12.4174114, 41.8528738], [12.4173985, 41.8528173], [12.4173824, 41.8527742], [12.4173727, 41.8527481], [12.4173352, 41.8526595], [12.4171985, 41.8523149], [12.4171353, 41.8521624], [12.4171081, 41.8521074], [12.4170831, 41.8520724], [12.4170529, 41.852038], [12.4170119, 41.8519971], [12.416977, 41.8519713], [12.4169385, 41.8519482], [12.4168968, 41.8519285], [12.416848, 41.85191], [12.416802, 41.8518976], [12.4167516, 41.8518858], [12.4167087, 41.8518789], [12.4166595, 41.8518754], [12.4166225, 41.8518747], [12.4165801, 41.8518767], [12.4165042, 41.851886]], [[12.4178017, 41.8535559], [12.4178389, 41.8537577], [12.4178498, 41.8538427], [12.4178536, 41.8539172], [12.4178516, 41.8540847], [12.4178339, 41.8542169], [12.4178126, 41.8543509], [12.4178091, 41.8544101], [12.4178092, 41.8544799], [12.417817, 41.854547], [12.417827, 41.8546094], [12.4178373, 41.8546558], [12.4178475, 41.8546942], [12.4178709, 41.8547619], [12.4179048, 41.8548335], [12.4180234, 41.8550566], [12.4183695, 41.8556781], [12.4185472, 41.8559952], [12.4186864, 41.856245], [12.4187217, 41.8563274], [12.4187467, 41.8563983], [12.4187644, 41.8564719], [12.4187733, 41.8565268], [12.4187846, 41.8565828]], [[12.4160896, 41.85215], [12.4161247, 41.8520352], [12.4161598, 41.8519139], [12.4161774, 41.8518406], [12.4161898, 41.8518133], [12.4162061, 41.8517886], [12.4162242, 41.8517721], [12.416244, 41.8517596], [12.4162813, 41.8517415], [12.4163187, 41.8517261]], [[12.4151187, 41.8522644], [12.4150584, 41.8524225], [12.4150514, 41.8525334], [12.4150586, 41.8525854], [12.4150712, 41.8526414], [12.4150949, 41.8527085], [12.4152064, 41.8530247], [12.4152298, 41.853061], [12.41526, 41.8530913], [12.4153038, 41.853122], [12.4153543, 41.8531447], [12.4154151, 41.853156], [12.4154733, 41.8531573], [12.4155224, 41.8531516], [12.4155714, 41.85314], [12.4156141, 41.8531224], [12.4156487, 41.8531009], [12.4156818, 41.8530756], [12.4157042, 41.8530474], [12.4157211, 41.8530158], [12.4157353, 41.8529832], [12.4157503, 41.852916], [12.4158157, 41.852539]], [[12.4152126, 41.8521115], [12.4151187, 41.8522644]], [[12.4158157, 41.852539], [12.4159194, 41.8523899]], [[12.4159194, 41.8523899], [12.41594, 41.8523579], [12.4160246, 41.8522341], [12.4160896, 41.85215]], [[12.4165042, 41.851886], [12.4164642, 41.8518978], [12.4164312, 41.8519082], [12.4163758, 41.8519304], [12.4163443, 41.8519441], [12.4163111, 41.8519616], [12.4162724, 41.8519861], [12.416232, 41.8520199], [12.4161935, 41.852057], [12.4160896, 41.85215]], [[12.4188069, 41.8567918], [12.4187915, 41.8567414], [12.4187856, 41.8567155], [12.418782, 41.8566948], [12.4187794, 41.8566695], [12.4187775, 41.8566459], [12.4187795, 41.8566144], [12.4187846, 41.8565828]], [[12.4175736, 41.8531285], [12.4176862, 41.8532862], [12.4177548, 41.8534156], [12.4177756, 41.8534613], [12.4177873, 41.8534987], [12.4178017, 41.8535559]], [[12.4178017, 41.8535559], [12.417751, 41.8534693], [12.4177131, 41.8534199], [12.4176496, 41.8533585], [12.4175826, 41.8533064], [12.4174757, 41.8532336]]]}}, {"type": "Feature", "properties": {"id": "SS-ROM-13755", "nome": "Via dei Serlupi", "quartiere": "Municipio Roma XII", "classificazione": "giallo", "score": 3, "note": "strada urbana senza ciclabile", "ciclabile": "no", "n_corsie": "2", "senso_unico": "no", "n_testimonianze": "0", "municipio": "XII"}, "geometry": {"type": "LineString", "coordinates": [[12.4256975, 41.8547154], [12.4261793, 41.8551183], [12.4271059, 41.8559083]]}}, {"type": "Feature", "properties": {"id": "SS-ROM-13762", "nome": "Via dei Silvestrini", "quartiere": "Municipio Roma XII", "classificazione": "giallo", "score": 3, "note": "strada urbana senza ciclabile", "ciclabile": "no", "n_corsie": "2", "senso_unico": "no", "n_testimonianze": "0", "municipio": "XII"}, "geometry": {"type": "LineString", "coordinates": [[12.4471733, 41.8575799], [12.4471341, 41.8576052], [12.4471097, 41.8576223], [12.4468888, 41.8577809], [12.4464423, 41.8581052], [12.4456028, 41.8587671], [12.4455959, 41.8587725], [12.4455674, 41.8587964]]}}, {"type": "Feature", "properties": {"id": "SS-ROM-13771", "nome": "Via dei Tani", "quartiere": "Municipio Roma XII", "classificazione": "giallo", "score": 3, "note": "strada urbana senza ciclabile (2 corsie)", "ciclabile": "no", "n_corsie": "2", "senso_unico": "no", "n_testimonianze": "0", "municipio": "XII"}, "geometry": {"type": "LineString", "coordinates": [[12.4191136, 41.852871], [12.4192087, 41.8527661], [12.419486, 41.8524782], [12.4197494, 41.8522198], [12.4198756, 41.852097], [12.4199997, 41.8519864], [12.4201099, 41.8518936], [12.4201495, 41.8518658], [12.4202584, 41.8517751], [12.4209155, 41.8511684], [12.4209619, 41.8511262], [12.4209789, 41.851114], [12.4209959, 41.8511053], [12.4210125, 41.8510993], [12.4210261, 41.8510968], [12.421042, 41.8510936], [12.4210579, 41.8510926], [12.4210756, 41.8510935], [12.4210918, 41.8510967], [12.4211157, 41.8511042], [12.4211375, 41.8511141], [12.4213595, 41.8512599], [12.4215908, 41.8514114], [12.4218858, 41.8516023], [12.4222803, 41.8518579], [12.4223424, 41.8518956], [12.4223975, 41.8519291]]}}, {"type": "Feature", "properties": {"id": "SS-ROM-13772", "nome": "Via dei Tebaldeschi", "quartiere": "Municipio Roma XII", "classificazione": "giallo", "score": 3, "note": "strada urbana senza ciclabile", "ciclabile": "no", "n_corsie": "2", "senso_unico": "no", "n_testimonianze": "0", "municipio": "XII"}, "geometry": {"type": "LineString", "coordinates": [[12.4251347, 41.8755962], [12.4241773, 41.8763797]]}}, {"type": "Feature", "properties": {"id": "SS-ROM-13783", "nome": "Via dei Trecchi", "quartiere": "Municipio Roma XII", "classificazione": "giallo", "score": 3, "note": "strada urbana senza ciclabile", "ciclabile": "no", "n_corsie": "2", "senso_unico": "no", "n_testimonianze": "0", "municipio": "XII"}, "geometry": {"type": "LineString", "coordinates": [[12.4197541, 41.8666866], [12.4199119, 41.8671109]]}}, {"type": "Feature", "properties": {"id": "SS-ROM-13785", "nome": "Via dei Trivulzio", "quartiere": "Municipio Roma XII", "classificazione": "giallo", "score": 3, "note": "strada urbana senza ciclabile", "ciclabile": "no", "n_corsie": "2", "senso_unico": "no", "n_testimonianze": "0", "municipio": "XII"}, "geometry": {"type": "LineString", "coordinates": [[12.3496931, 41.8480155], [12.349747, 41.846438], [12.3497527, 41.8463035], [12.3498314, 41.8455106], [12.3498301, 41.8454275]]}}, {"type": "Feature", "properties": {"id": "SS-ROM-13789", "nome": "Via dei Valderetti", "quartiere": "Municipio Roma XII", "classificazione": "giallo", "score": 3, "note": "strada urbana senza ciclabile", "ciclabile": "no", "n_corsie": "2", "senso_unico": "no", "n_testimonianze": "0", "municipio": "XII"}, "geometry": {"type": "LineString", "coordinates": [[12.4068526, 41.8569209], [12.4022922, 41.8586999], [12.4017421, 41.8590164]]}}, {"type": "Feature", "properties": {"id": "SS-ROM-13791", "nome": "Via dei Valmarana", "quartiere": "Municipio Roma XII", "classificazione": "giallo", "score": 3, "note": "strada urbana senza ciclabile", "ciclabile": "no", "n_corsie": "2", "senso_unico": "no", "n_testimonianze": "0", "municipio": "XII"}, "geometry": {"type": "LineString", "coordinates": [[12.4217285, 41.8586716], [12.4217093, 41.8585659], [12.421777, 41.8583808]]}}, {"type": "Feature", "properties": {"id": "SS-ROM-13818", "nome": "Via del Bosco degli Arvali", "quartiere": "Municipio Roma XII", "classificazione": "giallo", "score": 3, "note": "strada urbana senza ciclabile (2 corsie)", "ciclabile": "no", "n_corsie": "2", "senso_unico": "no", "n_testimonianze": "0", "municipio": "XII"}, "geometry": {"type": "MultiLineString", "coordinates": [[[12.4266385, 41.8370026], [12.4265243, 41.8369518], [12.4264553, 41.8369231], [12.4264168, 41.8369098], [12.4263652, 41.8368996], [12.4263275, 41.836895], [12.4262961, 41.8368922], [12.4262553, 41.8368898], [12.4262206, 41.8368897], [12.4261767, 41.8368902], [12.4261373, 41.8368931], [12.4259369, 41.8369207], [12.4258916, 41.8369264], [12.4258036, 41.8369324]], [[12.4259459, 41.8364063], [12.426077, 41.8365398], [12.426218, 41.8366886], [12.4263095, 41.8367603], [12.4263942, 41.836813], [12.4265105, 41.8368651], [12.4266281, 41.8369373], [12.4266385, 41.8370026]], [[12.4266385, 41.8370026], [12.4267446, 41.8370523], [12.4268281, 41.8370859], [12.4268792, 41.8371055], [12.4269274, 41.8371219], [12.4269859, 41.8371391], [12.4270453, 41.8371542], [12.4271165, 41.8371683]], [[12.4281834, 41.8372464], [12.4283028, 41.8372807], [12.428332, 41.8372891], [12.4286383, 41.8373878], [12.4287192, 41.8374177], [12.4287986, 41.8374471], [12.4288304, 41.8374626], [12.4288568, 41.83748], [12.4288805, 41.8375005], [12.4289031, 41.8375233], [12.4289191, 41.8375453], [12.4289341, 41.8375697], [12.4289539, 41.8376117], [12.4289602, 41.8376538], [12.4289583, 41.8376926], [12.4289457, 41.8377314], [12.428924, 41.83777], [12.4288926, 41.8378108], [12.428861, 41.8378432], [12.4288326, 41.8378668], [12.4287911, 41.8378923], [12.4287518, 41.8379114], [12.4287122, 41.8379265], [12.428664, 41.8379424], [12.428623, 41.8379538], [12.4286011, 41.8379589], [12.4285707, 41.8379659], [12.4285229, 41.8379741], [12.4284687, 41.8379823], [12.4284256, 41.8379856], [12.4283782, 41.8379873], [12.42833, 41.8379864], [12.4282904, 41.8379823], [12.4282466, 41.8379746], [12.4282049, 41.8379637], [12.4281643, 41.8379485], [12.4281302, 41.8379332], [12.4280032, 41.8378657], [12.4278313, 41.8377689], [12.4277871, 41.8377505], [12.4277565, 41.8377405], [12.4277092, 41.837731], [12.4276662, 41.8377283], [12.4276227, 41.8377309], [12.4275749, 41.8377374], [12.4275205, 41.8377497], [12.4274782, 41.8377628], [12.4274501, 41.8377745], [12.4274166, 41.8377902], [12.4273857, 41.8378079], [12.427357, 41.837828], [12.4273334, 41.8378495], [12.4273119, 41.8378734], [12.4272634, 41.83794], [12.4272227, 41.8380005], [12.4271842, 41.8380653], [12.4268256, 41.8387183], [12.4267604, 41.8388231], [12.4267237, 41.8388772], [12.426669, 41.83895], [12.4266116, 41.8390158], [12.4265818, 41.8390483], [12.4265498, 41.8390816], [12.426515, 41.8391104], [12.426478, 41.83914], [12.4264295, 41.839174], [12.4263741, 41.8392108], [12.426308, 41.8392508], [12.4262566, 41.8392798], [12.4262009, 41.8393104], [12.4261083, 41.8393578], [12.4260185, 41.8393998], [12.4257969, 41.8394967], [12.4257184, 41.8395286], [12.4256776, 41.8395438], [12.4256357, 41.8395582], [12.4255964, 41.83957], [12.4255559, 41.839581], [12.4255081, 41.8395926], [12.4254378, 41.8396069], [12.4253643, 41.8396205], [12.4252839, 41.8396332], [12.4252222, 41.839642], [12.4251324, 41.8396531], [12.4250575, 41.8396602], [12.4249805, 41.8396658], [12.4248928, 41.8396706], [12.4248067, 41.839673], [12.4247217, 41.8396738], [12.4246569, 41.8396722], [12.4245932, 41.8396691], [12.4245361, 41.8396646], [12.424358, 41.8396466], [12.4241961, 41.8396268], [12.4240342, 41.839603], [12.4239999, 41.8395956], [12.4239764, 41.8395871], [12.4239505, 41.8395754], [12.4239272, 41.8395607], [12.4238922, 41.8395314], [12.4238795, 41.8395152], [12.4238661, 41.8394931], [12.4238567, 41.8394664], [12.4238517, 41.8394313], [12.4238506, 41.8393901], [12.4238603, 41.8393518], [12.4238829, 41.8393131], [12.4239184, 41.8392608], [12.423943, 41.8391912]], [[12.4271165, 41.8371683], [12.427184, 41.8371781], [12.4272576, 41.8371892], [12.4273, 41.8371927], [12.4273393, 41.8371949], [12.4274195, 41.8371954], [12.4276005, 41.8371973], [12.4278215, 41.8372028], [12.4279017, 41.8372068], [12.4279872, 41.8372134], [12.4280466, 41.8372205], [12.4280998, 41.8372282], [12.4281834, 41.8372464]]]}}, {"type": "Feature", "properties": {"id": "SS-ROM-13832", "nome": "Via del Canaletto di Malagrotta", "quartiere": "Municipio Roma XII", "classificazione": "giallo", "score": 3, "note": "strada urbana senza ciclabile", "ciclabile": "no", "n_corsie": "2", "senso_unico": "no", "n_testimonianze": "0", "municipio": "XII"}, "geometry": {"type": "MultiLineString", "coordinates": [[[12.3216854, 41.8513829], [12.3223444, 41.8515841], [12.3224583, 41.851614], [12.3225643, 41.8516345], [12.3226789, 41.8516373], [12.3228041, 41.8516379], [12.3229399, 41.8516345], [12.3230632, 41.8516192], [12.3231542, 41.8516038], [12.3232554, 41.8515736], [12.3238176, 41.8513273], [12.3239453, 41.8512648], [12.3240505, 41.8511975], [12.3241289, 41.8511341], [12.3241771, 41.8510844], [12.3242235, 41.8510257], [12.3242713, 41.850945], [12.324518, 41.8504085], [12.3245347, 41.8503852], [12.3245541, 41.850364], [12.3245772, 41.8503464], [12.324599, 41.8503318], [12.3246306, 41.8503152], [12.3246608, 41.8503016], [12.324687, 41.8502939], [12.3247186, 41.8502863], [12.324751, 41.8502816], [12.3247848, 41.8502779], [12.3248159, 41.8502772], [12.3248483, 41.8502775], [12.3249207, 41.8502835], [12.3249958, 41.8502955], [12.3264654, 41.8505429], [12.3275569, 41.8507305], [12.3287202, 41.8509285]], [[12.3290752, 41.8509865], [12.3294053, 41.8510404], [12.3298675, 41.8511179]], [[12.3287202, 41.8509285], [12.3290752, 41.8509865]]]}}, {"type": "Feature", "properties": {"id": "SS-ROM-13850", "nome": "Via del Casale Cavallazzi", "quartiere": "Municipio Roma XII", "classificazione": "giallo", "score": 3, "note": "strada urbana senza ciclabile", "ciclabile": "no", "n_corsie": "2", "senso_unico": "no", "n_testimonianze": "0", "municipio": "XII"}, "geometry": {"type": "LineString", "coordinates": [[12.4444906, 41.8698139], [12.4444974, 41.8708358]]}}, {"type": "Feature", "properties": {"id": "SS-ROM-13854", "nome": "Via del Casale De Giorgi", "quartiere": "Municipio Roma XII", "classificazione": "giallo", "score": 3, "note": "strada urbana senza ciclabile", "ciclabile": "no", "n_corsie": "2", "senso_unico": "no", "n_testimonianze": "0", "municipio": "XII"}, "geometry": {"type": "LineString", "coordinates": [[12.3673094, 41.849655], [12.3668568, 41.8503912]]}}, {"type": "Feature", "properties": {"id": "SS-ROM-13858", "nome": "Via del Casale Lumbroso", "quartiere": "Municipio Roma XII", "classificazione": "giallo", "score": 3, "note": "strada urbana senza ciclabile (2 corsie)", "ciclabile": "no", "n_corsie": "2", "senso_unico": "no", "n_testimonianze": "0", "municipio": "XII"}, "geometry": {"type": "MultiLineString", "coordinates": [[[12.332576, 41.8476085], [12.3331333, 41.8477852], [12.3334722, 41.8478926], [12.3336781, 41.8479556], [12.3338707, 41.8480079], [12.3349232, 41.8482798], [12.3366508, 41.8487323], [12.3373024, 41.8489001], [12.3381195, 41.8491707], [12.338673, 41.8494025], [12.3387992, 41.8494558], [12.339275, 41.849657], [12.3400159, 41.8499757], [12.3401353, 41.850032], [12.3402385, 41.8500844], [12.3403512, 41.8501477], [12.3404827, 41.8502231], [12.3406888, 41.8503551], [12.3407275, 41.8503799], [12.3408975, 41.8504991], [12.3411016, 41.8506585], [12.3412493, 41.850782], [12.3413871, 41.8509144], [12.3415855, 41.8511188], [12.3419138, 41.8514655], [12.3419508, 41.851501], [12.3419957, 41.8515366], [12.3420365, 41.8515631], [12.3420854, 41.8515895], [12.3421971, 41.851644], [12.3422367, 41.8516626], [12.3422699, 41.8516759], [12.3423005, 41.8516871], [12.3423323, 41.8516964], [12.3423649, 41.8517041], [12.3424074, 41.8517134], [12.3424506, 41.8517211], [12.3425204, 41.8517307], [12.3425916, 41.8517393], [12.3427079, 41.8517469], [12.3428562, 41.8517566], [12.3429223, 41.8517652], [12.3429833, 41.8517748], [12.3430565, 41.8517886], [12.343127, 41.8518045], [12.3431893, 41.851822], [12.3432489, 41.8518415], [12.343297, 41.8518601], [12.343379, 41.8518964], [12.3435688, 41.852001], [12.3439079, 41.8521938]], [[12.3648212, 41.8706649], [12.3647858, 41.8709748], [12.364772, 41.871054], [12.3647555, 41.8711341], [12.3647454, 41.8711917], [12.3647395, 41.8712126], [12.3647266, 41.8712564], [12.3647149, 41.8712927], [12.3647016, 41.8713337], [12.3646856, 41.8713816], [12.3646486, 41.8714751]], [[12.3646486, 41.8714751], [12.3644541, 41.8719122], [12.3643902, 41.8721224], [12.3643565, 41.8722216], [12.3643378, 41.8722686], [12.3643174, 41.8723168], [12.3642986, 41.8723603], [12.3642741, 41.8724093], [12.3642511, 41.8724494], [12.3642276, 41.8724826], [12.3642061, 41.872513]], [[12.3611432, 41.8679249], [12.362005, 41.8685706], [12.3623343, 41.8688173], [12.3624224, 41.8688833], [12.3624804, 41.8689258], [12.3625411, 41.8689682], [12.3626453, 41.8690385], [12.3627522, 41.8691089], [12.3629687, 41.8692496], [12.363013, 41.8692775], [12.3630545, 41.8693021], [12.3631079, 41.8693325], [12.3631641, 41.8693629], [12.3632156, 41.8693879], [12.3632698, 41.8694129], [12.3633267, 41.869438], [12.3633655, 41.8694541], [12.3637676, 41.8696163], [12.3638331, 41.8696436], [12.3639137, 41.8696791], [12.3639706, 41.8697059], [12.3640253, 41.8697333], [12.3640774, 41.8697607], [12.3641411, 41.8697974], [12.364231, 41.8698515], [12.3642832, 41.869884], [12.3643361, 41.8699184], [12.364388, 41.8699537], [12.3644082, 41.8699687], [12.3644448, 41.8699989], [12.3644997, 41.8700469], [12.3645307, 41.8700779], [12.3645533, 41.8701043], [12.3645759, 41.8701346], [12.3645953, 41.8701625], [12.3646158, 41.8701975], [12.3646861, 41.8703311], [12.3648212, 41.8706649]], [[12.3615797, 41.8816687], [12.3615852, 41.8817474], [12.3615877, 41.8817962], [12.3616001, 41.8823987], [12.3616, 41.8824813], [12.3615999, 41.8825433], [12.3615998, 41.8826081], [12.3615984, 41.882674], [12.3615935, 41.8827443], [12.3615538, 41.8832037], [12.3615411, 41.8833348], [12.3615244, 41.8834755], [12.3615175, 41.8835299], [12.3615133, 41.8835577], [12.361509, 41.8835808], [12.3615029, 41.8836078], [12.3614969, 41.8836328], [12.3614881, 41.8836564], [12.3614792, 41.883678], [12.3614715, 41.8836939], [12.3614604, 41.8837147], [12.3614173, 41.8837906]], [[12.3614173, 41.8837906], [12.3614285, 41.8838236], [12.3614383, 41.8838555], [12.361447, 41.8838908], [12.3614661, 41.8839786], [12.3614735, 41.8840096], [12.3614811, 41.8840362], [12.3614906, 41.8840645], [12.3615013, 41.8840958], [12.361511, 41.8841191], [12.3615219, 41.8841453], [12.3615335, 41.8841701], [12.3615487, 41.8841997], [12.3618168, 41.8846972], [12.3618641, 41.8847824], [12.3619127, 41.8848687], [12.3619601, 41.8849492], [12.3620089, 41.8850307], [12.3620346, 41.8850726], [12.3620579, 41.8851089], [12.3620767, 41.8851358], [12.3620989, 41.8851652], [12.3621224, 41.8851946], [12.3621486, 41.8852242], [12.3621762, 41.8852538], [12.3621997, 41.8852776], [12.3622425, 41.8853187], [12.3622804, 41.8853542], [12.3623116, 41.8853823], [12.3623385, 41.8854052], [12.3623853, 41.8854427]], [[12.3439079, 41.8521938], [12.3444069, 41.852488], [12.3449993, 41.8528822], [12.3451649, 41.8529902], [12.3451982, 41.8530146], [12.3452646, 41.8530675], [12.3453323, 41.8531215], [12.3454016, 41.8531804], [12.3454722, 41.8532404], [12.3455061, 41.8532715], [12.3455611, 41.8533285], [12.3456135, 41.8533865], [12.3456568, 41.8534404], [12.3461682, 41.8541323], [12.3465579, 41.854668], [12.3472027, 41.855677], [12.3473323, 41.855859], [12.3474733, 41.8560374], [12.3481441, 41.8568088], [12.3492801, 41.8580825], [12.3495044, 41.8583295], [12.3504895, 41.8594143], [12.3506889, 41.8596255], [12.3507356, 41.8596665], [12.3507873, 41.8597093], [12.3508467, 41.8597497], [12.3509112, 41.859792], [12.3510501, 41.8598654], [12.3511635, 41.8599103], [12.3512595, 41.8599403], [12.3513767, 41.8599711], [12.351677, 41.8600397], [12.3518918, 41.8600917], [12.3520431, 41.8601333], [12.3525112, 41.8602736], [12.3530598, 41.8604327], [12.3532845, 41.8605069], [12.3533917, 41.8605505], [12.3534441, 41.8605746], [12.3534964, 41.8606005], [12.3535565, 41.8606339], [12.3536165, 41.8606692], [12.3537341, 41.8607444], [12.3538244, 41.8608164], [12.3538607, 41.8608495], [12.3538945, 41.8608836], [12.3539239, 41.8609248], [12.3539406, 41.8609508], [12.3539804, 41.8610245], [12.3542441, 41.8618022], [12.3544238, 41.8623114], [12.3544614, 41.8623699], [12.3545097, 41.8624243], [12.3545527, 41.8624678], [12.3545916, 41.8625041], [12.3546225, 41.8625293], [12.3556146, 41.8631851], [12.3556702, 41.8632178], [12.3557258, 41.8632464], [12.355813, 41.8632825], [12.3558566, 41.8632986], [12.3558989, 41.8633127], [12.3559392, 41.8633242], [12.3559781, 41.8633336], [12.3560171, 41.8633411], [12.3560614, 41.8633486], [12.3561141, 41.8633546], [12.3561937, 41.8633607], [12.3562592, 41.8633617], [12.3563261, 41.8633608], [12.3566555, 41.8633417], [12.35696, 41.8633341], [12.3570417, 41.8633357], [12.3570997, 41.8633378], [12.3571618, 41.8633413], [12.3572279, 41.8633458], [12.3572914, 41.8633543], [12.3573576, 41.8633668], [12.3574076, 41.8633783], [12.3574603, 41.8633939], [12.3578333, 41.8635241], [12.3586085, 41.8637785], [12.358724, 41.8638214], [12.3588288, 41.8638643], [12.3589034, 41.8638968], [12.3589729, 41.8639349], [12.3590161, 41.8639674], [12.359147, 41.8640903], [12.3591966, 41.8641369], [12.3593842, 41.8643504], [12.3600523, 41.8651605], [12.3602269, 41.8653735], [12.3602626, 41.8654236], [12.3602885, 41.8654695], [12.3603091, 41.8655153], [12.3603229, 41.8655642], [12.3603327, 41.8656161], [12.3603353, 41.8656716], [12.360334, 41.86573], [12.3603254, 41.8657775], [12.3603143, 41.8658289], [12.3603, 41.8658682], [12.3602831, 41.8659115], [12.3602439, 41.8660041], [12.3601224, 41.866244], [12.3600428, 41.8664543], [12.3600338, 41.8664944], [12.3600254, 41.8665422], [12.3600171, 41.8665959], [12.3600168, 41.8666401], [12.3600164, 41.8666903], [12.3600183, 41.8667296], [12.3600272, 41.8668288], [12.3600379, 41.8668952], [12.3600471, 41.8669467], [12.3600616, 41.8670041], [12.360082, 41.8670521], [12.3601079, 41.867102], [12.3601377, 41.867148], [12.3601756, 41.8671899], [12.3602209, 41.8672335], [12.3602689, 41.8672711], [12.3604073, 41.8673686], [12.3605603, 41.8674843], [12.3611432, 41.8679249]], [[12.3642061, 41.872513], [12.3639685, 41.872829], [12.3637634, 41.8731155], [12.3637038, 41.8732119], [12.3636816, 41.8732557], [12.3636689, 41.8732774], [12.3636546, 41.8733079], [12.3636451, 41.8733329], [12.3636386, 41.8733562], [12.363631, 41.8733842], [12.3636232, 41.8734203], [12.3635887, 41.8736557], [12.3635448, 41.8738919], [12.3635393, 41.8739255], [12.3635336, 41.8739618], [12.3635283, 41.8740063], [12.3635209, 41.8740456], [12.3635131, 41.8740922], [12.363502, 41.8741425], [12.3634886, 41.8742089], [12.3634757, 41.8742451], [12.3634572, 41.8742877], [12.3634404, 41.874326], [12.3634243, 41.8743547], [12.3634074, 41.8743838], [12.3633807, 41.8744224], [12.3633575, 41.8744574], [12.3633288, 41.8744978], [12.3631384, 41.8747409], [12.3629408, 41.8749826], [12.3629099, 41.8750277], [12.3628843, 41.8750659], [12.3628617, 41.875105], [12.3628348, 41.8751552], [12.3628148, 41.8751973], [12.3627961, 41.8752385], [12.3627722, 41.875297], [12.3627622, 41.8753258], [12.3627536, 41.8753555], [12.3627453, 41.8753963], [12.3627383, 41.8754381], [12.3627287, 41.8755088], [12.3627258, 41.8755358], [12.3627243, 41.8755647], [12.3627229, 41.8755987], [12.3627229, 41.8756347], [12.362724, 41.8756955], [12.362726, 41.8757485], [12.362729, 41.8757953], [12.3627334, 41.875843], [12.3627407, 41.875889], [12.3627493, 41.875936], [12.3627601, 41.8759871], [12.3628015, 41.8761669], [12.362832, 41.8762984], [12.3628791, 41.8765014], [12.3629, 41.8765809], [12.3629153, 41.8766403], [12.3629333, 41.8767007], [12.3629526, 41.8767616], [12.3629732, 41.8768225], [12.3629956, 41.876884], [12.3630193, 41.8769455], [12.3630383, 41.8769923], [12.3631158, 41.877162], [12.3631297, 41.8771963], [12.3631483, 41.8772494], [12.3631616, 41.8772995], [12.3631695, 41.8773439], [12.3631721, 41.8773854], [12.363172, 41.8774229], [12.3631635, 41.8774963], [12.3631496, 41.8775716], [12.3631121, 41.8777083], [12.3630547, 41.8779508], [12.3629168, 41.8785332], [12.3628573, 41.8787834], [12.3628414, 41.8788708], [12.3628321, 41.8789145], [12.3628201, 41.8789602], [12.3628067, 41.8790073], [12.3627906, 41.8790563], [12.3627731, 41.8791034], [12.3627557, 41.8791464], [12.3627368, 41.8791852], [12.362718, 41.87922], [12.3627008, 41.8792498], [12.3626711, 41.8792923], [12.362636, 41.8793407], [12.3621949, 41.8799292], [12.3620853, 41.8800765]], [[12.3620853, 41.8800765], [12.3620075, 41.8801906], [12.3616603, 41.8807049], [12.3616337, 41.8807457], [12.3616124, 41.8807796], [12.3615933, 41.8808134], [12.3615692, 41.8808603], [12.3615535, 41.8808962], [12.3615406, 41.880928], [12.3615306, 41.8809571], [12.3615175, 41.881002], [12.361514, 41.8810201], [12.3615103, 41.881046], [12.3615079, 41.8810719], [12.3615061, 41.8810981], [12.3615056, 41.8811242], [12.3615063, 41.8811468], [12.3615089, 41.8811848], [12.3615128, 41.8812247], [12.3615203, 41.8812758], [12.3615644, 41.8815425], [12.3615702, 41.8815867], [12.3615797, 41.8816687]]]}}, {"type": "Feature", "properties": {"id": "SS-ROM-13861", "nome": "Via del Casale Ninfeo", "quartiere": "Municipio Roma XII", "classificazione": "giallo", "score": 3, "note": "strada urbana senza ciclabile", "ciclabile": "no", "n_corsie": "2", "senso_unico": "si", "n_testimonianze": "0", "municipio": "XII"}, "geometry": {"type": "MultiLineString", "coordinates": [[[12.414478, 41.873331], [12.4143952, 41.873353], [12.4142436, 41.873416], [12.4131337, 41.8738502], [12.4130536, 41.8738819]], [[12.414478, 41.873331], [12.4145519, 41.8733042], [12.4155175, 41.872959], [12.4155437, 41.8729504], [12.4155698, 41.8729453], [12.4155948, 41.8729416], [12.4156168, 41.8729413], [12.4156569, 41.8729449], [12.4156962, 41.8729503]], [[12.4156962, 41.8729503], [12.4153152, 41.8724863], [12.4152522, 41.872366], [12.4152414, 41.8722702], [12.4152629, 41.8722053], [12.4154426, 41.8718108], [12.4155707, 41.8714481], [12.4155848, 41.8714084]]]}}, {"type": "Feature", "properties": {"id": "SS-ROM-13876", "nome": "Via del Casale degli Inglesi", "quartiere": "Municipio Roma XII", "classificazione": "giallo", "score": 3, "note": "strada urbana senza ciclabile (1 corsie)", "ciclabile": "no", "n_corsie": "1", "senso_unico": "si", "n_testimonianze": "0", "municipio": "XII"}, "geometry": {"type": "LineString", "coordinates": [[12.4256377, 41.8376695], [12.4256567, 41.8376953], [12.4256714, 41.837725], [12.4256859, 41.8377656], [12.4256981, 41.8378069], [12.4257227, 41.8379231], [12.4257262, 41.837954], [12.4257286, 41.8379904], [12.4257281, 41.8380545], [12.4257254, 41.8380882], [12.4257206, 41.8381242], [12.4257147, 41.8381539], [12.4257012, 41.8381964], [12.4256791, 41.838245], [12.425657, 41.8382811], [12.4256147, 41.8383371], [12.4255859, 41.838369], [12.4255354, 41.838415], [12.425471, 41.8384617], [12.4254186, 41.8384953], [12.4253576, 41.8385289], [12.4253078, 41.8385513], [12.4252334, 41.8385798], [12.4251018, 41.8386264], [12.4250336, 41.838647], [12.4249703, 41.8386577], [12.424808, 41.8386753], [12.4246637, 41.838684], [12.4245607, 41.8386848], [12.4244812, 41.8386851], [12.4244422, 41.8386894], [12.4244102, 41.8386964], [12.4243698, 41.8387096], [12.4243418, 41.8387228], [12.4243115, 41.8387455], [12.4243014, 41.8387665], [12.4242864, 41.8388302], [12.4242709, 41.8388866], [12.4242533, 41.8389322], [12.4242427, 41.8389534], [12.4242075, 41.8390141], [12.4241859, 41.839046], [12.4241704, 41.8390662], [12.4241506, 41.8390916], [12.4241268, 41.8391159], [12.4241002, 41.8391366], [12.4240694, 41.8391572], [12.4240371, 41.8391741], [12.4240006, 41.8391909], [12.423943, 41.8391912]]}}, {"type": "Feature", "properties": {"id": "SS-ROM-13898", "nome": "Via del Casaletto", "quartiere": "Municipio Roma XII", "classificazione": "giallo", "score": 3, "note": "strada urbana senza ciclabile (2 corsie)", "ciclabile": "no", "n_corsie": "2", "senso_unico": "no", "n_testimonianze": "0", "municipio": "XII"}, "geometry": {"type": "MultiLineString", "coordinates": [[[12.4377205, 41.8552328], [12.4374503, 41.8548011], [12.4374305, 41.8547567], [12.4374227, 41.8547143], [12.4374208, 41.854672], [12.4374256, 41.8546236], [12.4374378, 41.8545629], [12.4374826, 41.8543939], [12.4375621, 41.8540889], [12.4376241, 41.8538799], [12.437636, 41.8538315], [12.437641, 41.8538079], [12.4376411, 41.8537978], [12.4376378, 41.8537868], [12.4376259, 41.85377], [12.4376095, 41.8537593]], [[12.4409413, 41.879233], [12.4408819, 41.8789809], [12.4408272, 41.878749], [12.4407549, 41.8784134], [12.4406463, 41.8777761], [12.4406319, 41.8776775], [12.4406256, 41.877642], [12.4406174, 41.8775853]], [[12.4382091, 41.8614575], [12.4385399, 41.860238], [12.4387273, 41.8595289], [12.4387529, 41.8594319], [12.4388924, 41.8588835], [12.4389274, 41.8587407], [12.4389293, 41.8587247], [12.4389245, 41.8587098], [12.4389107, 41.8586973], [12.4388896, 41.8586892], [12.4388665, 41.8586837], [12.4383145, 41.8585876], [12.4381619, 41.858562], [12.4381173, 41.8585491], [12.438078, 41.8585392], [12.438053, 41.8585168], [12.4380442, 41.8584934], [12.4380474, 41.8584036], [12.43812, 41.8581313], [12.4381892, 41.8578713], [12.438284, 41.8575154], [12.4383377, 41.8573247], [12.4385194, 41.8566764], [12.4385311, 41.8565992], [12.4385313, 41.8565748], [12.438528, 41.8565359], [12.4385225, 41.8565019], [12.4385143, 41.8564718], [12.4384938, 41.8564237], [12.4382267, 41.8560115], [12.4379775, 41.8556246], [12.4377205, 41.8552328]], [[12.437615, 41.8636381], [12.4376095, 41.8636657], [12.4376061, 41.8636933], [12.4376038, 41.8637124], [12.4376025, 41.8637299], [12.4376012, 41.8637592], [12.4376002, 41.8637885], [12.4376, 41.8638151], [12.4376002, 41.8638418], [12.4376021, 41.8638956], [12.4376196, 41.8641588], [12.4376688, 41.8648851], [12.4376872, 41.865312], [12.4376983, 41.8655509], [12.4377054, 41.8656647], [12.4377121, 41.8657258], [12.4377187, 41.8657803], [12.4377251, 41.865807], [12.437733, 41.865839], [12.4377614, 41.8659188], [12.4379577, 41.8664262], [12.4380105, 41.8665627], [12.438071, 41.8667348], [12.4382134, 41.8671268], [12.4382952, 41.8673577], [12.4384402, 41.867793], [12.4384644, 41.8678676], [12.4384775, 41.867916], [12.4385767, 41.868343], [12.4386051, 41.868452], [12.4386161, 41.8685036], [12.4386834, 41.8687867], [12.43884, 41.8694434], [12.438895, 41.8696802], [12.4389317, 41.8698296], [12.4389653, 41.8699741]], [[12.4379691, 41.8623849], [12.4379552, 41.8624414], [12.4379252, 41.8625629], [12.4378111, 41.8629667], [12.4377718, 41.8631119], [12.4376289, 41.8635852], [12.437615, 41.8636381]], [[12.4389653, 41.8699741], [12.4391835, 41.870841], [12.4395475, 41.8721979], [12.439604, 41.8724294], [12.4396646, 41.8726475], [12.4396849, 41.8726961], [12.4397021, 41.872727], [12.4397273, 41.8727545], [12.4397594, 41.8727743], [12.4397923, 41.8727856]], [[12.4399662, 41.8735422], [12.4400276, 41.8737713], [12.4401047, 41.8741307], [12.4401661, 41.8744106], [12.4402012, 41.8745629], [12.4403394, 41.8751124], [12.4404138, 41.8754067], [12.4404908, 41.875774], [12.4405655, 41.8761368], [12.4406094, 41.8763445], [12.4406428, 41.8765438], [12.4406525, 41.8766324], [12.4406599, 41.8767279], [12.4406625, 41.8768513], [12.4406582, 41.8769551], [12.4406562, 41.8770606], [12.4406522, 41.8772651], [12.4406511, 41.877336]], [[12.4376095, 41.8537593], [12.437588, 41.853752], [12.4375625, 41.8537461], [12.4375299, 41.853743], [12.4372097, 41.8537327], [12.4371429, 41.8537284], [12.4370918, 41.8537216], [12.4370339, 41.8537119], [12.4369708, 41.8536946], [12.4369163, 41.8536769], [12.4368517, 41.8536511], [12.4368196, 41.8536344], [12.4367857, 41.8536164], [12.4367492, 41.8535942], [12.4367128, 41.8535694], [12.4366505, 41.8535223]], [[12.4382091, 41.8614575], [12.438185, 41.8615433], [12.4379691, 41.8623849]]]}}, {"type": "Feature", "properties": {"id": "SS-ROM-13946", "nome": "Via del Forte Bravetta", "quartiere": "Municipio Roma XII", "classificazione": "giallo", "score": 3, "note": "strada urbana senza ciclabile (2 corsie)", "ciclabile": "no", "n_corsie": "2", "senso_unico": "si", "n_testimonianze": "0", "municipio": "XII"}, "geometry": {"type": "MultiLineString", "coordinates": [[[12.4387321, 41.8775584], [12.4388076, 41.877683]], [[12.4229491, 41.8683382], [12.4233121, 41.868398], [12.4238382, 41.8684533], [12.4245401, 41.8684422], [12.4248061, 41.8684294], [12.4255958, 41.8683143]], [[12.4327994, 41.8733376], [12.4328417, 41.8733422], [12.4328839, 41.8733488], [12.4329604, 41.873368], [12.4330079, 41.8733863], [12.4330608, 41.8734107], [12.4331232, 41.8734561], [12.433163, 41.8734899], [12.4332016, 41.8735276], [12.4332368, 41.8735779], [12.433958, 41.8746773], [12.434027, 41.8747612], [12.4340712, 41.8748157], [12.4341267, 41.8748676], [12.4341977, 41.8749146], [12.43427, 41.8749489], [12.4343572, 41.8749787], [12.4344168, 41.8749983], [12.4344871, 41.8750133], [12.4345538, 41.8750234], [12.4346731, 41.8750447], [12.4347945, 41.8750664], [12.4350974, 41.8751219], [12.4353291, 41.8751626], [12.4354556, 41.8751862], [12.4355673, 41.8752133], [12.4356789, 41.8752444], [12.4360577, 41.8753814], [12.4362899, 41.8754597], [12.4365141, 41.875546], [12.4367531, 41.8756528], [12.436786, 41.8756695], [12.436819, 41.8756888], [12.4368595, 41.8757164], [12.436893, 41.8757427], [12.4369243, 41.8757767], [12.4369592, 41.8758166], [12.4373133, 41.8762271], [12.4373605, 41.8762784], [12.4374647, 41.8763774], [12.4377261, 41.8766183], [12.4380695, 41.8769148], [12.4381481, 41.8769827], [12.43846, 41.8772801], [12.4386129, 41.8774258], [12.4386589, 41.8774771], [12.4387321, 41.8775584]], [[12.4407426, 41.8797587], [12.4407951, 41.87977], [12.4408352, 41.8797746], [12.4408827, 41.8797744], [12.4409136, 41.8797709], [12.4409979, 41.8797631]], [[12.4388076, 41.877683], [12.4388529, 41.877754], [12.4389358, 41.8778875], [12.4391761, 41.8782837], [12.4392251, 41.878353], [12.4392858, 41.8784311], [12.4393583, 41.8785094], [12.4396195, 41.8787535], [12.4397519, 41.8788768], [12.4400021, 41.8790909], [12.4402628, 41.8793313], [12.4406017, 41.8796386], [12.4407426, 41.8797587]], [[12.4407426, 41.8797587], [12.4408243, 41.8798303], [12.4408827, 41.8798818], [12.4409557, 41.879944], [12.4409901, 41.8799706], [12.4410287, 41.8799972]], [[12.4255958, 41.8683143], [12.4256667, 41.8683788]], [[12.4256667, 41.8683788], [12.4257417, 41.8684805], [12.42575, 41.8685488], [12.4258369, 41.8687871], [12.4258876, 41.8688832], [12.4261451, 41.8694392], [12.4263082, 41.8697396], [12.4264541, 41.8698483], [12.4266515, 41.8698867], [12.4268146, 41.8698739], [12.4270721, 41.8698163], [12.4272523, 41.86981], [12.4274497, 41.8698419], [12.4278789, 41.8699761], [12.4282394, 41.8700784], [12.4283326, 41.8701416], [12.4284066, 41.8701917], [12.4284437, 41.8704717], [12.42859, 41.8706963], [12.4287512, 41.8707318], [12.4289184, 41.8706852], [12.4295275, 41.8704984]]]}}, {"type": "Feature", "properties": {"id": "SS-ROM-13948", "nome": "Via del Forte Portuense", "quartiere": "Municipio Roma XII", "classificazione": "giallo", "score": 3, "note": "strada urbana senza ciclabile (1 corsie)", "ciclabile": "no", "n_corsie": "1", "senso_unico": "si", "n_testimonianze": "0", "municipio": "XII"}, "geometry": {"type": "LineString", "coordinates": [[12.4473548, 41.8566082], [12.4485372, 41.8558998], [12.448551, 41.855896], [12.4485627, 41.8558957], [12.4485757, 41.8558985], [12.4485843, 41.8559031], [12.4487401, 41.8560494], [12.4487487, 41.8560543], [12.4487594, 41.8560581], [12.448771, 41.8560608], [12.4487826, 41.8560609]]}}, {"type": "Feature", "properties": {"id": "SS-ROM-13968", "nome": "Via del Fosso della Magliana", "quartiere": "Municipio Roma XII", "classificazione": "giallo", "score": 3, "note": "strada urbana senza ciclabile (2 corsie)", "ciclabile": "no", "n_corsie": "2", "senso_unico": "no", "n_testimonianze": "0", "municipio": "XII"}, "geometry": {"type": "MultiLineString", "coordinates": [[[12.4188491, 41.8302048], [12.4187855, 41.8303593], [12.4187115, 41.8306083], [12.4185433, 41.8312007], [12.4184745, 41.8313218], [12.4183896, 41.8314349], [12.4182628, 41.8315593], [12.4181981, 41.8316138], [12.4181199, 41.8316797], [12.4176451, 41.8319777], [12.4174471, 41.832102], [12.4173131, 41.8322009], [12.4172734, 41.8322302], [12.4171261, 41.8323552], [12.4169828, 41.8325409], [12.4168777, 41.8327232], [12.4166137, 41.8333889], [12.4163608, 41.834024], [12.4161209, 41.8346727], [12.415945, 41.8350478], [12.4158389, 41.8352728], [12.4157706, 41.8354059], [12.4156348, 41.8355871], [12.4155168, 41.8357406], [12.4153018, 41.83596], [12.4151196, 41.8361652], [12.4150062, 41.8363869], [12.4147426, 41.8369847], [12.4146757, 41.8371753], [12.4146451, 41.8372869]], [[12.4143354, 41.8383279], [12.4144073, 41.8383526], [12.4144569, 41.8383826], [12.4145052, 41.8384225], [12.4145394, 41.838487], [12.4145481, 41.8385619], [12.4145219, 41.8386309], [12.4144717, 41.8386938], [12.4143932, 41.8387428], [12.4143, 41.8387623], [12.4142008, 41.8387648], [12.4141002, 41.8387357], [12.4140168, 41.8386848]], [[12.4143354, 41.8383279], [12.4143897, 41.8381461], [12.4144321, 41.8379658], [12.4145862, 41.8374873], [12.4146451, 41.8372869]], [[12.4140168, 41.8386848], [12.4138344, 41.8387936], [12.4135501, 41.8389631], [12.4129937, 41.8393116], [12.4128656, 41.8394171]], [[12.4128656, 41.8394171], [12.4126245, 41.8396861], [12.4122758, 41.8400965], [12.411915, 41.840408], [12.411705, 41.8405807], [12.4115026, 41.8407355], [12.411015, 41.8410891], [12.4108106, 41.8412812], [12.4106133, 41.8415186], [12.4101323, 41.842261], [12.4095198, 41.8431885], [12.4094, 41.8433542], [12.4093608, 41.8434084]], [[12.4140168, 41.8386848], [12.413965, 41.8386107], [12.4139533, 41.8385452], [12.4139708, 41.8384673], [12.4140063, 41.838418], [12.414072, 41.8383631], [12.4141471, 41.8383331], [12.4142262, 41.8383191], [12.4142846, 41.8383196], [12.4143354, 41.8383279]]]}}, {"type": "Feature", "properties": {"id": "SS-ROM-13971", "nome": "Via del Fosso della Torretta", "quartiere": "Municipio Roma XII", "classificazione": "giallo", "score": 3, "note": "strada urbana senza ciclabile", "ciclabile": "no", "n_corsie": "2", "senso_unico": "no", "n_testimonianze": "0", "municipio": "XII"}, "geometry": {"type": "LineString", "coordinates": [[12.4218845, 41.8407248], [12.4208355, 41.8405127], [12.4207675, 41.8408196]]}}, {"type": "Feature", "properties": {"id": "SS-ROM-13975", "nome": "Via del Fosso di Bravetta", "quartiere": "Municipio Roma XII", "classificazione": "rosso", "score": 4, "note": "strada secondaria trafficata (2 corsie)", "ciclabile": "no", "n_corsie": "2", "senso_unico": "no", "n_testimonianze": "0", "municipio": "XII"}, "geometry": {"type": "MultiLineString", "coordinates": [[[12.4174337, 41.8757153], [12.4172927, 41.8755477], [12.4171737, 41.8754009], [12.4169676, 41.8751536], [12.416338, 41.8743646], [12.4162523, 41.8742763], [12.4161743, 41.8742142], [12.4161307, 41.8741841], [12.4160897, 41.8741586], [12.4160339, 41.8741261], [12.4159757, 41.8740992], [12.4158999, 41.8740653], [12.4158304, 41.8740345], [12.4157595, 41.8740021], [12.4157001, 41.8739743], [12.4156083, 41.8739261], [12.4155002, 41.8738658], [12.4153003, 41.873755], [12.4145933, 41.8733895], [12.4145382, 41.8733627], [12.4145056, 41.8733459], [12.414478, 41.873331]], [[12.4171737, 41.8754009], [12.4172058, 41.87539], [12.417241, 41.8753838], [12.4172738, 41.8753828], [12.4173048, 41.8753874], [12.4173235, 41.8753989], [12.4175393, 41.87567]]]}}, {"type": "Feature", "properties": {"id": "SS-ROM-13982", "nome": "Via del Fosso di Macchia Grande", "quartiere": "Municipio Roma XII", "classificazione": "giallo", "score": 3, "note": "strada urbana senza ciclabile", "ciclabile": "no", "n_corsie": "2", "senso_unico": "no", "n_testimonianze": "0", "municipio": "XII"}, "geometry": {"type": "MultiLineString", "coordinates": [[[12.2679644, 41.8481673], [12.2680447, 41.8482147], [12.2680828, 41.8482357]], [[12.2667666, 41.8510643], [12.2672179, 41.851327]], [[12.2680828, 41.8482357], [12.2681113, 41.8482482], [12.2683272, 41.8483459], [12.2683613, 41.8483633], [12.2683938, 41.8483807], [12.268424, 41.8483991], [12.2684526, 41.8484175], [12.2688777, 41.8487082], [12.2689175, 41.8487389], [12.2689545, 41.8487707], [12.2689747, 41.8487924], [12.268992, 41.8488151], [12.2690081, 41.8488434], [12.2690186, 41.8488717], [12.269022, 41.8489021], [12.2690199, 41.8489325], [12.2690145, 41.8489567], [12.2690046, 41.8489761], [12.2689872, 41.8489989], [12.2689655, 41.8490238], [12.2689439, 41.8490449], [12.2687481, 41.8492211], [12.2683676, 41.849574], [12.2682687, 41.8496436], [12.26816, 41.8496924], [12.2680192, 41.8497214], [12.267806, 41.8496996], [12.2676318, 41.8496809], [12.2675182, 41.849675], [12.267489, 41.8496747], [12.2674649, 41.8496758], [12.2674374, 41.8496779], [12.2674132, 41.8496829], [12.2673883, 41.84969], [12.2673703, 41.849698], [12.2673517, 41.8497079], [12.2673357, 41.8497194], [12.267321, 41.8497339], [12.2671805, 41.8498898], [12.2669834, 41.8500894], [12.2668297, 41.8502333], [12.2667371, 41.8503158], [12.266687, 41.8503661], [12.2666574, 41.8503973], [12.2666252, 41.8504365], [12.266594, 41.8504793], [12.2665629, 41.8505229], [12.2665425, 41.8505585], [12.2665197, 41.8506157], [12.2665156, 41.8506425], [12.2665143, 41.8506694], [12.266525, 41.850733], [12.266538, 41.850786], [12.2665616, 41.8508411], [12.2665968, 41.8508946], [12.2666641, 41.8509732], [12.2666912, 41.8510041], [12.2667249, 41.8510347], [12.2667666, 41.8510643]], [[12.2672179, 41.851327], [12.2673224, 41.8513835], [12.2674215, 41.8514301], [12.2675057, 41.8514629], [12.2675451, 41.8514742], [12.2675912, 41.8514856], [12.2676282, 41.8514916], [12.2676719, 41.8514976], [12.267713, 41.8514997], [12.2677594, 41.8514997], [12.267792, 41.8514974], [12.2678299, 41.851493], [12.2678705, 41.8514847], [12.2679165, 41.8514714], [12.2679652, 41.8514527], [12.2680127, 41.8514282], [12.2680656, 41.851393], [12.2681052, 41.8513619], [12.2681507, 41.8513129], [12.2682211, 41.851214], [12.2683118, 41.8510481], [12.2688794, 41.8500601], [12.2689248, 41.8500021], [12.2689674, 41.8499581], [12.2690253, 41.8499192], [12.2690804, 41.8498942], [12.2691222, 41.8498835], [12.269179, 41.8498751], [12.269247, 41.8498737], [12.269323, 41.8498782], [12.2694007, 41.8498839], [12.2694865, 41.8498956], [12.2699201, 41.8499588], [12.2704226, 41.8500777], [12.2715135, 41.8503241], [12.2734889, 41.8508016], [12.2746024, 41.8510585], [12.2759583, 41.8513867], [12.2760815, 41.8514151], [12.2761807, 41.8514377], [12.2764245, 41.851488], [12.2764755, 41.8514994], [12.2765462, 41.8515161], [12.2765994, 41.8515308], [12.2766448, 41.8515445], [12.2767087, 41.851567], [12.2768644, 41.8516322], [12.2769529, 41.8516711], [12.2770369, 41.8517119], [12.2772021, 41.8517969], [12.2773437, 41.8518697], [12.2773701, 41.8518842], [12.2773923, 41.8519013], [12.2774133, 41.8519234], [12.2774266, 41.851947], [12.2774386, 41.8519746], [12.2774426, 41.8520047], [12.2774371, 41.8520408], [12.2774189, 41.8520847], [12.2774051, 41.8521097], [12.2773833, 41.8521396], [12.2773621, 41.8521689], [12.2767606, 41.8528745]], [[12.2677236, 41.8478487], [12.2677852, 41.8478757], [12.2678014, 41.8478853], [12.2678153, 41.8478962], [12.2678264, 41.8479082], [12.267836, 41.8479229], [12.2678464, 41.8479525], [12.2678617, 41.8480563], [12.2678659, 41.8480702], [12.2678701, 41.8480826], [12.2678771, 41.8480943], [12.267884, 41.8481046], [12.2678964, 41.8481185], [12.2679099, 41.8481305], [12.2679266, 41.8481424], [12.2679644, 41.8481673]]]}}, {"type": "Feature", "properties": {"id": "SS-ROM-13984", "nome": "Via del Fosso di Papa Leone", "quartiere": "Municipio Roma XII", "classificazione": "giallo", "score": 3, "note": "strada urbana senza ciclabile", "ciclabile": "no", "n_corsie": "2", "senso_unico": "no", "n_testimonianze": "0", "municipio": "XII"}, "geometry": {"type": "LineString", "coordinates": [[12.4416065, 41.8338753], [12.4417016, 41.8342282], [12.4419075, 41.8348236], [12.4419961, 41.8351335]]}}, {"type": "Feature", "properties": {"id": "SS-ROM-14038", "nome": "Via del Monte delle Capre", "quartiere": "Municipio Roma XII", "classificazione": "giallo", "score": 3, "note": "strada urbana senza ciclabile (2 corsie)", "ciclabile": "no", "n_corsie": "2", "senso_unico": "no", "n_testimonianze": "0", "municipio": "XII"}, "geometry": {"type": "MultiLineString", "coordinates": [[[12.4287683, 41.8449419], [12.4288332, 41.8449461], [12.4298927, 41.8449816], [12.4302151, 41.8449898], [12.4311303, 41.845013], [12.4312988, 41.8450172], [12.4314567, 41.8450187], [12.431577, 41.8450183], [12.4316937, 41.8450139], [12.4317755, 41.8450077], [12.4318474, 41.8450019], [12.4319897, 41.844989], [12.4326986, 41.8449249], [12.4334241, 41.8448592], [12.4334976, 41.8448527], [12.4338053, 41.8448293], [12.4340243, 41.8448102], [12.4342341, 41.8447932], [12.4353624, 41.8446851], [12.4354095, 41.8446801], [12.4360471, 41.8446229], [12.4361629, 41.8446131]], [[12.4248953, 41.8452816], [12.424896, 41.8452563], [12.4249021, 41.845231], [12.4249217, 41.8452055], [12.424952, 41.845184], [12.4251537, 41.8450954], [12.4254389, 41.8450041], [12.425707, 41.8449355], [12.4257773, 41.8449252], [12.425845, 41.8449208], [12.4259037, 41.8449192], [12.4259624, 41.8449196], [12.4267211, 41.8449624], [12.4269967, 41.8449817]], [[12.4267211, 41.8449624], [12.4267273, 41.84547], [12.4267287, 41.8454896], [12.4267336, 41.8455037], [12.4267426, 41.8455178], [12.4267658, 41.8455344], [12.4267938, 41.8455456], [12.4268244, 41.8455518], [12.4268561, 41.8455544], [12.4268878, 41.845555], [12.4269154, 41.8455516], [12.4269403, 41.8455466], [12.4269606, 41.8455397], [12.4269792, 41.8455311], [12.4269911, 41.8455224], [12.4270015, 41.8455135], [12.4270091, 41.8455006], [12.427015, 41.8454827], [12.4269967, 41.8449817]], [[12.4269967, 41.8449817], [12.4270421, 41.8449825], [12.4270984, 41.8449845], [12.4273044, 41.8449877], [12.4273424, 41.8449908], [12.4273857, 41.8449959], [12.4274254, 41.8450017], [12.4274543, 41.8450096], [12.4275003, 41.8450227], [12.4275295, 41.8450302], [12.4275636, 41.8450365], [12.4276003, 41.8450427], [12.4276425, 41.845047], [12.4276859, 41.8450493], [12.4277339, 41.8450484], [12.4277832, 41.8450454], [12.4278792, 41.8450336], [12.4282337, 41.8449819]], [[12.4277486, 41.8455846], [12.4282337, 41.8449819], [12.4284928, 41.8449629], [12.4287683, 41.8449419]], [[12.4342341, 41.8447932], [12.4341609, 41.8448583], [12.4335821, 41.8451185], [12.4334976, 41.8448527]], [[12.4361629, 41.8446131], [12.4362475, 41.8446155]]]}}, {"type": "Feature", "properties": {"id": "SS-ROM-14039", "nome": "Via del Monte delle Piche", "quartiere": "Municipio Roma XII", "classificazione": "giallo", "score": 3, "note": "strada urbana senza ciclabile (2 corsie)", "ciclabile": "no", "n_corsie": "2", "senso_unico": "no", "n_testimonianze": "0", "municipio": "XII"}, "geometry": {"type": "LineString", "coordinates": [[12.4226549, 41.8366081], [12.4226136, 41.8365793], [12.422556, 41.8365348], [12.4225125, 41.8365053], [12.4224894, 41.836487], [12.4224703, 41.8364678], [12.4224597, 41.8364531], [12.4224487, 41.8364313], [12.4224439, 41.8364107], [12.4224353, 41.8363633], [12.4224314, 41.8363171], [12.4224441, 41.8361747], [12.4224508, 41.8361051], [12.4224584, 41.8360522], [12.4224684, 41.8359712], [12.4224823, 41.8358361], [12.4225087, 41.8356028], [12.4225431, 41.8352719], [12.4225622, 41.8350936], [12.4226093, 41.8347798], [12.4226432, 41.834631], [12.4226507, 41.8345824], [12.4226565, 41.8345439], [12.4226545, 41.8345158], [12.4226468, 41.8344873], [12.4226283, 41.8344538], [12.422607, 41.834428], [12.4225673, 41.8343835], [12.4225161, 41.8343422], [12.4224858, 41.8343187], [12.4224433, 41.8342918], [12.422394, 41.8342593], [12.4223162, 41.8342141], [12.4221521, 41.834119], [12.4219719, 41.8340204], [12.4217938, 41.8339247], [12.4217565, 41.8339056], [12.4217162, 41.8338876], [12.421668, 41.8338721], [12.4216151, 41.8338577], [12.4215534, 41.8338465], [12.4215102, 41.8338437], [12.4214651, 41.8338437], [12.4214318, 41.833846], [12.421383, 41.8338552], [12.4213348, 41.8338668], [12.4212452, 41.8338905]]}}, {"type": "Feature", "properties": {"id": "SS-ROM-14067", "nome": "Via del Pescaccio", "quartiere": "Municipio Roma XII", "classificazione": "giallo", "score": 3, "note": "strada urbana senza ciclabile (2 corsie)", "ciclabile": "no", "n_corsie": "2", "senso_unico": "no", "n_testimonianze": "0", "municipio": "XII"}, "geometry": {"type": "MultiLineString", "coordinates": [[[12.3732202, 41.8656815], [12.3733292, 41.8656985]], [[12.3788101, 41.8723121], [12.3787596, 41.8722934], [12.3786982, 41.8722687], [12.3786612, 41.8722529], [12.3786206, 41.8722324], [12.3785774, 41.87221], [12.3785325, 41.8721834], [12.3784862, 41.8721539], [12.3784371, 41.8721189], [12.3783866, 41.8720808], [12.3783473, 41.872048], [12.3783192, 41.8720234], [12.3782937, 41.8719997], [12.3782639, 41.8719701], [12.3782369, 41.8719415], [12.3782012, 41.8719018], [12.3781609, 41.8718523], [12.3781234, 41.8718029], [12.3780875, 41.8717492], [12.3780544, 41.8716955], [12.3780259, 41.8716427], [12.3780001, 41.871591], [12.3779773, 41.8715358], [12.3779573, 41.8714817], [12.3779439, 41.8714388], [12.3779271, 41.871368], [12.3779157, 41.8713138], [12.3779097, 41.8712607], [12.3779064, 41.8711965], [12.3779084, 41.8711334], [12.3779211, 41.8710537], [12.377936, 41.8709604], [12.377947, 41.8708919], [12.3779965, 41.8706795], [12.3781011, 41.8702313], [12.3781906, 41.8698474], [12.3782194, 41.869661], [12.3782267, 41.8695597], [12.3782105, 41.8694719], [12.378182, 41.8693917], [12.3781261, 41.8693083], [12.3780502, 41.8692352], [12.37798, 41.8691904], [12.3779178, 41.8691507], [12.3775816, 41.868944], [12.3775108, 41.8689004]], [[12.3732202, 41.8656815], [12.3731445, 41.8657043], [12.3730686, 41.8657297], [12.3730214, 41.8657478], [12.3729692, 41.8657708], [12.3729224, 41.8657918], [12.3728759, 41.8658169], [12.3728348, 41.8658399], [12.3728055, 41.8658587], [12.3727727, 41.8658822], [12.3727069, 41.8659335]], [[12.3733292, 41.8656985], [12.3739325, 41.8657407], [12.3739673, 41.8657435], [12.374023, 41.8657478], [12.3740841, 41.8657556], [12.3741295, 41.8657627], [12.3741736, 41.8657719]], [[12.3732202, 41.8656815], [12.3731057, 41.8657013], [12.3730717, 41.8657048], [12.3730363, 41.8657084], [12.3729976, 41.8657099], [12.3729523, 41.8657083], [12.3729354, 41.8657071], [12.3729198, 41.8657053], [12.3729017, 41.8657025], [12.372885, 41.8656982], [12.3728133, 41.8656745]], [[12.3728133, 41.8656745], [12.3728369, 41.8656592], [12.3728606, 41.8656469], [12.3728783, 41.8656409], [12.3728923, 41.8656382], [12.3729063, 41.8656365], [12.3729231, 41.8656348], [12.3729399, 41.8656335], [12.3729567, 41.8656331], [12.3729735, 41.865634], [12.3730902, 41.8656533], [12.3732202, 41.8656815]], [[12.3751213, 41.8667718], [12.3748849, 41.8664017]], [[12.3748849, 41.8664017], [12.3747038, 41.8661634]], [[12.3747038, 41.8661634], [12.3746027, 41.8660362], [12.3745355, 41.8659516], [12.3745107, 41.8659238], [12.3744685, 41.8658984], [12.3744185, 41.8658691], [12.3743576, 41.8658377], [12.3741736, 41.8657719]], [[12.3775108, 41.8689004], [12.3768244, 41.8684783], [12.3765229, 41.8682929], [12.3760575, 41.8680067], [12.375905, 41.867904], [12.3758265, 41.8678388], [12.3757588, 41.8677735], [12.375587, 41.8675374], [12.3751213, 41.8667718]], [[12.3775108, 41.8689004], [12.3775411, 41.8688744], [12.3776379, 41.8687937], [12.3776896, 41.8688028], [12.3777413, 41.868805], [12.3777951, 41.8688005], [12.3778463, 41.868793], [12.3779123, 41.8687771], [12.3779703, 41.8687532], [12.3780979, 41.8686738], [12.3782202, 41.8685944], [12.3785016, 41.868395], [12.3786009, 41.868317], [12.3786631, 41.8682572], [12.3787491, 41.868159], [12.3790947, 41.8677642], [12.3791733, 41.8676852], [12.3795103, 41.8673462], [12.3796169, 41.8672286], [12.3797396, 41.867084], [12.3798009, 41.8669887], [12.3798855, 41.8668638], [12.3800063, 41.8666278]], [[12.3754854, 41.8671373], [12.3756058, 41.8673233], [12.3758156, 41.8676475], [12.3758598, 41.8676999], [12.3758993, 41.8677411], [12.3759519, 41.867788], [12.3760045, 41.8678308], [12.3762603, 41.8680014], [12.3772852, 41.8686225], [12.3775887, 41.8687765], [12.3776146, 41.8687861], [12.3776379, 41.8687937]], [[12.3800063, 41.8666278], [12.3802854, 41.8658779], [12.3802916, 41.8658652], [12.3802985, 41.8658529], [12.3803065, 41.8658418], [12.3803175, 41.8658277], [12.3804679, 41.865665], [12.3804795, 41.8656561], [12.3804957, 41.8656477], [12.3805156, 41.8656411], [12.3805354, 41.8656389], [12.3805496, 41.8656389], [12.3805625, 41.86564], [12.3805769, 41.8656432], [12.3805893, 41.8656489], [12.3805977, 41.8656556], [12.3806034, 41.8656643], [12.3806062, 41.8656744], [12.3806068, 41.8656846], [12.3806049, 41.8657002], [12.3805993, 41.8657153], [12.3805785, 41.8657554], [12.3802134, 41.8663453], [12.3801576, 41.8664298], [12.3800846, 41.8665273], [12.3800063, 41.8666278]], [[12.3801678, 41.8727593], [12.3794863, 41.8725372], [12.3791112, 41.8724135]], [[12.3791112, 41.8724135], [12.3789252, 41.8723521], [12.3788633, 41.8723308], [12.3788101, 41.8723121]]]}}, {"type": "Feature", "properties": {"id": "SS-ROM-14092", "nome": "Via del Ponte Pisano", "quartiere": "Municipio Roma XII", "classificazione": "giallo", "score": 3, "note": "strada urbana senza ciclabile (2 corsie)", "ciclabile": "no", "n_corsie": "2", "senso_unico": "no", "n_testimonianze": "0", "municipio": "XII"}, "geometry": {"type": "MultiLineString", "coordinates": [[[12.4085384, 41.8431626], [12.4084764, 41.8431859], [12.4083941, 41.8432182], [12.408282, 41.843268], [12.4082396, 41.8432876], [12.4081973, 41.8433087], [12.4081607, 41.8433314], [12.4081221, 41.8433586], [12.4080607, 41.8434103], [12.4080326, 41.843437], [12.4080091, 41.8434637], [12.4079878, 41.8434913], [12.4079637, 41.8435269]], [[12.4076654, 41.8432055], [12.4077504, 41.8432547], [12.4077978, 41.8432859], [12.4078198, 41.8433037], [12.4078431, 41.8433241], [12.4078656, 41.8433442], [12.4078908, 41.8433688], [12.4079093, 41.8433929], [12.4079238, 41.843415], [12.4079417, 41.8434539], [12.4079637, 41.8435269]], [[12.403281, 41.8490086], [12.4027382, 41.8495075], [12.40223, 41.8499789], [12.402164, 41.8500383], [12.4017803, 41.8503922], [12.4015414, 41.8506104], [12.4012945, 41.8508395], [12.4007939, 41.8512939], [12.4005192, 41.8515494], [12.4002384, 41.8518085], [12.3995791, 41.8524133], [12.399438, 41.8525505], [12.3994133, 41.8525756], [12.3993843, 41.8526113], [12.3993607, 41.8526439], [12.3993309, 41.8526913], [12.3993049, 41.8527381], [12.3992843, 41.8527806], [12.3992717, 41.8528101], [12.3992546, 41.8528571], [12.3992425, 41.852892], [12.3992303, 41.8529359], [12.3992168, 41.8529988], [12.3992064, 41.8530421], [12.3991985, 41.8530818], [12.3991953, 41.8531201], [12.3991933, 41.8531624], [12.3991874, 41.8534867], [12.3991706, 41.854827], [12.3991575, 41.8552831], [12.3991554, 41.8556838], [12.3991469, 41.8557749], [12.3991384, 41.8558519], [12.3991325, 41.855888], [12.3991252, 41.8559222], [12.3991172, 41.8559568], [12.3991066, 41.8559934], [12.3990874, 41.8560404], [12.3990656, 41.8560884], [12.39905, 41.8561189], [12.3990338, 41.8561474], [12.3989973, 41.8561984], [12.398969, 41.8562367], [12.3989399, 41.8562731], [12.3989092, 41.8563109], [12.3988792, 41.8563477], [12.3983191, 41.8568624], [12.3980663, 41.8570947], [12.3978707, 41.8572824], [12.3977972, 41.8573522], [12.39773, 41.8574196], [12.3976642, 41.857495], [12.3976155, 41.8575487]], [[12.4034784, 41.8488301], [12.403281, 41.8490086]], [[12.4079637, 41.8435269], [12.4079412, 41.843574], [12.4078891, 41.8437135], [12.4077618, 41.8441819], [12.4074411, 41.8453473], [12.4073897, 41.8454987], [12.4073661, 41.8455473], [12.4073426, 41.8455959], [12.4073067, 41.8456603], [12.4072802, 41.8457036], [12.4072579, 41.8457325], [12.4072356, 41.8457593], [12.4071923, 41.8458011], [12.4071463, 41.8458429], [12.4071036, 41.8458799], [12.4070529, 41.8459218], [12.4069891, 41.8459718], [12.4069565, 41.8459963], [12.4069226, 41.8460208], [12.4061711, 41.8465079], [12.4059943, 41.8466251], [12.4057605, 41.8467878], [12.4053451, 41.8471213], [12.4052105, 41.8472411], [12.4042662, 41.8481059], [12.404014, 41.8483358], [12.4035063, 41.8488034], [12.4034784, 41.8488301]]]}}, {"type": "Feature", "properties": {"id": "SS-ROM-14097", "nome": "Via del Ponte di Malnome", "quartiere": "Municipio Roma XII", "classificazione": "giallo", "score": 3, "note": "strada urbana senza ciclabile (2 corsie)", "ciclabile": "no", "n_corsie": "2", "senso_unico": "no", "n_testimonianze": "0", "municipio": "XII"}, "geometry": {"type": "MultiLineString", "coordinates": [[[12.33548, 41.8427385], [12.3352274, 41.8428271]], [[12.3337386, 41.842755], [12.3337094, 41.8427697], [12.3336855, 41.8427863], [12.3336637, 41.8428079], [12.3336473, 41.8428315], [12.3336358, 41.8428552], [12.3335391, 41.8431168], [12.333245, 41.8438482], [12.332811, 41.8448542], [12.3327037, 41.8450582], [12.3326047, 41.8451975], [12.3324093, 41.8453415], [12.3321852, 41.8454107], [12.3319056, 41.8453833], [12.329541, 41.8451701], [12.3284615, 41.845058], [12.3272431, 41.8449455], [12.325473, 41.8447928], [12.3247609, 41.8447286], [12.32473, 41.8447216], [12.3247045, 41.8447126], [12.3246803, 41.8446976], [12.3246641, 41.8446826]], [[12.33425, 41.8428989], [12.3338671, 41.8427911]], [[12.3338671, 41.8427911], [12.3337878, 41.8427679], [12.3337386, 41.842755]], [[12.3352274, 41.8428271], [12.3350703, 41.8428821], [12.3349427, 41.8429268], [12.3348902, 41.8429412], [12.334839, 41.8429535], [12.3347846, 41.8429627], [12.3347315, 41.84297], [12.3346886, 41.8429727], [12.334643, 41.8429734], [12.3345575, 41.8429687], [12.3345201, 41.8429633], [12.334476, 41.8429549], [12.3344265, 41.8429431], [12.33425, 41.8428989]]]}}, {"type": "Feature", "properties": {"id": "SS-ROM-14111", "nome": "Via del Predio di Filippo", "quartiere": "Municipio Roma XII", "classificazione": "giallo", "score": 3, "note": "strada urbana senza ciclabile", "ciclabile": "no", "n_corsie": "2", "senso_unico": "no", "n_testimonianze": "0", "municipio": "XII"}, "geometry": {"type": "LineString", "coordinates": [[12.4213134, 41.8344572], [12.4212757, 41.8344655], [12.4212547, 41.8344714], [12.4212282, 41.8344831], [12.421206, 41.8344997], [12.4211896, 41.8345185], [12.4211775, 41.8345421], [12.4211692, 41.8345658], [12.4211482, 41.8346773], [12.4211334, 41.8347472], [12.4211153, 41.8348179], [12.421059, 41.8350213], [12.4210526, 41.8350355], [12.4210368, 41.8350558], [12.4210203, 41.8350684], [12.421, 41.8350766], [12.4209743, 41.8350832], [12.4209508, 41.8350843], [12.4205929, 41.8350711]]}}, {"type": "Feature", "properties": {"id": "SS-ROM-14136", "nome": "Via del Tempio degli Arvali", "quartiere": "Municipio Roma XII", "classificazione": "rosso", "score": 4, "note": "strada secondaria trafficata (2 corsie)", "ciclabile": "no", "n_corsie": "2", "senso_unico": "no", "n_testimonianze": "0", "municipio": "XII"}, "geometry": {"type": "MultiLineString", "coordinates": [[[12.4365831, 41.8348185], [12.4365356, 41.8348217], [12.4361748, 41.8348461], [12.4358841, 41.8348537], [12.4357077, 41.8348569], [12.4356384, 41.8348576], [12.4355597, 41.8348557], [12.4355004, 41.8348519], [12.4354285, 41.8348438], [12.4353647, 41.834833], [12.4352857, 41.834817], [12.4352204, 41.8348008], [12.435119, 41.8347755], [12.4348694, 41.8347074], [12.4342344, 41.8345342], [12.4338163, 41.8344223], [12.4337436, 41.8344043], [12.4337013, 41.8343949], [12.4336501, 41.8343891], [12.4335953, 41.8343841], [12.4334814, 41.8343799], [12.4333993, 41.8343778], [12.4333161, 41.8343774], [12.4331312, 41.8343852], [12.4329475, 41.8343966], [12.432573, 41.8344253], [12.4320335, 41.8344614], [12.4316069, 41.8344898], [12.4314744, 41.8344998], [12.4313391, 41.8345085], [12.4312349, 41.8345176], [12.4311409, 41.8345244], [12.4311018, 41.834528], [12.4310513, 41.8345332]], [[12.4310513, 41.8345332], [12.4310404, 41.8345344], [12.4310266, 41.834536], [12.430997, 41.8345389]]]}}, {"type": "Feature", "properties": {"id": "SS-ROM-14138", "nome": "Via del Tempio di Dia", "quartiere": "Municipio Roma XII", "classificazione": "giallo", "score": 3, "note": "strada urbana senza ciclabile (1 corsie)", "ciclabile": "no", "n_corsie": "1", "senso_unico": "si", "n_testimonianze": "0", "municipio": "XII"}, "geometry": {"type": "LineString", "coordinates": [[12.4356546, 41.839626], [12.4356611, 41.8393155], [12.4356365, 41.8390848], [12.4356153, 41.839002], [12.4355806, 41.8389211], [12.4354634, 41.8387491], [12.4350601, 41.8382765], [12.4348701, 41.8380851], [12.4347874, 41.8379827], [12.4347454, 41.8378826], [12.4347389, 41.8378591], [12.4347347, 41.8378374], [12.434731, 41.8378017], [12.4347325, 41.8377777], [12.4347385, 41.837755], [12.4347519, 41.8377236], [12.4347627, 41.8377057], [12.4347771, 41.837693], [12.4347952, 41.837677], [12.4348157, 41.8376645], [12.4349418, 41.8376153], [12.4351944, 41.8374525], [12.4356809, 41.8371444], [12.435955, 41.8369667], [12.4359783, 41.8369503], [12.4359981, 41.8369339], [12.4363045, 41.8366037], [12.4363384, 41.8364582], [12.43642, 41.836126], [12.4364671, 41.8359], [12.4364934, 41.8358631], [12.4365197, 41.8358375], [12.4365456, 41.8358186], [12.436571, 41.835807], [12.4366003, 41.8358004], [12.43665, 41.835796], [12.4366907, 41.8357915]]}}, {"type": "Feature", "properties": {"id": "SS-ROM-14148", "nome": "Via del Trullo", "quartiere": "Municipio Roma XII", "classificazione": "rosso", "score": 4, "note": "strada secondaria trafficata (2 corsie)", "ciclabile": "no", "n_corsie": "2", "senso_unico": "si", "n_testimonianze": "0", "municipio": "XII"}, "geometry": {"type": "MultiLineString", "coordinates": [[[12.4365777, 41.8347529], [12.4365088, 41.834149], [12.4365058, 41.8340918]], [[12.4369904, 41.8416087], [12.4370033, 41.8416537], [12.4370108, 41.8416968], [12.4370177, 41.8417464], [12.4370193, 41.8417941], [12.437017, 41.8418794], [12.4370152, 41.8420406], [12.4369769, 41.8424277], [12.4369399, 41.8426821], [12.4368976, 41.8429175], [12.4368619, 41.8430411], [12.43683, 41.8431286], [12.4368033, 41.8432062], [12.4367285, 41.8433918], [12.436649, 41.8435774], [12.4365422, 41.8438296], [12.4365194, 41.8438827], [12.4363747, 41.8442487], [12.4363287, 41.8443721], [12.4362935, 41.8444624], [12.4362719, 41.8445357], [12.4362475, 41.8446155]], [[12.435273, 41.8520599], [12.4352471, 41.8520111], [12.4352391, 41.851991], [12.4352319, 41.8519637], [12.4352303, 41.8518648]], [[12.4352115, 41.8508678], [12.4353193, 41.8508658]], [[12.4366307, 41.8340852], [12.4366331, 41.8341793], [12.4366309, 41.8344063], [12.4366291, 41.8345168], [12.4366177, 41.8346118], [12.436605, 41.834688], [12.4365919, 41.8347252], [12.4365777, 41.8347529]], [[12.4353346, 41.8519218], [12.4353475, 41.8519953], [12.4353518, 41.8520065], [12.4353588, 41.8520177], [12.4353712, 41.8520335], [12.4353847, 41.8520469], [12.4353983, 41.8520573], [12.4354231, 41.8520724], [12.4355007, 41.8521247]], [[12.4353346, 41.8519218], [12.435273, 41.8520599]], [[12.4352303, 41.8518648], [12.4352333, 41.8515986], [12.4352284, 41.8514453], [12.4352209, 41.8512968], [12.4352193, 41.8510829], [12.4352115, 41.8508678], [12.4352067, 41.8503753], [12.4352052, 41.8503155], [12.435208, 41.8502642]], [[12.4352624, 41.8500602], [12.4352756, 41.8500118], [12.4352906, 41.8499595], [12.4353224, 41.8498759], [12.4353511, 41.8498031], [12.435394, 41.8497144], [12.4354936, 41.8495274], [12.4355654, 41.8494002], [12.4356024, 41.8493346], [12.4356567, 41.849236], [12.4357146, 41.8491101], [12.4357401, 41.8490538], [12.4357656, 41.8489885], [12.4357816, 41.8489371], [12.4357989, 41.8488782], [12.4358126, 41.8488307], [12.4358216, 41.8487862], [12.43583, 41.8487394], [12.4358372, 41.8486777], [12.4358444, 41.8486143], [12.435851, 41.8484962], [12.435851, 41.8483881], [12.4358416, 41.8481092], [12.4358261, 41.8476654], [12.4358222, 41.847562], [12.4358177, 41.8470897], [12.4358053, 41.8467255], [12.4358, 41.846364], [12.4358018, 41.8462925], [12.4358128, 41.8461958], [12.4358317, 41.8460989], [12.4359158, 41.8456904], [12.4359269, 41.8456237], [12.4360315, 41.845128], [12.4360515, 41.8450359], [12.4361377, 41.8446942], [12.4361629, 41.8446131]], [[12.4369904, 41.8416087], [12.4369992, 41.8415717], [12.4370165, 41.841503], [12.4370424, 41.8413777], [12.43707, 41.8412441], [12.4371302, 41.8408607], [12.4371425, 41.8407876], [12.4371463, 41.8407346], [12.4371663, 41.8404839], [12.4371697, 41.8404031], [12.4371703, 41.8403152], [12.4371609, 41.8401376], [12.4371525, 41.8400606], [12.4371404, 41.8399624], [12.4371304, 41.8398981], [12.4370963, 41.8396089], [12.4370347, 41.8391054], [12.4369965, 41.8386705], [12.436864, 41.8374017], [12.4367798, 41.8365665], [12.4366907, 41.8357915], [12.4366513, 41.835455], [12.4366317, 41.8352078], [12.4365831, 41.8348185]], [[12.4362475, 41.8446155], [12.4362269, 41.8446928], [12.4361335, 41.845045], [12.4361117, 41.8451462], [12.4360055, 41.8456386], [12.4359956, 41.8457004], [12.4359112, 41.846109], [12.4358955, 41.8462044], [12.4358842, 41.8463006], [12.4358827, 41.8463438], [12.4358828, 41.8464146], [12.4358914, 41.8466674], [12.4359043, 41.8475618], [12.4359098, 41.8476641], [12.4359159, 41.8480366], [12.435926, 41.8484015], [12.4359281, 41.848478], [12.4359278, 41.8485247], [12.4359274, 41.8485595], [12.4359243, 41.8486026], [12.4359191, 41.8486577], [12.4359077, 41.8487469], [12.4358995, 41.8487977], [12.4358884, 41.8488473], [12.4358776, 41.8488868], [12.4358645, 41.8489381], [12.43585, 41.8489879], [12.4358388, 41.8490218], [12.4358236, 41.8490623], [12.4357985, 41.8491251], [12.4357684, 41.8491903], [12.4357368, 41.8492553], [12.4356428, 41.8494225], [12.4355622, 41.8495657], [12.4354655, 41.8497498], [12.4354378, 41.8498066], [12.4354028, 41.8498883], [12.4353785, 41.849963], [12.435347, 41.8500727], [12.4353318, 41.8501351], [12.4353223, 41.8501994], [12.4353175, 41.8502453], [12.435314, 41.8502966], [12.4353103, 41.8503554], [12.4353111, 41.8504366], [12.4353193, 41.8508658], [12.435326, 41.8510713], [12.4353296, 41.8512967]], [[12.4361629, 41.8446131], [12.4361949, 41.8445247], [12.4364292, 41.8439156], [12.4364508, 41.8438658], [12.4366283, 41.8434443], [12.4367238, 41.8432115], [12.436743, 41.8431649], [12.4367592, 41.8431172], [12.4367832, 41.8430321], [12.4368067, 41.8429638], [12.4368216, 41.8428974], [12.4368648, 41.8426661], [12.4368834, 41.8425367], [12.4369034, 41.8424063], [12.4369177, 41.8422491], [12.4369266, 41.8420974], [12.4369283, 41.8420399], [12.4369306, 41.8418098], [12.4369351, 41.8417478], [12.4369451, 41.8416947], [12.4369584, 41.8416612], [12.4369904, 41.8416087]], [[12.4349323, 41.8504034], [12.4348993, 41.8504634], [12.4348722, 41.8505234], [12.4348491, 41.8505814], [12.4348325, 41.8506207], [12.4348229, 41.8506557], [12.4348175, 41.8506796], [12.4348151, 41.8507017], [12.4348153, 41.850722], [12.434817, 41.8507446], [12.4348233, 41.8507857], [12.4348529, 41.8509264], [12.4348953, 41.8510743], [12.434917, 41.8511522], [12.4349269, 41.8511938], [12.4349386, 41.8512513], [12.4349447, 41.8512913], [12.4349465, 41.8513211], [12.434947, 41.8513499], [12.4349467, 41.8513694], [12.4349437, 41.8513889], [12.4349385, 41.8514072], [12.4349305, 41.8514284], [12.434788, 41.8517679], [12.4347844, 41.8517765], [12.4347448, 41.8518741]], [[12.435051, 41.8502131], [12.4349323, 41.8504034]], [[12.435208, 41.8502642], [12.4352165, 41.8502193], [12.4352307, 41.850168], [12.4352624, 41.8500602]], [[12.435208, 41.8502642], [12.4351428, 41.8502426], [12.435051, 41.8502131]], [[12.4358128, 41.8461958], [12.4358955, 41.8462044]], [[12.4351453, 41.8500414], [12.4350883, 41.8501488], [12.435051, 41.8502131]], [[12.4353296, 41.8512967], [12.4353363, 41.8516076], [12.4353346, 41.8519218]], [[12.4366323, 41.8338281], [12.4366226, 41.8338814], [12.4366274, 41.8339535]], [[12.4365054, 41.8339594], [12.4364947, 41.8338839], [12.4364919, 41.8338296]], [[12.4365058, 41.8340918], [12.4365054, 41.8339594]], [[12.4366274, 41.8339535], [12.4366307, 41.8340852]], [[12.4365831, 41.8348185], [12.4365777, 41.8347529]]]}}, {"type": "Feature", "properties": {"id": "SS-ROM-14239", "nome": "Via dell'Imbrecciato", "quartiere": "Municipio Roma XII", "classificazione": "giallo", "score": 3, "note": "strada urbana senza ciclabile (1 corsie)", "ciclabile": "no", "n_corsie": "1", "senso_unico": "si", "n_testimonianze": "0", "municipio": "XII"}, "geometry": {"type": "MultiLineString", "coordinates": [[[12.4460767, 41.8518498], [12.4461445, 41.8519388], [12.446194, 41.8522736], [12.4462213, 41.8524562], [12.4462801, 41.8529858], [12.4462861, 41.8530216], [12.4463142, 41.8531769], [12.4463451, 41.8533122], [12.4464192, 41.8535839], [12.446442, 41.8536447], [12.446472, 41.853713], [12.4465973, 41.8539682], [12.4468023, 41.8543768], [12.4468196, 41.8544024], [12.4468407, 41.8544207], [12.4468645, 41.854433], [12.4468863, 41.8544442]], [[12.4493947, 41.8421048], [12.4494165, 41.8420518], [12.4494057, 41.8419885], [12.4493701, 41.8418734], [12.4493616, 41.8417542]], [[12.4493616, 41.8417542], [12.449437, 41.8416438], [12.4495101, 41.8415846], [12.4495741, 41.841544], [12.4504599, 41.8410455]], [[12.4513492, 41.8405485], [12.4506242, 41.8395649], [12.4500869, 41.8387748], [12.4500189, 41.8386364], [12.4498893, 41.8383951], [12.449887, 41.8383909], [12.449524, 41.837776]], [[12.4460767, 41.8518498], [12.4460655, 41.8517944], [12.4459581, 41.8513633], [12.4459356, 41.8512788], [12.4458283, 41.850876], [12.4457514, 41.8504203], [12.4457369, 41.8503234], [12.4457233, 41.8499809], [12.4457284, 41.8498226], [12.4457399, 41.849686], [12.4457545, 41.8496042], [12.4457691, 41.8495451], [12.445788, 41.8494817], [12.4458107, 41.8494042], [12.445824, 41.8493639], [12.445841, 41.8493252], [12.4458771, 41.8492626], [12.445922, 41.8491958], [12.4459655, 41.8491388], [12.4460758, 41.8490041], [12.4461285, 41.8489409]], [[12.447546, 41.8469461], [12.4476352, 41.8469384], [12.4477236, 41.8467664], [12.4479965, 41.8462566], [12.4480812, 41.8461501], [12.4482711, 41.8459113], [12.4484592, 41.8456875], [12.44852, 41.8455916], [12.4485428, 41.8455442], [12.448563, 41.8455021], [12.4485715, 41.8454318], [12.4485544, 41.8453103], [12.44852, 41.8451568], [12.4482389, 41.8441794], [12.448203, 41.8440427], [12.4482007, 41.8440339], [12.4481474, 41.8438318]], [[12.4471227, 41.8572586], [12.4471847, 41.8572313], [12.4472284, 41.8572107], [12.4472543, 41.8571939], [12.4472721, 41.8571811], [12.4473906, 41.8570646], [12.4474023, 41.8570008], [12.4473532, 41.8568375], [12.4473443, 41.8567811], [12.4473381, 41.8567326], [12.4473486, 41.8566556], [12.4473548, 41.8566082], [12.4473725, 41.8564234], [12.4473751, 41.8562848], [12.447365, 41.8561517], [12.4473281, 41.8558661]], [[12.4513492, 41.8405485], [12.4521346, 41.8401273], [12.4523802, 41.8399958]], [[12.4473281, 41.8558661], [12.4472909, 41.8558626], [12.4472836, 41.8558139], [12.4473307, 41.8557936], [12.4473319, 41.8557619]], [[12.4461285, 41.8489409], [12.4461828, 41.8488708], [12.4463762, 41.8486197], [12.4465673, 41.8483781], [12.446974, 41.8478578], [12.4471503, 41.8476276], [12.4471866, 41.8475741], [12.4474527, 41.8471643], [12.4474839, 41.8471059], [12.4475039, 41.8470587], [12.4475205, 41.8470175], [12.447546, 41.8469461]], [[12.4465673, 41.8483781], [12.4465217, 41.8483022], [12.4469151, 41.8477845], [12.4470093, 41.8476527], [12.4474379, 41.8469968], [12.4474776, 41.8469346]], [[12.4523802, 41.8399958], [12.4531835, 41.8395574], [12.4532526, 41.8395197]], [[12.4468863, 41.8544442], [12.447196, 41.8545027], [12.4472051, 41.8545046], [12.4472429, 41.854511], [12.4473367, 41.854528]], [[12.4491272, 41.8424017], [12.4493947, 41.8421048]]]}}, {"type": "Feature", "properties": {"id": "SS-ROM-14258", "nome": "Via dell'Oratorio Damasiano", "quartiere": "Municipio Roma XII", "classificazione": "giallo", "score": 3, "note": "strada urbana senza ciclabile (2 corsie)", "ciclabile": "no", "n_corsie": "2", "senso_unico": "no", "n_testimonianze": "0", "municipio": "XII"}, "geometry": {"type": "LineString", "coordinates": [[12.4287459, 41.83597], [12.428665, 41.8361446], [12.4285338, 41.8364511], [12.4284843, 41.8365611], [12.4283675, 41.8368096], [12.4281939, 41.8372237], [12.4281834, 41.8372464]]}}, {"type": "Feature", "properties": {"id": "SS-ROM-14291", "nome": "Via della Casetta Mattei", "quartiere": "Municipio Roma XII", "classificazione": "rosso", "score": 4, "note": "strada secondaria trafficata (2 corsie)", "ciclabile": "no", "n_corsie": "2", "senso_unico": "no", "n_testimonianze": "0", "municipio": "XII"}, "geometry": {"type": "MultiLineString", "coordinates": [[[12.4234554, 41.8507367], [12.4234172, 41.8508151], [12.4233372, 41.8509785], [12.42331, 41.8510287], [12.4232898, 41.8510629], [12.4232678, 41.8510966], [12.4232509, 41.8511199], [12.4232288, 41.8511486], [12.4231951, 41.8511874], [12.4231539, 41.8512303], [12.4229658, 41.8514063], [12.4227582, 41.8516022], [12.4226144, 41.8517367], [12.4225355, 41.8518087], [12.4223975, 41.8519291], [12.4220505, 41.8522423], [12.4219262, 41.8523643], [12.4215782, 41.852695], [12.42115, 41.8531313], [12.4209455, 41.8533533], [12.4208799, 41.8534252], [12.4208037, 41.8535123], [12.4205994, 41.8537536], [12.4204395, 41.8539452], [12.4203621, 41.8540502], [12.4202847, 41.8541627], [12.4201939, 41.854323], [12.4201456, 41.854418], [12.4201053, 41.8545075], [12.420039, 41.8546632], [12.4200073, 41.8547445], [12.4199811, 41.8548195], [12.4199686, 41.8548607], [12.4199575, 41.8548971], [12.4199477, 41.8549375], [12.4199418, 41.8549659], [12.4199386, 41.8549993], [12.4199374, 41.8550324], [12.4199375, 41.8550695], [12.4199399, 41.8551125], [12.4199477, 41.855173], [12.4199595, 41.8552303], [12.4199743, 41.8552944], [12.4199893, 41.8553428], [12.4200336, 41.8554738], [12.4200899, 41.8556646], [12.4201002, 41.855707], [12.4201104, 41.8557539], [12.4201175, 41.8558046], [12.4201231, 41.8558587], [12.4201221, 41.8560541], [12.4201149, 41.8562638], [12.4200773, 41.8566185], [12.4200457, 41.8567766], [12.4200244, 41.8568478]], [[12.4200244, 41.8568478], [12.4199979, 41.8569397]], [[12.4199979, 41.8569397], [12.4199293, 41.8571065], [12.4196193, 41.8578082], [12.4195713, 41.8579306], [12.4195483, 41.8579971], [12.4195252, 41.8580715], [12.4195002, 41.858185], [12.4194271, 41.8585599], [12.4193927, 41.8587605], [12.4193738, 41.8588711], [12.4193398, 41.8591603], [12.4193333, 41.859247], [12.4193321, 41.8593219], [12.419335, 41.8594625], [12.4193488, 41.8596147], [12.4193644, 41.8597418], [12.4193975, 41.8599471], [12.4194325, 41.8601313], [12.4194763, 41.8603275], [12.4194905, 41.8603758], [12.4195082, 41.8604267], [12.4195381, 41.8605124], [12.4195734, 41.8605994], [12.4196113, 41.8606858], [12.4196492, 41.8607656], [12.4198541, 41.8611663], [12.4200508, 41.8614756], [12.420316, 41.8618289], [12.4206949, 41.8623239]], [[12.4212104, 41.8630024], [12.4215163, 41.8633919], [12.4218541, 41.8637836], [12.422056, 41.8640098], [12.4221725, 41.8641452], [12.4221994, 41.8641767], [12.4222269, 41.8642072], [12.4224987, 41.8645118], [12.4225381, 41.8645583], [12.4225729, 41.8645993], [12.4227665, 41.8648174], [12.4228808, 41.8649459], [12.4229209, 41.864991], [12.4232582, 41.8653703], [12.42341, 41.8655391]], [[12.4206949, 41.8623239], [12.4207321, 41.862373], [12.4210202, 41.8627536], [12.4212104, 41.8630024]]]}}, {"type": "Feature", "properties": {"id": "SS-ROM-14316", "nome": "Via della Consolata", "quartiere": "Municipio Roma XII", "classificazione": "rosso", "score": 4, "note": "strada secondaria trafficata (2 corsie)", "ciclabile": "no", "n_corsie": "2", "senso_unico": "no", "n_testimonianze": "0", "municipio": "XII"}, "geometry": {"type": "MultiLineString", "coordinates": [[[12.4261793, 41.8769448], [12.4260729, 41.8769264], [12.4259549, 41.8769098], [12.4257891, 41.8768949]], [[12.4257891, 41.8768949], [12.4256363, 41.8768895], [12.4249855, 41.8768707], [12.424311, 41.8768449], [12.4241729, 41.8768402]], [[12.4241729, 41.8768402], [12.4232029, 41.876801], [12.4230702, 41.8767958], [12.422699, 41.8767804], [12.4226304, 41.8767752], [12.4225618, 41.8767701], [12.4224245, 41.8767574], [12.4221204, 41.8767181], [12.422057, 41.8767095], [12.4219983, 41.8767031], [12.4219282, 41.8766995], [12.4218797, 41.8767008], [12.4218183, 41.8767024], [12.4217793, 41.8767053], [12.421728, 41.8767142], [12.4216881, 41.8767226], [12.421647, 41.8767333], [12.4216029, 41.8767494], [12.4215558, 41.8767708], [12.4215107, 41.8767951], [12.4214764, 41.8768176], [12.4214443, 41.8768402], [12.4214158, 41.8768643], [12.4213896, 41.8768895], [12.4213657, 41.8769164], [12.4213378, 41.8769511], [12.4211955, 41.8771609], [12.4207188, 41.8779196], [12.4206825, 41.8779583], [12.4206471, 41.8779908], [12.4206056, 41.8780233], [12.4205364, 41.8780624], [12.4204633, 41.8780993], [12.4203922, 41.8781244], [12.4203222, 41.8781392], [12.4202522, 41.8781495], [12.4201594, 41.8781535], [12.4200691, 41.8781514], [12.419992, 41.8781396], [12.4199444, 41.8781286], [12.419887, 41.8781137], [12.4198389, 41.878096], [12.4197902, 41.8780759], [12.4197287, 41.8780427], [12.4196606, 41.8779952], [12.4195303, 41.8778932], [12.4192896, 41.8776862], [12.4192222, 41.8776258], [12.4186738, 41.8770485], [12.4184756, 41.8768361], [12.418371, 41.8767246], [12.4176594, 41.8759661], [12.4174795, 41.8757682], [12.4174337, 41.8757153]]]}}, {"type": "Feature", "properties": {"id": "SS-ROM-14332", "nome": "Via della Fanella", "quartiere": "Municipio Roma XII", "classificazione": "giallo", "score": 3, "note": "strada urbana senza ciclabile", "ciclabile": "no", "n_corsie": "2", "senso_unico": "no", "n_testimonianze": "0", "municipio": "XII"}, "geometry": {"type": "LineString", "coordinates": [[12.432801, 41.8517015], [12.4327885, 41.8518008], [12.4327088, 41.852377], [12.4327054, 41.8524114], [12.4326941, 41.8526916], [12.4326029, 41.8535278], [12.4323865, 41.8541153]]}}, {"type": "Feature", "properties": {"id": "SS-ROM-14364", "nome": "Via della Gherardesca", "quartiere": "Municipio Roma XII", "classificazione": "giallo", "score": 3, "note": "strada urbana senza ciclabile", "ciclabile": "no", "n_corsie": "2", "senso_unico": "no", "n_testimonianze": "0", "municipio": "XII"}, "geometry": {"type": "LineString", "coordinates": [[12.4183585, 41.8546697], [12.4186011, 41.8544795], [12.4197791, 41.8550248], [12.4198033, 41.8550332], [12.419832, 41.8550425], [12.4198668, 41.8550526], [12.4199375, 41.8550695]]}}, {"type": "Feature", "properties": {"id": "SS-ROM-14405", "nome": "Via della Massimilla", "quartiere": "Municipio Roma XII", "classificazione": "giallo", "score": 3, "note": "strada urbana senza ciclabile (1 corsie)", "ciclabile": "no", "n_corsie": "1", "senso_unico": "si", "n_testimonianze": "0", "municipio": "XII"}, "geometry": {"type": "MultiLineString", "coordinates": [[[12.3503461, 41.8812165], [12.3502048, 41.8803113], [12.3501574, 41.8798469]], [[12.3494747, 41.8777957], [12.3494081, 41.8773624], [12.3493617, 41.8769886], [12.3492532, 41.8767061], [12.3490466, 41.8763608], [12.3487804, 41.8759005], [12.3483908, 41.8752388], [12.3480204, 41.8746372]], [[12.3501574, 41.8798469], [12.3501195, 41.8796155]], [[12.3501195, 41.8796155], [12.350086, 41.8794374], [12.3500535, 41.8793972], [12.3499965, 41.8793642], [12.3499139, 41.8793312], [12.3498382, 41.8792808], [12.3497812, 41.8792144], [12.349715, 41.8790523], [12.3495062, 41.8780875]], [[12.3495062, 41.8780875], [12.3494747, 41.8777957]]]}}, {"type": "Feature", "properties": {"id": "SS-ROM-14464", "nome": "Via della Serenella", "quartiere": "Municipio Roma XII", "classificazione": "giallo", "score": 3, "note": "strada urbana senza ciclabile", "ciclabile": "no", "n_corsie": "2", "senso_unico": "no", "n_testimonianze": "0", "municipio": "XII"}, "geometry": {"type": "LineString", "coordinates": [[12.4352201, 41.8578027], [12.4351686, 41.8578031], [12.4343567, 41.8578099], [12.4342967, 41.8578133], [12.4342339, 41.8578227], [12.43419, 41.8578312], [12.4341487, 41.8578436], [12.4341047, 41.8578635], [12.4340661, 41.8578933], [12.4340382, 41.8579272], [12.4340211, 41.857967], [12.4339863, 41.8582073], [12.4339548, 41.8583225], [12.4338942, 41.8584399], [12.4338175, 41.8585533], [12.4336372, 41.8587881], [12.4332997, 41.8591613], [12.4331716, 41.859275], [12.4331042, 41.8593267], [12.4330233, 41.8593784], [12.4328816, 41.8594557], [12.432396, 41.8597], [12.4322205, 41.8598013], [12.4319337, 41.8600357]]}}, {"type": "Feature", "properties": {"id": "SS-ROM-14503", "nome": "Via della Tenuta La Pisana", "quartiere": "Municipio Roma XII", "classificazione": "giallo", "score": 3, "note": "strada urbana senza ciclabile", "ciclabile": "no", "n_corsie": "2", "senso_unico": "no", "n_testimonianze": "0", "municipio": "XII"}, "geometry": {"type": "LineString", "coordinates": [[12.3675105, 41.8496931], [12.3675871, 41.8493458], [12.3676573, 41.849055], [12.3678164, 41.8483496], [12.3678626, 41.8482022], [12.3679588, 41.8478812], [12.3679867, 41.8478095], [12.3680254, 41.8477338], [12.3680661, 41.8476677], [12.3681067, 41.8476135], [12.3681688, 41.8475391], [12.3683509, 41.8473563], [12.3686967, 41.8470518], [12.3688586, 41.8469091], [12.3689132, 41.8468542], [12.3689575, 41.8468018], [12.3689909, 41.8467493], [12.3690093, 41.8466998], [12.3690168, 41.8466583], [12.3690166, 41.8466048], [12.3690111, 41.8465572], [12.3689852, 41.8464635], [12.368976, 41.846418], [12.3689694, 41.8463726], [12.3689751, 41.8463278], [12.3689834, 41.846283], [12.3690028, 41.8462376], [12.3690276, 41.8461981], [12.3690619, 41.8461529], [12.3691017, 41.8461136], [12.3692423, 41.845991], [12.3696476, 41.8456833], [12.3697272, 41.8456249], [12.3698018, 41.8455735], [12.3698656, 41.8455311], [12.3699183, 41.8454976], [12.3703356, 41.8452385], [12.3704379, 41.8451787], [12.3705107, 41.845139], [12.3707552, 41.8450169], [12.3709466, 41.8449302], [12.3710209, 41.8448969], [12.3710934, 41.8448667], [12.3711579, 41.8448405], [12.3712813, 41.8447964], [12.3714154, 41.8447524], [12.3716225, 41.8446917], [12.3717483, 41.8446587], [12.3718139, 41.8446441], [12.3718714, 41.8446316], [12.3719221, 41.844623], [12.3720109, 41.8446091], [12.3720775, 41.8446008], [12.3721495, 41.8445945], [12.3722291, 41.8445905], [12.3723142, 41.8445884], [12.3723975, 41.8445877], [12.3724753, 41.844591], [12.372563, 41.8445981], [12.3726453, 41.8446091], [12.372817, 41.8446328], [12.3728476, 41.844637], [12.3728718, 41.8446415], [12.3729028, 41.8446476], [12.3729486, 41.8446532], [12.3729817, 41.8446553], [12.3730061, 41.8446563], [12.3730281, 41.8446553], [12.3730504, 41.8446538], [12.3730733, 41.8446504], [12.373101, 41.8446435], [12.3731238, 41.8446368], [12.3731492, 41.8446262], [12.3731853, 41.8446049], [12.3733758, 41.8444617]]}}, {"type": "Feature", "properties": {"id": "SS-ROM-14513", "nome": "Via della Tenuta di Santa Cecilia", "quartiere": "Municipio Roma XII", "classificazione": "giallo", "score": 3, "note": "strada urbana senza ciclabile", "ciclabile": "no", "n_corsie": "2", "senso_unico": "no", "n_testimonianze": "0", "municipio": "XII"}, "geometry": {"type": "LineString", "coordinates": [[12.3423649, 41.8517041], [12.3427702, 41.8509421], [12.3429278, 41.8507031], [12.3430596, 41.85049], [12.3431125, 41.8504075], [12.3431627, 41.850333], [12.3432163, 41.8502686], [12.3432673, 41.8502123], [12.3433691, 41.8501056], [12.3435494, 41.849873], [12.3436347, 41.8497559], [12.3436705, 41.8497014], [12.3437009, 41.8496509], [12.3437302, 41.8495993], [12.3437541, 41.8495517], [12.3438011, 41.8494322], [12.3438549, 41.84922], [12.3438689, 41.8491444], [12.3438776, 41.8490649], [12.3438856, 41.8489791], [12.3438882, 41.8488894], [12.3438827, 41.8487119], [12.3438716, 41.8483681], [12.3438605, 41.8479466], [12.343879, 41.8477251], [12.3438835, 41.8477023], [12.3438894, 41.8476814], [12.343901, 41.8476559], [12.343914, 41.8476324], [12.3439343, 41.8476083], [12.3439532, 41.8475883], [12.343976, 41.847567], [12.3440125, 41.8475375], [12.3440498, 41.8475111], [12.344073, 41.8474966], [12.344097, 41.8474824], [12.344125, 41.8474673], [12.3443167, 41.8473686], [12.3446182, 41.8472002], [12.3453979, 41.8467945]]}}, {"type": "Feature", "properties": {"id": "SS-ROM-14525", "nome": "Via della Trasfigurazione", "quartiere": "Municipio Roma XII", "classificazione": "giallo", "score": 3, "note": "strada urbana senza ciclabile (1 corsie)", "ciclabile": "no", "n_corsie": "1", "senso_unico": "si", "n_testimonianze": "0", "municipio": "XII"}, "geometry": {"type": "LineString", "coordinates": [[12.4461236, 41.871368], [12.4458577, 41.8713401], [12.4457417, 41.8713262], [12.4456317, 41.871307], [12.4455053, 41.8712732], [12.4452538, 41.8711884], [12.4451814, 41.8711608]]}}, {"type": "Feature", "properties": {"id": "SS-ROM-14538", "nome": "Via della Vignaccia", "quartiere": "Municipio Roma XII", "classificazione": "giallo", "score": 3, "note": "strada urbana senza ciclabile (2 corsie)", "ciclabile": "no", "n_corsie": "2", "senso_unico": "no", "n_testimonianze": "0", "municipio": "XII"}, "geometry": {"type": "MultiLineString", "coordinates": [[[12.389705, 41.8664536], [12.3900811, 41.8667881], [12.3905079, 41.8671947], [12.3906949, 41.8673723], [12.3908702, 41.8675498], [12.3909527, 41.8676355], [12.3910234, 41.8677116], [12.3911697, 41.8678863], [12.3913663, 41.8681705], [12.3915466, 41.8684424], [12.3919903, 41.8691818], [12.3920191, 41.8692444], [12.3920457, 41.8693076], [12.3920676, 41.8693707], [12.3920862, 41.869453], [12.392109, 41.8695649], [12.3921497, 41.8697867], [12.3922951, 41.8706746], [12.39235, 41.8709498], [12.3923722, 41.8710367], [12.3923991, 41.8711114], [12.3924318, 41.8711947], [12.392458, 41.8712481], [12.3924842, 41.8713032], [12.3925541, 41.8714335], [12.3926404, 41.8715776], [12.3926993, 41.8716623], [12.3927488, 41.871727], [12.3928197, 41.8718004], [12.3928822, 41.8718595], [12.3929719, 41.8719365], [12.393078, 41.8720195], [12.3931616, 41.8720773], [12.3932489, 41.8721327], [12.3933245, 41.8721777]], [[12.3933245, 41.8721777], [12.3935466, 41.8722312], [12.3936931, 41.8722613]], [[12.3941851, 41.872217], [12.3952384, 41.8719962], [12.3964376, 41.8717562], [12.3965139, 41.8717523], [12.3965533, 41.8717537], [12.3965881, 41.8717568], [12.3966679, 41.8717688], [12.3967376, 41.8717845], [12.3968159, 41.8718088], [12.3969339, 41.8718504], [12.3971563, 41.8719377], [12.3973286, 41.8720084], [12.3973957, 41.8720341], [12.3974699, 41.8720598], [12.3975457, 41.8720817], [12.3976204, 41.8720939], [12.3976557, 41.8720962], [12.397698, 41.872095], [12.3977385, 41.8720929], [12.3977719, 41.872089], [12.3978187, 41.8720808], [12.3978561, 41.8720726], [12.3979119, 41.8720549], [12.3983251, 41.871903], [12.3987316, 41.8717482], [12.3988379, 41.8717186], [12.3989032, 41.8717067], [12.3989569, 41.8717007], [12.3989966, 41.8717], [12.3990383, 41.8717036], [12.3990881, 41.8717106], [12.3991347, 41.8717205], [12.3991709, 41.8717303], [12.399222, 41.8717488], [12.3998242, 41.8720567], [12.4002614, 41.8722698]], [[12.3936931, 41.8722613], [12.3938249, 41.8722576], [12.3939309, 41.872247], [12.3941851, 41.872217]], [[12.402437, 41.8744343], [12.40258, 41.8746527], [12.4027372, 41.8748898], [12.4027853, 41.8749586], [12.402838, 41.8750266], [12.4028861, 41.8750858], [12.4029248, 41.8751329], [12.4029662, 41.875179], [12.4030129, 41.875222], [12.4030807, 41.875274], [12.4031355, 41.8753066], [12.4031898, 41.8753364], [12.4032512, 41.8753635], [12.4033173, 41.8753829], [12.4033835, 41.8754023], [12.4034443, 41.8754181], [12.4035158, 41.8754331], [12.403601, 41.8754482], [12.4036958, 41.8754618], [12.4038238, 41.8754743], [12.4039605, 41.8754817], [12.4041244, 41.8754898], [12.4042935, 41.8754854], [12.4044259, 41.87548], [12.4045489, 41.8754691], [12.4046791, 41.8754536], [12.4047937, 41.8754356], [12.4049003, 41.8754149], [12.4049952, 41.8753977], [12.4050901, 41.8753797], [12.4051836, 41.8753606], [12.4052702, 41.8753413], [12.4053211, 41.8753286], [12.4053668, 41.8753158], [12.4054182, 41.8752981], [12.4054705, 41.8752797], [12.4055433, 41.8752466], [12.4056044, 41.8752155], [12.4056898, 41.8751642], [12.4057369, 41.8751319], [12.4057805, 41.8751023], [12.4058223, 41.8750709], [12.4060516, 41.8748804], [12.4062819, 41.8746926]], [[12.4002614, 41.8722698], [12.40045, 41.8723643], [12.4006035, 41.8724405], [12.4009106, 41.8725899], [12.4012095, 41.8727444], [12.4013042, 41.8727915], [12.4013889, 41.872842], [12.4014418, 41.8728785], [12.4014806, 41.8729072], [12.4015227, 41.872942], [12.4015753, 41.8729911], [12.4016279, 41.8730454], [12.4016994, 41.8731258], [12.4017339, 41.8731695], [12.4017685, 41.8732167], [12.4018187, 41.8732943], [12.4018771, 41.8733927], [12.4019057, 41.8734432], [12.4019617, 41.873549], [12.4022937, 41.8741795], [12.402437, 41.8744343]], [[12.4065155, 41.8746028], [12.4062819, 41.8746926]], [[12.4062819, 41.8746926], [12.4063093, 41.874663], [12.4063331, 41.8746406], [12.4063534, 41.874623], [12.4063711, 41.87461], [12.4064179, 41.8745816], [12.4064423, 41.8745684], [12.4064748, 41.8745525], [12.4065037, 41.8745399]]]}}, {"type": "Feature", "properties": {"id": "SS-ROM-14596", "nome": "Via delle Catacombe di Generosa", "quartiere": "Municipio Roma XII", "classificazione": "giallo", "score": 3, "note": "strada urbana senza ciclabile", "ciclabile": "no", "n_corsie": "2", "senso_unico": "no", "n_testimonianze": "0", "municipio": "XII"}, "geometry": {"type": "LineString", "coordinates": [[12.4292919, 41.8353242], [12.4292764, 41.8353328], [12.4292657, 41.8353453], [12.4292632, 41.8353641], [12.4292695, 41.8353793], [12.4292899, 41.835392], [12.4293164, 41.8354054], [12.429348, 41.8354147], [12.4298122, 41.8354383], [12.4299181, 41.8354502], [12.4300269, 41.83547], [12.4303845, 41.8355535], [12.4305943, 41.835603], [12.4307539, 41.8356433], [12.4309164, 41.8356802], [12.4312414, 41.8357551], [12.4314437, 41.8357998], [12.4315764, 41.8358221], [12.4316243, 41.835825], [12.4316739, 41.8358239], [12.4317293, 41.8358198], [12.4317776, 41.8358171], [12.431854, 41.83581], [12.4319446, 41.835801], [12.432017, 41.8357911], [12.4321374, 41.835769], [12.432191, 41.835756], [12.432241, 41.8357416], [12.4322868, 41.8357258], [12.4323285, 41.8357078], [12.432909, 41.8353869], [12.4330547, 41.8352919], [12.4331606, 41.8352228], [12.4332126, 41.8351939], [12.4332833, 41.8351576], [12.4333235, 41.8351401], [12.4333673, 41.8351258], [12.4333958, 41.8351228], [12.4334189, 41.8351237], [12.4334795, 41.8351342]]}}, {"type": "Feature", "properties": {"id": "SS-ROM-14599", "nome": "Via delle Cave del Trullo", "quartiere": "Municipio Roma XII", "classificazione": "giallo", "score": 3, "note": "strada urbana senza ciclabile", "ciclabile": "no", "n_corsie": "2", "senso_unico": "no", "n_testimonianze": "0", "municipio": "XII"}, "geometry": {"type": "LineString", "coordinates": [[12.4298927, 41.8449816], [12.4298978, 41.8449457], [12.4299042, 41.8449128], [12.4299124, 41.8448782], [12.429924, 41.8448455], [12.4299451, 41.8447861], [12.4299717, 41.8447178], [12.4299911, 41.8446843], [12.4300132, 41.8446569], [12.430046, 41.8446254], [12.4300815, 41.8445999], [12.4301294, 41.8445744], [12.4301773, 41.8445538], [12.4302251, 41.8445363], [12.4302757, 41.8445217], [12.4303488, 41.8445067], [12.4304245, 41.8444956], [12.4310632, 41.8444435], [12.4314658, 41.8444133], [12.4315635, 41.8443667], [12.4315238, 41.8441521], [12.4314788, 41.8439414], [12.4314535, 41.8439014], [12.4314368, 41.8438834], [12.4314149, 41.8438731], [12.4313766, 41.8438612], [12.4313158, 41.8438482], [12.4311102, 41.84381], [12.4305588, 41.8437192]]}}, {"type": "Feature", "properties": {"id": "SS-ROM-14647", "nome": "Via delle Idrovore della Magliana", "quartiere": "Municipio Roma XII", "classificazione": "giallo", "score": 3, "note": "strada urbana senza ciclabile", "ciclabile": "no", "n_corsie": "2", "senso_unico": "no", "n_testimonianze": "0", "municipio": "XII"}, "geometry": {"type": "MultiLineString", "coordinates": [[[12.4336021, 41.8292891], [12.4327274, 41.8303644], [12.4324757, 41.8306413], [12.4316847, 41.8315118]], [[12.4316847, 41.8315118], [12.4307513, 41.8325597], [12.4307375, 41.8325836], [12.4307285, 41.832609], [12.4307343, 41.8326327], [12.4307499, 41.8326605], [12.4307797, 41.8326835], [12.4307977, 41.8326947], [12.4308329, 41.8326966], [12.4308715, 41.8326892], [12.4325256, 41.8320083], [12.4332216, 41.8317404], [12.4334515, 41.8316631], [12.4343718, 41.831412], [12.4349883, 41.8312896], [12.435359, 41.8312258], [12.4357195, 41.8311856], [12.4363041, 41.8311098], [12.4365315, 41.8310803], [12.4366927, 41.8310694], [12.4368819, 41.8310637], [12.4374688, 41.8310488], [12.4378885, 41.8310577], [12.4382989, 41.8310735], [12.4388102, 41.831105], [12.4390234, 41.8311236], [12.439267, 41.8311526], [12.439482, 41.8311804], [12.4396455, 41.8312082], [12.4397997, 41.831236], [12.4399613, 41.831271], [12.4406102, 41.8314125], [12.4416974, 41.8316582], [12.4428887, 41.8319326], [12.4434075, 41.8320516], [12.4441673, 41.8322301], [12.4443636, 41.8322754], [12.4445505, 41.8323208], [12.4447667, 41.8323818], [12.4449524, 41.8324376], [12.4451718, 41.8325099], [12.4453259, 41.8325626], [12.4454706, 41.8326135], [12.4455887, 41.8326564], [12.4457069, 41.8327044], [12.4459223, 41.8327918], [12.4460838, 41.8328545], [12.4462939, 41.832959], [12.4466069, 41.8331216], [12.4468946, 41.8333166], [12.4472358, 41.8335572], [12.4476839, 41.833906], [12.4479889, 41.8341376], [12.4481111, 41.8342424], [12.448224, 41.8343438], [12.4482271, 41.834347], [12.4484203, 41.834552], [12.4485885, 41.8347602], [12.4486668, 41.8348485], [12.4487184, 41.8349154], [12.4487322, 41.8349374], [12.4487425, 41.8349593], [12.448751, 41.8349865], [12.4487468, 41.835013], [12.4487391, 41.8350395], [12.4487186, 41.8350748], [12.4486787, 41.8351166]]]}}, {"type": "Feature", "properties": {"id": "SS-ROM-14665", "nome": "Via delle Moratelle", "quartiere": "Municipio Roma XII", "classificazione": "giallo", "score": 3, "note": "strada urbana senza ciclabile", "ciclabile": "no", "n_corsie": "2", "senso_unico": "no", "n_testimonianze": "0", "municipio": "XII"}, "geometry": {"type": "LineString", "coordinates": [[12.339921, 41.8321847], [12.3408722, 41.8324142], [12.3419576, 41.8326618], [12.3423909, 41.8327607], [12.34265, 41.8328103], [12.3427179, 41.8328203], [12.3427965, 41.8328283], [12.3428613, 41.8328315], [12.3429368, 41.8328328], [12.3430177, 41.832832], [12.3430575, 41.8328301], [12.3430986, 41.8328282], [12.3431246, 41.8328255], [12.343152, 41.8328228], [12.34327, 41.8328042], [12.3433271, 41.8327962], [12.3433774, 41.832791], [12.3434236, 41.8327887], [12.3434681, 41.8327881], [12.3435086, 41.8327895], [12.3435735, 41.8327948], [12.3436006, 41.832798], [12.3436317, 41.8328021], [12.3436566, 41.8328071], [12.3436793, 41.8328118], [12.3437504, 41.8328322], [12.3438162, 41.8328536], [12.3438797, 41.832878], [12.3439418, 41.832905], [12.3440065, 41.8329341], [12.3440654, 41.8329657], [12.3442397, 41.8330608], [12.3444697, 41.8331833], [12.3445575, 41.8332373], [12.3446427, 41.8332934], [12.3447207, 41.8333457], [12.344796, 41.8334001], [12.3448343, 41.8334313], [12.344874, 41.8334654], [12.3449137, 41.8335056], [12.3449547, 41.8335528], [12.3449868, 41.833597], [12.3450189, 41.8336453], [12.3451819, 41.8339274], [12.34536, 41.8342698], [12.3454533, 41.8344495], [12.3458197, 41.8352183], [12.3461271, 41.8359338], [12.3461642, 41.8360723], [12.3461986, 41.8362027], [12.3462134, 41.8363003], [12.3462255, 41.8363899], [12.3462357, 41.8364658], [12.3462351, 41.8366392], [12.3462287, 41.8368146], [12.346158, 41.8371375], [12.3460133, 41.8377519]]}}, {"type": "Feature", "properties": {"id": "SS-ROM-14726", "nome": "Via delle Vigne", "quartiere": "Municipio Roma XII", "classificazione": "giallo", "score": 3, "note": "strada urbana senza ciclabile (2 corsie)", "ciclabile": "no", "n_corsie": "2", "senso_unico": "no", "n_testimonianze": "0", "municipio": "XII"}, "geometry": {"type": "MultiLineString", "coordinates": [[[12.4219757, 41.8327168], [12.4219312, 41.8327221], [12.4218986, 41.8327235], [12.4218649, 41.8327189], [12.421823, 41.8326976], [12.4214034, 41.8325286], [12.4213472, 41.8325082], [12.4212961, 41.8324947], [12.4212623, 41.8324902], [12.4212285, 41.8324877], [12.4211987, 41.8324888], [12.4211689, 41.832492], [12.4211385, 41.8324966], [12.4211067, 41.8325052], [12.4210825, 41.8325168], [12.4210647, 41.8325302], [12.4210446, 41.8325541], [12.4210271, 41.8325809], [12.4210125, 41.8326119], [12.4209854, 41.8326896], [12.4209339, 41.8328461], [12.4208902, 41.8329636], [12.4208781, 41.8330048], [12.4208696, 41.8330484], [12.4208624, 41.833097], [12.4208596, 41.8331267], [12.4208589, 41.8331569], [12.420861, 41.8331836], [12.4208661, 41.8332116], [12.4208728, 41.8332365], [12.4209067, 41.8333289], [12.4209288, 41.8333973], [12.420955, 41.8334656], [12.4209829, 41.8335299], [12.4210264, 41.8336084], [12.4210698, 41.8336793], [12.4210931, 41.8337121], [12.4211206, 41.8337478], [12.4211455, 41.8337796], [12.4212, 41.8338379], [12.421222, 41.8338631], [12.4212452, 41.8338905], [12.421257, 41.8339056], [12.421269, 41.8339222], [12.4212892, 41.8339636], [12.4212997, 41.8340015]], [[12.7159591, 41.7175546], [12.7159774, 41.7175486], [12.7160066, 41.7175381], [12.7160339, 41.7175255], [12.7160601, 41.7175084], [12.7160844, 41.7174891], [12.7161465, 41.7174339], [12.7161745, 41.7174102], [12.7162007, 41.7173897], [12.7162247, 41.717372], [12.7162438, 41.7173587], [12.7162761, 41.71734], [12.7163035, 41.7173257], [12.7163339, 41.7173109], [12.7163644, 41.7172974], [12.7164127, 41.7172782], [12.7164718, 41.7172561], [12.716518, 41.7172407], [12.7165778, 41.7172215], [12.7166322, 41.7172057], [12.7166798, 41.7171938], [12.7167341, 41.7171793], [12.7167754, 41.7171685], [12.7168311, 41.7171522], [12.716874, 41.7171396], [12.7169636, 41.7171113], [12.7169989, 41.7170992], [12.7170262, 41.7170885], [12.7170548, 41.7170747], [12.7170759, 41.7170622], [12.7171047, 41.7170387], [12.7171278, 41.7170145], [12.7171645, 41.7169693], [12.7171886, 41.7169363], [12.7172097, 41.7169033], [12.7172327, 41.7168576], [12.717243, 41.7168339], [12.7172537, 41.7168119], [12.717265, 41.7167915], [12.7172753, 41.7167749], [12.7172931, 41.7167524], [12.71731, 41.7167336], [12.717325, 41.7167184], [12.7175036, 41.7165593], [12.7175197, 41.716541], [12.7175334, 41.7165212], [12.7175445, 41.7165031], [12.7175525, 41.7164863], [12.7175584, 41.7164681], [12.7175616, 41.7164497], [12.7175635, 41.7164332], [12.7175672, 41.7162692], [12.7175654, 41.7162382], [12.7175619, 41.7162132], [12.7175545, 41.7161889], [12.7175417, 41.7161671], [12.717525, 41.7161461], [12.7175048, 41.7161253], [12.7174836, 41.7161046], [12.7174566, 41.7160842], [12.7174286, 41.7160637], [12.717058, 41.7158115], [12.7170212, 41.7157825], [12.7169893, 41.7157534], [12.7169558, 41.7157202], [12.7169333, 41.7156923], [12.7169125, 41.7156632], [12.7168977, 41.7156394], [12.7168854, 41.7156155], [12.7168741, 41.7155886], [12.7168638, 41.7155619], [12.7168545, 41.7155321], [12.7168487, 41.7155027], [12.7168449, 41.7154778], [12.716842, 41.7154441], [12.7168411, 41.7154149], [12.7168429, 41.7149462], [12.7168406, 41.7149149], [12.7168372, 41.7148918], [12.7168283, 41.7148643], [12.7168105, 41.7148297], [12.7167956, 41.7148089], [12.7166126, 41.714601], [12.7165447, 41.7145232], [12.7165201, 41.7144949], [12.7165049, 41.7144792], [12.7164916, 41.7144666], [12.7164669, 41.7144463], [12.7164491, 41.714433], [12.7164263, 41.7144183], [12.7164071, 41.714407], [12.7163725, 41.7143884], [12.7163412, 41.7143707], [12.7163117, 41.7143524], [12.7162902, 41.7143357], [12.7162579, 41.7143108], [12.7162336, 41.7142875], [12.7162204, 41.7142729], [12.7159022, 41.7138836], [12.7158821, 41.7138558], [12.7158578, 41.7138214], [12.7158356, 41.7137833], [12.7158113, 41.7137415], [12.71579, 41.7137004], [12.7157788, 41.7136745], [12.7157675, 41.7136478], [12.7157591, 41.7136197], [12.7157532, 41.7135922], [12.7157503, 41.7135685], [12.7157532, 41.7135383], [12.715759, 41.7135118], [12.715764, 41.7134964], [12.7157768, 41.7134657], [12.7157973, 41.7134258], [12.7158187, 41.7133917], [12.7158402, 41.7133599], [12.7158596, 41.7133303], [12.7158846, 41.7132995], [12.7159075, 41.7132709], [12.7160765, 41.7130769], [12.7161436, 41.7130017], [12.7162136, 41.7129298], [12.7162865, 41.7128564], [12.7163349, 41.7128057], [12.7163774, 41.7127594], [12.7164294, 41.7127035], [12.7164754, 41.712652], [12.7165899, 41.7125182], [12.7166301, 41.7124673], [12.7166797, 41.7124016], [12.7167253, 41.7123366], [12.7167451, 41.7123044], [12.7167643, 41.7122713], [12.7167764, 41.7122441], [12.7167876, 41.7122165], [12.7167948, 41.7121924], [12.7167976, 41.7121658], [12.7167954, 41.7121399], [12.7167894, 41.7121179], [12.7167783, 41.7120967], [12.7167679, 41.7120839], [12.7167563, 41.7120731], [12.7166854, 41.7120158]], [[12.7172373, 41.7194678], [12.7170614, 41.7194145], [12.7169609, 41.71936], [12.7168731, 41.7192086], [12.7168519, 41.7191888], [12.7168287, 41.7191638], [12.7168083, 41.7191392], [12.7167858, 41.7191095], [12.7167712, 41.7190868], [12.7167542, 41.719055], [12.7167249, 41.7190071], [12.7167019, 41.7189696], [12.7166748, 41.7189315], [12.7166489, 41.7188977], [12.7166293, 41.7188746], [12.7166108, 41.7188538], [12.7165859, 41.7188288], [12.716562, 41.7188061], [12.716534, 41.7187827], [12.7164785, 41.7187411], [12.7164178, 41.7186973], [12.716367, 41.7186625], [12.7163082, 41.7186254], [12.7162594, 41.7185973], [12.7162193, 41.7185753], [12.7161798, 41.7185521], [12.7161447, 41.7185306], [12.7161136, 41.7185098], [12.7160554, 41.7184681], [12.7159979, 41.7184231], [12.7158638, 41.7183101]], [[12.4209812, 41.84466], [12.4208913, 41.8447698], [12.4207368, 41.8449835]], [[12.4199887, 41.8469761], [12.420126, 41.8465976], [12.4201681, 41.8464812], [12.4203589, 41.8459695], [12.4205308, 41.8455103], [12.4207368, 41.8449835]], [[12.4215753, 41.842709], [12.4214828, 41.8433776], [12.421465, 41.8434713], [12.4214463, 41.8435598]], [[12.4214463, 41.8435598], [12.4214044, 41.8438922], [12.4213875, 41.8440011], [12.4213625, 41.8440941], [12.4213341, 41.8441778], [12.4212945, 41.8442653], [12.4212672, 41.844314], [12.4212278, 41.8443688], [12.4211397, 41.8444792], [12.4209812, 41.84466]], [[12.4194793, 41.8481409], [12.4195263, 41.8481203], [12.4195437, 41.8481088], [12.4195587, 41.8480968], [12.4195701, 41.8480848], [12.4195903, 41.8480447], [12.4197704, 41.8475569], [12.4197869, 41.8475121], [12.4199887, 41.8469761]], [[12.6560585, 41.7741476], [12.6560512, 41.7741681], [12.656019, 41.7742061], [12.6559622, 41.7742533], [12.6558961, 41.774293], [12.655687, 41.7744056], [12.6555965, 41.7744458], [12.6554832, 41.7744929], [12.6551868, 41.7745994], [12.6550938, 41.7746294], [12.6550279, 41.7746498], [12.6549525, 41.7746703], [12.6548976, 41.7746817], [12.6548358, 41.7746911], [12.6547872, 41.7746957], [12.6547317, 41.7746982], [12.6546752, 41.7746982], [12.6546202, 41.7746973], [12.6545693, 41.7746984], [12.654515, 41.7747015], [12.6544648, 41.7747067], [12.6540422, 41.7747762], [12.6535992, 41.7748398], [12.653492, 41.7748533], [12.6533755, 41.7748653], [12.6532613, 41.7748767], [12.6531377, 41.7748867], [12.652979, 41.7748954], [12.6528707, 41.774898], [12.6527775, 41.7748977], [12.6526478, 41.7749016], [12.6525265, 41.7749086], [12.6522514, 41.7749367], [12.6521718, 41.7749782], [12.6520685, 41.7750941]], [[12.4212997, 41.8340015], [12.4213054, 41.8340355], [12.4213079, 41.8340637], [12.4213109, 41.8342143], [12.4213159, 41.8343646], [12.4213134, 41.8344572], [12.4213127, 41.8346509], [12.4212977, 41.8350859], [12.4212959, 41.8352411], [12.4212939, 41.8352997], [12.4212868, 41.8356666], [12.4212684, 41.836032], [12.4212665, 41.836153], [12.4212662, 41.8361739], [12.4212642, 41.8362153], [12.4212693, 41.8362542], [12.4212774, 41.8362868], [12.4212835, 41.8363075], [12.4212927, 41.8363357], [12.4213099, 41.8363762], [12.4213255, 41.8364064], [12.4213622, 41.836485], [12.4214161, 41.8366123], [12.4215376, 41.8368993], [12.4216176, 41.837083], [12.4216686, 41.83719], [12.4217179, 41.8372924], [12.4217378, 41.8373283], [12.4220472, 41.8378233], [12.4222204, 41.8380972], [12.4222927, 41.8382069], [12.422472, 41.8384854]], [[12.4227044, 41.8389467], [12.4225413, 41.83921], [12.4223033, 41.8395633], [12.4221917, 41.8397497], [12.4221273, 41.8398667], [12.4220791, 41.8399605], [12.4220412, 41.8400467], [12.4220153, 41.8401305], [12.4219955, 41.8402006], [12.4219575, 41.8403616], [12.4219418, 41.8404236], [12.4219272, 41.8404965], [12.4218845, 41.8407248], [12.4218114, 41.8410974], [12.4217324, 41.8415058], [12.4217029, 41.8417069], [12.4216501, 41.8420676], [12.421635, 41.842202], [12.4216182, 41.8423385], [12.4216069, 41.8424203], [12.4215839, 41.8426175], [12.4215753, 41.842709]], [[12.422472, 41.8384854], [12.422533, 41.8385849], [12.4225815, 41.838666], [12.4226286, 41.8387416], [12.4226711, 41.838816], [12.4226832, 41.8388413], [12.4226891, 41.838859], [12.4226984, 41.8388893], [12.4227015, 41.8389119], [12.4227044, 41.8389467]]]}}, {"type": "Feature", "properties": {"id": "SS-ROM-14750", "nome": "Via di Affogalasino", "quartiere": "Municipio Roma XII", "classificazione": "giallo", "score": 3, "note": "strada urbana senza ciclabile (2 corsie)", "ciclabile": "no", "n_corsie": "2", "senso_unico": "no", "n_testimonianze": "0", "municipio": "XII"}, "geometry": {"type": "MultiLineString", "coordinates": [[[12.435273, 41.8520599], [12.435215, 41.852157], [12.4352167, 41.8522387], [12.4352289, 41.8524555], [12.4353012, 41.853293], [12.4353327, 41.8537111], [12.4353619, 41.854139], [12.435387, 41.8545019], [12.4354043, 41.8547015], [12.4354082, 41.8548133], [12.4354115, 41.8549266], [12.4354105, 41.8549596], [12.4354078, 41.8550152], [12.4353773, 41.8553504], [12.4352315, 41.8566852], [12.4352026, 41.8569367], [12.4351995, 41.8569751]], [[12.4352201, 41.8578027], [12.4352285, 41.8578563], [12.4352374, 41.8579169], [12.4352409, 41.8579589], [12.4352427, 41.8579982], [12.4352445, 41.8580323], [12.4352446, 41.8580673], [12.4352438, 41.8580989], [12.435243, 41.8581305], [12.435238, 41.8581928], [12.4352295, 41.8582549], [12.4352176, 41.85831], [12.4351304, 41.8586971], [12.4351125, 41.8587602], [12.4350841, 41.8588371], [12.4350346, 41.8589563], [12.4349691, 41.8590925], [12.4349087, 41.8592049], [12.434846, 41.8593172], [12.4342027, 41.8603796], [12.4339578, 41.8607488], [12.4336579, 41.8612529], [12.4336186, 41.8613188], [12.4336034, 41.8613369], [12.4335852, 41.8613534], [12.4335724, 41.861363], [12.4335549, 41.8613734], [12.4335129, 41.8613916], [12.4333776, 41.861454], [12.4333532, 41.8614663], [12.4333337, 41.8614795], [12.4333199, 41.8614957], [12.4333124, 41.8615072], [12.4333084, 41.8615188], [12.4333061, 41.861536], [12.4333085, 41.8615558], [12.4333231, 41.8616598], [12.4333789, 41.8619274]], [[12.4351995, 41.8569751], [12.4351873, 41.8572028], [12.4351862, 41.8574071], [12.4351881, 41.8574588], [12.4351997, 41.857644], [12.4352201, 41.8578027]], [[12.4339487, 41.8636069], [12.4339719, 41.8636178], [12.4339983, 41.8636256], [12.4340278, 41.8636323], [12.4340617, 41.8636361], [12.4345446, 41.8636393], [12.4350476, 41.8636383], [12.4357478, 41.8636245], [12.4367353, 41.8636255], [12.43756, 41.8636373], [12.437615, 41.8636381]], [[12.4333789, 41.8619274], [12.4334197, 41.8621646], [12.4334361, 41.8622466], [12.4334459, 41.8622873], [12.433463, 41.862345], [12.4334853, 41.862412], [12.4335141, 41.8625032], [12.4335318, 41.8625595], [12.4336365, 41.8628967], [12.4336897, 41.8630538], [12.4337475, 41.863219], [12.4337804, 41.8633094], [12.4338179, 41.8634043], [12.433852, 41.8634722], [12.4338725, 41.863513], [12.4338969, 41.8635527], [12.4339201, 41.8635824], [12.4339487, 41.8636069]]]}}, {"type": "Feature", "properties": {"id": "SS-ROM-14756", "nome": "Via di Brava", "quartiere": "Municipio Roma XII", "classificazione": "giallo", "score": 3, "note": "strada urbana senza ciclabile (2 corsie)", "ciclabile": "no", "n_corsie": "2", "senso_unico": "no", "n_testimonianze": "0", "municipio": "XII"}, "geometry": {"type": "MultiLineString", "coordinates": [[[12.3832617, 41.8854413], [12.383288, 41.885383], [12.3833027, 41.8853389], [12.3833158, 41.8852936], [12.3833255, 41.8852265], [12.3833289, 41.8851942], [12.3833322, 41.8851618], [12.3833304, 41.8851024], [12.3833278, 41.8850374], [12.3833187, 41.8849608], [12.3833033, 41.8848773]], [[12.3833033, 41.8848773], [12.3831877, 41.8843918], [12.3831206, 41.8839558]], [[12.3801678, 41.8727593], [12.3802276, 41.8726976], [12.3809295, 41.8720141], [12.3815263, 41.8714377], [12.3815854, 41.8713753], [12.3816123, 41.8713445], [12.3816338, 41.8713188], [12.3816558, 41.8712894], [12.3816724, 41.871265], [12.3816963, 41.8712202], [12.3817154, 41.8711685], [12.3817304, 41.8711198], [12.3817398, 41.8710695], [12.3817462, 41.8710218], [12.3817499, 41.8709751], [12.3817483, 41.8709263], [12.381744, 41.8708786], [12.3817143, 41.8706762], [12.3817082, 41.8706222], [12.3817048, 41.8705702], [12.3817027, 41.8705191], [12.3817035, 41.8704511], [12.3817073, 41.8704152], [12.3817155, 41.8703756], [12.3817263, 41.870334], [12.3817405, 41.8702955], [12.3817573, 41.8702551], [12.3817724, 41.8702254], [12.3817897, 41.8701952], [12.3818128, 41.8701569], [12.3818413, 41.8701177], [12.3818707, 41.8700834], [12.3819055, 41.8700481], [12.3819478, 41.8700076], [12.3819914, 41.8699672], [12.3820417, 41.8699217], [12.3821237, 41.8698493], [12.3821649, 41.8698113], [12.3822025, 41.8697747], [12.382236, 41.8697391], [12.382276, 41.8696967], [12.3823119, 41.8696554], [12.382345, 41.869615], [12.3823741, 41.8695773], [12.3824058, 41.8695302], [12.3830923, 41.868429], [12.3831158, 41.8683938], [12.3831393, 41.8683617], [12.383164, 41.8683328], [12.3831888, 41.868307], [12.3832141, 41.8682826], [12.3832435, 41.8682572], [12.3832829, 41.8682295], [12.38332, 41.8682051], [12.383361, 41.8681817], [12.3833981, 41.8681613], [12.3834472, 41.8681392], [12.3835013, 41.8681187], [12.3835641, 41.8680976], [12.3836216, 41.8680822], [12.3838431, 41.8680273], [12.3839013, 41.868012], [12.3839568, 41.8679948], [12.3839973, 41.8679803], [12.3840298, 41.8679675], [12.3840651, 41.8679504], [12.3840914, 41.8679365], [12.3841168, 41.8679223], [12.3841413, 41.867907], [12.3841642, 41.8678903], [12.3841865, 41.8678718], [12.3842432, 41.8678227], [12.3844255, 41.8676597], [12.3845456, 41.8675718], [12.3846927, 41.8674641], [12.3847906, 41.8674093], [12.3848884, 41.8673565], [12.3850158, 41.8672963], [12.3855832, 41.8670413], [12.3857543, 41.8669566], [12.38592, 41.8668639], [12.3861332, 41.8667364], [12.386346, 41.8666092], [12.3866712, 41.8664678], [12.3868333, 41.8664311], [12.3869953, 41.8664163], [12.3870873, 41.8664187], [12.3871739, 41.8664331], [12.3872724, 41.8664548], [12.387373, 41.8664818], [12.3874642, 41.8665211], [12.3875538, 41.8665597], [12.3876594, 41.8666102], [12.3877512, 41.8666517], [12.3878443, 41.8666881], [12.3879454, 41.866713], [12.3880365, 41.866727], [12.3881088, 41.8667348], [12.3881773, 41.8667388], [12.3882563, 41.8667383], [12.3883259, 41.8667355], [12.388392, 41.8667303], [12.3885647, 41.8667102], [12.3887397, 41.8666883], [12.3890708, 41.8666302]], [[12.389705, 41.8664536], [12.3897649, 41.8664078], [12.3898154, 41.8663654], [12.3899282, 41.866265], [12.390377, 41.86585], [12.3904503, 41.8657779], [12.3905119, 41.8657154], [12.3905627, 41.8656611], [12.3906042, 41.8656111], [12.3906471, 41.8655535], [12.3915913, 41.8642034], [12.3919003, 41.8637771], [12.392059, 41.8635694], [12.3921526, 41.8634827], [12.3922463, 41.86343], [12.3924049, 41.8633125], [12.3927984, 41.8629102], [12.3934733, 41.8621986], [12.3936106, 41.8620539], [12.3938558, 41.8617347], [12.3940138, 41.8614021], [12.3941103, 41.8610789], [12.3941688, 41.8606845], [12.3942183, 41.8599258], [12.3942635, 41.8596649], [12.3943402, 41.8595003], [12.3947751, 41.8588183], [12.3950745, 41.8583983], [12.3953258, 41.8581542], [12.3955986, 41.8579711], [12.396041, 41.8577345], [12.3962129, 41.8576425], [12.3964709, 41.8575125]], [[12.38081, 41.8797753], [12.3805364, 41.8794342], [12.3804798, 41.8793456], [12.3804207, 41.8792252], [12.380334, 41.8790073], [12.3799229, 41.8779611]], [[12.3831206, 41.8839558], [12.3830143, 41.8831404], [12.3829395, 41.8828899], [12.3829147, 41.8828445], [12.3828963, 41.8828193], [12.3828845, 41.882803], [12.3828447, 41.882755], [12.3827942, 41.882713], [12.3824224, 41.8824638], [12.3819941, 41.8822093], [12.3818549, 41.8821341], [12.3817184, 41.8820604], [12.3816497, 41.882014], [12.3815917, 41.8819676], [12.3815212, 41.8818867], [12.3814812, 41.8818094], [12.3814477, 41.881729], [12.3814275, 41.8816506], [12.3814115, 41.8814964], [12.3813835, 41.8810297], [12.3813299, 41.8808516], [12.3812129, 41.8805312], [12.3810681, 41.8802058], [12.381001, 41.8800731], [12.3809095, 41.8799242], [12.38081, 41.8797753]], [[12.3797028, 41.8773896], [12.3796753, 41.8773119], [12.3796524, 41.8772406], [12.3796287, 41.8771654], [12.3796048, 41.8770856], [12.379571, 41.8769578], [12.3794961, 41.8766194], [12.3794765, 41.8765264], [12.3794662, 41.8764676], [12.3794544, 41.8763939], [12.3794453, 41.8763201], [12.3794362, 41.8762442], [12.3794284, 41.8761683], [12.3794255, 41.8761181], [12.3794232, 41.8760688], [12.3794209, 41.8760254], [12.3794217, 41.8759834], [12.3794224, 41.8759474], [12.3794244, 41.8758966], [12.3794302, 41.8758035], [12.3794361, 41.8757286], [12.3794447, 41.8756437], [12.3794556, 41.875549], [12.3794693, 41.8754443], [12.3794856, 41.8753397], [12.3795047, 41.875241], [12.3795253, 41.8751391], [12.3795487, 41.8750433], [12.3795798, 41.8749249], [12.3796369, 41.8747078], [12.3796779, 41.8745521], [12.3799678, 41.8733279], [12.3799841, 41.8732615], [12.3800019, 41.8731952], [12.3800176, 41.8731353], [12.3800427, 41.8730475], [12.3800653, 41.872976], [12.3800819, 41.8729275], [12.380101, 41.8728814], [12.3801202, 41.8728394], [12.380142, 41.8727988], [12.3801678, 41.8727593]], [[12.389182, 41.8666107], [12.3894057, 41.8665608], [12.3895228, 41.8665317], [12.3896119, 41.8665026], [12.3896631, 41.8664781], [12.389705, 41.8664536]], [[12.3890708, 41.8666302], [12.389182, 41.8666107]], [[12.3799229, 41.8779611], [12.3798319, 41.8777259], [12.379791, 41.8776203], [12.3797563, 41.8775213]], [[12.3797563, 41.8775213], [12.3797028, 41.8773896]]]}}, {"type": "Feature", "properties": {"id": "SS-ROM-14757", "nome": "Via di Bravetta", "quartiere": "Municipio Roma XII", "classificazione": "rosso", "score": 4, "note": "strada secondaria trafficata (2 corsie)", "ciclabile": "no", "n_corsie": "2", "senso_unico": "no", "n_testimonianze": "0", "municipio": "XII"}, "geometry": {"type": "MultiLineString", "coordinates": [[[12.4218853, 41.886077], [12.4220852, 41.885968], [12.4225807, 41.8856711], [12.4226464, 41.8856328], [12.4227533, 41.8855731], [12.4228175, 41.8855248], [12.4228656, 41.8854875], [12.4229251, 41.8854341], [12.4229807, 41.885374], [12.4230261, 41.8853169], [12.4230485, 41.8852868], [12.4233367, 41.8848812], [12.4233874, 41.8848098], [12.4235288, 41.8846149], [12.4235341, 41.8846078], [12.4236896, 41.8843984], [12.4241113, 41.8837947]], [[12.4260576, 41.8767111], [12.4261328, 41.8768476], [12.4261793, 41.8769448]], [[12.4261793, 41.8769448], [12.4262369, 41.8770911], [12.4262748, 41.8772212]], [[12.4229101, 41.8738457], [12.423024, 41.8738382], [12.4230488, 41.8738366], [12.4243298, 41.873752], [12.42416, 41.872895]], [[12.42341, 41.8655391], [12.4235044, 41.8656442], [12.423541, 41.8656905], [12.4235821, 41.8657461], [12.4236182, 41.8658061], [12.4236411, 41.8658549], [12.4236549, 41.8659044], [12.4236691, 41.8659758], [12.4236736, 41.8660313], [12.4236663, 41.8661184], [12.4236574, 41.8661651], [12.4236412, 41.8662127], [12.4236265, 41.8662475], [12.4236048, 41.8662962], [12.4234684, 41.8665246], [12.4233146, 41.8667807], [12.4231033, 41.8671144], [12.4230771, 41.8671611], [12.4230626, 41.867199], [12.4230499, 41.8672349], [12.4230386, 41.8672772], [12.4230277, 41.8673322], [12.423024, 41.8674062], [12.4230366, 41.8676402], [12.4230442, 41.8678286], [12.4230433, 41.8678897], [12.423039, 41.8679839], [12.4230338, 41.8680327], [12.4230234, 41.8681018], [12.4229864, 41.8682348], [12.4229701, 41.8682865], [12.4229491, 41.8683382], [12.4229265, 41.8683912], [12.4229115, 41.8684237], [12.4228479, 41.8685417], [12.4226776, 41.8688401], [12.4226136, 41.8689639], [12.422554, 41.8690782], [12.4225247, 41.8691507], [12.4225024, 41.8692104], [12.422482, 41.869276], [12.422468, 41.8693247], [12.422454, 41.8693834], [12.4224462, 41.8694399], [12.4224383, 41.8695042], [12.422434, 41.869575], [12.4224356, 41.8696337], [12.4224371, 41.8697001], [12.4224434, 41.8697613], [12.4224495, 41.869807], [12.4224579, 41.8698449], [12.4224747, 41.8699059], [12.4225189, 41.8700454], [12.4225398, 41.8701055], [12.4225691, 41.8701839], [12.4225929, 41.8702545], [12.4226419, 41.8704056], [12.4226569, 41.8704697], [12.4226677, 41.8705286], [12.4226743, 41.870591], [12.4226806, 41.8706423], [12.4226862, 41.8707038], [12.4226857, 41.8707732], [12.4226842, 41.8708302], [12.4226794, 41.8708917], [12.4226616, 41.8710209], [12.4226398, 41.871162], [12.4225345, 41.8717624], [12.4225148, 41.8718664], [12.422508, 41.8719168], [12.4225021, 41.8719705], [12.4224999, 41.8720235], [12.4224979, 41.8720824]], [[12.4245877, 41.8831023], [12.4246776, 41.8829779], [12.4249649, 41.8825921], [12.4249979, 41.8825478], [12.4257306, 41.8815653], [12.4257791, 41.8814989], [12.4259242, 41.8812887], [12.4260219, 41.8811475], [12.4262227, 41.8808561], [12.4262919, 41.8807479], [12.4263486, 41.8806472], [12.4263601, 41.8806269], [12.4264409, 41.8804541], [12.4264827, 41.8803666], [12.4265164, 41.8802852]], [[12.4244975, 41.8832299], [12.4245877, 41.8831023]], [[12.4265992, 41.8800408], [12.4265164, 41.8802852]], [[12.4225596, 41.8725972], [12.4226255, 41.8728969], [12.4226446, 41.872978], [12.4227247, 41.8733418], [12.422769, 41.873508], [12.4227812, 41.8735503], [12.422795, 41.8735937], [12.4228268, 41.8736755], [12.4228459, 41.8737192], [12.4228651, 41.8737613], [12.4229101, 41.8738457], [12.4229495, 41.8739118], [12.4229889, 41.8739734], [12.4230418, 41.8740523], [12.4231393, 41.8741754], [12.4231834, 41.8742317], [12.4232321, 41.8742915], [12.423299, 41.874364], [12.4233726, 41.8744399], [12.4234591, 41.8745135], [12.4235748, 41.8746022], [12.4236725, 41.8746727], [12.4237743, 41.8747429], [12.4238525, 41.8747934], [12.4239504, 41.8748523], [12.4243962, 41.8751328], [12.4244828, 41.8751869], [12.4248232, 41.8753941], [12.4251347, 41.8755962]], [[12.4224979, 41.8720824], [12.422502, 41.8721737], [12.422513, 41.8723183], [12.4225279, 41.8724336], [12.4225596, 41.8725972]], [[12.4262748, 41.8772212], [12.426356, 41.8775002]], [[12.4259792, 41.8765911], [12.4260576, 41.8767111]], [[12.4215386, 41.8882116], [12.4214406, 41.8880848]], [[12.4214406, 41.8880848], [12.4214281, 41.8880571], [12.421419, 41.8880304], [12.4214165, 41.8880027], [12.4214175, 41.887976], [12.4214426, 41.8878493], [12.421486, 41.88767], [12.4216236, 41.8871133], [12.4218141, 41.8863441], [12.4218853, 41.886077]], [[12.4251347, 41.8755962], [12.4252658, 41.8756888], [12.4253447, 41.8757492], [12.42542, 41.8758122], [12.4254648, 41.8758535], [12.4255361, 41.8759304], [12.4256024, 41.8760084], [12.4257013, 41.8761439], [12.425765, 41.8762394], [12.4258621, 41.8763984], [12.4259533, 41.8765485], [12.4259792, 41.8765911]], [[12.426356, 41.8775002], [12.4265071, 41.8780111], [12.4266392, 41.8785124], [12.4266836, 41.8786637], [12.4267604, 41.8789263], [12.4267801, 41.8789953], [12.4267996, 41.879077], [12.4268124, 41.8791452], [12.4268169, 41.8792111], [12.426813, 41.8792679], [12.4268053, 41.8793281], [12.426795, 41.8793824], [12.4265992, 41.8800408]], [[12.4241113, 41.8837947], [12.424218, 41.8836353], [12.4244975, 41.8832299]]]}}, {"type": "Feature", "properties": {"id": "SS-ROM-14800", "nome": "Via di Corviale", "quartiere": "Municipio Roma XII", "classificazione": "giallo", "score": 3, "note": "strada urbana senza ciclabile", "ciclabile": "no", "n_corsie": "2", "senso_unico": "si", "n_testimonianze": "0", "municipio": "XII"}, "geometry": {"type": "LineString", "coordinates": [[12.4209455, 41.8533533], [12.4225546, 41.8544437], [12.4225686, 41.8544711], [12.4225699, 41.8544885], [12.4225592, 41.854508], [12.4224961, 41.8545556], [12.4224854, 41.8545762], [12.4224848, 41.8545948], [12.4224925, 41.8546095], [12.4225083, 41.8546267], [12.4231886, 41.8552198]]}}, {"type": "Feature", "properties": {"id": "SS-ROM-14812", "nome": "Via di Generosa", "quartiere": "Municipio Roma XII", "classificazione": "giallo", "score": 3, "note": "strada urbana senza ciclabile (2 corsie)", "ciclabile": "no", "n_corsie": "2", "senso_unico": "no", "n_testimonianze": "0", "municipio": "XII"}, "geometry": {"type": "MultiLineString", "coordinates": [[[12.4236836, 41.8388193], [12.4237626, 41.8388052], [12.4238106, 41.8387958], [12.423855, 41.8387854], [12.4239166, 41.8387681], [12.4239665, 41.8387512], [12.4240077, 41.8387341], [12.424044, 41.8387186], [12.4240813, 41.8387015], [12.424145, 41.8386699], [12.4241907, 41.8386454], [12.4243974, 41.8384404], [12.4247149, 41.8381561], [12.4250488, 41.8378558], [12.4250951, 41.8378114], [12.4252618, 41.8376515], [12.425365, 41.8375524], [12.4254476, 41.8374831], [12.4254725, 41.8374594], [12.4255419, 41.8373827], [12.4255691, 41.8373527], [12.42558, 41.8373357], [12.425593, 41.8373166], [12.4256049, 41.8372979], [12.4256245, 41.8372642], [12.4256466, 41.8372232], [12.4258036, 41.8369324]], [[12.4293298, 41.8352168], [12.4293448, 41.8352224], [12.4293586, 41.8352293], [12.4293693, 41.8352392], [12.4293759, 41.8352522], [12.4293776, 41.8352672], [12.4293733, 41.8352799], [12.4293592, 41.8352922], [12.4293433, 41.8353002], [12.4292919, 41.8353242]], [[12.4258526, 41.8357262], [12.4258504, 41.8356815], [12.4258526, 41.8356386], [12.4258579, 41.8355948], [12.4258764, 41.8355254], [12.425891, 41.8354907], [12.4259088, 41.835456], [12.4259315, 41.8354246], [12.4259574, 41.8353931], [12.4260079, 41.8353461], [12.4260597, 41.8353056], [12.4261126, 41.8352698], [12.4261849, 41.8352311], [12.4262897, 41.8351827], [12.4263489, 41.8351574], [12.4264444, 41.8351245], [12.4265377, 41.8350989], [12.4266643, 41.8350656], [12.4267683, 41.8350461], [12.4268747, 41.8350313], [12.4269608, 41.835021], [12.427063, 41.8350118], [12.4271669, 41.8350047], [12.4272866, 41.8350037], [12.4273974, 41.8350093], [12.4286353, 41.8351269], [12.4292165, 41.8351992], [12.4292867, 41.8352094], [12.4293298, 41.8352168], [12.429377, 41.8352273], [12.4293991, 41.8352331], [12.42942, 41.8352389], [12.4294939, 41.8352634]], [[12.4294939, 41.8352634], [12.4296476, 41.8352521], [12.4300706, 41.8352579], [12.4303236, 41.8352697], [12.4303576, 41.8352691], [12.4303929, 41.8352666], [12.4304256, 41.8352626], [12.4304569, 41.8352566], [12.4304825, 41.8352494], [12.4305082, 41.8352392], [12.4305299, 41.8352265], [12.4305489, 41.8352108], [12.4305649, 41.8351921], [12.4305768, 41.8351725], [12.4305798, 41.83515], [12.4305788, 41.8351276], [12.4305716, 41.8351094], [12.4305576, 41.8350902], [12.4305423, 41.835074], [12.430523, 41.8350587], [12.4304991, 41.8350433], [12.4304751, 41.8350308], [12.4304164, 41.8350088], [12.4303114, 41.8349836], [12.4301709, 41.8349613], [12.4300759, 41.834941], [12.4299814, 41.8349174], [12.4295773, 41.8347816], [12.4291988, 41.8346503], [12.4291205, 41.8346206], [12.42909, 41.8346054], [12.4290732, 41.8345933], [12.4290534, 41.8345789], [12.429007, 41.8345402]], [[12.4227044, 41.8389467], [12.4227717, 41.8389244], [12.4228044, 41.8389057], [12.4228556, 41.8388841], [12.4229077, 41.838865], [12.4229499, 41.838852], [12.422995, 41.8388408], [12.4230344, 41.8388323], [12.4230772, 41.8388246], [12.423108, 41.8388187], [12.4231561, 41.8388112], [12.4231956, 41.8388066], [12.4232585, 41.8388022], [12.4233378, 41.8388016], [12.4234297, 41.8388042], [12.4235477, 41.838812], [12.4236836, 41.8388193]], [[12.4258643, 41.8367964], [12.4258934, 41.8367303], [12.4259171, 41.8366661], [12.4259314, 41.8366081], [12.4259403, 41.8365521], [12.4259459, 41.8364063], [12.4259362, 41.8363358], [12.4258526, 41.8357262]], [[12.4258036, 41.8369324], [12.4258643, 41.8367964]]]}}, {"type": "Feature", "properties": {"id": "SS-ROM-14822", "nome": "Via di Maccarese", "quartiere": "Municipio Roma XII", "classificazione": "giallo", "score": 3, "note": "strada urbana senza ciclabile", "ciclabile": "no", "n_corsie": "2", "senso_unico": "no", "n_testimonianze": "0", "municipio": "XII"}, "geometry": {"type": "MultiLineString", "coordinates": [[[12.2560197, 41.8771418], [12.2569141, 41.877205], [12.2574363, 41.8772096], [12.2576196, 41.8772297], [12.2579862, 41.8772152], [12.258182, 41.8772447], [12.2583123, 41.8772475], [12.2586633, 41.8773032], [12.259149, 41.8773998], [12.259631, 41.8774595], [12.2600487, 41.8775529], [12.2607193, 41.8776212], [12.2617411, 41.8777646], [12.2629123, 41.8778815], [12.2632656, 41.8779546], [12.2636316, 41.8781489], [12.2637881, 41.8782853], [12.2640344, 41.8784407], [12.2642869, 41.8786494], [12.2645257, 41.8788585], [12.2646828, 41.8789773], [12.2648787, 41.8791201], [12.2656081, 41.8798059], [12.2659175, 41.880062], [12.2662112, 41.8803586], [12.2668171, 41.8808697], [12.2669019, 41.8809242], [12.2669943, 41.8809468], [12.2671118, 41.8809307], [12.2672325, 41.8808898], [12.2673552, 41.8808459], [12.2674135, 41.8808414], [12.2674726, 41.8808468], [12.2675865, 41.8808623], [12.2676837, 41.8808898], [12.2678863, 41.8809627], [12.2682805, 41.8810975], [12.2690907, 41.8813615], [12.2692193, 41.8813995], [12.2693259, 41.8814704], [12.2696538, 41.8816127], [12.2702207, 41.8818735], [12.2708501, 41.8821808], [12.2710539, 41.8822667], [12.2713398, 41.8823634], [12.271752, 41.8825972], [12.2719753, 41.882749], [12.272135, 41.8828919], [12.2721979, 41.8829217], [12.272442, 41.8831573], [12.2732708, 41.8836666], [12.2733217, 41.8837265], [12.273427, 41.8838005], [12.2743544, 41.8844473], [12.2744147, 41.8845282], [12.2743905, 41.8846641], [12.2744422, 41.8847044], [12.2745509, 41.8847648], [12.2746293, 41.8848427], [12.2748251, 41.8850594], [12.27486, 41.8851193], [12.2748855, 41.8851922], [12.2749826, 41.8853082], [12.2753254, 41.8855606], [12.2757173, 41.8858108], [12.2760366, 41.8860103], [12.2765565, 41.8863713], [12.2770994, 41.8866759], [12.2775274, 41.8869135], [12.2776388, 41.8869504], [12.2777447, 41.8869574], [12.2778464, 41.8869164], [12.2778989, 41.8869075], [12.2782315, 41.8870313], [12.278481, 41.8870562], [12.2786957, 41.8870501], [12.2787003, 41.887114]], [[12.2408793, 41.876752], [12.24124, 41.8768159], [12.2412672, 41.8768191], [12.2412956, 41.8768213], [12.241329, 41.8768239], [12.2413637, 41.8768254], [12.2415157, 41.8768276], [12.2437914, 41.8768754]], [[12.2836318, 41.8887839], [12.2834887, 41.8888503], [12.283323, 41.8888982], [12.2830208, 41.8889868], [12.282954, 41.8889974], [12.2828631, 41.8890165], [12.282777, 41.8890212], [12.2826699, 41.8890183], [12.2825408, 41.8889951], [12.2823787, 41.8889182], [12.2810955, 41.8882414], [12.2809125, 41.8881161], [12.280319, 41.8876972], [12.279975, 41.8874601], [12.2798784, 41.8873907], [12.279808, 41.8873493], [12.2797613, 41.8873254], [12.2797193, 41.8872999], [12.2796434, 41.8872561], [12.2795934, 41.8872314], [12.279435, 41.887173], [12.279225, 41.8871165], [12.2789624, 41.8870932], [12.278827, 41.8871007], [12.2787003, 41.887114]], [[12.2492299, 41.8769424], [12.2499245, 41.8769661]], [[12.2499245, 41.8769661], [12.250304, 41.8769706], [12.2507739, 41.8769834], [12.2518026, 41.8769805], [12.2536233, 41.8770237], [12.2554066, 41.8771281], [12.2560197, 41.8771418]], [[12.2437914, 41.8768754], [12.2438469, 41.876877], [12.2450858, 41.876896], [12.2462571, 41.8769115], [12.2481083, 41.8769251], [12.2492299, 41.8769424]]]}}, {"type": "Feature", "properties": {"id": "SS-ROM-14829", "nome": "Via di Malagrotta", "quartiere": "Municipio Roma XII", "classificazione": "rosso", "score": 4, "note": "strada secondaria trafficata (2 corsie)", "ciclabile": "no", "n_corsie": "2", "senso_unico": "no", "n_testimonianze": "0", "municipio": "XII"}, "geometry": {"type": "MultiLineString", "coordinates": [[[12.3276774, 41.8595011], [12.3273758, 41.859159]], [[12.3273758, 41.859159], [12.3273002, 41.8590745], [12.3270598, 41.8588058], [12.3269005, 41.8586183], [12.3268571, 41.8585587], [12.3268088, 41.8584928], [12.3267712, 41.8584309], [12.3267068, 41.8582911], [12.3265971, 41.8579575], [12.3264953, 41.857354], [12.3264243, 41.8567595], [12.3263903, 41.8562306], [12.3264356, 41.8559], [12.3265468, 41.8555442], [12.3267348, 41.8552116], [12.3278445, 41.8537587], [12.3292773, 41.8518956], [12.3298675, 41.8511179], [12.3299746, 41.8509768], [12.3306631, 41.850055], [12.3312455, 41.8493043], [12.3316562, 41.8487748], [12.332576, 41.8476085]], [[12.3336969, 41.8836481], [12.3337059, 41.8836341], [12.3337137, 41.8836147], [12.3337211, 41.8835867], [12.3337262, 41.8835551], [12.333722, 41.8835018], [12.3336822, 41.8833339], [12.3336207, 41.8830737], [12.333224, 41.8813978], [12.33302, 41.8807186], [12.3325364, 41.8793933], [12.3324551, 41.8791364], [12.3323757, 41.8788136], [12.3322622, 41.8783072], [12.3321381, 41.8777213], [12.3319069, 41.8766076], [12.331434, 41.8743765], [12.3305303, 41.8701501], [12.3303486, 41.8693284], [12.3303035, 41.8691105]], [[12.333318, 41.8838613], [12.3334902, 41.8837684], [12.3336698, 41.8836708], [12.333686, 41.8836591], [12.3336969, 41.8836481]], [[12.3302793, 41.8689931], [12.3302368, 41.8687878], [12.3298327, 41.8669083], [12.3294346, 41.8650603], [12.3290825, 41.8634438], [12.3290713, 41.8633922], [12.328893, 41.8625855], [12.3287846, 41.8620949], [12.3287124, 41.8617685], [12.3284643, 41.8606683], [12.3282906, 41.8602802], [12.3281734, 41.8600947], [12.3279844, 41.8598691], [12.3277269, 41.8595605], [12.3276774, 41.8595011]], [[12.3303035, 41.8691105], [12.3302793, 41.8689931]]]}}, {"type": "Feature", "properties": {"id": "SS-ROM-14831", "nome": "Via di Malnome", "quartiere": "Municipio Roma XII", "classificazione": "giallo", "score": 3, "note": "strada urbana senza ciclabile (2 corsie)", "ciclabile": "no", "n_corsie": "2", "senso_unico": "no", "n_testimonianze": "0", "municipio": "XII"}, "geometry": {"type": "MultiLineString", "coordinates": [[[12.2830444, 41.8365991], [12.2831865, 41.8366497], [12.2835944, 41.8367808]], [[12.2827831, 41.8365027], [12.2830444, 41.8365991]], [[12.2835944, 41.8367808], [12.2837531, 41.8366955], [12.2838045, 41.8366649], [12.2838571, 41.8366275], [12.2858421, 41.8349253], [12.2859457, 41.8348457], [12.2860242, 41.8347868], [12.2861134, 41.834728], [12.2862013, 41.8346741], [12.2862918, 41.8346222], [12.2863775, 41.8345757], [12.2864659, 41.8345311], [12.2899151, 41.8329649], [12.2899788, 41.8329425], [12.2900455, 41.8329223], [12.290108, 41.8329076], [12.2901705, 41.8328985], [12.2902434, 41.8328961], [12.2903133, 41.832897], [12.2904952, 41.8329231], [12.2905285, 41.832932], [12.2905549, 41.8329405], [12.2906058, 41.8329602], [12.290819, 41.8330632], [12.2909503, 41.8331313], [12.2910601, 41.8331999], [12.2918418, 41.8337182], [12.2919757, 41.8338103], [12.2921348, 41.8339283], [12.2927202, 41.8343694], [12.2927972, 41.8344294], [12.29288, 41.8345035], [12.2934694, 41.8350418], [12.2935567, 41.8351311], [12.2936397, 41.8352322], [12.2938277, 41.8354804], [12.2939556, 41.8356188], [12.2940349, 41.8356917], [12.2940826, 41.8357242], [12.2941303, 41.8357527], [12.294183, 41.8357814], [12.2945434, 41.8359504], [12.2946359, 41.8359864], [12.2946929, 41.8360025], [12.2947445, 41.8360145], [12.29483, 41.8360231], [12.29491, 41.8360257], [12.2949965, 41.8360201], [12.295067, 41.8360099], [12.2951296, 41.8359998], [12.2951942, 41.8359842], [12.2957932, 41.8358188], [12.295973, 41.8357828], [12.2961849, 41.8357547], [12.2963609, 41.8357457], [12.29651, 41.8357487], [12.2966672, 41.8357604], [12.2968821, 41.8357887], [12.2971223, 41.8358389], [12.2973626, 41.8358972], [12.297612, 41.8359768], [12.2978398, 41.8360605], [12.2980761, 41.8361609], [12.2982909, 41.8362573], [12.2988291, 41.8364837], [12.2988885, 41.8365127], [12.2989402, 41.8365454], [12.2989918, 41.8365821], [12.2990302, 41.8366161], [12.2990659, 41.8366541], [12.2990958, 41.8366928], [12.2991202, 41.8367455], [12.2991329, 41.8368096], [12.299164, 41.8370396], [12.2991758, 41.8370921], [12.2991903, 41.8371466], [12.2992099, 41.837186], [12.2992322, 41.8372273], [12.299286, 41.8373019], [12.2993426, 41.8373726], [12.2994101, 41.8374407], [12.2995032, 41.8375257], [12.2995457, 41.8375682], [12.2995856, 41.8376107], [12.2996144, 41.8376523], [12.2996406, 41.8376939], [12.2996849, 41.837777], [12.2997516, 41.8379583], [12.299829, 41.8381436], [12.2999048, 41.8383208], [12.2999912, 41.838502], [12.3001641, 41.8388564], [12.3002796, 41.839067], [12.3006027, 41.8396341], [12.3017485, 41.8414891], [12.3018048, 41.8415676], [12.301858, 41.8416346], [12.3019181, 41.8417034], [12.3019889, 41.8417802], [12.3023255, 41.8421005], [12.3024606, 41.8422469], [12.302571, 41.8423919], [12.3026921, 41.8425649], [12.3028383, 41.842764], [12.3029952, 41.8429551], [12.3036457, 41.8436691], [12.3037425, 41.8437625], [12.3038352, 41.8438354], [12.3039425, 41.8438921], [12.3041109, 41.8439472], [12.3042407, 41.8439762], [12.3044121, 41.8439962], [12.3055016, 41.844103], [12.3065158, 41.8441677], [12.3071881, 41.8441843], [12.3077312, 41.8441788], [12.3080253, 41.8441921], [12.3084238, 41.8442288], [12.3085786, 41.844242], [12.3086317, 41.844244], [12.3086862, 41.8442451], [12.3087346, 41.8442435], [12.3087844, 41.8442408], [12.3088488, 41.8442339], [12.308892, 41.8442285], [12.3089341, 41.8442211], [12.3089788, 41.8442128], [12.3091065, 41.8441844], [12.3101868, 41.8438895], [12.3102819, 41.8438675], [12.3103663, 41.8438496], [12.310552, 41.8438204], [12.3106924, 41.843803], [12.3108434, 41.8437877], [12.3110013, 41.8437805], [12.3116319, 41.843761], [12.3121184, 41.8437481], [12.3121656, 41.8437492], [12.3122142, 41.8437512], [12.3122601, 41.8437553], [12.3123074, 41.8437603], [12.3123506, 41.8437694], [12.3123938, 41.8437814], [12.3124316, 41.8437955], [12.3124682, 41.8438135], [12.3125024, 41.8438348], [12.312749, 41.8439817], [12.3132004, 41.844358], [12.3132749, 41.8444154], [12.3133548, 41.8444728], [12.3134419, 41.8445341], [12.3135345, 41.8445955], [12.3136351, 41.8446588], [12.3136894, 41.8446904], [12.3137491, 41.8447221], [12.3138217, 41.8447603], [12.3138996, 41.8447984], [12.3145597, 41.8451146], [12.314607, 41.8451329], [12.314657, 41.8451492], [12.3147044, 41.8451596], [12.3147544, 41.8451679], [12.3148213, 41.8451719], [12.3148975, 41.8451719], [12.3149595, 41.8451668], [12.3149945, 41.8451613], [12.3150255, 41.8451557], [12.3150568, 41.8451481], [12.3150841, 41.8451405], [12.3151359, 41.8451213], [12.315172, 41.8451067], [12.3152067, 41.8450901], [12.3152668, 41.8450568], [12.315324, 41.8450152], [12.3158151, 41.8445794], [12.31585, 41.8445542], [12.3158822, 41.8445319], [12.3159174, 41.8445122], [12.3159499, 41.8444955], [12.3159988, 41.8444767], [12.3160477, 41.8444638], [12.3160922, 41.8444558], [12.3161474, 41.8444478], [12.3162315, 41.8444414], [12.3163246, 41.8444392], [12.3164122, 41.844439], [12.3165036, 41.8444428], [12.3169716, 41.8444528], [12.3172248, 41.8444745], [12.3174469, 41.8444992], [12.3176697, 41.8445286], [12.3186859, 41.8446809], [12.3187588, 41.8446932], [12.3188264, 41.8447054], [12.3188981, 41.8447195], [12.3189807, 41.8447378], [12.3190553, 41.8447581], [12.3191312, 41.8447843], [12.319199, 41.8448126], [12.3192711, 41.8448457], [12.3193352, 41.8448827], [12.3196652, 41.8451076], [12.3200345, 41.8453475], [12.3201657, 41.8454268], [12.3203034, 41.8455015], [12.3210755, 41.8458866], [12.3212086, 41.845947], [12.3213335, 41.8459991], [12.3216983, 41.8461367], [12.3220483, 41.8462462], [12.3224752, 41.8463797], [12.3231592, 41.8465943], [12.3234145, 41.8466797], [12.3234727, 41.8466965], [12.3235282, 41.8467113], [12.3235977, 41.8467248], [12.3236646, 41.8467364], [12.3238144, 41.8467595], [12.3238896, 41.8467661], [12.323954, 41.8467666], [12.324029, 41.8467567], [12.3240579, 41.8467495], [12.324096, 41.8467347], [12.324127, 41.8467147], [12.3241641, 41.8466861], [12.3241998, 41.84664], [12.3242301, 41.8465859]]]}}, {"type": "Feature", "properties": {"id": "SS-ROM-14838", "nome": "Via di Monte Carnevale", "quartiere": "Municipio Roma XII", "classificazione": "giallo", "score": 3, "note": "strada urbana senza ciclabile", "ciclabile": "no", "n_corsie": "2", "senso_unico": "no", "n_testimonianze": "0", "municipio": "XII"}, "geometry": {"type": "MultiLineString", "coordinates": [[[12.2804138, 41.8363154], [12.2804257, 41.8363209], [12.2804395, 41.8363258], [12.2804513, 41.8363286], [12.2804671, 41.8363304], [12.2804821, 41.8363301], [12.2804991, 41.8363294], [12.2805194, 41.8363261], [12.280537, 41.8363218], [12.2805574, 41.836314], [12.2805752, 41.8363052], [12.280673, 41.8362372], [12.2810063, 41.8359561], [12.2810394, 41.8359331], [12.2810658, 41.8359156], [12.2810888, 41.8359032], [12.2811051, 41.8358962], [12.2811203, 41.8358911], [12.2811412, 41.8358862], [12.2811598, 41.8358838], [12.2811804, 41.8358828], [12.2812004, 41.8358832], [12.2812224, 41.835885], [12.2812405, 41.8358885], [12.2812559, 41.8358925], [12.2812743, 41.8358986], [12.2812934, 41.8359066], [12.2813098, 41.8359153], [12.2815881, 41.8360893], [12.2816308, 41.836113], [12.2816901, 41.8361424], [12.2817573, 41.8361738], [12.2818273, 41.8362012], [12.2818838, 41.8362226], [12.2819671, 41.8362509], [12.2825335, 41.8364316], [12.2827831, 41.8365027]], [[12.2835944, 41.8367808], [12.2837762, 41.8368421], [12.2838704, 41.836869], [12.2839066, 41.8368789], [12.2839378, 41.836887], [12.2839637, 41.8368931], [12.2840131, 41.8369038], [12.2840551, 41.8369134], [12.2841007, 41.8369248], [12.284139, 41.8369352], [12.2842295, 41.8369637], [12.2846381, 41.8371181], [12.286013, 41.8376782], [12.2866589, 41.8379413], [12.2867281, 41.8379695], [12.2867705, 41.8379897], [12.2868196, 41.8380148], [12.2868762, 41.8380482], [12.2870156, 41.8381489], [12.287164, 41.8382562], [12.2882665, 41.8390527], [12.288609, 41.8392873], [12.2889297, 41.8395198], [12.2889802, 41.8395486], [12.289036, 41.8395774], [12.2890988, 41.8396045], [12.2891503, 41.839625], [12.2892631, 41.8396674], [12.2893108, 41.8396856], [12.2893665, 41.8397098], [12.2894551, 41.8397516], [12.2895592, 41.8398065], [12.2899511, 41.8400135], [12.2903547, 41.8402473], [12.2904462, 41.8403034], [12.290488, 41.8403324], [12.290527, 41.8403654], [12.290573, 41.8404013], [12.2906162, 41.8404411], [12.2906881, 41.8405213], [12.290752, 41.8406074], [12.2908992, 41.8408439], [12.2909705, 41.8409691], [12.291031, 41.8411011], [12.2910693, 41.8411944], [12.2911592, 41.8414614], [12.2911888, 41.8415411], [12.2912219, 41.8416114], [12.2912451, 41.8416505], [12.291271, 41.8416896], [12.2913345, 41.8417709], [12.2916713, 41.8421402], [12.2917919, 41.8422741], [12.2919018, 41.842408], [12.2919762, 41.8425088], [12.2920398, 41.8426095], [12.2923823, 41.843277], [12.2924057, 41.843316], [12.2924329, 41.8433581], [12.2924751, 41.8434179], [12.2924915, 41.8434412], [12.2925133, 41.8434664], [12.2925378, 41.8434906], [12.2925676, 41.8435169], [12.2925966, 41.8435377], [12.2926297, 41.8435586], [12.2926734, 41.8435824], [12.2927212, 41.8436053], [12.2927725, 41.8436257], [12.2928237, 41.8436451], [12.2929449, 41.8436838], [12.2930795, 41.8437206], [12.2932222, 41.8437574], [12.2941943, 41.8439691], [12.2943223, 41.8440027], [12.2944351, 41.8440411], [12.2945398, 41.8440875], [12.2946366, 41.8441445], [12.2947333, 41.8442055], [12.2948646, 41.8443102], [12.2949194, 41.8443616], [12.2949663, 41.8444129], [12.2950076, 41.844459], [12.2950409, 41.844505], [12.2950859, 41.8445952], [12.2951629, 41.8447867], [12.2951841, 41.8448272], [12.2952107, 41.8448696], [12.295239, 41.8449048], [12.2952726, 41.844942], [12.2955887, 41.8452513], [12.2961777, 41.8458655], [12.2964668, 41.8461859], [12.2964962, 41.8462151], [12.2965229, 41.8462382], [12.2965427, 41.8462559], [12.2965744, 41.8462809], [12.2966367, 41.8463256], [12.2966738, 41.8463571], [12.2967083, 41.8463867], [12.2967435, 41.8464278], [12.296776, 41.8464669], [12.2968045, 41.846508], [12.2968303, 41.8465451], [12.2968511, 41.8465879], [12.2969293, 41.846755], [12.2969656, 41.8468287], [12.2969987, 41.8468798], [12.2970317, 41.8469269], [12.2970728, 41.8469739], [12.2971193, 41.847021], [12.2972717, 41.8471509], [12.2974401, 41.8472728], [12.2976058, 41.8473709], [12.2977849, 41.847467], [12.2978728, 41.8475025], [12.2980088, 41.8475552], [12.2981274, 41.8475903], [12.2982434, 41.8476214], [12.2983612, 41.8476487], [12.2985296, 41.8476844], [12.2988293, 41.8477394], [12.2993039, 41.8478057], [12.2996538, 41.8478561], [12.3006655, 41.8479792], [12.3009985, 41.8480116], [12.3013149, 41.8480378], [12.3015587, 41.848059], [12.3016781, 41.8480721], [12.3018056, 41.8480931], [12.3019355, 41.8481182], [12.3020734, 41.8481512], [12.3022506, 41.8482141], [12.3025618, 41.8483848], [12.3032233, 41.8487484], [12.3036594, 41.8489663], [12.3040991, 41.8491147], [12.3043627, 41.8492326], [12.3046923, 41.8494687], [12.3051553, 41.8498251], [12.3052572, 41.8499251], [12.3053552, 41.8500458], [12.3054244, 41.8501073], [12.3054744, 41.8501405], [12.3055569, 41.8501635], [12.3056571, 41.850173], [12.3057883, 41.8501623], [12.305906, 41.850132], [12.3061406, 41.8500227], [12.3064732, 41.8498571], [12.3067691, 41.8497557], [12.3071734, 41.8496582], [12.3076149, 41.8495866], [12.3082344, 41.8495396], [12.3088907, 41.8495286], [12.3093797, 41.8495737], [12.3098448, 41.8496403], [12.3103988, 41.8497649], [12.3111014, 41.8500062], [12.3118676, 41.8503031], [12.3120943, 41.8503999], [12.3123263, 41.8505046], [12.3125675, 41.8506305], [12.312814, 41.8507644], [12.3133999, 41.8510984], [12.3145452, 41.8517665], [12.3154903, 41.8523607], [12.3156163, 41.8524399], [12.3160236, 41.8527232], [12.3160421, 41.8527331], [12.3160845, 41.8527537], [12.3161256, 41.8527712], [12.3161707, 41.852789], [12.3162145, 41.8528039], [12.3162678, 41.8528191], [12.3163109, 41.8528296], [12.3169733, 41.8529496], [12.3169919, 41.8529509], [12.3170096, 41.8529506], [12.3170307, 41.8529487], [12.317047, 41.8529449], [12.317058, 41.8529406], [12.3170673, 41.852935], [12.3170753, 41.8529288], [12.3170845, 41.8529176], [12.3170903, 41.8529038], [12.3170901, 41.8528905]]]}}, {"type": "Feature", "properties": {"id": "SS-ROM-14839", "nome": "Via di Monte Cucco", "quartiere": "Municipio Roma XII", "classificazione": "giallo", "score": 3, "note": "strada urbana senza ciclabile", "ciclabile": "no", "n_corsie": "2", "senso_unico": "si", "n_testimonianze": "0", "municipio": "XII"}, "geometry": {"type": "MultiLineString", "coordinates": [[[12.4358914, 41.8466674], [12.4359705, 41.8466109], [12.4363762, 41.8462336], [12.4364172, 41.8461968], [12.4367143, 41.8459218], [12.4369706, 41.8456815], [12.4372235, 41.8454397], [12.4374982, 41.8451659], [12.4378361, 41.8448269], [12.437934, 41.8447315], [12.4382603, 41.8444183], [12.4385848, 41.8440998], [12.4386277, 41.8440546], [12.4386778, 41.8439962], [12.4387233, 41.8439395], [12.4387654, 41.843882], [12.4387976, 41.8438381], [12.4388769, 41.843718], [12.4389848, 41.843543], [12.4390214, 41.8434767], [12.4390545, 41.8434103], [12.4391028, 41.8433039], [12.4392181, 41.8430151], [12.4393449, 41.8426891], [12.4393896, 41.8425811], [12.4394504, 41.8424434], [12.4395372, 41.842229], [12.4396118, 41.842046], [12.4396391, 41.8419741], [12.439662, 41.8419141]], [[12.4358053, 41.8467255], [12.4358914, 41.8466674]], [[12.439662, 41.8419141], [12.4396897, 41.8418383], [12.4397174, 41.8417626], [12.4400375, 41.8410455], [12.4400961, 41.8409278], [12.440116, 41.8408879], [12.4401449, 41.840841], [12.4401737, 41.8408049], [12.440199, 41.8407755], [12.4402372, 41.8407378], [12.4402736, 41.8407041], [12.4403658, 41.8406283], [12.4404598, 41.8405559], [12.4407685, 41.8403075], [12.4408022, 41.8402855], [12.4408279, 41.8402732], [12.4408603, 41.8402624], [12.4409015, 41.8402556], [12.4409334, 41.8402546], [12.4410711, 41.840263], [12.4413239, 41.8402928], [12.4417458, 41.840344], [12.4418228, 41.8403499], [12.4418808, 41.840352], [12.4419328, 41.8403522], [12.441964, 41.8403496]]]}}, {"type": "Feature", "properties": {"id": "SS-ROM-14847", "nome": "Via di Monte Stallonara", "quartiere": "Municipio Roma XII", "classificazione": "giallo", "score": 3, "note": "strada urbana senza ciclabile", "ciclabile": "no", "n_corsie": "2", "senso_unico": "no", "n_testimonianze": "0", "municipio": "XII"}, "geometry": {"type": "MultiLineString", "coordinates": [[[12.3426334, 41.8358896], [12.3428096, 41.8361226], [12.3428358, 41.8361647], [12.3428595, 41.8362049], [12.3428827, 41.8362531], [12.3429033, 41.8362993], [12.3429394, 41.8363993], [12.3429679, 41.8364954], [12.3429794, 41.8365256], [12.3429934, 41.8365586], [12.3430089, 41.8365894], [12.3430295, 41.8366249], [12.3430527, 41.8366567], [12.3430796, 41.8366884], [12.3431015, 41.8367118], [12.3431247, 41.8367333], [12.3431529, 41.8367539], [12.3431812, 41.8367726], [12.3432118, 41.8367905], [12.3432462, 41.8368065], [12.3432793, 41.8368206], [12.3433162, 41.8368347], [12.3439813, 41.8370546], [12.3442732, 41.8371422], [12.3443205, 41.8371564], [12.3449902, 41.8373623], [12.3455681, 41.8375434], [12.3460133, 41.8377519]], [[12.3460133, 41.8377519], [12.3461198, 41.837821], [12.346324, 41.8379415], [12.3466274, 41.8381172], [12.3470425, 41.8383289], [12.3472105, 41.8384465], [12.3472922, 41.8385055], [12.3473702, 41.8385681], [12.3478939, 41.8390052], [12.3480904, 41.839195], [12.3481485, 41.8392559], [12.3482627, 41.8393815], [12.3483194, 41.8394685], [12.348356, 41.8395445], [12.3484063, 41.8396354], [12.3484339, 41.8396944], [12.3484792, 41.8397564], [12.3485367, 41.8398271], [12.348603, 41.8398983], [12.3486536, 41.8399527], [12.348698, 41.8399963], [12.3487863, 41.8400724], [12.3488955, 41.8401605], [12.3489492, 41.8401996], [12.3493798, 41.8404921], [12.3499377, 41.8408365], [12.3502427, 41.8409907], [12.3506312, 41.8411872], [12.3520416, 41.8418435]], [[12.3520416, 41.8418435], [12.3529105, 41.8422637], [12.3533742, 41.8425229], [12.3537125, 41.8427897], [12.3542355, 41.8432544], [12.3543129, 41.8433231], [12.3547627, 41.843669], [12.3550966, 41.8439258], [12.3552397, 41.8440414], [12.3553097, 41.8440979], [12.3553903, 41.8441655], [12.3554764, 41.8442331], [12.3555735, 41.8443261], [12.3555885, 41.8443799]]]}}, {"type": "Feature", "properties": {"id": "SS-ROM-14852", "nome": "Via di Monteverde", "quartiere": "Municipio Roma XII", "classificazione": "giallo", "score": 3, "note": "strada urbana senza ciclabile (1 corsie)", "ciclabile": "no", "n_corsie": "1", "senso_unico": "si", "n_testimonianze": "0", "municipio": "XII"}, "geometry": {"type": "MultiLineString", "coordinates": [[[12.4462233, 41.8697207], [12.4462992, 41.8697575], [12.4470296, 41.8701106], [12.4471497, 41.8701732]], [[12.4449315, 41.8698109], [12.4448506, 41.8698116], [12.4444906, 41.8698139], [12.4434949, 41.8698191], [12.4433999, 41.8698193]], [[12.4499302, 41.8712275], [12.4500423, 41.871232], [12.4500751, 41.8712333], [12.4502039, 41.8712385]], [[12.4433999, 41.8698193], [12.4432521, 41.8698225]], [[12.448623, 41.8709177], [12.4489002, 41.8710532]], [[12.4489002, 41.8710532], [12.4489634, 41.8710885], [12.449004, 41.8711059], [12.4490462, 41.8711221], [12.4490919, 41.8711368], [12.4491377, 41.8711491], [12.4492051, 41.8711636], [12.4492694, 41.8711739], [12.4493411, 41.8711825], [12.4495337, 41.8711993], [12.4497665, 41.8712175], [12.4498356, 41.8712229], [12.4499302, 41.8712275]], [[12.4457485, 41.8698101], [12.4456262, 41.869807], [12.4449315, 41.8698109]], [[12.4471497, 41.8701732], [12.4482552, 41.8707306], [12.4482983, 41.8707525], [12.448623, 41.8709177]]]}}, {"type": "Feature", "properties": {"id": "SS-ROM-14867", "nome": "Via di Pino Lecce", "quartiere": "Municipio Roma XII", "classificazione": "giallo", "score": 3, "note": "strada urbana senza ciclabile", "ciclabile": "no", "n_corsie": "2", "senso_unico": "no", "n_testimonianze": "0", "municipio": "XII"}, "geometry": {"type": "LineString", "coordinates": [[12.4245172, 41.8341193], [12.4245555, 41.8345939], [12.4245722, 41.8347004], [12.4245828, 41.8348123], [12.42465, 41.8356199]]}}, {"type": "Feature", "properties": {"id": "SS-ROM-14868", "nome": "Via di Poggio Verde", "quartiere": "Municipio Roma XII", "classificazione": "giallo", "score": 3, "note": "strada urbana senza ciclabile (1 corsie)", "ciclabile": "no", "n_corsie": "1", "senso_unico": "si", "n_testimonianze": "0", "municipio": "XII"}, "geometry": {"type": "LineString", "coordinates": [[12.4187846, 41.8565828], [12.4188342, 41.8566643], [12.4188516, 41.8566887], [12.4188652, 41.8567034], [12.4188818, 41.8567167], [12.4188992, 41.8567266], [12.4189261, 41.8567376], [12.4189537, 41.8567469], [12.4192203, 41.8568103]]}}, {"type": "Feature", "properties": {"id": "SS-ROM-14871", "nome": "Via di Ponte Galeria", "quartiere": "Municipio Roma XII", "classificazione": "rosso", "score": 4, "note": "strada secondaria trafficata (2 corsie)", "ciclabile": "no", "n_corsie": "2", "senso_unico": "no", "n_testimonianze": "0", "municipio": "XII"}, "geometry": {"type": "MultiLineString", "coordinates": [[[12.33548, 41.8427385], [12.3356136, 41.8423983], [12.3356921, 41.8422132], [12.3358625, 41.8418262], [12.3359372, 41.8416451], [12.3362979, 41.84077], [12.3365944, 41.8400508], [12.3366472, 41.8399235], [12.3368839, 41.8393531], [12.3373116, 41.8383223], [12.337967, 41.8367205], [12.338236, 41.8360731], [12.3386297, 41.8351256], [12.3390665, 41.8340627], [12.3395202, 41.8329898], [12.3396364, 41.8327007], [12.3397637, 41.8324474], [12.339921, 41.8321847]], [[12.339921, 41.8321847], [12.3401343, 41.831885], [12.3403255, 41.8316164], [12.3407661, 41.8309735], [12.3412252, 41.8302751], [12.341567, 41.8297656], [12.3422118, 41.8288256], [12.3425748, 41.8282847], [12.3427883, 41.8279524], [12.3428547, 41.8278352], [12.342891, 41.8277629], [12.3429342, 41.8276653], [12.3429587, 41.8275917], [12.3429821, 41.8275111], [12.3430047, 41.8273998], [12.3430161, 41.8273274], [12.3430248, 41.8272549], [12.3430285, 41.8271593], [12.3430267, 41.8270717], [12.3430118, 41.826978], [12.3429941, 41.8268923], [12.3429692, 41.8268066], [12.342939, 41.826715], [12.3428638, 41.8265332], [12.3424545, 41.8257022], [12.3420533, 41.8249393], [12.3416855, 41.8241886], [12.3416286, 41.8240521], [12.3415824, 41.8239236], [12.3415445, 41.8237791], [12.3415174, 41.8236426], [12.3415074, 41.8234771], [12.3415189, 41.8233195], [12.3415477, 41.8231623], [12.3415819, 41.8230291], [12.3416045, 41.8229522], [12.3416271, 41.8228793], [12.3416513, 41.8228131], [12.3416755, 41.8227508], [12.3417347, 41.8226184], [12.3418089, 41.822465], [12.3418937, 41.8223036], [12.3419702, 41.822169], [12.3420306, 41.8220504], [12.3420595, 41.8219852], [12.342083, 41.821912], [12.3421032, 41.8218137], [12.3421206, 41.821689], [12.3421238, 41.821431], [12.3420991, 41.8211053], [12.3421042, 41.8208933], [12.3421118, 41.8207904], [12.3421207, 41.8207403], [12.3421315, 41.8206892], [12.3421465, 41.8206351], [12.3421634, 41.8205799], [12.3421885, 41.8205187], [12.3422216, 41.8204575], [12.3422396, 41.8204304], [12.3422575, 41.8204033], [12.342304, 41.8203491], [12.3423425, 41.8203153], [12.342389, 41.8202776], [12.3424251, 41.8202556], [12.3424625, 41.8202346], [12.3425053, 41.8202146], [12.3425495, 41.8201956]], [[12.332576, 41.8476085], [12.3330918, 41.846935], [12.3335265, 41.8462567], [12.3339063, 41.8456321], [12.3342563, 41.8450626], [12.3343196, 41.8449537], [12.3344376, 41.8447508], [12.3348919, 41.843954], [12.3349406, 41.8438639], [12.3349839, 41.8437791], [12.3353294, 41.8430544], [12.33548, 41.8427385]], [[12.3425495, 41.8201956], [12.3428934, 41.8200705], [12.343119, 41.8199885], [12.3431929, 41.819965], [12.3432481, 41.8199489], [12.3433153, 41.8199314], [12.3433902, 41.8199133]]]}}, {"type": "Feature", "properties": {"id": "SS-ROM-14942", "nome": "Via di San Pantaleo Campano", "quartiere": "Municipio Roma XII", "classificazione": "giallo", "score": 3, "note": "strada urbana senza ciclabile (1 corsie)", "ciclabile": "no", "n_corsie": "1", "senso_unico": "si", "n_testimonianze": "0", "municipio": "XII"}, "geometry": {"type": "MultiLineString", "coordinates": [[[12.438687, 41.8487689], [12.4386405, 41.8488921], [12.4386309, 41.8489168], [12.438622, 41.8489396], [12.4385269, 41.8491847], [12.438282, 41.8497337]], [[12.4382026, 41.8499269], [12.4379343, 41.8505887], [12.4378434, 41.8508311], [12.4377321, 41.8510908], [12.437662, 41.8512415], [12.4375659, 41.8514479], [12.4372767, 41.852069], [12.4371637, 41.8523282], [12.4370218, 41.852657], [12.4368367, 41.8530783], [12.4367652, 41.8532599], [12.4367633, 41.8532803], [12.4367666, 41.853302], [12.4367762, 41.8533296], [12.4367983, 41.8533577], [12.4368162, 41.8533728], [12.4368378, 41.8533865], [12.4368844, 41.8534114], [12.4369356, 41.8534373], [12.4370491, 41.8534886], [12.4370961, 41.8535049], [12.4373249, 41.8535748]], [[12.438282, 41.8497337], [12.4382026, 41.8499269]], [[12.4373756, 41.8486995], [12.438622, 41.8489396]]]}}, {"type": "Feature", "properties": {"id": "SS-ROM-14944", "nome": "Via di San Raffaele", "quartiere": "Municipio Roma XII", "classificazione": "giallo", "score": 3, "note": "strada urbana senza ciclabile", "ciclabile": "no", "n_corsie": "2", "senso_unico": "no", "n_testimonianze": "0", "municipio": "XII"}, "geometry": {"type": "LineString", "coordinates": [[12.4378237, 41.8436007], [12.4375847, 41.8447633]]}}, {"type": "Feature", "properties": {"id": "SS-ROM-14982", "nome": "Via di Santa Beatrice", "quartiere": "Municipio Roma XII", "classificazione": "giallo", "score": 3, "note": "strada urbana senza ciclabile", "ciclabile": "no", "n_corsie": "2", "senso_unico": "no", "n_testimonianze": "0", "municipio": "XII"}, "geometry": {"type": "LineString", "coordinates": [[12.4302928, 41.8363033], [12.4301074, 41.8367149], [12.4300554, 41.836836], [12.4300132, 41.8370399], [12.4299897, 41.8371532], [12.4299714, 41.8371939], [12.4299491, 41.8372346], [12.4299175, 41.8372751], [12.4298819, 41.8373156], [12.4298358, 41.8373585], [12.4296585, 41.8375265], [12.4295606, 41.8376847], [12.4295103, 41.8377787], [12.4294681, 41.8378342], [12.4292194, 41.8379726], [12.429103, 41.8380433], [12.4289085, 41.8384388]]}}, {"type": "Feature", "properties": {"id": "SS-ROM-15066", "nome": "Via di Val Tellina", "quartiere": "Municipio Roma XII", "classificazione": "giallo", "score": 3, "note": "strada urbana senza ciclabile (2 corsie)", "ciclabile": "no", "n_corsie": "2", "senso_unico": "no", "n_testimonianze": "0", "municipio": "XII"}, "geometry": {"type": "MultiLineString", "coordinates": [[[12.4463722, 41.8695227], [12.4464635, 41.8694056], [12.4466229, 41.8691916], [12.4468517, 41.868877], [12.4472041, 41.8683877], [12.4473646, 41.8681702], [12.4474974, 41.8679969], [12.4476189, 41.8678411], [12.4476979, 41.8677411], [12.4479824, 41.8674032], [12.4480992, 41.8672635], [12.4484948, 41.8667742], [12.4485819, 41.8666666]], [[12.4492832, 41.8657567], [12.4492411, 41.8658285], [12.4491415, 41.8659643]], [[12.4485819, 41.8666666], [12.4488662, 41.8663063], [12.4491415, 41.8659643]]]}}, {"type": "Feature", "properties": {"id": "SS-ROM-15071", "nome": "Via di Valle Bruciata", "quartiere": "Municipio Roma XII", "classificazione": "giallo", "score": 3, "note": "strada urbana senza ciclabile", "ciclabile": "no", "n_corsie": "2", "senso_unico": "no", "n_testimonianze": "0", "municipio": "XII"}, "geometry": {"type": "MultiLineString", "coordinates": [[[12.3167738, 41.8683299], [12.3167802, 41.8684203], [12.3167886, 41.8684867], [12.316795, 41.8685372], [12.3168299, 41.868641], [12.3168768, 41.8687259], [12.3169465, 41.8688098], [12.3173636, 41.8693052], [12.317479, 41.869457], [12.3175782, 41.8695828], [12.3176828, 41.8697446], [12.3177659, 41.8698884], [12.3178706, 41.8701241], [12.3182327, 41.8712306], [12.3184807, 41.8717135], [12.3185794, 41.8718665], [12.3187049, 41.8720354], [12.3191607, 41.8729383], [12.3192894, 41.8731819], [12.3193699, 41.8733876], [12.3196435, 41.8741686], [12.3197535, 41.8744342], [12.3198527, 41.8746419], [12.3199707, 41.8748077], [12.3200834, 41.8749554], [12.3202443, 41.8751532], [12.320475, 41.8754108], [12.320703, 41.8756505], [12.3208451, 41.8757803], [12.3209953, 41.8759221], [12.3211107, 41.8760279], [12.3212394, 41.8761238], [12.3219585, 41.876717], [12.3225271, 41.8772531], [12.3226016, 41.8773166], [12.3226892, 41.8773876], [12.3227794, 41.8774486], [12.3229787, 41.8775348], [12.3235766, 41.877737], [12.3255421, 41.8783028], [12.3257358, 41.8783652], [12.3258676, 41.8784101], [12.326075, 41.8784791], [12.3263496, 41.8785886], [12.3272607, 41.8789498], [12.3274072, 41.8790144], [12.327466, 41.8790393], [12.3275261, 41.8790632], [12.3275717, 41.8790791], [12.3276185, 41.879094], [12.3284366, 41.8793366], [12.3284642, 41.8793452], [12.3284944, 41.8793537], [12.3285244, 41.8793618], [12.328557, 41.8793699], [12.3286195, 41.8793861], [12.3286821, 41.8794052], [12.3287446, 41.8794284], [12.3288018, 41.8794564], [12.3288591, 41.8794884], [12.3289163, 41.8795233], [12.3289574, 41.8795483], [12.3290044, 41.8795844], [12.3306473, 41.8809698], [12.3306814, 41.8809985], [12.3320869, 41.8822597], [12.3321621, 41.8823318], [12.3322347, 41.882408], [12.3322905, 41.8824718], [12.3323437, 41.8825397], [12.3328846, 41.8832984], [12.3330678, 41.8835553], [12.3331185, 41.8836264]], [[12.3167768, 41.8682067], [12.3167738, 41.8683299]], [[12.3167931, 41.8676253], [12.3167882, 41.8677427], [12.3167768, 41.8682067]]]}}, {"type": "Feature", "properties": {"id": "SS-ROM-15095", "nome": "Via di Vigna Alvi", "quartiere": "Municipio Roma XII", "classificazione": "giallo", "score": 3, "note": "strada urbana senza ciclabile", "ciclabile": "no", "n_corsie": "2", "senso_unico": "no", "n_testimonianze": "0", "municipio": "XII"}, "geometry": {"type": "LineString", "coordinates": [[12.4402012, 41.8745629], [12.4402457, 41.8745593], [12.4411998, 41.874482], [12.4415272, 41.8744642]]}}, {"type": "Feature", "properties": {"id": "SS-ROM-15096", "nome": "Via di Vigna Ceccarelli", "quartiere": "Municipio Roma XII", "classificazione": "giallo", "score": 3, "note": "strada urbana senza ciclabile", "ciclabile": "no", "n_corsie": "2", "senso_unico": "no", "n_testimonianze": "0", "municipio": "XII"}, "geometry": {"type": "LineString", "coordinates": [[12.4314503, 41.8469885], [12.4314891, 41.8467528], [12.4314982, 41.8466189], [12.4315572, 41.8463667], [12.4316423, 41.8461641], [12.431726, 41.8459624], [12.4317525, 41.8458749], [12.4317992, 41.8457337], [12.4317888, 41.8456385], [12.4316937, 41.8450139]]}}, {"type": "Feature", "properties": {"id": "SS-ROM-15097", "nome": "Via di Vigna Consorti", "quartiere": "Municipio Roma XII", "classificazione": "giallo", "score": 3, "note": "strada urbana senza ciclabile", "ciclabile": "no", "n_corsie": "2", "senso_unico": "no", "n_testimonianze": "0", "municipio": "XII"}, "geometry": {"type": "LineString", "coordinates": [[12.432152, 41.8463925], [12.4326801, 41.8464989], [12.4327072, 41.8465097], [12.4327233, 41.84653], [12.4327451, 41.8465864], [12.4327577, 41.8466235], [12.4327689, 41.8466378], [12.4327944, 41.8466487], [12.4329944, 41.8466966], [12.4332409, 41.8467562], [12.4336767, 41.8464462], [12.4337507, 41.8463862], [12.4340288, 41.8461605], [12.4342126, 41.8460113], [12.4343165, 41.8458967], [12.4346589, 41.8454447], [12.43472, 41.845363], [12.4347819, 41.8453521], [12.4348348, 41.8453496], [12.4348992, 41.8453534], [12.4349635, 41.8453622], [12.4350181, 41.8453728], [12.4351296, 41.8453998], [12.43535, 41.8454672], [12.4358327, 41.8456], [12.4358875, 41.8456146], [12.4359269, 41.8456237], [12.4360055, 41.8456386]]}}, {"type": "Feature", "properties": {"id": "SS-ROM-15102", "nome": "Via di Vigna Girelli", "quartiere": "Municipio Roma XII", "classificazione": "giallo", "score": 3, "note": "strada urbana senza ciclabile (2 corsie)", "ciclabile": "no", "n_corsie": "2", "senso_unico": "no", "n_testimonianze": "0", "municipio": "XII"}, "geometry": {"type": "MultiLineString", "coordinates": [[[12.4288463, 41.841256], [12.4281558, 41.8414763], [12.4278597, 41.8415676], [12.4277773, 41.841593], [12.4268923, 41.8418396], [12.4268248, 41.8418584]], [[12.4215753, 41.842709], [12.4216391, 41.8427148], [12.422553, 41.8428019], [12.4229007, 41.8428318], [12.4229956, 41.8428386], [12.4230804, 41.8428424], [12.4231326, 41.8428391], [12.423201, 41.842829], [12.423289, 41.8428118], [12.4238084, 41.8426796], [12.4245977, 41.8424648], [12.4246412, 41.8424529], [12.4247103, 41.8424349], [12.4253334, 41.8422664], [12.4256176, 41.8421874], [12.4258902, 41.8421183], [12.4259491, 41.8421009], [12.4262414, 41.8420197], [12.4268248, 41.8418584]]]}}, {"type": "Feature", "properties": {"id": "SS-ROM-15109", "nome": "Via di Vigna Rigacci", "quartiere": "Municipio Roma XII", "classificazione": "giallo", "score": 3, "note": "strada urbana senza ciclabile (1 corsie)", "ciclabile": "no", "n_corsie": "1", "senso_unico": "si", "n_testimonianze": "0", "municipio": "XII"}, "geometry": {"type": "LineString", "coordinates": [[12.4288575, 41.8791664], [12.4285307, 41.8789838], [12.4283337, 41.878872], [12.4283014, 41.8788502], [12.4282864, 41.8788381], [12.4282781, 41.8788251], [12.4282714, 41.8788064], [12.4282726, 41.878788], [12.4282799, 41.8787707], [12.4284523, 41.8785463], [12.4279987, 41.8783802], [12.4279045, 41.8783425]]}}, {"type": "Feature", "properties": {"id": "SS-ROM-15111", "nome": "Via di Vigna Zega", "quartiere": "Municipio Roma XII", "classificazione": "giallo", "score": 3, "note": "strada urbana senza ciclabile", "ciclabile": "no", "n_corsie": "2", "senso_unico": "no", "n_testimonianze": "0", "municipio": "XII"}, "geometry": {"type": "LineString", "coordinates": [[12.4230804, 41.8428424], [12.4233889, 41.8424743], [12.4242359, 41.8415838], [12.4246808, 41.841167], [12.4249227, 41.8409553], [12.4253574, 41.8404498]]}}, {"type": "Feature", "properties": {"id": "SS-ROM-15138", "nome": "Via di Villa Troili", "quartiere": "Municipio Roma XII", "classificazione": "giallo", "score": 3, "note": "strada urbana senza ciclabile (2 corsie)", "ciclabile": "no", "n_corsie": "2", "senso_unico": "si", "n_testimonianze": "0", "municipio": "XII"}, "geometry": {"type": "MultiLineString", "coordinates": [[[12.4068661, 41.8785899], [12.4069398, 41.8787073], [12.4069682, 41.8787578], [12.4070017, 41.8788433], [12.4070393, 41.8789478], [12.4071854, 41.8793431], [12.4073317, 41.8797163], [12.4073786, 41.8798563], [12.4074081, 41.8799842], [12.4074148, 41.880078], [12.4074107, 41.8801719], [12.4073879, 41.8802857], [12.4073437, 41.8803995], [12.4071307, 41.8809155], [12.4068671, 41.881554], [12.4068213, 41.8816518], [12.4067693, 41.8817557], [12.4067306, 41.8818257], [12.4066836, 41.8819106], [12.4065314, 41.8821859], [12.4064923, 41.8822733], [12.4064586, 41.8823626], [12.4064237, 41.8824804], [12.406413, 41.8825493], [12.406413, 41.8826302], [12.4064237, 41.8826911], [12.4064451, 41.882756], [12.4064761, 41.8828246], [12.406523, 41.882905], [12.406607, 41.8830455], [12.40663, 41.883092], [12.4066475, 41.8831308], [12.406661, 41.883174], [12.4066701, 41.8832139], [12.4066754, 41.8832578], [12.4066744, 41.883303], [12.406669, 41.8833458], [12.4066591, 41.883383], [12.4066491, 41.8834181], [12.4066329, 41.8834549], [12.4065924, 41.883558], [12.4065366, 41.8836898], [12.4065089, 41.8837634], [12.406497, 41.8838257], [12.4064934, 41.883893], [12.4064963, 41.8839582], [12.406511, 41.8840292], [12.4065367, 41.884116]], [[12.4075469, 41.8883948], [12.4076455, 41.8885172], [12.4077204, 41.8886], [12.4078094, 41.8886882], [12.4080885, 41.8889094]], [[12.4065367, 41.884116], [12.4068407, 41.8843696], [12.4069048, 41.8844198], [12.406976, 41.884472], [12.4070553, 41.8845223], [12.4071412, 41.8845735], [12.4072272, 41.8846208], [12.4075023, 41.8847466], [12.4081385, 41.8850374], [12.4083313, 41.8851342], [12.4085582, 41.8852599], [12.4086064, 41.8852889], [12.4086383, 41.8853134], [12.4086594, 41.8853378], [12.4086727, 41.8853654], [12.4086834, 41.8853899], [12.4086923, 41.8854286], [12.4086959, 41.8854693], [12.408693, 41.8854917], [12.4086884, 41.8855167], [12.4086764, 41.8855628], [12.4086622, 41.8855953], [12.4086392, 41.8856357], [12.4084424, 41.8859768], [12.4082619, 41.886336], [12.4082461, 41.8863746], [12.408232, 41.8864158], [12.4081636, 41.8866724], [12.4081451, 41.8867295], [12.4081213, 41.8867865], [12.4080944, 41.8868425], [12.4080604, 41.8869039], [12.4080373, 41.8869367], [12.4078922, 41.8870973], [12.4076605, 41.8873807], [12.4075414, 41.8875692], [12.4075183, 41.8876119], [12.407487, 41.8876992], [12.4074609, 41.887784], [12.4074482, 41.8878464], [12.4074373, 41.8879129], [12.4074332, 41.8879719], [12.4074309, 41.8880296], [12.4074353, 41.8881237], [12.4074407, 41.8881534], [12.4074495, 41.8881844], [12.4074691, 41.8882382], [12.407494, 41.8882934], [12.4075469, 41.8883948]], [[12.4065839, 41.874828], [12.4065478, 41.8747257], [12.4065391, 41.8747023], [12.406533, 41.8746803], [12.4065254, 41.8746508], [12.4065215, 41.8746253], [12.4065221, 41.8746159], [12.4065241, 41.8746085]], [[12.4066077, 41.8746015], [12.4065974, 41.8746688], [12.4065947, 41.8746929], [12.4065943, 41.8747099], [12.4065938, 41.8747301], [12.4065922, 41.8747599], [12.4065898, 41.87479], [12.4065839, 41.874828]], [[12.4065839, 41.874828], [12.4065895, 41.8748831], [12.4066434, 41.8755442], [12.4068541, 41.8780109], [12.4068523, 41.8780428], [12.4068384, 41.8780867]], [[12.4068384, 41.8780867], [12.4068387, 41.8781892], [12.406839, 41.8782471]], [[12.4066915, 41.8781932], [12.4068384, 41.8780867]], [[12.4067099, 41.8784778], [12.4066517, 41.8784736], [12.4066203, 41.8784674], [12.406589, 41.8784582], [12.4065454, 41.8784345], [12.4065265, 41.8784159], [12.4065035, 41.8783852], [12.4064934, 41.8783484], [12.4064914, 41.8783197], [12.4064945, 41.8782934]], [[12.4068337, 41.8784282], [12.4068661, 41.8785899]], [[12.4068661, 41.8785899], [12.4067547, 41.87851], [12.4067099, 41.8784778]], [[12.4066586, 41.878194], [12.4066915, 41.8781932]], [[12.4068337, 41.8784282], [12.4068088, 41.8784436], [12.4067777, 41.878459], [12.4067499, 41.8784691], [12.4067099, 41.8784778]], [[12.4066045, 41.8782028], [12.4066586, 41.878194]], [[12.4064945, 41.8782934], [12.4065115, 41.8782647], [12.4065298, 41.8782464], [12.4065563, 41.8782274], [12.4065814, 41.8782121], [12.4066045, 41.8782028]], [[12.4066915, 41.8781932], [12.4067304, 41.8781958], [12.4067608, 41.8782037], [12.4067892, 41.8782146], [12.4068141, 41.8782267], [12.406839, 41.8782471]], [[12.406839, 41.8782471], [12.4068541, 41.8782632], [12.4068673, 41.8782906], [12.406876, 41.8783097], [12.4068786, 41.8783393], [12.4068771, 41.8783583], [12.4068676, 41.8783819], [12.4068527, 41.878405], [12.4068337, 41.8784282]]]}}, {"type": "Feature", "properties": {"id": "SS-ROM-15139", "nome": "Via di Villa Zingone", "quartiere": "Municipio Roma XII", "classificazione": "giallo", "score": 3, "note": "strada urbana senza ciclabile", "ciclabile": "no", "n_corsie": "2", "senso_unico": "no", "n_testimonianze": "0", "municipio": "XII"}, "geometry": {"type": "LineString", "coordinates": [[12.437733, 41.865839], [12.4366384, 41.8658372], [12.4365264, 41.8658305], [12.4364566, 41.8658203], [12.4363875, 41.8658086], [12.4363001, 41.8657826], [12.4362514, 41.8657618], [12.4362046, 41.86573], [12.4361715, 41.8656964], [12.4361517, 41.8656552], [12.4360479, 41.8651227], [12.4358005, 41.8647368], [12.4357572, 41.8641655], [12.4353442, 41.8641432], [12.4352571, 41.8641488], [12.4351956, 41.8641675], [12.4351314, 41.8642034], [12.4350832, 41.8642752], [12.4350386, 41.8647729], [12.4350964, 41.8655351], [12.4346627, 41.8655403]]}}, {"type": "Feature", "properties": {"id": "SS-ROM-15192", "nome": "Viale Arturo Martini", "quartiere": "Municipio Roma XII", "classificazione": "giallo", "score": 3, "note": "strada urbana senza ciclabile (1 corsie)", "ciclabile": "no", "n_corsie": "1", "senso_unico": "si", "n_testimonianze": "0", "municipio": "XII"}, "geometry": {"type": "MultiLineString", "coordinates": [[[12.4139389, 41.8477109], [12.4140681, 41.8475361], [12.4141033, 41.8474829], [12.4141323, 41.8474303], [12.4141552, 41.8473771], [12.4141787, 41.8473319], [12.414206, 41.8472921], [12.4142175, 41.8472782], [12.4142318, 41.8472653], [12.4142412, 41.8472587], [12.4142696, 41.8472442], [12.4142944, 41.847232], [12.4143161, 41.8472247], [12.4143388, 41.8472173], [12.4143704, 41.8472082]], [[12.4146719, 41.8477744], [12.4145459, 41.8476589], [12.4145228, 41.8476437], [12.4144956, 41.8476304], [12.4144658, 41.8476212], [12.414436, 41.8476139], [12.4143997, 41.8476091], [12.4143547, 41.8476067], [12.4143267, 41.8476069], [12.4142988, 41.8476081], [12.4142737, 41.8476107], [12.4142487, 41.8476143], [12.4142072, 41.8476239], [12.4141675, 41.847639], [12.414144, 41.8476516], [12.4141174, 41.8476694], [12.4140775, 41.8476998]], [[12.4152224, 41.847505], [12.4148083, 41.8474799], [12.4146855, 41.8474726], [12.4145828, 41.8474712], [12.4145154, 41.8474711]], [[12.4129454, 41.848675], [12.4130517, 41.8486599], [12.4131041, 41.8486433], [12.4131372, 41.8486294], [12.4131643, 41.8486156], [12.4131963, 41.8485904], [12.4132203, 41.8485698], [12.4133203, 41.8484474], [12.4139389, 41.8477109]], [[12.4145154, 41.8474711], [12.4144726, 41.8474763], [12.4144347, 41.8474842], [12.4144001, 41.847494], [12.414349, 41.8475117], [12.4143073, 41.8475272], [12.4142721, 41.8475404], [12.4142382, 41.8475572], [12.4141963, 41.8475823], [12.4141771, 41.8475964], [12.4141517, 41.8476187], [12.4140775, 41.8476998]], [[12.4140775, 41.8476998], [12.4140004, 41.8477855], [12.4138622, 41.8479469], [12.4134032, 41.8484828], [12.4133756, 41.8485149]], [[12.4139389, 41.8477109], [12.4140093, 41.8475255], [12.4140426, 41.8474511], [12.4140549, 41.8474113], [12.414062, 41.8473756], [12.4140643, 41.8473361], [12.4140628, 41.8472648], [12.4140564, 41.8472109], [12.4140494, 41.8471686], [12.4140393, 41.8471149], [12.4139662, 41.8468696]], [[12.4133756, 41.8485149], [12.4132545, 41.8486563], [12.4132294, 41.848683], [12.4131991, 41.8487112], [12.4131607, 41.8487548], [12.4131067, 41.8488248]]]}}, {"type": "Feature", "properties": {"id": "SS-ROM-15274", "nome": "Viale Giannantonio Selva", "quartiere": "Municipio Roma XII", "classificazione": "giallo", "score": 3, "note": "strada urbana senza ciclabile", "ciclabile": "no", "n_corsie": "2", "senso_unico": "si", "n_testimonianze": "0", "municipio": "XII"}, "geometry": {"type": "MultiLineString", "coordinates": [[[12.4044926, 41.8714177], [12.4045362, 41.8713768], [12.4045825, 41.8713359], [12.404613, 41.8713102], [12.4046468, 41.8712819], [12.4046941, 41.8712424], [12.4047127, 41.8712281], [12.4047394, 41.8712105], [12.4047808, 41.8711878], [12.4048268, 41.8711644], [12.4048745, 41.8711437], [12.4049351, 41.8711202], [12.4050068, 41.8710958], [12.4050547, 41.8710812], [12.4051443, 41.871056], [12.4052383, 41.8710321], [12.4053212, 41.8710131], [12.4054094, 41.8709942], [12.4054945, 41.8709789], [12.405592, 41.8709623], [12.4057044, 41.8709484], [12.4058035, 41.8709403], [12.4058834, 41.870936], [12.4059792, 41.8709317], [12.4060595, 41.8709299], [12.4061388, 41.8709307], [12.4062116, 41.870933], [12.4062826, 41.8709366], [12.4064193, 41.8709438], [12.4065537, 41.8709574], [12.4066118, 41.870967], [12.4066408, 41.8709732], [12.4066609, 41.8709795], [12.406696, 41.8709938], [12.4067182, 41.8710067], [12.4067369, 41.8710197], [12.4067761, 41.8710447], [12.4068159, 41.8710667]], [[12.4068159, 41.8710667], [12.4067807, 41.8712518], [12.4067196, 41.8715586], [12.4067105, 41.8715884], [12.4067012, 41.8716189], [12.4066905, 41.8716433], [12.4066728, 41.8716658], [12.4066506, 41.8716844], [12.4066243, 41.8716994], [12.4065962, 41.8717107], [12.4065628, 41.8717203], [12.4065276, 41.8717259], [12.406488, 41.8717307], [12.4064559, 41.8717315], [12.4064249, 41.8717296], [12.406394, 41.8717239], [12.406371, 41.8717171], [12.4063463, 41.8717083], [12.406298, 41.8716792], [12.4062532, 41.8716541], [12.406203, 41.8716353], [12.4061533, 41.871621], [12.4060938, 41.871612], [12.4060122, 41.8716052], [12.4059732, 41.8716037], [12.4059252, 41.8716035], [12.40586, 41.871606], [12.4057985, 41.8716113], [12.4057299, 41.8716211], [12.4056973, 41.8716265], [12.4056611, 41.8716346], [12.4056047, 41.8716494], [12.4055371, 41.871672], [12.4054828, 41.871694], [12.4054178, 41.8717259], [12.4053821, 41.8717469], [12.4053518, 41.8717678], [12.4053238, 41.8717902], [12.405294, 41.8718165], [12.4052504, 41.871854], [12.4052113, 41.8718915], [12.4051722, 41.8719337], [12.4051087, 41.8720157], [12.4050892, 41.8720428], [12.405079, 41.8720594], [12.4050774, 41.8720626], [12.4050688, 41.87208], [12.4050562, 41.8721092], [12.4050436, 41.8721464], [12.405031, 41.8721876], [12.4050184, 41.8722393], [12.4049983, 41.872353]]]}}, {"type": "Feature", "properties": {"id": "SS-ROM-15294", "nome": "Viale Giuseppe Sirtori", "quartiere": "Municipio Roma XII", "classificazione": "giallo", "score": 3, "note": "strada urbana senza ciclabile (2 corsie)", "ciclabile": "no", "n_corsie": "2", "senso_unico": "si", "n_testimonianze": "0", "municipio": "XII"}, "geometry": {"type": "MultiLineString", "coordinates": [[[12.4467521, 41.8557486], [12.4468835, 41.8557056], [12.4472485, 41.8555934], [12.447309, 41.8555741], [12.447429, 41.8555467], [12.4475775, 41.8555156], [12.4476446, 41.8555046], [12.447916, 41.855474], [12.4481506, 41.8554549], [12.4482712, 41.8554472], [12.4483771, 41.8554434], [12.4485584, 41.8554395], [12.4486682, 41.85544], [12.448754, 41.8554403], [12.4489117, 41.8554474], [12.4489829, 41.8554561], [12.449412, 41.8555227], [12.4496951, 41.8555719], [12.4502417, 41.8556769], [12.4503589, 41.8556984]], [[12.4505602, 41.8558728], [12.4504579, 41.8558501], [12.450374, 41.8558314]], [[12.450374, 41.8558314], [12.4502994, 41.8558128], [12.4502038, 41.8557927], [12.4498376, 41.8557306], [12.4497265, 41.8557097], [12.4493324, 41.8556355], [12.4489574, 41.8555691], [12.4488882, 41.8555624], [12.4487307, 41.8555561], [12.4485545, 41.8555532], [12.4484386, 41.8555557], [12.4483007, 41.8555581], [12.4481842, 41.8555641], [12.4480581, 41.8555778], [12.4479259, 41.8555931], [12.4476788, 41.8556278], [12.4475876, 41.8556427], [12.4475116, 41.8556577], [12.4474376, 41.8556735], [12.4473307, 41.8557056], [12.4469493, 41.8558186], [12.446814, 41.8558641]]]}}, {"type": "Feature", "properties": {"id": "SS-ROM-15319", "nome": "Viale Isacco Newton", "quartiere": "Municipio Roma XII", "classificazione": "nero", "score": 5, "note": "strada ad alta velocità (trunk, 70 km/h)", "ciclabile": "no", "n_corsie": "2", "senso_unico": "si", "n_testimonianze": "0", "municipio": "XII"}, "geometry": {"type": "MultiLineString", "coordinates": [[[12.4503813, 41.8386491], [12.4503508, 41.8386497], [12.4503093, 41.8386514], [12.4502938, 41.8386524], [12.4502619, 41.8386546], [12.4502252, 41.8386587], [12.4501825, 41.8386644], [12.4501536, 41.8386689], [12.4501032, 41.8386779], [12.4500423, 41.8386919], [12.4499855, 41.8387067], [12.4499331, 41.8387229], [12.4497322, 41.8387928]], [[12.440124, 41.8556805], [12.4402852, 41.8556819]], [[12.4429499, 41.8597938], [12.4429191, 41.8596903], [12.4428886, 41.859598], [12.4428667, 41.8595328], [12.4428299, 41.8594504], [12.4428065, 41.8594054], [12.4427789, 41.8593493], [12.4427075, 41.8592298], [12.4426156, 41.8590933], [12.4425792, 41.8590519], [12.4425355, 41.8590075], [12.442163, 41.8587216], [12.441844, 41.8584758], [12.4416523, 41.8583337]], [[12.441932, 41.8584014], [12.4419193, 41.8584248], [12.4418981, 41.858448], [12.4418714, 41.8584649], [12.441844, 41.8584758]], [[12.440287, 41.8555654], [12.4401259, 41.8555576]], [[12.4401259, 41.8555576], [12.4401421, 41.8554388], [12.4401637, 41.8553279], [12.4402312, 41.8550306], [12.4403002, 41.8547933], [12.4404438, 41.8543643], [12.4405724, 41.8540173], [12.4406875, 41.8536722]], [[12.440287, 41.8555654], [12.4402846, 41.855635], [12.4402852, 41.8556819]], [[12.4472308, 41.839817], [12.4467206, 41.840035], [12.4464798, 41.8401456], [12.4462674, 41.8402561], [12.4460902, 41.8403573], [12.4459333, 41.8404615], [12.4457944, 41.8405669], [12.4455433, 41.8407768], [12.4454697, 41.8408489], [12.4453571, 41.8409755], [12.4452527, 41.8411081], [12.4451725, 41.841225], [12.4450965, 41.841357], [12.4450204, 41.8415156]], [[12.4471647, 41.8397183], [12.4479977, 41.8393684], [12.4485367, 41.839146]], [[12.4404264, 41.8548833], [12.4403728, 41.8550805], [12.4403294, 41.8553119], [12.4403064, 41.8554405], [12.440287, 41.8555654]], [[12.4402852, 41.8556819], [12.4402818, 41.855826], [12.4402837, 41.8559592], [12.4402873, 41.8560281], [12.4402962, 41.856093], [12.4403194, 41.8562149], [12.440334, 41.8563034], [12.4403471, 41.856364], [12.4403632, 41.8564286], [12.4403878, 41.8565143], [12.4404171, 41.8565971], [12.4405123, 41.856865], [12.4406143, 41.857056], [12.4406387, 41.857096], [12.4407633, 41.8572875], [12.4408786, 41.8574384], [12.4410041, 41.8575933], [12.4411257, 41.8577254], [12.4413041, 41.8578989], [12.4414289, 41.8580047], [12.4416062, 41.8581417], [12.4417565, 41.8582601], [12.441932, 41.8584014], [12.4422571, 41.8586542], [12.442469, 41.8588126], [12.4425856, 41.8589087], [12.4426372, 41.8589517], [12.4426888, 41.8589977], [12.4427344, 41.8590434], [12.4427748, 41.8590892], [12.4428178, 41.859146], [12.4428459, 41.8591856], [12.4428714, 41.8592232], [12.4429143, 41.8592883], [12.4429493, 41.8593528], [12.4429761, 41.8594127], [12.4430013, 41.8594693]], [[12.4408651, 41.8531444], [12.4410987, 41.8524433], [12.4412066, 41.8520964]], [[12.4416209, 41.8514131], [12.4412099, 41.8525952]], [[12.4497322, 41.8387928], [12.4489994, 41.8390802], [12.4488821, 41.8391275], [12.448752, 41.8391807], [12.4486094, 41.839239], [12.4484196, 41.8393173], [12.4472308, 41.839817]], [[12.4450204, 41.8415156], [12.4449699, 41.8416199], [12.4449254, 41.8417337], [12.4436711, 41.8453806], [12.4427629, 41.8480545], [12.4427345, 41.8481346], [12.4422434, 41.849586]], [[12.4422434, 41.849586], [12.4419705, 41.8503773], [12.4416858, 41.8511829], [12.4416209, 41.8514131]], [[12.4420869, 41.849541], [12.4425253, 41.8483145], [12.4426211, 41.8480312], [12.4444268, 41.8427342], [12.4447843, 41.8416335]], [[12.4447843, 41.8416335], [12.4449392, 41.8413441], [12.4450311, 41.8411877], [12.4451231, 41.8410495], [12.4452247, 41.8409217], [12.4453262, 41.840803], [12.4454632, 41.8406606], [12.4456777, 41.8404771], [12.4458962, 41.8403292], [12.4460441, 41.8402371], [12.4461798, 41.8401601], [12.4463273, 41.840083], [12.4464433, 41.8400263], [12.4466271, 41.8399462], [12.4471647, 41.8397183]], [[12.4416523, 41.8583337], [12.4413693, 41.8581135], [12.4412366, 41.8579918], [12.4411471, 41.8579048], [12.4410221, 41.8577806], [12.4409603, 41.8577094], [12.4408351, 41.8575697], [12.4407688, 41.8574882], [12.4406943, 41.8573894], [12.440553, 41.8572095], [12.4405144, 41.857151], [12.4404827, 41.8570998], [12.4404425, 41.8570376], [12.4404085, 41.8569724], [12.4403751, 41.8569073], [12.4403431, 41.8568251], [12.4402834, 41.8566435], [12.4402332, 41.8564796], [12.4401769, 41.8562721], [12.4401658, 41.8562097], [12.4401486, 41.8561299], [12.4401361, 41.8560556], [12.4401264, 41.8559413], [12.440124, 41.8556805], [12.4401234, 41.8556329], [12.4401243, 41.8556055], [12.4401259, 41.8555576]], [[12.4412099, 41.8525952], [12.4410078, 41.853195]], [[12.4414081, 41.8515435], [12.4417454, 41.8505643], [12.441811, 41.8503828], [12.442005, 41.8498457], [12.4420869, 41.849541]], [[12.4412066, 41.8520964], [12.4414081, 41.8515435]], [[12.4409201, 41.8534643], [12.440748, 41.8539555], [12.4406416, 41.8542419], [12.4405963, 41.8543697], [12.4404264, 41.8548833]], [[12.4407692, 41.853432], [12.4408651, 41.8531444]], [[12.4406875, 41.8536722], [12.4407692, 41.853432]], [[12.4410078, 41.853195], [12.4409201, 41.8534643]], [[12.4490754, 41.8389208], [12.4493453, 41.8388123], [12.4496243, 41.8387062]], [[12.4485367, 41.839146], [12.44884, 41.8390208], [12.4490754, 41.8389208]]]}}, {"type": "Feature", "properties": {"id": "SS-ROM-15336", "nome": "Viale Luigi Moretti", "quartiere": "Municipio Roma XII", "classificazione": "giallo", "score": 3, "note": "strada urbana senza ciclabile (1 corsie)", "ciclabile": "no", "n_corsie": "1", "senso_unico": "si", "n_testimonianze": "0", "municipio": "XII"}, "geometry": {"type": "MultiLineString", "coordinates": [[[12.4092114, 41.8656003], [12.4092056, 41.8656262], [12.4092015, 41.8656434], [12.409197, 41.8656582], [12.4091907, 41.8656751], [12.4091804, 41.8656963], [12.409165, 41.8657177], [12.4091476, 41.8657369], [12.409128, 41.8657582], [12.4091028, 41.8657816], [12.4090776, 41.8658032], [12.4090557, 41.8658192], [12.4090257, 41.8658373], [12.4089866, 41.8658584], [12.4089061, 41.8658961]], [[12.4072234, 41.8726311], [12.4071595, 41.8724928], [12.4071246, 41.8724255], [12.4070863, 41.8723488], [12.4069998, 41.8721881], [12.4069812, 41.8721492], [12.4069735, 41.8721279], [12.4069707, 41.872102], [12.4069728, 41.872037], [12.4069855, 41.8719676], [12.407022, 41.8717929], [12.4070518, 41.8716375], [12.4071621, 41.87109]], [[12.4088442, 41.8657148], [12.4089097, 41.8656818], [12.4089477, 41.8656657], [12.4089881, 41.865653], [12.4090612, 41.8656312], [12.4091245, 41.8656136], [12.409168, 41.8656063], [12.4092114, 41.8656003]], [[12.4095721, 41.8658242], [12.4095244, 41.8658239], [12.4094743, 41.8658262], [12.4093917, 41.8658309], [12.4093136, 41.8658366], [12.4092226, 41.8658471], [12.4090678, 41.8658679], [12.4089061, 41.8658961]], [[12.4088442, 41.8657148], [12.4088708, 41.8656864], [12.4088869, 41.8656624], [12.4088976, 41.8656407], [12.4089059, 41.8656191], [12.4089182, 41.8655752], [12.4089278, 41.8655298], [12.408929, 41.8654776], [12.4089296, 41.8654336], [12.4089272, 41.8653174]], [[12.4089061, 41.8658961], [12.4086969, 41.8659292], [12.4086663, 41.8659355], [12.408638, 41.8659426], [12.4085944, 41.8659589], [12.4085733, 41.865968], [12.4085486, 41.8659796], [12.4085138, 41.8660012], [12.408154, 41.8662048], [12.4078485, 41.8663747], [12.407731, 41.8664467], [12.4077037, 41.8664675], [12.4076813, 41.8664876], [12.4076601, 41.8665129], [12.4076485, 41.866527], [12.4076381, 41.866542], [12.407624, 41.8665649], [12.4075848, 41.8666444], [12.4075468, 41.8667283], [12.4075146, 41.8668051], [12.4074964, 41.8668611], [12.4074832, 41.8669088], [12.4074762, 41.8669496], [12.407471, 41.8669902], [12.4074699, 41.867033], [12.4074739, 41.8670835], [12.407485, 41.867132], [12.4075002, 41.8671711], [12.4075194, 41.8672071], [12.4075584, 41.8672558], [12.4075842, 41.86729], [12.4076572, 41.8673977], [12.4077261, 41.8675115], [12.4078929, 41.8677805], [12.4080606, 41.8680503], [12.4081206, 41.8681501], [12.4081371, 41.8681836], [12.4081518, 41.8682197], [12.4081705, 41.8682803], [12.408184, 41.8683389], [12.4081885, 41.86837], [12.4081895, 41.8683958], [12.4081875, 41.8684522], [12.40818, 41.8685118], [12.4081688, 41.8685648], [12.4081522, 41.8686131], [12.4081373, 41.868653], [12.4081162, 41.868693], [12.4080956, 41.8687256], [12.408075, 41.8687556], [12.4080543, 41.8687825], [12.4080335, 41.8688093], [12.4079814, 41.8688676], [12.4078753, 41.8689842], [12.4077658, 41.8691053], [12.407744, 41.869135], [12.4077259, 41.8691627], [12.4077106, 41.8691925], [12.4076949, 41.869226], [12.4076822, 41.8692622], [12.407623, 41.8695057], [12.4076022, 41.8695901], [12.4075111, 41.869978], [12.4074456, 41.8702535], [12.4073742, 41.8705331], [12.4073612, 41.8705829], [12.4072645, 41.8709711], [12.4072376, 41.8710862], [12.4071178, 41.8716453], [12.4070496, 41.8719775], [12.4070426, 41.8720123], [12.4070356, 41.872047], [12.4070287, 41.8720929], [12.4070272, 41.8721227], [12.4070283, 41.8721448], [12.4070328, 41.8721633], [12.4070442, 41.8721869], [12.4070558, 41.8722052], [12.4070669, 41.8722189], [12.4070783, 41.8722322], [12.4070888, 41.8722424], [12.4071058, 41.872257], [12.4071239, 41.8722678], [12.4071449, 41.8722782], [12.4071804, 41.8722923], [12.407216, 41.8723065], [12.4072719, 41.8723149], [12.4073186, 41.8723205], [12.4073391, 41.8723262], [12.4073513, 41.8723319], [12.4073559, 41.8723384], [12.4073569, 41.8723475], [12.4073553, 41.8723544], [12.4073436, 41.8724199], [12.4073346, 41.8724654]], [[12.4075539, 41.866532], [12.4075795, 41.8664992], [12.4076014, 41.8664737], [12.4076277, 41.8664466], [12.4076642, 41.8664143], [12.4077003, 41.866388], [12.40773, 41.8663674], [12.407762, 41.8663477], [12.4081086, 41.8661566], [12.4085776, 41.8658884], [12.4087366, 41.8657993], [12.4087608, 41.8657827], [12.4087797, 41.865768], [12.4088104, 41.8657443], [12.4088442, 41.8657148]], [[12.4071621, 41.87109], [12.407192, 41.8709592], [12.4072294, 41.870809], [12.4073681, 41.870243], [12.4075077, 41.8696728], [12.40753, 41.8695793], [12.4075492, 41.8694958], [12.4076121, 41.86925], [12.4076209, 41.8692199], [12.4076386, 41.8691794], [12.4076546, 41.8691493], [12.4076777, 41.8691127], [12.4077071, 41.8690767], [12.4077654, 41.869007], [12.4078237, 41.8689426], [12.4078975, 41.8688603], [12.4079784, 41.86877], [12.4080075, 41.8687317], [12.4080274, 41.868701], [12.4080529, 41.8686558], [12.4080686, 41.8686206], [12.4080806, 41.868585], [12.4080926, 41.8685462], [12.4080988, 41.8685055], [12.4081045, 41.8684696], [12.4081084, 41.8684284], [12.4081083, 41.8683894], [12.4081058, 41.8683646], [12.4081024, 41.8683292], [12.4080976, 41.8683071], [12.4080893, 41.868277], [12.4080793, 41.8682463], [12.4080659, 41.8682137], [12.4080442, 41.8681681], [12.4079695, 41.8680385], [12.4076536, 41.867531], [12.4075718, 41.867401], [12.4075533, 41.8673773], [12.4075271, 41.8673459]], [[12.4075271, 41.8673459], [12.40744, 41.8672525], [12.4074209, 41.8672315], [12.4073991, 41.8672059], [12.4073805, 41.8671786], [12.4073703, 41.8671604], [12.4073628, 41.8671428], [12.4073548, 41.8671207], [12.4073476, 41.867094], [12.4073435, 41.8670705], [12.4073412, 41.8670469], [12.40734, 41.8669987], [12.407341, 41.8669723], [12.4073456, 41.8669407], [12.4073496, 41.8669165], [12.407356, 41.866888], [12.4073642, 41.8668609], [12.4073786, 41.866826], [12.4073964, 41.8667843], [12.4074337, 41.8667206], [12.4074844, 41.8666391], [12.4075539, 41.866532]], [[12.4073346, 41.8724654], [12.4073012, 41.8726173], [12.4072983, 41.872627]], [[12.4072983, 41.872627], [12.407291, 41.8726471], [12.4072888, 41.8726525], [12.4072852, 41.8726584], [12.4072816, 41.8726621], [12.407275, 41.8726653], [12.4072672, 41.8726667], [12.4072569, 41.8726668], [12.4072468, 41.8726656], [12.4072413, 41.8726628], [12.407238, 41.8726594], [12.4072331, 41.8726506], [12.4072234, 41.8726311]]]}}, {"type": "Feature", "properties": {"id": "SS-ROM-15339", "nome": "Viale Marcello Boldrini", "quartiere": "Municipio Roma XII", "classificazione": "blu", "score": 2, "note": "zona pedonale / living street", "ciclabile": "no", "n_corsie": "1", "senso_unico": "no", "n_testimonianze": "0", "municipio": "XII"}, "geometry": {"type": "MultiLineString", "coordinates": [[[12.417037, 41.8429023], [12.4171631, 41.843106]], [[12.4171631, 41.843106], [12.4178289, 41.8441749]]]}}, {"type": "Feature", "properties": {"id": "SS-ROM-15434", "nome": "Viale Ventimiglia", "quartiere": "Municipio Roma XII", "classificazione": "giallo", "score": 3, "note": "strada urbana senza ciclabile", "ciclabile": "no", "n_corsie": "2", "senso_unico": "si", "n_testimonianze": "0", "municipio": "XII"}, "geometry": {"type": "MultiLineString", "coordinates": [[[12.4381673, 41.8436398], [12.4380108, 41.8436199], [12.4379958, 41.843618], [12.437903, 41.8436083], [12.4378237, 41.8436007]], [[12.4387286, 41.8393296], [12.4389036, 41.8393511], [12.4389978, 41.8393627], [12.4390225, 41.8393693], [12.4390436, 41.839379], [12.4390556, 41.8393868], [12.4390635, 41.8393962], [12.43907, 41.8394069], [12.4390745, 41.8394183], [12.439017, 41.8396855], [12.4388447, 41.8404783], [12.4387446, 41.8409259], [12.4386783, 41.8412736], [12.4386039, 41.8416589], [12.4385773, 41.8417984], [12.4385655, 41.8418704], [12.4383208, 41.8429879], [12.4382692, 41.8432094]], [[12.4378237, 41.8436007], [12.4378722, 41.8433701], [12.4379041, 41.8432054], [12.4379117, 41.8431679], [12.4379588, 41.8429415], [12.4381479, 41.8420624], [12.4381973, 41.8418249], [12.4382114, 41.8417538], [12.4382368, 41.8416493], [12.4383101, 41.8413098], [12.4383271, 41.8412308], [12.4383884, 41.8409317], [12.4384917, 41.8404331], [12.4385534, 41.8401383], [12.438662, 41.8396409], [12.4387286, 41.8393296]], [[12.4387286, 41.8393296], [12.4387357, 41.8392863], [12.4389123, 41.8383703]], [[12.4382692, 41.8432094], [12.4382532, 41.8432848], [12.4381673, 41.8436398]]]}}, {"type": "Feature", "properties": {"id": "SS-ROM-15452", "nome": "Viale dei Colli Portuensi", "quartiere": "Municipio Roma XII", "classificazione": "rosso", "score": 4, "note": "strada principale trafficata (2 corsie)", "ciclabile": "no", "n_corsie": "2", "senso_unico": "si", "n_testimonianze": "0", "municipio": "XII"}, "geometry": {"type": "MultiLineString", "coordinates": [[[12.4426784, 41.8770275], [12.4427491, 41.8769212], [12.4427825, 41.8768665], [12.4428157, 41.8768049], [12.4428476, 41.8767404], [12.4429476, 41.876497], [12.4429943, 41.8763648], [12.4430221, 41.8762805], [12.4430357, 41.876241], [12.4430644, 41.8761181], [12.4430843, 41.8759859], [12.4430979, 41.8758893], [12.4431034, 41.8758028], [12.4431116, 41.8757358], [12.4431256, 41.8753456], [12.4431283, 41.8752543], [12.4431399, 41.8747946], [12.4431455, 41.87403], [12.4431542, 41.8735068], [12.4431636, 41.8730889], [12.4431728, 41.8727066], [12.4431681, 41.8724083]], [[12.4429499, 41.8597938], [12.4429678, 41.8597619], [12.4429856, 41.8597352], [12.4430093, 41.8597084], [12.4430265, 41.859691], [12.4430498, 41.8596697], [12.4431336, 41.8595365], [12.4431532, 41.8594802], [12.4431676, 41.8594185], [12.4431759, 41.8593717], [12.4431795, 41.859329], [12.4431836, 41.8592572], [12.4431754, 41.8591159], [12.4431725, 41.8590441], [12.4431709, 41.858979], [12.4431716, 41.8589315], [12.4431736, 41.8588974], [12.4431775, 41.858866], [12.4431827, 41.8588365], [12.4432068, 41.8587336], [12.443223, 41.8586798], [12.4432459, 41.858617], [12.4432891, 41.8585198], [12.4433299, 41.8584459], [12.4433815, 41.8583588], [12.4434522, 41.858245], [12.4434863, 41.8581982], [12.4435195, 41.8581547], [12.4435631, 41.8581072], [12.4436723, 41.8580039], [12.4437262, 41.8579585], [12.4440879, 41.857645], [12.4443148, 41.8574406], [12.4444647, 41.8573101], [12.444915, 41.8569032], [12.4456987, 41.8561982], [12.4457744, 41.8561347]], [[12.4458937, 41.8562286], [12.4458568, 41.8562476], [12.4458373, 41.8562585], [12.445815, 41.8562725], [12.4454482, 41.8566026], [12.4450375, 41.8569757], [12.4446864, 41.8572756], [12.4445182, 41.857422], [12.4444193, 41.8575108], [12.4441925, 41.8577116], [12.4438771, 41.8579944], [12.4437867, 41.8580768], [12.4437373, 41.8581219], [12.4436816, 41.8581762], [12.4436287, 41.8582347], [12.4435887, 41.8582844], [12.4435527, 41.8583351], [12.4435025, 41.858414], [12.4434732, 41.8584674], [12.4434426, 41.8585278], [12.443393, 41.8586378], [12.4433755, 41.8586797], [12.4433594, 41.8587296], [12.443342, 41.8587871], [12.4433279, 41.8588471], [12.4433154, 41.8589237], [12.4433148, 41.8589793], [12.4433136, 41.8590808], [12.4433172, 41.8591618], [12.4433385, 41.8593183], [12.4433706, 41.8595814], [12.4434057, 41.8597451]], [[12.4431116, 41.8757358], [12.4431723, 41.8757382], [12.4432121, 41.8757398], [12.4432553, 41.8757416]], [[12.4431455, 41.87403], [12.4433032, 41.8740321]], [[12.4443148, 41.8574406], [12.4444193, 41.8575108]], [[12.4431652, 41.8721619], [12.443302, 41.872161]], [[12.4431542, 41.8735068], [12.4432991, 41.8735083]], [[12.4439515, 41.8647658], [12.443807, 41.8647516]], [[12.4431418, 41.8710251], [12.4432712, 41.8710221]], [[12.4436052, 41.8628345], [12.4434714, 41.8628487]], [[12.4431399, 41.8747946], [12.4432875, 41.8747982]], [[12.4432521, 41.8698225], [12.4432654, 41.869755], [12.4434797, 41.8688652], [12.4436194, 41.8682593], [12.4436356, 41.8681912], [12.443721, 41.8678236], [12.4437667, 41.8676367], [12.4438002, 41.8674703], [12.4438374, 41.8672262], [12.4438744, 41.8669852], [12.4438936, 41.8667903], [12.4439091, 41.8666311], [12.443913, 41.8665637], [12.4439305, 41.8660238], [12.4439299, 41.8659418], [12.4439199, 41.8657364], [12.4439091, 41.8655467], [12.4438934, 41.8653383], [12.4438653, 41.8650935], [12.4438515, 41.8650142], [12.443807, 41.8647516], [12.4437227, 41.8642785], [12.4436619, 41.8639762], [12.4435461, 41.8632528], [12.4434714, 41.8628487]], [[12.4431681, 41.8724083], [12.4431652, 41.8721619], [12.4431635, 41.8720892], [12.4431418, 41.8710251], [12.4431324, 41.8708011], [12.4431317, 41.8705804], [12.4431529, 41.8703782], [12.4432336, 41.869905], [12.4432521, 41.8698225]], [[12.4432764, 41.8609573], [12.4433103, 41.8611195], [12.4433615, 41.8613706], [12.4434662, 41.8619587], [12.443574, 41.8626473], [12.4435835, 41.8627042]], [[12.4436052, 41.8628345], [12.4437342, 41.8635414]], [[12.4434714, 41.8628487], [12.4434473, 41.8627188]], [[12.4435835, 41.8627042], [12.4436052, 41.8628345]], [[12.4434473, 41.8627188], [12.4434372, 41.8626601], [12.4432356, 41.8615528], [12.4432194, 41.8614621]], [[12.4432194, 41.8614621], [12.4431944, 41.8613124], [12.4431698, 41.8611044], [12.4431572, 41.8610274], [12.4431449, 41.8609394], [12.4431365, 41.8608909]], [[12.4437342, 41.8635414], [12.4438638, 41.8642627], [12.4439515, 41.8647658], [12.443991, 41.8650171], [12.4439995, 41.8650822], [12.4440312, 41.8653759], [12.4440615, 41.8658381], [12.4440684, 41.866203], [12.444067, 41.8663943], [12.444055, 41.8665661], [12.4440492, 41.8666356], [12.4440038, 41.8671175], [12.4439555, 41.8674826], [12.443793, 41.8682085], [12.4437763, 41.8682802], [12.4436561, 41.8687577], [12.4436273, 41.868888], [12.4434612, 41.8695914], [12.4434146, 41.8697536], [12.4433999, 41.8698193], [12.4433798, 41.8699017], [12.4433345, 41.8700944], [12.4432953, 41.8702977], [12.4432821, 41.8704139], [12.4432769, 41.8705157], [12.4432738, 41.8706107], [12.4432706, 41.870695], [12.4432662, 41.870781], [12.4432689, 41.8708442], [12.4432712, 41.8710221], [12.4432866, 41.8717343], [12.4432995, 41.8720847], [12.443302, 41.872161], [12.4433088, 41.8724044], [12.4433076, 41.8727075], [12.4432991, 41.8735083], [12.4433032, 41.8740321], [12.4432986, 41.874361], [12.4432875, 41.8747982], [12.4432778, 41.8752396], [12.4432753, 41.8753467], [12.4432626, 41.8756634], [12.4432553, 41.8757416], [12.4432417, 41.8759021], [12.4432178, 41.8760444], [12.4432051, 41.8761241], [12.4431863, 41.8762204], [12.4431615, 41.8763097], [12.4431347, 41.8763929], [12.4430616, 41.8765757]], [[12.4434473, 41.8627188], [12.4435835, 41.8627042]], [[12.443793, 41.8682085], [12.4436356, 41.8681912]], [[12.4430616, 41.8765757], [12.4430048, 41.8767177], [12.4429601, 41.8768271], [12.4429477, 41.8768558], [12.4429279, 41.8769003], [12.4429042, 41.8769436], [12.4428687, 41.8769948]], [[12.4459485, 41.8562054], [12.4458937, 41.8562286]], [[12.4457744, 41.8561347], [12.4458237, 41.8561053]]]}}, {"type": "Feature", "properties": {"id": "SS-ROM-15584", "nome": "Vicolo Clementi", "quartiere": "Municipio Roma XII", "classificazione": "giallo", "score": 3, "note": "strada urbana senza ciclabile (2 corsie)", "ciclabile": "no", "n_corsie": "2", "senso_unico": "no", "n_testimonianze": "0", "municipio": "XII"}, "geometry": {"type": "MultiLineString", "coordinates": [[[12.4297462, 41.8512103], [12.4300284, 41.8506683], [12.4301826, 41.850443], [12.430553, 41.8499017], [12.4306496, 41.8497623], [12.4307152, 41.8496379], [12.4307766, 41.8494811], [12.4309167, 41.8491236], [12.4310202, 41.8489187], [12.4310331, 41.8488958], [12.431043, 41.8488863], [12.4310556, 41.8488768], [12.4310807, 41.8488647], [12.4311034, 41.8488578], [12.431126, 41.8488549], [12.431148, 41.848853], [12.4311713, 41.8488531], [12.4312075, 41.8488564], [12.4312424, 41.8488626], [12.4313013, 41.8488771], [12.4321608, 41.8491315], [12.4321845, 41.8491386], [12.4325161, 41.8492374], [12.4328577, 41.8493392]], [[12.4334221, 41.8495094], [12.4334489, 41.8495178], [12.4345371, 41.8498601], [12.4351453, 41.8500414], [12.4351837, 41.8500489], [12.4352624, 41.8500602], [12.435347, 41.8500727]], [[12.4328577, 41.8493392], [12.4328959, 41.8493511], [12.4334221, 41.8495094]], [[12.4307766, 41.8494811], [12.431246, 41.8496137], [12.4316199, 41.8497193]]]}}, {"type": "Feature", "properties": {"id": "SS-ROM-15596", "nome": "Vicolo Silvestri", "quartiere": "Municipio Roma XII", "classificazione": "giallo", "score": 3, "note": "strada urbana senza ciclabile (1 corsie)", "ciclabile": "no", "n_corsie": "1", "senso_unico": "si", "n_testimonianze": "0", "municipio": "XII"}, "geometry": {"type": "MultiLineString", "coordinates": [[[12.4364846, 41.8775981], [12.436533, 41.877762], [12.4365613, 41.8778648]], [[12.4362145, 41.8778592], [12.4362721, 41.877832], [12.4363238, 41.8778048], [12.4363563, 41.8777864], [12.4363797, 41.877771], [12.4364023, 41.8777526], [12.4364253, 41.8777314], [12.4364396, 41.8777119], [12.4364514, 41.8776941], [12.4364597, 41.8776763], [12.4364716, 41.8776441], [12.4364846, 41.8775981]], [[12.4364846, 41.8775981], [12.4363954, 41.8772865], [12.4361447, 41.8763305], [12.4361441, 41.876321], [12.4361289, 41.8761376], [12.4361399, 41.8760489], [12.4361784, 41.8759311], [12.4361787, 41.8758341], [12.4361753, 41.8758083], [12.4361644, 41.8757714], [12.436149, 41.8757289], [12.4361282, 41.8756849], [12.4361131, 41.8756574], [12.4360911, 41.8756217], [12.4360589, 41.8755787], [12.4360422, 41.8755589], [12.4360222, 41.8755375], [12.4360048, 41.8755204], [12.4359779, 41.8755018], [12.4359525, 41.8754905], [12.4359163, 41.8754783], [12.4355559, 41.8753763], [12.4352723, 41.8752612], [12.4352293, 41.8752408], [12.43518, 41.8752152], [12.4351491, 41.8751985], [12.4351289, 41.8751837], [12.4351073, 41.8751614], [12.4350938, 41.8751411], [12.4350974, 41.8751219]], [[12.4373217, 41.8802413], [12.4372909, 41.8802293], [12.4372672, 41.8802172], [12.4372426, 41.8802001], [12.4372234, 41.8801811], [12.4372017, 41.8801471], [12.4371813, 41.8801014], [12.4371615, 41.8800353], [12.4368981, 41.8789471], [12.4368604, 41.8787816], [12.4368323, 41.8786791], [12.4367664, 41.8784317], [12.4367205, 41.8782768], [12.4366688, 41.8781232], [12.4366214, 41.878016], [12.4365959, 41.8779518], [12.4365613, 41.8778648]], [[12.4366867, 41.877708], [12.4365808, 41.877305], [12.4365753, 41.8772836], [12.4363185, 41.8763879]]]}}, {"type": "Feature", "properties": {"id": "SS-ROM-15602", "nome": "Vicolo Vicinale", "quartiere": "Municipio Roma XII", "classificazione": "giallo", "score": 3, "note": "strada urbana senza ciclabile (1 corsie)", "ciclabile": "no", "n_corsie": "1", "senso_unico": "si", "n_testimonianze": "0", "municipio": "XII"}, "geometry": {"type": "LineString", "coordinates": [[12.4471068, 41.8797619], [12.4471451, 41.8796495], [12.4471723, 41.8794614], [12.4471794, 41.8792831], [12.4471542, 41.8791015], [12.44715, 41.8790857], [12.4470641, 41.8787254], [12.4470815, 41.8784997]]}}, {"type": "Feature", "properties": {"id": "SS-ROM-15607", "nome": "Vicolo degli Orti Portuensi", "quartiere": "Municipio Roma XII", "classificazione": "giallo", "score": 3, "note": "strada urbana senza ciclabile (1 corsie)", "ciclabile": "no", "n_corsie": "1", "senso_unico": "si", "n_testimonianze": "0", "municipio": "XII"}, "geometry": {"type": "LineString", "coordinates": [[12.4452668, 41.8585589], [12.4457737, 41.8581583], [12.4461497, 41.8578576], [12.4464267, 41.8576437], [12.4466229, 41.8574922], [12.446825, 41.8573373], [12.446846, 41.8573234], [12.4468677, 41.857312], [12.4468843, 41.8573051], [12.4469008, 41.8573007], [12.4469361, 41.857295]]}}, {"type": "Feature", "properties": {"id": "SS-ROM-15608", "nome": "Vicolo degli Orti della Magliana", "quartiere": "Municipio Roma XII", "classificazione": "giallo", "score": 3, "note": "strada urbana senza ciclabile (1 corsie)", "ciclabile": "no", "n_corsie": "1", "senso_unico": "si", "n_testimonianze": "0", "municipio": "XII"}, "geometry": {"type": "LineString", "coordinates": [[12.4271994, 41.8476465], [12.4270739, 41.8473774], [12.4270137, 41.8472232], [12.4270068, 41.8471939], [12.4270053, 41.8471646], [12.4270077, 41.8471352], [12.4270156, 41.8471059], [12.4270841, 41.846998], [12.42714, 41.8469104], [12.4272364, 41.846774], [12.4277719, 41.8460778], [12.4278324, 41.8460075], [12.4285139, 41.8452651], [12.4287116, 41.845018], [12.4287683, 41.8449419]]}}, {"type": "Feature", "properties": {"id": "SS-ROM-15627", "nome": "Vicolo del Casale Lumbroso", "quartiere": "Municipio Roma XII", "classificazione": "giallo", "score": 3, "note": "strada urbana senza ciclabile (2 corsie)", "ciclabile": "no", "n_corsie": "2", "senso_unico": "no", "n_testimonianze": "0", "municipio": "XII"}, "geometry": {"type": "MultiLineString", "coordinates": [[[12.3648212, 41.8706649], [12.3648476, 41.8705977], [12.3648844, 41.8705042], [12.3651386, 41.8699367], [12.3653774, 41.8694103], [12.3655151, 41.869119], [12.3655386, 41.8690734], [12.3655552, 41.8690372], [12.3655696, 41.8690064], [12.3655943, 41.8689595], [12.3656232, 41.8689158], [12.3656552, 41.8688729], [12.365688, 41.868835], [12.3657326, 41.8687892], [12.3657705, 41.8687536], [12.3658094, 41.8687163], [12.3658612, 41.8686658], [12.3659199, 41.8686119], [12.3660072, 41.8685362], [12.3664309, 41.8681774], [12.3664764, 41.8681374], [12.366524, 41.8680979], [12.3665761, 41.8680545], [12.3666397, 41.8680055], [12.3667061, 41.8679613], [12.3667667, 41.8679209], [12.3668228, 41.8678854], [12.3668735, 41.8678541], [12.3671173, 41.8677179], [12.3671708, 41.8676898], [12.3672319, 41.8676582], [12.3673062, 41.8676179], [12.3673878, 41.8675762], [12.3674452, 41.867549], [12.3674803, 41.8675331], [12.3675166, 41.8675171], [12.3675637, 41.8674964], [12.3676093, 41.8674771], [12.3676528, 41.8674617], [12.3677167, 41.8674424], [12.367776, 41.8674259], [12.3678129, 41.8674187], [12.3678687, 41.8674082], [12.3679164, 41.8674008], [12.3679618, 41.8673976], [12.3680234, 41.8673954], [12.3683942, 41.8674074], [12.3689038, 41.8674257], [12.3692921, 41.8674347], [12.3695384, 41.8674455]], [[12.3678687, 41.8674082], [12.368941, 41.8698016]], [[12.3727069, 41.8659335], [12.3727311, 41.8658903], [12.3727535, 41.8658486], [12.3727718, 41.8658089], [12.3727885, 41.8657635], [12.3728012, 41.8657201], [12.3728133, 41.8656745]], [[12.3695384, 41.8674455], [12.3705778, 41.867485], [12.3706236, 41.8674862], [12.3706677, 41.8674869], [12.3707335, 41.8674871], [12.3707791, 41.8674863], [12.3708194, 41.8674845], [12.3708587, 41.8674822], [12.3709152, 41.8674767], [12.3709637, 41.8674702], [12.3710125, 41.8674615], [12.3710532, 41.8674517], [12.3710793, 41.8674442], [12.3711215, 41.8674266], [12.3711583, 41.8674099], [12.3711964, 41.8673903], [12.371494, 41.8672212], [12.3718597, 41.8669962], [12.371999, 41.8669105], [12.3720459, 41.866881], [12.3720888, 41.8668535], [12.3721286, 41.8668262], [12.3721644, 41.866801], [12.3721961, 41.8667772], [12.3722238, 41.8667554], [12.3722553, 41.8667282], [12.3722827, 41.8667031], [12.3723114, 41.8666752], [12.3723329, 41.8666523], [12.3723542, 41.8666287], [12.3723747, 41.8666036], [12.372403, 41.866568], [12.372428, 41.8665347], [12.3724521, 41.8665012], [12.3724658, 41.8664782], [12.372483, 41.8664477], [12.3725001, 41.8664131], [12.3725152, 41.8663816], [12.3725359, 41.8663328], [12.3725538, 41.866286], [12.3725679, 41.8662492], [12.3725754, 41.8662263], [12.372584, 41.8661999], [12.3725985, 41.8661523], [12.3726077, 41.8661248], [12.3726213, 41.8660883], [12.3726362, 41.8660529], [12.372654, 41.8660188], [12.3726731, 41.8659858], [12.3726866, 41.8659642], [12.3727069, 41.8659335]]]}}, {"type": "Feature", "properties": {"id": "SS-ROM-15633", "nome": "Vicolo del Conte", "quartiere": "Municipio Roma XII", "classificazione": "giallo", "score": 3, "note": "strada urbana senza ciclabile", "ciclabile": "no", "n_corsie": "2", "senso_unico": "no", "n_testimonianze": "0", "municipio": "XII"}, "geometry": {"type": "MultiLineString", "coordinates": [[[12.42341, 41.8655391], [12.4243604, 41.86485], [12.4248494, 41.8645048], [12.4251032, 41.8643317], [12.4251781, 41.864273], [12.4252724, 41.8641708], [12.4253517, 41.8640372], [12.4254747, 41.8638312], [12.4258358, 41.8631424], [12.4259326, 41.8630485], [12.4260174, 41.862987], [12.4260835, 41.8629541], [12.4262031, 41.8629059], [12.4264609, 41.8628233], [12.4266353, 41.8627708], [12.4270661, 41.8626412], [12.4271679, 41.8626095], [12.4275994, 41.8624751], [12.4281939, 41.8622899], [12.4287203, 41.8620957]], [[12.4287203, 41.8620957], [12.4287573, 41.8620949], [12.4287869, 41.8621047], [12.4288914, 41.8622876], [12.4290022, 41.86244]]]}}, {"type": "Feature", "properties": {"id": "SS-ROM-15640", "nome": "Vicolo del Fosso di Papa Leone", "quartiere": "Municipio Roma XII", "classificazione": "giallo", "score": 3, "note": "strada urbana senza ciclabile", "ciclabile": "no", "n_corsie": "2", "senso_unico": "no", "n_testimonianze": "0", "municipio": "XII"}, "geometry": {"type": "LineString", "coordinates": [[12.4419961, 41.8351335], [12.4425664, 41.8350431]]}}, {"type": "Feature", "properties": {"id": "SS-ROM-15655", "nome": "Vicolo del Monte delle Capre", "quartiere": "Municipio Roma XII", "classificazione": "giallo", "score": 3, "note": "strada urbana senza ciclabile (1 corsie)", "ciclabile": "no", "n_corsie": "1", "senso_unico": "si", "n_testimonianze": "0", "municipio": "XII"}, "geometry": {"type": "LineString", "coordinates": [[12.4311303, 41.845013], [12.4310457, 41.8453068], [12.4310121, 41.8454054], [12.4309659, 41.8455225], [12.4309252, 41.8456089], [12.4308974, 41.8456559], [12.430866, 41.8457061], [12.4307904, 41.8458036], [12.4305192, 41.8461305], [12.4302653, 41.8464337], [12.4300864, 41.8466952], [12.4299852, 41.8468326], [12.4299251, 41.8469022], [12.4298831, 41.8469459], [12.4298333, 41.8469964], [12.4297755, 41.8470433], [12.4297122, 41.847088], [12.4296614, 41.8471141], [12.429593, 41.847136], [12.4295333, 41.8471501], [12.4292745, 41.8471935], [12.4291424, 41.8472138], [12.4290271, 41.8472249], [12.4279649, 41.8473388], [12.4278725, 41.8473525], [12.4278033, 41.8473658], [12.4277466, 41.8473825], [12.4276953, 41.8474013], [12.4276138, 41.8474308], [12.4274154, 41.8475317], [12.4271994, 41.8476465]]}}, {"type": "Feature", "properties": {"id": "SS-ROM-15666", "nome": "Vicolo dell'Imbarco", "quartiere": "Municipio Roma XII", "classificazione": "giallo", "score": 3, "note": "strada urbana senza ciclabile", "ciclabile": "no", "n_corsie": "2", "senso_unico": "no", "n_testimonianze": "0", "municipio": "XII"}, "geometry": {"type": "LineString", "coordinates": [[12.4310291, 41.8337766], [12.4302288, 41.8339421], [12.4296045, 41.8340493], [12.4290142, 41.8341712], [12.4288091, 41.8342002]]}}, {"type": "Feature", "properties": {"id": "SS-ROM-15671", "nome": "Vicolo della Casetta Mattei", "quartiere": "Municipio Roma XII", "classificazione": "giallo", "score": 3, "note": "strada urbana senza ciclabile", "ciclabile": "no", "n_corsie": "2", "senso_unico": "no", "n_testimonianze": "0", "municipio": "XII"}, "geometry": {"type": "LineString", "coordinates": [[12.4205994, 41.8537536], [12.4205648, 41.8537439], [12.4205274, 41.8537341], [12.4204914, 41.8537269], [12.4204474, 41.8537196], [12.419647, 41.8536862], [12.4192646, 41.8536702], [12.4183747, 41.8536398], [12.4183198, 41.8536391], [12.418262, 41.8536391], [12.4182003, 41.8536401], [12.4181541, 41.8536413], [12.418094, 41.8536427]]}}, {"type": "Feature", "properties": {"id": "SS-ROM-15686", "nome": "Vicolo della Serpe", "quartiere": "Municipio Roma XII", "classificazione": "giallo", "score": 3, "note": "strada urbana senza ciclabile (1 corsie)", "ciclabile": "no", "n_corsie": "1", "senso_unico": "si", "n_testimonianze": "0", "municipio": "XII"}, "geometry": {"type": "MultiLineString", "coordinates": [[[12.4472188, 41.8616013], [12.4470308, 41.861534], [12.4469762, 41.8615224], [12.4469156, 41.8615141], [12.4468595, 41.8615084], [12.4468101, 41.8615055], [12.4467236, 41.8615023], [12.4466311, 41.8615007], [12.4465884, 41.8614978], [12.446547, 41.8614919], [12.4464682, 41.8614761], [12.4451864, 41.8611648], [12.4452382, 41.8608639], [12.4452415, 41.8607671], [12.4452073, 41.86069], [12.4450111, 41.860503], [12.4447948, 41.860264], [12.4447638, 41.8602297]], [[12.4472188, 41.8616013], [12.4472594, 41.8614536], [12.447273, 41.8614217], [12.4473026, 41.8613882], [12.4473318, 41.8613604], [12.4473715, 41.8613279], [12.4477809, 41.8610371], [12.4486757, 41.8604138], [12.4487678, 41.8603506], [12.4487795, 41.86034], [12.4487854, 41.8603327], [12.4487893, 41.8603249], [12.4487915, 41.8603174], [12.4487924, 41.8603095], [12.4487915, 41.8602941], [12.4487432, 41.8600987], [12.4487224, 41.8599641], [12.448721, 41.8599423], [12.4487216, 41.8599291], [12.4487235, 41.8599163], [12.4487291, 41.8599036], [12.4487368, 41.8598908], [12.4487454, 41.8598803], [12.4487567, 41.8598708], [12.4487697, 41.8598618], [12.4487854, 41.8598543], [12.4492262, 41.8597263], [12.4495644, 41.8596612], [12.4496176, 41.8596552], [12.4496592, 41.8596548], [12.4496849, 41.8596523], [12.4497107, 41.8596478], [12.4497394, 41.8596416], [12.4497682, 41.8596323], [12.4497928, 41.8596219], [12.4498174, 41.8596095], [12.4500347, 41.8594973], [12.4502749, 41.8593732], [12.4503015, 41.8593507], [12.4503108, 41.8593281], [12.4503138, 41.8593095], [12.4503143, 41.8592802], [12.4503095, 41.8592507]]]}}, {"type": "Feature", "properties": {"id": "SS-ROM-15706", "nome": "Vicolo di Bravetta", "quartiere": "Municipio Roma XII", "classificazione": "giallo", "score": 3, "note": "strada urbana senza ciclabile", "ciclabile": "no", "n_corsie": "2", "senso_unico": "si", "n_testimonianze": "0", "municipio": "XII"}, "geometry": {"type": "MultiLineString", "coordinates": [[[12.4230234, 41.8681018], [12.4228675, 41.8679156], [12.4226592, 41.8676025], [12.4225291, 41.8674186], [12.4224987, 41.8673893], [12.4224671, 41.8673624], [12.422438, 41.8673439], [12.422409, 41.8673273], [12.4223809, 41.8673148], [12.4223526, 41.8673072], [12.4223211, 41.8673037], [12.4222882, 41.8673031], [12.4222275, 41.8673174], [12.4221835, 41.8673342], [12.4221572, 41.8673474], [12.4221362, 41.8673617], [12.4221149, 41.8673832], [12.422095, 41.8674087], [12.4220092, 41.8676113], [12.4219289, 41.8677583], [12.4218881, 41.8678172], [12.4218556, 41.8678561], [12.421815, 41.8678891], [12.421583, 41.8680307], [12.4211619, 41.8682525], [12.4208542, 41.8684227]], [[12.4211619, 41.8682525], [12.4211511, 41.8682194], [12.4207138, 41.8668746]]]}}, {"type": "Feature", "properties": {"id": "SS-ROM-15725", "nome": "Vicolo di Papa Leone", "quartiere": "Municipio Roma XII", "classificazione": "giallo", "score": 3, "note": "strada urbana senza ciclabile (2 corsie)", "ciclabile": "no", "n_corsie": "2", "senso_unico": "no", "n_testimonianze": "0", "municipio": "XII"}, "geometry": {"type": "MultiLineString", "coordinates": [[[12.447546, 41.8469461], [12.4475604, 41.8468792], [12.4475732, 41.8468135], [12.4475748, 41.8467785], [12.4475714, 41.8467434], [12.4475659, 41.8467249], [12.4475554, 41.8467063], [12.4475397, 41.8466861], [12.4475258, 41.8466708], [12.447507, 41.8466546], [12.4474798, 41.8466383], [12.4474271, 41.846609], [12.4473845, 41.8465949], [12.4473318, 41.8465833], [12.4472172, 41.8465588], [12.4453592, 41.8461665], [12.4439723, 41.8458729], [12.443912, 41.8458615]], [[12.441964, 41.8403496], [12.4420905, 41.8403248], [12.4422143, 41.8402827], [12.4423183, 41.8402442], [12.4424098, 41.8402136], [12.4424407, 41.8402047], [12.4424733, 41.8401972], [12.4424936, 41.8401934], [12.4425086, 41.8401923], [12.4425289, 41.8401917], [12.4425457, 41.8401938], [12.442574, 41.8402019], [12.4427043, 41.8402462], [12.4428346, 41.8402971], [12.4429134, 41.840329], [12.4429543, 41.8403494], [12.443027, 41.8403929], [12.4430966, 41.8404389], [12.4431722, 41.8404973], [12.4432425, 41.8405556], [12.4432929, 41.8406018], [12.4433397, 41.8406479], [12.4433822, 41.8406947], [12.4434193, 41.8407415], [12.4434565, 41.8407978], [12.4434964, 41.8408621], [12.4435257, 41.8409151], [12.4435514, 41.8409747], [12.4435723, 41.8410362], [12.4435879, 41.8410937], [12.4436079, 41.8411813], [12.4436173, 41.8412346], [12.4436409, 41.8413539], [12.4436574, 41.8414627], [12.4436701, 41.8416077], [12.4436818, 41.8417745], [12.4436806, 41.8420354], [12.4436717, 41.8421409], [12.4436587, 41.8422702], [12.4436367, 41.8424088], [12.443607, 41.8425754], [12.4435365, 41.8430038], [12.4435388, 41.8430398], [12.443544, 41.8430664], [12.4435578, 41.8430935], [12.4435697, 41.8431128], [12.4435923, 41.8431371], [12.4436149, 41.8431555], [12.4436367, 41.8431689], [12.4436586, 41.843181], [12.4437267, 41.8432083], [12.4437829, 41.8432272], [12.4438356, 41.8432421]], [[12.4445243, 41.843381], [12.4440513, 41.8432926]], [[12.4446759, 41.843439], [12.4446606, 41.8434217], [12.4446346, 41.8434065], [12.4445839, 41.8433931], [12.4445243, 41.843381]], [[12.443912, 41.8458615], [12.4442622, 41.8448349], [12.444684, 41.8435617], [12.4446976, 41.8434857], [12.4446908, 41.8434623], [12.4446759, 41.843439]], [[12.4438356, 41.8432421], [12.4439426, 41.8432687], [12.4440513, 41.8432926]]]}}, {"type": "Feature", "properties": {"id": "SS-ROM-15748", "nome": "Vicolo di Val Tellina", "quartiere": "Municipio Roma XII", "classificazione": "giallo", "score": 3, "note": "strada urbana senza ciclabile (2 corsie)", "ciclabile": "no", "n_corsie": "2", "senso_unico": "si", "n_testimonianze": "0", "municipio": "XII"}, "geometry": {"type": "MultiLineString", "coordinates": [[[12.4463706, 41.8652029], [12.445566, 41.8650958], [12.4454621, 41.8650828], [12.444654, 41.8649834], [12.4445726, 41.8649769], [12.4444932, 41.8649745], [12.4443931, 41.8649769]], [[12.4479531, 41.8653625], [12.4487315, 41.8654497], [12.4487437, 41.8654511], [12.4488131, 41.8654377]], [[12.4478676, 41.8653472], [12.4477981, 41.8653393], [12.4470895, 41.8652575]]]}}, {"type": "Feature", "properties": {"id": "SS-ROM-15789", "nome": "via di Monteverde", "quartiere": "Municipio Roma XII", "classificazione": "giallo", "score": 3, "note": "strada urbana senza ciclabile (1 corsie)", "ciclabile": "no", "n_corsie": "1", "senso_unico": "si", "n_testimonianze": "0", "municipio": "XII"}, "geometry": {"type": "MultiLineString", "coordinates": [[[12.4462233, 41.8697207], [12.4462992, 41.8697575], [12.4470296, 41.8701106], [12.4471497, 41.8701732]], [[12.4449315, 41.8698109], [12.4448506, 41.8698116], [12.4444906, 41.8698139], [12.4434949, 41.8698191], [12.4433999, 41.8698193]], [[12.4499302, 41.8712275], [12.4500423, 41.871232], [12.4500751, 41.8712333], [12.4502039, 41.8712385]], [[12.4433999, 41.8698193], [12.4432521, 41.8698225]], [[12.448623, 41.8709177], [12.4489002, 41.8710532]], [[12.4489002, 41.8710532], [12.4489634, 41.8710885], [12.449004, 41.8711059], [12.4490462, 41.8711221], [12.4490919, 41.8711368], [12.4491377, 41.8711491], [12.4492051, 41.8711636], [12.4492694, 41.8711739], [12.4493411, 41.8711825], [12.4495337, 41.8711993], [12.4497665, 41.8712175], [12.4498356, 41.8712229], [12.4499302, 41.8712275]], [[12.4457485, 41.8698101], [12.4456262, 41.869807], [12.4449315, 41.8698109]], [[12.4471497, 41.8701732], [12.4482552, 41.8707306], [12.4482983, 41.8707525], [12.448623, 41.8709177]]]}}]}