{"type": "FeatureCollection", "features": [{"type": "Feature", "properties": {"id": "SS-ROM-0251", "nome": "Via Gregorio Settimo", "quartiere": "Aurelio", "classificazione": "verde", "score": 1, "note": "ciclabile stretta ma presente non protetta da cordoli - segnalazione @metaiyo", "ciclabile": "si", "n_corsie": "2", "senso_unico": "no", "n_testimonianze": "1", "municipio": "XIII"}, "geometry": {"type": "MultiLineString", "coordinates": [[[12.4460078, 41.8953905], [12.4460369, 41.8954025], [12.4460613, 41.8954157], [12.4460796, 41.8954343], [12.4460887, 41.8954472]], [[12.4460887, 41.8954472], [12.4451378, 41.8956992], [12.445056, 41.8957194], [12.444002, 41.8959969], [12.4428693, 41.8962902], [12.4427702, 41.8963154], [12.4427183, 41.8963281], [12.4426742, 41.8963367], [12.4425627, 41.8963588], [12.4424959, 41.8963709], [12.4424285, 41.8963824], [12.4423903, 41.8963882], [12.4423346, 41.8963946], [12.4422587, 41.8964008], [12.4421719, 41.8964059], [12.4420623, 41.896412], [12.4419785, 41.8964152], [12.4418775, 41.8964172], [12.4417855, 41.8964154], [12.4416921, 41.8964107], [12.441618, 41.8964073], [12.4415318, 41.896401], [12.4414674, 41.8963944], [12.4414017, 41.8963868], [12.4413073, 41.896375], [12.4412297, 41.8963627], [12.4410709, 41.8963283], [12.4408781, 41.8962823], [12.4407077, 41.8962336], [12.4406029, 41.8961996], [12.4404597, 41.896143], [12.4403382, 41.8960886], [12.4401924, 41.8960127], [12.4398793, 41.8958359], [12.4393783, 41.8955034], [12.4387278, 41.8950639]], [[12.4511832, 41.898691], [12.4511125, 41.8986346], [12.4510763, 41.8986016], [12.4510401, 41.898565], [12.4509981, 41.8985203], [12.4509683, 41.8984853], [12.4509289, 41.8984304], [12.4508801, 41.89835], [12.4508669, 41.898327], [12.4508506, 41.8983016], [12.4508255, 41.8982636], [12.4507863, 41.8982061], [12.4506685, 41.8980494], [12.4504648, 41.8977662], [12.45034, 41.8975698]], [[12.447561, 41.8951559], [12.4475747, 41.8951768], [12.4475853, 41.8951954], [12.447593, 41.8952173], [12.4475977, 41.8952461], [12.4475888, 41.895322]], [[12.4451747, 41.8957825], [12.4451378, 41.8956992], [12.445103, 41.8956247]], [[12.445103, 41.8956247], [12.4460078, 41.8953905]], [[12.4398091, 41.8958965], [12.4386359, 41.8951279]], [[12.439945, 41.8957785], [12.4401122, 41.8958786], [12.4402917, 41.8959767], [12.4404742, 41.8960662], [12.440564, 41.8961023], [12.4406498, 41.8961338], [12.4408023, 41.8961835], [12.4409476, 41.8962262], [12.4411008, 41.89626], [12.4412417, 41.8962875], [12.4413785, 41.8963066], [12.441544, 41.8963259], [12.4417013, 41.8963377], [12.441796, 41.8963409], [12.4418789, 41.8963426], [12.4419544, 41.8963409], [12.4420867, 41.8963373], [12.4422573, 41.8963246], [12.4423781, 41.8963121], [12.4425258, 41.89629], [12.4426967, 41.8962566], [12.4428799, 41.8962104], [12.4432564, 41.8961109], [12.4439062, 41.8959419], [12.4444677, 41.8957958], [12.4450223, 41.8956457], [12.445103, 41.8956247]], [[12.4297972, 41.8948794], [12.4298459, 41.8948477], [12.4299223, 41.8947968], [12.4299421, 41.894786], [12.4299751, 41.89477], [12.4300123, 41.8947587], [12.4300615, 41.8947436], [12.4301324, 41.8947223], [12.4311347, 41.8944228], [12.4320094, 41.894176], [12.4332561, 41.8938142], [12.4339041, 41.8936234], [12.4343607, 41.893491], [12.4344164, 41.8934774], [12.4344797, 41.893464], [12.4345504, 41.8934471], [12.4346584, 41.8934268], [12.4347456, 41.8934123], [12.434823, 41.893403], [12.4349132, 41.8933951], [12.4350122, 41.8933891], [12.4351098, 41.8933845], [12.4351872, 41.8933848], [12.4354473, 41.8933877], [12.435534, 41.8933945], [12.4356103, 41.8934032], [12.435687, 41.8934132], [12.4357458, 41.8934235], [12.4357928, 41.8934314], [12.4358391, 41.8934404], [12.4358723, 41.8934473], [12.4359269, 41.89346], [12.43607, 41.8934954], [12.436174, 41.8935256], [12.4363003, 41.8935699], [12.4364509, 41.8936247], [12.4365911, 41.8936843], [12.4369117, 41.8938562]], [[12.4297857, 41.894715], [12.4298836, 41.8946856], [12.4310907, 41.8943459], [12.4322677, 41.8940112], [12.4334416, 41.8936719], [12.4338632, 41.8935424], [12.433963, 41.8935117], [12.4340804, 41.8934793], [12.4342036, 41.8934442], [12.4343237, 41.8934125], [12.434438, 41.8933881], [12.4345649, 41.8933641], [12.4347304, 41.8933369], [12.4348699, 41.8933204], [12.4350162, 41.8933097], [12.435155, 41.893305], [12.4353636, 41.8933095], [12.4354906, 41.8933153], [12.4356123, 41.8933271], [12.4357364, 41.8933451], [12.4358031, 41.8933546], [12.4358668, 41.8933664], [12.435942, 41.8933832], [12.4360141, 41.8934], [12.4360809, 41.8934165], [12.4361462, 41.8934341], [12.4362033, 41.8934509], [12.4362559, 41.8934676], [12.4364421, 41.8935321], [12.4365366, 41.8935685], [12.4366257, 41.8936084], [12.4367096, 41.8936475], [12.4367897, 41.8936884], [12.4369744, 41.8937888]], [[12.45034, 41.8975698], [12.4501245, 41.897245], [12.4499939, 41.8970302], [12.4499184, 41.8969153], [12.449847, 41.8968109], [12.4497981, 41.8967415], [12.4497493, 41.8966722], [12.4496374, 41.8965259], [12.4495688, 41.8964447], [12.4495277, 41.8964002], [12.449414, 41.8962769], [12.4492576, 41.8961263], [12.4491929, 41.8960641], [12.4491151, 41.8959936], [12.4489421, 41.8958548], [12.4488238, 41.8957715], [12.4487692, 41.8957355], [12.4487106, 41.895701], [12.4486629, 41.8956729], [12.4485827, 41.8956281], [12.4485117, 41.8955906], [12.4484025, 41.8955388], [12.4483451, 41.895514], [12.4482894, 41.8954916], [12.4481733, 41.8954518], [12.4481103, 41.8954328], [12.4480441, 41.8954138], [12.447948, 41.895386], [12.4478239, 41.8953585], [12.4477013, 41.8953365], [12.4475888, 41.895322], [12.4474694, 41.8953152], [12.4474065, 41.8953128], [12.4473358, 41.8953116], [12.4472568, 41.8953123], [12.4471671, 41.8953158], [12.4470829, 41.8953204], [12.4469953, 41.8953291], [12.4469337, 41.8953373], [12.4468778, 41.8953451], [12.4468188, 41.8953543], [12.4467637, 41.8953652], [12.4463728, 41.8954608], [12.4459911, 41.8955631]], [[12.4505293, 41.8974999], [12.4505824, 41.8975794], [12.4506146, 41.8976261], [12.4506847, 41.8977254], [12.4507745, 41.8978482], [12.4508426, 41.8979367], [12.4508704, 41.8979738], [12.4511152, 41.8982776]], [[12.4515978, 41.8986056], [12.451671, 41.8986394], [12.4517404, 41.8986718], [12.4517795, 41.8986954], [12.4518125, 41.8987236], [12.4519214, 41.8988288], [12.4519825, 41.898888], [12.452016, 41.8989291], [12.4520327, 41.8989548], [12.4520495, 41.898984]], [[12.4511152, 41.8982776], [12.4511447, 41.8983099], [12.4511742, 41.8983376], [12.4512156, 41.898374], [12.4512516, 41.8984032], [12.451271, 41.8984168], [12.4513068, 41.8984418], [12.451359, 41.898475], [12.4515331, 41.8985735], [12.4515978, 41.8986056]], [[12.4451747, 41.8957825], [12.4450937, 41.8958018], [12.444015, 41.8960829], [12.4439398, 41.8961026], [12.4429494, 41.8963625], [12.442893, 41.8963781], [12.4427683, 41.89641], [12.4426912, 41.8964279], [12.4425606, 41.8964515], [12.4424373, 41.8964686], [12.4423495, 41.8964779], [12.4422586, 41.8964872], [12.4421407, 41.8964952], [12.4420182, 41.8964998], [12.4419486, 41.8965004], [12.4418773, 41.8964998], [12.4417845, 41.8964978], [12.4416846, 41.896494], [12.4415422, 41.8964858], [12.4414675, 41.8964788], [12.4413867, 41.8964689], [12.4412722, 41.8964527], [12.4411715, 41.8964351], [12.4410678, 41.8964129], [12.4409256, 41.8963825], [12.440853, 41.8963638], [12.440788, 41.8963463], [12.4406658, 41.8963096], [12.4405806, 41.8962829], [12.4404518, 41.8962373], [12.4403626, 41.8961998], [12.4403039, 41.8961748], [12.4402406, 41.8961453], [12.4401638, 41.8961088], [12.4400714, 41.8960579], [12.4399835, 41.8960061], [12.4398091, 41.8958965]], [[12.4460078, 41.8953905], [12.4462271, 41.8953311], [12.4464524, 41.8952693], [12.4466946, 41.8952041], [12.4467769, 41.8951878], [12.4468562, 41.8951737], [12.4469479, 41.8951618], [12.4470349, 41.8951544], [12.447142, 41.8951511], [12.4472639, 41.895149], [12.4474183, 41.8951494], [12.4474904, 41.8951521], [12.447561, 41.8951559], [12.4476526, 41.8951635], [12.4477365, 41.895171], [12.4478073, 41.8951836], [12.4478719, 41.8951973], [12.4479869, 41.8952237], [12.4482012, 41.8952812], [12.448304, 41.8953126], [12.4484037, 41.8953452], [12.4487089, 41.8954799], [12.4487444, 41.8954985], [12.448801, 41.8955308], [12.4490191, 41.8956846], [12.4492077, 41.8958405], [12.4493005, 41.8959202], [12.4493855, 41.8959965], [12.4496673, 41.8962686], [12.4497035, 41.8963086], [12.4497999, 41.896419], [12.4499258, 41.8965787], [12.4500396, 41.8967339], [12.4503359, 41.8971756], [12.4505293, 41.8974999]], [[12.4459911, 41.8955631], [12.4451747, 41.8957825]], [[12.4460887, 41.8954472], [12.4466877, 41.8952982], [12.4468065, 41.895275], [12.446893, 41.8952621], [12.4469643, 41.8952531], [12.4470549, 41.8952447], [12.4471465, 41.8952392], [12.4472846, 41.8952328], [12.4474201, 41.8952358], [12.4475469, 41.8952429], [12.4475977, 41.8952461], [12.4476751, 41.895256], [12.4477698, 41.8952731], [12.4478587, 41.8952901], [12.4480616, 41.8953386], [12.4481324, 41.8953562], [12.4481788, 41.8953698], [12.4482213, 41.8953828], [12.4482843, 41.895406], [12.4483404, 41.8954265], [12.4484911, 41.8954887], [12.4485674, 41.8955247], [12.4486402, 41.8955607], [12.4487248, 41.8956075], [12.4487876, 41.8956452], [12.4488533, 41.8956888], [12.4490017, 41.8957931], [12.4491951, 41.8959481], [12.4492717, 41.8960159], [12.4493361, 41.8960793], [12.4496071, 41.8963589], [12.4497249, 41.896492], [12.4499387, 41.8967724], [12.4502221, 41.8972103], [12.4504326, 41.8975367], [12.4507245, 41.8979435], [12.4507706, 41.8980117], [12.4509951, 41.8983181], [12.4510546, 41.8983857], [12.4511153, 41.898443], [12.4511477, 41.8984676], [12.4512387, 41.8985257], [12.4513731, 41.8986089], [12.4514721, 41.8986732], [12.4518554, 41.8989627]], [[12.4368581, 41.8939311], [12.4367049, 41.8938426], [12.4366448, 41.893809], [12.4365816, 41.8937743], [12.4365173, 41.893744], [12.4364491, 41.8937136], [12.4363552, 41.8936746], [12.4362236, 41.8936273], [12.4361306, 41.8935955], [12.436074, 41.8935772], [12.4360112, 41.8935601], [12.4358833, 41.89353], [12.4357835, 41.8935101], [12.4356733, 41.8934931], [12.4355605, 41.8934802], [12.4354949, 41.8934741], [12.4354339, 41.8934692], [12.4353247, 41.8934615], [12.435198, 41.8934605], [12.4350883, 41.8934628], [12.4349875, 41.8934694], [12.4349021, 41.8934755], [12.4348089, 41.8934851], [12.4347301, 41.8934954], [12.4346298, 41.8935124], [12.4345475, 41.8935309], [12.4344836, 41.8935465], [12.4344336, 41.8935607], [12.4343837, 41.8935737], [12.4342992, 41.8935986], [12.4341695, 41.8936375], [12.4339433, 41.8937009], [12.4331862, 41.8939151], [12.433002, 41.893969], [12.4321144, 41.8942302], [12.4311826, 41.8945006], [12.4301488, 41.8947995], [12.4301155, 41.8948095], [12.4300811, 41.8948228], [12.4300491, 41.8948371], [12.4300188, 41.8948542], [12.4299991, 41.8948682], [12.4299842, 41.8948836], [12.429964, 41.8949091], [12.4299482, 41.8949315], [12.4298525, 41.8950785]], [[12.4460887, 41.8954472], [12.446092, 41.895462], [12.4460906, 41.8954755], [12.4460856, 41.8954903], [12.4460712, 41.8955092], [12.4460522, 41.8955259], [12.4460247, 41.8955439], [12.4459911, 41.8955631]], [[12.4388034, 41.8950015], [12.439396, 41.8954074], [12.439945, 41.8957785]], [[12.4520078, 41.8990618], [12.4521746, 41.8990821]], [[12.4523233, 41.8991854], [12.4521939, 41.8991538], [12.4521309, 41.8991349], [12.4520586, 41.8991024], [12.4520271, 41.8990826], [12.4520078, 41.8990618]], [[12.4513566, 41.8988217], [12.4513024, 41.8987781], [12.4511832, 41.898691]], [[12.4518554, 41.8989627], [12.4518801, 41.8989705], [12.4520078, 41.8990618]]]}}, {"type": "Feature", "properties": {"id": "SS-ROM-0252", "nome": "Via Anastasio Secondo", "quartiere": "Valle Aurelia", "classificazione": "nero", "score": 5, "note": "trappola mortale no marciapiede no ciclabile no preferenziale - segnalazione @metaiyo", "ciclabile": "no", "n_corsie": "2", "senso_unico": "no", "n_testimonianze": "1", "municipio": "XIII"}, "geometry": {"type": "MultiLineString", "coordinates": [[[12.4426423, 41.8984454], [12.4427038, 41.8977553], [12.4427048, 41.897723], [12.4427027, 41.8976959], [12.4426978, 41.8976644], [12.4426904, 41.8976429], [12.4426771, 41.8976164], [12.4426599, 41.8975926], [12.4426456, 41.8975756], [12.4426325, 41.8975611], [12.4426054, 41.8975384], [12.4425805, 41.8975211], [12.4425584, 41.8975097], [12.4425386, 41.897501], [12.4425141, 41.8974923], [12.4424872, 41.8974845], [12.442452, 41.8974764], [12.4416014, 41.8973486], [12.4414822, 41.8973297], [12.4413506, 41.8973072], [12.4412056, 41.8972865], [12.441081, 41.8972686], [12.4409615, 41.8972522], [12.4408779, 41.897239], [12.4408237, 41.8972295], [12.4407713, 41.8972174], [12.4407243, 41.8972031], [12.4406722, 41.8971858], [12.4406175, 41.8971634], [12.4405915, 41.8971507], [12.4405634, 41.8971349], [12.4405123, 41.8970993], [12.4404703, 41.8970675], [12.4404232, 41.8970275], [12.4401806, 41.8968178], [12.4399424, 41.8966396], [12.4392572, 41.8961663], [12.4392178, 41.8961405], [12.4390971, 41.8960607], [12.4383131, 41.8955276], [12.438283, 41.8955047], [12.4382583, 41.8954835], [12.4382217, 41.8954526], [12.4381924, 41.8954226], [12.4381686, 41.8953953], [12.4381313, 41.8953508]], [[12.4416014, 41.8973486], [12.4415429, 41.8974097], [12.4414638, 41.8973973], [12.4413666, 41.8973828], [12.4408524, 41.8973085], [12.440741, 41.8972848], [12.4406357, 41.8972475], [12.4405843, 41.8972264], [12.4405394, 41.8972036], [12.440502, 41.8971834], [12.4404684, 41.8971632], [12.4404156, 41.897124], [12.4403414, 41.8970674], [12.440089, 41.8968562]], [[12.4419387, 41.9026362], [12.4419814, 41.9027061], [12.4420149, 41.9027538], [12.4420439, 41.9027902], [12.4420729, 41.9028236], [12.4420961, 41.9028488], [12.44229, 41.9030485], [12.4423458, 41.9030999], [12.4424361, 41.9031794], [12.4424781, 41.9032138], [12.4427171, 41.903413], [12.4428681, 41.9035448], [12.4430145, 41.9036754], [12.4432766, 41.9039338], [12.4439155, 41.9044931], [12.4447032, 41.905179], [12.4447653, 41.9052285]], [[12.4419169, 41.9015862], [12.4418673, 41.9016868], [12.4418365, 41.9017524], [12.4418085, 41.9018208], [12.441785, 41.9018962], [12.4417749, 41.9019516], [12.4417656, 41.9020207], [12.4417617, 41.9020739], [12.441764, 41.902143], [12.4417676, 41.9021896], [12.4417787, 41.9022455], [12.4417912, 41.9022959], [12.4418217, 41.9023923], [12.4418335, 41.9024239], [12.4418651, 41.9024986], [12.4419019, 41.9025699], [12.4419203, 41.902604], [12.4419387, 41.9026362]], [[12.4418115, 41.9015459], [12.4418941, 41.9013621], [12.442099, 41.9008786], [12.4422151, 41.9006247], [12.4423293, 41.9003787], [12.4423573, 41.9003197], [12.4423807, 41.9002572], [12.4424789, 41.8999822], [12.442524, 41.8998306], [12.4425346, 41.8997785], [12.4425412, 41.8997333], [12.4425454, 41.8996825], [12.442547, 41.8996371], [12.4425491, 41.8996102], [12.4425588, 41.8995019], [12.4425692, 41.8993782], [12.4426058, 41.8989069], [12.4426133, 41.8988058]], [[12.4418152, 41.902641], [12.4417822, 41.9025791], [12.4417492, 41.9025143], [12.4417307, 41.902469], [12.4417136, 41.9024218], [12.44169, 41.9023577], [12.4416755, 41.9023142], [12.4416623, 41.9022607], [12.441655, 41.9022193], [12.4416503, 41.9021739], [12.441646, 41.9021001], [12.4416486, 41.9020473], [12.4416525, 41.9019975], [12.4416624, 41.9019283], [12.4416756, 41.9018721], [12.4417042, 41.9017873], [12.4417448, 41.9016893], [12.4418115, 41.9015459]], [[12.4382182, 41.8952927], [12.4382916, 41.8953828], [12.4382976, 41.8953905], [12.4383278, 41.8954182], [12.4383612, 41.8954419], [12.4384083, 41.8954737], [12.4390794, 41.8959219], [12.4391771, 41.8959883], [12.4392877, 41.8960804], [12.4393724, 41.8961344], [12.4394476, 41.8961867], [12.4398615, 41.8964641], [12.4400412, 41.8965904], [12.4401117, 41.8966414], [12.4401883, 41.896697], [12.4403827, 41.8968737], [12.440491, 41.896967], [12.440549, 41.8970135], [12.4405999, 41.8970494], [12.4406327, 41.8970706], [12.4406654, 41.897088], [12.4407147, 41.8971083], [12.4407747, 41.8971285], [12.4408235, 41.897141], [12.4408977, 41.8971555], [12.4415006, 41.8972482], [12.4416934, 41.8972769], [12.4423542, 41.8973743], [12.4424886, 41.8973967], [12.442512, 41.8974023], [12.4425414, 41.8974111], [12.4425638, 41.897419], [12.4425907, 41.8974287], [12.4426095, 41.8974365], [12.4426384, 41.8974519], [12.4426638, 41.8974673], [12.4426873, 41.8974841], [12.4427107, 41.8975026], [12.4427279, 41.8975186], [12.4427475, 41.8975389], [12.442772, 41.8975716], [12.4427863, 41.8975975], [12.4428007, 41.897626], [12.44281, 41.8976551], [12.4428126, 41.8976828], [12.4428141, 41.8977369], [12.4428087, 41.897833], [12.442801, 41.8979378], [12.4427856, 41.8981309], [12.4427642, 41.8984509]], [[12.4427642, 41.8984509], [12.4427351, 41.8988111]], [[12.4427351, 41.8988111], [12.4427015, 41.8992013], [12.4426599, 41.8996401], [12.4426539, 41.8997144], [12.4426477, 41.8997804], [12.4426401, 41.8998252], [12.4426316, 41.8998662], [12.4426127, 41.8999363], [12.4425908, 41.8999979], [12.4425723, 41.900047], [12.4425352, 41.900151], [12.4424865, 41.9002786], [12.4424388, 41.9003948], [12.4423619, 41.9005623], [12.4422107, 41.9009063], [12.4421569, 41.9010273], [12.4420937, 41.9011824], [12.4420221, 41.9013496], [12.4419518, 41.9015062], [12.4419169, 41.9015862]], [[12.4426133, 41.8988058], [12.4426423, 41.8984454]], [[12.4391771, 41.8959883], [12.4390971, 41.8960607]], [[12.4447653, 41.9052285], [12.4448669, 41.9053112], [12.4449919, 41.905411]], [[12.4449103, 41.9054858], [12.4446875, 41.9053036]], [[12.4446875, 41.9053036], [12.4446172, 41.9052452], [12.4443974, 41.9050613], [12.4441931, 41.9048813], [12.4438118, 41.9045606], [12.4431936, 41.9040128], [12.4431422, 41.9039685]], [[12.4431422, 41.9039685], [12.44268, 41.903575], [12.4425788, 41.9034906], [12.4425345, 41.9034556], [12.442349, 41.9032892], [12.4423408, 41.9032825], [12.4421946, 41.9031596], [12.4419998, 41.9029261], [12.4419549, 41.902865], [12.441907, 41.9027936], [12.441858, 41.902715], [12.4418152, 41.902641]], [[12.440089, 41.8968562], [12.4400049, 41.896749], [12.4399424, 41.8966396]]]}}, {"type": "Feature", "properties": {"id": "SS-ROM-0379", "nome": "Circonvallazione Cornelia", "quartiere": "Aurelio", "classificazione": "rosso", "score": 4, "note": "arteria trafficata nessuna ciclabile", "ciclabile": "no", "n_corsie": "4", "senso_unico": "no", "n_testimonianze": "1", "municipio": "XIII"}, "geometry": {"type": "MultiLineString", "coordinates": [[[12.4253181, 41.9056199], [12.4252971, 41.9055776], [12.4252823, 41.9055478], [12.4252543, 41.9055021], [12.4251988, 41.9054271], [12.4251365, 41.9053521], [12.4250075, 41.9051949], [12.4249787, 41.9051542], [12.4249562, 41.9051166], [12.4249399, 41.9050811], [12.4249258, 41.9050428], [12.4248857, 41.9048746]], [[12.4270745, 41.8996622], [12.4270678, 41.8997342], [12.42706, 41.899775], [12.4270492, 41.89981], [12.4270347, 41.899847], [12.4269211, 41.9000833]], [[12.4259083, 41.9029946], [12.4255496, 41.9028961], [12.425527, 41.9028864], [12.4255126, 41.9028766], [12.425499, 41.9028619], [12.4254892, 41.9028475], [12.4254878, 41.9028363], [12.425489, 41.9028247], [12.4255165, 41.902742], [12.4258446, 41.9020115], [12.4259103, 41.901861]], [[12.4247409, 41.9055366], [12.42474, 41.9054005], [12.424739, 41.9052663], [12.4247383, 41.9051775], [12.4247349, 41.9049552], [12.4247403, 41.9049037], [12.4247717, 41.9048001], [12.4247953, 41.9047181], [12.424804, 41.9046877], [12.4248128, 41.9046603], [12.4248304, 41.9046371], [12.4248615, 41.9046054]], [[12.4255864, 41.9019968], [12.4256527, 41.9018529], [12.425681, 41.9017966], [12.4257551, 41.9016471], [12.4258803, 41.9014144]], [[12.4249927, 41.9047745], [12.4249871, 41.9047514], [12.424983, 41.9047248], [12.424982, 41.9046574]], [[12.4249927, 41.9047745], [12.4250741, 41.9047134], [12.425123, 41.9046597], [12.4252423, 41.90453], [12.4252636, 41.904494], [12.4252757, 41.9044614], [12.4252784, 41.9044262], [12.4252824, 41.9043717], [12.4252919, 41.9042796]], [[12.4253622, 41.9045236], [12.4253054, 41.9046034], [12.4252846, 41.9046327], [12.4252691, 41.9047523], [12.4252584, 41.9048193], [12.4252442, 41.9048437], [12.4252185, 41.9048652], [12.4251979, 41.9048758], [12.4251733, 41.9048834], [12.4251401, 41.9048883], [12.4251069, 41.9048853], [12.4250887, 41.9048807], [12.4250656, 41.9048733], [12.4250442, 41.9048583], [12.4250257, 41.9048397], [12.4250128, 41.9048234], [12.4250046, 41.9048093], [12.4249927, 41.9047745]], [[12.4248857, 41.9048746], [12.4249237, 41.9047815], [12.424982, 41.9046574]], [[12.4253085, 41.9030689], [12.425298, 41.9030401], [12.4252848, 41.9030061]], [[12.425278, 41.9027394], [12.4254333, 41.9023547]], [[12.4257358, 41.9019399], [12.425675, 41.9020784], [12.4254299, 41.9026458], [12.425407, 41.9027053], [12.4254007, 41.902728], [12.4253944, 41.9027507], [12.42539, 41.9027717], [12.4253872, 41.9027928], [12.4253863, 41.9028241], [12.4253878, 41.9028526], [12.4253935, 41.9028973], [12.4254031, 41.9029347], [12.4254215, 41.9029928], [12.4254418, 41.9030551], [12.425469, 41.9031235], [12.4254811, 41.9031851], [12.4254888, 41.9032313], [12.425496, 41.9032995], [12.4255028, 41.9033549], [12.4255073, 41.9034031], [12.425515, 41.9035024]], [[12.4254333, 41.9023547], [12.4255019, 41.9021784], [12.4255218, 41.9021316], [12.4255864, 41.9019968]], [[12.4250205, 41.9042182], [12.4250937, 41.9041349], [12.4251849, 41.9040383]], [[12.4250362, 41.904084], [12.4251043, 41.9040202], [12.4252067, 41.9039243]], [[12.4250483, 41.9039964], [12.4251136, 41.9039312], [12.4252078, 41.9038372]], [[12.4249963, 41.9044948], [12.4250666, 41.9044241], [12.4253013, 41.9041879]], [[12.4250159, 41.904284], [12.4250826, 41.9042229], [12.4251834, 41.9041262]], [[12.425061, 41.9038913], [12.4251262, 41.9038253], [12.4252323, 41.903718]], [[12.4249879, 41.9045982], [12.4250545, 41.9045241], [12.4251549, 41.9044206]], [[12.425107, 41.9035689], [12.4251808, 41.903494], [12.425243, 41.903433]], [[12.425107, 41.9035689], [12.4251192, 41.9033878], [12.4251283, 41.9033402], [12.4251427, 41.903296], [12.425203, 41.9031462]], [[12.4250712, 41.9037983], [12.4251421, 41.9037264], [12.4252394, 41.9036277]], [[12.4250075, 41.9043873], [12.4250734, 41.9043242], [12.4253076, 41.9040999]], [[12.4250827, 41.9036907], [12.4251551, 41.9036166], [12.4252518, 41.9035205]], [[12.4258468, 41.9017326], [12.4258171, 41.9017923], [12.4257784, 41.9018611], [12.4257358, 41.9019399]], [[12.4267942, 41.9003212], [12.4268356, 41.9003357], [12.4268397, 41.9003371], [12.4269158, 41.900368], [12.4269873, 41.9004104], [12.4270533, 41.9004583], [12.4276872, 41.9008452]], [[12.4271785, 41.8995375], [12.4270745, 41.8996622]], [[12.4277252, 41.8985816], [12.427657, 41.8987047], [12.4272791, 41.8993764], [12.4272575, 41.8994162], [12.4272263, 41.8994664], [12.4271785, 41.8995375]], [[12.4266672, 41.8999974], [12.4267854, 41.8997825], [12.4268456, 41.8996731], [12.4268986, 41.8995819], [12.4269265, 41.8995293], [12.4269741, 41.8994439], [12.4270348, 41.8993215]], [[12.4270348, 41.8993215], [12.4270962, 41.8991995], [12.4273366, 41.8987648], [12.4273627, 41.8987128], [12.4274249, 41.898599]], [[12.4250483, 41.9039964], [12.425061, 41.9038913]], [[12.424982, 41.9046574], [12.4249879, 41.9045982]], [[12.424982, 41.9046574], [12.4250424, 41.9046233], [12.4251341, 41.9045325], [12.4252824, 41.9043717]], [[12.4253076, 41.9040999], [12.4253184, 41.9039981]], [[12.4248857, 41.9048746], [12.4248726, 41.9048164], [12.4248639, 41.9047573], [12.4248612, 41.9046937], [12.4248596, 41.9046533], [12.4248615, 41.9046054], [12.4248996, 41.9041892], [12.4249039, 41.9041539], [12.4249147, 41.9040599], [12.4249319, 41.9039359], [12.4249603, 41.9037587], [12.4249943, 41.9036021], [12.4250213, 41.9034561], [12.4250307, 41.9034045], [12.4250399, 41.9033578], [12.4250539, 41.9033125], [12.4250701, 41.903264], [12.4250872, 41.9032161], [12.425102, 41.9031786], [12.425278, 41.9027394]], [[12.4253676, 41.9034], [12.4253684, 41.9033071]], [[12.4252078, 41.9038372], [12.425347, 41.9036983]], [[12.4253359, 41.9037962], [12.425347, 41.9036983]], [[12.4250362, 41.904084], [12.4250483, 41.9039964]], [[12.4252067, 41.9039243], [12.4253359, 41.9037962]], [[12.425107, 41.9035689], [12.4251751, 41.9033958], [12.4252378, 41.9032363]], [[12.425347, 41.9036983], [12.4253551, 41.9036]], [[12.425243, 41.903433], [12.4253684, 41.9033071]], [[12.4252323, 41.903718], [12.4253551, 41.9036]], [[12.4250159, 41.904284], [12.4250205, 41.9042182]], [[12.425061, 41.9038913], [12.4250712, 41.9037983]], [[12.4252518, 41.9035205], [12.4253676, 41.9034]], [[12.4252394, 41.9036277], [12.4253632, 41.9034993]], [[12.4253269, 41.9038945], [12.4253359, 41.9037962]], [[12.4250205, 41.9042182], [12.425026, 41.9041596], [12.4250362, 41.904084]], [[12.4250712, 41.9037983], [12.4250827, 41.9036907]], [[12.4253632, 41.9034993], [12.4253676, 41.9034]], [[12.4253551, 41.9036], [12.4253632, 41.9034993]], [[12.4252378, 41.9032363], [12.4252762, 41.9031367], [12.4253085, 41.9030689]], [[12.4253184, 41.9039981], [12.4253269, 41.9038945]], [[12.4251849, 41.9040383], [12.4253269, 41.9038945]], [[12.4250827, 41.9036907], [12.425107, 41.9035689]], [[12.425203, 41.9031462], [12.4252333, 41.9030656], [12.4252473, 41.9030524], [12.4252848, 41.9030061]], [[12.4252848, 41.9030061], [12.4252734, 41.9029519], [12.4252692, 41.9029093], [12.4252697, 41.9028599], [12.425278, 41.9027394]], [[12.4253684, 41.9033071], [12.4253615, 41.9032152], [12.4253517, 41.903154], [12.4253399, 41.9031205], [12.4253269, 41.9030961], [12.4253085, 41.9030689]], [[12.4251549, 41.9044206], [12.4252919, 41.9042796]], [[12.4252919, 41.9042796], [12.425297, 41.9042302], [12.4253013, 41.9041879], [12.4253055, 41.9041467], [12.4253076, 41.9040999]], [[12.4249879, 41.9045982], [12.4249963, 41.9044948], [12.4250027, 41.9044271], [12.4250075, 41.9043873], [12.4250159, 41.904284]], [[12.4251834, 41.9041262], [12.4253184, 41.9039981]], [[12.4263417, 41.9005731], [12.4263653, 41.9005278], [12.4265327, 41.9002197], [12.4266128, 41.9000873], [12.4266672, 41.8999974]], [[12.4258803, 41.9014144], [12.4262282, 41.9007759], [12.4263417, 41.9005731]], [[12.4269211, 41.9000833], [12.4267942, 41.9003212], [12.4266322, 41.9006171], [12.4264896, 41.9008797], [12.4264334, 41.900968], [12.4263512, 41.9010101], [12.4263197, 41.9010262], [12.4262059, 41.9010843]], [[12.4270745, 41.8996622], [12.4269838, 41.8997571], [12.4269138, 41.8998402], [12.426885, 41.8998759], [12.426855, 41.899921], [12.4268342, 41.8999542], [12.4268105, 41.8999917], [12.4267826, 41.9000371], [12.4267413, 41.9001093], [12.426637, 41.9002992], [12.4265136, 41.9005196], [12.4264884, 41.9005657], [12.4262059, 41.9010843], [12.4259847, 41.9014734], [12.4258809, 41.9016653], [12.4258468, 41.9017326]]]}}, {"type": "Feature", "properties": {"id": "SS-ROM-0380", "nome": "Via di Boccea (tratto nero)", "quartiere": "Aurelio", "classificazione": "nero", "score": 5, "note": "multicarreggiata pericolosissima", "ciclabile": "no", "n_corsie": "4", "senso_unico": "no", "n_testimonianze": "2", "municipio": "XIII"}, "geometry": {"type": "MultiLineString", "coordinates": [[[12.3848799, 41.9131174], [12.3849315, 41.913002], [12.3849539, 41.9129625], [12.3849696, 41.912937], [12.3849921, 41.9129063], [12.3850147, 41.9128816], [12.385046, 41.9128512], [12.3850759, 41.9128277], [12.3851097, 41.9128056], [12.3851408, 41.9127876], [12.3851968, 41.9127576]], [[12.3848329, 41.9125305], [12.3849108, 41.9126702], [12.3849242, 41.9126894], [12.3849456, 41.9127067], [12.384967, 41.9127209], [12.3849964, 41.9127332], [12.3850344, 41.9127429], [12.3850751, 41.9127486], [12.3851223, 41.912752], [12.3851968, 41.9127576]], [[12.3813477, 41.9154617], [12.3815453, 41.9154166], [12.3816079, 41.9154012], [12.3816658, 41.9153857], [12.3817378, 41.9153656], [12.3818004, 41.9153456], [12.3818984, 41.9153133], [12.3820053, 41.915278], [12.3821967, 41.9152032], [12.3822666, 41.9151727], [12.3823617, 41.9151284], [12.3824638, 41.915078], [12.3828483, 41.9148879], [12.3834965, 41.914564], [12.3836311, 41.9144926], [12.3837043, 41.9144507], [12.3837635, 41.9144122], [12.3838001, 41.9143879], [12.3838368, 41.9143636], [12.3838802, 41.9143323], [12.3839376, 41.9142827]], [[12.3884087, 41.9139703], [12.3875215, 41.9141611], [12.3872271, 41.9142232]], [[12.4275958, 41.9009174], [12.4276872, 41.9008452]], [[12.4090821, 41.9050718], [12.4090357, 41.9050772], [12.4090006, 41.9050784], [12.4089503, 41.9050735], [12.4089222, 41.9050682], [12.4088916, 41.9050587], [12.4088671, 41.9050444], [12.4088498, 41.9050296], [12.4088303, 41.9050064], [12.4088174, 41.9049807], [12.4088131, 41.9049613], [12.4088116, 41.9049407], [12.4088137, 41.9049248], [12.4088223, 41.9049003]], [[12.3891319, 41.9138048], [12.3896601, 41.9133923], [12.3903858, 41.912861], [12.3908542, 41.9125379], [12.3909828, 41.9124382], [12.3910849, 41.9123587], [12.3911809, 41.9122806], [12.3913822, 41.9121033]], [[12.4257358, 41.9019399], [12.4259103, 41.901861]], [[12.4116509, 41.9031734], [12.411391, 41.9032799], [12.4112679, 41.9033248], [12.4111766, 41.9033591], [12.4110831, 41.9034066], [12.4109974, 41.9034569], [12.4109536, 41.9034871], [12.4109225, 41.9035108], [12.4108901, 41.9035406], [12.4108606, 41.9035703], [12.4108298, 41.9036059], [12.4107954, 41.9036502], [12.4107186, 41.9037555], [12.4106446, 41.9038608], [12.4105838, 41.9039506], [12.4104217, 41.9042015], [12.4103988, 41.9042318], [12.4103658, 41.9042694], [12.4103261, 41.9043091], [12.4102939, 41.9043366], [12.410255, 41.9043661], [12.4102247, 41.9043862], [12.4101797, 41.9044133], [12.4100668, 41.9044683]], [[12.387462, 41.9137018], [12.3874773, 41.9137481], [12.3874926, 41.9137993], [12.3875023, 41.9138426], [12.3875038, 41.9138657], [12.3875026, 41.9138879], [12.3874986, 41.9139108], [12.3874918, 41.9139326], [12.3874837, 41.913955], [12.3874743, 41.9139744], [12.3874632, 41.9139955], [12.3874494, 41.9140166], [12.3874231, 41.9140569], [12.3873868, 41.9141024], [12.3873398, 41.914144], [12.3872861, 41.9141856], [12.3872271, 41.9142232]], [[12.3851968, 41.9127576], [12.3852777, 41.9127179], [12.3854063, 41.912679]], [[12.387462, 41.9137018], [12.3875518, 41.9138112], [12.3875778, 41.9138367], [12.3876091, 41.9138661], [12.3876487, 41.9138937], [12.3876954, 41.9139201], [12.3877472, 41.9139433], [12.3878015, 41.9139626], [12.3878647, 41.9139829], [12.3879278, 41.9139967], [12.3879868, 41.9140005], [12.3880405, 41.9140004], [12.3881264, 41.9139959], [12.3884087, 41.9139703]], [[12.3813477, 41.9154617], [12.3814791, 41.915445], [12.3815984, 41.9154273], [12.3819171, 41.9153659], [12.382229, 41.9153084], [12.3827063, 41.9152163], [12.3828038, 41.9151973], [12.3828945, 41.9151773], [12.3829411, 41.9151654], [12.3829824, 41.9151535], [12.3830727, 41.9151221], [12.3831412, 41.915093], [12.383214, 41.9150579], [12.3833009, 41.9150114], [12.3833424, 41.9149852], [12.3834241, 41.9149305]], [[12.3045208, 41.9639223], [12.3050396, 41.9640836], [12.3054026, 41.9642058], [12.3054481, 41.9642211], [12.3055083, 41.9642384], [12.3055707, 41.9642513], [12.3056318, 41.9642622], [12.3056919, 41.9642697], [12.3057359, 41.9642731], [12.3058064, 41.9642771], [12.3058828, 41.9642801], [12.306253, 41.9642801], [12.3068517, 41.9642678], [12.3073155, 41.964244], [12.3073832, 41.9642373], [12.3074272, 41.9642313], [12.3074631, 41.9642234], [12.3074911, 41.9642155], [12.3075163, 41.9642075], [12.3075431, 41.9641968], [12.3075672, 41.964186], [12.3076253, 41.9641558], [12.307647, 41.9641414], [12.3076734, 41.9641202], [12.307697, 41.964101], [12.3077159, 41.9640818], [12.3077465, 41.9640493], [12.3077635, 41.9640263]], [[12.3532834, 41.9280028], [12.3534263, 41.9280452], [12.3536781, 41.9281202], [12.3538385, 41.9281657], [12.353962, 41.928191], [12.3540461, 41.9282037], [12.3541056, 41.9282104], [12.3541624, 41.9282152], [12.3543188, 41.9282256], [12.354401, 41.9282298], [12.3544806, 41.928233], [12.3545547, 41.928235], [12.3546262, 41.928236], [12.3552969, 41.9282362], [12.3560034, 41.9282241], [12.3560605, 41.9282291], [12.3561135, 41.9282362], [12.3561663, 41.9282467], [12.356215, 41.9282592], [12.3563105, 41.9282933], [12.3564126, 41.9283444], [12.3566227, 41.928488], [12.35668, 41.9285186], [12.3567455, 41.9285378], [12.3567882, 41.9285459], [12.3568377, 41.928551], [12.356878, 41.9285528], [12.3569249, 41.9285516], [12.3569985, 41.9285414], [12.357064, 41.9285232], [12.3573679, 41.928371], [12.3577699, 41.9281366], [12.3580387, 41.9280235], [12.3583727, 41.9278982], [12.3584961, 41.9278498], [12.3585984, 41.927806], [12.3586472, 41.9277795], [12.3586997, 41.9277427], [12.3587354, 41.9277107], [12.3587628, 41.9276824], [12.3587992, 41.9276319], [12.3588122, 41.9276023], [12.3588232, 41.9275587], [12.3588289, 41.9275119]], [[12.307893, 41.963747], [12.3078971, 41.9637286], [12.3078986, 41.9637141], [12.307898, 41.9636869], [12.3078919, 41.9636586], [12.3078818, 41.9636373], [12.3078681, 41.9636128], [12.3077173, 41.9634261], [12.3071442, 41.9625803], [12.3070744, 41.9624769], [12.3070293, 41.9624001], [12.3069955, 41.9623348], [12.3069777, 41.9622674], [12.3069737, 41.9622017], [12.3069798, 41.9621649], [12.3069871, 41.9621331], [12.3070021, 41.9620937], [12.3070185, 41.9620592], [12.3070565, 41.9620024], [12.3071165, 41.9619391], [12.3071818, 41.9618878], [12.3073173, 41.9618181], [12.3074435, 41.9617737], [12.3075362, 41.9617525], [12.3076235, 41.9617373], [12.307741, 41.9617233], [12.3081789, 41.961692], [12.3087368, 41.9616596], [12.309225, 41.9616637], [12.3097389, 41.9616781], [12.3103361, 41.9617408], [12.3108836, 41.9617787], [12.3115293, 41.9618401], [12.3119137, 41.9619356], [12.3121533, 41.9620305], [12.3127363, 41.962347], [12.3133525, 41.962707], [12.3135515, 41.9628344], [12.3135688, 41.9628489], [12.3136851, 41.9629461], [12.313822, 41.9630811], [12.3138568, 41.963108], [12.3138889, 41.9631288], [12.3139228, 41.9631491], [12.313962, 41.9631653], [12.3139944, 41.9631749], [12.3140325, 41.9631793], [12.314071, 41.9631796], [12.3140941, 41.9631772], [12.3141213, 41.9631717], [12.3141595, 41.9631549], [12.3141848, 41.96314], [12.3142074, 41.9631191], [12.3142242, 41.9630968], [12.3142355, 41.9630746], [12.3142451, 41.9630437], [12.3142649, 41.9629288], [12.3142836, 41.962725], [12.314298, 41.962569], [12.3143212, 41.9622496], [12.3143599, 41.9620308], [12.3143727, 41.961956], [12.3144141, 41.9616045], [12.3143962, 41.9612158], [12.3142721, 41.9606172], [12.3141576, 41.9604023], [12.314014, 41.9602273], [12.3135531, 41.9597953], [12.3135033, 41.9597456], [12.3134397, 41.9596627], [12.3133195, 41.9593737], [12.3132573, 41.9590869], [12.313167, 41.9586564], [12.3129845, 41.9578581], [12.3129687, 41.9577889], [12.3129109, 41.9573515], [12.3128611, 41.9568702], [12.3128699, 41.9562953], [12.3128571, 41.9560345], [12.3128383, 41.9558572], [12.312783, 41.9555125], [12.3127133, 41.9552332], [12.3126893, 41.9551221], [12.3126761, 41.955011], [12.3126477, 41.954439], [12.312681, 41.9540569], [12.3127497, 41.9538611], [12.3129415, 41.9534811], [12.3130184, 41.9533267], [12.3130613, 41.953207], [12.3130775, 41.9531451], [12.3130882, 41.9530793], [12.3131026, 41.9529634], [12.3131063, 41.9528474], [12.3130994, 41.9526901], [12.3130891, 41.9525452], [12.313077, 41.952443], [12.3130615, 41.9523534], [12.3130369, 41.952257], [12.3130248, 41.9522228], [12.3130114, 41.9521866], [12.3129974, 41.952158], [12.3129819, 41.9521273], [12.3129579, 41.9520575], [12.3129433, 41.9520048], [12.312938, 41.9519738], [12.312938, 41.9519447], [12.312942, 41.9519017], [12.3129535, 41.9518635], [12.3129646, 41.9518399], [12.3129797, 41.9518133], [12.3129989, 41.951785], [12.3130222, 41.9517537], [12.3130979, 41.9516491], [12.3133515, 41.9513473], [12.3134688, 41.9511927], [12.3135533, 41.9510813], [12.3138703, 41.9506617], [12.3139928, 41.9504951], [12.3141722, 41.9502944], [12.3146979, 41.9497735], [12.3148216, 41.9496203], [12.3148921, 41.9495302], [12.3149791, 41.9494016], [12.3150501, 41.949288], [12.3150854, 41.9492216], [12.315127, 41.9491227], [12.3152609, 41.9486388], [12.3154598, 41.9479364], [12.3155324, 41.9477403], [12.3155952, 41.9476202], [12.3156578, 41.9475162], [12.3157311, 41.9474162], [12.3157865, 41.947341], [12.3158803, 41.9472139], [12.316073, 41.9469711], [12.3162433, 41.9467129], [12.3163739, 41.9464691], [12.3165075, 41.9461863], [12.3166753, 41.9459324], [12.3167322, 41.9458333], [12.3168697, 41.9455521], [12.3169206, 41.945372], [12.3169797, 41.9450283], [12.3170315, 41.9447878], [12.3170978, 41.9445467], [12.3172304, 41.9440414], [12.3172748, 41.9437871], [12.3172897, 41.9436307], [12.3172884, 41.9434703], [12.3172703, 41.9433116], [12.317219, 41.942841], [12.3172152, 41.9427777], [12.3172183, 41.942708], [12.3172346, 41.9425008], [12.3172366, 41.9424589], [12.3172384, 41.9424218], [12.3172314, 41.9423381], [12.3172052, 41.9421217], [12.3171925, 41.9419892], [12.3171803, 41.9418523], [12.3171594, 41.9414848], [12.3171432, 41.9413635], [12.3171147, 41.94125], [12.3170755, 41.9411126], [12.316972, 41.9408835], [12.3169419, 41.9408222], [12.3169198, 41.9407588], [12.3169031, 41.9406955], [12.3168945, 41.9406302], [12.3168956, 41.9405429], [12.3169074, 41.9404595], [12.3169327, 41.9403782], [12.3169633, 41.9403008], [12.3170189, 41.9402116], [12.3171535, 41.9400237], [12.3172529, 41.9399191], [12.3174281, 41.9397348], [12.3175582, 41.9396201], [12.3176506, 41.9395352], [12.3177413, 41.9394337], [12.3177944, 41.9393621], [12.3178151, 41.9393212], [12.3178331, 41.9392782], [12.3178404, 41.9392333], [12.317845, 41.9391864], [12.3178406, 41.9388879], [12.3178083, 41.9383482], [12.3177772, 41.938201], [12.3177302, 41.9380114], [12.3177164, 41.9379705], [12.3176673, 41.9378253], [12.3176067, 41.9375995], [12.317595, 41.9375063], [12.3175927, 41.9374], [12.3176026, 41.9372805], [12.3176648, 41.936539], [12.3176821, 41.9363397], [12.3177026, 41.9362392], [12.3177365, 41.9361347], [12.3177701, 41.9360636], [12.3178144, 41.9359986], [12.3178671, 41.9359461], [12.3178975, 41.9359229], [12.3179305, 41.9358996], [12.317979, 41.9358739], [12.3180287, 41.9358512], [12.3180839, 41.9358345], [12.3181404, 41.9358208], [12.3182298, 41.9358041], [12.3183206, 41.9357894], [12.3184034, 41.9357789], [12.3185116, 41.935768], [12.3190281, 41.93572], [12.3196273, 41.935663], [12.319691, 41.9356561], [12.3197534, 41.9356483], [12.3198158, 41.9356404], [12.3198911, 41.9356299], [12.3199661, 41.9356188], [12.3200369, 41.9356065], [12.3204634, 41.9355291], [12.3213702, 41.9353646], [12.3220805, 41.9352476], [12.3222492, 41.9352181], [12.3224462, 41.9351839], [12.3232288, 41.9350412], [12.3238052, 41.9349229], [12.3252128, 41.9345643], [12.3258523, 41.9343811], [12.32606, 41.9343216], [12.3264857, 41.9341997], [12.3265718, 41.934177], [12.3266703, 41.9341541], [12.3267463, 41.934139], [12.3268309, 41.9341232], [12.3269111, 41.9341096], [12.3270021, 41.9340978], [12.3270871, 41.9340892], [12.3271678, 41.9340823], [12.3274756, 41.9340676], [12.3275954, 41.9340627], [12.327707, 41.9340593], [12.3278127, 41.9340569], [12.3283388, 41.9340459], [12.3285061, 41.9340405], [12.3286257, 41.9340355], [12.3287562, 41.934029], [12.32888, 41.9340215], [12.3290754, 41.9340079], [12.3295372, 41.9339759], [12.3304818, 41.93391], [12.3306003, 41.9339], [12.3307127, 41.9338888], [12.330809, 41.9338835], [12.3309074, 41.9338721], [12.3310134, 41.933858], [12.3311027, 41.9338424], [12.3311411, 41.9338357], [12.3313377, 41.9337935], [12.3319422, 41.9336543], [12.3320232, 41.9336371], [12.3320921, 41.9336266], [12.3321542, 41.933619], [12.3322, 41.9336163], [12.3322378, 41.9336155], [12.332277, 41.9336157], [12.3322807, 41.9336157], [12.3323255, 41.9336169], [12.3324176, 41.9336244], [12.3325744, 41.9336432], [12.3326054, 41.9336483], [12.3327162, 41.9336667], [12.3330109, 41.9337267], [12.3330977, 41.9337406], [12.3331862, 41.933751], [12.3332385, 41.9337552], [12.3332988, 41.9337574], [12.3334013, 41.9337587], [12.333493, 41.9337571], [12.3335797, 41.933756], [12.3340108, 41.933733], [12.3341557, 41.9337253], [12.3342211, 41.933722], [12.3342763, 41.9337214], [12.3343342, 41.9337217], [12.334395, 41.9337241], [12.3344543, 41.9337274], [12.3352599, 41.9337937], [12.3354468, 41.9338091], [12.3356655, 41.933831], [12.3363935, 41.9339179], [12.3371596, 41.9340188], [12.3373139, 41.9340391], [12.3377632, 41.9340982], [12.3379733, 41.9341281], [12.3380597, 41.9341404], [12.3381337, 41.934149], [12.3382051, 41.9341536], [12.3382738, 41.9341552], [12.3383505, 41.9341548], [12.3389093, 41.9341326], [12.3393847, 41.9341027], [12.3394688, 41.9340954], [12.3395608, 41.934084], [12.3396423, 41.9340687], [12.3397317, 41.9340494], [12.33978, 41.9340374], [12.3397983, 41.9340329], [12.3398542, 41.9340164], [12.3399154, 41.9339959], [12.3399659, 41.9339754], [12.3400191, 41.9339507], [12.3400538, 41.9339306], [12.3401011, 41.9339031], [12.3402688, 41.9337939], [12.3404033, 41.9336908], [12.3406591, 41.9334737], [12.3407379, 41.9334089], [12.3408084, 41.9333579], [12.3408788, 41.9333088], [12.3409791, 41.9332491], [12.3410768, 41.9331953], [12.3411927, 41.9331356], [12.3413814, 41.9330461], [12.3416845, 41.9329091], [12.3418569, 41.9328292], [12.3419881, 41.9327626], [12.3420558, 41.9327254], [12.3421235, 41.9326843], [12.3421923, 41.9326385], [12.3422503, 41.9325967], [12.3423048, 41.9325525], [12.3423458, 41.9325162], [12.3423866, 41.932477], [12.3424476, 41.9324075], [12.3425374, 41.9323098], [12.3426264, 41.9322131], [12.3427309, 41.9321033], [12.3428433, 41.9319914], [12.3430073, 41.931836], [12.3432224, 41.9316392], [12.3436519, 41.9312811], [12.3438505, 41.9311283], [12.3439775, 41.9310325], [12.3441045, 41.9309406], [12.3442216, 41.9308569], [12.3443386, 41.9307771], [12.3448135, 41.9304774], [12.3449872, 41.930364], [12.3455159, 41.9300169], [12.3458049, 41.9298374], [12.34587, 41.9297891], [12.3459244, 41.9297408], [12.3459788, 41.9296845], [12.3460224, 41.9296282], [12.3460939, 41.9294945], [12.3461547, 41.9293647], [12.3462019, 41.9292106], [12.3462458, 41.9290299], [12.3462818, 41.9289156], [12.3463394, 41.9287659], [12.3464078, 41.9286062], [12.3464438, 41.9285375], [12.3464824, 41.9284727], [12.3465297, 41.9284059], [12.3465797, 41.928343], [12.3467105, 41.9282245], [12.3469775, 41.9280363], [12.347218, 41.9278956], [12.3474397, 41.92779], [12.3477512, 41.9276873], [12.3479057, 41.9276462], [12.3480333, 41.927617], [12.3481991, 41.9275858], [12.348338, 41.9275666], [12.3486477, 41.9275438], [12.348929, 41.9275409], [12.3492924, 41.9275664], [12.3496192, 41.9276041], [12.3499623, 41.9276587], [12.350435, 41.9277732], [12.3508724, 41.9278851], [12.3510438, 41.9279099], [12.3511028, 41.9279104], [12.3512048, 41.9279113], [12.3515405, 41.9278819], [12.3519166, 41.9278593], [12.3522215, 41.9278616], [12.3526189, 41.9278859]], [[12.3077635, 41.9640263], [12.3078213, 41.9639016]], [[12.3528021, 41.9278985], [12.3529465, 41.9279202], [12.3530779, 41.9279478], [12.3531559, 41.9279668], [12.3532351, 41.9279876], [12.3532834, 41.9280028]], [[12.3526189, 41.9278859], [12.3528021, 41.9278985]], [[12.4185461, 41.9036187], [12.4184691, 41.9036148], [12.4184206, 41.9036116], [12.41808, 41.9035847], [12.4177357, 41.9035529], [12.4174077, 41.903527], [12.4172483, 41.9035169], [12.4170769, 41.9035127], [12.4168499, 41.9035089], [12.4166177, 41.903507], [12.4163791, 41.9035017]], [[12.4255864, 41.9019968], [12.4254627, 41.9020426], [12.4252652, 41.9021157]], [[12.3872271, 41.9142232], [12.3868827, 41.9142959]], [[12.387462, 41.9137018], [12.387595, 41.9137863], [12.3876401, 41.9138138], [12.3876967, 41.9138438], [12.3877467, 41.9138697], [12.3877967, 41.9138903], [12.387883, 41.9139189], [12.3879658, 41.913935], [12.3880405, 41.9139459], [12.3881107, 41.9139522], [12.3884087, 41.9139703]], [[12.3884087, 41.9139703], [12.3884971, 41.913953], [12.3885569, 41.9139424]], [[12.3868827, 41.9142959], [12.3866394, 41.914345], [12.3862096, 41.9144462], [12.3857573, 41.9145725], [12.385438, 41.9146723], [12.3853058, 41.9147182]], [[12.4090821, 41.9050718], [12.4088693, 41.9052118], [12.4088209, 41.9052515], [12.4087842, 41.9052887], [12.4087576, 41.9053215], [12.4087388, 41.9053532], [12.4087246, 41.9053888], [12.4087174, 41.9054224], [12.408712, 41.9054521], [12.4087072, 41.9055077], [12.4087011, 41.9055708], [12.408696, 41.905611], [12.4086895, 41.9056532], [12.4086815, 41.9056959], [12.4086712, 41.9057582], [12.4086595, 41.9058318], [12.4086472, 41.9058996], [12.4086339, 41.9059566], [12.40862, 41.9060033], [12.4086026, 41.9060597], [12.4085753, 41.9061245], [12.4085522, 41.9061741], [12.4085234, 41.9062335], [12.4084594, 41.9063392], [12.4083824, 41.9064664], [12.408273, 41.9066651]], [[12.4096873, 41.904425], [12.4098435, 41.9042744], [12.409877, 41.9042417], [12.4099233, 41.9041994], [12.4102147, 41.9039557], [12.4102674, 41.903916], [12.4103202, 41.9038768], [12.4103616, 41.9038406], [12.4103972, 41.9037995], [12.4104225, 41.9037573], [12.4104473, 41.9037188], [12.4104771, 41.9036754], [12.4105046, 41.9036396], [12.4105347, 41.9036056], [12.4105666, 41.9035746], [12.4105981, 41.9035472], [12.4106319, 41.9035185], [12.4106661, 41.9034899], [12.4107, 41.9034629], [12.4107339, 41.903438], [12.4107763, 41.9034137], [12.4108188, 41.9033913], [12.4108737, 41.9033644], [12.4109313, 41.9033392], [12.4110073, 41.9033087], [12.4110683, 41.9032873]], [[12.4088223, 41.9049003], [12.4088593, 41.9048749], [12.4089075, 41.9048475], [12.4089703, 41.9048196], [12.4090484, 41.9047896], [12.4091258, 41.9047609], [12.4091928, 41.9047347], [12.4092584, 41.9047046], [12.4093246, 41.9046677], [12.4093941, 41.9046262], [12.4094668, 41.9045803], [12.4095369, 41.9045338], [12.4096172, 41.9044785], [12.4096873, 41.904425]], [[12.4187868, 41.9036219], [12.4186786, 41.9036212], [12.4185461, 41.9036187]], [[12.3996947, 41.9104782], [12.3996469, 41.9105159], [12.3994596, 41.9106811], [12.3993877, 41.9107489], [12.3993365, 41.9107995]], [[12.4219204, 41.9031566], [12.4218269, 41.9031833], [12.421535, 41.9032666], [12.4212818, 41.9033388]], [[12.3758015, 41.9213126], [12.3758844, 41.9211232], [12.3759198, 41.9210423], [12.3759582, 41.9209737], [12.3759933, 41.920911], [12.3760431, 41.920822], [12.3761443, 41.9206636], [12.3762763, 41.9204571], [12.3763822, 41.9202914], [12.3764631, 41.9201676], [12.3765063, 41.9201106], [12.3766223, 41.9199575], [12.376702, 41.919823], [12.3767128, 41.9198047], [12.3767397, 41.9197555]], [[12.3836224, 41.9151163], [12.3834911, 41.9151116], [12.3834638, 41.9151068], [12.3834446, 41.9151003], [12.3834231, 41.9150882], [12.3834098, 41.9150761], [12.3833936, 41.9150562], [12.3833855, 41.9150384], [12.38338, 41.9150147], [12.3833818, 41.9149971], [12.3833877, 41.914979], [12.3833958, 41.9149662], [12.3834241, 41.9149305]], [[12.3834241, 41.9149305], [12.3836226, 41.9146831], [12.3839376, 41.9142827]], [[12.3856219, 41.9126559], [12.3856858, 41.9126567], [12.3857552, 41.9126574], [12.3858647, 41.9126618], [12.3859826, 41.9126718], [12.3860795, 41.9126854], [12.3861575, 41.9127011], [12.386223, 41.9127192], [12.3862804, 41.9127374], [12.3863388, 41.912759], [12.3863892, 41.9127787], [12.3864827, 41.91282], [12.3865356, 41.9128455], [12.3865832, 41.9128709], [12.3866605, 41.9129173], [12.3867045, 41.912946], [12.3867378, 41.9129707], [12.3868105, 41.9130298], [12.387462, 41.9137018]], [[12.3839795, 41.9150693], [12.3836224, 41.9151163]], [[12.4251301, 41.902165], [12.4247344, 41.9023349], [12.4245231, 41.9024205], [12.4244108, 41.9024659], [12.4243565, 41.9024867], [12.4242897, 41.9025097], [12.4241329, 41.9025611], [12.4240577, 41.9025844]], [[12.3844753, 41.9149888], [12.3842877, 41.9150266], [12.384156, 41.9150471], [12.3839795, 41.9150693]], [[12.3607101, 41.9258309], [12.360998, 41.9257757], [12.3611009, 41.925756]], [[12.3611009, 41.925756], [12.3611848, 41.9257426], [12.3612945, 41.9257211], [12.3613689, 41.9257048]], [[12.3995904, 41.9104414], [12.4001183, 41.9101537], [12.4002992, 41.9100598], [12.4003896, 41.9100143], [12.40048, 41.9099689], [12.4008756, 41.9097889], [12.401013, 41.9097264], [12.4011464, 41.9096654], [12.4013847, 41.9095414], [12.4016061, 41.9094235], [12.4018234, 41.9093148], [12.4019199, 41.9092718], [12.40198, 41.9092445], [12.4020462, 41.9092187], [12.4021583, 41.9091791], [12.402289, 41.9091379], [12.4023687, 41.9091128], [12.4024484, 41.9090876], [12.4026017, 41.9090433], [12.4028098, 41.9089842], [12.4029582, 41.9089468], [12.4032422, 41.9088771], [12.4033857, 41.9088419], [12.4034605, 41.9088258], [12.4035374, 41.9088097], [12.4036414, 41.9087904], [12.4037513, 41.9087702], [12.4038775, 41.9087499], [12.4039949, 41.9087319], [12.4040668, 41.9087229], [12.4041327, 41.908714], [12.4042009, 41.9087049], [12.4042855, 41.9086948], [12.4044024, 41.9086863], [12.4045243, 41.9086778], [12.4046381, 41.9086722], [12.4047387, 41.9086683], [12.4048429, 41.9086654], [12.4051524, 41.9086611], [12.4055743, 41.9086577], [12.405679, 41.9086518], [12.4057633, 41.9086416], [12.4058568, 41.9086284], [12.4059674, 41.9086108], [12.4060922, 41.9085856], [12.4062259, 41.9085536], [12.4063145, 41.9085266], [12.406371, 41.9085063], [12.4064193, 41.9084875], [12.4065041, 41.9084443], [12.4065827, 41.9084012], [12.4066986, 41.9083375], [12.4068095, 41.9082717], [12.4068781, 41.9082297], [12.4069386, 41.9081893], [12.4070158, 41.9081334], [12.4070809, 41.908079], [12.4071799, 41.9079958], [12.4073263, 41.9078511], [12.4074464, 41.9077245], [12.4075161, 41.9076466], [12.4075855, 41.9075725], [12.4076548, 41.9074989], [12.407708, 41.9074403], [12.4077349, 41.9074077], [12.4077561, 41.9073812], [12.4077924, 41.9073323]], [[12.3588322, 41.9274271], [12.3588401, 41.9272201], [12.3588468, 41.9271933], [12.3588549, 41.9271729], [12.3588687, 41.9271472], [12.3589014, 41.9271014], [12.3589484, 41.9270482], [12.3589841, 41.9270084], [12.359188, 41.9267719]], [[12.3675893, 41.9233525], [12.3676385, 41.9233269], [12.3678415, 41.9232214], [12.3679631, 41.9231612], [12.3680723, 41.9231089], [12.3681282, 41.9230821], [12.3682698, 41.9230179], [12.3684129, 41.9229556], [12.3685598, 41.9228951], [12.3686222, 41.9228704], [12.3687219, 41.9228342], [12.3693842, 41.9226187], [12.3699642, 41.9224676], [12.3705073, 41.9223829], [12.3705945, 41.922368], [12.3707769, 41.9223367]], [[12.4080193, 41.906873], [12.4082432, 41.9064899], [12.408331, 41.9063453], [12.4084023, 41.9062222], [12.4084349, 41.9061659], [12.408461, 41.9061125], [12.4084787, 41.9060734], [12.4084933, 41.9060409], [12.4085147, 41.9059758], [12.4085277, 41.9059374], [12.4085428, 41.9058729], [12.4085549, 41.9058201], [12.4085612, 41.905778], [12.4085647, 41.9057294], [12.4085663, 41.9056785], [12.4085645, 41.9056294], [12.4085595, 41.9055661], [12.40855, 41.9055029], [12.4085473, 41.9054657], [12.4085433, 41.9054255], [12.4085445, 41.9053809], [12.4085506, 41.9053443], [12.4085606, 41.9053044], [12.4085739, 41.9052673], [12.4085885, 41.9052307], [12.4086085, 41.9051871], [12.4086299, 41.9051466], [12.4086506, 41.9051106], [12.4086772, 41.9050626], [12.408702, 41.9050188], [12.4087297, 41.9049773], [12.4087531, 41.904953], [12.4087771, 41.904933], [12.4088223, 41.9049003]], [[12.4080943, 41.9070246], [12.4080517, 41.9071115], [12.4080004, 41.9072054], [12.4079815, 41.9072367], [12.4079627, 41.9072689], [12.4079397, 41.9073042], [12.4079086, 41.9073475], [12.4078787, 41.9073832], [12.4078479, 41.9074185], [12.4078219, 41.9074492], [12.4077547, 41.9075264], [12.4075313, 41.9077661], [12.4072987, 41.9080036], [12.4072507, 41.9080499], [12.4071967, 41.9080962], [12.4071354, 41.908145], [12.407074, 41.9081938], [12.4069795, 41.9082601], [12.4068921, 41.9083158], [12.4068201, 41.9083582], [12.406742, 41.9084036], [12.4066322, 41.9084656], [12.4065192, 41.9085268], [12.4064234, 41.9085655], [12.4063174, 41.9086043], [12.40621, 41.9086345], [12.4061026, 41.9086603], [12.4060385, 41.9086746], [12.4059664, 41.908689], [12.4058627, 41.9087057], [12.4057418, 41.9087192], [12.4056149, 41.9087267], [12.4054755, 41.90873], [12.4053341, 41.9087304], [12.4052677, 41.9087306], [12.405017, 41.9087315], [12.4048716, 41.9087344], [12.4047385, 41.9087403], [12.4045824, 41.9087495], [12.4045115, 41.908754]], [[12.3991721, 41.9107772], [12.3992707, 41.9106819]], [[12.3992707, 41.9106819], [12.3993363, 41.9106237], [12.3993958, 41.9105751], [12.3994423, 41.910538], [12.3994887, 41.9105053], [12.3995904, 41.9104414]], [[12.3993365, 41.9107995], [12.3992309, 41.9108884]], [[12.3992309, 41.9108884], [12.3991491, 41.910946], [12.3990898, 41.9109834], [12.3989788, 41.9110526], [12.3988859, 41.9111063], [12.398798, 41.9111502], [12.3987604, 41.9111674], [12.3987186, 41.9111846], [12.3986331, 41.9112157], [12.3985334, 41.9112491]], [[12.3985334, 41.9112491], [12.3984708, 41.9112629], [12.3984022, 41.9112767], [12.3982649, 41.9112998], [12.3981888, 41.9113101], [12.3981189, 41.9113173], [12.3980252, 41.9113238], [12.3979194, 41.9113273], [12.3978124, 41.9113282], [12.3977304, 41.9113267], [12.3976216, 41.9113225], [12.3975537, 41.9113183], [12.3974566, 41.9113114], [12.3973785, 41.911303], [12.3973045, 41.9112931], [12.3971993, 41.9112782], [12.3970929, 41.9112589], [12.3969702, 41.9112352], [12.3968369, 41.9112043], [12.3967168, 41.9111717], [12.3966021, 41.9111392], [12.3962097, 41.9110247], [12.3958456, 41.9109195], [12.3957406, 41.9108927], [12.3956517, 41.9108725], [12.3955575, 41.9108523], [12.3953647, 41.9108159], [12.3952142, 41.9107932], [12.3950797, 41.9107757], [12.3949696, 41.9107629], [12.3948635, 41.9107546], [12.39475, 41.9107474], [12.3946134, 41.9107421], [12.3944961, 41.9107412], [12.394374, 41.9107425], [12.394268, 41.9107446], [12.3941741, 41.9107482], [12.3940737, 41.910755], [12.3938777, 41.9107743]], [[12.3989142, 41.9109778], [12.3990493, 41.910878], [12.3990983, 41.9108392], [12.3991721, 41.9107772]], [[12.4098272, 41.9046109], [12.4095872, 41.9047575], [12.4091467, 41.9050343], [12.4090821, 41.9050718]], [[12.4259103, 41.901861], [12.4259476, 41.9018428], [12.4259673, 41.9018333], [12.4261216, 41.9017642], [12.4262057, 41.9017232], [12.4262597, 41.9016944], [12.4266114, 41.9015028]], [[12.4100668, 41.9044683], [12.4098272, 41.9046109]], [[12.3934777, 41.9108126], [12.3933295, 41.9108309], [12.3932199, 41.9108476], [12.3931227, 41.9108657], [12.3930561, 41.9108795], [12.3929886, 41.9108954], [12.3929118, 41.9109162], [12.3928429, 41.9109384], [12.3927603, 41.9109719], [12.3927041, 41.9109977], [12.392647, 41.9110276], [12.3925692, 41.911074], [12.3925294, 41.9110989], [12.3924896, 41.9111278], [12.3924306, 41.9111731], [12.3923869, 41.9112122], [12.3923513, 41.9112506], [12.3922971, 41.9113103], [12.3922395, 41.9113805], [12.3921207, 41.9115344], [12.3920119, 41.9116647], [12.3919763, 41.9117035], [12.3919302, 41.9117503], [12.3918795, 41.9117966], [12.3918288, 41.9118389], [12.391708, 41.9119417]], [[12.4045115, 41.908754], [12.4044557, 41.9087574], [12.4043938, 41.9087616], [12.4042985, 41.90877]], [[12.4042985, 41.90877], [12.4042144, 41.9087775], [12.4040715, 41.908796], [12.4039225, 41.9088175], [12.4037937, 41.9088387], [12.403675, 41.9088598], [12.4035616, 41.9088824], [12.403148, 41.908979], [12.4029802, 41.9090197], [12.4028426, 41.9090558], [12.4027718, 41.9090733], [12.4026401, 41.9091074], [12.4024992, 41.9091485], [12.4023695, 41.9091858], [12.4022624, 41.9092209], [12.4021562, 41.9092584], [12.4020501, 41.9093003], [12.401944, 41.9093468], [12.401218, 41.9097056], [12.4008922, 41.9098568], [12.4005411, 41.9100235], [12.4003667, 41.9101064], [12.4002046, 41.9101892], [12.4001387, 41.9102269], [12.3999275, 41.9103413], [12.3998235, 41.9103985], [12.3997265, 41.9104557], [12.3996947, 41.9104782]], [[12.3938777, 41.9107743], [12.3937073, 41.9107902], [12.3934777, 41.9108126]], [[12.3839376, 41.9142827], [12.3841518, 41.9140794], [12.3842494, 41.9139906], [12.3845728, 41.9136963], [12.3846584, 41.9136096], [12.3846987, 41.9135587], [12.3847314, 41.9135096], [12.3847554, 41.9134651], [12.3847793, 41.9134172], [12.3848026, 41.9133605], [12.3848241, 41.9133029], [12.384854, 41.913213], [12.3848799, 41.9131174]], [[12.3897544, 41.9134583], [12.3896926, 41.9135044], [12.3896256, 41.9135504], [12.3895585, 41.9135965], [12.3894879, 41.9136425], [12.3894207, 41.9136847], [12.3893751, 41.9137097], [12.3893249, 41.9137348], [12.3892862, 41.9137523], [12.3892367, 41.9137733], [12.3891897, 41.9137885], [12.3891319, 41.9138048]], [[12.391708, 41.9119417], [12.3909797, 41.9125394], [12.3905899, 41.9128242], [12.3901854, 41.9131162]], [[12.3901854, 41.9131162], [12.3897544, 41.9134583]], [[12.3913822, 41.9121033], [12.3914762, 41.9120255], [12.3915971, 41.9119224], [12.3917456, 41.9117953], [12.391821, 41.9117317], [12.391896, 41.9116626], [12.3919386, 41.9116157], [12.391974, 41.9115715], [12.392045, 41.9114831], [12.3922167, 41.9112715], [12.3922865, 41.9111931], [12.3923307, 41.9111509], [12.3923581, 41.9111256], [12.3923909, 41.9110963], [12.3924371, 41.9110605], [12.3924939, 41.9110213], [12.3925658, 41.9109785], [12.3926358, 41.9109396]], [[12.3674405, 41.9234602], [12.3675893, 41.9233525]], [[12.4163791, 41.9035017], [12.4162214, 41.903494], [12.4161298, 41.903488], [12.4160465, 41.903482], [12.4158215, 41.9034652], [12.415584, 41.9034425], [12.4154989, 41.9034327], [12.415403, 41.9034194], [12.4153353, 41.903408], [12.4152713, 41.9033949], [12.4151932, 41.9033774], [12.4150939, 41.9033534], [12.4149469, 41.9033137], [12.4147003, 41.9032396], [12.4143959, 41.9031419], [12.414186, 41.9030797], [12.4140873, 41.9030517], [12.4139373, 41.9030197], [12.4138267, 41.9030042], [12.4136586, 41.9029891], [12.4135434, 41.9029849], [12.4134104, 41.9029853], [12.4130835, 41.9029992]], [[12.3934618, 41.9107464], [12.3937824, 41.910713], [12.3942608, 41.91067], [12.3945989, 41.9106524], [12.3948465, 41.9106441], [12.3949393, 41.9106414], [12.3950017, 41.9106423], [12.3950553, 41.9106451], [12.395097, 41.9106503], [12.3951598, 41.9106578], [12.3952251, 41.9106678], [12.3952797, 41.9106778], [12.3953702, 41.9106996], [12.3954484, 41.9107214], [12.3958739, 41.9108428], [12.3963122, 41.910979], [12.3966798, 41.9110882], [12.3968013, 41.9111238], [12.3969335, 41.9111595], [12.3970066, 41.911176], [12.3970868, 41.9111925], [12.3971533, 41.9112051], [12.3972251, 41.9112164], [12.3973844, 41.9112355], [12.3975073, 41.911246], [12.3976471, 41.9112559], [12.3977959, 41.9112606], [12.3979371, 41.9112585], [12.3980759, 41.9112478], [12.3981543, 41.9112389], [12.3982265, 41.9112289], [12.3983277, 41.9112109], [12.3983907, 41.9111974], [12.3984528, 41.9111815], [12.3985381, 41.9111557], [12.3986152, 41.9111298], [12.3986908, 41.9111016], [12.3987542, 41.9110735], [12.3987966, 41.9110516], [12.3988319, 41.9110306], [12.3988781, 41.9110012], [12.3989142, 41.9109778]], [[12.362811, 41.9253122], [12.363031, 41.9252896], [12.3632028, 41.9252715], [12.3633858, 41.9252509], [12.3635603, 41.9252301], [12.3636983, 41.925206], [12.3638403, 41.925165], [12.3639746, 41.9251177], [12.364082, 41.9250679], [12.3641734, 41.9250141], [12.3645125, 41.924744], [12.3647644, 41.9245542], [12.3648145, 41.9245246], [12.3648726, 41.9244931], [12.3649213, 41.9244715], [12.3649551, 41.9244602], [12.3649834, 41.9244509], [12.3650202, 41.9244423], [12.3650544, 41.9244347], [12.3650912, 41.9244296], [12.3651253, 41.9244255], [12.3652342, 41.9244176], [12.3654876, 41.9244149], [12.3655923, 41.9244084], [12.3657096, 41.9243972], [12.3658172, 41.9243818], [12.3659113, 41.9243634], [12.3660587, 41.924328], [12.3661177, 41.9243117], [12.3661747, 41.9242939], [12.3662209, 41.9242776], [12.3662539, 41.9242643], [12.3663877, 41.9241969], [12.3667399, 41.9239802], [12.3670482, 41.9237385], [12.367411, 41.9234811], [12.3674405, 41.9234602]], [[12.408273, 41.9066651], [12.408203, 41.9067922], [12.4080943, 41.9070246]], [[12.4285256, 41.9000375], [12.4285725, 41.8999778], [12.4285979, 41.8999469]], [[12.4285979, 41.8999469], [12.42914, 41.8992], [12.4291726, 41.899145], [12.4292182, 41.8990701], [12.4292671, 41.8989847], [12.4293109, 41.8989039], [12.4293952, 41.8987317], [12.4294182, 41.8986806], [12.4294817, 41.8985676]], [[12.3887508, 41.9139066], [12.3885569, 41.9139424]], [[12.4110683, 41.9032873], [12.4111765, 41.9032568], [12.4112697, 41.9032354], [12.411345, 41.9032202], [12.4116509, 41.9031734]], [[12.3891319, 41.9138048], [12.3890614, 41.9138312], [12.3890239, 41.9138431], [12.3889787, 41.9138562], [12.3889109, 41.9138734], [12.3888324, 41.91389], [12.3887508, 41.9139066]], [[12.4130835, 41.9029992], [12.4129945, 41.9030072], [12.4123226, 41.9030775], [12.4119513, 41.9031232], [12.4118075, 41.903144], [12.4116509, 41.9031734]], [[12.4276872, 41.9008452], [12.4278939, 41.9006867], [12.4279612, 41.9006276], [12.4280788, 41.900525]], [[12.4252652, 41.9021157], [12.4251706, 41.9021509], [12.4251301, 41.902165]], [[12.4240577, 41.9025844], [12.4238082, 41.9026541], [12.4235637, 41.9027197], [12.4234516, 41.9027499], [12.4228191, 41.9029182], [12.4220617, 41.9031178], [12.4219204, 41.9031566]], [[12.4079064, 41.9070887], [12.4080193, 41.906873]], [[12.4077924, 41.9073323], [12.4078247, 41.9072848], [12.4078481, 41.9072414], [12.4078598, 41.907212], [12.4078761, 41.9071747], [12.4079064, 41.9070887]], [[12.3796842, 41.9157233], [12.3797813, 41.915725], [12.3798844, 41.9157268], [12.3799411, 41.9157162], [12.3801212, 41.9156865], [12.3811076, 41.9155074], [12.3813477, 41.9154617]], [[12.3598437, 41.9261423], [12.3599586, 41.9260879], [12.3600851, 41.9260338], [12.3602347, 41.9259733], [12.36031, 41.9259463], [12.3603898, 41.9259166], [12.3604711, 41.9258916], [12.3605581, 41.9258658], [12.3607101, 41.9258309]], [[12.359188, 41.9267719], [12.3592293, 41.9267186], [12.3594858, 41.9263957], [12.3595959, 41.9262965], [12.3596554, 41.9262554], [12.3597218, 41.9262116], [12.3598437, 41.9261423]], [[12.3851527, 41.9147752], [12.3848986, 41.9148585]], [[12.3078213, 41.9639016], [12.307893, 41.963747]], [[12.3848986, 41.9148585], [12.3846768, 41.9149343]], [[12.4280788, 41.900525], [12.4281504, 41.900454], [12.4281987, 41.9004071], [12.4282484, 41.9003558], [12.4283021, 41.9002964], [12.4284144, 41.9001711], [12.4285256, 41.9000375]], [[12.3795783, 41.9160358], [12.379438, 41.9161101], [12.3793749, 41.916183], [12.3793079, 41.9162667], [12.3789813, 41.9166209], [12.3788581, 41.916861]], [[12.3789852, 41.91651], [12.3792495, 41.916233], [12.379272, 41.916194], [12.379283, 41.9161661], [12.3792809, 41.9161233], [12.3792751, 41.9160836], [12.379248, 41.9160494], [12.379211, 41.9160104]], [[12.3772683, 41.9195151], [12.3771841, 41.9195636], [12.377104, 41.9196167], [12.3770636, 41.9196427], [12.3769502, 41.9197251], [12.3768987, 41.9197719], [12.3768168, 41.9198598], [12.3766733, 41.9200472]], [[12.3775926, 41.9187465], [12.3776361, 41.9187101], [12.3779389, 41.9184138], [12.378078, 41.9181695], [12.3781264, 41.9180844], [12.3781831, 41.9179745], [12.3782748, 41.9178183], [12.3784312, 41.9175554], [12.3785389, 41.9173559], [12.3786677, 41.9170917], [12.3788543, 41.9166893], [12.3789852, 41.91651]], [[12.3788581, 41.916861], [12.3787038, 41.9171611], [12.3785966, 41.9173887], [12.3784714, 41.917606], [12.3782643, 41.9179557], [12.3782042, 41.9180868], [12.3780573, 41.9183465], [12.3779875, 41.91845], [12.3777757, 41.9186589], [12.3777059, 41.9187436], [12.377661, 41.9188245], [12.3776322, 41.9188953], [12.3776282, 41.9189812]], [[12.3761834, 41.9207346], [12.3759715, 41.9210962], [12.3758015, 41.9213126]], [[12.3836224, 41.9151163], [12.3832909, 41.9151699], [12.3832654, 41.9151745], [12.3814434, 41.915506], [12.3801472, 41.9157562], [12.379907, 41.9158209], [12.3798168, 41.9158583], [12.3797102, 41.9159133]], [[12.3773434, 41.9188999], [12.3774584, 41.9188686], [12.3775131, 41.9188344], [12.3775926, 41.9187465]], [[12.3757628, 41.9213688], [12.3758015, 41.9213126]], [[12.4212818, 41.9033388], [12.4212049, 41.9033558], [12.4211264, 41.9033705]], [[12.4209345, 41.9033993], [12.4207864, 41.9034185], [12.4203676, 41.9034763], [12.4197425, 41.9035546], [12.419602, 41.9035726], [12.4194526, 41.9035873], [12.4192733, 41.9036003], [12.4191649, 41.9036079], [12.4190503, 41.9036135], [12.4190477, 41.9036136], [12.4189279, 41.9036191], [12.4188514, 41.9036208], [12.4187868, 41.9036219]], [[12.4211264, 41.9033705], [12.4210316, 41.9033857], [12.4209345, 41.9033993]], [[12.3853058, 41.9147182], [12.3851527, 41.9147752]], [[12.3846768, 41.9149343], [12.3844753, 41.9149888]], [[12.3854063, 41.912679], [12.3854985, 41.9126639], [12.3855827, 41.9126558], [12.3856219, 41.9126559]], [[12.3926358, 41.9109396], [12.3927099, 41.9109045], [12.3927661, 41.9108796], [12.3928286, 41.9108548], [12.3928811, 41.9108381], [12.3929335, 41.9108243], [12.3930002, 41.9108103], [12.3930704, 41.9107963], [12.3931176, 41.9107889], [12.393162, 41.910782], [12.3932484, 41.9107709], [12.3933165, 41.9107624], [12.3934618, 41.9107464]], [[12.3766733, 41.9200472], [12.3765419, 41.9202083], [12.3764522, 41.9203223]], [[12.3764522, 41.9203223], [12.3762419, 41.9206418], [12.3761834, 41.9207346]], [[12.3613689, 41.9257048], [12.3614542, 41.9256818], [12.3615068, 41.925666], [12.3617149, 41.9256039], [12.361797, 41.9255793], [12.3621271, 41.9254822], [12.3623815, 41.9254089], [12.3625516, 41.9253642], [12.362811, 41.9253122]], [[12.3588289, 41.9275119], [12.3588322, 41.9274271]], [[12.3767397, 41.9197555], [12.376771, 41.9197095], [12.3768062, 41.9196579], [12.3768685, 41.9195963], [12.3769326, 41.9195327], [12.3769535, 41.9195121], [12.3769799, 41.9194793], [12.3770043, 41.9194401], [12.377012, 41.9194127], [12.377018, 41.9193863]], [[12.3727113, 41.9219011], [12.3728507, 41.9219764], [12.3730708, 41.9220839], [12.3731307, 41.9221072], [12.3731865, 41.9221276], [12.373243, 41.922143], [12.3732956, 41.9221555], [12.3733467, 41.9221649], [12.3734006, 41.9221704], [12.3734595, 41.9221746], [12.373521, 41.9221768], [12.3735859, 41.922178], [12.3736468, 41.9221782], [12.3737084, 41.9221766], [12.3737661, 41.922174], [12.3739956, 41.922157], [12.3740762, 41.9221479], [12.3741542, 41.9221367], [12.3742125, 41.9221275], [12.3742681, 41.9221164], [12.3743358, 41.9221008], [12.3743954, 41.9220853], [12.3744994, 41.9220545], [12.3745825, 41.9220257], [12.374663, 41.921995], [12.374897, 41.9218893], [12.3752278, 41.9217399], [12.3754299, 41.921643], [12.3754945, 41.9216012], [12.3755523, 41.9215623], [12.3755904, 41.9215369], [12.3756488, 41.92149], [12.3756986, 41.9214411], [12.3757628, 41.9213688]], [[12.3707769, 41.9223367], [12.3709041, 41.9223094], [12.3709841, 41.9222835], [12.371331, 41.9221424], [12.371656, 41.9219748], [12.3717534, 41.9219294], [12.3719532, 41.9218364], [12.3720253, 41.9218117], [12.37206, 41.9218014], [12.3720933, 41.9217921], [12.3721354, 41.9217842], [12.3721761, 41.9217774], [12.3722108, 41.9217738], [12.3722589, 41.9217697], [12.3723226, 41.9217696], [12.3723876, 41.9217755], [12.3724319, 41.921784], [12.3724683, 41.9217945], [12.3725099, 41.921808], [12.3725516, 41.9218235], [12.3725955, 41.9218419], [12.3726394, 41.9218623], [12.3727113, 41.9219011]]]}}, {"type": "Feature", "properties": {"id": "SS-ROM-0381", "nome": "Via Mattia Battistini", "quartiere": "Aurelio", "classificazione": "verde", "score": 1, "note": "pista ciclabile presente", "ciclabile": "si", "n_corsie": "0", "senso_unico": "no", "n_testimonianze": "1", "municipio": "XIII"}, "geometry": {"type": "MultiLineString", "coordinates": [[[12.4096873, 41.904425], [12.4098003, 41.9044112], [12.4098497, 41.9044066], [12.4098924, 41.9044067], [12.4099251, 41.9044098], [12.409951, 41.9044148], [12.4099859, 41.9044254], [12.4100205, 41.9044404], [12.4100476, 41.9044562], [12.4100668, 41.9044683]], [[12.4219816, 41.9229109], [12.4219478, 41.9229085], [12.4219051, 41.9229034], [12.4218765, 41.922898], [12.4218542, 41.9228929], [12.4218254, 41.9228837], [12.4215945, 41.922805], [12.4215056, 41.9227743]], [[12.4184711, 41.9129081], [12.4184824, 41.9128511], [12.4184907, 41.9128156], [12.4185112, 41.9127027]], [[12.4184523, 41.9131009], [12.4184543, 41.9130485], [12.4184595, 41.9129967], [12.4184711, 41.9129081]], [[12.4149531, 41.9065779], [12.4150787, 41.9066294], [12.4152962, 41.906719], [12.4156739, 41.9068761], [12.415753, 41.9069111], [12.4158122, 41.9069422], [12.4158754, 41.9069778], [12.4159587, 41.9070268], [12.4160501, 41.9070892]], [[12.4147588, 41.9064909], [12.4148419, 41.9065273], [12.4149531, 41.9065779]], [[12.4147588, 41.9064909], [12.4145467, 41.9064008], [12.414435, 41.9063603], [12.4142427, 41.906294], [12.4141579, 41.9062695], [12.4140703, 41.9062474], [12.4140055, 41.9062336], [12.4139474, 41.9062268], [12.4138586, 41.9062237], [12.4137667, 41.906224], [12.4136618, 41.9062306], [12.4133873, 41.9062626], [12.4133411, 41.9062651], [12.4133024, 41.9062647], [12.4132501, 41.9062624], [12.4131931, 41.9062549], [12.4131177, 41.906242], [12.4129959, 41.9062177], [12.4128814, 41.9061939], [12.4127528, 41.9061634], [12.4123523, 41.9060475], [12.4122767, 41.9060243], [12.4116999, 41.9058512]], [[12.4103456, 41.9049309], [12.4102681, 41.9048396], [12.4101213, 41.9047088]], [[12.4100668, 41.9044683], [12.4101193, 41.9045084], [12.4101483, 41.9045336], [12.4101754, 41.9045621], [12.4101977, 41.9045889], [12.4102223, 41.9046231], [12.4102422, 41.9046572], [12.4102747, 41.9047217], [12.4103044, 41.9047909], [12.410324, 41.9048413], [12.4103328, 41.904879], [12.4103456, 41.9049309]], [[12.4105961, 41.9052733], [12.4105046, 41.9051656], [12.4104368, 41.9050778], [12.4103661, 41.9049635], [12.4103456, 41.9049309]], [[12.4186047, 41.9115977], [12.4186062, 41.9116376], [12.418607, 41.911688], [12.4185963, 41.9119153], [12.4185739, 41.9121461], [12.4185585, 41.9123475], [12.4185312, 41.9125683], [12.4185254, 41.9126048], [12.4185112, 41.9127027]], [[12.4192469, 41.9201248], [12.4198662, 41.9199364]], [[12.4160501, 41.9070892], [12.416207, 41.9072069], [12.4163036, 41.9072817], [12.4164127, 41.9073688], [12.4165342, 41.907475], [12.41664, 41.9075727], [12.4167585, 41.9076889], [12.4168851, 41.9078233], [12.4170023, 41.9079592], [12.4171397, 41.9081269], [12.4171729, 41.9081692], [12.4172848, 41.9083012], [12.4174802, 41.9085392], [12.4176633, 41.9087727], [12.4177481, 41.9088991], [12.417833, 41.9090381], [12.4179903, 41.9093139], [12.4180521, 41.9094287], [12.4180861, 41.9094929], [12.4181232, 41.9095663], [12.4181673, 41.9096673], [12.418197, 41.9097407], [12.4182237, 41.9098164], [12.4182691, 41.9099657], [12.4183144, 41.9101149], [12.4183788, 41.9103836], [12.4184145, 41.9105546], [12.4184225, 41.9105879], [12.4185459, 41.9111758], [12.4185729, 41.9113145], [12.4185907, 41.9114439], [12.4186047, 41.9115977]], [[12.4116999, 41.9058512], [12.4116183, 41.9058248], [12.411549, 41.905802], [12.4111698, 41.9056515], [12.411028, 41.9055832], [12.4109676, 41.9055532], [12.4109107, 41.9055219], [12.4108691, 41.9054998], [12.4108155, 41.9054617], [12.4107421, 41.905403], [12.4106956, 41.9053621], [12.4106548, 41.9053262], [12.4105961, 41.9052733]], [[12.4211831, 41.9226546], [12.4208789, 41.9225338], [12.420843, 41.9225206], [12.4206462, 41.9224275], [12.4205138, 41.9223266], [12.4204028, 41.9221984], [12.4203371, 41.9220852], [12.4202462, 41.9219162], [12.4199966, 41.9214694], [12.4197685, 41.9210608], [12.4192469, 41.9201248], [12.4192228, 41.9200833], [12.4191685, 41.9199906], [12.4190042, 41.9196947], [12.4188998, 41.9195114], [12.418833, 41.9193981], [12.4187497, 41.919256], [12.4186674, 41.9191061], [12.4186026, 41.9189846], [12.4185565, 41.9188812], [12.4184964, 41.9187015], [12.4184434, 41.9185349]], [[12.4101213, 41.9047088], [12.4100628, 41.9046695], [12.4100252, 41.9046514], [12.4099864, 41.9046373], [12.4099393, 41.9046242], [12.4098996, 41.9046175], [12.4098272, 41.9046109]], [[12.4184263, 41.915371], [12.4184288, 41.9149802], [12.4184291, 41.9149396], [12.4184289, 41.9148615]], [[12.4184289, 41.9148615], [12.418441, 41.9140771]], [[12.418441, 41.9140771], [12.41844, 41.9140453], [12.4184414, 41.9138613]], [[12.4184414, 41.9138613], [12.4184454, 41.9135888], [12.4184453, 41.9133492], [12.4184523, 41.9131009]], [[12.4184189, 41.9163215], [12.4184267, 41.9160341], [12.4184278, 41.9156485], [12.4184263, 41.915371]], [[12.4184434, 41.9185349], [12.4184263, 41.9184459], [12.4184164, 41.9183679], [12.4184105, 41.918271], [12.4184074, 41.9181723], [12.4184116, 41.916903], [12.4184189, 41.9163215]], [[12.4215056, 41.9227743], [12.4213823, 41.9227267], [12.4211831, 41.9226546]], [[12.4223205, 41.9228207], [12.422142, 41.9228814], [12.4221136, 41.9228898], [12.4220763, 41.922899], [12.4220579, 41.9229023], [12.4220359, 41.9229056], [12.422011, 41.9229089], [12.4219816, 41.9229109]]]}}, {"type": "Feature", "properties": {"id": "SS-ROM-0382", "nome": "Via Ennio Bonifazi", "quartiere": "Aurelio", "classificazione": "rosso", "score": 4, "note": "arteria trafficata nessuna ciclabile", "ciclabile": "no", "n_corsie": "4", "senso_unico": "no", "n_testimonianze": "1", "municipio": "XIII"}, "geometry": {"type": "MultiLineString", "coordinates": [[[12.4186015, 41.9039683], [12.4185185, 41.9040271], [12.4181565, 41.9042691], [12.4174651, 41.9047293], [12.4167577, 41.9051882], [12.4160693, 41.9056369], [12.4158526, 41.9057798]], [[12.4152335, 41.9061923], [12.4148776, 41.9064197], [12.4147588, 41.9064909]], [[12.4158526, 41.9057798], [12.4157916, 41.9058197], [12.4154986, 41.9060114], [12.4152335, 41.9061923]]]}}, {"type": "Feature", "properties": {"id": "SS-ROM-0383", "nome": "Via di Boccea (tratto rosso)", "quartiere": "Aurelio", "classificazione": "rosso", "score": 4, "note": "arteria trafficata nessuna ciclabile", "ciclabile": "no", "n_corsie": "4", "senso_unico": "no", "n_testimonianze": "2", "municipio": "XIII"}, "geometry": {"type": "MultiLineString", "coordinates": [[[12.3848799, 41.9131174], [12.3849315, 41.913002], [12.3849539, 41.9129625], [12.3849696, 41.912937], [12.3849921, 41.9129063], [12.3850147, 41.9128816], [12.385046, 41.9128512], [12.3850759, 41.9128277], [12.3851097, 41.9128056], [12.3851408, 41.9127876], [12.3851968, 41.9127576]], [[12.3848329, 41.9125305], [12.3849108, 41.9126702], [12.3849242, 41.9126894], [12.3849456, 41.9127067], [12.384967, 41.9127209], [12.3849964, 41.9127332], [12.3850344, 41.9127429], [12.3850751, 41.9127486], [12.3851223, 41.912752], [12.3851968, 41.9127576]], [[12.3813477, 41.9154617], [12.3815453, 41.9154166], [12.3816079, 41.9154012], [12.3816658, 41.9153857], [12.3817378, 41.9153656], [12.3818004, 41.9153456], [12.3818984, 41.9153133], [12.3820053, 41.915278], [12.3821967, 41.9152032], [12.3822666, 41.9151727], [12.3823617, 41.9151284], [12.3824638, 41.915078], [12.3828483, 41.9148879], [12.3834965, 41.914564], [12.3836311, 41.9144926], [12.3837043, 41.9144507], [12.3837635, 41.9144122], [12.3838001, 41.9143879], [12.3838368, 41.9143636], [12.3838802, 41.9143323], [12.3839376, 41.9142827]], [[12.3884087, 41.9139703], [12.3875215, 41.9141611], [12.3872271, 41.9142232]], [[12.4275958, 41.9009174], [12.4276872, 41.9008452]], [[12.4090821, 41.9050718], [12.4090357, 41.9050772], [12.4090006, 41.9050784], [12.4089503, 41.9050735], [12.4089222, 41.9050682], [12.4088916, 41.9050587], [12.4088671, 41.9050444], [12.4088498, 41.9050296], [12.4088303, 41.9050064], [12.4088174, 41.9049807], [12.4088131, 41.9049613], [12.4088116, 41.9049407], [12.4088137, 41.9049248], [12.4088223, 41.9049003]], [[12.3891319, 41.9138048], [12.3896601, 41.9133923], [12.3903858, 41.912861], [12.3908542, 41.9125379], [12.3909828, 41.9124382], [12.3910849, 41.9123587], [12.3911809, 41.9122806], [12.3913822, 41.9121033]], [[12.4257358, 41.9019399], [12.4259103, 41.901861]], [[12.4116509, 41.9031734], [12.411391, 41.9032799], [12.4112679, 41.9033248], [12.4111766, 41.9033591], [12.4110831, 41.9034066], [12.4109974, 41.9034569], [12.4109536, 41.9034871], [12.4109225, 41.9035108], [12.4108901, 41.9035406], [12.4108606, 41.9035703], [12.4108298, 41.9036059], [12.4107954, 41.9036502], [12.4107186, 41.9037555], [12.4106446, 41.9038608], [12.4105838, 41.9039506], [12.4104217, 41.9042015], [12.4103988, 41.9042318], [12.4103658, 41.9042694], [12.4103261, 41.9043091], [12.4102939, 41.9043366], [12.410255, 41.9043661], [12.4102247, 41.9043862], [12.4101797, 41.9044133], [12.4100668, 41.9044683]], [[12.387462, 41.9137018], [12.3874773, 41.9137481], [12.3874926, 41.9137993], [12.3875023, 41.9138426], [12.3875038, 41.9138657], [12.3875026, 41.9138879], [12.3874986, 41.9139108], [12.3874918, 41.9139326], [12.3874837, 41.913955], [12.3874743, 41.9139744], [12.3874632, 41.9139955], [12.3874494, 41.9140166], [12.3874231, 41.9140569], [12.3873868, 41.9141024], [12.3873398, 41.914144], [12.3872861, 41.9141856], [12.3872271, 41.9142232]], [[12.3851968, 41.9127576], [12.3852777, 41.9127179], [12.3854063, 41.912679]], [[12.387462, 41.9137018], [12.3875518, 41.9138112], [12.3875778, 41.9138367], [12.3876091, 41.9138661], [12.3876487, 41.9138937], [12.3876954, 41.9139201], [12.3877472, 41.9139433], [12.3878015, 41.9139626], [12.3878647, 41.9139829], [12.3879278, 41.9139967], [12.3879868, 41.9140005], [12.3880405, 41.9140004], [12.3881264, 41.9139959], [12.3884087, 41.9139703]], [[12.3813477, 41.9154617], [12.3814791, 41.915445], [12.3815984, 41.9154273], [12.3819171, 41.9153659], [12.382229, 41.9153084], [12.3827063, 41.9152163], [12.3828038, 41.9151973], [12.3828945, 41.9151773], [12.3829411, 41.9151654], [12.3829824, 41.9151535], [12.3830727, 41.9151221], [12.3831412, 41.915093], [12.383214, 41.9150579], [12.3833009, 41.9150114], [12.3833424, 41.9149852], [12.3834241, 41.9149305]], [[12.3045208, 41.9639223], [12.3050396, 41.9640836], [12.3054026, 41.9642058], [12.3054481, 41.9642211], [12.3055083, 41.9642384], [12.3055707, 41.9642513], [12.3056318, 41.9642622], [12.3056919, 41.9642697], [12.3057359, 41.9642731], [12.3058064, 41.9642771], [12.3058828, 41.9642801], [12.306253, 41.9642801], [12.3068517, 41.9642678], [12.3073155, 41.964244], [12.3073832, 41.9642373], [12.3074272, 41.9642313], [12.3074631, 41.9642234], [12.3074911, 41.9642155], [12.3075163, 41.9642075], [12.3075431, 41.9641968], [12.3075672, 41.964186], [12.3076253, 41.9641558], [12.307647, 41.9641414], [12.3076734, 41.9641202], [12.307697, 41.964101], [12.3077159, 41.9640818], [12.3077465, 41.9640493], [12.3077635, 41.9640263]], [[12.3532834, 41.9280028], [12.3534263, 41.9280452], [12.3536781, 41.9281202], [12.3538385, 41.9281657], [12.353962, 41.928191], [12.3540461, 41.9282037], [12.3541056, 41.9282104], [12.3541624, 41.9282152], [12.3543188, 41.9282256], [12.354401, 41.9282298], [12.3544806, 41.928233], [12.3545547, 41.928235], [12.3546262, 41.928236], [12.3552969, 41.9282362], [12.3560034, 41.9282241], [12.3560605, 41.9282291], [12.3561135, 41.9282362], [12.3561663, 41.9282467], [12.356215, 41.9282592], [12.3563105, 41.9282933], [12.3564126, 41.9283444], [12.3566227, 41.928488], [12.35668, 41.9285186], [12.3567455, 41.9285378], [12.3567882, 41.9285459], [12.3568377, 41.928551], [12.356878, 41.9285528], [12.3569249, 41.9285516], [12.3569985, 41.9285414], [12.357064, 41.9285232], [12.3573679, 41.928371], [12.3577699, 41.9281366], [12.3580387, 41.9280235], [12.3583727, 41.9278982], [12.3584961, 41.9278498], [12.3585984, 41.927806], [12.3586472, 41.9277795], [12.3586997, 41.9277427], [12.3587354, 41.9277107], [12.3587628, 41.9276824], [12.3587992, 41.9276319], [12.3588122, 41.9276023], [12.3588232, 41.9275587], [12.3588289, 41.9275119]], [[12.307893, 41.963747], [12.3078971, 41.9637286], [12.3078986, 41.9637141], [12.307898, 41.9636869], [12.3078919, 41.9636586], [12.3078818, 41.9636373], [12.3078681, 41.9636128], [12.3077173, 41.9634261], [12.3071442, 41.9625803], [12.3070744, 41.9624769], [12.3070293, 41.9624001], [12.3069955, 41.9623348], [12.3069777, 41.9622674], [12.3069737, 41.9622017], [12.3069798, 41.9621649], [12.3069871, 41.9621331], [12.3070021, 41.9620937], [12.3070185, 41.9620592], [12.3070565, 41.9620024], [12.3071165, 41.9619391], [12.3071818, 41.9618878], [12.3073173, 41.9618181], [12.3074435, 41.9617737], [12.3075362, 41.9617525], [12.3076235, 41.9617373], [12.307741, 41.9617233], [12.3081789, 41.961692], [12.3087368, 41.9616596], [12.309225, 41.9616637], [12.3097389, 41.9616781], [12.3103361, 41.9617408], [12.3108836, 41.9617787], [12.3115293, 41.9618401], [12.3119137, 41.9619356], [12.3121533, 41.9620305], [12.3127363, 41.962347], [12.3133525, 41.962707], [12.3135515, 41.9628344], [12.3135688, 41.9628489], [12.3136851, 41.9629461], [12.313822, 41.9630811], [12.3138568, 41.963108], [12.3138889, 41.9631288], [12.3139228, 41.9631491], [12.313962, 41.9631653], [12.3139944, 41.9631749], [12.3140325, 41.9631793], [12.314071, 41.9631796], [12.3140941, 41.9631772], [12.3141213, 41.9631717], [12.3141595, 41.9631549], [12.3141848, 41.96314], [12.3142074, 41.9631191], [12.3142242, 41.9630968], [12.3142355, 41.9630746], [12.3142451, 41.9630437], [12.3142649, 41.9629288], [12.3142836, 41.962725], [12.314298, 41.962569], [12.3143212, 41.9622496], [12.3143599, 41.9620308], [12.3143727, 41.961956], [12.3144141, 41.9616045], [12.3143962, 41.9612158], [12.3142721, 41.9606172], [12.3141576, 41.9604023], [12.314014, 41.9602273], [12.3135531, 41.9597953], [12.3135033, 41.9597456], [12.3134397, 41.9596627], [12.3133195, 41.9593737], [12.3132573, 41.9590869], [12.313167, 41.9586564], [12.3129845, 41.9578581], [12.3129687, 41.9577889], [12.3129109, 41.9573515], [12.3128611, 41.9568702], [12.3128699, 41.9562953], [12.3128571, 41.9560345], [12.3128383, 41.9558572], [12.312783, 41.9555125], [12.3127133, 41.9552332], [12.3126893, 41.9551221], [12.3126761, 41.955011], [12.3126477, 41.954439], [12.312681, 41.9540569], [12.3127497, 41.9538611], [12.3129415, 41.9534811], [12.3130184, 41.9533267], [12.3130613, 41.953207], [12.3130775, 41.9531451], [12.3130882, 41.9530793], [12.3131026, 41.9529634], [12.3131063, 41.9528474], [12.3130994, 41.9526901], [12.3130891, 41.9525452], [12.313077, 41.952443], [12.3130615, 41.9523534], [12.3130369, 41.952257], [12.3130248, 41.9522228], [12.3130114, 41.9521866], [12.3129974, 41.952158], [12.3129819, 41.9521273], [12.3129579, 41.9520575], [12.3129433, 41.9520048], [12.312938, 41.9519738], [12.312938, 41.9519447], [12.312942, 41.9519017], [12.3129535, 41.9518635], [12.3129646, 41.9518399], [12.3129797, 41.9518133], [12.3129989, 41.951785], [12.3130222, 41.9517537], [12.3130979, 41.9516491], [12.3133515, 41.9513473], [12.3134688, 41.9511927], [12.3135533, 41.9510813], [12.3138703, 41.9506617], [12.3139928, 41.9504951], [12.3141722, 41.9502944], [12.3146979, 41.9497735], [12.3148216, 41.9496203], [12.3148921, 41.9495302], [12.3149791, 41.9494016], [12.3150501, 41.949288], [12.3150854, 41.9492216], [12.315127, 41.9491227], [12.3152609, 41.9486388], [12.3154598, 41.9479364], [12.3155324, 41.9477403], [12.3155952, 41.9476202], [12.3156578, 41.9475162], [12.3157311, 41.9474162], [12.3157865, 41.947341], [12.3158803, 41.9472139], [12.316073, 41.9469711], [12.3162433, 41.9467129], [12.3163739, 41.9464691], [12.3165075, 41.9461863], [12.3166753, 41.9459324], [12.3167322, 41.9458333], [12.3168697, 41.9455521], [12.3169206, 41.945372], [12.3169797, 41.9450283], [12.3170315, 41.9447878], [12.3170978, 41.9445467], [12.3172304, 41.9440414], [12.3172748, 41.9437871], [12.3172897, 41.9436307], [12.3172884, 41.9434703], [12.3172703, 41.9433116], [12.317219, 41.942841], [12.3172152, 41.9427777], [12.3172183, 41.942708], [12.3172346, 41.9425008], [12.3172366, 41.9424589], [12.3172384, 41.9424218], [12.3172314, 41.9423381], [12.3172052, 41.9421217], [12.3171925, 41.9419892], [12.3171803, 41.9418523], [12.3171594, 41.9414848], [12.3171432, 41.9413635], [12.3171147, 41.94125], [12.3170755, 41.9411126], [12.316972, 41.9408835], [12.3169419, 41.9408222], [12.3169198, 41.9407588], [12.3169031, 41.9406955], [12.3168945, 41.9406302], [12.3168956, 41.9405429], [12.3169074, 41.9404595], [12.3169327, 41.9403782], [12.3169633, 41.9403008], [12.3170189, 41.9402116], [12.3171535, 41.9400237], [12.3172529, 41.9399191], [12.3174281, 41.9397348], [12.3175582, 41.9396201], [12.3176506, 41.9395352], [12.3177413, 41.9394337], [12.3177944, 41.9393621], [12.3178151, 41.9393212], [12.3178331, 41.9392782], [12.3178404, 41.9392333], [12.317845, 41.9391864], [12.3178406, 41.9388879], [12.3178083, 41.9383482], [12.3177772, 41.938201], [12.3177302, 41.9380114], [12.3177164, 41.9379705], [12.3176673, 41.9378253], [12.3176067, 41.9375995], [12.317595, 41.9375063], [12.3175927, 41.9374], [12.3176026, 41.9372805], [12.3176648, 41.936539], [12.3176821, 41.9363397], [12.3177026, 41.9362392], [12.3177365, 41.9361347], [12.3177701, 41.9360636], [12.3178144, 41.9359986], [12.3178671, 41.9359461], [12.3178975, 41.9359229], [12.3179305, 41.9358996], [12.317979, 41.9358739], [12.3180287, 41.9358512], [12.3180839, 41.9358345], [12.3181404, 41.9358208], [12.3182298, 41.9358041], [12.3183206, 41.9357894], [12.3184034, 41.9357789], [12.3185116, 41.935768], [12.3190281, 41.93572], [12.3196273, 41.935663], [12.319691, 41.9356561], [12.3197534, 41.9356483], [12.3198158, 41.9356404], [12.3198911, 41.9356299], [12.3199661, 41.9356188], [12.3200369, 41.9356065], [12.3204634, 41.9355291], [12.3213702, 41.9353646], [12.3220805, 41.9352476], [12.3222492, 41.9352181], [12.3224462, 41.9351839], [12.3232288, 41.9350412], [12.3238052, 41.9349229], [12.3252128, 41.9345643], [12.3258523, 41.9343811], [12.32606, 41.9343216], [12.3264857, 41.9341997], [12.3265718, 41.934177], [12.3266703, 41.9341541], [12.3267463, 41.934139], [12.3268309, 41.9341232], [12.3269111, 41.9341096], [12.3270021, 41.9340978], [12.3270871, 41.9340892], [12.3271678, 41.9340823], [12.3274756, 41.9340676], [12.3275954, 41.9340627], [12.327707, 41.9340593], [12.3278127, 41.9340569], [12.3283388, 41.9340459], [12.3285061, 41.9340405], [12.3286257, 41.9340355], [12.3287562, 41.934029], [12.32888, 41.9340215], [12.3290754, 41.9340079], [12.3295372, 41.9339759], [12.3304818, 41.93391], [12.3306003, 41.9339], [12.3307127, 41.9338888], [12.330809, 41.9338835], [12.3309074, 41.9338721], [12.3310134, 41.933858], [12.3311027, 41.9338424], [12.3311411, 41.9338357], [12.3313377, 41.9337935], [12.3319422, 41.9336543], [12.3320232, 41.9336371], [12.3320921, 41.9336266], [12.3321542, 41.933619], [12.3322, 41.9336163], [12.3322378, 41.9336155], [12.332277, 41.9336157], [12.3322807, 41.9336157], [12.3323255, 41.9336169], [12.3324176, 41.9336244], [12.3325744, 41.9336432], [12.3326054, 41.9336483], [12.3327162, 41.9336667], [12.3330109, 41.9337267], [12.3330977, 41.9337406], [12.3331862, 41.933751], [12.3332385, 41.9337552], [12.3332988, 41.9337574], [12.3334013, 41.9337587], [12.333493, 41.9337571], [12.3335797, 41.933756], [12.3340108, 41.933733], [12.3341557, 41.9337253], [12.3342211, 41.933722], [12.3342763, 41.9337214], [12.3343342, 41.9337217], [12.334395, 41.9337241], [12.3344543, 41.9337274], [12.3352599, 41.9337937], [12.3354468, 41.9338091], [12.3356655, 41.933831], [12.3363935, 41.9339179], [12.3371596, 41.9340188], [12.3373139, 41.9340391], [12.3377632, 41.9340982], [12.3379733, 41.9341281], [12.3380597, 41.9341404], [12.3381337, 41.934149], [12.3382051, 41.9341536], [12.3382738, 41.9341552], [12.3383505, 41.9341548], [12.3389093, 41.9341326], [12.3393847, 41.9341027], [12.3394688, 41.9340954], [12.3395608, 41.934084], [12.3396423, 41.9340687], [12.3397317, 41.9340494], [12.33978, 41.9340374], [12.3397983, 41.9340329], [12.3398542, 41.9340164], [12.3399154, 41.9339959], [12.3399659, 41.9339754], [12.3400191, 41.9339507], [12.3400538, 41.9339306], [12.3401011, 41.9339031], [12.3402688, 41.9337939], [12.3404033, 41.9336908], [12.3406591, 41.9334737], [12.3407379, 41.9334089], [12.3408084, 41.9333579], [12.3408788, 41.9333088], [12.3409791, 41.9332491], [12.3410768, 41.9331953], [12.3411927, 41.9331356], [12.3413814, 41.9330461], [12.3416845, 41.9329091], [12.3418569, 41.9328292], [12.3419881, 41.9327626], [12.3420558, 41.9327254], [12.3421235, 41.9326843], [12.3421923, 41.9326385], [12.3422503, 41.9325967], [12.3423048, 41.9325525], [12.3423458, 41.9325162], [12.3423866, 41.932477], [12.3424476, 41.9324075], [12.3425374, 41.9323098], [12.3426264, 41.9322131], [12.3427309, 41.9321033], [12.3428433, 41.9319914], [12.3430073, 41.931836], [12.3432224, 41.9316392], [12.3436519, 41.9312811], [12.3438505, 41.9311283], [12.3439775, 41.9310325], [12.3441045, 41.9309406], [12.3442216, 41.9308569], [12.3443386, 41.9307771], [12.3448135, 41.9304774], [12.3449872, 41.930364], [12.3455159, 41.9300169], [12.3458049, 41.9298374], [12.34587, 41.9297891], [12.3459244, 41.9297408], [12.3459788, 41.9296845], [12.3460224, 41.9296282], [12.3460939, 41.9294945], [12.3461547, 41.9293647], [12.3462019, 41.9292106], [12.3462458, 41.9290299], [12.3462818, 41.9289156], [12.3463394, 41.9287659], [12.3464078, 41.9286062], [12.3464438, 41.9285375], [12.3464824, 41.9284727], [12.3465297, 41.9284059], [12.3465797, 41.928343], [12.3467105, 41.9282245], [12.3469775, 41.9280363], [12.347218, 41.9278956], [12.3474397, 41.92779], [12.3477512, 41.9276873], [12.3479057, 41.9276462], [12.3480333, 41.927617], [12.3481991, 41.9275858], [12.348338, 41.9275666], [12.3486477, 41.9275438], [12.348929, 41.9275409], [12.3492924, 41.9275664], [12.3496192, 41.9276041], [12.3499623, 41.9276587], [12.350435, 41.9277732], [12.3508724, 41.9278851], [12.3510438, 41.9279099], [12.3511028, 41.9279104], [12.3512048, 41.9279113], [12.3515405, 41.9278819], [12.3519166, 41.9278593], [12.3522215, 41.9278616], [12.3526189, 41.9278859]], [[12.3077635, 41.9640263], [12.3078213, 41.9639016]], [[12.3528021, 41.9278985], [12.3529465, 41.9279202], [12.3530779, 41.9279478], [12.3531559, 41.9279668], [12.3532351, 41.9279876], [12.3532834, 41.9280028]], [[12.3526189, 41.9278859], [12.3528021, 41.9278985]], [[12.4185461, 41.9036187], [12.4184691, 41.9036148], [12.4184206, 41.9036116], [12.41808, 41.9035847], [12.4177357, 41.9035529], [12.4174077, 41.903527], [12.4172483, 41.9035169], [12.4170769, 41.9035127], [12.4168499, 41.9035089], [12.4166177, 41.903507], [12.4163791, 41.9035017]], [[12.4255864, 41.9019968], [12.4254627, 41.9020426], [12.4252652, 41.9021157]], [[12.3872271, 41.9142232], [12.3868827, 41.9142959]], [[12.387462, 41.9137018], [12.387595, 41.9137863], [12.3876401, 41.9138138], [12.3876967, 41.9138438], [12.3877467, 41.9138697], [12.3877967, 41.9138903], [12.387883, 41.9139189], [12.3879658, 41.913935], [12.3880405, 41.9139459], [12.3881107, 41.9139522], [12.3884087, 41.9139703]], [[12.3884087, 41.9139703], [12.3884971, 41.913953], [12.3885569, 41.9139424]], [[12.3868827, 41.9142959], [12.3866394, 41.914345], [12.3862096, 41.9144462], [12.3857573, 41.9145725], [12.385438, 41.9146723], [12.3853058, 41.9147182]], [[12.4090821, 41.9050718], [12.4088693, 41.9052118], [12.4088209, 41.9052515], [12.4087842, 41.9052887], [12.4087576, 41.9053215], [12.4087388, 41.9053532], [12.4087246, 41.9053888], [12.4087174, 41.9054224], [12.408712, 41.9054521], [12.4087072, 41.9055077], [12.4087011, 41.9055708], [12.408696, 41.905611], [12.4086895, 41.9056532], [12.4086815, 41.9056959], [12.4086712, 41.9057582], [12.4086595, 41.9058318], [12.4086472, 41.9058996], [12.4086339, 41.9059566], [12.40862, 41.9060033], [12.4086026, 41.9060597], [12.4085753, 41.9061245], [12.4085522, 41.9061741], [12.4085234, 41.9062335], [12.4084594, 41.9063392], [12.4083824, 41.9064664], [12.408273, 41.9066651]], [[12.4096873, 41.904425], [12.4098435, 41.9042744], [12.409877, 41.9042417], [12.4099233, 41.9041994], [12.4102147, 41.9039557], [12.4102674, 41.903916], [12.4103202, 41.9038768], [12.4103616, 41.9038406], [12.4103972, 41.9037995], [12.4104225, 41.9037573], [12.4104473, 41.9037188], [12.4104771, 41.9036754], [12.4105046, 41.9036396], [12.4105347, 41.9036056], [12.4105666, 41.9035746], [12.4105981, 41.9035472], [12.4106319, 41.9035185], [12.4106661, 41.9034899], [12.4107, 41.9034629], [12.4107339, 41.903438], [12.4107763, 41.9034137], [12.4108188, 41.9033913], [12.4108737, 41.9033644], [12.4109313, 41.9033392], [12.4110073, 41.9033087], [12.4110683, 41.9032873]], [[12.4088223, 41.9049003], [12.4088593, 41.9048749], [12.4089075, 41.9048475], [12.4089703, 41.9048196], [12.4090484, 41.9047896], [12.4091258, 41.9047609], [12.4091928, 41.9047347], [12.4092584, 41.9047046], [12.4093246, 41.9046677], [12.4093941, 41.9046262], [12.4094668, 41.9045803], [12.4095369, 41.9045338], [12.4096172, 41.9044785], [12.4096873, 41.904425]], [[12.4187868, 41.9036219], [12.4186786, 41.9036212], [12.4185461, 41.9036187]], [[12.3996947, 41.9104782], [12.3996469, 41.9105159], [12.3994596, 41.9106811], [12.3993877, 41.9107489], [12.3993365, 41.9107995]], [[12.4219204, 41.9031566], [12.4218269, 41.9031833], [12.421535, 41.9032666], [12.4212818, 41.9033388]], [[12.3758015, 41.9213126], [12.3758844, 41.9211232], [12.3759198, 41.9210423], [12.3759582, 41.9209737], [12.3759933, 41.920911], [12.3760431, 41.920822], [12.3761443, 41.9206636], [12.3762763, 41.9204571], [12.3763822, 41.9202914], [12.3764631, 41.9201676], [12.3765063, 41.9201106], [12.3766223, 41.9199575], [12.376702, 41.919823], [12.3767128, 41.9198047], [12.3767397, 41.9197555]], [[12.3836224, 41.9151163], [12.3834911, 41.9151116], [12.3834638, 41.9151068], [12.3834446, 41.9151003], [12.3834231, 41.9150882], [12.3834098, 41.9150761], [12.3833936, 41.9150562], [12.3833855, 41.9150384], [12.38338, 41.9150147], [12.3833818, 41.9149971], [12.3833877, 41.914979], [12.3833958, 41.9149662], [12.3834241, 41.9149305]], [[12.3834241, 41.9149305], [12.3836226, 41.9146831], [12.3839376, 41.9142827]], [[12.3856219, 41.9126559], [12.3856858, 41.9126567], [12.3857552, 41.9126574], [12.3858647, 41.9126618], [12.3859826, 41.9126718], [12.3860795, 41.9126854], [12.3861575, 41.9127011], [12.386223, 41.9127192], [12.3862804, 41.9127374], [12.3863388, 41.912759], [12.3863892, 41.9127787], [12.3864827, 41.91282], [12.3865356, 41.9128455], [12.3865832, 41.9128709], [12.3866605, 41.9129173], [12.3867045, 41.912946], [12.3867378, 41.9129707], [12.3868105, 41.9130298], [12.387462, 41.9137018]], [[12.3839795, 41.9150693], [12.3836224, 41.9151163]], [[12.4251301, 41.902165], [12.4247344, 41.9023349], [12.4245231, 41.9024205], [12.4244108, 41.9024659], [12.4243565, 41.9024867], [12.4242897, 41.9025097], [12.4241329, 41.9025611], [12.4240577, 41.9025844]], [[12.3844753, 41.9149888], [12.3842877, 41.9150266], [12.384156, 41.9150471], [12.3839795, 41.9150693]], [[12.3607101, 41.9258309], [12.360998, 41.9257757], [12.3611009, 41.925756]], [[12.3611009, 41.925756], [12.3611848, 41.9257426], [12.3612945, 41.9257211], [12.3613689, 41.9257048]], [[12.3995904, 41.9104414], [12.4001183, 41.9101537], [12.4002992, 41.9100598], [12.4003896, 41.9100143], [12.40048, 41.9099689], [12.4008756, 41.9097889], [12.401013, 41.9097264], [12.4011464, 41.9096654], [12.4013847, 41.9095414], [12.4016061, 41.9094235], [12.4018234, 41.9093148], [12.4019199, 41.9092718], [12.40198, 41.9092445], [12.4020462, 41.9092187], [12.4021583, 41.9091791], [12.402289, 41.9091379], [12.4023687, 41.9091128], [12.4024484, 41.9090876], [12.4026017, 41.9090433], [12.4028098, 41.9089842], [12.4029582, 41.9089468], [12.4032422, 41.9088771], [12.4033857, 41.9088419], [12.4034605, 41.9088258], [12.4035374, 41.9088097], [12.4036414, 41.9087904], [12.4037513, 41.9087702], [12.4038775, 41.9087499], [12.4039949, 41.9087319], [12.4040668, 41.9087229], [12.4041327, 41.908714], [12.4042009, 41.9087049], [12.4042855, 41.9086948], [12.4044024, 41.9086863], [12.4045243, 41.9086778], [12.4046381, 41.9086722], [12.4047387, 41.9086683], [12.4048429, 41.9086654], [12.4051524, 41.9086611], [12.4055743, 41.9086577], [12.405679, 41.9086518], [12.4057633, 41.9086416], [12.4058568, 41.9086284], [12.4059674, 41.9086108], [12.4060922, 41.9085856], [12.4062259, 41.9085536], [12.4063145, 41.9085266], [12.406371, 41.9085063], [12.4064193, 41.9084875], [12.4065041, 41.9084443], [12.4065827, 41.9084012], [12.4066986, 41.9083375], [12.4068095, 41.9082717], [12.4068781, 41.9082297], [12.4069386, 41.9081893], [12.4070158, 41.9081334], [12.4070809, 41.908079], [12.4071799, 41.9079958], [12.4073263, 41.9078511], [12.4074464, 41.9077245], [12.4075161, 41.9076466], [12.4075855, 41.9075725], [12.4076548, 41.9074989], [12.407708, 41.9074403], [12.4077349, 41.9074077], [12.4077561, 41.9073812], [12.4077924, 41.9073323]], [[12.3588322, 41.9274271], [12.3588401, 41.9272201], [12.3588468, 41.9271933], [12.3588549, 41.9271729], [12.3588687, 41.9271472], [12.3589014, 41.9271014], [12.3589484, 41.9270482], [12.3589841, 41.9270084], [12.359188, 41.9267719]], [[12.3675893, 41.9233525], [12.3676385, 41.9233269], [12.3678415, 41.9232214], [12.3679631, 41.9231612], [12.3680723, 41.9231089], [12.3681282, 41.9230821], [12.3682698, 41.9230179], [12.3684129, 41.9229556], [12.3685598, 41.9228951], [12.3686222, 41.9228704], [12.3687219, 41.9228342], [12.3693842, 41.9226187], [12.3699642, 41.9224676], [12.3705073, 41.9223829], [12.3705945, 41.922368], [12.3707769, 41.9223367]], [[12.4080193, 41.906873], [12.4082432, 41.9064899], [12.408331, 41.9063453], [12.4084023, 41.9062222], [12.4084349, 41.9061659], [12.408461, 41.9061125], [12.4084787, 41.9060734], [12.4084933, 41.9060409], [12.4085147, 41.9059758], [12.4085277, 41.9059374], [12.4085428, 41.9058729], [12.4085549, 41.9058201], [12.4085612, 41.905778], [12.4085647, 41.9057294], [12.4085663, 41.9056785], [12.4085645, 41.9056294], [12.4085595, 41.9055661], [12.40855, 41.9055029], [12.4085473, 41.9054657], [12.4085433, 41.9054255], [12.4085445, 41.9053809], [12.4085506, 41.9053443], [12.4085606, 41.9053044], [12.4085739, 41.9052673], [12.4085885, 41.9052307], [12.4086085, 41.9051871], [12.4086299, 41.9051466], [12.4086506, 41.9051106], [12.4086772, 41.9050626], [12.408702, 41.9050188], [12.4087297, 41.9049773], [12.4087531, 41.904953], [12.4087771, 41.904933], [12.4088223, 41.9049003]], [[12.4080943, 41.9070246], [12.4080517, 41.9071115], [12.4080004, 41.9072054], [12.4079815, 41.9072367], [12.4079627, 41.9072689], [12.4079397, 41.9073042], [12.4079086, 41.9073475], [12.4078787, 41.9073832], [12.4078479, 41.9074185], [12.4078219, 41.9074492], [12.4077547, 41.9075264], [12.4075313, 41.9077661], [12.4072987, 41.9080036], [12.4072507, 41.9080499], [12.4071967, 41.9080962], [12.4071354, 41.908145], [12.407074, 41.9081938], [12.4069795, 41.9082601], [12.4068921, 41.9083158], [12.4068201, 41.9083582], [12.406742, 41.9084036], [12.4066322, 41.9084656], [12.4065192, 41.9085268], [12.4064234, 41.9085655], [12.4063174, 41.9086043], [12.40621, 41.9086345], [12.4061026, 41.9086603], [12.4060385, 41.9086746], [12.4059664, 41.908689], [12.4058627, 41.9087057], [12.4057418, 41.9087192], [12.4056149, 41.9087267], [12.4054755, 41.90873], [12.4053341, 41.9087304], [12.4052677, 41.9087306], [12.405017, 41.9087315], [12.4048716, 41.9087344], [12.4047385, 41.9087403], [12.4045824, 41.9087495], [12.4045115, 41.908754]], [[12.3991721, 41.9107772], [12.3992707, 41.9106819]], [[12.3992707, 41.9106819], [12.3993363, 41.9106237], [12.3993958, 41.9105751], [12.3994423, 41.910538], [12.3994887, 41.9105053], [12.3995904, 41.9104414]], [[12.3993365, 41.9107995], [12.3992309, 41.9108884]], [[12.3992309, 41.9108884], [12.3991491, 41.910946], [12.3990898, 41.9109834], [12.3989788, 41.9110526], [12.3988859, 41.9111063], [12.398798, 41.9111502], [12.3987604, 41.9111674], [12.3987186, 41.9111846], [12.3986331, 41.9112157], [12.3985334, 41.9112491]], [[12.3985334, 41.9112491], [12.3984708, 41.9112629], [12.3984022, 41.9112767], [12.3982649, 41.9112998], [12.3981888, 41.9113101], [12.3981189, 41.9113173], [12.3980252, 41.9113238], [12.3979194, 41.9113273], [12.3978124, 41.9113282], [12.3977304, 41.9113267], [12.3976216, 41.9113225], [12.3975537, 41.9113183], [12.3974566, 41.9113114], [12.3973785, 41.911303], [12.3973045, 41.9112931], [12.3971993, 41.9112782], [12.3970929, 41.9112589], [12.3969702, 41.9112352], [12.3968369, 41.9112043], [12.3967168, 41.9111717], [12.3966021, 41.9111392], [12.3962097, 41.9110247], [12.3958456, 41.9109195], [12.3957406, 41.9108927], [12.3956517, 41.9108725], [12.3955575, 41.9108523], [12.3953647, 41.9108159], [12.3952142, 41.9107932], [12.3950797, 41.9107757], [12.3949696, 41.9107629], [12.3948635, 41.9107546], [12.39475, 41.9107474], [12.3946134, 41.9107421], [12.3944961, 41.9107412], [12.394374, 41.9107425], [12.394268, 41.9107446], [12.3941741, 41.9107482], [12.3940737, 41.910755], [12.3938777, 41.9107743]], [[12.3989142, 41.9109778], [12.3990493, 41.910878], [12.3990983, 41.9108392], [12.3991721, 41.9107772]], [[12.4098272, 41.9046109], [12.4095872, 41.9047575], [12.4091467, 41.9050343], [12.4090821, 41.9050718]], [[12.4259103, 41.901861], [12.4259476, 41.9018428], [12.4259673, 41.9018333], [12.4261216, 41.9017642], [12.4262057, 41.9017232], [12.4262597, 41.9016944], [12.4266114, 41.9015028]], [[12.4100668, 41.9044683], [12.4098272, 41.9046109]], [[12.3934777, 41.9108126], [12.3933295, 41.9108309], [12.3932199, 41.9108476], [12.3931227, 41.9108657], [12.3930561, 41.9108795], [12.3929886, 41.9108954], [12.3929118, 41.9109162], [12.3928429, 41.9109384], [12.3927603, 41.9109719], [12.3927041, 41.9109977], [12.392647, 41.9110276], [12.3925692, 41.911074], [12.3925294, 41.9110989], [12.3924896, 41.9111278], [12.3924306, 41.9111731], [12.3923869, 41.9112122], [12.3923513, 41.9112506], [12.3922971, 41.9113103], [12.3922395, 41.9113805], [12.3921207, 41.9115344], [12.3920119, 41.9116647], [12.3919763, 41.9117035], [12.3919302, 41.9117503], [12.3918795, 41.9117966], [12.3918288, 41.9118389], [12.391708, 41.9119417]], [[12.4045115, 41.908754], [12.4044557, 41.9087574], [12.4043938, 41.9087616], [12.4042985, 41.90877]], [[12.4042985, 41.90877], [12.4042144, 41.9087775], [12.4040715, 41.908796], [12.4039225, 41.9088175], [12.4037937, 41.9088387], [12.403675, 41.9088598], [12.4035616, 41.9088824], [12.403148, 41.908979], [12.4029802, 41.9090197], [12.4028426, 41.9090558], [12.4027718, 41.9090733], [12.4026401, 41.9091074], [12.4024992, 41.9091485], [12.4023695, 41.9091858], [12.4022624, 41.9092209], [12.4021562, 41.9092584], [12.4020501, 41.9093003], [12.401944, 41.9093468], [12.401218, 41.9097056], [12.4008922, 41.9098568], [12.4005411, 41.9100235], [12.4003667, 41.9101064], [12.4002046, 41.9101892], [12.4001387, 41.9102269], [12.3999275, 41.9103413], [12.3998235, 41.9103985], [12.3997265, 41.9104557], [12.3996947, 41.9104782]], [[12.3938777, 41.9107743], [12.3937073, 41.9107902], [12.3934777, 41.9108126]], [[12.3839376, 41.9142827], [12.3841518, 41.9140794], [12.3842494, 41.9139906], [12.3845728, 41.9136963], [12.3846584, 41.9136096], [12.3846987, 41.9135587], [12.3847314, 41.9135096], [12.3847554, 41.9134651], [12.3847793, 41.9134172], [12.3848026, 41.9133605], [12.3848241, 41.9133029], [12.384854, 41.913213], [12.3848799, 41.9131174]], [[12.3897544, 41.9134583], [12.3896926, 41.9135044], [12.3896256, 41.9135504], [12.3895585, 41.9135965], [12.3894879, 41.9136425], [12.3894207, 41.9136847], [12.3893751, 41.9137097], [12.3893249, 41.9137348], [12.3892862, 41.9137523], [12.3892367, 41.9137733], [12.3891897, 41.9137885], [12.3891319, 41.9138048]], [[12.391708, 41.9119417], [12.3909797, 41.9125394], [12.3905899, 41.9128242], [12.3901854, 41.9131162]], [[12.3901854, 41.9131162], [12.3897544, 41.9134583]], [[12.3913822, 41.9121033], [12.3914762, 41.9120255], [12.3915971, 41.9119224], [12.3917456, 41.9117953], [12.391821, 41.9117317], [12.391896, 41.9116626], [12.3919386, 41.9116157], [12.391974, 41.9115715], [12.392045, 41.9114831], [12.3922167, 41.9112715], [12.3922865, 41.9111931], [12.3923307, 41.9111509], [12.3923581, 41.9111256], [12.3923909, 41.9110963], [12.3924371, 41.9110605], [12.3924939, 41.9110213], [12.3925658, 41.9109785], [12.3926358, 41.9109396]], [[12.3674405, 41.9234602], [12.3675893, 41.9233525]], [[12.4163791, 41.9035017], [12.4162214, 41.903494], [12.4161298, 41.903488], [12.4160465, 41.903482], [12.4158215, 41.9034652], [12.415584, 41.9034425], [12.4154989, 41.9034327], [12.415403, 41.9034194], [12.4153353, 41.903408], [12.4152713, 41.9033949], [12.4151932, 41.9033774], [12.4150939, 41.9033534], [12.4149469, 41.9033137], [12.4147003, 41.9032396], [12.4143959, 41.9031419], [12.414186, 41.9030797], [12.4140873, 41.9030517], [12.4139373, 41.9030197], [12.4138267, 41.9030042], [12.4136586, 41.9029891], [12.4135434, 41.9029849], [12.4134104, 41.9029853], [12.4130835, 41.9029992]], [[12.3934618, 41.9107464], [12.3937824, 41.910713], [12.3942608, 41.91067], [12.3945989, 41.9106524], [12.3948465, 41.9106441], [12.3949393, 41.9106414], [12.3950017, 41.9106423], [12.3950553, 41.9106451], [12.395097, 41.9106503], [12.3951598, 41.9106578], [12.3952251, 41.9106678], [12.3952797, 41.9106778], [12.3953702, 41.9106996], [12.3954484, 41.9107214], [12.3958739, 41.9108428], [12.3963122, 41.910979], [12.3966798, 41.9110882], [12.3968013, 41.9111238], [12.3969335, 41.9111595], [12.3970066, 41.911176], [12.3970868, 41.9111925], [12.3971533, 41.9112051], [12.3972251, 41.9112164], [12.3973844, 41.9112355], [12.3975073, 41.911246], [12.3976471, 41.9112559], [12.3977959, 41.9112606], [12.3979371, 41.9112585], [12.3980759, 41.9112478], [12.3981543, 41.9112389], [12.3982265, 41.9112289], [12.3983277, 41.9112109], [12.3983907, 41.9111974], [12.3984528, 41.9111815], [12.3985381, 41.9111557], [12.3986152, 41.9111298], [12.3986908, 41.9111016], [12.3987542, 41.9110735], [12.3987966, 41.9110516], [12.3988319, 41.9110306], [12.3988781, 41.9110012], [12.3989142, 41.9109778]], [[12.362811, 41.9253122], [12.363031, 41.9252896], [12.3632028, 41.9252715], [12.3633858, 41.9252509], [12.3635603, 41.9252301], [12.3636983, 41.925206], [12.3638403, 41.925165], [12.3639746, 41.9251177], [12.364082, 41.9250679], [12.3641734, 41.9250141], [12.3645125, 41.924744], [12.3647644, 41.9245542], [12.3648145, 41.9245246], [12.3648726, 41.9244931], [12.3649213, 41.9244715], [12.3649551, 41.9244602], [12.3649834, 41.9244509], [12.3650202, 41.9244423], [12.3650544, 41.9244347], [12.3650912, 41.9244296], [12.3651253, 41.9244255], [12.3652342, 41.9244176], [12.3654876, 41.9244149], [12.3655923, 41.9244084], [12.3657096, 41.9243972], [12.3658172, 41.9243818], [12.3659113, 41.9243634], [12.3660587, 41.924328], [12.3661177, 41.9243117], [12.3661747, 41.9242939], [12.3662209, 41.9242776], [12.3662539, 41.9242643], [12.3663877, 41.9241969], [12.3667399, 41.9239802], [12.3670482, 41.9237385], [12.367411, 41.9234811], [12.3674405, 41.9234602]], [[12.408273, 41.9066651], [12.408203, 41.9067922], [12.4080943, 41.9070246]], [[12.4285256, 41.9000375], [12.4285725, 41.8999778], [12.4285979, 41.8999469]], [[12.4285979, 41.8999469], [12.42914, 41.8992], [12.4291726, 41.899145], [12.4292182, 41.8990701], [12.4292671, 41.8989847], [12.4293109, 41.8989039], [12.4293952, 41.8987317], [12.4294182, 41.8986806], [12.4294817, 41.8985676]], [[12.3887508, 41.9139066], [12.3885569, 41.9139424]], [[12.4110683, 41.9032873], [12.4111765, 41.9032568], [12.4112697, 41.9032354], [12.411345, 41.9032202], [12.4116509, 41.9031734]], [[12.3891319, 41.9138048], [12.3890614, 41.9138312], [12.3890239, 41.9138431], [12.3889787, 41.9138562], [12.3889109, 41.9138734], [12.3888324, 41.91389], [12.3887508, 41.9139066]], [[12.4130835, 41.9029992], [12.4129945, 41.9030072], [12.4123226, 41.9030775], [12.4119513, 41.9031232], [12.4118075, 41.903144], [12.4116509, 41.9031734]], [[12.4276872, 41.9008452], [12.4278939, 41.9006867], [12.4279612, 41.9006276], [12.4280788, 41.900525]], [[12.4252652, 41.9021157], [12.4251706, 41.9021509], [12.4251301, 41.902165]], [[12.4240577, 41.9025844], [12.4238082, 41.9026541], [12.4235637, 41.9027197], [12.4234516, 41.9027499], [12.4228191, 41.9029182], [12.4220617, 41.9031178], [12.4219204, 41.9031566]], [[12.4079064, 41.9070887], [12.4080193, 41.906873]], [[12.4077924, 41.9073323], [12.4078247, 41.9072848], [12.4078481, 41.9072414], [12.4078598, 41.907212], [12.4078761, 41.9071747], [12.4079064, 41.9070887]], [[12.3796842, 41.9157233], [12.3797813, 41.915725], [12.3798844, 41.9157268], [12.3799411, 41.9157162], [12.3801212, 41.9156865], [12.3811076, 41.9155074], [12.3813477, 41.9154617]], [[12.3598437, 41.9261423], [12.3599586, 41.9260879], [12.3600851, 41.9260338], [12.3602347, 41.9259733], [12.36031, 41.9259463], [12.3603898, 41.9259166], [12.3604711, 41.9258916], [12.3605581, 41.9258658], [12.3607101, 41.9258309]], [[12.359188, 41.9267719], [12.3592293, 41.9267186], [12.3594858, 41.9263957], [12.3595959, 41.9262965], [12.3596554, 41.9262554], [12.3597218, 41.9262116], [12.3598437, 41.9261423]], [[12.3851527, 41.9147752], [12.3848986, 41.9148585]], [[12.3078213, 41.9639016], [12.307893, 41.963747]], [[12.3848986, 41.9148585], [12.3846768, 41.9149343]], [[12.4280788, 41.900525], [12.4281504, 41.900454], [12.4281987, 41.9004071], [12.4282484, 41.9003558], [12.4283021, 41.9002964], [12.4284144, 41.9001711], [12.4285256, 41.9000375]], [[12.3795783, 41.9160358], [12.379438, 41.9161101], [12.3793749, 41.916183], [12.3793079, 41.9162667], [12.3789813, 41.9166209], [12.3788581, 41.916861]], [[12.3789852, 41.91651], [12.3792495, 41.916233], [12.379272, 41.916194], [12.379283, 41.9161661], [12.3792809, 41.9161233], [12.3792751, 41.9160836], [12.379248, 41.9160494], [12.379211, 41.9160104]], [[12.3772683, 41.9195151], [12.3771841, 41.9195636], [12.377104, 41.9196167], [12.3770636, 41.9196427], [12.3769502, 41.9197251], [12.3768987, 41.9197719], [12.3768168, 41.9198598], [12.3766733, 41.9200472]], [[12.3775926, 41.9187465], [12.3776361, 41.9187101], [12.3779389, 41.9184138], [12.378078, 41.9181695], [12.3781264, 41.9180844], [12.3781831, 41.9179745], [12.3782748, 41.9178183], [12.3784312, 41.9175554], [12.3785389, 41.9173559], [12.3786677, 41.9170917], [12.3788543, 41.9166893], [12.3789852, 41.91651]], [[12.3788581, 41.916861], [12.3787038, 41.9171611], [12.3785966, 41.9173887], [12.3784714, 41.917606], [12.3782643, 41.9179557], [12.3782042, 41.9180868], [12.3780573, 41.9183465], [12.3779875, 41.91845], [12.3777757, 41.9186589], [12.3777059, 41.9187436], [12.377661, 41.9188245], [12.3776322, 41.9188953], [12.3776282, 41.9189812]], [[12.3761834, 41.9207346], [12.3759715, 41.9210962], [12.3758015, 41.9213126]], [[12.3836224, 41.9151163], [12.3832909, 41.9151699], [12.3832654, 41.9151745], [12.3814434, 41.915506], [12.3801472, 41.9157562], [12.379907, 41.9158209], [12.3798168, 41.9158583], [12.3797102, 41.9159133]], [[12.3773434, 41.9188999], [12.3774584, 41.9188686], [12.3775131, 41.9188344], [12.3775926, 41.9187465]], [[12.3757628, 41.9213688], [12.3758015, 41.9213126]], [[12.4212818, 41.9033388], [12.4212049, 41.9033558], [12.4211264, 41.9033705]], [[12.4209345, 41.9033993], [12.4207864, 41.9034185], [12.4203676, 41.9034763], [12.4197425, 41.9035546], [12.419602, 41.9035726], [12.4194526, 41.9035873], [12.4192733, 41.9036003], [12.4191649, 41.9036079], [12.4190503, 41.9036135], [12.4190477, 41.9036136], [12.4189279, 41.9036191], [12.4188514, 41.9036208], [12.4187868, 41.9036219]], [[12.4211264, 41.9033705], [12.4210316, 41.9033857], [12.4209345, 41.9033993]], [[12.3853058, 41.9147182], [12.3851527, 41.9147752]], [[12.3846768, 41.9149343], [12.3844753, 41.9149888]], [[12.3854063, 41.912679], [12.3854985, 41.9126639], [12.3855827, 41.9126558], [12.3856219, 41.9126559]], [[12.3926358, 41.9109396], [12.3927099, 41.9109045], [12.3927661, 41.9108796], [12.3928286, 41.9108548], [12.3928811, 41.9108381], [12.3929335, 41.9108243], [12.3930002, 41.9108103], [12.3930704, 41.9107963], [12.3931176, 41.9107889], [12.393162, 41.910782], [12.3932484, 41.9107709], [12.3933165, 41.9107624], [12.3934618, 41.9107464]], [[12.3766733, 41.9200472], [12.3765419, 41.9202083], [12.3764522, 41.9203223]], [[12.3764522, 41.9203223], [12.3762419, 41.9206418], [12.3761834, 41.9207346]], [[12.3613689, 41.9257048], [12.3614542, 41.9256818], [12.3615068, 41.925666], [12.3617149, 41.9256039], [12.361797, 41.9255793], [12.3621271, 41.9254822], [12.3623815, 41.9254089], [12.3625516, 41.9253642], [12.362811, 41.9253122]], [[12.3588289, 41.9275119], [12.3588322, 41.9274271]], [[12.3767397, 41.9197555], [12.376771, 41.9197095], [12.3768062, 41.9196579], [12.3768685, 41.9195963], [12.3769326, 41.9195327], [12.3769535, 41.9195121], [12.3769799, 41.9194793], [12.3770043, 41.9194401], [12.377012, 41.9194127], [12.377018, 41.9193863]], [[12.3727113, 41.9219011], [12.3728507, 41.9219764], [12.3730708, 41.9220839], [12.3731307, 41.9221072], [12.3731865, 41.9221276], [12.373243, 41.922143], [12.3732956, 41.9221555], [12.3733467, 41.9221649], [12.3734006, 41.9221704], [12.3734595, 41.9221746], [12.373521, 41.9221768], [12.3735859, 41.922178], [12.3736468, 41.9221782], [12.3737084, 41.9221766], [12.3737661, 41.922174], [12.3739956, 41.922157], [12.3740762, 41.9221479], [12.3741542, 41.9221367], [12.3742125, 41.9221275], [12.3742681, 41.9221164], [12.3743358, 41.9221008], [12.3743954, 41.9220853], [12.3744994, 41.9220545], [12.3745825, 41.9220257], [12.374663, 41.921995], [12.374897, 41.9218893], [12.3752278, 41.9217399], [12.3754299, 41.921643], [12.3754945, 41.9216012], [12.3755523, 41.9215623], [12.3755904, 41.9215369], [12.3756488, 41.92149], [12.3756986, 41.9214411], [12.3757628, 41.9213688]], [[12.3707769, 41.9223367], [12.3709041, 41.9223094], [12.3709841, 41.9222835], [12.371331, 41.9221424], [12.371656, 41.9219748], [12.3717534, 41.9219294], [12.3719532, 41.9218364], [12.3720253, 41.9218117], [12.37206, 41.9218014], [12.3720933, 41.9217921], [12.3721354, 41.9217842], [12.3721761, 41.9217774], [12.3722108, 41.9217738], [12.3722589, 41.9217697], [12.3723226, 41.9217696], [12.3723876, 41.9217755], [12.3724319, 41.921784], [12.3724683, 41.9217945], [12.3725099, 41.921808], [12.3725516, 41.9218235], [12.3725955, 41.9218419], [12.3726394, 41.9218623], [12.3727113, 41.9219011]]]}}, {"type": "Feature", "properties": {"id": "SS-ROM-0384", "nome": "Via Gelasio Secondo", "quartiere": "Aurelio", "classificazione": "giallo", "score": 3, "note": "traffico contenuto", "ciclabile": "no", "n_corsie": "2", "senso_unico": "no", "n_testimonianze": "1", "municipio": "XIII"}, "geometry": {"type": "LineString", "coordinates": [[12.4197341, 41.9049905], [12.4196153, 41.9055274], [12.4194911, 41.906073]]}}, {"type": "Feature", "properties": {"id": "SS-ROM-0437", "nome": "Via Bartolo da Sassoferrato", "quartiere": "Aurelio", "classificazione": "rosso", "score": 4, "note": "arteria trafficata nessuna ciclabile", "ciclabile": "no", "n_corsie": "2", "senso_unico": "no", "n_testimonianze": "1", "municipio": "XIII"}, "geometry": {"type": "LineString", "coordinates": [[12.4292514, 41.8985783], [12.4290747, 41.8986676], [12.4282031, 41.8990765], [12.4274191, 41.8994592]]}}, {"type": "Feature", "properties": {"id": "SS-ROM-0448", "nome": "Via del Casale di San Pio Quinto", "quartiere": "Municipio Roma XIII", "classificazione": "rosso", "score": 4, "note": "strada trafficata senza ciclabile", "ciclabile": "no", "n_corsie": "2", "senso_unico": "no", "n_testimonianze": "1", "municipio": "XIII"}, "geometry": {"type": "MultiLineString", "coordinates": [[[12.429378, 41.8948842], [12.4293999, 41.8948406], [12.4294287, 41.8947961], [12.4294626, 41.8947481], [12.4294991, 41.8947044], [12.4295427, 41.8946588], [12.4296293, 41.8945813], [12.4297009, 41.8945204], [12.4297874, 41.894455]], [[12.4297874, 41.894455], [12.4299015, 41.8943526], [12.4302121, 41.8940729], [12.4305315, 41.8937872], [12.430755, 41.8935897], [12.4311755, 41.89321], [12.4313239, 41.8930866], [12.431704, 41.8927586], [12.4317885, 41.8926935], [12.4318457, 41.8926525], [12.4319012, 41.8926153], [12.4320016, 41.8925464], [12.4320985, 41.8924826], [12.4322764, 41.8923603], [12.4329952, 41.8918195], [12.4332934, 41.8915879], [12.4336013, 41.891355], [12.4339964, 41.8910443], [12.4341852, 41.8908958], [12.4343573, 41.8907606], [12.4346937, 41.8905077], [12.4348728, 41.8903822], [12.4349173, 41.8903541], [12.4350087, 41.890297], [12.4351037, 41.8902399]], [[12.4351037, 41.8902399], [12.4352371, 41.8901925], [12.4353197, 41.8901649], [12.4354147, 41.8901366], [12.4355291, 41.8901048], [12.4356368, 41.890076], [12.4357515, 41.8900473], [12.4361061, 41.889956]]]}}, {"type": "Feature", "properties": {"id": "SS-ROM-0449", "nome": "Via di Boccea", "quartiere": "Aurelio", "classificazione": "rosso", "score": 4, "note": "strada trafficata senza ciclabile", "ciclabile": "no", "n_corsie": "2", "senso_unico": "no", "n_testimonianze": "1", "municipio": "XIII"}, "geometry": {"type": "MultiLineString", "coordinates": [[[12.3848799, 41.9131174], [12.3849315, 41.913002], [12.3849539, 41.9129625], [12.3849696, 41.912937], [12.3849921, 41.9129063], [12.3850147, 41.9128816], [12.385046, 41.9128512], [12.3850759, 41.9128277], [12.3851097, 41.9128056], [12.3851408, 41.9127876], [12.3851968, 41.9127576]], [[12.3848329, 41.9125305], [12.3849108, 41.9126702], [12.3849242, 41.9126894], [12.3849456, 41.9127067], [12.384967, 41.9127209], [12.3849964, 41.9127332], [12.3850344, 41.9127429], [12.3850751, 41.9127486], [12.3851223, 41.912752], [12.3851968, 41.9127576]], [[12.3813477, 41.9154617], [12.3815453, 41.9154166], [12.3816079, 41.9154012], [12.3816658, 41.9153857], [12.3817378, 41.9153656], [12.3818004, 41.9153456], [12.3818984, 41.9153133], [12.3820053, 41.915278], [12.3821967, 41.9152032], [12.3822666, 41.9151727], [12.3823617, 41.9151284], [12.3824638, 41.915078], [12.3828483, 41.9148879], [12.3834965, 41.914564], [12.3836311, 41.9144926], [12.3837043, 41.9144507], [12.3837635, 41.9144122], [12.3838001, 41.9143879], [12.3838368, 41.9143636], [12.3838802, 41.9143323], [12.3839376, 41.9142827]], [[12.3884087, 41.9139703], [12.3875215, 41.9141611], [12.3872271, 41.9142232]], [[12.4275958, 41.9009174], [12.4276872, 41.9008452]], [[12.4090821, 41.9050718], [12.4090357, 41.9050772], [12.4090006, 41.9050784], [12.4089503, 41.9050735], [12.4089222, 41.9050682], [12.4088916, 41.9050587], [12.4088671, 41.9050444], [12.4088498, 41.9050296], [12.4088303, 41.9050064], [12.4088174, 41.9049807], [12.4088131, 41.9049613], [12.4088116, 41.9049407], [12.4088137, 41.9049248], [12.4088223, 41.9049003]], [[12.3891319, 41.9138048], [12.3896601, 41.9133923], [12.3903858, 41.912861], [12.3908542, 41.9125379], [12.3909828, 41.9124382], [12.3910849, 41.9123587], [12.3911809, 41.9122806], [12.3913822, 41.9121033]], [[12.4257358, 41.9019399], [12.4259103, 41.901861]], [[12.4116509, 41.9031734], [12.411391, 41.9032799], [12.4112679, 41.9033248], [12.4111766, 41.9033591], [12.4110831, 41.9034066], [12.4109974, 41.9034569], [12.4109536, 41.9034871], [12.4109225, 41.9035108], [12.4108901, 41.9035406], [12.4108606, 41.9035703], [12.4108298, 41.9036059], [12.4107954, 41.9036502], [12.4107186, 41.9037555], [12.4106446, 41.9038608], [12.4105838, 41.9039506], [12.4104217, 41.9042015], [12.4103988, 41.9042318], [12.4103658, 41.9042694], [12.4103261, 41.9043091], [12.4102939, 41.9043366], [12.410255, 41.9043661], [12.4102247, 41.9043862], [12.4101797, 41.9044133], [12.4100668, 41.9044683]], [[12.387462, 41.9137018], [12.3874773, 41.9137481], [12.3874926, 41.9137993], [12.3875023, 41.9138426], [12.3875038, 41.9138657], [12.3875026, 41.9138879], [12.3874986, 41.9139108], [12.3874918, 41.9139326], [12.3874837, 41.913955], [12.3874743, 41.9139744], [12.3874632, 41.9139955], [12.3874494, 41.9140166], [12.3874231, 41.9140569], [12.3873868, 41.9141024], [12.3873398, 41.914144], [12.3872861, 41.9141856], [12.3872271, 41.9142232]], [[12.3851968, 41.9127576], [12.3852777, 41.9127179], [12.3854063, 41.912679]], [[12.387462, 41.9137018], [12.3875518, 41.9138112], [12.3875778, 41.9138367], [12.3876091, 41.9138661], [12.3876487, 41.9138937], [12.3876954, 41.9139201], [12.3877472, 41.9139433], [12.3878015, 41.9139626], [12.3878647, 41.9139829], [12.3879278, 41.9139967], [12.3879868, 41.9140005], [12.3880405, 41.9140004], [12.3881264, 41.9139959], [12.3884087, 41.9139703]], [[12.3813477, 41.9154617], [12.3814791, 41.915445], [12.3815984, 41.9154273], [12.3819171, 41.9153659], [12.382229, 41.9153084], [12.3827063, 41.9152163], [12.3828038, 41.9151973], [12.3828945, 41.9151773], [12.3829411, 41.9151654], [12.3829824, 41.9151535], [12.3830727, 41.9151221], [12.3831412, 41.915093], [12.383214, 41.9150579], [12.3833009, 41.9150114], [12.3833424, 41.9149852], [12.3834241, 41.9149305]], [[12.3045208, 41.9639223], [12.3050396, 41.9640836], [12.3054026, 41.9642058], [12.3054481, 41.9642211], [12.3055083, 41.9642384], [12.3055707, 41.9642513], [12.3056318, 41.9642622], [12.3056919, 41.9642697], [12.3057359, 41.9642731], [12.3058064, 41.9642771], [12.3058828, 41.9642801], [12.306253, 41.9642801], [12.3068517, 41.9642678], [12.3073155, 41.964244], [12.3073832, 41.9642373], [12.3074272, 41.9642313], [12.3074631, 41.9642234], [12.3074911, 41.9642155], [12.3075163, 41.9642075], [12.3075431, 41.9641968], [12.3075672, 41.964186], [12.3076253, 41.9641558], [12.307647, 41.9641414], [12.3076734, 41.9641202], [12.307697, 41.964101], [12.3077159, 41.9640818], [12.3077465, 41.9640493], [12.3077635, 41.9640263]], [[12.3532834, 41.9280028], [12.3534263, 41.9280452], [12.3536781, 41.9281202], [12.3538385, 41.9281657], [12.353962, 41.928191], [12.3540461, 41.9282037], [12.3541056, 41.9282104], [12.3541624, 41.9282152], [12.3543188, 41.9282256], [12.354401, 41.9282298], [12.3544806, 41.928233], [12.3545547, 41.928235], [12.3546262, 41.928236], [12.3552969, 41.9282362], [12.3560034, 41.9282241], [12.3560605, 41.9282291], [12.3561135, 41.9282362], [12.3561663, 41.9282467], [12.356215, 41.9282592], [12.3563105, 41.9282933], [12.3564126, 41.9283444], [12.3566227, 41.928488], [12.35668, 41.9285186], [12.3567455, 41.9285378], [12.3567882, 41.9285459], [12.3568377, 41.928551], [12.356878, 41.9285528], [12.3569249, 41.9285516], [12.3569985, 41.9285414], [12.357064, 41.9285232], [12.3573679, 41.928371], [12.3577699, 41.9281366], [12.3580387, 41.9280235], [12.3583727, 41.9278982], [12.3584961, 41.9278498], [12.3585984, 41.927806], [12.3586472, 41.9277795], [12.3586997, 41.9277427], [12.3587354, 41.9277107], [12.3587628, 41.9276824], [12.3587992, 41.9276319], [12.3588122, 41.9276023], [12.3588232, 41.9275587], [12.3588289, 41.9275119]], [[12.307893, 41.963747], [12.3078971, 41.9637286], [12.3078986, 41.9637141], [12.307898, 41.9636869], [12.3078919, 41.9636586], [12.3078818, 41.9636373], [12.3078681, 41.9636128], [12.3077173, 41.9634261], [12.3071442, 41.9625803], [12.3070744, 41.9624769], [12.3070293, 41.9624001], [12.3069955, 41.9623348], [12.3069777, 41.9622674], [12.3069737, 41.9622017], [12.3069798, 41.9621649], [12.3069871, 41.9621331], [12.3070021, 41.9620937], [12.3070185, 41.9620592], [12.3070565, 41.9620024], [12.3071165, 41.9619391], [12.3071818, 41.9618878], [12.3073173, 41.9618181], [12.3074435, 41.9617737], [12.3075362, 41.9617525], [12.3076235, 41.9617373], [12.307741, 41.9617233], [12.3081789, 41.961692], [12.3087368, 41.9616596], [12.309225, 41.9616637], [12.3097389, 41.9616781], [12.3103361, 41.9617408], [12.3108836, 41.9617787], [12.3115293, 41.9618401], [12.3119137, 41.9619356], [12.3121533, 41.9620305], [12.3127363, 41.962347], [12.3133525, 41.962707], [12.3135515, 41.9628344], [12.3135688, 41.9628489], [12.3136851, 41.9629461], [12.313822, 41.9630811], [12.3138568, 41.963108], [12.3138889, 41.9631288], [12.3139228, 41.9631491], [12.313962, 41.9631653], [12.3139944, 41.9631749], [12.3140325, 41.9631793], [12.314071, 41.9631796], [12.3140941, 41.9631772], [12.3141213, 41.9631717], [12.3141595, 41.9631549], [12.3141848, 41.96314], [12.3142074, 41.9631191], [12.3142242, 41.9630968], [12.3142355, 41.9630746], [12.3142451, 41.9630437], [12.3142649, 41.9629288], [12.3142836, 41.962725], [12.314298, 41.962569], [12.3143212, 41.9622496], [12.3143599, 41.9620308], [12.3143727, 41.961956], [12.3144141, 41.9616045], [12.3143962, 41.9612158], [12.3142721, 41.9606172], [12.3141576, 41.9604023], [12.314014, 41.9602273], [12.3135531, 41.9597953], [12.3135033, 41.9597456], [12.3134397, 41.9596627], [12.3133195, 41.9593737], [12.3132573, 41.9590869], [12.313167, 41.9586564], [12.3129845, 41.9578581], [12.3129687, 41.9577889], [12.3129109, 41.9573515], [12.3128611, 41.9568702], [12.3128699, 41.9562953], [12.3128571, 41.9560345], [12.3128383, 41.9558572], [12.312783, 41.9555125], [12.3127133, 41.9552332], [12.3126893, 41.9551221], [12.3126761, 41.955011], [12.3126477, 41.954439], [12.312681, 41.9540569], [12.3127497, 41.9538611], [12.3129415, 41.9534811], [12.3130184, 41.9533267], [12.3130613, 41.953207], [12.3130775, 41.9531451], [12.3130882, 41.9530793], [12.3131026, 41.9529634], [12.3131063, 41.9528474], [12.3130994, 41.9526901], [12.3130891, 41.9525452], [12.313077, 41.952443], [12.3130615, 41.9523534], [12.3130369, 41.952257], [12.3130248, 41.9522228], [12.3130114, 41.9521866], [12.3129974, 41.952158], [12.3129819, 41.9521273], [12.3129579, 41.9520575], [12.3129433, 41.9520048], [12.312938, 41.9519738], [12.312938, 41.9519447], [12.312942, 41.9519017], [12.3129535, 41.9518635], [12.3129646, 41.9518399], [12.3129797, 41.9518133], [12.3129989, 41.951785], [12.3130222, 41.9517537], [12.3130979, 41.9516491], [12.3133515, 41.9513473], [12.3134688, 41.9511927], [12.3135533, 41.9510813], [12.3138703, 41.9506617], [12.3139928, 41.9504951], [12.3141722, 41.9502944], [12.3146979, 41.9497735], [12.3148216, 41.9496203], [12.3148921, 41.9495302], [12.3149791, 41.9494016], [12.3150501, 41.949288], [12.3150854, 41.9492216], [12.315127, 41.9491227], [12.3152609, 41.9486388], [12.3154598, 41.9479364], [12.3155324, 41.9477403], [12.3155952, 41.9476202], [12.3156578, 41.9475162], [12.3157311, 41.9474162], [12.3157865, 41.947341], [12.3158803, 41.9472139], [12.316073, 41.9469711], [12.3162433, 41.9467129], [12.3163739, 41.9464691], [12.3165075, 41.9461863], [12.3166753, 41.9459324], [12.3167322, 41.9458333], [12.3168697, 41.9455521], [12.3169206, 41.945372], [12.3169797, 41.9450283], [12.3170315, 41.9447878], [12.3170978, 41.9445467], [12.3172304, 41.9440414], [12.3172748, 41.9437871], [12.3172897, 41.9436307], [12.3172884, 41.9434703], [12.3172703, 41.9433116], [12.317219, 41.942841], [12.3172152, 41.9427777], [12.3172183, 41.942708], [12.3172346, 41.9425008], [12.3172366, 41.9424589], [12.3172384, 41.9424218], [12.3172314, 41.9423381], [12.3172052, 41.9421217], [12.3171925, 41.9419892], [12.3171803, 41.9418523], [12.3171594, 41.9414848], [12.3171432, 41.9413635], [12.3171147, 41.94125], [12.3170755, 41.9411126], [12.316972, 41.9408835], [12.3169419, 41.9408222], [12.3169198, 41.9407588], [12.3169031, 41.9406955], [12.3168945, 41.9406302], [12.3168956, 41.9405429], [12.3169074, 41.9404595], [12.3169327, 41.9403782], [12.3169633, 41.9403008], [12.3170189, 41.9402116], [12.3171535, 41.9400237], [12.3172529, 41.9399191], [12.3174281, 41.9397348], [12.3175582, 41.9396201], [12.3176506, 41.9395352], [12.3177413, 41.9394337], [12.3177944, 41.9393621], [12.3178151, 41.9393212], [12.3178331, 41.9392782], [12.3178404, 41.9392333], [12.317845, 41.9391864], [12.3178406, 41.9388879], [12.3178083, 41.9383482], [12.3177772, 41.938201], [12.3177302, 41.9380114], [12.3177164, 41.9379705], [12.3176673, 41.9378253], [12.3176067, 41.9375995], [12.317595, 41.9375063], [12.3175927, 41.9374], [12.3176026, 41.9372805], [12.3176648, 41.936539], [12.3176821, 41.9363397], [12.3177026, 41.9362392], [12.3177365, 41.9361347], [12.3177701, 41.9360636], [12.3178144, 41.9359986], [12.3178671, 41.9359461], [12.3178975, 41.9359229], [12.3179305, 41.9358996], [12.317979, 41.9358739], [12.3180287, 41.9358512], [12.3180839, 41.9358345], [12.3181404, 41.9358208], [12.3182298, 41.9358041], [12.3183206, 41.9357894], [12.3184034, 41.9357789], [12.3185116, 41.935768], [12.3190281, 41.93572], [12.3196273, 41.935663], [12.319691, 41.9356561], [12.3197534, 41.9356483], [12.3198158, 41.9356404], [12.3198911, 41.9356299], [12.3199661, 41.9356188], [12.3200369, 41.9356065], [12.3204634, 41.9355291], [12.3213702, 41.9353646], [12.3220805, 41.9352476], [12.3222492, 41.9352181], [12.3224462, 41.9351839], [12.3232288, 41.9350412], [12.3238052, 41.9349229], [12.3252128, 41.9345643], [12.3258523, 41.9343811], [12.32606, 41.9343216], [12.3264857, 41.9341997], [12.3265718, 41.934177], [12.3266703, 41.9341541], [12.3267463, 41.934139], [12.3268309, 41.9341232], [12.3269111, 41.9341096], [12.3270021, 41.9340978], [12.3270871, 41.9340892], [12.3271678, 41.9340823], [12.3274756, 41.9340676], [12.3275954, 41.9340627], [12.327707, 41.9340593], [12.3278127, 41.9340569], [12.3283388, 41.9340459], [12.3285061, 41.9340405], [12.3286257, 41.9340355], [12.3287562, 41.934029], [12.32888, 41.9340215], [12.3290754, 41.9340079], [12.3295372, 41.9339759], [12.3304818, 41.93391], [12.3306003, 41.9339], [12.3307127, 41.9338888], [12.330809, 41.9338835], [12.3309074, 41.9338721], [12.3310134, 41.933858], [12.3311027, 41.9338424], [12.3311411, 41.9338357], [12.3313377, 41.9337935], [12.3319422, 41.9336543], [12.3320232, 41.9336371], [12.3320921, 41.9336266], [12.3321542, 41.933619], [12.3322, 41.9336163], [12.3322378, 41.9336155], [12.332277, 41.9336157], [12.3322807, 41.9336157], [12.3323255, 41.9336169], [12.3324176, 41.9336244], [12.3325744, 41.9336432], [12.3326054, 41.9336483], [12.3327162, 41.9336667], [12.3330109, 41.9337267], [12.3330977, 41.9337406], [12.3331862, 41.933751], [12.3332385, 41.9337552], [12.3332988, 41.9337574], [12.3334013, 41.9337587], [12.333493, 41.9337571], [12.3335797, 41.933756], [12.3340108, 41.933733], [12.3341557, 41.9337253], [12.3342211, 41.933722], [12.3342763, 41.9337214], [12.3343342, 41.9337217], [12.334395, 41.9337241], [12.3344543, 41.9337274], [12.3352599, 41.9337937], [12.3354468, 41.9338091], [12.3356655, 41.933831], [12.3363935, 41.9339179], [12.3371596, 41.9340188], [12.3373139, 41.9340391], [12.3377632, 41.9340982], [12.3379733, 41.9341281], [12.3380597, 41.9341404], [12.3381337, 41.934149], [12.3382051, 41.9341536], [12.3382738, 41.9341552], [12.3383505, 41.9341548], [12.3389093, 41.9341326], [12.3393847, 41.9341027], [12.3394688, 41.9340954], [12.3395608, 41.934084], [12.3396423, 41.9340687], [12.3397317, 41.9340494], [12.33978, 41.9340374], [12.3397983, 41.9340329], [12.3398542, 41.9340164], [12.3399154, 41.9339959], [12.3399659, 41.9339754], [12.3400191, 41.9339507], [12.3400538, 41.9339306], [12.3401011, 41.9339031], [12.3402688, 41.9337939], [12.3404033, 41.9336908], [12.3406591, 41.9334737], [12.3407379, 41.9334089], [12.3408084, 41.9333579], [12.3408788, 41.9333088], [12.3409791, 41.9332491], [12.3410768, 41.9331953], [12.3411927, 41.9331356], [12.3413814, 41.9330461], [12.3416845, 41.9329091], [12.3418569, 41.9328292], [12.3419881, 41.9327626], [12.3420558, 41.9327254], [12.3421235, 41.9326843], [12.3421923, 41.9326385], [12.3422503, 41.9325967], [12.3423048, 41.9325525], [12.3423458, 41.9325162], [12.3423866, 41.932477], [12.3424476, 41.9324075], [12.3425374, 41.9323098], [12.3426264, 41.9322131], [12.3427309, 41.9321033], [12.3428433, 41.9319914], [12.3430073, 41.931836], [12.3432224, 41.9316392], [12.3436519, 41.9312811], [12.3438505, 41.9311283], [12.3439775, 41.9310325], [12.3441045, 41.9309406], [12.3442216, 41.9308569], [12.3443386, 41.9307771], [12.3448135, 41.9304774], [12.3449872, 41.930364], [12.3455159, 41.9300169], [12.3458049, 41.9298374], [12.34587, 41.9297891], [12.3459244, 41.9297408], [12.3459788, 41.9296845], [12.3460224, 41.9296282], [12.3460939, 41.9294945], [12.3461547, 41.9293647], [12.3462019, 41.9292106], [12.3462458, 41.9290299], [12.3462818, 41.9289156], [12.3463394, 41.9287659], [12.3464078, 41.9286062], [12.3464438, 41.9285375], [12.3464824, 41.9284727], [12.3465297, 41.9284059], [12.3465797, 41.928343], [12.3467105, 41.9282245], [12.3469775, 41.9280363], [12.347218, 41.9278956], [12.3474397, 41.92779], [12.3477512, 41.9276873], [12.3479057, 41.9276462], [12.3480333, 41.927617], [12.3481991, 41.9275858], [12.348338, 41.9275666], [12.3486477, 41.9275438], [12.348929, 41.9275409], [12.3492924, 41.9275664], [12.3496192, 41.9276041], [12.3499623, 41.9276587], [12.350435, 41.9277732], [12.3508724, 41.9278851], [12.3510438, 41.9279099], [12.3511028, 41.9279104], [12.3512048, 41.9279113], [12.3515405, 41.9278819], [12.3519166, 41.9278593], [12.3522215, 41.9278616], [12.3526189, 41.9278859]], [[12.3077635, 41.9640263], [12.3078213, 41.9639016]], [[12.3528021, 41.9278985], [12.3529465, 41.9279202], [12.3530779, 41.9279478], [12.3531559, 41.9279668], [12.3532351, 41.9279876], [12.3532834, 41.9280028]], [[12.3526189, 41.9278859], [12.3528021, 41.9278985]], [[12.4185461, 41.9036187], [12.4184691, 41.9036148], [12.4184206, 41.9036116], [12.41808, 41.9035847], [12.4177357, 41.9035529], [12.4174077, 41.903527], [12.4172483, 41.9035169], [12.4170769, 41.9035127], [12.4168499, 41.9035089], [12.4166177, 41.903507], [12.4163791, 41.9035017]], [[12.4255864, 41.9019968], [12.4254627, 41.9020426], [12.4252652, 41.9021157]], [[12.3872271, 41.9142232], [12.3868827, 41.9142959]], [[12.387462, 41.9137018], [12.387595, 41.9137863], [12.3876401, 41.9138138], [12.3876967, 41.9138438], [12.3877467, 41.9138697], [12.3877967, 41.9138903], [12.387883, 41.9139189], [12.3879658, 41.913935], [12.3880405, 41.9139459], [12.3881107, 41.9139522], [12.3884087, 41.9139703]], [[12.3884087, 41.9139703], [12.3884971, 41.913953], [12.3885569, 41.9139424]], [[12.3868827, 41.9142959], [12.3866394, 41.914345], [12.3862096, 41.9144462], [12.3857573, 41.9145725], [12.385438, 41.9146723], [12.3853058, 41.9147182]], [[12.4090821, 41.9050718], [12.4088693, 41.9052118], [12.4088209, 41.9052515], [12.4087842, 41.9052887], [12.4087576, 41.9053215], [12.4087388, 41.9053532], [12.4087246, 41.9053888], [12.4087174, 41.9054224], [12.408712, 41.9054521], [12.4087072, 41.9055077], [12.4087011, 41.9055708], [12.408696, 41.905611], [12.4086895, 41.9056532], [12.4086815, 41.9056959], [12.4086712, 41.9057582], [12.4086595, 41.9058318], [12.4086472, 41.9058996], [12.4086339, 41.9059566], [12.40862, 41.9060033], [12.4086026, 41.9060597], [12.4085753, 41.9061245], [12.4085522, 41.9061741], [12.4085234, 41.9062335], [12.4084594, 41.9063392], [12.4083824, 41.9064664], [12.408273, 41.9066651]], [[12.4096873, 41.904425], [12.4098435, 41.9042744], [12.409877, 41.9042417], [12.4099233, 41.9041994], [12.4102147, 41.9039557], [12.4102674, 41.903916], [12.4103202, 41.9038768], [12.4103616, 41.9038406], [12.4103972, 41.9037995], [12.4104225, 41.9037573], [12.4104473, 41.9037188], [12.4104771, 41.9036754], [12.4105046, 41.9036396], [12.4105347, 41.9036056], [12.4105666, 41.9035746], [12.4105981, 41.9035472], [12.4106319, 41.9035185], [12.4106661, 41.9034899], [12.4107, 41.9034629], [12.4107339, 41.903438], [12.4107763, 41.9034137], [12.4108188, 41.9033913], [12.4108737, 41.9033644], [12.4109313, 41.9033392], [12.4110073, 41.9033087], [12.4110683, 41.9032873]], [[12.4088223, 41.9049003], [12.4088593, 41.9048749], [12.4089075, 41.9048475], [12.4089703, 41.9048196], [12.4090484, 41.9047896], [12.4091258, 41.9047609], [12.4091928, 41.9047347], [12.4092584, 41.9047046], [12.4093246, 41.9046677], [12.4093941, 41.9046262], [12.4094668, 41.9045803], [12.4095369, 41.9045338], [12.4096172, 41.9044785], [12.4096873, 41.904425]], [[12.4187868, 41.9036219], [12.4186786, 41.9036212], [12.4185461, 41.9036187]], [[12.3996947, 41.9104782], [12.3996469, 41.9105159], [12.3994596, 41.9106811], [12.3993877, 41.9107489], [12.3993365, 41.9107995]], [[12.4219204, 41.9031566], [12.4218269, 41.9031833], [12.421535, 41.9032666], [12.4212818, 41.9033388]], [[12.3758015, 41.9213126], [12.3758844, 41.9211232], [12.3759198, 41.9210423], [12.3759582, 41.9209737], [12.3759933, 41.920911], [12.3760431, 41.920822], [12.3761443, 41.9206636], [12.3762763, 41.9204571], [12.3763822, 41.9202914], [12.3764631, 41.9201676], [12.3765063, 41.9201106], [12.3766223, 41.9199575], [12.376702, 41.919823], [12.3767128, 41.9198047], [12.3767397, 41.9197555]], [[12.3836224, 41.9151163], [12.3834911, 41.9151116], [12.3834638, 41.9151068], [12.3834446, 41.9151003], [12.3834231, 41.9150882], [12.3834098, 41.9150761], [12.3833936, 41.9150562], [12.3833855, 41.9150384], [12.38338, 41.9150147], [12.3833818, 41.9149971], [12.3833877, 41.914979], [12.3833958, 41.9149662], [12.3834241, 41.9149305]], [[12.3834241, 41.9149305], [12.3836226, 41.9146831], [12.3839376, 41.9142827]], [[12.3856219, 41.9126559], [12.3856858, 41.9126567], [12.3857552, 41.9126574], [12.3858647, 41.9126618], [12.3859826, 41.9126718], [12.3860795, 41.9126854], [12.3861575, 41.9127011], [12.386223, 41.9127192], [12.3862804, 41.9127374], [12.3863388, 41.912759], [12.3863892, 41.9127787], [12.3864827, 41.91282], [12.3865356, 41.9128455], [12.3865832, 41.9128709], [12.3866605, 41.9129173], [12.3867045, 41.912946], [12.3867378, 41.9129707], [12.3868105, 41.9130298], [12.387462, 41.9137018]], [[12.3839795, 41.9150693], [12.3836224, 41.9151163]], [[12.4251301, 41.902165], [12.4247344, 41.9023349], [12.4245231, 41.9024205], [12.4244108, 41.9024659], [12.4243565, 41.9024867], [12.4242897, 41.9025097], [12.4241329, 41.9025611], [12.4240577, 41.9025844]], [[12.3844753, 41.9149888], [12.3842877, 41.9150266], [12.384156, 41.9150471], [12.3839795, 41.9150693]], [[12.3607101, 41.9258309], [12.360998, 41.9257757], [12.3611009, 41.925756]], [[12.3611009, 41.925756], [12.3611848, 41.9257426], [12.3612945, 41.9257211], [12.3613689, 41.9257048]], [[12.3995904, 41.9104414], [12.4001183, 41.9101537], [12.4002992, 41.9100598], [12.4003896, 41.9100143], [12.40048, 41.9099689], [12.4008756, 41.9097889], [12.401013, 41.9097264], [12.4011464, 41.9096654], [12.4013847, 41.9095414], [12.4016061, 41.9094235], [12.4018234, 41.9093148], [12.4019199, 41.9092718], [12.40198, 41.9092445], [12.4020462, 41.9092187], [12.4021583, 41.9091791], [12.402289, 41.9091379], [12.4023687, 41.9091128], [12.4024484, 41.9090876], [12.4026017, 41.9090433], [12.4028098, 41.9089842], [12.4029582, 41.9089468], [12.4032422, 41.9088771], [12.4033857, 41.9088419], [12.4034605, 41.9088258], [12.4035374, 41.9088097], [12.4036414, 41.9087904], [12.4037513, 41.9087702], [12.4038775, 41.9087499], [12.4039949, 41.9087319], [12.4040668, 41.9087229], [12.4041327, 41.908714], [12.4042009, 41.9087049], [12.4042855, 41.9086948], [12.4044024, 41.9086863], [12.4045243, 41.9086778], [12.4046381, 41.9086722], [12.4047387, 41.9086683], [12.4048429, 41.9086654], [12.4051524, 41.9086611], [12.4055743, 41.9086577], [12.405679, 41.9086518], [12.4057633, 41.9086416], [12.4058568, 41.9086284], [12.4059674, 41.9086108], [12.4060922, 41.9085856], [12.4062259, 41.9085536], [12.4063145, 41.9085266], [12.406371, 41.9085063], [12.4064193, 41.9084875], [12.4065041, 41.9084443], [12.4065827, 41.9084012], [12.4066986, 41.9083375], [12.4068095, 41.9082717], [12.4068781, 41.9082297], [12.4069386, 41.9081893], [12.4070158, 41.9081334], [12.4070809, 41.908079], [12.4071799, 41.9079958], [12.4073263, 41.9078511], [12.4074464, 41.9077245], [12.4075161, 41.9076466], [12.4075855, 41.9075725], [12.4076548, 41.9074989], [12.407708, 41.9074403], [12.4077349, 41.9074077], [12.4077561, 41.9073812], [12.4077924, 41.9073323]], [[12.3588322, 41.9274271], [12.3588401, 41.9272201], [12.3588468, 41.9271933], [12.3588549, 41.9271729], [12.3588687, 41.9271472], [12.3589014, 41.9271014], [12.3589484, 41.9270482], [12.3589841, 41.9270084], [12.359188, 41.9267719]], [[12.3675893, 41.9233525], [12.3676385, 41.9233269], [12.3678415, 41.9232214], [12.3679631, 41.9231612], [12.3680723, 41.9231089], [12.3681282, 41.9230821], [12.3682698, 41.9230179], [12.3684129, 41.9229556], [12.3685598, 41.9228951], [12.3686222, 41.9228704], [12.3687219, 41.9228342], [12.3693842, 41.9226187], [12.3699642, 41.9224676], [12.3705073, 41.9223829], [12.3705945, 41.922368], [12.3707769, 41.9223367]], [[12.4080193, 41.906873], [12.4082432, 41.9064899], [12.408331, 41.9063453], [12.4084023, 41.9062222], [12.4084349, 41.9061659], [12.408461, 41.9061125], [12.4084787, 41.9060734], [12.4084933, 41.9060409], [12.4085147, 41.9059758], [12.4085277, 41.9059374], [12.4085428, 41.9058729], [12.4085549, 41.9058201], [12.4085612, 41.905778], [12.4085647, 41.9057294], [12.4085663, 41.9056785], [12.4085645, 41.9056294], [12.4085595, 41.9055661], [12.40855, 41.9055029], [12.4085473, 41.9054657], [12.4085433, 41.9054255], [12.4085445, 41.9053809], [12.4085506, 41.9053443], [12.4085606, 41.9053044], [12.4085739, 41.9052673], [12.4085885, 41.9052307], [12.4086085, 41.9051871], [12.4086299, 41.9051466], [12.4086506, 41.9051106], [12.4086772, 41.9050626], [12.408702, 41.9050188], [12.4087297, 41.9049773], [12.4087531, 41.904953], [12.4087771, 41.904933], [12.4088223, 41.9049003]], [[12.4080943, 41.9070246], [12.4080517, 41.9071115], [12.4080004, 41.9072054], [12.4079815, 41.9072367], [12.4079627, 41.9072689], [12.4079397, 41.9073042], [12.4079086, 41.9073475], [12.4078787, 41.9073832], [12.4078479, 41.9074185], [12.4078219, 41.9074492], [12.4077547, 41.9075264], [12.4075313, 41.9077661], [12.4072987, 41.9080036], [12.4072507, 41.9080499], [12.4071967, 41.9080962], [12.4071354, 41.908145], [12.407074, 41.9081938], [12.4069795, 41.9082601], [12.4068921, 41.9083158], [12.4068201, 41.9083582], [12.406742, 41.9084036], [12.4066322, 41.9084656], [12.4065192, 41.9085268], [12.4064234, 41.9085655], [12.4063174, 41.9086043], [12.40621, 41.9086345], [12.4061026, 41.9086603], [12.4060385, 41.9086746], [12.4059664, 41.908689], [12.4058627, 41.9087057], [12.4057418, 41.9087192], [12.4056149, 41.9087267], [12.4054755, 41.90873], [12.4053341, 41.9087304], [12.4052677, 41.9087306], [12.405017, 41.9087315], [12.4048716, 41.9087344], [12.4047385, 41.9087403], [12.4045824, 41.9087495], [12.4045115, 41.908754]], [[12.3991721, 41.9107772], [12.3992707, 41.9106819]], [[12.3992707, 41.9106819], [12.3993363, 41.9106237], [12.3993958, 41.9105751], [12.3994423, 41.910538], [12.3994887, 41.9105053], [12.3995904, 41.9104414]], [[12.3993365, 41.9107995], [12.3992309, 41.9108884]], [[12.3992309, 41.9108884], [12.3991491, 41.910946], [12.3990898, 41.9109834], [12.3989788, 41.9110526], [12.3988859, 41.9111063], [12.398798, 41.9111502], [12.3987604, 41.9111674], [12.3987186, 41.9111846], [12.3986331, 41.9112157], [12.3985334, 41.9112491]], [[12.3985334, 41.9112491], [12.3984708, 41.9112629], [12.3984022, 41.9112767], [12.3982649, 41.9112998], [12.3981888, 41.9113101], [12.3981189, 41.9113173], [12.3980252, 41.9113238], [12.3979194, 41.9113273], [12.3978124, 41.9113282], [12.3977304, 41.9113267], [12.3976216, 41.9113225], [12.3975537, 41.9113183], [12.3974566, 41.9113114], [12.3973785, 41.911303], [12.3973045, 41.9112931], [12.3971993, 41.9112782], [12.3970929, 41.9112589], [12.3969702, 41.9112352], [12.3968369, 41.9112043], [12.3967168, 41.9111717], [12.3966021, 41.9111392], [12.3962097, 41.9110247], [12.3958456, 41.9109195], [12.3957406, 41.9108927], [12.3956517, 41.9108725], [12.3955575, 41.9108523], [12.3953647, 41.9108159], [12.3952142, 41.9107932], [12.3950797, 41.9107757], [12.3949696, 41.9107629], [12.3948635, 41.9107546], [12.39475, 41.9107474], [12.3946134, 41.9107421], [12.3944961, 41.9107412], [12.394374, 41.9107425], [12.394268, 41.9107446], [12.3941741, 41.9107482], [12.3940737, 41.910755], [12.3938777, 41.9107743]], [[12.3989142, 41.9109778], [12.3990493, 41.910878], [12.3990983, 41.9108392], [12.3991721, 41.9107772]], [[12.4098272, 41.9046109], [12.4095872, 41.9047575], [12.4091467, 41.9050343], [12.4090821, 41.9050718]], [[12.4259103, 41.901861], [12.4259476, 41.9018428], [12.4259673, 41.9018333], [12.4261216, 41.9017642], [12.4262057, 41.9017232], [12.4262597, 41.9016944], [12.4266114, 41.9015028]], [[12.4100668, 41.9044683], [12.4098272, 41.9046109]], [[12.3934777, 41.9108126], [12.3933295, 41.9108309], [12.3932199, 41.9108476], [12.3931227, 41.9108657], [12.3930561, 41.9108795], [12.3929886, 41.9108954], [12.3929118, 41.9109162], [12.3928429, 41.9109384], [12.3927603, 41.9109719], [12.3927041, 41.9109977], [12.392647, 41.9110276], [12.3925692, 41.911074], [12.3925294, 41.9110989], [12.3924896, 41.9111278], [12.3924306, 41.9111731], [12.3923869, 41.9112122], [12.3923513, 41.9112506], [12.3922971, 41.9113103], [12.3922395, 41.9113805], [12.3921207, 41.9115344], [12.3920119, 41.9116647], [12.3919763, 41.9117035], [12.3919302, 41.9117503], [12.3918795, 41.9117966], [12.3918288, 41.9118389], [12.391708, 41.9119417]], [[12.4045115, 41.908754], [12.4044557, 41.9087574], [12.4043938, 41.9087616], [12.4042985, 41.90877]], [[12.4042985, 41.90877], [12.4042144, 41.9087775], [12.4040715, 41.908796], [12.4039225, 41.9088175], [12.4037937, 41.9088387], [12.403675, 41.9088598], [12.4035616, 41.9088824], [12.403148, 41.908979], [12.4029802, 41.9090197], [12.4028426, 41.9090558], [12.4027718, 41.9090733], [12.4026401, 41.9091074], [12.4024992, 41.9091485], [12.4023695, 41.9091858], [12.4022624, 41.9092209], [12.4021562, 41.9092584], [12.4020501, 41.9093003], [12.401944, 41.9093468], [12.401218, 41.9097056], [12.4008922, 41.9098568], [12.4005411, 41.9100235], [12.4003667, 41.9101064], [12.4002046, 41.9101892], [12.4001387, 41.9102269], [12.3999275, 41.9103413], [12.3998235, 41.9103985], [12.3997265, 41.9104557], [12.3996947, 41.9104782]], [[12.3938777, 41.9107743], [12.3937073, 41.9107902], [12.3934777, 41.9108126]], [[12.3839376, 41.9142827], [12.3841518, 41.9140794], [12.3842494, 41.9139906], [12.3845728, 41.9136963], [12.3846584, 41.9136096], [12.3846987, 41.9135587], [12.3847314, 41.9135096], [12.3847554, 41.9134651], [12.3847793, 41.9134172], [12.3848026, 41.9133605], [12.3848241, 41.9133029], [12.384854, 41.913213], [12.3848799, 41.9131174]], [[12.3897544, 41.9134583], [12.3896926, 41.9135044], [12.3896256, 41.9135504], [12.3895585, 41.9135965], [12.3894879, 41.9136425], [12.3894207, 41.9136847], [12.3893751, 41.9137097], [12.3893249, 41.9137348], [12.3892862, 41.9137523], [12.3892367, 41.9137733], [12.3891897, 41.9137885], [12.3891319, 41.9138048]], [[12.391708, 41.9119417], [12.3909797, 41.9125394], [12.3905899, 41.9128242], [12.3901854, 41.9131162]], [[12.3901854, 41.9131162], [12.3897544, 41.9134583]], [[12.3913822, 41.9121033], [12.3914762, 41.9120255], [12.3915971, 41.9119224], [12.3917456, 41.9117953], [12.391821, 41.9117317], [12.391896, 41.9116626], [12.3919386, 41.9116157], [12.391974, 41.9115715], [12.392045, 41.9114831], [12.3922167, 41.9112715], [12.3922865, 41.9111931], [12.3923307, 41.9111509], [12.3923581, 41.9111256], [12.3923909, 41.9110963], [12.3924371, 41.9110605], [12.3924939, 41.9110213], [12.3925658, 41.9109785], [12.3926358, 41.9109396]], [[12.3674405, 41.9234602], [12.3675893, 41.9233525]], [[12.4163791, 41.9035017], [12.4162214, 41.903494], [12.4161298, 41.903488], [12.4160465, 41.903482], [12.4158215, 41.9034652], [12.415584, 41.9034425], [12.4154989, 41.9034327], [12.415403, 41.9034194], [12.4153353, 41.903408], [12.4152713, 41.9033949], [12.4151932, 41.9033774], [12.4150939, 41.9033534], [12.4149469, 41.9033137], [12.4147003, 41.9032396], [12.4143959, 41.9031419], [12.414186, 41.9030797], [12.4140873, 41.9030517], [12.4139373, 41.9030197], [12.4138267, 41.9030042], [12.4136586, 41.9029891], [12.4135434, 41.9029849], [12.4134104, 41.9029853], [12.4130835, 41.9029992]], [[12.3934618, 41.9107464], [12.3937824, 41.910713], [12.3942608, 41.91067], [12.3945989, 41.9106524], [12.3948465, 41.9106441], [12.3949393, 41.9106414], [12.3950017, 41.9106423], [12.3950553, 41.9106451], [12.395097, 41.9106503], [12.3951598, 41.9106578], [12.3952251, 41.9106678], [12.3952797, 41.9106778], [12.3953702, 41.9106996], [12.3954484, 41.9107214], [12.3958739, 41.9108428], [12.3963122, 41.910979], [12.3966798, 41.9110882], [12.3968013, 41.9111238], [12.3969335, 41.9111595], [12.3970066, 41.911176], [12.3970868, 41.9111925], [12.3971533, 41.9112051], [12.3972251, 41.9112164], [12.3973844, 41.9112355], [12.3975073, 41.911246], [12.3976471, 41.9112559], [12.3977959, 41.9112606], [12.3979371, 41.9112585], [12.3980759, 41.9112478], [12.3981543, 41.9112389], [12.3982265, 41.9112289], [12.3983277, 41.9112109], [12.3983907, 41.9111974], [12.3984528, 41.9111815], [12.3985381, 41.9111557], [12.3986152, 41.9111298], [12.3986908, 41.9111016], [12.3987542, 41.9110735], [12.3987966, 41.9110516], [12.3988319, 41.9110306], [12.3988781, 41.9110012], [12.3989142, 41.9109778]], [[12.362811, 41.9253122], [12.363031, 41.9252896], [12.3632028, 41.9252715], [12.3633858, 41.9252509], [12.3635603, 41.9252301], [12.3636983, 41.925206], [12.3638403, 41.925165], [12.3639746, 41.9251177], [12.364082, 41.9250679], [12.3641734, 41.9250141], [12.3645125, 41.924744], [12.3647644, 41.9245542], [12.3648145, 41.9245246], [12.3648726, 41.9244931], [12.3649213, 41.9244715], [12.3649551, 41.9244602], [12.3649834, 41.9244509], [12.3650202, 41.9244423], [12.3650544, 41.9244347], [12.3650912, 41.9244296], [12.3651253, 41.9244255], [12.3652342, 41.9244176], [12.3654876, 41.9244149], [12.3655923, 41.9244084], [12.3657096, 41.9243972], [12.3658172, 41.9243818], [12.3659113, 41.9243634], [12.3660587, 41.924328], [12.3661177, 41.9243117], [12.3661747, 41.9242939], [12.3662209, 41.9242776], [12.3662539, 41.9242643], [12.3663877, 41.9241969], [12.3667399, 41.9239802], [12.3670482, 41.9237385], [12.367411, 41.9234811], [12.3674405, 41.9234602]], [[12.408273, 41.9066651], [12.408203, 41.9067922], [12.4080943, 41.9070246]], [[12.4285256, 41.9000375], [12.4285725, 41.8999778], [12.4285979, 41.8999469]], [[12.4285979, 41.8999469], [12.42914, 41.8992], [12.4291726, 41.899145], [12.4292182, 41.8990701], [12.4292671, 41.8989847], [12.4293109, 41.8989039], [12.4293952, 41.8987317], [12.4294182, 41.8986806], [12.4294817, 41.8985676]], [[12.3887508, 41.9139066], [12.3885569, 41.9139424]], [[12.4110683, 41.9032873], [12.4111765, 41.9032568], [12.4112697, 41.9032354], [12.411345, 41.9032202], [12.4116509, 41.9031734]], [[12.3891319, 41.9138048], [12.3890614, 41.9138312], [12.3890239, 41.9138431], [12.3889787, 41.9138562], [12.3889109, 41.9138734], [12.3888324, 41.91389], [12.3887508, 41.9139066]], [[12.4130835, 41.9029992], [12.4129945, 41.9030072], [12.4123226, 41.9030775], [12.4119513, 41.9031232], [12.4118075, 41.903144], [12.4116509, 41.9031734]], [[12.4276872, 41.9008452], [12.4278939, 41.9006867], [12.4279612, 41.9006276], [12.4280788, 41.900525]], [[12.4252652, 41.9021157], [12.4251706, 41.9021509], [12.4251301, 41.902165]], [[12.4240577, 41.9025844], [12.4238082, 41.9026541], [12.4235637, 41.9027197], [12.4234516, 41.9027499], [12.4228191, 41.9029182], [12.4220617, 41.9031178], [12.4219204, 41.9031566]], [[12.4079064, 41.9070887], [12.4080193, 41.906873]], [[12.4077924, 41.9073323], [12.4078247, 41.9072848], [12.4078481, 41.9072414], [12.4078598, 41.907212], [12.4078761, 41.9071747], [12.4079064, 41.9070887]], [[12.3796842, 41.9157233], [12.3797813, 41.915725], [12.3798844, 41.9157268], [12.3799411, 41.9157162], [12.3801212, 41.9156865], [12.3811076, 41.9155074], [12.3813477, 41.9154617]], [[12.3598437, 41.9261423], [12.3599586, 41.9260879], [12.3600851, 41.9260338], [12.3602347, 41.9259733], [12.36031, 41.9259463], [12.3603898, 41.9259166], [12.3604711, 41.9258916], [12.3605581, 41.9258658], [12.3607101, 41.9258309]], [[12.359188, 41.9267719], [12.3592293, 41.9267186], [12.3594858, 41.9263957], [12.3595959, 41.9262965], [12.3596554, 41.9262554], [12.3597218, 41.9262116], [12.3598437, 41.9261423]], [[12.3851527, 41.9147752], [12.3848986, 41.9148585]], [[12.3078213, 41.9639016], [12.307893, 41.963747]], [[12.3848986, 41.9148585], [12.3846768, 41.9149343]], [[12.4280788, 41.900525], [12.4281504, 41.900454], [12.4281987, 41.9004071], [12.4282484, 41.9003558], [12.4283021, 41.9002964], [12.4284144, 41.9001711], [12.4285256, 41.9000375]], [[12.3795783, 41.9160358], [12.379438, 41.9161101], [12.3793749, 41.916183], [12.3793079, 41.9162667], [12.3789813, 41.9166209], [12.3788581, 41.916861]], [[12.3789852, 41.91651], [12.3792495, 41.916233], [12.379272, 41.916194], [12.379283, 41.9161661], [12.3792809, 41.9161233], [12.3792751, 41.9160836], [12.379248, 41.9160494], [12.379211, 41.9160104]], [[12.3772683, 41.9195151], [12.3771841, 41.9195636], [12.377104, 41.9196167], [12.3770636, 41.9196427], [12.3769502, 41.9197251], [12.3768987, 41.9197719], [12.3768168, 41.9198598], [12.3766733, 41.9200472]], [[12.3775926, 41.9187465], [12.3776361, 41.9187101], [12.3779389, 41.9184138], [12.378078, 41.9181695], [12.3781264, 41.9180844], [12.3781831, 41.9179745], [12.3782748, 41.9178183], [12.3784312, 41.9175554], [12.3785389, 41.9173559], [12.3786677, 41.9170917], [12.3788543, 41.9166893], [12.3789852, 41.91651]], [[12.3788581, 41.916861], [12.3787038, 41.9171611], [12.3785966, 41.9173887], [12.3784714, 41.917606], [12.3782643, 41.9179557], [12.3782042, 41.9180868], [12.3780573, 41.9183465], [12.3779875, 41.91845], [12.3777757, 41.9186589], [12.3777059, 41.9187436], [12.377661, 41.9188245], [12.3776322, 41.9188953], [12.3776282, 41.9189812]], [[12.3761834, 41.9207346], [12.3759715, 41.9210962], [12.3758015, 41.9213126]], [[12.3836224, 41.9151163], [12.3832909, 41.9151699], [12.3832654, 41.9151745], [12.3814434, 41.915506], [12.3801472, 41.9157562], [12.379907, 41.9158209], [12.3798168, 41.9158583], [12.3797102, 41.9159133]], [[12.3773434, 41.9188999], [12.3774584, 41.9188686], [12.3775131, 41.9188344], [12.3775926, 41.9187465]], [[12.3757628, 41.9213688], [12.3758015, 41.9213126]], [[12.4212818, 41.9033388], [12.4212049, 41.9033558], [12.4211264, 41.9033705]], [[12.4209345, 41.9033993], [12.4207864, 41.9034185], [12.4203676, 41.9034763], [12.4197425, 41.9035546], [12.419602, 41.9035726], [12.4194526, 41.9035873], [12.4192733, 41.9036003], [12.4191649, 41.9036079], [12.4190503, 41.9036135], [12.4190477, 41.9036136], [12.4189279, 41.9036191], [12.4188514, 41.9036208], [12.4187868, 41.9036219]], [[12.4211264, 41.9033705], [12.4210316, 41.9033857], [12.4209345, 41.9033993]], [[12.3853058, 41.9147182], [12.3851527, 41.9147752]], [[12.3846768, 41.9149343], [12.3844753, 41.9149888]], [[12.3854063, 41.912679], [12.3854985, 41.9126639], [12.3855827, 41.9126558], [12.3856219, 41.9126559]], [[12.3926358, 41.9109396], [12.3927099, 41.9109045], [12.3927661, 41.9108796], [12.3928286, 41.9108548], [12.3928811, 41.9108381], [12.3929335, 41.9108243], [12.3930002, 41.9108103], [12.3930704, 41.9107963], [12.3931176, 41.9107889], [12.393162, 41.910782], [12.3932484, 41.9107709], [12.3933165, 41.9107624], [12.3934618, 41.9107464]], [[12.3766733, 41.9200472], [12.3765419, 41.9202083], [12.3764522, 41.9203223]], [[12.3764522, 41.9203223], [12.3762419, 41.9206418], [12.3761834, 41.9207346]], [[12.3613689, 41.9257048], [12.3614542, 41.9256818], [12.3615068, 41.925666], [12.3617149, 41.9256039], [12.361797, 41.9255793], [12.3621271, 41.9254822], [12.3623815, 41.9254089], [12.3625516, 41.9253642], [12.362811, 41.9253122]], [[12.3588289, 41.9275119], [12.3588322, 41.9274271]], [[12.3767397, 41.9197555], [12.376771, 41.9197095], [12.3768062, 41.9196579], [12.3768685, 41.9195963], [12.3769326, 41.9195327], [12.3769535, 41.9195121], [12.3769799, 41.9194793], [12.3770043, 41.9194401], [12.377012, 41.9194127], [12.377018, 41.9193863]], [[12.3727113, 41.9219011], [12.3728507, 41.9219764], [12.3730708, 41.9220839], [12.3731307, 41.9221072], [12.3731865, 41.9221276], [12.373243, 41.922143], [12.3732956, 41.9221555], [12.3733467, 41.9221649], [12.3734006, 41.9221704], [12.3734595, 41.9221746], [12.373521, 41.9221768], [12.3735859, 41.922178], [12.3736468, 41.9221782], [12.3737084, 41.9221766], [12.3737661, 41.922174], [12.3739956, 41.922157], [12.3740762, 41.9221479], [12.3741542, 41.9221367], [12.3742125, 41.9221275], [12.3742681, 41.9221164], [12.3743358, 41.9221008], [12.3743954, 41.9220853], [12.3744994, 41.9220545], [12.3745825, 41.9220257], [12.374663, 41.921995], [12.374897, 41.9218893], [12.3752278, 41.9217399], [12.3754299, 41.921643], [12.3754945, 41.9216012], [12.3755523, 41.9215623], [12.3755904, 41.9215369], [12.3756488, 41.92149], [12.3756986, 41.9214411], [12.3757628, 41.9213688]], [[12.3707769, 41.9223367], [12.3709041, 41.9223094], [12.3709841, 41.9222835], [12.371331, 41.9221424], [12.371656, 41.9219748], [12.3717534, 41.9219294], [12.3719532, 41.9218364], [12.3720253, 41.9218117], [12.37206, 41.9218014], [12.3720933, 41.9217921], [12.3721354, 41.9217842], [12.3721761, 41.9217774], [12.3722108, 41.9217738], [12.3722589, 41.9217697], [12.3723226, 41.9217696], [12.3723876, 41.9217755], [12.3724319, 41.921784], [12.3724683, 41.9217945], [12.3725099, 41.921808], [12.3725516, 41.9218235], [12.3725955, 41.9218419], [12.3726394, 41.9218623], [12.3727113, 41.9219011]]]}}, {"type": "Feature", "properties": {"id": "SS-ROM-0796", "nome": "Largo Andrea Barbazza", "quartiere": "Municipio Roma XIII", "classificazione": "giallo", "score": 3, "note": "strada urbana senza ciclabile (1 corsie)", "ciclabile": "no", "n_corsie": "1", "senso_unico": "si", "n_testimonianze": "0", "municipio": "XIII"}, "geometry": {"type": "MultiLineString", "coordinates": [[[12.4114358, 41.9203749], [12.4118285, 41.92028], [12.4118804, 41.9202742], [12.4119342, 41.9202758], [12.4119716, 41.9202879], [12.4120109, 41.9203124], [12.412036, 41.9203365], [12.4120684, 41.9203715], [12.4122897, 41.9206308], [12.4123814, 41.92074]], [[12.4115498, 41.9204331], [12.4117545, 41.9206187], [12.4118093, 41.9206004], [12.4120207, 41.9208659], [12.4120331, 41.9208814], [12.4122969, 41.9207714], [12.4122563, 41.9207192], [12.4119938, 41.9203816], [12.4119634, 41.9203418], [12.4119256, 41.9203226], [12.4118757, 41.9203198], [12.4117798, 41.9203459], [12.411574, 41.920396], [12.4115417, 41.9203624], [12.4115214, 41.9203713], [12.4115177, 41.9203926], [12.4115177, 41.9204077], [12.4115498, 41.9204331]]]}}, {"type": "Feature", "properties": {"id": "SS-ROM-0822", "nome": "Largo Beata Teresa Verzeri", "quartiere": "Municipio Roma XIII", "classificazione": "giallo", "score": 3, "note": "strada urbana senza ciclabile (2 corsie)", "ciclabile": "no", "n_corsie": "2", "senso_unico": "no", "n_testimonianze": "0", "municipio": "XIII"}, "geometry": {"type": "MultiLineString", "coordinates": [[[12.3958873, 41.9122187], [12.3957326, 41.9124005], [12.3955596, 41.9126027]], [[12.3947162, 41.9116359], [12.3945507, 41.9117252], [12.3945159, 41.9118024], [12.3957326, 41.9124005]], [[12.3944464, 41.9116851], [12.3944531, 41.9118318], [12.3956264, 41.9124396], [12.3957562, 41.9122917], [12.3952741, 41.9120505], [12.395033, 41.9119238], [12.3949183, 41.9118557], [12.3948107, 41.9117875], [12.3947597, 41.9117478], [12.3946912, 41.9116838], [12.394629, 41.9115978], [12.3944464, 41.9116851]]]}}, {"type": "Feature", "properties": {"id": "SS-ROM-0828", "nome": "Largo Bernardino Cirillo", "quartiere": "Municipio Roma XIII", "classificazione": "giallo", "score": 3, "note": "strada urbana senza ciclabile (2 corsie)", "ciclabile": "no", "n_corsie": "2", "senso_unico": "no", "n_testimonianze": "0", "municipio": "XIII"}, "geometry": {"type": "MultiLineString", "coordinates": [[[12.3911292, 41.9062284], [12.3911452, 41.9062531], [12.3911269, 41.9064195], [12.3911114, 41.9064398], [12.3910802, 41.9064471], [12.3908468, 41.9064439], [12.3908228, 41.9064369], [12.3908149, 41.906418], [12.3908186, 41.9062646], [12.3908306, 41.9062285], [12.3908776, 41.906211], [12.3910145, 41.9062128], [12.3911029, 41.9062132], [12.3911292, 41.9062284]], [[12.3907408, 41.9064378], [12.3907562, 41.9062132], [12.3908166, 41.9061608], [12.3911418, 41.9061568], [12.3912229, 41.9062027], [12.3911948, 41.9064402], [12.391117, 41.9065031], [12.3907958, 41.9064971], [12.3907408, 41.9064378]]]}}, {"type": "Feature", "properties": {"id": "SS-ROM-0850", "nome": "Largo Carlo Sacconi", "quartiere": "Municipio Roma XIII", "classificazione": "giallo", "score": 3, "note": "strada urbana senza ciclabile (2 corsie)", "ciclabile": "no", "n_corsie": "2", "senso_unico": "si", "n_testimonianze": "0", "municipio": "XIII"}, "geometry": {"type": "MultiLineString", "coordinates": [[[12.409969, 41.9142893], [12.4101949, 41.9142505], [12.4103576, 41.9142571], [12.4104397, 41.9142605]], [[12.4100506, 41.9131461], [12.4101111, 41.9131865], [12.4101394, 41.9132391], [12.4101358, 41.913454], [12.4101331, 41.9136849], [12.4101633, 41.9140991], [12.4101949, 41.9142505]], [[12.4099081, 41.914107], [12.4101633, 41.9140991]], [[12.4101358, 41.913454], [12.4103263, 41.913454], [12.4103576, 41.9142571]], [[12.4101237, 41.9142196], [12.4104536, 41.914229], [12.4104159, 41.9134131], [12.4101143, 41.9134038], [12.4101111, 41.9134844], [12.4100829, 41.9134832], [12.4100876, 41.9140209], [12.4101237, 41.9142196]]]}}, {"type": "Feature", "properties": {"id": "SS-ROM-0861", "nome": "Largo Cesare Vigna", "quartiere": "Municipio Roma XIII", "classificazione": "giallo", "score": 3, "note": "strada urbana senza ciclabile", "ciclabile": "no", "n_corsie": "2", "senso_unico": "no", "n_testimonianze": "0", "municipio": "XIII"}, "geometry": {"type": "LineString", "coordinates": [[12.4114925, 41.9251899], [12.4113547, 41.925177], [12.4113277, 41.9253156]]}}, {"type": "Feature", "properties": {"id": "SS-ROM-0893", "nome": "Largo Edoardo Giuseppe Flanagan", "quartiere": "Municipio Roma XIII", "classificazione": "giallo", "score": 3, "note": "strada urbana senza ciclabile (2 corsie)", "ciclabile": "no", "n_corsie": "2", "senso_unico": "no", "n_testimonianze": "0", "municipio": "XIII"}, "geometry": {"type": "MultiLineString", "coordinates": [[[12.3981861, 41.9151328], [12.3982241, 41.9150756], [12.3982544, 41.9149426], [12.3982941, 41.9148201], [12.3984899, 41.914543], [12.3981768, 41.9144265]], [[12.3981861, 41.9151328], [12.3981026, 41.9150987], [12.3978929, 41.9150158], [12.3982249, 41.914551], [12.3981768, 41.9144265]], [[12.3982249, 41.914551], [12.3983318, 41.9145928], [12.3981973, 41.9147834], [12.3981677, 41.9148253], [12.3981026, 41.9150987]], [[12.3982941, 41.9148201], [12.3981973, 41.9147834]], [[12.3980956, 41.9151732], [12.3978299, 41.9150632], [12.3978895, 41.9149763], [12.3978505, 41.9149584], [12.3981391, 41.9145639], [12.3981299, 41.9144455], [12.3984402, 41.9145631], [12.3982524, 41.9148323], [12.3981769, 41.9150641], [12.3980956, 41.9151732]]]}}, {"type": "Feature", "properties": {"id": "SS-ROM-0915", "nome": "Largo Federico Borromeo", "quartiere": "Municipio Roma XIII", "classificazione": "blu", "score": 2, "note": "zona pedonale / living street", "ciclabile": "no", "n_corsie": "1", "senso_unico": "no", "n_testimonianze": "0", "municipio": "XIII"}, "geometry": {"type": "LineString", "coordinates": [[12.4155648, 41.9188645], [12.4155423, 41.9186964], [12.415516, 41.9184993], [12.415316, 41.918513], [12.4152312, 41.918513], [12.4152433, 41.9185956], [12.4152621, 41.9187234], [12.4152767, 41.9188229], [12.4152868, 41.9188914], [12.4153926, 41.9188812], [12.4155648, 41.9188645]]}}, {"type": "Feature", "properties": {"id": "SS-ROM-0983", "nome": "Largo Gregorio Tredicesimo", "quartiere": "Municipio Roma XIII", "classificazione": "giallo", "score": 3, "note": "strada urbana senza ciclabile (2 corsie)", "ciclabile": "no", "n_corsie": "2", "senso_unico": "si", "n_testimonianze": "0", "municipio": "XIII"}, "geometry": {"type": "MultiLineString", "coordinates": [[[12.4187868, 41.9036219], [12.418795, 41.903712], [12.4188222, 41.9039491], [12.4186015, 41.9039683]], [[12.4186015, 41.9039683], [12.4185525, 41.9037173], [12.4185507, 41.9037033], [12.4185461, 41.9036187]], [[12.4184691, 41.9036148], [12.4184757, 41.903698], [12.4184824, 41.9037188], [12.4185037, 41.903981], [12.4185185, 41.9040271], [12.4185828, 41.9040349], [12.41886, 41.9040244], [12.4188868, 41.9040222], [12.41886, 41.9037106], [12.418858, 41.9036893], [12.4188514, 41.9036208], [12.4187868, 41.9036219], [12.4186786, 41.9036212], [12.4185461, 41.9036187], [12.4184691, 41.9036148]]]}}, {"type": "Feature", "properties": {"id": "SS-ROM-1011", "nome": "Largo Lorenzo Mossa", "quartiere": "Municipio Roma XIII", "classificazione": "giallo", "score": 3, "note": "strada urbana senza ciclabile", "ciclabile": "no", "n_corsie": "2", "senso_unico": "no", "n_testimonianze": "0", "municipio": "XIII"}, "geometry": {"type": "LineString", "coordinates": [[12.4196028, 41.8934921], [12.4195478, 41.893508], [12.4194928, 41.893532], [12.4194165, 41.893577], [12.4193455, 41.89363], [12.4191975, 41.8935165], [12.4192438, 41.893472], [12.4193284, 41.8933765], [12.4193751, 41.893319]]}}, {"type": "Feature", "properties": {"id": "SS-ROM-1014", "nome": "Largo Luciano Tavazza", "quartiere": "Municipio Roma XIII", "classificazione": "giallo", "score": 3, "note": "strada urbana senza ciclabile (2 corsie)", "ciclabile": "no", "n_corsie": "2", "senso_unico": "si", "n_testimonianze": "0", "municipio": "XIII"}, "geometry": {"type": "MultiLineString", "coordinates": [[[12.4042774, 41.9145059], [12.404248, 41.914492], [12.4042166, 41.9144701], [12.4041971, 41.9144518], [12.4041742, 41.914426], [12.4041371, 41.9143781], [12.4040782, 41.9142967]], [[12.4040782, 41.9142967], [12.4042029, 41.9142958], [12.4042372, 41.9142982], [12.404267, 41.9143032], [12.4043023, 41.9143116], [12.4043388, 41.9143201], [12.4043637, 41.9143272], [12.4044399, 41.9143497]]]}}, {"type": "Feature", "properties": {"id": "SS-ROM-1040", "nome": "Largo Mombasiglio", "quartiere": "Municipio Roma XIII", "classificazione": "giallo", "score": 3, "note": "strada urbana senza ciclabile (2 corsie)", "ciclabile": "no", "n_corsie": "2", "senso_unico": "si", "n_testimonianze": "0", "municipio": "XIII"}, "geometry": {"type": "MultiLineString", "coordinates": [[[12.365567, 41.910182], [12.3654771, 41.910205], [12.3652144, 41.9102039]], [[12.3652144, 41.9102039], [12.3651107, 41.9102041]], [[12.3652833, 41.9100957], [12.3654212, 41.9100496]], [[12.3652144, 41.9102039], [12.3652189, 41.9101406], [12.3652833, 41.9100957]], [[12.3651713, 41.9099202], [12.3652725, 41.9099096]], [[12.3651107, 41.9102041], [12.3651488, 41.9100544], [12.3651713, 41.9099202]]]}}, {"type": "Feature", "properties": {"id": "SS-ROM-1049", "nome": "Largo Nella Mortara", "quartiere": "Municipio Roma XIII", "classificazione": "giallo", "score": 3, "note": "strada urbana senza ciclabile (1 corsie)", "ciclabile": "no", "n_corsie": "1", "senso_unico": "si", "n_testimonianze": "0", "municipio": "XIII"}, "geometry": {"type": "MultiLineString", "coordinates": [[[12.4139638, 41.9249833], [12.4139505, 41.924998], [12.4139332, 41.9250128], [12.4138929, 41.9250388], [12.4138396, 41.9250703], [12.4137988, 41.9250881], [12.4137641, 41.9250998], [12.4137406, 41.9251055], [12.413711, 41.9251097]], [[12.4141287, 41.9251542], [12.4140537, 41.925196], [12.4138968, 41.9252847], [12.4137472, 41.9251422], [12.413711, 41.9251097], [12.4134764, 41.9248994], [12.413588, 41.9248343], [12.4136565, 41.9247953], [12.4137345, 41.924749]], [[12.4134357, 41.9249381], [12.413639, 41.9251329], [12.413665, 41.9251544], [12.4138846, 41.9253615], [12.4140715, 41.9252422], [12.4140912, 41.9252296], [12.4141597, 41.9251859], [12.4142282, 41.9251422], [12.4142374, 41.9251363], [12.4140483, 41.9249509], [12.4140285, 41.9249254], [12.4139826, 41.9248823], [12.4139451, 41.9248471], [12.4138992, 41.9248029], [12.4137965, 41.924704], [12.4137676, 41.9246868], [12.4137049, 41.92472], [12.4136228, 41.9247634], [12.4134372, 41.9248616], [12.4134523, 41.9248984], [12.4134569, 41.9249097], [12.4134357, 41.9249381]]]}}, {"type": "Feature", "properties": {"id": "SS-ROM-1094", "nome": "Largo Re Ina", "quartiere": "Municipio Roma XIII", "classificazione": "giallo", "score": 3, "note": "strada urbana senza ciclabile (1 corsie)", "ciclabile": "no", "n_corsie": "1", "senso_unico": "si", "n_testimonianze": "0", "municipio": "XIII"}, "geometry": {"type": "MultiLineString", "coordinates": [[[12.3931948, 41.9034329], [12.3932589, 41.9035396], [12.3932714, 41.9035629], [12.3932825, 41.9035861], [12.3932853, 41.9035929], [12.3932879, 41.9035998], [12.3932923, 41.903614], [12.3932953, 41.9036277], [12.3932973, 41.9036425], [12.3932979, 41.9036573], [12.393297, 41.9036722], [12.3932945, 41.903685], [12.3932907, 41.9036979], [12.3932809, 41.9037223], [12.393271, 41.9037466]], [[12.3930567, 41.903744], [12.3931635, 41.9034003], [12.3932424, 41.9034159], [12.393572, 41.9034809], [12.3934357, 41.903825], [12.3932974, 41.9037954], [12.3932098, 41.9037767], [12.3930567, 41.903744]]]}}, {"type": "Feature", "properties": {"id": "SS-ROM-1161", "nome": "Largo Zola", "quartiere": "Municipio Roma XIII", "classificazione": "giallo", "score": 3, "note": "strada urbana senza ciclabile", "ciclabile": "no", "n_corsie": "2", "senso_unico": "no", "n_testimonianze": "0", "municipio": "XIII"}, "geometry": {"type": "LineString", "coordinates": [[12.401939, 41.9230546], [12.4017783, 41.9234395], [12.4016652, 41.9236983], [12.4016441, 41.9237569]]}}, {"type": "Feature", "properties": {"id": "SS-ROM-1346", "nome": "Piazza Alfonso Capecelatro", "quartiere": "Municipio Roma XIII", "classificazione": "giallo", "score": 3, "note": "strada urbana senza ciclabile (2 corsie)", "ciclabile": "no", "n_corsie": "2", "senso_unico": "no", "n_testimonianze": "0", "municipio": "XIII"}, "geometry": {"type": "MultiLineString", "coordinates": [[[12.4159159, 41.9208816], [12.4158882, 41.9207315], [12.4158768, 41.9207055], [12.4158607, 41.9206791], [12.4158366, 41.9206512]], [[12.4159159, 41.9208816], [12.4159265, 41.920943], [12.4159309, 41.9209605], [12.4159431, 41.9209932], [12.4159609, 41.9210311], [12.4159777, 41.9210577], [12.4161173, 41.921229], [12.4161827, 41.921311]], [[12.4159078, 41.9213302], [12.4160788, 41.9213179], [12.4161278, 41.9213144], [12.4161827, 41.921311]], [[12.4155917, 41.9203082], [12.4158976, 41.9202821], [12.4159555, 41.9207087], [12.4159769, 41.9208], [12.4160315, 41.9210327], [12.4161627, 41.9212082], [12.4162508, 41.9213307], [12.4162015, 41.921333], [12.4160487, 41.9213431], [12.4158665, 41.9213551], [12.4158661, 41.9213337], [12.4158636, 41.9212855], [12.4157906, 41.9207938], [12.415783, 41.9207208], [12.4153226, 41.9207582], [12.4152718, 41.9203372], [12.4153471, 41.9203306], [12.4154432, 41.9203234], [12.4154025, 41.9200906], [12.4154637, 41.9200853], [12.4155674, 41.9200771], [12.4155917, 41.9203082]], [[12.4155396, 41.920414], [12.4156061, 41.9203763], [12.4158296, 41.9203522], [12.4158635, 41.920596], [12.4158628, 41.9206064], [12.4158609, 41.9206159], [12.4158578, 41.9206241], [12.4158524, 41.9206323], [12.4158366, 41.9206512]], [[12.4153778, 41.920504], [12.4153514, 41.9203538], [12.4153471, 41.9203306]], [[12.4159078, 41.9213302], [12.4159166, 41.9213163], [12.4159207, 41.9213059], [12.4159271, 41.9212868], [12.4159305, 41.9212659], [12.4159334, 41.9212429], [12.4159323, 41.9212229], [12.4159288, 41.9211868], [12.4159232, 41.9211575], [12.4159044, 41.9210728], [12.415903, 41.9210218], [12.4159064, 41.9209638], [12.4159159, 41.9208816]], [[12.4158366, 41.9206512], [12.4158089, 41.9206268], [12.4157563, 41.9205895], [12.4156778, 41.9205336], [12.415606, 41.9204778], [12.415572, 41.9204477], [12.4155396, 41.920414]], [[12.4153778, 41.920504], [12.4154613, 41.9204573], [12.4155396, 41.920414]], [[12.4158366, 41.9206512], [12.4157918, 41.9206444], [12.4157552, 41.9206401], [12.4157263, 41.9206386], [12.4156931, 41.920639], [12.415475, 41.920655], [12.4154596, 41.9206537], [12.4154431, 41.9206506], [12.4154247, 41.9206404], [12.4154121, 41.9206289], [12.4154041, 41.9206173], [12.4153778, 41.920504]], [[12.4155396, 41.920414], [12.4155273, 41.9203968], [12.4155186, 41.9203796], [12.4155073, 41.9203517], [12.4154961, 41.920311], [12.4154841, 41.9202373], [12.415477, 41.9201769], [12.4154637, 41.9200853]]]}}, {"type": "Feature", "properties": {"id": "SS-ROM-1370", "nome": "Piazza Attilio Omodei Zorini", "quartiere": "Municipio Roma XIII", "classificazione": "giallo", "score": 3, "note": "strada urbana senza ciclabile (1 corsie)", "ciclabile": "no", "n_corsie": "1", "senso_unico": "no", "n_testimonianze": "0", "municipio": "XIII"}, "geometry": {"type": "MultiLineString", "coordinates": [[[12.3887033, 41.910827], [12.3887273, 41.9107786], [12.3887691, 41.9107374], [12.3888251, 41.9107071], [12.3888906, 41.9106901], [12.3889598, 41.910688], [12.3890356, 41.9107038], [12.3891002, 41.9107372], [12.3891464, 41.9107846], [12.3891693, 41.9108406], [12.3891692, 41.9108951], [12.3891375, 41.9109536], [12.3890864, 41.910998], [12.3890185, 41.9110276], [12.3889413, 41.9110389], [12.3888634, 41.9110308], [12.3888011, 41.9110082], [12.3887503, 41.9109731], [12.3887153, 41.9109286], [12.3886992, 41.9108785], [12.3887033, 41.910827]], [[12.3891692, 41.9108951], [12.3896905, 41.9109392]]]}}, {"type": "Feature", "properties": {"id": "SS-ROM-1384", "nome": "Piazza Beniamino Guidetti", "quartiere": "Municipio Roma XIII", "classificazione": "giallo", "score": 3, "note": "strada urbana senza ciclabile (1 corsie)", "ciclabile": "no", "n_corsie": "1", "senso_unico": "no", "n_testimonianze": "0", "municipio": "XIII"}, "geometry": {"type": "LineString", "coordinates": [[12.3877321, 41.9070527], [12.387706, 41.9070686], [12.3876546, 41.9070871], [12.3876152, 41.9070929], [12.3875749, 41.9070926], [12.3875344, 41.9070858], [12.3874968, 41.9070726], [12.3874662, 41.9070555], [12.3874407, 41.9070342], [12.3874114, 41.9069894], [12.3874033, 41.9069303], [12.387411, 41.9069111], [12.3874373, 41.9068689], [12.387484, 41.9068331], [12.3875324, 41.9068142], [12.3875735, 41.9068069], [12.3876158, 41.9068065], [12.3876625, 41.9068143], [12.3877053, 41.9068304], [12.3877302, 41.9068453], [12.3877654, 41.9068789], [12.3877794, 41.9069017], [12.3877879, 41.906926], [12.3877903, 41.9069562], [12.3877858, 41.9069811], [12.3877756, 41.907005], [12.3877542, 41.9070336], [12.3877321, 41.9070527]]}}, {"type": "Feature", "properties": {"id": "SS-ROM-1430", "nome": "Piazza Clemente Undicesimo", "quartiere": "Municipio Roma XIII", "classificazione": "giallo", "score": 3, "note": "strada urbana senza ciclabile (2 corsie)", "ciclabile": "no", "n_corsie": "2", "senso_unico": "no", "n_testimonianze": "0", "municipio": "XIII"}, "geometry": {"type": "MultiLineString", "coordinates": [[[12.4146596, 41.9141317], [12.4146225, 41.9141135], [12.414604, 41.9140996], [12.4145795, 41.9140714], [12.4145677, 41.9140462], [12.4145631, 41.9140187]], [[12.4143892, 41.9141516], [12.4143375, 41.9140715], [12.4143335, 41.9140363], [12.4143436, 41.9138663], [12.4144744, 41.9138824], [12.4145983, 41.9138315], [12.4146752, 41.9138035], [12.4147496, 41.9138166], [12.4148224, 41.913829], [12.4149334, 41.9138849], [12.415004, 41.91393], [12.41504, 41.913952], [12.4150022, 41.9141761], [12.4150079, 41.9142399], [12.4146955, 41.9142617], [12.4146333, 41.9142579], [12.4145659, 41.9142853], [12.4144019, 41.9142955], [12.4143563, 41.9141676], [12.4143892, 41.9141516]], [[12.4145945, 41.9139431], [12.4146171, 41.9139237], [12.4146475, 41.9139067], [12.4146881, 41.9138938], [12.4147161, 41.9138897], [12.4147429, 41.9138891], [12.4147783, 41.9138931], [12.4148119, 41.9139025], [12.4148576, 41.9139272], [12.4148823, 41.9139511], [12.4148971, 41.9139745]], [[12.4145631, 41.9140187], [12.414566, 41.9139931], [12.4145763, 41.9139676], [12.4145945, 41.9139431]], [[12.4148971, 41.9139745], [12.4149066, 41.9140106], [12.4149061, 41.9140277], [12.4148978, 41.9140576], [12.4148801, 41.9140852], [12.4148537, 41.9141092], [12.4148192, 41.9141282], [12.4147684, 41.9141422], [12.4147276, 41.9141446], [12.4146927, 41.9141408], [12.4146596, 41.9141317]]]}}, {"type": "Feature", "properties": {"id": "SS-ROM-1436", "nome": "Piazza Cornelia", "quartiere": "Municipio Roma XIII", "classificazione": "giallo", "score": 3, "note": "strada urbana senza ciclabile (1 corsie)", "ciclabile": "no", "n_corsie": "1", "senso_unico": "si", "n_testimonianze": "0", "municipio": "XIII"}, "geometry": {"type": "MultiLineString", "coordinates": [[[12.394021, 41.9064101], [12.3942107, 41.9062991]], [[12.3942107, 41.9062991], [12.3939002, 41.9060383], [12.3937476, 41.9061296]], [[12.3937476, 41.9061296], [12.3938823, 41.9062792], [12.394021, 41.9064101]]]}}, {"type": "Feature", "properties": {"id": "SS-ROM-1621", "nome": "Piazza Ormea", "quartiere": "Municipio Roma XIII", "classificazione": "giallo", "score": 3, "note": "strada urbana senza ciclabile", "ciclabile": "no", "n_corsie": "2", "senso_unico": "si", "n_testimonianze": "0", "municipio": "XIII"}, "geometry": {"type": "MultiLineString", "coordinates": [[[12.3698342, 41.9159317], [12.369835, 41.9159895], [12.3698303, 41.9162254], [12.3698293, 41.9162873], [12.3698265, 41.9164529]], [[12.3692668, 41.9164646], [12.3692722, 41.9162312]], [[12.3698303, 41.9162254], [12.3692722, 41.9162312]], [[12.3692722, 41.9162312], [12.3692729, 41.9159373], [12.369273, 41.9158793]]]}}, {"type": "Feature", "properties": {"id": "SS-ROM-1655", "nome": "Piazza Raffaele Camastra", "quartiere": "Municipio Roma XIII", "classificazione": "giallo", "score": 3, "note": "strada urbana senza ciclabile (2 corsie)", "ciclabile": "no", "n_corsie": "2", "senso_unico": "no", "n_testimonianze": "0", "municipio": "XIII"}, "geometry": {"type": "MultiLineString", "coordinates": [[[12.3893924, 41.9116418], [12.3893879, 41.9116641], [12.3893788, 41.9116942], [12.3893679, 41.9117139]], [[12.3890456, 41.9116994], [12.3890364, 41.9116668], [12.389036, 41.9116364], [12.3890431, 41.9116048], [12.3890591, 41.9115783], [12.3890825, 41.9115526], [12.3891293, 41.9115283], [12.3891738, 41.9115168], [12.3892117, 41.9115121], [12.3892431, 41.9115159], [12.3892715, 41.9115213], [12.3893063, 41.9115347], [12.3893358, 41.9115527], [12.3893535, 41.9115697], [12.3893691, 41.9115882], [12.3893823, 41.9116142], [12.3893924, 41.9116418]], [[12.3893679, 41.9117139], [12.3893478, 41.9117323], [12.3893229, 41.9117489], [12.3892845, 41.9117656], [12.3892552, 41.911773], [12.3892198, 41.9117773], [12.3891803, 41.9117763], [12.389142, 41.9117693]], [[12.389142, 41.9117693], [12.3891187, 41.9117606], [12.389098, 41.9117499], [12.3890672, 41.9117245], [12.3890456, 41.9116994]]]}}, {"type": "Feature", "properties": {"id": "SS-ROM-1693", "nome": "Piazza San Zaccaria Papa", "quartiere": "Municipio Roma XIII", "classificazione": "giallo", "score": 3, "note": "strada urbana senza ciclabile (1 corsie)", "ciclabile": "no", "n_corsie": "1", "senso_unico": "si", "n_testimonianze": "0", "municipio": "XIII"}, "geometry": {"type": "MultiLineString", "coordinates": [[[12.4144543, 41.9165467], [12.4144882, 41.9167504], [12.4149832, 41.9167105], [12.4149702, 41.916626], [12.4149541, 41.9165086], [12.4148876, 41.9165136], [12.4144543, 41.9165467]], [[12.414349, 41.9165557], [12.4144543, 41.9165467], [12.4148876, 41.9165136], [12.4149541, 41.9165086]]]}}, {"type": "Feature", "properties": {"id": "SS-ROM-1740", "nome": "Piazza Varisella", "quartiere": "Municipio Roma XIII", "classificazione": "giallo", "score": 3, "note": "strada urbana senza ciclabile (2 corsie)", "ciclabile": "no", "n_corsie": "2", "senso_unico": "no", "n_testimonianze": "0", "municipio": "XIII"}, "geometry": {"type": "LineString", "coordinates": [[12.3921784, 41.9143806], [12.3921451, 41.9143727], [12.3921169, 41.9143574], [12.3920965, 41.9143363], [12.3920867, 41.9143139], [12.3920859, 41.9142904], [12.3920942, 41.9142677], [12.3921108, 41.9142478], [12.3921395, 41.9142298], [12.3921746, 41.9142201], [12.392212, 41.9142198], [12.3922474, 41.9142289], [12.3922766, 41.9142464], [12.392294, 41.9142665], [12.3923029, 41.9142895], [12.3923023, 41.9143135], [12.3922924, 41.9143362], [12.3922741, 41.9143559], [12.3922463, 41.9143717], [12.3922133, 41.9143803], [12.3921784, 41.9143806]]}}, {"type": "Feature", "properties": {"id": "SS-ROM-1815", "nome": "Piazza del Castello di Porcareccia", "quartiere": "Municipio Roma XIII", "classificazione": "giallo", "score": 3, "note": "strada urbana senza ciclabile", "ciclabile": "no", "n_corsie": "2", "senso_unico": "no", "n_testimonianze": "0", "municipio": "XIII"}, "geometry": {"type": "LineString", "coordinates": [[12.3663414, 41.9267815], [12.365881, 41.926883]]}}, {"type": "Feature", "properties": {"id": "SS-ROM-1905", "nome": "Piazza di Castel di Guido", "quartiere": "Municipio Roma XIII", "classificazione": "giallo", "score": 3, "note": "strada urbana senza ciclabile", "ciclabile": "no", "n_corsie": "2", "senso_unico": "no", "n_testimonianze": "0", "municipio": "XIII"}, "geometry": {"type": "LineString", "coordinates": [[12.2840218, 41.9032491], [12.2840428, 41.9031256], [12.2840811, 41.9031042], [12.284126, 41.9030792], [12.2842934, 41.9030992], [12.2844231, 41.9031179], [12.2845355, 41.9030942]]}}, {"type": "Feature", "properties": {"id": "SS-ROM-2150", "nome": "Rampa di Primavalle", "quartiere": "Municipio Roma XIII", "classificazione": "giallo", "score": 3, "note": "strada urbana senza ciclabile", "ciclabile": "no", "n_corsie": "2", "senso_unico": "no", "n_testimonianze": "0", "municipio": "XIII"}, "geometry": {"type": "MultiLineString", "coordinates": [[[12.4131556, 41.9196876], [12.4133581, 41.9200824], [12.4134532, 41.9202735], [12.4135402, 41.9204641], [12.4137282, 41.9208185], [12.4138109, 41.9209875]], [[12.4134532, 41.9202735], [12.4135242, 41.9202525], [12.4137263, 41.9202016]], [[12.4128977, 41.9204252], [12.4129804, 41.920403], [12.4134532, 41.9202735]]]}}, {"type": "Feature", "properties": {"id": "SS-ROM-2168", "nome": "Rotatoria Oggebbio", "quartiere": "Municipio Roma XIII", "classificazione": "rosso", "score": 4, "note": "strada secondaria trafficata (2 corsie)", "ciclabile": "no", "n_corsie": "2", "senso_unico": "no", "n_testimonianze": "0", "municipio": "XIII"}, "geometry": {"type": "MultiLineString", "coordinates": [[[12.3795987, 41.9260686], [12.3795518, 41.9260453], [12.3795157, 41.9260221], [12.3794811, 41.9259901], [12.3794572, 41.9259581], [12.3794394, 41.9259208], [12.3794296, 41.9258836], [12.37943, 41.925843], [12.3794357, 41.9258064], [12.379454, 41.9257666], [12.3794776, 41.9257338], [12.3795103, 41.9257021], [12.3795457, 41.9256764], [12.3795879, 41.925657], [12.3796422, 41.9256375], [12.3796911, 41.9256299], [12.3797347, 41.9256222]], [[12.3796091, 41.9257072], [12.37955, 41.9257475], [12.3795117, 41.9257998], [12.3794982, 41.9258585], [12.3795111, 41.9259173], [12.3795489, 41.9259698], [12.3796075, 41.9260104], [12.3796806, 41.9260347], [12.3797604, 41.9260399], [12.3798381, 41.9260257], [12.3799055, 41.9259935], [12.3799553, 41.9259466], [12.3799819, 41.9258902], [12.3799824, 41.9258304], [12.3799567, 41.9257738], [12.3799077, 41.9257264], [12.3798406, 41.9256935], [12.3797628, 41.9256786], [12.3796827, 41.9256834], [12.3796091, 41.9257072]], [[12.3797347, 41.9256222], [12.3797968, 41.9256256], [12.3798321, 41.9256309], [12.3799213, 41.9256612]], [[12.379909, 41.926062], [12.3798114, 41.9260888], [12.3797562, 41.9260939], [12.3797011, 41.9260931], [12.3796499, 41.9260828], [12.3795987, 41.9260686]], [[12.3799213, 41.9256612], [12.3799556, 41.9256846], [12.3799872, 41.9257091], [12.3800119, 41.9257325], [12.3800312, 41.9257539], [12.3800526, 41.9257957], [12.3800631, 41.9258396], [12.3800622, 41.9258843], [12.3800502, 41.925928], [12.3800185, 41.9259809], [12.3799705, 41.9260264], [12.379909, 41.926062]]]}}, {"type": "Feature", "properties": {"id": "SS-ROM-2170", "nome": "Rotatoria Piovà Massaia", "quartiere": "Municipio Roma XIII", "classificazione": "rosso", "score": 4, "note": "strada secondaria trafficata (2 corsie)", "ciclabile": "no", "n_corsie": "2", "senso_unico": "no", "n_testimonianze": "0", "municipio": "XIII"}, "geometry": {"type": "MultiLineString", "coordinates": [[[12.3797245, 41.9284598], [12.3796842, 41.9284322], [12.379651, 41.9283999], [12.3796261, 41.9283637], [12.3796102, 41.9283248], [12.3796037, 41.9282844], [12.379607, 41.9282438], [12.3796199, 41.9282043], [12.379642, 41.9281671], [12.3796725, 41.9281334], [12.3797107, 41.9281042], [12.3797646, 41.9280787]], [[12.38009, 41.9284732], [12.3800506, 41.9284908], [12.3800073, 41.9285024], [12.3799674, 41.9285093], [12.3799266, 41.9285133]], [[12.3799266, 41.9285133], [12.3798474, 41.9285041], [12.3797823, 41.9284875], [12.3797245, 41.9284598]], [[12.3802228, 41.9282734], [12.3802195, 41.9283118], [12.380208, 41.9283494], [12.3801887, 41.9283852], [12.3801621, 41.9284182], [12.380129, 41.9284478], [12.38009, 41.9284732]], [[12.380045, 41.9280733], [12.3800944, 41.928094], [12.3801376, 41.9281212], [12.3801732, 41.928154], [12.3801999, 41.9281912], [12.3802166, 41.9282315], [12.3802228, 41.9282734]], [[12.3797646, 41.9280787], [12.3798014, 41.928067], [12.3798496, 41.9280582], [12.3798991, 41.9280544], [12.3799487, 41.9280556], [12.3799977, 41.928062], [12.380045, 41.9280733]], [[12.3801377, 41.9282014], [12.3801644, 41.9282572], [12.380166, 41.9283165], [12.3801422, 41.9283731], [12.3800956, 41.9284211], [12.3800309, 41.9284557], [12.3799549, 41.9284733], [12.3798752, 41.9284721], [12.3797967, 41.9284507], [12.3797323, 41.9284111], [12.3796891, 41.9283579], [12.3796721, 41.928297], [12.3796832, 41.9282354], [12.3797212, 41.92818], [12.3797817, 41.9281372], [12.3798579, 41.9281117], [12.3799412, 41.9281064], [12.3800221, 41.928122], [12.3800886, 41.9281547], [12.3801377, 41.9282014]]]}}, {"type": "Feature", "properties": {"id": "SS-ROM-2171", "nome": "Rotatoria Roberto Koch", "quartiere": "Municipio Roma XIII", "classificazione": "giallo", "score": 3, "note": "strada urbana senza ciclabile", "ciclabile": "no", "n_corsie": "2", "senso_unico": "no", "n_testimonianze": "0", "municipio": "XIII"}, "geometry": {"type": "LineString", "coordinates": [[12.3864853, 41.9073802], [12.3865043, 41.9073475], [12.3865349, 41.90732], [12.3865762, 41.9072994], [12.3866239, 41.9072886], [12.3866736, 41.9072885], [12.3867213, 41.9072992], [12.3867682, 41.9073237], [12.3868016, 41.9073583], [12.3868175, 41.9073993], [12.3868142, 41.9074419], [12.3867981, 41.9074734], [12.3867677, 41.9075034], [12.3867269, 41.9075255], [12.3866791, 41.9075376], [12.3866287, 41.9075387], [12.38658, 41.9075287], [12.3865394, 41.9075097], [12.3865076, 41.9074831], [12.386487, 41.9074508], [12.3864794, 41.9074156], [12.3864853, 41.9073802]]}}, {"type": "Feature", "properties": {"id": "SS-ROM-2173", "nome": "Rotatoria Volpedo", "quartiere": "Municipio Roma XIII", "classificazione": "rosso", "score": 4, "note": "strada secondaria trafficata (3 corsie)", "ciclabile": "no", "n_corsie": "3", "senso_unico": "no", "n_testimonianze": "0", "municipio": "XIII"}, "geometry": {"type": "MultiLineString", "coordinates": [[[12.3818421, 41.9289015], [12.3818983, 41.9288918], [12.3819518, 41.9288881], [12.3820082, 41.928891], [12.3820619, 41.9289018], [12.3821247, 41.9289248], [12.3821729, 41.9289505], [12.3822191, 41.9289829], [12.3822625, 41.9290192], [12.3823103, 41.9290612], [12.382435, 41.9291895], [12.3824563, 41.9292157], [12.3824729, 41.9292418]], [[12.3815881, 41.9290746], [12.3815984, 41.9290489], [12.3816167, 41.9290251], [12.3816455, 41.9289932], [12.3816808, 41.9289674], [12.3817187, 41.9289477], [12.3817804, 41.9289216], [12.3818421, 41.9289015]], [[12.3816618, 41.9292731], [12.3816362, 41.929245], [12.3816223, 41.9292238], [12.3816111, 41.9291951], [12.3816025, 41.9291525], [12.3815996, 41.9291148], [12.3815881, 41.9290746]], [[12.3824729, 41.9292418], [12.3824933, 41.9293196], [12.382492, 41.9293528], [12.3824859, 41.9293815], [12.3824744, 41.9294149], [12.3824614, 41.9294389], [12.3824446, 41.9294635], [12.3824153, 41.9294913], [12.3823759, 41.9295201], [12.3823476, 41.9295352], [12.3822673, 41.9295718]], [[12.3822673, 41.9295718], [12.3822243, 41.9295757], [12.3821777, 41.9295765], [12.3821315, 41.9295709]], [[12.3821315, 41.9295709], [12.38207, 41.9295575], [12.3820263, 41.9295437], [12.3819893, 41.9295237], [12.381933, 41.9294858], [12.3816618, 41.9292731]], [[12.3816851, 41.9291052], [12.3816976, 41.9291814], [12.3817478, 41.9292535], [12.382013, 41.9294632], [12.3820962, 41.9294971], [12.382197, 41.9295101], [12.3823043, 41.9294921], [12.3823526, 41.9294681], [12.3824009, 41.9294223], [12.3824207, 41.9293734], [12.3824261, 41.9293355], [12.3824234, 41.9292776], [12.3823966, 41.9292297], [12.3821203, 41.9289862], [12.3820372, 41.9289463], [12.3819487, 41.9289383], [12.3818601, 41.9289443], [12.3817582, 41.9289783], [12.3817046, 41.9290321], [12.3816851, 41.9291052]]]}}, {"type": "Feature", "properties": {"id": "SS-ROM-2344", "nome": "Via Achille Luigi Bonanome", "quartiere": "Municipio Roma XIII", "classificazione": "giallo", "score": 3, "note": "strada urbana senza ciclabile", "ciclabile": "no", "n_corsie": "2", "senso_unico": "no", "n_testimonianze": "0", "municipio": "XIII"}, "geometry": {"type": "MultiLineString", "coordinates": [[[12.3864695, 41.9110041], [12.3863268, 41.9108809], [12.3860088, 41.9111016], [12.3858186, 41.9112031], [12.3857838, 41.9112281], [12.3857571, 41.9112532], [12.3857369, 41.9112751], [12.3857194, 41.911299], [12.3856991, 41.9113529], [12.3856981, 41.9113954], [12.3857051, 41.9114378], [12.3858034, 41.9116643], [12.3858832, 41.9118037], [12.385961, 41.9119279]], [[12.385961, 41.9119279], [12.3861235, 41.9121371], [12.3861744, 41.9121998], [12.3863191, 41.9123506], [12.3865405, 41.9125822], [12.3868034, 41.9128754], [12.3876006, 41.9136886], [12.3876381, 41.9137202], [12.3876665, 41.9137404], [12.3877102, 41.9137686], [12.3877569, 41.9137915], [12.3877997, 41.9138115], [12.3878299, 41.913826], [12.3878539, 41.913836], [12.3878787, 41.913846], [12.3879197, 41.9138594], [12.3879594, 41.9138704], [12.3880022, 41.9138769], [12.3880689, 41.9138798], [12.388144, 41.9138798], [12.3882808, 41.9138725], [12.3885589, 41.9138465], [12.3886345, 41.9138445], [12.3886966, 41.9138491], [12.3887072, 41.9138508], [12.3887172, 41.913854], [12.3887253, 41.9138585], [12.3887316, 41.9138644], [12.3887355, 41.9138715], [12.3887508, 41.9139066]]]}}, {"type": "Feature", "properties": {"id": "SS-ROM-2393", "nome": "Via Adelina Patti", "quartiere": "Municipio Roma XIII", "classificazione": "giallo", "score": 3, "note": "strada urbana senza ciclabile (1 corsie)", "ciclabile": "no", "n_corsie": "1", "senso_unico": "no", "n_testimonianze": "0", "municipio": "XIII"}, "geometry": {"type": "LineString", "coordinates": [[12.4184414, 41.9138613], [12.4185488, 41.9138662], [12.4185792, 41.9138712], [12.4186025, 41.9138774], [12.418628, 41.913886], [12.41865, 41.9138946], [12.4189335, 41.9140797], [12.4193097, 41.914336]]}}, {"type": "Feature", "properties": {"id": "SS-ROM-2402", "nome": "Via Adolfo Branchini", "quartiere": "Municipio Roma XIII", "classificazione": "blu", "score": 2, "note": "zona pedonale / living street", "ciclabile": "no", "n_corsie": "1", "senso_unico": "no", "n_testimonianze": "0", "municipio": "XIII"}, "geometry": {"type": "LineString", "coordinates": [[12.3948614, 41.9056295], [12.3951939, 41.9057742]]}}, {"type": "Feature", "properties": {"id": "SS-ROM-2405", "nome": "Via Adolfo Cinquini", "quartiere": "Municipio Roma XIII", "classificazione": "giallo", "score": 3, "note": "strada urbana senza ciclabile", "ciclabile": "no", "n_corsie": "2", "senso_unico": "no", "n_testimonianze": "0", "municipio": "XIII"}, "geometry": {"type": "LineString", "coordinates": [[12.3194719, 41.8933468], [12.3191951, 41.8932202], [12.3189382, 41.8930834], [12.3188228, 41.8929694], [12.3187662, 41.89288], [12.3186932, 41.8927379]]}}, {"type": "Feature", "properties": {"id": "SS-ROM-2432", "nome": "Via Adriano Primo", "quartiere": "Municipio Roma XIII", "classificazione": "giallo", "score": 3, "note": "strada urbana senza ciclabile (1 corsie)", "ciclabile": "no", "n_corsie": "1", "senso_unico": "si", "n_testimonianze": "0", "municipio": "XIII"}, "geometry": {"type": "MultiLineString", "coordinates": [[[12.4105961, 41.9052733], [12.4107161, 41.9052212], [12.4108553, 41.9051521], [12.4115366, 41.9048362], [12.4115676, 41.9048199], [12.4116022, 41.9048004], [12.4116536, 41.9047683], [12.4116916, 41.9047408], [12.4117244, 41.9047132], [12.4117426, 41.9046934], [12.4117572, 41.9046736], [12.4117798, 41.9046394], [12.4117963, 41.9046064], [12.4118189, 41.9045609], [12.4118408, 41.9045102], [12.4118617, 41.9044508], [12.4118826, 41.9043902], [12.4119563, 41.9040986], [12.4119693, 41.9040594], [12.4119887, 41.9040044], [12.4120108, 41.9039547], [12.4120337, 41.9039102], [12.4120567, 41.9038697], [12.4120961, 41.9038131], [12.4121265, 41.9037723], [12.4121438, 41.9037556], [12.4121612, 41.9037427], [12.4121984, 41.9037201], [12.4122471, 41.9036994], [12.4122957, 41.903686], [12.4123444, 41.9036778], [12.4123805, 41.9036769], [12.412413, 41.9036773], [12.4124898, 41.9036823], [12.4125789, 41.9036913], [12.412669, 41.9037066], [12.4127574, 41.9037254], [12.412806, 41.9037381], [12.4128582, 41.9037521]], [[12.4128582, 41.9037521], [12.4129166, 41.9037768], [12.4129538, 41.9037963], [12.4129989, 41.9038304], [12.4130199, 41.9038485], [12.4130392, 41.9038659], [12.4130584, 41.9038879], [12.4130688, 41.9039047], [12.413079, 41.9039245], [12.4130911, 41.9039529], [12.4131022, 41.9039885], [12.4131069, 41.9040116], [12.413108, 41.9040426], [12.4131015, 41.904085], [12.4130666, 41.9042305], [12.4130347, 41.9043658], [12.4130072, 41.9045182], [12.4129545, 41.9047997], [12.4129548, 41.9048251], [12.4129586, 41.904857], [12.4129679, 41.9048792], [12.412986, 41.9049054], [12.4130089, 41.9049295], [12.4130248, 41.9049416], [12.4130442, 41.9049537], [12.4130638, 41.9049638], [12.4130906, 41.904974], [12.4131359, 41.9049822], [12.4131794, 41.9049839], [12.4132172, 41.9049771], [12.413256, 41.9049602], [12.4132799, 41.9049472], [12.4132993, 41.9049335], [12.4133228, 41.9049162], [12.4133375, 41.9048988], [12.4133687, 41.904849], [12.4134462, 41.9047036], [12.4134723, 41.9046609], [12.4135022, 41.9046166], [12.4135277, 41.9045832], [12.413555, 41.9045577], [12.4135957, 41.9045294], [12.4136284, 41.9045132], [12.4136718, 41.9045017], [12.413736, 41.9044985], [12.4138197, 41.9044993], [12.4141269, 41.9045238], [12.4141878, 41.9045309], [12.4142245, 41.9045371], [12.4142558, 41.9045446]], [[12.4142558, 41.9045446], [12.4143263, 41.9045636], [12.4144041, 41.9045884], [12.4144612, 41.9046075], [12.4144987, 41.9046212], [12.4145292, 41.9046343], [12.4145597, 41.9046567], [12.4145852, 41.9046795], [12.4145992, 41.9047001], [12.4146115, 41.9047233], [12.4146536, 41.904816], [12.4146753, 41.9048777], [12.4146951, 41.9049486], [12.4147237, 41.9051104], [12.4147379, 41.9051528], [12.4147564, 41.9051894], [12.414775, 41.9052151], [12.4147909, 41.9052335], [12.4148075, 41.9052479], [12.4148276, 41.9052622], [12.4148482, 41.9052749], [12.414874, 41.9052876], [12.4149216, 41.9053049], [12.4149745, 41.9053209], [12.4150283, 41.9053343], [12.4150799, 41.9053417], [12.4151298, 41.9053452], [12.4152063, 41.9053436], [12.4152539, 41.9053352], [12.4152926, 41.9053242], [12.4153442, 41.9053018], [12.4153817, 41.9052781], [12.4154307, 41.9052465], [12.4154681, 41.9052096], [12.4154907, 41.9051757], [12.4155071, 41.90513], [12.4155193, 41.9050765], [12.4155244, 41.9050375], [12.4155218, 41.9049418], [12.415523, 41.9049103], [12.4155259, 41.9048841], [12.4155352, 41.9048402], [12.415554, 41.9047792], [12.4155731, 41.9047376], [12.4155904, 41.9047051], [12.4156118, 41.9046704], [12.4156358, 41.9046416], [12.4156741, 41.9046083], [12.4157373, 41.9045658], [12.4157942, 41.9045365], [12.4158683, 41.9045079], [12.4159037, 41.9044962], [12.4159444, 41.9044859], [12.4160122, 41.904474], [12.4160846, 41.9044678], [12.4161499, 41.9044668], [12.4161438, 41.904301], [12.4161429, 41.9042699], [12.4161311, 41.9035689], [12.4161298, 41.903488]]]}}, {"type": "Feature", "properties": {"id": "SS-ROM-2449", "nome": "Via Agliè", "quartiere": "Municipio Roma XIII", "classificazione": "giallo", "score": 3, "note": "strada urbana senza ciclabile", "ciclabile": "no", "n_corsie": "2", "senso_unico": "no", "n_testimonianze": "0", "municipio": "XIII"}, "geometry": {"type": "LineString", "coordinates": [[12.38645, 41.8997478], [12.385967, 41.8999164]]}}, {"type": "Feature", "properties": {"id": "SS-ROM-2504", "nome": "Via Alberico Gentili", "quartiere": "Municipio Roma XIII", "classificazione": "giallo", "score": 3, "note": "strada urbana senza ciclabile", "ciclabile": "no", "n_corsie": "2", "senso_unico": "no", "n_testimonianze": "0", "municipio": "XIII"}, "geometry": {"type": "LineString", "coordinates": [[12.4201698, 41.8966174], [12.420118, 41.8966723], [12.4197579, 41.8970541], [12.4187882, 41.8981559]]}}, {"type": "Feature", "properties": {"id": "SS-ROM-2506", "nome": "Via Alberico da Rosate", "quartiere": "Municipio Roma XIII", "classificazione": "giallo", "score": 3, "note": "strada urbana senza ciclabile", "ciclabile": "no", "n_corsie": "2", "senso_unico": "no", "n_testimonianze": "0", "municipio": "XIII"}, "geometry": {"type": "LineString", "coordinates": [[12.4162948, 41.8944475], [12.4162731, 41.8944715], [12.4162692, 41.8944758], [12.416061, 41.8947063], [12.4158893, 41.8948934]]}}, {"type": "Feature", "properties": {"id": "SS-ROM-2548", "nome": "Via Alberto Manzi", "quartiere": "Municipio Roma XIII", "classificazione": "giallo", "score": 3, "note": "strada urbana senza ciclabile", "ciclabile": "no", "n_corsie": "2", "senso_unico": "no", "n_testimonianze": "0", "municipio": "XIII"}, "geometry": {"type": "LineString", "coordinates": [[12.4006956, 41.9251691], [12.400698, 41.9252041], [12.4006969, 41.9252207], [12.4006927, 41.9252406], [12.4006117, 41.9254617], [12.4004999, 41.9257541], [12.4005056, 41.9258381], [12.4005573, 41.9258258], [12.4005915, 41.9258222], [12.4007129, 41.9258404], [12.4008312, 41.925861], [12.4010565, 41.9259082], [12.4013821, 41.925978], [12.4015912, 41.9260255], [12.4017366, 41.9260564], [12.4020802, 41.9261314], [12.4023306, 41.9261833], [12.4023807, 41.9262182], [12.4024643, 41.9264844], [12.4026366, 41.9270102]]}}, {"type": "Feature", "properties": {"id": "SS-ROM-2577", "nome": "Via Albugnano", "quartiere": "Municipio Roma XIII", "classificazione": "giallo", "score": 3, "note": "strada urbana senza ciclabile", "ciclabile": "no", "n_corsie": "2", "senso_unico": "no", "n_testimonianze": "0", "municipio": "XIII"}, "geometry": {"type": "LineString", "coordinates": [[12.3845453, 41.8946794], [12.3856401, 41.8946391]]}}, {"type": "Feature", "properties": {"id": "SS-ROM-2609", "nome": "Via Aldo Spallicci", "quartiere": "Municipio Roma XIII", "classificazione": "giallo", "score": 3, "note": "strada urbana senza ciclabile (1 corsie)", "ciclabile": "no", "n_corsie": "1", "senso_unico": "si", "n_testimonianze": "0", "municipio": "XIII"}, "geometry": {"type": "MultiLineString", "coordinates": [[[12.3895961, 41.9104145], [12.3897991, 41.9105485]], [[12.3892117, 41.9115121], [12.38933, 41.9114668], [12.3893938, 41.9114407], [12.3894496, 41.9114136], [12.3894883, 41.9113903], [12.3895352, 41.9113597], [12.3895584, 41.911343], [12.3895775, 41.9113282], [12.3895947, 41.9113149], [12.3896106, 41.9113015], [12.389645, 41.9112699], [12.3896782, 41.9112362], [12.3897059, 41.9112011], [12.3897296, 41.9111663], [12.3897539, 41.9111266], [12.3897699, 41.9110951], [12.3897867, 41.9110575], [12.3898001, 41.9110195], [12.3898096, 41.9109783], [12.3898143, 41.9109533], [12.3898163, 41.9109292], [12.3898199, 41.9108465], [12.3898128, 41.9107881], [12.3898045, 41.9107529], [12.3897933, 41.9107141], [12.3897759, 41.9106693], [12.3897546, 41.9106241], [12.3897384, 41.9105971]], [[12.3887915, 41.9102153], [12.3888373, 41.9102065], [12.3888723, 41.9102021], [12.3889021, 41.9101999], [12.3889237, 41.9102008], [12.388958, 41.9102038], [12.3890144, 41.9102095], [12.3890829, 41.9102167], [12.3891288, 41.910223], [12.3891696, 41.9102309], [12.3892473, 41.9102489], [12.3893181, 41.9102708], [12.3893809, 41.9102942], [12.3894434, 41.9103221], [12.3895042, 41.9103558], [12.3895629, 41.9103925], [12.3895961, 41.9104145]], [[12.3888418, 41.9103604], [12.3889346, 41.9103608], [12.3890079, 41.9103608], [12.3890731, 41.9103669], [12.3891333, 41.9103773], [12.3891801, 41.9103877], [12.3892405, 41.9104085], [12.3892875, 41.9104273], [12.3893318, 41.9104469], [12.3893788, 41.9104744], [12.3894212, 41.9105053], [12.3894595, 41.9105371], [12.3895007, 41.9105734], [12.3895352, 41.9106106], [12.3895611, 41.9106485], [12.3895816, 41.9106864], [12.3896025, 41.9107315], [12.3896181, 41.9107766], [12.3896577, 41.9108478]], [[12.3897384, 41.9105971], [12.3895961, 41.9104145]], [[12.3897991, 41.9105485], [12.3898267, 41.9105812], [12.3898426, 41.9106029], [12.3898584, 41.9106291], [12.3898728, 41.9106588], [12.389881, 41.910679], [12.3898912, 41.9107097], [12.389907, 41.9107783], [12.3899156, 41.9108623], [12.3899161, 41.9109148], [12.3899105, 41.9109581], [12.3899012, 41.9110039], [12.3898899, 41.9110465], [12.3898806, 41.9110814], [12.3898672, 41.9111124], [12.3898538, 41.9111427], [12.389831, 41.9111806], [12.3898032, 41.9112238], [12.3897612, 41.9112761], [12.3897291, 41.9113106], [12.389691, 41.9113452], [12.3896127, 41.9114038], [12.3895657, 41.9114404], [12.3895289, 41.911474], [12.3895012, 41.9115013], [12.3894883, 41.9115151], [12.3894701, 41.9115384], [12.3894498, 41.911566], [12.3894225, 41.9116043], [12.3893924, 41.9116418]]]}}, {"type": "Feature", "properties": {"id": "SS-ROM-2627", "nome": "Via Alessandro Bausani", "quartiere": "Municipio Roma XIII", "classificazione": "giallo", "score": 3, "note": "strada urbana senza ciclabile", "ciclabile": "no", "n_corsie": "2", "senso_unico": "si", "n_testimonianze": "0", "municipio": "XIII"}, "geometry": {"type": "MultiLineString", "coordinates": [[[12.3522479, 41.9112805], [12.3519221, 41.9106106], [12.3518639, 41.9105195], [12.3518166, 41.9104454], [12.3518002, 41.9104285], [12.3517797, 41.9104116], [12.3517566, 41.9103986], [12.3517267, 41.9103877], [12.3516939, 41.9103788], [12.3516583, 41.910372], [12.3516174, 41.9103691], [12.3515724, 41.9103702], [12.3515383, 41.9103718], [12.3515002, 41.9103773], [12.3510368, 41.9104792]], [[12.3510368, 41.9104792], [12.3508181, 41.9105261], [12.3502893, 41.9106471], [12.3502716, 41.9106519], [12.3502558, 41.9106577], [12.3502381, 41.9106666], [12.3502215, 41.9106756], [12.3502064, 41.9106861], [12.350174, 41.9107107]]]}}, {"type": "Feature", "properties": {"id": "SS-ROM-2638", "nome": "Via Alessandro Checcucci", "quartiere": "Municipio Roma XIII", "classificazione": "giallo", "score": 3, "note": "strada urbana senza ciclabile", "ciclabile": "no", "n_corsie": "2", "senso_unico": "no", "n_testimonianze": "0", "municipio": "XIII"}, "geometry": {"type": "LineString", "coordinates": [[12.3523481, 41.8816747], [12.3527713, 41.8801463]]}}, {"type": "Feature", "properties": {"id": "SS-ROM-2648", "nome": "Via Alessandro Fantuzzi", "quartiere": "Municipio Roma XIII", "classificazione": "giallo", "score": 3, "note": "strada urbana senza ciclabile", "ciclabile": "no", "n_corsie": "2", "senso_unico": "no", "n_testimonianze": "0", "municipio": "XIII"}, "geometry": {"type": "LineString", "coordinates": [[12.3602541, 41.8800176], [12.3612369, 41.8804053]]}}, {"type": "Feature", "properties": {"id": "SS-ROM-2654", "nome": "Via Alessandro Guidiccioni", "quartiere": "Municipio Roma XIII", "classificazione": "giallo", "score": 3, "note": "strada urbana senza ciclabile (1 corsie)", "ciclabile": "no", "n_corsie": "1", "senso_unico": "si", "n_testimonianze": "0", "municipio": "XIII"}, "geometry": {"type": "MultiLineString", "coordinates": [[[12.3906759, 41.8990882], [12.3910564, 41.8997512]], [[12.3910564, 41.8997512], [12.3912417, 41.9000592]], [[12.3912417, 41.9000592], [12.3917759, 41.9010055], [12.3926934, 41.9025781], [12.3930943, 41.9032611], [12.3931948, 41.9034329]]]}}, {"type": "Feature", "properties": {"id": "SS-ROM-2665", "nome": "Via Alessandro Neroni", "quartiere": "Municipio Roma XIII", "classificazione": "giallo", "score": 3, "note": "strada urbana senza ciclabile", "ciclabile": "no", "n_corsie": "2", "senso_unico": "no", "n_testimonianze": "0", "municipio": "XIII"}, "geometry": {"type": "MultiLineString", "coordinates": [[[12.3898224, 41.9005534], [12.3898332, 41.9004949], [12.389945, 41.8999609], [12.389952, 41.8999226], [12.3899543, 41.8998757], [12.3899184, 41.8995744], [12.3899182, 41.8995407], [12.3899167, 41.8994983], [12.38992, 41.8994304], [12.3899276, 41.8993765], [12.3899362, 41.8993369], [12.3899474, 41.8992932], [12.3899692, 41.8992195], [12.3900617, 41.8988743], [12.3900773, 41.8988301], [12.3901008, 41.8987898], [12.3901217, 41.8987587], [12.3901454, 41.8987241], [12.3901683, 41.8986996], [12.3901904, 41.8986774], [12.390227, 41.8986529], [12.3902703, 41.8986323], [12.3903201, 41.8986159], [12.3906092, 41.8985178], [12.3906516, 41.898512], [12.3906902, 41.898508], [12.3907466, 41.8985126], [12.3908348, 41.8985264], [12.3909172, 41.898543], [12.3910559, 41.8985715], [12.3914951, 41.8986647], [12.3916881, 41.8987059], [12.391871, 41.8987471], [12.3927506, 41.8990024], [12.3928142, 41.8990408], [12.3928876, 41.8990895], [12.3929469, 41.8991322], [12.392994, 41.8991718], [12.39304, 41.8992158], [12.3930819, 41.8992568], [12.3931397, 41.8993079], [12.3937119, 41.8997724], [12.3937839, 41.8998415]], [[12.3937839, 41.8998415], [12.3942217, 41.9003304], [12.3945105, 41.9008962], [12.3945457, 41.9009744]], [[12.3945457, 41.9009744], [12.3949168, 41.9015905]]]}}, {"type": "Feature", "properties": {"id": "SS-ROM-2677", "nome": "Via Alessandro Seganti", "quartiere": "Municipio Roma XIII", "classificazione": "giallo", "score": 3, "note": "strada urbana senza ciclabile", "ciclabile": "no", "n_corsie": "2", "senso_unico": "no", "n_testimonianze": "0", "municipio": "XIII"}, "geometry": {"type": "LineString", "coordinates": [[12.3165969, 41.9048999], [12.3164619, 41.904859], [12.3164221, 41.9048503], [12.3163841, 41.9048448], [12.3163475, 41.9048423], [12.3163093, 41.9048408], [12.3159439, 41.9048475], [12.3158397, 41.9048469], [12.3157778, 41.9048443], [12.3157146, 41.9048397], [12.3156479, 41.9048337], [12.3155799, 41.9048257], [12.3155623, 41.9048229], [12.315544, 41.9048196], [12.3155283, 41.9048164], [12.3155119, 41.9048127], [12.3154805, 41.9048042], [12.3154492, 41.9047947], [12.3154112, 41.9047832], [12.3153484, 41.9047626], [12.3152279, 41.9047179], [12.3151134, 41.9046729], [12.3150337, 41.9046375], [12.3149936, 41.9046172], [12.3149561, 41.9045949], [12.3149254, 41.9045736], [12.3148946, 41.9045483], [12.3148347, 41.9044851], [12.3148074, 41.9044539], [12.3147828, 41.9044238], [12.3147589, 41.9043915], [12.3147375, 41.9043602], [12.3146608, 41.9042333], [12.3145932, 41.9041018], [12.3145148, 41.9039682], [12.3143948, 41.9037886], [12.3143381, 41.9037098], [12.3141487, 41.9034783], [12.3141187, 41.9034477], [12.3140913, 41.90342], [12.3140643, 41.903394], [12.3140372, 41.9033715], [12.314002, 41.9033449], [12.3139477, 41.9033057], [12.3136568, 41.9031096], [12.3135972, 41.9030673], [12.3135268, 41.9030127], [12.3129001, 41.9025103], [12.3128599, 41.902482], [12.3127223, 41.9023877], [12.3125676, 41.9022887], [12.3125323, 41.9022666], [12.3123342, 41.9021465], [12.3120036, 41.9019411], [12.3111782, 41.9014549], [12.311116, 41.9014211], [12.3110636, 41.9013949], [12.3108827, 41.9013121], [12.3108645, 41.901302], [12.3108474, 41.9012906], [12.3108212, 41.9012718], [12.3107973, 41.9012516], [12.3107874, 41.9012426], [12.3107795, 41.9012338], [12.3106256, 41.9010217], [12.3106055, 41.9009956], [12.3105905, 41.9009801], [12.3105741, 41.9009666], [12.3105553, 41.9009537], [12.3105346, 41.9009408], [12.3105131, 41.9009291], [12.3104897, 41.9009184], [12.3104694, 41.9009118], [12.3104495, 41.9009072], [12.3104282, 41.9009033], [12.3104072, 41.9009004], [12.3103859, 41.9008986], [12.3103704, 41.9008977], [12.310354, 41.9008972], [12.3093417, 41.9008822]]}}, {"type": "Feature", "properties": {"id": "SS-ROM-2703", "nome": "Via Alessio Ascalesi", "quartiere": "Municipio Roma XIII", "classificazione": "giallo", "score": 3, "note": "strada urbana senza ciclabile (1 corsie)", "ciclabile": "no", "n_corsie": "1", "senso_unico": "si", "n_testimonianze": "0", "municipio": "XIII"}, "geometry": {"type": "LineString", "coordinates": [[12.4144422, 41.9201643], [12.4144205, 41.9200422], [12.4141231, 41.918008], [12.4141064, 41.9178975], [12.4140938, 41.9178228], [12.4139951, 41.9171917], [12.4139893, 41.9171577], [12.4139115, 41.9165734]]}}, {"type": "Feature", "properties": {"id": "SS-ROM-2726", "nome": "Via Alfonso Splendore", "quartiere": "Municipio Roma XIII", "classificazione": "giallo", "score": 3, "note": "strada urbana senza ciclabile (1 corsie)", "ciclabile": "no", "n_corsie": "1", "senso_unico": "si", "n_testimonianze": "0", "municipio": "XIII"}, "geometry": {"type": "MultiLineString", "coordinates": [[[12.3876798, 41.9071801], [12.3877989, 41.9075099], [12.387823, 41.9075808]], [[12.3877321, 41.9070527], [12.3877083, 41.9070945], [12.3876928, 41.9071336], [12.3876798, 41.9071801]], [[12.3887915, 41.9102153], [12.3888418, 41.9103604], [12.3889332, 41.9106137], [12.3889598, 41.910688]], [[12.3876798, 41.9071801], [12.3876529, 41.9071529], [12.3876265, 41.9071316], [12.3876007, 41.9071121], [12.3875749, 41.9070926]], [[12.387823, 41.9075808], [12.3879182, 41.9078383], [12.3880722, 41.9082563], [12.3882776, 41.9088141], [12.3882946, 41.9088621], [12.3883175, 41.9089229], [12.3885445, 41.9095362], [12.3885682, 41.9095989], [12.3886118, 41.9097213], [12.3887915, 41.9102153]]]}}, {"type": "Feature", "properties": {"id": "SS-ROM-2772", "nome": "Via Almese", "quartiere": "Municipio Roma XIII", "classificazione": "giallo", "score": 3, "note": "strada urbana senza ciclabile", "ciclabile": "no", "n_corsie": "2", "senso_unico": "no", "n_testimonianze": "0", "municipio": "XIII"}, "geometry": {"type": "LineString", "coordinates": [[12.3917086, 41.9139878], [12.3930913, 41.9131154], [12.392839, 41.9128577], [12.3929276, 41.9125866]]}}, {"type": "Feature", "properties": {"id": "SS-ROM-2856", "nome": "Via Andersen", "quartiere": "Municipio Roma XIII", "classificazione": "giallo", "score": 3, "note": "strada urbana senza ciclabile (2 corsie)", "ciclabile": "no", "n_corsie": "2", "senso_unico": "si", "n_testimonianze": "0", "municipio": "XIII"}, "geometry": {"type": "MultiLineString", "coordinates": [[[12.3921072, 41.9183148], [12.39272, 41.9184105]], [[12.3967499, 41.9203236], [12.3968262, 41.9203495], [12.3968941, 41.9203748], [12.3969592, 41.9204002], [12.3971194, 41.9204635], [12.3972904, 41.9205329], [12.3974487, 41.920599]], [[12.3963508, 41.9203621], [12.3963263, 41.9203864], [12.3962948, 41.9204125], [12.3962377, 41.9204446], [12.3961736, 41.9204714], [12.3961163, 41.9204871], [12.3960402, 41.9204977], [12.3959864, 41.9204996], [12.395929, 41.9204956], [12.3958481, 41.9204833], [12.3957742, 41.9204559], [12.3957214, 41.9204286], [12.3956902, 41.9204075], [12.3956532, 41.9203795], [12.3956224, 41.9203461], [12.3955859, 41.9202928]], [[12.3952289, 41.9200741], [12.3953404, 41.9200678], [12.3954041, 41.9200598], [12.3954583, 41.9200498], [12.3955076, 41.9200345], [12.3955725, 41.9200109], [12.3956428, 41.9199793]], [[12.3964068, 41.9200695], [12.3965569, 41.9201942], [12.3967499, 41.9203236]], [[12.3955859, 41.9202928], [12.395546, 41.9202502], [12.395506, 41.9202117], [12.3954395, 41.9201585], [12.3953897, 41.9201303], [12.3953237, 41.9201022], [12.3952289, 41.9200741]], [[12.3967499, 41.9203236], [12.3966056, 41.9203115], [12.3965662, 41.9203109], [12.3965323, 41.9203131], [12.3964868, 41.9203204], [12.3964265, 41.9203362], [12.3963508, 41.9203621]], [[12.4063796, 41.9249054], [12.4063674, 41.9248839], [12.406354, 41.9248638], [12.4063272, 41.9248327], [12.4062882, 41.9247994], [12.4062546, 41.9247726], [12.4062325, 41.9247577], [12.4062068, 41.9247428], [12.4061694, 41.9247254], [12.4061231, 41.924708], [12.4060306, 41.9246718]], [[12.4060306, 41.9246718], [12.4062432, 41.924665], [12.4063015, 41.9246582], [12.4063885, 41.9246365], [12.4064862, 41.9246003], [12.4065235, 41.9245868], [12.406569, 41.9245713]], [[12.39272, 41.9184105], [12.3930972, 41.9184823], [12.3936603, 41.9185805], [12.3940275, 41.91865]], [[12.4039486, 41.9242637], [12.4038891, 41.9242991], [12.4038513, 41.9243184], [12.403818, 41.9243297], [12.4037925, 41.9243341], [12.4037597, 41.9243343], [12.4037238, 41.9243287], [12.4036436, 41.9243123], [12.4032623, 41.924236], [12.4030841, 41.9242014], [12.4025199, 41.9240879], [12.4021532, 41.9240162], [12.4021266, 41.9240093], [12.4020974, 41.9239978], [12.4020715, 41.9239829], [12.4020452, 41.9239581], [12.4020204, 41.923923], [12.4019889, 41.923863]], [[12.4019889, 41.923863], [12.4021125, 41.923823], [12.4021424, 41.9238185], [12.4021716, 41.9238169], [12.4022046, 41.923818], [12.4022402, 41.9238226], [12.4026598, 41.9239091], [12.4033302, 41.9240401], [12.4035073, 41.9240766], [12.4038855, 41.9241527], [12.4042437, 41.9242253], [12.4042826, 41.9242403], [12.40431, 41.9242582], [12.4043425, 41.9242893], [12.404395, 41.9243468]], [[12.3984386, 41.9218127], [12.3985758, 41.9217482]], [[12.3992086, 41.9227097], [12.3993505, 41.9226495]], [[12.4014559, 41.9236911], [12.4014068, 41.923773], [12.4013885, 41.9238025], [12.401006, 41.9236734], [12.4005302, 41.9235169], [12.400369, 41.9234592], [12.4002284, 41.9234106], [12.3999091, 41.9233051], [12.3997381, 41.9232503], [12.3997154, 41.9232425], [12.3996955, 41.9232348], [12.3996789, 41.923228], [12.3996636, 41.9232192], [12.3996478, 41.923208], [12.3996348, 41.9231978], [12.3996153, 41.9231783], [12.3995036, 41.923052], [12.3994094, 41.9229458], [12.3993045, 41.9228236], [12.3992086, 41.9227097], [12.3990366, 41.9225068], [12.3988359, 41.9222744], [12.3987955, 41.9222249], [12.3984386, 41.9218127], [12.3981853, 41.9215155], [12.3978665, 41.9211404], [12.3976984, 41.9209479], [12.3976526, 41.9208884], [12.3976124, 41.9208439], [12.3975735, 41.9208062], [12.3975403, 41.9207798], [12.3975131, 41.9207622], [12.3974825, 41.9207455], [12.3973683, 41.9206981], [12.3970767, 41.9205818], [12.3968834, 41.9205009]], [[12.3976526, 41.9208884], [12.3977956, 41.9208306]], [[12.3974487, 41.920599], [12.3975032, 41.9206218], [12.3975524, 41.9206447], [12.3976036, 41.9206715], [12.3976467, 41.9206963], [12.3976743, 41.9207145], [12.3977003, 41.9207333], [12.3977167, 41.920746], [12.3977339, 41.9207621], [12.3977488, 41.9207774], [12.3977736, 41.9208055], [12.3977956, 41.9208306], [12.3981841, 41.9212891], [12.3985758, 41.9217482], [12.3989673, 41.9222056], [12.3991766, 41.9224464], [12.3992808, 41.9225701], [12.3993505, 41.9226495], [12.3994167, 41.9227251], [12.3995377, 41.9228617], [12.3995904, 41.9229137], [12.3996447, 41.9229642], [12.3996998, 41.9230103], [12.3997358, 41.9230371], [12.3997676, 41.9230605], [12.3997997, 41.9230825], [12.3998345, 41.9231045], [12.3998638, 41.9231218], [12.3998971, 41.92314], [12.3999435, 41.9231656], [12.3999751, 41.9231816], [12.4000106, 41.9231977], [12.4000697, 41.9232208], [12.4001501, 41.9232493], [12.4003483, 41.9233173], [12.4004358, 41.9233472], [12.4006525, 41.9234204], [12.4013829, 41.9236669], [12.4014559, 41.9236911], [12.4016441, 41.9237569], [12.4017774, 41.9237988], [12.4019889, 41.923863], [12.4020449, 41.9238786], [12.4021003, 41.9238916], [12.4021809, 41.9239099], [12.4022589, 41.9239262], [12.4032986, 41.9241312], [12.4039486, 41.9242637], [12.404395, 41.9243468]], [[12.3964068, 41.9200695], [12.3964145, 41.9201317], [12.3964176, 41.9201653], [12.3964172, 41.9201824], [12.3964153, 41.9202041], [12.3964083, 41.9202343], [12.3963938, 41.920278], [12.3963779, 41.9203166], [12.3963508, 41.9203621]], [[12.3956428, 41.9199793], [12.3956789, 41.9199433], [12.3957099, 41.9199218], [12.3957384, 41.9199055], [12.3957902, 41.9198826], [12.3958537, 41.9198631], [12.3959191, 41.9198518], [12.3959844, 41.9198458], [12.3960406, 41.9198478], [12.3960875, 41.9198533], [12.3961458, 41.919866], [12.3961854, 41.9198788], [12.3962359, 41.9199007], [12.3962735, 41.9199234], [12.396305, 41.9199445], [12.3963295, 41.9199638], [12.3963557, 41.9199889], [12.3963748, 41.920014], [12.3963931, 41.9200418], [12.3964068, 41.9200695]], [[12.3955859, 41.9202928], [12.3955765, 41.9202157], [12.3955741, 41.9201607], [12.3955822, 41.9201187], [12.3955941, 41.9200841], [12.3956107, 41.920046], [12.3956428, 41.9199793]], [[12.404395, 41.9243468], [12.405208, 41.924511], [12.4053776, 41.9245417], [12.4060306, 41.9246718]], [[12.3944737, 41.9196816], [12.394493, 41.9197168], [12.3945091, 41.9197435], [12.394528, 41.9197706], [12.3945545, 41.9198018], [12.3945844, 41.9198294], [12.3946151, 41.9198547], [12.3946603, 41.9198846], [12.3947041, 41.9199121], [12.3947439, 41.9199348], [12.3947898, 41.9199587], [12.3948312, 41.9199791], [12.3948633, 41.9199926], [12.3949375, 41.9200177], [12.3949854, 41.9200309], [12.3950379, 41.920044], [12.3950938, 41.9200537], [12.3951436, 41.9200611], [12.3952289, 41.9200741]], [[12.3940275, 41.91865], [12.3940933, 41.9186799], [12.3941416, 41.9187074], [12.3941727, 41.9187281], [12.3942053, 41.918751], [12.3942402, 41.9187821], [12.3942623, 41.9188096], [12.3942796, 41.9188406], [12.3942906, 41.918867], [12.3943016, 41.9189002], [12.3943192, 41.9189692], [12.3943352, 41.919044], [12.394392, 41.9193856]], [[12.394392, 41.9193856], [12.3944009, 41.9194335]], [[12.3944009, 41.9194335], [12.3944141, 41.9195071], [12.3944267, 41.9195639], [12.3944331, 41.9195866], [12.394441, 41.9196093], [12.394457, 41.919646], [12.3944737, 41.9196816]]]}}, {"type": "Feature", "properties": {"id": "SS-ROM-2868", "nome": "Via Andrea Barbazza", "quartiere": "Municipio Roma XIII", "classificazione": "giallo", "score": 3, "note": "strada urbana senza ciclabile (2 corsie)", "ciclabile": "no", "n_corsie": "2", "senso_unico": "no", "n_testimonianze": "0", "municipio": "XIII"}, "geometry": {"type": "LineString", "coordinates": [[12.4129054, 41.9221434], [12.4122952, 41.9213798], [12.4121682, 41.9212094], [12.4119367, 41.920904], [12.4117823, 41.9207028], [12.4117607, 41.9206765], [12.4117409, 41.9206559], [12.411721, 41.9206403], [12.4117013, 41.9206285], [12.4116794, 41.9206225], [12.4116469, 41.9206226], [12.4114358, 41.9203749], [12.4112648, 41.9200174], [12.411244, 41.9199739], [12.4112305, 41.9199454], [12.4112038, 41.919889], [12.4104903, 41.9183836], [12.410372, 41.9181352], [12.4101489, 41.9176997], [12.4099104, 41.9172403], [12.4097725, 41.9169722], [12.4096349, 41.9167138]]}}, {"type": "Feature", "properties": {"id": "SS-ROM-2880", "nome": "Via Andrea Ferrara", "quartiere": "Municipio Roma XIII", "classificazione": "giallo", "score": 3, "note": "strada urbana senza ciclabile", "ciclabile": "no", "n_corsie": "2", "senso_unico": "no", "n_testimonianze": "0", "municipio": "XIII"}, "geometry": {"type": "LineString", "coordinates": [[12.4191975, 41.8935165], [12.4188024, 41.8932], [12.4175591, 41.8922279], [12.416598, 41.891508], [12.416353, 41.8913226], [12.4163165, 41.8912944]]}}, {"type": "Feature", "properties": {"id": "SS-ROM-2953", "nome": "Via Angelo Mai", "quartiere": "Municipio Roma XIII", "classificazione": "giallo", "score": 3, "note": "strada urbana senza ciclabile (1 corsie)", "ciclabile": "no", "n_corsie": "1", "senso_unico": "si", "n_testimonianze": "0", "municipio": "XIII"}, "geometry": {"type": "LineString", "coordinates": [[12.4167921, 41.9165601], [12.4158746, 41.9166371], [12.4150689, 41.9167027], [12.4149832, 41.9167105]]}}, {"type": "Feature", "properties": {"id": "SS-ROM-2957", "nome": "Via Angelo Maria Querini", "quartiere": "Municipio Roma XIII", "classificazione": "giallo", "score": 3, "note": "strada urbana senza ciclabile", "ciclabile": "no", "n_corsie": "2", "senso_unico": "no", "n_testimonianze": "0", "municipio": "XIII"}, "geometry": {"type": "LineString", "coordinates": [[12.4134197, 41.9220132], [12.4134613, 41.9222211], [12.4136787, 41.9227295], [12.4136949, 41.9227655]]}}, {"type": "Feature", "properties": {"id": "SS-ROM-2963", "nome": "Via Angelo Mosso", "quartiere": "Municipio Roma XIII", "classificazione": "giallo", "score": 3, "note": "strada urbana senza ciclabile (1 corsie)", "ciclabile": "no", "n_corsie": "1", "senso_unico": "si", "n_testimonianze": "0", "municipio": "XIII"}, "geometry": {"type": "MultiLineString", "coordinates": [[[12.4118967, 41.9261485], [12.4121225, 41.9262483], [12.412445, 41.926396]], [[12.4118967, 41.9261485], [12.4117114, 41.9260649], [12.4116265, 41.9260278], [12.4115579, 41.9259961], [12.4115169, 41.9259738], [12.411485, 41.9259514], [12.4114518, 41.9259219], [12.4114302, 41.9258915], [12.4114161, 41.9258612], [12.411409, 41.9258316], [12.411408, 41.9257945], [12.4114113, 41.925758], [12.4114154, 41.9257209], [12.4114836, 41.9252608], [12.4114925, 41.9251899], [12.4115659, 41.9247509], [12.411661, 41.9241577], [12.4117604, 41.9235272], [12.4117674, 41.9234836]]]}}, {"type": "Feature", "properties": {"id": "SS-ROM-3116", "nome": "Via Antonio Corseto", "quartiere": "Municipio Roma XIII", "classificazione": "giallo", "score": 3, "note": "strada urbana senza ciclabile (1 corsie)", "ciclabile": "no", "n_corsie": "1", "senso_unico": "no", "n_testimonianze": "0", "municipio": "XIII"}, "geometry": {"type": "LineString", "coordinates": [[12.4121889, 41.9225177], [12.4109271, 41.9209198]]}}, {"type": "Feature", "properties": {"id": "SS-ROM-3134", "nome": "Via Antonio Gandusio", "quartiere": "Municipio Roma XIII", "classificazione": "giallo", "score": 3, "note": "strada urbana senza ciclabile", "ciclabile": "no", "n_corsie": "2", "senso_unico": "no", "n_testimonianze": "0", "municipio": "XIII"}, "geometry": {"type": "LineString", "coordinates": [[12.413644, 41.9075177], [12.4129272, 41.9076787]]}}, {"type": "Feature", "properties": {"id": "SS-ROM-3146", "nome": "Via Antonio Lucci", "quartiere": "Municipio Roma XIII", "classificazione": "giallo", "score": 3, "note": "strada urbana senza ciclabile", "ciclabile": "no", "n_corsie": "2", "senso_unico": "no", "n_testimonianze": "0", "municipio": "XIII"}, "geometry": {"type": "LineString", "coordinates": [[12.3972415, 41.9128773], [12.3975515, 41.9130148], [12.3978638, 41.9131498], [12.3979977, 41.9132146], [12.3980511, 41.9132455], [12.3980968, 41.9132758], [12.3981281, 41.9133027], [12.3981549, 41.9133328], [12.3981863, 41.9133892], [12.3982065, 41.9134326], [12.3982299, 41.9134913]]}}, {"type": "Feature", "properties": {"id": "SS-ROM-3147", "nome": "Via Antonio Magarotto", "quartiere": "Municipio Roma XIII", "classificazione": "giallo", "score": 3, "note": "strada urbana senza ciclabile (2 corsie)", "ciclabile": "no", "n_corsie": "2", "senso_unico": "no", "n_testimonianze": "0", "municipio": "XIII"}, "geometry": {"type": "MultiLineString", "coordinates": [[[12.3960079, 41.91349], [12.3956215, 41.9132683], [12.3955864, 41.9132604], [12.3955513, 41.9132585], [12.3955148, 41.9132616], [12.3954811, 41.9132687], [12.3954235, 41.9132881], [12.3953659, 41.9133075], [12.3953188, 41.9133146], [12.3952718, 41.9133177], [12.3951778, 41.913316], [12.3946578, 41.9132818]], [[12.394474, 41.9121077], [12.3945657, 41.9121392], [12.3946494, 41.9121707], [12.3955596, 41.9126027], [12.3956585, 41.912596], [12.3959088, 41.9126142], [12.3964381, 41.9126315], [12.3966881, 41.9126455], [12.396708, 41.9126478], [12.3967293, 41.912652], [12.396749, 41.9126585], [12.3967659, 41.9126662], [12.3967825, 41.9126752], [12.3967984, 41.9126854], [12.3968097, 41.9126939], [12.3968197, 41.9127029], [12.3968291, 41.9127129], [12.3968372, 41.912724], [12.3968467, 41.9127416], [12.3968535, 41.9127593], [12.3968537, 41.91278], [12.3968502, 41.9127965], [12.3968414, 41.9128141], [12.3968306, 41.9128282], [12.3968157, 41.9128422], [12.3960079, 41.91349], [12.3949684, 41.9143418]]]}}, {"type": "Feature", "properties": {"id": "SS-ROM-3149", "nome": "Via Antonio Maglio", "quartiere": "Municipio Roma XIII", "classificazione": "giallo", "score": 3, "note": "strada urbana senza ciclabile (1 corsie)", "ciclabile": "no", "n_corsie": "1", "senso_unico": "si", "n_testimonianze": "0", "municipio": "XIII"}, "geometry": {"type": "MultiLineString", "coordinates": [[[12.3874373, 41.9068689], [12.3874484, 41.9067964], [12.387453, 41.9067527], [12.3874514, 41.9067104], [12.3874449, 41.9066766], [12.3874383, 41.9066488], [12.3874259, 41.9066183], [12.3874114, 41.9065892], [12.3873011, 41.9064479]], [[12.3873011, 41.9064479], [12.3872695, 41.9064284], [12.3872317, 41.9064068], [12.3871949, 41.9063821], [12.3871413, 41.9063426], [12.3870904, 41.9063007], [12.3870518, 41.9062613], [12.3870148, 41.9062197], [12.3869781, 41.9061696], [12.3869481, 41.9061131], [12.3869223, 41.9060539], [12.3869075, 41.9059956], [12.3868998, 41.9059492], [12.3868952, 41.9058867], [12.3869056, 41.9056508], [12.3869063, 41.9055842], [12.3869038, 41.9055203], [12.3868982, 41.9054542], [12.3868908, 41.9054011], [12.3868834, 41.9053492], [12.3868717, 41.9052867], [12.3868546, 41.9052123], [12.386839, 41.9051437]], [[12.3873011, 41.9064479], [12.3873423, 41.9064649], [12.3873795, 41.9064835], [12.3874181, 41.9065089], [12.3874486, 41.9065342], [12.3874778, 41.9065599], [12.387503, 41.906584], [12.3875431, 41.9066273], [12.3876378, 41.9067347], [12.3877302, 41.9068453]], [[12.3872945, 41.9055698], [12.3873145, 41.9055542], [12.3873375, 41.905542], [12.3873698, 41.9055332], [12.3873975, 41.9055313], [12.3874211, 41.9055304]], [[12.386839, 41.9051437], [12.3868887, 41.9051376], [12.3870273, 41.9051207], [12.3870486, 41.9051246], [12.3870622, 41.9051307], [12.387093, 41.9051617], [12.3871658, 41.905246], [12.387262, 41.9053573]], [[12.387262, 41.9053573], [12.3873036, 41.9053813], [12.3874211, 41.9055304]], [[12.386839, 41.9051437], [12.3868004, 41.9050308], [12.3867281, 41.9048621], [12.3866897, 41.904787], [12.3866451, 41.9047096], [12.3864477, 41.9044262], [12.3864301, 41.9043961], [12.3863639, 41.904265], [12.3863078, 41.9041506], [12.3862648, 41.9040687], [12.3862359, 41.9040064], [12.3862272, 41.9039873]], [[12.3874456, 41.9057535], [12.3874179, 41.9057561], [12.3873871, 41.9057565], [12.3873518, 41.9057496], [12.3873317, 41.9057366], [12.387317, 41.9057166], [12.3872945, 41.9055698]], [[12.3872945, 41.9055698], [12.387262, 41.9053573]], [[12.3874211, 41.9055304], [12.3875315, 41.9056707], [12.3875336, 41.9056872], [12.3875329, 41.9057007], [12.3875248, 41.9057204], [12.3875074, 41.9057362], [12.3874776, 41.9057474], [12.3874456, 41.9057535]]]}}, {"type": "Feature", "properties": {"id": "SS-ROM-3167", "nome": "Via Antonio Neviani", "quartiere": "Municipio Roma XIII", "classificazione": "giallo", "score": 3, "note": "strada urbana senza ciclabile", "ciclabile": "no", "n_corsie": "2", "senso_unico": "no", "n_testimonianze": "0", "municipio": "XIII"}, "geometry": {"type": "LineString", "coordinates": [[12.2940741, 41.9045037], [12.2934465, 41.9053719], [12.2921548, 41.9071588], [12.291861, 41.907552], [12.2917976, 41.9076311], [12.2917579, 41.9077073], [12.2917324, 41.9078206], [12.2917297, 41.9079229], [12.2917311, 41.9080726], [12.291778, 41.9085227], [12.2917975, 41.9086385], [12.2918209, 41.9087283], [12.2918578, 41.9088202], [12.2919001, 41.908909], [12.2919329, 41.9089574], [12.2919651, 41.9089968], [12.2920516, 41.9091011], [12.2922058, 41.9092618], [12.2949805, 41.9119454], [12.2950061, 41.9119704], [12.2950296, 41.9119943], [12.2950506, 41.9120196], [12.2950749, 41.9120506], [12.2952802, 41.9123468], [12.2953359, 41.912435], [12.2953967, 41.9125492], [12.2954651, 41.91269], [12.2955985, 41.9130349], [12.2956341, 41.9131192], [12.2956493, 41.9131577], [12.2956645, 41.9131965], [12.2960692, 41.9142104], [12.2960789, 41.9142473], [12.2962594, 41.9147146], [12.2964284, 41.9151505], [12.2970533, 41.9166037], [12.2970883, 41.9167209], [12.2971081, 41.9167711], [12.297128, 41.9168154], [12.2971687, 41.9168828], [12.2972013, 41.9169303], [12.2972156, 41.9169511], [12.2972339, 41.9169739], [12.2972509, 41.9169946], [12.2972719, 41.9170174], [12.2973209, 41.9170636], [12.2973752, 41.9171097], [12.2974349, 41.9171549], [12.2974892, 41.917198], [12.2975516, 41.917249], [12.2991219, 41.9185572], [12.2995171, 41.918873], [12.2996376, 41.9189693], [12.2998032, 41.9191016], [12.2998428, 41.9191375], [12.2998865, 41.9191793], [12.299921, 41.9192186], [12.2999447, 41.9192478], [12.2999651, 41.9192766], [12.2999815, 41.9193073], [12.2999927, 41.9193326], [12.3000026, 41.9193548], [12.3000547, 41.9195129], [12.3001495, 41.9198662], [12.3003156, 41.9204852], [12.300326, 41.9205274], [12.3003332, 41.9205655], [12.300339, 41.9206175], [12.3003392, 41.9206515], [12.3003381, 41.9206875], [12.3003344, 41.9207284], [12.3003293, 41.9207713], [12.300324, 41.9208059], [12.3003175, 41.9208369], [12.3003089, 41.9208699], [12.2998255, 41.9221411], [12.29979, 41.9222256], [12.2997491, 41.9223142], [12.2997125, 41.9223903], [12.2996169, 41.9225581], [12.299401, 41.9229293], [12.2990815, 41.9235418], [12.2990625, 41.9235649], [12.2990484, 41.9235784], [12.2990352, 41.9235877], [12.2990167, 41.9235965], [12.2989967, 41.9236021], [12.2989774, 41.9236051], [12.2989574, 41.9236059], [12.29894, 41.9236052], [12.2989182, 41.9236021], [12.2988893, 41.9235955], [12.2974864, 41.9231609], [12.2974008, 41.9231292], [12.2973126, 41.9230894], [12.2972451, 41.9230517], [12.297175, 41.9230059], [12.2969739, 41.9228546], [12.2965257, 41.9225459], [12.296507, 41.9225363], [12.2964857, 41.9225262], [12.2964683, 41.9225191], [12.2964483, 41.9225115], [12.2964093, 41.9225005], [12.2963831, 41.9224943], [12.2963556, 41.9224881], [12.2963261, 41.9224832], [12.2962932, 41.9224787], [12.2962661, 41.922476], [12.296237, 41.9224738], [12.2961733, 41.9224723], [12.296111, 41.9224734], [12.2960074, 41.9224798], [12.2958519, 41.9224894], [12.2947799, 41.922575], [12.2947159, 41.9225765], [12.2946781, 41.9225736], [12.2946379, 41.9225667], [12.2946013, 41.9225574], [12.2945588, 41.922543], [12.2945289, 41.9225298], [12.2945044, 41.9225161], [12.2944792, 41.9224991], [12.2943554, 41.9223901], [12.2942306, 41.9222769], [12.2933342, 41.921448], [12.2932616, 41.9213808], [12.2930171, 41.9211401], [12.2929287, 41.9210707], [12.2928563, 41.9210258], [12.2927659, 41.9209745], [12.2927584, 41.9209401], [12.2926162, 41.9207743], [12.2925787, 41.9207324], [12.2925559, 41.9207005], [12.2925384, 41.9206586], [12.2925277, 41.9206117], [12.2925425, 41.9205648], [12.292576, 41.9205149], [12.2926041, 41.920481], [12.2926363, 41.920439], [12.2927396, 41.9203542]]}}, {"type": "Feature", "properties": {"id": "SS-ROM-3171", "nome": "Via Antonio Pane", "quartiere": "Municipio Roma XIII", "classificazione": "giallo", "score": 3, "note": "strada urbana senza ciclabile (1 corsie)", "ciclabile": "no", "n_corsie": "1", "senso_unico": "si", "n_testimonianze": "0", "municipio": "XIII"}, "geometry": {"type": "MultiLineString", "coordinates": [[[12.3856888, 41.8968952], [12.3857251, 41.8969025], [12.385794, 41.8969174], [12.3858878, 41.8969326], [12.385961, 41.8969435]], [[12.385961, 41.8969435], [12.386034, 41.8969521], [12.3861029, 41.8969576], [12.386259, 41.8969667], [12.3864091, 41.8969728], [12.3865645, 41.8969762], [12.3866015, 41.8969827], [12.3866303, 41.8969922], [12.3866519, 41.8970043], [12.3866654, 41.8970148], [12.3866787, 41.8970314], [12.386688, 41.8970479], [12.3866973, 41.8970642], [12.3867016, 41.8970819], [12.3867016, 41.8971043], [12.3866956, 41.8971458], [12.3866457, 41.8974087], [12.3865773, 41.8979024], [12.386534, 41.8982242], [12.3865308, 41.8982508], [12.3865286, 41.8982896], [12.38653, 41.8983265], [12.3865341, 41.8983614], [12.3865404, 41.8984041], [12.3865494, 41.8984434], [12.3865591, 41.8984774], [12.3865688, 41.8985044], [12.3865895, 41.8985503], [12.3866416, 41.8986658], [12.3866676, 41.8987152], [12.3867007, 41.8987715], [12.3867272, 41.8988101], [12.3867718, 41.8988704], [12.38681, 41.8989154], [12.3868348, 41.8989462], [12.3868636, 41.8989783], [12.3868964, 41.8990119], [12.3869511, 41.8990629], [12.38705, 41.8991491], [12.3870911, 41.8991802], [12.3871936, 41.8992647], [12.387236, 41.899301], [12.3872805, 41.8993434], [12.3873236, 41.8993896], [12.3873597, 41.8994343], [12.3873743, 41.8994547], [12.3873868, 41.8994751], [12.3873986, 41.8994962], [12.3874855, 41.8997026], [12.3875005, 41.8997443], [12.3875077, 41.8997794], [12.3875139, 41.8998136], [12.3875174, 41.8998518], [12.387528, 41.8999504], [12.3875287, 41.9000279], [12.387524, 41.9000999], [12.3875137, 41.9001749], [12.3874869, 41.9003373], [12.3874831, 41.9003829], [12.3874848, 41.900407], [12.3874878, 41.90043], [12.3874938, 41.9004504], [12.3875025, 41.9004704], [12.3875267, 41.9005101], [12.3875574, 41.9005385], [12.3877107, 41.9006736], [12.3878736, 41.9008218], [12.3879215, 41.9008615], [12.3879784, 41.9009031], [12.3881606, 41.9010226], [12.388242, 41.9010791], [12.3883153, 41.9011357], [12.3883403, 41.901161], [12.3883626, 41.9011853], [12.3883859, 41.901213], [12.3884064, 41.9012408], [12.3884239, 41.90127], [12.3884387, 41.9012982], [12.3886294, 41.9017787], [12.3887481, 41.9020599], [12.3887764, 41.9021362], [12.3887994, 41.9022144], [12.3888054, 41.9022486], [12.3888087, 41.9022828], [12.388808, 41.9023115], [12.3888045, 41.9023402], [12.3887968, 41.9023665], [12.3887863, 41.9023918], [12.3887759, 41.9024125], [12.3887601, 41.9024343], [12.3887407, 41.9024555], [12.3887159, 41.9024768], [12.3886878, 41.9024975], [12.388657, 41.9025178], [12.3886224, 41.9025378], [12.3885818, 41.9025591], [12.3884725, 41.902606]], [[12.386019, 41.8987044], [12.3865895, 41.8985503]]]}}, {"type": "Feature", "properties": {"id": "SS-ROM-3208", "nome": "Via Antonio Stella", "quartiere": "Municipio Roma XIII", "classificazione": "giallo", "score": 3, "note": "strada urbana senza ciclabile", "ciclabile": "no", "n_corsie": "2", "senso_unico": "no", "n_testimonianze": "0", "municipio": "XIII"}, "geometry": {"type": "LineString", "coordinates": [[12.4107555, 41.9254842], [12.4110531, 41.9253057], [12.4111321, 41.9253011], [12.411242, 41.9253083], [12.4113277, 41.9253156]]}}, {"type": "Feature", "properties": {"id": "SS-ROM-3263", "nome": "Via Apricale", "quartiere": "Municipio Roma XIII", "classificazione": "giallo", "score": 3, "note": "strada urbana senza ciclabile (1 corsie)", "ciclabile": "no", "n_corsie": "1", "senso_unico": "si", "n_testimonianze": "0", "municipio": "XIII"}, "geometry": {"type": "MultiLineString", "coordinates": [[[12.4054447, 41.9109977], [12.4057037, 41.9108895], [12.4058546, 41.9108149]], [[12.4058546, 41.9108149], [12.4060483, 41.9109001], [12.4062322, 41.9110367], [12.4063016, 41.9110972], [12.4064289, 41.9112463], [12.4069685, 41.9118842], [12.4074941, 41.9125178], [12.4075072, 41.9125375], [12.4075204, 41.9125608], [12.4075293, 41.9125811], [12.4075352, 41.9126015], [12.407541, 41.9126314], [12.4075437, 41.9126601], [12.4075428, 41.9126945], [12.4075388, 41.9127185], [12.4075339, 41.9127437], [12.4075227, 41.9127634], [12.4075053, 41.9127809], [12.4074901, 41.9127919], [12.4074703, 41.9128041], [12.4071064, 41.912956], [12.4070855, 41.9129638], [12.4070428, 41.9129804]], [[12.4051298, 41.9096553], [12.4050815, 41.9098951], [12.4054195, 41.9099202], [12.4054849, 41.9099455], [12.4055343, 41.9099888], [12.4056106, 41.9101194], [12.4057218, 41.9103105], [12.4057678, 41.9103358], [12.4058621, 41.9103452]], [[12.4042985, 41.90877], [12.4043034, 41.9088257], [12.4043455, 41.9089126], [12.4044117, 41.9089759], [12.4052494, 41.9095413], [12.4054789, 41.9097094], [12.4055453, 41.9097768], [12.4055854, 41.9098249], [12.4056926, 41.9099758], [12.4058207, 41.9101786], [12.4058443, 41.9102419], [12.4058621, 41.9103452], [12.4058658, 41.9103996], [12.4058546, 41.9108149]]]}}, {"type": "Feature", "properties": {"id": "SS-ROM-3293", "nome": "Via Arcola", "quartiere": "Municipio Roma XIII", "classificazione": "giallo", "score": 3, "note": "strada urbana senza ciclabile", "ciclabile": "no", "n_corsie": "2", "senso_unico": "no", "n_testimonianze": "0", "municipio": "XIII"}, "geometry": {"type": "LineString", "coordinates": [[12.4063658, 41.9122683], [12.4061581, 41.9123335], [12.4060991, 41.9123584], [12.4060374, 41.9123894], [12.4060029, 41.9124127], [12.4059697, 41.91244], [12.4059422, 41.9124667], [12.4059033, 41.9125091], [12.4057609, 41.9126788], [12.4051958, 41.9132915]]}}, {"type": "Feature", "properties": {"id": "SS-ROM-3343", "nome": "Via Arizzano", "quartiere": "Municipio Roma XIII", "classificazione": "giallo", "score": 3, "note": "strada urbana senza ciclabile", "ciclabile": "no", "n_corsie": "2", "senso_unico": "no", "n_testimonianze": "0", "municipio": "XIII"}, "geometry": {"type": "LineString", "coordinates": [[12.3914387, 41.9259701], [12.3915347, 41.9259618], [12.3916225, 41.9259591], [12.3917102, 41.9259575], [12.391798, 41.9259578], [12.3923106, 41.9259668], [12.3922988, 41.9256741]]}}, {"type": "Feature", "properties": {"id": "SS-ROM-3352", "nome": "Via Armando Falconi", "quartiere": "Municipio Roma XIII", "classificazione": "giallo", "score": 3, "note": "strada urbana senza ciclabile (1 corsie)", "ciclabile": "no", "n_corsie": "1", "senso_unico": "no", "n_testimonianze": "0", "municipio": "XIII"}, "geometry": {"type": "LineString", "coordinates": [[12.4150061, 41.9102022], [12.4151066, 41.9101921], [12.4153643, 41.9101811], [12.4153608, 41.9101052], [12.4153516, 41.9099787], [12.4153232, 41.9097292], [12.4153035, 41.9094395], [12.4153997, 41.9092934], [12.4154333, 41.9092644], [12.4155353, 41.909191], [12.4156005, 41.9091634], [12.4157199, 41.9091094]]}}, {"type": "Feature", "properties": {"id": "SS-ROM-3359", "nome": "Via Arnaldo Canepa", "quartiere": "Municipio Roma XIII", "classificazione": "giallo", "score": 3, "note": "strada urbana senza ciclabile (2 corsie)", "ciclabile": "no", "n_corsie": "2", "senso_unico": "no", "n_testimonianze": "0", "municipio": "XIII"}, "geometry": {"type": "LineString", "coordinates": [[12.3972783, 41.912708], [12.3972488, 41.9127417], [12.3971579, 41.9128457], [12.3971151, 41.912892], [12.3970934, 41.912909], [12.3970672, 41.9129272], [12.3970355, 41.9129432], [12.3970066, 41.912957], [12.3969731, 41.9129707], [12.3968245, 41.9130283], [12.3967785, 41.9130501], [12.3961403, 41.9135786], [12.3961256, 41.9135991], [12.396118, 41.9136212], [12.3961166, 41.9136587], [12.3961209, 41.913697], [12.3961406, 41.9137395], [12.3961785, 41.9137851], [12.396214, 41.9138151], [12.3967657, 41.9142268], [12.3972988, 41.9146317], [12.397318, 41.9146423], [12.3973385, 41.9146518], [12.397361, 41.9146584], [12.3973875, 41.914663], [12.3974096, 41.9146648], [12.3974316, 41.9146647], [12.3974523, 41.914662], [12.397473, 41.9146574], [12.3974898, 41.9146483], [12.3975066, 41.9146361], [12.3975322, 41.9146049], [12.3977771, 41.9142649]]}}, {"type": "Feature", "properties": {"id": "SS-ROM-3372", "nome": "Via Arona", "quartiere": "Municipio Roma XIII", "classificazione": "blu", "score": 2, "note": "zona pedonale / living street", "ciclabile": "no", "n_corsie": "1", "senso_unico": "si", "n_testimonianze": "0", "municipio": "XIII"}, "geometry": {"type": "MultiLineString", "coordinates": [[[12.3710639, 41.9160032], [12.3710486, 41.9162446], [12.3710095, 41.916859]], [[12.3710095, 41.916859], [12.3710695, 41.91708], [12.3708973, 41.9183558], [12.3708372, 41.9188744], [12.3707557, 41.9195787]]]}}, {"type": "Feature", "properties": {"id": "SS-ROM-3405", "nome": "Via Arturo Pompeati Luchini", "quartiere": "Municipio Roma XIII", "classificazione": "giallo", "score": 3, "note": "strada urbana senza ciclabile (1 corsie)", "ciclabile": "no", "n_corsie": "1", "senso_unico": "si", "n_testimonianze": "0", "municipio": "XIII"}, "geometry": {"type": "MultiLineString", "coordinates": [[[12.2619335, 41.90914], [12.2619775, 41.9090645], [12.2620552, 41.9089825], [12.2621525, 41.9088643], [12.2621739, 41.9088378], [12.2621879, 41.9088163], [12.2621993, 41.9087956], [12.262208, 41.9087746], [12.2622332, 41.908681]], [[12.2634777, 41.9078732], [12.2629612, 41.9083382]], [[12.2619335, 41.90914], [12.2617115, 41.90935], [12.2614527, 41.9096368], [12.2611447, 41.9099922], [12.2610108, 41.9101384], [12.2609575, 41.9101885], [12.2608911, 41.910249], [12.2608229, 41.9103048], [12.2607328, 41.9103764], [12.2606019, 41.9104633], [12.2605619, 41.910486], [12.2605166, 41.9105098], [12.2604747, 41.9105273], [12.2604461, 41.9105385], [12.2604023, 41.9105521], [12.2603622, 41.9105621], [12.2602726, 41.910577], [12.2602128, 41.9105854], [12.2601463, 41.9105938], [12.2600215, 41.9106059], [12.2597948, 41.9106222], [12.2576584, 41.9107399], [12.2572845, 41.9107644], [12.2546504, 41.9109156], [12.2537212, 41.9109707], [12.2536051, 41.9109778], [12.2535041, 41.9109883], [12.2534072, 41.9110004], [12.253312, 41.9110152], [12.2532439, 41.9110263], [12.2531571, 41.9110451], [12.2530575, 41.9110723], [12.2528923, 41.9111216], [12.2525453, 41.9112295], [12.2523114, 41.9113053], [12.2521424, 41.9113631], [12.2520109, 41.9114086], [12.251882, 41.9114527], [12.2516605, 41.9115276], [12.2515276, 41.9115707], [12.2511657, 41.9116807], [12.2510015, 41.9117286], [12.2508946, 41.9117614], [12.2507941, 41.9117955], [12.2506764, 41.9118445], [12.250505, 41.9119337], [12.2503509, 41.9120269], [12.2502076, 41.9121416], [12.250083, 41.9122713], [12.2500379, 41.912329]], [[12.2624542, 41.9088441], [12.262134, 41.9090223]], [[12.2629612, 41.9083382], [12.2629285, 41.9083912], [12.2628551, 41.908523], [12.2628429, 41.908547], [12.2628327, 41.9085701], [12.2628229, 41.9085945], [12.262815, 41.9086179], [12.2628002, 41.9086757], [12.2627925, 41.908734], [12.2627873, 41.9088386]], [[12.2627254, 41.9089279], [12.2625328, 41.9089266], [12.2624861, 41.9089281], [12.2624368, 41.9089315], [12.2624094, 41.9089347], [12.2623868, 41.908938], [12.2623621, 41.9089427], [12.2623421, 41.9089474], [12.262134, 41.9090223]], [[12.2393718, 41.9177081], [12.2380705, 41.9182246], [12.236895, 41.9187056], [12.2362817, 41.9189603], [12.2360226, 41.91906], [12.2357474, 41.9191477], [12.2355268, 41.9192047], [12.2353008, 41.9192537], [12.2350841, 41.9192929], [12.2348567, 41.9193281], [12.2347466, 41.9193412], [12.2346284, 41.9193504], [12.2345065, 41.9193561], [12.234372, 41.9193606], [12.2342571, 41.9193631], [12.2341489, 41.9193635], [12.2339084, 41.9193584], [12.2337748, 41.9193516], [12.2336566, 41.9193429], [12.2335507, 41.9193337], [12.2334368, 41.9193215], [12.2333379, 41.9193072], [12.2332349, 41.9192908], [12.2331454, 41.9192745], [12.2330518, 41.9192561], [12.2328895, 41.9192195], [12.2327299, 41.9191769], [12.2325747, 41.9191283], [12.2324221, 41.9190737]], [[12.262134, 41.9090223], [12.2620006, 41.9090988], [12.2619335, 41.90914]], [[12.2324221, 41.9190737], [12.2320351, 41.9188703], [12.2312852, 41.9184577], [12.2300404, 41.9177507], [12.2296664, 41.9174793]], [[12.2629612, 41.9083382], [12.2628965, 41.9083861], [12.2628599, 41.9084171], [12.2628299, 41.9084462], [12.2628, 41.9084793], [12.2627716, 41.9085122], [12.2627478, 41.9085485], [12.2626704, 41.9086591]], [[12.2496046, 41.9129369], [12.2495387, 41.9129349], [12.2494721, 41.9129378], [12.2494062, 41.9129449], [12.2493413, 41.9129563], [12.2492779, 41.9129717], [12.2492086, 41.9129879]], [[12.2500379, 41.912329], [12.2499946, 41.9124193], [12.2499583, 41.9124992], [12.2499183, 41.9126037], [12.2499148, 41.9126636], [12.249927, 41.9127298]], [[12.2492086, 41.9129879], [12.2491462, 41.9130076], [12.2489209, 41.9130832], [12.2485509, 41.9132347], [12.2478762, 41.9134985], [12.2477811, 41.9135365], [12.2471409, 41.9137704], [12.2465322, 41.9139921], [12.2460482, 41.9141795], [12.2459225, 41.9142323], [12.2457884, 41.9142919], [12.2453973, 41.9144789], [12.2446933, 41.9148747], [12.2437722, 41.9154151], [12.2420709, 41.9163572], [12.2414158, 41.9167335], [12.2413345, 41.9167786], [12.2412623, 41.9168188], [12.2411874, 41.916859], [12.2410706, 41.9169207], [12.2409608, 41.9169786], [12.2408032, 41.9170585], [12.2404353, 41.9172449], [12.24039, 41.9172667], [12.2403621, 41.9172801], [12.2402849, 41.9173163], [12.2402008, 41.9173544], [12.2401126, 41.9173935], [12.2399678, 41.9174607], [12.2397976, 41.9175313], [12.2393718, 41.9177081]], [[12.2497507, 41.9126559], [12.2498044, 41.9126188], [12.2498544, 41.9125719], [12.2498918, 41.9125209], [12.2499695, 41.9124051], [12.2500379, 41.912329]], [[12.2492086, 41.9129879], [12.2492748, 41.912961], [12.2493348, 41.9129352], [12.2493916, 41.9129055], [12.2494446, 41.9128722], [12.2494935, 41.9128356], [12.2495323, 41.9127954]]]}}, {"type": "Feature", "properties": {"id": "SS-ROM-3434", "nome": "Via Asterio", "quartiere": "Municipio Roma XIII", "classificazione": "giallo", "score": 3, "note": "strada urbana senza ciclabile", "ciclabile": "no", "n_corsie": "2", "senso_unico": "no", "n_testimonianze": "0", "municipio": "XIII"}, "geometry": {"type": "LineString", "coordinates": [[12.3670374, 41.9152641], [12.3668109, 41.9156226], [12.3667029, 41.9157925], [12.3665513, 41.9160443], [12.3665324, 41.9160802], [12.3663331, 41.9163805], [12.3660541, 41.9168453], [12.3660061, 41.9169069], [12.3658705, 41.9170764], [12.3658455, 41.9171069], [12.3658139, 41.91714], [12.3654907, 41.9174649], [12.365413, 41.9175247], [12.3652799, 41.9176793], [12.3650868, 41.917873], [12.3647259, 41.9182]]}}, {"type": "Feature", "properties": {"id": "SS-ROM-3443", "nome": "Via Atenulfo", "quartiere": "Municipio Roma XIII", "classificazione": "giallo", "score": 3, "note": "strada urbana senza ciclabile", "ciclabile": "no", "n_corsie": "2", "senso_unico": "no", "n_testimonianze": "0", "municipio": "XIII"}, "geometry": {"type": "LineString", "coordinates": [[12.3456185, 41.908159], [12.3454399, 41.9083334], [12.3454134, 41.9083643], [12.345396, 41.9083895], [12.3453785, 41.9084197], [12.3453712, 41.908445], [12.345368, 41.9084662], [12.34537, 41.9084864], [12.345375, 41.9084997], [12.3453802, 41.9085091], [12.3453873, 41.9085173], [12.3453949, 41.9085254], [12.345404, 41.9085326], [12.3454755, 41.9085769], [12.3455118, 41.9085943], [12.3455299, 41.9086012], [12.3455453, 41.9086056], [12.3455658, 41.9086101], [12.3455854, 41.9086132], [12.3456025, 41.908615], [12.34568, 41.9086174]]}}, {"type": "Feature", "properties": {"id": "SS-ROM-3499", "nome": "Via Augusto Graziani", "quartiere": "Municipio Roma XIII", "classificazione": "giallo", "score": 3, "note": "strada urbana senza ciclabile", "ciclabile": "no", "n_corsie": "2", "senso_unico": "no", "n_testimonianze": "0", "municipio": "XIII"}, "geometry": {"type": "MultiLineString", "coordinates": [[[12.3512434, 41.9197164], [12.3511341, 41.9196579], [12.351075, 41.9196359], [12.3510334, 41.9196269], [12.3509993, 41.9196193], [12.3509629, 41.9196108], [12.3509324, 41.9196043], [12.3508931, 41.9195913], [12.3508533, 41.9195753], [12.3508115, 41.9195598], [12.3507625, 41.9195377], [12.3506976, 41.919499], [12.3506592, 41.9194773], [12.3506404, 41.9194684], [12.3506176, 41.91946], [12.350586, 41.9194511], [12.3505694, 41.9194497], [12.3505469, 41.9194444], [12.3505269, 41.9194424], [12.350503, 41.9194409], [12.3504711, 41.9194384], [12.3504326, 41.9194403], [12.3504103, 41.9194431], [12.3503913, 41.9194454], [12.3503629, 41.9194482], [12.350335, 41.9194495], [12.3503171, 41.9194527], [12.3502888, 41.9194592], [12.3502573, 41.9194642], [12.3502152, 41.9194646], [12.3501843, 41.9194623], [12.3501331, 41.9194607], [12.3499481, 41.9194311]], [[12.3533728, 41.9183799], [12.3525346, 41.9187041], [12.3520801, 41.9188799], [12.3517765, 41.9189977], [12.3510227, 41.9192815], [12.3510682, 41.9193966], [12.3512434, 41.9197164], [12.3512999, 41.9198181], [12.3514023, 41.920003], [12.3514723, 41.9201457], [12.351525, 41.9202388]]]}}, {"type": "Feature", "properties": {"id": "SS-ROM-3508", "nome": "Via Augusto Persichetti", "quartiere": "Municipio Roma XIII", "classificazione": "giallo", "score": 3, "note": "strada urbana senza ciclabile", "ciclabile": "no", "n_corsie": "2", "senso_unico": "no", "n_testimonianze": "0", "municipio": "XIII"}, "geometry": {"type": "MultiLineString", "coordinates": [[[12.3417198, 41.8827621], [12.3416849, 41.8827939], [12.3416181, 41.8828631], [12.3416024, 41.8828812], [12.3415831, 41.8829002], [12.3415704, 41.88291], [12.3415577, 41.8829194], [12.3415432, 41.8829289], [12.3415225, 41.8829405], [12.3414994, 41.8829498], [12.3414752, 41.882959], [12.341448, 41.8829656], [12.3414173, 41.8829714]], [[12.3413463, 41.8857752], [12.3413468, 41.8857847], [12.341347, 41.8857963], [12.3413459, 41.8858075], [12.3413435, 41.8858222], [12.3413324, 41.8858624], [12.3412939, 41.8859623], [12.3412705, 41.8860261], [12.3412479, 41.8860643], [12.3412153, 41.886101], [12.3411936, 41.8861193], [12.3411639, 41.8861376], [12.3411351, 41.8861535], [12.3411063, 41.8861655], [12.3410558, 41.886185], [12.3403934, 41.8863771], [12.3402011, 41.8864408], [12.3401718, 41.8864519], [12.340145, 41.8864623], [12.3401195, 41.8864737], [12.340082, 41.8864964], [12.3400484, 41.8865248], [12.3400148, 41.8865602], [12.3399767, 41.8866089], [12.3399603, 41.8866362], [12.3399465, 41.8866635], [12.3399355, 41.8866867], [12.3399271, 41.8867099], [12.3399156, 41.8867554], [12.3398939, 41.8868607], [12.339892, 41.8868974], [12.3398958, 41.8869328], [12.3399062, 41.8869641], [12.3399189, 41.8869883], [12.3399813, 41.8870736], [12.3400606, 41.887177], [12.3400694, 41.8871953], [12.3400738, 41.887211], [12.3400777, 41.8872304], [12.3400789, 41.8872509], [12.3400728, 41.8872782], [12.3400613, 41.8873064], [12.3400423, 41.8873321], [12.3400139, 41.8873588], [12.3399881, 41.887378], [12.339937, 41.8874111], [12.3398164, 41.8874798], [12.3397948, 41.8874929], [12.3397752, 41.8875077], [12.3397568, 41.8875225], [12.3397309, 41.887552], [12.3397102, 41.8875888], [12.3396928, 41.8876384], [12.3396867, 41.8876873], [12.339686, 41.8877331], [12.3396936, 41.8877787], [12.3397065, 41.8878213], [12.3397229, 41.8878624], [12.3397399, 41.8878916], [12.3397569, 41.8879179], [12.3398897, 41.8880815], [12.340119, 41.8883757], [12.3401346, 41.8883896], [12.340149, 41.8883983], [12.3401583, 41.8884016], [12.3401707, 41.8884044], [12.3401873, 41.8884051], [12.3402127, 41.8884034], [12.3402243, 41.888402], [12.3402344, 41.8883995], [12.3402463, 41.8883957], [12.3402569, 41.8883914], [12.3402671, 41.8883858], [12.3402759, 41.8883804], [12.3402839, 41.8883743], [12.3402916, 41.888367], [12.340301, 41.8883555], [12.3403454, 41.8882894], [12.3404153, 41.8881786], [12.3404372, 41.8881489], [12.340462, 41.8881214], [12.3404868, 41.8880989], [12.3405154, 41.8880809], [12.340548, 41.8880618], [12.3405829, 41.8880471], [12.3406217, 41.8880314], [12.3406625, 41.8880176], [12.3407033, 41.8880047], [12.3407521, 41.8879919], [12.3408022, 41.887981], [12.3408615, 41.8879713], [12.3410642, 41.8879423], [12.3414696, 41.8879004], [12.3417211, 41.8878779], [12.3417859, 41.8878755], [12.3418452, 41.8878751], [12.3419024, 41.8878787], [12.3419529, 41.8878863], [12.3419985, 41.8879004], [12.34204, 41.8879175], [12.3420778, 41.887939], [12.3421116, 41.8879625], [12.3421447, 41.8879933], [12.3421738, 41.888024], [12.3421961, 41.8880518], [12.3422748, 41.8881591], [12.3425953, 41.8885914], [12.3427011, 41.8887609], [12.3429492, 41.8891638], [12.3430266, 41.8893691], [12.3431154, 41.8895212], [12.3431922, 41.8896547], [12.3432696, 41.8897878], [12.3432875, 41.8898467], [12.3433, 41.8899016], [12.343312, 41.8899687], [12.3433187, 41.8900317], [12.3434032, 41.8906635], [12.3434244, 41.8907498], [12.3434432, 41.890803], [12.34347, 41.8908622], [12.3434933, 41.8909081], [12.3435246, 41.89096], [12.3435702, 41.8910225], [12.3436211, 41.8910809], [12.3436774, 41.8911428], [12.3445049, 41.8919319], [12.3445648, 41.8919891], [12.3449908, 41.8924125], [12.3453313, 41.8927509], [12.3453737, 41.8927834], [12.3454215, 41.8928119], [12.3454971, 41.8928529], [12.3455544, 41.8928777], [12.3455905, 41.892891], [12.3456249, 41.8929021], [12.3456621, 41.8929112], [12.3457125, 41.8929223], [12.3458409, 41.892941], [12.347512, 41.8930818], [12.3475501, 41.8930856], [12.3475857, 41.8930913], [12.3476147, 41.8930967], [12.3476385, 41.8931036], [12.3476599, 41.8931132], [12.3476776, 41.8931245], [12.3476953, 41.8931379], [12.3477315, 41.893177], [12.3479648, 41.8934056], [12.3485818, 41.8940571]], [[12.3414173, 41.8829714], [12.3414735, 41.8829192], [12.3414911, 41.8828988], [12.3415057, 41.8828754], [12.3415118, 41.8828583], [12.3415146, 41.8828425], [12.3415155, 41.8828291], [12.3415143, 41.8828163], [12.3415125, 41.8828015], [12.3415076, 41.8827881]], [[12.3484295, 41.8932176], [12.3479648, 41.8934056]], [[12.3414173, 41.8829714], [12.3407857, 41.8831017], [12.3407396, 41.8831101], [12.3407098, 41.8831178], [12.3406836, 41.8831325], [12.3406662, 41.8831529], [12.3406573, 41.8831745], [12.3406514, 41.8831992], [12.3406342, 41.8832588], [12.340553, 41.8833952], [12.3405331, 41.8834367], [12.3405047, 41.8834789], [12.3404524, 41.8835456], [12.340332, 41.88368], [12.3402724, 41.8837572], [12.3402639, 41.8837725], [12.340257, 41.8837887], [12.340251, 41.8838077], [12.3402451, 41.8838459], [12.3402328, 41.8842783], [12.3402371, 41.8843155], [12.340244, 41.8843487], [12.3402563, 41.8843819], [12.3402759, 41.884418], [12.3403053, 41.8844649], [12.3403722, 41.8845495], [12.3412775, 41.885604], [12.3413025, 41.8856407], [12.3413285, 41.8857005]], [[12.3413285, 41.8857005], [12.3413463, 41.8857752]]]}}, {"type": "Feature", "properties": {"id": "SS-ROM-3515", "nome": "Via Augusto Tebaldi", "quartiere": "Municipio Roma XIII", "classificazione": "giallo", "score": 3, "note": "strada urbana senza ciclabile (1 corsie)", "ciclabile": "no", "n_corsie": "1", "senso_unico": "si", "n_testimonianze": "0", "municipio": "XIII"}, "geometry": {"type": "MultiLineString", "coordinates": [[[12.4129324, 41.9272852], [12.4134942, 41.9277228], [12.4135335, 41.9277535], [12.4139261, 41.9280768], [12.4141496, 41.928261], [12.4142084, 41.9283122], [12.4145603, 41.9285941], [12.414964, 41.9289259], [12.4153074, 41.9292141], [12.4153348, 41.9292385]], [[12.4182421, 41.931909], [12.4183337, 41.9317776], [12.4176901, 41.9311892]], [[12.4176901, 41.9311892], [12.4176083, 41.931127], [12.4169733, 41.9305805]], [[12.4157201, 41.929555], [12.4161106, 41.9298711], [12.4161671, 41.929917], [12.4165901, 41.9302654]], [[12.415485, 41.9293584], [12.4155145, 41.9293828], [12.4157201, 41.929555]], [[12.4110948, 41.9269659], [12.4111904, 41.9269562], [12.4113396, 41.9269396], [12.4113625, 41.9269376], [12.4113812, 41.9269379], [12.4113987, 41.9269413], [12.4114115, 41.9269452], [12.4114281, 41.92695], [12.4114415, 41.9269548], [12.4114662, 41.9269599], [12.411495, 41.9269595], [12.4121323, 41.9268762]], [[12.4153348, 41.9292385], [12.415485, 41.9293584]], [[12.4165901, 41.9302654], [12.4169733, 41.9305805]], [[12.4121323, 41.9268762], [12.4121758, 41.9268852], [12.4123177, 41.9269574], [12.4129324, 41.9272852]]]}}, {"type": "Feature", "properties": {"id": "SS-ROM-3529", "nome": "Via Aureliano Pertile", "quartiere": "Municipio Roma XIII", "classificazione": "giallo", "score": 3, "note": "strada urbana senza ciclabile", "ciclabile": "no", "n_corsie": "2", "senso_unico": "no", "n_testimonianze": "0", "municipio": "XIII"}, "geometry": {"type": "LineString", "coordinates": [[12.4116773, 41.9110239], [12.4125861, 41.9109443]]}}, {"type": "Feature", "properties": {"id": "SS-ROM-3547", "nome": "Via Avegno", "quartiere": "Municipio Roma XIII", "classificazione": "giallo", "score": 3, "note": "strada urbana senza ciclabile", "ciclabile": "no", "n_corsie": "2", "senso_unico": "no", "n_testimonianze": "0", "municipio": "XIII"}, "geometry": {"type": "LineString", "coordinates": [[12.4015207, 41.884948], [12.4017838, 41.8850637], [12.4022312, 41.8843953], [12.4022484, 41.8843684], [12.4022663, 41.8843356], [12.4022805, 41.8843037], [12.4022906, 41.8842719], [12.4022957, 41.8842399], [12.4022968, 41.8842089], [12.4022926, 41.8841804], [12.4022843, 41.8841519], [12.4022722, 41.8841214], [12.4022548, 41.8840918], [12.4022334, 41.8840667], [12.4022093, 41.8840436], [12.4021901, 41.8840293], [12.4021682, 41.884016], [12.4021456, 41.8840037], [12.4021217, 41.8839924], [12.4018579, 41.883878], [12.4018476, 41.8838716], [12.4018386, 41.8838646], [12.401832, 41.8838563], [12.4018274, 41.8838481], [12.4018256, 41.88384], [12.4018264, 41.8838299], [12.401829, 41.883821], [12.4018335, 41.8838107], [12.4021009, 41.8833472], [12.4021655, 41.8833705], [12.4026621, 41.8835592]]}}, {"type": "Feature", "properties": {"id": "SS-ROM-3560", "nome": "Via Avolasca", "quartiere": "Municipio Roma XIII", "classificazione": "giallo", "score": 3, "note": "strada urbana senza ciclabile", "ciclabile": "no", "n_corsie": "2", "senso_unico": "no", "n_testimonianze": "0", "municipio": "XIII"}, "geometry": {"type": "LineString", "coordinates": [[12.3832034, 41.8924805], [12.3839112, 41.8917417]]}}, {"type": "Feature", "properties": {"id": "SS-ROM-3565", "nome": "Via Azzano d'Asti", "quartiere": "Municipio Roma XIII", "classificazione": "giallo", "score": 3, "note": "strada urbana senza ciclabile (2 corsie)", "ciclabile": "no", "n_corsie": "2", "senso_unico": "no", "n_testimonianze": "0", "municipio": "XIII"}, "geometry": {"type": "LineString", "coordinates": [[12.3905218, 41.927855], [12.3876782, 41.9273815]]}}, {"type": "Feature", "properties": {"id": "SS-ROM-3572", "nome": "Via Baceno", "quartiere": "Municipio Roma XIII", "classificazione": "giallo", "score": 3, "note": "strada urbana senza ciclabile", "ciclabile": "no", "n_corsie": "2", "senso_unico": "no", "n_testimonianze": "0", "municipio": "XIII"}, "geometry": {"type": "LineString", "coordinates": [[12.3697225, 41.9121687], [12.3697461, 41.9122066], [12.369857, 41.9130043], [12.3700139, 41.9137496], [12.3700733, 41.9139976], [12.3702156, 41.9145914]]}}, {"type": "Feature", "properties": {"id": "SS-ROM-3581", "nome": "Via Bagnasco", "quartiere": "Municipio Roma XIII", "classificazione": "giallo", "score": 3, "note": "strada urbana senza ciclabile", "ciclabile": "no", "n_corsie": "2", "senso_unico": "no", "n_testimonianze": "0", "municipio": "XIII"}, "geometry": {"type": "LineString", "coordinates": [[12.373178, 41.9285443], [12.3744939, 41.9283593], [12.3758674, 41.9282202]]}}, {"type": "Feature", "properties": {"id": "SS-ROM-3603", "nome": "Via Balestrino", "quartiere": "Municipio Roma XIII", "classificazione": "giallo", "score": 3, "note": "strada urbana senza ciclabile", "ciclabile": "no", "n_corsie": "2", "senso_unico": "no", "n_testimonianze": "0", "municipio": "XIII"}, "geometry": {"type": "MultiLineString", "coordinates": [[[12.4015207, 41.884948], [12.4015502, 41.8849089], [12.4016994, 41.8846967], [12.4018485, 41.8844779], [12.4019354, 41.8843208]], [[12.401049, 41.885491], [12.4012936, 41.8852028], [12.4014812, 41.8849943], [12.4015207, 41.884948]]]}}, {"type": "Feature", "properties": {"id": "SS-ROM-3606", "nome": "Via Balmuccia", "quartiere": "Municipio Roma XIII", "classificazione": "giallo", "score": 3, "note": "strada urbana senza ciclabile (2 corsie)", "ciclabile": "no", "n_corsie": "2", "senso_unico": "no", "n_testimonianze": "0", "municipio": "XIII"}, "geometry": {"type": "LineString", "coordinates": [[12.3918288, 41.9118389], [12.3919733, 41.9118829], [12.3920669, 41.9119174], [12.3920855, 41.9119296]]}}, {"type": "Feature", "properties": {"id": "SS-ROM-3607", "nome": "Via Balocco", "quartiere": "Municipio Roma XIII", "classificazione": "giallo", "score": 3, "note": "strada urbana senza ciclabile", "ciclabile": "no", "n_corsie": "2", "senso_unico": "no", "n_testimonianze": "0", "municipio": "XIII"}, "geometry": {"type": "LineString", "coordinates": [[12.3905648, 41.9235523], [12.3905585, 41.9236495], [12.3905497, 41.9244945], [12.3905395, 41.9250412]]}}, {"type": "Feature", "properties": {"id": "SS-ROM-3610", "nome": "Via Balzola", "quartiere": "Municipio Roma XIII", "classificazione": "giallo", "score": 3, "note": "strada urbana senza ciclabile", "ciclabile": "no", "n_corsie": "2", "senso_unico": "no", "n_testimonianze": "0", "municipio": "XIII"}, "geometry": {"type": "LineString", "coordinates": [[12.3636983, 41.925206], [12.3637096, 41.9252372], [12.363809, 41.9255123], [12.3638519, 41.9256097], [12.3639163, 41.925725], [12.3639991, 41.9258333], [12.3640936, 41.9259371], [12.3644855, 41.9263684], [12.3645994, 41.9264824], [12.3643448, 41.9266137]]}}, {"type": "Feature", "properties": {"id": "SS-ROM-3617", "nome": "Via Barbaresco", "quartiere": "Municipio Roma XIII", "classificazione": "giallo", "score": 3, "note": "strada urbana senza ciclabile", "ciclabile": "no", "n_corsie": "2", "senso_unico": "no", "n_testimonianze": "0", "municipio": "XIII"}, "geometry": {"type": "LineString", "coordinates": [[12.3939024, 41.8966588], [12.3949461, 41.8969654], [12.3955373, 41.8971429]]}}, {"type": "Feature", "properties": {"id": "SS-ROM-3623", "nome": "Via Bardonecchia", "quartiere": "Municipio Roma XIII", "classificazione": "giallo", "score": 3, "note": "strada urbana senza ciclabile (2 corsie)", "ciclabile": "no", "n_corsie": "2", "senso_unico": "si", "n_testimonianze": "0", "municipio": "XIII"}, "geometry": {"type": "LineString", "coordinates": [[12.4121761, 41.8992107], [12.4131138, 41.8998528], [12.413139, 41.8998701]]}}, {"type": "Feature", "properties": {"id": "SS-ROM-3629", "nome": "Via Barge", "quartiere": "Municipio Roma XIII", "classificazione": "giallo", "score": 3, "note": "strada urbana senza ciclabile", "ciclabile": "no", "n_corsie": "2", "senso_unico": "no", "n_testimonianze": "0", "municipio": "XIII"}, "geometry": {"type": "LineString", "coordinates": [[12.3955251, 41.8988271], [12.3964897, 41.8984531]]}}, {"type": "Feature", "properties": {"id": "SS-ROM-3637", "nome": "Via Barolo", "quartiere": "Municipio Roma XIII", "classificazione": "giallo", "score": 3, "note": "strada urbana senza ciclabile", "ciclabile": "no", "n_corsie": "2", "senso_unico": "no", "n_testimonianze": "0", "municipio": "XIII"}, "geometry": {"type": "MultiLineString", "coordinates": [[[12.3720154, 41.9271265], [12.3722832, 41.9287533]], [[12.3034181, 41.8113653], [12.3052831, 41.8123926]]]}}, {"type": "Feature", "properties": {"id": "SS-ROM-3658", "nome": "Via Bartolomeo Dusi", "quartiere": "Municipio Roma XIII", "classificazione": "giallo", "score": 3, "note": "strada urbana senza ciclabile", "ciclabile": "no", "n_corsie": "2", "senso_unico": "no", "n_testimonianze": "0", "municipio": "XIII"}, "geometry": {"type": "LineString", "coordinates": [[12.4152063, 41.8939271], [12.4147974, 41.8940436], [12.4144766, 41.8941338], [12.414334, 41.8941702], [12.4142779, 41.8941881], [12.4142358, 41.894207], [12.4141897, 41.8942319], [12.4141526, 41.8942556], [12.4141088, 41.8942882], [12.4139842, 41.8943922], [12.4139434, 41.8944373], [12.4136458, 41.8947266], [12.4136079, 41.8947635]]}}, {"type": "Feature", "properties": {"id": "SS-ROM-3700", "nome": "Via Bassignana", "quartiere": "Municipio Roma XIII", "classificazione": "giallo", "score": 3, "note": "strada urbana senza ciclabile", "ciclabile": "no", "n_corsie": "2", "senso_unico": "no", "n_testimonianze": "0", "municipio": "XIII"}, "geometry": {"type": "LineString", "coordinates": [[12.3531563, 41.9179942], [12.3538042, 41.9177808], [12.3543946, 41.9176003], [12.3549689, 41.9174051], [12.355622, 41.917177]]}}, {"type": "Feature", "properties": {"id": "SS-ROM-3709", "nome": "Via Baveno", "quartiere": "Municipio Roma XIII", "classificazione": "giallo", "score": 3, "note": "strada urbana senza ciclabile", "ciclabile": "no", "n_corsie": "2", "senso_unico": "no", "n_testimonianze": "0", "municipio": "XIII"}, "geometry": {"type": "MultiLineString", "coordinates": [[[12.3710095, 41.916859], [12.3706328, 41.9172919], [12.3704372, 41.9175187], [12.3703289, 41.9176413], [12.3698479, 41.9175838], [12.3698305, 41.9175832], [12.3698126, 41.9175843], [12.3697961, 41.9175879], [12.3697831, 41.9175936], [12.3697718, 41.9176039], [12.3697638, 41.9176163], [12.3697584, 41.917629], [12.3697563, 41.9176415], [12.3697013, 41.9179917], [12.3696956, 41.9180065], [12.3696881, 41.9180186], [12.3696823, 41.9180328], [12.3696774, 41.9180445], [12.3696636, 41.9180566], [12.3696367, 41.9180606], [12.3696211, 41.9180576], [12.3696006, 41.9180549], [12.3695868, 41.9180536], [12.3695742, 41.918051], [12.3690801, 41.9179396]], [[12.3690801, 41.9179396], [12.3686573, 41.918998], [12.3686356, 41.9190573], [12.3686042, 41.9191086]]]}}, {"type": "Feature", "properties": {"id": "SS-ROM-3720", "nome": "Via Beinasco", "quartiere": "Municipio Roma XIII", "classificazione": "blu", "score": 2, "note": "accesso limitato (ZTL)", "ciclabile": "no", "n_corsie": "1", "senso_unico": "no", "n_testimonianze": "0", "municipio": "XIII"}, "geometry": {"type": "LineString", "coordinates": [[12.3903282, 41.916332], [12.390412, 41.9162723], [12.3908088, 41.9159901], [12.3908936, 41.9159374], [12.3909764, 41.9158923], [12.3910392, 41.9158632], [12.391106, 41.9158352], [12.3911728, 41.9158123], [12.3912417, 41.9157909], [12.391375, 41.9157576], [12.3915023, 41.9157362], [12.3917282, 41.9157067], [12.3919436, 41.915689], [12.3920738, 41.9156825], [12.3922111, 41.9156863], [12.3923474, 41.9156964], [12.3924298, 41.9157104], [12.3924959, 41.9157229], [12.3925864, 41.9157458], [12.3927065, 41.9157806], [12.3928254, 41.9158179], [12.3929688, 41.915868], [12.3930547, 41.9159072], [12.3930959, 41.9159286], [12.3931309, 41.915947], [12.3931825, 41.9159752], [12.3932198, 41.9159974], [12.3932785, 41.9160415], [12.3933554, 41.9161044], [12.3935487, 41.9162725]]}}, {"type": "Feature", "properties": {"id": "SS-ROM-3744", "nome": "Via Belvedere Montello", "quartiere": "Municipio Roma XIII", "classificazione": "rosso", "score": 4, "note": "strada secondaria trafficata (4 corsie)", "ciclabile": "no", "n_corsie": "4", "senso_unico": "no", "n_testimonianze": "0", "municipio": "XIII"}, "geometry": {"type": "MultiLineString", "coordinates": [[[12.3953974, 41.9164749], [12.3943395, 41.9157547], [12.3933199, 41.9150773], [12.3923121, 41.9143829], [12.3922741, 41.9143559]], [[12.3905438, 41.9131352], [12.3903342, 41.9129585]], [[12.3906277, 41.9132067], [12.3905438, 41.9131352]], [[12.3907865, 41.9133472], [12.3906277, 41.9132067]], [[12.3921108, 41.9142478], [12.3920687, 41.9142206], [12.3917086, 41.9139878], [12.3916004, 41.9139161], [12.3908407, 41.9133948], [12.3907865, 41.9133472]]]}}, {"type": "Feature", "properties": {"id": "SS-ROM-3751", "nome": "Via Benedetto Aloisi Masella", "quartiere": "Municipio Roma XIII", "classificazione": "giallo", "score": 3, "note": "strada urbana senza ciclabile (2 corsie)", "ciclabile": "no", "n_corsie": "2", "senso_unico": "si", "n_testimonianze": "0", "municipio": "XIII"}, "geometry": {"type": "MultiLineString", "coordinates": [[[12.4111078, 41.9169621], [12.4110419, 41.9169082], [12.410991, 41.9168746], [12.4109466, 41.9168511], [12.4109013, 41.9168315], [12.4108439, 41.9168144], [12.4107611, 41.9167997], [12.4106654, 41.9167909], [12.4105233, 41.916776]], [[12.4105233, 41.916776], [12.4106369, 41.9167034], [12.4107006, 41.9166657], [12.410721, 41.9166504], [12.4107367, 41.9166362], [12.4107514, 41.9166196], [12.4107646, 41.9166041], [12.4107887, 41.916566], [12.4108023, 41.9165412], [12.4108144, 41.9165176], [12.4108576, 41.9163973]], [[12.4109688, 41.9166462], [12.4108669, 41.9166795], [12.4108218, 41.9166932], [12.4106733, 41.9167352], [12.4105233, 41.916776]], [[12.4105233, 41.916776], [12.4104853, 41.9167777], [12.4104497, 41.9167772], [12.4104154, 41.9167731], [12.4103843, 41.916768], [12.4103517, 41.9167616], [12.4103219, 41.9167542], [12.4102899, 41.9167426], [12.4102601, 41.9167296], [12.4102385, 41.916719], [12.4102179, 41.916706], [12.4101949, 41.9166911], [12.410174, 41.916673], [12.4101575, 41.9166534], [12.4101408, 41.9166308], [12.4097246, 41.9157643], [12.4096307, 41.9155735], [12.4094803, 41.9152479], [12.4093905, 41.9150687], [12.409343, 41.9149694], [12.4093073, 41.9149165], [12.4092606, 41.9148516], [12.4092151, 41.9148117], [12.4091696, 41.9147814], [12.4091227, 41.9147568], [12.4090718, 41.9147361], [12.4090177, 41.9147225], [12.4089331, 41.9147064], [12.4088869, 41.9147027], [12.4088423, 41.9147024], [12.408797, 41.914705], [12.4087487, 41.9147111], [12.4087154, 41.9147175], [12.4086782, 41.9147253], [12.4086377, 41.9147374], [12.4085857, 41.9147578]], [[12.4085857, 41.9147578], [12.4085536, 41.9147745], [12.4085167, 41.9147961], [12.4084835, 41.9148212], [12.4084421, 41.914856], [12.4082489, 41.9150282], [12.4080762, 41.915188], [12.4078327, 41.9153905], [12.4077236, 41.9154685]]]}}, {"type": "Feature", "properties": {"id": "SS-ROM-3765", "nome": "Via Benedetto Tredicesimo", "quartiere": "Municipio Roma XIII", "classificazione": "giallo", "score": 3, "note": "strada urbana senza ciclabile", "ciclabile": "no", "n_corsie": "2", "senso_unico": "no", "n_testimonianze": "0", "municipio": "XIII"}, "geometry": {"type": "LineString", "coordinates": [[12.4123902, 41.9135632], [12.4123714, 41.9136365], [12.4123567, 41.913687], [12.4121222, 41.9144719], [12.4126, 41.9145502], [12.4125684, 41.9146421]]}}, {"type": "Feature", "properties": {"id": "SS-ROM-3796", "nome": "Via Bernardino Bolasco", "quartiere": "Municipio Roma XIII", "classificazione": "giallo", "score": 3, "note": "strada urbana senza ciclabile", "ciclabile": "no", "n_corsie": "2", "senso_unico": "no", "n_testimonianze": "0", "municipio": "XIII"}, "geometry": {"type": "LineString", "coordinates": [[12.3165969, 41.9048999], [12.3164226, 41.9052972], [12.3162642, 41.9056596], [12.3162314, 41.9057675], [12.3162176, 41.9058234], [12.3162092, 41.9058713], [12.3162034, 41.9059245], [12.3162003, 41.9059876], [12.3161969, 41.9060555], [12.3161946, 41.9063183], [12.3161728, 41.9067973], [12.3161388, 41.9075441], [12.3161405, 41.907567], [12.3161454, 41.9075857], [12.3161505, 41.9075995], [12.3161617, 41.9076217], [12.3161757, 41.90764], [12.3161934, 41.907658], [12.3162138, 41.907672], [12.3162305, 41.9076814], [12.3162522, 41.9076891], [12.3162733, 41.9076948], [12.3163024, 41.9076998], [12.3182255, 41.9079707], [12.3182917, 41.9079808], [12.3183419, 41.9079885], [12.3183867, 41.9079962], [12.318463, 41.9080116], [12.3185042, 41.9080205], [12.3185415, 41.9080305], [12.3185774, 41.9080404], [12.3186176, 41.9080535], [12.3186564, 41.9080667], [12.3187006, 41.9080842], [12.3193688, 41.9083813], [12.3202667, 41.909018], [12.3203066, 41.9090468], [12.3203466, 41.9090786], [12.3203832, 41.9091069], [12.3204198, 41.9091382], [12.3207435, 41.9094209], [12.3207715, 41.9094505], [12.3207974, 41.9094816], [12.3208233, 41.9095127], [12.3208465, 41.9095477], [12.3208672, 41.9095848], [12.3208805, 41.9096099], [12.3209306, 41.9097159], [12.3209484, 41.9097591], [12.3209635, 41.9098013], [12.3209771, 41.909848], [12.320988, 41.9098937], [12.3211106, 41.9105731], [12.3212057, 41.9112161], [12.3212183, 41.9113013], [12.3212271, 41.9113523], [12.3214152, 41.9124924], [12.3215017, 41.9130166], [12.3216127, 41.9136905]]}}, {"type": "Feature", "properties": {"id": "SS-ROM-3803", "nome": "Via Bernardino Spada", "quartiere": "Municipio Roma XIII", "classificazione": "giallo", "score": 3, "note": "strada urbana senza ciclabile (1 corsie)", "ciclabile": "no", "n_corsie": "1", "senso_unico": "si", "n_testimonianze": "0", "municipio": "XIII"}, "geometry": {"type": "LineString", "coordinates": [[12.4123814, 41.92074], [12.4126032, 41.9210168], [12.4121682, 41.9212094]]}}, {"type": "Feature", "properties": {"id": "SS-ROM-3818", "nome": "Via Bernardo da Bibbiena", "quartiere": "Municipio Roma XIII", "classificazione": "giallo", "score": 3, "note": "strada urbana senza ciclabile (1 corsie)", "ciclabile": "no", "n_corsie": "1", "senso_unico": "si", "n_testimonianze": "0", "municipio": "XIII"}, "geometry": {"type": "MultiLineString", "coordinates": [[[12.4139115, 41.9165734], [12.4141795, 41.9165535], [12.4142451, 41.9165532], [12.414349, 41.9165557]], [[12.4139115, 41.9165734], [12.4127778, 41.9166585], [12.4127207, 41.9166615], [12.4126602, 41.9166578], [12.412603, 41.9166484], [12.4123352, 41.9165758], [12.4120004, 41.9164675], [12.4117527, 41.9164416], [12.4115668, 41.9164638]], [[12.4115668, 41.9164638], [12.4111125, 41.9166034], [12.4109688, 41.9166462]]]}}, {"type": "Feature", "properties": {"id": "SS-ROM-3820", "nome": "Via Bernezzo", "quartiere": "Municipio Roma XIII", "classificazione": "giallo", "score": 3, "note": "strada urbana senza ciclabile", "ciclabile": "no", "n_corsie": "2", "senso_unico": "no", "n_testimonianze": "0", "municipio": "XIII"}, "geometry": {"type": "LineString", "coordinates": [[12.3833458, 41.9167885], [12.3839795, 41.9168962]]}}, {"type": "Feature", "properties": {"id": "SS-ROM-3829", "nome": "Via Beverino", "quartiere": "Municipio Roma XIII", "classificazione": "giallo", "score": 3, "note": "strada urbana senza ciclabile (2 corsie)", "ciclabile": "no", "n_corsie": "2", "senso_unico": "no", "n_testimonianze": "0", "municipio": "XIII"}, "geometry": {"type": "LineString", "coordinates": [[12.3994856, 41.9111047], [12.3995326, 41.9110951], [12.3996578, 41.9110697], [12.399685, 41.9110644], [12.3997494, 41.9110508], [12.3999091, 41.9110173], [12.4004627, 41.9109066], [12.4012471, 41.9107566], [12.4020603, 41.910601], [12.4020977, 41.9105939], [12.4035128, 41.9103288], [12.4035546, 41.9103209], [12.403609, 41.9103105]]}}, {"type": "Feature", "properties": {"id": "SS-ROM-3861", "nome": "Via Bistagno", "quartiere": "Municipio Roma XIII", "classificazione": "giallo", "score": 3, "note": "strada urbana senza ciclabile", "ciclabile": "no", "n_corsie": "2", "senso_unico": "no", "n_testimonianze": "0", "municipio": "XIII"}, "geometry": {"type": "LineString", "coordinates": [[12.3963273, 41.9075854], [12.396629, 41.907372], [12.3966646, 41.9073434], [12.3966847, 41.9073241], [12.3966977, 41.907309], [12.396711, 41.9072825], [12.3969015, 41.9068226], [12.3970518, 41.9065372], [12.3970701, 41.9065089], [12.3970895, 41.9064841], [12.3972043, 41.9063777], [12.3972211, 41.9063668], [12.3972311, 41.9063606], [12.3972494, 41.9063523], [12.3972666, 41.9063495], [12.3972814, 41.9063484], [12.397302, 41.9063493], [12.3973237, 41.9063549], [12.3973407, 41.9063615], [12.3973592, 41.906371], [12.3973754, 41.9063804], [12.3976087, 41.9065307], [12.3984687, 41.9071176], [12.3984778, 41.907125], [12.3984847, 41.9071334], [12.3984887, 41.9071425], [12.3984906, 41.9071517], [12.3984877, 41.9071593], [12.3984828, 41.9071648], [12.3984737, 41.9071699], [12.3984595, 41.9071759], [12.3982358, 41.9072683], [12.3978473, 41.9074425], [12.3974337, 41.9076106], [12.397041, 41.9077758], [12.39693, 41.9078188], [12.396891, 41.9078312], [12.3968466, 41.9078409], [12.3968245, 41.9078442], [12.3968012, 41.9078467], [12.3967739, 41.9078488], [12.3967432, 41.9078482], [12.3967208, 41.907845], [12.3966958, 41.9078386], [12.3966738, 41.9078326], [12.3966411, 41.9078205], [12.3966073, 41.9078043], [12.3965725, 41.9077816], [12.3964889, 41.9077156], [12.3963273, 41.9075854], [12.3958473, 41.9079182]]}}, {"type": "Feature", "properties": {"id": "SS-ROM-3883", "nome": "Via Bogliasco", "quartiere": "Municipio Roma XIII", "classificazione": "giallo", "score": 3, "note": "strada urbana senza ciclabile", "ciclabile": "no", "n_corsie": "2", "senso_unico": "no", "n_testimonianze": "0", "municipio": "XIII"}, "geometry": {"type": "MultiLineString", "coordinates": [[[12.4023737, 41.8865929], [12.4023043, 41.8866431], [12.4018956, 41.886956], [12.4016232, 41.8871578], [12.4015203, 41.8872116], [12.4013966, 41.8872615], [12.4011339, 41.8873924], [12.4010774, 41.8874892], [12.4010533, 41.8875311], [12.4009455, 41.8877274], [12.4008526, 41.8878422], [12.400618, 41.8880618], [12.4006016, 41.8880768], [12.399996, 41.8886314]], [[12.4011339, 41.8873924], [12.4010178, 41.8873553], [12.4008919, 41.8873151], [12.4005663, 41.8871612], [12.4002754, 41.8870299], [12.4000903, 41.886946], [12.3999455, 41.88693], [12.3997792, 41.88693], [12.3996505, 41.886966], [12.3994868, 41.8870199], [12.3993822, 41.8871497], [12.3993125, 41.8872735], [12.399342, 41.8873314], [12.3994343, 41.8874421]], [[12.3994343, 41.8874421], [12.3995103, 41.8875215], [12.3996471, 41.8876173], [12.399728, 41.8876624], [12.3999084, 41.8877559], [12.4000876, 41.887851]]]}}, {"type": "Feature", "properties": {"id": "SS-ROM-3884", "nome": "Via Bogogno", "quartiere": "Municipio Roma XIII", "classificazione": "giallo", "score": 3, "note": "strada urbana senza ciclabile", "ciclabile": "no", "n_corsie": "2", "senso_unico": "no", "n_testimonianze": "0", "municipio": "XIII"}, "geometry": {"type": "MultiLineString", "coordinates": [[[12.3951552, 41.9238477], [12.3967721, 41.9231728]], [[12.3949232, 41.923942], [12.3951552, 41.9238477]]]}}, {"type": "Feature", "properties": {"id": "SS-ROM-3918", "nome": "Via Bonvicino", "quartiere": "Municipio Roma XIII", "classificazione": "blu", "score": 2, "note": "zona pedonale / living street", "ciclabile": "no", "n_corsie": "1", "senso_unico": "no", "n_testimonianze": "0", "municipio": "XIII"}, "geometry": {"type": "LineString", "coordinates": [[12.3919476, 41.8999933], [12.3922645, 41.8998984]]}}, {"type": "Feature", "properties": {"id": "SS-ROM-3926", "nome": "Via Borghetto di Vara", "quartiere": "Municipio Roma XIII", "classificazione": "giallo", "score": 3, "note": "strada urbana senza ciclabile", "ciclabile": "no", "n_corsie": "2", "senso_unico": "no", "n_testimonianze": "0", "municipio": "XIII"}, "geometry": {"type": "LineString", "coordinates": [[12.4034937, 41.8862888], [12.4035114, 41.8862584], [12.4035717, 41.8861566], [12.4035982, 41.8861212], [12.4036181, 41.8860994], [12.4036441, 41.8860762], [12.4036807, 41.8860498], [12.4037217, 41.8860231], [12.4038175, 41.8859652], [12.4039132, 41.88591], [12.403985, 41.8858728], [12.4040332, 41.8858504], [12.4040752, 41.8858341]]}}, {"type": "Feature", "properties": {"id": "SS-ROM-3927", "nome": "Via Borgiallo", "quartiere": "Municipio Roma XIII", "classificazione": "giallo", "score": 3, "note": "strada urbana senza ciclabile", "ciclabile": "no", "n_corsie": "2", "senso_unico": "no", "n_testimonianze": "0", "municipio": "XIII"}, "geometry": {"type": "MultiLineString", "coordinates": [[[12.3854725, 41.9013142], [12.3855947, 41.9012621]], [[12.3855947, 41.9012621], [12.3858671, 41.9011403], [12.3865944, 41.9007943]]]}}, {"type": "Feature", "properties": {"id": "SS-ROM-3933", "nome": "Via Borgo Ticino", "quartiere": "Municipio Roma XIII", "classificazione": "giallo", "score": 3, "note": "strada urbana senza ciclabile (2 corsie)", "ciclabile": "no", "n_corsie": "2", "senso_unico": "no", "n_testimonianze": "0", "municipio": "XIII"}, "geometry": {"type": "MultiLineString", "coordinates": [[[12.3729869, 41.9161534], [12.3729806, 41.9161889], [12.3729623, 41.9163416], [12.372931, 41.9166025], [12.3729066, 41.9168055], [12.3728127, 41.9175877], [12.3727486, 41.918088], [12.3726888, 41.9186229], [12.3726819, 41.9186804], [12.3726753, 41.9187356], [12.372668, 41.9187968]], [[12.3726552, 41.9189585], [12.372668, 41.9187968]], [[12.3726434, 41.9190952], [12.3731308, 41.9191348]], [[12.3726434, 41.9190952], [12.3726552, 41.9189585]], [[12.3731308, 41.9191348], [12.3736801, 41.9191776]]]}}, {"type": "Feature", "properties": {"id": "SS-ROM-3940", "nome": "Via Borgosesia", "quartiere": "Municipio Roma XIII", "classificazione": "giallo", "score": 3, "note": "strada urbana senza ciclabile (2 corsie)", "ciclabile": "no", "n_corsie": "2", "senso_unico": "no", "n_testimonianze": "0", "municipio": "XIII"}, "geometry": {"type": "MultiLineString", "coordinates": [[[12.3654212, 41.9100496], [12.3653341, 41.9099706], [12.3652946, 41.9099311], [12.3652725, 41.9099096], [12.3652141, 41.9098292], [12.365152, 41.9097345], [12.3648924, 41.9093055], [12.3645458, 41.9087562], [12.36423, 41.9082423], [12.3635344, 41.9071073], [12.3634399, 41.9069685], [12.3634108, 41.9069223], [12.3633656, 41.9068678], [12.3633171, 41.9068127], [12.3632701, 41.9067656], [12.3632192, 41.906728], [12.3631528, 41.9066918], [12.3630858, 41.9066582], [12.3630276, 41.9066353], [12.3629342, 41.9066071], [12.362861, 41.9065949], [12.3627978, 41.9065888], [12.3627425, 41.9065878], [12.3626764, 41.9065911], [12.3626161, 41.9065999], [12.3625661, 41.9066105], [12.3624982, 41.9066336], [12.3623422, 41.9067148], [12.3620813, 41.9068622], [12.3617987, 41.9070272], [12.3616534, 41.9071206], [12.3615995, 41.9071587], [12.3615691, 41.9071882], [12.361553, 41.9072097], [12.3615406, 41.9072242], [12.3615322, 41.907241], [12.3615243, 41.9072598], [12.3615172, 41.9072831], [12.3615155, 41.907304], [12.3615196, 41.9073451], [12.3615285, 41.9073758], [12.3615413, 41.9074059], [12.3615662, 41.9074276], [12.3615891, 41.9074447], [12.3616157, 41.9074628], [12.3616546, 41.9074773], [12.3616834, 41.9074839], [12.3617143, 41.9074882], [12.3617547, 41.90749], [12.3617931, 41.9074898], [12.3618301, 41.9074846], [12.361863, 41.9074795], [12.3619113, 41.907466], [12.36196, 41.9074548], [12.3620556, 41.907425], [12.3621929, 41.9073837], [12.3622862, 41.9073204]], [[12.3666281, 41.9121308], [12.3666044, 41.9119465], [12.3666107, 41.9115436], [12.3666154, 41.9112378], [12.3666115, 41.9112013], [12.3666023, 41.9111647], [12.366589, 41.9111292], [12.3665703, 41.9110936], [12.3665484, 41.9110587], [12.3665265, 41.9110249], [12.3664993, 41.91099], [12.366472, 41.9109561], [12.3661911, 41.9106867], [12.3660656, 41.9105663], [12.3659567, 41.9104824], [12.365567, 41.910182]], [[12.365567, 41.910182], [12.3654212, 41.9100496]]]}}, {"type": "Feature", "properties": {"id": "SS-ROM-3950", "nome": "Via Bosco Marengo", "quartiere": "Municipio Roma XIII", "classificazione": "giallo", "score": 3, "note": "strada urbana senza ciclabile", "ciclabile": "no", "n_corsie": "2", "senso_unico": "no", "n_testimonianze": "0", "municipio": "XIII"}, "geometry": {"type": "MultiLineString", "coordinates": [[[12.3684424, 41.8956699], [12.3684485, 41.895863], [12.3684472, 41.8959918], [12.3684439, 41.8960505], [12.3684398, 41.8960819], [12.3684357, 41.8961103], [12.368429, 41.8961358], [12.3684222, 41.8961582], [12.3684085, 41.8961912], [12.3679489, 41.8973023], [12.3679255, 41.8973589], [12.3679135, 41.8973989], [12.3679042, 41.8974369], [12.3679007, 41.8974702], [12.3678985, 41.8975024], [12.3679, 41.8975332], [12.3679077, 41.8976217], [12.3679341, 41.8978006], [12.3681327, 41.8985184], [12.3686421, 41.899961], [12.3686502, 41.8999938], [12.368657, 41.9000276], [12.3686597, 41.9000594], [12.3686611, 41.9000922], [12.3686572, 41.9001333], [12.3686479, 41.9001724], [12.3686297, 41.9002178], [12.3686062, 41.9002613], [12.3685805, 41.9003026], [12.3667702, 41.9029373], [12.3667569, 41.9029528], [12.3667422, 41.9029672], [12.3667327, 41.9029753], [12.3667179, 41.9029844], [12.3667015, 41.9029933], [12.3666829, 41.9030007], [12.3666648, 41.9030053], [12.3666464, 41.9030079], [12.3666313, 41.9030091], [12.3666086, 41.9030083], [12.3665897, 41.9030059], [12.3665629, 41.9029984], [12.3665388, 41.9029899], [12.3665171, 41.9029777], [12.3664972, 41.902964], [12.3664718, 41.9029384], [12.366344, 41.9027817], [12.3657473, 41.9020503], [12.3648292, 41.900925]], [[12.3643056, 41.8915919], [12.3654056, 41.8925007], [12.365461, 41.8925485], [12.36553, 41.8926128], [12.3655937, 41.8926772], [12.3656709, 41.8927722], [12.3657522, 41.8928685], [12.3657731, 41.8928868], [12.3657954, 41.8929033], [12.3658211, 41.8929187], [12.3658467, 41.8929321], [12.3658841, 41.8929477], [12.3659076, 41.8929551], [12.3659323, 41.8929614], [12.3659616, 41.8929672], [12.3659882, 41.8929709], [12.3660189, 41.8929727], [12.3660522, 41.8929725], [12.366072, 41.8929712], [12.3661023, 41.8929682], [12.3661321, 41.8929635], [12.3661565, 41.8929569], [12.3661861, 41.8929479], [12.3663284, 41.8928922], [12.3663757, 41.8928751], [12.3664226, 41.8928614], [12.3664655, 41.8928506], [12.3665638, 41.8928319], [12.3665897, 41.8928301], [12.3666142, 41.8928305], [12.3666309, 41.8928331], [12.3666511, 41.8928391], [12.3667486, 41.8928851], [12.3669946, 41.8930376], [12.3673163, 41.8932463], [12.367588, 41.8934054], [12.367652, 41.8934495], [12.3676673, 41.893463], [12.3676809, 41.8934752], [12.3676948, 41.8934903], [12.3677059, 41.8935059], [12.367724, 41.8935381], [12.3677408, 41.8935712], [12.3680929, 41.8945475], [12.3684017, 41.8954791], [12.3684183, 41.8955393], [12.3684317, 41.8956036], [12.3684424, 41.8956699]]]}}, {"type": "Feature", "properties": {"id": "SS-ROM-3952", "nome": "Via Bosconero", "quartiere": "Municipio Roma XIII", "classificazione": "giallo", "score": 3, "note": "strada urbana senza ciclabile (2 corsie)", "ciclabile": "no", "n_corsie": "2", "senso_unico": "no", "n_testimonianze": "0", "municipio": "XIII"}, "geometry": {"type": "LineString", "coordinates": [[12.3835875, 41.9216513], [12.3844184, 41.9217382], [12.3850762, 41.9218103], [12.3851384, 41.9218152], [12.3851808, 41.9218154], [12.3852078, 41.9218138], [12.3852334, 41.9218112], [12.3852656, 41.9218051], [12.3852939, 41.9217975], [12.3853144, 41.9217907], [12.3853369, 41.9217779], [12.3853569, 41.9217644], [12.3853769, 41.9217419], [12.3853922, 41.9217182], [12.3854095, 41.921681], [12.3854709, 41.9215528], [12.3858911, 41.9205217], [12.3859918, 41.9202484], [12.3860042, 41.9202102], [12.3860138, 41.9201759]]}}, {"type": "Feature", "properties": {"id": "SS-ROM-3956", "nome": "Via Bossolasco", "quartiere": "Municipio Roma XIII", "classificazione": "giallo", "score": 3, "note": "strada urbana senza ciclabile", "ciclabile": "no", "n_corsie": "2", "senso_unico": "si", "n_testimonianze": "0", "municipio": "XIII"}, "geometry": {"type": "LineString", "coordinates": [[12.374943, 41.9175797], [12.3750146, 41.9175483], [12.375279, 41.9173629], [12.3763575, 41.9174304], [12.3764649, 41.9174238]]}}, {"type": "Feature", "properties": {"id": "SS-ROM-3963", "nome": "Via Boves", "quartiere": "Municipio Roma XIII", "classificazione": "giallo", "score": 3, "note": "strada urbana senza ciclabile", "ciclabile": "no", "n_corsie": "2", "senso_unico": "no", "n_testimonianze": "0", "municipio": "XIII"}, "geometry": {"type": "LineString", "coordinates": [[12.3908692, 41.9197087], [12.3905393, 41.9208959], [12.3905224, 41.9209692], [12.3905242, 41.9210305], [12.3905393, 41.9210925], [12.3905571, 41.9211425], [12.3906492, 41.9213593], [12.390889, 41.9218802], [12.3910083, 41.9221389], [12.3910278, 41.9221935], [12.3910337, 41.9222256], [12.3910349, 41.9222576], [12.3910346, 41.9222766], [12.3910313, 41.9223025], [12.3910278, 41.9223254], [12.3910205, 41.9223478], [12.3910112, 41.9223674], [12.3910019, 41.9223847], [12.3909872, 41.9224046], [12.3909671, 41.9224228]]}}, {"type": "Feature", "properties": {"id": "SS-ROM-3968", "nome": "Via Bra", "quartiere": "Municipio Roma XIII", "classificazione": "giallo", "score": 3, "note": "strada urbana senza ciclabile (1 corsie)", "ciclabile": "no", "n_corsie": "1", "senso_unico": "si", "n_testimonianze": "0", "municipio": "XIII"}, "geometry": {"type": "MultiLineString", "coordinates": [[[12.4137414, 41.9008378], [12.4135078, 41.9016266], [12.4134603, 41.901788]], [[12.4134297, 41.9018886], [12.4133619, 41.9020846], [12.4133034, 41.9022761], [12.4131181, 41.9028838], [12.4130891, 41.9029808], [12.4130835, 41.9029992]]]}}, {"type": "Feature", "properties": {"id": "SS-ROM-3996", "nome": "Via Briga Alta", "quartiere": "Municipio Roma XIII", "classificazione": "giallo", "score": 3, "note": "strada urbana senza ciclabile", "ciclabile": "no", "n_corsie": "2", "senso_unico": "no", "n_testimonianze": "0", "municipio": "XIII"}, "geometry": {"type": "LineString", "coordinates": [[12.3538042, 41.9177808], [12.3540572, 41.9182278]]}}, {"type": "Feature", "properties": {"id": "SS-ROM-4021", "nome": "Via Bruno Castiglioni", "quartiere": "Municipio Roma XIII", "classificazione": "giallo", "score": 3, "note": "strada urbana senza ciclabile (1 corsie)", "ciclabile": "no", "n_corsie": "1", "senso_unico": "no", "n_testimonianze": "0", "municipio": "XIII"}, "geometry": {"type": "LineString", "coordinates": [[12.3502048, 41.8803113], [12.3486169, 41.8804117], [12.3485518, 41.8801013]]}}, {"type": "Feature", "properties": {"id": "SS-ROM-4035", "nome": "Via Brusasco", "quartiere": "Municipio Roma XIII", "classificazione": "giallo", "score": 3, "note": "strada urbana senza ciclabile", "ciclabile": "no", "n_corsie": "2", "senso_unico": "no", "n_testimonianze": "0", "municipio": "XIII"}, "geometry": {"type": "LineString", "coordinates": [[12.3902416, 41.9138887], [12.3897992, 41.9134962], [12.3897544, 41.9134583]]}}, {"type": "Feature", "properties": {"id": "SS-ROM-4070", "nome": "Via Bussoleno", "quartiere": "Municipio Roma XIII", "classificazione": "giallo", "score": 3, "note": "strada urbana senza ciclabile", "ciclabile": "no", "n_corsie": "2", "senso_unico": "si", "n_testimonianze": "0", "municipio": "XIII"}, "geometry": {"type": "LineString", "coordinates": [[12.3771844, 41.9188732], [12.3771256, 41.9188743], [12.377048, 41.9188764], [12.3762147, 41.9189203], [12.3753988, 41.9189857], [12.375367, 41.9189891], [12.3753338, 41.9189945], [12.3753029, 41.9189995], [12.3752706, 41.9190065], [12.375215, 41.9190396]]}}, {"type": "Feature", "properties": {"id": "SS-ROM-4145", "nome": "Via Calosso", "quartiere": "Municipio Roma XIII", "classificazione": "giallo", "score": 3, "note": "strada urbana senza ciclabile", "ciclabile": "no", "n_corsie": "2", "senso_unico": "no", "n_testimonianze": "0", "municipio": "XIII"}, "geometry": {"type": "LineString", "coordinates": [[12.3916092, 41.9219446], [12.392434, 41.9219659]]}}, {"type": "Feature", "properties": {"id": "SS-ROM-4154", "nome": "Via Caluso", "quartiere": "Municipio Roma XIII", "classificazione": "giallo", "score": 3, "note": "strada urbana senza ciclabile", "ciclabile": "no", "n_corsie": "2", "senso_unico": "no", "n_testimonianze": "0", "municipio": "XIII"}, "geometry": {"type": "LineString", "coordinates": [[12.3971512, 41.9074222], [12.3973633, 41.907563], [12.3974337, 41.9076106], [12.3977702, 41.9080649]]}}, {"type": "Feature", "properties": {"id": "SS-ROM-4161", "nome": "Via Camandona", "quartiere": "Municipio Roma XIII", "classificazione": "giallo", "score": 3, "note": "strada urbana senza ciclabile", "ciclabile": "no", "n_corsie": "2", "senso_unico": "no", "n_testimonianze": "0", "municipio": "XIII"}, "geometry": {"type": "LineString", "coordinates": [[12.3741651, 41.9271661], [12.3729865, 41.9273241]]}}, {"type": "Feature", "properties": {"id": "SS-ROM-4169", "nome": "Via Cameri", "quartiere": "Municipio Roma XIII", "classificazione": "giallo", "score": 3, "note": "strada urbana senza ciclabile", "ciclabile": "no", "n_corsie": "2", "senso_unico": "no", "n_testimonianze": "0", "municipio": "XIII"}, "geometry": {"type": "LineString", "coordinates": [[12.397041, 41.9077758], [12.3973795, 41.9082235]]}}, {"type": "Feature", "properties": {"id": "SS-ROM-4186", "nome": "Via Camillo Mazzella", "quartiere": "Municipio Roma XIII", "classificazione": "giallo", "score": 3, "note": "strada urbana senza ciclabile", "ciclabile": "no", "n_corsie": "2", "senso_unico": "no", "n_testimonianze": "0", "municipio": "XIII"}, "geometry": {"type": "LineString", "coordinates": [[12.4122485, 41.9122705], [12.4131313, 41.9119803]]}}, {"type": "Feature", "properties": {"id": "SS-ROM-4189", "nome": "Via Camillo Negro", "quartiere": "Municipio Roma XIII", "classificazione": "giallo", "score": 3, "note": "strada urbana senza ciclabile (1 corsie)", "ciclabile": "no", "n_corsie": "1", "senso_unico": "no", "n_testimonianze": "0", "municipio": "XIII"}, "geometry": {"type": "MultiLineString", "coordinates": [[[12.4117131, 41.924163], [12.4122059, 41.9242085], [12.4122925, 41.9242151], [12.4123771, 41.9242187], [12.4124129, 41.9242185], [12.4124446, 41.9242153], [12.412474, 41.9242098], [12.4124973, 41.9242043], [12.4125321, 41.9241935], [12.4125607, 41.9241826], [12.4125986, 41.924165], [12.4126404, 41.9241427], [12.4128577, 41.9240132], [12.4129253, 41.9239736]], [[12.411661, 41.9241577], [12.4117131, 41.924163]]]}}, {"type": "Feature", "properties": {"id": "SS-ROM-4203", "nome": "Via Camino", "quartiere": "Municipio Roma XIII", "classificazione": "giallo", "score": 3, "note": "strada urbana senza ciclabile", "ciclabile": "no", "n_corsie": "2", "senso_unico": "no", "n_testimonianze": "0", "municipio": "XIII"}, "geometry": {"type": "LineString", "coordinates": [[12.3982358, 41.9072683], [12.3970895, 41.9064841]]}}, {"type": "Feature", "properties": {"id": "SS-ROM-4248", "nome": "Via Campomorone", "quartiere": "Municipio Roma XIII", "classificazione": "giallo", "score": 3, "note": "strada urbana senza ciclabile", "ciclabile": "no", "n_corsie": "2", "senso_unico": "no", "n_testimonianze": "0", "municipio": "XIII"}, "geometry": {"type": "LineString", "coordinates": [[12.4050657, 41.9112782], [12.4046476, 41.9113562], [12.4040206, 41.9114688], [12.403289, 41.9116169], [12.4024765, 41.9117782], [12.4024356, 41.9117893], [12.4023948, 41.9118026], [12.4023577, 41.9118172], [12.4023325, 41.9118315], [12.4023081, 41.9118458], [12.4022894, 41.9118596], [12.4022762, 41.9118711], [12.4022642, 41.9118822], [12.4022534, 41.9118941], [12.4022435, 41.9119079], [12.4022336, 41.9119241], [12.4021701, 41.9120432]]}}, {"type": "Feature", "properties": {"id": "SS-ROM-4264", "nome": "Via Candelo", "quartiere": "Municipio Roma XIII", "classificazione": "giallo", "score": 3, "note": "strada urbana senza ciclabile", "ciclabile": "no", "n_corsie": "2", "senso_unico": "no", "n_testimonianze": "0", "municipio": "XIII"}, "geometry": {"type": "LineString", "coordinates": [[12.3742873, 41.9206772], [12.3736077, 41.9206046], [12.3733539, 41.92149], [12.3733471, 41.9215277], [12.373343, 41.9215653], [12.3733469, 41.9216049], [12.3733589, 41.9216426], [12.3733794, 41.9216788], [12.3734092, 41.921714], [12.373441, 41.9217437], [12.3734803, 41.9217724], [12.3735278, 41.9217992], [12.373576, 41.921822], [12.3739976, 41.9219877], [12.3740262, 41.9220013], [12.3740495, 41.922017], [12.3740879, 41.9220502], [12.3741237, 41.9220925], [12.3741542, 41.9221367]]}}, {"type": "Feature", "properties": {"id": "SS-ROM-4267", "nome": "Via Candiolo", "quartiere": "Municipio Roma XIII", "classificazione": "giallo", "score": 3, "note": "strada urbana senza ciclabile", "ciclabile": "no", "n_corsie": "2", "senso_unico": "no", "n_testimonianze": "0", "municipio": "XIII"}, "geometry": {"type": "LineString", "coordinates": [[12.3519725, 41.9152523], [12.3525098, 41.9151382], [12.352591, 41.9153482], [12.352834, 41.9160021], [12.3528922, 41.9161402]]}}, {"type": "Feature", "properties": {"id": "SS-ROM-4269", "nome": "Via Canelli", "quartiere": "Municipio Roma XIII", "classificazione": "giallo", "score": 3, "note": "strada urbana senza ciclabile", "ciclabile": "no", "n_corsie": "2", "senso_unico": "no", "n_testimonianze": "0", "municipio": "XIII"}, "geometry": {"type": "LineString", "coordinates": [[12.3931871, 41.8977545], [12.3936604, 41.8979414], [12.3936741, 41.8979445], [12.3936877, 41.8979452], [12.3936972, 41.8979448], [12.3937066, 41.8979434], [12.3937144, 41.8979412], [12.3937215, 41.8979379], [12.39373, 41.8979329], [12.3937385, 41.8979263], [12.3938247, 41.8978416], [12.3942668, 41.8973771], [12.3944585, 41.8974089], [12.3947489, 41.8971438], [12.3949461, 41.8969654]]}}, {"type": "Feature", "properties": {"id": "SS-ROM-4279", "nome": "Via Cannobio", "quartiere": "Municipio Roma XIII", "classificazione": "giallo", "score": 3, "note": "strada urbana senza ciclabile", "ciclabile": "no", "n_corsie": "2", "senso_unico": "si", "n_testimonianze": "0", "municipio": "XIII"}, "geometry": {"type": "LineString", "coordinates": [[12.3680975, 41.9144951], [12.3679423, 41.9146933], [12.3678201, 41.9149187], [12.3675562, 41.9154095]]}}, {"type": "Feature", "properties": {"id": "SS-ROM-4292", "nome": "Via Cantoira", "quartiere": "Municipio Roma XIII", "classificazione": "giallo", "score": 3, "note": "strada urbana senza ciclabile (2 corsie)", "ciclabile": "no", "n_corsie": "2", "senso_unico": "no", "n_testimonianze": "0", "municipio": "XIII"}, "geometry": {"type": "LineString", "coordinates": [[12.3822985, 41.9261332], [12.387649, 41.9270556]]}}, {"type": "Feature", "properties": {"id": "SS-ROM-4352", "nome": "Via Capriglio", "quartiere": "Municipio Roma XIII", "classificazione": "giallo", "score": 3, "note": "strada urbana senza ciclabile", "ciclabile": "no", "n_corsie": "2", "senso_unico": "no", "n_testimonianze": "0", "municipio": "XIII"}, "geometry": {"type": "LineString", "coordinates": [[12.3723715, 41.9238567], [12.3726079, 41.9251932], [12.3729655, 41.9271903], [12.3729865, 41.9273241], [12.3730956, 41.9280196], [12.373178, 41.9285443], [12.3732307, 41.9288412], [12.3733298, 41.9294394], [12.3734058, 41.929916]]}}, {"type": "Feature", "properties": {"id": "SS-ROM-4353", "nome": "Via Caprile", "quartiere": "Municipio Roma XIII", "classificazione": "giallo", "score": 3, "note": "strada urbana senza ciclabile", "ciclabile": "no", "n_corsie": "2", "senso_unico": "no", "n_testimonianze": "0", "municipio": "XIII"}, "geometry": {"type": "MultiLineString", "coordinates": [[[12.3774818, 41.9257778], [12.3765201, 41.9259311]], [[12.3764444, 41.9255227], [12.3765201, 41.9259311]], [[12.3765201, 41.9259311], [12.3766524, 41.9265706], [12.3768037, 41.9272529]]]}}, {"type": "Feature", "properties": {"id": "SS-ROM-4361", "nome": "Via Carasco", "quartiere": "Municipio Roma XIII", "classificazione": "blu", "score": 2, "note": "zona pedonale / living street", "ciclabile": "no", "n_corsie": "1", "senso_unico": "no", "n_testimonianze": "0", "municipio": "XIII"}, "geometry": {"type": "LineString", "coordinates": [[12.3872957, 41.8977551], [12.3875373, 41.8981281]]}}, {"type": "Feature", "properties": {"id": "SS-ROM-4371", "nome": "Via Cardinal Domenico Capranica", "quartiere": "Municipio Roma XIII", "classificazione": "giallo", "score": 3, "note": "strada urbana senza ciclabile", "ciclabile": "no", "n_corsie": "2", "senso_unico": "no", "n_testimonianze": "0", "municipio": "XIII"}, "geometry": {"type": "MultiLineString", "coordinates": [[[12.4099336, 41.9142073], [12.4098395, 41.9141711], [12.4097236, 41.9141099], [12.4095606, 41.9139563], [12.409342, 41.9136564], [12.4091017, 41.9132387], [12.4086494, 41.9124031], [12.4084357, 41.9119293], [12.4083846, 41.9116547], [12.4082421, 41.9114884], [12.4080717, 41.9112731], [12.40734, 41.91042], [12.4072613, 41.9103069]], [[12.4052677, 41.9087306], [12.4052703, 41.9087967], [12.4052998, 41.9088436], [12.4053696, 41.9088865], [12.405961, 41.9092688], [12.4063472, 41.9095473], [12.4065766, 41.9098267], [12.4070473, 41.9102519], [12.40734, 41.91042]]]}}, {"type": "Feature", "properties": {"id": "SS-ROM-4382", "nome": "Via Cardinal d'Avanzo", "quartiere": "Municipio Roma XIII", "classificazione": "giallo", "score": 3, "note": "strada urbana senza ciclabile (1 corsie)", "ciclabile": "no", "n_corsie": "1", "senso_unico": "si", "n_testimonianze": "0", "municipio": "XIII"}, "geometry": {"type": "MultiLineString", "coordinates": [[[12.4139638, 41.9249833], [12.4140285, 41.9249254], [12.4140548, 41.9249052], [12.4140792, 41.9248906], [12.4141076, 41.924876]], [[12.4141076, 41.924876], [12.4148843, 41.9245229], [12.4155207, 41.9242405]]]}}, {"type": "Feature", "properties": {"id": "SS-ROM-4387", "nome": "Via Cardinale Celso Costantini", "quartiere": "Municipio Roma XIII", "classificazione": "giallo", "score": 3, "note": "strada urbana senza ciclabile", "ciclabile": "no", "n_corsie": "2", "senso_unico": "no", "n_testimonianze": "0", "municipio": "XIII"}, "geometry": {"type": "LineString", "coordinates": [[12.4081494, 41.9163508], [12.4082022, 41.9163152], [12.4082269, 41.9163029], [12.4082402, 41.9162975], [12.4082643, 41.9162902], [12.4082964, 41.9162829], [12.4089176, 41.916104], [12.4093113, 41.9159924]]}}, {"type": "Feature", "properties": {"id": "SS-ROM-4396", "nome": "Via Cardinale Massimi", "quartiere": "Municipio Roma XIII", "classificazione": "giallo", "score": 3, "note": "strada urbana senza ciclabile (2 corsie)", "ciclabile": "no", "n_corsie": "2", "senso_unico": "si", "n_testimonianze": "0", "municipio": "XIII"}, "geometry": {"type": "MultiLineString", "coordinates": [[[12.4166451, 41.9070171], [12.4165613, 41.9070362], [12.4165056, 41.9070543], [12.416452, 41.9070739], [12.4164201, 41.9070885], [12.4163852, 41.9071053], [12.4163331, 41.9071318], [12.4163096, 41.9071449], [12.416207, 41.9072069]], [[12.4160501, 41.9070892], [12.4162472, 41.9070438], [12.4164056, 41.9070072], [12.4164687, 41.9069981], [12.4165054, 41.9069951], [12.41654, 41.9069966], [12.4165864, 41.9070046], [12.4166451, 41.9070171]], [[12.4181576, 41.9071493], [12.418098, 41.9071543], [12.4180649, 41.9071532], [12.4178752, 41.9071376], [12.4177496, 41.9071276], [12.4174468, 41.9070964], [12.4168898, 41.90704], [12.4166451, 41.9070171]]]}}, {"type": "Feature", "properties": {"id": "SS-ROM-4397", "nome": "Via Cardinale Mercati", "quartiere": "Municipio Roma XIII", "classificazione": "giallo", "score": 3, "note": "strada urbana senza ciclabile (1 corsie)", "ciclabile": "no", "n_corsie": "1", "senso_unico": "si", "n_testimonianze": "0", "municipio": "XIII"}, "geometry": {"type": "LineString", "coordinates": [[12.4182628, 41.9212857], [12.4183186, 41.9212363], [12.4184079, 41.9211954], [12.4185951, 41.9211358], [12.4186249, 41.9211253], [12.4186468, 41.9211157], [12.4186664, 41.9211061], [12.4186829, 41.9210956], [12.418696, 41.9210851], [12.4187093, 41.9210731], [12.4187203, 41.9210611], [12.41873, 41.9210485], [12.4187373, 41.921036], [12.4187483, 41.9210164], [12.4187524, 41.9210028], [12.4187545, 41.9209959], [12.4187556, 41.9209807], [12.4187519, 41.9209622], [12.4187446, 41.9209427], [12.4187316, 41.9209192], [12.4185882, 41.9207055], [12.4185658, 41.9206706], [12.4184589, 41.9205094], [12.4184463, 41.9204891], [12.4184373, 41.9204696], [12.4184319, 41.9204481], [12.4184312, 41.9204309], [12.4184311, 41.920412], [12.418436, 41.9203896], [12.4184472, 41.9203646], [12.4184599, 41.920347], [12.418476, 41.9203311], [12.4184989, 41.920315], [12.4185339, 41.9202958], [12.4185648, 41.9202817], [12.4185962, 41.9202701], [12.419098, 41.9201205], [12.4192228, 41.9200833]]}}, {"type": "Feature", "properties": {"id": "SS-ROM-4409", "nome": "Via Carentino", "quartiere": "Municipio Roma XIII", "classificazione": "giallo", "score": 3, "note": "strada urbana senza ciclabile", "ciclabile": "no", "n_corsie": "2", "senso_unico": "si", "n_testimonianze": "0", "municipio": "XIII"}, "geometry": {"type": "MultiLineString", "coordinates": [[[12.3595827, 41.9276079], [12.3596993, 41.9275444], [12.3597201, 41.9275079]], [[12.3615188, 41.9294224], [12.3617937, 41.9295135], [12.3615667, 41.9296081]], [[12.3598257, 41.9274254], [12.3599465, 41.9273888], [12.3600646, 41.9273622], [12.3600988, 41.9273597]], [[12.3598257, 41.9274254], [12.3598278, 41.9275238], [12.3598029, 41.9275999], [12.3597753, 41.9276874]], [[12.3600988, 41.9273597], [12.3601765, 41.9273541], [12.3602856, 41.927356], [12.3603362, 41.9273616], [12.3603975, 41.9273831], [12.360451, 41.9274139], [12.360483, 41.9274527], [12.3605475, 41.9275996], [12.3607627, 41.9282933], [12.3608243, 41.9284776], [12.3608626, 41.9285643], [12.3608935, 41.9286047], [12.360931, 41.9286505], [12.3609812, 41.9286868], [12.361025, 41.9287124], [12.3610793, 41.9287379], [12.3614598, 41.9288697], [12.3615347, 41.928892], [12.3617103, 41.928953], [12.3619276, 41.9290248], [12.3620186, 41.9290595], [12.3620752, 41.9290928], [12.3621101, 41.9291251], [12.362141, 41.9291649], [12.3621602, 41.9292076], [12.3621678, 41.9292486], [12.3621666, 41.9293007], [12.3621554, 41.9293347], [12.3621347, 41.9293753], [12.3621085, 41.9294045], [12.3620822, 41.9294337], [12.3620457, 41.92946], [12.3620078, 41.9294803], [12.3619536, 41.9294983], [12.361894, 41.9295083], [12.3618275, 41.9295125], [12.3618142, 41.9295128], [12.3617937, 41.9295135]], [[12.3597201, 41.9275079], [12.3597343, 41.9274875], [12.3598257, 41.9274254]]]}}, {"type": "Feature", "properties": {"id": "SS-ROM-4410", "nome": "Via Caresana", "quartiere": "Municipio Roma XIII", "classificazione": "giallo", "score": 3, "note": "strada urbana senza ciclabile", "ciclabile": "no", "n_corsie": "2", "senso_unico": "si", "n_testimonianze": "0", "municipio": "XIII"}, "geometry": {"type": "MultiLineString", "coordinates": [[[12.3916004, 41.9139161], [12.3897294, 41.914604], [12.3896207, 41.9146447]], [[12.3883712, 41.9151052], [12.3890656, 41.9148457], [12.3891059, 41.9148309]], [[12.3896207, 41.9146447], [12.38916, 41.9148104], [12.3891059, 41.9148309]], [[12.3881587, 41.9151843], [12.3883117, 41.9151275]], [[12.3883117, 41.9151275], [12.3883712, 41.9151052]]]}}, {"type": "Feature", "properties": {"id": "SS-ROM-4412", "nome": "Via Carezzano", "quartiere": "Municipio Roma XIII", "classificazione": "giallo", "score": 3, "note": "strada urbana senza ciclabile", "ciclabile": "no", "n_corsie": "2", "senso_unico": "no", "n_testimonianze": "0", "municipio": "XIII"}, "geometry": {"type": "MultiLineString", "coordinates": [[[12.3297877, 41.9228425], [12.3296572, 41.9230787], [12.3294572, 41.9233652], [12.3294357, 41.9233902], [12.3294201, 41.9234041], [12.3294021, 41.9234172], [12.3293852, 41.9234268], [12.3293616, 41.9234393], [12.3293324, 41.9234527], [12.3286964, 41.9237079], [12.3288278, 41.9238857], [12.3291176, 41.9242779]], [[12.3356655, 41.933831], [12.3357712, 41.9333096], [12.3358587, 41.9328751], [12.3358652, 41.9328258], [12.3358643, 41.9327764], [12.3358545, 41.9327271], [12.3358372, 41.9326792], [12.3358136, 41.9326316], [12.3357881, 41.9325964], [12.3357624, 41.9325645], [12.3355972, 41.9323924], [12.3355501, 41.9323328], [12.335506, 41.9322716], [12.3354839, 41.9322396], [12.3354766, 41.932225], [12.3354693, 41.9322076], [12.3354642, 41.9321848], [12.3354609, 41.9321607], [12.3354614, 41.9321365], [12.3354637, 41.932111], [12.3354698, 41.9320823], [12.3354778, 41.9320523], [12.3355058, 41.9319808], [12.3355427, 41.9318864], [12.3355882, 41.9317848], [12.3355972, 41.9317612], [12.3356049, 41.9317396], [12.3356112, 41.9317149], [12.335616, 41.9316923], [12.3356183, 41.9316621], [12.3356178, 41.931632], [12.3356147, 41.9316014], [12.335609, 41.9315747], [12.3355935, 41.9315065], [12.3355136, 41.9312095], [12.3353931, 41.9307614], [12.3352967, 41.9304558], [12.3352069, 41.9301715], [12.3351191, 41.9299152], [12.3350969, 41.9298544], [12.3350659, 41.9297916], [12.3350321, 41.9297368], [12.3349959, 41.9296864], [12.334983, 41.9296684], [12.3346626, 41.9292706], [12.3345555, 41.9291355], [12.3344195, 41.9289412], [12.3337285, 41.9280241], [12.3335032, 41.9277367], [12.3334209, 41.9276316], [12.3333596, 41.9275432], [12.3333279, 41.9274974], [12.3332954, 41.9274406], [12.3332762, 41.9274], [12.3332628, 41.9273697], [12.3332559, 41.9273381], [12.3332474, 41.9272968], [12.3332411, 41.9272553], [12.3332347, 41.9272179], [12.3332325, 41.9271698], [12.3332234, 41.9269913], [12.3332234, 41.9268244], [12.3332194, 41.9267792], [12.3332129, 41.9267315], [12.3332011, 41.9266817], [12.3331783, 41.926603], [12.3331385, 41.926497], [12.3331039, 41.9264155], [12.3330528, 41.9263217], [12.3329949, 41.9262209], [12.3328623, 41.9260257], [12.3327092, 41.925832], [12.3325237, 41.9255975], [12.3324165, 41.9254621], [12.3323696, 41.9253944], [12.3323227, 41.9253187], [12.332219, 41.9251314], [12.3322155, 41.9251247], [12.3320497, 41.9248103], [12.3319919, 41.9247063], [12.331926, 41.9246004], [12.3318896, 41.9245506], [12.3318506, 41.9245028], [12.3318076, 41.924454], [12.3317619, 41.9244072], [12.3315108, 41.9241931], [12.3314834, 41.9241753], [12.3314573, 41.9241595], [12.3314287, 41.9241441], [12.3314028, 41.9241317], [12.3313701, 41.9241191], [12.3313387, 41.9241075], [12.3312993, 41.9240939], [12.3312519, 41.9240803], [12.331194, 41.9240666], [12.331112, 41.9240489], [12.3310136, 41.9240276], [12.330684, 41.9239583], [12.3306373, 41.9239479], [12.3305871, 41.9239334], [12.3305316, 41.9239129], [12.3304827, 41.9238914], [12.3304432, 41.9238689], [12.3304077, 41.9238456], [12.3301305, 41.9236413], [12.3299832, 41.923494], [12.3299643, 41.9234727], [12.3299482, 41.9234524], [12.3299322, 41.9234301], [12.3299189, 41.9234088], [12.3298155, 41.9232094], [12.3297989, 41.9231844], [12.329789, 41.9231727], [12.3297777, 41.923161], [12.3297659, 41.92315], [12.3297528, 41.923139], [12.3297232, 41.9231186], [12.3296572, 41.9230787]]]}}, {"type": "Feature", "properties": {"id": "SS-ROM-4417", "nome": "Via Carignano", "quartiere": "Municipio Roma XIII", "classificazione": "giallo", "score": 3, "note": "strada urbana senza ciclabile", "ciclabile": "no", "n_corsie": "2", "senso_unico": "si", "n_testimonianze": "0", "municipio": "XIII"}, "geometry": {"type": "LineString", "coordinates": [[12.3666795, 41.9138366], [12.3675485, 41.9142382], [12.3680975, 41.9144951], [12.3681574, 41.914522], [12.3681873, 41.9145324], [12.3682132, 41.9145408], [12.3682466, 41.9145477], [12.3682759, 41.9145525], [12.3683025, 41.9145544], [12.3683372, 41.9145543], [12.3688274, 41.9144984]]}}, {"type": "Feature", "properties": {"id": "SS-ROM-4505", "nome": "Via Carlo Labus", "quartiere": "Municipio Roma XIII", "classificazione": "giallo", "score": 3, "note": "strada urbana senza ciclabile", "ciclabile": "no", "n_corsie": "2", "senso_unico": "no", "n_testimonianze": "0", "municipio": "XIII"}, "geometry": {"type": "LineString", "coordinates": [[12.3937297, 41.9049232], [12.3935756, 41.9044674]]}}, {"type": "Feature", "properties": {"id": "SS-ROM-4553", "nome": "Via Carlo Santucci", "quartiere": "Municipio Roma XIII", "classificazione": "blu", "score": 2, "note": "accesso limitato (ZTL)", "ciclabile": "no", "n_corsie": "1", "senso_unico": "no", "n_testimonianze": "0", "municipio": "XIII"}, "geometry": {"type": "MultiLineString", "coordinates": [[[12.4132119, 41.9242505], [12.4132788, 41.9242173], [12.4133836, 41.9241679], [12.4134478, 41.9241419], [12.4135202, 41.9241166], [12.4135889, 41.9240966], [12.4136587, 41.9240796], [12.4137425, 41.9240659], [12.4138343, 41.9240559], [12.4139202, 41.9240494], [12.4140223, 41.9240458]], [[12.4140223, 41.9240458], [12.414137, 41.9240541]]]}}, {"type": "Feature", "properties": {"id": "SS-ROM-4571", "nome": "Via Carlo Urbani", "quartiere": "Municipio Roma XIII", "classificazione": "giallo", "score": 3, "note": "strada urbana senza ciclabile", "ciclabile": "no", "n_corsie": "2", "senso_unico": "no", "n_testimonianze": "0", "municipio": "XIII"}, "geometry": {"type": "LineString", "coordinates": [[12.3865349, 41.90732], [12.3865075, 41.9072924], [12.3864754, 41.9072629], [12.3864396, 41.9072315], [12.3858874, 41.9067526], [12.3858167, 41.9066946], [12.3857723, 41.906654], [12.3857238, 41.9066065], [12.3857037, 41.9065832], [12.3856877, 41.9065621], [12.3856679, 41.9065347], [12.3856523, 41.9065088], [12.3856387, 41.9064791], [12.3856291, 41.9064494], [12.3856228, 41.9064142], [12.3856206, 41.9063813], [12.3856199, 41.9063474], [12.3856229, 41.9063107], [12.3856266, 41.9062764], [12.385665, 41.9060397], [12.385711, 41.905756], [12.3857986, 41.9051478], [12.3858077, 41.9050864], [12.385816, 41.9050567], [12.3858262, 41.9050308], [12.3858373, 41.9050134], [12.3858518, 41.9049945], [12.3858662, 41.9049795], [12.3858826, 41.9049665], [12.3859055, 41.904952], [12.385941, 41.9049338], [12.3859708, 41.9049252], [12.386002, 41.9049201], [12.3860369, 41.9049176], [12.3860637, 41.9049176], [12.3860974, 41.9049203], [12.3861231, 41.904926], [12.3861584, 41.9049384], [12.3861843, 41.9049528]]}}, {"type": "Feature", "properties": {"id": "SS-ROM-4602", "nome": "Via Carrosio", "quartiere": "Municipio Roma XIII", "classificazione": "giallo", "score": 3, "note": "strada urbana senza ciclabile", "ciclabile": "no", "n_corsie": "2", "senso_unico": "no", "n_testimonianze": "0", "municipio": "XIII"}, "geometry": {"type": "LineString", "coordinates": [[12.3872383, 41.9158124], [12.3875099, 41.9156999], [12.3882684, 41.9154111]]}}, {"type": "Feature", "properties": {"id": "SS-ROM-4603", "nome": "Via Carrù", "quartiere": "Municipio Roma XIII", "classificazione": "giallo", "score": 3, "note": "strada urbana senza ciclabile", "ciclabile": "no", "n_corsie": "2", "senso_unico": "no", "n_testimonianze": "0", "municipio": "XIII"}, "geometry": {"type": "LineString", "coordinates": [[12.3750896, 41.9205082], [12.3759797, 41.9208035], [12.3760431, 41.920822]]}}, {"type": "Feature", "properties": {"id": "SS-ROM-4649", "nome": "Via Casalvecchio Maglianella", "quartiere": "Municipio Roma XIII", "classificazione": "giallo", "score": 3, "note": "strada urbana senza ciclabile", "ciclabile": "no", "n_corsie": "2", "senso_unico": "no", "n_testimonianze": "0", "municipio": "XIII"}, "geometry": {"type": "MultiLineString", "coordinates": [[[12.3756667, 41.8861992], [12.3757944, 41.8860619], [12.3758326, 41.8860225], [12.3758708, 41.8859852], [12.375908, 41.8859499], [12.3759452, 41.8859165], [12.3761544, 41.8857379], [12.3762328, 41.8856686], [12.3763085, 41.8855973], [12.3763815, 41.8855241], [12.3764465, 41.8854548], [12.3765924, 41.8852947], [12.3766399, 41.8852437], [12.376675, 41.885208], [12.3767197, 41.8851629], [12.3767645, 41.8851199], [12.3770654, 41.8848369], [12.3776409, 41.8843201], [12.3778419, 41.8841418], [12.3779075, 41.8840659], [12.3779489, 41.884009], [12.3780575, 41.8838081], [12.3780894, 41.8837541], [12.3781254, 41.8837092], [12.3781586, 41.8836742], [12.378215, 41.8836386], [12.3782685, 41.8836154], [12.3783193, 41.8835963], [12.3783756, 41.8835833], [12.3784247, 41.8835751], [12.3784667, 41.8835708], [12.3785273, 41.8835687], [12.378592, 41.8835742], [12.3786459, 41.8835837], [12.3787092, 41.883601], [12.3787779, 41.8836282], [12.3788498, 41.8836677], [12.3789192, 41.8837108], [12.3789771, 41.8837517], [12.3790112, 41.8837852], [12.3790768, 41.8838496], [12.3791193, 41.8839004], [12.3791564, 41.8839552], [12.3792157, 41.8840671], [12.379408, 41.8844784], [12.3794543, 41.8845871], [12.3795555, 41.884797], [12.379648, 41.8849402], [12.3797507, 41.8850565], [12.3798895, 41.8852126], [12.3799358, 41.8852912], [12.3799589, 41.8853633], [12.3799792, 41.8854548], [12.3799734, 41.8855635], [12.3799569, 41.8857009], [12.3798577, 41.8862428], [12.3797883, 41.8866874], [12.3796813, 41.8873968], [12.3796065, 41.8877549], [12.3795904, 41.8878168], [12.3795714, 41.8878694], [12.379547, 41.887922], [12.3795215, 41.8879651], [12.3794702, 41.8880471], [12.3793212, 41.8882591], [12.3789207, 41.8887877], [12.3783914, 41.8894949], [12.377761, 41.8903378], [12.3773445, 41.8908997], [12.3770151, 41.8913518], [12.3768991, 41.8915135], [12.3766745, 41.891861], [12.3765773, 41.8920115], [12.3760976, 41.8928648], [12.3759887, 41.8931031], [12.3759572, 41.8931621], [12.375915, 41.8932383], [12.3755929, 41.8937674], [12.3755611, 41.8938364], [12.3755322, 41.8939106], [12.3755086, 41.8939928], [12.3754402, 41.8943332], [12.3754274, 41.8943808], [12.375412, 41.8944325], [12.3753953, 41.8944705], [12.3753759, 41.8945125], [12.3753445, 41.8945565], [12.375313, 41.8945965], [12.3752853, 41.8946278], [12.3752463, 41.894665], [12.375213, 41.8946893], [12.3751743, 41.8947175], [12.3748896, 41.894904]], [[12.3756667, 41.8861992], [12.3757194, 41.8862391], [12.3758219, 41.8863167], [12.375926, 41.8863956], [12.3759579, 41.8864152], [12.3759926, 41.8864347], [12.3760273, 41.8864502], [12.3760648, 41.8864656], [12.3760986, 41.8864784], [12.3761408, 41.8864891], [12.3761801, 41.8864967], [12.3762181, 41.8865022], [12.3762591, 41.8865057], [12.3762986, 41.8865071], [12.376346, 41.8865059], [12.3764118, 41.8865011], [12.3764856, 41.886493], [12.3765524, 41.8864839], [12.3766201, 41.8864723], [12.3767131, 41.8864529], [12.3767345, 41.8864499], [12.3767573, 41.886448], [12.3767784, 41.8864475], [12.3767995, 41.8864481], [12.3768205, 41.8864502], [12.3768403, 41.8864534], [12.3768586, 41.8864575], [12.3768727, 41.8864617], [12.3771971, 41.8865934], [12.3772184, 41.8865998], [12.3772397, 41.8866038], [12.377261, 41.8866062], [12.3772839, 41.8866074], [12.3773051, 41.8866075], [12.377331, 41.8866054], [12.3773522, 41.8866027], [12.377375, 41.8865988], [12.3773943, 41.8865936], [12.3774122, 41.8865861], [12.3774261, 41.886578], [12.3774401, 41.8865676], [12.37745, 41.8865571], [12.3774583, 41.8865478], [12.3774651, 41.886535], [12.3774704, 41.8865234], [12.3774757, 41.8864982], [12.3774761, 41.8864014], [12.3774777, 41.8863785], [12.3774808, 41.8863544], [12.377486, 41.8863275], [12.3774928, 41.8862995], [12.3775138, 41.8862285], [12.3775239, 41.8862015], [12.377534, 41.8861815], [12.3775485, 41.886166], [12.377563, 41.8861574], [12.3775773, 41.8861519], [12.3775931, 41.8861476], [12.377611, 41.8861439], [12.3776324, 41.8861413], [12.3776504, 41.8861405], [12.3776677, 41.8861415], [12.3776833, 41.8861435], [12.3776989, 41.8861467], [12.3777171, 41.8861528], [12.3777335, 41.8861603], [12.3777479, 41.8861692], [12.3777611, 41.8861779], [12.3777749, 41.8861881], [12.3777868, 41.886198], [12.3777995, 41.8862091], [12.3778102, 41.8862199], [12.3778387, 41.8862593], [12.3778481, 41.8862745], [12.3778561, 41.8862903], [12.3778631, 41.8863068], [12.3778688, 41.8863239], [12.3778811, 41.886376], [12.3779038, 41.886451], [12.3779101, 41.8864666], [12.3779198, 41.8864823], [12.377932, 41.8864935], [12.3779477, 41.8865046], [12.3779809, 41.8865234], [12.3780767, 41.8865843], [12.3781714, 41.8866597], [12.3780981, 41.8867009], [12.3780873, 41.8867314], [12.3780756, 41.8867469], [12.37806, 41.8867613], [12.3780416, 41.8867738], [12.3780179, 41.8867863], [12.377729, 41.8868925], [12.3776135, 41.8869312], [12.3775296, 41.8869594], [12.377047, 41.8871995], [12.3769969, 41.8872173], [12.3769414, 41.887235], [12.3767884, 41.8872847], [12.376627, 41.8873248], [12.3763622, 41.8873687], [12.3762099, 41.8873767], [12.3760316, 41.8873508], [12.3758948, 41.8873328], [12.3758063, 41.8873458], [12.3757607, 41.8873797], [12.3757392, 41.8874136], [12.3757245, 41.8874736], [12.3757406, 41.8875345], [12.3757821, 41.8875864], [12.375876, 41.8876603], [12.3760048, 41.8877251], [12.376167, 41.887786], [12.3763213, 41.887815], [12.3764768, 41.887839], [12.3765948, 41.8878739], [12.3766431, 41.8879049], [12.376682, 41.8879558], [12.3766914, 41.8880077], [12.376682, 41.8880576], [12.3765982, 41.8882453], [12.3765861, 41.8883771], [12.3766183, 41.888432], [12.37668, 41.8885009], [12.3766987, 41.8885332], [12.3766914, 41.8885498], [12.3766673, 41.8885793], [12.3765774, 41.8886756], [12.3765171, 41.8887505], [12.3763481, 41.8891568], [12.3763038, 41.8892237], [12.3762488, 41.8892846], [12.3761737, 41.8893325], [12.3760517, 41.8893775], [12.3758197, 41.8894573], [12.3757151, 41.8895033], [12.3756266, 41.8895602], [12.3755515, 41.889641], [12.375479, 41.8897548], [12.3752658, 41.8901981], [12.3749694, 41.8907452], [12.3747951, 41.8909768], [12.3746985, 41.8910447], [12.3745403, 41.8911086], [12.3744222, 41.8911465], [12.3743391, 41.8911605], [12.3742533, 41.8911605], [12.3741996, 41.8911306], [12.3741433, 41.8910707]], [[12.3750169, 41.8858291], [12.3750837, 41.8858366], [12.3751076, 41.8858385], [12.3751316, 41.8858411], [12.3751504, 41.8858435], [12.3751668, 41.8858479], [12.3751856, 41.8858546], [12.3752156, 41.8858668], [12.3752461, 41.8858815], [12.3752713, 41.8858951], [12.3752977, 41.8859127], [12.3753667, 41.8859671], [12.3755167, 41.8860855], [12.3756667, 41.8861992]]]}}, {"type": "Feature", "properties": {"id": "SS-ROM-4658", "nome": "Via Casapinta", "quartiere": "Municipio Roma XIII", "classificazione": "giallo", "score": 3, "note": "strada urbana senza ciclabile", "ciclabile": "no", "n_corsie": "2", "senso_unico": "no", "n_testimonianze": "0", "municipio": "XIII"}, "geometry": {"type": "LineString", "coordinates": [[12.3851013, 41.9169787], [12.3849904, 41.9164653], [12.3849773, 41.916395], [12.3849793, 41.916365], [12.3849884, 41.9163264], [12.3850092, 41.9162678], [12.3850353, 41.9162112], [12.3850724, 41.9161634], [12.3851034, 41.9161276], [12.3851356, 41.9160965], [12.3851752, 41.9160674], [12.3852368, 41.9160205], [12.385332, 41.9159529], [12.3854645, 41.9158632], [12.3855414, 41.9157967], [12.3856904, 41.9158808], [12.3857226, 41.9158947], [12.3857574, 41.9159066], [12.3857976, 41.9159166], [12.3858351, 41.9159205]]}}, {"type": "Feature", "properties": {"id": "SS-ROM-4669", "nome": "Via Cascinette d'Ivrea", "quartiere": "Municipio Roma XIII", "classificazione": "giallo", "score": 3, "note": "strada urbana senza ciclabile", "ciclabile": "no", "n_corsie": "2", "senso_unico": "no", "n_testimonianze": "0", "municipio": "XIII"}, "geometry": {"type": "LineString", "coordinates": [[12.3874418, 41.9235403], [12.3882572, 41.9235136]]}}, {"type": "Feature", "properties": {"id": "SS-ROM-4671", "nome": "Via Caselle Torinese", "quartiere": "Municipio Roma XIII", "classificazione": "giallo", "score": 3, "note": "strada urbana senza ciclabile", "ciclabile": "no", "n_corsie": "2", "senso_unico": "si", "n_testimonianze": "0", "municipio": "XIII"}, "geometry": {"type": "LineString", "coordinates": [[12.3795146, 41.9212764], [12.3794565, 41.9212786], [12.3777529, 41.9213719], [12.3760302, 41.9214676]]}}, {"type": "Feature", "properties": {"id": "SS-ROM-4678", "nome": "Via Casimiro Mondino", "quartiere": "Municipio Roma XIII", "classificazione": "giallo", "score": 3, "note": "strada urbana senza ciclabile (1 corsie)", "ciclabile": "no", "n_corsie": "1", "senso_unico": "si", "n_testimonianze": "0", "municipio": "XIII"}, "geometry": {"type": "MultiLineString", "coordinates": [[[12.412445, 41.926396], [12.4145139, 41.9256241], [12.4145283, 41.9256187], [12.414591, 41.9255965]], [[12.4120256, 41.9265724], [12.412445, 41.926396]]]}}, {"type": "Feature", "properties": {"id": "SS-ROM-4736", "nome": "Via Castelbianco", "quartiere": "Municipio Roma XIII", "classificazione": "giallo", "score": 3, "note": "strada urbana senza ciclabile (1 corsie)", "ciclabile": "no", "n_corsie": "1", "senso_unico": "si", "n_testimonianze": "0", "municipio": "XIII"}, "geometry": {"type": "MultiLineString", "coordinates": [[[12.4212112, 41.9293441], [12.4206624, 41.9294995], [12.4201867, 41.9296531], [12.4199519, 41.9297936], [12.4197476, 41.9299159], [12.4195069, 41.9300747], [12.4188147, 41.9305079], [12.4188012, 41.9305163], [12.4187453, 41.9305527]], [[12.4197476, 41.9299159], [12.4195709, 41.9296352], [12.4200217, 41.9294801], [12.4201867, 41.9296531]]]}}, {"type": "Feature", "properties": {"id": "SS-ROM-4742", "nome": "Via Casteldelfino", "quartiere": "Municipio Roma XIII", "classificazione": "giallo", "score": 3, "note": "strada urbana senza ciclabile (2 corsie)", "ciclabile": "no", "n_corsie": "2", "senso_unico": "no", "n_testimonianze": "0", "municipio": "XIII"}, "geometry": {"type": "LineString", "coordinates": [[12.3845898, 41.9253103], [12.3845742, 41.9253177], [12.3845611, 41.925322], [12.3845404, 41.925325], [12.3845135, 41.9253243], [12.3844609, 41.9253183], [12.3843889, 41.925305], [12.3827688, 41.925004], [12.3824925, 41.9249473], [12.3826357, 41.9233537]]}}, {"type": "Feature", "properties": {"id": "SS-ROM-4759", "nome": "Via Castellania", "quartiere": "Municipio Roma XIII", "classificazione": "giallo", "score": 3, "note": "strada urbana senza ciclabile", "ciclabile": "no", "n_corsie": "2", "senso_unico": "no", "n_testimonianze": "0", "municipio": "XIII"}, "geometry": {"type": "LineString", "coordinates": [[12.3859357, 41.8973839], [12.3866457, 41.8974087]]}}, {"type": "Feature", "properties": {"id": "SS-ROM-4763", "nome": "Via Castellero", "quartiere": "Municipio Roma XIII", "classificazione": "giallo", "score": 3, "note": "strada urbana senza ciclabile", "ciclabile": "no", "n_corsie": "2", "senso_unico": "no", "n_testimonianze": "0", "municipio": "XIII"}, "geometry": {"type": "LineString", "coordinates": [[12.3667201, 41.9168367], [12.3670682, 41.9162693], [12.3672696, 41.9159438]]}}, {"type": "Feature", "properties": {"id": "SS-ROM-4804", "nome": "Via Castino", "quartiere": "Municipio Roma XIII", "classificazione": "giallo", "score": 3, "note": "strada urbana senza ciclabile (2 corsie)", "ciclabile": "no", "n_corsie": "2", "senso_unico": "no", "n_testimonianze": "0", "municipio": "XIII"}, "geometry": {"type": "MultiLineString", "coordinates": [[[12.3876183, 41.9265068], [12.3905852, 41.927005]], [[12.3851996, 41.9260694], [12.3876183, 41.9265068]]]}}, {"type": "Feature", "properties": {"id": "SS-ROM-4844", "nome": "Via Cavatore", "quartiere": "Municipio Roma XIII", "classificazione": "giallo", "score": 3, "note": "strada urbana senza ciclabile", "ciclabile": "no", "n_corsie": "2", "senso_unico": "no", "n_testimonianze": "0", "municipio": "XIII"}, "geometry": {"type": "LineString", "coordinates": [[12.3876795, 41.9038423], [12.3870992, 41.9041675]]}}, {"type": "Feature", "properties": {"id": "SS-ROM-4891", "nome": "Via Cereseto", "quartiere": "Municipio Roma XIII", "classificazione": "giallo", "score": 3, "note": "strada urbana senza ciclabile", "ciclabile": "no", "n_corsie": "2", "senso_unico": "no", "n_testimonianze": "0", "municipio": "XIII"}, "geometry": {"type": "LineString", "coordinates": [[12.388619, 41.9047812], [12.3890358, 41.9049534], [12.3891623, 41.9050501], [12.3892047, 41.9050723], [12.3892595, 41.9050998], [12.3893705, 41.9051449], [12.3894123, 41.905164]]}}, {"type": "Feature", "properties": {"id": "SS-ROM-4893", "nome": "Via Ceresole Reale", "quartiere": "Municipio Roma XIII", "classificazione": "giallo", "score": 3, "note": "strada urbana senza ciclabile (2 corsie)", "ciclabile": "no", "n_corsie": "2", "senso_unico": "no", "n_testimonianze": "0", "municipio": "XIII"}, "geometry": {"type": "LineString", "coordinates": [[12.3837422, 41.9206614], [12.3838436, 41.9210358], [12.3838486, 41.9210667], [12.383846, 41.9210977], [12.3838366, 41.9211331], [12.3835875, 41.9216513], [12.3833027, 41.9222062], [12.383262, 41.9222845], [12.3832425, 41.922331], [12.3832265, 41.9223786], [12.3832233, 41.9224073], [12.3832256, 41.922438], [12.3832384, 41.9224973], [12.3833146, 41.9228038], [12.3833652, 41.9229903], [12.3833811, 41.923043]]}}, {"type": "Feature", "properties": {"id": "SS-ROM-4908", "nome": "Via Cervasca", "quartiere": "Municipio Roma XIII", "classificazione": "giallo", "score": 3, "note": "strada urbana senza ciclabile", "ciclabile": "no", "n_corsie": "2", "senso_unico": "no", "n_testimonianze": "0", "municipio": "XIII"}, "geometry": {"type": "LineString", "coordinates": [[12.3863246, 41.8959059], [12.3857213, 41.8959371]]}}, {"type": "Feature", "properties": {"id": "SS-ROM-4921", "nome": "Via Cesare Agostini", "quartiere": "Municipio Roma XIII", "classificazione": "giallo", "score": 3, "note": "strada urbana senza ciclabile (1 corsie)", "ciclabile": "no", "n_corsie": "1", "senso_unico": "si", "n_testimonianze": "0", "municipio": "XIII"}, "geometry": {"type": "LineString", "coordinates": [[12.4110545, 41.9236193], [12.4108694, 41.924765]]}}, {"type": "Feature", "properties": {"id": "SS-ROM-4923", "nome": "Via Cesare Antonucci", "quartiere": "Municipio Roma XIII", "classificazione": "giallo", "score": 3, "note": "strada urbana senza ciclabile (1 corsie)", "ciclabile": "no", "n_corsie": "1", "senso_unico": "no", "n_testimonianze": "0", "municipio": "XIII"}, "geometry": {"type": "LineString", "coordinates": [[12.3917029, 41.9098598], [12.391127, 41.910239]]}}, {"type": "Feature", "properties": {"id": "SS-ROM-4972", "nome": "Via Cesare Vigna", "quartiere": "Municipio Roma XIII", "classificazione": "giallo", "score": 3, "note": "strada urbana senza ciclabile (1 corsie)", "ciclabile": "no", "n_corsie": "1", "senso_unico": "si", "n_testimonianze": "0", "municipio": "XIII"}, "geometry": {"type": "MultiLineString", "coordinates": [[[12.4110545, 41.9236193], [12.4117674, 41.9234836], [12.4123214, 41.923382]], [[12.4110545, 41.9236193], [12.4106453, 41.9236967], [12.4106032, 41.9237058], [12.4105536, 41.9237176], [12.410499, 41.9237342], [12.4104641, 41.9237463], [12.410431, 41.9237601], [12.4104061, 41.9237733], [12.4103871, 41.9237862], [12.4103688, 41.9238025], [12.4103489, 41.9238212], [12.4103322, 41.9238406], [12.4103194, 41.9238615], [12.4103061, 41.9238927], [12.4102958, 41.9239194], [12.4102864, 41.92395], [12.4102777, 41.9239793], [12.4102711, 41.9240101], [12.4102651, 41.9240476], [12.4102574, 41.9240969], [12.4102416, 41.9242092], [12.410221, 41.9243273], [12.4102158, 41.9243672], [12.4102142, 41.9243931], [12.4102193, 41.9244314], [12.4102288, 41.9244606], [12.4102463, 41.9244892], [12.4102598, 41.9245068], [12.4102771, 41.9245212], [12.4102994, 41.9245359], [12.4103251, 41.9245498], [12.4104918, 41.9246218], [12.4108694, 41.924765], [12.411044, 41.9249287], [12.4113053, 41.9251655], [12.4113547, 41.925177]]]}}, {"type": "Feature", "properties": {"id": "SS-ROM-5030", "nome": "Via Cigliano", "quartiere": "Municipio Roma XIII", "classificazione": "giallo", "score": 3, "note": "strada urbana senza ciclabile", "ciclabile": "no", "n_corsie": "2", "senso_unico": "no", "n_testimonianze": "0", "municipio": "XIII"}, "geometry": {"type": "LineString", "coordinates": [[12.3915392, 41.9235438], [12.3923686, 41.9235197]]}}, {"type": "Feature", "properties": {"id": "SS-ROM-5055", "nome": "Via Cinzano", "quartiere": "Municipio Roma XIII", "classificazione": "blu", "score": 2, "note": "accesso limitato (ZTL)", "ciclabile": "no", "n_corsie": "1", "senso_unico": "no", "n_testimonianze": "0", "municipio": "XIII"}, "geometry": {"type": "LineString", "coordinates": [[12.3854242, 41.8970596], [12.3831012, 41.8971434]]}}, {"type": "Feature", "properties": {"id": "SS-ROM-5105", "nome": "Via Clara Francia Chauvet", "quartiere": "Municipio Roma XIII", "classificazione": "giallo", "score": 3, "note": "strada urbana senza ciclabile", "ciclabile": "no", "n_corsie": "2", "senso_unico": "no", "n_testimonianze": "0", "municipio": "XIII"}, "geometry": {"type": "LineString", "coordinates": [[12.3161728, 41.9067973], [12.3151115, 41.9067606], [12.3150922, 41.9067596], [12.3150684, 41.9067572], [12.3150427, 41.9067533], [12.3150232, 41.9067496], [12.3150003, 41.9067433], [12.3149795, 41.9067361], [12.3149613, 41.9067283], [12.3149417, 41.9067183], [12.3149261, 41.9067083], [12.3148844, 41.9066727], [12.3148467, 41.906637], [12.3148012, 41.9065887], [12.31356, 41.9051409], [12.3125732, 41.903983]]}}, {"type": "Feature", "properties": {"id": "SS-ROM-5121", "nome": "Via Clavesana", "quartiere": "Municipio Roma XIII", "classificazione": "giallo", "score": 3, "note": "strada urbana senza ciclabile", "ciclabile": "no", "n_corsie": "2", "senso_unico": "no", "n_testimonianze": "0", "municipio": "XIII"}, "geometry": {"type": "LineString", "coordinates": [[12.3678138, 41.9161311], [12.3675336, 41.9165912], [12.3672409, 41.9170318]]}}, {"type": "Feature", "properties": {"id": "SS-ROM-5131", "nome": "Via Clemente Settimo", "quartiere": "Municipio Roma XIII", "classificazione": "giallo", "score": 3, "note": "strada urbana senza ciclabile (1 corsie)", "ciclabile": "no", "n_corsie": "1", "senso_unico": "si", "n_testimonianze": "0", "municipio": "XIII"}, "geometry": {"type": "MultiLineString", "coordinates": [[[12.4188023, 41.9048829], [12.4188817, 41.9048928], [12.4197341, 41.9049905]], [[12.4197341, 41.9049905], [12.4200457, 41.9048602]]]}}, {"type": "Feature", "properties": {"id": "SS-ROM-5145", "nome": "Via Clodomiro Bonfigli", "quartiere": "Municipio Roma XIII", "classificazione": "giallo", "score": 3, "note": "strada urbana senza ciclabile (1 corsie)", "ciclabile": "no", "n_corsie": "1", "senso_unico": "si", "n_testimonianze": "0", "municipio": "XIII"}, "geometry": {"type": "LineString", "coordinates": [[12.4164233, 41.9278998], [12.4163444, 41.9279293], [12.414601, 41.9285794], [12.4145603, 41.9285941]]}}, {"type": "Feature", "properties": {"id": "SS-ROM-5148", "nome": "Via Cocconato", "quartiere": "Municipio Roma XIII", "classificazione": "giallo", "score": 3, "note": "strada urbana senza ciclabile", "ciclabile": "no", "n_corsie": "2", "senso_unico": "no", "n_testimonianze": "0", "municipio": "XIII"}, "geometry": {"type": "LineString", "coordinates": [[12.3753039, 41.919103], [12.3752231, 41.9191757], [12.3748634, 41.9195555], [12.3746242, 41.9198552]]}}, {"type": "Feature", "properties": {"id": "SS-ROM-5169", "nome": "Via Colle Selce", "quartiere": "Municipio Roma XIII", "classificazione": "giallo", "score": 3, "note": "strada urbana senza ciclabile", "ciclabile": "no", "n_corsie": "2", "senso_unico": "no", "n_testimonianze": "0", "municipio": "XIII"}, "geometry": {"type": "LineString", "coordinates": [[12.3362409, 41.8935112], [12.3361456, 41.8935932], [12.3354948, 41.8941708], [12.3348595, 41.8947358], [12.334815, 41.8947729], [12.3347703, 41.894809], [12.3340365, 41.8953709], [12.3335751, 41.895746], [12.3334544, 41.895844], [12.333394, 41.895898], [12.3333309, 41.895956], [12.3332787, 41.8960107], [12.3332238, 41.8960694], [12.3330516, 41.8962692], [12.3330033, 41.8963303], [12.332955, 41.8963953], [12.3329177, 41.8964479], [12.3328804, 41.8965045], [12.3324185, 41.8972677]]}}, {"type": "Feature", "properties": {"id": "SS-ROM-5173", "nome": "Via Colle dei Pini", "quartiere": "Municipio Roma XIII", "classificazione": "giallo", "score": 3, "note": "strada urbana senza ciclabile (1 corsie)", "ciclabile": "no", "n_corsie": "1", "senso_unico": "no", "n_testimonianze": "0", "municipio": "XIII"}, "geometry": {"type": "MultiLineString", "coordinates": [[[12.4162734, 41.913726], [12.4156618, 41.9137507]], [[12.4156618, 41.9137507], [12.4151718, 41.9137831]]]}}, {"type": "Feature", "properties": {"id": "SS-ROM-5228", "nome": "Via Coniolo", "quartiere": "Municipio Roma XIII", "classificazione": "giallo", "score": 3, "note": "strada urbana senza ciclabile", "ciclabile": "no", "n_corsie": "2", "senso_unico": "no", "n_testimonianze": "0", "municipio": "XIII"}, "geometry": {"type": "LineString", "coordinates": [[12.370592, 41.9269109], [12.3705382, 41.9266337], [12.370986, 41.9265995], [12.3714162, 41.928817]]}}, {"type": "Feature", "properties": {"id": "SS-ROM-5229", "nome": "Via Coniugi Meluni", "quartiere": "Municipio Roma XIII", "classificazione": "giallo", "score": 3, "note": "strada urbana senza ciclabile", "ciclabile": "no", "n_corsie": "2", "senso_unico": "no", "n_testimonianze": "0", "municipio": "XIII"}, "geometry": {"type": "LineString", "coordinates": [[12.3340365, 41.8953709], [12.3344432, 41.8956494]]}}, {"type": "Feature", "properties": {"id": "SS-ROM-5267", "nome": "Via Cornelia", "quartiere": "Municipio Roma XIII", "classificazione": "giallo", "score": 3, "note": "strada urbana senza ciclabile (1 corsie)", "ciclabile": "no", "n_corsie": "1", "senso_unico": "si", "n_testimonianze": "0", "municipio": "XIII"}, "geometry": {"type": "MultiLineString", "coordinates": [[[12.3926891, 41.9053088], [12.3928247, 41.9053844]], [[12.3923529, 41.9051661], [12.3922546, 41.9051134], [12.3921574, 41.9050621], [12.3920665, 41.9050042], [12.3919872, 41.9049542], [12.3919549, 41.9049299], [12.3919272, 41.9049073], [12.3918885, 41.9048716], [12.3918655, 41.904845], [12.3918382, 41.9048097], [12.3918126, 41.9047747], [12.3917702, 41.9047161], [12.3912026, 41.9039122], [12.3911943, 41.903899], [12.3911861, 41.9038839], [12.3911781, 41.9038606], [12.3911725, 41.9038408], [12.3911674, 41.9038181], [12.3911632, 41.9037908], [12.3911493, 41.9036973], [12.3911343, 41.9036153], [12.3911096, 41.9035265], [12.3910849, 41.9034544], [12.3910376, 41.9033434], [12.3908705, 41.9029907], [12.3906794, 41.9025431], [12.3904381, 41.9018928], [12.3902292, 41.9013297], [12.3902194, 41.9013034], [12.3901078, 41.9010533], [12.3898224, 41.9005534], [12.3897041, 41.9003824], [12.3896753, 41.9003417], [12.3896385, 41.9002822], [12.3896093, 41.900232], [12.3895851, 41.9001816], [12.3894168, 41.8997453], [12.3894046, 41.8997108], [12.3893494, 41.8995491], [12.3893136, 41.8994415], [12.3892718, 41.8993128], [12.3892471, 41.8992415], [12.3890461, 41.8986371], [12.3889415, 41.8983193], [12.388719, 41.8976456], [12.3886817, 41.8975396], [12.3886606, 41.8974798], [12.3886293, 41.897381], [12.3886114, 41.8973296], [12.3885841, 41.8972596], [12.3885726, 41.8972339], [12.3885576, 41.8972061], [12.3885385, 41.8971764], [12.3885002, 41.8971163], [12.3884217, 41.8970021], [12.3880557, 41.8965134], [12.387877, 41.8962431], [12.3878658, 41.8962263], [12.3878528, 41.8962043], [12.3878246, 41.8961467], [12.3875712, 41.8955688], [12.3873943, 41.8951215], [12.3869538, 41.8939643], [12.3869401, 41.893926], [12.3869217, 41.8938866], [12.3868482, 41.8937294], [12.3867772, 41.8935844], [12.3867398, 41.8935183], [12.3866975, 41.8934454], [12.3866601, 41.8933865], [12.3864181, 41.8930204], [12.3862234, 41.8927508], [12.3861819, 41.8927074], [12.3861349, 41.89267], [12.3860773, 41.8926326], [12.3860116, 41.8925991], [12.3852014, 41.8922498], [12.3851883, 41.8922441], [12.3851505, 41.8922279], [12.3851277, 41.8922197], [12.3851048, 41.8922125], [12.3850828, 41.8922067], [12.3850564, 41.892201], [12.3846004, 41.8921352], [12.3845551, 41.8921267], [12.3845243, 41.8921196], [12.3845022, 41.892114], [12.3844795, 41.8921079], [12.3844598, 41.892101], [12.3844401, 41.8920931], [12.3843802, 41.8920653], [12.3842398, 41.8919886], [12.3842014, 41.8919652], [12.3841589, 41.8919346], [12.3840379, 41.8918442], [12.3839112, 41.8917417], [12.3838788, 41.8917114], [12.383846, 41.8916808], [12.383762, 41.8916048], [12.3835587, 41.8913824], [12.3834935, 41.891311], [12.3834335, 41.8912389], [12.3833236, 41.8911068], [12.3830698, 41.8908018], [12.3826844, 41.8903285], [12.3826314, 41.8902671], [12.382602, 41.8902302], [12.3825698, 41.8901943], [12.382529, 41.8901505], [12.3824855, 41.890117], [12.3824046, 41.8900662], [12.3822098, 41.8899671], [12.3821205, 41.8899243]], [[12.3841338, 41.8927605], [12.3841782, 41.8926156], [12.384188, 41.8925924], [12.3841992, 41.8925697], [12.3842132, 41.8925466], [12.3842325, 41.8925235], [12.3846004, 41.8921352]], [[12.3983846, 41.9099395], [12.3986097, 41.910048], [12.3987148, 41.9101124], [12.3988203, 41.9101831], [12.398928, 41.9102606], [12.3990286, 41.9103382]], [[12.3990286, 41.9103382], [12.3991075, 41.9104272], [12.3991747, 41.9105195], [12.3992304, 41.9106145], [12.3992707, 41.9106819]], [[12.3991721, 41.9107772], [12.3991286, 41.910698], [12.3990975, 41.9106357], [12.3990524, 41.9105566]], [[12.3983846, 41.9099395], [12.3983402, 41.9099086], [12.3983022, 41.909879], [12.3982168, 41.9098163], [12.3980333, 41.9096744], [12.3979234, 41.90959], [12.397603, 41.9093366], [12.397547, 41.9092936]], [[12.3990524, 41.9105566], [12.3990371, 41.9105273], [12.3990138, 41.910495], [12.398998, 41.9104729], [12.3989742, 41.9104477], [12.398933, 41.9104054], [12.3988919, 41.9103691], [12.3986691, 41.9101932], [12.3986399, 41.9101675], [12.3986085, 41.9101388], [12.3983846, 41.9099395]], [[12.3928247, 41.9053844], [12.3937476, 41.9061296]], [[12.3923529, 41.9051661], [12.3925834, 41.905264], [12.3926891, 41.9053088]], [[12.394021, 41.9064101], [12.3940665, 41.9064501], [12.3943802, 41.9067288], [12.3944358, 41.9067738], [12.3948543, 41.9071254], [12.3948924, 41.9071562], [12.3957925, 41.9078723], [12.3958473, 41.9079182], [12.3958876, 41.9079498], [12.3966152, 41.9085372], [12.3971728, 41.9089991], [12.3975021, 41.9092545], [12.397547, 41.9092936]]]}}, {"type": "Feature", "properties": {"id": "SS-ROM-5278", "nome": "Via Corrado Barbagallo", "quartiere": "Municipio Roma XIII", "classificazione": "giallo", "score": 3, "note": "strada urbana senza ciclabile", "ciclabile": "no", "n_corsie": "2", "senso_unico": "si", "n_testimonianze": "0", "municipio": "XIII"}, "geometry": {"type": "MultiLineString", "coordinates": [[[12.3174998, 41.8974403], [12.3174791, 41.8975047], [12.3174672, 41.8975261], [12.317454, 41.8975455], [12.3174409, 41.8975625], [12.3174289, 41.8975752], [12.3173962, 41.8975984], [12.3170457, 41.8978272], [12.3170291, 41.8978414], [12.3170141, 41.8978571], [12.3170004, 41.8978745], [12.3169866, 41.897895], [12.3169744, 41.8979215], [12.3169649, 41.89795], [12.3169573, 41.8979786], [12.3169525, 41.8980091], [12.3169499, 41.8980503], [12.3169499, 41.8980944], [12.3169519, 41.8981173], [12.3169553, 41.8981451], [12.316962, 41.8981748], [12.3169711, 41.8982106], [12.3172702, 41.8991445], [12.3172799, 41.8991844], [12.3172858, 41.8992232], [12.317292, 41.8993011], [12.3172916, 41.8993481], [12.3172887, 41.899381], [12.3172814, 41.8994188], [12.3172701, 41.8994607], [12.3172577, 41.8995], [12.3171087, 41.8999457], [12.3167051, 41.9008931], [12.316693, 41.9009269], [12.3166875, 41.9009592], [12.3166861, 41.9009876], [12.3166881, 41.9010299], [12.3166923, 41.9010705], [12.3167006, 41.901115], [12.3167158, 41.9011673], [12.3167247, 41.9011915], [12.3167349, 41.9012167], [12.3167472, 41.9012409], [12.3167608, 41.9012661], [12.3167934, 41.9013164], [12.3170523, 41.9015695], [12.3176151, 41.9020179], [12.3176608, 41.9020684], [12.3177024, 41.9021169], [12.3177272, 41.902154], [12.3177408, 41.9021775], [12.3177531, 41.9022019], [12.3177719, 41.9022478], [12.3178174, 41.9023799], [12.3178502, 41.9025081], [12.3173485, 41.9034724], [12.3165969, 41.9048999]], [[12.3175971, 41.8971541], [12.3175284, 41.8973617], [12.3174998, 41.8974403]], [[12.3174998, 41.8974403], [12.3174533, 41.8974149], [12.3173754, 41.8973743]]]}}, {"type": "Feature", "properties": {"id": "SS-ROM-5298", "nome": "Via Cortemilia", "quartiere": "Municipio Roma XIII", "classificazione": "giallo", "score": 3, "note": "strada urbana senza ciclabile", "ciclabile": "no", "n_corsie": "2", "senso_unico": "no", "n_testimonianze": "0", "municipio": "XIII"}, "geometry": {"type": "LineString", "coordinates": [[12.3649284, 41.9132518], [12.3649972, 41.9130872], [12.3650018, 41.9130621], [12.365004, 41.9130386], [12.3650048, 41.9130171], [12.3650009, 41.9129905], [12.3649084, 41.9126391], [12.3649068, 41.9126261], [12.364906, 41.9126092], [12.3649084, 41.9125869], [12.3649128, 41.912564], [12.3649162, 41.9125547], [12.3649218, 41.9125429], [12.3649791, 41.9124619], [12.3649884, 41.9124447], [12.3649954, 41.9124271], [12.3650018, 41.9124099], [12.3650055, 41.912391], [12.3650071, 41.9123737], [12.365006, 41.912359], [12.365004, 41.9123433], [12.3648632, 41.9116101], [12.3648588, 41.9115822], [12.3648566, 41.9115501], [12.364857, 41.9115231], [12.3648579, 41.9114902], [12.3648616, 41.9114623], [12.3648666, 41.9114397], [12.3649276, 41.911258], [12.364937, 41.9112251], [12.3649464, 41.9111931], [12.3649532, 41.9111521], [12.3649601, 41.911112], [12.3649846, 41.9109141], [12.3650178, 41.9106588], [12.3650865, 41.910293], [12.3651107, 41.9102041]]}}, {"type": "Feature", "properties": {"id": "SS-ROM-5310", "nome": "Via Cosimo Tornabuoni", "quartiere": "Municipio Roma XIII", "classificazione": "giallo", "score": 3, "note": "strada urbana senza ciclabile (1 corsie)", "ciclabile": "no", "n_corsie": "1", "senso_unico": "si", "n_testimonianze": "0", "municipio": "XIII"}, "geometry": {"type": "LineString", "coordinates": [[12.3929987, 41.9044931], [12.392924, 41.9044709], [12.3928784, 41.9044582], [12.3928334, 41.9044432], [12.3927783, 41.9044247], [12.392737, 41.9044087], [12.3926957, 41.9043907], [12.3926544, 41.9043704], [12.3926145, 41.9043491], [12.3925795, 41.9043286], [12.3925444, 41.9043072], [12.3924797, 41.9042632], [12.3924183, 41.9042158], [12.3923663, 41.9041654], [12.3922856, 41.9040835], [12.3922547, 41.9040406], [12.3922264, 41.9039966], [12.3922015, 41.9039467], [12.3921852, 41.9039033], [12.3921667, 41.9038555], [12.3921522, 41.9038077], [12.3921407, 41.9037577], [12.3921346, 41.9037076], [12.3921269, 41.9036406], [12.3921259, 41.9035737], [12.3921326, 41.9034352], [12.3921792, 41.9032774], [12.3921848, 41.9032393], [12.3921777, 41.9031954], [12.3920343, 41.9028561], [12.3920055, 41.9027984], [12.3919564, 41.90271], [12.3915486, 41.9019927], [12.3911127, 41.9012199], [12.3907881, 41.9006554], [12.3907503, 41.9005745], [12.3907309, 41.9005279], [12.3907115, 41.9004594], [12.3907041, 41.9003913], [12.390702, 41.9003232], [12.3907021, 41.9002693], [12.3907087, 41.9001956], [12.3907135, 41.9001644], [12.3907347, 41.9000953], [12.3907512, 41.9000509], [12.3907782, 41.899998], [12.3907991, 41.8999589], [12.3908268, 41.8999188], [12.3908491, 41.8998924], [12.3908767, 41.899866], [12.3909017, 41.8998439], [12.3909293, 41.8998229], [12.3909645, 41.8997994], [12.3910085, 41.8997743], [12.3910564, 41.8997512]]}}, {"type": "Feature", "properties": {"id": "SS-ROM-5316", "nome": "Via Cossombrato", "quartiere": "Municipio Roma XIII", "classificazione": "giallo", "score": 3, "note": "strada urbana senza ciclabile", "ciclabile": "no", "n_corsie": "2", "senso_unico": "no", "n_testimonianze": "0", "municipio": "XIII"}, "geometry": {"type": "LineString", "coordinates": [[12.3779887, 41.9235795], [12.374953, 41.9237675], [12.3748677, 41.9237703], [12.3747529, 41.9237711], [12.3746495, 41.9237526], [12.3744516, 41.923685]]}}, {"type": "Feature", "properties": {"id": "SS-ROM-5337", "nome": "Via Costanzo Guglielmi", "quartiere": "Municipio Roma XIII", "classificazione": "giallo", "score": 3, "note": "strada urbana senza ciclabile (2 corsie)", "ciclabile": "no", "n_corsie": "2", "senso_unico": "no", "n_testimonianze": "0", "municipio": "XIII"}, "geometry": {"type": "MultiLineString", "coordinates": [[[12.3891754, 41.9072524], [12.3892761, 41.9073594], [12.3893702, 41.9075235], [12.3895626, 41.9078851], [12.3896932, 41.907997], [12.3900162, 41.9082468], [12.3903715, 41.9084683], [12.3906706, 41.9086439], [12.390694, 41.9086529], [12.3907201, 41.90866], [12.3907475, 41.9086645], [12.3907776, 41.9086681], [12.3908704, 41.9086709], [12.3907959, 41.9090297], [12.3907684, 41.9092407], [12.3908222, 41.9094042], [12.3908935, 41.9094979], [12.3910022, 41.9096023], [12.3910435, 41.9096332], [12.3910882, 41.9096604], [12.3911496, 41.9096923], [12.3911984, 41.9097012], [12.3912741, 41.9097319], [12.3913229, 41.9097488], [12.3913703, 41.9097637], [12.3914273, 41.9097815], [12.3917029, 41.9098598], [12.3918469, 41.9099028], [12.391933, 41.9099362], [12.3919761, 41.9099568], [12.3920138, 41.9099795], [12.3920501, 41.910004], [12.3920824, 41.9100325], [12.3921093, 41.910062], [12.3921348, 41.9100935], [12.3922422, 41.9102493], [12.3922958, 41.9103133], [12.3923437, 41.9103922], [12.3923669, 41.9104306], [12.3923902, 41.9104745], [12.3924093, 41.9105121], [12.3924201, 41.9105332], [12.3924403, 41.9105795], [12.3925372, 41.9108122], [12.3925577, 41.9108467], [12.3925692, 41.9108654], [12.3925835, 41.9108861]], [[12.3925835, 41.9108861], [12.3926097, 41.9109129], [12.3926358, 41.9109396]]]}}, {"type": "Feature", "properties": {"id": "SS-ROM-5371", "nome": "Via Cristoforo Numai", "quartiere": "Municipio Roma XIII", "classificazione": "giallo", "score": 3, "note": "strada urbana senza ciclabile (1 corsie)", "ciclabile": "no", "n_corsie": "1", "senso_unico": "si", "n_testimonianze": "0", "municipio": "XIII"}, "geometry": {"type": "MultiLineString", "coordinates": [[[12.407954, 41.9164491], [12.4078711, 41.9164935], [12.4078328, 41.9165183], [12.4077874, 41.9165486], [12.4077399, 41.9165817], [12.4076899, 41.9166168], [12.4076586, 41.916641], [12.4076221, 41.9166711], [12.4075561, 41.9167312], [12.4073032, 41.9169658], [12.4070824, 41.9171656], [12.4068784, 41.9173486], [12.4068004, 41.9174222], [12.4062952, 41.9178617], [12.4062142, 41.9179319]], [[12.4058473, 41.9183261], [12.4057246, 41.9184374]], [[12.4057246, 41.9184374], [12.405328, 41.9188041], [12.405305, 41.9188256]], [[12.4062142, 41.9179319], [12.4061308, 41.9179859], [12.4059525, 41.9181469], [12.4057878, 41.9182964]], [[12.4057878, 41.9182964], [12.4056714, 41.9184046]], [[12.4056714, 41.9184046], [12.405251, 41.9187917]], [[12.4062142, 41.9179319], [12.406195, 41.9179739], [12.406175, 41.9180161], [12.4061557, 41.9180421], [12.4061367, 41.9180601], [12.4061071, 41.9180874], [12.4060072, 41.9181754], [12.4058473, 41.9183261]]]}}, {"type": "Feature", "properties": {"id": "SS-ROM-5392", "nome": "Via Cumiana", "quartiere": "Municipio Roma XIII", "classificazione": "giallo", "score": 3, "note": "strada urbana senza ciclabile", "ciclabile": "no", "n_corsie": "2", "senso_unico": "no", "n_testimonianze": "0", "municipio": "XIII"}, "geometry": {"type": "LineString", "coordinates": [[12.3583727, 41.9278982], [12.3584069, 41.9279327], [12.3587393, 41.9282605], [12.3597753, 41.9293101]]}}, {"type": "Feature", "properties": {"id": "SS-ROM-5395", "nome": "Via Cunico", "quartiere": "Municipio Roma XIII", "classificazione": "giallo", "score": 3, "note": "strada urbana senza ciclabile", "ciclabile": "no", "n_corsie": "2", "senso_unico": "no", "n_testimonianze": "0", "municipio": "XIII"}, "geometry": {"type": "LineString", "coordinates": [[12.385627, 41.8944699], [12.3862099, 41.8944427]]}}, {"type": "Feature", "properties": {"id": "SS-ROM-5438", "nome": "Via Dante Alimenti", "quartiere": "Municipio Roma XIII", "classificazione": "giallo", "score": 3, "note": "strada urbana senza ciclabile", "ciclabile": "no", "n_corsie": "2", "senso_unico": "si", "n_testimonianze": "0", "municipio": "XIII"}, "geometry": {"type": "MultiLineString", "coordinates": [[[12.3976588, 41.9300945], [12.3980766, 41.929844], [12.3983209, 41.9296999], [12.398337, 41.9296871], [12.3983512, 41.9296739], [12.398366, 41.9296566], [12.3983782, 41.9296384]], [[12.3986008, 41.9295122], [12.3983782, 41.9296384]]]}}, {"type": "Feature", "properties": {"id": "SS-ROM-5460", "nome": "Via Davide Giordano", "quartiere": "Municipio Roma XIII", "classificazione": "giallo", "score": 3, "note": "strada urbana senza ciclabile (2 corsie)", "ciclabile": "no", "n_corsie": "2", "senso_unico": "no", "n_testimonianze": "0", "municipio": "XIII"}, "geometry": {"type": "LineString", "coordinates": [[12.3876086, 41.9097251], [12.3876357, 41.9097201], [12.3876983, 41.9097086], [12.3884262, 41.9095598], [12.3884968, 41.909546], [12.3885445, 41.9095362]]}}, {"type": "Feature", "properties": {"id": "SS-ROM-5461", "nome": "Via Davide Supino", "quartiere": "Municipio Roma XIII", "classificazione": "giallo", "score": 3, "note": "strada urbana senza ciclabile", "ciclabile": "no", "n_corsie": "2", "senso_unico": "no", "n_testimonianze": "0", "municipio": "XIII"}, "geometry": {"type": "LineString", "coordinates": [[12.4104481, 41.8896973], [12.4104317, 41.8897423], [12.4104139, 41.8897911], [12.4103953, 41.8898508], [12.4103747, 41.8899066], [12.4103554, 41.8899474], [12.4103386, 41.8899765], [12.4103165, 41.8900057], [12.4102757, 41.8900529], [12.4102212, 41.8901048], [12.4101641, 41.8901696], [12.4101348, 41.890204], [12.4101136, 41.8902364], [12.4100948, 41.8902751], [12.41008, 41.8903167], [12.4100544, 41.8903901], [12.4100398, 41.890439], [12.4100205, 41.8905634], [12.4100013, 41.8906937]]}}, {"type": "Feature", "properties": {"id": "SS-ROM-5468", "nome": "Via Decio Azzolino", "quartiere": "Municipio Roma XIII", "classificazione": "giallo", "score": 3, "note": "strada urbana senza ciclabile (2 corsie)", "ciclabile": "no", "n_corsie": "2", "senso_unico": "no", "n_testimonianze": "0", "municipio": "XIII"}, "geometry": {"type": "MultiLineString", "coordinates": [[[12.4063032, 41.9166898], [12.4062518, 41.9166575], [12.4062219, 41.9166388], [12.406174, 41.9166102], [12.4060034, 41.9165079], [12.4058353, 41.9164047], [12.4056687, 41.9163024], [12.4054993, 41.9161974], [12.4052763, 41.9160615], [12.4051042, 41.915954], [12.4049377, 41.9158524], [12.4048402, 41.9157951], [12.4047856, 41.9157619], [12.4045556, 41.9156196], [12.4044262, 41.915542], [12.4042345, 41.9154309], [12.404017, 41.9153074], [12.4037935, 41.9151823], [12.4036506, 41.915103], [12.4032342, 41.9148702], [12.4027607, 41.9146056]], [[12.4027607, 41.9146056], [12.4025465, 41.9148117], [12.4021675, 41.9145968], [12.402383, 41.9143927], [12.4027607, 41.9146056]]]}}, {"type": "Feature", "properties": {"id": "SS-ROM-5476", "nome": "Via Deiva Marina", "quartiere": "Municipio Roma XIII", "classificazione": "giallo", "score": 3, "note": "strada urbana senza ciclabile", "ciclabile": "no", "n_corsie": "2", "senso_unico": "no", "n_testimonianze": "0", "municipio": "XIII"}, "geometry": {"type": "LineString", "coordinates": [[12.4025887, 41.8825115], [12.4031513, 41.8827882], [12.4031665, 41.8827932], [12.4031817, 41.8827962], [12.4031966, 41.8827982], [12.4032122, 41.8827981], [12.4032263, 41.8827957], [12.4032404, 41.8827903], [12.4032512, 41.8827832], [12.4032593, 41.8827735], [12.4038264, 41.8818533]]}}, {"type": "Feature", "properties": {"id": "SS-ROM-5503", "nome": "Via Diano d'Alba", "quartiere": "Municipio Roma XIII", "classificazione": "giallo", "score": 3, "note": "strada urbana senza ciclabile", "ciclabile": "no", "n_corsie": "2", "senso_unico": "no", "n_testimonianze": "0", "municipio": "XIII"}, "geometry": {"type": "LineString", "coordinates": [[12.3915863, 41.9223962], [12.3909671, 41.9224228], [12.3908011, 41.9225385], [12.390575, 41.9226961], [12.3904468, 41.922794], [12.3904116, 41.9228208], [12.3903967, 41.9228357], [12.3903825, 41.9228517], [12.3903708, 41.9228661], [12.3903615, 41.9228798], [12.3903502, 41.9228964], [12.3903388, 41.922917], [12.3903266, 41.9229449], [12.3903143, 41.9229774], [12.3903067, 41.9230153], [12.3903062, 41.9230412], [12.3903077, 41.9230646], [12.390313, 41.9230916], [12.390322, 41.9231198], [12.3903581, 41.9231833], [12.3905377, 41.9234341], [12.390555, 41.923462], [12.3905617, 41.923484], [12.3905653, 41.9235129], [12.3905648, 41.9235523]]}}, {"type": "Feature", "properties": {"id": "SS-ROM-5509", "nome": "Via Diego Tajani", "quartiere": "Municipio Roma XIII", "classificazione": "giallo", "score": 3, "note": "strada urbana senza ciclabile", "ciclabile": "no", "n_corsie": "2", "senso_unico": "no", "n_testimonianze": "0", "municipio": "XIII"}, "geometry": {"type": "LineString", "coordinates": [[12.4149703, 41.8913486], [12.4138451, 41.8919443], [12.413791, 41.891973]]}}, {"type": "Feature", "properties": {"id": "SS-ROM-5527", "nome": "Via Diomede Marvasi", "quartiere": "Municipio Roma XIII", "classificazione": "giallo", "score": 3, "note": "strada urbana senza ciclabile", "ciclabile": "no", "n_corsie": "2", "senso_unico": "no", "n_testimonianze": "0", "municipio": "XIII"}, "geometry": {"type": "LineString", "coordinates": [[12.4115289, 41.8899241], [12.4114926, 41.8899907], [12.4113841, 41.8901897], [12.4113105, 41.8903218], [12.4112953, 41.8903441], [12.4112774, 41.8903664], [12.4112605, 41.8903845], [12.4112364, 41.8904069], [12.4112105, 41.8904261], [12.4107677, 41.8907177], [12.4098802, 41.8912958]]}}, {"type": "Feature", "properties": {"id": "SS-ROM-5528", "nome": "Via Diomede Pantaleoni", "quartiere": "Municipio Roma XIII", "classificazione": "giallo", "score": 3, "note": "strada urbana senza ciclabile (1 corsie)", "ciclabile": "no", "n_corsie": "1", "senso_unico": "si", "n_testimonianze": "0", "municipio": "XIII"}, "geometry": {"type": "LineString", "coordinates": [[12.3946297, 41.9087405], [12.3963248, 41.9100954]]}}, {"type": "Feature", "properties": {"id": "SS-ROM-5536", "nome": "Via Divignano", "quartiere": "Municipio Roma XIII", "classificazione": "giallo", "score": 3, "note": "strada urbana senza ciclabile", "ciclabile": "no", "n_corsie": "2", "senso_unico": "no", "n_testimonianze": "0", "municipio": "XIII"}, "geometry": {"type": "LineString", "coordinates": [[12.3689912, 41.9220421], [12.3693842, 41.9226187]]}}, {"type": "Feature", "properties": {"id": "SS-ROM-5541", "nome": "Via Dolceacqua", "quartiere": "Municipio Roma XIII", "classificazione": "giallo", "score": 3, "note": "strada urbana senza ciclabile", "ciclabile": "no", "n_corsie": "2", "senso_unico": "si", "n_testimonianze": "0", "municipio": "XIII"}, "geometry": {"type": "LineString", "coordinates": [[12.4185807, 41.885427], [12.4184471, 41.8855363], [12.4184143, 41.8855592], [12.41839, 41.8855691], [12.4183604, 41.885577], [12.4183195, 41.8855795], [12.4182866, 41.885576], [12.4182519, 41.8855671], [12.4182198, 41.8855562], [12.417585, 41.8852495], [12.4175076, 41.8852078], [12.4174635, 41.8851742], [12.4173569, 41.8850956], [12.4173238, 41.885066], [12.4173092, 41.8850469], [12.417299, 41.8850301], [12.4172924, 41.8850096], [12.4172899, 41.8849932], [12.4172933, 41.884975], [12.4173001, 41.8849592], [12.4173118, 41.8849458], [12.4176903, 41.8847007]]}}, {"type": "Feature", "properties": {"id": "SS-ROM-5542", "nome": "Via Dolcedo", "quartiere": "Municipio Roma XIII", "classificazione": "giallo", "score": 3, "note": "strada urbana senza ciclabile", "ciclabile": "no", "n_corsie": "2", "senso_unico": "no", "n_testimonianze": "0", "municipio": "XIII"}, "geometry": {"type": "LineString", "coordinates": [[12.4075111, 41.9141823], [12.4075247, 41.914216], [12.4075313, 41.9142498], [12.4069087, 41.9145336]]}}, {"type": "Feature", "properties": {"id": "SS-ROM-5579", "nome": "Via Domenico Grimani", "quartiere": "Municipio Roma XIII", "classificazione": "giallo", "score": 3, "note": "strada urbana senza ciclabile", "ciclabile": "no", "n_corsie": "2", "senso_unico": "no", "n_testimonianze": "0", "municipio": "XIII"}, "geometry": {"type": "LineString", "coordinates": [[12.4089497, 41.9168906], [12.4091986, 41.9174259], [12.4097327, 41.9185846]]}}, {"type": "Feature", "properties": {"id": "SS-ROM-5608", "nome": "Via Domenico Svampa", "quartiere": "Municipio Roma XIII", "classificazione": "giallo", "score": 3, "note": "strada urbana senza ciclabile (1 corsie)", "ciclabile": "no", "n_corsie": "1", "senso_unico": "si", "n_testimonianze": "0", "municipio": "XIII"}, "geometry": {"type": "LineString", "coordinates": [[12.4166418, 41.9199818], [12.4166535, 41.9200124], [12.4166638, 41.9200499], [12.4167795, 41.9208563], [12.4167776, 41.9208729], [12.4167748, 41.920885], [12.4167633, 41.9209027], [12.4167487, 41.9209203], [12.4167227, 41.9209443], [12.4167027, 41.9209577], [12.4166787, 41.9209711], [12.4161627, 41.9212082], [12.4161173, 41.921229]]}}, {"type": "Feature", "properties": {"id": "SS-ROM-5620", "nome": "Via Don Carlo Gnocchi", "quartiere": "Municipio Roma XIII", "classificazione": "giallo", "score": 3, "note": "strada urbana senza ciclabile (1 corsie)", "ciclabile": "no", "n_corsie": "1", "senso_unico": "si", "n_testimonianze": "0", "municipio": "XIII"}, "geometry": {"type": "MultiLineString", "coordinates": [[[12.3934618, 41.9107464], [12.3934681, 41.9107834], [12.3934777, 41.9108126]], [[12.3938777, 41.9107743], [12.3938596, 41.9107895], [12.3938415, 41.9108047], [12.3938107, 41.9108351], [12.3937976, 41.910851], [12.3937844, 41.9108721], [12.3937769, 41.9109053], [12.3937705, 41.9109384], [12.3937641, 41.9109781]], [[12.3942837, 41.9120843], [12.3943253, 41.9120855], [12.3944212, 41.9120938], [12.3944502, 41.9121001], [12.394474, 41.9121077]], [[12.394474, 41.9121077], [12.3945052, 41.9123215], [12.3946635, 41.9132011], [12.3946578, 41.9132818], [12.3947043, 41.9135701], [12.3947373, 41.9137787], [12.3948259, 41.9140099], [12.3948424, 41.9140326], [12.3948641, 41.9140552], [12.3948915, 41.9140742], [12.3949241, 41.9140911], [12.3949773, 41.9141085], [12.3950358, 41.9141139], [12.3951044, 41.9141011]], [[12.3937641, 41.9109781], [12.3939167, 41.9110739], [12.3939842, 41.9111237], [12.3940157, 41.9111517], [12.3940524, 41.9111884], [12.3940763, 41.9112135], [12.3940908, 41.9112323], [12.3941176, 41.9112718], [12.394139, 41.9113195], [12.3941538, 41.911361], [12.3941609, 41.9113917], [12.3942837, 41.9120843], [12.3943598, 41.9124651], [12.3944364, 41.912908], [12.3945996, 41.9137567], [12.3946081, 41.9137929], [12.3946178, 41.9138282], [12.3946305, 41.9138655], [12.3946479, 41.9139079], [12.3946744, 41.9139589], [12.3946922, 41.9139917], [12.3947088, 41.9140218], [12.3947487, 41.9140817], [12.3947921, 41.9141424], [12.3948357, 41.9141986], [12.3948793, 41.9142512], [12.3949306, 41.9143048], [12.3949684, 41.9143418], [12.3950014, 41.9143715], [12.395039, 41.9144011], [12.3950645, 41.9144195], [12.3950887, 41.9144352], [12.3952067, 41.9144982], [12.396167, 41.9150014], [12.3961947, 41.9150184], [12.3963276, 41.9151298], [12.3965804, 41.9153464], [12.3970774, 41.9157773], [12.3973329, 41.9160018]], [[12.3934777, 41.9108126], [12.3935595, 41.9108592], [12.3936073, 41.9108852], [12.3937641, 41.9109781]], [[12.6567058, 41.7280391], [12.6567736, 41.7280652], [12.6572229, 41.7286295], [12.657507, 41.7289862]]]}}, {"type": "Feature", "properties": {"id": "SS-ROM-5640", "nome": "Via Dormelletto", "quartiere": "Municipio Roma XIII", "classificazione": "giallo", "score": 3, "note": "strada urbana senza ciclabile", "ciclabile": "no", "n_corsie": "2", "senso_unico": "no", "n_testimonianze": "0", "municipio": "XIII"}, "geometry": {"type": "LineString", "coordinates": [[12.387758, 41.9035465], [12.3881357, 41.9040756]]}}, {"type": "Feature", "properties": {"id": "SS-ROM-5644", "nome": "Via Dorzano", "quartiere": "Municipio Roma XIII", "classificazione": "giallo", "score": 3, "note": "strada urbana senza ciclabile", "ciclabile": "no", "n_corsie": "2", "senso_unico": "no", "n_testimonianze": "0", "municipio": "XIII"}, "geometry": {"type": "LineString", "coordinates": [[12.3661299, 41.9148229], [12.3658583, 41.9152362], [12.3655112, 41.9157794]]}}, {"type": "Feature", "properties": {"id": "SS-ROM-5651", "nome": "Via Dronero", "quartiere": "Municipio Roma XIII", "classificazione": "giallo", "score": 3, "note": "strada urbana senza ciclabile (2 corsie)", "ciclabile": "no", "n_corsie": "2", "senso_unico": "no", "n_testimonianze": "0", "municipio": "XIII"}, "geometry": {"type": "MultiLineString", "coordinates": [[[12.3864345, 41.9173255], [12.3859829, 41.9172106], [12.3855273, 41.9170908], [12.3851013, 41.9169787], [12.3846305, 41.9168483]], [[12.3846305, 41.9168483], [12.3841922, 41.916729]], [[12.3841922, 41.916729], [12.3840914, 41.9167058], [12.384044, 41.9166942]], [[12.2981851, 41.8166348], [12.3000192, 41.8176407]]]}}, {"type": "Feature", "properties": {"id": "SS-ROM-5652", "nome": "Via Druento", "quartiere": "Municipio Roma XIII", "classificazione": "giallo", "score": 3, "note": "strada urbana senza ciclabile", "ciclabile": "no", "n_corsie": "2", "senso_unico": "no", "n_testimonianze": "0", "municipio": "XIII"}, "geometry": {"type": "LineString", "coordinates": [[12.3755329, 41.9184219], [12.375536, 41.9185267], [12.3755471, 41.9186063], [12.3769988, 41.9185274], [12.3770714, 41.9185226]]}}, {"type": "Feature", "properties": {"id": "SS-ROM-5685", "nome": "Via Edoardo Ferravilla", "quartiere": "Municipio Roma XIII", "classificazione": "giallo", "score": 3, "note": "strada urbana senza ciclabile", "ciclabile": "no", "n_corsie": "2", "senso_unico": "no", "n_testimonianze": "0", "municipio": "XIII"}, "geometry": {"type": "MultiLineString", "coordinates": [[[12.4099927, 41.9063582], [12.4101888, 41.9064235]], [[12.410559, 41.9065729], [12.4109728, 41.9067195]], [[12.4101741, 41.9064573], [12.410016, 41.9064023]], [[12.4104594, 41.9062613], [12.4103211, 41.9064695]], [[12.4101888, 41.9064235], [12.4103211, 41.9064695]], [[12.4103211, 41.9064695], [12.410458, 41.9065193], [12.410559, 41.9065729]], [[12.4100586, 41.9066413], [12.4101741, 41.9064573], [12.4104346, 41.9065444], [12.410559, 41.9065729]]]}}, {"type": "Feature", "properties": {"id": "SS-ROM-5746", "nome": "Via Elva", "quartiere": "Municipio Roma XIII", "classificazione": "giallo", "score": 3, "note": "strada urbana senza ciclabile (2 corsie)", "ciclabile": "no", "n_corsie": "2", "senso_unico": "no", "n_testimonianze": "0", "municipio": "XIII"}, "geometry": {"type": "LineString", "coordinates": [[12.3896244, 41.9249655], [12.3875322, 41.9249381]]}}, {"type": "Feature", "properties": {"id": "SS-ROM-5762", "nome": "Via Emidio Tassi", "quartiere": "Municipio Roma XIII", "classificazione": "giallo", "score": 3, "note": "strada urbana senza ciclabile", "ciclabile": "no", "n_corsie": "2", "senso_unico": "no", "n_testimonianze": "0", "municipio": "XIII"}, "geometry": {"type": "LineString", "coordinates": [[12.3898806, 41.9110814], [12.3899175, 41.9110901], [12.3900449, 41.9111234], [12.3901883, 41.9112389], [12.3903271, 41.9113849], [12.3905539, 41.9116218], [12.3908615, 41.9118942], [12.3908894, 41.9119156], [12.3909061, 41.911927], [12.3909244, 41.9119384], [12.3909409, 41.9119473], [12.3909591, 41.9119562], [12.3909902, 41.9119681], [12.3910199, 41.9119763], [12.3910598, 41.9119829], [12.391083, 41.9119831], [12.3911137, 41.9119816], [12.3911788, 41.9119752], [12.3912992, 41.9119593], [12.391521, 41.9119309], [12.3915971, 41.9119224]]}}, {"type": "Feature", "properties": {"id": "SS-ROM-5832", "nome": "Via Enrico Bondi", "quartiere": "Municipio Roma XIII", "classificazione": "giallo", "score": 3, "note": "strada urbana senza ciclabile (1 corsie)", "ciclabile": "no", "n_corsie": "1", "senso_unico": "si", "n_testimonianze": "0", "municipio": "XIII"}, "geometry": {"type": "MultiLineString", "coordinates": [[[12.3906936, 41.905008], [12.3906285, 41.9049641], [12.3903612, 41.9048259], [12.3901648, 41.90472], [12.3900796, 41.904669], [12.3900387, 41.9046429], [12.3900213, 41.9046305], [12.3900038, 41.9046159], [12.3899769, 41.9045889], [12.3899519, 41.9045619], [12.389239, 41.9036212], [12.3885452, 41.9027026], [12.3884725, 41.902606]], [[12.3884725, 41.902606], [12.3883988, 41.9026386], [12.3883447, 41.9026631], [12.3883072, 41.9026766], [12.3882687, 41.9026898], [12.3882361, 41.9026999], [12.3882072, 41.9027084], [12.3881646, 41.902721], [12.3881214, 41.9027307], [12.3880566, 41.9027405], [12.3880007, 41.9027469], [12.3879578, 41.9027511], [12.3879082, 41.9027544], [12.3878634, 41.902755], [12.387815, 41.9027536], [12.387769, 41.9027493], [12.3877206, 41.9027398], [12.3876736, 41.9027299], [12.3876348, 41.9027194], [12.3876009, 41.9027097], [12.3875692, 41.9026998], [12.3875375, 41.9026892], [12.3875024, 41.9026765], [12.387468, 41.9026604], [12.3874354, 41.902644], [12.3874032, 41.9026247], [12.3873719, 41.902601], [12.3873504, 41.902582], [12.3873241, 41.9025581], [12.3872833, 41.9025127], [12.3872434, 41.9024567], [12.3872006, 41.9023791], [12.3871757, 41.9023323], [12.3871544, 41.9022909], [12.3870426, 41.9020514], [12.3869987, 41.90194], [12.3869348, 41.9017499], [12.386883, 41.9015951], [12.3868601, 41.9015271], [12.3868234, 41.9014172], [12.3867633, 41.9012444], [12.3867084, 41.901079], [12.3866628, 41.9009468], [12.3866427, 41.9008918], [12.3866249, 41.9008506], [12.3866103, 41.9008214], [12.3865944, 41.9007943], [12.3864597, 41.9006104], [12.3863084, 41.9004159], [12.3860759, 41.9001087], [12.3860487, 41.9000688], [12.3860234, 41.900023], [12.385967, 41.8999164], [12.385719, 41.8993964], [12.385706, 41.8993624], [12.3856952, 41.8993271], [12.3854021, 41.8980151], [12.3853796, 41.8977558], [12.3853773, 41.8976554], [12.385378, 41.8975867], [12.3853816, 41.8974271], [12.3853913, 41.8972538], [12.3854012, 41.8971746], [12.3854064, 41.8971349], [12.3854164, 41.8970867], [12.3854242, 41.8970596], [12.3854394, 41.8970262], [12.3854629, 41.8969947], [12.3854851, 41.8969713], [12.3855167, 41.8969438], [12.3855461, 41.8969261], [12.3855736, 41.8969151], [12.3856145, 41.8969027], [12.3856539, 41.8968962], [12.3856888, 41.8968952]]]}}, {"type": "Feature", "properties": {"id": "SS-ROM-5845", "nome": "Via Enrico De Ossò", "quartiere": "Municipio Roma XIII", "classificazione": "giallo", "score": 3, "note": "strada urbana senza ciclabile (2 corsie)", "ciclabile": "no", "n_corsie": "2", "senso_unico": "no", "n_testimonianze": "0", "municipio": "XIII"}, "geometry": {"type": "MultiLineString", "coordinates": [[[12.4097858, 41.8999477], [12.4102515, 41.8998439], [12.4113102, 41.8996078], [12.4113724, 41.8995926], [12.4114358, 41.8995755], [12.4114926, 41.8995595], [12.4115541, 41.8995394], [12.4116088, 41.8995202], [12.4116616, 41.8995001], [12.4117351, 41.8994696], [12.4118294, 41.8994272], [12.4118984, 41.8993919], [12.4119594, 41.8993566], [12.4120733, 41.899286], [12.4121761, 41.8992107]], [[12.4127924, 41.8987212], [12.4127255, 41.8987744], [12.4122337, 41.8991649], [12.4121761, 41.8992107]]]}}, {"type": "Feature", "properties": {"id": "SS-ROM-5854", "nome": "Via Enrico Gismondi", "quartiere": "Municipio Roma XIII", "classificazione": "giallo", "score": 3, "note": "strada urbana senza ciclabile", "ciclabile": "no", "n_corsie": "2", "senso_unico": "no", "n_testimonianze": "0", "municipio": "XIII"}, "geometry": {"type": "LineString", "coordinates": [[12.2917976, 41.9076311], [12.2917341, 41.9076239], [12.2901711, 41.9077368], [12.2888487, 41.9078316], [12.2882635, 41.9078691], [12.2881567, 41.907873], [12.2877816, 41.9078867], [12.2877278, 41.9078914], [12.287687, 41.907896], [12.2876488, 41.9079016], [12.2876048, 41.90791], [12.2875699, 41.9079178], [12.2875313, 41.9079294], [12.28749, 41.907943], [12.2874533, 41.907958], [12.2874181, 41.9079751], [12.2873788, 41.9079947], [12.2873435, 41.9080143], [12.286469, 41.9085863], [12.2864134, 41.9086367], [12.2863645, 41.9086911], [12.2863295, 41.9087419], [12.2862972, 41.9087986], [12.2862675, 41.9088683], [12.286254, 41.9089215], [12.2862487, 41.9089973], [12.2862419, 41.9090842], [12.2862393, 41.909168], [12.2862661, 41.9092638], [12.2863519, 41.9093916], [12.2867137, 41.9098394], [12.2868256, 41.9099868], [12.2871564, 41.9104226], [12.287168, 41.9104399], [12.2871795, 41.9104591], [12.2871897, 41.9104793], [12.2871966, 41.9104996], [12.2872021, 41.9105209], [12.2872055, 41.9105382], [12.2872117, 41.910707], [12.2872137, 41.910723], [12.287219, 41.9107543], [12.2872244, 41.9107836], [12.2872302, 41.9108089], [12.287236, 41.9108322], [12.2872424, 41.9108528], [12.2872797, 41.9109598], [12.2872847, 41.9109774], [12.2872885, 41.9109955], [12.2872932, 41.911025], [12.2872965, 41.9110554], [12.2872957, 41.9110837], [12.2872936, 41.9111129], [12.2872916, 41.9111301], [12.2872885, 41.9111473], [12.2872476, 41.9113141], [12.2871909, 41.9116433], [12.2870818, 41.9122063], [12.2870772, 41.9122301], [12.2870362, 41.9124393], [12.2870275, 41.912478], [12.2870216, 41.9124954], [12.2870147, 41.9125128], [12.2870024, 41.9125381], [12.2869893, 41.9125597], [12.2869709, 41.9125863], [12.2869451, 41.9126158], [12.2869139, 41.9126504], [12.2869023, 41.9126626], [12.2868908, 41.9126737], [12.2868826, 41.9126811], [12.2868629, 41.9126962], [12.2861388, 41.913251], [12.2859233, 41.9134462], [12.2859079, 41.9134616], [12.2858918, 41.9134799], [12.2858748, 41.9135021], [12.2858579, 41.9135264], [12.2858437, 41.9135489], [12.2858295, 41.9135735], [12.2858223, 41.913588], [12.2858138, 41.9136085], [12.2857954, 41.9136598], [12.2851499, 41.9154553], [12.2849359, 41.9160445], [12.2847343, 41.9165994], [12.2846879, 41.9167637], [12.2846843, 41.9168255], [12.2846862, 41.9168603], [12.2846857, 41.9168791], [12.2846876, 41.9168939], [12.2846926, 41.9169151], [12.2847005, 41.9169329], [12.2847094, 41.9169513], [12.2847222, 41.9169706], [12.284734, 41.9169861], [12.2847537, 41.9170092], [12.2848875, 41.9171383], [12.2858583, 41.9179605], [12.2859727, 41.9180586], [12.2862713, 41.9183212], [12.2867661, 41.9187548], [12.2869615, 41.9189107], [12.2871873, 41.9190439], [12.2872672, 41.9191069], [12.2873496, 41.9191956], [12.2873737, 41.9192216], [12.2875693, 41.9194589], [12.2876161, 41.9195158], [12.2876664, 41.919577], [12.2877426, 41.9196671], [12.2878225, 41.9197529], [12.2879316, 41.9198593], [12.2881113, 41.9200033], [12.288558, 41.9202298], [12.2886022, 41.9202524], [12.2886552, 41.9202749], [12.2887741, 41.9203203], [12.288874, 41.9203486], [12.2889949, 41.9203791], [12.2890991, 41.9203956], [12.2891983, 41.9204], [12.2892894, 41.9203965], [12.2893911, 41.9203844], [12.2894849, 41.9203631], [12.2897476, 41.9202733], [12.2898246, 41.9202497], [12.2898667, 41.9202449], [12.2898831, 41.9202446], [12.2899088, 41.9202461], [12.2899297, 41.9202482], [12.2899538, 41.9202528], [12.2899987, 41.9202655], [12.2900291, 41.9202763], [12.2901921, 41.9203378], [12.2902773, 41.9203964], [12.290765, 41.9206236], [12.2908332, 41.9206463], [12.2908999, 41.920667], [12.2909757, 41.9206891], [12.2910501, 41.9207093], [12.2913046, 41.9207863], [12.2915272, 41.9208452], [12.2916989, 41.9208791], [12.291825, 41.9208961], [12.2920087, 41.9209051], [12.2926404, 41.920946], [12.2927222, 41.9209609], [12.2927659, 41.9209745]]}}, {"type": "Feature", "properties": {"id": "SS-ROM-5868", "nome": "Via Enrico Noris", "quartiere": "Municipio Roma XIII", "classificazione": "giallo", "score": 3, "note": "strada urbana senza ciclabile", "ciclabile": "no", "n_corsie": "2", "senso_unico": "no", "n_testimonianze": "0", "municipio": "XIII"}, "geometry": {"type": "LineString", "coordinates": [[12.417106, 41.9044761], [12.4161499, 41.9044668]]}}, {"type": "Feature", "properties": {"id": "SS-ROM-5891", "nome": "Via Enrico da Susa", "quartiere": "Municipio Roma XIII", "classificazione": "blu", "score": 2, "note": "accesso limitato (ZTL)", "ciclabile": "no", "n_corsie": "1", "senso_unico": "no", "n_testimonianze": "0", "municipio": "XIII"}, "geometry": {"type": "MultiLineString", "coordinates": [[[12.4128737, 41.9239211], [12.4129884, 41.923865], [12.4131128, 41.9238133], [12.413207, 41.9237761], [12.4132846, 41.9237499], [12.4133632, 41.9237275], [12.4134425, 41.923709], [12.4135432, 41.9236897], [12.4136344, 41.9236724], [12.4136943, 41.9236629], [12.413748, 41.9236565], [12.4138335, 41.9236486], [12.414102, 41.9236376]], [[12.414102, 41.9236376], [12.4141304, 41.9236373], [12.414204, 41.9236365]]]}}, {"type": "Feature", "properties": {"id": "SS-ROM-5896", "nome": "Via Entracque", "quartiere": "Municipio Roma XIII", "classificazione": "giallo", "score": 3, "note": "strada urbana senza ciclabile", "ciclabile": "no", "n_corsie": "2", "senso_unico": "no", "n_testimonianze": "0", "municipio": "XIII"}, "geometry": {"type": "LineString", "coordinates": [[12.3286964, 41.9237079], [12.3285283, 41.9234803], [12.3285177, 41.9234687], [12.3285031, 41.9234576], [12.3284826, 41.923452], [12.3284603, 41.9234523], [12.3284472, 41.9234547], [12.3284305, 41.9234594], [12.3280263, 41.923629], [12.3280078, 41.923636], [12.327988, 41.923641], [12.3279696, 41.9236429], [12.3279511, 41.9236405], [12.3279341, 41.9236339], [12.3279171, 41.9236228], [12.3279022, 41.923609], [12.3275093, 41.9230813]]}}, {"type": "Feature", "properties": {"id": "SS-ROM-5909", "nome": "Via Epifanio", "quartiere": "Municipio Roma XIII", "classificazione": "giallo", "score": 3, "note": "strada urbana senza ciclabile", "ciclabile": "no", "n_corsie": "2", "senso_unico": "no", "n_testimonianze": "0", "municipio": "XIII"}, "geometry": {"type": "LineString", "coordinates": [[12.3471212, 41.907234], [12.3471346, 41.9072749], [12.3471894, 41.9074937], [12.3471942, 41.907519], [12.3471989, 41.9075463], [12.3472008, 41.9075702], [12.3472026, 41.9075961], [12.3472035, 41.9076385], [12.3472012, 41.9076597], [12.3471936, 41.9076839], [12.3471823, 41.9077027], [12.3471657, 41.9077244], [12.3471271, 41.9077679]]}}, {"type": "Feature", "properties": {"id": "SS-ROM-5925", "nome": "Via Ercole Cova", "quartiere": "Municipio Roma XIII", "classificazione": "giallo", "score": 3, "note": "strada urbana senza ciclabile (1 corsie)", "ciclabile": "no", "n_corsie": "1", "senso_unico": "si", "n_testimonianze": "0", "municipio": "XIII"}, "geometry": {"type": "LineString", "coordinates": [[12.3871379, 41.9084476], [12.387217, 41.90843], [12.3879728, 41.9082761], [12.3880266, 41.9082654], [12.3880722, 41.9082563]]}}, {"type": "Feature", "properties": {"id": "SS-ROM-5945", "nome": "Via Ermanno Mingazzini", "quartiere": "Municipio Roma XIII", "classificazione": "giallo", "score": 3, "note": "strada urbana senza ciclabile", "ciclabile": "no", "n_corsie": "2", "senso_unico": "no", "n_testimonianze": "0", "municipio": "XIII"}, "geometry": {"type": "LineString", "coordinates": [[12.3875251, 41.9118533], [12.3877008, 41.9120356], [12.3881327, 41.9124707], [12.3891562, 41.91349]]}}, {"type": "Feature", "properties": {"id": "SS-ROM-5978", "nome": "Via Ernesto Lugaro", "quartiere": "Municipio Roma XIII", "classificazione": "giallo", "score": 3, "note": "strada urbana senza ciclabile (1 corsie)", "ciclabile": "no", "n_corsie": "1", "senso_unico": "si", "n_testimonianze": "0", "municipio": "XIII"}, "geometry": {"type": "LineString", "coordinates": [[12.4115659, 41.9247509], [12.4133089, 41.9248893], [12.413407, 41.9248957], [12.4134523, 41.9248984], [12.4134764, 41.9248994]]}}, {"type": "Feature", "properties": {"id": "SS-ROM-5984", "nome": "Via Ernesto Pestalozza", "quartiere": "Municipio Roma XIII", "classificazione": "giallo", "score": 3, "note": "strada urbana senza ciclabile", "ciclabile": "no", "n_corsie": "2", "senso_unico": "no", "n_testimonianze": "0", "municipio": "XIII"}, "geometry": {"type": "MultiLineString", "coordinates": [[[12.3941122, 41.9029984], [12.394483, 41.90268], [12.3946535, 41.9026039]], [[12.3948205, 41.9025286], [12.3953268, 41.9023055]], [[12.3946535, 41.9026039], [12.3948205, 41.9025286]]]}}, {"type": "Feature", "properties": {"id": "SS-ROM-6048", "nome": "Via Eugenio Centanni", "quartiere": "Municipio Roma XIII", "classificazione": "giallo", "score": 3, "note": "strada urbana senza ciclabile", "ciclabile": "no", "n_corsie": "2", "senso_unico": "no", "n_testimonianze": "0", "municipio": "XIII"}, "geometry": {"type": "MultiLineString", "coordinates": [[[12.3943439, 41.9032312], [12.3947711, 41.9030308], [12.3947914, 41.9030216], [12.394813, 41.9030139]], [[12.394813, 41.9030139], [12.3948369, 41.9030074], [12.3949094, 41.9029951]], [[12.3949094, 41.9029951], [12.3956433, 41.9028764]]]}}, {"type": "Feature", "properties": {"id": "SS-ROM-6061", "nome": "Via Eugenio Secondo", "quartiere": "Municipio Roma XIII", "classificazione": "giallo", "score": 3, "note": "strada urbana senza ciclabile", "ciclabile": "no", "n_corsie": "2", "senso_unico": "no", "n_testimonianze": "0", "municipio": "XIII"}, "geometry": {"type": "LineString", "coordinates": [[12.4178146, 41.9063978], [12.4184372, 41.9065131]]}}, {"type": "Feature", "properties": {"id": "SS-ROM-6145", "nome": "Via Fausta Labia", "quartiere": "Municipio Roma XIII", "classificazione": "giallo", "score": 3, "note": "strada urbana senza ciclabile (1 corsie)", "ciclabile": "no", "n_corsie": "1", "senso_unico": "no", "n_testimonianze": "0", "municipio": "XIII"}, "geometry": {"type": "LineString", "coordinates": [[12.4156763, 41.908755], [12.4156551, 41.9087411], [12.4150219, 41.908325], [12.4145921, 41.9080637]]}}, {"type": "Feature", "properties": {"id": "SS-ROM-6166", "nome": "Via Federico Borromeo", "quartiere": "Municipio Roma XIII", "classificazione": "giallo", "score": 3, "note": "strada urbana senza ciclabile (2 corsie)", "ciclabile": "no", "n_corsie": "2", "senso_unico": "no", "n_testimonianze": "0", "municipio": "XIII"}, "geometry": {"type": "LineString", "coordinates": [[12.4154637, 41.9200853], [12.4152922, 41.9189281], [12.4152868, 41.9188914], [12.4152767, 41.9188229], [12.4152621, 41.9187234], [12.4152433, 41.9185956], [12.4152312, 41.918513], [12.4152015, 41.9183183], [12.4151659, 41.9180685], [12.415144, 41.9178186], [12.4151332, 41.9177356], [12.4150509, 41.9172317], [12.4149832, 41.9167105], [12.4149702, 41.916626], [12.4149541, 41.9165086], [12.414867, 41.9158945], [12.4147904, 41.9153644], [12.4147459, 41.9150367], [12.4147401, 41.9149964], [12.4146907, 41.9146505], [12.4146372, 41.9143023], [12.4146333, 41.9142579], [12.4146294, 41.9142222], [12.4146323, 41.9142029], [12.4146363, 41.9141847], [12.4146477, 41.9141547], [12.4146596, 41.9141317]]}}, {"type": "Feature", "properties": {"id": "SS-ROM-6168", "nome": "Via Federico Cammeo", "quartiere": "Municipio Roma XIII", "classificazione": "giallo", "score": 3, "note": "strada urbana senza ciclabile", "ciclabile": "no", "n_corsie": "2", "senso_unico": "no", "n_testimonianze": "0", "municipio": "XIII"}, "geometry": {"type": "MultiLineString", "coordinates": [[[12.4153468, 41.8936913], [12.4153208, 41.8937326], [12.415311, 41.8937481], [12.4152063, 41.8939271], [12.4152044, 41.8939791], [12.4151958, 41.8940412], [12.4151885, 41.8940938], [12.4151735, 41.8941777], [12.4151644, 41.8942185], [12.4151546, 41.8942496], [12.4151382, 41.8942888], [12.4151213, 41.8943243], [12.4150638, 41.894455], [12.4150549, 41.8944767], [12.4150486, 41.8945028], [12.4150461, 41.8945272], [12.4150452, 41.8945584], [12.4150422, 41.8945929], [12.4150412, 41.8946098], [12.4150393, 41.8946241], [12.4150349, 41.8946409], [12.4149651, 41.8948031], [12.4149511, 41.894829], [12.414929, 41.8948569], [12.4149056, 41.8948818], [12.4148599, 41.8949179], [12.4145468, 41.8951608]], [[12.4145468, 41.8951608], [12.4144699, 41.8952193], [12.4144239, 41.8952542]]]}}, {"type": "Feature", "properties": {"id": "SS-ROM-6221", "nome": "Via Felice Lazzarino", "quartiere": "Municipio Roma XIII", "classificazione": "giallo", "score": 3, "note": "strada urbana senza ciclabile (2 corsie)", "ciclabile": "no", "n_corsie": "2", "senso_unico": "no", "n_testimonianze": "0", "municipio": "XIII"}, "geometry": {"type": "LineString", "coordinates": [[12.4030499, 41.9139026], [12.4030865, 41.9138648], [12.4034843, 41.9134543], [12.4035434, 41.9133834], [12.4036514, 41.9132466], [12.403686, 41.9131903], [12.4037065, 41.9131409]]}}, {"type": "Feature", "properties": {"id": "SS-ROM-6235", "nome": "Via Felizzano", "quartiere": "Municipio Roma XIII", "classificazione": "giallo", "score": 3, "note": "strada urbana senza ciclabile (1 corsie)", "ciclabile": "no", "n_corsie": "1", "senso_unico": "no", "n_testimonianze": "0", "municipio": "XIII"}, "geometry": {"type": "LineString", "coordinates": [[12.4024936, 41.9261974], [12.4049066, 41.9267431], [12.4049902, 41.9267643], [12.4050416, 41.9267989]]}}, {"type": "Feature", "properties": {"id": "SS-ROM-6283", "nome": "Via Ferrante Ruiz", "quartiere": "Municipio Roma XIII", "classificazione": "giallo", "score": 3, "note": "strada urbana senza ciclabile (1 corsie)", "ciclabile": "no", "n_corsie": "1", "senso_unico": "si", "n_testimonianze": "0", "municipio": "XIII"}, "geometry": {"type": "MultiLineString", "coordinates": [[[12.4161274, 41.9275057], [12.4160452, 41.9275371], [12.4141984, 41.9282419], [12.4141496, 41.928261]], [[12.413634, 41.9288741], [12.4137189, 41.9287489], [12.413764, 41.9286902], [12.4137989, 41.928651], [12.4138321, 41.9286157], [12.4138749, 41.9285729], [12.4139223, 41.9285302], [12.4141722, 41.9283399], [12.4142084, 41.9283122]], [[12.4135796, 41.9288601], [12.4135628, 41.9289037], [12.4134049, 41.9293501]]]}}, {"type": "Feature", "properties": {"id": "SS-ROM-6363", "nome": "Via Filippo Scalzi", "quartiere": "Municipio Roma XIII", "classificazione": "giallo", "score": 3, "note": "strada urbana senza ciclabile", "ciclabile": "no", "n_corsie": "2", "senso_unico": "si", "n_testimonianze": "0", "municipio": "XIII"}, "geometry": {"type": "LineString", "coordinates": [[12.3865944, 41.9007943], [12.3875267, 41.9005101]]}}, {"type": "Feature", "properties": {"id": "SS-ROM-6375", "nome": "Via Filippo Vassalli", "quartiere": "Municipio Roma XIII", "classificazione": "giallo", "score": 3, "note": "strada urbana senza ciclabile (1 corsie)", "ciclabile": "no", "n_corsie": "1", "senso_unico": "si", "n_testimonianze": "0", "municipio": "XIII"}, "geometry": {"type": "LineString", "coordinates": [[12.4187706, 41.8998981], [12.4188195, 41.899917], [12.4188794, 41.8999423], [12.4189354, 41.8999702], [12.4189838, 41.8999956], [12.4190236, 41.9000188], [12.4190558, 41.9000395], [12.4191233, 41.9000925], [12.4191933, 41.9001573], [12.4192255, 41.9001979], [12.4192484, 41.9002338], [12.4192752, 41.9002778], [12.419302, 41.9003356], [12.4193398, 41.9004651], [12.4193442, 41.9005124], [12.4193375, 41.9005863], [12.419328, 41.9007005], [12.419334, 41.9008111], [12.4193682, 41.9010447], [12.419435, 41.9013665], [12.4194386, 41.9014051], [12.4194319, 41.9014584], [12.4194104, 41.9015477], [12.4193956, 41.9020066]]}}, {"type": "Feature", "properties": {"id": "SS-ROM-6412", "nome": "Via Flaubert", "quartiere": "Municipio Roma XIII", "classificazione": "giallo", "score": 3, "note": "strada urbana senza ciclabile (1 corsie)", "ciclabile": "no", "n_corsie": "1", "senso_unico": "si", "n_testimonianze": "0", "municipio": "XIII"}, "geometry": {"type": "LineString", "coordinates": [[12.3977956, 41.9208306], [12.39839, 41.9205451], [12.3984493, 41.9206024], [12.3991576, 41.9214348], [12.3999711, 41.9223685], [12.3994121, 41.922621], [12.3993505, 41.9226495]]}}, {"type": "Feature", "properties": {"id": "SS-ROM-6471", "nome": "Via Forno Saraceno", "quartiere": "Municipio Roma XIII", "classificazione": "giallo", "score": 3, "note": "strada urbana senza ciclabile (2 corsie)", "ciclabile": "no", "n_corsie": "2", "senso_unico": "no", "n_testimonianze": "0", "municipio": "XIII"}, "geometry": {"type": "LineString", "coordinates": [[12.3759373, 41.9287611], [12.3757977, 41.928768], [12.3753936, 41.9288005], [12.3749681, 41.9288363], [12.3746358, 41.9288687], [12.3744965, 41.9288892], [12.3742763, 41.9289231], [12.3741264, 41.9289396], [12.3739941, 41.9289501], [12.3738618, 41.9289546], [12.3737477, 41.9289493], [12.3736209, 41.9289329], [12.3732307, 41.9288412], [12.3729022, 41.9287686], [12.3725736, 41.9287469], [12.3724389, 41.9287469], [12.3722832, 41.9287533], [12.3721724, 41.9287672], [12.3720329, 41.9287717], [12.3718482, 41.9287863], [12.3716679, 41.9287992], [12.3714162, 41.928817], [12.371013, 41.9288556], [12.3709351, 41.9288618], [12.3708847, 41.9288639], [12.370826, 41.9288662], [12.3707656, 41.9288622], [12.370702, 41.9288496], [12.3706209, 41.9288309], [12.370515, 41.9287865], [12.3703121, 41.9286849], [12.3701092, 41.9285825], [12.3699192, 41.9284848], [12.3697816, 41.928397], [12.3696319, 41.9282992], [12.3695023, 41.9281855], [12.3693784, 41.9280345], [12.3692387, 41.9278336], [12.3689006, 41.9273412], [12.3688047, 41.9272274], [12.3687034, 41.9271176], [12.3686465, 41.9270655], [12.3685869, 41.9270194], [12.3685219, 41.9269763], [12.3684543, 41.9269392], [12.3683751, 41.9268994], [12.3682853, 41.9268676], [12.3682035, 41.9268428], [12.3680614, 41.9268028], [12.3679184, 41.9267599], [12.3678158, 41.9266989], [12.3674195, 41.9264481], [12.3672955, 41.9263966], [12.3672094, 41.9263737], [12.3671144, 41.9263632], [12.3670222, 41.9263666], [12.3669411, 41.9263848], [12.3668923, 41.9264109], [12.3668398, 41.9264536], [12.3667459, 41.9265935], [12.3666941, 41.9266583], [12.3666703, 41.9266843], [12.3666467, 41.9267033], [12.3666126, 41.9267255], [12.36659, 41.926738], [12.3665898, 41.9267381], [12.3665647, 41.9267484], [12.3665374, 41.9267565], [12.3665072, 41.9267625], [12.3663414, 41.9267815]]}}, {"type": "Feature", "properties": {"id": "SS-ROM-6484", "nome": "Via Fossano", "quartiere": "Municipio Roma XIII", "classificazione": "giallo", "score": 3, "note": "strada urbana senza ciclabile", "ciclabile": "no", "n_corsie": "2", "senso_unico": "no", "n_testimonianze": "0", "municipio": "XIII"}, "geometry": {"type": "MultiLineString", "coordinates": [[[12.3678572, 41.9172283], [12.3672409, 41.9170318], [12.3667201, 41.9168367]], [[12.3028393, 41.8119858], [12.3047434, 41.8130461]]]}}, {"type": "Feature", "properties": {"id": "SS-ROM-6502", "nome": "Via Fraconalto", "quartiere": "Municipio Roma XIII", "classificazione": "giallo", "score": 3, "note": "strada urbana senza ciclabile", "ciclabile": "no", "n_corsie": "2", "senso_unico": "no", "n_testimonianze": "0", "municipio": "XIII"}, "geometry": {"type": "MultiLineString", "coordinates": [[[12.3886506, 41.9160797], [12.388623, 41.9161253], [12.3885892, 41.9161973], [12.3884971, 41.9165003], [12.388476, 41.9165685], [12.3884576, 41.9166488], [12.3884396, 41.9167713], [12.3884234, 41.9169124], [12.3884131, 41.9170867], [12.3884073, 41.917137], [12.3883945, 41.9171952], [12.3883791, 41.9172614], [12.3883495, 41.9173769], [12.3882606, 41.9176964], [12.3879686, 41.9190535], [12.3878509, 41.9196011], [12.3876866, 41.9203614], [12.3875703, 41.9208604], [12.3872532, 41.922093]], [[12.388889, 41.9206446], [12.3888467, 41.9205063], [12.3876866, 41.9203614]]]}}, {"type": "Feature", "properties": {"id": "SS-ROM-6504", "nome": "Via Framura", "quartiere": "Municipio Roma XIII", "classificazione": "giallo", "score": 3, "note": "strada urbana senza ciclabile", "ciclabile": "no", "n_corsie": "2", "senso_unico": "no", "n_testimonianze": "0", "municipio": "XIII"}, "geometry": {"type": "MultiLineString", "coordinates": [[[12.4046476, 41.9113562], [12.4045891, 41.9111756], [12.4044819, 41.9109101], [12.4043481, 41.9105482], [12.4042972, 41.9104103], [12.4042377, 41.9103267], [12.4041346, 41.9102198], [12.4035755, 41.9097448], [12.4033797, 41.9096022]], [[12.4033797, 41.9096022], [12.4031644, 41.9090258], [12.4031623, 41.9090201], [12.403148, 41.908979]]]}}, {"type": "Feature", "properties": {"id": "SS-ROM-6523", "nome": "Via Francesco Azzurri", "quartiere": "Municipio Roma XIII", "classificazione": "giallo", "score": 3, "note": "strada urbana senza ciclabile (1 corsie)", "ciclabile": "no", "n_corsie": "1", "senso_unico": "si", "n_testimonianze": "0", "municipio": "XIII"}, "geometry": {"type": "MultiLineString", "coordinates": [[[12.3912079, 41.9076042], [12.3918926, 41.9071387], [12.3919288, 41.9071158], [12.3926789, 41.9065962], [12.3927186, 41.9065688]], [[12.3908704, 41.9086709], [12.3909419, 41.9083874], [12.3910203, 41.9078765], [12.3910334, 41.9077755], [12.3910375, 41.9077457], [12.3910465, 41.9077147], [12.3910567, 41.9076986], [12.3910683, 41.9076885], [12.3911703, 41.9076269], [12.3912079, 41.9076042]]]}}, {"type": "Feature", "properties": {"id": "SS-ROM-6535", "nome": "Via Francesco Bonfiglio", "quartiere": "Municipio Roma XIII", "classificazione": "giallo", "score": 3, "note": "strada urbana senza ciclabile (1 corsie)", "ciclabile": "no", "n_corsie": "1", "senso_unico": "si", "n_testimonianze": "0", "municipio": "XIII"}, "geometry": {"type": "MultiLineString", "coordinates": [[[12.4132842, 41.9310762], [12.413201, 41.9308394], [12.4131954, 41.9308132], [12.413195, 41.9306883], [12.4131948, 41.9306729], [12.4131915, 41.9306574], [12.4131875, 41.9306456], [12.4131775, 41.9306338], [12.4131647, 41.930622], [12.4131434, 41.9306033], [12.4130596, 41.9305367], [12.4129527, 41.9304566], [12.4128258, 41.9303662], [12.4126298, 41.9302215], [12.4124761, 41.9301109], [12.412387, 41.9300476], [12.4122944, 41.9299829], [12.4121861, 41.9299067], [12.4121458, 41.9298808]], [[12.4113501, 41.9294716], [12.4110196, 41.9292507], [12.4101347, 41.928718]], [[12.4121458, 41.9298808], [12.4121092, 41.929861], [12.4120686, 41.9298412], [12.4119867, 41.9298067], [12.4118102, 41.9297293], [12.4116642, 41.9296562], [12.4115589, 41.9296003], [12.4114396, 41.9295309], [12.4113501, 41.9294716]]]}}, {"type": "Feature", "properties": {"id": "SS-ROM-6586", "nome": "Via Francesco Fede", "quartiere": "Municipio Roma XIII", "classificazione": "giallo", "score": 3, "note": "strada urbana senza ciclabile", "ciclabile": "no", "n_corsie": "2", "senso_unico": "no", "n_testimonianze": "0", "municipio": "XIII"}, "geometry": {"type": "LineString", "coordinates": [[12.3908615, 41.9118942], [12.3915111, 41.9113694]]}}, {"type": "Feature", "properties": {"id": "SS-ROM-6607", "nome": "Via Francesco Giovanni Commendone", "quartiere": "Municipio Roma XIII", "classificazione": "giallo", "score": 3, "note": "strada urbana senza ciclabile (1 corsie)", "ciclabile": "no", "n_corsie": "1", "senso_unico": "si", "n_testimonianze": "0", "municipio": "XIII"}, "geometry": {"type": "MultiLineString", "coordinates": [[[12.4044937, 41.918335], [12.4053719, 41.9175307], [12.4054106, 41.917501], [12.4054477, 41.9174759], [12.4055467, 41.917393]], [[12.4058126, 41.9171106], [12.406236, 41.9167236], [12.4063032, 41.9166898]], [[12.4056988, 41.9172071], [12.4058126, 41.9171106]], [[12.4058617, 41.9171407], [12.4061805, 41.9168468], [12.4062383, 41.916794], [12.406274, 41.9167533], [12.4063032, 41.9166898]], [[12.405748, 41.9172363], [12.4058617, 41.9171407]], [[12.4055467, 41.917393], [12.4056488, 41.9173241], [12.405748, 41.9172363]], [[12.4055467, 41.917393], [12.4055984, 41.9172999], [12.4056988, 41.9172071]], [[12.4063032, 41.9166898], [12.4063746, 41.9166305], [12.4070434, 41.9160249], [12.4071517, 41.9159306], [12.4074387, 41.9156807], [12.4074802, 41.9156452], [12.4075515, 41.9155876]]]}}, {"type": "Feature", "properties": {"id": "SS-ROM-6619", "nome": "Via Francesco Landi", "quartiere": "Municipio Roma XIII", "classificazione": "giallo", "score": 3, "note": "strada urbana senza ciclabile (1 corsie)", "ciclabile": "no", "n_corsie": "1", "senso_unico": "si", "n_testimonianze": "0", "municipio": "XIII"}, "geometry": {"type": "MultiLineString", "coordinates": [[[12.393271, 41.9037466], [12.3930143, 41.9044502], [12.3929987, 41.9044931]], [[12.3929987, 41.9044931], [12.3927126, 41.9052591], [12.3926891, 41.9053088]]]}}, {"type": "Feature", "properties": {"id": "SS-ROM-6630", "nome": "Via Francesco Maria Greco", "quartiere": "Municipio Roma XIII", "classificazione": "giallo", "score": 3, "note": "strada urbana senza ciclabile", "ciclabile": "no", "n_corsie": "2", "senso_unico": "no", "n_testimonianze": "0", "municipio": "XIII"}, "geometry": {"type": "LineString", "coordinates": [[12.4092497, 41.9218912], [12.4097832, 41.9217255], [12.4106417, 41.9214742], [12.4107169, 41.9214525]]}}, {"type": "Feature", "properties": {"id": "SS-ROM-6633", "nome": "Via Francesco Maria Torrigio", "quartiere": "Municipio Roma XIII", "classificazione": "giallo", "score": 3, "note": "strada urbana senza ciclabile (1 corsie)", "ciclabile": "no", "n_corsie": "1", "senso_unico": "si", "n_testimonianze": "0", "municipio": "XIII"}, "geometry": {"type": "MultiLineString", "coordinates": [[[12.4146031, 41.9118445], [12.414208, 41.9125004], [12.413842, 41.9130802], [12.4138031, 41.9131366]], [[12.4135426, 41.9086612], [12.4136264, 41.908735], [12.413708, 41.9088022], [12.4139923, 41.9090764], [12.4141208, 41.9092062], [12.4146887, 41.9097954], [12.4149299, 41.910075], [12.4150061, 41.9102022], [12.415082, 41.9104221], [12.4151198, 41.910666], [12.4151221, 41.9108602], [12.4151224, 41.9108864], [12.4151098, 41.9109286], [12.4150659, 41.9110761], [12.4149844, 41.9112385], [12.4146031, 41.9118445]]]}}, {"type": "Feature", "properties": {"id": "SS-ROM-6648", "nome": "Via Francesco Nerli", "quartiere": "Municipio Roma XIII", "classificazione": "giallo", "score": 3, "note": "strada urbana senza ciclabile (2 corsie)", "ciclabile": "no", "n_corsie": "2", "senso_unico": "no", "n_testimonianze": "0", "municipio": "XIII"}, "geometry": {"type": "LineString", "coordinates": [[12.4146933, 41.9291621], [12.4146839, 41.9291967], [12.4144318, 41.9301199]]}}, {"type": "Feature", "properties": {"id": "SS-ROM-6695", "nome": "Via Francesco Saverio de Zelada", "quartiere": "Municipio Roma XIII", "classificazione": "giallo", "score": 3, "note": "strada urbana senza ciclabile (1 corsie)", "ciclabile": "no", "n_corsie": "1", "senso_unico": "si", "n_testimonianze": "0", "municipio": "XIII"}, "geometry": {"type": "LineString", "coordinates": [[12.3898872, 41.9054528], [12.3904251, 41.9054042], [12.3905914, 41.9053891], [12.3907214, 41.9053803], [12.3909085, 41.9053719], [12.3909718, 41.9053714], [12.3910342, 41.9053729], [12.3911036, 41.9053783], [12.3911723, 41.9053906], [12.3912357, 41.9054042], [12.3912867, 41.9054168], [12.3913252, 41.9054294], [12.3913613, 41.9054435], [12.3913921, 41.9054576], [12.391485, 41.9055058], [12.3915161, 41.9055173], [12.3915602, 41.9055172]]}}, {"type": "Feature", "properties": {"id": "SS-ROM-6708", "nome": "Via Francesco Tamagno", "quartiere": "Municipio Roma XIII", "classificazione": "giallo", "score": 3, "note": "strada urbana senza ciclabile (1 corsie)", "ciclabile": "no", "n_corsie": "1", "senso_unico": "no", "n_testimonianze": "0", "municipio": "XIII"}, "geometry": {"type": "LineString", "coordinates": [[12.4138734, 41.9070196], [12.414102, 41.9070938], [12.4142336, 41.9071378], [12.4143852, 41.9071278], [12.4145569, 41.9070873], [12.4147228, 41.9071508], [12.4152208, 41.907272], [12.4154124, 41.9073274], [12.4154582, 41.9074004], [12.4154467, 41.9074672], [12.4153833, 41.907508], [12.4152488, 41.9075203], [12.4148048, 41.9075014], [12.4147481, 41.9075082], [12.4147294, 41.9075315], [12.4145921, 41.9080637], [12.4145485, 41.9082981], [12.41456, 41.9085063], [12.4146172, 41.9086951], [12.4147545, 41.9088206], [12.4147848, 41.9088393], [12.4154333, 41.9092644]]}}, {"type": "Feature", "properties": {"id": "SS-ROM-6713", "nome": "Via Francesco Torta", "quartiere": "Municipio Roma XIII", "classificazione": "giallo", "score": 3, "note": "strada urbana senza ciclabile (2 corsie)", "ciclabile": "no", "n_corsie": "2", "senso_unico": "no", "n_testimonianze": "0", "municipio": "XIII"}, "geometry": {"type": "MultiLineString", "coordinates": [[[12.3984481, 41.9156203], [12.3983684, 41.9155866], [12.3979822, 41.9154234], [12.3981861, 41.9151328]], [[12.3981768, 41.9144265], [12.3979199, 41.9143158], [12.3977771, 41.9142649], [12.3975779, 41.9141853], [12.3975536, 41.9141616], [12.3975483, 41.9141306], [12.3978386, 41.9137248], [12.3980882, 41.9136686], [12.398184, 41.9135349], [12.3982069, 41.9135108], [12.3982299, 41.9134913], [12.3984248, 41.9134248], [12.398508, 41.9134001]]]}}, {"type": "Feature", "properties": {"id": "SS-ROM-6773", "nome": "Via Frascaro", "quartiere": "Municipio Roma XIII", "classificazione": "giallo", "score": 3, "note": "strada urbana senza ciclabile", "ciclabile": "no", "n_corsie": "2", "senso_unico": "no", "n_testimonianze": "0", "municipio": "XIII"}, "geometry": {"type": "LineString", "coordinates": [[12.3684705, 41.9252927], [12.3681592, 41.9241397]]}}, {"type": "Feature", "properties": {"id": "SS-ROM-6781", "nome": "Via Fratel Giuseppe Lazzaro", "quartiere": "Municipio Roma XIII", "classificazione": "giallo", "score": 3, "note": "strada urbana senza ciclabile (1 corsie)", "ciclabile": "no", "n_corsie": "1", "senso_unico": "si", "n_testimonianze": "0", "municipio": "XIII"}, "geometry": {"type": "MultiLineString", "coordinates": [[[12.397479, 41.9127842], [12.3980683, 41.9128801], [12.3988053, 41.9130286], [12.3988545, 41.9130397], [12.3988951, 41.9130517], [12.3989798, 41.9130794]], [[12.3989798, 41.9130794], [12.3989098, 41.9130796], [12.398863, 41.9130827], [12.3988141, 41.9130887], [12.3987649, 41.9130999], [12.3986871, 41.9131222], [12.3986109, 41.9131495], [12.3985233, 41.9131837], [12.3984846, 41.9131994], [12.398453, 41.9132158], [12.3984152, 41.9132389], [12.3983656, 41.9132773]], [[12.4040782, 41.9142967], [12.4031664, 41.9139398], [12.4031145, 41.9139216], [12.4030499, 41.9139026], [12.4023791, 41.9137371], [12.402049, 41.9136583], [12.4015159, 41.9135311], [12.4013829, 41.9134986], [12.4011469, 41.9134464], [12.4009583, 41.9134082], [12.4007595, 41.9133746], [12.4005817, 41.9133444], [12.4004039, 41.9133142], [12.4001206, 41.9132684], [12.3997926, 41.9132158], [12.3995439, 41.913174], [12.3993179, 41.9131351], [12.3989798, 41.9130794]]]}}, {"type": "Feature", "properties": {"id": "SS-ROM-6789", "nome": "Via Fratelli Grimm", "quartiere": "Municipio Roma XIII", "classificazione": "giallo", "score": 3, "note": "strada urbana senza ciclabile (1 corsie)", "ciclabile": "no", "n_corsie": "1", "senso_unico": "si", "n_testimonianze": "0", "municipio": "XIII"}, "geometry": {"type": "MultiLineString", "coordinates": [[[12.4041597, 41.925136], [12.4041331, 41.925156], [12.404099, 41.9251682], [12.4040614, 41.9251712], [12.4040246, 41.9251645], [12.403993, 41.925149], [12.4039703, 41.9251265], [12.403959, 41.9250997], [12.4039606, 41.9250715], [12.4039749, 41.9250454], [12.4040001, 41.9250244], [12.4040301, 41.9250118], [12.4040639, 41.9250067], [12.4040982, 41.9250096], [12.4041297, 41.9250202], [12.4041552, 41.9250375], [12.4041723, 41.9250598], [12.4041794, 41.925085], [12.4041757, 41.9251105], [12.4041597, 41.925136]], [[12.4060898, 41.925501], [12.4059404, 41.9254713], [12.4058004, 41.9254416], [12.4052305, 41.9253256], [12.4044034, 41.9251565], [12.4042736, 41.9251305], [12.4041757, 41.9251105]]]}}, {"type": "Feature", "properties": {"id": "SS-ROM-6822", "nome": "Via Fulvio Maroi", "quartiere": "Municipio Roma XIII", "classificazione": "giallo", "score": 3, "note": "strada urbana senza ciclabile (1 corsie)", "ciclabile": "no", "n_corsie": "1", "senso_unico": "si", "n_testimonianze": "0", "municipio": "XIII"}, "geometry": {"type": "MultiLineString", "coordinates": [[[12.41676, 41.9003822], [12.4159481, 41.9006466]], [[12.4191291, 41.8996034], [12.4190627, 41.8996544], [12.4187706, 41.8998981], [12.4179081, 41.8996916], [12.4177509, 41.8996587], [12.4177183, 41.899654], [12.4176811, 41.8996514], [12.4176493, 41.899652], [12.4176189, 41.8996543], [12.4175838, 41.8996583], [12.4175531, 41.8996638], [12.4175142, 41.8996729], [12.4174688, 41.8996852], [12.4164949, 41.8999868], [12.4164524, 41.9000012], [12.4164184, 41.9000143], [12.4163832, 41.9000289], [12.4163519, 41.9000448], [12.4163259, 41.9000599], [12.4162901, 41.9000841], [12.4162629, 41.9001068], [12.4162467, 41.9001235], [12.4162293, 41.9001465], [12.416214, 41.9001694], [12.4159481, 41.9006466], [12.4158237, 41.9007992], [12.4158015, 41.9008243], [12.4157829, 41.9008431], [12.4157589, 41.9008629]]]}}, {"type": "Feature", "properties": {"id": "SS-ROM-6843", "nome": "Via Gabriele Paleotti", "quartiere": "Municipio Roma XIII", "classificazione": "giallo", "score": 3, "note": "strada urbana senza ciclabile (1 corsie)", "ciclabile": "no", "n_corsie": "1", "senso_unico": "si", "n_testimonianze": "0", "municipio": "XIII"}, "geometry": {"type": "MultiLineString", "coordinates": [[[12.4100149, 41.9202992], [12.4101035, 41.9202762], [12.411178, 41.9199915], [12.411244, 41.9199739]], [[12.411244, 41.9199739], [12.4124079, 41.9196533], [12.4124952, 41.9196292]]]}}, {"type": "Feature", "properties": {"id": "SS-ROM-6881", "nome": "Via Gaetano Mazzoni", "quartiere": "Municipio Roma XIII", "classificazione": "giallo", "score": 3, "note": "strada urbana senza ciclabile (1 corsie)", "ciclabile": "no", "n_corsie": "1", "senso_unico": "si", "n_testimonianze": "0", "municipio": "XIII"}, "geometry": {"type": "MultiLineString", "coordinates": [[[12.3967704, 41.909819], [12.395112, 41.9084869], [12.3950626, 41.9084479]], [[12.3967704, 41.909819], [12.3984004, 41.9111391], [12.3984528, 41.9111815]], [[12.3950626, 41.9084479], [12.3936238, 41.9073039], [12.393582, 41.907271], [12.3933987, 41.9071193], [12.3927186, 41.9065688], [12.3917508, 41.9057912], [12.3916904, 41.9057283], [12.3916337, 41.9056585], [12.3916131, 41.905625], [12.3915924, 41.9055881], [12.3915602, 41.9055172], [12.3915464, 41.9054657], [12.3915255, 41.9053933], [12.3915195, 41.9053656], [12.3915143, 41.9053267], [12.391512, 41.9052883], [12.3915131, 41.9051552], [12.3915136, 41.9051148]]]}}, {"type": "Feature", "properties": {"id": "SS-ROM-6884", "nome": "Via Gaetano Perusini", "quartiere": "Municipio Roma XIII", "classificazione": "giallo", "score": 3, "note": "strada urbana senza ciclabile (1 corsie)", "ciclabile": "no", "n_corsie": "1", "senso_unico": "si", "n_testimonianze": "0", "municipio": "XIII"}, "geometry": {"type": "LineString", "coordinates": [[12.4153348, 41.9292385], [12.4157332, 41.9291059], [12.416135, 41.9289595], [12.4165469, 41.9288178], [12.4169335, 41.9286721], [12.4169456, 41.9286676], [12.4170094, 41.928645]]}}, {"type": "Feature", "properties": {"id": "SS-ROM-6893", "nome": "Via Gaetano Sodini", "quartiere": "Municipio Roma XIII", "classificazione": "giallo", "score": 3, "note": "strada urbana senza ciclabile", "ciclabile": "no", "n_corsie": "2", "senso_unico": "no", "n_testimonianze": "0", "municipio": "XIII"}, "geometry": {"type": "MultiLineString", "coordinates": [[[12.2870573, 41.900879], [12.2870818, 41.9007158], [12.2871692, 41.9001337], [12.2871767, 41.9000941], [12.2871907, 41.9000327], [12.2872107, 41.8999717], [12.2872306, 41.8999228], [12.2873022, 41.8997786], [12.2873902, 41.8996013], [12.2874027, 41.8995627], [12.2874155, 41.899513], [12.2874269, 41.8994591], [12.2874384, 41.8994011], [12.2874446, 41.8993399], [12.2874508, 41.8992747], [12.2874542, 41.899213], [12.2874541, 41.8991662], [12.2873969, 41.8985209], [12.2873905, 41.8984721], [12.2873803, 41.8984059], [12.2873627, 41.8983453], [12.2873452, 41.8982947], [12.287221, 41.8980826], [12.2870412, 41.8977432], [12.2869313, 41.897324], [12.2868537, 41.896915], [12.286729, 41.8965563], [12.286615, 41.8961945]], [[12.286615, 41.8961945], [12.2864694, 41.8957775]], [[12.2864694, 41.8957775], [12.2862846, 41.8953189], [12.2842891, 41.8903647], [12.2836318, 41.8887839], [12.2835812, 41.8887215], [12.2833894, 41.8882213], [12.2832727, 41.8879418], [12.2832292, 41.887817], [12.2832176, 41.8877246]], [[12.2845355, 41.9030942], [12.2846798, 41.902959], [12.2855293, 41.9025081], [12.2869572, 41.901789], [12.2869711, 41.901781], [12.2869829, 41.9017727], [12.2869926, 41.9017639], [12.2870077, 41.9017488], [12.2870191, 41.9017349], [12.2870292, 41.90172], [12.2870346, 41.9016963], [12.2870341, 41.9016805], [12.2870222, 41.9015948], [12.2870146, 41.9015401], [12.2870124, 41.9015201], [12.2870137, 41.901477], [12.2870469, 41.901022], [12.2870573, 41.900879]]]}}, {"type": "Feature", "properties": {"id": "SS-ROM-6937", "nome": "Via Gamalero", "quartiere": "Municipio Roma XIII", "classificazione": "giallo", "score": 3, "note": "strada urbana senza ciclabile", "ciclabile": "no", "n_corsie": "2", "senso_unico": "si", "n_testimonianze": "0", "municipio": "XIII"}, "geometry": {"type": "LineString", "coordinates": [[12.3743013, 41.9175083], [12.3741988, 41.9184928], [12.3745753, 41.9185179], [12.3748362, 41.918539]]}}, {"type": "Feature", "properties": {"id": "SS-ROM-6947", "nome": "Via Garessio", "quartiere": "Municipio Roma XIII", "classificazione": "giallo", "score": 3, "note": "strada urbana senza ciclabile", "ciclabile": "no", "n_corsie": "2", "senso_unico": "no", "n_testimonianze": "0", "municipio": "XIII"}, "geometry": {"type": "LineString", "coordinates": [[12.3937508, 41.8986433], [12.394786, 41.8979815], [12.3948026, 41.8979709], [12.3948174, 41.8979655], [12.394836, 41.8979635], [12.394859, 41.8979632], [12.3948749, 41.8979665], [12.3948988, 41.897977], [12.3954828, 41.8983006], [12.3956335, 41.8984027], [12.3956721, 41.8984276], [12.3956915, 41.8984401], [12.3957097, 41.8984497], [12.3957321, 41.8984574], [12.3957478, 41.8984609], [12.3957607, 41.898462], [12.3957726, 41.8984613], [12.3957862, 41.8984596], [12.3957975, 41.8984566], [12.3958129, 41.89845], [12.395822, 41.8984446], [12.3958294, 41.8984393], [12.3958375, 41.8984322], [12.3958439, 41.8984255], [12.3958549, 41.8984126], [12.3958629, 41.8983992], [12.3958686, 41.8983855], [12.3958721, 41.8983685], [12.3958714, 41.8983561], [12.3958703, 41.8983423], [12.3958658, 41.8983277], [12.3958582, 41.898304], [12.3958413, 41.8982716], [12.3958203, 41.8982352], [12.3957949, 41.8981942], [12.3956009, 41.8979604], [12.3955019, 41.8978345], [12.3954212, 41.897704], [12.3954128, 41.8976886], [12.3954058, 41.8976732], [12.3954021, 41.8976568], [12.3954011, 41.8976405], [12.3954055, 41.8976256], [12.3954139, 41.8976107], [12.3954256, 41.8975988], [12.3954427, 41.897587], [12.3957622, 41.897454]]}}, {"type": "Feature", "properties": {"id": "SS-ROM-6958", "nome": "Via Gaspare Capparoni", "quartiere": "Municipio Roma XIII", "classificazione": "giallo", "score": 3, "note": "strada urbana senza ciclabile", "ciclabile": "no", "n_corsie": "2", "senso_unico": "no", "n_testimonianze": "0", "municipio": "XIII"}, "geometry": {"type": "LineString", "coordinates": [[12.3917759, 41.9010055], [12.3911127, 41.9012199]]}}, {"type": "Feature", "properties": {"id": "SS-ROM-6982", "nome": "Via Gattico", "quartiere": "Municipio Roma XIII", "classificazione": "giallo", "score": 3, "note": "strada urbana senza ciclabile", "ciclabile": "no", "n_corsie": "2", "senso_unico": "no", "n_testimonianze": "0", "municipio": "XIII"}, "geometry": {"type": "LineString", "coordinates": [[12.3696766, 41.9149354], [12.3697745, 41.9153935], [12.3697808, 41.9154229], [12.3698308, 41.9156565], [12.3698375, 41.9157012], [12.3698397, 41.9157478], [12.3698342, 41.9159317]]}}, {"type": "Feature", "properties": {"id": "SS-ROM-6983", "nome": "Via Gattinara", "quartiere": "Municipio Roma XIII", "classificazione": "blu", "score": 2, "note": "accesso limitato (ZTL)", "ciclabile": "no", "n_corsie": "2", "senso_unico": "no", "n_testimonianze": "0", "municipio": "XIII"}, "geometry": {"type": "MultiLineString", "coordinates": [[[12.3855801, 41.8939078], [12.3855815, 41.8938418], [12.3855891, 41.8937682], [12.3855986, 41.8937033], [12.3856143, 41.8936305], [12.3856275, 41.8935659], [12.3856463, 41.893486], [12.385653, 41.8934545], [12.3856653, 41.8934203], [12.3856785, 41.8933958], [12.3856964, 41.893368], [12.3857353, 41.8933141], [12.3857755, 41.8932613], [12.3857989, 41.8932384], [12.3858264, 41.8932155], [12.3858535, 41.8931962], [12.3858776, 41.8931821], [12.385922, 41.8931584], [12.3859654, 41.8931404], [12.385992, 41.8931295], [12.3860207, 41.8931185], [12.3864181, 41.8930204]], [[12.3856888, 41.8968952], [12.3857326, 41.8967755], [12.3857566, 41.8967192], [12.3857415, 41.8963851], [12.3857213, 41.8959371], [12.3856928, 41.8955745], [12.3856844, 41.8954833], [12.3856715, 41.895041], [12.3856611, 41.894892], [12.3856401, 41.8946391], [12.385627, 41.8944699], [12.3856071, 41.8942783], [12.3855801, 41.8939078]]]}}, {"type": "Feature", "properties": {"id": "SS-ROM-6997", "nome": "Via Gemma Bellincioni", "quartiere": "Municipio Roma XIII", "classificazione": "giallo", "score": 3, "note": "strada urbana senza ciclabile (1 corsie)", "ciclabile": "no", "n_corsie": "1", "senso_unico": "no", "n_testimonianze": "0", "municipio": "XIII"}, "geometry": {"type": "LineString", "coordinates": [[12.4184289, 41.9148615], [12.419149, 41.9148971]]}}, {"type": "Feature", "properties": {"id": "SS-ROM-7037", "nome": "Via Gerolamo Aleandro", "quartiere": "Municipio Roma XIII", "classificazione": "giallo", "score": 3, "note": "strada urbana senza ciclabile (1 corsie)", "ciclabile": "no", "n_corsie": "1", "senso_unico": "si", "n_testimonianze": "0", "municipio": "XIII"}, "geometry": {"type": "MultiLineString", "coordinates": [[[12.4137263, 41.9202016], [12.4140302, 41.920639], [12.4140665, 41.9206889], [12.4140923, 41.9207137], [12.4141154, 41.9207321], [12.4141405, 41.9207445], [12.4141698, 41.9207539], [12.4142011, 41.92076], [12.414232, 41.9207611], [12.4143462, 41.9207548], [12.4145526, 41.9207412]], [[12.4129105, 41.9190631], [12.4127948, 41.9189077], [12.4127674, 41.9188752], [12.4127339, 41.9188323], [12.4127019, 41.9187751], [12.4126776, 41.9187202], [12.4126522, 41.9186529], [12.4125809, 41.9184191], [12.4125624, 41.9183365], [12.4125612, 41.9182905], [12.4125696, 41.9182101], [12.4127649, 41.9181348], [12.4128292, 41.9180926], [12.4128293, 41.9179929]], [[12.4129105, 41.9190631], [12.4130469, 41.9192737], [12.4131247, 41.9193779], [12.4133443, 41.9196821], [12.4136055, 41.9200565], [12.4136509, 41.9200979], [12.4136887, 41.920137], [12.4137042, 41.9201551], [12.4137152, 41.9201721], [12.4137263, 41.9202016]]]}}, {"type": "Feature", "properties": {"id": "SS-ROM-7043", "nome": "Via Gerolamo Mercuriale", "quartiere": "Municipio Roma XIII", "classificazione": "giallo", "score": 3, "note": "strada urbana senza ciclabile (1 corsie)", "ciclabile": "no", "n_corsie": "1", "senso_unico": "no", "n_testimonianze": "0", "municipio": "XIII"}, "geometry": {"type": "LineString", "coordinates": [[12.4124294, 41.9269017], [12.4136243, 41.926452], [12.4148304, 41.9260102], [12.4149114, 41.9259797]]}}, {"type": "Feature", "properties": {"id": "SS-ROM-7046", "nome": "Via Gerolamo Seripando", "quartiere": "Municipio Roma XIII", "classificazione": "giallo", "score": 3, "note": "strada urbana senza ciclabile (1 corsie)", "ciclabile": "no", "n_corsie": "1", "senso_unico": "si", "n_testimonianze": "0", "municipio": "XIII"}, "geometry": {"type": "LineString", "coordinates": [[12.4167189, 41.9219774], [12.4167805, 41.9219511], [12.4175376, 41.9216203], [12.4182628, 41.9212857]]}}, {"type": "Feature", "properties": {"id": "SS-ROM-7106", "nome": "Via Giacomo Giangrasso", "quartiere": "Municipio Roma XIII", "classificazione": "giallo", "score": 3, "note": "strada urbana senza ciclabile", "ciclabile": "no", "n_corsie": "2", "senso_unico": "no", "n_testimonianze": "0", "municipio": "XIII"}, "geometry": {"type": "LineString", "coordinates": [[12.3961069, 41.9053259], [12.3959355, 41.905166]]}}, {"type": "Feature", "properties": {"id": "SS-ROM-7150", "nome": "Via Giambattista Bietti", "quartiere": "Municipio Roma XIII", "classificazione": "giallo", "score": 3, "note": "strada urbana senza ciclabile (2 corsie)", "ciclabile": "no", "n_corsie": "2", "senso_unico": "no", "n_testimonianze": "0", "municipio": "XIII"}, "geometry": {"type": "LineString", "coordinates": [[12.3897991, 41.9105485], [12.3898715, 41.910526], [12.3899107, 41.9105113], [12.3899408, 41.9104974], [12.389977, 41.910477], [12.3899968, 41.9104619], [12.3900146, 41.9104467], [12.3900647, 41.9104023], [12.3901056, 41.9103625], [12.3904093, 41.9100727], [12.3904859, 41.9100018], [12.3905262, 41.9099641], [12.3905625, 41.9099332], [12.3906051, 41.9099018], [12.3907659, 41.9097815], [12.3910022, 41.9096023]]}}, {"type": "Feature", "properties": {"id": "SS-ROM-7158", "nome": "Via Giambattista Soria", "quartiere": "Municipio Roma XIII", "classificazione": "giallo", "score": 3, "note": "strada urbana senza ciclabile (1 corsie)", "ciclabile": "no", "n_corsie": "1", "senso_unico": "si", "n_testimonianze": "0", "municipio": "XIII"}, "geometry": {"type": "MultiLineString", "coordinates": [[[12.4097714, 41.9104302], [12.4098275, 41.9103887], [12.4099293, 41.9103135], [12.409985, 41.9102667], [12.4100161, 41.9102371], [12.4100395, 41.9102131], [12.410063, 41.9101871], [12.4100824, 41.9101592], [12.4101018, 41.9101294], [12.410119, 41.9101006], [12.4101396, 41.9100589], [12.4101577, 41.9100134], [12.4101748, 41.9099624], [12.4101865, 41.9099123], [12.4101904, 41.9098498], [12.4101889, 41.9097883], [12.4101868, 41.9097612], [12.4101804, 41.9097153], [12.4101726, 41.9096733], [12.4101569, 41.9096264], [12.4101398, 41.9095835], [12.4100756, 41.9094489], [12.4099123, 41.9091067], [12.4097995, 41.9088733], [12.4097857, 41.9088418], [12.4097745, 41.9088123], [12.4097663, 41.9087822], [12.4097608, 41.9087541], [12.4097586, 41.9087254], [12.4097591, 41.9086968], [12.4097656, 41.9086656], [12.4097748, 41.9086344], [12.4097873, 41.9086057], [12.4098052, 41.908575], [12.4106901, 41.9071643], [12.4107056, 41.9071382], [12.4109431, 41.9067655], [12.4109728, 41.9067195], [12.4111341, 41.9064808], [12.4113097, 41.9062062], [12.411368, 41.9061098], [12.4114903, 41.9058949], [12.411549, 41.905802]], [[12.4106436, 41.9059821], [12.4113097, 41.9062062]]]}}, {"type": "Feature", "properties": {"id": "SS-ROM-7188", "nome": "Via Gian Pietro Losana", "quartiere": "Municipio Roma XIII", "classificazione": "giallo", "score": 3, "note": "strada urbana senza ciclabile (2 corsie)", "ciclabile": "no", "n_corsie": "2", "senso_unico": "no", "n_testimonianze": "0", "municipio": "XIII"}, "geometry": {"type": "LineString", "coordinates": [[12.3989795, 41.9139051], [12.3989154, 41.91393], [12.3988987, 41.9139356], [12.3988751, 41.91394], [12.398851, 41.9139412], [12.3988283, 41.9139414], [12.3988091, 41.913941], [12.3987905, 41.913937], [12.3983248, 41.9137615], [12.3980882, 41.9136686]]}}, {"type": "Feature", "properties": {"id": "SS-ROM-7219", "nome": "Via Giarole", "quartiere": "Municipio Roma XIII", "classificazione": "giallo", "score": 3, "note": "strada urbana senza ciclabile", "ciclabile": "no", "n_corsie": "2", "senso_unico": "si", "n_testimonianze": "0", "municipio": "XIII"}, "geometry": {"type": "LineString", "coordinates": [[12.3636677, 41.9302039], [12.3636659, 41.9301538], [12.3636499, 41.9301115], [12.363612, 41.930011], [12.3635686, 41.9299254], [12.3635514, 41.9299116], [12.3635259, 41.9298991], [12.3634785, 41.9298763], [12.363439, 41.9298656], [12.3634129, 41.9298527], [12.3633879, 41.929837], [12.3633661, 41.9298131], [12.3632575, 41.9296369], [12.3632052, 41.9295462], [12.3631839, 41.9295004], [12.3630726, 41.9292317], [12.3630174, 41.9291356], [12.3629107, 41.9289847], [12.3628068, 41.9287633], [12.3626605, 41.9284489], [12.3625789, 41.9282665], [12.3625026, 41.9280708], [12.3624303, 41.9278721], [12.3624048, 41.9278018], [12.3623716, 41.9277307], [12.3623518, 41.9276615], [12.3623263, 41.9275675], [12.3623178, 41.9274927], [12.3623057, 41.9273834], [12.3623031, 41.9272659], [12.3623133, 41.9271649], [12.3623449, 41.927123], [12.362415, 41.9270872]]}}, {"type": "Feature", "properties": {"id": "SS-ROM-7241", "nome": "Via Gino Borgatta", "quartiere": "Municipio Roma XIII", "classificazione": "giallo", "score": 3, "note": "strada urbana senza ciclabile", "ciclabile": "no", "n_corsie": "2", "senso_unico": "no", "n_testimonianze": "0", "municipio": "XIII"}, "geometry": {"type": "LineString", "coordinates": [[12.3470882, 41.8810143], [12.3471687, 41.8810123], [12.3473573, 41.8810151], [12.347639, 41.8810588], [12.3476245, 41.8802473]]}}, {"type": "Feature", "properties": {"id": "SS-ROM-7247", "nome": "Via Gino Frontali", "quartiere": "Municipio Roma XIII", "classificazione": "rosso", "score": 4, "note": "strada secondaria trafficata (4 corsie)", "ciclabile": "no", "n_corsie": "4", "senso_unico": "no", "n_testimonianze": "0", "municipio": "XIII"}, "geometry": {"type": "MultiLineString", "coordinates": [[[12.3893679, 41.9117139], [12.3893703, 41.9117807], [12.3893767, 41.9118309], [12.3893887, 41.9118703], [12.3894053, 41.9119067], [12.3894188, 41.9119304], [12.3894358, 41.9119551], [12.3894563, 41.9119792], [12.3894768, 41.9120026], [12.3894997, 41.912024], [12.3896379, 41.9121587], [12.3896967, 41.9122133], [12.3898758, 41.9123763]], [[12.3901752, 41.9128248], [12.3901513, 41.9128014], [12.3901251, 41.9127728], [12.3901089, 41.9127526], [12.3900957, 41.9127371], [12.3900637, 41.9126907], [12.390009, 41.9125997], [12.3899819, 41.9125541], [12.3899635, 41.9125261]], [[12.3893851, 41.9120167], [12.3892594, 41.9118899], [12.3891794, 41.9118098], [12.389142, 41.9117693]], [[12.3899635, 41.9125261], [12.3898891, 41.9124763], [12.3898483, 41.9124481], [12.3897737, 41.912388], [12.3897268, 41.9123465], [12.389673, 41.9122973], [12.3895674, 41.9121955], [12.3893851, 41.9120167]], [[12.3898758, 41.9123763], [12.3899842, 41.9124466], [12.390057, 41.9124884], [12.390159, 41.9125293], [12.3902019, 41.9125427], [12.3902432, 41.9125538], [12.3903052, 41.9125643], [12.3903618, 41.9125689], [12.3904099, 41.91257], [12.3904534, 41.9125678], [12.3905397, 41.9125558], [12.3906064, 41.9125421], [12.3906745, 41.9125225], [12.3907264, 41.9125028], [12.3907676, 41.9124832], [12.3908155, 41.912455], [12.3908526, 41.9124289], [12.3910519, 41.9122931], [12.3912779, 41.9121582], [12.3913822, 41.9121033]], [[12.3898758, 41.9123763], [12.3899635, 41.9125261]], [[12.3903342, 41.9129585], [12.3901752, 41.9128248]]]}}, {"type": "Feature", "properties": {"id": "SS-ROM-7259", "nome": "Via Gino di Curzio", "quartiere": "Municipio Roma XIII", "classificazione": "giallo", "score": 3, "note": "strada urbana senza ciclabile", "ciclabile": "no", "n_corsie": "2", "senso_unico": "no", "n_testimonianze": "0", "municipio": "XIII"}, "geometry": {"type": "LineString", "coordinates": [[12.3721638, 41.9293251], [12.3733298, 41.9294394]]}}, {"type": "Feature", "properties": {"id": "SS-ROM-7291", "nome": "Via Giorgio Del Vecchio", "quartiere": "Municipio Roma XIII", "classificazione": "giallo", "score": 3, "note": "strada urbana senza ciclabile (1 corsie)", "ciclabile": "no", "n_corsie": "1", "senso_unico": "si", "n_testimonianze": "0", "municipio": "XIII"}, "geometry": {"type": "LineString", "coordinates": [[12.4147401, 41.9000772], [12.4162707, 41.8988519], [12.4169248, 41.8983284], [12.417173, 41.8981297], [12.4173451, 41.8979941], [12.4174882, 41.8978784]]}}, {"type": "Feature", "properties": {"id": "SS-ROM-7334", "nome": "Via Giovambattista Focacci", "quartiere": "Municipio Roma XIII", "classificazione": "giallo", "score": 3, "note": "strada urbana senza ciclabile", "ciclabile": "no", "n_corsie": "2", "senso_unico": "no", "n_testimonianze": "0", "municipio": "XIII"}, "geometry": {"type": "LineString", "coordinates": [[12.3968106, 41.9269079], [12.3957894, 41.9268655]]}}, {"type": "Feature", "properties": {"id": "SS-ROM-7362", "nome": "Via Giovanni Andreucci", "quartiere": "Municipio Roma XIII", "classificazione": "giallo", "score": 3, "note": "strada urbana senza ciclabile", "ciclabile": "no", "n_corsie": "2", "senso_unico": "no", "n_testimonianze": "0", "municipio": "XIII"}, "geometry": {"type": "MultiLineString", "coordinates": [[[12.4139842, 41.8943922], [12.4140225, 41.8944386], [12.4140632, 41.8944896], [12.4141051, 41.8945268], [12.4143262, 41.8946798], [12.4145213, 41.8947837], [12.4147424, 41.8948631], [12.4148599, 41.8949179]], [[12.4133991, 41.8939841], [12.4138982, 41.8943073], [12.4139435, 41.8943454], [12.413965, 41.8943688], [12.4139842, 41.8943922]]]}}, {"type": "Feature", "properties": {"id": "SS-ROM-7409", "nome": "Via Giovanni Battista Nasalli Rocca", "quartiere": "Municipio Roma XIII", "classificazione": "giallo", "score": 3, "note": "strada urbana senza ciclabile", "ciclabile": "no", "n_corsie": "2", "senso_unico": "no", "n_testimonianze": "0", "municipio": "XIII"}, "geometry": {"type": "LineString", "coordinates": [[12.419301, 41.912054], [12.419429, 41.9117794], [12.4194408, 41.9117086]]}}, {"type": "Feature", "properties": {"id": "SS-ROM-7426", "nome": "Via Giovanni Battista Ruino", "quartiere": "Municipio Roma XIII", "classificazione": "giallo", "score": 3, "note": "strada urbana senza ciclabile", "ciclabile": "no", "n_corsie": "2", "senso_unico": "si", "n_testimonianze": "0", "municipio": "XIII"}, "geometry": {"type": "MultiLineString", "coordinates": [[[12.3920055, 41.9027984], [12.3926493, 41.9025917], [12.3926934, 41.9025781]], [[12.3926934, 41.9025781], [12.3927438, 41.9025611], [12.3931558, 41.9024227]]]}}, {"type": "Feature", "properties": {"id": "SS-ROM-7451", "nome": "Via Giovanni Borromeo", "quartiere": "Municipio Roma XIII", "classificazione": "giallo", "score": 3, "note": "strada urbana senza ciclabile", "ciclabile": "no", "n_corsie": "2", "senso_unico": "no", "n_testimonianze": "0", "municipio": "XIII"}, "geometry": {"type": "LineString", "coordinates": [[12.3949168, 41.9015905], [12.3929246, 41.9019113]]}}, {"type": "Feature", "properties": {"id": "SS-ROM-7473", "nome": "Via Giovanni Ciraolo", "quartiere": "Municipio Roma XIII", "classificazione": "giallo", "score": 3, "note": "strada urbana senza ciclabile (2 corsie)", "ciclabile": "no", "n_corsie": "2", "senso_unico": "no", "n_testimonianze": "0", "municipio": "XIII"}, "geometry": {"type": "LineString", "coordinates": [[12.3983248, 41.9137615], [12.3979199, 41.9143158]]}}, {"type": "Feature", "properties": {"id": "SS-ROM-7480", "nome": "Via Giovanni Decimo", "quartiere": "Municipio Roma XIII", "classificazione": "giallo", "score": 3, "note": "strada urbana senza ciclabile (1 corsie)", "ciclabile": "no", "n_corsie": "1", "senso_unico": "si", "n_testimonianze": "0", "municipio": "XIII"}, "geometry": {"type": "MultiLineString", "coordinates": [[[12.4119448, 41.9145352], [12.4125684, 41.9146421], [12.412779, 41.91469], [12.4132336, 41.9147606], [12.4133086, 41.9147693], [12.4133754, 41.9147744], [12.4134306, 41.9147723], [12.4134745, 41.9147672], [12.4135342, 41.9147571], [12.4135797, 41.9147425], [12.4136319, 41.9147201], [12.4137089, 41.9146705], [12.4138424, 41.914573], [12.4140169, 41.914452], [12.4141808, 41.9143393], [12.4143153, 41.9142449], [12.414352, 41.9142208], [12.414394, 41.9141989], [12.4144544, 41.914174], [12.4146225, 41.9141135]], [[12.4104397, 41.9142605], [12.4106927, 41.9142865], [12.4109897, 41.9143278], [12.4113359, 41.9144076], [12.411472, 41.91444], [12.4116386, 41.9144854], [12.4119448, 41.9145352]]]}}, {"type": "Feature", "properties": {"id": "SS-ROM-7485", "nome": "Via Giovanni Di Guglielmo", "quartiere": "Municipio Roma XIII", "classificazione": "giallo", "score": 3, "note": "strada urbana senza ciclabile (1 corsie)", "ciclabile": "no", "n_corsie": "1", "senso_unico": "si", "n_testimonianze": "0", "municipio": "XIII"}, "geometry": {"type": "LineString", "coordinates": [[12.3882946, 41.9088621], [12.3881901, 41.9088831], [12.3874372, 41.9090348], [12.3873855, 41.909045], [12.3873598, 41.9090501]]}}, {"type": "Feature", "properties": {"id": "SS-ROM-7549", "nome": "Via Giovanni Nicoletti", "quartiere": "Municipio Roma XIII", "classificazione": "giallo", "score": 3, "note": "strada urbana senza ciclabile (1 corsie)", "ciclabile": "no", "n_corsie": "1", "senso_unico": "si", "n_testimonianze": "0", "municipio": "XIII"}, "geometry": {"type": "LineString", "coordinates": [[12.4116469, 41.9206226], [12.4109271, 41.9209198], [12.4105293, 41.9210794], [12.4104509, 41.9211138]]}}, {"type": "Feature", "properties": {"id": "SS-ROM-7551", "nome": "Via Giovanni Novelli", "quartiere": "Municipio Roma XIII", "classificazione": "giallo", "score": 3, "note": "strada urbana senza ciclabile (1 corsie)", "ciclabile": "no", "n_corsie": "1", "senso_unico": "si", "n_testimonianze": "0", "municipio": "XIII"}, "geometry": {"type": "LineString", "coordinates": [[12.4193682, 41.9010447], [12.4199937, 41.9009872], [12.42006, 41.9009789], [12.4201232, 41.9009694], [12.4201669, 41.9009626], [12.4202044, 41.9009558], [12.4205144, 41.9008911]]}}, {"type": "Feature", "properties": {"id": "SS-ROM-7552", "nome": "Via Giovanni Pacchioni", "quartiere": "Municipio Roma XIII", "classificazione": "giallo", "score": 3, "note": "strada urbana senza ciclabile", "ciclabile": "no", "n_corsie": "2", "senso_unico": "no", "n_testimonianze": "0", "municipio": "XIII"}, "geometry": {"type": "LineString", "coordinates": [[12.3843099, 41.879846], [12.3843302, 41.8799441], [12.3843425, 41.8800381], [12.3843388, 41.8801442], [12.3843153, 41.8803502], [12.3842854, 41.8804822], [12.3842765, 41.8805103], [12.3842623, 41.8805423], [12.3842414, 41.8805763], [12.3842125, 41.8806103], [12.3840965, 41.8807235], [12.3838935, 41.8809215], [12.3838268, 41.8809986], [12.3837761, 41.8810876], [12.3837418, 41.8811653], [12.3837156, 41.881243], [12.383701, 41.8813394], [12.3837051, 41.8814278], [12.3837487, 41.8816678], [12.383771, 41.8817765]]}}, {"type": "Feature", "properties": {"id": "SS-ROM-7562", "nome": "Via Giovanni Pascale", "quartiere": "Municipio Roma XIII", "classificazione": "giallo", "score": 3, "note": "strada urbana senza ciclabile (2 corsie)", "ciclabile": "no", "n_corsie": "2", "senso_unico": "no", "n_testimonianze": "0", "municipio": "XIII"}, "geometry": {"type": "LineString", "coordinates": [[12.3878521, 41.9104061], [12.3878823, 41.9103998], [12.3879438, 41.9103868], [12.3886822, 41.9102341], [12.388745, 41.9102231], [12.3887915, 41.9102153]]}}, {"type": "Feature", "properties": {"id": "SS-ROM-7586", "nome": "Via Giovanni Senzaterra", "quartiere": "Municipio Roma XIII", "classificazione": "giallo", "score": 3, "note": "strada urbana senza ciclabile (1 corsie)", "ciclabile": "no", "n_corsie": "1", "senso_unico": "si", "n_testimonianze": "0", "municipio": "XIII"}, "geometry": {"type": "LineString", "coordinates": [[12.3933691, 41.9094774], [12.394219, 41.9090024], [12.3942487, 41.9089845], [12.3944345, 41.9088641], [12.3946297, 41.9087405], [12.3950234, 41.9084744], [12.3950626, 41.9084479], [12.3950974, 41.9084234], [12.395468, 41.9081704], [12.3956561, 41.9080416], [12.3958037, 41.9079463], [12.3958473, 41.9079182]]}}, {"type": "Feature", "properties": {"id": "SS-ROM-7597", "nome": "Via Giovanni Staderini", "quartiere": "Municipio Roma XIII", "classificazione": "giallo", "score": 3, "note": "strada urbana senza ciclabile", "ciclabile": "no", "n_corsie": "2", "senso_unico": "no", "n_testimonianze": "0", "municipio": "XIII"}, "geometry": {"type": "LineString", "coordinates": [[12.2799351, 41.9095005], [12.2800761, 41.9094762], [12.280124, 41.9094695], [12.2801666, 41.9094637], [12.2802098, 41.9094612], [12.2802477, 41.9094598], [12.2802788, 41.9094619], [12.2803126, 41.9094669], [12.2803466, 41.9094737], [12.2803832, 41.9094835], [12.2804125, 41.9094953], [12.2804458, 41.9095101], [12.2804729, 41.9095252], [12.2805068, 41.9095453], [12.2805368, 41.9095708], [12.2805695, 41.9095984], [12.2805987, 41.9096193], [12.2806265, 41.9096371], [12.2806584, 41.909657], [12.2806916, 41.909674], [12.2807241, 41.9096879], [12.2807593, 41.9097018], [12.2808023, 41.9097156], [12.2808452, 41.9097254], [12.2808848, 41.9097327], [12.280927, 41.909738], [12.2809705, 41.909742], [12.281014, 41.9097419], [12.2810534, 41.9097399], [12.2811009, 41.9097358], [12.2811431, 41.9097299], [12.2811947, 41.9097201], [12.2812469, 41.9097057], [12.2813005, 41.9096894], [12.2813424, 41.9096728], [12.2813776, 41.9096561], [12.2814141, 41.909636], [12.2814439, 41.9096159], [12.281498, 41.9095687], [12.2815306, 41.9095354], [12.2816295, 41.9093978], [12.2819863, 41.9088872], [12.2820195, 41.9088522], [12.2820527, 41.9088172], [12.2820759, 41.9087962], [12.2821058, 41.9087743], [12.2821408, 41.9087525], [12.2821759, 41.9087347], [12.2822104, 41.9087209], [12.2822416, 41.908709], [12.2822776, 41.9086967], [12.2823041, 41.9086884], [12.2823352, 41.9086804], [12.2823785, 41.90867], [12.2824442, 41.9086567], [12.2825729, 41.9086339], [12.2827024, 41.9086132], [12.2834221, 41.9085187], [12.2834807, 41.908512], [12.2835223, 41.9085085], [12.283568, 41.9085048], [12.2836157, 41.9085022], [12.2836498, 41.908501], [12.2836825, 41.9085008], [12.2837385, 41.9085023], [12.2837933, 41.9085049], [12.2838413, 41.9085089], [12.2838821, 41.9085134], [12.2842243, 41.9085599], [12.2856187, 41.9088221], [12.286254, 41.9089215]]}}, {"type": "Feature", "properties": {"id": "SS-ROM-7613", "nome": "Via Giovanni Vittorio Englen", "quartiere": "Municipio Roma XIII", "classificazione": "giallo", "score": 3, "note": "strada urbana senza ciclabile", "ciclabile": "no", "n_corsie": "2", "senso_unico": "no", "n_testimonianze": "0", "municipio": "XIII"}, "geometry": {"type": "LineString", "coordinates": [[12.4123863, 41.8903939], [12.410897, 41.8914713], [12.4108833, 41.8914844], [12.4108723, 41.891497], [12.4108676, 41.8915118], [12.4108655, 41.8915267], [12.4108646, 41.8915405], [12.4108664, 41.8915543], [12.410757, 41.8916317], [12.4102814, 41.8919788]]}}, {"type": "Feature", "properties": {"id": "SS-ROM-7618", "nome": "Via Giovanni d'Andrea", "quartiere": "Municipio Roma XIII", "classificazione": "giallo", "score": 3, "note": "strada urbana senza ciclabile (1 corsie)", "ciclabile": "no", "n_corsie": "1", "senso_unico": "si", "n_testimonianze": "0", "municipio": "XIII"}, "geometry": {"type": "MultiLineString", "coordinates": [[[12.41369, 41.9219607], [12.4136167, 41.9219749], [12.4134197, 41.9220132], [12.4131465, 41.9220186], [12.4129054, 41.9221434], [12.4128072, 41.9222059], [12.4125875, 41.9223404], [12.4121889, 41.9225177]], [[12.4121889, 41.9225177], [12.4118014, 41.9226892], [12.4117198, 41.9227252]]]}}, {"type": "Feature", "properties": {"id": "SS-ROM-7639", "nome": "Via Girolamo Casanate", "quartiere": "Municipio Roma XIII", "classificazione": "giallo", "score": 3, "note": "strada urbana senza ciclabile (1 corsie)", "ciclabile": "no", "n_corsie": "1", "senso_unico": "si", "n_testimonianze": "0", "municipio": "XIII"}, "geometry": {"type": "MultiLineString", "coordinates": [[[12.415144, 41.9178186], [12.4150605, 41.9178257], [12.4141498, 41.9178943], [12.4141064, 41.9178975]], [[12.4126721, 41.9179789], [12.4128293, 41.9179929], [12.4131635, 41.9179588], [12.4140145, 41.9179038], [12.4140706, 41.9179], [12.4141064, 41.9178975]]]}}, {"type": "Feature", "properties": {"id": "SS-ROM-7644", "nome": "Via Girolamo Ghinucci", "quartiere": "Municipio Roma XIII", "classificazione": "giallo", "score": 3, "note": "strada urbana senza ciclabile", "ciclabile": "no", "n_corsie": "2", "senso_unico": "si", "n_testimonianze": "0", "municipio": "XIII"}, "geometry": {"type": "LineString", "coordinates": [[12.4104903, 41.9183836], [12.4097327, 41.9185846], [12.4093381, 41.9186929], [12.4092635, 41.9187123]]}}, {"type": "Feature", "properties": {"id": "SS-ROM-7660", "nome": "Via Giulia Grisi", "quartiere": "Municipio Roma XIII", "classificazione": "giallo", "score": 3, "note": "strada urbana senza ciclabile (1 corsie)", "ciclabile": "no", "n_corsie": "1", "senso_unico": "no", "n_testimonianze": "0", "municipio": "XIII"}, "geometry": {"type": "LineString", "coordinates": [[12.4165107, 41.913203], [12.4159557, 41.913235], [12.4159189, 41.9132293], [12.4156436, 41.9131425]]}}, {"type": "Feature", "properties": {"id": "SS-ROM-7692", "nome": "Via Giulio Clovio", "quartiere": "Municipio Roma XIII", "classificazione": "giallo", "score": 3, "note": "strada urbana senza ciclabile", "ciclabile": "no", "n_corsie": "2", "senso_unico": "si", "n_testimonianze": "0", "municipio": "XIII"}, "geometry": {"type": "LineString", "coordinates": [[12.3717843, 41.9160531], [12.3715322, 41.9178486], [12.3713273, 41.9196178]]}}, {"type": "Feature", "properties": {"id": "SS-ROM-7705", "nome": "Via Giulio Lusi", "quartiere": "Municipio Roma XIII", "classificazione": "giallo", "score": 3, "note": "strada urbana senza ciclabile", "ciclabile": "no", "n_corsie": "2", "senso_unico": "no", "n_testimonianze": "0", "municipio": "XIII"}, "geometry": {"type": "LineString", "coordinates": [[12.3719889, 41.9303605], [12.3720713, 41.9298745], [12.3721638, 41.9293251], [12.3722832, 41.9287533]]}}, {"type": "Feature", "properties": {"id": "SS-ROM-7723", "nome": "Via Giulio Venzi", "quartiere": "Municipio Roma XIII", "classificazione": "giallo", "score": 3, "note": "strada urbana senza ciclabile", "ciclabile": "no", "n_corsie": "2", "senso_unico": "no", "n_testimonianze": "0", "municipio": "XIII"}, "geometry": {"type": "LineString", "coordinates": [[12.3860805, 41.8805819], [12.385969, 41.8804909], [12.3859456, 41.8804677], [12.3859242, 41.8804431], [12.3859056, 41.8804104], [12.3858942, 41.880375], [12.3858883, 41.8803396], [12.3858894, 41.880229], [12.3858864, 41.8801194], [12.3858769, 41.8800032], [12.3858634, 41.879888], [12.3858603, 41.8798444]]}}, {"type": "Feature", "properties": {"id": "SS-ROM-7765", "nome": "Via Giuseppe Basile", "quartiere": "Municipio Roma XIII", "classificazione": "giallo", "score": 3, "note": "strada urbana senza ciclabile (2 corsie)", "ciclabile": "no", "n_corsie": "2", "senso_unico": "no", "n_testimonianze": "0", "municipio": "XIII"}, "geometry": {"type": "LineString", "coordinates": [[12.3858333, 41.9128566], [12.386425, 41.9134595], [12.3868468, 41.9138948], [12.3868566, 41.9139082], [12.3868644, 41.9139224], [12.3868827, 41.9142959]]}}, {"type": "Feature", "properties": {"id": "SS-ROM-7771", "nome": "Via Giuseppe Benedetto Dusmet", "quartiere": "Municipio Roma XIII", "classificazione": "giallo", "score": 3, "note": "strada urbana senza ciclabile (1 corsie)", "ciclabile": "no", "n_corsie": "1", "senso_unico": "si", "n_testimonianze": "0", "municipio": "XIII"}, "geometry": {"type": "LineString", "coordinates": [[12.4192148, 41.9225194], [12.4183552, 41.922894], [12.4177638, 41.9231533], [12.4177403, 41.9231632], [12.4176893, 41.9231852]]}}, {"type": "Feature", "properties": {"id": "SS-ROM-7777", "nome": "Via Giuseppe Bettiol", "quartiere": "Municipio Roma XIII", "classificazione": "giallo", "score": 3, "note": "strada urbana senza ciclabile (2 corsie)", "ciclabile": "no", "n_corsie": "2", "senso_unico": "no", "n_testimonianze": "0", "municipio": "XIII"}, "geometry": {"type": "LineString", "coordinates": [[12.4137739, 41.8978878], [12.4136914, 41.8979561], [12.4133811, 41.8982132], [12.4129978, 41.8985441], [12.4129371, 41.8985964], [12.4127924, 41.8987212]]}}, {"type": "Feature", "properties": {"id": "SS-ROM-7795", "nome": "Via Giuseppe Caronia", "quartiere": "Municipio Roma XIII", "classificazione": "giallo", "score": 3, "note": "strada urbana senza ciclabile", "ciclabile": "no", "n_corsie": "2", "senso_unico": "no", "n_testimonianze": "0", "municipio": "XIII"}, "geometry": {"type": "LineString", "coordinates": [[12.3880268, 41.9111242], [12.3879792, 41.9111382], [12.3878558, 41.9111797], [12.3876813, 41.9112429], [12.3875802, 41.9112827], [12.387555, 41.911296], [12.3875379, 41.9113055], [12.387515, 41.9113221], [12.3874983, 41.9113364], [12.3874732, 41.9113671], [12.3874541, 41.9113938], [12.3874428, 41.9114187], [12.3874384, 41.9114501], [12.3874393, 41.9114722], [12.3874437, 41.9114997], [12.3874537, 41.9115242], [12.387474, 41.9115592], [12.3874922, 41.9115804], [12.3875186, 41.9116107], [12.3875408, 41.9116438], [12.3875642, 41.9116897], [12.3875759, 41.9117188], [12.3875797, 41.9117378], [12.3875793, 41.9117489], [12.3875753, 41.9117599], [12.3875555, 41.9117996], [12.3875251, 41.9118533]]}}, {"type": "Feature", "properties": {"id": "SS-ROM-7809", "nome": "Via Giuseppe Cirincione", "quartiere": "Municipio Roma XIII", "classificazione": "giallo", "score": 3, "note": "strada urbana senza ciclabile", "ciclabile": "no", "n_corsie": "2", "senso_unico": "no", "n_testimonianze": "0", "municipio": "XIII"}, "geometry": {"type": "LineString", "coordinates": [[12.3660541, 41.9168453], [12.3660182, 41.9168], [12.3660027, 41.9167914], [12.3659864, 41.9167835], [12.3659672, 41.9167756], [12.3655486, 41.9166125], [12.3644427, 41.9162497]]}}, {"type": "Feature", "properties": {"id": "SS-ROM-7858", "nome": "Via Giuseppe Girolami", "quartiere": "Municipio Roma XIII", "classificazione": "giallo", "score": 3, "note": "strada urbana senza ciclabile (1 corsie)", "ciclabile": "no", "n_corsie": "1", "senso_unico": "si", "n_testimonianze": "0", "municipio": "XIII"}, "geometry": {"type": "LineString", "coordinates": [[12.4173199, 41.9290289], [12.4172369, 41.9290553], [12.4157718, 41.9295367], [12.4157201, 41.929555]]}}, {"type": "Feature", "properties": {"id": "SS-ROM-7867", "nome": "Via Giuseppe Guicciardi", "quartiere": "Municipio Roma XIII", "classificazione": "giallo", "score": 3, "note": "strada urbana senza ciclabile (2 corsie)", "ciclabile": "no", "n_corsie": "2", "senso_unico": "no", "n_testimonianze": "0", "municipio": "XIII"}, "geometry": {"type": "MultiLineString", "coordinates": [[[12.4107701, 41.9275839], [12.4107378, 41.9275625], [12.4107142, 41.9275374], [12.4107011, 41.9275091], [12.4106996, 41.927481], [12.4107095, 41.927451], [12.4107349, 41.9274208], [12.4108044, 41.9273509], [12.4109977, 41.9271343], [12.4110213, 41.9271018], [12.4110766, 41.927008], [12.4110948, 41.9269659]], [[12.4094769, 41.9236019], [12.409459, 41.9235702], [12.4094465, 41.9235471], [12.4094329, 41.9235234], [12.4094127, 41.9234955], [12.4093976, 41.9234789]], [[12.4096018, 41.9234319], [12.4095731, 41.92348], [12.4095474, 41.923531], [12.4095315, 41.9235533], [12.409503, 41.9235813], [12.4094769, 41.9236019]], [[12.4110948, 41.9269659], [12.4111121, 41.9268763], [12.4111184, 41.9268081], [12.4111164, 41.9267678], [12.4111047, 41.9267239], [12.41109, 41.9266853], [12.4110678, 41.926638], [12.4110333, 41.9265863], [12.4107101, 41.9261813], [12.4105893, 41.9260321], [12.4103912, 41.9257968], [12.4102127, 41.9255611]], [[12.4102127, 41.9255611], [12.4095726, 41.9247843], [12.4094567, 41.9246401], [12.4094118, 41.9245789], [12.409382, 41.9245334], [12.4093583, 41.924491], [12.4093347, 41.9244484], [12.409315, 41.9244017], [12.4092997, 41.9243553], [12.409286, 41.9243059], [12.4092742, 41.9242296], [12.4092676, 41.9241648], [12.4092701, 41.9241189], [12.409275, 41.9240675], [12.4092846, 41.9240183], [12.4092946, 41.9239661], [12.4093077, 41.9239174], [12.4093221, 41.9238752], [12.4093414, 41.9238302], [12.4093573, 41.9237974], [12.4093705, 41.9237727], [12.409383, 41.9237495], [12.4094015, 41.923717], [12.4094183, 41.9236917], [12.4094417, 41.923655], [12.4094769, 41.9236019]]]}}, {"type": "Feature", "properties": {"id": "SS-ROM-7872", "nome": "Via Giuseppe Lazzati", "quartiere": "Municipio Roma XIII", "classificazione": "giallo", "score": 3, "note": "strada urbana senza ciclabile", "ciclabile": "no", "n_corsie": "2", "senso_unico": "no", "n_testimonianze": "0", "municipio": "XIII"}, "geometry": {"type": "MultiLineString", "coordinates": [[[12.343613, 41.9017654], [12.3441187, 41.9022859], [12.3441688, 41.9023392], [12.344219, 41.9023964], [12.3442557, 41.9024457], [12.344274, 41.9024723], [12.3442924, 41.9025019], [12.3443086, 41.902539], [12.3443188, 41.9025641], [12.3443239, 41.9026007], [12.3443251, 41.9026383], [12.3443237, 41.9026831], [12.3443183, 41.9027288], [12.3443103, 41.9027686], [12.3442995, 41.9028114], [12.3442878, 41.9028459], [12.3442706, 41.9028864], [12.3442472, 41.9029277], [12.3442337, 41.9029505], [12.3441947, 41.9030035], [12.344153, 41.9030526], [12.3440722, 41.9031307], [12.3435765, 41.9035492], [12.3435469, 41.9035708], [12.3435118, 41.9035924], [12.3434764, 41.9036072], [12.3434383, 41.9036211], [12.3433982, 41.9036304], [12.3433554, 41.9036388], [12.3433118, 41.903643], [12.3432548, 41.9036453], [12.3431925, 41.9036448], [12.3431383, 41.9036403], [12.3430732, 41.9036333], [12.3430215, 41.9036242], [12.342967, 41.9036096], [12.3429139, 41.9035871], [12.3428583, 41.903557], [12.342804, 41.9035188], [12.3427605, 41.9034777], [12.3427209, 41.9034356], [12.3426917, 41.903399], [12.3426753, 41.9033729], [12.3426592, 41.9033435], [12.3426458, 41.9033102], [12.3426288, 41.9032438], [12.3426214, 41.9031435], [12.342613, 41.9030998], [12.3426001, 41.9030734], [12.3425845, 41.903047], [12.3425637, 41.9030182], [12.3425402, 41.9029894], [12.342514, 41.902965], [12.3424851, 41.9029407], [12.3424516, 41.9029204], [12.3424154, 41.9029001], [12.3423765, 41.9028843], [12.3423322, 41.9028695], [12.3422799, 41.9028592], [12.3422222, 41.902854], [12.3421698, 41.9028547], [12.3421175, 41.9028594], [12.3420466, 41.902873], [12.3419919, 41.9028906], [12.3418984, 41.9029477], [12.3418571, 41.9029899], [12.3418239, 41.9030361], [12.3417933, 41.9030852], [12.3417827, 41.9031118], [12.3417721, 41.9031384], [12.341764, 41.9031707], [12.3417613, 41.9032011], [12.3417489, 41.9038094], [12.3417426, 41.9038556], [12.3417358, 41.9038815], [12.3417249, 41.9039085], [12.341714, 41.9039324], [12.3416991, 41.9039574], [12.3416552, 41.9040214], [12.3416086, 41.9040794], [12.3412636, 41.9044399], [12.3403186, 41.9054453], [12.3401302, 41.9056206], [12.3400741, 41.9056728], [12.339791, 41.9058859], [12.3388676, 41.9065204], [12.3382863, 41.9069175], [12.3382473, 41.906949], [12.338207, 41.9069834], [12.3381696, 41.9070216], [12.3381308, 41.9070628], [12.3380941, 41.9071125], [12.3380682, 41.9071562], [12.3380424, 41.9072029], [12.3380247, 41.9072496], [12.3380124, 41.9072942], [12.3380028, 41.9073399], [12.3379991, 41.9073795], [12.3379982, 41.90742], [12.3379994, 41.907453], [12.3380295, 41.9076707]], [[12.3392762, 41.9083964], [12.3400407, 41.9080669], [12.3400714, 41.9080584], [12.3401014, 41.9080525], [12.340129, 41.9080502], [12.340156, 41.9080503], [12.340187, 41.908053], [12.3402113, 41.9080597], [12.3402288, 41.9080666], [12.3402443, 41.9080741], [12.3402585, 41.9080845], [12.3402706, 41.9080955], [12.3402859, 41.9081151], [12.3402931, 41.9081327], [12.3402969, 41.9081524], [12.3402987, 41.9081705], [12.3402978, 41.9081873], [12.3402949, 41.9082025], [12.3402866, 41.9082203], [12.3402742, 41.9082351], [12.3402606, 41.9082494], [12.3402429, 41.9082626], [12.3402272, 41.9082734], [12.3402062, 41.9082842], [12.339809, 41.9084499], [12.3397933, 41.908455], [12.3397758, 41.9084589], [12.3397611, 41.9084611], [12.3397458, 41.9084623], [12.339729, 41.9084632], [12.3397116, 41.9084631], [12.3396942, 41.908462], [12.3392762, 41.9083964]], [[12.3380295, 41.9076707], [12.3382256, 41.907839], [12.3386629, 41.9082281], [12.3386981, 41.9082532], [12.3387279, 41.9082723], [12.3387982, 41.9083086], [12.3388582, 41.9083321], [12.3388923, 41.9083428], [12.3389344, 41.9083516], [12.3392762, 41.9083964]], [[12.3377373, 41.9080297], [12.3376982, 41.9081104], [12.3376736, 41.9081765], [12.337648, 41.9082486], [12.3376252, 41.9083266], [12.3375759, 41.9085739], [12.3375709, 41.9086102], [12.3375687, 41.9086484], [12.3375673, 41.9086831], [12.3375686, 41.9087198], [12.3375922, 41.9089913], [12.3376169, 41.9091634], [12.3376475, 41.9093766], [12.3376625, 41.9095599], [12.3376562, 41.9096291], [12.3376366, 41.9097002], [12.3376102, 41.9097664], [12.337593, 41.9097984], [12.3375758, 41.9098285], [12.3375555, 41.9098557], [12.3375352, 41.9098809], [12.337492, 41.9099293], [12.3374404, 41.909976], [12.3373861, 41.9100208], [12.3373295, 41.9100567], [12.3372972, 41.9100737], [12.3372623, 41.9100907], [12.3370639, 41.9101737], [12.3369989, 41.9102034], [12.336915, 41.9102447], [12.336875, 41.9102669], [12.3368351, 41.9102911], [12.3367965, 41.9103151], [12.3367579, 41.9103412], [12.3367112, 41.910375], [12.3366847, 41.9103983], [12.3366597, 41.9104208], [12.3366165, 41.910466], [12.3365515, 41.9105515], [12.3364661, 41.9106914], [12.3362304, 41.9110947], [12.3361626, 41.9111795], [12.3361344, 41.9112081], [12.3360911, 41.911247], [12.3360466, 41.9112818], [12.3359999, 41.9113131], [12.3359254, 41.9113563], [12.3358739, 41.9113833], [12.3358273, 41.9114035], [12.3357143, 41.9114521], [12.335657, 41.911483], [12.3356076, 41.9115139], [12.3355576, 41.9115498], [12.3355157, 41.9115857], [12.3354371, 41.9116675], [12.3354087, 41.9117098], [12.335384, 41.9117499], [12.3353371, 41.9118337], [12.3353009, 41.9119445], [12.3352848, 41.9120473], [12.3352915, 41.9121521], [12.3353197, 41.9122339], [12.3353496, 41.9123235], [12.335421, 41.9125312], [12.3354443, 41.9126332], [12.3354479, 41.9127141], [12.3354366, 41.9127797], [12.3354172, 41.9128384], [12.3354062, 41.9128908], [12.3354367, 41.9129671]], [[12.3377834, 41.9079518], [12.3377373, 41.9080297]], [[12.3380295, 41.9076707], [12.3377834, 41.9079518]]]}}, {"type": "Feature", "properties": {"id": "SS-ROM-7896", "nome": "Via Giuseppe Marello", "quartiere": "Municipio Roma XIII", "classificazione": "giallo", "score": 3, "note": "strada urbana senza ciclabile (2 corsie)", "ciclabile": "no", "n_corsie": "2", "senso_unico": "no", "n_testimonianze": "0", "municipio": "XIII"}, "geometry": {"type": "LineString", "coordinates": [[12.4134104, 41.9029853], [12.4134119, 41.9031201], [12.4134117, 41.903381], [12.4134084, 41.9034063], [12.4134034, 41.9034297], [12.4133952, 41.9034518], [12.4133835, 41.9034777], [12.4133729, 41.9034964], [12.4133552, 41.9035235], [12.413334, 41.9035506], [12.4133112, 41.9035726], [12.4132909, 41.9035863], [12.4132741, 41.9035973], [12.4132492, 41.9036099], [12.4132155, 41.9036251], [12.4131745, 41.9036384], [12.4131191, 41.9036518], [12.4130427, 41.9036677], [12.4129804, 41.9036836], [12.4129352, 41.9037027], [12.4128994, 41.9037235], [12.4128582, 41.9037521]]}}, {"type": "Feature", "properties": {"id": "SS-ROM-7914", "nome": "Via Giuseppe Mezzofanti", "quartiere": "Municipio Roma XIII", "classificazione": "giallo", "score": 3, "note": "strada urbana senza ciclabile (1 corsie)", "ciclabile": "no", "n_corsie": "1", "senso_unico": "si", "n_testimonianze": "0", "municipio": "XIII"}, "geometry": {"type": "LineString", "coordinates": [[12.4147459, 41.9150367], [12.4148244, 41.915029], [12.4167563, 41.9148703], [12.4167994, 41.9148668]]}}, {"type": "Feature", "properties": {"id": "SS-ROM-7922", "nome": "Via Giuseppe Montesano", "quartiere": "Municipio Roma XIII", "classificazione": "giallo", "score": 3, "note": "strada urbana senza ciclabile", "ciclabile": "no", "n_corsie": "2", "senso_unico": "si", "n_testimonianze": "0", "municipio": "XIII"}, "geometry": {"type": "LineString", "coordinates": [[12.3604244, 41.8834713], [12.3608676, 41.8822304]]}}, {"type": "Feature", "properties": {"id": "SS-ROM-7945", "nome": "Via Giuseppe Piolti de' Bianchi", "quartiere": "Municipio Roma XIII", "classificazione": "giallo", "score": 3, "note": "strada urbana senza ciclabile (2 corsie)", "ciclabile": "no", "n_corsie": "2", "senso_unico": "no", "n_testimonianze": "0", "municipio": "XIII"}, "geometry": {"type": "MultiLineString", "coordinates": [[[12.3941176, 41.9112718], [12.3941874, 41.9112739], [12.3942754, 41.911307], [12.3943329, 41.9113317], [12.3943838, 41.9113546], [12.3944284, 41.9113794], [12.3944804, 41.9114148], [12.3945317, 41.9114486], [12.3945853, 41.9114884], [12.394626, 41.911522], [12.3946652, 41.9115681], [12.3947162, 41.9116359], [12.3947448, 41.9116699], [12.3947676, 41.9116926], [12.3948058, 41.9117248], [12.3948394, 41.9117484], [12.3948896, 41.9117811], [12.3949552, 41.9118226], [12.3950161, 41.911859], [12.3950945, 41.9119031], [12.3951712, 41.9119443], [12.3954673, 41.912094], [12.3955616, 41.9121394], [12.3956134, 41.9121617], [12.3956687, 41.912183], [12.3957067, 41.9121944], [12.3957441, 41.9122031], [12.3958078, 41.9122103], [12.3958873, 41.9122187], [12.3959429, 41.9122258], [12.3959828, 41.9122334], [12.3960182, 41.9122454], [12.3961652, 41.9123095], [12.3963627, 41.9123873], [12.3965707, 41.9124652], [12.3972783, 41.912708], [12.397479, 41.9127842], [12.3975937, 41.9128308], [12.397654, 41.9128565], [12.3977205, 41.9128866], [12.3977823, 41.9129156], [12.3978952, 41.9129734], [12.3980264, 41.9130516], [12.3981022, 41.9130984], [12.3981832, 41.9131504], [12.3982749, 41.9132129], [12.3983656, 41.9132773], [12.398508, 41.9134001], [12.3986837, 41.9135604], [12.3987756, 41.9136522], [12.3988437, 41.9137286], [12.3988635, 41.9137502], [12.3988928, 41.9137864], [12.3989222, 41.9138246], [12.3989528, 41.9138674], [12.3989795, 41.9139051], [12.3990217, 41.9139693], [12.3990638, 41.9140404], [12.3990934, 41.9141007], [12.3991081, 41.9141368], [12.3991287, 41.9141869], [12.399148, 41.9142499], [12.3991639, 41.9143285], [12.3991738, 41.9143747], [12.3991808, 41.9144462], [12.399183, 41.9145264], [12.3991802, 41.9146215], [12.3991681, 41.9147027], [12.3991446, 41.9148091], [12.3991153, 41.914905], [12.3990788, 41.9149999], [12.3990547, 41.9150481], [12.3990259, 41.9150999], [12.3989823, 41.9151572], [12.3989411, 41.9152093], [12.3989013, 41.9152605], [12.3988337, 41.9153319], [12.3987648, 41.9153981], [12.3986991, 41.9154541], [12.3986194, 41.9155153], [12.398578, 41.915543], [12.3985203, 41.9155778], [12.3984481, 41.9156203]], [[12.3984481, 41.9156203], [12.3983735, 41.9156554], [12.3982849, 41.9156939], [12.3981543, 41.9157468]], [[12.3973329, 41.9160018], [12.3969734, 41.9161136]], [[12.3981543, 41.9157468], [12.3980408, 41.9157848], [12.3979272, 41.9158229], [12.3977188, 41.9158903], [12.3975363, 41.9159464], [12.3973329, 41.9160018]]]}}, {"type": "Feature", "properties": {"id": "SS-ROM-7958", "nome": "Via Giuseppe Ricca Salerno", "quartiere": "Municipio Roma XIII", "classificazione": "giallo", "score": 3, "note": "strada urbana senza ciclabile", "ciclabile": "no", "n_corsie": "2", "senso_unico": "no", "n_testimonianze": "0", "municipio": "XIII"}, "geometry": {"type": "LineString", "coordinates": [[12.3531634, 41.9197944], [12.3534366, 41.9203452], [12.3524425, 41.9206264], [12.3523429, 41.920652], [12.3522537, 41.9206739], [12.3518198, 41.9207726], [12.351751, 41.9207898], [12.3516545, 41.9208156], [12.3516163, 41.9208262], [12.3515989, 41.9208299], [12.3515775, 41.9208329], [12.3515584, 41.9208343], [12.3515325, 41.9208338], [12.3515123, 41.920832], [12.3514906, 41.9208286], [12.3514697, 41.9208238], [12.351146, 41.9207339], [12.3505902, 41.9205598], [12.350502, 41.9205352], [12.3503915, 41.9205129], [12.3501706, 41.9204705], [12.3501141, 41.9204633], [12.35002, 41.9204541], [12.3499339, 41.9204496], [12.3498583, 41.9204469], [12.3497827, 41.9204452], [12.3497237, 41.9204452], [12.3496647, 41.9204462], [12.349609, 41.9204483], [12.3495493, 41.9204513], [12.3494828, 41.9204552], [12.3494123, 41.92046], [12.3491899, 41.9204817], [12.3491176, 41.9204916], [12.3490808, 41.9204978], [12.3490517, 41.9205038], [12.3490202, 41.9205132], [12.3489912, 41.9205236], [12.3489635, 41.9205343], [12.3489383, 41.920546], [12.3489241, 41.9205538], [12.3487409, 41.9206665], [12.3480801, 41.9210813]]}}, {"type": "Feature", "properties": {"id": "SS-ROM-7983", "nome": "Via Giuseppe Tellera", "quartiere": "Municipio Roma XIII", "classificazione": "giallo", "score": 3, "note": "strada urbana senza ciclabile", "ciclabile": "no", "n_corsie": "2", "senso_unico": "no", "n_testimonianze": "0", "municipio": "XIII"}, "geometry": {"type": "LineString", "coordinates": [[12.3712926, 41.9296847], [12.3714326, 41.9290884], [12.3714162, 41.928817]]}}, {"type": "Feature", "properties": {"id": "SS-ROM-7997", "nome": "Via Giuseppe Vanni", "quartiere": "Municipio Roma XIII", "classificazione": "giallo", "score": 3, "note": "strada urbana senza ciclabile (2 corsie)", "ciclabile": "no", "n_corsie": "2", "senso_unico": "no", "n_testimonianze": "0", "municipio": "XIII"}, "geometry": {"type": "LineString", "coordinates": [[12.3604754, 41.8794533], [12.3602541, 41.8800176], [12.3600967, 41.8804192], [12.3600753, 41.8804737], [12.3594997, 41.8819417], [12.3590613, 41.8830655]]}}, {"type": "Feature", "properties": {"id": "SS-ROM-8009", "nome": "Via Giuseppe d'Annibale", "quartiere": "Municipio Roma XIII", "classificazione": "giallo", "score": 3, "note": "strada urbana senza ciclabile (1 corsie)", "ciclabile": "no", "n_corsie": "1", "senso_unico": "no", "n_testimonianze": "0", "municipio": "XIII"}, "geometry": {"type": "LineString", "coordinates": [[12.4186869, 41.9219121], [12.4186014, 41.9219487], [12.4172717, 41.9225467], [12.4172433, 41.9225592], [12.4172011, 41.9225777]]}}, {"type": "Feature", "properties": {"id": "SS-ROM-8013", "nome": "Via Giuseppe de Luca", "quartiere": "Municipio Roma XIII", "classificazione": "giallo", "score": 3, "note": "strada urbana senza ciclabile (1 corsie)", "ciclabile": "no", "n_corsie": "1", "senso_unico": "no", "n_testimonianze": "0", "municipio": "XIII"}, "geometry": {"type": "MultiLineString", "coordinates": [[[12.413584, 41.9071294], [12.4134563, 41.9069084], [12.4133507, 41.9067258], [12.4132875, 41.9066018], [12.4132016, 41.9064272], [12.4131813, 41.9063406], [12.4131931, 41.9062549]], [[12.4137453, 41.9071829], [12.413584, 41.9071294]]]}}, {"type": "Feature", "properties": {"id": "SS-ROM-8042", "nome": "Via Golfo del Tigullio", "quartiere": "Municipio Roma XIII", "classificazione": "giallo", "score": 3, "note": "strada urbana senza ciclabile", "ciclabile": "no", "n_corsie": "2", "senso_unico": "no", "n_testimonianze": "0", "municipio": "XIII"}, "geometry": {"type": "LineString", "coordinates": [[12.4035429, 41.8847322], [12.4034552, 41.8847901], [12.4033343, 41.884854], [12.4032036, 41.8848946], [12.4030437, 41.8849077], [12.4029833, 41.8849295], [12.4029404, 41.8849832], [12.4029365, 41.8850354], [12.4029735, 41.8851008], [12.403032, 41.8851356], [12.4030944, 41.8851443], [12.4031783, 41.8851342], [12.4032621, 41.8851095], [12.403346, 41.885063], [12.4034591, 41.8849425], [12.4034942, 41.8848602]]}}, {"type": "Feature", "properties": {"id": "SS-ROM-8077", "nome": "Via Gregorio Nono", "quartiere": "Municipio Roma XIII", "classificazione": "giallo", "score": 3, "note": "strada urbana senza ciclabile", "ciclabile": "no", "n_corsie": "2", "senso_unico": "no", "n_testimonianze": "0", "municipio": "XIII"}, "geometry": {"type": "MultiLineString", "coordinates": [[[12.4196338, 41.9091131], [12.4188803, 41.9094104]], [[12.4211362, 41.908761], [12.4210006, 41.9087895], [12.4202968, 41.9089384], [12.4196338, 41.9091131]]]}}, {"type": "Feature", "properties": {"id": "SS-ROM-8079", "nome": "Via Gregorio Tredicesimo", "quartiere": "Municipio Roma XIII", "classificazione": "giallo", "score": 3, "note": "strada urbana senza ciclabile (2 corsie)", "ciclabile": "no", "n_corsie": "2", "senso_unico": "no", "n_testimonianze": "0", "municipio": "XIII"}, "geometry": {"type": "LineString", "coordinates": [[12.4188222, 41.9039491], [12.41886, 41.9040244], [12.4188643, 41.904036], [12.418901, 41.9042386], [12.4188796, 41.9044558], [12.4188023, 41.9048829], [12.4187637, 41.9051067], [12.4187468, 41.9051922], [12.4186448, 41.9056797], [12.4186022, 41.9059139], [12.4185745, 41.9060467], [12.4185568, 41.9061232], [12.4184372, 41.9065131], [12.4183781, 41.9068593], [12.4183528, 41.9069935], [12.418336, 41.9070347], [12.4183091, 41.9070713], [12.4182772, 41.9071007], [12.4182413, 41.9071209], [12.4182096, 41.9071351], [12.4181851, 41.9071433], [12.4181576, 41.9071493]]}}, {"type": "Feature", "properties": {"id": "SS-ROM-8080", "nome": "Via Gregorio Undicesimo", "quartiere": "Municipio Roma XIII", "classificazione": "giallo", "score": 3, "note": "strada urbana senza ciclabile (2 corsie)", "ciclabile": "no", "n_corsie": "2", "senso_unico": "si", "n_testimonianze": "0", "municipio": "XIII"}, "geometry": {"type": "MultiLineString", "coordinates": [[[12.4178095, 41.8982168], [12.4177702, 41.8981874], [12.4177372, 41.8981592], [12.4176879, 41.8981085], [12.4176063, 41.8980197], [12.4175337, 41.8979329], [12.4174882, 41.8978784], [12.4174662, 41.8978541], [12.4174396, 41.897823], [12.417302, 41.8976616], [12.4170278, 41.897349], [12.416881, 41.8971791], [12.4168196, 41.89711], [12.4167843, 41.8970725], [12.4167474, 41.8970401], [12.4167082, 41.8970078], [12.4166719, 41.8969782], [12.4166318, 41.8969486], [12.4165971, 41.8969216], [12.4160789, 41.8965658], [12.4155856, 41.896222], [12.4149199, 41.8957596], [12.4148864, 41.8957363], [12.4142066, 41.8952596], [12.4137964, 41.8949856], [12.4135767, 41.8948311], [12.4135243, 41.8947957], [12.4134779, 41.8947623], [12.413382, 41.8947027], [12.4133369, 41.8946765], [12.4132908, 41.8946513], [12.4132385, 41.8946235], [12.4131844, 41.8945948], [12.4131244, 41.8945665], [12.4130605, 41.8945378], [12.4130013, 41.8945126], [12.412938, 41.8944869], [12.4128289, 41.8944444], [12.4127553, 41.8944147], [12.4126791, 41.8943833], [12.4126109, 41.8943546], [12.4125185, 41.894316], [12.412451, 41.8942868], [12.4123401, 41.8942359], [12.4123012, 41.8942187], [12.4122698, 41.8942051], [12.4122153, 41.8941803], [12.4121696, 41.8941576], [12.4119362, 41.894042], [12.4113669, 41.8937388], [12.4111888, 41.8936467]], [[12.4069605, 41.8919585], [12.4070813, 41.8919513], [12.4071517, 41.8919499], [12.4072221, 41.8919511], [12.4073028, 41.8919545], [12.4073846, 41.8919584], [12.4074695, 41.8919647], [12.4075345, 41.8919702], [12.4076083, 41.8919786], [12.4076759, 41.8919878], [12.407757, 41.8920007], [12.4078624, 41.892017], [12.4079382, 41.8920293], [12.4080147, 41.8920412], [12.4080749, 41.8920523], [12.4081366, 41.8920636], [12.4082144, 41.8920803], [12.408278, 41.8920957], [12.4083799, 41.8921238], [12.4084642, 41.8921495], [12.4085676, 41.8921793], [12.4086558, 41.8922051], [12.4087464, 41.8922366], [12.4088333, 41.8922674], [12.4089477, 41.8923101], [12.4090349, 41.8923453], [12.4091375, 41.8923886], [12.4091814, 41.8924072], [12.409235, 41.8924313], [12.4093185, 41.8924717], [12.4093957, 41.8925133], [12.4095206, 41.8925809], [12.4096497, 41.8926485], [12.4098956, 41.8927797], [12.410452, 41.8930687]], [[12.4178095, 41.8982168], [12.4181332, 41.8986018], [12.4182051, 41.8986882], [12.4186479, 41.8992133], [12.4187052, 41.8992779], [12.4187586, 41.8993268], [12.4188165, 41.8993768], [12.4190213, 41.8995293], [12.4191291, 41.8996034]], [[12.4162384, 41.8964325], [12.416204, 41.8964613], [12.4161025, 41.896546], [12.4160789, 41.8965658]], [[12.4120723, 41.8939206], [12.4120797, 41.8939536], [12.4120797, 41.893971], [12.4120734, 41.8939904], [12.4120611, 41.8940055], [12.4120406, 41.8940182], [12.4120134, 41.8940289], [12.4119864, 41.8940347], [12.4119362, 41.894042]], [[12.4103275, 41.8931954], [12.4103211, 41.8931632], [12.4103198, 41.8931469], [12.4103245, 41.8931211], [12.4103312, 41.8931029], [12.4103438, 41.8930887], [12.4103608, 41.8930768], [12.4103842, 41.8930674], [12.4104108, 41.8930649], [12.410452, 41.8930687]], [[12.410452, 41.8930687], [12.4105861, 41.893137], [12.4110469, 41.8933776], [12.4111413, 41.8934287], [12.4113445, 41.8935339], [12.4115955, 41.8936716], [12.4118425, 41.8938023], [12.4120723, 41.8939206], [12.4125529, 41.8941738], [12.4127034, 41.894254], [12.4131149, 41.8944811], [12.4133237, 41.8945976], [12.4135264, 41.894714], [12.4135604, 41.8947338], [12.4136079, 41.8947635], [12.4141307, 41.8950786], [12.4144239, 41.8952542], [12.4150168, 41.8956108], [12.4156947, 41.8960226], [12.4157728, 41.8960719], [12.415851, 41.8961252], [12.4159165, 41.8961722], [12.4160415, 41.8962696], [12.4162384, 41.8964325], [12.4163878, 41.8965533], [12.416438, 41.8965963], [12.416474, 41.8966282], [12.4165104, 41.8966616], [12.4165931, 41.8967419], [12.4167546, 41.8969222], [12.4172159, 41.8974638], [12.4173465, 41.8976141], [12.4174693, 41.8977679], [12.4175235, 41.897831], [12.4176284, 41.8979549], [12.417693, 41.8980337], [12.4177592, 41.8981228], [12.4177756, 41.8981484], [12.4177905, 41.8981735], [12.4178095, 41.8982168]], [[12.4103275, 41.8931954], [12.4102692, 41.8931606], [12.4101911, 41.8931148], [12.4101194, 41.8930734], [12.4099409, 41.8929569], [12.4097916, 41.8928533], [12.4096908, 41.8927835], [12.4096061, 41.8927267], [12.4095198, 41.892669], [12.409434, 41.892614], [12.4093699, 41.8925725], [12.4093156, 41.8925424], [12.4092687, 41.8925186], [12.4092024, 41.8924861], [12.4091466, 41.8924612], [12.4090754, 41.8924277], [12.4090058, 41.8923973], [12.408884, 41.8923492], [12.4087617, 41.892304], [12.4087027, 41.8922824], [12.4086326, 41.8922596], [12.4085888, 41.8922442], [12.408515, 41.8922199], [12.4084128, 41.8921903], [12.4083114, 41.8921648], [12.4082429, 41.8921468], [12.4081431, 41.8921244], [12.4080452, 41.8921041], [12.4079626, 41.8920896], [12.4078705, 41.8920734], [12.4077919, 41.8920611], [12.4077033, 41.8920485], [12.4076193, 41.8920372], [12.4075236, 41.892025], [12.4074063, 41.8920148], [12.4072765, 41.8920058], [12.4071537, 41.891996], [12.4071094, 41.8919904], [12.4070355, 41.8919766], [12.4069605, 41.8919585]], [[12.4069605, 41.8919585], [12.4068602, 41.8919515], [12.4067599, 41.8919445], [12.4066773, 41.8919401], [12.4065757, 41.8919371], [12.40649, 41.8919356], [12.4063948, 41.8919358], [12.4062904, 41.8919386], [12.4061963, 41.8919419], [12.405851, 41.8919559], [12.4055868, 41.8919682], [12.4054548, 41.8919666], [12.405375, 41.8919638], [12.4053146, 41.891961], [12.4052512, 41.8919555], [12.40518, 41.8919482], [12.4051256, 41.8919419], [12.4050126, 41.8919247], [12.4048973, 41.8919074], [12.4047399, 41.891879], [12.4042966, 41.8917994], [12.4040756, 41.8917592], [12.403865, 41.8917172], [12.4037324, 41.891685], [12.4036673, 41.8916695], [12.4036129, 41.8916577], [12.4035455, 41.8916413], [12.4034554, 41.8916165], [12.403353, 41.8915923], [12.4032153, 41.8915565], [12.4030719, 41.8915183], [12.4029448, 41.8914814], [12.402585, 41.8913755], [12.4024166, 41.8913235], [12.4023238, 41.8912935], [12.4022631, 41.8912723], [12.4021968, 41.8912493], [12.4020519, 41.8911906]], [[12.4111888, 41.8936467], [12.4107952, 41.893433], [12.4103275, 41.8931954]], [[12.3935195, 41.8851816], [12.3932791, 41.8850731], [12.3931815, 41.8850093], [12.3927332, 41.8846703], [12.3926684, 41.8846219], [12.3926051, 41.8845815], [12.3925559, 41.8845565], [12.392496, 41.8845327], [12.392446, 41.8845192], [12.3923775, 41.8845057], [12.3923298, 41.884502], [12.3922591, 41.8845045], [12.3922256, 41.8845071], [12.3921828, 41.8845132], [12.3921072, 41.8845325], [12.3920456, 41.8845504], [12.3919901, 41.8845684], [12.391866, 41.8846107], [12.3913625, 41.8848119], [12.3913037, 41.884833], [12.3912413, 41.8848541], [12.3911678, 41.884876], [12.3910881, 41.8848984], [12.3909251, 41.8849408]], [[12.4191291, 41.8996034], [12.4192016, 41.8996529], [12.419664, 41.8999673], [12.420259, 41.9003841], [12.4203011, 41.9004178], [12.4203283, 41.9004421], [12.4203524, 41.9004653], [12.4203771, 41.9004912], [12.420391, 41.9005077], [12.4204049, 41.9005298], [12.4204267, 41.9005679], [12.4204422, 41.9005978], [12.4204577, 41.9006312], [12.4204717, 41.9006775], [12.4204803, 41.9007092], [12.4204881, 41.9007496], [12.4205042, 41.9008302], [12.4205144, 41.9008911], [12.4205822, 41.901245], [12.4205974, 41.9012933], [12.4206124, 41.9013246], [12.4206369, 41.9013688], [12.4206922, 41.9014572], [12.4207444, 41.9015342], [12.4209293, 41.9017883], [12.421054, 41.9019586], [12.4218519, 41.9030709], [12.4218688, 41.9030951], [12.4219204, 41.9031566]], [[12.4016052, 41.8909076], [12.4014865, 41.8908453], [12.4008216, 41.8907056], [12.4006733, 41.8906696], [12.4005178, 41.8906236], [12.4003461, 41.8905474], [12.4002254, 41.8904669], [12.400119, 41.8903669], [12.3994114, 41.8896302], [12.3989953, 41.8891888], [12.3986455, 41.8888116], [12.398311, 41.8884842], [12.3978176, 41.8881386], [12.3974191, 41.8878812], [12.3970217, 41.8876115], [12.3967019, 41.8873696], [12.3964863, 41.887227], [12.3963922, 41.8871527], [12.3963513, 41.8871136], [12.3963166, 41.8870767], [12.3960965, 41.8868228], [12.395943, 41.8866765], [12.3957676, 41.8865439]], [[12.3957676, 41.8865439], [12.3953927, 41.8863489], [12.3952769, 41.8862901], [12.3952265, 41.8862613], [12.3951684, 41.8862256], [12.3951146, 41.8861902], [12.3950609, 41.8861501], [12.3948125, 41.8859152], [12.3946661, 41.8857834], [12.3945829, 41.885713], [12.3945028, 41.8856471], [12.394454, 41.8856129], [12.3944007, 41.8855764], [12.3943278, 41.8855328], [12.3942456, 41.8854926], [12.3940833, 41.8854191], [12.3935195, 41.8851816]], [[12.4148864, 41.8957363], [12.4148752, 41.8957006], [12.4148724, 41.8956805], [12.4148744, 41.8956575], [12.4148872, 41.8956376], [12.4149092, 41.8956242], [12.4149365, 41.8956137], [12.4149533, 41.8956117], [12.4150168, 41.8956108]]]}}, {"type": "Feature", "properties": {"id": "SS-ROM-8087", "nome": "Via Grignasco", "quartiere": "Municipio Roma XIII", "classificazione": "blu", "score": 2, "note": "accesso limitato (ZTL)", "ciclabile": "no", "n_corsie": "1", "senso_unico": "no", "n_testimonianze": "0", "municipio": "XIII"}, "geometry": {"type": "LineString", "coordinates": [[12.38339, 41.8975993], [12.3842414, 41.8975349], [12.3843162, 41.8975362], [12.3847743, 41.8975568], [12.385378, 41.8975867]]}}, {"type": "Feature", "properties": {"id": "SS-ROM-8093", "nome": "Via Grondona", "quartiere": "Municipio Roma XIII", "classificazione": "giallo", "score": 3, "note": "strada urbana senza ciclabile (2 corsie)", "ciclabile": "no", "n_corsie": "2", "senso_unico": "no", "n_testimonianze": "0", "municipio": "XIII"}, "geometry": {"type": "MultiLineString", "coordinates": [[[12.3876782, 41.9273815], [12.3877216, 41.9280857]], [[12.3876782, 41.9273815], [12.387649, 41.9270556], [12.3876183, 41.9265068]], [[12.3877216, 41.9280857], [12.3877597, 41.92873]]]}}, {"type": "Feature", "properties": {"id": "SS-ROM-8105", "nome": "Via Grugliasco", "quartiere": "Municipio Roma XIII", "classificazione": "giallo", "score": 3, "note": "strada urbana senza ciclabile", "ciclabile": "no", "n_corsie": "2", "senso_unico": "no", "n_testimonianze": "0", "municipio": "XIII"}, "geometry": {"type": "LineString", "coordinates": [[12.3873868, 41.8994751], [12.3885397, 41.8988933]]}}, {"type": "Feature", "properties": {"id": "SS-ROM-8149", "nome": "Via Guglielmo Sirleto", "quartiere": "Municipio Roma XIII", "classificazione": "giallo", "score": 3, "note": "strada urbana senza ciclabile (1 corsie)", "ciclabile": "no", "n_corsie": "1", "senso_unico": "no", "n_testimonianze": "0", "municipio": "XIII"}, "geometry": {"type": "LineString", "coordinates": [[12.4205289, 41.9248756], [12.4201205, 41.9243326], [12.4200374, 41.9242197], [12.4199843, 41.9241786], [12.4199218, 41.9241375], [12.4198444, 41.9241143], [12.4197646, 41.9240954], [12.4193648, 41.9241017]]}}, {"type": "Feature", "properties": {"id": "SS-ROM-8159", "nome": "Via Guido Agosti", "quartiere": "Municipio Roma XIII", "classificazione": "giallo", "score": 3, "note": "strada urbana senza ciclabile", "ciclabile": "no", "n_corsie": "2", "senso_unico": "no", "n_testimonianze": "0", "municipio": "XIII"}, "geometry": {"type": "LineString", "coordinates": [[12.3737526, 41.9228184], [12.3747839, 41.9233506]]}}, {"type": "Feature", "properties": {"id": "SS-ROM-8167", "nome": "Via Guido Calcagnini", "quartiere": "Municipio Roma XIII", "classificazione": "giallo", "score": 3, "note": "strada urbana senza ciclabile (2 corsie)", "ciclabile": "no", "n_corsie": "2", "senso_unico": "no", "n_testimonianze": "0", "municipio": "XIII"}, "geometry": {"type": "LineString", "coordinates": [[12.4068004, 41.9174222], [12.4068378, 41.9174452], [12.4069294, 41.9174983], [12.4070382, 41.9175588], [12.4071114, 41.9176019], [12.4072824, 41.9177072], [12.4074547, 41.9178118], [12.407617, 41.9179119], [12.4078405, 41.9180497], [12.407998, 41.9181461], [12.4081733, 41.9182556], [12.408337, 41.9183572], [12.4083801, 41.9183775], [12.4084199, 41.9183972], [12.4084568, 41.9184094], [12.408497, 41.9184179], [12.4085406, 41.9184174], [12.4085809, 41.918412], [12.4086174, 41.9184038], [12.4087767, 41.9183654], [12.4089806, 41.918317], [12.4090159, 41.9183088], [12.4090616, 41.9182985]]}}, {"type": "Feature", "properties": {"id": "SS-ROM-8179", "nome": "Via Guido Farina", "quartiere": "Municipio Roma XIII", "classificazione": "giallo", "score": 3, "note": "strada urbana senza ciclabile", "ciclabile": "no", "n_corsie": "2", "senso_unico": "no", "n_testimonianze": "0", "municipio": "XIII"}, "geometry": {"type": "MultiLineString", "coordinates": [[[12.3940785, 41.9012859], [12.3939203, 41.9013259], [12.3928359, 41.9015056]], [[12.6598543, 41.7280343], [12.6596728, 41.7279273], [12.659571, 41.7278666], [12.6595531, 41.7278556]]]}}, {"type": "Feature", "properties": {"id": "SS-ROM-8204", "nome": "Via Guido di Montpellier", "quartiere": "Municipio Roma XIII", "classificazione": "giallo", "score": 3, "note": "strada urbana senza ciclabile", "ciclabile": "no", "n_corsie": "2", "senso_unico": "no", "n_testimonianze": "0", "municipio": "XIII"}, "geometry": {"type": "LineString", "coordinates": [[12.3949168, 41.9015905], [12.3949988, 41.9017589], [12.3953268, 41.9023055], [12.3955485, 41.9026862], [12.3956433, 41.9028764], [12.395677, 41.9029413], [12.3956941, 41.902982], [12.3957108, 41.903033], [12.3957318, 41.9031131], [12.3957501, 41.9032211], [12.3957777, 41.9033665], [12.3957252, 41.9035477], [12.3956348, 41.9038435], [12.3955746, 41.9040602], [12.3955658, 41.9040838], [12.3955587, 41.9041022], [12.3955525, 41.9041192], [12.3955359, 41.9041389], [12.3952549, 41.9043715], [12.394876, 41.9046871], [12.3946789, 41.9048599], [12.3942039, 41.9052784], [12.3941553, 41.9053236], [12.3941198, 41.9053484], [12.3940789, 41.9053724], [12.3940469, 41.9053878], [12.3939836, 41.9054005], [12.3939065, 41.9054042], [12.3938452, 41.905402], [12.3937772, 41.9053939], [12.3937151, 41.905387], [12.393637, 41.9053782], [12.3928843, 41.905375], [12.3928247, 41.9053844]]}}, {"type": "Feature", "properties": {"id": "SS-ROM-8215", "nome": "Via Gustavo Pacetti", "quartiere": "Municipio Roma XIII", "classificazione": "giallo", "score": 3, "note": "strada urbana senza ciclabile (1 corsie)", "ciclabile": "no", "n_corsie": "1", "senso_unico": "si", "n_testimonianze": "0", "municipio": "XIII"}, "geometry": {"type": "LineString", "coordinates": [[12.416721, 41.9282735], [12.4166327, 41.9283051], [12.4159825, 41.9285442], [12.4159423, 41.9285584], [12.4150008, 41.9289115], [12.414964, 41.9289259]]}}, {"type": "Feature", "properties": {"id": "SS-ROM-8252", "nome": "Via Ilario Alibrandi", "quartiere": "Municipio Roma XIII", "classificazione": "giallo", "score": 3, "note": "strada urbana senza ciclabile", "ciclabile": "no", "n_corsie": "2", "senso_unico": "no", "n_testimonianze": "0", "municipio": "XIII"}, "geometry": {"type": "LineString", "coordinates": [[12.4195514, 41.8962915], [12.4194978, 41.8963505], [12.4192738, 41.8965973], [12.4189056, 41.8970166], [12.4185416, 41.8974261], [12.4183233, 41.8976688]]}}, {"type": "Feature", "properties": {"id": "SS-ROM-8256", "nome": "Via Ildebrando Della Giovanna", "quartiere": "Municipio Roma XIII", "classificazione": "giallo", "score": 3, "note": "strada urbana senza ciclabile (1 corsie)", "ciclabile": "no", "n_corsie": "1", "senso_unico": "si", "n_testimonianze": "0", "municipio": "XIII"}, "geometry": {"type": "MultiLineString", "coordinates": [[[12.3474643, 41.8816818], [12.347385, 41.8816002], [12.3473227, 41.8815146], [12.3472083, 41.8812805], [12.3471153, 41.8810607], [12.3470882, 41.8810143], [12.3470548, 41.8809694], [12.3469951, 41.8809191], [12.3469125, 41.8808704], [12.3466497, 41.8807168], [12.346196, 41.8804485], [12.3461311, 41.8804543]], [[12.3461311, 41.8804543], [12.3460479, 41.8801949], [12.3460012, 41.8800171], [12.3459847, 41.8799303], [12.3459427, 41.8797101], [12.3459363, 41.8795731], [12.3459271, 41.8793214], [12.345927, 41.8792525], [12.3458983, 41.8791154], [12.3458501, 41.8789693], [12.3457607, 41.8787771], [12.3457266, 41.878707], [12.3456776, 41.8786093], [12.3456057, 41.8784756], [12.3454703, 41.8782739], [12.3453477, 41.8781039], [12.3452707, 41.878025], [12.3451733, 41.8779472], [12.3451008, 41.8778968], [12.344991, 41.8778205], [12.3447405, 41.8776582], [12.3445478, 41.8775358], [12.3444033, 41.8774226], [12.3441507, 41.8771089], [12.3440581, 41.8769422], [12.3439818, 41.8767574], [12.343897, 41.8765228], [12.3437757, 41.8761439], [12.3437762, 41.8761172], [12.3437797, 41.87595], [12.3438155, 41.8756293], [12.3438278, 41.8755193], [12.343862, 41.8752918], [12.3438846, 41.8750776], [12.3438671, 41.8747039], [12.3438551, 41.8743952], [12.3438446, 41.8743276], [12.3437484, 41.8737359], [12.3437271, 41.8736593], [12.3436922, 41.8735223], [12.3436372, 41.8733587], [12.3435755, 41.8732668], [12.3434977, 41.873143], [12.3433692, 41.8730007], [12.3433041, 41.87294], [12.3430447, 41.8727581], [12.3428224, 41.8726393], [12.3427034, 41.8725885], [12.3424852, 41.8725282], [12.3421335, 41.8724489], [12.3420237, 41.872415], [12.3419209, 41.8723771], [12.3416988, 41.8722954], [12.3415757, 41.8722411], [12.3414297, 41.8721782], [12.3413111, 41.8721036], [12.3412428, 41.8720456], [12.3411978, 41.8719958], [12.3411039, 41.8718767], [12.3409317, 41.8716685], [12.3406768, 41.8714303], [12.3405748, 41.8713082], [12.3404208, 41.8711038], [12.3403564, 41.8710129], [12.3402702, 41.8708788], [12.3402476, 41.8708327], [12.3402422, 41.8708165], [12.3402392, 41.8707979], [12.3402392, 41.8707726], [12.3402423, 41.8707485], [12.3402536, 41.8707165], [12.3402726, 41.8706806], [12.3402958, 41.8706545], [12.340315, 41.8706344], [12.3403441, 41.8706139], [12.3403691, 41.8705995], [12.3404049, 41.870587], [12.3404474, 41.8705745], [12.3404884, 41.8705685], [12.3405362, 41.8705625], [12.3405767, 41.8705608], [12.3406153, 41.8705625], [12.3406531, 41.8705645], [12.340683, 41.8705673], [12.340731, 41.8705739], [12.3416774, 41.8707035], [12.3430627, 41.8708917], [12.3434707, 41.8709415], [12.3435543, 41.8709488], [12.3436503, 41.8709529], [12.3437524, 41.8709523], [12.3437985, 41.8709504], [12.3438336, 41.8709489], [12.343921, 41.8709412], [12.343998, 41.8709324], [12.3441009, 41.8709143], [12.3442169, 41.8708803], [12.3445485, 41.8707624], [12.3449452, 41.870615]], [[12.3474643, 41.8816818], [12.3476966, 41.8816494], [12.3478497, 41.8816336], [12.3479955, 41.8816174]], [[12.3456563, 41.8703437], [12.3458103, 41.870293]], [[12.3449452, 41.870615], [12.3452244, 41.8705108], [12.3456563, 41.8703437]], [[12.3439772, 41.871495], [12.3433041, 41.87294]], [[12.3458103, 41.870293], [12.3459965, 41.8702453], [12.3461624, 41.8702116], [12.3463291, 41.8701854], [12.3464699, 41.8701678], [12.3465792, 41.8701573], [12.3467519, 41.870148], [12.3469165, 41.8701458], [12.3471008, 41.8701504], [12.3472488, 41.8701586], [12.3474107, 41.8701776], [12.3476208, 41.8702116], [12.3482194, 41.8703568], [12.3483056, 41.870381]], [[12.3483056, 41.870381], [12.3483989, 41.8704071], [12.3485038, 41.8704379]], [[12.3466497, 41.8807168], [12.3469122, 41.8805389], [12.3468952, 41.8803297]]]}}, {"type": "Feature", "properties": {"id": "SS-ROM-8259", "nome": "Via Ildebrando della Giovanna", "quartiere": "Municipio Roma XIII", "classificazione": "giallo", "score": 3, "note": "strada urbana senza ciclabile (2 corsie)", "ciclabile": "no", "n_corsie": "2", "senso_unico": "no", "n_testimonianze": "0", "municipio": "XIII"}, "geometry": {"type": "MultiLineString", "coordinates": [[[12.3474643, 41.8816818], [12.347385, 41.8816002], [12.3473227, 41.8815146], [12.3472083, 41.8812805], [12.3471153, 41.8810607], [12.3470882, 41.8810143], [12.3470548, 41.8809694], [12.3469951, 41.8809191], [12.3469125, 41.8808704], [12.3466497, 41.8807168], [12.346196, 41.8804485], [12.3461311, 41.8804543]], [[12.3461311, 41.8804543], [12.3460479, 41.8801949], [12.3460012, 41.8800171], [12.3459847, 41.8799303], [12.3459427, 41.8797101], [12.3459363, 41.8795731], [12.3459271, 41.8793214], [12.345927, 41.8792525], [12.3458983, 41.8791154], [12.3458501, 41.8789693], [12.3457607, 41.8787771], [12.3457266, 41.878707], [12.3456776, 41.8786093], [12.3456057, 41.8784756], [12.3454703, 41.8782739], [12.3453477, 41.8781039], [12.3452707, 41.878025], [12.3451733, 41.8779472], [12.3451008, 41.8778968], [12.344991, 41.8778205], [12.3447405, 41.8776582], [12.3445478, 41.8775358], [12.3444033, 41.8774226], [12.3441507, 41.8771089], [12.3440581, 41.8769422], [12.3439818, 41.8767574], [12.343897, 41.8765228], [12.3437757, 41.8761439], [12.3437762, 41.8761172], [12.3437797, 41.87595], [12.3438155, 41.8756293], [12.3438278, 41.8755193], [12.343862, 41.8752918], [12.3438846, 41.8750776], [12.3438671, 41.8747039], [12.3438551, 41.8743952], [12.3438446, 41.8743276], [12.3437484, 41.8737359], [12.3437271, 41.8736593], [12.3436922, 41.8735223], [12.3436372, 41.8733587], [12.3435755, 41.8732668], [12.3434977, 41.873143], [12.3433692, 41.8730007], [12.3433041, 41.87294], [12.3430447, 41.8727581], [12.3428224, 41.8726393], [12.3427034, 41.8725885], [12.3424852, 41.8725282], [12.3421335, 41.8724489], [12.3420237, 41.872415], [12.3419209, 41.8723771], [12.3416988, 41.8722954], [12.3415757, 41.8722411], [12.3414297, 41.8721782], [12.3413111, 41.8721036], [12.3412428, 41.8720456], [12.3411978, 41.8719958], [12.3411039, 41.8718767], [12.3409317, 41.8716685], [12.3406768, 41.8714303], [12.3405748, 41.8713082], [12.3404208, 41.8711038], [12.3403564, 41.8710129], [12.3402702, 41.8708788], [12.3402476, 41.8708327], [12.3402422, 41.8708165], [12.3402392, 41.8707979], [12.3402392, 41.8707726], [12.3402423, 41.8707485], [12.3402536, 41.8707165], [12.3402726, 41.8706806], [12.3402958, 41.8706545], [12.340315, 41.8706344], [12.3403441, 41.8706139], [12.3403691, 41.8705995], [12.3404049, 41.870587], [12.3404474, 41.8705745], [12.3404884, 41.8705685], [12.3405362, 41.8705625], [12.3405767, 41.8705608], [12.3406153, 41.8705625], [12.3406531, 41.8705645], [12.340683, 41.8705673], [12.340731, 41.8705739], [12.3416774, 41.8707035], [12.3430627, 41.8708917], [12.3434707, 41.8709415], [12.3435543, 41.8709488], [12.3436503, 41.8709529], [12.3437524, 41.8709523], [12.3437985, 41.8709504], [12.3438336, 41.8709489], [12.343921, 41.8709412], [12.343998, 41.8709324], [12.3441009, 41.8709143], [12.3442169, 41.8708803], [12.3445485, 41.8707624], [12.3449452, 41.870615]], [[12.3474643, 41.8816818], [12.3476966, 41.8816494], [12.3478497, 41.8816336], [12.3479955, 41.8816174]], [[12.3456563, 41.8703437], [12.3458103, 41.870293]], [[12.3449452, 41.870615], [12.3452244, 41.8705108], [12.3456563, 41.8703437]], [[12.3439772, 41.871495], [12.3433041, 41.87294]], [[12.3458103, 41.870293], [12.3459965, 41.8702453], [12.3461624, 41.8702116], [12.3463291, 41.8701854], [12.3464699, 41.8701678], [12.3465792, 41.8701573], [12.3467519, 41.870148], [12.3469165, 41.8701458], [12.3471008, 41.8701504], [12.3472488, 41.8701586], [12.3474107, 41.8701776], [12.3476208, 41.8702116], [12.3482194, 41.8703568], [12.3483056, 41.870381]], [[12.3483056, 41.870381], [12.3483989, 41.8704071], [12.3485038, 41.8704379]], [[12.3466497, 41.8807168], [12.3469122, 41.8805389], [12.3468952, 41.8803297]]]}}, {"type": "Feature", "properties": {"id": "SS-ROM-8311", "nome": "Via Isasca", "quartiere": "Municipio Roma XIII", "classificazione": "giallo", "score": 3, "note": "strada urbana senza ciclabile", "ciclabile": "no", "n_corsie": "2", "senso_unico": "no", "n_testimonianze": "0", "municipio": "XIII"}, "geometry": {"type": "LineString", "coordinates": [[12.3621271, 41.9254822], [12.3618554, 41.925014], [12.3617266, 41.9247772], [12.3615406, 41.9244705], [12.3613796, 41.9242235], [12.361227, 41.9240334], [12.3609589, 41.9237042], [12.3606417, 41.9233893], [12.3602719, 41.9230286], [12.3598607, 41.9226817], [12.3595453, 41.9224391], [12.3592293, 41.9222261], [12.3589367, 41.9220476], [12.3586082, 41.9218638]]}}, {"type": "Feature", "properties": {"id": "SS-ROM-8351", "nome": "Via Italia Donati", "quartiere": "Municipio Roma XIII", "classificazione": "giallo", "score": 3, "note": "strada urbana senza ciclabile", "ciclabile": "no", "n_corsie": "2", "senso_unico": "no", "n_testimonianze": "0", "municipio": "XIII"}, "geometry": {"type": "LineString", "coordinates": [[12.3451969, 41.891023], [12.3446974, 41.8904769], [12.3446943, 41.8904535], [12.3447046, 41.8904284], [12.3455168, 41.8900194], [12.3462768, 41.88963], [12.3462875, 41.889624], [12.3462983, 41.889614], [12.346305, 41.8896], [12.3463076, 41.8895841], [12.3463063, 41.8895661], [12.346305, 41.8895491], [12.3462983, 41.8895262], [12.3462889, 41.8895052], [12.3452644, 41.8878764]]}}, {"type": "Feature", "properties": {"id": "SS-ROM-8369", "nome": "Via Jacopo Gaetano Stefaneschi", "quartiere": "Municipio Roma XIII", "classificazione": "blu", "score": 2, "note": "accesso limitato (ZTL)", "ciclabile": "no", "n_corsie": "1", "senso_unico": "no", "n_testimonianze": "0", "municipio": "XIII"}, "geometry": {"type": "LineString", "coordinates": [[12.4125224, 41.9235802], [12.412856, 41.9234295], [12.4129129, 41.923407], [12.4129809, 41.9233848], [12.413051, 41.9233641], [12.413174, 41.9233337], [12.4133732, 41.923286], [12.4134918, 41.923264], [12.4135509, 41.9232549], [12.4136047, 41.9232471], [12.4136591, 41.9232397], [12.4137064, 41.9232349], [12.4140078, 41.9232087], [12.4141721, 41.9231933], [12.4142087, 41.9231897], [12.4142875, 41.9231819]]}}, {"type": "Feature", "properties": {"id": "SS-ROM-8410", "nome": "Via La Monachina", "quartiere": "Municipio Roma XIII", "classificazione": "giallo", "score": 3, "note": "strada urbana senza ciclabile", "ciclabile": "no", "n_corsie": "2", "senso_unico": "no", "n_testimonianze": "0", "municipio": "XIII"}, "geometry": {"type": "LineString", "coordinates": [[12.3537971, 41.8950751], [12.3538809, 41.8950734], [12.3539241, 41.8950706], [12.3539659, 41.8950657], [12.3540196, 41.8950585], [12.3540719, 41.8950494], [12.3541256, 41.8950382], [12.3541698, 41.895028], [12.3542105, 41.8950188], [12.3544751, 41.8949499], [12.3545212, 41.8949395], [12.3545665, 41.8949302], [12.3546106, 41.8949229], [12.3546546, 41.894917], [12.3546973, 41.8949122], [12.3547426, 41.8949091], [12.3547865, 41.8949069], [12.3548305, 41.8949063], [12.3548731, 41.8949066], [12.354912, 41.8949088], [12.3554065, 41.8949503], [12.3556812, 41.8949758], [12.3557253, 41.8949772], [12.3557641, 41.8949766], [12.3558042, 41.894973], [12.3558443, 41.8949684], [12.3558781, 41.8949632], [12.355912, 41.8949569], [12.3559425, 41.8949502], [12.3559703, 41.8949435], [12.3560002, 41.8949332], [12.3560275, 41.8949229], [12.3560752, 41.8949014], [12.3560988, 41.8948869], [12.3561183, 41.8948723], [12.3561378, 41.8948538], [12.3561533, 41.8948353], [12.3561611, 41.8948206], [12.3561682, 41.8947994], [12.3561723, 41.8947595], [12.356179, 41.89465], [12.3561711, 41.8941681], [12.3561725, 41.8941552], [12.3561758, 41.8941409], [12.3561805, 41.8941263], [12.3561861, 41.8941117], [12.3561931, 41.8940967], [12.3562007, 41.8940839], [12.3562199, 41.8940571], [12.3562445, 41.8940283], [12.3562698, 41.8940039], [12.3563006, 41.8939775], [12.3563487, 41.8939444], [12.3563668, 41.893935], [12.3563815, 41.8939287], [12.3564019, 41.8939214], [12.3564217, 41.893917], [12.3564438, 41.8939141], [12.3564644, 41.8939142], [12.3564891, 41.8939158], [12.3565137, 41.8939189], [12.3565376, 41.8939245], [12.3565614, 41.8939316], [12.3565768, 41.8939384], [12.3565908, 41.8939457], [12.3566044, 41.8939546], [12.3566154, 41.8939639], [12.3566257, 41.8939741], [12.3567001, 41.8940586], [12.3568149, 41.894165], [12.3568465, 41.8941882], [12.3568808, 41.8942103], [12.3569133, 41.8942267], [12.3569472, 41.894242], [12.3569761, 41.8942527], [12.3569925, 41.8942576], [12.3570076, 41.8942614], [12.357025, 41.8942643], [12.3570423, 41.8942663], [12.3570761, 41.8942678], [12.3571119, 41.8942662], [12.3571478, 41.8942617], [12.3571803, 41.8942547], [12.3572124, 41.8942463], [12.3573931, 41.8941766], [12.3574319, 41.8941648], [12.3574658, 41.8941563], [12.3575243, 41.8941444], [12.3575532, 41.8941408], [12.3575781, 41.8941393], [12.3576007, 41.8941399], [12.3576179, 41.8941426], [12.3576326, 41.894147], [12.3576453, 41.8941525], [12.3576577, 41.8941607], [12.3576682, 41.8941699], [12.3576838, 41.8941878], [12.3577053, 41.8942149], [12.3577236, 41.894243], [12.3577357, 41.8942639], [12.3577677, 41.8943403], [12.3577889, 41.8944207], [12.3578198, 41.8946188], [12.3578241, 41.8946354], [12.3578297, 41.8946511], [12.3578382, 41.8946676], [12.3578494, 41.894685], [12.357863, 41.8947004], [12.3578792, 41.8947158], [12.3578927, 41.8947258], [12.3579102, 41.8947357], [12.3579352, 41.8947472], [12.3579643, 41.8947571], [12.3579887, 41.8947627], [12.3580124, 41.8947663], [12.3580414, 41.8947669], [12.3580698, 41.894765], [12.3580999, 41.8947601], [12.3581213, 41.8947552], [12.3581407, 41.8947503], [12.3581614, 41.8947434], [12.3581795, 41.8947365], [12.3582045, 41.8947252], [12.3582385, 41.8947081], [12.3583987, 41.8946094], [12.3585089, 41.8945457], [12.3586191, 41.8944819], [12.3587618, 41.8944107], [12.3589152, 41.8943394], [12.3590776, 41.8942695], [12.3592845, 41.8941917], [12.3593912, 41.8941554], [12.359498, 41.8941211], [12.35962, 41.8940838], [12.3624919, 41.8932521], [12.3626491, 41.8931995], [12.3627385, 41.8931669], [12.3628037, 41.89314], [12.362861, 41.8931131], [12.3629128, 41.8930823], [12.3629647, 41.8930434], [12.3631077, 41.8929158], [12.3634095, 41.8925934], [12.3639708, 41.8919937], [12.3641984, 41.8917549], [12.3642306, 41.8917151], [12.3642574, 41.8916774], [12.3642842, 41.8916336], [12.3643056, 41.8915919], [12.3644188, 41.8910146], [12.3644684, 41.8906575], [12.3644749, 41.8905803], [12.3644826, 41.8904627], [12.3644834, 41.8903634], [12.3644816, 41.890268], [12.3644703, 41.8901183], [12.3644612, 41.8900366], [12.3644504, 41.8899643], [12.3644397, 41.889896], [12.3644238, 41.8898234], [12.3644079, 41.8897547], [12.3643914, 41.8896937], [12.3640937, 41.8887071], [12.3641075, 41.888611], [12.3640832, 41.8885168], [12.3637826, 41.8878074]]}}, {"type": "Feature", "properties": {"id": "SS-ROM-8434", "nome": "Via Lamberto da Fagnano", "quartiere": "Municipio Roma XIII", "classificazione": "giallo", "score": 3, "note": "strada urbana senza ciclabile", "ciclabile": "no", "n_corsie": "2", "senso_unico": "no", "n_testimonianze": "0", "municipio": "XIII"}, "geometry": {"type": "LineString", "coordinates": [[12.4189791, 41.8959866], [12.4189137, 41.8960615], [12.418836, 41.8961476], [12.418353, 41.8966827], [12.4182259, 41.8968235], [12.4181677, 41.8968725], [12.4181347, 41.8968921], [12.4180909, 41.8969097], [12.4179351, 41.8969643], [12.4177511, 41.8970348], [12.4177224, 41.8970488], [12.4176963, 41.8970668], [12.4176769, 41.8970823], [12.4176575, 41.8971038], [12.4176415, 41.8971228], [12.4176281, 41.8971478], [12.4176122, 41.8971908]]}}, {"type": "Feature", "properties": {"id": "SS-ROM-8445", "nome": "Via Lanfranco", "quartiere": "Municipio Roma XIII", "classificazione": "giallo", "score": 3, "note": "strada urbana senza ciclabile", "ciclabile": "no", "n_corsie": "2", "senso_unico": "no", "n_testimonianze": "0", "municipio": "XIII"}, "geometry": {"type": "LineString", "coordinates": [[12.4176639, 41.8954106], [12.4176704, 41.8954284], [12.4176649, 41.8954528], [12.4176572, 41.8954697], [12.4176455, 41.8954866], [12.4176274, 41.8955071], [12.4174927, 41.8956494], [12.4171165, 41.8960475]]}}, {"type": "Feature", "properties": {"id": "SS-ROM-8487", "nome": "Via Leandro Porzia", "quartiere": "Municipio Roma XIII", "classificazione": "giallo", "score": 3, "note": "strada urbana senza ciclabile (1 corsie)", "ciclabile": "no", "n_corsie": "1", "senso_unico": "si", "n_testimonianze": "0", "municipio": "XIII"}, "geometry": {"type": "MultiLineString", "coordinates": [[[12.3917508, 41.9057912], [12.3911761, 41.9061948], [12.3911292, 41.9062284]], [[12.3908228, 41.9064369], [12.3901651, 41.9068862], [12.3901326, 41.9069077]]]}}, {"type": "Feature", "properties": {"id": "SS-ROM-8513", "nome": "Via Leonardo Buonafede", "quartiere": "Municipio Roma XIII", "classificazione": "giallo", "score": 3, "note": "strada urbana senza ciclabile", "ciclabile": "no", "n_corsie": "2", "senso_unico": "no", "n_testimonianze": "0", "municipio": "XIII"}, "geometry": {"type": "LineString", "coordinates": [[12.4010178, 41.904836], [12.4011723, 41.9048743], [12.4016015, 41.9049382], [12.4028414, 41.9055125]]}}, {"type": "Feature", "properties": {"id": "SS-ROM-8554", "nome": "Via Lesegno", "quartiere": "Municipio Roma XIII", "classificazione": "giallo", "score": 3, "note": "strada urbana senza ciclabile", "ciclabile": "no", "n_corsie": "2", "senso_unico": "no", "n_testimonianze": "0", "municipio": "XIII"}, "geometry": {"type": "LineString", "coordinates": [[12.3914387, 41.9259701], [12.3913692, 41.9259846], [12.3907713, 41.9261129]]}}, {"type": "Feature", "properties": {"id": "SS-ROM-8589", "nome": "Via Licio Giorgieri", "quartiere": "Municipio Roma XIII", "classificazione": "giallo", "score": 3, "note": "strada urbana senza ciclabile", "ciclabile": "no", "n_corsie": "2", "senso_unico": "si", "n_testimonianze": "0", "municipio": "XIII"}, "geometry": {"type": "MultiLineString", "coordinates": [[[12.3864486, 41.8813218], [12.3864388, 41.8813172], [12.3864276, 41.8813133], [12.3864154, 41.8813117], [12.3864019, 41.8813111], [12.3860718, 41.8813248], [12.385957, 41.8813283], [12.3858448, 41.8813279], [12.3851931, 41.88131], [12.3851692, 41.8813098], [12.3851423, 41.881312], [12.38512, 41.8813165], [12.385104, 41.881322], [12.3850882, 41.8813306], [12.3850746, 41.8813419], [12.3850637, 41.8813532], [12.385046, 41.8813808], [12.3849529, 41.8815704], [12.3849355, 41.8816105], [12.3849318, 41.8816343], [12.3849281, 41.881664], [12.3849262, 41.8817895], [12.3849955, 41.8829789], [12.3850163, 41.8833354], [12.3850404, 41.8837489], [12.3850579, 41.8838786], [12.3850733, 41.8839395], [12.3850968, 41.8840004], [12.385111, 41.884025], [12.3851228, 41.8840456], [12.3851594, 41.8840922], [12.3852069, 41.8841401], [12.3852704, 41.884188], [12.3853175, 41.8842181], [12.3853672, 41.8842441], [12.3854196, 41.8842702], [12.3854747, 41.8842923], [12.3855477, 41.8843152], [12.3856261, 41.8843301], [12.3857072, 41.884337], [12.385799, 41.8843399], [12.3859063, 41.8843323], [12.3859826, 41.8843248], [12.3861047, 41.8843127], [12.3867484, 41.8842232], [12.386954, 41.8841721]], [[12.3906695, 41.8845461], [12.3909295, 41.8846133], [12.3910454, 41.8846403], [12.3911005, 41.8846495], [12.3911532, 41.8846553]], [[12.39082, 41.884843], [12.3908351, 41.8847846], [12.3908413, 41.884738], [12.3908373, 41.8847009], [12.390827, 41.8846762], [12.3908108, 41.8846514], [12.3907867, 41.884622], [12.3907546, 41.8845964], [12.3907136, 41.8845702], [12.3906695, 41.8845461]], [[12.391493, 41.8840564], [12.3906687, 41.8842684], [12.3901972, 41.8843897]], [[12.3873614, 41.8842916], [12.387345, 41.8842262], [12.3873376, 41.8841596], [12.3873354, 41.8841147], [12.3873456, 41.884066], [12.3873564, 41.8840388], [12.3873663, 41.8840215], [12.3873871, 41.8839815]], [[12.3873614, 41.8842916], [12.3873117, 41.8842588], [12.3872646, 41.8842294], [12.3872279, 41.8842096], [12.3871857, 41.8841938], [12.3871322, 41.8841829], [12.3870786, 41.8841759], [12.3870177, 41.884171], [12.386954, 41.8841721]], [[12.3897658, 41.8842702], [12.3897878, 41.8843129], [12.3897945, 41.8843411], [12.3897949, 41.8843758], [12.3897925, 41.8843958], [12.38979, 41.8844106], [12.3897797, 41.8844393], [12.3897695, 41.8844614], [12.3897538, 41.8844844], [12.3897399, 41.884501], [12.389723, 41.8845216]], [[12.3881818, 41.8836737], [12.3882279, 41.8836268], [12.3882519, 41.8835984], [12.3882731, 41.8835679], [12.388285, 41.8835404], [12.3882953, 41.8835024], [12.3883015, 41.8834655], [12.3882988, 41.8833504], [12.388297, 41.8832723], [12.3882893, 41.8830129], [12.3882801, 41.8827028], [12.3882706, 41.8823817], [12.3882663, 41.8822376], [12.3882635, 41.8820824], [12.3882583, 41.8817919], [12.3882605, 41.8817697], [12.3882654, 41.8817591], [12.3882722, 41.8817485], [12.3882783, 41.8817441], [12.3882845, 41.8817406], [12.3883001, 41.8817354], [12.3883131, 41.881733], [12.3883257, 41.8817322]], [[12.386954, 41.8841721], [12.3870732, 41.8841284], [12.3871518, 41.8840954], [12.3872024, 41.8840729], [12.3872166, 41.8840666], [12.3872788, 41.8840358], [12.3873871, 41.8839815], [12.3875731, 41.8838746], [12.3877422, 41.8837941], [12.3878118, 41.8837661], [12.3878814, 41.883744], [12.3879664, 41.8837192], [12.388046, 41.8837005], [12.3881818, 41.8836737], [12.3882798, 41.883661], [12.3883768, 41.8836531], [12.3884627, 41.8836541], [12.388556, 41.8836576], [12.3886467, 41.883665], [12.388732, 41.8836755], [12.3888119, 41.8836919], [12.3889602, 41.8837365], [12.3890978, 41.8837852], [12.3892503, 41.8838499], [12.3893786, 41.8839266], [12.3894423, 41.883978], [12.3894551, 41.8839883], [12.3894814, 41.8840096], [12.3895814, 41.8840965], [12.3897658, 41.8842702]], [[12.3901972, 41.8843897], [12.3906695, 41.8845461]], [[12.3901972, 41.8843897], [12.389723, 41.8845216], [12.3892996, 41.8846365], [12.3891491, 41.8846754], [12.3889986, 41.8847183], [12.3888481, 41.8847642], [12.3886976, 41.8848141], [12.3886124, 41.8848461], [12.3885272, 41.8848801], [12.3883569, 41.884958], [12.3881873, 41.8850376], [12.3881217, 41.8850681], [12.3880507, 41.8850927], [12.3879996, 41.8851031], [12.3879404, 41.8851075], [12.3878999, 41.8851049], [12.3878593, 41.8850983], [12.3878241, 41.8850832], [12.3877838, 41.8850583], [12.3877545, 41.885035], [12.3877218, 41.8850042], [12.3876886, 41.8849741], [12.3876459, 41.884934], [12.387594, 41.8848808], [12.3875691, 41.8848539], [12.3875441, 41.8848165], [12.3875231, 41.8847784], [12.3875137, 41.8847568], [12.3874942, 41.8847101], [12.3874792, 41.8846615], [12.3873614, 41.8842916]], [[12.3883448, 41.8818154], [12.3883341, 41.8818168], [12.3883248, 41.8818207], [12.3883175, 41.8818268], [12.3883149, 41.8818339], [12.388322, 41.8820815], [12.3883305, 41.8823788], [12.3883397, 41.8827017], [12.3883486, 41.8830145], [12.3883581, 41.8833466], [12.388362, 41.8834805], [12.3883738, 41.8835284], [12.3883963, 41.8835763], [12.3884255, 41.8836162], [12.3884627, 41.8836541]], [[12.3883004, 41.8817707], [12.3883033, 41.8817561], [12.388312, 41.8817428], [12.3883257, 41.8817322], [12.388345, 41.8817247], [12.3883666, 41.8817225], [12.3883879, 41.8817258], [12.3884065, 41.8817342], [12.3884202, 41.8817468], [12.3884275, 41.8817621], [12.3884274, 41.8817783], [12.3884201, 41.8817936], [12.3884063, 41.8818061], [12.3883877, 41.8818145], [12.3883663, 41.8818177], [12.3883448, 41.8818154], [12.3883271, 41.8818088], [12.3883129, 41.8817984], [12.3883038, 41.8817853], [12.3883004, 41.8817707]], [[12.3897658, 41.8842702], [12.3897944, 41.884281], [12.3898122, 41.8842892], [12.3898338, 41.884299], [12.3898632, 41.8843125], [12.3898971, 41.8843261], [12.3899182, 41.8843346], [12.3899459, 41.8843431], [12.3899943, 41.8843556], [12.390023, 41.8843607], [12.390088, 41.8843711], [12.3901444, 41.884381], [12.3901972, 41.8843897]]]}}, {"type": "Feature", "properties": {"id": "SS-ROM-8613", "nome": "Via Lino Gucci", "quartiere": "Municipio Roma XIII", "classificazione": "giallo", "score": 3, "note": "strada urbana senza ciclabile", "ciclabile": "no", "n_corsie": "2", "senso_unico": "no", "n_testimonianze": "0", "municipio": "XIII"}, "geometry": {"type": "LineString", "coordinates": [[12.3720713, 41.9298745], [12.3716225, 41.9298268], [12.3715623, 41.9298159], [12.3715181, 41.9298009], [12.3714476, 41.9297695], [12.3712926, 41.9296847], [12.3708434, 41.9296986], [12.3708159, 41.9300968]]}}, {"type": "Feature", "properties": {"id": "SS-ROM-8646", "nome": "Via Loazzolo", "quartiere": "Municipio Roma XIII", "classificazione": "giallo", "score": 3, "note": "strada urbana senza ciclabile (2 corsie)", "ciclabile": "no", "n_corsie": "2", "senso_unico": "no", "n_testimonianze": "0", "municipio": "XIII"}, "geometry": {"type": "MultiLineString", "coordinates": [[[12.3727113, 41.9219011], [12.3727455, 41.9222462], [12.3730062, 41.923181]], [[12.374094, 41.9269156], [12.3741651, 41.9271661], [12.3743418, 41.927821], [12.3743526, 41.9278607], [12.3744939, 41.9283593], [12.3746358, 41.9288687]], [[12.373937, 41.9263477], [12.374094, 41.9269156]], [[12.37316, 41.9235585], [12.373216, 41.9237634], [12.3735485, 41.9250468], [12.373937, 41.9263477]], [[12.3730062, 41.923181], [12.37316, 41.9235585]]]}}, {"type": "Feature", "properties": {"id": "SS-ROM-8656", "nome": "Via Lodovico Jacobini", "quartiere": "Municipio Roma XIII", "classificazione": "giallo", "score": 3, "note": "strada urbana senza ciclabile (2 corsie)", "ciclabile": "no", "n_corsie": "2", "senso_unico": "si", "n_testimonianze": "0", "municipio": "XIII"}, "geometry": {"type": "MultiLineString", "coordinates": [[[12.4154637, 41.9200853], [12.4154025, 41.9200906], [12.4148231, 41.9201398], [12.4144759, 41.9201666], [12.4144422, 41.9201643]], [[12.4144422, 41.9201643], [12.414407, 41.9201552], [12.4143731, 41.920151], [12.4137263, 41.9202016]]]}}, {"type": "Feature", "properties": {"id": "SS-ROM-8663", "nome": "Via Lombriasco", "quartiere": "Municipio Roma XIII", "classificazione": "giallo", "score": 3, "note": "strada urbana senza ciclabile (2 corsie)", "ciclabile": "no", "n_corsie": "2", "senso_unico": "no", "n_testimonianze": "0", "municipio": "XIII"}, "geometry": {"type": "LineString", "coordinates": [[12.3836934, 41.9289342], [12.3859219, 41.9277895]]}}, {"type": "Feature", "properties": {"id": "SS-ROM-8680", "nome": "Via Lorenzo Campeggi", "quartiere": "Municipio Roma XIII", "classificazione": "giallo", "score": 3, "note": "strada urbana senza ciclabile (2 corsie)", "ciclabile": "no", "n_corsie": "2", "senso_unico": "no", "n_testimonianze": "0", "municipio": "XIII"}, "geometry": {"type": "LineString", "coordinates": [[12.4135797, 41.9147425], [12.4135981, 41.9147791], [12.4136279, 41.9148445], [12.4136352, 41.9148667], [12.4136415, 41.9148938], [12.4136621, 41.915], [12.4136755, 41.9150789], [12.4136916, 41.9151848], [12.4137183, 41.9154506]]}}, {"type": "Feature", "properties": {"id": "SS-ROM-8683", "nome": "Via Lorenzo Ellero", "quartiere": "Municipio Roma XIII", "classificazione": "giallo", "score": 3, "note": "strada urbana senza ciclabile (2 corsie)", "ciclabile": "no", "n_corsie": "2", "senso_unico": "no", "n_testimonianze": "0", "municipio": "XIII"}, "geometry": {"type": "LineString", "coordinates": [[12.4107701, 41.9275839], [12.4120207, 41.9281269], [12.4120738, 41.9281498]]}}, {"type": "Feature", "properties": {"id": "SS-ROM-8685", "nome": "Via Lorenzo Litta", "quartiere": "Municipio Roma XIII", "classificazione": "giallo", "score": 3, "note": "strada urbana senza ciclabile (1 corsie)", "ciclabile": "no", "n_corsie": "1", "senso_unico": "si", "n_testimonianze": "0", "municipio": "XIII"}, "geometry": {"type": "LineString", "coordinates": [[12.4168209, 41.9221044], [12.4167616, 41.9221284], [12.4166521, 41.922172], [12.4165425, 41.9222135], [12.4164839, 41.9222273], [12.4164299, 41.9222349], [12.4163863, 41.9222401], [12.4144928, 41.9223878], [12.4144311, 41.9223926]]}}, {"type": "Feature", "properties": {"id": "SS-ROM-8711", "nome": "Via Luca Carimini", "quartiere": "Municipio Roma XIII", "classificazione": "blu", "score": 2, "note": "zona pedonale / living street", "ciclabile": "no", "n_corsie": "1", "senso_unico": "no", "n_testimonianze": "0", "municipio": "XIII"}, "geometry": {"type": "MultiLineString", "coordinates": [[[12.4195407, 41.8803467], [12.4194216, 41.8803859]], [[12.4194216, 41.8803859], [12.4183058, 41.8807783]]]}}, {"type": "Feature", "properties": {"id": "SS-ROM-8717", "nome": "Via Luca Passi", "quartiere": "Municipio Roma XIII", "classificazione": "giallo", "score": 3, "note": "strada urbana senza ciclabile (2 corsie)", "ciclabile": "no", "n_corsie": "2", "senso_unico": "no", "n_testimonianze": "0", "municipio": "XIII"}, "geometry": {"type": "LineString", "coordinates": [[12.4111888, 41.8936467], [12.4111666, 41.8936678], [12.4110267, 41.8937895], [12.4108077, 41.8939801], [12.4107559, 41.8940269], [12.4105096, 41.8942472], [12.4104986, 41.8942581], [12.4104799, 41.8942753], [12.4104584, 41.8942985], [12.4104339, 41.8943314], [12.4104192, 41.8943516], [12.4104078, 41.8943704], [12.4103915, 41.8944034], [12.4103765, 41.8944376], [12.4103585, 41.8944888], [12.4103493, 41.8945304], [12.4103427, 41.8945663], [12.4103396, 41.8946015], [12.4103399, 41.8946322], [12.4103416, 41.8946612], [12.4103448, 41.8946897], [12.4103506, 41.8947177], [12.4103592, 41.8947478], [12.4103751, 41.8947822], [12.4103938, 41.8948187], [12.4104206, 41.8948676], [12.4104692, 41.8949602], [12.4105253, 41.8950669], [12.4107839, 41.8955591], [12.4108601, 41.8957053], [12.4108998, 41.8957816], [12.4110294, 41.8960305], [12.4110499, 41.89607], [12.4110692, 41.8961124], [12.4110758, 41.896154], [12.4110731, 41.8961997], [12.4110602, 41.8962506], [12.4110418, 41.8962975], [12.411023, 41.8963371], [12.4109931, 41.8963789], [12.4109631, 41.8964156], [12.4109353, 41.896442], [12.4109071, 41.8964644], [12.4108736, 41.8964867], [12.4108339, 41.8965089], [12.4107941, 41.8965281], [12.410756, 41.8965422], [12.4107191, 41.8965534], [12.410679, 41.8965616], [12.4106403, 41.8965668], [12.4106021, 41.8965709], [12.4105667, 41.8965731], [12.4105256, 41.8965736], [12.4104872, 41.896572], [12.4104158, 41.8965639], [12.4103648, 41.8965536], [12.4103177, 41.8965404], [12.4102753, 41.8965271], [12.410237, 41.8965128], [12.4102059, 41.8964971], [12.4101788, 41.8964804], [12.4100748, 41.8964028], [12.4099017, 41.896258], [12.4097754, 41.8963908], [12.409741, 41.8964315], [12.4097131, 41.8964669], [12.4096909, 41.8964975], [12.4096714, 41.8965262], [12.4096487, 41.8965624]]}}, {"type": "Feature", "properties": {"id": "SS-ROM-8730", "nome": "Via Luciano Armanni", "quartiere": "Municipio Roma XIII", "classificazione": "giallo", "score": 3, "note": "strada urbana senza ciclabile", "ciclabile": "no", "n_corsie": "2", "senso_unico": "no", "n_testimonianze": "0", "municipio": "XIII"}, "geometry": {"type": "LineString", "coordinates": [[12.3912983, 41.8992009], [12.3914951, 41.8986647]]}}, {"type": "Feature", "properties": {"id": "SS-ROM-8803", "nome": "Via Luigi Ambrosi", "quartiere": "Municipio Roma XIII", "classificazione": "giallo", "score": 3, "note": "strada urbana senza ciclabile", "ciclabile": "no", "n_corsie": "2", "senso_unico": "no", "n_testimonianze": "0", "municipio": "XIII"}, "geometry": {"type": "MultiLineString", "coordinates": [[[12.3167934, 41.9013164], [12.3167204, 41.9012684], [12.3166667, 41.9012361], [12.3166117, 41.9012069], [12.3165567, 41.9011797], [12.3164949, 41.9011525], [12.3164332, 41.9011273], [12.3163687, 41.9011026], [12.316278, 41.9010725]], [[12.314274, 41.9006103], [12.316278, 41.9010725], [12.3163112, 41.9010668], [12.3163489, 41.9010596], [12.3163815, 41.9010518], [12.3164124, 41.9010436], [12.3164418, 41.9010348], [12.3164797, 41.9010228], [12.3165091, 41.9010124], [12.3165369, 41.901002], [12.3165982, 41.9009758], [12.3166437, 41.9009525], [12.316693, 41.9009269]]]}}, {"type": "Feature", "properties": {"id": "SS-ROM-8817", "nome": "Via Luigi Biacchi", "quartiere": "Municipio Roma XIII", "classificazione": "giallo", "score": 3, "note": "strada urbana senza ciclabile", "ciclabile": "no", "n_corsie": "2", "senso_unico": "no", "n_testimonianze": "0", "municipio": "XIII"}, "geometry": {"type": "LineString", "coordinates": [[12.3616314, 41.8798984], [12.3612369, 41.8804053], [12.3608808, 41.8808629], [12.360379, 41.8821218]]}}, {"type": "Feature", "properties": {"id": "SS-ROM-8820", "nome": "Via Luigi Bilio", "quartiere": "Municipio Roma XIII", "classificazione": "giallo", "score": 3, "note": "strada urbana senza ciclabile", "ciclabile": "no", "n_corsie": "2", "senso_unico": "no", "n_testimonianze": "0", "municipio": "XIII"}, "geometry": {"type": "LineString", "coordinates": [[12.4199845, 41.9101359], [12.4199122, 41.9101721], [12.419832, 41.9101901], [12.4193771, 41.9102648]]}}, {"type": "Feature", "properties": {"id": "SS-ROM-8866", "nome": "Via Luigi Fantappié", "quartiere": "Municipio Roma XIII", "classificazione": "giallo", "score": 3, "note": "strada urbana senza ciclabile", "ciclabile": "no", "n_corsie": "2", "senso_unico": "no", "n_testimonianze": "0", "municipio": "XIII"}, "geometry": {"type": "LineString", "coordinates": [[12.3193688, 41.9083813], [12.3196415, 41.9076614], [12.3197097, 41.9074922], [12.3197527, 41.9074052], [12.3197958, 41.9073281], [12.3198372, 41.9072625], [12.3198786, 41.9072069], [12.3202148, 41.9068225], [12.3202473, 41.9067754], [12.3202782, 41.9067186], [12.3203009, 41.9066557], [12.3203172, 41.9066001], [12.3203956, 41.9062842]]}}, {"type": "Feature", "properties": {"id": "SS-ROM-8873", "nome": "Via Luigi Fontana Russo", "quartiere": "Municipio Roma XIII", "classificazione": "giallo", "score": 3, "note": "strada urbana senza ciclabile", "ciclabile": "no", "n_corsie": "2", "senso_unico": "no", "n_testimonianze": "0", "municipio": "XIII"}, "geometry": {"type": "LineString", "coordinates": [[12.3525346, 41.9187041], [12.3527437, 41.9190925], [12.3531093, 41.9198081]]}}, {"type": "Feature", "properties": {"id": "SS-ROM-8876", "nome": "Via Luigi Galassi", "quartiere": "Municipio Roma XIII", "classificazione": "giallo", "score": 3, "note": "strada urbana senza ciclabile (1 corsie)", "ciclabile": "no", "n_corsie": "1", "senso_unico": "si", "n_testimonianze": "0", "municipio": "XIII"}, "geometry": {"type": "LineString", "coordinates": [[12.3931558, 41.9024227], [12.3931215, 41.9023953], [12.3930871, 41.9023629], [12.3930426, 41.902319], [12.3930034, 41.9022766], [12.392987, 41.9022575], [12.3929733, 41.9022384], [12.3929615, 41.9022198], [12.3929511, 41.9021982], [12.3929434, 41.9021811], [12.3929398, 41.9021581], [12.3929368, 41.9021385], [12.3929344, 41.9021154], [12.3929289, 41.9020091], [12.3929246, 41.9019113], [12.3929117, 41.9018146], [12.3928893, 41.9017169], [12.3928359, 41.9015056], [12.3924878, 41.900304], [12.3924464, 41.900183], [12.3923996, 41.9000641], [12.3923694, 41.9000086], [12.3923387, 41.8999693], [12.3923041, 41.8999329], [12.3922645, 41.8998984], [12.3922222, 41.8998681], [12.39218, 41.8998422], [12.3921153, 41.8998115], [12.3920467, 41.8997817], [12.3917586, 41.8996789], [12.3916843, 41.8996552], [12.3916469, 41.8996473], [12.3916095, 41.8996442], [12.3915699, 41.8996435], [12.3915297, 41.8996446], [12.3914737, 41.8996494], [12.3914171, 41.899657], [12.3913743, 41.8996642], [12.3913217, 41.8996731], [12.3912709, 41.8996838], [12.3912264, 41.8996959], [12.3910564, 41.8997512]]}}, {"type": "Feature", "properties": {"id": "SS-ROM-8899", "nome": "Via Luigi Maglione", "quartiere": "Municipio Roma XIII", "classificazione": "giallo", "score": 3, "note": "strada urbana senza ciclabile (1 corsie)", "ciclabile": "no", "n_corsie": "1", "senso_unico": "si", "n_testimonianze": "0", "municipio": "XIII"}, "geometry": {"type": "LineString", "coordinates": [[12.4173319, 41.9227405], [12.4172774, 41.9227668], [12.4172457, 41.9227808], [12.4171554, 41.9228222], [12.4170692, 41.9228576], [12.417017, 41.9228768], [12.4169563, 41.9228987], [12.416914, 41.9229126], [12.4168422, 41.9229345], [12.4167734, 41.9229526], [12.4166985, 41.9229677], [12.4166486, 41.9229754], [12.4165987, 41.9229831], [12.4165314, 41.9229925], [12.4163588, 41.9230136], [12.41618, 41.9230347], [12.4158977, 41.9230618], [12.4157767, 41.9230712], [12.4151027, 41.9231222], [12.4144078, 41.923172], [12.414373, 41.9231752], [12.4142875, 41.9231819]]}}, {"type": "Feature", "properties": {"id": "SS-ROM-8939", "nome": "Via Luigi Rolando", "quartiere": "Municipio Roma XIII", "classificazione": "giallo", "score": 3, "note": "strada urbana senza ciclabile (1 corsie)", "ciclabile": "no", "n_corsie": "1", "senso_unico": "si", "n_testimonianze": "0", "municipio": "XIII"}, "geometry": {"type": "LineString", "coordinates": [[12.4114836, 41.9252608], [12.4128123, 41.9253816], [12.4128682, 41.9254253], [12.4129819, 41.9255224]]}}, {"type": "Feature", "properties": {"id": "SS-ROM-8956", "nome": "Via Luigi Sincero", "quartiere": "Municipio Roma XIII", "classificazione": "giallo", "score": 3, "note": "strada urbana senza ciclabile", "ciclabile": "no", "n_corsie": "2", "senso_unico": "no", "n_testimonianze": "0", "municipio": "XIII"}, "geometry": {"type": "LineString", "coordinates": [[12.4136267, 41.9128356], [12.4128156, 41.9130977]]}}, {"type": "Feature", "properties": {"id": "SS-ROM-8993", "nome": "Via Lusernetta", "quartiere": "Municipio Roma XIII", "classificazione": "giallo", "score": 3, "note": "strada urbana senza ciclabile", "ciclabile": "no", "n_corsie": "2", "senso_unico": "no", "n_testimonianze": "0", "municipio": "XIII"}, "geometry": {"type": "LineString", "coordinates": [[12.3844299, 41.8955161], [12.3844193, 41.8950883]]}}, {"type": "Feature", "properties": {"id": "SS-ROM-9048", "nome": "Via Mainardo", "quartiere": "Municipio Roma XIII", "classificazione": "giallo", "score": 3, "note": "strada urbana senza ciclabile", "ciclabile": "no", "n_corsie": "2", "senso_unico": "no", "n_testimonianze": "0", "municipio": "XIII"}, "geometry": {"type": "LineString", "coordinates": [[12.3512412, 41.9122429], [12.3506859, 41.9126321], [12.3505134, 41.9127468], [12.3500986, 41.9130227], [12.3496792, 41.9133114], [12.3496627, 41.9133277], [12.3496503, 41.913344], [12.3496404, 41.9133626], [12.3496346, 41.913381], [12.34963, 41.913402], [12.3496268, 41.913422], [12.3496243, 41.9134436], [12.3496232, 41.9134615], [12.3496248, 41.9135812], [12.3496226, 41.9136148], [12.349619, 41.9136488], [12.3496133, 41.9136814], [12.3496063, 41.9137145], [12.3495553, 41.9138891], [12.3495359, 41.9139283], [12.3495241, 41.9139518], [12.3495058, 41.9139767], [12.3494848, 41.9140066], [12.3494635, 41.9140297], [12.3494394, 41.9140537], [12.3494154, 41.9140718], [12.3493887, 41.9140909], [12.3493601, 41.9141056], [12.3493289, 41.9141204], [12.3493003, 41.9141306], [12.349269, 41.9141409], [12.3492262, 41.9141508], [12.3491929, 41.9141569], [12.3491543, 41.9141629], [12.349113, 41.9141682], [12.3490771, 41.9141714], [12.3488787, 41.9141845], [12.3487989, 41.9141914], [12.3487204, 41.9141984], [12.3486366, 41.9142068], [12.3485542, 41.9142151], [12.3484486, 41.9142277], [12.3483577, 41.9142403], [12.3482821, 41.9142518], [12.3482213, 41.9142633], [12.3481625, 41.9142757], [12.3481091, 41.9142882], [12.3480459, 41.9143044], [12.3479773, 41.9143247], [12.3476211, 41.9144337], [12.3475186, 41.9144651], [12.3473866, 41.9145053], [12.347313, 41.9145281], [12.3472382, 41.914555], [12.3471878, 41.914575], [12.3471373, 41.9145975], [12.3470835, 41.9146248], [12.3470364, 41.9146521], [12.3469813, 41.9146852], [12.3469328, 41.9147183], [12.3468922, 41.9147477], [12.3468543, 41.9147772], [12.3468183, 41.9148093], [12.3467851, 41.9148414], [12.3467551, 41.914875], [12.3467292, 41.9149106], [12.3466978, 41.9149564], [12.3466704, 41.9150043], [12.3465019, 41.9152965], [12.3464734, 41.9153597], [12.3464547, 41.9154195], [12.3464386, 41.9154884], [12.34643, 41.9155615], [12.3464297, 41.9155961], [12.3464321, 41.9156367], [12.3464372, 41.9156766], [12.3464451, 41.9157225], [12.3464661, 41.9158142], [12.3465533, 41.9160804], [12.3465878, 41.9161699], [12.3466036, 41.9162181], [12.3466168, 41.9162683], [12.34663, 41.9163207], [12.3466421, 41.9163835], [12.3467496, 41.9170536], [12.3467598, 41.9171174], [12.3467726, 41.9172826], [12.3467828, 41.9174891]]}}, {"type": "Feature", "properties": {"id": "SS-ROM-9137", "nome": "Via Marcello Provenzale", "quartiere": "Municipio Roma XIII", "classificazione": "giallo", "score": 3, "note": "strada urbana senza ciclabile (1 corsie)", "ciclabile": "no", "n_corsie": "1", "senso_unico": "si", "n_testimonianze": "0", "municipio": "XIII"}, "geometry": {"type": "LineString", "coordinates": [[12.4166639, 41.9282011], [12.4167443, 41.9281652], [12.4174639, 41.9278405], [12.4181972, 41.9275227], [12.4202888, 41.9265879], [12.4203193, 41.9265746], [12.4203887, 41.9265457]]}}, {"type": "Feature", "properties": {"id": "SS-ROM-9144", "nome": "Via Marchionne Aretino", "quartiere": "Municipio Roma XIII", "classificazione": "giallo", "score": 3, "note": "strada urbana senza ciclabile", "ciclabile": "no", "n_corsie": "2", "senso_unico": "no", "n_testimonianze": "0", "municipio": "XIII"}, "geometry": {"type": "MultiLineString", "coordinates": [[[12.3902292, 41.9013297], [12.389054, 41.9016618]], [[12.389054, 41.9016618], [12.3886294, 41.9017787]]]}}, {"type": "Feature", "properties": {"id": "SS-ROM-9178", "nome": "Via Marentino", "quartiere": "Municipio Roma XIII", "classificazione": "giallo", "score": 3, "note": "strada urbana senza ciclabile", "ciclabile": "no", "n_corsie": "2", "senso_unico": "no", "n_testimonianze": "0", "municipio": "XIII"}, "geometry": {"type": "LineString", "coordinates": [[12.3908704, 41.9086709], [12.3907816, 41.9084736], [12.3905055, 41.9079079], [12.3904473, 41.9077825], [12.3904278, 41.9077454], [12.3904082, 41.9077204], [12.3903692, 41.9076844], [12.3903415, 41.9076696], [12.3903114, 41.9076599], [12.3902198, 41.9076293], [12.3901171, 41.9075962], [12.390071, 41.9075787], [12.3900202, 41.9075578], [12.3899635, 41.9075297], [12.3899174, 41.9075034], [12.3898763, 41.9074728], [12.3898444, 41.9074396], [12.3898103, 41.9073938], [12.3897855, 41.9073584], [12.3897091, 41.9072265], [12.3895938, 41.907042], [12.3895537, 41.9069884], [12.3891068, 41.9064898], [12.3890261, 41.9063943], [12.3889477, 41.9063024], [12.3886623, 41.9059039], [12.3884174, 41.9055657], [12.388141, 41.9051863], [12.3879574, 41.9049596], [12.3878771, 41.9048548], [12.3878446, 41.9048101], [12.3878126, 41.9047643], [12.3878065, 41.904742], [12.3878152, 41.9047211]]}}, {"type": "Feature", "properties": {"id": "SS-ROM-9181", "nome": "Via Maretto", "quartiere": "Municipio Roma XIII", "classificazione": "giallo", "score": 3, "note": "strada urbana senza ciclabile", "ciclabile": "no", "n_corsie": "2", "senso_unico": "si", "n_testimonianze": "0", "municipio": "XIII"}, "geometry": {"type": "LineString", "coordinates": [[12.3745629, 41.9175291], [12.3747131, 41.9162865]]}}, {"type": "Feature", "properties": {"id": "SS-ROM-9186", "nome": "Via Margherita de Colmar", "quartiere": "Municipio Roma XIII", "classificazione": "giallo", "score": 3, "note": "strada urbana senza ciclabile (2 corsie)", "ciclabile": "no", "n_corsie": "2", "senso_unico": "no", "n_testimonianze": "0", "municipio": "XIII"}, "geometry": {"type": "LineString", "coordinates": [[12.4050051, 41.9138106], [12.404108, 41.9132834], [12.4039232, 41.9131781], [12.4038634, 41.913144], [12.4038021, 41.91311]]}}, {"type": "Feature", "properties": {"id": "SS-ROM-9196", "nome": "Via Maria Felicita Tibaldi", "quartiere": "Municipio Roma XIII", "classificazione": "giallo", "score": 3, "note": "strada urbana senza ciclabile", "ciclabile": "no", "n_corsie": "2", "senso_unico": "no", "n_testimonianze": "0", "municipio": "XIII"}, "geometry": {"type": "LineString", "coordinates": [[12.3774636, 41.9176717], [12.3778319, 41.9183313], [12.377869, 41.9183758], [12.37789, 41.9183872], [12.3779389, 41.9184138]]}}, {"type": "Feature", "properties": {"id": "SS-ROM-9200", "nome": "Via Maria Grazia Cutuli", "quartiere": "Municipio Roma XIII", "classificazione": "giallo", "score": 3, "note": "strada urbana senza ciclabile (1 corsie)", "ciclabile": "no", "n_corsie": "1", "senso_unico": "si", "n_testimonianze": "0", "municipio": "XIII"}, "geometry": {"type": "LineString", "coordinates": [[12.3996842, 41.9288941], [12.3994969, 41.9290005], [12.3987188, 41.9294437], [12.3986434, 41.9294874], [12.3986008, 41.9295122]]}}, {"type": "Feature", "properties": {"id": "SS-ROM-9203", "nome": "Via Maria Malibran", "quartiere": "Municipio Roma XIII", "classificazione": "giallo", "score": 3, "note": "strada urbana senza ciclabile (1 corsie)", "ciclabile": "no", "n_corsie": "1", "senso_unico": "no", "n_testimonianze": "0", "municipio": "XIII"}, "geometry": {"type": "LineString", "coordinates": [[12.4140191, 41.9053832], [12.4137015, 41.9061384], [12.4136618, 41.9062306]]}}, {"type": "Feature", "properties": {"id": "SS-ROM-9217", "nome": "Via Mariano Luigi Patrizi", "quartiere": "Municipio Roma XIII", "classificazione": "giallo", "score": 3, "note": "strada urbana senza ciclabile (1 corsie)", "ciclabile": "no", "n_corsie": "1", "senso_unico": "si", "n_testimonianze": "0", "municipio": "XIII"}, "geometry": {"type": "LineString", "coordinates": [[12.4161106, 41.9298711], [12.4175236, 41.9294236], [12.4175382, 41.929419], [12.4176131, 41.9293951]]}}, {"type": "Feature", "properties": {"id": "SS-ROM-9218", "nome": "Via Mariano Rampolla", "quartiere": "Municipio Roma XIII", "classificazione": "blu", "score": 2, "note": "accesso limitato (ZTL)", "ciclabile": "no", "n_corsie": "1", "senso_unico": "no", "n_testimonianze": "0", "municipio": "XIII"}, "geometry": {"type": "LineString", "coordinates": [[12.4121828, 41.9232489], [12.4122826, 41.923199], [12.4124143, 41.9231356], [12.4124852, 41.9231024], [12.4125541, 41.9230723], [12.4126015, 41.9230511], [12.4126569, 41.9230277], [12.4127237, 41.9230021], [12.4127815, 41.9229818], [12.412825, 41.9229675], [12.4129289, 41.9229379], [12.4130532, 41.9229067], [12.4133496, 41.9228461], [12.4135365, 41.9228047], [12.4136187, 41.9227851], [12.4136949, 41.9227655], [12.4140512, 41.9226672]]}}, {"type": "Feature", "properties": {"id": "SS-ROM-9221", "nome": "Via Mariano d'Amelio", "quartiere": "Municipio Roma XIII", "classificazione": "giallo", "score": 3, "note": "strada urbana senza ciclabile", "ciclabile": "no", "n_corsie": "2", "senso_unico": "no", "n_testimonianze": "0", "municipio": "XIII"}, "geometry": {"type": "LineString", "coordinates": [[12.4168495, 41.8948349], [12.4168265, 41.8948607], [12.4168241, 41.8948634], [12.4164908, 41.8952472], [12.4163551, 41.8953546], [12.4163428, 41.8953674], [12.4163358, 41.8953767], [12.4163314, 41.8953854], [12.4163269, 41.8954045], [12.4163255, 41.8954251], [12.4163297, 41.8954993], [12.4163277, 41.8955138], [12.4163213, 41.8955283], [12.41631, 41.8955475], [12.4162954, 41.8955642], [12.4161685, 41.895666], [12.416158, 41.8956734], [12.4161449, 41.8956788], [12.4161297, 41.8956799], [12.4161146, 41.8956741], [12.4150075, 41.8949977], [12.4148599, 41.8949179]]}}, {"type": "Feature", "properties": {"id": "SS-ROM-9255", "nome": "Via Mario Carrara", "quartiere": "Municipio Roma XIII", "classificazione": "giallo", "score": 3, "note": "strada urbana senza ciclabile (1 corsie)", "ciclabile": "no", "n_corsie": "1", "senso_unico": "si", "n_testimonianze": "0", "municipio": "XIII"}, "geometry": {"type": "LineString", "coordinates": [[12.413711, 41.9251097], [12.4136721, 41.9251175], [12.4136538, 41.9251252], [12.413639, 41.9251329], [12.4136195, 41.9251449], [12.4133197, 41.9253158], [12.4129819, 41.9255224], [12.4118967, 41.9261485]]}}, {"type": "Feature", "properties": {"id": "SS-ROM-9270", "nome": "Via Mario Ferretti", "quartiere": "Municipio Roma XIII", "classificazione": "blu", "score": 2, "note": "zona pedonale / living street", "ciclabile": "no", "n_corsie": "1", "senso_unico": "no", "n_testimonianze": "0", "municipio": "XIII"}, "geometry": {"type": "MultiLineString", "coordinates": [[[12.3995013, 41.929945], [12.3993416, 41.930032]], [[12.4002682, 41.9295045], [12.4001966, 41.929549], [12.3995013, 41.929945]], [[12.4003838, 41.9294372], [12.4003277, 41.9294699], [12.4002682, 41.9295045]]]}}, {"type": "Feature", "properties": {"id": "SS-ROM-9335", "nome": "Via Martiniana Po", "quartiere": "Municipio Roma XIII", "classificazione": "giallo", "score": 3, "note": "strada urbana senza ciclabile", "ciclabile": "no", "n_corsie": "2", "senso_unico": "no", "n_testimonianze": "0", "municipio": "XIII"}, "geometry": {"type": "LineString", "coordinates": [[12.3865314, 41.922391], [12.3866004, 41.9239122]]}}, {"type": "Feature", "properties": {"id": "SS-ROM-9337", "nome": "Via Martino Gosia", "quartiere": "Municipio Roma XIII", "classificazione": "giallo", "score": 3, "note": "strada urbana senza ciclabile", "ciclabile": "no", "n_corsie": "2", "senso_unico": "no", "n_testimonianze": "0", "municipio": "XIII"}, "geometry": {"type": "LineString", "coordinates": [[12.4138953, 41.893927], [12.4148361, 41.8933333], [12.4148798, 41.8933057]]}}, {"type": "Feature", "properties": {"id": "SS-ROM-9349", "nome": "Via Marzio Ginetti", "quartiere": "Municipio Roma XIII", "classificazione": "giallo", "score": 3, "note": "strada urbana senza ciclabile (1 corsie)", "ciclabile": "no", "n_corsie": "1", "senso_unico": "si", "n_testimonianze": "0", "municipio": "XIII"}, "geometry": {"type": "MultiLineString", "coordinates": [[[12.4060546, 41.9178396], [12.4061813, 41.9179112], [12.4062142, 41.9179319]], [[12.4054477, 41.9174759], [12.4058434, 41.917709], [12.4059054, 41.9177452], [12.4059163, 41.9177517]], [[12.4059163, 41.9177517], [12.4060546, 41.9178396]], [[12.4062952, 41.9178617], [12.4061406, 41.9177677]], [[12.4059976, 41.9176829], [12.4059263, 41.9176371], [12.4055893, 41.9174204], [12.4055467, 41.917393]], [[12.4061406, 41.9177677], [12.4059976, 41.9176829]]]}}, {"type": "Feature", "properties": {"id": "SS-ROM-9365", "nome": "Via Masserano", "quartiere": "Municipio Roma XIII", "classificazione": "giallo", "score": 3, "note": "strada urbana senza ciclabile (1 corsie)", "ciclabile": "no", "n_corsie": "1", "senso_unico": "no", "n_testimonianze": "0", "municipio": "XIII"}, "geometry": {"type": "MultiLineString", "coordinates": [[[12.3969015, 41.9068226], [12.3978473, 41.9074425]], [[12.3978473, 41.9074425], [12.3978892, 41.9074957], [12.3981815, 41.907885]]]}}, {"type": "Feature", "properties": {"id": "SS-ROM-9463", "nome": "Via Mergozzo", "quartiere": "Municipio Roma XIII", "classificazione": "giallo", "score": 3, "note": "strada urbana senza ciclabile", "ciclabile": "no", "n_corsie": "2", "senso_unico": "no", "n_testimonianze": "0", "municipio": "XIII"}, "geometry": {"type": "LineString", "coordinates": [[12.3878441, 41.9017856], [12.3870426, 41.9020514]]}}, {"type": "Feature", "properties": {"id": "SS-ROM-9497", "nome": "Via Michelangelo di Pierri", "quartiere": "Municipio Roma XIII", "classificazione": "giallo", "score": 3, "note": "strada urbana senza ciclabile (1 corsie)", "ciclabile": "no", "n_corsie": "1", "senso_unico": "si", "n_testimonianze": "0", "municipio": "XIII"}, "geometry": {"type": "LineString", "coordinates": [[12.3927124, 41.9275177], [12.392793, 41.9272269], [12.3928669, 41.9269443], [12.3929232, 41.9267719], [12.3929349, 41.9267392], [12.3929502, 41.9267102], [12.3929813, 41.9266743], [12.39303, 41.9266314], [12.3930814, 41.9265965], [12.3932506, 41.9265045], [12.3934636, 41.9263952], [12.3936859, 41.9262836], [12.3938389, 41.9262162], [12.3940074, 41.9261488], [12.3942458, 41.9260702], [12.3943376, 41.92605], [12.3944418, 41.926034], [12.3945423, 41.9260247], [12.3946623, 41.9260154], [12.3948152, 41.9260048], [12.3949779, 41.9259927], [12.3950276, 41.9259951], [12.3950692, 41.9260035], [12.3951122, 41.9260159], [12.3951511, 41.9260323]]}}, {"type": "Feature", "properties": {"id": "SS-ROM-9502", "nome": "Via Michele Bonelli", "quartiere": "Municipio Roma XIII", "classificazione": "giallo", "score": 3, "note": "strada urbana senza ciclabile (1 corsie)", "ciclabile": "no", "n_corsie": "1", "senso_unico": "no", "n_testimonianze": "0", "municipio": "XIII"}, "geometry": {"type": "LineString", "coordinates": [[12.4119154, 41.9155833], [12.4125381, 41.9155437], [12.4127104, 41.9155301], [12.4137183, 41.9154506], [12.4146985, 41.9153721], [12.4147904, 41.9153644]]}}, {"type": "Feature", "properties": {"id": "SS-ROM-9517", "nome": "Via Michele Pironti", "quartiere": "Municipio Roma XIII", "classificazione": "giallo", "score": 3, "note": "strada urbana senza ciclabile (1 corsie)", "ciclabile": "no", "n_corsie": "1", "senso_unico": "si", "n_testimonianze": "0", "municipio": "XIII"}, "geometry": {"type": "MultiLineString", "coordinates": [[[12.4117235, 41.8930615], [12.4117473, 41.8930474], [12.4117711, 41.8930364], [12.4118049, 41.8930257], [12.4118357, 41.8930164], [12.4118714, 41.8930089], [12.4119222, 41.893001], [12.4119996, 41.8929923], [12.4121758, 41.8929746], [12.4123452, 41.8929575], [12.4123991, 41.8929496], [12.412461, 41.8929391], [12.4125085, 41.8929292], [12.4125734, 41.8929182], [12.412869, 41.8928362], [12.4138971, 41.8925367], [12.413956, 41.8925191]], [[12.4113713, 41.8933681], [12.4115822, 41.8931701], [12.4116548, 41.8931084], [12.4117235, 41.8930615]]]}}, {"type": "Feature", "properties": {"id": "SS-ROM-9584", "nome": "Via Mombaldone", "quartiere": "Municipio Roma XIII", "classificazione": "giallo", "score": 3, "note": "strada urbana senza ciclabile", "ciclabile": "no", "n_corsie": "2", "senso_unico": "no", "n_testimonianze": "0", "municipio": "XIII"}, "geometry": {"type": "LineString", "coordinates": [[12.3608109, 41.9149209], [12.3601782, 41.9154418], [12.3602185, 41.9154913], [12.3602914, 41.9155876], [12.3603647, 41.9157007], [12.3606395, 41.9161457]]}}, {"type": "Feature", "properties": {"id": "SS-ROM-9585", "nome": "Via Mombaruzzo", "quartiere": "Municipio Roma XIII", "classificazione": "giallo", "score": 3, "note": "strada urbana senza ciclabile (2 corsie)", "ciclabile": "no", "n_corsie": "2", "senso_unico": "no", "n_testimonianze": "0", "municipio": "XIII"}, "geometry": {"type": "MultiLineString", "coordinates": [[[12.3716335, 41.9256367], [12.3715584, 41.9253558], [12.3713885, 41.924823], [12.3709801, 41.9232284], [12.3709453, 41.9230425], [12.3708782, 41.9227476], [12.3707769, 41.9223367]], [[12.3715584, 41.9253558], [12.3726079, 41.9251932], [12.3735485, 41.9250468], [12.3739204, 41.9249886], [12.3740061, 41.9249747], [12.3740774, 41.9249417], [12.374351, 41.9248103]]]}}, {"type": "Feature", "properties": {"id": "SS-ROM-9592", "nome": "Via Moncalieri", "quartiere": "Municipio Roma XIII", "classificazione": "giallo", "score": 3, "note": "strada urbana senza ciclabile", "ciclabile": "no", "n_corsie": "2", "senso_unico": "no", "n_testimonianze": "0", "municipio": "XIII"}, "geometry": {"type": "LineString", "coordinates": [[12.3669001, 41.9134067], [12.3657233, 41.9128261]]}}, {"type": "Feature", "properties": {"id": "SS-ROM-9593", "nome": "Via Moncalvo", "quartiere": "Municipio Roma XIII", "classificazione": "giallo", "score": 3, "note": "strada urbana senza ciclabile", "ciclabile": "no", "n_corsie": "2", "senso_unico": "no", "n_testimonianze": "0", "municipio": "XIII"}, "geometry": {"type": "LineString", "coordinates": [[12.3837828, 41.896016], [12.3857213, 41.8959371]]}}, {"type": "Feature", "properties": {"id": "SS-ROM-9596", "nome": "Via Monchiero", "quartiere": "Municipio Roma XIII", "classificazione": "giallo", "score": 3, "note": "strada urbana senza ciclabile", "ciclabile": "no", "n_corsie": "2", "senso_unico": "si", "n_testimonianze": "0", "municipio": "XIII"}, "geometry": {"type": "MultiLineString", "coordinates": [[[12.3739204, 41.9174722], [12.3743013, 41.9175083]], [[12.3743013, 41.9175083], [12.3745629, 41.9175291], [12.374943, 41.9175797]]]}}, {"type": "Feature", "properties": {"id": "SS-ROM-9598", "nome": "Via Moncrivello", "quartiere": "Municipio Roma XIII", "classificazione": "blu", "score": 2, "note": "zona pedonale / living street", "ciclabile": "no", "n_corsie": "1", "senso_unico": "no", "n_testimonianze": "0", "municipio": "XIII"}, "geometry": {"type": "LineString", "coordinates": [[12.3889077, 41.9011514], [12.3884387, 41.9012982]]}}, {"type": "Feature", "properties": {"id": "SS-ROM-9609", "nome": "Via Mongardino", "quartiere": "Municipio Roma XIII", "classificazione": "giallo", "score": 3, "note": "strada urbana senza ciclabile", "ciclabile": "no", "n_corsie": "2", "senso_unico": "no", "n_testimonianze": "0", "municipio": "XIII"}, "geometry": {"type": "LineString", "coordinates": [[12.3905648, 41.9235523], [12.3915392, 41.9235438]]}}, {"type": "Feature", "properties": {"id": "SS-ROM-9612", "nome": "Via Mongrando", "quartiere": "Municipio Roma XIII", "classificazione": "giallo", "score": 3, "note": "strada urbana senza ciclabile", "ciclabile": "no", "n_corsie": "2", "senso_unico": "no", "n_testimonianze": "0", "municipio": "XIII"}, "geometry": {"type": "LineString", "coordinates": [[12.3948095, 41.9231622], [12.3951204, 41.9238083], [12.3951352, 41.9238273], [12.3951552, 41.9238477]]}}, {"type": "Feature", "properties": {"id": "SS-ROM-9623", "nome": "Via Montabone", "quartiere": "Municipio Roma XIII", "classificazione": "giallo", "score": 3, "note": "strada urbana senza ciclabile", "ciclabile": "no", "n_corsie": "2", "senso_unico": "no", "n_testimonianze": "0", "municipio": "XIII"}, "geometry": {"type": "LineString", "coordinates": [[12.3856928, 41.8955745], [12.3862424, 41.8955482], [12.3865483, 41.8955326]]}}, {"type": "Feature", "properties": {"id": "SS-ROM-9635", "nome": "Via Montanaro", "quartiere": "Municipio Roma XIII", "classificazione": "giallo", "score": 3, "note": "strada urbana senza ciclabile", "ciclabile": "no", "n_corsie": "2", "senso_unico": "no", "n_testimonianze": "0", "municipio": "XIII"}, "geometry": {"type": "LineString", "coordinates": [[12.352417, 41.9291093], [12.3546827, 41.9300765]]}}, {"type": "Feature", "properties": {"id": "SS-ROM-9655", "nome": "Via Monte Carmelo", "quartiere": "Municipio Roma XIII", "classificazione": "giallo", "score": 3, "note": "strada urbana senza ciclabile (2 corsie)", "ciclabile": "no", "n_corsie": "2", "senso_unico": "no", "n_testimonianze": "0", "municipio": "XIII"}, "geometry": {"type": "MultiLineString", "coordinates": [[[12.4100021, 41.9016863], [12.4099694, 41.9016344], [12.4099563, 41.9016108], [12.4099404, 41.9015786], [12.4099279, 41.9015479], [12.4099207, 41.9015213], [12.4099196, 41.9014967], [12.4099238, 41.901476], [12.4099338, 41.9014549], [12.4099432, 41.9014422], [12.4099566, 41.9014291], [12.4101996, 41.9012316], [12.4102184, 41.9012098], [12.4102314, 41.9011895], [12.4102401, 41.9011699], [12.410246, 41.9011448], [12.4102476, 41.9011204], [12.4102453, 41.9010932], [12.4100974, 41.9007009], [12.4097858, 41.8999477], [12.4094695, 41.8991598], [12.4094151, 41.8990242]], [[12.4094151, 41.8990242], [12.4092026, 41.8990708], [12.4085085, 41.899223]]]}}, {"type": "Feature", "properties": {"id": "SS-ROM-9731", "nome": "Via Monte del Marmo", "quartiere": "Municipio Roma XIII", "classificazione": "rosso", "score": 4, "note": "strada secondaria trafficata (2 corsie)", "ciclabile": "no", "n_corsie": "2", "senso_unico": "si", "n_testimonianze": "0", "municipio": "XIII"}, "geometry": {"type": "MultiLineString", "coordinates": [[[12.3824729, 41.9292418], [12.3825381, 41.9293202], [12.3825779, 41.9293608], [12.3826156, 41.9293955], [12.3827969, 41.9295266]], [[12.3827969, 41.9295266], [12.3827288, 41.9295158], [12.3826608, 41.9295111], [12.382609, 41.929514], [12.3825612, 41.9295199], [12.3824419, 41.9295385], [12.3822673, 41.9295718]], [[12.3802228, 41.9282734], [12.380246, 41.9283138], [12.3802601, 41.9283331], [12.380277, 41.9283523], [12.3803158, 41.9283839], [12.3803595, 41.9284091], [12.3803923, 41.9284234], [12.380454, 41.9284481], [12.3807967, 41.9285697]], [[12.3807879, 41.9286831], [12.3803929, 41.9285327], [12.3803484, 41.9285144], [12.3802985, 41.9284962], [12.3802381, 41.9284816], [12.3801853, 41.9284758], [12.380138, 41.9284714], [12.38009, 41.9284732]], [[12.3904412, 41.9280294], [12.3904678, 41.928051], [12.390814, 41.9282955], [12.391619, 41.9288505], [12.3918218, 41.9289872], [12.3918548, 41.9290145], [12.3918719, 41.9290348], [12.391879, 41.9290574], [12.391876, 41.9291011], [12.391861, 41.9291509], [12.3917349, 41.929477], [12.3914625, 41.9301696], [12.3912015, 41.9308419], [12.3910134, 41.9315735], [12.3908512, 41.9321813], [12.3911155, 41.9322346], [12.3930789, 41.9326736]], [[12.3910134, 41.9315735], [12.3937061, 41.9321652]], [[12.3912015, 41.9308419], [12.3936673, 41.9313987]], [[12.3914625, 41.9301696], [12.3935877, 41.9306409]], [[12.3917349, 41.929477], [12.3930567, 41.929764]], [[12.3827969, 41.9295266], [12.3828751, 41.9295752], [12.3829422, 41.9296132], [12.3830216, 41.9296515], [12.3831035, 41.9296878], [12.383182, 41.9297171], [12.3832605, 41.9297424], [12.3833307, 41.9297609], [12.3834174, 41.929777], [12.3834888, 41.9297872], [12.3835603, 41.9297933], [12.383629, 41.9297955], [12.3836978, 41.9297937], [12.3837734, 41.9297893], [12.3838489, 41.929783], [12.3839232, 41.9297726], [12.3839974, 41.9297563]], [[12.3877597, 41.92873], [12.3878399, 41.9287535], [12.3879181, 41.9287739], [12.3880185, 41.9287952], [12.3881047, 41.9288074], [12.3882251, 41.9288227], [12.3883262, 41.9288318], [12.3884953, 41.9288409], [12.3886502, 41.9288435], [12.388785, 41.9288414], [12.3888935, 41.9288367], [12.3889919, 41.9288274], [12.3890362, 41.9288217], [12.3891164, 41.928809], [12.3891912, 41.9287939], [12.3892892, 41.9287734], [12.3894006, 41.9287429], [12.3894756, 41.92872], [12.3895332, 41.9287012], [12.3896039, 41.9286747], [12.3896693, 41.9286482], [12.3897415, 41.928616], [12.3898056, 41.9285858], [12.3898721, 41.9285475], [12.3899194, 41.9285212], [12.3899827, 41.9284823], [12.3900688, 41.9284247], [12.3901495, 41.9283661], [12.3902124, 41.9283161], [12.3902529, 41.9282744], [12.3903186, 41.9282039], [12.3903739, 41.9281306], [12.3904102, 41.9280796], [12.3904412, 41.9280294], [12.3904779, 41.9279472], [12.3905218, 41.927855]], [[12.3839974, 41.9297563], [12.3840487, 41.9297428], [12.384093, 41.9297297], [12.3841343, 41.9297146], [12.3842053, 41.9296844], [12.3842723, 41.9296544], [12.3843602, 41.9296132], [12.384442, 41.929572], [12.3850223, 41.9292682], [12.3853824, 41.9290748], [12.3857666, 41.9288706], [12.3861785, 41.9286737], [12.386243, 41.9286473], [12.3863136, 41.9286209], [12.3863953, 41.9285913], [12.386475, 41.9285678], [12.3865959, 41.9285373], [12.3866823, 41.9285203], [12.3867439, 41.9285107], [12.3867964, 41.9285049], [12.3868507, 41.9285009], [12.386901, 41.9284994], [12.386951, 41.9285017], [12.3870051, 41.9285083], [12.3870717, 41.9285187], [12.3871383, 41.928533], [12.3872475, 41.92857], [12.387637, 41.9286956], [12.3877597, 41.92873]], [[12.3905218, 41.927855], [12.3905456, 41.9277908], [12.3905932, 41.9276365], [12.3906119, 41.9275603], [12.3906224, 41.9274962], [12.3906316, 41.9274188], [12.3906353, 41.927332], [12.3906348, 41.927265], [12.3906282, 41.9271988], [12.3906206, 41.9271455], [12.3906142, 41.9271077], [12.3906016, 41.9270592], [12.3905852, 41.927005], [12.3904478, 41.9266671], [12.3901576, 41.9260713], [12.3897445, 41.925227], [12.3896244, 41.9249655], [12.38959, 41.9248736], [12.3895673, 41.9247933], [12.3895547, 41.9247388], [12.3895186, 41.9245127], [12.3895328, 41.9242934], [12.3895725, 41.9240332], [12.3895689, 41.9237115], [12.3895024, 41.9229973], [12.3894508, 41.9223646], [12.3894509, 41.9222098], [12.389458, 41.9221265], [12.3894651, 41.9220735], [12.3894736, 41.9220273], [12.3894822, 41.921989], [12.3895036, 41.9219197], [12.3895936, 41.9216882], [12.3897924, 41.921207], [12.3898823, 41.9209887], [12.3899032, 41.9209289], [12.3899205, 41.9208631], [12.3899498, 41.9207369], [12.3901114, 41.919668], [12.390179, 41.9193451], [12.390196, 41.9192749], [12.39022, 41.919206], [12.3902574, 41.9191064], [12.3903032, 41.91899], [12.3903516, 41.9188936], [12.3904191, 41.9187649], [12.3904758, 41.9186661], [12.390754, 41.9182014], [12.3907736, 41.9181815], [12.3907896, 41.9181705], [12.3908041, 41.918163], [12.390831, 41.9181497], [12.3908686, 41.9181341]], [[12.3937061, 41.9321652], [12.3937297, 41.9321733], [12.3937492, 41.9321833], [12.3937714, 41.9321984], [12.3937882, 41.9322165], [12.3938012, 41.9322434], [12.3938055, 41.9322625], [12.3938092, 41.9322917], [12.3938056, 41.9323275], [12.3937947, 41.9323743], [12.3937818, 41.9324141], [12.3937649, 41.9324549], [12.3936541, 41.9326545], [12.3936282, 41.9326929], [12.3936139, 41.9327111], [12.3935969, 41.9327273], [12.3935616, 41.9327578], [12.3935237, 41.9327882]], [[12.3815881, 41.9290746], [12.381575, 41.9290472], [12.3815566, 41.9290238], [12.3815318, 41.9289977], [12.3815117, 41.9289829], [12.3814861, 41.928964], [12.3814552, 41.928947], [12.3814256, 41.9289321], [12.381396, 41.9289191], [12.3812394, 41.9288583]], [[12.3812481, 41.9287466], [12.3815784, 41.9288761], [12.3816052, 41.9288838], [12.3816347, 41.9288894], [12.3816641, 41.9288941], [12.3816936, 41.9288968], [12.3818421, 41.9289015]], [[12.3812394, 41.9288583], [12.3807879, 41.9286831]], [[12.3807967, 41.9285697], [12.3812481, 41.9287466]]]}}, {"type": "Feature", "properties": {"id": "SS-ROM-9742", "nome": "Via Montecastello", "quartiere": "Municipio Roma XIII", "classificazione": "giallo", "score": 3, "note": "strada urbana senza ciclabile (2 corsie)", "ciclabile": "no", "n_corsie": "2", "senso_unico": "no", "n_testimonianze": "0", "municipio": "XIII"}, "geometry": {"type": "LineString", "coordinates": [[12.3874519, 41.9237996], [12.3866004, 41.9239122], [12.3864267, 41.9239343], [12.3857712, 41.9240239], [12.3842381, 41.9242477]]}}, {"type": "Feature", "properties": {"id": "SS-ROM-9743", "nome": "Via Montechiaro d'Asti", "quartiere": "Municipio Roma XIII", "classificazione": "giallo", "score": 3, "note": "strada urbana senza ciclabile (2 corsie)", "ciclabile": "no", "n_corsie": "2", "senso_unico": "no", "n_testimonianze": "0", "municipio": "XIII"}, "geometry": {"type": "LineString", "coordinates": [[12.3868959, 41.9255664], [12.3875655, 41.9256583], [12.3901576, 41.9260713]]}}, {"type": "Feature", "properties": {"id": "SS-ROM-9800", "nome": "Via Monterosso al Mare", "quartiere": "Municipio Roma XIII", "classificazione": "giallo", "score": 3, "note": "strada urbana senza ciclabile", "ciclabile": "no", "n_corsie": "2", "senso_unico": "no", "n_testimonianze": "0", "municipio": "XIII"}, "geometry": {"type": "MultiLineString", "coordinates": [[[12.404592, 41.9129877], [12.4051514, 41.912349], [12.4058193, 41.9116228]], [[12.4058193, 41.9116228], [12.4059067, 41.9115796]]]}}, {"type": "Feature", "properties": {"id": "SS-ROM-9818", "nome": "Via Montiglio", "quartiere": "Municipio Roma XIII", "classificazione": "giallo", "score": 3, "note": "strada urbana senza ciclabile", "ciclabile": "no", "n_corsie": "2", "senso_unico": "si", "n_testimonianze": "0", "municipio": "XIII"}, "geometry": {"type": "MultiLineString", "coordinates": [[[12.3713273, 41.9196178], [12.3707557, 41.9195787], [12.3701128, 41.9195306]], [[12.3701128, 41.9195306], [12.3703289, 41.9176413]]]}}, {"type": "Feature", "properties": {"id": "SS-ROM-9820", "nome": "Via Montoggio", "quartiere": "Municipio Roma XIII", "classificazione": "giallo", "score": 3, "note": "strada urbana senza ciclabile", "ciclabile": "no", "n_corsie": "2", "senso_unico": "no", "n_testimonianze": "0", "municipio": "XIII"}, "geometry": {"type": "LineString", "coordinates": [[12.4037927, 41.910838], [12.403362, 41.9109201], [12.40182, 41.9112287], [12.4017103, 41.9112588], [12.4016113, 41.9112889], [12.4015333, 41.9113211], [12.401474, 41.9113533], [12.4014176, 41.9114021], [12.4013746, 41.9114489], [12.401353, 41.9114787], [12.4013315, 41.9115265], [12.4012253, 41.9118576]]}}, {"type": "Feature", "properties": {"id": "SS-ROM-9872", "nome": "Via Murazzano", "quartiere": "Municipio Roma XIII", "classificazione": "giallo", "score": 3, "note": "strada urbana senza ciclabile", "ciclabile": "no", "n_corsie": "2", "senso_unico": "no", "n_testimonianze": "0", "municipio": "XIII"}, "geometry": {"type": "LineString", "coordinates": [[12.3689221, 41.9240146], [12.3681592, 41.9241397], [12.3675795, 41.9242272]]}}, {"type": "Feature", "properties": {"id": "SS-ROM-9873", "nome": "Via Murello", "quartiere": "Municipio Roma XIII", "classificazione": "giallo", "score": 3, "note": "strada urbana senza ciclabile (2 corsie)", "ciclabile": "no", "n_corsie": "2", "senso_unico": "no", "n_testimonianze": "0", "municipio": "XIII"}, "geometry": {"type": "LineString", "coordinates": [[12.3935371, 41.9134584], [12.3922766, 41.9142464]]}}, {"type": "Feature", "properties": {"id": "SS-ROM-9897", "nome": "Via Napoleone Orsini", "quartiere": "Municipio Roma XIII", "classificazione": "giallo", "score": 3, "note": "strada urbana senza ciclabile (1 corsie)", "ciclabile": "no", "n_corsie": "1", "senso_unico": "si", "n_testimonianze": "0", "municipio": "XIII"}, "geometry": {"type": "LineString", "coordinates": [[12.4163105, 41.9200199], [12.4163051, 41.9199782], [12.4162369, 41.9194441], [12.4164931, 41.9194234], [12.4165337, 41.9194202]]}}, {"type": "Feature", "properties": {"id": "SS-ROM-9912", "nome": "Via Natalino Masi", "quartiere": "Municipio Roma XIII", "classificazione": "giallo", "score": 3, "note": "strada urbana senza ciclabile", "ciclabile": "no", "n_corsie": "2", "senso_unico": "no", "n_testimonianze": "0", "municipio": "XIII"}, "geometry": {"type": "MultiLineString", "coordinates": [[[12.371138, 41.8848462], [12.3711851, 41.8848521], [12.3712332, 41.8848563], [12.3716471, 41.8848825], [12.3724164, 41.884941]], [[12.371138, 41.8848462], [12.3711026, 41.8848408], [12.3710453, 41.8848292], [12.3710011, 41.8848183], [12.3709622, 41.8848082], [12.3709247, 41.8847955], [12.3708926, 41.8847836], [12.3705971, 41.8846667]], [[12.3702279, 41.8849276], [12.3702628, 41.8849253], [12.3702967, 41.8849287], [12.3703332, 41.8849377], [12.3704523, 41.8849751], [12.3705056, 41.8849908], [12.3705492, 41.885003], [12.3706266, 41.8850232], [12.3706637, 41.8850313], [12.3706976, 41.8850378], [12.3707404, 41.8850441], [12.3707758, 41.8850471], [12.3708165, 41.8850478], [12.3708486, 41.8850444], [12.370881, 41.8850379], [12.3709091, 41.885029], [12.3709357, 41.8850164], [12.3709579, 41.8850039], [12.3709845, 41.8849865], [12.3710277, 41.8849528], [12.3710677, 41.884919], [12.3711034, 41.8848846], [12.371138, 41.8848462]]]}}, {"type": "Feature", "properties": {"id": "SS-ROM-9917", "nome": "Via Nazareth", "quartiere": "Municipio Roma XIII", "classificazione": "giallo", "score": 3, "note": "strada urbana senza ciclabile (2 corsie)", "ciclabile": "no", "n_corsie": "2", "senso_unico": "no", "n_testimonianze": "0", "municipio": "XIII"}, "geometry": {"type": "MultiLineString", "coordinates": [[[12.3964897, 41.8984531], [12.3965565, 41.8985406], [12.3968674, 41.8989534], [12.3969988, 41.8991386], [12.3970496, 41.8992061], [12.3976286, 41.8999869], [12.3978144, 41.900234], [12.397981, 41.9004527], [12.3981575, 41.9006981], [12.3981914, 41.9007416], [12.3982286, 41.900786], [12.3982582, 41.9008191], [12.3982823, 41.9008464], [12.3983065, 41.9008765], [12.3983374, 41.9009086], [12.398368, 41.9009425], [12.3984177, 41.9009841], [12.398487, 41.9010344], [12.3985304, 41.9010589], [12.3985684, 41.9010805], [12.3986197, 41.901107], [12.3986752, 41.9011325], [12.3987352, 41.9011575], [12.3987923, 41.9011804], [12.3988795, 41.9012097], [12.3990113, 41.9012538], [12.399112, 41.9012902], [12.3998771, 41.9015458], [12.4006111, 41.9017842], [12.401271, 41.9020098], [12.4019688, 41.9022372], [12.4020457, 41.9022653], [12.4021217, 41.9022932], [12.4021863, 41.9023183], [12.4022383, 41.9023402], [12.4023186, 41.9023775], [12.4023739, 41.9024058], [12.4024205, 41.902436], [12.4024717, 41.9024691], [12.4025138, 41.9025015], [12.4025509, 41.9025347], [12.4025886, 41.9025771], [12.4026244, 41.9026219], [12.4026563, 41.9026644], [12.4026884, 41.9027182], [12.4027533, 41.9028365], [12.4028088, 41.9029514], [12.4028384, 41.9030172], [12.4028567, 41.9030591], [12.4028745, 41.9031009], [12.4028874, 41.9031346], [12.4028991, 41.9031673], [12.4029087, 41.9032011], [12.4029159, 41.9032321], [12.4029271, 41.9032941], [12.4029349, 41.9033494], [12.4029401, 41.9034155], [12.4029377, 41.9034729], [12.4029313, 41.9035514], [12.402921, 41.9036173], [12.4029103, 41.9036958], [12.4028818, 41.9038424], [12.4028158, 41.90415], [12.4027579, 41.9044702], [12.4026837, 41.9048811], [12.4026704, 41.9049807], [12.402667, 41.9050416], [12.4026689, 41.9050974], [12.4026735, 41.9051541], [12.4026804, 41.9051906], [12.4026952, 41.905248], [12.4027131, 41.905303], [12.4027323, 41.905357], [12.4027526, 41.9053996], [12.4027782, 41.9054392], [12.4028078, 41.9054769], [12.4028414, 41.9055125], [12.4028884, 41.9055541], [12.4029132, 41.9055749], [12.4029367, 41.9055937], [12.4029645, 41.9056124], [12.4029909, 41.9056291], [12.4030464, 41.9056624], [12.4031039, 41.9056957], [12.4031695, 41.9057301], [12.4032437, 41.9057667], [12.4033259, 41.9058042], [12.4034623, 41.905865], [12.4036009, 41.9059279], [12.4037485, 41.9059961], [12.403978, 41.9061037], [12.4040299, 41.9061292], [12.4041452, 41.9061889], [12.4042135, 41.9062279], [12.404275, 41.9062665], [12.4043392, 41.9063102], [12.4043914, 41.9063477], [12.4044898, 41.9064228], [12.4045756, 41.906492], [12.4046222, 41.9065313], [12.4046723, 41.906577], [12.4047724, 41.9066743], [12.4048544, 41.9067616], [12.4050197, 41.9069435], [12.4052497, 41.9071999], [12.4053114, 41.9072656], [12.4053737, 41.9073295], [12.4054388, 41.9073935], [12.4054752, 41.9074263], [12.4054979, 41.9074477], [12.4055221, 41.9074674], [12.4055451, 41.907485], [12.40557, 41.9075013], [12.4056037, 41.9075212], [12.4056365, 41.9075384], [12.4056744, 41.9075565], [12.4057169, 41.9075729], [12.4057607, 41.9075865], [12.4057949, 41.9075961], [12.4058433, 41.9076065], [12.4058927, 41.9076143], [12.4059521, 41.9076217], [12.4060145, 41.9076268], [12.4060676, 41.9076295], [12.4061776, 41.9076322], [12.4062342, 41.9076333], [12.4064194, 41.9076366], [12.4066094, 41.9076385], [12.4066694, 41.9076387], [12.4067261, 41.9076377], [12.4067659, 41.9076355], [12.4068039, 41.9076323], [12.406856, 41.9076256], [12.406914, 41.907615], [12.4069671, 41.9076022], [12.40701, 41.9075885], [12.4070444, 41.9075761], [12.4070833, 41.9075599], [12.4071565, 41.9075259]], [[12.3961874, 41.8998532], [12.3958468, 41.8993818], [12.3956678, 41.8991484]], [[12.4077924, 41.9073323], [12.4077845, 41.9073037], [12.4077756, 41.9072819], [12.4077561, 41.9072517], [12.4077377, 41.9072364], [12.4077201, 41.9072257], [12.407702, 41.9072186], [12.4076833, 41.9072141], [12.4076646, 41.9072128], [12.4076438, 41.9072135], [12.4076228, 41.907216], [12.4075997, 41.9072206], [12.4075529, 41.9072316]], [[12.4075529, 41.9072316], [12.4075868, 41.9072006], [12.4076192, 41.9071738], [12.4076621, 41.9071405], [12.407789, 41.9070516], [12.4078732, 41.9069932], [12.4079033, 41.9069703], [12.4079321, 41.9069476], [12.4079651, 41.9069203], [12.4080193, 41.906873]], [[12.4080943, 41.9070246], [12.4079064, 41.9070887]], [[12.4071565, 41.9075259], [12.4071978, 41.9075015], [12.4072344, 41.9074771], [12.4072909, 41.9074342], [12.4074603, 41.9073037], [12.4075529, 41.9072316]], [[12.4079064, 41.9070887], [12.4078236, 41.9071186], [12.4075529, 41.9072316]]]}}, {"type": "Feature", "properties": {"id": "SS-ROM-9953", "nome": "Via Nicola Canali", "quartiere": "Municipio Roma XIII", "classificazione": "giallo", "score": 3, "note": "strada urbana senza ciclabile (1 corsie)", "ciclabile": "no", "n_corsie": "1", "senso_unico": "si", "n_testimonianze": "0", "municipio": "XIII"}, "geometry": {"type": "LineString", "coordinates": [[12.4155464, 41.9253238], [12.4148843, 41.9245229]]}}, {"type": "Feature", "properties": {"id": "SS-ROM-9956", "nome": "Via Nicola Coviello", "quartiere": "Municipio Roma XIII", "classificazione": "giallo", "score": 3, "note": "strada urbana senza ciclabile (1 corsie)", "ciclabile": "no", "n_corsie": "1", "senso_unico": "si", "n_testimonianze": "0", "municipio": "XIII"}, "geometry": {"type": "LineString", "coordinates": [[12.4127942, 41.8909903], [12.4127315, 41.8910275], [12.4119857, 41.8914737], [12.4116148, 41.8916958], [12.4112392, 41.8919202], [12.4111853, 41.8919504], [12.4110554, 41.892023], [12.411034, 41.8920374], [12.4110179, 41.8920537], [12.4110032, 41.8920741], [12.4109939, 41.8920924], [12.4109852, 41.8921187], [12.4109845, 41.8921469], [12.4109906, 41.8921702], [12.411002, 41.8921955], [12.4110897, 41.8923053], [12.4116565, 41.8929787], [12.4117235, 41.8930615]]}}, {"type": "Feature", "properties": {"id": "SS-ROM-9965", "nome": "Via Nicola Lombardi", "quartiere": "Municipio Roma XIII", "classificazione": "giallo", "score": 3, "note": "strada urbana senza ciclabile", "ciclabile": "no", "n_corsie": "2", "senso_unico": "no", "n_testimonianze": "0", "municipio": "XIII"}, "geometry": {"type": "LineString", "coordinates": [[12.4176639, 41.8954106], [12.4176796, 41.8953425], [12.4176902, 41.8952944], [12.4177021, 41.8952683], [12.417714, 41.8952467], [12.4177319, 41.8952253], [12.4177504, 41.8952087], [12.4178028, 41.8951568], [12.417824, 41.8951359], [12.4193144, 41.8936607], [12.4193455, 41.89363]]}}, {"type": "Feature", "properties": {"id": "SS-ROM-9991", "nome": "Via Nicolò Albergati", "quartiere": "Municipio Roma XIII", "classificazione": "giallo", "score": 3, "note": "strada urbana senza ciclabile (2 corsie)", "ciclabile": "no", "n_corsie": "2", "senso_unico": "no", "n_testimonianze": "0", "municipio": "XIII"}, "geometry": {"type": "LineString", "coordinates": [[12.4154637, 41.9200853], [12.4155674, 41.9200771], [12.4163105, 41.9200199], [12.4165676, 41.9199993], [12.4165848, 41.9199969], [12.4165993, 41.9199935], [12.4166226, 41.9199877], [12.4166418, 41.9199818], [12.4166681, 41.9199756], [12.4166861, 41.9199714], [12.4168687, 41.9199505], [12.4170291, 41.9199328]]}}, {"type": "Feature", "properties": {"id": "SS-ROM-10031", "nome": "Via Noasca", "quartiere": "Municipio Roma XIII", "classificazione": "giallo", "score": 3, "note": "strada urbana senza ciclabile (2 corsie)", "ciclabile": "no", "n_corsie": "2", "senso_unico": "no", "n_testimonianze": "0", "municipio": "XIII"}, "geometry": {"type": "LineString", "coordinates": [[12.3840427, 41.9274684], [12.3843562, 41.9275217], [12.3859219, 41.9277895], [12.3860706, 41.927814], [12.3877216, 41.9280857]]}}, {"type": "Feature", "properties": {"id": "SS-ROM-10068", "nome": "Via Nucetto", "quartiere": "Municipio Roma XIII", "classificazione": "giallo", "score": 3, "note": "strada urbana senza ciclabile", "ciclabile": "no", "n_corsie": "2", "senso_unico": "no", "n_testimonianze": "0", "municipio": "XIII"}, "geometry": {"type": "LineString", "coordinates": [[12.3672696, 41.9159438], [12.3677011, 41.9160862], [12.3678138, 41.9161311], [12.3680329, 41.9160641], [12.3683591, 41.9159701], [12.3683769, 41.9159639], [12.3683962, 41.9159552], [12.3684142, 41.9159461], [12.3684327, 41.9159348], [12.3684464, 41.915924], [12.3684583, 41.9159134], [12.3684687, 41.9159028], [12.3685224, 41.9158273]]}}, {"type": "Feature", "properties": {"id": "SS-ROM-10091", "nome": "Via Odoardo Giove", "quartiere": "Municipio Roma XIII", "classificazione": "giallo", "score": 3, "note": "strada urbana senza ciclabile (1 corsie)", "ciclabile": "no", "n_corsie": "1", "senso_unico": "si", "n_testimonianze": "0", "municipio": "XIII"}, "geometry": {"type": "MultiLineString", "coordinates": [[[12.4036506, 41.915103], [12.4037022, 41.9150527], [12.4041575, 41.9146175], [12.4042774, 41.9145059]], [[12.4055972, 41.9134965], [12.4054928, 41.913532], [12.4051799, 41.9136429]], [[12.4051799, 41.9136429], [12.4052419, 41.913401], [12.4052511, 41.9133659], [12.4052592, 41.9133251]], [[12.4044399, 41.9143497], [12.4045572, 41.9142385], [12.4048747, 41.9139352], [12.4050051, 41.9138106]], [[12.4042774, 41.9145059], [12.4044399, 41.9143497]], [[12.4050051, 41.9138106], [12.4051799, 41.9136429]]]}}, {"type": "Feature", "properties": {"id": "SS-ROM-10107", "nome": "Via Oldenico", "quartiere": "Municipio Roma XIII", "classificazione": "giallo", "score": 3, "note": "strada urbana senza ciclabile", "ciclabile": "no", "n_corsie": "2", "senso_unico": "no", "n_testimonianze": "0", "municipio": "XIII"}, "geometry": {"type": "LineString", "coordinates": [[12.3772711, 41.9271093], [12.3771602, 41.9264964], [12.3766524, 41.9265706], [12.3759213, 41.9266956]]}}, {"type": "Feature", "properties": {"id": "SS-ROM-10119", "nome": "Via Olivola", "quartiere": "Municipio Roma XIII", "classificazione": "giallo", "score": 3, "note": "strada urbana senza ciclabile", "ciclabile": "no", "n_corsie": "2", "senso_unico": "no", "n_testimonianze": "0", "municipio": "XIII"}, "geometry": {"type": "LineString", "coordinates": [[12.3882894, 41.924164], [12.3882572, 41.9235136], [12.3881957, 41.9225346]]}}, {"type": "Feature", "properties": {"id": "SS-ROM-10123", "nome": "Via Olmo Gentile", "quartiere": "Municipio Roma XIII", "classificazione": "giallo", "score": 3, "note": "strada urbana senza ciclabile", "ciclabile": "no", "n_corsie": "2", "senso_unico": "no", "n_testimonianze": "0", "municipio": "XIII"}, "geometry": {"type": "MultiLineString", "coordinates": [[[12.3941431, 41.8987836], [12.3937508, 41.8986433], [12.3933893, 41.898522], [12.3932752, 41.89848], [12.3932593, 41.8984787]], [[12.3931415, 41.8985779], [12.3927506, 41.8990024]], [[12.3932593, 41.8984787], [12.3932472, 41.8984813], [12.3932378, 41.8984894], [12.3931415, 41.8985779]]]}}, {"type": "Feature", "properties": {"id": "SS-ROM-10157", "nome": "Via Orbassano", "quartiere": "Municipio Roma XIII", "classificazione": "giallo", "score": 3, "note": "strada urbana senza ciclabile (2 corsie)", "ciclabile": "no", "n_corsie": "2", "senso_unico": "no", "n_testimonianze": "0", "municipio": "XIII"}, "geometry": {"type": "MultiLineString", "coordinates": [[[12.3871696, 41.9149329], [12.3871916, 41.9149278], [12.3872103, 41.9149206], [12.3872265, 41.9149117], [12.3872387, 41.9149024], [12.3872476, 41.9148922], [12.3872538, 41.9148845], [12.3874309, 41.9146833], [12.3874589, 41.9146516]], [[12.3864345, 41.9173255], [12.3863116, 41.9177708], [12.3861958, 41.9182166]], [[12.3871696, 41.9149329], [12.3871567, 41.9149338], [12.3871381, 41.9149354], [12.3871145, 41.9149354], [12.3870936, 41.9149325], [12.3870683, 41.9149255], [12.3870477, 41.9149161], [12.3869975, 41.9148778], [12.386931, 41.9148275], [12.3868699, 41.9147934], [12.3868226, 41.9147731], [12.3867684, 41.9147552], [12.3867106, 41.9147399], [12.386651, 41.9147285], [12.3865851, 41.9147202], [12.3865283, 41.9147185], [12.3864814, 41.9147178], [12.3864255, 41.9147192], [12.3863725, 41.9147221], [12.3863099, 41.9147253], [12.3862349, 41.9147349], [12.3861942, 41.914743], [12.386142, 41.914758], [12.3861059, 41.9147705], [12.3860541, 41.9147944], [12.3859975, 41.9148252], [12.3859409, 41.9148586], [12.3859022, 41.9148825], [12.385862, 41.9149086], [12.3857978, 41.9149541], [12.3857709, 41.9149772], [12.3857423, 41.9150025], [12.3857041, 41.9150463], [12.3856841, 41.9150707], [12.3856664, 41.9150957], [12.3856538, 41.9151181], [12.3856412, 41.9151428], [12.3856179, 41.9151977], [12.385604, 41.9152417], [12.3855963, 41.9152862], [12.3855948, 41.9153102], [12.3855948, 41.9153347], [12.385599, 41.9153595], [12.385604, 41.9153808], [12.3856143, 41.9154186], [12.3856253, 41.9154567], [12.3856499, 41.9155212], [12.3857213, 41.9156709], [12.3857802, 41.9157949], [12.3858351, 41.9159205], [12.3858443, 41.9159386], [12.3858549, 41.9159578], [12.3858668, 41.9159721], [12.3858787, 41.9159845], [12.3858935, 41.9159976], [12.3859096, 41.9160078], [12.3859417, 41.9160256], [12.3860863, 41.9160991], [12.3863649, 41.9162459], [12.3865166, 41.9163284], [12.3866084, 41.9163799], [12.386619, 41.9163878], [12.3866337, 41.9164017], [12.3866428, 41.9164183], [12.3866483, 41.9164304], [12.3866508, 41.9164492], [12.3866492, 41.9164683], [12.3866422, 41.9164975], [12.3864792, 41.9171657], [12.3864345, 41.9173255]], [[12.3871913, 41.9153926], [12.3872756, 41.9153753], [12.3872826, 41.9152354], [12.3872854, 41.9150989], [12.3872825, 41.9150854], [12.3872761, 41.9150753], [12.3872583, 41.9150561], [12.3872424, 41.9150384], [12.3872157, 41.9150053], [12.3871935, 41.9149753], [12.3871696, 41.9149329]]]}}, {"type": "Feature", "properties": {"id": "SS-ROM-10178", "nome": "Via Ormea", "quartiere": "Municipio Roma XIII", "classificazione": "giallo", "score": 3, "note": "strada urbana senza ciclabile", "ciclabile": "no", "n_corsie": "2", "senso_unico": "no", "n_testimonianze": "0", "municipio": "XIII"}, "geometry": {"type": "LineString", "coordinates": [[12.3698265, 41.9164529], [12.3694112, 41.9164633], [12.3692668, 41.9164646], [12.3686819, 41.9164794]]}}, {"type": "Feature", "properties": {"id": "SS-ROM-10196", "nome": "Via Ortonovo", "quartiere": "Municipio Roma XIII", "classificazione": "giallo", "score": 3, "note": "strada urbana senza ciclabile", "ciclabile": "no", "n_corsie": "2", "senso_unico": "no", "n_testimonianze": "0", "municipio": "XIII"}, "geometry": {"type": "LineString", "coordinates": [[12.4051514, 41.912349], [12.4057609, 41.9126788], [12.4059766, 41.9128553], [12.4064844, 41.9132907], [12.4067375, 41.9134893], [12.4074036, 41.9140674], [12.4075111, 41.9141823]]}}, {"type": "Feature", "properties": {"id": "SS-ROM-10202", "nome": "Via Osasco", "quartiere": "Municipio Roma XIII", "classificazione": "giallo", "score": 3, "note": "strada urbana senza ciclabile (2 corsie)", "ciclabile": "no", "n_corsie": "2", "senso_unico": "no", "n_testimonianze": "0", "municipio": "XIII"}, "geometry": {"type": "LineString", "coordinates": [[12.3843562, 41.9275217], [12.3832644, 41.928114], [12.3830142, 41.9282352], [12.3831294, 41.9283676], [12.3835255, 41.9287938], [12.3836034, 41.9288804], [12.3836934, 41.9289342]]}}, {"type": "Feature", "properties": {"id": "SS-ROM-10243", "nome": "Via Ottiglio", "quartiere": "Municipio Roma XIII", "classificazione": "giallo", "score": 3, "note": "strada urbana senza ciclabile", "ciclabile": "no", "n_corsie": "2", "senso_unico": "no", "n_testimonianze": "0", "municipio": "XIII"}, "geometry": {"type": "LineString", "coordinates": [[12.3920173, 41.9172511], [12.3924887, 41.9169349], [12.3929671, 41.9166264], [12.3935487, 41.9162725], [12.3943395, 41.9157547]]}}, {"type": "Feature", "properties": {"id": "SS-ROM-10250", "nome": "Via Ovada", "quartiere": "Municipio Roma XIII", "classificazione": "giallo", "score": 3, "note": "strada urbana senza ciclabile", "ciclabile": "no", "n_corsie": "2", "senso_unico": "no", "n_testimonianze": "0", "municipio": "XIII"}, "geometry": {"type": "MultiLineString", "coordinates": [[[12.3737127, 41.9188836], [12.3736929, 41.9190404]], [[12.3740729, 41.9162366], [12.3739204, 41.9174722]], [[12.3737127, 41.9188836], [12.3737195, 41.9188105]], [[12.3736801, 41.9191776], [12.3736929, 41.9190404]], [[12.373803, 41.9182327], [12.3738126, 41.9181708], [12.3738228, 41.9181045], [12.3739204, 41.9174722]], [[12.3737195, 41.9188105], [12.373803, 41.9182327]]]}}, {"type": "Feature", "properties": {"id": "SS-ROM-10252", "nome": "Via Oviglio", "quartiere": "Municipio Roma XIII", "classificazione": "giallo", "score": 3, "note": "strada urbana senza ciclabile", "ciclabile": "no", "n_corsie": "2", "senso_unico": "no", "n_testimonianze": "0", "municipio": "XIII"}, "geometry": {"type": "LineString", "coordinates": [[12.3848618, 41.9022367], [12.3856406, 41.9019615]]}}, {"type": "Feature", "properties": {"id": "SS-ROM-10268", "nome": "Via Padre Anastasio Gutièrrez", "quartiere": "Municipio Roma XIII", "classificazione": "giallo", "score": 3, "note": "strada urbana senza ciclabile", "ciclabile": "no", "n_corsie": "2", "senso_unico": "no", "n_testimonianze": "0", "municipio": "XIII"}, "geometry": {"type": "LineString", "coordinates": [[12.4167577, 41.9051882], [12.4167146, 41.9051531], [12.4166718, 41.9051182], [12.4166439, 41.9051044], [12.4166195, 41.9050945], [12.4165885, 41.9050839], [12.4165458, 41.905076], [12.4161672, 41.9050745], [12.4160233, 41.9050802]]}}, {"type": "Feature", "properties": {"id": "SS-ROM-10348", "nome": "Via Pamparato", "quartiere": "Municipio Roma XIII", "classificazione": "giallo", "score": 3, "note": "strada urbana senza ciclabile", "ciclabile": "no", "n_corsie": "2", "senso_unico": "no", "n_testimonianze": "0", "municipio": "XIII"}, "geometry": {"type": "LineString", "coordinates": [[12.3895936, 41.9216882], [12.3875703, 41.9208604]]}}, {"type": "Feature", "properties": {"id": "SS-ROM-10365", "nome": "Via Pantanelle", "quartiere": "Municipio Roma XIII", "classificazione": "giallo", "score": 3, "note": "strada urbana senza ciclabile", "ciclabile": "no", "n_corsie": "2", "senso_unico": "no", "n_testimonianze": "0", "municipio": "XIII"}, "geometry": {"type": "MultiLineString", "coordinates": [[[12.627989, 41.6930843], [12.6277322, 41.6933782], [12.6270777, 41.6940832], [12.6264233, 41.6947882], [12.6261709, 41.6950708], [12.6261093, 41.6951418], [12.626049, 41.6952125], [12.6260001, 41.6952708], [12.6259526, 41.6953289], [12.6259312, 41.6953563], [12.6258161, 41.6955036], [12.6257286, 41.6956073], [12.6257057, 41.6956333], [12.6256405, 41.6957072], [12.6255444, 41.6958091], [12.6254094, 41.6959578], [12.6253165, 41.6960698], [12.6251036, 41.6963423], [12.6248247, 41.6967349], [12.6247034, 41.6969311], [12.6244884, 41.6972789], [12.6244384, 41.6973597], [12.6241702, 41.6977282], [12.6239235, 41.6980487], [12.6230759, 41.699034], [12.6226848, 41.6994836], [12.6224989, 41.6996973], [12.6223183, 41.6999048], [12.6222695, 41.6999645], [12.6222209, 41.7000256], [12.6220985, 41.7001939], [12.6220566, 41.7002516], [12.6220057, 41.7003247], [12.6219862, 41.7003492], [12.6219634, 41.7003736], [12.6219302, 41.7004068], [12.6218931, 41.7004379], [12.6218572, 41.7004671], [12.6218173, 41.7004943], [12.6217854, 41.7005145], [12.6217595, 41.7005286], [12.6214096, 41.7006988], [12.6213608, 41.7007228], [12.6212863, 41.7007611], [12.6212171, 41.7007973], [12.6211444, 41.7008362], [12.6210771, 41.7008732], [12.6210209, 41.7009052], [12.6207799, 41.7010446], [12.6204473, 41.7012289], [12.6201094, 41.7014131], [12.6199909, 41.7013981], [12.6199438, 41.7013913], [12.6199006, 41.7013843], [12.6198333, 41.7013722], [12.6197767, 41.70136], [12.6197195, 41.7013446], [12.6196731, 41.7013292], [12.6196378, 41.7013162], [12.6196024, 41.701302], [12.6194603, 41.7012369]], [[12.3316313, 41.8955081], [12.332268, 41.895914], [12.332946, 41.8953369], [12.3335751, 41.895746]]]}}, {"type": "Feature", "properties": {"id": "SS-ROM-10384", "nome": "Via Paolo Burali", "quartiere": "Municipio Roma XIII", "classificazione": "giallo", "score": 3, "note": "strada urbana senza ciclabile", "ciclabile": "no", "n_corsie": "2", "senso_unico": "no", "n_testimonianze": "0", "municipio": "XIII"}, "geometry": {"type": "LineString", "coordinates": [[12.417734, 41.9143501], [12.4177523, 41.9140615], [12.418441, 41.9140771]]}}, {"type": "Feature", "properties": {"id": "SS-ROM-10394", "nome": "Via Paolo Emilio Sfondrati", "quartiere": "Municipio Roma XIII", "classificazione": "giallo", "score": 3, "note": "strada urbana senza ciclabile", "ciclabile": "no", "n_corsie": "2", "senso_unico": "si", "n_testimonianze": "0", "municipio": "XIII"}, "geometry": {"type": "MultiLineString", "coordinates": [[[12.4022882, 41.9167446], [12.4023108, 41.9167674], [12.4023226, 41.9167944], [12.4023224, 41.9168227], [12.40231, 41.9168496], [12.4022869, 41.9168721], [12.4022554, 41.916888], [12.4022187, 41.9168957], [12.4021775, 41.9168938], [12.4021397, 41.9168816], [12.4021098, 41.9168605], [12.4020914, 41.916833], [12.4020867, 41.9168025], [12.4020964, 41.9167727], [12.402117, 41.9167488], [12.4021467, 41.9167311], [12.4021824, 41.9167212], [12.4022205, 41.9167203], [12.402257, 41.9167284], [12.4022882, 41.9167446]], [[12.4022187, 41.9168957], [12.4022731, 41.9169635], [12.4024046, 41.9170495], [12.402575, 41.9171571], [12.4027967, 41.9172898], [12.4029621, 41.9173908], [12.4031297, 41.9174943], [12.4032978, 41.9175988], [12.4034652, 41.9177017], [12.4036878, 41.9178384], [12.4038429, 41.9179333], [12.4040167, 41.9180437], [12.4041876, 41.9181458], [12.404366, 41.918256], [12.4044937, 41.918335]], [[12.4044937, 41.918335], [12.4046178, 41.918411], [12.4046938, 41.9184564], [12.4047677, 41.9185005], [12.4049959, 41.9186397]], [[12.405305, 41.9188256], [12.4060893, 41.9193099], [12.4063097, 41.9194406], [12.4064787, 41.9195409], [12.4066983, 41.9196711], [12.4068697, 41.9197728], [12.4070372, 41.9198721], [12.4071652, 41.9199971]], [[12.4071652, 41.9199971], [12.4072489, 41.9201302], [12.4075984, 41.9209734], [12.4076182, 41.9210213]], [[12.405251, 41.9187917], [12.405305, 41.9188256]], [[12.4051413, 41.9187276], [12.405251, 41.9187917]], [[12.4049959, 41.9186397], [12.4051413, 41.9187276]]]}}, {"type": "Feature", "properties": {"id": "SS-ROM-10407", "nome": "Via Paolo Medolaghi", "quartiere": "Municipio Roma XIII", "classificazione": "giallo", "score": 3, "note": "strada urbana senza ciclabile", "ciclabile": "no", "n_corsie": "2", "senso_unico": "no", "n_testimonianze": "0", "municipio": "XIII"}, "geometry": {"type": "LineString", "coordinates": [[12.3510147, 41.911702], [12.3507802, 41.911808], [12.3506316, 41.9118788], [12.3505857, 41.9119026], [12.3505386, 41.9119274], [12.3504936, 41.911953], [12.3504473, 41.9119796], [12.3504044, 41.9120076], [12.3503587, 41.9120387], [12.3503305, 41.9120608], [12.3502995, 41.9120858], [12.3502444, 41.9121349], [12.3499095, 41.9124794], [12.3496928, 41.9126656], [12.349674, 41.9126777], [12.3496495, 41.9126918], [12.3496259, 41.9127024], [12.3495982, 41.912714], [12.3495702, 41.9127213], [12.3495367, 41.9127266], [12.3494966, 41.9127308], [12.3494564, 41.9127331], [12.3493703, 41.9127353], [12.3491109, 41.9127418], [12.3490163, 41.9127448], [12.3489238, 41.9127511], [12.3488778, 41.9127553], [12.3488306, 41.9127604], [12.3487713, 41.9127679], [12.3487108, 41.9127763], [12.3486562, 41.9127848], [12.348603, 41.9127942], [12.3485503, 41.9128047], [12.3484989, 41.9128161], [12.3483061, 41.9128648], [12.3482532, 41.9128772], [12.3481982, 41.9128897], [12.3481473, 41.9129002], [12.3480939, 41.9129102], [12.3480431, 41.9129192], [12.3479796, 41.9129299], [12.3477524, 41.9129661], [12.3476998, 41.9129762], [12.3476458, 41.9129884], [12.3475769, 41.9130044], [12.3475255, 41.9130183], [12.3474823, 41.9130302], [12.3473151, 41.913082], [12.3466689, 41.9133238], [12.3461685, 41.9135042], [12.3457312, 41.913642], [12.3457129, 41.9136491], [12.3456964, 41.9136566], [12.3456804, 41.9136652], [12.3456662, 41.9136742], [12.3451304, 41.9141067], [12.3446694, 41.9144878], [12.344637, 41.914523], [12.3446045, 41.9145621], [12.3445819, 41.9145948], [12.3445611, 41.9146285], [12.34454, 41.914671], [12.3445215, 41.9147275], [12.3445034, 41.9148146], [12.3444961, 41.9148669], [12.3444889, 41.9149312], [12.3444763, 41.9151152], [12.3444727, 41.9152379], [12.3444542, 41.9158791], [12.344447, 41.9159317], [12.344436, 41.9159801], [12.3444192, 41.9160285], [12.3443779, 41.9161106], [12.3443614, 41.9161522], [12.344345, 41.9161969], [12.3443324, 41.9162427], [12.3443198, 41.9162917], [12.3443114, 41.9163411], [12.3443044, 41.9163885], [12.3442988, 41.9164402], [12.3442872, 41.9165793], [12.3442806, 41.9166244], [12.3442713, 41.9166715], [12.3442608, 41.9167095], [12.3442477, 41.9167494], [12.3442025, 41.9168582], [12.344181, 41.916896], [12.3441645, 41.9169209], [12.3441422, 41.9169457], [12.3441131, 41.9169686], [12.3440887, 41.9169828], [12.3440617, 41.916996], [12.3440306, 41.9170082], [12.3439968, 41.9170204], [12.3439639, 41.917028], [12.3439283, 41.9170356], [12.343825, 41.9170528], [12.3430048, 41.9171895], [12.3429668, 41.9171945], [12.3429348, 41.9171977], [12.3429101, 41.917198], [12.3428956, 41.9171977], [12.3428784, 41.9171961], [12.3428612, 41.9171936], [12.3428446, 41.9171898], [12.3428317, 41.9171856], [12.3428169, 41.9171784], [12.342804, 41.9171712], [12.3427949, 41.9171623], [12.3427877, 41.9171535], [12.3427823, 41.9171448], [12.3427782, 41.9171348], [12.3427752, 41.917123], [12.3427735, 41.9171097], [12.3427767, 41.9170837], [12.3428137, 41.9168699], [12.3428669, 41.9165782], [12.3429189, 41.9162575], [12.3429214, 41.9162477], [12.3429232, 41.9162388], [12.3429267, 41.9162326], [12.3429315, 41.9162241], [12.3429373, 41.9162173], [12.3429447, 41.9162105], [12.3429532, 41.9162046], [12.3429657, 41.9161988], [12.3437318, 41.9159213]]}}, {"type": "Feature", "properties": {"id": "SS-ROM-10410", "nome": "Via Paolo Orano", "quartiere": "Municipio Roma XIII", "classificazione": "giallo", "score": 3, "note": "strada urbana senza ciclabile (2 corsie)", "ciclabile": "no", "n_corsie": "2", "senso_unico": "no", "n_testimonianze": "0", "municipio": "XIII"}, "geometry": {"type": "LineString", "coordinates": [[12.3590613, 41.8830655], [12.3598614, 41.8833538], [12.3600821, 41.8834058], [12.3604244, 41.8834713], [12.3610114, 41.8836239], [12.3611882, 41.8836953], [12.3614173, 41.8837906]]}}, {"type": "Feature", "properties": {"id": "SS-ROM-10466", "nome": "Via Pasquale Pasquini", "quartiere": "Municipio Roma XIII", "classificazione": "giallo", "score": 3, "note": "strada urbana senza ciclabile (2 corsie)", "ciclabile": "no", "n_corsie": "2", "senso_unico": "no", "n_testimonianze": "0", "municipio": "XIII"}, "geometry": {"type": "MultiLineString", "coordinates": [[[12.3463685, 41.8814754], [12.3462912, 41.8811125], [12.3462745, 41.8810437], [12.3462404, 41.8808824], [12.3462083, 41.8807406], [12.3461311, 41.8804543]], [[12.3464179, 41.8816472], [12.3463685, 41.8814754]]]}}, {"type": "Feature", "properties": {"id": "SS-ROM-10468", "nome": "Via Pasquale Secondo", "quartiere": "Municipio Roma XIII", "classificazione": "giallo", "score": 3, "note": "strada urbana senza ciclabile (2 corsie)", "ciclabile": "no", "n_corsie": "2", "senso_unico": "si", "n_testimonianze": "0", "municipio": "XIII"}, "geometry": {"type": "MultiLineString", "coordinates": [[[12.408273, 41.9066651], [12.4083542, 41.9066792], [12.4084012, 41.9066827], [12.4084431, 41.9066833], [12.4084813, 41.9066817], [12.4085205, 41.9066787], [12.408562, 41.9066749], [12.4085939, 41.9066698], [12.4086563, 41.9066556]], [[12.4086563, 41.9066556], [12.4086818, 41.9066415], [12.4087253, 41.9066183], [12.4087747, 41.9065975], [12.4088048, 41.9065864], [12.4088622, 41.9065706], [12.4089103, 41.9065595], [12.4089615, 41.906555], [12.4090107, 41.9065555], [12.4090533, 41.9065596], [12.4090928, 41.906566], [12.4091285, 41.9065747], [12.4091647, 41.9065882], [12.4091936, 41.9066031], [12.4092222, 41.9066212], [12.4092507, 41.906648], [12.4092812, 41.9066782], [12.4093063, 41.9067084], [12.4093277, 41.9067387], [12.4093429, 41.9067704], [12.4093537, 41.906796], [12.409366, 41.9068272], [12.4093849, 41.9068758], [12.4093935, 41.9069099], [12.4094, 41.9069567], [12.4094021, 41.9070082], [12.4093971, 41.9070612], [12.4093869, 41.9071084], [12.4093818, 41.9071324], [12.4093714, 41.9071617], [12.409346, 41.907227], [12.4089425, 41.9081794], [12.4087317, 41.9087054], [12.4087224, 41.9087334], [12.4087088, 41.9087861], [12.4087045, 41.9088133], [12.4087023, 41.90884], [12.4087032, 41.9088869], [12.4087051, 41.9089031], [12.4087127, 41.9089487], [12.408723, 41.9089903], [12.4087363, 41.9090356], [12.4087604, 41.9090978], [12.4087738, 41.9091295], [12.4087899, 41.9091631], [12.4088056, 41.9091948], [12.4088341, 41.909247], [12.4088646, 41.9093004], [12.4088991, 41.9093559], [12.4089365, 41.9094117], [12.4089945, 41.9094928], [12.4090526, 41.9095689], [12.4091162, 41.9096497], [12.4097714, 41.9104302]], [[12.4086563, 41.9066556], [12.4085513, 41.9067594], [12.4084949, 41.9068107], [12.4084359, 41.9068562], [12.4083715, 41.9069036], [12.4083289, 41.9069315], [12.4082992, 41.9069466], [12.4082756, 41.9069561], [12.4080943, 41.9070246]], [[12.4108458, 41.9117755], [12.4111957, 41.9122054], [12.4118286, 41.912983], [12.4120323, 41.9132335], [12.4122609, 41.9134576], [12.4123902, 41.9135632], [12.4124584, 41.9136086], [12.4124982, 41.9136341], [12.4125313, 41.9136548], [12.4126053, 41.9136966], [12.4126794, 41.913735], [12.4127423, 41.9137629], [12.4127766, 41.9137777], [12.4128825, 41.91382], [12.4129932, 41.9138552], [12.4131203, 41.9138904], [12.4132426, 41.9139155], [12.4133777, 41.9139371], [12.4135245, 41.9139521], [12.4137215, 41.9139716], [12.4139787, 41.9139863], [12.4141767, 41.9139968], [12.4143141, 41.9140003], [12.4145631, 41.9140187]], [[12.4097714, 41.9104302], [12.4098095, 41.9104776], [12.4101649, 41.9109195], [12.4105665, 41.9114189], [12.410623, 41.9114891], [12.4108458, 41.9117755]]]}}, {"type": "Feature", "properties": {"id": "SS-ROM-10536", "nome": "Via Perlo", "quartiere": "Municipio Roma XIII", "classificazione": "giallo", "score": 3, "note": "strada urbana senza ciclabile", "ciclabile": "no", "n_corsie": "2", "senso_unico": "no", "n_testimonianze": "0", "municipio": "XIII"}, "geometry": {"type": "LineString", "coordinates": [[12.3614598, 41.9288697], [12.3615556, 41.9287794], [12.3616626, 41.9287362], [12.3617461, 41.9286959], [12.3618023, 41.928657], [12.3618503, 41.9286075], [12.361912, 41.9285699], [12.3619345, 41.9285284], [12.3619516, 41.9284888], [12.3619604, 41.9284472], [12.3619639, 41.9284076], [12.3619465, 41.9281758]]}}, {"type": "Feature", "properties": {"id": "SS-ROM-10557", "nome": "Via Pessinetto", "quartiere": "Municipio Roma XIII", "classificazione": "giallo", "score": 3, "note": "strada urbana senza ciclabile (2 corsie)", "ciclabile": "no", "n_corsie": "2", "senso_unico": "no", "n_testimonianze": "0", "municipio": "XIII"}, "geometry": {"type": "MultiLineString", "coordinates": [[[12.3873579, 41.9221586], [12.3874418, 41.9235403], [12.3874519, 41.9237996], [12.3875106, 41.9245686]], [[12.3875106, 41.9245686], [12.3875322, 41.9249381], [12.3875655, 41.9256583], [12.3876183, 41.9265068]]]}}, {"type": "Feature", "properties": {"id": "SS-ROM-10571", "nome": "Via Peveragno", "quartiere": "Municipio Roma XIII", "classificazione": "giallo", "score": 3, "note": "strada urbana senza ciclabile (1 corsie)", "ciclabile": "no", "n_corsie": "1", "senso_unico": "si", "n_testimonianze": "0", "municipio": "XIII"}, "geometry": {"type": "MultiLineString", "coordinates": [[[12.4157783, 41.9024148], [12.415692, 41.9024107], [12.4153213, 41.902393], [12.4152889, 41.9023906], [12.4152567, 41.9023879], [12.4152196, 41.9023838], [12.4151828, 41.9023793], [12.4151471, 41.9023741], [12.4151124, 41.9023672], [12.4150762, 41.9023578], [12.4147672, 41.9022611], [12.4139402, 41.9019777], [12.4138528, 41.9019464], [12.4137437, 41.9019141], [12.4136884, 41.9018965], [12.4136339, 41.9018834], [12.4135751, 41.9018713], [12.4135079, 41.9018574]], [[12.4133751, 41.9018461], [12.4132428, 41.9018503], [12.4131747, 41.9018531], [12.4131348, 41.9018548], [12.4130342, 41.901863], [12.4129636, 41.9018691], [12.4123339, 41.90193], [12.4117796, 41.9020027], [12.4115519, 41.9020325], [12.4114504, 41.9020471], [12.4113896, 41.9020575], [12.411336, 41.9020675], [12.4112784, 41.9020795], [12.4112291, 41.9020909], [12.4111758, 41.9021043], [12.4111103, 41.9021217], [12.4110349, 41.9021435], [12.4109438, 41.9021728], [12.4108615, 41.9022002], [12.4107911, 41.9022261], [12.4107053, 41.9022594], [12.4105814, 41.9023104], [12.4104787, 41.9023539], [12.4103906, 41.9023926], [12.4103147, 41.902427], [12.4102553, 41.9024563], [12.4101891, 41.9024897], [12.4101125, 41.9025296], [12.4100093, 41.9025863], [12.4099237, 41.902635], [12.4098329, 41.9026887], [12.4097692, 41.9027289], [12.4097002, 41.9027741], [12.4096369, 41.9028169], [12.4094791, 41.9029351], [12.409455, 41.9029531]]]}}, {"type": "Feature", "properties": {"id": "SS-ROM-10577", "nome": "Via Pian del Marmo", "quartiere": "Municipio Roma XIII", "classificazione": "giallo", "score": 3, "note": "strada urbana senza ciclabile (2 corsie)", "ciclabile": "no", "n_corsie": "2", "senso_unico": "no", "n_testimonianze": "0", "municipio": "XIII"}, "geometry": {"type": "MultiLineString", "coordinates": [[[12.3811034, 41.9222019], [12.3811558, 41.9222288], [12.3815713, 41.9224418]], [[12.3820093, 41.9227889], [12.3822258, 41.9230697], [12.3822599, 41.9231084], [12.3824146, 41.9232581], [12.382455, 41.9232948], [12.3824819, 41.923314], [12.3825065, 41.9233293], [12.3825372, 41.9233413], [12.3825648, 41.9233481], [12.3825997, 41.9233526], [12.3826357, 41.9233537]], [[12.3815713, 41.9224418], [12.3820093, 41.9227889]], [[12.3845898, 41.9253103], [12.3846002, 41.9252995], [12.384605, 41.9252889], [12.3846528, 41.9251713], [12.3846597, 41.9251434], [12.3846628, 41.9251264], [12.3846612, 41.9251012], [12.3846528, 41.9250707], [12.3846035, 41.9249718], [12.3843951, 41.9245634], [12.3842943, 41.9243659], [12.3842381, 41.9242477], [12.3836089, 41.9230395], [12.3835747, 41.9229827]], [[12.3826357, 41.9233537], [12.3826646, 41.9233511], [12.3826887, 41.9233452], [12.3827097, 41.9233381], [12.3828316, 41.9232875], [12.3833811, 41.923043], [12.3834297, 41.9230251], [12.3834755, 41.9230091], [12.3835278, 41.9229939], [12.3835747, 41.9229827]]]}}, {"type": "Feature", "properties": {"id": "SS-ROM-10589", "nome": "Via Pianezza", "quartiere": "Municipio Roma XIII", "classificazione": "giallo", "score": 3, "note": "strada urbana senza ciclabile", "ciclabile": "no", "n_corsie": "2", "senso_unico": "no", "n_testimonianze": "0", "municipio": "XIII"}, "geometry": {"type": "LineString", "coordinates": [[12.3650178, 41.9106588], [12.3644294, 41.9106131], [12.3643531, 41.9106059], [12.3643003, 41.9105999], [12.3642518, 41.9105932], [12.3641926, 41.9105846], [12.3641118, 41.9105703], [12.3640561, 41.9105589], [12.3640084, 41.9105454], [12.3639567, 41.910527], [12.363913, 41.9105096], [12.3638699, 41.9104903], [12.3637873, 41.9104471], [12.3636913, 41.9103942], [12.3636024, 41.9103387], [12.3632049, 41.9100779], [12.3631832, 41.9100629], [12.3631633, 41.9100454], [12.3631547, 41.9100369], [12.3631461, 41.9100264], [12.3631399, 41.9100162], [12.3631363, 41.910007], [12.3631348, 41.9099942], [12.3631366, 41.9099825], [12.3631423, 41.9099706], [12.3631515, 41.9099598], [12.363164, 41.9099499], [12.3631792, 41.90994], [12.363198, 41.9099306], [12.3632155, 41.9099243], [12.3632404, 41.9099169], [12.3632707, 41.9099105], [12.3633623, 41.9098934], [12.3634182, 41.9098863], [12.3634767, 41.9098791], [12.363529, 41.9098756], [12.3635786, 41.9098731], [12.3636252, 41.9098721], [12.3636913, 41.9098721], [12.3651713, 41.9099202]]}}, {"type": "Feature", "properties": {"id": "SS-ROM-10603", "nome": "Via Piedicavallo", "quartiere": "Municipio Roma XIII", "classificazione": "giallo", "score": 3, "note": "strada urbana senza ciclabile (2 corsie)", "ciclabile": "no", "n_corsie": "2", "senso_unico": "no", "n_testimonianze": "0", "municipio": "XIII"}, "geometry": {"type": "MultiLineString", "coordinates": [[[12.3610876, 41.9255174], [12.3609962, 41.9245026], [12.36099, 41.9244716], [12.3609751, 41.924449], [12.3609625, 41.9244362], [12.3609503, 41.9244265], [12.360935, 41.9244192], [12.3609104, 41.9244121], [12.3608857, 41.9244082], [12.3608508, 41.9244063], [12.3607022, 41.9244101], [12.3606716, 41.9244109]], [[12.3599872, 41.9254029], [12.3599567, 41.9253203], [12.3599411, 41.925197], [12.3599184, 41.9249401], [12.3598778, 41.9244577], [12.3598669, 41.9243169], [12.3598386, 41.9239498], [12.3598064, 41.9236704], [12.3597799, 41.9236135], [12.3597444, 41.9235616], [12.3597062, 41.9235122], [12.3596673, 41.9234715], [12.3596294, 41.9234506], [12.3595881, 41.9234276], [12.3595485, 41.92341], [12.3595087, 41.923394], [12.3594688, 41.9233815], [12.3594332, 41.923374], [12.3594034, 41.9233705], [12.3593742, 41.923368], [12.3593477, 41.923367], [12.3593219, 41.9233665], [12.3592941, 41.923367], [12.3592585, 41.9233686], [12.3592283, 41.9233711], [12.3591924, 41.9233764], [12.3591687, 41.9233805], [12.3591439, 41.9233862], [12.3591211, 41.9233937], [12.3590963, 41.9234022], [12.3590748, 41.9234111], [12.359054, 41.9234211], [12.3590342, 41.9234314], [12.3590081, 41.9234464], [12.3589866, 41.9234601], [12.3589625, 41.9234785], [12.3589148, 41.9235145], [12.3587103, 41.9237009], [12.3585843, 41.9238495], [12.3585461, 41.9238984], [12.3585129, 41.9239415], [12.3584885, 41.9239847], [12.3584659, 41.9240281], [12.3584408, 41.9241159], [12.3584317, 41.9241568], [12.3584277, 41.9242032], [12.358426, 41.9243266], [12.3584285, 41.924378], [12.3585189, 41.9253467], [12.3585243, 41.9254824], [12.3585166, 41.9255768], [12.3585069, 41.9256141], [12.3584975, 41.9256563], [12.3584761, 41.925698], [12.3584546, 41.9257379], [12.3584412, 41.9257574], [12.3584197, 41.9257788], [12.3583822, 41.9258077], [12.3583392, 41.9258398], [12.3582866, 41.9258692], [12.3582356, 41.9258925], [12.3581888, 41.9259085], [12.3581218, 41.9259272], [12.3580844, 41.9259321], [12.3580361, 41.9259373], [12.3579869, 41.9259421], [12.357948, 41.9259441], [12.3578947, 41.9259483], [12.3576984, 41.9259542], [12.3576345, 41.9259526], [12.3575775, 41.9259483], [12.3575315, 41.9259403], [12.3574749, 41.925929], [12.3574276, 41.9259137], [12.357392, 41.9259], [12.3573521, 41.9258817], [12.3573106, 41.9258588], [12.3572758, 41.9258369], [12.3572449, 41.9258134], [12.3572174, 41.9257865], [12.3571973, 41.9257615], [12.3571778, 41.9257364], [12.3571617, 41.9257119], [12.3571396, 41.9256652], [12.3571312, 41.9256368], [12.3571255, 41.9256104], [12.3571048, 41.9253823], [12.3570577, 41.9248167], [12.357045, 41.9246463], [12.3570288, 41.924519], [12.3569752, 41.9243284]], [[12.3601112, 41.9244399], [12.3599326, 41.9244504], [12.3598778, 41.9244577]], [[12.3606716, 41.9244109], [12.3603792, 41.924426], [12.3601112, 41.9244399]]]}}, {"type": "Feature", "properties": {"id": "SS-ROM-10612", "nome": "Via Pier Andrea Fontebasso", "quartiere": "Municipio Roma XIII", "classificazione": "giallo", "score": 3, "note": "strada urbana senza ciclabile", "ciclabile": "no", "n_corsie": "2", "senso_unico": "no", "n_testimonianze": "0", "municipio": "XIII"}, "geometry": {"type": "MultiLineString", "coordinates": [[[12.3616001, 41.8823987], [12.3608676, 41.8822304], [12.360379, 41.8821218], [12.3594997, 41.8819417]], [[12.3594997, 41.8819417], [12.3583381, 41.8816898]], [[12.3583381, 41.8816898], [12.3584802, 41.8814659], [12.3590691, 41.8805593]]]}}, {"type": "Feature", "properties": {"id": "SS-ROM-10631", "nome": "Via Piero Basadonna", "quartiere": "Municipio Roma XIII", "classificazione": "giallo", "score": 3, "note": "strada urbana senza ciclabile (1 corsie)", "ciclabile": "no", "n_corsie": "1", "senso_unico": "si", "n_testimonianze": "0", "municipio": "XIII"}, "geometry": {"type": "MultiLineString", "coordinates": [[[12.4119448, 41.9145352], [12.4117434, 41.9145371], [12.4115763, 41.9145592], [12.4115523, 41.9145678], [12.4113996, 41.9146432], [12.4112807, 41.9147611], [12.4112071, 41.9149056], [12.4112111, 41.9150076], [12.4112214, 41.9151206], [12.4113865, 41.9161438], [12.4115546, 41.9164422], [12.4115668, 41.9164638]], [[12.4112111, 41.9150076], [12.4111468, 41.9150132], [12.4111015, 41.9150077], [12.4110726, 41.9149842], [12.4110435, 41.9147497], [12.4110164, 41.9145063], [12.4109897, 41.9143278]]]}}, {"type": "Feature", "properties": {"id": "SS-ROM-10655", "nome": "Via Pietro Accolti", "quartiere": "Municipio Roma XIII", "classificazione": "giallo", "score": 3, "note": "strada urbana senza ciclabile", "ciclabile": "no", "n_corsie": "2", "senso_unico": "no", "n_testimonianze": "0", "municipio": "XIII"}, "geometry": {"type": "LineString", "coordinates": [[12.4183552, 41.922894], [12.4189188, 41.923598]]}}, {"type": "Feature", "properties": {"id": "SS-ROM-10656", "nome": "Via Pietro Adami", "quartiere": "Municipio Roma XIII", "classificazione": "giallo", "score": 3, "note": "strada urbana senza ciclabile (1 corsie)", "ciclabile": "no", "n_corsie": "1", "senso_unico": "si", "n_testimonianze": "0", "municipio": "XIII"}, "geometry": {"type": "LineString", "coordinates": [[12.4197258, 41.9257185], [12.4196527, 41.925749], [12.4177873, 41.9265849], [12.4174786, 41.9267225], [12.4165748, 41.9271307], [12.4165186, 41.927157], [12.416107, 41.9273437], [12.4160538, 41.927367], [12.4160241, 41.9273786]]}}, {"type": "Feature", "properties": {"id": "SS-ROM-10657", "nome": "Via Pietro Albertini", "quartiere": "Municipio Roma XIII", "classificazione": "giallo", "score": 3, "note": "strada urbana senza ciclabile (1 corsie)", "ciclabile": "no", "n_corsie": "1", "senso_unico": "no", "n_testimonianze": "0", "municipio": "XIII"}, "geometry": {"type": "LineString", "coordinates": [[12.4176918, 41.9153413], [12.4184263, 41.915371]]}}, {"type": "Feature", "properties": {"id": "SS-ROM-10669", "nome": "Via Pietro Bembo", "quartiere": "Municipio Roma XIII", "classificazione": "giallo", "score": 3, "note": "strada urbana senza ciclabile (2 corsie)", "ciclabile": "no", "n_corsie": "2", "senso_unico": "no", "n_testimonianze": "0", "municipio": "XIII"}, "geometry": {"type": "MultiLineString", "coordinates": [[[12.4143133, 41.9230286], [12.4142659, 41.922992], [12.4142307, 41.922963], [12.4142158, 41.9229484], [12.4141938, 41.9229239], [12.4141722, 41.9228969], [12.4141455, 41.9228541], [12.4141273, 41.9228196], [12.4140512, 41.9226672], [12.4137097, 41.9220004], [12.41369, 41.9219607], [12.4136528, 41.9218878], [12.4128977, 41.9204252], [12.4128717, 41.9203747], [12.4126033, 41.9198451], [12.4124952, 41.9196292]], [[12.4109688, 41.9166462], [12.410925, 41.9165433], [12.4108576, 41.9163973]], [[12.4111078, 41.9169621], [12.4110151, 41.916744], [12.4109944, 41.9167005], [12.4109688, 41.9166462]], [[12.4108576, 41.9163973], [12.4107821, 41.9162159], [12.4105165, 41.9155778], [12.4101273, 41.9146417], [12.4100629, 41.914491], [12.409969, 41.9142893]], [[12.4124952, 41.9196292], [12.4124717, 41.9195838], [12.4123035, 41.9192591], [12.4118846, 41.9184648], [12.4114537, 41.9176265], [12.4111078, 41.9169621]], [[12.409969, 41.9142893], [12.4099336, 41.9142073], [12.4099081, 41.914107], [12.4098808, 41.9137204], [12.4099063, 41.9135199], [12.409974, 41.9132999], [12.4100506, 41.9131461], [12.4105908, 41.9122074], [12.4108458, 41.9117755]]]}}, {"type": "Feature", "properties": {"id": "SS-ROM-10675", "nome": "Via Pietro Boetto", "quartiere": "Municipio Roma XIII", "classificazione": "giallo", "score": 3, "note": "strada urbana senza ciclabile (1 corsie)", "ciclabile": "no", "n_corsie": "1", "senso_unico": "si", "n_testimonianze": "0", "municipio": "XIII"}, "geometry": {"type": "LineString", "coordinates": [[12.4155207, 41.9242405], [12.4161541, 41.925056]]}}, {"type": "Feature", "properties": {"id": "SS-ROM-10683", "nome": "Via Pietro Capasso", "quartiere": "Municipio Roma XIII", "classificazione": "giallo", "score": 3, "note": "strada urbana senza ciclabile", "ciclabile": "no", "n_corsie": "2", "senso_unico": "no", "n_testimonianze": "0", "municipio": "XIII"}, "geometry": {"type": "LineString", "coordinates": [[12.3937052, 41.9027577], [12.3944501, 41.9020898], [12.3944646, 41.9020764], [12.394478, 41.9020625], [12.3944901, 41.9020487], [12.394502, 41.9020345], [12.394532, 41.901995], [12.3945535, 41.9019691], [12.3945655, 41.9019556], [12.3945795, 41.9019422], [12.3945944, 41.9019307], [12.3946119, 41.9019197], [12.3946324, 41.9019089], [12.3946542, 41.9018992], [12.3949988, 41.9017589]]}}, {"type": "Feature", "properties": {"id": "SS-ROM-10711", "nome": "Via Pietro Gasparri", "quartiere": "Municipio Roma XIII", "classificazione": "giallo", "score": 3, "note": "strada urbana senza ciclabile (2 corsie)", "ciclabile": "no", "n_corsie": "2", "senso_unico": "no", "n_testimonianze": "0", "municipio": "XIII"}, "geometry": {"type": "MultiLineString", "coordinates": [[[12.414137, 41.9240541], [12.4144598, 41.9240854], [12.4145273, 41.9240902], [12.414955, 41.9239008]], [[12.4139638, 41.9249833], [12.4139826, 41.9248823], [12.4139952, 41.924815]], [[12.4144422, 41.9201643], [12.4145526, 41.9207412], [12.4146248, 41.9212604]], [[12.4139952, 41.924815], [12.4140231, 41.9248565], [12.4140323, 41.9248636], [12.4140445, 41.9248708], [12.4140578, 41.9248749], [12.414071, 41.9248768], [12.4141076, 41.924876]], [[12.4146248, 41.9212604], [12.4146264, 41.9212997], [12.414626, 41.9213344], [12.414625, 41.9213588], [12.4146219, 41.9213908], [12.4146164, 41.9214376]], [[12.4139952, 41.924815], [12.414125, 41.9241232], [12.414137, 41.9240541]], [[12.414137, 41.9240541], [12.414204, 41.9236365], [12.4142701, 41.9232804], [12.4142875, 41.9231819]], [[12.4142875, 41.9231819], [12.4143133, 41.9230286]], [[12.4143133, 41.9230286], [12.4143635, 41.9227658], [12.4144229, 41.9224329], [12.4144311, 41.9223926], [12.4144493, 41.9222926], [12.4144981, 41.9220191], [12.4145789, 41.9215861], [12.4146164, 41.9214376]]]}}, {"type": "Feature", "properties": {"id": "SS-ROM-10718", "nome": "Via Pietro Maffi", "quartiere": "Municipio Roma XIII", "classificazione": "giallo", "score": 3, "note": "strada urbana senza ciclabile (2 corsie)", "ciclabile": "no", "n_corsie": "2", "senso_unico": "no", "n_testimonianze": "0", "municipio": "XIII"}, "geometry": {"type": "MultiLineString", "coordinates": [[[12.4161827, 41.921311], [12.4162015, 41.921333], [12.4163552, 41.9215215], [12.4166655, 41.9219107], [12.4167189, 41.9219774]], [[12.4203887, 41.9265457], [12.4204029, 41.9265637], [12.4208587, 41.9271314], [12.4209714, 41.9272745]], [[12.4167189, 41.9219774], [12.4168209, 41.9221044], [12.4168911, 41.922193], [12.4172011, 41.9225777], [12.4172473, 41.9226348], [12.4173319, 41.9227405], [12.4175756, 41.9230442], [12.4176893, 41.9231852], [12.4177801, 41.9232997], [12.4182032, 41.9238261], [12.4183883, 41.9240503], [12.4184248, 41.9240968], [12.4190163, 41.9248342], [12.4190593, 41.9248892], [12.4196878, 41.9256734], [12.4197258, 41.9257185], [12.4199795, 41.9260392], [12.4202353, 41.9263528], [12.4203474, 41.9264933], [12.4203887, 41.9265457]]]}}, {"type": "Feature", "properties": {"id": "SS-ROM-10721", "nome": "Via Pietro Maria Giavina", "quartiere": "Municipio Roma XIII", "classificazione": "giallo", "score": 3, "note": "strada urbana senza ciclabile (2 corsie)", "ciclabile": "no", "n_corsie": "2", "senso_unico": "no", "n_testimonianze": "0", "municipio": "XIII"}, "geometry": {"type": "LineString", "coordinates": [[12.3864174, 41.9038153], [12.3864354, 41.9037528], [12.3864542, 41.9036874], [12.3864879, 41.9035537], [12.3864994, 41.9034891], [12.3865017, 41.9034529], [12.386504, 41.9034223], [12.3865055, 41.9033816], [12.3865062, 41.9033477], [12.3865061, 41.9033133], [12.3865029, 41.9032857], [12.3864965, 41.9032548], [12.3864894, 41.9032285], [12.3864762, 41.9031976], [12.3864518, 41.9031464], [12.386429, 41.903109], [12.386402, 41.9030654], [12.3862665, 41.902879], [12.3859209, 41.9023682], [12.3856406, 41.9019615], [12.3850491, 41.9009938], [12.3849018, 41.900758], [12.3848074, 41.9005536], [12.3847731, 41.9004258], [12.3847645, 41.9001767], [12.3847162, 41.8998779], [12.3846857, 41.8997686], [12.384641, 41.8996912], [12.3845144, 41.8995373], [12.3843146, 41.8993585], [12.384198, 41.8992376], [12.3841838, 41.8992086], [12.3841776, 41.8991737], [12.3841808, 41.8991386], [12.384184, 41.8991054], [12.3841815, 41.8990691], [12.3841883, 41.8990157]]}}, {"type": "Feature", "properties": {"id": "SS-ROM-10775", "nome": "Via Pietro Tenerani", "quartiere": "Municipio Roma XIII", "classificazione": "giallo", "score": 3, "note": "strada urbana senza ciclabile", "ciclabile": "no", "n_corsie": "2", "senso_unico": "no", "n_testimonianze": "0", "municipio": "XIII"}, "geometry": {"type": "LineString", "coordinates": [[12.4183796, 41.8808911], [12.4180359, 41.8810331], [12.4176366, 41.8812177]]}}, {"type": "Feature", "properties": {"id": "SS-ROM-10779", "nome": "Via Pietro Ubaldo Angeletti", "quartiere": "Municipio Roma XIII", "classificazione": "giallo", "score": 3, "note": "strada urbana senza ciclabile (1 corsie)", "ciclabile": "no", "n_corsie": "1", "senso_unico": "si", "n_testimonianze": "0", "municipio": "XIII"}, "geometry": {"type": "MultiLineString", "coordinates": [[[12.3874968, 41.9070726], [12.3874582, 41.9070706], [12.3874236, 41.9070717], [12.387387, 41.9070769], [12.3873526, 41.9070867], [12.3873203, 41.907101], [12.3872669, 41.9071355], [12.3869304, 41.9073526], [12.3868847, 41.9073885], [12.3868729, 41.9073974], [12.3868142, 41.9074419]], [[12.3890456, 41.9116994], [12.3889537, 41.9116501], [12.388881, 41.911616], [12.3888487, 41.911605], [12.3888103, 41.9115939], [12.3887497, 41.911581], [12.3887009, 41.9115711], [12.3886195, 41.9115527], [12.3885543, 41.9115344], [12.3884734, 41.9115102], [12.3884246, 41.9114925], [12.3883838, 41.9114748], [12.3883318, 41.9114478], [12.388295, 41.9114256], [12.3882454, 41.9113885], [12.3882059, 41.911356], [12.3881736, 41.9113266], [12.3881382, 41.9112919], [12.3881154, 41.911266], [12.3880894, 41.9112333], [12.38807, 41.9112053], [12.3880545, 41.9111773], [12.3880268, 41.9111242], [12.3880085, 41.911082], [12.3879861, 41.9110322], [12.3879521, 41.910948], [12.3877865, 41.9104998], [12.3877567, 41.9104203]], [[12.3872648, 41.9090684], [12.3872083, 41.9089122], [12.3870692, 41.9085343], [12.3870408, 41.9084671], [12.3868525, 41.9079486], [12.3867988, 41.9077898], [12.3867463, 41.9076479], [12.3867327, 41.9076266], [12.386704, 41.9075983], [12.3866754, 41.907579], [12.3866386, 41.9075605], [12.38658, 41.9075287]], [[12.3867981, 41.9074734], [12.3868176, 41.9075119], [12.3868182, 41.9075507], [12.3868341, 41.9076008], [12.3868931, 41.9077719], [12.3869486, 41.9079297], [12.3870271, 41.9081522], [12.3871379, 41.9084476], [12.3871611, 41.9085153], [12.3873009, 41.9088923], [12.3873598, 41.9090501], [12.3874167, 41.9092046], [12.3875376, 41.9095326], [12.3876086, 41.9097251], [12.3876655, 41.909885], [12.3878149, 41.9103064], [12.3878521, 41.9104061], [12.3878804, 41.9104811], [12.3880453, 41.9109287], [12.3880894, 41.9110529], [12.3881085, 41.9110981], [12.3881261, 41.9111305], [12.3881376, 41.9111508], [12.3881607, 41.9111853], [12.388201, 41.9112361], [12.3882348, 41.9112733], [12.3882626, 41.9112998], [12.3883114, 41.9113385], [12.3883593, 41.9113712], [12.3884001, 41.9113975], [12.3884442, 41.9114215], [12.3885007, 41.9114468], [12.3885494, 41.9114654], [12.3885969, 41.9114811], [12.388646, 41.9114943], [12.3886847, 41.9115039], [12.3887163, 41.9115104], [12.3887706, 41.9115206], [12.3888376, 41.9115281], [12.3889098, 41.911531], [12.3889819, 41.9115309], [12.3890392, 41.9115291], [12.3890615, 41.9115289], [12.3891293, 41.9115283]], [[12.3867213, 41.9072992], [12.3868, 41.9072936], [12.3868408, 41.9072885], [12.38688, 41.9072788], [12.3869112, 41.9072678], [12.3869429, 41.9072529], [12.3872011, 41.9070812], [12.3873061, 41.9070093], [12.3873404, 41.9069839], [12.3873686, 41.9069584], [12.3874033, 41.9069303]], [[12.3875101, 41.9097442], [12.3874398, 41.9095507], [12.3873215, 41.9092246], [12.3872648, 41.9090684]], [[12.3877567, 41.9104203], [12.3877211, 41.9103239], [12.3875709, 41.909905], [12.3875101, 41.9097442]]]}}, {"type": "Feature", "properties": {"id": "SS-ROM-10787", "nome": "Via Pietro d'Abano", "quartiere": "Municipio Roma XIII", "classificazione": "giallo", "score": 3, "note": "strada urbana senza ciclabile", "ciclabile": "no", "n_corsie": "2", "senso_unico": "no", "n_testimonianze": "0", "municipio": "XIII"}, "geometry": {"type": "LineString", "coordinates": [[12.3856611, 41.894892], [12.3860291, 41.8948782], [12.386072, 41.8948797], [12.3861423, 41.894887], [12.386188, 41.894894], [12.3862318, 41.8949016], [12.3862703, 41.8949147], [12.3863123, 41.8949409], [12.3863498, 41.8949692], [12.386379, 41.894996], [12.3864209, 41.895041], [12.3864645, 41.8950885], [12.3864974, 41.8951293], [12.3865256, 41.8951696], [12.3865471, 41.8952177], [12.3868911, 41.896476], [12.3870583, 41.8965579], [12.3873174, 41.8967062], [12.3873735, 41.89674], [12.3874312, 41.8967797], [12.3874901, 41.8968284], [12.3875355, 41.8968724], [12.3875672, 41.8969151], [12.3878612, 41.8973636], [12.387903, 41.8974134], [12.3879256, 41.8974333], [12.3879518, 41.8974519], [12.3880006, 41.8974845], [12.3880548, 41.8975149], [12.3881033, 41.8975325], [12.3881482, 41.8975475], [12.3882294, 41.8975652], [12.3883073, 41.8975762], [12.3883272, 41.8975673], [12.3883532, 41.8975584], [12.3886606, 41.8974798]]}}, {"type": "Feature", "properties": {"id": "SS-ROM-10793", "nome": "Via Pietro de Francisci", "quartiere": "Municipio Roma XIII", "classificazione": "giallo", "score": 3, "note": "strada urbana senza ciclabile", "ciclabile": "no", "n_corsie": "2", "senso_unico": "no", "n_testimonianze": "0", "municipio": "XIII"}, "geometry": {"type": "MultiLineString", "coordinates": [[[12.413566, 41.8916163], [12.413634, 41.8915748], [12.4140947, 41.8912935], [12.4141842, 41.8912363], [12.4144343, 41.8910859], [12.4146586, 41.8909408], [12.414709, 41.8909097], [12.4149153, 41.8907823], [12.4153751, 41.8904986], [12.4159886, 41.8901201], [12.4160587, 41.8900768], [12.4161078, 41.8900566], [12.416157, 41.8900424], [12.4162061, 41.8900321], [12.4162552, 41.8900269], [12.4163141, 41.8900241], [12.416373, 41.8900263], [12.4164439, 41.8900339], [12.4165121, 41.8900455], [12.4166959, 41.890098], [12.4178712, 41.8905117], [12.4183341, 41.8906271], [12.4188508, 41.8907437], [12.4190737, 41.8907983], [12.4193479, 41.8908655], [12.4208139, 41.8912249], [12.4210567, 41.8913535], [12.421191, 41.8914359], [12.4212667, 41.8915032], [12.4213675, 41.8915929], [12.4215081, 41.8917286], [12.4221128, 41.892319], [12.4221766, 41.8923707], [12.422743, 41.8927837], [12.4229532, 41.8929517], [12.4231515, 41.8931331], [12.4235541, 41.8935157], [12.4237181, 41.8936887], [12.4239045, 41.8938855], [12.4240877, 41.8940787]], [[12.4239045, 41.8938855], [12.4240121, 41.8938207], [12.424048, 41.8937643], [12.4240321, 41.8937019], [12.4239602, 41.8936603], [12.4238364, 41.8936573], [12.4237181, 41.8936887]]]}}, {"type": "Feature", "properties": {"id": "SS-ROM-10815", "nome": "Via Pio Bastai", "quartiere": "Municipio Roma XIII", "classificazione": "giallo", "score": 3, "note": "strada urbana senza ciclabile (2 corsie)", "ciclabile": "no", "n_corsie": "2", "senso_unico": "no", "n_testimonianze": "0", "municipio": "XIII"}, "geometry": {"type": "LineString", "coordinates": [[12.387823, 41.9075808], [12.3877815, 41.9075896], [12.3877145, 41.9076038], [12.3869766, 41.9077547], [12.386919, 41.9077663], [12.3868931, 41.9077719]]}}, {"type": "Feature", "properties": {"id": "SS-ROM-10828", "nome": "Via Pio Piacentini", "quartiere": "Municipio Roma XIII", "classificazione": "giallo", "score": 3, "note": "strada urbana senza ciclabile", "ciclabile": "no", "n_corsie": "2", "senso_unico": "no", "n_testimonianze": "0", "municipio": "XIII"}, "geometry": {"type": "LineString", "coordinates": [[12.4179112, 41.8798703], [12.4182927, 41.8807565], [12.4183058, 41.8807783], [12.4183224, 41.8808024], [12.418352, 41.8808459], [12.4183796, 41.8808911], [12.4184083, 41.8809435], [12.4184443, 41.8809999], [12.4186075, 41.8812746]]}}, {"type": "Feature", "properties": {"id": "SS-ROM-10834", "nome": "Via Pio Settimo", "quartiere": "Municipio Roma XIII", "classificazione": "giallo", "score": 3, "note": "strada urbana senza ciclabile (1 corsie)", "ciclabile": "no", "n_corsie": "1", "senso_unico": "si", "n_testimonianze": "0", "municipio": "XIII"}, "geometry": {"type": "LineString", "coordinates": [[12.4181565, 41.9042691], [12.4180517, 41.904258], [12.4161429, 41.9042699], [12.4144148, 41.9042784]]}}, {"type": "Feature", "properties": {"id": "SS-ROM-10836", "nome": "Via Pio Spezi", "quartiere": "Municipio Roma XIII", "classificazione": "giallo", "score": 3, "note": "strada urbana senza ciclabile (2 corsie)", "ciclabile": "no", "n_corsie": "2", "senso_unico": "no", "n_testimonianze": "0", "municipio": "XIII"}, "geometry": {"type": "MultiLineString", "coordinates": [[[12.3661569, 41.8864569], [12.366208, 41.8864521], [12.3662756, 41.886445], [12.366338, 41.886438], [12.3664026, 41.8864298], [12.3664618, 41.8864216], [12.3667281, 41.8863815], [12.3673323, 41.8862907], [12.3676272, 41.8862463], [12.3681696, 41.8861648], [12.3685967, 41.886097], [12.3688015, 41.8860631], [12.3689979, 41.8860294], [12.369136, 41.8860046], [12.3692278, 41.8859893], [12.3692952, 41.8859792], [12.3693719, 41.8859696], [12.3694507, 41.8859607], [12.3695018, 41.8859577], [12.3695475, 41.8859556], [12.369589, 41.8859551], [12.3696451, 41.8859551], [12.369697, 41.8859568], [12.3697377, 41.8859588], [12.3697863, 41.8859632], [12.369831, 41.8859684], [12.3698746, 41.8859744], [12.3699217, 41.8859827], [12.3699676, 41.8859919], [12.3700739, 41.8860156], [12.3701249, 41.8860266], [12.3701738, 41.886036], [12.3702292, 41.8860451], [12.3702824, 41.8860527], [12.3703265, 41.8860578], [12.3703653, 41.8860613], [12.3704095, 41.8860649], [12.370446, 41.8860665], [12.3704878, 41.8860681], [12.3705276, 41.8860689], [12.370593, 41.8860689], [12.3706538, 41.8860677], [12.370707, 41.8860657], [12.3707847, 41.8860627], [12.3708758, 41.8860577], [12.3709275, 41.8860541], [12.3709957, 41.8860504], [12.3710586, 41.8860484], [12.3711278, 41.8860479], [12.3711917, 41.886049], [12.371247, 41.8860534], [12.371298, 41.8860593], [12.3713459, 41.8860667], [12.3713895, 41.8860756], [12.371427, 41.8860856], [12.3714614, 41.8860964], [12.3714991, 41.8861103], [12.3715302, 41.8861242], [12.3715645, 41.8861413], [12.3716681, 41.8861979], [12.3719131, 41.8863433], [12.3719892, 41.8863862], [12.3720564, 41.8864225], [12.3720949, 41.8864414], [12.3721306, 41.8864583], [12.3721725, 41.8864772], [12.3722118, 41.8864942], [12.3722526, 41.8865111], [12.3722977, 41.8865288], [12.3723453, 41.886544], [12.3723896, 41.8865559], [12.3724397, 41.8865662], [12.3725061, 41.8865759], [12.3725593, 41.8865805], [12.3726125, 41.8865835], [12.3726518, 41.8865841], [12.37269, 41.8865832], [12.3727272, 41.8865793], [12.3727488, 41.8865753], [12.3727863, 41.8865672]], [[12.3623853, 41.8854427], [12.3624253, 41.8854746], [12.362468, 41.8855065], [12.3625058, 41.8855333], [12.3625698, 41.8855775], [12.362668, 41.8856444], [12.3627689, 41.8857113], [12.3628384, 41.8857564], [12.3629106, 41.8858015], [12.3630188, 41.8858679], [12.3630585, 41.8858913], [12.3631247, 41.8859285], [12.3631922, 41.8859657], [12.3632402, 41.8859906], [12.3632895, 41.8860155], [12.3633456, 41.8860422], [12.3634019, 41.8860672], [12.363469, 41.8860958], [12.36354, 41.8861244], [12.3635902, 41.8861435], [12.3636443, 41.8861627], [12.3637018, 41.886182], [12.3637495, 41.8861976], [12.3637899, 41.88621], [12.3638261, 41.88622], [12.3638562, 41.8862278], [12.363889, 41.8862356], [12.363921, 41.8862427], [12.3639557, 41.8862497], [12.3639869, 41.8862557], [12.3640968, 41.8862749], [12.3641648, 41.8862861], [12.3642107, 41.8862931], [12.3642822, 41.8863034], [12.364351, 41.8863128], [12.3644061, 41.8863192], [12.3644586, 41.8863245], [12.3645241, 41.8863308], [12.36509, 41.8863833], [12.3654153, 41.8864135]], [[12.3657417, 41.8864427], [12.3658055, 41.886448], [12.3658741, 41.8864523], [12.3659454, 41.8864556], [12.3660251, 41.8864571], [12.3661075, 41.8864575], [12.3661569, 41.8864569]], [[12.3654153, 41.8864135], [12.3655668, 41.8864274], [12.3656663, 41.8864365], [12.3657417, 41.8864427]]]}}, {"type": "Feature", "properties": {"id": "SS-ROM-10843", "nome": "Via Piovera", "quartiere": "Municipio Roma XIII", "classificazione": "giallo", "score": 3, "note": "strada urbana senza ciclabile", "ciclabile": "no", "n_corsie": "2", "senso_unico": "no", "n_testimonianze": "0", "municipio": "XIII"}, "geometry": {"type": "LineString", "coordinates": [[12.3670682, 41.9162693], [12.3665324, 41.9160802]]}}, {"type": "Feature", "properties": {"id": "SS-ROM-10879", "nome": "Via Plautilla", "quartiere": "Municipio Roma XIII", "classificazione": "giallo", "score": 3, "note": "strada urbana senza ciclabile", "ciclabile": "no", "n_corsie": "2", "senso_unico": "no", "n_testimonianze": "0", "municipio": "XIII"}, "geometry": {"type": "LineString", "coordinates": [[12.3738824, 41.9198424], [12.3740752, 41.9198782], [12.3744114, 41.919864], [12.3744755, 41.919861], [12.3745275, 41.9198619], [12.3745683, 41.9198555], [12.3746242, 41.9198552], [12.3747349, 41.9198702], [12.3748282, 41.9198812], [12.3748912, 41.9198897], [12.3749401, 41.9198973], [12.3750031, 41.9199076], [12.3750809, 41.9199175], [12.3751389, 41.9199256], [12.3751771, 41.9199341], [12.375216, 41.9199419], [12.3753025, 41.9199635], [12.3755404, 41.9200402], [12.3759852, 41.9201596], [12.3763148, 41.920266], [12.3763822, 41.9202914]]}}, {"type": "Feature", "properties": {"id": "SS-ROM-10921", "nome": "Via Polletrara", "quartiere": "Municipio Roma XIII", "classificazione": "giallo", "score": 3, "note": "strada urbana senza ciclabile", "ciclabile": "no", "n_corsie": "2", "senso_unico": "no", "n_testimonianze": "0", "municipio": "XIII"}, "geometry": {"type": "LineString", "coordinates": [[12.3702156, 41.9145914], [12.3705655, 41.9158919], [12.3705867, 41.9159702]]}}, {"type": "Feature", "properties": {"id": "SS-ROM-10962", "nome": "Via Pontestura", "quartiere": "Municipio Roma XIII", "classificazione": "giallo", "score": 3, "note": "strada urbana senza ciclabile (2 corsie)", "ciclabile": "no", "n_corsie": "2", "senso_unico": "no", "n_testimonianze": "0", "municipio": "XIII"}, "geometry": {"type": "MultiLineString", "coordinates": [[[12.3903042, 41.9151169], [12.3914303, 41.9146385], [12.3920418, 41.9143669], [12.3920965, 41.9143363]], [[12.3923601, 41.9152596], [12.3914303, 41.9146385]]]}}, {"type": "Feature", "properties": {"id": "SS-ROM-10969", "nome": "Via Ponzone", "quartiere": "Municipio Roma XIII", "classificazione": "giallo", "score": 3, "note": "strada urbana senza ciclabile", "ciclabile": "no", "n_corsie": "2", "senso_unico": "no", "n_testimonianze": "0", "municipio": "XIII"}, "geometry": {"type": "MultiLineString", "coordinates": [[[12.3528922, 41.9161402], [12.3529962, 41.916316], [12.3533695, 41.916947], [12.3534822, 41.9171375]], [[12.3534822, 41.9171375], [12.3536339, 41.9170899], [12.3540915, 41.916944], [12.354168, 41.9170769], [12.3537128, 41.917222], [12.3535578, 41.9172707], [12.3534822, 41.9171375]]]}}, {"type": "Feature", "properties": {"id": "SS-ROM-11004", "nome": "Via Pragelato", "quartiere": "Municipio Roma XIII", "classificazione": "giallo", "score": 3, "note": "strada urbana senza ciclabile", "ciclabile": "no", "n_corsie": "2", "senso_unico": "no", "n_testimonianze": "0", "municipio": "XIII"}, "geometry": {"type": "LineString", "coordinates": [[12.3838396, 41.8964553], [12.3857415, 41.8963851]]}}, {"type": "Feature", "properties": {"id": "SS-ROM-11006", "nome": "Via Pramollo", "quartiere": "Municipio Roma XIII", "classificazione": "giallo", "score": 3, "note": "strada urbana senza ciclabile", "ciclabile": "no", "n_corsie": "2", "senso_unico": "no", "n_testimonianze": "0", "municipio": "XIII"}, "geometry": {"type": "LineString", "coordinates": [[12.3844604, 41.8981078], [12.3854021, 41.8980151]]}}, {"type": "Feature", "properties": {"id": "SS-ROM-11007", "nome": "Via Prasco", "quartiere": "Municipio Roma XIII", "classificazione": "giallo", "score": 3, "note": "strada urbana senza ciclabile", "ciclabile": "no", "n_corsie": "2", "senso_unico": "no", "n_testimonianze": "0", "municipio": "XIII"}, "geometry": {"type": "LineString", "coordinates": [[12.3607605, 41.9189599], [12.3606336, 41.9193143], [12.3605929, 41.9194009], [12.360575, 41.9194333], [12.3605544, 41.9194667], [12.3605331, 41.919498], [12.3605091, 41.9195303], [12.3604565, 41.9195942], [12.3604356, 41.9196164], [12.360412, 41.919638], [12.3603836, 41.9196621], [12.3603714, 41.9196711], [12.3603566, 41.9196781], [12.3603392, 41.9196837], [12.3603215, 41.9196863], [12.3603029, 41.9196861], [12.3602829, 41.919684], [12.3602662, 41.9196806], [12.3602442, 41.9196737], [12.3600231, 41.9195761]]}}, {"type": "Feature", "properties": {"id": "SS-ROM-11013", "nome": "Via Prato Sesia", "quartiere": "Municipio Roma XIII", "classificazione": "giallo", "score": 3, "note": "strada urbana senza ciclabile", "ciclabile": "no", "n_corsie": "2", "senso_unico": "no", "n_testimonianze": "0", "municipio": "XIII"}, "geometry": {"type": "LineString", "coordinates": [[12.3836779, 41.8955555], [12.3844299, 41.8955161], [12.3856844, 41.8954833]]}}, {"type": "Feature", "properties": {"id": "SS-ROM-11023", "nome": "Via Predosa", "quartiere": "Municipio Roma XIII", "classificazione": "giallo", "score": 3, "note": "strada urbana senza ciclabile", "ciclabile": "no", "n_corsie": "2", "senso_unico": "no", "n_testimonianze": "0", "municipio": "XIII"}, "geometry": {"type": "LineString", "coordinates": [[12.3865166, 41.9163284], [12.3865248, 41.9162988], [12.3865287, 41.9162808], [12.3865285, 41.9162628], [12.3865233, 41.9162345], [12.386515, 41.9162116], [12.3861431, 41.9152535], [12.3864936, 41.9151792]]}}, {"type": "Feature", "properties": {"id": "SS-ROM-11025", "nome": "Via Premosello", "quartiere": "Municipio Roma XIII", "classificazione": "giallo", "score": 3, "note": "strada urbana senza ciclabile", "ciclabile": "no", "n_corsie": "2", "senso_unico": "si", "n_testimonianze": "0", "municipio": "XIII"}, "geometry": {"type": "MultiLineString", "coordinates": [[[12.3851037, 41.9192912], [12.3861034, 41.9195885], [12.3861635, 41.9196065]], [[12.3854859, 41.9185853], [12.3851037, 41.9192912]], [[12.3843558, 41.9192558], [12.3850157, 41.919446], [12.3851037, 41.9192912]]]}}, {"type": "Feature", "properties": {"id": "SS-ROM-11060", "nome": "Via Prunetto", "quartiere": "Municipio Roma XIII", "classificazione": "giallo", "score": 3, "note": "strada urbana senza ciclabile", "ciclabile": "no", "n_corsie": "2", "senso_unico": "no", "n_testimonianze": "0", "municipio": "XIII"}, "geometry": {"type": "LineString", "coordinates": [[12.3860704, 41.899109], [12.3864679, 41.8989912], [12.3867718, 41.8988704]]}}, {"type": "Feature", "properties": {"id": "SS-ROM-11092", "nome": "Via Quarto delle Colonne", "quartiere": "Municipio Roma XIII", "classificazione": "giallo", "score": 3, "note": "strada urbana senza ciclabile", "ciclabile": "no", "n_corsie": "2", "senso_unico": "no", "n_testimonianze": "0", "municipio": "XIII"}, "geometry": {"type": "MultiLineString", "coordinates": [[[12.3124907, 41.8857953], [12.3121235, 41.8865352], [12.3121057, 41.886562], [12.3120859, 41.8865868], [12.3120672, 41.8866035], [12.3120445, 41.8866202], [12.3120185, 41.8866342], [12.3119885, 41.8866482], [12.3119608, 41.8866591], [12.3119365, 41.8866673], [12.3117182, 41.8867224], [12.311406, 41.8867965], [12.3113674, 41.8868025], [12.31133, 41.8868065], [12.3112975, 41.8868096], [12.3112697, 41.8868096], [12.3112351, 41.8868077], [12.3112026, 41.8868027], [12.311174, 41.8867936], [12.3111314, 41.886779], [12.3110863, 41.8867698], [12.3110595, 41.8867656], [12.311025, 41.8867654], [12.3109919, 41.8867691], [12.3109647, 41.8867773], [12.3109509, 41.8867853], [12.3109375, 41.8867944], [12.310926, 41.8868048], [12.3109168, 41.8868137], [12.3108947, 41.8868381], [12.3108539, 41.8868836], [12.3108414, 41.8868943], [12.3108294, 41.8869042], [12.3108139, 41.8869147], [12.3107948, 41.8869252], [12.3107729, 41.8869351], [12.3107491, 41.8869443], [12.3107225, 41.8869529], [12.3104925, 41.8870233], [12.3104214, 41.8870502], [12.3103456, 41.8870732], [12.3101758, 41.8871078], [12.3101339, 41.8871186], [12.3100894, 41.8871294], [12.3100431, 41.8871395], [12.3099942, 41.8871496], [12.3096566, 41.8872213], [12.3096063, 41.8872294], [12.3095783, 41.8872335], [12.3095427, 41.8872384], [12.3094803, 41.8872465], [12.3092105, 41.8872764], [12.3091247, 41.8872838], [12.309032, 41.8872895], [12.3089557, 41.8872928], [12.3089216, 41.8872926], [12.3088874, 41.8872913], [12.3088585, 41.8872898], [12.3088089, 41.8872854], [12.3087452, 41.8872785], [12.3087107, 41.887274], [12.3086736, 41.8872685], [12.3086378, 41.8872622], [12.3085994, 41.8872548], [12.3084361, 41.8871945], [12.3082566, 41.8871642], [12.3082245, 41.8871599], [12.3081878, 41.887155], [12.3081445, 41.8871502], [12.3081183, 41.887148], [12.3080916, 41.8871461], [12.3080616, 41.8871455], [12.308029, 41.8871449], [12.3077171, 41.8871541], [12.3075289, 41.8871965], [12.3072633, 41.8872758], [12.3072233, 41.8872866], [12.3071756, 41.8872947], [12.3071212, 41.8873008], [12.3070445, 41.887303], [12.3069718, 41.8873002], [12.3069315, 41.8872953], [12.3068898, 41.8872884], [12.3068481, 41.8872781], [12.306805, 41.8872658], [12.306762, 41.8872496], [12.3067229, 41.8872323], [12.3066805, 41.8872123], [12.3066124, 41.8871752], [12.3064585, 41.8870825], [12.3064272, 41.887065], [12.3063936, 41.8870482], [12.3063462, 41.8870256], [12.3063167, 41.8870132], [12.3062859, 41.8870013], [12.3062597, 41.8869924], [12.3062323, 41.8869839], [12.3062055, 41.8869774], [12.306172, 41.8869709], [12.3061366, 41.8869654], [12.3061162, 41.8869628], [12.3060755, 41.8869583], [12.3060321, 41.8869549], [12.3059805, 41.8869522], [12.3059524, 41.8869513], [12.3053019, 41.8869463], [12.3052358, 41.8869448], [12.3051709, 41.8869423], [12.3050864, 41.8869374], [12.3050262, 41.8869332], [12.3049551, 41.8869252], [12.3048854, 41.8869151], [12.3048061, 41.8868988], [12.3047281, 41.8868804], [12.3046783, 41.8868673], [12.3046351, 41.8868552], [12.3045925, 41.8868428], [12.3045566, 41.8868314], [12.3045115, 41.8868179], [12.3044665, 41.8868057], [12.3044189, 41.8867944], [12.3043666, 41.8867833], [12.3043143, 41.8867731], [12.3042345, 41.8867597], [12.3033721, 41.8866386], [12.3028088, 41.8865587], [12.3026856, 41.8865373], [12.3025667, 41.886517], [12.3024611, 41.8864947], [12.3023609, 41.8864703], [12.3022674, 41.886444], [12.3022119, 41.8864277], [12.3021591, 41.8864113], [12.3021042, 41.886394], [12.3020521, 41.8863757], [12.3019968, 41.8863562], [12.3019195, 41.8863276], [12.3018108, 41.8862843], [12.3017029, 41.8862381], [12.3008504, 41.8858475], [12.3007501, 41.8858044], [12.3006444, 41.8857613], [12.3005348, 41.8857202], [12.3004199, 41.8856791], [12.2995701, 41.8853929], [12.2993455, 41.8853221], [12.2991312, 41.8852567], [12.2983694, 41.8850411]], [[12.2982863, 41.8850176], [12.2978248, 41.884887], [12.2977229, 41.8848599], [12.2976557, 41.8848422], [12.2975702, 41.8848227], [12.2974767, 41.8848012], [12.2969691, 41.8846916], [12.2968774, 41.8846692], [12.2967803, 41.8846428], [12.2966971, 41.8846181], [12.2966085, 41.8845894], [12.2964367, 41.8845279], [12.2964101, 41.8845164], [12.296363, 41.8844943], [12.2958461, 41.8842489], [12.2957928, 41.8842248], [12.2957527, 41.8842101], [12.2957113, 41.8841984], [12.2956803, 41.8841923], [12.2956284, 41.884184], [12.2955864, 41.8841813], [12.2955443, 41.8841806], [12.2954995, 41.8841839], [12.2954601, 41.8841912], [12.2953906, 41.8842117], [12.2951389, 41.8842967], [12.2943449, 41.8846056], [12.2936364, 41.8848016], [12.2934975, 41.8848457], [12.292627, 41.885131], [12.2921554, 41.8853062], [12.292067, 41.8853416], [12.2919786, 41.885379], [12.2918958, 41.8854153], [12.2918129, 41.8854535], [12.291724, 41.885498], [12.2915882, 41.8855741], [12.2914389, 41.8856651], [12.2914067, 41.8856865], [12.2911877, 41.8858438], [12.2907744, 41.8861811], [12.2904647, 41.886461], [12.290411, 41.8865073], [12.2903521, 41.8865555], [12.2902943, 41.886602], [12.2902311, 41.8866504], [12.2897739, 41.8869869], [12.289695, 41.887049], [12.2896161, 41.887113], [12.2895399, 41.8871792], [12.2894637, 41.8872473], [12.28921, 41.8874884], [12.288798, 41.8879165], [12.2883004, 41.8883928], [12.2882134, 41.8884589], [12.2881543, 41.8884956], [12.288098, 41.8885236], [12.2880256, 41.8885555], [12.287937, 41.8885825], [12.2878566, 41.8886054], [12.2877761, 41.8886192], [12.2876983, 41.888627], [12.2876286, 41.8886308], [12.2875562, 41.8886306], [12.2874741, 41.888626], [12.2873947, 41.8886194], [12.2872359, 41.8886002], [12.2863948, 41.8884852], [12.2860109, 41.888424], [12.2859284, 41.888415], [12.2858585, 41.8884072], [12.2857751, 41.8884014], [12.2856909, 41.8884009], [12.2856174, 41.8884024], [12.2855439, 41.8884084], [12.2854812, 41.8884165], [12.2853544, 41.8884469], [12.2852223, 41.8884916], [12.2851589, 41.8885119], [12.2850874, 41.8885323], [12.2850206, 41.8885512], [12.2849456, 41.8885701], [12.2846365, 41.8886424], [12.2845629, 41.8886567], [12.2844893, 41.8886709], [12.2844076, 41.8886841], [12.2843178, 41.8886973], [12.2842114, 41.8887116], [12.2836318, 41.8887839]], [[12.2983694, 41.8850411], [12.2982863, 41.8850176]]]}}, {"type": "Feature", "properties": {"id": "SS-ROM-11119", "nome": "Via Racconigi", "quartiere": "Municipio Roma XIII", "classificazione": "giallo", "score": 3, "note": "strada urbana senza ciclabile", "ciclabile": "no", "n_corsie": "2", "senso_unico": "no", "n_testimonianze": "0", "municipio": "XIII"}, "geometry": {"type": "LineString", "coordinates": [[12.3636346, 41.9195544], [12.3625735, 41.9206818], [12.3623812, 41.9208861], [12.3623417, 41.9209273], [12.3623296, 41.9209353], [12.3623162, 41.9209403], [12.3622988, 41.9209453], [12.3622827, 41.9209473], [12.3622639, 41.9209473], [12.3622478, 41.9209453], [12.3622304, 41.9209423], [12.3622121, 41.9209367], [12.361596, 41.9207317]]}}, {"type": "Feature", "properties": {"id": "SS-ROM-11127", "nome": "Via Raffaele Bastianelli", "quartiere": "Municipio Roma XIII", "classificazione": "giallo", "score": 3, "note": "strada urbana senza ciclabile", "ciclabile": "no", "n_corsie": "2", "senso_unico": "no", "n_testimonianze": "0", "municipio": "XIII"}, "geometry": {"type": "MultiLineString", "coordinates": [[[12.3948944, 41.9049874], [12.3952356, 41.9052167]], [[12.3946789, 41.9048599], [12.3948944, 41.9049874]]]}}, {"type": "Feature", "properties": {"id": "SS-ROM-11135", "nome": "Via Raffaele Conforti", "quartiere": "Municipio Roma XIII", "classificazione": "giallo", "score": 3, "note": "strada urbana senza ciclabile (1 corsie)", "ciclabile": "no", "n_corsie": "1", "senso_unico": "si", "n_testimonianze": "0", "municipio": "XIII"}, "geometry": {"type": "MultiLineString", "coordinates": [[[12.4099017, 41.896258], [12.4093994, 41.8957941], [12.4093169, 41.8957179], [12.4088016, 41.8952293], [12.4085422, 41.8949834], [12.4084333, 41.8948791], [12.4080471, 41.8945091], [12.4078791, 41.8943582], [12.4077656, 41.8942394], [12.4076322, 41.8941116]], [[12.4080942, 41.8932552], [12.4080342, 41.8932606], [12.407994, 41.8932664], [12.4079614, 41.8932731], [12.4079328, 41.8932809], [12.4079015, 41.8932927], [12.4078828, 41.8933055], [12.4078615, 41.8933223], [12.4078432, 41.8933396], [12.4078264, 41.893362], [12.4076655, 41.8936308], [12.407638, 41.8936795], [12.4075861, 41.8937712], [12.4075761, 41.8937922], [12.4075662, 41.8938183], [12.4075604, 41.8938391], [12.4075545, 41.8938649], [12.4075507, 41.8938908], [12.4075495, 41.8939236], [12.4075527, 41.8939536], [12.4075595, 41.893984], [12.4075702, 41.8940153], [12.4075848, 41.8940427], [12.4076034, 41.8940712], [12.4076322, 41.8941116]], [[12.4076322, 41.8941116], [12.4075798, 41.8940709], [12.4075546, 41.8940488], [12.4075256, 41.8940207], [12.4075019, 41.8939947], [12.407483, 41.8939682], [12.4074694, 41.8939436], [12.4074593, 41.8939187], [12.407453, 41.8938941], [12.4074495, 41.8938705], [12.4074486, 41.8938422], [12.4074504, 41.893815], [12.4074576, 41.8937868], [12.4074688, 41.8937555], [12.4074817, 41.8937243], [12.4074987, 41.8936901], [12.4075256, 41.8936449], [12.4075798, 41.8935539], [12.4077007, 41.8933648], [12.4077353, 41.8933084], [12.40776, 41.8932681], [12.4077778, 41.8932468], [12.4077983, 41.893228], [12.4078202, 41.8932145], [12.4078577, 41.8932028], [12.4078952, 41.8931981], [12.4079424, 41.8932003], [12.4079896, 41.8932095], [12.4080227, 41.8932202], [12.4080623, 41.8932381], [12.4080942, 41.8932552]], [[12.4080942, 41.8932552], [12.4083543, 41.8934194], [12.4086869, 41.8936294], [12.4087473, 41.8936675], [12.4090172, 41.8938379], [12.4095447, 41.8941709], [12.4095964, 41.8942036], [12.4096427, 41.8942352], [12.4096804, 41.8942636], [12.4097803, 41.8943485], [12.4101187, 41.8946361], [12.4101559, 41.8946631], [12.410193, 41.8946861], [12.4102357, 41.8947069], [12.4102783, 41.8947236], [12.4103592, 41.8947478]], [[12.4078618, 41.8947881], [12.4081365, 41.8948811], [12.4082634, 41.8949241], [12.4083867, 41.8949655], [12.4084401, 41.8949819], [12.4084683, 41.8949879], [12.4084982, 41.8949896], [12.4085247, 41.8949872], [12.4085422, 41.8949834]]]}}, {"type": "Feature", "properties": {"id": "SS-ROM-11162", "nome": "Via Raffaello Franchi", "quartiere": "Municipio Roma XIII", "classificazione": "giallo", "score": 3, "note": "strada urbana senza ciclabile", "ciclabile": "no", "n_corsie": "2", "senso_unico": "no", "n_testimonianze": "0", "municipio": "XIII"}, "geometry": {"type": "LineString", "coordinates": [[12.3209293, 41.8981589], [12.3202325, 41.8991514], [12.3202024, 41.8992023], [12.3201704, 41.899267], [12.3199701, 41.8997211], [12.3195683, 41.9008224], [12.3195574, 41.9008494], [12.3195453, 41.9008784], [12.3195295, 41.9009074], [12.3195124, 41.9009385], [12.3194163, 41.9011053], [12.3193916, 41.9011413], [12.3193573, 41.9011827], [12.3193361, 41.9012074], [12.3193109, 41.9012336], [12.3192875, 41.9012561], [12.3192601, 41.9012802], [12.3192295, 41.9013075], [12.3191981, 41.9013331], [12.3190437, 41.9014501], [12.3182184, 41.9020908]]}}, {"type": "Feature", "properties": {"id": "SS-ROM-11170", "nome": "Via Raffaello Sardiello", "quartiere": "Municipio Roma XIII", "classificazione": "giallo", "score": 3, "note": "strada urbana senza ciclabile", "ciclabile": "no", "n_corsie": "2", "senso_unico": "si", "n_testimonianze": "0", "municipio": "XIII"}, "geometry": {"type": "MultiLineString", "coordinates": [[[12.4042539, 41.8893044], [12.4036564, 41.888857], [12.403603, 41.8888241], [12.4035688, 41.8888089], [12.4035319, 41.8887956], [12.4033381, 41.888734], [12.4032321, 41.8887003], [12.4031876, 41.8886905], [12.4031467, 41.8886893], [12.4030422, 41.8886915], [12.4027413, 41.888697], [12.4026848, 41.8886859], [12.4026591, 41.8886746], [12.4026412, 41.8886633]], [[12.4021305, 41.8882925], [12.4018197, 41.8881793], [12.401793, 41.8881617], [12.4017771, 41.8881441], [12.4017731, 41.8881242], [12.4017748, 41.8881063], [12.4017859, 41.8880811], [12.4018822, 41.8879267], [12.4018875, 41.8879011], [12.4018847, 41.8878795], [12.4018709, 41.8878588], [12.4018491, 41.8878421], [12.401423, 41.8876695], [12.4013782, 41.8876432], [12.4013636, 41.8876145], [12.4013662, 41.8875866], [12.4013917, 41.8875463], [12.4015552, 41.887399], [12.4017238, 41.8872855], [12.4017808, 41.8872635], [12.4018389, 41.8872748], [12.4021733, 41.8874581], [12.4022548, 41.8875022], [12.4022967, 41.8875248], [12.4023145, 41.8875345], [12.4023453, 41.8875459], [12.402386, 41.8875429], [12.4025342, 41.8874097], [12.4029417, 41.8870646], [12.4030406, 41.8869726]], [[12.4021305, 41.8882925], [12.4022083, 41.8883148], [12.402367, 41.8883602], [12.4024806, 41.8884584], [12.4026412, 41.8886633]], [[12.4026412, 41.8886633], [12.4025958, 41.8886487], [12.4023068, 41.8885479], [12.4022094, 41.8884774], [12.4021849, 41.8884596], [12.4021305, 41.8882925]]]}}, {"type": "Feature", "properties": {"id": "SS-ROM-11208", "nome": "Via Refrancore", "quartiere": "Municipio Roma XIII", "classificazione": "giallo", "score": 3, "note": "strada urbana senza ciclabile", "ciclabile": "no", "n_corsie": "2", "senso_unico": "no", "n_testimonianze": "0", "municipio": "XIII"}, "geometry": {"type": "LineString", "coordinates": [[12.3835288, 41.9162457], [12.3833458, 41.9167885], [12.3829655, 41.9179165], [12.383623, 41.9180424], [12.3836826, 41.9180538]]}}, {"type": "Feature", "properties": {"id": "SS-ROM-11218", "nome": "Via Remo Pannain", "quartiere": "Municipio Roma XIII", "classificazione": "giallo", "score": 3, "note": "strada urbana senza ciclabile", "ciclabile": "no", "n_corsie": "2", "senso_unico": "no", "n_testimonianze": "0", "municipio": "XIII"}, "geometry": {"type": "LineString", "coordinates": [[12.4163165, 41.8912944], [12.4144999, 41.8925884], [12.4144373, 41.8926337], [12.4143892, 41.8926684]]}}, {"type": "Feature", "properties": {"id": "SS-ROM-11222", "nome": "Via Renato Caporali", "quartiere": "Municipio Roma XIII", "classificazione": "giallo", "score": 3, "note": "strada urbana senza ciclabile", "ciclabile": "no", "n_corsie": "2", "senso_unico": "no", "n_testimonianze": "0", "municipio": "XIII"}, "geometry": {"type": "LineString", "coordinates": [[12.3907565, 41.9278015], [12.3911946, 41.9281106], [12.3917511, 41.9284811]]}}, {"type": "Feature", "properties": {"id": "SS-ROM-11254", "nome": "Via Ricaldone", "quartiere": "Municipio Roma XIII", "classificazione": "giallo", "score": 3, "note": "strada urbana senza ciclabile", "ciclabile": "no", "n_corsie": "2", "senso_unico": "no", "n_testimonianze": "0", "municipio": "XIII"}, "geometry": {"type": "MultiLineString", "coordinates": [[[12.3924887, 41.9169349], [12.3921631, 41.916673], [12.3921362, 41.9166495], [12.3921133, 41.9166276], [12.3920901, 41.9165998], [12.392075, 41.9165751], [12.3920616, 41.9165481], [12.3920522, 41.9165226], [12.3920416, 41.9164902], [12.3920351, 41.9164548], [12.3920368, 41.9164249], [12.3920436, 41.9163971], [12.3920513, 41.9163723], [12.3920579, 41.9163574], [12.392072, 41.916337], [12.3920861, 41.9163212], [12.3921076, 41.9163036], [12.3921292, 41.9162891], [12.3921744, 41.9162646], [12.392227, 41.9162437], [12.3922927, 41.9162274], [12.392341, 41.9162247], [12.3923893, 41.9162279], [12.3924292, 41.9162326], [12.3924691, 41.9162413], [12.3925063, 41.9162539], [12.3925381, 41.9162706], [12.3925823, 41.9163], [12.3926326, 41.91634], [12.3927155, 41.9164047], [12.3929671, 41.9166264]], [[12.3916655, 41.9161151], [12.3920579, 41.9163574]]]}}, {"type": "Feature", "properties": {"id": "SS-ROM-11288", "nome": "Via Rimella", "quartiere": "Municipio Roma XIII", "classificazione": "giallo", "score": 3, "note": "strada urbana senza ciclabile", "ciclabile": "no", "n_corsie": "2", "senso_unico": "no", "n_testimonianze": "0", "municipio": "XIII"}, "geometry": {"type": "MultiLineString", "coordinates": [[[12.3692499, 41.9251861], [12.3689221, 41.9240146], [12.3687901, 41.9235554], [12.3687435, 41.9232674], [12.3686222, 41.9228704]], [[12.3694344, 41.926314], [12.36976, 41.9273509], [12.37029, 41.9272724], [12.3705436, 41.92874], [12.370515, 41.9287865]]]}}, {"type": "Feature", "properties": {"id": "SS-ROM-11317", "nome": "Via Riserva del Pascolaro", "quartiere": "Municipio Roma XIII", "classificazione": "giallo", "score": 3, "note": "strada urbana senza ciclabile", "ciclabile": "no", "n_corsie": "2", "senso_unico": "no", "n_testimonianze": "0", "municipio": "XIII"}, "geometry": {"type": "MultiLineString", "coordinates": [[[12.3601782, 41.9154418], [12.3601483, 41.9154051], [12.3599639, 41.9151987], [12.3596513, 41.9148929], [12.3590001, 41.9142401], [12.358991, 41.9142293], [12.358982, 41.914217], [12.3589736, 41.9142023], [12.3589692, 41.9141866], [12.3589676, 41.9141767], [12.3589687, 41.9141659], [12.3589718, 41.9141535], [12.3589762, 41.9141422], [12.3589813, 41.9141333], [12.3589891, 41.9141244], [12.3590061, 41.9141095], [12.3593894, 41.9138212], [12.3600283, 41.9132983], [12.3600913, 41.9132483], [12.3601861, 41.9131791], [12.3602249, 41.9131502], [12.3602975, 41.9131022], [12.360374, 41.9130576], [12.3604015, 41.9130432], [12.3604425, 41.9130249], [12.3605672, 41.9129778], [12.3605916, 41.912971], [12.3606291, 41.912964], [12.3606694, 41.91296], [12.3610797, 41.9129411]], [[12.3600283, 41.9132983], [12.3597078, 41.912565], [12.3597087, 41.9125123], [12.3597667, 41.9124563], [12.35989, 41.9123978], [12.3603684, 41.9122535], [12.360739, 41.9121789]]]}}, {"type": "Feature", "properties": {"id": "SS-ROM-11318", "nome": "Via Riserva della Torretta", "quartiere": "Municipio Roma XIII", "classificazione": "giallo", "score": 3, "note": "strada urbana senza ciclabile (2 corsie)", "ciclabile": "no", "n_corsie": "2", "senso_unico": "no", "n_testimonianze": "0", "municipio": "XIII"}, "geometry": {"type": "LineString", "coordinates": [[12.3853689, 41.8872912], [12.3836848, 41.8875521], [12.3831994, 41.8876189], [12.383084, 41.8876396]]}}, {"type": "Feature", "properties": {"id": "SS-ROM-11324", "nome": "Via Riva Ligure", "quartiere": "Municipio Roma XIII", "classificazione": "giallo", "score": 3, "note": "strada urbana senza ciclabile (2 corsie)", "ciclabile": "no", "n_corsie": "2", "senso_unico": "no", "n_testimonianze": "0", "municipio": "XIII"}, "geometry": {"type": "LineString", "coordinates": [[12.4056948, 41.8834916], [12.4055061, 41.8835537], [12.4048706, 41.8837687], [12.4046812, 41.8838323], [12.4045728, 41.8838679], [12.4045437, 41.8838776], [12.4045093, 41.8838905], [12.4044593, 41.8839159], [12.4044143, 41.8839455], [12.4043815, 41.8839709], [12.4043524, 41.8840066], [12.4043297, 41.8840442], [12.4043087, 41.8841015], [12.4042606, 41.8842742], [12.4042296, 41.8843942], [12.4040683, 41.8847951], [12.4040314, 41.8849036], [12.4039609, 41.8850852], [12.4039096, 41.8851747], [12.4038521, 41.8852527], [12.4037964, 41.8853106], [12.4037314, 41.8853685], [12.4036581, 41.885424], [12.4035571, 41.8854863], [12.4034855, 41.8855234], [12.4034015, 41.8855582], [12.4033051, 41.8855904], [12.4031579, 41.885625], [12.4029855, 41.8856635], [12.4027908, 41.8857064], [12.4027031, 41.8857279], [12.4026712, 41.8857379], [12.4026475, 41.8857494], [12.4026323, 41.8857562], [12.4026217, 41.8857626], [12.4026036, 41.8857724], [12.4025898, 41.8857823], [12.4025765, 41.8857914], [12.4025561, 41.8858061], [12.4025377, 41.8858275]]}}, {"type": "Feature", "properties": {"id": "SS-ROM-11327", "nome": "Via Rivalba", "quartiere": "Municipio Roma XIII", "classificazione": "giallo", "score": 3, "note": "strada urbana senza ciclabile (2 corsie)", "ciclabile": "no", "n_corsie": "2", "senso_unico": "no", "n_testimonianze": "0", "municipio": "XIII"}, "geometry": {"type": "MultiLineString", "coordinates": [[[12.3673584, 41.9124704], [12.3673408, 41.9124608], [12.3666281, 41.9121308]], [[12.3655046, 41.9116095], [12.3659762, 41.9118127], [12.3666281, 41.9121308]]]}}, {"type": "Feature", "properties": {"id": "SS-ROM-11328", "nome": "Via Rivalta Bormida", "quartiere": "Municipio Roma XIII", "classificazione": "giallo", "score": 3, "note": "strada urbana senza ciclabile", "ciclabile": "no", "n_corsie": "2", "senso_unico": "no", "n_testimonianze": "0", "municipio": "XIII"}, "geometry": {"type": "LineString", "coordinates": [[12.331112, 41.9240489], [12.331082, 41.923984], [12.331077, 41.9239676], [12.3310741, 41.9239507], [12.3310724, 41.9239373], [12.3310728, 41.9239214], [12.331074, 41.9239048], [12.3310795, 41.9238741], [12.3310857, 41.9238444], [12.3310928, 41.9238134], [12.3311028, 41.923775], [12.3311208, 41.923714], [12.3311561, 41.9236167], [12.3313645, 41.9231782], [12.3313818, 41.9231417], [12.3314171, 41.9230512], [12.3314524, 41.9229606], [12.3314723, 41.9228956], [12.3314895, 41.9228346], [12.331504, 41.9227697], [12.3315158, 41.9227087], [12.3315546, 41.9224489], [12.3315511, 41.9222022], [12.3314912, 41.9218847], [12.3321045, 41.921833], [12.3321256, 41.9218283], [12.3321499, 41.9218196], [12.3321627, 41.921801], [12.3321704, 41.9217783], [12.3322036, 41.9215409]]}}, {"type": "Feature", "properties": {"id": "SS-ROM-11330", "nome": "Via Rivarone", "quartiere": "Municipio Roma XIII", "classificazione": "giallo", "score": 3, "note": "strada urbana senza ciclabile (2 corsie)", "ciclabile": "no", "n_corsie": "2", "senso_unico": "no", "n_testimonianze": "0", "municipio": "XIII"}, "geometry": {"type": "MultiLineString", "coordinates": [[[12.4147401, 41.9000772], [12.4145708, 41.9002053]], [[12.4137414, 41.9008378], [12.4110065, 41.901455], [12.4103358, 41.9016054], [12.4100021, 41.9016863], [12.409699, 41.9018942], [12.40967, 41.9019167], [12.4096523, 41.9019364], [12.4096432, 41.9019546], [12.409638, 41.9019721], [12.4096367, 41.9019888], [12.4096398, 41.9020111], [12.4096526, 41.9020365], [12.4096696, 41.9020541], [12.4098532, 41.9021985], [12.4098752, 41.9022116], [12.4099015, 41.9022194], [12.4099277, 41.9022233], [12.4099563, 41.9022185], [12.4099848, 41.9022096], [12.4100027, 41.9022004], [12.4101997, 41.9020754], [12.4102163, 41.9020658], [12.4102457, 41.9020522], [12.4102783, 41.9020393], [12.4103197, 41.9020264], [12.4103643, 41.9020144], [12.4104237, 41.9020016], [12.410487, 41.9019897], [12.4106757, 41.901954], [12.4111615, 41.9018561], [12.4118044, 41.9017265]], [[12.4145708, 41.9002053], [12.4138619, 41.9007588]], [[12.4138619, 41.9007588], [12.4137414, 41.9008378]]]}}, {"type": "Feature", "properties": {"id": "SS-ROM-11331", "nome": "Via Rivarossa", "quartiere": "Municipio Roma XIII", "classificazione": "giallo", "score": 3, "note": "strada urbana senza ciclabile", "ciclabile": "no", "n_corsie": "2", "senso_unico": "no", "n_testimonianze": "0", "municipio": "XIII"}, "geometry": {"type": "LineString", "coordinates": [[12.3840791, 41.8950986], [12.3844193, 41.8950883], [12.3856715, 41.895041]]}}, {"type": "Feature", "properties": {"id": "SS-ROM-11342", "nome": "Via Robella", "quartiere": "Municipio Roma XIII", "classificazione": "giallo", "score": 3, "note": "strada urbana senza ciclabile", "ciclabile": "no", "n_corsie": "2", "senso_unico": "no", "n_testimonianze": "0", "municipio": "XIII"}, "geometry": {"type": "LineString", "coordinates": [[12.3549689, 41.9174051], [12.3552444, 41.9178978]]}}, {"type": "Feature", "properties": {"id": "SS-ROM-11346", "nome": "Via Roberto Ago", "quartiere": "Municipio Roma XIII", "classificazione": "giallo", "score": 3, "note": "strada urbana senza ciclabile (1 corsie)", "ciclabile": "no", "n_corsie": "1", "senso_unico": "si", "n_testimonianze": "0", "municipio": "XIII"}, "geometry": {"type": "MultiLineString", "coordinates": [[[12.4033948, 41.8940948], [12.4033037, 41.8940967], [12.402217, 41.8941161], [12.4020734, 41.89412], [12.4019489, 41.8941222], [12.4018963, 41.8941238], [12.4018782, 41.8941207], [12.4018574, 41.8941149], [12.4018346, 41.8941051], [12.4018116, 41.8940923], [12.4017841, 41.8940764], [12.4017644, 41.8940649], [12.4017007, 41.8940281], [12.4015891, 41.8939637], [12.4015646, 41.8939476], [12.4015396, 41.8939266], [12.4015172, 41.8939006], [12.4015058, 41.8938783], [12.401497, 41.893851], [12.4014936, 41.8938267], [12.401485, 41.8936203], [12.4014742, 41.8933593], [12.4014376, 41.8928157], [12.4014282, 41.8926762], [12.4014238, 41.8926417], [12.4014206, 41.8926103]], [[12.4014206, 41.8926103], [12.4014227, 41.8925853], [12.4014261, 41.8925633], [12.4014314, 41.8925418], [12.4014408, 41.8925193], [12.4014555, 41.8924964], [12.4014742, 41.8924726], [12.4014938, 41.8924505], [12.4015303, 41.8924119], [12.4015537, 41.89239], [12.4015945, 41.892356], [12.4016281, 41.8923295], [12.4016809, 41.8922855], [12.4017606, 41.8922214], [12.4017856, 41.892214], [12.401832, 41.8922028], [12.4018897, 41.8921975]], [[12.40384, 41.8940814], [12.4038133, 41.8940822], [12.4037545, 41.8940837], [12.4037289, 41.8940845], [12.4036894, 41.8940859], [12.4036622, 41.8940865], [12.4033948, 41.8940948]]]}}, {"type": "Feature", "properties": {"id": "SS-ROM-11366", "nome": "Via Roberto Stagno", "quartiere": "Municipio Roma XIII", "classificazione": "giallo", "score": 3, "note": "strada urbana senza ciclabile", "ciclabile": "no", "n_corsie": "2", "senso_unico": "no", "n_testimonianze": "0", "municipio": "XIII"}, "geometry": {"type": "LineString", "coordinates": [[12.4162711, 41.9105619], [12.4154371, 41.9104644]]}}, {"type": "Feature", "properties": {"id": "SS-ROM-11371", "nome": "Via Rocca Grimalda", "quartiere": "Municipio Roma XIII", "classificazione": "giallo", "score": 3, "note": "strada urbana senza ciclabile", "ciclabile": "no", "n_corsie": "2", "senso_unico": "no", "n_testimonianze": "0", "municipio": "XIII"}, "geometry": {"type": "LineString", "coordinates": [[12.3677261, 41.9214571], [12.3687219, 41.9228342]]}}, {"type": "Feature", "properties": {"id": "SS-ROM-11388", "nome": "Via Roccabruna", "quartiere": "Municipio Roma XIII", "classificazione": "giallo", "score": 3, "note": "strada urbana senza ciclabile", "ciclabile": "no", "n_corsie": "2", "senso_unico": "no", "n_testimonianze": "0", "municipio": "XIII"}, "geometry": {"type": "LineString", "coordinates": [[12.3666795, 41.9138366], [12.3658307, 41.9134235], [12.3657233, 41.9128261], [12.3655046, 41.9116095], [12.3655003, 41.9115489], [12.3654995, 41.9115225], [12.3655014, 41.9114972], [12.365505, 41.9114711], [12.3655113, 41.9114461], [12.3655958, 41.9112137], [12.3656115, 41.9111816], [12.3656272, 41.9111557], [12.3656469, 41.9111297], [12.3656605, 41.911116], [12.3656747, 41.9111038], [12.3656902, 41.9110949], [12.3656995, 41.9110914], [12.3657092, 41.9110878], [12.3657219, 41.9110854], [12.3657359, 41.9110835], [12.3657503, 41.9110828], [12.3657633, 41.9110832], [12.3657754, 41.9110844], [12.3657884, 41.9110868], [12.3658036, 41.9110922], [12.3658135, 41.9110985], [12.3660367, 41.9112902], [12.3660474, 41.9113034], [12.3660596, 41.9113207], [12.3660708, 41.9113408], [12.3660772, 41.9113553], [12.3660829, 41.9113733], [12.3660854, 41.9113898], [12.3660873, 41.9114088], [12.3660869, 41.9114213], [12.36608, 41.9114528], [12.3659762, 41.9118127]]}}, {"type": "Feature", "properties": {"id": "SS-ROM-11429", "nome": "Via Roddino", "quartiere": "Municipio Roma XIII", "classificazione": "giallo", "score": 3, "note": "strada urbana senza ciclabile", "ciclabile": "no", "n_corsie": "2", "senso_unico": "no", "n_testimonianze": "0", "municipio": "XIII"}, "geometry": {"type": "MultiLineString", "coordinates": [[[12.3857566, 41.8967192], [12.3859313, 41.8967045], [12.3860211, 41.8966778]], [[12.386224, 41.8965931], [12.3863543, 41.8965223], [12.3864005, 41.8965005], [12.3864697, 41.8964775], [12.386517, 41.8964651], [12.3865607, 41.8964554], [12.3866224, 41.8964453], [12.3866957, 41.8964355], [12.3867515, 41.8964368], [12.3867802, 41.896439], [12.3868054, 41.8964439], [12.3868456, 41.8964553], [12.3868911, 41.896476]], [[12.3860211, 41.8966778], [12.3860912, 41.896643], [12.386224, 41.8965931]]]}}, {"type": "Feature", "properties": {"id": "SS-ROM-11462", "nome": "Via Romano Guerra", "quartiere": "Municipio Roma XIII", "classificazione": "giallo", "score": 3, "note": "strada urbana senza ciclabile (2 corsie)", "ciclabile": "no", "n_corsie": "2", "senso_unico": "no", "n_testimonianze": "0", "municipio": "XIII"}, "geometry": {"type": "MultiLineString", "coordinates": [[[12.3503461, 41.8812165], [12.3506022, 41.881253], [12.3513314, 41.8814119], [12.3520971, 41.8816223], [12.3523481, 41.8816747]], [[12.3479955, 41.8816174], [12.3482414, 41.8816017], [12.3482881, 41.8815987], [12.3484017, 41.881585], [12.3489403, 41.8814585], [12.3492953, 41.8813362], [12.3493913, 41.8813075], [12.3497207, 41.8812191], [12.349965, 41.8811913], [12.3502331, 41.8812053], [12.3503461, 41.8812165]]]}}, {"type": "Feature", "properties": {"id": "SS-ROM-11487", "nome": "Via Ronco di Scrivia", "quartiere": "Municipio Roma XIII", "classificazione": "giallo", "score": 3, "note": "strada urbana senza ciclabile", "ciclabile": "no", "n_corsie": "2", "senso_unico": "no", "n_testimonianze": "0", "municipio": "XIII"}, "geometry": {"type": "LineString", "coordinates": [[12.4042606, 41.8842742], [12.4043061, 41.8842791], [12.4043803, 41.8842871], [12.4050231, 41.8843564], [12.4051968, 41.8844324], [12.4052702, 41.884495]]}}, {"type": "Feature", "properties": {"id": "SS-ROM-11498", "nome": "Via Rosario Assunto", "quartiere": "Municipio Roma XIII", "classificazione": "giallo", "score": 3, "note": "strada urbana senza ciclabile", "ciclabile": "no", "n_corsie": "2", "senso_unico": "si", "n_testimonianze": "0", "municipio": "XIII"}, "geometry": {"type": "LineString", "coordinates": [[12.3491372, 41.9088948], [12.3496133, 41.9087721], [12.3496441, 41.9087645], [12.3496684, 41.9087596], [12.34969, 41.9087558], [12.3497332, 41.908751], [12.3497549, 41.90875], [12.3497753, 41.9087501], [12.3497997, 41.9087521], [12.3498228, 41.9087561], [12.3498544, 41.9087647], [12.3498806, 41.9087733], [12.3499005, 41.9087827], [12.3499144, 41.9087911], [12.3499271, 41.9087994], [12.349945, 41.9088143], [12.3499596, 41.9088322], [12.3499807, 41.9088679], [12.350036, 41.9090261], [12.3501147, 41.9093247], [12.3501386, 41.909415], [12.3501741, 41.909483], [12.3502343, 41.909578], [12.3502608, 41.9096163], [12.3502859, 41.9096505], [12.3503146, 41.909688], [12.350342, 41.9097214], [12.3504464, 41.9098446], [12.3506142, 41.910025], [12.3510368, 41.9104792]]}}, {"type": "Feature", "properties": {"id": "SS-ROM-11531", "nome": "Via Ruffia", "quartiere": "Municipio Roma XIII", "classificazione": "giallo", "score": 3, "note": "strada urbana senza ciclabile", "ciclabile": "no", "n_corsie": "2", "senso_unico": "si", "n_testimonianze": "0", "municipio": "XIII"}, "geometry": {"type": "MultiLineString", "coordinates": [[[12.3621301, 41.9265457], [12.3616207, 41.9266615], [12.3615508, 41.9266628], [12.3615225, 41.9266579], [12.3615013, 41.9266474], [12.3614827, 41.9266178], [12.3612393, 41.9261804]], [[12.3612393, 41.9261804], [12.3612207, 41.9261527], [12.3612034, 41.9261241], [12.3611855, 41.9260915], [12.3611636, 41.9260327], [12.3611265, 41.9258981], [12.3611785, 41.9258863], [12.3611991, 41.9258858], [12.361217, 41.9258914], [12.3612279, 41.9259041], [12.3612335, 41.9259188], [12.3612454, 41.92609], [12.361245, 41.9261362], [12.3612393, 41.9261804]]]}}, {"type": "Feature", "properties": {"id": "SS-ROM-11541", "nome": "Via Ruggero Orlando", "quartiere": "Municipio Roma XIII", "classificazione": "giallo", "score": 3, "note": "strada urbana senza ciclabile (2 corsie)", "ciclabile": "no", "n_corsie": "2", "senso_unico": "si", "n_testimonianze": "0", "municipio": "XIII"}, "geometry": {"type": "MultiLineString", "coordinates": [[[12.3986192, 41.931437], [12.399286, 41.9310494], [12.3994343, 41.9309636], [12.3995654, 41.9308878], [12.3996329, 41.9308487]], [[12.3998507, 41.9307256], [12.3999514, 41.930669], [12.4000405, 41.9306184], [12.4005483, 41.9303231], [12.4008947, 41.9301212], [12.4009554, 41.9300892]], [[12.3996329, 41.9308487], [12.3998507, 41.9307256]], [[12.3991033, 41.9284913], [12.3992367, 41.9283688], [12.3994892, 41.9281397], [12.399522, 41.9281112], [12.39959, 41.9280549], [12.3996354, 41.9280258], [12.3996702, 41.9280112], [12.3997022, 41.9280016], [12.3997419, 41.9279991], [12.3998276, 41.9280086], [12.3998767, 41.9280158], [12.4001619, 41.9280607], [12.4002025, 41.9280675], [12.4007205, 41.9281416], [12.4008256, 41.9281569], [12.4010517, 41.9281919], [12.401371, 41.9282408], [12.4014184, 41.9282488], [12.4014817, 41.9282606], [12.4015374, 41.9282795], [12.4015774, 41.9282989], [12.4016106, 41.9283233], [12.4016372, 41.9283541], [12.4016592, 41.9284009], [12.4016933, 41.9285101], [12.4017285, 41.9286388], [12.4017698, 41.9287655], [12.4018287, 41.9289379], [12.4018785, 41.9290777], [12.4018857, 41.9291087], [12.4018889, 41.9291537], [12.4018865, 41.929185], [12.4018498, 41.9294756], [12.4018414, 41.9295078], [12.4018306, 41.9295389], [12.4018171, 41.9295639], [12.401797, 41.9295857], [12.4017743, 41.9296065], [12.4017207, 41.9296421], [12.4016405, 41.9296913], [12.4015522, 41.9297416], [12.4010287, 41.9300465], [12.4009554, 41.9300892]]]}}, {"type": "Feature", "properties": {"id": "SS-ROM-11571", "nome": "Via Salasco", "quartiere": "Municipio Roma XIII", "classificazione": "giallo", "score": 3, "note": "strada urbana senza ciclabile", "ciclabile": "no", "n_corsie": "2", "senso_unico": "si", "n_testimonianze": "0", "municipio": "XIII"}, "geometry": {"type": "LineString", "coordinates": [[12.3687015, 41.9142327], [12.3683896, 41.9140737], [12.3676767, 41.9137224], [12.3669766, 41.913405], [12.3669131, 41.9133825]]}}, {"type": "Feature", "properties": {"id": "SS-ROM-11573", "nome": "Via Sale", "quartiere": "Municipio Roma XIII", "classificazione": "giallo", "score": 3, "note": "strada urbana senza ciclabile", "ciclabile": "no", "n_corsie": "2", "senso_unico": "no", "n_testimonianze": "0", "municipio": "XIII"}, "geometry": {"type": "LineString", "coordinates": [[12.3871992, 41.903645], [12.3870929, 41.9035844], [12.3870363, 41.903555], [12.3869744, 41.9035257], [12.3869103, 41.9034986], [12.3868409, 41.9034716], [12.3866952, 41.9034194]]}}, {"type": "Feature", "properties": {"id": "SS-ROM-11587", "nome": "Via Salussola", "quartiere": "Municipio Roma XIII", "classificazione": "giallo", "score": 3, "note": "strada urbana senza ciclabile", "ciclabile": "no", "n_corsie": "2", "senso_unico": "si", "n_testimonianze": "0", "municipio": "XIII"}, "geometry": {"type": "LineString", "coordinates": [[12.3748362, 41.918539], [12.3749075, 41.9179272], [12.374943, 41.9175797]]}}, {"type": "Feature", "properties": {"id": "SS-ROM-11596", "nome": "Via Salvatore Cognetti De Martiis", "quartiere": "Municipio Roma XIII", "classificazione": "giallo", "score": 3, "note": "strada urbana senza ciclabile", "ciclabile": "no", "n_corsie": "2", "senso_unico": "no", "n_testimonianze": "0", "municipio": "XIII"}, "geometry": {"type": "LineString", "coordinates": [[12.354019, 41.9195643], [12.3531634, 41.9197944], [12.3531093, 41.9198081], [12.3522906, 41.9200278], [12.3516193, 41.9202102], [12.351525, 41.9202388], [12.3514126, 41.9202751], [12.351365, 41.9202892], [12.351261, 41.9203212], [12.3512147, 41.920328], [12.3511809, 41.9203323], [12.3511496, 41.920335], [12.3511161, 41.9203357], [12.3510852, 41.9203355], [12.3510418, 41.920333], [12.3510011, 41.9203274], [12.3509155, 41.9203149], [12.3507679, 41.9202899], [12.3505909, 41.920263], [12.3504753, 41.9202453], [12.3503231, 41.9202308], [12.3502629, 41.9202266], [12.3502424, 41.9202257], [12.350215, 41.9202255], [12.3501781, 41.9202237], [12.350146, 41.9202095], [12.3501256, 41.9201454], [12.3501271, 41.9200793], [12.3501261, 41.9200366], [12.3501271, 41.9199887], [12.350115, 41.9199333], [12.350115, 41.9199109]]}}, {"type": "Feature", "properties": {"id": "SS-ROM-11682", "nome": "Via San Giovanni della Croce", "quartiere": "Municipio Roma XIII", "classificazione": "giallo", "score": 3, "note": "strada urbana senza ciclabile (2 corsie)", "ciclabile": "no", "n_corsie": "2", "senso_unico": "no", "n_testimonianze": "0", "municipio": "XIII"}, "geometry": {"type": "LineString", "coordinates": [[12.4069715, 41.9005552], [12.4075408, 41.9004307], [12.407607, 41.9004165], [12.4086252, 41.9001974], [12.4087846, 41.9001631], [12.4097858, 41.8999477]]}}, {"type": "Feature", "properties": {"id": "SS-ROM-11734", "nome": "Via San Raffaele Cimena", "quartiere": "Municipio Roma XIII", "classificazione": "giallo", "score": 3, "note": "strada urbana senza ciclabile", "ciclabile": "no", "n_corsie": "2", "senso_unico": "no", "n_testimonianze": "0", "municipio": "XIII"}, "geometry": {"type": "LineString", "coordinates": [[12.386753, 41.9207946], [12.3870254, 41.9195922], [12.3870304, 41.919567], [12.3870361, 41.9195493], [12.3870462, 41.9195376], [12.3870653, 41.9195288], [12.3870842, 41.9195249], [12.3871032, 41.9195246], [12.3871222, 41.9195249], [12.3878509, 41.9196011]]}}, {"type": "Feature", "properties": {"id": "SS-ROM-11750", "nome": "Via San Vitaliano", "quartiere": "Municipio Roma XIII", "classificazione": "giallo", "score": 3, "note": "strada urbana senza ciclabile (1 corsie)", "ciclabile": "no", "n_corsie": "1", "senso_unico": "no", "n_testimonianze": "0", "municipio": "XIII"}, "geometry": {"type": "LineString", "coordinates": [[12.410623, 41.9114891], [12.4111254, 41.9112779], [12.411239, 41.9111666], [12.4112831, 41.9110553], [12.411255, 41.9109276], [12.4110438, 41.9106549], [12.4109487, 41.9104649], [12.4110047, 41.9102223], [12.4110579, 41.9100523], [12.4113378, 41.9092956]]}}, {"type": "Feature", "properties": {"id": "SS-ROM-11755", "nome": "Via San Zeffirino Papa", "quartiere": "Municipio Roma XIII", "classificazione": "giallo", "score": 3, "note": "strada urbana senza ciclabile (1 corsie)", "ciclabile": "no", "n_corsie": "1", "senso_unico": "si", "n_testimonianze": "0", "municipio": "XIII"}, "geometry": {"type": "LineString", "coordinates": [[12.4147003, 41.9032396], [12.4146277, 41.9032705], [12.4145879, 41.9032859], [12.4145546, 41.9032964], [12.414504, 41.9033111], [12.4144789, 41.9033214], [12.4144535, 41.9033355], [12.4144325, 41.9033552], [12.41442, 41.9033743], [12.4144118, 41.903399], [12.4144084, 41.9034221], [12.4144114, 41.903819], [12.4144148, 41.9042784], [12.4143944, 41.9043156], [12.4143713, 41.9043575], [12.4142791, 41.9045068], [12.4142558, 41.9045446]]}}, {"type": "Feature", "properties": {"id": "SS-ROM-11756", "nome": "Via Sand", "quartiere": "Municipio Roma XIII", "classificazione": "giallo", "score": 3, "note": "strada urbana senza ciclabile", "ciclabile": "no", "n_corsie": "2", "senso_unico": "no", "n_testimonianze": "0", "municipio": "XIII"}, "geometry": {"type": "LineString", "coordinates": [[12.4006135, 41.9230391], [12.4008336, 41.9231148], [12.4017783, 41.9234395]]}}, {"type": "Feature", "properties": {"id": "SS-ROM-11757", "nome": "Via Sandigliano", "quartiere": "Municipio Roma XIII", "classificazione": "giallo", "score": 3, "note": "strada urbana senza ciclabile", "ciclabile": "no", "n_corsie": "2", "senso_unico": "no", "n_testimonianze": "0", "municipio": "XIII"}, "geometry": {"type": "LineString", "coordinates": [[12.3964076, 41.9245342], [12.3961903, 41.9246762], [12.3958644, 41.9243782], [12.3958222, 41.9243455], [12.3954934, 41.9241044], [12.3953173, 41.9239735], [12.3951552, 41.9238477]]}}, {"type": "Feature", "properties": {"id": "SS-ROM-11790", "nome": "Via Sant'Igino Papa", "quartiere": "Municipio Roma XIII", "classificazione": "giallo", "score": 3, "note": "strada urbana senza ciclabile (1 corsie)", "ciclabile": "no", "n_corsie": "1", "senso_unico": "si", "n_testimonianze": "0", "municipio": "XIII"}, "geometry": {"type": "LineString", "coordinates": [[12.4148537, 41.9141092], [12.4149049, 41.9141383], [12.4149462, 41.9141571], [12.4150022, 41.9141761], [12.4150667, 41.9141946], [12.4151373, 41.9142108], [12.4152428, 41.914228], [12.4153599, 41.9142471], [12.4154122, 41.9142511], [12.4154632, 41.9142512], [12.4155327, 41.9142488], [12.4155988, 41.9142447], [12.4156644, 41.9142391], [12.4157368, 41.9142342], [12.4158988, 41.9142196], [12.4160513, 41.9142087], [12.4161267, 41.9142023], [12.4161906, 41.9141996], [12.4162521, 41.9142028], [12.4162988, 41.9142113], [12.4163533, 41.9142253], [12.4164135, 41.914247], [12.416476, 41.9142774], [12.4165211, 41.9143051], [12.4165615, 41.9143328], [12.4166187, 41.9143744], [12.4166808, 41.9144331], [12.4167087, 41.9144636], [12.4167307, 41.9144933], [12.4167568, 41.9145382], [12.41677, 41.9145736], [12.4167806, 41.9146188], [12.4167879, 41.9146531], [12.4167967, 41.9147571], [12.4167994, 41.9148668], [12.4168012, 41.9149748], [12.416798, 41.9150679], [12.4167943, 41.9153063], [12.4167916, 41.915532], [12.4167907, 41.9157294], [12.4167918, 41.9158422], [12.4167912, 41.9161171], [12.4167919, 41.9162743], [12.4167899, 41.91643], [12.4167921, 41.9165601], [12.4167969, 41.9168469], [12.4167974, 41.9169953], [12.4167958, 41.9171297], [12.4167984, 41.9172486], [12.4167993, 41.9173484], [12.416797, 41.9176984], [12.4167941, 41.9183177], [12.4167891, 41.9184089], [12.4167806, 41.9184951], [12.4167735, 41.9185567], [12.4167484, 41.9186889], [12.4167338, 41.9187337], [12.4167157, 41.9187812], [12.4166395, 41.9189532], [12.416614, 41.9190061], [12.4165944, 41.9190507], [12.4165689, 41.9191306], [12.4165528, 41.9191914], [12.4165428, 41.9192774], [12.4165328, 41.919353], [12.4165309, 41.9193897], [12.4165337, 41.9194202], [12.4166306, 41.9199285], [12.4166418, 41.9199818]]}}, {"type": "Feature", "properties": {"id": "SS-ROM-11821", "nome": "Via Santa Seconda", "quartiere": "Municipio Roma XIII", "classificazione": "giallo", "score": 3, "note": "strada urbana senza ciclabile (2 corsie)", "ciclabile": "no", "n_corsie": "2", "senso_unico": "no", "n_testimonianze": "0", "municipio": "XIII"}, "geometry": {"type": "LineString", "coordinates": [[12.3685224, 41.9158273], [12.3685216, 41.9160207], [12.3685216, 41.9160662], [12.3685209, 41.9160915], [12.3685189, 41.916115], [12.3685142, 41.91614], [12.3685082, 41.9161611], [12.3685001, 41.9161817], [12.368491, 41.9161999], [12.3684452, 41.916284], [12.3684309, 41.9163071], [12.3678572, 41.9172283], [12.367699, 41.9174904], [12.3672532, 41.9182043], [12.3668013, 41.9189234], [12.366691, 41.9191052], [12.3665681, 41.9192365], [12.3665334, 41.9192679], [12.3664943, 41.9192969], [12.3664471, 41.9193289], [12.3664058, 41.9193532], [12.3663732, 41.9193701], [12.3663298, 41.9193889], [12.3662773, 41.9194091], [12.366243, 41.9194202], [12.366206, 41.9194313], [12.3661592, 41.9194445], [12.3657154, 41.9195616], [12.3656575, 41.9195781], [12.3652928, 41.9196812], [12.3652506, 41.919694], [12.3652256, 41.9197024], [12.365202, 41.9197113], [12.3651745, 41.9197222], [12.3649376, 41.9198295], [12.3644804, 41.9200548]]}}, {"type": "Feature", "properties": {"id": "SS-ROM-11828", "nome": "Via Santa Virginia Centurione Bracelli", "quartiere": "Municipio Roma XIII", "classificazione": "giallo", "score": 3, "note": "strada urbana senza ciclabile (2 corsie)", "ciclabile": "no", "n_corsie": "2", "senso_unico": "si", "n_testimonianze": "0", "municipio": "XIII"}, "geometry": {"type": "LineString", "coordinates": [[12.4184964, 41.9187015], [12.4183554, 41.9187563], [12.4183298, 41.9187663], [12.4177976, 41.9190488], [12.4172453, 41.9194305], [12.4171378, 41.9195078], [12.4171127, 41.9195271], [12.4170857, 41.9195494], [12.417045, 41.9195861], [12.4170283, 41.9196055], [12.4170115, 41.9196308], [12.4169969, 41.9196596], [12.416989, 41.9196916], [12.4169842, 41.9197274], [12.4169855, 41.9197615], [12.4169876, 41.9197831], [12.4169936, 41.9198125], [12.4170024, 41.9198467], [12.4170109, 41.9198727], [12.4170291, 41.9199328]]}}, {"type": "Feature", "properties": {"id": "SS-ROM-11836", "nome": "Via Santena", "quartiere": "Municipio Roma XIII", "classificazione": "giallo", "score": 3, "note": "strada urbana senza ciclabile", "ciclabile": "no", "n_corsie": "2", "senso_unico": "no", "n_testimonianze": "0", "municipio": "XIII"}, "geometry": {"type": "MultiLineString", "coordinates": [[[12.3881357, 41.9040756], [12.3881572, 41.9040662], [12.389239, 41.9036212]], [[12.3881572, 41.9040662], [12.3878499, 41.9042107]], [[12.3878499, 41.9042107], [12.3874693, 41.9044404]]]}}, {"type": "Feature", "properties": {"id": "SS-ROM-11861", "nome": "Via Sardigliano", "quartiere": "Municipio Roma XIII", "classificazione": "giallo", "score": 3, "note": "strada urbana senza ciclabile (2 corsie)", "ciclabile": "no", "n_corsie": "2", "senso_unico": "no", "n_testimonianze": "0", "municipio": "XIII"}, "geometry": {"type": "LineString", "coordinates": [[12.3844109, 41.9023722], [12.3850751, 41.902994], [12.3854032, 41.9033544], [12.3857713, 41.9037935], [12.385792, 41.9038332]]}}, {"type": "Feature", "properties": {"id": "SS-ROM-11871", "nome": "Via Sassello", "quartiere": "Municipio Roma XIII", "classificazione": "giallo", "score": 3, "note": "strada urbana senza ciclabile", "ciclabile": "no", "n_corsie": "2", "senso_unico": "no", "n_testimonianze": "0", "municipio": "XIII"}, "geometry": {"type": "LineString", "coordinates": [[12.4032237, 41.8814231], [12.4025887, 41.8825115], [12.402186, 41.8831879], [12.4021307, 41.8832917], [12.4021009, 41.8833472]]}}, {"type": "Feature", "properties": {"id": "SS-ROM-11888", "nome": "Via Savignone", "quartiere": "Municipio Roma XIII", "classificazione": "giallo", "score": 3, "note": "strada urbana senza ciclabile", "ciclabile": "no", "n_corsie": "2", "senso_unico": "no", "n_testimonianze": "0", "municipio": "XIII"}, "geometry": {"type": "LineString", "coordinates": [[12.4034351, 41.9125178], [12.403883, 41.9118874], [12.4039621, 41.9117836], [12.4039873, 41.9117336], [12.4040019, 41.9116958], [12.4040125, 41.9116549], [12.4040201, 41.9115978], [12.404023, 41.9115533], [12.4040248, 41.9115141], [12.4040206, 41.9114688], [12.4037927, 41.910838], [12.403609, 41.9103105], [12.4033797, 41.9096022]]}}, {"type": "Feature", "properties": {"id": "SS-ROM-11896", "nome": "Via Scandeluzza", "quartiere": "Municipio Roma XIII", "classificazione": "giallo", "score": 3, "note": "strada urbana senza ciclabile", "ciclabile": "no", "n_corsie": "2", "senso_unico": "no", "n_testimonianze": "0", "municipio": "XIII"}, "geometry": {"type": "MultiLineString", "coordinates": [[[12.3730956, 41.9280196], [12.3743418, 41.927821]], [[12.3743526, 41.9278607], [12.3758944, 41.9276932]]]}}, {"type": "Feature", "properties": {"id": "SS-ROM-11901", "nome": "Via Scarmagno", "quartiere": "Municipio Roma XIII", "classificazione": "giallo", "score": 3, "note": "strada urbana senza ciclabile", "ciclabile": "no", "n_corsie": "2", "senso_unico": "no", "n_testimonianze": "0", "municipio": "XIII"}, "geometry": {"type": "LineString", "coordinates": [[12.3945702, 41.8986576], [12.3948481, 41.8985069], [12.3951557, 41.8984002], [12.3954828, 41.8983006]]}}, {"type": "Feature", "properties": {"id": "SS-ROM-12003", "nome": "Via Serravalle Scrivia", "quartiere": "Municipio Roma XIII", "classificazione": "giallo", "score": 3, "note": "strada urbana senza ciclabile (2 corsie)", "ciclabile": "no", "n_corsie": "2", "senso_unico": "no", "n_testimonianze": "0", "municipio": "XIII"}, "geometry": {"type": "LineString", "coordinates": [[12.3866003, 41.9038619], [12.3866149, 41.9038265], [12.3866267, 41.9037844], [12.3866321, 41.9037615], [12.3866609, 41.9036094], [12.3866757, 41.9035238], [12.3866952, 41.9034194], [12.386707, 41.9033382], [12.3867128, 41.9032835], [12.3867127, 41.9032626], [12.3867111, 41.9032372], [12.3867069, 41.9032152], [12.3866982, 41.9031863], [12.3866877, 41.9031572], [12.3866711, 41.9031257], [12.3866572, 41.9030992], [12.3866371, 41.9030635], [12.3866127, 41.9030262], [12.3862733, 41.9025756], [12.3860985, 41.9023377], [12.3858845, 41.9020131], [12.3858088, 41.9018829], [12.385723, 41.901738], [12.3856793, 41.9016621], [12.3856341, 41.9015828], [12.3854725, 41.9013142], [12.3854158, 41.901226], [12.3850575, 41.9006511], [12.3850282, 41.9005905], [12.3849997, 41.9005021], [12.384988, 41.9004253], [12.3849803, 41.9003445], [12.3849374, 41.8999619], [12.3849177, 41.899818], [12.3848929, 41.8997302], [12.3848625, 41.8996477], [12.3846422, 41.8993994], [12.384417, 41.8991604], [12.3843721, 41.8991219], [12.3843127, 41.8990873], [12.3841883, 41.8990157], [12.3841573, 41.8989331], [12.3841317, 41.8988416], [12.3840704, 41.8987168], [12.3839205, 41.8985027], [12.3837362, 41.8981754], [12.383567, 41.8978856], [12.38339, 41.8975993], [12.3831012, 41.8971434]]}}, {"type": "Feature", "properties": {"id": "SS-ROM-12030", "nome": "Via Settimo Torinese", "quartiere": "Municipio Roma XIII", "classificazione": "giallo", "score": 3, "note": "strada urbana senza ciclabile", "ciclabile": "no", "n_corsie": "2", "senso_unico": "no", "n_testimonianze": "0", "municipio": "XIII"}, "geometry": {"type": "MultiLineString", "coordinates": [[[12.3332194, 41.9267792], [12.3332507, 41.9267167], [12.3332616, 41.9266884], [12.3332685, 41.9266641], [12.3332731, 41.926635], [12.3332737, 41.9266099], [12.3332715, 41.9265868], [12.3332667, 41.9265617], [12.3332612, 41.9265341], [12.3331565, 41.9261565], [12.3331316, 41.9260875], [12.3331013, 41.9260206], [12.3330681, 41.9259595], [12.3330242, 41.9258964], [12.3329683, 41.9258278], [12.3329071, 41.9257552], [12.332849, 41.9256803], [12.3327855, 41.9255887], [12.332722, 41.925491], [12.3326921, 41.9254397], [12.3326779, 41.9254101], [12.3326628, 41.9253672], [12.3326574, 41.9253316], [12.3326573, 41.925296], [12.3326616, 41.9252592], [12.3326725, 41.9252243], [12.3326907, 41.9251876], [12.3327502, 41.9250817], [12.3329082, 41.9247773], [12.3329627, 41.9246735], [12.3329694, 41.9246577], [12.3329748, 41.9246419], [12.3329779, 41.9246271], [12.3329796, 41.9246123], [12.33298, 41.924597], [12.3329791, 41.9245822], [12.3329773, 41.9245702], [12.3329743, 41.9245588], [12.3329696, 41.9245478], [12.3329635, 41.9245369], [12.3329547, 41.9245277], [12.3329446, 41.9245184], [12.332921, 41.924501], [12.3328941, 41.9244855], [12.3328434, 41.9244519], [12.3328203, 41.9244358], [12.3327993, 41.9244198], [12.3327806, 41.9244038], [12.3327639, 41.9243879], [12.3327365, 41.9243575], [12.3327145, 41.924327], [12.3326938, 41.9242966], [12.3326321, 41.9241919], [12.3326283, 41.9241817], [12.3326279, 41.9241726], [12.3326291, 41.924163], [12.332631, 41.9241548], [12.3326358, 41.9241452], [12.3326419, 41.9241373], [12.3326538, 41.9241282], [12.3326649, 41.9241217], [12.3326798, 41.9241162], [12.3328744, 41.9240614], [12.3330211, 41.9240258], [12.3330456, 41.9239924], [12.3330486, 41.9239542], [12.3330115, 41.9237874], [12.3329766, 41.9236306]], [[12.3326358, 41.9241452], [12.3325917, 41.9241105], [12.3325358, 41.9239804], [12.3325329, 41.9239531], [12.3325491, 41.9239148], [12.3325843, 41.9238799], [12.3326739, 41.9238514], [12.3330115, 41.9237874]], [[12.3325329, 41.9239531], [12.3324712, 41.9239334], [12.3324007, 41.9239247], [12.3322993, 41.9239334], [12.3321979, 41.9239542], [12.3321494, 41.9239542], [12.3320613, 41.9239236], [12.3319981, 41.9238875], [12.3319629, 41.9238503]]]}}, {"type": "Feature", "properties": {"id": "SS-ROM-12097", "nome": "Via Simone Mosca", "quartiere": "Municipio Roma XIII", "classificazione": "giallo", "score": 3, "note": "strada urbana senza ciclabile (1 corsie)", "ciclabile": "no", "n_corsie": "1", "senso_unico": "si", "n_testimonianze": "0", "municipio": "XIII"}, "geometry": {"type": "LineString", "coordinates": [[12.4209714, 41.9272745], [12.4209875, 41.9272953], [12.4210023, 41.9273176], [12.421009, 41.9273347], [12.4210101, 41.9273533], [12.4210057, 41.927371], [12.4209928, 41.9273894], [12.4209793, 41.9274047], [12.4209528, 41.9274241], [12.4209157, 41.9274457], [12.4208721, 41.9274666], [12.4208248, 41.9274887], [12.4206472, 41.9275634], [12.4190419, 41.928271], [12.4178366, 41.9288105], [12.4174303, 41.9289881], [12.4174033, 41.9289993], [12.4173199, 41.9290289]]}}, {"type": "Feature", "properties": {"id": "SS-ROM-12136", "nome": "Via Solero", "quartiere": "Municipio Roma XIII", "classificazione": "giallo", "score": 3, "note": "strada urbana senza ciclabile", "ciclabile": "no", "n_corsie": "2", "senso_unico": "no", "n_testimonianze": "0", "municipio": "XIII"}, "geometry": {"type": "LineString", "coordinates": [[12.3543946, 41.9176003], [12.3546662, 41.9180965]]}}, {"type": "Feature", "properties": {"id": "SS-ROM-12139", "nome": "Via Solonghello", "quartiere": "Municipio Roma XIII", "classificazione": "giallo", "score": 3, "note": "strada urbana senza ciclabile", "ciclabile": "no", "n_corsie": "2", "senso_unico": "no", "n_testimonianze": "0", "municipio": "XIII"}, "geometry": {"type": "LineString", "coordinates": [[12.3690801, 41.9179396], [12.3684631, 41.9178007]]}}, {"type": "Feature", "properties": {"id": "SS-ROM-12161", "nome": "Via Soriso", "quartiere": "Municipio Roma XIII", "classificazione": "giallo", "score": 3, "note": "strada urbana senza ciclabile (2 corsie)", "ciclabile": "no", "n_corsie": "2", "senso_unico": "no", "n_testimonianze": "0", "municipio": "XIII"}, "geometry": {"type": "LineString", "coordinates": [[12.4062079, 41.8985395], [12.4068434, 41.9000739], [12.4068836, 41.9001825], [12.4069036, 41.9002452], [12.406919, 41.9003012], [12.4069297, 41.9003511], [12.4069429, 41.9004232], [12.4069513, 41.9004683], [12.4069609, 41.9005117], [12.4069715, 41.9005552], [12.4069834, 41.900599], [12.4069963, 41.9006428], [12.4070107, 41.9006867], [12.4070669, 41.9008384], [12.4070977, 41.9009146], [12.4071147, 41.9009536], [12.4071338, 41.9009941], [12.4071498, 41.901023], [12.407168, 41.9010535], [12.4072075, 41.9011161], [12.4072535, 41.9011791], [12.407272, 41.9012018], [12.4072911, 41.9012219], [12.4073135, 41.9012445], [12.4073386, 41.9012668], [12.4073671, 41.9012915], [12.4073938, 41.9013128], [12.4075813, 41.9014651], [12.408617, 41.902291], [12.4093481, 41.9028705], [12.409455, 41.9029531], [12.410237, 41.9035731], [12.4104108, 41.9036948], [12.4104473, 41.9037188]]}}, {"type": "Feature", "properties": {"id": "SS-ROM-12166", "nome": "Via Sostegno", "quartiere": "Municipio Roma XIII", "classificazione": "giallo", "score": 3, "note": "strada urbana senza ciclabile", "ciclabile": "no", "n_corsie": "2", "senso_unico": "no", "n_testimonianze": "0", "municipio": "XIII"}, "geometry": {"type": "LineString", "coordinates": [[12.3344195, 41.9289412], [12.3347298, 41.9288006], [12.334917, 41.9287193], [12.3353039, 41.9285532], [12.3354148, 41.9285128], [12.3355181, 41.92848], [12.3355841, 41.9284606], [12.3356582, 41.9284413], [12.3357715, 41.9284152], [12.3359539, 41.9283825], [12.336302, 41.9283224], [12.336549, 41.928275], [12.3368219, 41.9282133], [12.3371073, 41.9281535], [12.3373907, 41.928094], [12.3378677, 41.9279968], [12.3379374, 41.9279832], [12.3380047, 41.9279725], [12.3381611, 41.9279487], [12.3382174, 41.9279385], [12.3382449, 41.9279325], [12.3382697, 41.9279265], [12.3382861, 41.9279223], [12.3382999, 41.9279181], [12.338311, 41.9279132], [12.3383207, 41.9279076], [12.338326, 41.9279035], [12.3383327, 41.9278983], [12.3383379, 41.9278921], [12.3383433, 41.9278841], [12.3383907, 41.9277531], [12.3384945, 41.927387], [12.3385848, 41.9271234], [12.3386063, 41.9270823], [12.3386223, 41.9270617], [12.3386411, 41.9270401], [12.338663, 41.9270205], [12.3386875, 41.9269999], [12.3387194, 41.9269814], [12.3387513, 41.9269648], [12.3387888, 41.9269495], [12.3388263, 41.9269362], [12.3389053, 41.9269135], [12.3389573, 41.9269009], [12.3390132, 41.9268893], [12.3390417, 41.9268837], [12.3390741, 41.9268777], [12.3391006, 41.9268732], [12.339131, 41.9268681], [12.3391488, 41.9268635], [12.3391619, 41.9268588], [12.3391771, 41.9268517], [12.3391875, 41.9268446], [12.3391963, 41.926836], [12.3392024, 41.9268275], [12.3392236, 41.9267758], [12.339271, 41.9266229], [12.3392927, 41.9265794], [12.3393252, 41.9265339], [12.3393515, 41.9265058], [12.3393859, 41.9264757], [12.339424, 41.9264502], [12.3394674, 41.9264248], [12.3395212, 41.9263986], [12.3395884, 41.9263704], [12.3396543, 41.9263472], [12.3397135, 41.926327], [12.3397744, 41.9263078], [12.3405034, 41.9260688]]}}, {"type": "Feature", "properties": {"id": "SS-ROM-12215", "nome": "Via Stefano Borgia", "quartiere": "Municipio Roma XIII", "classificazione": "giallo", "score": 3, "note": "strada urbana senza ciclabile (1 corsie)", "ciclabile": "no", "n_corsie": "1", "senso_unico": "si", "n_testimonianze": "0", "municipio": "XIII"}, "geometry": {"type": "LineString", "coordinates": [[12.4170291, 41.9199328], [12.4170963, 41.9199276], [12.4171197, 41.9199285], [12.417143, 41.9199313], [12.4171687, 41.9199358], [12.4171889, 41.9199402], [12.4172265, 41.9199527], [12.4172587, 41.9199675], [12.4172839, 41.9199816], [12.4172976, 41.9199907], [12.4173482, 41.9200312], [12.4173942, 41.9200717], [12.4175658, 41.9202284], [12.4175963, 41.9202647], [12.4176154, 41.9202897], [12.4176329, 41.9203141], [12.4177047, 41.9204239], [12.4178436, 41.9206286], [12.4180472, 41.9209407], [12.4182628, 41.9212857], [12.4182858, 41.9213116], [12.4185842, 41.9217702], [12.4186307, 41.9218364], [12.41866, 41.9218763], [12.4186869, 41.9219121], [12.4189927, 41.9222571], [12.4190867, 41.922365], [12.4191871, 41.9224869], [12.4192148, 41.9225194], [12.4192329, 41.9225442], [12.4192481, 41.9225694], [12.419261, 41.9225963], [12.4192727, 41.9226285], [12.4192797, 41.9226633], [12.4192869, 41.9227473], [12.4193536, 41.9239625], [12.4193648, 41.9241017], [12.41938, 41.9244234], [12.4193842, 41.924522], [12.4193544, 41.924598], [12.4193385, 41.9246365], [12.4193217, 41.9246702], [12.4192956, 41.9247075], [12.4192587, 41.9247491], [12.4192261, 41.9247844], [12.4191877, 41.9248141], [12.4191413, 41.9248446], [12.4191182, 41.9248593], [12.4190593, 41.9248892]]}}, {"type": "Feature", "properties": {"id": "SS-ROM-12238", "nome": "Via Stefano Vaj", "quartiere": "Municipio Roma XIII", "classificazione": "giallo", "score": 3, "note": "strada urbana senza ciclabile", "ciclabile": "no", "n_corsie": "2", "senso_unico": "no", "n_testimonianze": "0", "municipio": "XIII"}, "geometry": {"type": "LineString", "coordinates": [[12.3944798, 41.9061156], [12.3946109, 41.9061385], [12.3948144, 41.9061724], [12.3948456, 41.9061762], [12.3948769, 41.9061785], [12.3949081, 41.9061799], [12.3949393, 41.9061802], [12.3949822, 41.9061782], [12.3950317, 41.9061738], [12.3950622, 41.9061691], [12.395092, 41.906163], [12.3951221, 41.9061551], [12.3951523, 41.9061462], [12.3952034, 41.9061273], [12.3952546, 41.9061065], [12.3952867, 41.9060904], [12.3953187, 41.9060724], [12.3953441, 41.9060553], [12.3953668, 41.9060363], [12.3953857, 41.9060146], [12.3954019, 41.9059908], [12.3954434, 41.9059213], [12.3955045, 41.9058114], [12.3955491, 41.905739], [12.3955762, 41.9057021], [12.3956159, 41.9056594], [12.3956858, 41.9056019], [12.3958994, 41.9054428], [12.3961069, 41.9053259], [12.3964667, 41.9051032], [12.396646, 41.9049861], [12.3966497, 41.9049833], [12.3966528, 41.9049792], [12.3966551, 41.904975], [12.3966561, 41.9049706], [12.3966564, 41.9049669], [12.3966562, 41.9049629], [12.3966552, 41.9049583], [12.3966532, 41.9049537], [12.3966382, 41.9049307], [12.3966211, 41.9049087], [12.396585, 41.9048657], [12.3965096, 41.9047864], [12.3965001, 41.9047747], [12.3964933, 41.904763], [12.3964895, 41.9047519], [12.3964883, 41.9047389], [12.3965059, 41.90448], [12.3965029, 41.9044145], [12.3964958, 41.9043649], [12.3964879, 41.9043221], [12.3964707, 41.9042714], [12.3964408, 41.9042163], [12.3964054, 41.9041593], [12.3963267, 41.9040432], [12.3960522, 41.9036643], [12.3958824, 41.9034721], [12.3957777, 41.9033665]]}}, {"type": "Feature", "properties": {"id": "SS-ROM-12263", "nome": "Via Strona", "quartiere": "Municipio Roma XIII", "classificazione": "giallo", "score": 3, "note": "strada urbana senza ciclabile", "ciclabile": "no", "n_corsie": "2", "senso_unico": "no", "n_testimonianze": "0", "municipio": "XIII"}, "geometry": {"type": "LineString", "coordinates": [[12.3778189, 41.9252932], [12.3764444, 41.9255227]]}}, {"type": "Feature", "properties": {"id": "SS-ROM-12264", "nome": "Via Stupinigi", "quartiere": "Municipio Roma XIII", "classificazione": "giallo", "score": 3, "note": "strada urbana senza ciclabile", "ciclabile": "no", "n_corsie": "2", "senso_unico": "si", "n_testimonianze": "0", "municipio": "XIII"}, "geometry": {"type": "LineString", "coordinates": [[12.36717, 41.9129035], [12.3683382, 41.9134701]]}}, {"type": "Feature", "properties": {"id": "SS-ROM-12279", "nome": "Via Suor Maria Agostina", "quartiere": "Municipio Roma XIII", "classificazione": "giallo", "score": 3, "note": "strada urbana senza ciclabile (2 corsie)", "ciclabile": "no", "n_corsie": "2", "senso_unico": "no", "n_testimonianze": "0", "municipio": "XIII"}, "geometry": {"type": "MultiLineString", "coordinates": [[[12.3923529, 41.9051661], [12.3923214, 41.9051774], [12.3923072, 41.9051818], [12.3922923, 41.9051857], [12.3922745, 41.9051891], [12.3922585, 41.9051915], [12.3922433, 41.9051939], [12.3922123, 41.9051966], [12.3921753, 41.9051986], [12.392133, 41.9051979], [12.3920626, 41.9051945], [12.3919898, 41.9051867], [12.3915136, 41.9051148], [12.3914302, 41.9051022], [12.3907141, 41.9050104], [12.3906936, 41.905008]], [[12.3857118, 41.9038396], [12.385792, 41.9038332]], [[12.3862789, 41.9038283], [12.3863167, 41.9038247], [12.3864174, 41.9038153]], [[12.3864174, 41.9038153], [12.3864634, 41.9038169], [12.3864968, 41.9038212], [12.3865212, 41.9038267], [12.3865442, 41.9038348], [12.3865707, 41.9038463], [12.3866003, 41.9038619]], [[12.3866003, 41.9038619], [12.3868575, 41.9040062], [12.3869243, 41.9040484], [12.386985, 41.9040876], [12.3870436, 41.9041283], [12.3870992, 41.9041675], [12.3874693, 41.9044404], [12.3875618, 41.904516], [12.3878152, 41.9047211], [12.3879019, 41.9047648], [12.3879598, 41.9047922], [12.3885144, 41.905032], [12.3886319, 41.9050778], [12.3887116, 41.9050973], [12.3888097, 41.9051167], [12.3890648, 41.9051612], [12.3891774, 41.9051806], [12.3892238, 41.9051867], [12.3892662, 41.9051883], [12.3893481, 41.9051753], [12.3894123, 41.905164], [12.3897297, 41.9051058], [12.389806, 41.9050923], [12.3898885, 41.90508], [12.3899675, 41.9050691], [12.3900449, 41.9050605], [12.3905446, 41.9050132], [12.3905868, 41.9050098], [12.3906359, 41.9050074], [12.3906936, 41.905008]], [[12.385792, 41.9038332], [12.385843, 41.9038333], [12.385894, 41.9038373], [12.3859327, 41.9038413], [12.3859768, 41.9038499], [12.3860094, 41.9038586], [12.3860374, 41.9038675]]]}}, {"type": "Feature", "properties": {"id": "SS-ROM-12327", "nome": "Via Tassarolo", "quartiere": "Municipio Roma XIII", "classificazione": "giallo", "score": 3, "note": "strada urbana senza ciclabile", "ciclabile": "no", "n_corsie": "2", "senso_unico": "no", "n_testimonianze": "0", "municipio": "XIII"}, "geometry": {"type": "LineString", "coordinates": [[12.3631152, 41.9087224], [12.3645458, 41.9087562]]}}, {"type": "Feature", "properties": {"id": "SS-ROM-12353", "nome": "Via Temistocle Calisti", "quartiere": "Municipio Roma XIII", "classificazione": "giallo", "score": 3, "note": "strada urbana senza ciclabile (1 corsie)", "ciclabile": "no", "n_corsie": "1", "senso_unico": "si", "n_testimonianze": "0", "municipio": "XIII"}, "geometry": {"type": "MultiLineString", "coordinates": [[[12.3911114, 41.9064398], [12.3919288, 41.9071158], [12.3927985, 41.9078187], [12.3942487, 41.9089845]], [[12.3892662, 41.9051883], [12.3893467, 41.9052255], [12.3897429, 41.9053803], [12.3898233, 41.9054118], [12.389857, 41.9054323], [12.3898872, 41.9054528], [12.3907784, 41.9061867], [12.3908306, 41.9062285]]]}}, {"type": "Feature", "properties": {"id": "SS-ROM-12401", "nome": "Via Terruggia", "quartiere": "Municipio Roma XIII", "classificazione": "giallo", "score": 3, "note": "strada urbana senza ciclabile", "ciclabile": "no", "n_corsie": "2", "senso_unico": "no", "n_testimonianze": "0", "municipio": "XIII"}, "geometry": {"type": "LineString", "coordinates": [[12.3625607, 41.9093766], [12.3627873, 41.9092758], [12.3628034, 41.9092698], [12.3628195, 41.9092658], [12.3628369, 41.9092628], [12.3628597, 41.9092608], [12.3628872, 41.9092598], [12.3648924, 41.9093055]]}}, {"type": "Feature", "properties": {"id": "SS-ROM-12413", "nome": "Via Thomas Mann", "quartiere": "Municipio Roma XIII", "classificazione": "giallo", "score": 3, "note": "strada urbana senza ciclabile", "ciclabile": "no", "n_corsie": "2", "senso_unico": "no", "n_testimonianze": "0", "municipio": "XIII"}, "geometry": {"type": "LineString", "coordinates": [[12.400837, 41.922654], [12.4006135, 41.9230391], [12.4004358, 41.9233472]]}}, {"type": "Feature", "properties": {"id": "SS-ROM-12420", "nome": "Via Ticineto", "quartiere": "Municipio Roma XIII", "classificazione": "giallo", "score": 3, "note": "strada urbana senza ciclabile", "ciclabile": "no", "n_corsie": "2", "senso_unico": "no", "n_testimonianze": "0", "municipio": "XIII"}, "geometry": {"type": "LineString", "coordinates": [[12.3692059, 41.9171969], [12.36914, 41.9176182], [12.3690801, 41.9179396]]}}, {"type": "Feature", "properties": {"id": "SS-ROM-12456", "nome": "Via Tito Trocchi", "quartiere": "Municipio Roma XIII", "classificazione": "giallo", "score": 3, "note": "strada urbana senza ciclabile", "ciclabile": "no", "n_corsie": "2", "senso_unico": "no", "n_testimonianze": "0", "municipio": "XIII"}, "geometry": {"type": "MultiLineString", "coordinates": [[[12.3469093, 41.8971608], [12.3465457, 41.8972556], [12.3463836, 41.897295], [12.3461339, 41.8973544], [12.3455495, 41.8974879], [12.3462141, 41.8991477], [12.3471708, 41.9016839], [12.3471779, 41.9017168], [12.3471818, 41.9017454], [12.3471784, 41.9017741], [12.3471734, 41.9017958], [12.3471544, 41.9018361], [12.3471198, 41.9018749], [12.3470875, 41.9019043], [12.347048, 41.901934], [12.3469924, 41.9019678], [12.3467291, 41.9020992], [12.3465231, 41.9022078], [12.3463764, 41.9022863], [12.3463058, 41.9023267], [12.346252, 41.9023593], [12.3461954, 41.9023959], [12.346118, 41.9024405], [12.3460287, 41.9024861], [12.3459447, 41.9025238], [12.34587, 41.9025547], [12.3455143, 41.9026937], [12.3454368, 41.9027268], [12.3453599, 41.9027667], [12.3452108, 41.9028459]], [[12.3537423, 41.8953145], [12.3537282, 41.8955105], [12.3537075, 41.8958155], [12.3537062, 41.8958259], [12.3536746, 41.8961577], [12.3536726, 41.8961688], [12.353666, 41.8962064], [12.3536548, 41.896263], [12.353636, 41.8963269], [12.3536093, 41.8963868], [12.3535704, 41.8964792], [12.353549, 41.8965246], [12.3535259, 41.8965589], [12.3534988, 41.8965971], [12.3534936, 41.8966037], [12.3534716, 41.8966314], [12.3534365, 41.8966656], [12.3534086, 41.8966868], [12.3533754, 41.896706], [12.3533409, 41.8967222], [12.353301, 41.8967363], [12.3532628, 41.8967483], [12.3532165, 41.8967583], [12.3531649, 41.8967663], [12.3531146, 41.8967733], [12.3530644, 41.8967789], [12.3523474, 41.8968507], [12.3522977, 41.8968563], [12.352249, 41.8968626], [12.3521916, 41.8968708], [12.3521351, 41.8968797], [12.3509262, 41.8970842], [12.3506832, 41.8971201], [12.3505643, 41.8971341], [12.3504428, 41.8971461], [12.35032, 41.8971559], [12.3501945, 41.8971636], [12.3500797, 41.8971654], [12.3499381, 41.8971632], [12.3498097, 41.8971591], [12.3487461, 41.8971033], [12.3475187, 41.8970458], [12.3474169, 41.8970446], [12.3473849, 41.8970457], [12.3473503, 41.8970478], [12.3473261, 41.8970501], [12.3473006, 41.8970545], [12.3472703, 41.8970608]], [[12.3472703, 41.8970608], [12.3469093, 41.8971608]], [[12.3536813, 41.8948097], [12.353699, 41.8948724], [12.3537054, 41.8948881], [12.3537132, 41.8949027], [12.353723, 41.8949169], [12.3537321, 41.8949301], [12.353744, 41.8949441], [12.353761, 41.894964], [12.3537743, 41.8949836], [12.3537825, 41.8950008], [12.3537887, 41.8950179], [12.3537932, 41.895036], [12.3537971, 41.8950751]], [[12.3537652, 41.8951775], [12.3537423, 41.8953145]], [[12.3537971, 41.8950751], [12.3537652, 41.8951775]]]}}, {"type": "Feature", "properties": {"id": "SS-ROM-12457", "nome": "Via Titta Ruffo", "quartiere": "Municipio Roma XIII", "classificazione": "giallo", "score": 3, "note": "strada urbana senza ciclabile (1 corsie)", "ciclabile": "no", "n_corsie": "1", "senso_unico": "no", "n_testimonianze": "0", "municipio": "XIII"}, "geometry": {"type": "MultiLineString", "coordinates": [[[12.4184189, 41.9163215], [12.4185544, 41.9163274], [12.4187788, 41.9163423], [12.4190383, 41.9163708], [12.4193541, 41.916448]], [[12.4193809, 41.9164212], [12.419456, 41.9164345], [12.4195006, 41.9163817], [12.4195516, 41.9163649]], [[12.4193541, 41.916448], [12.4193809, 41.9164212]], [[12.4195516, 41.9163649], [12.4195751, 41.9163555]]]}}, {"type": "Feature", "properties": {"id": "SS-ROM-12482", "nome": "Via Tommaso Bernetti", "quartiere": "Municipio Roma XIII", "classificazione": "giallo", "score": 3, "note": "strada urbana senza ciclabile", "ciclabile": "no", "n_corsie": "2", "senso_unico": "no", "n_testimonianze": "0", "municipio": "XIII"}, "geometry": {"type": "LineString", "coordinates": [[12.4097658, 41.9166232], [12.409742, 41.9166464], [12.4097152, 41.9166696], [12.4096797, 41.9166952], [12.4096349, 41.9167138], [12.4092863, 41.9168062], [12.4090686, 41.916861], [12.4089497, 41.9168906], [12.4084599, 41.9170097]]}}, {"type": "Feature", "properties": {"id": "SS-ROM-12485", "nome": "Via Tommaso De Vio", "quartiere": "Municipio Roma XIII", "classificazione": "giallo", "score": 3, "note": "strada urbana senza ciclabile (1 corsie)", "ciclabile": "no", "n_corsie": "1", "senso_unico": "si", "n_testimonianze": "0", "municipio": "XIII"}, "geometry": {"type": "LineString", "coordinates": [[12.4146164, 41.9214376], [12.4158661, 41.9213337], [12.4159078, 41.9213302]]}}, {"type": "Feature", "properties": {"id": "SS-ROM-12491", "nome": "Via Tommaso Lucherini", "quartiere": "Municipio Roma XIII", "classificazione": "giallo", "score": 3, "note": "strada urbana senza ciclabile", "ciclabile": "no", "n_corsie": "2", "senso_unico": "si", "n_testimonianze": "0", "municipio": "XIII"}, "geometry": {"type": "LineString", "coordinates": [[12.3892662, 41.9051883], [12.3892485, 41.9052177], [12.3892173, 41.9052515], [12.3891606, 41.905293], [12.3891029, 41.9053299], [12.3890566, 41.9053515], [12.3890076, 41.9053708], [12.3889504, 41.9053902], [12.388667, 41.9054632], [12.388514, 41.9055115], [12.3884174, 41.9055657]]}}, {"type": "Feature", "properties": {"id": "SS-ROM-12501", "nome": "Via Tommaso Prelà", "quartiere": "Municipio Roma XIII", "classificazione": "giallo", "score": 3, "note": "strada urbana senza ciclabile", "ciclabile": "no", "n_corsie": "2", "senso_unico": "no", "n_testimonianze": "0", "municipio": "XIII"}, "geometry": {"type": "LineString", "coordinates": [[12.3987959, 41.9076382], [12.3981815, 41.907885], [12.3977702, 41.9080649], [12.3973795, 41.9082235], [12.3967095, 41.9084977], [12.3966607, 41.9085176], [12.3966152, 41.9085372]]}}, {"type": "Feature", "properties": {"id": "SS-ROM-12512", "nome": "Via Tonengo", "quartiere": "Municipio Roma XIII", "classificazione": "giallo", "score": 3, "note": "strada urbana senza ciclabile", "ciclabile": "no", "n_corsie": "2", "senso_unico": "no", "n_testimonianze": "0", "municipio": "XIII"}, "geometry": {"type": "LineString", "coordinates": [[12.3658307, 41.9134235], [12.3657228, 41.9134785], [12.3656999, 41.913489], [12.3656744, 41.9134976], [12.3656462, 41.9135051], [12.3656153, 41.9135107], [12.3655894, 41.9135148], [12.3655645, 41.9135162], [12.3655422, 41.9135162], [12.3655217, 41.9135138], [12.3655004, 41.9135094], [12.365478, 41.9135033], [12.3654397, 41.9134888], [12.3652915, 41.9134158], [12.3649284, 41.9132518]]}}, {"type": "Feature", "properties": {"id": "SS-ROM-12547", "nome": "Via Torresina", "quartiere": "Municipio Roma XIII", "classificazione": "giallo", "score": 3, "note": "strada urbana senza ciclabile (2 corsie)", "ciclabile": "no", "n_corsie": "2", "senso_unico": "no", "n_testimonianze": "0", "municipio": "XIII"}, "geometry": {"type": "MultiLineString", "coordinates": [[[12.405917, 41.9261774], [12.4058906, 41.9262024], [12.4058067, 41.9262726], [12.4052604, 41.9266858], [12.4052183, 41.9267155], [12.4051842, 41.9267367], [12.4051486, 41.9267559], [12.4051191, 41.9267685], [12.4050777, 41.9267854], [12.4050416, 41.9267989]], [[12.4019107, 41.9307791], [12.4017535, 41.9313167]], [[12.4020546, 41.9302471], [12.4019107, 41.9307791]], [[12.4016018, 41.9318735], [12.4015627, 41.9320914]], [[12.4017535, 41.9313167], [12.4017384, 41.9313769], [12.4017192, 41.9314539], [12.4017016, 41.9315233], [12.4016786, 41.9316119], [12.4016556, 41.9316952], [12.4016318, 41.9317763], [12.4016018, 41.9318735]], [[12.4034997, 41.9272744], [12.4029802, 41.9274274], [12.4027935, 41.927483], [12.4027362, 41.9275027], [12.4027051, 41.927514], [12.4026701, 41.9275314], [12.4026343, 41.9275523], [12.4025959, 41.9275761], [12.4025689, 41.9275943], [12.4025396, 41.927615], [12.4025111, 41.9276406], [12.4024826, 41.9276679], [12.4024599, 41.9276933], [12.4024325, 41.9277274], [12.4024057, 41.9277678], [12.4023905, 41.9277977], [12.4023753, 41.9278329], [12.4023636, 41.9278754], [12.402353, 41.9279292], [12.4023309, 41.9281158], [12.4023243, 41.9282252], [12.4023067, 41.9284381], [12.4022441, 41.9291048], [12.402207, 41.9294546], [12.4021837, 41.92962], [12.4021593, 41.9297715], [12.4021456, 41.9298446], [12.402118, 41.92997], [12.4020919, 41.9300817], [12.4020546, 41.9302471]], [[12.4027048, 41.9269441], [12.4034997, 41.9272744], [12.4035523, 41.927308], [12.4044065, 41.927494]], [[12.4015627, 41.9320914], [12.4014156, 41.9326597], [12.4008864, 41.9347497], [12.4007577, 41.9352678], [12.4006561, 41.9356799], [12.4006324, 41.9357759], [12.400605, 41.9358872], [12.400601, 41.9359035]], [[12.4050416, 41.9267989], [12.4042738, 41.927044], [12.4041187, 41.9270901], [12.4034997, 41.9272744]]]}}, {"type": "Feature", "properties": {"id": "SS-ROM-12556", "nome": "Via Torriglia", "quartiere": "Municipio Roma XIII", "classificazione": "giallo", "score": 3, "note": "strada urbana senza ciclabile", "ciclabile": "no", "n_corsie": "2", "senso_unico": "no", "n_testimonianze": "0", "municipio": "XIII"}, "geometry": {"type": "LineString", "coordinates": [[12.4071904, 41.9133012], [12.4070347, 41.9133721], [12.4069059, 41.9134239], [12.4067375, 41.9134893], [12.4066839, 41.9135436], [12.4063416, 41.9138185], [12.4063172, 41.9138381], [12.4062477, 41.9138929]]}}, {"type": "Feature", "properties": {"id": "SS-ROM-12582", "nome": "Via Trausella", "quartiere": "Municipio Roma XIII", "classificazione": "giallo", "score": 3, "note": "strada urbana senza ciclabile", "ciclabile": "no", "n_corsie": "2", "senso_unico": "no", "n_testimonianze": "0", "municipio": "XIII"}, "geometry": {"type": "LineString", "coordinates": [[12.3914692, 41.9251776], [12.3905693, 41.9253845]]}}, {"type": "Feature", "properties": {"id": "SS-ROM-12592", "nome": "Via Trecate", "quartiere": "Municipio Roma XIII", "classificazione": "giallo", "score": 3, "note": "strada urbana senza ciclabile", "ciclabile": "no", "n_corsie": "2", "senso_unico": "si", "n_testimonianze": "0", "municipio": "XIII"}, "geometry": {"type": "LineString", "coordinates": [[12.3760621, 41.9210754], [12.3764862, 41.92108], [12.37669, 41.9210825], [12.3768237, 41.9210792], [12.37944, 41.9209679], [12.3794813, 41.9209692], [12.3795146, 41.9212764]]}}, {"type": "Feature", "properties": {"id": "SS-ROM-12607", "nome": "Via Treville", "quartiere": "Municipio Roma XIII", "classificazione": "giallo", "score": 3, "note": "strada urbana senza ciclabile", "ciclabile": "no", "n_corsie": "2", "senso_unico": "no", "n_testimonianze": "0", "municipio": "XIII"}, "geometry": {"type": "LineString", "coordinates": [[12.3713885, 41.924823], [12.3710181, 41.9248861], [12.3702799, 41.925001], [12.3699795, 41.9239345], [12.3699672, 41.9237936], [12.3699709, 41.9236727], [12.3700144, 41.923464], [12.3700305, 41.9234065], [12.3700386, 41.9233903], [12.3700534, 41.9233752], [12.3700703, 41.9233686], [12.3700975, 41.9233582], [12.3701289, 41.9233538], [12.3701676, 41.9233528], [12.3702137, 41.9233484], [12.370294, 41.9233348], [12.3706333, 41.923283], [12.3709801, 41.9232284]]}}, {"type": "Feature", "properties": {"id": "SS-ROM-12619", "nome": "Via Trisobbio", "quartiere": "Municipio Roma XIII", "classificazione": "giallo", "score": 3, "note": "strada urbana senza ciclabile", "ciclabile": "no", "n_corsie": "2", "senso_unico": "si", "n_testimonianze": "0", "municipio": "XIII"}, "geometry": {"type": "LineString", "coordinates": [[12.3865688, 41.8985044], [12.3875373, 41.8981281], [12.3875889, 41.8981036], [12.3876633, 41.8980672], [12.3877264, 41.8980301], [12.3877802, 41.8979949], [12.3878287, 41.8979577], [12.388266, 41.8976073], [12.3883073, 41.8975762]]}}, {"type": "Feature", "properties": {"id": "SS-ROM-12625", "nome": "Via Trofarello", "quartiere": "Municipio Roma XIII", "classificazione": "giallo", "score": 3, "note": "strada urbana senza ciclabile (2 corsie)", "ciclabile": "no", "n_corsie": "2", "senso_unico": "si", "n_testimonianze": "0", "municipio": "XIII"}, "geometry": {"type": "MultiLineString", "coordinates": [[[12.3673584, 41.9124704], [12.3673651, 41.9124756], [12.3673718, 41.9124862], [12.3673729, 41.912498], [12.3673705, 41.912506], [12.3673673, 41.9125139], [12.36717, 41.9129035], [12.3669131, 41.9133825], [12.3669001, 41.9134067], [12.3666795, 41.9138366]], [[12.3661299, 41.9148229], [12.3666795, 41.9138366]]]}}, {"type": "Feature", "properties": {"id": "SS-ROM-12631", "nome": "Via Trontano", "quartiere": "Municipio Roma XIII", "classificazione": "giallo", "score": 3, "note": "strada urbana senza ciclabile", "ciclabile": "no", "n_corsie": "2", "senso_unico": "no", "n_testimonianze": "0", "municipio": "XIII"}, "geometry": {"type": "LineString", "coordinates": [[12.3856697, 41.9007187], [12.3863084, 41.9004159]]}}, {"type": "Feature", "properties": {"id": "SS-ROM-12684", "nome": "Via Ugo Cerletti", "quartiere": "Municipio Roma XIII", "classificazione": "giallo", "score": 3, "note": "strada urbana senza ciclabile", "ciclabile": "no", "n_corsie": "2", "senso_unico": "no", "n_testimonianze": "0", "municipio": "XIII"}, "geometry": {"type": "LineString", "coordinates": [[12.4141598, 41.9290171], [12.4139926, 41.9295418]]}}, {"type": "Feature", "properties": {"id": "SS-ROM-12685", "nome": "Via Ugo Conti Sinibaldi", "quartiere": "Municipio Roma XIII", "classificazione": "giallo", "score": 3, "note": "strada urbana senza ciclabile", "ciclabile": "no", "n_corsie": "2", "senso_unico": "no", "n_testimonianze": "0", "municipio": "XIII"}, "geometry": {"type": "LineString", "coordinates": [[12.4108664, 41.8915543], [12.4108934, 41.8915862], [12.4109248, 41.8916181], [12.4112392, 41.8919202]]}}, {"type": "Feature", "properties": {"id": "SS-ROM-12700", "nome": "Via Ugo Rabbeno", "quartiere": "Municipio Roma XIII", "classificazione": "giallo", "score": 3, "note": "strada urbana senza ciclabile", "ciclabile": "no", "n_corsie": "2", "senso_unico": "no", "n_testimonianze": "0", "municipio": "XIII"}, "geometry": {"type": "LineString", "coordinates": [[12.3517765, 41.9189977], [12.3522906, 41.9200278]]}}, {"type": "Feature", "properties": {"id": "SS-ROM-12706", "nome": "Via Ugo da Porta Ravegnana", "quartiere": "Municipio Roma XIII", "classificazione": "giallo", "score": 3, "note": "strada urbana senza ciclabile", "ciclabile": "no", "n_corsie": "2", "senso_unico": "no", "n_testimonianze": "0", "municipio": "XIII"}, "geometry": {"type": "MultiLineString", "coordinates": [[[12.4183267, 41.8956763], [12.4182911, 41.8957143], [12.4175028, 41.8965553], [12.4173755, 41.8967009], [12.4173448, 41.8967434], [12.4173314, 41.8967727], [12.4173214, 41.8968042], [12.4173141, 41.8968426], [12.4173119, 41.896871], [12.4173178, 41.8968993], [12.417329, 41.8969217], [12.4173537, 41.8969501], [12.417478, 41.8970362], [12.4175196, 41.8970694], [12.4175558, 41.8971065], [12.417588, 41.8971467], [12.4176122, 41.8971908], [12.4176497, 41.8972767], [12.4176766, 41.8973207], [12.4177182, 41.8973778], [12.4177656, 41.8974385], [12.4178494, 41.8975324], [12.4178675, 41.897556], [12.417883, 41.8975815], [12.4178931, 41.897606], [12.4179032, 41.8976325], [12.4179111, 41.8976589], [12.4179136, 41.8976853], [12.4179107, 41.8977077], [12.4178998, 41.8977301], [12.4178699, 41.8977675]], [[12.4178699, 41.8977675], [12.4178037, 41.8978245], [12.4177344, 41.8978815], [12.4176829, 41.8979182], [12.4176284, 41.8979549]]]}}, {"type": "Feature", "properties": {"id": "SS-ROM-12718", "nome": "Via Ulrico Hoepli", "quartiere": "Municipio Roma XIII", "classificazione": "giallo", "score": 3, "note": "strada urbana senza ciclabile (1 corsie)", "ciclabile": "no", "n_corsie": "1", "senso_unico": "si", "n_testimonianze": "0", "municipio": "XIII"}, "geometry": {"type": "MultiLineString", "coordinates": [[[12.3765884, 41.9151096], [12.3766558, 41.9151306], [12.3767246, 41.9151448], [12.3768177, 41.9151481], [12.3769665, 41.9151481], [12.3774815, 41.9151421], [12.3778617, 41.9151376], [12.3783164, 41.9151301], [12.3784009, 41.9151331], [12.3784733, 41.9151391], [12.3785336, 41.9151466], [12.3785879, 41.915157], [12.3786423, 41.915169], [12.3787046, 41.9151855], [12.3787569, 41.9152034], [12.3788052, 41.9152214], [12.3788474, 41.9152409], [12.3789018, 41.9152678], [12.37895, 41.9152977], [12.3790186, 41.9153392], [12.3791215, 41.9154265], [12.3791945, 41.9154801], [12.3792594, 41.9155278], [12.3793034, 41.9155605], [12.3793428, 41.9155873], [12.3794225, 41.9156097]], [[12.37602, 41.9160767], [12.37606, 41.9159731], [12.3761383, 41.9157892], [12.3762234, 41.9156027], [12.3762771, 41.9154792], [12.3762902, 41.9154478], [12.3762989, 41.9154185], [12.3763083, 41.9153714], [12.3763145, 41.9153358], [12.3763158, 41.9153205], [12.3763112, 41.9152571]], [[12.3764769, 41.9152996], [12.3764367, 41.9153304], [12.3764172, 41.915349], [12.376383, 41.9153862], [12.3763506, 41.9154411], [12.3762938, 41.9155527], [12.3762454, 41.915661], [12.3761622, 41.9158455], [12.3761039, 41.9159842], [12.3760828, 41.9160438], [12.3760753, 41.916082], [12.3760732, 41.9161217], [12.3760741, 41.9161563], [12.3760804, 41.9161996], [12.37609, 41.9162259], [12.3761225, 41.9162623]], [[12.3791868, 41.9156867], [12.3791814, 41.9156239], [12.3791659, 41.9155729], [12.3791346, 41.9155217], [12.3791104, 41.9154872], [12.379066, 41.9154377], [12.3789764, 41.9153587], [12.3789304, 41.9153274], [12.378872, 41.9152924], [12.3788229, 41.9152683], [12.3787621, 41.9152419], [12.3786902, 41.9152175], [12.3786166, 41.9151969], [12.3785404, 41.9151816], [12.3784598, 41.9151707], [12.3783704, 41.9151652], [12.3782714, 41.9151644], [12.3781677, 41.9151655], [12.3773854, 41.9151772], [12.3769671, 41.9151831], [12.3768769, 41.9151862], [12.3768089, 41.9151885], [12.3767205, 41.9152001], [12.3765966, 41.9152293]], [[12.375929, 41.9162388], [12.3759499, 41.9162139], [12.3759679, 41.9161973], [12.37598, 41.916176], [12.3759922, 41.9161472], [12.37602, 41.9160767]]]}}, {"type": "Feature", "properties": {"id": "SS-ROM-12743", "nome": "Via Umberto Ricci", "quartiere": "Municipio Roma XIII", "classificazione": "giallo", "score": 3, "note": "strada urbana senza ciclabile", "ciclabile": "no", "n_corsie": "2", "senso_unico": "no", "n_testimonianze": "0", "municipio": "XIII"}, "geometry": {"type": "MultiLineString", "coordinates": [[[12.3498635, 41.9150816], [12.3507097, 41.9142687]], [[12.3519353, 41.914556], [12.3517815, 41.9145622], [12.351741, 41.9145639], [12.3516951, 41.9145655], [12.3516513, 41.9145655], [12.3516022, 41.9145655], [12.3515038, 41.9145655], [12.3514577, 41.9145664], [12.3514142, 41.9145672], [12.3513743, 41.9145694], [12.3513372, 41.9145715], [12.3512689, 41.9145773], [12.3512307, 41.9145817], [12.3511918, 41.9145871], [12.3511506, 41.9145949], [12.3511088, 41.9146037], [12.3510683, 41.914614], [12.3510264, 41.9146263], [12.3509734, 41.9146446], [12.3509525, 41.9146524], [12.350655, 41.9147799], [12.3503291, 41.9149033], [12.3498635, 41.9150816], [12.3496389, 41.9151676], [12.3494421, 41.9152615], [12.3493815, 41.9152861], [12.3493428, 41.9153017], [12.3493014, 41.9153163], [12.3492706, 41.9153241], [12.349237, 41.915331], [12.3491778, 41.9153379], [12.3491065, 41.9153432], [12.3490678, 41.9153461], [12.3490113, 41.9153477], [12.3489432, 41.9153489], [12.3488413, 41.9153479], [12.3487222, 41.9153487], [12.3486279, 41.9153503], [12.348471, 41.9153568], [12.348425, 41.9153595], [12.3483861, 41.9153633], [12.3483459, 41.9153681], [12.3483097, 41.9153735], [12.3482762, 41.915379], [12.3478032, 41.9154705], [12.347791, 41.9154747], [12.3477779, 41.9154827], [12.3477682, 41.9154953]], [[12.3493815, 41.9152861], [12.3492748, 41.9153996], [12.3488724, 41.9158753], [12.3487926, 41.9159771], [12.3487684, 41.9159971], [12.3487526, 41.9160063], [12.3487321, 41.9160141], [12.3487099, 41.9160183], [12.3486824, 41.9160216], [12.3486491, 41.9160239], [12.3480174, 41.9160171], [12.3479864, 41.9160142], [12.3479715, 41.9160103], [12.3479594, 41.9160053], [12.3479493, 41.9159976], [12.3479419, 41.915989], [12.3479285, 41.9159666], [12.3477688, 41.9155455], [12.3477659, 41.9155301], [12.3477655, 41.9155143], [12.3477682, 41.9154953]]]}}, {"type": "Feature", "properties": {"id": "SS-ROM-12812", "nome": "Via Valduggia", "quartiere": "Municipio Roma XIII", "classificazione": "giallo", "score": 3, "note": "strada urbana senza ciclabile", "ciclabile": "no", "n_corsie": "2", "senso_unico": "no", "n_testimonianze": "0", "municipio": "XIII"}, "geometry": {"type": "LineString", "coordinates": [[12.3859202, 41.8981919], [12.386534, 41.8982242]]}}, {"type": "Feature", "properties": {"id": "SS-ROM-12829", "nome": "Via Valfenera", "quartiere": "Municipio Roma XIII", "classificazione": "giallo", "score": 3, "note": "strada urbana senza ciclabile", "ciclabile": "no", "n_corsie": "2", "senso_unico": "no", "n_testimonianze": "0", "municipio": "XIII"}, "geometry": {"type": "LineString", "coordinates": [[12.3852017, 41.9152911], [12.3853058, 41.9147182]]}}, {"type": "Feature", "properties": {"id": "SS-ROM-12848", "nome": "Via Valle della Quistione", "quartiere": "Municipio Roma XIII", "classificazione": "giallo", "score": 3, "note": "strada urbana senza ciclabile", "ciclabile": "no", "n_corsie": "2", "senso_unico": "no", "n_testimonianze": "0", "municipio": "XIII"}, "geometry": {"type": "MultiLineString", "coordinates": [[[12.356099, 41.9007712], [12.3559173, 41.9008696], [12.3558616, 41.9008905], [12.3558173, 41.9009055], [12.3557664, 41.900917], [12.3557134, 41.9009235], [12.3556571, 41.9009325], [12.3556101, 41.900935], [12.355541, 41.9009355], [12.3554734, 41.9009385], [12.3553927, 41.9009372], [12.3552029, 41.9009207], [12.3551193, 41.9009057], [12.3550545, 41.9009007], [12.3549241, 41.9008936], [12.3543112, 41.9008629], [12.3542385, 41.9008545], [12.3541738, 41.9008441], [12.3541122, 41.9008303], [12.3540586, 41.9008146], [12.3539983, 41.9007928], [12.3539246, 41.900761], [12.3538502, 41.9007205], [12.3537136, 41.9006316], [12.3535138, 41.9004892], [12.3534579, 41.9004577], [12.3534353, 41.9004464], [12.353402, 41.9004371], [12.3533719, 41.9004332], [12.3533406, 41.9004324], [12.3533039, 41.9004331], [12.3532645, 41.9004358], [12.3532251, 41.9004395], [12.353183, 41.9004452], [12.3531393, 41.9004535], [12.3530983, 41.9004619], [12.3516775, 41.9008587], [12.351554, 41.9008932], [12.3514805, 41.9009102], [12.3513946, 41.9009283], [12.3511366, 41.9009765], [12.351088, 41.9009893], [12.3510368, 41.9010076], [12.3509895, 41.9010289], [12.3509648, 41.9010446], [12.3509401, 41.9010663], [12.3509135, 41.9011033], [12.3508256, 41.9012917], [12.350817, 41.9013189], [12.350811, 41.9013451], [12.3508078, 41.9013713], [12.3508073, 41.9013965], [12.3508099, 41.9014258], [12.3508179, 41.901455], [12.3508393, 41.9014976], [12.3508901, 41.9015585], [12.3509053, 41.9015806], [12.3509191, 41.9016037], [12.3509325, 41.9016327], [12.3509445, 41.9016627], [12.3509545, 41.9016941], [12.3509618, 41.9017317], [12.3509645, 41.9017726], [12.3509645, 41.9018704], [12.3509668, 41.9019022], [12.3509718, 41.901934], [12.3509795, 41.9019638], [12.3509927, 41.9019916], [12.3510059, 41.9020146], [12.3510218, 41.9020356], [12.351043, 41.9020526], [12.3510617, 41.9020756], [12.3510809, 41.9020973], [12.3510988, 41.902114], [12.3511261, 41.9021307], [12.35116, 41.9021529], [12.3512395, 41.9022022], [12.3513166, 41.9022352], [12.3513853, 41.9022589], [12.3514647, 41.9022756], [12.3515315, 41.9022867], [12.351601, 41.9022967], [12.3516571, 41.9023023], [12.3517467, 41.9023133], [12.3519213, 41.90233], [12.3520032, 41.9023347], [12.3520931, 41.9023408], [12.3521697, 41.9023462], [12.3522384, 41.9023546], [12.3523197, 41.9023659], [12.3523563, 41.9023744], [12.3523936, 41.9023823], [12.3524376, 41.902395], [12.3524722, 41.9024043], [12.3526281, 41.9024838], [12.3528012, 41.9025754], [12.3529097, 41.9026403], [12.3530148, 41.9026976], [12.3531591, 41.9027752], [12.353331, 41.9028702], [12.3534437, 41.9029349], [12.3535457, 41.9029981], [12.3536457, 41.9030644], [12.3537635, 41.9031585], [12.3538365, 41.9032222], [12.3539396, 41.9033277], [12.3540695, 41.903451], [12.3542252, 41.9036006], [12.3545923, 41.9039672], [12.3546963, 41.9040747], [12.3547962, 41.9041717], [12.3548551, 41.904219], [12.3549178, 41.9042634], [12.3549804, 41.9043013], [12.355055, 41.9043376], [12.3551651, 41.9043814], [12.3552901, 41.9044307], [12.3554041, 41.9044767], [12.3554906, 41.9045102], [12.3555476, 41.9045451], [12.3555988, 41.9045763], [12.3556547, 41.9046081], [12.3557399, 41.9046629], [12.3558448, 41.9047332], [12.3559639, 41.9048139], [12.3560791, 41.9049002], [12.3561622, 41.9049801], [12.3562304, 41.905055], [12.3562874, 41.9051235], [12.3563475, 41.9052018], [12.3564195, 41.9052962], [12.3565104, 41.905443], [12.3566066, 41.9055409], [12.3566956, 41.9056317], [12.356775, 41.9057021], [12.3568873, 41.9057859], [12.3570273, 41.9058628], [12.3571758, 41.9059366], [12.3573195, 41.9060038], [12.3574327, 41.9060454], [12.35756, 41.9060821], [12.3577678, 41.9061416], [12.3580912, 41.9062266], [12.358481, 41.9063307], [12.3585656, 41.9063551], [12.3586554, 41.9063822], [12.3587244, 41.906407], [12.3587761, 41.9064331], [12.3588297, 41.9064727], [12.3588643, 41.90656], [12.3588973, 41.9066219], [12.358988, 41.9067901], [12.3591507, 41.907095], [12.3592013, 41.9071829], [12.3592663, 41.9073087], [12.3593411, 41.9074479], [12.3594136, 41.9075841], [12.3595016, 41.9077369], [12.3595655, 41.9078288], [12.3596277, 41.9079015], [12.3597149, 41.9079788], [12.3598584, 41.9081049], [12.360016, 41.9082278], [12.3601286, 41.9083202], [12.3603032, 41.9084741], [12.3604226, 41.9085741], [12.3606163, 41.9087201], [12.3607551, 41.9088361], [12.3609148, 41.908964], [12.3612045, 41.9092242], [12.3613783, 41.9093989], [12.361675, 41.9096971], [12.3617437, 41.9097531], [12.3618217, 41.909802], [12.3618785, 41.9098246], [12.3619265, 41.9098452], [12.3622922, 41.909968], [12.3623823, 41.9100148], [12.3624729, 41.9100689], [12.3625143, 41.9100963], [12.3625436, 41.9101124], [12.3625689, 41.9101287], [12.3625983, 41.9101485], [12.3626329, 41.9101666], [12.363614, 41.9108047], [12.3636606, 41.9108447], [12.363708, 41.9108766], [12.3637256, 41.910887], [12.3637423, 41.9108954], [12.3637601, 41.9109031], [12.3637807, 41.9109099], [12.3638067, 41.9109167], [12.3638325, 41.9109219], [12.363855, 41.9109276], [12.3638786, 41.9109344], [12.3638989, 41.9109416], [12.3639165, 41.9109494], [12.3639361, 41.9109592], [12.3639514, 41.910969], [12.3639688, 41.9109808], [12.3639835, 41.9109931], [12.3639969, 41.9110059], [12.3640102, 41.9110201], [12.3640223, 41.9110348], [12.3640679, 41.9110919], [12.3640873, 41.911121], [12.3641054, 41.911151], [12.3641189, 41.9111823], [12.3641311, 41.9112146], [12.3643998, 41.9126557], [12.3644372, 41.9128564], [12.3644489, 41.9128901], [12.3644633, 41.9129198], [12.3644804, 41.9129475], [12.3645029, 41.9129772], [12.3646242, 41.9131076]], [[12.3638273, 41.912763], [12.3646242, 41.9131076], [12.364688, 41.9131406], [12.3647517, 41.9131716], [12.3648401, 41.9132127], [12.3649284, 41.9132518], [12.3650006, 41.9134402], [12.3656287, 41.9145725]]]}}, {"type": "Feature", "properties": {"id": "SS-ROM-12862", "nome": "Via Valloriate", "quartiere": "Municipio Roma XIII", "classificazione": "giallo", "score": 3, "note": "strada urbana senza ciclabile", "ciclabile": "no", "n_corsie": "2", "senso_unico": "no", "n_testimonianze": "0", "municipio": "XIII"}, "geometry": {"type": "LineString", "coordinates": [[12.3656287, 41.9145725], [12.3654926, 41.9147261], [12.3652449, 41.9150563], [12.3651211, 41.9152244], [12.3650311, 41.9153316], [12.3649932, 41.9153729], [12.3649544, 41.9154073], [12.3649117, 41.9154427], [12.364869, 41.9154722], [12.3648456, 41.9154854], [12.3648168, 41.9154986], [12.3647875, 41.9155098], [12.3647554, 41.9155211], [12.3647096, 41.9155349], [12.3646853, 41.9155419], [12.3646623, 41.9155473], [12.3646359, 41.9155536], [12.3645637, 41.9155675], [12.3645484, 41.9155705], [12.3645341, 41.915574], [12.3645216, 41.9155779], [12.364509, 41.9155828], [12.3644964, 41.9155885], [12.3644837, 41.9155953], [12.3644764, 41.9155996], [12.3644691, 41.9156046], [12.3644546, 41.9156182], [12.3644323, 41.9156448], [12.3644111, 41.9156758], [12.3643337, 41.9158142], [12.364314, 41.9158351], [12.3642944, 41.915849], [12.3642698, 41.9158611], [12.3642372, 41.9158722], [12.3642151, 41.9158779], [12.3641944, 41.9158826], [12.3641583, 41.9158892], [12.3641407, 41.9158924], [12.3641283, 41.9158947], [12.3641131, 41.9158988], [12.364098, 41.9159048], [12.3640872, 41.9159107], [12.3640792, 41.9159158], [12.3640722, 41.915922], [12.3640649, 41.9159297], [12.3640597, 41.9159374], [12.3639444, 41.9161268]]}}, {"type": "Feature", "properties": {"id": "SS-ROM-12879", "nome": "Via Varallo", "quartiere": "Municipio Roma XIII", "classificazione": "giallo", "score": 3, "note": "strada urbana senza ciclabile", "ciclabile": "no", "n_corsie": "2", "senso_unico": "no", "n_testimonianze": "0", "municipio": "XIII"}, "geometry": {"type": "LineString", "coordinates": [[12.3651103, 41.9207836], [12.3645403, 41.9210546]]}}, {"type": "Feature", "properties": {"id": "SS-ROM-12926", "nome": "Via Vernante", "quartiere": "Municipio Roma XIII", "classificazione": "giallo", "score": 3, "note": "strada urbana senza ciclabile (1 corsie)", "ciclabile": "no", "n_corsie": "1", "senso_unico": "si", "n_testimonianze": "0", "municipio": "XIII"}, "geometry": {"type": "LineString", "coordinates": [[12.3891319, 41.9138048], [12.3896207, 41.9146447]]}}, {"type": "Feature", "properties": {"id": "SS-ROM-12929", "nome": "Via Verolengo", "quartiere": "Municipio Roma XIII", "classificazione": "giallo", "score": 3, "note": "strada urbana senza ciclabile (2 corsie)", "ciclabile": "no", "n_corsie": "2", "senso_unico": "no", "n_testimonianze": "0", "municipio": "XIII"}, "geometry": {"type": "LineString", "coordinates": [[12.4108615, 41.9022002], [12.4109099, 41.9022826], [12.4109365, 41.9023283], [12.4109634, 41.9023876], [12.411007, 41.9025205], [12.411015, 41.9025502], [12.4110166, 41.9025698], [12.4110144, 41.9026044], [12.4110101, 41.9026314], [12.4109971, 41.9026589], [12.4109773, 41.9026935], [12.4109644, 41.9027202], [12.4109509, 41.9027499], [12.4109412, 41.9027815], [12.4109373, 41.9028144], [12.4109391, 41.9028621], [12.4109469, 41.9028989], [12.4109545, 41.9029429], [12.4109662, 41.9029915], [12.4109791, 41.903046], [12.4109967, 41.9031083], [12.4110178, 41.9031712], [12.4110558, 41.9032586], [12.4110683, 41.9032873]]}}, {"type": "Feature", "properties": {"id": "SS-ROM-12939", "nome": "Via Verzuolo", "quartiere": "Municipio Roma XIII", "classificazione": "giallo", "score": 3, "note": "strada urbana senza ciclabile", "ciclabile": "no", "n_corsie": "2", "senso_unico": "si", "n_testimonianze": "0", "municipio": "XIII"}, "geometry": {"type": "LineString", "coordinates": [[12.376799, 41.918028], [12.3767031, 41.9180229], [12.3749075, 41.9179272]]}}, {"type": "Feature", "properties": {"id": "SS-ROM-12951", "nome": "Via Vezio Crisafulli", "quartiere": "Municipio Roma XIII", "classificazione": "giallo", "score": 3, "note": "strada urbana senza ciclabile (2 corsie)", "ciclabile": "no", "n_corsie": "2", "senso_unico": "no", "n_testimonianze": "0", "municipio": "XIII"}, "geometry": {"type": "MultiLineString", "coordinates": [[[12.4110692, 41.8961124], [12.4111235, 41.8961383], [12.411159, 41.8961567], [12.4111932, 41.8961751], [12.4112225, 41.8961954], [12.4112685, 41.8962287], [12.4113383, 41.8962833], [12.4113803, 41.8963113], [12.4117725, 41.8965726], [12.4119042, 41.8966746], [12.4120331, 41.8967744]], [[12.4137739, 41.8978878], [12.4142255, 41.8981744], [12.4142635, 41.8981991], [12.4144773, 41.8983385], [12.414661, 41.8984582], [12.4148307, 41.8985689]], [[12.4120331, 41.8967744], [12.4124353, 41.8970197], [12.4127382, 41.8972044], [12.4127974, 41.8972405], [12.4129266, 41.8973262], [12.4133382, 41.8975992], [12.4137014, 41.8978398], [12.4137739, 41.8978878]]]}}, {"type": "Feature", "properties": {"id": "SS-ROM-12963", "nome": "Via Vico Canavese", "quartiere": "Municipio Roma XIII", "classificazione": "giallo", "score": 3, "note": "strada urbana senza ciclabile", "ciclabile": "no", "n_corsie": "2", "senso_unico": "no", "n_testimonianze": "0", "municipio": "XIII"}, "geometry": {"type": "MultiLineString", "coordinates": [[[12.3852334, 41.9218112], [12.3852521, 41.9218383], [12.3852816, 41.9218695], [12.3852954, 41.921882], [12.3853138, 41.9218956], [12.385362, 41.9219218], [12.3855958, 41.9220108], [12.3856267, 41.9220259], [12.3856435, 41.922048], [12.3856541, 41.9220681], [12.3856624, 41.9221083], [12.385684, 41.9223743], [12.3857278, 41.9232223]], [[12.3857278, 41.9232223], [12.3857712, 41.9240239]]]}}, {"type": "Feature", "properties": {"id": "SS-ROM-12967", "nome": "Via Vicoforte", "quartiere": "Municipio Roma XIII", "classificazione": "giallo", "score": 3, "note": "strada urbana senza ciclabile", "ciclabile": "no", "n_corsie": "2", "senso_unico": "si", "n_testimonianze": "0", "municipio": "XIII"}, "geometry": {"type": "MultiLineString", "coordinates": [[[12.3698265, 41.9164529], [12.3698041, 41.9171804], [12.3692059, 41.9171969], [12.3686185, 41.9172022]], [[12.3703844, 41.917182], [12.3698041, 41.9171804]]]}}, {"type": "Feature", "properties": {"id": "SS-ROM-12968", "nome": "Via Vicolungo", "quartiere": "Municipio Roma XIII", "classificazione": "giallo", "score": 3, "note": "strada urbana senza ciclabile", "ciclabile": "no", "n_corsie": "2", "senso_unico": "no", "n_testimonianze": "0", "municipio": "XIII"}, "geometry": {"type": "LineString", "coordinates": [[12.3915797, 41.9204584], [12.3920053, 41.9204201], [12.3921572, 41.9204065], [12.3921988, 41.9204076], [12.392223, 41.9204103], [12.3922731, 41.9204258], [12.3923558, 41.9204599], [12.3924417, 41.9204987], [12.3924938, 41.9205273], [12.3925331, 41.9205542], [12.3925809, 41.9205881], [12.3926161, 41.9206243], [12.3926494, 41.9206587], [12.3926807, 41.9206942], [12.3926918, 41.9207239], [12.3926935, 41.92075], [12.3926857, 41.9207836], [12.3926163, 41.9209134], [12.3924903, 41.9211892], [12.3924642, 41.9213563], [12.3924468, 41.9216841], [12.392434, 41.9219659], [12.3924256, 41.9222921], [12.3923686, 41.9235197], [12.3923573, 41.9237358], [12.3923454, 41.9245348], [12.3923454, 41.9246834], [12.3931009, 41.9245051], [12.3930257, 41.924321]]}}, {"type": "Feature", "properties": {"id": "SS-ROM-12979", "nome": "Via Vignale", "quartiere": "Municipio Roma XIII", "classificazione": "giallo", "score": 3, "note": "strada urbana senza ciclabile (1 corsie)", "ciclabile": "no", "n_corsie": "1", "senso_unico": "si", "n_testimonianze": "0", "municipio": "XIII"}, "geometry": {"type": "MultiLineString", "coordinates": [[[12.384271, 41.9182317], [12.3854859, 41.9185853], [12.386206, 41.9187844], [12.3862394, 41.9187956], [12.3862708, 41.9188093], [12.3862965, 41.9188242], [12.3863168, 41.9188431], [12.3863295, 41.9188617], [12.3863355, 41.9188824], [12.3863374, 41.918905], [12.386334, 41.9189296], [12.3862005, 41.9194597], [12.3861635, 41.9196065], [12.3860138, 41.9201759], [12.384344, 41.9196985], [12.3839567, 41.9195849], [12.3839186, 41.9195717], [12.3838996, 41.9195633], [12.383882, 41.9195523], [12.383867, 41.9195416], [12.3838475, 41.9195238], [12.3837699, 41.9194481]], [[12.3836826, 41.9180538], [12.3838192, 41.9180937]], [[12.3837699, 41.9194481], [12.3834216, 41.919037]], [[12.3838192, 41.9180937], [12.384271, 41.9182317]]]}}, {"type": "Feature", "properties": {"id": "SS-ROM-12988", "nome": "Via Viguzzolo", "quartiere": "Municipio Roma XIII", "classificazione": "giallo", "score": 3, "note": "strada urbana senza ciclabile", "ciclabile": "no", "n_corsie": "2", "senso_unico": "no", "n_testimonianze": "0", "municipio": "XIII"}, "geometry": {"type": "LineString", "coordinates": [[12.3845247, 41.9235354], [12.3843027, 41.9228988], [12.384291, 41.922874], [12.3842864, 41.9228688], [12.3842798, 41.9228646], [12.3842722, 41.9228607], [12.3842646, 41.9228582], [12.3842553, 41.9228558], [12.3842453, 41.9228544], [12.384235, 41.922854], [12.3842247, 41.9228545], [12.3841981, 41.9228577], [12.3841715, 41.9228619], [12.3836488, 41.9229665], [12.3835747, 41.9229827]]}}, {"type": "Feature", "properties": {"id": "SS-ROM-12997", "nome": "Via Villa San Secondo", "quartiere": "Municipio Roma XIII", "classificazione": "giallo", "score": 3, "note": "strada urbana senza ciclabile (1 corsie)", "ciclabile": "no", "n_corsie": "1", "senso_unico": "no", "n_testimonianze": "0", "municipio": "XIII"}, "geometry": {"type": "LineString", "coordinates": [[12.4025622, 41.9265514], [12.4031506, 41.9266702], [12.4036519, 41.9267915], [12.4039659, 41.9268918], [12.4041756, 41.9269717], [12.4042035, 41.9269894], [12.4042242, 41.9270032], [12.4042499, 41.9270243], [12.4042738, 41.927044], [12.4048499, 41.9272378], [12.4048989, 41.927329]]}}, {"type": "Feature", "properties": {"id": "SS-ROM-13006", "nome": "Via Villadossola", "quartiere": "Municipio Roma XIII", "classificazione": "giallo", "score": 3, "note": "strada urbana senza ciclabile", "ciclabile": "no", "n_corsie": "2", "senso_unico": "no", "n_testimonianze": "0", "municipio": "XIII"}, "geometry": {"type": "LineString", "coordinates": [[12.3865381, 41.9182678], [12.3861958, 41.9182166], [12.3853713, 41.9180917], [12.3853266, 41.9180812], [12.3852859, 41.9180687], [12.3852506, 41.9180523], [12.38523, 41.918039], [12.3852133, 41.9180253], [12.3851959, 41.9180076], [12.3851799, 41.9179874], [12.3851679, 41.9179672], [12.3851587, 41.9179427], [12.3851536, 41.9179181], [12.3851511, 41.917894], [12.3851513, 41.9178699], [12.385158, 41.9178421], [12.3851646, 41.9178213], [12.3851757, 41.9177935], [12.3851961, 41.9177627], [12.3852172, 41.9177416], [12.3852382, 41.9177235], [12.3852649, 41.9177066], [12.3852916, 41.9176918], [12.3853422, 41.9176734], [12.3853961, 41.9176629], [12.3854301, 41.9176575], [12.3854628, 41.9176562], [12.3855228, 41.9176599], [12.385576, 41.9176655], [12.3856386, 41.9176731], [12.3857558, 41.9176907], [12.3863116, 41.9177708]]}}, {"type": "Feature", "properties": {"id": "SS-ROM-13007", "nome": "Via Villafalletto", "quartiere": "Municipio Roma XIII", "classificazione": "giallo", "score": 3, "note": "strada urbana senza ciclabile", "ciclabile": "no", "n_corsie": "2", "senso_unico": "no", "n_testimonianze": "0", "municipio": "XIII"}, "geometry": {"type": "MultiLineString", "coordinates": [[[12.3652515, 41.9220618], [12.3647807, 41.9215517], [12.3646054, 41.9213568]], [[12.3659387, 41.921716], [12.3652515, 41.9220618], [12.3650743, 41.9221454], [12.3650594, 41.9221562], [12.3650464, 41.9221703], [12.3650381, 41.9221865], [12.3650365, 41.922202], [12.3650396, 41.9222196], [12.3650444, 41.9222361], [12.3650573, 41.92227], [12.3650687, 41.9223044], [12.3650763, 41.9223385], [12.365081, 41.9223729], [12.3650803, 41.9224083], [12.3650755, 41.9224397], [12.3650679, 41.9224692], [12.3650571, 41.9224986], [12.3650435, 41.9225281], [12.3650081, 41.9225893], [12.364986, 41.9226243], [12.3649738, 41.9226426], [12.3649613, 41.9226577], [12.3649522, 41.9226671], [12.3649398, 41.9226785], [12.3649253, 41.9226904], [12.3649142, 41.9226984], [12.3649011, 41.9227068], [12.3648867, 41.9227153], [12.3648711, 41.9227235], [12.364168, 41.9230165], [12.3636603, 41.9232421], [12.3636198, 41.9232583], [12.363574, 41.9232755], [12.363535, 41.9232898], [12.3634907, 41.9233051], [12.3633457, 41.9233511], [12.3633002, 41.9233661], [12.3632374, 41.9233884], [12.3625783, 41.9236247], [12.3621547, 41.9237899]]]}}, {"type": "Feature", "properties": {"id": "SS-ROM-13020", "nome": "Via Villanova", "quartiere": "Municipio Roma XIII", "classificazione": "giallo", "score": 3, "note": "strada urbana senza ciclabile (2 corsie)", "ciclabile": "no", "n_corsie": "2", "senso_unico": "no", "n_testimonianze": "0", "municipio": "XIII"}, "geometry": {"type": "LineString", "coordinates": [[12.404918, 41.9116442], [12.4040499, 41.9127149], [12.4040226, 41.9127487], [12.4040109, 41.9127903], [12.4039976, 41.912817], [12.4039001, 41.9129373], [12.4037999, 41.913024]]}}, {"type": "Feature", "properties": {"id": "SS-ROM-13026", "nome": "Via Villastellone", "quartiere": "Municipio Roma XIII", "classificazione": "giallo", "score": 3, "note": "strada urbana senza ciclabile", "ciclabile": "no", "n_corsie": "2", "senso_unico": "no", "n_testimonianze": "0", "municipio": "XIII"}, "geometry": {"type": "LineString", "coordinates": [[12.3850526, 41.9204905], [12.3850117, 41.9205686], [12.3844184, 41.9217382]]}}, {"type": "Feature", "properties": {"id": "SS-ROM-13027", "nome": "Via Villata", "quartiere": "Municipio Roma XIII", "classificazione": "giallo", "score": 3, "note": "strada urbana senza ciclabile", "ciclabile": "no", "n_corsie": "2", "senso_unico": "no", "n_testimonianze": "0", "municipio": "XIII"}, "geometry": {"type": "LineString", "coordinates": [[12.3875267, 41.9005101], [12.3875854, 41.9004921], [12.3881228, 41.9003424], [12.3881511, 41.9003356], [12.3881871, 41.9003321], [12.3882193, 41.9003336], [12.3882499, 41.9003421], [12.3882877, 41.9003565], [12.3885868, 41.9004942], [12.3886194, 41.9005092], [12.3886432, 41.9005184], [12.388664, 41.9005249], [12.3887002, 41.9005298], [12.3887333, 41.9005282], [12.388762, 41.9005269], [12.3888021, 41.9005211], [12.3888868, 41.9005081], [12.3889306, 41.9005024], [12.3890389, 41.9004897], [12.3891815, 41.9004691], [12.3893268, 41.9004445], [12.3896343, 41.9003933], [12.3897041, 41.9003824]]}}, {"type": "Feature", "properties": {"id": "SS-ROM-13033", "nome": "Via Vincenzo Arangio Ruiz", "quartiere": "Municipio Roma XIII", "classificazione": "giallo", "score": 3, "note": "strada urbana senza ciclabile (2 corsie)", "ciclabile": "no", "n_corsie": "2", "senso_unico": "no", "n_testimonianze": "0", "municipio": "XIII"}, "geometry": {"type": "MultiLineString", "coordinates": [[[12.4067543, 41.8883138], [12.406736, 41.8883606], [12.4067177, 41.8884074]], [[12.4065602, 41.8887352], [12.4065486, 41.8887541], [12.4065385, 41.8887707], [12.4065235, 41.8887853], [12.4065091, 41.8887934], [12.4064865, 41.8888015]], [[12.4067177, 41.8884074], [12.4065602, 41.8887352]], [[12.4061575, 41.8892147], [12.4061552, 41.8892559], [12.4061566, 41.889294], [12.4061614, 41.8893302], [12.4061757, 41.8893743], [12.4061934, 41.8894121], [12.4062191, 41.889451], [12.406291, 41.8895355], [12.4063591, 41.889604], [12.4064219, 41.8896635], [12.4065737, 41.8897993], [12.4066187, 41.8898485], [12.4066443, 41.8898938], [12.4066645, 41.8899517], [12.4066673, 41.889995], [12.4066558, 41.890062], [12.4066033, 41.8902564], [12.4065415, 41.8904434], [12.4064692, 41.8906331], [12.4063713, 41.8908791], [12.4063621, 41.8909218], [12.4063593, 41.8909808], [12.4063553, 41.8911325], [12.4063856, 41.8913836], [12.4064389, 41.89187]], [[12.4064389, 41.89187], [12.4064405, 41.8918866]], [[12.4064865, 41.8888015], [12.4062153, 41.8889971], [12.4061836, 41.8890863], [12.4061626, 41.8891756], [12.4061575, 41.8892147]]]}}, {"type": "Feature", "properties": {"id": "SS-ROM-13051", "nome": "Via Vincenzo Cuoco", "quartiere": "Municipio Roma XIII", "classificazione": "giallo", "score": 3, "note": "strada urbana senza ciclabile", "ciclabile": "no", "n_corsie": "2", "senso_unico": "no", "n_testimonianze": "0", "municipio": "XIII"}, "geometry": {"type": "MultiLineString", "coordinates": [[[12.6251313, 41.9988551], [12.6249878, 41.9992975], [12.6249551, 41.9993982], [12.6249117, 41.9995189], [12.6248781, 41.9995949], [12.6248391, 41.9996745], [12.6247921, 41.9997591], [12.624771, 41.9997949], [12.6247472, 41.9998328], [12.6247229, 41.9998678], [12.624696, 41.9999047], [12.6246162, 42.0000088], [12.6245419, 42.0001091], [12.6245173, 42.0001454], [12.6244967, 42.0001787], [12.6244775, 42.0002186], [12.6244623, 42.0002556], [12.6244372, 42.0003284], [12.6244234, 42.0003804], [12.624412, 42.0004371], [12.6244047, 42.0004938], [12.624402, 42.0005362], [12.6244007, 42.0006033], [12.6244054, 42.0008436], [12.6243939, 42.0010077], [12.6243812, 42.0011177], [12.6243529, 42.0012792], [12.6243191, 42.0014207], [12.6242852, 42.0015525], [12.6242291, 42.0017274], [12.6240701, 42.0022021], [12.6239101, 42.0025931]], [[12.3173485, 41.9034724], [12.3158105, 41.9030377]]]}}, {"type": "Feature", "properties": {"id": "SS-ROM-13068", "nome": "Via Vincenzo Lapiccirella", "quartiere": "Municipio Roma XIII", "classificazione": "giallo", "score": 3, "note": "strada urbana senza ciclabile", "ciclabile": "no", "n_corsie": "2", "senso_unico": "no", "n_testimonianze": "0", "municipio": "XIII"}, "geometry": {"type": "LineString", "coordinates": [[12.3520056, 41.881999], [12.351907, 41.8827853], [12.3518997, 41.882945], [12.3519316, 41.8830928], [12.3521332, 41.8834772], [12.3522445, 41.8837105], [12.3522472, 41.8837675], [12.352203, 41.883814], [12.3516999, 41.8841919], [12.3514962, 41.8843471], [12.3508245, 41.8848589], [12.3507249, 41.8849705], [12.3506927, 41.8850344], [12.3506874, 41.8851003], [12.3507142, 41.8852241]]}}, {"type": "Feature", "properties": {"id": "SS-ROM-13075", "nome": "Via Vincenzo Montenovesi", "quartiere": "Municipio Roma XIII", "classificazione": "blu", "score": 2, "note": "zona pedonale / living street", "ciclabile": "no", "n_corsie": "1", "senso_unico": "no", "n_testimonianze": "0", "municipio": "XIII"}, "geometry": {"type": "MultiLineString", "coordinates": [[[12.3942544, 41.9057607], [12.3945577, 41.9060178]], [[12.3942107, 41.9062991], [12.3943949, 41.9061805], [12.394438, 41.9061485], [12.3944798, 41.9061156], [12.3945577, 41.9060178], [12.3946169, 41.9059488], [12.3948614, 41.9056295], [12.3950248, 41.905434], [12.3952356, 41.9052167], [12.3952959, 41.9051722], [12.3953623, 41.9051303], [12.3956661, 41.9049361], [12.396034, 41.9046865], [12.3962385, 41.9045588]]]}}, {"type": "Feature", "properties": {"id": "SS-ROM-13084", "nome": "Via Vincenzo Sartori", "quartiere": "Municipio Roma XIII", "classificazione": "giallo", "score": 3, "note": "strada urbana senza ciclabile (1 corsie)", "ciclabile": "no", "n_corsie": "1", "senso_unico": "si", "n_testimonianze": "0", "municipio": "XIII"}, "geometry": {"type": "LineString", "coordinates": [[12.3929987, 41.9044931], [12.3930517, 41.9045041], [12.3931087, 41.9045121], [12.393165, 41.9045156], [12.3932321, 41.9045151], [12.3932883, 41.9045101], [12.3933515, 41.9045018], [12.3934012, 41.9044961], [12.393475, 41.9044855], [12.3935756, 41.9044674], [12.3936392, 41.9044494], [12.3936934, 41.9044304], [12.3937616, 41.9044015], [12.3938572, 41.9043611], [12.3939395, 41.9043267], [12.394002, 41.9042992], [12.394047, 41.9042757], [12.3940927, 41.9042549], [12.3941422, 41.9042281], [12.3941923, 41.9041956], [12.3942355, 41.9041642], [12.3942753, 41.9041286], [12.394315, 41.9040959], [12.3943436, 41.9040683], [12.3943764, 41.9040317], [12.3944066, 41.9039938], [12.3944275, 41.9039588], [12.3944413, 41.9039329], [12.3944539, 41.9039039], [12.3944652, 41.9038789], [12.3944706, 41.9038533], [12.3944734, 41.9038226], [12.3944837, 41.9037446], [12.3944879, 41.9037034], [12.394488, 41.9036622], [12.3944849, 41.9036226], [12.3944779, 41.9035829], [12.3944682, 41.9035134], [12.3944532, 41.9034519], [12.394444, 41.9034145], [12.3944321, 41.9033771], [12.3944182, 41.9033476], [12.3944004, 41.9033171], [12.3943439, 41.9032312], [12.3942979, 41.9031672], [12.3942583, 41.9031231], [12.3942134, 41.9030801], [12.3941645, 41.903037], [12.3941122, 41.9029984], [12.3940721, 41.9029719], [12.3937052, 41.9027577], [12.3931851, 41.9024449], [12.3931558, 41.9024227]]}}, {"type": "Feature", "properties": {"id": "SS-ROM-13094", "nome": "Via Vincenzo Tomassini", "quartiere": "Municipio Roma XIII", "classificazione": "giallo", "score": 3, "note": "strada urbana senza ciclabile (1 corsie)", "ciclabile": "no", "n_corsie": "1", "senso_unico": "si", "n_testimonianze": "0", "municipio": "XIII"}, "geometry": {"type": "MultiLineString", "coordinates": [[[12.4156971, 41.9269718], [12.4156209, 41.9269947], [12.41488, 41.9272175], [12.4144688, 41.9273408], [12.4142524, 41.9274082], [12.4140659, 41.9274682], [12.4139171, 41.9275189], [12.4138606, 41.9275412], [12.4138028, 41.9275683], [12.413759, 41.9275903], [12.4137152, 41.9276139], [12.4136838, 41.9276345], [12.4136504, 41.9276596], [12.4135335, 41.9277535], [12.4133932, 41.92786], [12.4133251, 41.9279163], [12.4132651, 41.9279711], [12.4131669, 41.9280773], [12.4129258, 41.9283458], [12.4128749, 41.9284061], [12.4128241, 41.9284716], [12.4127824, 41.928532], [12.4127365, 41.9286033], [12.4127139, 41.928637], [12.412416, 41.9292983]], [[12.412416, 41.9292983], [12.412256, 41.9296478], [12.4121458, 41.9298808]]]}}, {"type": "Feature", "properties": {"id": "SS-ROM-13100", "nome": "Via Vincenzo Viara de Ricci", "quartiere": "Municipio Roma XIII", "classificazione": "giallo", "score": 3, "note": "strada urbana senza ciclabile (1 corsie)", "ciclabile": "no", "n_corsie": "1", "senso_unico": "si", "n_testimonianze": "0", "municipio": "XIII"}, "geometry": {"type": "MultiLineString", "coordinates": [[[12.4129324, 41.9272852], [12.4131844, 41.927127], [12.4133124, 41.9270524], [12.4134363, 41.9269914], [12.4135871, 41.9269247], [12.4136706, 41.926892], [12.4137521, 41.9268624], [12.4139236, 41.9268083], [12.4150121, 41.9264738], [12.4151269, 41.9264378], [12.4151642, 41.9264285], [12.41525, 41.9264029]], [[12.4113501, 41.9294716], [12.4114867, 41.9292821]], [[12.4118864, 41.928428], [12.4119721, 41.9283029], [12.4120738, 41.9281498], [12.4124825, 41.927688], [12.4129324, 41.9272852]], [[12.4114867, 41.9292821], [12.4115536, 41.9291901], [12.4115895, 41.9291369], [12.4116195, 41.929088], [12.4116605, 41.9290065], [12.4116907, 41.9289406]], [[12.4116907, 41.9289406], [12.4118592, 41.9284733], [12.4118727, 41.9284499], [12.4118864, 41.928428]]]}}, {"type": "Feature", "properties": {"id": "SS-ROM-13105", "nome": "Via Vinovo", "quartiere": "Municipio Roma XIII", "classificazione": "giallo", "score": 3, "note": "strada urbana senza ciclabile (1 corsie)", "ciclabile": "no", "n_corsie": "1", "senso_unico": "si", "n_testimonianze": "0", "municipio": "XIII"}, "geometry": {"type": "LineString", "coordinates": [[12.3885569, 41.9139424], [12.388577, 41.913977], [12.3889609, 41.9145968], [12.3890863, 41.9147995], [12.3891059, 41.9148309], [12.3891336, 41.9148775], [12.3893639, 41.9152644], [12.3895474, 41.9155473], [12.3896341, 41.9156667], [12.3897186, 41.9157607], [12.3899558, 41.915995], [12.3903282, 41.916332], [12.3910393, 41.9170023], [12.3911461, 41.9171193], [12.3912371, 41.9172197], [12.3913704, 41.9173722], [12.3916583, 41.9177169], [12.3917093, 41.9177881], [12.3917995, 41.9179506], [12.3918221, 41.9179934], [12.3918381, 41.9180195], [12.3918588, 41.9180457], [12.3918852, 41.9180719], [12.3920718, 41.918272], [12.3921072, 41.9183148]]}}, {"type": "Feature", "properties": {"id": "SS-ROM-13106", "nome": "Via Vinzaglio", "quartiere": "Municipio Roma XIII", "classificazione": "giallo", "score": 3, "note": "strada urbana senza ciclabile", "ciclabile": "no", "n_corsie": "2", "senso_unico": "no", "n_testimonianze": "0", "municipio": "XIII"}, "geometry": {"type": "LineString", "coordinates": [[12.385498, 41.9003482], [12.3860759, 41.9001087]]}}, {"type": "Feature", "properties": {"id": "SS-ROM-13117", "nome": "Via Virgilio Testa", "quartiere": "Municipio Roma XIII", "classificazione": "giallo", "score": 3, "note": "strada urbana senza ciclabile (1 corsie)", "ciclabile": "no", "n_corsie": "1", "senso_unico": "si", "n_testimonianze": "0", "municipio": "XIII"}, "geometry": {"type": "MultiLineString", "coordinates": [[[12.3951511, 41.9260323], [12.3951846, 41.9260512], [12.3952153, 41.9260761], [12.3952594, 41.9261259], [12.3953853, 41.926324], [12.3955301, 41.9265118], [12.3957036, 41.9267381], [12.3957894, 41.9268655], [12.3958244, 41.9269278], [12.3958564, 41.9269919], [12.3958899, 41.9270594], [12.3959126, 41.9271178], [12.3959307, 41.9271727], [12.3959796, 41.9273377], [12.3960118, 41.9275188], [12.3960163, 41.9275441], [12.3960305, 41.9276402], [12.3960745, 41.9278781], [12.3956563, 41.9278785], [12.3956304, 41.9278796], [12.395599, 41.9278858], [12.3955831, 41.9278919], [12.3955723, 41.9278984], [12.3955654, 41.9279079], [12.3955605, 41.9279224], [12.3955582, 41.9279372], [12.395557, 41.9279505], [12.3955559, 41.927988], [12.3955493, 41.9280646], [12.3955288, 41.9282493], [12.3955189, 41.92832], [12.3955082, 41.9283895], [12.3955017, 41.928414], [12.3954931, 41.928437], [12.3954814, 41.9284642], [12.3954672, 41.928494], [12.3954353, 41.9285597], [12.395416, 41.9285987], [12.3953967, 41.9286333], [12.3953793, 41.9286637], [12.3953578, 41.9286924], [12.3953493, 41.9287022], [12.3953392, 41.928711], [12.3953242, 41.9287218], [12.3953093, 41.9287304], [12.3952952, 41.9287366], [12.3952801, 41.9287432], [12.3952637, 41.9287488], [12.3952448, 41.9287535], [12.3952051, 41.9287618], [12.3948353, 41.9288472], [12.394349, 41.928956], [12.3937586, 41.9290855], [12.3936963, 41.9290948], [12.3936389, 41.9291019], [12.3936079, 41.9291049], [12.3935779, 41.9291075], [12.3935369, 41.9291073], [12.393502, 41.9291045], [12.3934253, 41.929097], [12.3933444, 41.9290887], [12.3927382, 41.9290162], [12.3927065, 41.9290091], [12.3926831, 41.9289994], [12.3926708, 41.9289889]], [[12.3919479, 41.9289669], [12.3926708, 41.9289889]], [[12.3926708, 41.9289889], [12.392665, 41.9289729], [12.3926664, 41.9289591], [12.3926723, 41.9289305], [12.3928502, 41.9282151], [12.3930063, 41.9275625]]]}}, {"type": "Feature", "properties": {"id": "SS-ROM-13148", "nome": "Via Vittoriano Cavara", "quartiere": "Municipio Roma XIII", "classificazione": "giallo", "score": 3, "note": "strada urbana senza ciclabile", "ciclabile": "no", "n_corsie": "2", "senso_unico": "no", "n_testimonianze": "0", "municipio": "XIII"}, "geometry": {"type": "LineString", "coordinates": [[12.3923996, 41.9000641], [12.3926307, 41.8999413], [12.3926998, 41.8999047], [12.3927498, 41.8998797], [12.3927973, 41.8998577], [12.3928583, 41.8998331], [12.3929362, 41.8998025], [12.3929681, 41.8997884], [12.3930071, 41.8997697], [12.3930301, 41.8997574], [12.3930646, 41.8997358], [12.3931004, 41.8997122], [12.3931346, 41.8996884]]}}, {"type": "Feature", "properties": {"id": "SS-ROM-13161", "nome": "Via Vittorio Codeluppi", "quartiere": "Municipio Roma XIII", "classificazione": "giallo", "score": 3, "note": "strada urbana senza ciclabile", "ciclabile": "no", "n_corsie": "2", "senso_unico": "no", "n_testimonianze": "0", "municipio": "XIII"}, "geometry": {"type": "LineString", "coordinates": [[12.4124825, 41.927688], [12.4111209, 41.9273165]]}}, {"type": "Feature", "properties": {"id": "SS-ROM-13207", "nome": "Via Volpiano", "quartiere": "Municipio Roma XIII", "classificazione": "giallo", "score": 3, "note": "strada urbana senza ciclabile", "ciclabile": "no", "n_corsie": "2", "senso_unico": "no", "n_testimonianze": "0", "municipio": "XIII"}, "geometry": {"type": "LineString", "coordinates": [[12.3889415, 41.8983193], [12.3884398, 41.8984017], [12.3883579, 41.8984188], [12.3882914, 41.8984342], [12.3882326, 41.8984472], [12.3881709, 41.8984672], [12.3881189, 41.8984901], [12.3880792, 41.8985155], [12.3880272, 41.898547], [12.3876025, 41.8987917], [12.387556, 41.8988167], [12.3874832, 41.8988496], [12.387312, 41.8989168]]}}, {"type": "Feature", "properties": {"id": "SS-ROM-13216", "nome": "Via Vottignasco", "quartiere": "Municipio Roma XIII", "classificazione": "giallo", "score": 3, "note": "strada urbana senza ciclabile", "ciclabile": "no", "n_corsie": "2", "senso_unico": "no", "n_testimonianze": "0", "municipio": "XIII"}, "geometry": {"type": "LineString", "coordinates": [[12.4073437, 41.9270431], [12.4064894, 41.9272659]]}}, {"type": "Feature", "properties": {"id": "SS-ROM-13249", "nome": "Via Zignago", "quartiere": "Municipio Roma XIII", "classificazione": "giallo", "score": 3, "note": "strada urbana senza ciclabile", "ciclabile": "no", "n_corsie": "2", "senso_unico": "no", "n_testimonianze": "0", "municipio": "XIII"}, "geometry": {"type": "MultiLineString", "coordinates": [[[12.4070428, 41.9129804], [12.4064473, 41.9122434], [12.4059067, 41.9115796], [12.4054447, 41.9109977]], [[12.4046445, 41.9100498], [12.4051738, 41.9106715], [12.4052402, 41.9107723], [12.4052919, 41.9108959], [12.4053729, 41.9109645], [12.4054447, 41.9109977]]]}}, {"type": "Feature", "properties": {"id": "SS-ROM-13250", "nome": "Via Zimone", "quartiere": "Municipio Roma XIII", "classificazione": "giallo", "score": 3, "note": "strada urbana senza ciclabile", "ciclabile": "no", "n_corsie": "2", "senso_unico": "no", "n_testimonianze": "0", "municipio": "XIII"}, "geometry": {"type": "LineString", "coordinates": [[12.3859158, 41.8978691], [12.3865773, 41.8979024]]}}, {"type": "Feature", "properties": {"id": "SS-ROM-13258", "nome": "Via Zumaglia", "quartiere": "Municipio Roma XIII", "classificazione": "giallo", "score": 3, "note": "strada urbana senza ciclabile", "ciclabile": "no", "n_corsie": "2", "senso_unico": "no", "n_testimonianze": "0", "municipio": "XIII"}, "geometry": {"type": "MultiLineString", "coordinates": [[[12.3647807, 41.9215517], [12.3649122, 41.9214773]], [[12.3649122, 41.9214773], [12.3654869, 41.9212071]]]}}, {"type": "Feature", "properties": {"id": "SS-ROM-13286", "nome": "Via degli Alidosi", "quartiere": "Municipio Roma XIII", "classificazione": "giallo", "score": 3, "note": "strada urbana senza ciclabile", "ciclabile": "no", "n_corsie": "2", "senso_unico": "si", "n_testimonianze": "0", "municipio": "XIII"}, "geometry": {"type": "LineString", "coordinates": [[12.4154828, 41.8828091], [12.4163657, 41.8823437], [12.4164067, 41.8823219]]}}, {"type": "Feature", "properties": {"id": "SS-ROM-13293", "nome": "Via degli Andosilla", "quartiere": "Municipio Roma XIII", "classificazione": "giallo", "score": 3, "note": "strada urbana senza ciclabile", "ciclabile": "no", "n_corsie": "2", "senso_unico": "no", "n_testimonianze": "0", "municipio": "XIII"}, "geometry": {"type": "LineString", "coordinates": [[12.3935285, 41.8818522], [12.3936403, 41.8818694], [12.3936705, 41.8818689], [12.3937007, 41.8818665], [12.3937637, 41.8818536], [12.3938909, 41.8818077], [12.3943729, 41.8816053], [12.3944314, 41.8815826], [12.3944613, 41.8815738], [12.3944925, 41.8815679], [12.3945182, 41.8815657], [12.3945426, 41.8815674], [12.394569, 41.8815727], [12.3945927, 41.8815809], [12.3946674, 41.8816218], [12.3946729, 41.8816486], [12.3946595, 41.8816876], [12.3943359, 41.8822209], [12.3940352, 41.8826721], [12.3939855, 41.8827388]]}}, {"type": "Feature", "properties": {"id": "SS-ROM-13309", "nome": "Via degli Arlotti", "quartiere": "Municipio Roma XIII", "classificazione": "giallo", "score": 3, "note": "strada urbana senza ciclabile", "ciclabile": "no", "n_corsie": "2", "senso_unico": "no", "n_testimonianze": "0", "municipio": "XIII"}, "geometry": {"type": "LineString", "coordinates": [[12.3748284, 41.8849863], [12.3747502, 41.8849234], [12.3747367, 41.8849072], [12.3747258, 41.8848849], [12.3747234, 41.8848673], [12.3747259, 41.8848474], [12.3747328, 41.8848318], [12.3747445, 41.8848129], [12.37476, 41.8847929], [12.3747776, 41.8847742], [12.3747973, 41.8847547], [12.3748215, 41.8847329], [12.375078, 41.8845127], [12.3754088, 41.8842279], [12.3758087, 41.8838897], [12.3760139, 41.8837449], [12.3760728, 41.8837033], [12.3762223, 41.8836082], [12.376394, 41.8835123], [12.3766048, 41.8834268], [12.3770194, 41.8833025], [12.3774271, 41.8831916], [12.3775584, 41.883148], [12.3776945, 41.8830973], [12.3777929, 41.8830535], [12.3778853, 41.8830089], [12.3780491, 41.8829196], [12.3782902, 41.8827553], [12.3793553, 41.8818907]]}}, {"type": "Feature", "properties": {"id": "SS-ROM-13401", "nome": "Via dei Barbarigo", "quartiere": "Municipio Roma XIII", "classificazione": "giallo", "score": 3, "note": "strada urbana senza ciclabile (1 corsie)", "ciclabile": "no", "n_corsie": "1", "senso_unico": "si", "n_testimonianze": "0", "municipio": "XIII"}, "geometry": {"type": "LineString", "coordinates": [[12.415144, 41.9178186], [12.4152357, 41.9178113], [12.4160341, 41.9177502], [12.416797, 41.9176984]]}}, {"type": "Feature", "properties": {"id": "SS-ROM-13412", "nome": "Via dei Bentivoglio", "quartiere": "Municipio Roma XIII", "classificazione": "giallo", "score": 3, "note": "strada urbana senza ciclabile (1 corsie)", "ciclabile": "no", "n_corsie": "1", "senso_unico": "si", "n_testimonianze": "0", "municipio": "XIII"}, "geometry": {"type": "LineString", "coordinates": [[12.417728, 41.8847385], [12.4185501, 41.8842097], [12.4191171, 41.8838573], [12.419143, 41.8838439], [12.4191672, 41.8838332], [12.4191906, 41.8838258], [12.4192317, 41.8838164], [12.4192804, 41.8838126], [12.4193381, 41.8838114], [12.4193977, 41.8838178], [12.4194602, 41.8838296], [12.4195492, 41.8838475], [12.4197408, 41.8838909]]}}, {"type": "Feature", "properties": {"id": "SS-ROM-13415", "nome": "Via dei Bevilacqua", "quartiere": "Municipio Roma XIII", "classificazione": "giallo", "score": 3, "note": "strada urbana senza ciclabile (1 corsie)", "ciclabile": "no", "n_corsie": "1", "senso_unico": "si", "n_testimonianze": "0", "municipio": "XIII"}, "geometry": {"type": "LineString", "coordinates": [[12.3997494, 41.8797037], [12.3994283, 41.8801604], [12.398681, 41.881216], [12.3985755, 41.8813456], [12.3985282, 41.8814016], [12.3984817, 41.881441], [12.3984187, 41.8814795], [12.3983626, 41.8815053], [12.3982944, 41.8815331], [12.3982268, 41.8815539], [12.3981471, 41.8815767], [12.398029, 41.8816191], [12.3979823, 41.8816364], [12.3979438, 41.8816556], [12.3979099, 41.8816756], [12.3978828, 41.8816948], [12.3978504, 41.8817194], [12.3978291, 41.8817395], [12.3977984, 41.881776], [12.3977841, 41.8817973], [12.397758, 41.8818374], [12.3977427, 41.8818679], [12.3977314, 41.8818918], [12.3977264, 41.8819091], [12.3977213, 41.8819307], [12.3977157, 41.8819642], [12.397713, 41.8820082], [12.3977093, 41.8820973], [12.3977086, 41.8822115], [12.3977071, 41.8823719], [12.3974306, 41.8827586], [12.3972604, 41.8829704], [12.3966663, 41.8837544]]}}, {"type": "Feature", "properties": {"id": "SS-ROM-13423", "nome": "Via dei Bonadies", "quartiere": "Municipio Roma XIII", "classificazione": "giallo", "score": 3, "note": "strada urbana senza ciclabile (1 corsie)", "ciclabile": "no", "n_corsie": "1", "senso_unico": "si", "n_testimonianze": "0", "municipio": "XIII"}, "geometry": {"type": "LineString", "coordinates": [[12.4185501, 41.8842097], [12.4195118, 41.8850584]]}}, {"type": "Feature", "properties": {"id": "SS-ROM-13428", "nome": "Via dei Bruno", "quartiere": "Municipio Roma XIII", "classificazione": "giallo", "score": 3, "note": "strada urbana senza ciclabile (1 corsie)", "ciclabile": "no", "n_corsie": "1", "senso_unico": "si", "n_testimonianze": "0", "municipio": "XIII"}, "geometry": {"type": "MultiLineString", "coordinates": [[[12.415485, 41.9293584], [12.4152454, 41.9293046]], [[12.4118592, 41.9284733], [12.4118156, 41.9284635], [12.4109907, 41.9282788]], [[12.4153348, 41.9292385], [12.4152454, 41.9293046]], [[12.4152454, 41.9293046], [12.4149679, 41.9292312], [12.4148223, 41.9291949], [12.4146933, 41.9291621], [12.4145102, 41.9291085], [12.4143297, 41.9290623], [12.4141598, 41.9290171], [12.4138849, 41.9289431], [12.413634, 41.9288741], [12.4135796, 41.9288601], [12.4127139, 41.928637], [12.4118864, 41.928428]]]}}, {"type": "Feature", "properties": {"id": "SS-ROM-13429", "nome": "Via dei Brusati", "quartiere": "Municipio Roma XIII", "classificazione": "giallo", "score": 3, "note": "strada urbana senza ciclabile", "ciclabile": "no", "n_corsie": "2", "senso_unico": "si", "n_testimonianze": "0", "municipio": "XIII"}, "geometry": {"type": "MultiLineString", "coordinates": [[[12.4164067, 41.8823219], [12.4175174, 41.8833113]], [[12.4164067, 41.8823219], [12.4161022, 41.8820437], [12.4160882, 41.88203], [12.4160728, 41.8820143], [12.4160575, 41.8819971], [12.4160434, 41.8819784], [12.4160268, 41.8819525], [12.4160128, 41.8819291], [12.4159996, 41.8819022], [12.4159904, 41.8818772], [12.4159034, 41.8815722], [12.4157713, 41.8811924], [12.4157544, 41.8811438], [12.415655, 41.8808535], [12.4155647, 41.8804934], [12.4155191, 41.8803995], [12.415444, 41.8802857], [12.4153125, 41.8801239], [12.4152904, 41.8801059], [12.4152629, 41.880092], [12.4152394, 41.880085], [12.4152106, 41.88008], [12.4151646, 41.8800766], [12.4151348, 41.880073], [12.4151067, 41.8800685], [12.4150889, 41.8800638], [12.4150738, 41.880056], [12.415054, 41.880041], [12.4150356, 41.880022], [12.414988, 41.8799622], [12.4149672, 41.8799477], [12.4149411, 41.8799352], [12.4149122, 41.8799287], [12.4148753, 41.8799252], [12.4148176, 41.8799252], [12.4147546, 41.8799322], [12.4145702, 41.8799702]]]}}, {"type": "Feature", "properties": {"id": "SS-ROM-13460", "nome": "Via dei Casali Santovetti", "quartiere": "Municipio Roma XIII", "classificazione": "giallo", "score": 3, "note": "strada urbana senza ciclabile (2 corsie)", "ciclabile": "no", "n_corsie": "2", "senso_unico": "no", "n_testimonianze": "0", "municipio": "XIII"}, "geometry": {"type": "LineString", "coordinates": [[12.4062153, 41.8889971], [12.4059782, 41.8890706], [12.4058765, 41.8891029], [12.4057194, 41.8891489], [12.405626, 41.8891739], [12.4055327, 41.889195], [12.4054473, 41.8892111], [12.4053513, 41.8892271], [12.4052387, 41.8892389], [12.4051262, 41.8892506], [12.4042539, 41.8893044], [12.4042052, 41.8893122], [12.4041565, 41.889326], [12.4041077, 41.8893458], [12.404059, 41.8893716], [12.4033678, 41.8898651], [12.4023461, 41.8905944], [12.4023036, 41.8906225], [12.4022428, 41.8906546], [12.4021926, 41.890673], [12.4021377, 41.8906856], [12.402052, 41.8906976], [12.4019506, 41.8907054], [12.4017568, 41.8907085]]}}, {"type": "Feature", "properties": {"id": "SS-ROM-13463", "nome": "Via dei Casali di Acquafredda", "quartiere": "Municipio Roma XIII", "classificazione": "giallo", "score": 3, "note": "strada urbana senza ciclabile", "ciclabile": "no", "n_corsie": "2", "senso_unico": "no", "n_testimonianze": "0", "municipio": "XIII"}, "geometry": {"type": "LineString", "coordinates": [[12.4019951, 41.9018478], [12.4025035, 41.9015297], [12.4027118, 41.9014094], [12.4027417, 41.9013905], [12.40277, 41.9013711], [12.4027961, 41.9013492], [12.4028185, 41.901322], [12.4028386, 41.9012925], [12.4028525, 41.9012682], [12.4029729, 41.9009979], [12.4030041, 41.9009306], [12.4030322, 41.9008673], [12.4030567, 41.900808], [12.4030779, 41.9007526], [12.4031362, 41.9005898], [12.4031957, 41.9004077], [12.4032092, 41.9003551], [12.4032153, 41.9003187], [12.4032204, 41.9002831], [12.4032233, 41.9002524], [12.4032234, 41.9002154], [12.4032214, 41.9001831], [12.4032152, 41.900121], [12.4032057, 41.9000493], [12.4031984, 41.9000073], [12.4031872, 41.8999547], [12.4031748, 41.8999078], [12.403147, 41.8998186], [12.4031436, 41.8997978], [12.4031423, 41.8997737], [12.4031436, 41.8997493], [12.4031471, 41.8997218], [12.4031525, 41.8997002]]}}, {"type": "Feature", "properties": {"id": "SS-ROM-13468", "nome": "Via dei Casali di Torrevecchia", "quartiere": "Municipio Roma XIII", "classificazione": "giallo", "score": 3, "note": "strada urbana senza ciclabile (2 corsie)", "ciclabile": "no", "n_corsie": "2", "senso_unico": "no", "n_testimonianze": "0", "municipio": "XIII"}, "geometry": {"type": "MultiLineString", "coordinates": [[[12.4032302, 41.9204999], [12.4042226, 41.9207381], [12.4045362, 41.9208148], [12.4048256, 41.9208954], [12.4053455, 41.9210603], [12.4056149, 41.9211507], [12.4058681, 41.9212291], [12.4059824, 41.9212566], [12.4060797, 41.9212774], [12.4061432, 41.9212897], [12.4062012, 41.9212971], [12.4062837, 41.921302], [12.4063746, 41.9213], [12.4064614, 41.921294], [12.4065155, 41.921287], [12.4065269, 41.9212855], [12.4066072, 41.9212713], [12.4066755, 41.9212571], [12.4068005, 41.9212301], [12.4068985, 41.9212077], [12.4069912, 41.9211852]], [[12.4069912, 41.9211852], [12.4076182, 41.9210213], [12.408651, 41.9207752], [12.4099932, 41.920448], [12.4100763, 41.9204287]]]}}, {"type": "Feature", "properties": {"id": "SS-ROM-13512", "nome": "Via dei Cristofori", "quartiere": "Municipio Roma XIII", "classificazione": "giallo", "score": 3, "note": "strada urbana senza ciclabile (1 corsie)", "ciclabile": "no", "n_corsie": "1", "senso_unico": "si", "n_testimonianze": "0", "municipio": "XIII"}, "geometry": {"type": "LineString", "coordinates": [[12.4153671, 41.9265512], [12.4154479, 41.9265169], [12.4157478, 41.9263901], [12.4159098, 41.9263173], [12.4189734, 41.9249252], [12.4189974, 41.9249142], [12.4190593, 41.9248892]]}}, {"type": "Feature", "properties": {"id": "SS-ROM-13519", "nome": "Via dei Del Balzo", "quartiere": "Municipio Roma XIII", "classificazione": "giallo", "score": 3, "note": "strada urbana senza ciclabile", "ciclabile": "no", "n_corsie": "2", "senso_unico": "no", "n_testimonianze": "0", "municipio": "XIII"}, "geometry": {"type": "MultiLineString", "coordinates": [[[12.3940974, 41.8808185], [12.395079, 41.8812291]], [[12.395079, 41.8812291], [12.3949716, 41.8813712], [12.394961, 41.8813907], [12.3949532, 41.8814092], [12.3949472, 41.8814275], [12.394944, 41.8814459], [12.3949344, 41.8815395], [12.3949365, 41.881811], [12.3949307, 41.8819339], [12.3949256, 41.8819519], [12.3949144, 41.8819688], [12.3949028, 41.8819774], [12.39489, 41.8819828], [12.3948742, 41.8819856], [12.3948601, 41.8819859], [12.3948405, 41.8819834], [12.3946644, 41.8819471], [12.3946347, 41.881947], [12.394605, 41.8819533], [12.3945771, 41.8819662], [12.3945522, 41.8819842], [12.3943359, 41.8822209]]]}}, {"type": "Feature", "properties": {"id": "SS-ROM-13526", "nome": "Via dei Dumas", "quartiere": "Municipio Roma XIII", "classificazione": "giallo", "score": 3, "note": "strada urbana senza ciclabile (2 corsie)", "ciclabile": "no", "n_corsie": "2", "senso_unico": "no", "n_testimonianze": "0", "municipio": "XIII"}, "geometry": {"type": "LineString", "coordinates": [[12.4034201, 41.9223509], [12.4060214, 41.923239], [12.4061447, 41.923275], [12.4062165, 41.923281], [12.4063338, 41.923277], [12.4071532, 41.9232211], [12.4072183, 41.9232266], [12.4072753, 41.923238], [12.4073196, 41.9232525], [12.4073612, 41.92327], [12.4074101, 41.9232998], [12.4074469, 41.9233275], [12.4075326, 41.9234388], [12.4076872, 41.9236738], [12.4077697, 41.9238019]]}}, {"type": "Feature", "properties": {"id": "SS-ROM-13532", "nome": "Via dei Faggella", "quartiere": "Municipio Roma XIII", "classificazione": "giallo", "score": 3, "note": "strada urbana senza ciclabile", "ciclabile": "no", "n_corsie": "2", "senso_unico": "no", "n_testimonianze": "0", "municipio": "XIII"}, "geometry": {"type": "LineString", "coordinates": [[12.4088439, 41.8895343], [12.408817, 41.8897396], [12.4086873, 41.8905645], [12.4086685, 41.8906576], [12.4086522, 41.8907083], [12.4086305, 41.890755], [12.4085786, 41.8908588], [12.4085251, 41.8909431], [12.4084854, 41.8910033], [12.4084647, 41.8910397], [12.408452, 41.8910764], [12.4084531, 41.8910988], [12.4084578, 41.8911199], [12.4084676, 41.8911405], [12.4084769, 41.891158], [12.4084889, 41.8911749], [12.4085315, 41.8912193], [12.4085961, 41.8912729], [12.4086391, 41.8912988], [12.4086901, 41.8913246], [12.408913, 41.8914186], [12.4093407, 41.891598], [12.4093811, 41.8916202], [12.4094348, 41.8916497], [12.4095015, 41.8916916], [12.4095581, 41.8917373], [12.4096226, 41.8917922], [12.4096752, 41.8918464], [12.4097259, 41.8919146], [12.4097629, 41.8919769], [12.4097972, 41.8920387]]}}, {"type": "Feature", "properties": {"id": "SS-ROM-13535", "nome": "Via dei Fagnani", "quartiere": "Municipio Roma XIII", "classificazione": "giallo", "score": 3, "note": "strada urbana senza ciclabile", "ciclabile": "no", "n_corsie": "2", "senso_unico": "si", "n_testimonianze": "0", "municipio": "XIII"}, "geometry": {"type": "MultiLineString", "coordinates": [[[12.4205753, 41.8832452], [12.4203362, 41.8833233]], [[12.4195642, 41.8837245], [12.4199869, 41.8834531], [12.4200209, 41.8834347], [12.4200535, 41.8834203], [12.4200881, 41.8834058], [12.4201254, 41.8833914], [12.4203362, 41.8833233]]]}}, {"type": "Feature", "properties": {"id": "SS-ROM-13586", "nome": "Via dei Grimaldi", "quartiere": "Municipio Roma XIII", "classificazione": "giallo", "score": 3, "note": "strada urbana senza ciclabile", "ciclabile": "no", "n_corsie": "2", "senso_unico": "si", "n_testimonianze": "0", "municipio": "XIII"}, "geometry": {"type": "LineString", "coordinates": [[12.4184131, 41.882496], [12.4181896, 41.8824106], [12.4181551, 41.8824003], [12.4181213, 41.8823927], [12.4180799, 41.8823903], [12.41804, 41.8823919], [12.4180025, 41.8823993], [12.4179484, 41.8824173], [12.4178994, 41.8824383], [12.4178401, 41.8824682], [12.4177744, 41.8825057], [12.4177382, 41.8825285], [12.4176989, 41.8825561], [12.4176521, 41.8825941], [12.4176221, 41.8826246], [12.4176083, 41.8826415], [12.4175966, 41.882663], [12.4175887, 41.8826941], [12.4175808, 41.8827342], [12.4175717, 41.8827974], [12.4175684, 41.8828543], [12.417583, 41.8831251], [12.4175845, 41.8831396], [12.4175855, 41.8831611], [12.4175839, 41.8831787], [12.4175797, 41.8832012], [12.4175733, 41.8832244], [12.4175636, 41.8832541], [12.4175487, 41.8832798], [12.4175357, 41.8832945], [12.4175174, 41.8833113], [12.4174858, 41.8833338], [12.4174513, 41.8833561], [12.4174088, 41.8833826], [12.4173691, 41.8834085], [12.4171415, 41.8835569], [12.416842, 41.883754], [12.4168064, 41.8837775]]}}, {"type": "Feature", "properties": {"id": "SS-ROM-13623", "nome": "Via dei Maffei", "quartiere": "Municipio Roma XIII", "classificazione": "giallo", "score": 3, "note": "strada urbana senza ciclabile", "ciclabile": "no", "n_corsie": "2", "senso_unico": "no", "n_testimonianze": "0", "municipio": "XIII"}, "geometry": {"type": "LineString", "coordinates": [[12.41649, 41.8920591], [12.4181254, 41.893242], [12.4182422, 41.8933419], [12.418298, 41.8933977], [12.418343, 41.8934536], [12.4183874, 41.8935178], [12.418421, 41.8935799], [12.4184596, 41.8936732], [12.418474, 41.8937666], [12.41847, 41.8938175], [12.4184465, 41.8938758], [12.4184159, 41.8939238], [12.4183872, 41.8939574], [12.418308, 41.8940298], [12.4173559, 41.8947447], [12.4172643, 41.8948172], [12.4172559, 41.8948239], [12.4171913, 41.8948775]]}}, {"type": "Feature", "properties": {"id": "SS-ROM-13659", "nome": "Via dei Monti di Primavalle", "quartiere": "Municipio Roma XIII", "classificazione": "giallo", "score": 3, "note": "strada urbana senza ciclabile (2 corsie)", "ciclabile": "no", "n_corsie": "2", "senso_unico": "no", "n_testimonianze": "0", "municipio": "XIII"}, "geometry": {"type": "MultiLineString", "coordinates": [[[12.4145945, 41.9139431], [12.4144972, 41.9138967], [12.4144744, 41.9138824], [12.414369, 41.9138086]], [[12.4138031, 41.9131366], [12.4137428, 41.913033], [12.4137166, 41.9129879], [12.4136267, 41.9128356], [12.413541, 41.9126903], [12.4134674, 41.9125635], [12.4133269, 41.9123113], [12.4132242, 41.9121343], [12.4131313, 41.9119803], [12.4128505, 41.9114925], [12.4127762, 41.9113622], [12.4126658, 41.9111629], [12.412645, 41.9111194], [12.4126278, 41.9110802], [12.4126113, 41.9110372], [12.4125945, 41.9109885], [12.4125861, 41.9109443], [12.4125809, 41.9109047], [12.4125722, 41.9108051], [12.4125726, 41.9107107], [12.4125788, 41.9106468], [12.4125887, 41.9105872], [12.4126261, 41.9104701], [12.4126533, 41.9103975], [12.4126758, 41.9103485], [12.4127645, 41.9101832], [12.4129366, 41.9098556], [12.4130958, 41.9095385], [12.4131902, 41.9093714], [12.4132588, 41.9092371], [12.4134575, 41.9088547], [12.4134865, 41.9087974], [12.4135144, 41.9087357], [12.4135426, 41.9086612], [12.4135531, 41.9086236], [12.4135615, 41.908586], [12.4135809, 41.9084607], [12.413605, 41.9080721], [12.413626, 41.9077618], [12.413644, 41.9075177], [12.4136565, 41.9074426], [12.4136655, 41.907393], [12.4136792, 41.9073439], [12.4136929, 41.907304], [12.413715, 41.907248], [12.4137453, 41.9071829], [12.4137752, 41.9071355], [12.4138091, 41.9070897], [12.4138734, 41.9070196], [12.4139633, 41.9069416], [12.414079, 41.906864], [12.4143167, 41.9067221], [12.414409, 41.9066634], [12.4145113, 41.9065986], [12.4145384, 41.9065829], [12.4147588, 41.9064909]], [[12.414369, 41.9138086], [12.4142594, 41.9137128], [12.4141662, 41.9136279], [12.4140773, 41.9135379], [12.4139915, 41.9134345], [12.4139393, 41.913363], [12.4138031, 41.9131366]]]}}, {"type": "Feature", "properties": {"id": "SS-ROM-13744", "nome": "Via dei Sampietrini", "quartiere": "Municipio Roma XIII", "classificazione": "giallo", "score": 3, "note": "strada urbana senza ciclabile (1 corsie)", "ciclabile": "no", "n_corsie": "1", "senso_unico": "si", "n_testimonianze": "0", "municipio": "XIII"}, "geometry": {"type": "LineString", "coordinates": [[12.4146031, 41.9118445], [12.4145113, 41.9117993], [12.4139877, 41.9116269], [12.413825, 41.9115767], [12.4137028, 41.9115296], [12.4136449, 41.9114097], [12.4134085, 41.9107707], [12.4132925, 41.9104963], [12.4132842, 41.9103574], [12.4133096, 41.9102663], [12.4133446, 41.9102122], [12.4134047, 41.9101674], [12.4134807, 41.9101277], [12.4135691, 41.9101034], [12.4137388, 41.9100939], [12.4139104, 41.9101322], [12.4140305, 41.9102418], [12.4144194, 41.9107301], [12.4145337, 41.9108786], [12.4146238, 41.9109271], [12.4150659, 41.9110761]]}}, {"type": "Feature", "properties": {"id": "SS-ROM-13763", "nome": "Via dei Simonetta", "quartiere": "Municipio Roma XIII", "classificazione": "giallo", "score": 3, "note": "strada urbana senza ciclabile", "ciclabile": "no", "n_corsie": "2", "senso_unico": "no", "n_testimonianze": "0", "municipio": "XIII"}, "geometry": {"type": "LineString", "coordinates": [[12.4182308, 41.8851681], [12.4187442, 41.8848356]]}}, {"type": "Feature", "properties": {"id": "SS-ROM-13767", "nome": "Via dei Sorbolonghi", "quartiere": "Municipio Roma XIII", "classificazione": "blu", "score": 2, "note": "zona pedonale / living street", "ciclabile": "no", "n_corsie": "1", "senso_unico": "no", "n_testimonianze": "0", "municipio": "XIII"}, "geometry": {"type": "MultiLineString", "coordinates": [[[12.4157544, 41.8811438], [12.4164334, 41.8808797]], [[12.4164794, 41.8808618], [12.4171453, 41.8806089]], [[12.4164334, 41.8808797], [12.4164794, 41.8808618]]]}}, {"type": "Feature", "properties": {"id": "SS-ROM-13796", "nome": "Via dei Veralli", "quartiere": "Municipio Roma XIII", "classificazione": "giallo", "score": 3, "note": "strada urbana senza ciclabile", "ciclabile": "no", "n_corsie": "2", "senso_unico": "no", "n_testimonianze": "0", "municipio": "XIII"}, "geometry": {"type": "LineString", "coordinates": [[12.4202397, 41.8814789], [12.4199386, 41.8815988], [12.4197201, 41.8816934], [12.4191878, 41.8819238], [12.4191257, 41.8819501], [12.4189351, 41.8817457]]}}, {"type": "Feature", "properties": {"id": "SS-ROM-13881", "nome": "Via del Casale della Maglianella", "quartiere": "Municipio Roma XIII", "classificazione": "giallo", "score": 3, "note": "strada urbana senza ciclabile", "ciclabile": "no", "n_corsie": "2", "senso_unico": "no", "n_testimonianze": "0", "municipio": "XIII"}, "geometry": {"type": "LineString", "coordinates": [[12.3688015, 41.8860631], [12.3687961, 41.8860488], [12.3687939, 41.8860343], [12.3687954, 41.8860189], [12.3687999, 41.8860036], [12.3688081, 41.8859909], [12.3688223, 41.885974], [12.3688389, 41.8859597], [12.3689079, 41.8859221], [12.3690299, 41.885859], [12.3690743, 41.8858347], [12.3691071, 41.8858152], [12.3691346, 41.8857982], [12.3691722, 41.8857739], [12.3692045, 41.8857521], [12.3692367, 41.8857282], [12.3696576, 41.885393], [12.3701536, 41.8849649], [12.3701728, 41.8849517], [12.3702009, 41.8849369], [12.3702279, 41.8849276]]}}, {"type": "Feature", "properties": {"id": "SS-ROM-13884", "nome": "Via del Casale delle Pantanelle", "quartiere": "Municipio Roma XIII", "classificazione": "giallo", "score": 3, "note": "strada urbana senza ciclabile", "ciclabile": "no", "n_corsie": "2", "senso_unico": "no", "n_testimonianze": "0", "municipio": "XIII"}, "geometry": {"type": "LineString", "coordinates": [[12.3485448, 41.906901], [12.3481966, 41.9067535], [12.348124, 41.9067227], [12.3479084, 41.9066372], [12.347833, 41.9066108], [12.3477473, 41.9065891], [12.3477016, 41.9065825], [12.3476502, 41.9065773], [12.3476073, 41.9065758], [12.3475587, 41.9065757], [12.3475094, 41.9065803], [12.347454, 41.9065896], [12.3474045, 41.9066047], [12.3473589, 41.9066212], [12.3473151, 41.9066392], [12.3472751, 41.9066585], [12.3472325, 41.9066822], [12.3471937, 41.9067116], [12.3471237, 41.9067732], [12.3469635, 41.9069365], [12.3469789, 41.9069537], [12.346987, 41.9069637], [12.3470072, 41.9069938], [12.3470553, 41.9070891], [12.3471094, 41.9072018], [12.3471212, 41.907234], [12.3470811, 41.9072973], [12.3470634, 41.9073218], [12.3470416, 41.9073464], [12.3470187, 41.9073668], [12.3469917, 41.9073871], [12.3463741, 41.9077969], [12.3461083, 41.9079733], [12.3460878, 41.9079869], [12.3460642, 41.9079995], [12.3460378, 41.9080121], [12.3460143, 41.9080226], [12.3459841, 41.9080341], [12.3459553, 41.9080443], [12.3456185, 41.908159], [12.3452282, 41.9083311], [12.3452087, 41.9083421], [12.3451878, 41.9083551], [12.3451701, 41.9083679], [12.3451511, 41.9083827], [12.3449818, 41.9085344], [12.3448511, 41.9084981], [12.3448047, 41.9084844], [12.3447777, 41.9084774], [12.3447606, 41.9084736], [12.3447401, 41.9084711], [12.3447218, 41.9084725], [12.3447088, 41.9084758], [12.3446969, 41.9084795], [12.3446849, 41.9084845], [12.3446717, 41.9084905], [12.3446609, 41.9084968], [12.3446479, 41.9085061], [12.3445861, 41.9085628], [12.3445235, 41.9086172], [12.3445026, 41.9086334], [12.3444791, 41.9086496], [12.3444549, 41.9086646], [12.3444273, 41.9086796], [12.3443955, 41.908696], [12.3443691, 41.9087083], [12.3443283, 41.9087264], [12.3442052, 41.9087739], [12.3439328, 41.9088709], [12.3432182, 41.9091254], [12.3431996, 41.9091323], [12.3431801, 41.9091405], [12.3431619, 41.9091492], [12.3431438, 41.9091592], [12.3431277, 41.9091706], [12.3431116, 41.9091831], [12.3430955, 41.9091971], [12.3428125, 41.9094748], [12.342789, 41.909496], [12.3427602, 41.9095185], [12.3427253, 41.9095424], [12.3427048, 41.9095569], [12.3426857, 41.9095713], [12.3426673, 41.9095858], [12.3426502, 41.9096003], [12.3426261, 41.9096242], [12.3426141, 41.9096382], [12.342602, 41.9096542], [12.3425913, 41.9096711], [12.3425818, 41.9096926], [12.3425738, 41.909718], [12.3425705, 41.909732], [12.3425664, 41.9097495], [12.3425639, 41.9097668], [12.3425614, 41.9097861], [12.3425603, 41.9098109], [12.3425597, 41.909834], [12.3425671, 41.9101173], [12.3425658, 41.9101433], [12.3425644, 41.9101722], [12.3425604, 41.9101991], [12.3425564, 41.9102291], [12.342551, 41.9102561], [12.3425443, 41.910286], [12.3425333, 41.9103283], [12.3425054, 41.9104307], [12.3424839, 41.9104866], [12.3423015, 41.9108758], [12.3420575, 41.9114267], [12.3420548, 41.9114467], [12.3420602, 41.9114666], [12.3420709, 41.9114806], [12.342087, 41.9114926], [12.3421057, 41.9115006], [12.3421272, 41.9115065], [12.3421513, 41.9115105], [12.3421755, 41.9115125], [12.3423901, 41.9115385], [12.3424115, 41.9115465], [12.3424276, 41.9115584], [12.342441, 41.9115744], [12.3424437, 41.9115904], [12.3424437, 41.9116083], [12.3424437, 41.9116303], [12.3424046, 41.9117815], [12.3422908, 41.9122211], [12.3422801, 41.912263], [12.3422694, 41.9123149], [12.3422506, 41.9124127], [12.3421728, 41.9127321], [12.3421567, 41.912778], [12.3421406, 41.9128179], [12.3421165, 41.9128653], [12.3420964, 41.9128975], [12.3420709, 41.9129337], [12.3418413, 41.9132502], [12.3418188, 41.913284], [12.3418014, 41.913313], [12.3417866, 41.9133409], [12.3417597, 41.9134028], [12.3416211, 41.9137351], [12.3414728, 41.9141153], [12.3414177, 41.914264], [12.3413896, 41.9143638], [12.3413199, 41.9148019]]}}, {"type": "Feature", "properties": {"id": "SS-ROM-13885", "nome": "Via del Casale delle Pulci", "quartiere": "Municipio Roma XIII", "classificazione": "giallo", "score": 3, "note": "strada urbana senza ciclabile", "ciclabile": "no", "n_corsie": "2", "senso_unico": "no", "n_testimonianze": "0", "municipio": "XIII"}, "geometry": {"type": "LineString", "coordinates": [[12.2507739, 41.8769834], [12.2507889, 41.8770284], [12.2507406, 41.8770698], [12.2506585, 41.8770805], [12.250487, 41.8770698], [12.2502865, 41.8770662], [12.2501078, 41.877077], [12.2499194, 41.8771237], [12.2497286, 41.8772046], [12.2495522, 41.8773881], [12.2493928, 41.877541], [12.2491464, 41.8777514], [12.2489145, 41.8779402], [12.2486392, 41.8781381], [12.2482841, 41.8783773], [12.2481435, 41.8784846], [12.2481065, 41.8785138], [12.2480782, 41.87854], [12.2480559, 41.8785625], [12.248037, 41.878585], [12.2480182, 41.8786134], [12.248005, 41.8786399], [12.2479919, 41.8786723], [12.2479822, 41.8787046], [12.2479725, 41.8787474], [12.2479662, 41.8787843], [12.247903, 41.8792629], [12.2478889, 41.8793446], [12.2478698, 41.8794293], [12.2478468, 41.8795174], [12.247818, 41.8796203], [12.2478065, 41.8796571], [12.247795, 41.8796895], [12.2477802, 41.8797271], [12.2477653, 41.8797602], [12.2477347, 41.8798214], [12.2477227, 41.8798492], [12.2477117, 41.8798801], [12.2477052, 41.879909], [12.2476998, 41.879941], [12.2476976, 41.8799864], [12.2476963, 41.8800307], [12.2476986, 41.8800886], [12.2476978, 41.8801807], [12.2476956, 41.8802522], [12.2476893, 41.880334], [12.2476825, 41.8804171], [12.2476718, 41.8804919], [12.2474989, 41.8815964], [12.2473975, 41.8821179], [12.2473794, 41.8822177], [12.2473508, 41.8823438], [12.2473219, 41.882444], [12.2472912, 41.8825423], [12.2471287, 41.8829429], [12.2471165, 41.8829792], [12.2471082, 41.8830066], [12.2471039, 41.8830304], [12.2470998, 41.8830632], [12.2470986, 41.8830938], [12.2470994, 41.8831197], [12.2471032, 41.8831434], [12.2471163, 41.8831855], [12.2471324, 41.8832275], [12.247162, 41.8832743], [12.2471818, 41.8832973], [12.2472115, 41.8833217], [12.247241, 41.88334], [12.2472804, 41.8833597], [12.2473232, 41.883379], [12.2473711, 41.8833983], [12.2474195, 41.8834136], [12.2515738, 41.8846073]]}}, {"type": "Feature", "properties": {"id": "SS-ROM-13904", "nome": "Via del Castello di Porcareccia", "quartiere": "Municipio Roma XIII", "classificazione": "giallo", "score": 3, "note": "strada urbana senza ciclabile", "ciclabile": "no", "n_corsie": "2", "senso_unico": "no", "n_testimonianze": "0", "municipio": "XIII"}, "geometry": {"type": "MultiLineString", "coordinates": [[[12.362811, 41.9253122], [12.3628228, 41.9253474], [12.3628614, 41.9254068], [12.3631888, 41.9258192], [12.3635501, 41.9261876], [12.3636709, 41.9262804], [12.3638132, 41.9263672], [12.363854, 41.926388], [12.3639482, 41.926436], [12.3640778, 41.9264948], [12.3643448, 41.9266137], [12.3647823, 41.926816], [12.3648163, 41.9268327], [12.3648382, 41.9268689], [12.3648701, 41.9268615], [12.3648882, 41.9268583], [12.3648992, 41.9268556], [12.3649145, 41.9268483], [12.3649267, 41.926842], [12.3649385, 41.9268385], [12.3649545, 41.9268338]], [[12.3649545, 41.9268338], [12.3650016, 41.9268109], [12.3650521, 41.9267974], [12.3651195, 41.9267653], [12.3651684, 41.9267269], [12.3652108, 41.9266798], [12.365223, 41.926656], [12.3652229, 41.9266281], [12.365192, 41.9265825], [12.3651516, 41.9265317], [12.3651479, 41.92649], [12.3651934, 41.9264656], [12.36529, 41.9264688], [12.3653892, 41.9264913], [12.3655699, 41.9265564], [12.3657134, 41.926673], [12.3657924, 41.9267712], [12.365881, 41.926883]]]}}, {"type": "Feature", "properties": {"id": "SS-ROM-13935", "nome": "Via del Fontanile Arenato", "quartiere": "Municipio Roma XIII", "classificazione": "giallo", "score": 3, "note": "strada urbana senza ciclabile", "ciclabile": "no", "n_corsie": "2", "senso_unico": "si", "n_testimonianze": "0", "municipio": "XIII"}, "geometry": {"type": "MultiLineString", "coordinates": [[[12.4147848, 41.8787758], [12.4141637, 41.8789008], [12.4141359, 41.8789092], [12.414122, 41.8789148], [12.4141081, 41.8789225], [12.4140907, 41.8789347], [12.4140732, 41.8789489], [12.4139204, 41.879101], [12.4138094, 41.8792433], [12.4137753, 41.8792835], [12.4137371, 41.879334], [12.4137129, 41.8793713], [12.4136874, 41.8794124], [12.4136721, 41.8794552], [12.4136664, 41.8794904], [12.4136601, 41.8795371], [12.413656, 41.879573], [12.4136577, 41.8796018], [12.4136611, 41.8796233], [12.4136723, 41.8796446], [12.413691, 41.8796655], [12.4137183, 41.8796908], [12.4137506, 41.8797164], [12.4137954, 41.8797461], [12.4139625, 41.8798351], [12.4141655, 41.8799388], [12.4142179, 41.8799765], [12.4142663, 41.8800172], [12.4143111, 41.880061], [12.4143519, 41.8801078], [12.4143804, 41.8801519], [12.4144035, 41.8802], [12.4144306, 41.8802544], [12.4144515, 41.8803146], [12.4144639, 41.8803732], [12.4144728, 41.880433], [12.4145197, 41.8807028], [12.4145281, 41.8807407], [12.4145385, 41.8807814], [12.4145495, 41.8808145], [12.414571, 41.8808616], [12.4146191, 41.8809434], [12.4147732, 41.8812077], [12.4147935, 41.881258], [12.4148006, 41.8812924], [12.4148053, 41.8813291], [12.4148085, 41.8813732], [12.4148059, 41.8814266], [12.4147868, 41.8816936], [12.4147734, 41.8819392], [12.4147573, 41.8821469], [12.4147607, 41.8821852], [12.4147699, 41.8822227], [12.4147851, 41.8822644], [12.4148157, 41.8823197], [12.4148492, 41.8823761], [12.4148807, 41.8824204], [12.4149128, 41.8824528], [12.4149433, 41.8824818], [12.4149817, 41.8825162], [12.4150333, 41.882556], [12.4150914, 41.8825914], [12.415183, 41.8826405], [12.4152317, 41.8826668], [12.4152613, 41.8826824], [12.4154395, 41.8827836], [12.4154828, 41.8828091], [12.4157967, 41.8830007], [12.4160707, 41.8831901], [12.4163452, 41.8833992], [12.4166075, 41.8836037], [12.4168064, 41.8837775], [12.4168759, 41.8838391], [12.4170905, 41.8840576], [12.4173851, 41.8843894], [12.417465, 41.88447], [12.4176903, 41.8847007]], [[12.4176903, 41.8847007], [12.417728, 41.8847385], [12.4177963, 41.8848037], [12.4178706, 41.8848719], [12.4179466, 41.8849411], [12.4180086, 41.8849939], [12.4182308, 41.8851681], [12.4185807, 41.885427], [12.4186381, 41.8854682], [12.4187135, 41.8855219], [12.4188734, 41.885629], [12.4190263, 41.8857277], [12.4190949, 41.8857753], [12.4191651, 41.8858251], [12.4194729, 41.8860505], [12.4195643, 41.8861196], [12.4196506, 41.8861865], [12.4197249, 41.8862508], [12.41983, 41.8863535], [12.4198629, 41.8863869], [12.4203334, 41.8868905], [12.4204771, 41.8870414], [12.4206303, 41.8872022], [12.4209595, 41.8875103], [12.4210194, 41.8875725], [12.4210746, 41.8876324], [12.4211727, 41.8877539], [12.4212347, 41.8878315], [12.4213346, 41.8879567], [12.4214406, 41.8880848]]]}}, {"type": "Feature", "properties": {"id": "SS-ROM-13953", "nome": "Via del Fosso Galeria", "quartiere": "Municipio Roma XIII", "classificazione": "giallo", "score": 3, "note": "strada urbana senza ciclabile", "ciclabile": "no", "n_corsie": "2", "senso_unico": "no", "n_testimonianze": "0", "municipio": "XIII"}, "geometry": {"type": "LineString", "coordinates": [[12.3522405, 41.9163884], [12.3528922, 41.9161402], [12.3535177, 41.9158993], [12.3542573, 41.9156144], [12.3542864, 41.9156014], [12.3543243, 41.9155833], [12.3543488, 41.9155693], [12.3543682, 41.9155575], [12.354466, 41.91549], [12.3544809, 41.9154805], [12.3544999, 41.9154711], [12.3545365, 41.9154562], [12.3551669, 41.9152265], [12.3553973, 41.9151712]]}}, {"type": "Feature", "properties": {"id": "SS-ROM-13969", "nome": "Via del Fosso della Quistione", "quartiere": "Municipio Roma XIII", "classificazione": "giallo", "score": 3, "note": "strada urbana senza ciclabile", "ciclabile": "no", "n_corsie": "2", "senso_unico": "no", "n_testimonianze": "0", "municipio": "XIII"}, "geometry": {"type": "LineString", "coordinates": [[12.3413435, 41.8858222], [12.3414487, 41.8858471], [12.3419952, 41.885989], [12.3420311, 41.8859966], [12.3420566, 41.8860002], [12.3420828, 41.8860023], [12.342107, 41.8860028], [12.3421285, 41.8860024], [12.3421588, 41.8860003], [12.3421865, 41.8859973], [12.3422337, 41.8859891], [12.3422787, 41.8859829], [12.3425141, 41.8859533], [12.3432908, 41.8859077], [12.3434318, 41.8859025], [12.3435611, 41.8859002], [12.3436743, 41.8859018], [12.3437325, 41.8859031], [12.343788, 41.8859055], [12.3438493, 41.8859086], [12.3439079, 41.8859128], [12.3444745, 41.8859473], [12.3448225, 41.8859709], [12.344864, 41.8859747], [12.3449082, 41.8859805], [12.344963, 41.8859916], [12.3450326, 41.8860197], [12.345083, 41.8860434], [12.3451307, 41.8860711], [12.3452622, 41.8861607], [12.3456567, 41.8865179], [12.3461849, 41.8869323], [12.3462551, 41.8869986], [12.3462842, 41.8870273], [12.3463119, 41.887057], [12.3463285, 41.8870794], [12.3463438, 41.8871027], [12.3463543, 41.8871364], [12.3463566, 41.8871737], [12.3463534, 41.887214], [12.3463477, 41.8872425], [12.3463365, 41.8872741], [12.3463189, 41.8873109], [12.3463041, 41.8873289], [12.3462865, 41.8873478], [12.34627, 41.8873623], [12.3462507, 41.8873778], [12.3462055, 41.8874088], [12.3461597, 41.8874347], [12.3455051, 41.8877818], [12.3454557, 41.8878055], [12.3453955, 41.8878311], [12.3453353, 41.8878528], [12.3452644, 41.8878764], [12.3449892, 41.8879421], [12.3447452, 41.8880185], [12.3446062, 41.8880649], [12.3445343, 41.8880917], [12.343582, 41.8885148], [12.3435484, 41.8885317], [12.3435121, 41.8885517], [12.3434833, 41.888568], [12.3434518, 41.8885873], [12.3433944, 41.888624], [12.343361, 41.8886513], [12.3433329, 41.8886807], [12.3433076, 41.8887132], [12.3432745, 41.8887634], [12.3432436, 41.8888328], [12.3432126, 41.8889039], [12.3431557, 41.8890959], [12.3431101, 41.8892776], [12.3431075, 41.8893675], [12.343137, 41.8894853], [12.3431154, 41.8895212]]}}, {"type": "Feature", "properties": {"id": "SS-ROM-13972", "nome": "Via del Fosso delle Grotte", "quartiere": "Municipio Roma XIII", "classificazione": "giallo", "score": 3, "note": "strada urbana senza ciclabile", "ciclabile": "no", "n_corsie": "2", "senso_unico": "no", "n_testimonianze": "0", "municipio": "XIII"}, "geometry": {"type": "MultiLineString", "coordinates": [[[12.3093169, 41.9007304], [12.3093417, 41.9008822]], [[12.318615, 41.9165696], [12.3191339, 41.9167299], [12.3196066, 41.9169081], [12.3199075, 41.9170337], [12.3200955, 41.9171576], [12.3203107, 41.9173328], [12.3225792, 41.9194252], [12.3225793, 41.9194939], [12.3225228, 41.9196328], [12.3222938, 41.9199431], [12.3220609, 41.9202809], [12.3219462, 41.9204173], [12.3217115, 41.9207264], [12.3216069, 41.9209739], [12.3214835, 41.921405], [12.3214191, 41.9216125], [12.3214218, 41.9217722], [12.3214859, 41.921969], [12.3216444, 41.9222711], [12.3220146, 41.9228559], [12.3223606, 41.9233089], [12.3224185, 41.9233411], [12.3224772, 41.9233795], [12.3225471, 41.9234086], [12.3225883, 41.9234176], [12.3227254, 41.9234007], [12.3229265, 41.9233668]], [[12.3093417, 41.9008822], [12.3094917, 41.9016705], [12.3095524, 41.9020536], [12.3096597, 41.9026196], [12.3097845, 41.903327], [12.3097979, 41.9033829], [12.3097977, 41.9034478], [12.3097873, 41.9035096], [12.3097446, 41.9035817], [12.3096779, 41.9036664], [12.3096411, 41.9036986], [12.3096007, 41.9037338], [12.3095497, 41.9037819], [12.309517, 41.9038162], [12.3094772, 41.9038601], [12.3094588, 41.9038911], [12.3094486, 41.9040011], [12.3094675, 41.904071], [12.3094858, 41.9041092], [12.3095038, 41.9041512], [12.3101246, 41.9052764], [12.3103332, 41.9055451], [12.3106748, 41.9058935], [12.3107629, 41.9059652], [12.3108282, 41.9060163], [12.3115452, 41.9066057], [12.3128938, 41.9077546], [12.3156053, 41.9100581], [12.3156763, 41.9101235], [12.3157472, 41.9102009], [12.3158116, 41.9102804], [12.3158759, 41.910372], [12.3161445, 41.9108721], [12.3164079, 41.9112827], [12.3166859, 41.9117826], [12.3167526, 41.9119141], [12.3168139, 41.9120416], [12.3168616, 41.9121731], [12.316904, 41.9123006], [12.3172015, 41.913483], [12.3173532, 41.9140861], [12.3173833, 41.9141834], [12.3174396, 41.9143236], [12.3184496, 41.9164749], [12.3185229, 41.916514]], [[12.3185894, 41.9165582], [12.318615, 41.9165696]], [[12.3185229, 41.916514], [12.3185894, 41.9165582]]]}}, {"type": "Feature", "properties": {"id": "SS-ROM-14037", "nome": "Via del Monte della Capanna", "quartiere": "Municipio Roma XIII", "classificazione": "giallo", "score": 3, "note": "strada urbana senza ciclabile (2 corsie)", "ciclabile": "no", "n_corsie": "2", "senso_unico": "no", "n_testimonianze": "0", "municipio": "XIII"}, "geometry": {"type": "MultiLineString", "coordinates": [[[12.4006268, 41.9249169], [12.4006026, 41.9248976], [12.4005595, 41.9248596], [12.3980438, 41.9226218], [12.3970691, 41.9217534], [12.3969823, 41.9216788], [12.3968832, 41.9216007], [12.3968381, 41.9215676], [12.3967945, 41.9215373], [12.3965806, 41.9214193], [12.3964812, 41.9213682], [12.3963741, 41.9213148], [12.3956918, 41.9210198], [12.3943887, 41.9204716], [12.3942892, 41.9204297], [12.3942511, 41.920411], [12.3942139, 41.9203897], [12.3941589, 41.9203522], [12.3941338, 41.9203316], [12.3941144, 41.9203127], [12.3940941, 41.920289], [12.3940695, 41.9202563], [12.3940549, 41.9202321], [12.394042, 41.920208], [12.3940314, 41.9201821], [12.3940217, 41.9201523], [12.394015, 41.9201194], [12.3940119, 41.9200902], [12.39401, 41.9200423], [12.3940151, 41.9199253], [12.3940603, 41.9194452]], [[12.3940649, 41.9193957], [12.3940708, 41.9193334], [12.3940622, 41.919292], [12.3940492, 41.9192581], [12.3940091, 41.9192036], [12.3933073, 41.9187896], [12.3932601, 41.9187551], [12.3932218, 41.9187174], [12.3931943, 41.9186786], [12.3931302, 41.918549], [12.3930972, 41.9184823]], [[12.3940603, 41.9194452], [12.3940649, 41.9193957]]]}}, {"type": "Feature", "properties": {"id": "SS-ROM-14047", "nome": "Via del Nebbiolo", "quartiere": "Municipio Roma XIII", "classificazione": "giallo", "score": 3, "note": "strada urbana senza ciclabile (2 corsie)", "ciclabile": "no", "n_corsie": "2", "senso_unico": "no", "n_testimonianze": "0", "municipio": "XIII"}, "geometry": {"type": "MultiLineString", "coordinates": [[[12.376735, 41.9202778], [12.3768032, 41.9203119], [12.3768591, 41.9203661]], [[12.3786319, 41.9194959], [12.3784632, 41.9194474], [12.3779514, 41.9192977], [12.377879, 41.9192785]], [[12.377879, 41.9192785], [12.3777134, 41.91928], [12.3776557, 41.919288], [12.3775982, 41.9193116]], [[12.3776846, 41.9191257], [12.3777153, 41.9191692], [12.377754, 41.919208], [12.3777864, 41.9192326], [12.377879, 41.9192785]], [[12.376735, 41.9202778], [12.3766273, 41.9202784], [12.3766092, 41.9202798], [12.3765162, 41.9203026], [12.3764522, 41.9203223]], [[12.3766733, 41.9200472], [12.3766623, 41.9201124], [12.3766805, 41.9201904], [12.3766998, 41.9202249], [12.376735, 41.9202778]], [[12.3768591, 41.9203661], [12.3768826, 41.9204889], [12.3769153, 41.9205962], [12.3769555, 41.9206373], [12.3770154, 41.9206714], [12.377111, 41.9207144], [12.3772023, 41.9207256], [12.3772973, 41.9207303], [12.3774366, 41.9207281], [12.3783332, 41.9206685], [12.3792342, 41.9206217], [12.3793949, 41.9205985], [12.3795205, 41.9205396], [12.3796473, 41.9204011], [12.3796669, 41.9203296], [12.379625, 41.9202175], [12.3795244, 41.9201422], [12.3793602, 41.9200748], [12.3792057, 41.9200346], [12.3790249, 41.919986], [12.3788077, 41.9198882], [12.3787352, 41.9197964], [12.3787537, 41.9196281]]]}}, {"type": "Feature", "properties": {"id": "SS-ROM-14079", "nome": "Via del Podere Cave", "quartiere": "Municipio Roma XIII", "classificazione": "giallo", "score": 3, "note": "strada urbana senza ciclabile", "ciclabile": "no", "n_corsie": "2", "senso_unico": "no", "n_testimonianze": "0", "municipio": "XIII"}, "geometry": {"type": "LineString", "coordinates": [[12.3290875, 41.8855959], [12.3290684, 41.885518], [12.329063, 41.8855023], [12.3290572, 41.8854909], [12.3290463, 41.8854789], [12.329039, 41.8854731], [12.3290312, 41.8854689], [12.3290197, 41.8854655], [12.3290063, 41.8854626], [12.3289893, 41.8854601], [12.3289651, 41.8854578], [12.3289355, 41.8854561], [12.3288096, 41.8854512], [12.3285238, 41.8854461], [12.3284916, 41.8854447], [12.3284537, 41.8854426], [12.3284138, 41.8854399], [12.3283773, 41.8854367], [12.3283387, 41.885433], [12.3283041, 41.8854294], [12.3280957, 41.8854047], [12.3279016, 41.8853829], [12.3278651, 41.8853771], [12.3278392, 41.8853721], [12.3278125, 41.885366], [12.3277899, 41.8853597], [12.3277666, 41.8853524], [12.3277401, 41.8853419], [12.3277261, 41.8853356], [12.3277108, 41.8853274], [12.3276978, 41.8853204], [12.3276835, 41.8853115], [12.32766, 41.8852943], [12.3276406, 41.8852772], [12.3276188, 41.8852546], [12.327597, 41.8852321], [12.3275179, 41.8851334], [12.3273468, 41.8848882], [12.3272419, 41.8847499], [12.3271958, 41.8847052], [12.3271499, 41.8846773], [12.3270763, 41.8846451], [12.3269973, 41.8846179], [12.3269245, 41.8845985], [12.3268463, 41.8845841], [12.3267709, 41.8845738], [12.3266942, 41.8845686], [12.3266274, 41.884569], [12.3265593, 41.8845745], [12.3265136, 41.8845808], [12.3264599, 41.884591], [12.3264038, 41.8846047], [12.326345, 41.8846224], [12.3262736, 41.8846506], [12.3261527, 41.8847033], [12.3256559, 41.8849047], [12.3255234, 41.884954], [12.3254897, 41.8849633], [12.3254507, 41.8849706], [12.325417, 41.884975], [12.325378, 41.8849773], [12.3253349, 41.8849767], [12.3253026, 41.884974], [12.3252636, 41.8849684], [12.3252272, 41.8849608], [12.3251889, 41.8849499], [12.3251532, 41.884935], [12.3251203, 41.8849192], [12.3250913, 41.8849033], [12.3250524, 41.8848805], [12.3250175, 41.8848576], [12.3249839, 41.8848328], [12.324953, 41.884806], [12.3248684, 41.8847129], [12.3247837, 41.8846074], [12.3246954, 41.884465], [12.3246687, 41.8844122], [12.3246587, 41.8843849], [12.32465, 41.8843565], [12.3246454, 41.8843219], [12.324642, 41.8842862], [12.324642, 41.8842496], [12.3246447, 41.8842129], [12.3246512, 41.8841718], [12.3246631, 41.8841312], [12.3246843, 41.8840858], [12.3247267, 41.8840061], [12.3248573, 41.8838403], [12.3248716, 41.8838255], [12.3248873, 41.8838102], [12.3249074, 41.8837947], [12.3249288, 41.8837786], [12.3249676, 41.8837567], [12.3249863, 41.883747], [12.3250044, 41.8837383], [12.3250206, 41.8837315], [12.3250361, 41.8837257], [12.3250782, 41.8837129], [12.3250991, 41.8837057], [12.3251201, 41.8836965], [12.3251526, 41.883679], [12.3251772, 41.8836619], [12.3251915, 41.8836503], [12.3252037, 41.8836396], [12.3252159, 41.8836264], [12.3252262, 41.8836143], [12.3252331, 41.8836027], [12.3252387, 41.883592], [12.3252419, 41.883579], [12.3252437, 41.883567], [12.3252422, 41.8835552], [12.3252393, 41.8835435], [12.3252348, 41.8835306], [12.3252283, 41.8835182], [12.3252181, 41.8835065], [12.3252066, 41.8834964], [12.3251952, 41.8834875], [12.3251832, 41.8834795], [12.3251647, 41.8834709], [12.3251449, 41.8834632], [12.3251186, 41.8834567], [12.3250897, 41.8834523], [12.3250607, 41.8834492], [12.3250303, 41.8834471], [12.3249983, 41.8834471], [12.3249642, 41.883448], [12.3249226, 41.883451], [12.3248924, 41.8834538], [12.324834, 41.8834615], [12.3247837, 41.8834691], [12.3240201, 41.8836047]]}}, {"type": "Feature", "properties": {"id": "SS-ROM-14080", "nome": "Via del Podere Cesare Battisti", "quartiere": "Municipio Roma XIII", "classificazione": "giallo", "score": 3, "note": "strada urbana senza ciclabile (2 corsie)", "ciclabile": "no", "n_corsie": "2", "senso_unico": "no", "n_testimonianze": "0", "municipio": "XIII"}, "geometry": {"type": "MultiLineString", "coordinates": [[[12.3927124, 41.9275177], [12.3930063, 41.9275625]], [[12.393646, 41.9275943], [12.3939361, 41.9267619]], [[12.3917951, 41.9272985], [12.3918902, 41.9273473], [12.3919337, 41.9273657], [12.3919765, 41.9273822], [12.3920122, 41.9273934], [12.3920532, 41.9274058], [12.3920941, 41.9274162], [12.3921968, 41.9274388], [12.3922949, 41.9274564], [12.3924015, 41.927472], [12.3927124, 41.9275177]], [[12.3917951, 41.9272985], [12.3917475, 41.9273354], [12.3916743, 41.9273856], [12.3914236, 41.9275438], [12.3911132, 41.927713], [12.3910486, 41.9277409], [12.3909881, 41.9277619], [12.3909372, 41.9277756], [12.3908835, 41.9277872], [12.3908299, 41.9277949], [12.3907565, 41.9278015], [12.3907123, 41.9278013], [12.3906457, 41.9278], [12.3905763, 41.9277936], [12.3905456, 41.9277908]], [[12.3930063, 41.9275625], [12.3930872, 41.9275758], [12.3931888, 41.9275889], [12.3932387, 41.9275932], [12.3932949, 41.9275975], [12.3933724, 41.9276003], [12.3934259, 41.9275988], [12.3934759, 41.9275951], [12.3935142, 41.9275918], [12.3935476, 41.9275907], [12.3935878, 41.92759], [12.3936177, 41.927591], [12.393646, 41.9275943], [12.3943999, 41.9277428], [12.3944075, 41.927745], [12.3944152, 41.9277487], [12.3944218, 41.9277534], [12.3944271, 41.9277576], [12.3944314, 41.9277637], [12.3944344, 41.9277699], [12.394436, 41.9277771], [12.3944356, 41.9277843], [12.3944336, 41.9277923], [12.3944315, 41.9277997], [12.3942706, 41.9282604]]]}}, {"type": "Feature", "properties": {"id": "SS-ROM-14081", "nome": "Via del Podere Colonnacce", "quartiere": "Municipio Roma XIII", "classificazione": "giallo", "score": 3, "note": "strada urbana senza ciclabile", "ciclabile": "no", "n_corsie": "2", "senso_unico": "no", "n_testimonianze": "0", "municipio": "XIII"}, "geometry": {"type": "LineString", "coordinates": [[12.322297, 41.8907123], [12.3222092, 41.8906051], [12.3220976, 41.8903954], [12.321971, 41.8900815], [12.3219464, 41.8899689], [12.3219502, 41.8898521], [12.3219388, 41.8896353], [12.3218953, 41.8894495], [12.3218235, 41.8891891], [12.321693, 41.8888499]]}}, {"type": "Feature", "properties": {"id": "SS-ROM-14082", "nome": "Via del Podere Fiume", "quartiere": "Municipio Roma XIII", "classificazione": "giallo", "score": 3, "note": "strada urbana senza ciclabile (2 corsie)", "ciclabile": "no", "n_corsie": "2", "senso_unico": "no", "n_testimonianze": "0", "municipio": "XIII"}, "geometry": {"type": "MultiLineString", "coordinates": [[[12.396512, 41.9249015], [12.3977434, 41.9251659], [12.3978108, 41.9251812], [12.3979238, 41.9248949], [12.3980314, 41.9246259], [12.3980378, 41.9246138], [12.3980438, 41.924606], [12.3980514, 41.9245972], [12.3980593, 41.9245911], [12.3980699, 41.9245857], [12.3980889, 41.9245817], [12.3981031, 41.9245817], [12.3981189, 41.9245832], [12.3984254, 41.9246506], [12.3987329, 41.9247197], [12.3991364, 41.9248057], [12.3995065, 41.924886], [12.4000938, 41.9250176], [12.400236, 41.9250487], [12.4003768, 41.9250791], [12.4004365, 41.9250903], [12.4004598, 41.9250938], [12.4004851, 41.9250974], [12.4005047, 41.9250989], [12.4005303, 41.9251001]], [[12.4008166, 41.9251275], [12.4008591, 41.9251453], [12.4008966, 41.9251573], [12.4009382, 41.9251699], [12.4009932, 41.9251834], [12.4010603, 41.925197], [12.4020928, 41.9254061], [12.4026688, 41.9255254], [12.4033097, 41.9256551], [12.4037416, 41.9257425], [12.4038769, 41.9257698], [12.4045858, 41.9259126], [12.4052542, 41.9260462], [12.4058349, 41.9261615], [12.405917, 41.9261774]]]}}, {"type": "Feature", "properties": {"id": "SS-ROM-14084", "nome": "Via del Podere Trieste", "quartiere": "Municipio Roma XIII", "classificazione": "giallo", "score": 3, "note": "strada urbana senza ciclabile (1 corsie)", "ciclabile": "no", "n_corsie": "1", "senso_unico": "si", "n_testimonianze": "0", "municipio": "XIII"}, "geometry": {"type": "LineString", "coordinates": [[12.4016441, 41.9237569], [12.4016269, 41.9237904], [12.4016069, 41.9238266], [12.4014435, 41.9240595], [12.4011429, 41.9244645], [12.4010045, 41.9246548], [12.400986, 41.9246803], [12.4009114, 41.924783], [12.4008601, 41.924851], [12.4008134, 41.9249075], [12.4007928, 41.9249378]]}}, {"type": "Feature", "properties": {"id": "SS-ROM-14085", "nome": "Via del Podere Zara", "quartiere": "Municipio Roma XIII", "classificazione": "giallo", "score": 3, "note": "strada urbana senza ciclabile", "ciclabile": "no", "n_corsie": "2", "senso_unico": "no", "n_testimonianze": "0", "municipio": "XIII"}, "geometry": {"type": "MultiLineString", "coordinates": [[[12.3955478, 41.9249329], [12.3954561, 41.9248402], [12.3953237, 41.9247118], [12.3950821, 41.9244777], [12.3948221, 41.9242122], [12.394236, 41.9243149], [12.3940701, 41.9240516], [12.3939744, 41.9238889], [12.3939276, 41.9237937], [12.3938879, 41.9237089], [12.3938439, 41.9236005], [12.3938235, 41.9235501], [12.3938077, 41.9235014], [12.3938019, 41.9234411], [12.3938008, 41.9233659], [12.3938032, 41.9232834], [12.3938055, 41.9232411], [12.393816, 41.9232119], [12.3938286, 41.923178], [12.3938412, 41.9231511], [12.3938588, 41.9231228], [12.3938893, 41.923098], [12.3940014, 41.9230318], [12.3941579, 41.9229517], [12.3943895, 41.9228294], [12.3944461, 41.922792], [12.3944652, 41.9227781], [12.3944797, 41.9227642], [12.3944934, 41.9227363], [12.3945935, 41.9225287], [12.3947241, 41.922242], [12.3947394, 41.9222198], [12.3947547, 41.9222053], [12.3947882, 41.9221792], [12.3948344, 41.922152], [12.3948859, 41.9221324], [12.3949383, 41.9221227], [12.3950124, 41.9221205], [12.3950678, 41.9221217], [12.3951482, 41.9221177], [12.3952012, 41.9221131], [12.3952636, 41.9220972], [12.3953344, 41.9220756], [12.3953721, 41.9220656], [12.3954052, 41.9220626], [12.3954418, 41.9220617], [12.3954761, 41.9220703], [12.395504, 41.9220864], [12.3955203, 41.9221007], [12.395599, 41.9221662], [12.3956612, 41.9222149], [12.3957997, 41.9223227], [12.3959875, 41.9224723], [12.3962236, 41.9226703], [12.3963494, 41.9227758], [12.3967721, 41.9231728], [12.3969068, 41.9232989], [12.3971676, 41.9235399], [12.3971875, 41.9235575], [12.3972074, 41.9235752], [12.3972682, 41.92362], [12.397337, 41.9236658], [12.3973983, 41.9237042], [12.3974413, 41.9237298], [12.3974825, 41.9237501], [12.3975585, 41.9237856], [12.397646, 41.923822], [12.3980013, 41.9239552], [12.3983468, 41.924087], [12.3984673, 41.9241349], [12.3990743, 41.9243759], [12.3993551, 41.9244851], [12.4004973, 41.9249336], [12.4005513, 41.9249556]], [[12.3952712, 41.9227836], [12.3959875, 41.9224723]]]}}, {"type": "Feature", "properties": {"id": "SS-ROM-14086", "nome": "Via del Podere di San Giusto", "quartiere": "Municipio Roma XIII", "classificazione": "giallo", "score": 3, "note": "strada urbana senza ciclabile (2 corsie)", "ciclabile": "no", "n_corsie": "2", "senso_unico": "no", "n_testimonianze": "0", "municipio": "XIII"}, "geometry": {"type": "LineString", "coordinates": [[12.3908686, 41.9181341], [12.3908822, 41.9181664], [12.3908982, 41.9181951], [12.3909093, 41.9182129], [12.3909204, 41.9182284], [12.3912545, 41.9186144], [12.3913321, 41.9187188], [12.3913997, 41.9188192], [12.391421, 41.9188598], [12.3914416, 41.9189111], [12.3914512, 41.9189476], [12.3914567, 41.9189739], [12.3914615, 41.9190105], [12.3914628, 41.9190525], [12.3914628, 41.9190906], [12.3914592, 41.9191358], [12.3914531, 41.9192141], [12.3914296, 41.9193501], [12.3913886, 41.9195845], [12.3913812, 41.919635], [12.3913735, 41.9197006], [12.39137, 41.919761], [12.3913712, 41.9198105], [12.3913779, 41.919864], [12.3913947, 41.919932], [12.3914074, 41.9199755], [12.3914247, 41.9200298], [12.391457, 41.9201222], [12.3915024, 41.9202417], [12.3915797, 41.9204584], [12.3916044, 41.9205282], [12.3916192, 41.9205776], [12.3916328, 41.920635], [12.3916433, 41.9206878], [12.391654, 41.9207652], [12.3916579, 41.9208125], [12.3916602, 41.9208701], [12.3916621, 41.9209473], [12.3916617, 41.9210307], [12.391641, 41.9213713], [12.3916178, 41.9217133], [12.3916092, 41.9219446], [12.3916052, 41.9220463], [12.3915881, 41.922363], [12.3915863, 41.9223962], [12.3915695, 41.9229434], [12.3915392, 41.9235438], [12.3915318, 41.9237467], [12.3915037, 41.9245323], [12.3914692, 41.9251776], [12.391439, 41.9258991], [12.3914387, 41.9259701], [12.391434, 41.9260847], [12.3914154, 41.9264887], [12.3914153, 41.926739], [12.3914191, 41.926797], [12.3914238, 41.9268334], [12.3914367, 41.9268833], [12.39146, 41.9269403], [12.3914949, 41.9270028], [12.391535, 41.9270653], [12.391558, 41.9270945], [12.3915872, 41.9271269], [12.3916217, 41.9271622], [12.3916488, 41.9271886], [12.3916759, 41.9272136], [12.3917032, 41.9272365], [12.3917324, 41.9272587], [12.3917686, 41.927283], [12.3917951, 41.9272985]]}}, {"type": "Feature", "properties": {"id": "SS-ROM-14115", "nome": "Via del Quartaccio", "quartiere": "Municipio Roma XIII", "classificazione": "giallo", "score": 3, "note": "strada urbana senza ciclabile (2 corsie)", "ciclabile": "no", "n_corsie": "2", "senso_unico": "no", "n_testimonianze": "0", "municipio": "XIII"}, "geometry": {"type": "MultiLineString", "coordinates": [[[12.3921072, 41.9183148], [12.3920085, 41.9183018], [12.3919357, 41.918296], [12.3918057, 41.9182899], [12.391671, 41.9182837], [12.3916123, 41.918281], [12.3915505, 41.9182759], [12.3914515, 41.9182647], [12.3913914, 41.9182555], [12.391319, 41.9182393], [12.3912143, 41.9182127], [12.3909793, 41.9181584], [12.3908686, 41.9181341]], [[12.3874589, 41.9146516], [12.3872781, 41.9145686], [12.3871202, 41.9144919], [12.3870747, 41.9144718], [12.3870381, 41.9144516], [12.3870093, 41.9144355], [12.3869845, 41.9144193], [12.3869589, 41.9144012], [12.3869361, 41.9143829], [12.3869194, 41.9143672], [12.3869079, 41.9143548], [12.3869007, 41.9143437], [12.3868933, 41.9143325], [12.3868827, 41.9142959]], [[12.3908686, 41.9181341], [12.3907876, 41.9180901], [12.3907445, 41.9180546], [12.390536, 41.9178885], [12.390447, 41.917816], [12.39035, 41.9177195], [12.3903044, 41.9176647], [12.3898518, 41.9170678], [12.3898192, 41.9170277], [12.389588, 41.9167549], [12.3895587, 41.9167231], [12.3895224, 41.9166874], [12.3894603, 41.9166338], [12.3891943, 41.9164345], [12.3888136, 41.9161919], [12.388753, 41.9161522], [12.3886905, 41.9161085], [12.3886506, 41.9160797], [12.3886149, 41.916048], [12.3885775, 41.9160124], [12.3885498, 41.9159774], [12.3885293, 41.9159476], [12.3885008, 41.9159057], [12.3884634, 41.9158437], [12.3884318, 41.9157852], [12.3884029, 41.9157246], [12.3883702, 41.915651], [12.3883327, 41.9155661], [12.3882684, 41.9154111], [12.3882463, 41.915357], [12.3882206, 41.9152977], [12.3881896, 41.9152384], [12.3881587, 41.9151843], [12.388117, 41.9151219], [12.388078, 41.9150727], [12.3880497, 41.9150416], [12.3880207, 41.915012], [12.387973, 41.9149681], [12.3879332, 41.914934], [12.3878803, 41.9148933], [12.3878215, 41.914853], [12.3876094, 41.9147284], [12.3874589, 41.9146516]], [[12.6546732, 41.7090748], [12.6547428, 41.7090677], [12.65476, 41.7090671], [12.6547787, 41.7090683], [12.6547962, 41.7090717], [12.6548129, 41.7090773], [12.6548283, 41.709085], [12.6548415, 41.7090946], [12.6548551, 41.7091083], [12.6548654, 41.7091155], [12.654879, 41.709121], [12.6548935, 41.7091228], [12.6549077, 41.7091198], [12.6549228, 41.709113], [12.6549337, 41.7091053], [12.6549421, 41.7090979], [12.6549524, 41.709088], [12.654964, 41.7090759], [12.6549734, 41.7090613], [12.6549835, 41.7090446], [12.654991, 41.7090212], [12.6550061, 41.7089535], [12.6550104, 41.7089271], [12.6550172, 41.7088837], [12.6550214, 41.7088454], [12.6550257, 41.708805], [12.6550293, 41.7087391], [12.6550324, 41.708704], [12.6550366, 41.7086687], [12.6550422, 41.7086293], [12.6550524, 41.708585], [12.6550626, 41.7085466], [12.6550746, 41.7085021], [12.6551174, 41.7083651], [12.6551577, 41.7082338], [12.6551662, 41.7082027], [12.6551757, 41.708158], [12.6551831, 41.7081085], [12.6551862, 41.7080639], [12.655188, 41.7080115], [12.6551855, 41.7079638], [12.6551809, 41.7079252], [12.6551745, 41.7078904], [12.6551221, 41.707656], [12.6551131, 41.7076105], [12.6551045, 41.7075546], [12.6551003, 41.7075129], [12.655097, 41.7074728], [12.655096, 41.7074392], [12.6550992, 41.7073991], [12.6551046, 41.7073655], [12.6551088, 41.7073486], [12.6551183, 41.7073285], [12.6551268, 41.7073157], [12.6551377, 41.7073051], [12.6551503, 41.7072961], [12.6551646, 41.7072887], [12.6551877, 41.7072797], [12.655443, 41.7072007], [12.6573894, 41.7065909], [12.6574059, 41.7065867], [12.657421, 41.7065843], [12.6574426, 41.7065841], [12.6574694, 41.7065878], [12.6574864, 41.7065963], [12.6574989, 41.7066055], [12.6575082, 41.7066146], [12.6575154, 41.7066249], [12.6578248, 41.7071062], [12.6578358, 41.7071215], [12.6578479, 41.7071348], [12.6578613, 41.7071434], [12.6578766, 41.7071482], [12.657895, 41.7071518], [12.6579157, 41.7071508], [12.6579487, 41.7071446], [12.6579794, 41.707135], [12.6587666, 41.7068874], [12.6604893, 41.7063513], [12.6615724, 41.7059988], [12.6627074, 41.7056421]]]}}, {"type": "Feature", "properties": {"id": "SS-ROM-14121", "nome": "Via del Roero", "quartiere": "Municipio Roma XIII", "classificazione": "giallo", "score": 3, "note": "strada urbana senza ciclabile", "ciclabile": "no", "n_corsie": "2", "senso_unico": "no", "n_testimonianze": "0", "municipio": "XIII"}, "geometry": {"type": "LineString", "coordinates": [[12.4050416, 41.9267989], [12.4050802, 41.9268328], [12.4051, 41.9268467], [12.4051156, 41.9268554], [12.4051313, 41.9268641], [12.4051476, 41.9268713], [12.4051679, 41.9268785], [12.4052052, 41.9268875], [12.4056789, 41.9270004], [12.4057451, 41.927017]]}}, {"type": "Feature", "properties": {"id": "SS-ROM-14221", "nome": "Via dell'Assunzione", "quartiere": "Municipio Roma XIII", "classificazione": "giallo", "score": 3, "note": "strada urbana senza ciclabile (1 corsie)", "ciclabile": "no", "n_corsie": "1", "senso_unico": "si", "n_testimonianze": "0", "municipio": "XIII"}, "geometry": {"type": "MultiLineString", "coordinates": [[[12.416016, 41.9091557], [12.4159556, 41.9091482], [12.4158289, 41.9091418], [12.4157199, 41.9091094]], [[12.4157199, 41.9091094], [12.4156529, 41.9090517], [12.4156186, 41.9089618], [12.4156701, 41.9088952], [12.4157851, 41.9089492], [12.4158974, 41.9090355], [12.416016, 41.9091557]], [[12.4156701, 41.9088952], [12.4157631, 41.9088114], [12.4158789, 41.9087071]], [[12.4147429, 41.9138891], [12.4147496, 41.9138166], [12.4147556, 41.9137976], [12.4147797, 41.9137292], [12.4148018, 41.9136685], [12.4148265, 41.9136139], [12.4148507, 41.9135657], [12.4151919, 41.9130222], [12.415576, 41.9124075], [12.4157746, 41.912099], [12.4158611, 41.9119523], [12.4159506, 41.9117964], [12.4159776, 41.9117439], [12.4160492, 41.9115803], [12.4160721, 41.9115258], [12.4160845, 41.9114691], [12.4160958, 41.9114022], [12.4161242, 41.9112754], [12.4161397, 41.9112117], [12.4162453, 41.9107006], [12.4162711, 41.9105619], [12.4163615, 41.9101682], [12.4163715, 41.9101167], [12.4163788, 41.9100666], [12.4163834, 41.91001], [12.4163837, 41.9099788], [12.4163833, 41.9099491], [12.4163777, 41.9098092], [12.4163789, 41.9097313], [12.4163793, 41.9096627], [12.4163782, 41.9095936], [12.4163771, 41.9095206], [12.4163747, 41.9094503], [12.4163662, 41.9094173], [12.4163566, 41.9093938], [12.4163309, 41.9093475], [12.4162971, 41.9093068], [12.4162666, 41.909282], [12.4162283, 41.9092561], [12.4161842, 41.9092328], [12.416078, 41.9091815], [12.416016, 41.9091557]], [[12.4156763, 41.908755], [12.4159079, 41.9084567], [12.4159487, 41.9083977], [12.4159755, 41.9082884], [12.4159779, 41.9081485], [12.4159738, 41.9080692], [12.4159804, 41.9079701], [12.415982, 41.9077554], [12.4159802, 41.9076078], [12.4160029, 41.9075875], [12.4160339, 41.9075759], [12.4161115, 41.9075886], [12.4162869, 41.9076291], [12.4164033, 41.9076487], [12.4164607, 41.9076522], [12.4165088, 41.9076452], [12.41664, 41.9075727]]]}}, {"type": "Feature", "properties": {"id": "SS-ROM-14297", "nome": "Via della Cellulosa", "quartiere": "Municipio Roma XIII", "classificazione": "giallo", "score": 3, "note": "strada urbana senza ciclabile (1 corsie)", "ciclabile": "no", "n_corsie": "1", "senso_unico": "si", "n_testimonianze": "0", "municipio": "XIII"}, "geometry": {"type": "MultiLineString", "coordinates": [[[12.3671573, 41.923076], [12.3672278, 41.9231158], [12.3672455, 41.9231264], [12.3672871, 41.9231514], [12.3673072, 41.9231678], [12.3673252, 41.9231832], [12.3674209, 41.9232735], [12.3674522, 41.9232976], [12.3674728, 41.9233099], [12.3674973, 41.9233214], [12.3675257, 41.9233325], [12.3675893, 41.9233525]], [[12.3644804, 41.9200548], [12.3645488, 41.9201358], [12.3646305, 41.920244], [12.3649114, 41.92056], [12.3651103, 41.9207836], [12.3654598, 41.9211766], [12.3654869, 41.9212071], [12.3658212, 41.9215831], [12.3659387, 41.921716], [12.3661149, 41.9219012], [12.3663042, 41.9220987], [12.3664864, 41.9222927]], [[12.3674405, 41.9234602], [12.3674055, 41.9234189], [12.3672102, 41.9231885], [12.3672003, 41.9231743], [12.3671925, 41.9231612], [12.3671836, 41.9231458], [12.3671767, 41.9231314], [12.3671573, 41.923076]], [[12.3644804, 41.9200548], [12.3644174, 41.9200078], [12.3638766, 41.9196946], [12.3636346, 41.9195544], [12.3635377, 41.9195056], [12.3634671, 41.9194735], [12.3634132, 41.9194521], [12.3633485, 41.919429], [12.3629362, 41.9192821], [12.3624298, 41.9190913], [12.3623886, 41.9190753], [12.3623245, 41.9190525], [12.3622503, 41.919031], [12.3621437, 41.919006], [12.362021, 41.918983], [12.3619212, 41.9189669], [12.3618094, 41.9189588], [12.3617392, 41.9189564], [12.3616943, 41.9189586], [12.3616534, 41.9189573], [12.3616069, 41.9189595], [12.3611126, 41.9189583], [12.3607605, 41.9189599], [12.3592728, 41.9189661], [12.358937, 41.9189524], [12.3587836, 41.9189554], [12.3586954, 41.9189601], [12.3586084, 41.9189658], [12.3585372, 41.9189745], [12.3584674, 41.9189842], [12.3583975, 41.918997], [12.3583249, 41.9190137], [12.3582312, 41.9190397], [12.358183, 41.9190547], [12.3581375, 41.9190687], [12.3580886, 41.9190887], [12.3580451, 41.9191077], [12.3579989, 41.9191317], [12.3579554, 41.9191557]], [[12.3668273, 41.9226985], [12.3671573, 41.923076]], [[12.3668273, 41.9226985], [12.3666893, 41.9225402]], [[12.3666338, 41.9224982], [12.3665684, 41.9224281], [12.3665642, 41.9224232], [12.3665567, 41.9224145], [12.3665469, 41.9224019], [12.3665371, 41.9223884], [12.3665276, 41.9223735], [12.366518, 41.9223576], [12.3665121, 41.9223466], [12.3664864, 41.9222927]], [[12.3668164, 41.9225314], [12.3668101, 41.9225451], [12.3668066, 41.9225577], [12.3668054, 41.9225754], [12.3668055, 41.9225946], [12.3668068, 41.9226122], [12.3668094, 41.9226314], [12.3668273, 41.9226985]], [[12.3664864, 41.9222927], [12.3665641, 41.9223337], [12.3666001, 41.9223527], [12.3666236, 41.9223621], [12.366643, 41.9223665], [12.3666742, 41.9223707], [12.3667095, 41.9223729]]]}}, {"type": "Feature", "properties": {"id": "SS-ROM-14326", "nome": "Via della Divina Provvidenza", "quartiere": "Municipio Roma XIII", "classificazione": "giallo", "score": 3, "note": "strada urbana senza ciclabile (2 corsie)", "ciclabile": "no", "n_corsie": "2", "senso_unico": "no", "n_testimonianze": "0", "municipio": "XIII"}, "geometry": {"type": "LineString", "coordinates": [[12.4073938, 41.9013128], [12.4078984, 41.9011986], [12.4091099, 41.9009244], [12.4100974, 41.9007009], [12.4122856, 41.9002204], [12.412405, 41.9001917], [12.4124631, 41.900177], [12.4125164, 41.9001622], [12.412579, 41.9001434], [12.4126367, 41.9001246], [12.4126909, 41.9001044], [12.4127412, 41.9000848], [12.4127976, 41.9000611], [12.4128501, 41.900038], [12.4128986, 41.9000139], [12.4129451, 41.8999898], [12.4129974, 41.8999601], [12.4130477, 41.8999303], [12.413095, 41.8999002], [12.413139, 41.8998701], [12.4131853, 41.8998371], [12.4132283, 41.8998041], [12.4136864, 41.8994398], [12.4137359, 41.8994004]]}}, {"type": "Feature", "properties": {"id": "SS-ROM-14386", "nome": "Via della Maglianella", "quartiere": "Municipio Roma XIII", "classificazione": "giallo", "score": 3, "note": "strada urbana senza ciclabile (2 corsie)", "ciclabile": "no", "n_corsie": "2", "senso_unico": "no", "n_testimonianze": "0", "municipio": "XIII"}, "geometry": {"type": "MultiLineString", "coordinates": [[[12.3808959, 41.8906905], [12.3812945, 41.8902771], [12.381346, 41.8902255], [12.38139, 41.8901857], [12.3814353, 41.8901508]], [[12.3814353, 41.8901508], [12.3814849, 41.8901156], [12.3815358, 41.8900855], [12.3815711, 41.890068], [12.381651, 41.89004], [12.3817296, 41.8900185], [12.3818119, 41.8899996], [12.3819068, 41.889979], [12.3819687, 41.8899625], [12.3820306, 41.8899459], [12.3821205, 41.8899243]], [[12.3848799, 41.9131174], [12.3848463, 41.9127239], [12.3848329, 41.9125305]], [[12.3801692, 41.9025805], [12.3800822, 41.9025678], [12.3800112, 41.9025525], [12.3799434, 41.9025344], [12.3799201, 41.9025272], [12.3798951, 41.9025192], [12.3798755, 41.902511], [12.3798563, 41.9025031], [12.379833, 41.9024912], [12.3798127, 41.902478], [12.3797544, 41.9024376], [12.3796426, 41.9023307], [12.3795662, 41.9022515], [12.3792948, 41.9019566], [12.3792175, 41.9018708], [12.3790133, 41.9016514], [12.3787719, 41.9013913], [12.3785257, 41.9011156], [12.3783358, 41.9008828], [12.3780594, 41.9005727], [12.3778924, 41.9003766], [12.377671, 41.9001277], [12.3774455, 41.8998791], [12.3772779, 41.8996665], [12.3770634, 41.8994179], [12.3769565, 41.8992938], [12.3768211, 41.8991257], [12.3767458, 41.8990067], [12.3766915, 41.8988856], [12.3766758, 41.8988411], [12.3766629, 41.898787], [12.3766493, 41.8987129], [12.3766421, 41.8986451], [12.3766382, 41.898574], [12.376648, 41.898445], [12.3766628, 41.8983401], [12.376705, 41.8981282], [12.3767528, 41.8978842], [12.3768138, 41.8975737], [12.3768497, 41.8974031], [12.376991, 41.8967521], [12.3770145, 41.8966747], [12.3770501, 41.8965387], [12.3772082, 41.8961607], [12.3772556, 41.896063], [12.377453, 41.8956578], [12.3775357, 41.8954872], [12.3775937, 41.8953605], [12.377707, 41.8951291], [12.377872, 41.8947715], [12.3781414, 41.8941928], [12.378265, 41.8939761], [12.3783644, 41.8938125], [12.3784752, 41.8936673], [12.3785974, 41.8935343], [12.3787169, 41.8934154], [12.378801, 41.8933703], [12.3788791, 41.893316], [12.378994, 41.8932349], [12.3791645, 41.8931122], [12.3792624, 41.8930365], [12.3793246, 41.8929741], [12.3793662, 41.8929218], [12.379406, 41.8928659], [12.3794458, 41.8927981], [12.379591, 41.8924516], [12.379648, 41.8923396], [12.3798518, 41.8919019], [12.3799179, 41.8917776], [12.379973, 41.8916969], [12.3800331, 41.8916245], [12.3800972, 41.8915469], [12.3805674, 41.8910344], [12.3808306, 41.8907588], [12.3808959, 41.8906905]], [[12.3817546, 41.9034076], [12.3815779, 41.9031508]], [[12.3813726, 41.9028969], [12.3813177, 41.9028597], [12.3811863, 41.9027918]], [[12.382372, 41.9042588], [12.3823231, 41.9041709], [12.3822741, 41.904101], [12.3822472, 41.9040627], [12.3821732, 41.9039572], [12.381801, 41.9034713], [12.3817546, 41.9034076]], [[12.382494, 41.8879582], [12.3824995, 41.8876245]], [[12.3824995, 41.8876245], [12.3825107, 41.887374], [12.382515, 41.8873062], [12.3825205, 41.8872062]], [[12.3821205, 41.8899243], [12.3821836, 41.889889], [12.382226, 41.8898577], [12.382256, 41.8898263], [12.3822856, 41.8897908], [12.382309, 41.8897554], [12.3823436, 41.8896845], [12.3824262, 41.8894898], [12.3825027, 41.8892951], [12.3825237, 41.8892183], [12.3825328, 41.8891719], [12.3825413, 41.8891379], [12.3825453, 41.889122], [12.3825552, 41.8890762], [12.3825589, 41.8890411], [12.3825583, 41.8889293], [12.3825476, 41.8888061], [12.3825377, 41.8887122], [12.3825161, 41.8885049]], [[12.3848329, 41.9125305], [12.3848006, 41.9124673], [12.3847043, 41.9122789]], [[12.3847043, 41.9122789], [12.3846696, 41.912225], [12.3846243, 41.9121672], [12.3845709, 41.9121153], [12.3845121, 41.9120654], [12.3844321, 41.9120043], [12.3842415, 41.9118725], [12.3837393, 41.9115357], [12.3836527, 41.9114784], [12.3835145, 41.9113744], [12.3834187, 41.9112947], [12.3833959, 41.9112758], [12.3833261, 41.9112073], [12.3832215, 41.9110843], [12.3831732, 41.9110178], [12.3831303, 41.9109573], [12.3830877, 41.9108765], [12.3830506, 41.9108016], [12.3828754, 41.91038], [12.3828443, 41.9103053], [12.3825969, 41.9096281], [12.3825016, 41.9093788], [12.382462, 41.9092476], [12.38239, 41.9090175], [12.3823129, 41.9086543], [12.3822395, 41.9073759], [12.3822352, 41.9073012], [12.3821301, 41.9060275], [12.3821308, 41.9059832], [12.3821341, 41.9059348], [12.3821392, 41.9058899], [12.3821469, 41.9058411], [12.3821625, 41.9057962], [12.3822089, 41.9056628], [12.382278, 41.9055324], [12.3823698, 41.9053688], [12.3824634, 41.9051495], [12.3824886, 41.9050542], [12.382503, 41.9049429], [12.3824986, 41.9047113], [12.3824774, 41.9045771], [12.3824589, 41.9044921], [12.3824353, 41.9044203], [12.3824063, 41.9043466], [12.382372, 41.9042588]], [[12.3815779, 41.9031508], [12.3814695, 41.9029857], [12.3814305, 41.9029426], [12.3813726, 41.9028969]], [[12.3825205, 41.8872062], [12.3825292, 41.8870194], [12.3825393, 41.8868416], [12.3825463, 41.886765], [12.3825564, 41.8866975], [12.3825713, 41.8866365], [12.382586, 41.8865792], [12.3826067, 41.8865188], [12.3826258, 41.8864745], [12.3826448, 41.886437], [12.3826909, 41.8863538], [12.3832617, 41.8854413]], [[12.3825161, 41.8885049], [12.3825067, 41.8883467], [12.3824989, 41.8882172], [12.382494, 41.8879582]], [[12.3811863, 41.9027918], [12.3811544, 41.9027785], [12.3811203, 41.9027655], [12.3810896, 41.9027538], [12.3810677, 41.9027473], [12.3810409, 41.9027387], [12.3809821, 41.9027207], [12.380864, 41.9026927], [12.380744, 41.9026712], [12.3806012, 41.9026473], [12.3801692, 41.9025805]], [[12.377872, 41.8947715], [12.378006, 41.8948071], [12.378206, 41.8948507], [12.3787167, 41.8949418]]]}}, {"type": "Feature", "properties": {"id": "SS-ROM-14433", "nome": "Via della Pisana", "quartiere": "Municipio Roma XIII", "classificazione": "rosso", "score": 4, "note": "strada secondaria trafficata (2 corsie)", "ciclabile": "no", "n_corsie": "2", "senso_unico": "no", "n_testimonianze": "0", "municipio": "XIII"}, "geometry": {"type": "MultiLineString", "coordinates": [[[12.3783645, 41.8520029], [12.3787877, 41.852105], [12.3792082, 41.8522125]], [[12.3783645, 41.8520029], [12.3779422, 41.8519005], [12.3778684, 41.8518826], [12.3778001, 41.851868], [12.3777122, 41.8518518]], [[12.3792082, 41.8522125], [12.3793191, 41.8522435], [12.3794137, 41.8522744], [12.3796158, 41.8523433], [12.3796801, 41.8523686]], [[12.4218853, 41.886077], [12.4217999, 41.885981], [12.42099, 41.8851184], [12.4206268, 41.8847481], [12.4204292, 41.8845507], [12.4201316, 41.8842556], [12.4200067, 41.8841384], [12.4197408, 41.8838909], [12.4195642, 41.8837245], [12.4194891, 41.8836558], [12.4192978, 41.8834835], [12.4190432, 41.883255], [12.4189338, 41.8831548], [12.4188398, 41.8830703], [12.4187963, 41.8830292], [12.4187601, 41.8829964], [12.4187203, 41.882957], [12.4186868, 41.8829204], [12.4186504, 41.8828754], [12.4186218, 41.882836], [12.418595, 41.8828006], [12.4185551, 41.8827387], [12.4184894, 41.8826315], [12.4184131, 41.882496], [12.4183437, 41.8823655], [12.4180082, 41.8817393], [12.4179668, 41.8816631], [12.4179299, 41.8816024], [12.4178725, 41.8815159], [12.417815, 41.8814371], [12.4176366, 41.8812177], [12.4174725, 41.8810293], [12.4174112, 41.8809562], [12.4172585, 41.8807776], [12.4172125, 41.880718], [12.4171923, 41.8806877], [12.4171737, 41.8806575], [12.4171453, 41.8806089], [12.417136, 41.8805883], [12.4171157, 41.8805474], [12.4170906, 41.8804929], [12.417063, 41.8804269], [12.4169788, 41.8801984], [12.416883, 41.8799769], [12.4168, 41.8797912], [12.4166437, 41.8794748], [12.4166041, 41.8793912], [12.4165396, 41.8792633], [12.4163112, 41.8788336], [12.4161646, 41.8785572], [12.4161278, 41.8784866], [12.4158703, 41.8780018], [12.415832, 41.8779292], [12.4158187, 41.8779037], [12.4157631, 41.8778048], [12.4157075, 41.8777079], [12.4155677, 41.8774649], [12.4155055, 41.8773566], [12.4153399, 41.8771153], [12.415227, 41.8769444], [12.4150819, 41.8767317], [12.4150144, 41.8766386], [12.414861, 41.8764186], [12.4147821, 41.8763082], [12.4146679, 41.8761374], [12.414253, 41.8755679], [12.4141739, 41.8754594], [12.41397, 41.8751496], [12.4138615, 41.8749951], [12.4136644, 41.8747095]], [[12.4164461, 41.8766877], [12.4155552, 41.8773312], [12.4155055, 41.8773566]], [[12.3892571, 41.8565865], [12.3878771, 41.8566101], [12.3878515, 41.8566091], [12.3878206, 41.8566061], [12.3877876, 41.8566004], [12.38776, 41.8565947], [12.3868153, 41.8563275], [12.3867738, 41.8563141], [12.3867378, 41.8562987], [12.386705, 41.8562816], [12.386675, 41.8562644], [12.3859415, 41.8558005], [12.3856874, 41.8556336], [12.3856696, 41.8556169], [12.3856531, 41.8556002], [12.3856386, 41.85558], [12.3856268, 41.8555597], [12.385619, 41.855539], [12.3856153, 41.8555203], [12.3856143, 41.8555011], [12.3856145, 41.8554799], [12.3856438, 41.855194], [12.3857019, 41.8548804], [12.3857135, 41.8547988], [12.3857168, 41.8547531], [12.3857187, 41.8547094], [12.3857179, 41.8546687], [12.3857158, 41.85463], [12.3857039, 41.8545506], [12.3856953, 41.8545129], [12.3856813, 41.8544712], [12.3856635, 41.8544294], [12.3856402, 41.8543836], [12.3856152, 41.8543475], [12.3855857, 41.8543093], [12.3855497, 41.8542667], [12.3855043, 41.8542194], [12.385348, 41.8540618], [12.3851753, 41.8538843], [12.3851549, 41.8538612], [12.3851212, 41.8538177], [12.385053, 41.8537188], [12.3850371, 41.8536939], [12.3849711, 41.8535785], [12.3849395, 41.8535243]], [[12.4129033, 41.8719431], [12.4129003, 41.8719077], [12.412889, 41.8718366], [12.4128742, 41.8717889], [12.4127484, 41.871483], [12.4126819, 41.8713318], [12.4126093, 41.8711654], [12.4125778, 41.8710879], [12.4125444, 41.8710012], [12.412491, 41.8708464], [12.412474, 41.8707894], [12.4124595, 41.8707241], [12.412449, 41.8706558], [12.4124345, 41.8705431], [12.4124247, 41.8704164], [12.4124184, 41.8703042], [12.412412, 41.8701953], [12.4124051, 41.8701047], [12.4123915, 41.869896], [12.4123851, 41.8698026], [12.4123614, 41.8695668], [12.4123455, 41.8694534], [12.4123276, 41.8693596]], [[12.3951061, 41.8566784], [12.3951512, 41.8567043], [12.3951925, 41.8567295], [12.3952372, 41.856757], [12.39528, 41.8567846], [12.395312, 41.8568065]], [[12.395312, 41.8568065], [12.395482, 41.8569315], [12.3958326, 41.8572375], [12.3958909, 41.8572851], [12.3959445, 41.8573246], [12.396002, 41.8573653], [12.3960611, 41.8574042], [12.3961129, 41.8574334], [12.3961561, 41.8574537], [12.3961955, 41.85747], [12.3962449, 41.8574854], [12.3962996, 41.8574973], [12.3963699, 41.8575055], [12.3964173, 41.8575102], [12.3964709, 41.8575125]], [[12.4089272, 41.8653174], [12.4087408, 41.8651242], [12.4085356, 41.8649177], [12.4084624, 41.8648482], [12.4083893, 41.8647778], [12.4083198, 41.864715], [12.4082463, 41.8646503], [12.4081695, 41.8645884], [12.4080979, 41.8645384], [12.4080232, 41.8644906], [12.4079424, 41.8644429], [12.4077055, 41.8643133]], [[12.3777122, 41.8518518], [12.3776136, 41.8518322], [12.3774913, 41.8518109], [12.3774002, 41.8517989], [12.3771029, 41.8517673]], [[12.3803314, 41.8527058], [12.3805334, 41.8528294], [12.3806464, 41.8528954], [12.3807137, 41.8529343], [12.3807655, 41.8529608], [12.3808126, 41.8529828], [12.3808794, 41.8530093], [12.380945, 41.853034], [12.3810798, 41.8530843], [12.3813861, 41.853189], [12.3819402, 41.8533892]], [[12.4130152, 41.873829], [12.4129563, 41.8737306]], [[12.4108818, 41.8667302], [12.4105823, 41.8665034], [12.4102806, 41.8662733], [12.410158, 41.8661816], [12.4100907, 41.8661348], [12.4100228, 41.8660894], [12.4098919, 41.8660101]], [[12.4108818, 41.8667302], [12.4112661, 41.8670216], [12.4113922, 41.8671216], [12.4114425, 41.8671663], [12.4114901, 41.86721], [12.4115881, 41.867308], [12.4116655, 41.8673971], [12.4117155, 41.8674668], [12.4117587, 41.867528], [12.4118063, 41.8676091], [12.4118687, 41.8677181], [12.4119211, 41.8678181], [12.4119734, 41.8679212], [12.4120112, 41.8680036], [12.4120246, 41.8680373], [12.412038, 41.8680755], [12.4120504, 41.8681165], [12.4120634, 41.8681636], [12.4120812, 41.8682411], [12.412101, 41.8683254], [12.4121259, 41.8684408]], [[12.4128495, 41.8735849], [12.4127456, 41.8734358], [12.4127276, 41.8734036], [12.4127176, 41.8733852], [12.4127062, 41.8733599], [12.4126975, 41.873336], [12.4126902, 41.8733121], [12.4126845, 41.8732871], [12.4126835, 41.8732606], [12.4126844, 41.8732268], [12.4126874, 41.873199], [12.4127803, 41.8727105], [12.412822, 41.8725124], [12.412861, 41.8723124], [12.4128845, 41.8721953], [12.4128944, 41.8721347], [12.4128997, 41.8720844], [12.412903, 41.8720424], [12.4129052, 41.8719915], [12.4129033, 41.8719431]], [[12.4129563, 41.8737306], [12.4128495, 41.8735849]], [[12.4130536, 41.8738819], [12.4130152, 41.873829]], [[12.4136644, 41.8747095], [12.4135226, 41.8745072], [12.4133747, 41.8743014], [12.4130907, 41.8739315], [12.4130536, 41.8738819]], [[12.3771029, 41.8517673], [12.3766962, 41.8517578], [12.3759902, 41.8517522]], [[12.3796801, 41.8523686], [12.379786, 41.8524171], [12.3799224, 41.8524866], [12.3800564, 41.8525562], [12.3803314, 41.8527058]], [[12.3849395, 41.8535243], [12.3852519, 41.8534697], [12.3854046, 41.8534447], [12.3855558, 41.853422], [12.3857087, 41.8533987], [12.3857848, 41.8533876], [12.385857, 41.8533782], [12.3859076, 41.8533721], [12.3859481, 41.8533674], [12.3859819, 41.8533637], [12.3860171, 41.8533613], [12.3860584, 41.8533597], [12.386095, 41.8533612], [12.3861322, 41.8533639], [12.3861664, 41.8533686], [12.3861924, 41.8533721], [12.3862207, 41.8533783], [12.3862526, 41.8533868], [12.3862828, 41.8533967], [12.3863058, 41.8534065], [12.3863322, 41.8534192], [12.3863627, 41.853436], [12.3863931, 41.8534523], [12.3864284, 41.8534776], [12.3864652, 41.8535094], [12.3864915, 41.8535377], [12.3865132, 41.8535649], [12.3865904, 41.8536925], [12.3866734, 41.853846], [12.3867549, 41.8539937], [12.3867928, 41.8540491], [12.3868267, 41.8540952], [12.3868586, 41.854132], [12.386881, 41.8541579], [12.386902, 41.8541781], [12.3869318, 41.8542057], [12.3869578, 41.8542281], [12.3869956, 41.8542586], [12.3870312, 41.854285], [12.3871323, 41.8543533], [12.3872872, 41.8544556], [12.3876038, 41.8546726], [12.3876412, 41.8546988], [12.3876587, 41.8547115], [12.3876747, 41.8547248], [12.3876925, 41.8547406], [12.3877143, 41.854764], [12.3877439, 41.8547994], [12.3877699, 41.8548299], [12.387786, 41.8548537], [12.3878284, 41.8549265], [12.3878573, 41.8549769], [12.3878786, 41.8550141], [12.3878946, 41.8550379], [12.3879099, 41.8550565], [12.3879255, 41.8550724], [12.3879402, 41.8550877], [12.3879584, 41.8551038], [12.3879765, 41.8551188], [12.3880081, 41.85514], [12.3880523, 41.8551647], [12.3881006, 41.8551881], [12.388141, 41.8552034], [12.3881745, 41.8552141], [12.3882198, 41.8552257], [12.3882643, 41.855235], [12.388308, 41.8552416], [12.3883502, 41.8552448], [12.3883903, 41.8552458], [12.3884257, 41.8552444], [12.3884981, 41.8552361], [12.3885755, 41.8552194], [12.3886501, 41.8551969], [12.3887113, 41.8551738], [12.3887636, 41.8551506], [12.3888097, 41.8551274], [12.3888562, 41.8550979], [12.3888981, 41.8550683], [12.388966, 41.8550119], [12.3890308, 41.8549521], [12.3892225, 41.8547646], [12.3892607, 41.8547374], [12.3892887, 41.8547213], [12.389326, 41.8547029], [12.3893625, 41.8546865], [12.3893998, 41.854672], [12.3894401, 41.8546569], [12.3894824, 41.8546443], [12.3895254, 41.8546345], [12.3895736, 41.8546268], [12.389625, 41.8546214], [12.3896844, 41.8546192], [12.38974, 41.8546188], [12.38979, 41.8546238], [12.3898516, 41.8546356], [12.3899259, 41.8546566], [12.3899908, 41.8546739], [12.3900527, 41.8546924], [12.390163, 41.8547294], [12.3902802, 41.8547692], [12.3903839, 41.8548101], [12.3905154, 41.8548601], [12.3906483, 41.8549125], [12.3909143, 41.855023], [12.3913915, 41.8552249], [12.3927032, 41.8557734], [12.3929086, 41.8558569], [12.3930113, 41.8558976], [12.3931079, 41.8559336], [12.3932198, 41.8559752], [12.393838, 41.8561973], [12.3941354, 41.8563042], [12.3944933, 41.8564356], [12.3949676, 41.8566148], [12.3950295, 41.8566394], [12.3950728, 41.8566598], [12.3951061, 41.8566784]], [[12.3819402, 41.8533892], [12.3827505, 41.8536646], [12.382818, 41.8536858], [12.382873, 41.8537006], [12.382928, 41.8537149], [12.3829989, 41.8537303], [12.3830811, 41.8537454], [12.3831507, 41.8537553], [12.3832074, 41.8537624], [12.3832643, 41.8537663], [12.3833043, 41.8537679], [12.3833743, 41.8537695], [12.383419, 41.8537683], [12.383532, 41.8537621], [12.3836291, 41.8537507], [12.3837126, 41.8537388], [12.3838085, 41.8537223], [12.3839792, 41.8536933], [12.3844577, 41.8536072], [12.3848116, 41.8535468], [12.3849395, 41.8535243]], [[12.3708412, 41.8508749], [12.3707926, 41.8508566], [12.3707427, 41.8508362], [12.3705831, 41.8507621], [12.3702805, 41.8506139], [12.3698676, 41.8504031], [12.3696558, 41.8503017], [12.3695472, 41.850254], [12.3694386, 41.8502083], [12.3693481, 41.8501765], [12.3692576, 41.8501466], [12.3690712, 41.850093], [12.3686876, 41.8499936], [12.3678671, 41.8497746], [12.3677983, 41.8497565], [12.3677108, 41.8497363], [12.3676268, 41.849717], [12.3675241, 41.8496957], [12.3675105, 41.8496931], [12.3673094, 41.849655], [12.3671725, 41.8496291], [12.3666986, 41.8495458], [12.3665594, 41.8495184], [12.3664123, 41.849489], [12.3662511, 41.8494519], [12.3660819, 41.8494128], [12.365918, 41.8493717], [12.3657461, 41.8493236], [12.3655043, 41.8492527], [12.364689, 41.8489985], [12.3638893, 41.8487448], [12.3635366, 41.8486446], [12.3633524, 41.8485892], [12.3631557, 41.8485244], [12.3629697, 41.8484595], [12.3628327, 41.8484072], [12.3627601, 41.8483749], [12.3626553, 41.8483247], [12.3625106, 41.8482515], [12.3620528, 41.84796], [12.3616728, 41.8477231], [12.3614412, 41.8475741], [12.3613163, 41.8474913], [12.3612631, 41.8474521], [12.3612127, 41.847413], [12.3611416, 41.8473555], [12.3610733, 41.847298], [12.3609393, 41.847177], [12.3606584, 41.8469101], [12.3603029, 41.8464867], [12.3600993, 41.8462654], [12.3598347, 41.8459268], [12.3597407, 41.8458353], [12.3596335, 41.8457537], [12.3595879, 41.8457253], [12.3595396, 41.8456969], [12.3594939, 41.8456709], [12.3594456, 41.845645], [12.3593347, 41.8455875], [12.3591899, 41.8455222], [12.3586675, 41.8453056], [12.3580988, 41.8450712], [12.358059, 41.8450557], [12.3580206, 41.8450413], [12.3579808, 41.8450271], [12.3579397, 41.8450138], [12.3578932, 41.8449989], [12.357844, 41.8449839], [12.3576721, 41.8449281], [12.3574881, 41.8448689], [12.3574229, 41.84485], [12.3573578, 41.8448332], [12.3565224, 41.8446219], [12.3555885, 41.8443799], [12.3554243, 41.8443461], [12.3552842, 41.8443203], [12.3551632, 41.8442998], [12.3550662, 41.8442873], [12.3548536, 41.8442662], [12.3546973, 41.844257], [12.3545757, 41.8442527], [12.3544549, 41.8442519], [12.3542683, 41.8442575], [12.3540464, 41.8442738], [12.3538165, 41.844294], [12.3535566, 41.844325], [12.353436, 41.8443424], [12.3533182, 41.8443619], [12.3532041, 41.8443842], [12.3530927, 41.8444085], [12.3528886, 41.844461], [12.3528143, 41.8444842], [12.3523371, 41.8446333], [12.3521537, 41.8446929], [12.3510938, 41.845037], [12.3498301, 41.8454275], [12.3497492, 41.8454608], [12.3494485, 41.8455646], [12.3490672, 41.8457058], [12.3486911, 41.8458449], [12.3482509, 41.8460078], [12.3473476, 41.846348], [12.3470632, 41.8464469], [12.346844, 41.8465164], [12.3466741, 41.8465695], [12.3464963, 41.8466186], [12.3462122, 41.8466928], [12.345963, 41.8467435], [12.3459134, 41.8467528], [12.3458612, 41.8467602], [12.3457821, 41.8467692], [12.345703, 41.8467781], [12.3456161, 41.8467848], [12.3455292, 41.8467915], [12.3454865, 41.8467938], [12.3453979, 41.8467945], [12.344691, 41.8467634], [12.3445908, 41.8467568], [12.3444665, 41.8467441], [12.3443545, 41.8467262], [12.3442265, 41.8466982], [12.3441146, 41.8466677], [12.3440626, 41.8466504], [12.3440161, 41.8466321], [12.3439646, 41.8466118], [12.3438975, 41.8465807], [12.3438003, 41.8465284], [12.3436993, 41.8464647], [12.3436143, 41.8464011], [12.3435029, 41.8463032], [12.3434526, 41.8462542], [12.3433996, 41.8461952], [12.3433283, 41.8461105], [12.3432301, 41.8459848], [12.3430964, 41.845792], [12.3430021, 41.8456668], [12.3429262, 41.8455808], [12.3428558, 41.8455114], [12.3427773, 41.845446], [12.3426805, 41.8453801], [12.3425944, 41.8453241], [12.3425168, 41.8452783], [12.3419907, 41.8449968], [12.3419394, 41.8449682], [12.3418768, 41.8449326], [12.3418088, 41.8448929], [12.3416688, 41.8448058], [12.341557, 41.8447303], [12.3414673, 41.8446697], [12.3413158, 41.8445557], [12.3411411, 41.8444159], [12.3409914, 41.8442839], [12.3408332, 41.8441369], [12.3405117, 41.8438295], [12.3398938, 41.8431866], [12.3398431, 41.8431426], [12.3397885, 41.8430976], [12.3397311, 41.8430566], [12.3396697, 41.8430146], [12.3396202, 41.8429846], [12.3395734, 41.8429596], [12.3395172, 41.8429306], [12.3394583, 41.8429066], [12.3394054, 41.8428866], [12.3393472, 41.8428666], [12.3392281, 41.8428336], [12.3390637, 41.8427898], [12.3388592, 41.8427448], [12.3386627, 41.8427058], [12.3384447, 41.8426676], [12.3382316, 41.8426349], [12.3381918, 41.8426303], [12.3381356, 41.8426253], [12.3380556, 41.8426197], [12.3379674, 41.8426142], [12.3378824, 41.8426119], [12.3377893, 41.8426096], [12.3377465, 41.8426091], [12.3376928, 41.8426093], [12.3375724, 41.8426119], [12.3371079, 41.842622], [12.3369231, 41.8426279], [12.3366138, 41.8426396], [12.3363698, 41.8426475], [12.3360723, 41.8426583], [12.3357994, 41.8426686], [12.3357473, 41.8426712], [12.3357212, 41.8426735], [12.3356959, 41.8426768], [12.3356685, 41.8426805], [12.3356397, 41.8426863], [12.3356144, 41.8426931], [12.335587, 41.8427009], [12.3355342, 41.8427177], [12.33548, 41.8427385]], [[12.3759902, 41.8517522], [12.3742248, 41.8517834], [12.3741532, 41.851782], [12.3740843, 41.8517805], [12.37401, 41.8517751], [12.3739384, 41.8517696], [12.3738571, 41.8517596], [12.3737759, 41.8517496], [12.3736973, 41.8517376], [12.3736107, 41.8517216], [12.3735334, 41.8517049], [12.3734481, 41.8516841], [12.3729508, 41.8515472], [12.3724431, 41.8513864], [12.3718771, 41.8512083], [12.3709558, 41.8509134], [12.3708938, 41.8508932], [12.3708412, 41.8508749]], [[12.4098919, 41.8660101], [12.4098368, 41.8659768], [12.4097783, 41.8659414], [12.4095721, 41.8658242]], [[12.4092114, 41.8656003], [12.4091631, 41.8655615], [12.4091181, 41.8655192], [12.4090716, 41.8654741], [12.4090312, 41.8654316], [12.4089873, 41.8653829], [12.4089272, 41.8653174]], [[12.4095721, 41.8658242], [12.4093091, 41.8656671], [12.4092628, 41.8656363], [12.4092114, 41.8656003]], [[12.4077055, 41.8643133], [12.4074622, 41.8641763], [12.4068912, 41.8638755], [12.4064566, 41.8636469], [12.406229, 41.8635279], [12.4059922, 41.863402], [12.4058907, 41.8633478], [12.405835, 41.8633155], [12.4057762, 41.8632797], [12.4057239, 41.8632472], [12.4056701, 41.8632101], [12.405564, 41.8631325], [12.4054683, 41.8630632], [12.4053695, 41.862987], [12.405265, 41.8629047], [12.4051552, 41.8628155], [12.405043, 41.8627214], [12.4049366, 41.8626257], [12.4048008, 41.8624962], [12.4047033, 41.8623987], [12.4045918, 41.8622818], [12.4045043, 41.8621837], [12.4044596, 41.8621318], [12.4038299, 41.8614007], [12.4032408, 41.8606402], [12.4029631, 41.8602721], [12.4029219, 41.8602019], [12.4026245, 41.8596949], [12.4026001, 41.8596532], [12.4025211, 41.8595239], [12.4024967, 41.8594844], [12.4024678, 41.8594414], [12.4024398, 41.8594033], [12.402411, 41.859368], [12.4023837, 41.8593373], [12.4023339, 41.8592875], [12.4022926, 41.859252], [12.4022483, 41.85922], [12.4022079, 41.8591937], [12.4021616, 41.8591653], [12.402118, 41.8591409], [12.4020913, 41.8591272], [12.4020622, 41.859113], [12.4020321, 41.8591012], [12.4019974, 41.8590877], [12.4019635, 41.859075], [12.4019257, 41.8590624], [12.401837, 41.8590388], [12.4017421, 41.8590164], [12.4016755, 41.8590012], [12.4016073, 41.8589871], [12.4014401, 41.8589533], [12.4011334, 41.858896], [12.4005062, 41.8587767], [12.4003932, 41.8587523], [12.4003375, 41.858739], [12.4002741, 41.8587222], [12.4002058, 41.8587029], [12.4001267, 41.8586791], [12.4000712, 41.8586612], [12.4000126, 41.858641], [12.3999046, 41.858604], [12.3998092, 41.8585692], [12.3990793, 41.8583065], [12.3988847, 41.8582318], [12.3988331, 41.8582111], [12.3987847, 41.8581904], [12.3987385, 41.8581697], [12.3986908, 41.8581489], [12.3986213, 41.8581176], [12.3985556, 41.8580857], [12.3984876, 41.8580509], [12.3983896, 41.8579983], [12.3982987, 41.8579483], [12.3981971, 41.857888], [12.3979938, 41.8577651], [12.3976155, 41.8575487]], [[12.3964709, 41.8575125], [12.3965948, 41.8574981], [12.3967059, 41.8574825], [12.3968108, 41.8574669], [12.3969355, 41.8574484], [12.3970101, 41.8574397], [12.397059, 41.8574354], [12.3970956, 41.8574345], [12.3971462, 41.8574354], [12.3971891, 41.8574374], [12.3972288, 41.8574411], [12.3972577, 41.8574459], [12.3972917, 41.8574513], [12.3973302, 41.857459], [12.3973919, 41.8574733], [12.3974387, 41.8574857], [12.3974793, 41.8574969], [12.3975106, 41.8575076], [12.397542, 41.8575182], [12.3976155, 41.8575487]], [[12.3941354, 41.8563042], [12.3925161, 41.8584908], [12.3922556, 41.8588841], [12.3920454, 41.8591782], [12.3914617, 41.8599948]], [[12.4153399, 41.8771153], [12.4162237, 41.8765093], [12.4163504, 41.8764236]], [[12.4123276, 41.8693596], [12.4122387, 41.8689468], [12.4121499, 41.8685495], [12.4121259, 41.8684408]]]}}, {"type": "Feature", "properties": {"id": "SS-ROM-14446", "nome": "Via della Riserva del Bamboccio", "quartiere": "Municipio Roma XIII", "classificazione": "giallo", "score": 3, "note": "strada urbana senza ciclabile", "ciclabile": "no", "n_corsie": "2", "senso_unico": "no", "n_testimonianze": "0", "municipio": "XIII"}, "geometry": {"type": "MultiLineString", "coordinates": [[[12.2955911, 41.9302931], [12.2944193, 41.9269668], [12.2941858, 41.9263791], [12.2939859, 41.9261403], [12.2936797, 41.9258733], [12.2934651, 41.9257495], [12.2932541, 41.9256853], [12.2929984, 41.9256777], [12.2925103, 41.9257416], [12.2920273, 41.9258507], [12.2917217, 41.9258852], [12.2908768, 41.9258553], [12.2906864, 41.9258633], [12.2904772, 41.9258214], [12.2902867, 41.9257575], [12.2899407, 41.9256099], [12.2895947, 41.9254582], [12.2891924, 41.9253005], [12.2889188, 41.9251908], [12.2887552, 41.925075], [12.2886184, 41.9249194], [12.2884682, 41.9247438], [12.2880471, 41.9243726], [12.287862, 41.9242508], [12.2877279, 41.9242129], [12.2874624, 41.924169], [12.2870681, 41.9239954], [12.2868213, 41.9238717], [12.2864833, 41.9237439], [12.285499, 41.9232909], [12.2852093, 41.9230834], [12.2846568, 41.9225725], [12.2842839, 41.9221374], [12.2840184, 41.9218401], [12.2834793, 41.9213272], [12.2830287, 41.9208761], [12.2827819, 41.9206107], [12.2818445, 41.9192819], [12.28176, 41.9181953], [12.2807881, 41.9156719], [12.2806174, 41.9150363], [12.2804511, 41.9142379], [12.2802472, 41.9133198], [12.2802099, 41.9126535], [12.280215, 41.91221], [12.280287, 41.9118505], [12.2801641, 41.9114236]], [[12.2799351, 41.9095005], [12.2799426, 41.9094692], [12.2799668, 41.9094101], [12.2800093, 41.9093626], [12.2801036, 41.9092771], [12.2801382, 41.9092596], [12.2801888, 41.9092168], [12.2802084, 41.9092002], [12.280224, 41.9091844], [12.2802399, 41.909157], [12.2802517, 41.9091275], [12.2802581, 41.9091009], [12.2802599, 41.9089924], [12.2802536, 41.9089598], [12.2802434, 41.9089301], [12.2802268, 41.908905], [12.2802062, 41.9088829], [12.2801305, 41.908812], [12.2801128, 41.9087901], [12.2800977, 41.9087634], [12.280084, 41.9087327], [12.280077, 41.9086912], [12.280078, 41.9086662], [12.2800844, 41.9086381], [12.2800924, 41.9086009], [12.2802415, 41.9081954], [12.2807662, 41.907326], [12.2811541, 41.9068696], [12.2812377, 41.9067753], [12.2813477, 41.9066513], [12.2840487, 41.9035947], [12.2842825, 41.9032706]], [[12.295546, 41.9306308], [12.2956029, 41.9305308], [12.2956125, 41.9304272], [12.2955911, 41.9302931]], [[12.2801641, 41.9114236], [12.2800528, 41.9109319], [12.2798718, 41.910362], [12.2798529, 41.9102359], [12.2799316, 41.9095309], [12.2799351, 41.9095005]]]}}, {"type": "Feature", "properties": {"id": "SS-ROM-14447", "nome": "Via della Riserva del Fontanile", "quartiere": "Municipio Roma XIII", "classificazione": "giallo", "score": 3, "note": "strada urbana senza ciclabile", "ciclabile": "no", "n_corsie": "2", "senso_unico": "no", "n_testimonianze": "0", "municipio": "XIII"}, "geometry": {"type": "LineString", "coordinates": [[12.3494488, 41.9101786], [12.3486567, 41.9102463], [12.3486127, 41.9102507], [12.348564, 41.9102565], [12.3481352, 41.9103121], [12.3481156, 41.9103122], [12.3481015, 41.9103087], [12.3480878, 41.9103017], [12.3480795, 41.9102911], [12.3480744, 41.910263], [12.3480678, 41.9102495], [12.3480579, 41.9102374], [12.3480401, 41.9102274], [12.3480189, 41.910219], [12.3474814, 41.9100489]]}}, {"type": "Feature", "properties": {"id": "SS-ROM-14448", "nome": "Via della Riserva dell'Albaceto", "quartiere": "Municipio Roma XIII", "classificazione": "giallo", "score": 3, "note": "strada urbana senza ciclabile", "ciclabile": "no", "n_corsie": "2", "senso_unico": "no", "n_testimonianze": "0", "municipio": "XIII"}, "geometry": {"type": "MultiLineString", "coordinates": [[[12.3489975, 41.8818436], [12.3489849, 41.8823722], [12.3486506, 41.8827637], [12.3479784, 41.883526], [12.3478162, 41.8837045], [12.3477381, 41.8837904], [12.3475838, 41.8839315], [12.3475409, 41.8839779], [12.3475059, 41.8840221], [12.3474775, 41.8840644], [12.3474491, 41.8841117], [12.347416, 41.8841742], [12.3473829, 41.8842416], [12.3473413, 41.8843698], [12.3473294, 41.8844003], [12.3473155, 41.8844281], [12.3473003, 41.8844539], [12.3472645, 41.8844956], [12.3472211, 41.8845329], [12.3471941, 41.8845505], [12.347163, 41.8845692], [12.3471294, 41.8845869], [12.3471096, 41.8845968], [12.3470775, 41.8846105], [12.3470427, 41.8846243], [12.3470165, 41.8846326], [12.3469877, 41.8846408], [12.3469232, 41.8846564], [12.3468536, 41.8846667], [12.3468227, 41.8846709], [12.3467879, 41.8846741], [12.3467583, 41.8846761], [12.3467247, 41.8846771], [12.3466938, 41.8846756], [12.3466615, 41.8846731], [12.3466259, 41.8846678], [12.3465889, 41.8846616], [12.3465123, 41.884646], [12.3447588, 41.8841962], [12.3446932, 41.8841818], [12.3446524, 41.8841739], [12.3446102, 41.884168], [12.3445717, 41.8841635], [12.3445298, 41.8841615], [12.3444788, 41.8841618], [12.3444265, 41.8841641], [12.3443914, 41.8841683], [12.3443569, 41.884174], [12.3442947, 41.8841884], [12.3442298, 41.8842168], [12.3441837, 41.8842472], [12.3441438, 41.8842841], [12.3441293, 41.8843026], [12.3441167, 41.8843206], [12.3441091, 41.8843406], [12.3441048, 41.884361], [12.3441032, 41.8843775], [12.3441029, 41.884395], [12.3441054, 41.8844112], [12.344112, 41.8844254], [12.344124, 41.8844421], [12.3441372, 41.8844568], [12.344153, 41.8844726], [12.3441702, 41.8844864], [12.3442139, 41.884519], [12.3443399, 41.8845946], [12.3443704, 41.8846144], [12.3443864, 41.8846265], [12.3443998, 41.8846386], [12.3444128, 41.8846531], [12.3444245, 41.8846677], [12.344433, 41.8846822], [12.3444402, 41.8846968], [12.3444484, 41.8847288], [12.3444525, 41.8847556], [12.3444662, 41.8850223], [12.3444696, 41.8853103], [12.344474, 41.8857972], [12.3444741, 41.8858332]], [[12.3444743, 41.8859051], [12.3444745, 41.8859473]], [[12.3444741, 41.8858332], [12.3444743, 41.8859051]]]}}, {"type": "Feature", "properties": {"id": "SS-ROM-14449", "nome": "Via della Riserva della Torretta", "quartiere": "Municipio Roma XIII", "classificazione": "giallo", "score": 3, "note": "strada urbana senza ciclabile (2 corsie)", "ciclabile": "no", "n_corsie": "2", "senso_unico": "no", "n_testimonianze": "0", "municipio": "XIII"}, "geometry": {"type": "MultiLineString", "coordinates": [[[12.3890934, 41.8884597], [12.3887854, 41.8881183], [12.3884624, 41.8878459], [12.3883703, 41.8877925], [12.3883448, 41.8877407], [12.3882457, 41.8876913], [12.3881467, 41.8876499], [12.3876883, 41.8874778], [12.3872919, 41.8873736], [12.3869151, 41.8873068], [12.3866996, 41.8872792], [12.3864787, 41.8872635], [12.3862783, 41.8872537], [12.3860726, 41.8872558], [12.3857166, 41.8872743], [12.3853689, 41.8872912]], [[12.3895476, 41.8878597], [12.389544, 41.8878209], [12.3895365, 41.8877841], [12.3895212, 41.8877426], [12.3895006, 41.8877127], [12.3894761, 41.8876842], [12.3894448, 41.8876578], [12.3894123, 41.8876372], [12.3893689, 41.887618], [12.3893319, 41.8876049], [12.3892554, 41.8875899], [12.3891894, 41.8875852], [12.3891241, 41.8875869], [12.3889797, 41.887593], [12.3888389, 41.8876017], [12.3886482, 41.8876087], [12.3885977, 41.8876114], [12.3885332, 41.8876123], [12.388452, 41.8876098], [12.3884069, 41.8876072], [12.3883384, 41.8876003], [12.3882645, 41.8875899], [12.3882098, 41.8875784], [12.3881506, 41.8875617], [12.3876956, 41.8874133], [12.3873821, 41.8873092], [12.3871968, 41.8872646], [12.3869954, 41.887232], [12.3868078, 41.8872117], [12.3866094, 41.8871994], [12.3863962, 41.8871931], [12.3862896, 41.887196], [12.3861884, 41.8872008], [12.3860689, 41.8872117], [12.3853689, 41.8872912]]]}}, {"type": "Feature", "properties": {"id": "SS-ROM-14470", "nome": "Via della Stazione Aurelia", "quartiere": "Municipio Roma XIII", "classificazione": "giallo", "score": 3, "note": "strada urbana senza ciclabile (2 corsie)", "ciclabile": "no", "n_corsie": "2", "senso_unico": "si", "n_testimonianze": "0", "municipio": "XIII"}, "geometry": {"type": "MultiLineString", "coordinates": [[[12.3966663, 41.8837544], [12.3972055, 41.8839808], [12.3977628, 41.8842197], [12.398279, 41.8844348], [12.3984029, 41.8844859], [12.3985334, 41.8845381], [12.39881, 41.8846428], [12.3991351, 41.8847622], [12.3998734, 41.885044], [12.4000371, 41.8851059], [12.4005809, 41.8853133], [12.401049, 41.885491], [12.4014285, 41.8856348], [12.4017189, 41.8857419], [12.4020059, 41.8858447], [12.4020465, 41.885858], [12.402088, 41.8858704], [12.4021124, 41.8858757], [12.4021345, 41.8858792], [12.4021702, 41.8858771], [12.4022048, 41.885874], [12.402244, 41.8858698], [12.4022705, 41.8858644], [12.4022944, 41.8858594], [12.40237, 41.8858449]], [[12.3959957, 41.8834868], [12.3944071, 41.8828922], [12.3939855, 41.8827388]], [[12.3966663, 41.8837544], [12.3959957, 41.8834868]], [[12.4026374, 41.8859725], [12.4026634, 41.8859861], [12.4026967, 41.885996], [12.4033788, 41.886241], [12.4034937, 41.8862888], [12.4035358, 41.8863096], [12.4035659, 41.8863283], [12.403592, 41.886347], [12.4036319, 41.8863865], [12.4036739, 41.8864366], [12.403704, 41.8864795], [12.4037237, 41.8865262], [12.4037332, 41.8865639], [12.4037349, 41.8866002], [12.4037276, 41.8866415], [12.4037129, 41.8866834], [12.4036828, 41.8867278], [12.403662, 41.8867604], [12.4036594, 41.8867697], [12.4036458, 41.8868183]], [[12.4025913, 41.8859219], [12.4026211, 41.8859594], [12.4026374, 41.8859725]]]}}, {"type": "Feature", "properties": {"id": "SS-ROM-14509", "nome": "Via della Tenuta della Maglianella", "quartiere": "Municipio Roma XIII", "classificazione": "giallo", "score": 3, "note": "strada urbana senza ciclabile", "ciclabile": "no", "n_corsie": "2", "senso_unico": "no", "n_testimonianze": "0", "municipio": "XIII"}, "geometry": {"type": "MultiLineString", "coordinates": [[[12.3775937, 41.8953605], [12.3767702, 41.8952206]], [[12.3766, 41.8951928], [12.3761243, 41.895115], [12.3749679, 41.8949145], [12.3749481, 41.8949115], [12.3749319, 41.8949093], [12.3748896, 41.894904], [12.3748545, 41.8949015], [12.3748358, 41.8949005], [12.3748124, 41.8948999], [12.3743497, 41.8948979], [12.3742662, 41.8949016], [12.3741865, 41.8949038], [12.3741151, 41.8949191], [12.3740681, 41.8949406], [12.3740179, 41.8949794], [12.3739507, 41.8950598], [12.3735981, 41.8955541], [12.3733712, 41.8958699], [12.3732083, 41.8961774], [12.3731614, 41.8963158], [12.3731102, 41.8966599], [12.3730772, 41.8967927], [12.3730251, 41.8968934], [12.3729585, 41.8969835], [12.3727918, 41.8972237], [12.3726721, 41.8974729], [12.3726303, 41.8975798], [12.3726492, 41.8976712]], [[12.3767702, 41.8952206], [12.3766, 41.8951928]]]}}, {"type": "Feature", "properties": {"id": "SS-ROM-14533", "nome": "Via della Valle dei Fontanili", "quartiere": "Municipio Roma XIII", "classificazione": "giallo", "score": 3, "note": "strada urbana senza ciclabile (2 corsie)", "ciclabile": "no", "n_corsie": "2", "senso_unico": "no", "n_testimonianze": "0", "municipio": "XIII"}, "geometry": {"type": "MultiLineString", "coordinates": [[[12.406569, 41.9245713], [12.4066218, 41.924492], [12.4066658, 41.9244278], [12.4067045, 41.9243761], [12.4068311, 41.9242174], [12.4068799, 41.9241599], [12.4069123, 41.9241252], [12.4069375, 41.9240998], [12.4069834, 41.9240591], [12.4070213, 41.9240296], [12.4070566, 41.9240053], [12.4071078, 41.9239732], [12.4071661, 41.9239445], [12.4072193, 41.9239248], [12.4072672, 41.9239078], [12.4073514, 41.9238816], [12.4074831, 41.9238508], [12.4075668, 41.923834], [12.4075967, 41.9238292], [12.4077697, 41.9238019]], [[12.4067872, 41.9280063], [12.4064894, 41.9272659], [12.4063425, 41.9269252], [12.4060629, 41.9262696], [12.4060414, 41.9262395], [12.4060328, 41.9262289], [12.4060215, 41.9262177], [12.4060103, 41.9262097], [12.4059951, 41.926201], [12.4059825, 41.9261962], [12.4059673, 41.9261915], [12.405917, 41.9261774]], [[12.405917, 41.9261774], [12.4059246, 41.9261629], [12.405931, 41.9261475], [12.4059402, 41.9261255], [12.4059454, 41.9261066], [12.4059499, 41.9260778], [12.4059525, 41.926051], [12.4059609, 41.9259455], [12.4059659, 41.9258537], [12.4059694, 41.9258292], [12.4059751, 41.9257965], [12.4059804, 41.9257725], [12.4059914, 41.925733], [12.4060101, 41.9256842], [12.4060413, 41.9256121], [12.4060898, 41.925501], [12.4061983, 41.9252618], [12.4062594, 41.9251348], [12.4063181, 41.9250164], [12.4063541, 41.9249492], [12.4063796, 41.9249054]], [[12.4063796, 41.9249054], [12.406569, 41.9245713]], [[12.4060629, 41.9262696], [12.4065875, 41.9261276]], [[12.4077697, 41.9238019], [12.4079624, 41.9237634], [12.408334, 41.9236892], [12.4089952, 41.9235571], [12.4093759, 41.9234838], [12.4093976, 41.9234789]], [[12.4093976, 41.9234789], [12.4096018, 41.9234319]], [[12.4096018, 41.9234319], [12.4104992, 41.9232604], [12.4111678, 41.9231347], [12.4112918, 41.9231115], [12.4114369, 41.9230842], [12.4115743, 41.9230573], [12.411784, 41.923018], [12.4118359, 41.9230078], [12.4119285, 41.9229919]], [[12.406949, 41.9288527], [12.4069511, 41.9286115], [12.4069313, 41.9284143], [12.4068618, 41.9281759], [12.4067872, 41.9280063]]]}}, {"type": "Feature", "properties": {"id": "SS-ROM-14609", "nome": "Via delle Cinque Terre", "quartiere": "Municipio Roma XIII", "classificazione": "giallo", "score": 3, "note": "strada urbana senza ciclabile", "ciclabile": "no", "n_corsie": "2", "senso_unico": "no", "n_testimonianze": "0", "municipio": "XIII"}, "geometry": {"type": "LineString", "coordinates": [[12.4026771, 41.884417], [12.4034259, 41.884719], [12.4035429, 41.8847322], [12.4040683, 41.8847951]]}}, {"type": "Feature", "properties": {"id": "SS-ROM-14749", "nome": "Via di Acquafredda", "quartiere": "Municipio Roma XIII", "classificazione": "giallo", "score": 3, "note": "strada urbana senza ciclabile (2 corsie)", "ciclabile": "no", "n_corsie": "2", "senso_unico": "no", "n_testimonianze": "0", "municipio": "XIII"}, "geometry": {"type": "MultiLineString", "coordinates": [[[12.3887599, 41.8877244], [12.3887895, 41.8878683], [12.3888003, 41.8879198], [12.3888143, 41.8879632], [12.3888526, 41.8880653], [12.3888906, 41.8881471], [12.3890934, 41.8884597]], [[12.3887442, 41.887438], [12.3887407, 41.8874854], [12.3887395, 41.8875293], [12.3887432, 41.8875936], [12.3887469, 41.8876336], [12.3887599, 41.8877244]], [[12.3890934, 41.8884597], [12.3891444, 41.8885189], [12.3892001, 41.8885816], [12.3893525, 41.8887281], [12.3894189, 41.8887882], [12.3894751, 41.8888357], [12.3895075, 41.8888587], [12.3895364, 41.8888788], [12.3895691, 41.8888994], [12.3895998, 41.8889181], [12.3896437, 41.8889445], [12.3896903, 41.8889709], [12.3897514, 41.8890032], [12.3898118, 41.8890325]], [[12.3898118, 41.8890325], [12.3898762, 41.8890601], [12.3899517, 41.8890916], [12.3900301, 41.8891232], [12.3901171, 41.8891555], [12.3902116, 41.8891907], [12.3903309, 41.8892318], [12.3905641, 41.8893102], [12.3906233, 41.8893292], [12.3910069, 41.8894544], [12.391317, 41.8895574], [12.3919659, 41.8897745], [12.3921433, 41.8898388], [12.3922236, 41.8898712], [12.3922944, 41.8899026], [12.3923459, 41.889925], [12.3923933, 41.8899475], [12.3924514, 41.8899769], [12.3924955, 41.8899993], [12.3926039, 41.8900616], [12.3931316, 41.890387], [12.3934047, 41.8905584], [12.3937228, 41.8907587], [12.3946279, 41.8913176], [12.3948396, 41.8914481], [12.3955841, 41.8919149], [12.3956305, 41.8919452], [12.3956743, 41.8919746], [12.3957204, 41.8920057], [12.3957653, 41.8920359], [12.3958042, 41.8920659], [12.3958405, 41.8920959], [12.39587, 41.8921219], [12.3959203, 41.8921695], [12.3959643, 41.8922193], [12.3959916, 41.8922601], [12.3960175, 41.8923023], [12.3960407, 41.8923466], [12.3960635, 41.892399], [12.3960795, 41.8924501], [12.3960894, 41.8924953], [12.3960946, 41.892542], [12.3960958, 41.8925778], [12.3960929, 41.8926136], [12.3960841, 41.8926717], [12.3960762, 41.892711], [12.3960683, 41.8927443], [12.3960418, 41.8928358], [12.3958582, 41.8933377], [12.395714, 41.8937281], [12.3954032, 41.8945818], [12.3949971, 41.8956608], [12.39494, 41.8958231], [12.3949048, 41.8959433], [12.3948996, 41.8959642], [12.3948954, 41.8959874], [12.3948918, 41.8960087], [12.3948891, 41.89603], [12.3948876, 41.8960585], [12.3948871, 41.8960871], [12.3948892, 41.896126], [12.3948921, 41.8961513], [12.3948961, 41.8961805], [12.3949011, 41.8962091], [12.3949122, 41.896251], [12.3949246, 41.8962842], [12.3949395, 41.8963219], [12.3949681, 41.8963722], [12.3949901, 41.8964058], [12.3950308, 41.8964625], [12.3952614, 41.896771], [12.3955373, 41.8971429], [12.3956279, 41.8972647], [12.3956484, 41.8972921], [12.3957622, 41.897454], [12.3958221, 41.897536], [12.3962499, 41.8981237], [12.396371, 41.8982901], [12.3964897, 41.8984531]]]}}, {"type": "Feature", "properties": {"id": "SS-ROM-14774", "nome": "Via di Casal Selce", "quartiere": "Municipio Roma XIII", "classificazione": "rosso", "score": 4, "note": "strada secondaria trafficata (2 corsie)", "ciclabile": "no", "n_corsie": "2", "senso_unico": "no", "n_testimonianze": "0", "municipio": "XIII"}, "geometry": {"type": "MultiLineString", "coordinates": [[[12.353715, 41.9269288], [12.3537211, 41.9271194], [12.3537171, 41.9271841], [12.3537104, 41.9272507], [12.3536955, 41.9273138], [12.3536778, 41.9273789], [12.3536365, 41.9274903], [12.3536024, 41.9275526], [12.3535603, 41.9276169], [12.353508, 41.9276972], [12.3534292, 41.9278087], [12.3533301, 41.9279657], [12.3532834, 41.9280028]], [[12.3536754, 41.9266455], [12.353715, 41.9269288]], [[12.333318, 41.8838613], [12.3337129, 41.8843746], [12.3339767, 41.8846288], [12.3340139, 41.8846648], [12.3344711, 41.8850878], [12.3346003, 41.8851977]], [[12.3346003, 41.8851977], [12.3347856, 41.8853626]], [[12.3415518, 41.8986177], [12.3421896, 41.8991898], [12.3423499, 41.899345], [12.3425437, 41.8995545], [12.3427105, 41.899756], [12.3428221, 41.899925], [12.3431704, 41.9005165], [12.3434723, 41.9010292]], [[12.3414334, 41.8985135], [12.3415518, 41.8986177]], [[12.3347856, 41.8853626], [12.3349594, 41.8855267]], [[12.3437055, 41.9014068], [12.3437916, 41.901519], [12.3438857, 41.9016292]], [[12.3438857, 41.9016292], [12.3441515, 41.9018995], [12.3452108, 41.9028459], [12.3455415, 41.903156], [12.3466833, 41.9042268], [12.3467211, 41.9042635], [12.3467584, 41.9043088], [12.3467944, 41.9043581], [12.3468277, 41.9044093], [12.3468556, 41.9044596], [12.3468784, 41.9045118], [12.3468973, 41.9045619], [12.3469161, 41.9046161], [12.3469282, 41.9046692], [12.3469417, 41.9047331], [12.3469812, 41.9049696], [12.3470492, 41.9053772], [12.3470751, 41.9054932], [12.3470945, 41.9055643], [12.3471121, 41.9056232], [12.3471296, 41.9056666], [12.3471529, 41.9057085], [12.3471799, 41.9057519], [12.3472049, 41.9057901], [12.3472336, 41.9058296], [12.347295, 41.9059003], [12.3473285, 41.9059363], [12.3473601, 41.9059695], [12.3473983, 41.9060041], [12.3474346, 41.906036], [12.3474909, 41.9060832], [12.3477672, 41.9062954], [12.3481928, 41.9066222], [12.3482313, 41.9066527], [12.3482683, 41.906682], [12.3485448, 41.906901], [12.3485658, 41.9069176], [12.3488497, 41.9071425], [12.348894, 41.9071785], [12.3489338, 41.9072141], [12.3489846, 41.907264], [12.3490273, 41.9073129], [12.3490646, 41.9073668], [12.3490939, 41.9074227], [12.3491127, 41.9074751], [12.3491301, 41.9075285], [12.3491408, 41.9075858], [12.3491475, 41.9076402], [12.3491495, 41.9076873], [12.3491476, 41.9078017], [12.3491386, 41.9083361], [12.3491381, 41.9083638], [12.3491372, 41.9084203], [12.3491344, 41.908587], [12.3491334, 41.9086482], [12.3491318, 41.9087419], [12.3491332, 41.9088184], [12.3491372, 41.9088948], [12.3491432, 41.9089676], [12.3491518, 41.9090403], [12.3491842, 41.9092467], [12.3491977, 41.9093109], [12.3492396, 41.9095103], [12.3492639, 41.9096367], [12.3493256, 41.9099572], [12.3493416, 41.9100075], [12.3493642, 41.9100598], [12.3493869, 41.9101001], [12.3494002, 41.9101207], [12.3494163, 41.9101424], [12.3494312, 41.9101605], [12.3494488, 41.9101786], [12.3494823, 41.9102106], [12.3495158, 41.9102407], [12.3495533, 41.9102727], [12.3495908, 41.9103028], [12.350174, 41.9107107], [12.3505466, 41.9109714], [12.3506051, 41.9110175], [12.350648, 41.9110544], [12.3506906, 41.9110959], [12.350732, 41.9111414], [12.3507681, 41.9111846], [12.3508029, 41.9112317], [12.3508296, 41.9112779], [12.3508551, 41.9113261], [12.3508748, 41.9113681], [12.3510147, 41.911702], [12.3511255, 41.9119666], [12.3512412, 41.9122429], [12.3513023, 41.912384], [12.3514035, 41.9126175], [12.3516099, 41.9130935], [12.3517616, 41.9134774], [12.3518135, 41.9136197], [12.3518399, 41.9137176], [12.351861, 41.9138116], [12.351895, 41.9140035], [12.3519353, 41.914556], [12.3519539, 41.9150201], [12.3519725, 41.9152523], [12.35199, 41.9154698], [12.3520063, 41.9156726], [12.3520268, 41.9158247], [12.3520306, 41.9158532], [12.3520501, 41.9159585], [12.3520727, 41.9160455], [12.3521035, 41.9161325], [12.3521422, 41.9162136], [12.3521837, 41.9162946], [12.3521978, 41.9163179], [12.3522405, 41.9163884], [12.3527559, 41.9172785], [12.3530325, 41.9177722], [12.3531563, 41.9179942], [12.3533728, 41.9183799], [12.3534715, 41.9185654], [12.3537007, 41.9189837], [12.354019, 41.9195643], [12.354036, 41.9196008], [12.3540476, 41.9196372], [12.3540552, 41.9196716], [12.3540602, 41.9197041], [12.3540627, 41.9197458], [12.3540625, 41.9197874], [12.3540595, 41.9198273], [12.3540311, 41.9200258], [12.3540241, 41.9200673], [12.3539876, 41.9202853], [12.353931, 41.9206234], [12.3537931, 41.9213466], [12.3536944, 41.9218389], [12.3534541, 41.9230373], [12.3534262, 41.9232481], [12.353409, 41.9234749], [12.3534123, 41.9237263], [12.3534262, 41.9239938], [12.3535261, 41.9252147], [12.3535339, 41.9253102], [12.3536754, 41.9266455]], [[12.3434723, 41.9010292], [12.3436111, 41.9012632], [12.3437055, 41.9014068]], [[12.3349594, 41.8855267], [12.3351079, 41.8856805], [12.3351894, 41.8857777], [12.3352381, 41.8858372], [12.3352857, 41.8859236], [12.3353248, 41.8860111], [12.3353479, 41.8860866], [12.3353608, 41.8861515], [12.335363, 41.8862243], [12.3353582, 41.8862779], [12.3353455, 41.8863554], [12.3353209, 41.8864657], [12.3352882, 41.8866], [12.3351595, 41.8870099], [12.3351041, 41.8871667], [12.3350324, 41.8873147], [12.3348564, 41.8876544], [12.3345241, 41.8883046], [12.3344691, 41.8884123], [12.3344443, 41.8884755], [12.3344274, 41.8885249], [12.3344159, 41.8885783], [12.3344009, 41.8886731], [12.3343992, 41.8887656], [12.334464, 41.8893687], [12.3344703, 41.8894277], [12.3344884, 41.8895966], [12.3345732, 41.8908066], [12.3345966, 41.8909661], [12.3346203, 41.8910579], [12.3346521, 41.8911556], [12.3346776, 41.8912263], [12.3347111, 41.891303], [12.3347555, 41.8913791], [12.3348736, 41.8915519], [12.3359623, 41.8931098], [12.3361947, 41.8934424], [12.3362409, 41.8935112], [12.3362919, 41.8935968], [12.3363401, 41.8936804], [12.3363878, 41.8937695], [12.3364328, 41.8938565], [12.3365138, 41.8940235], [12.3366081, 41.8942558], [12.336752, 41.8945733], [12.3367785, 41.8946318], [12.3368157, 41.8946902], [12.3368614, 41.8947495], [12.3369178, 41.8948087], [12.3369795, 41.894864], [12.337052, 41.8949193], [12.3371311, 41.8949734], [12.3372103, 41.8950235], [12.3373798, 41.8951181], [12.3376786, 41.8952643], [12.3381885, 41.8955164], [12.3382382, 41.8955437], [12.3382995, 41.8955779], [12.3383715, 41.8956202], [12.3384288, 41.89566], [12.3384861, 41.8957039], [12.338598, 41.8957995], [12.3392258, 41.8964987], [12.3396274, 41.8969178], [12.3396616, 41.896948], [12.3403663, 41.8975699], [12.3409262, 41.8980674], [12.3414334, 41.8985135]]]}}, {"type": "Feature", "properties": {"id": "SS-ROM-14778", "nome": "Via di Casalotti", "quartiere": "Municipio Roma XIII", "classificazione": "giallo", "score": 3, "note": "strada urbana senza ciclabile (2 corsie)", "ciclabile": "no", "n_corsie": "2", "senso_unico": "no", "n_testimonianze": "0", "municipio": "XIII"}, "geometry": {"type": "MultiLineString", "coordinates": [[[12.3738475, 41.9162163], [12.3738781, 41.9160437], [12.3739728, 41.915378]], [[12.3745371, 41.9162744], [12.3745756, 41.9161743], [12.3746095, 41.916086]], [[12.3716751, 41.9152474], [12.371599, 41.9160403]], [[12.3661299, 41.9148229], [12.3658614, 41.9146864], [12.3658154, 41.914662], [12.3657578, 41.9146316], [12.3657328, 41.9146192], [12.365705, 41.9146057], [12.3656682, 41.9145896], [12.3656287, 41.9145725], [12.3653196, 41.9144552], [12.3652595, 41.9144333], [12.3652073, 41.9144166], [12.3651606, 41.9144038], [12.3651165, 41.9143931], [12.3650724, 41.9143834], [12.3650196, 41.914374], [12.3649682, 41.9143656], [12.3649216, 41.9143591], [12.3648764, 41.9143537], [12.3648173, 41.9143492], [12.3647581, 41.9143466], [12.3647006, 41.9143473], [12.3646418, 41.9143509], [12.3645727, 41.9143563], [12.3645023, 41.9143648], [12.3640083, 41.9144388], [12.363619, 41.9145083], [12.3634332, 41.9145415], [12.3633834, 41.9145514], [12.3633358, 41.9145627], [12.3632868, 41.9145771], [12.3632402, 41.9145948], [12.3631977, 41.9146135], [12.3631592, 41.9146357], [12.3631206, 41.914662], [12.3630543, 41.9147204], [12.3624732, 41.9153341], [12.3621193, 41.9156601], [12.3617484, 41.9159804], [12.3615754, 41.916106], [12.3615236, 41.9161368], [12.3614651, 41.9161685], [12.3614174, 41.9161913], [12.3613629, 41.9162151], [12.3612868, 41.9162395], [12.3612147, 41.9162568], [12.3611884, 41.9162616], [12.3611568, 41.9162643], [12.3611299, 41.9162646], [12.3611002, 41.9162638], [12.3610697, 41.9162601], [12.3610365, 41.9162554], [12.3609567, 41.9162381], [12.3606395, 41.9161457], [12.3603622, 41.9160843], [12.360289, 41.9160714], [12.3602269, 41.9160642], [12.3601635, 41.9160601], [12.360136, 41.9160598], [12.3601045, 41.9160606], [12.3600771, 41.9160624], [12.3600456, 41.9160652], [12.3599795, 41.9160739], [12.359929, 41.9160827], [12.3598864, 41.9160913], [12.3598452, 41.9161009], [12.3598, 41.9161137], [12.3597562, 41.9161276], [12.3597217, 41.9161391], [12.3595745, 41.9161948], [12.3595453, 41.9162072], [12.3595175, 41.9162199], [12.359438, 41.9162594], [12.359353, 41.9163065], [12.3593337, 41.916318], [12.3593178, 41.916328], [12.3587763, 41.9167121], [12.3587548, 41.9167287], [12.3587428, 41.916738], [12.358694, 41.9167756], [12.3586779, 41.9167904], [12.3586634, 41.9168063], [12.3586511, 41.9168219], [12.3586395, 41.9168392], [12.3586311, 41.9168533], [12.3586203, 41.9168792], [12.3586091, 41.9169164], [12.3585346, 41.9171745], [12.3584573, 41.9175388], [12.3583286, 41.918118], [12.3580893, 41.9187833], [12.3579554, 41.9191557], [12.3575893, 41.9201334], [12.3575536, 41.9202085], [12.3575477, 41.9202183], [12.3575405, 41.9202275], [12.357532, 41.9202357], [12.357525, 41.9202411], [12.3575063, 41.9202516], [12.357483, 41.9202617]], [[12.3765019, 41.9174867], [12.376799, 41.918028], [12.3769065, 41.9182184], [12.3770098, 41.9184008], [12.3770714, 41.9185226]], [[12.3729869, 41.9161534], [12.3727652, 41.9161333], [12.3720637, 41.9160725], [12.3719981, 41.9160679], [12.3717843, 41.9160531], [12.371599, 41.9160403], [12.3710639, 41.9160032], [12.3705867, 41.9159702], [12.3704078, 41.9159578], [12.3703496, 41.9159538], [12.3702822, 41.9159491], [12.3702011, 41.9159435], [12.3698342, 41.9159317], [12.3697326, 41.9159226], [12.369273, 41.9158793], [12.3692154, 41.9158753], [12.3689425, 41.9158564], [12.3686758, 41.9158379], [12.3686194, 41.915834], [12.36858, 41.9158313], [12.3685418, 41.9158286], [12.3685224, 41.9158273]], [[12.3751545, 41.9163183], [12.3756074, 41.9156599], [12.3758284, 41.915343], [12.3761155, 41.9149303], [12.3762532, 41.9147324], [12.3764925, 41.9143957], [12.3765161, 41.914364], [12.3765874, 41.9142684], [12.3766883, 41.9141337], [12.3767193, 41.9140851], [12.3767329, 41.9140593], [12.3767364, 41.9140436], [12.3767376, 41.9140331], [12.3767372, 41.9140181], [12.3767356, 41.9140048], [12.3767156, 41.9139447], [12.3767038, 41.9139163], [12.3766903, 41.9138854], [12.376445, 41.9133698], [12.376096, 41.9126179], [12.3760403, 41.912467], [12.3758875, 41.9121933], [12.3754982, 41.9113351], [12.3754127, 41.9111788], [12.3753847, 41.9111169], [12.3753621, 41.911059], [12.3753434, 41.9110019], [12.3753301, 41.9109488], [12.3753198, 41.9108721], [12.3753122, 41.9107934], [12.3753095, 41.9107067], [12.3753095, 41.9103442], [12.3753124, 41.9102469], [12.3753083, 41.9101834], [12.3753015, 41.9101279], [12.3752904, 41.9100656], [12.3752712, 41.9099992], [12.3752004, 41.9098223], [12.3751056, 41.9095965], [12.3750746, 41.9095228], [12.3749821, 41.9093593], [12.3749674, 41.9093253], [12.3749143, 41.909203], [12.3748934, 41.9091352], [12.3748819, 41.9090673], [12.3748732, 41.9089831], [12.3748703, 41.9089238], [12.3748706, 41.9088656], [12.3748733, 41.9088065], [12.3748791, 41.9087485], [12.3749143, 41.9085159], [12.3749982, 41.9080641], [12.3750736, 41.9076577], [12.375224, 41.9069263], [12.3752373, 41.9068265], [12.3752412, 41.9068094], [12.3752468, 41.9067938], [12.3752533, 41.90678], [12.3752625, 41.9067692], [12.3752725, 41.9067628], [12.375285, 41.9067573], [12.3752976, 41.9067549], [12.3753115, 41.9067535], [12.375337, 41.9067523], [12.3759267, 41.9067842]], [[12.3754205, 41.9132973], [12.3749605, 41.9149185]], [[12.3754205, 41.9132973], [12.3754737, 41.9131227]], [[12.3739966, 41.9147327], [12.3740005, 41.9152594]], [[12.3746976, 41.9132741], [12.3754205, 41.9132973]], [[12.3739728, 41.915378], [12.3739785, 41.9153685], [12.3739882, 41.9153599], [12.3740007, 41.9153542], [12.3740119, 41.9153521], [12.3740236, 41.9153518], [12.3740397, 41.9153557], [12.374049, 41.9153627], [12.3740557, 41.9153726], [12.374057, 41.9153835], [12.3739787, 41.9160625], [12.3739707, 41.916129], [12.3739591, 41.9162248]], [[12.3746095, 41.916086], [12.3746934, 41.9158019], [12.3748762, 41.9151806], [12.3749605, 41.9149185]], [[12.3739966, 41.9147327], [12.3739977, 41.9143831], [12.373992, 41.9139659], [12.3739272, 41.9133834], [12.3739098, 41.9132751], [12.3739154, 41.9132604], [12.3739331, 41.9132537], [12.3741286, 41.9132564], [12.3746976, 41.9132741]], [[12.3758136, 41.9163709], [12.3757796, 41.9163715], [12.3757493, 41.9163712], [12.3757183, 41.91637], [12.3756912, 41.9163677], [12.3755207, 41.916352], [12.3751545, 41.9163183], [12.3747131, 41.9162865], [12.3745371, 41.9162744], [12.3745042, 41.9162717], [12.3744859, 41.9162702], [12.3740729, 41.9162366], [12.3739591, 41.9162248], [12.3738475, 41.9162163], [12.3729869, 41.9161534]], [[12.377158, 41.9187048], [12.3772172, 41.9187554], [12.3772607, 41.9187925], [12.3773098, 41.9188132], [12.3773736, 41.9188222], [12.3774432, 41.918811], [12.3775926, 41.9187465]], [[12.3685224, 41.9158273], [12.3684874, 41.9158009], [12.3684712, 41.9157929], [12.3684505, 41.9157815], [12.3684297, 41.9157671], [12.3683696, 41.9157164], [12.3682829, 41.9156433], [12.3682402, 41.9156149], [12.3682007, 41.9155906], [12.3681558, 41.9155672], [12.3680886, 41.9155363], [12.3680556, 41.9155228], [12.3680172, 41.9155094], [12.3679801, 41.9154989], [12.3679375, 41.9154883], [12.367892, 41.9154781], [12.3678269, 41.915465], [12.3677308, 41.9154456], [12.3676596, 41.9154315], [12.3675562, 41.9154095], [12.3675165, 41.9154004], [12.3674741, 41.9153903], [12.3674404, 41.9153817], [12.367404, 41.9153721], [12.3673382, 41.9153637], [12.3672646, 41.9153454], [12.3671418, 41.9153027], [12.3670374, 41.9152641], [12.3669386, 41.9152162], [12.3668599, 41.9151835], [12.3667444, 41.9151354], [12.3666873, 41.9151107], [12.3666316, 41.9150854], [12.366569, 41.9150563], [12.3665078, 41.9150267], [12.3661299, 41.9148229]], [[12.3760414, 41.9166515], [12.3760738, 41.9167156]], [[12.3771804, 41.9189445], [12.3771844, 41.9188732]], [[12.3770714, 41.9185226], [12.377158, 41.9187048]], [[12.3760677, 41.9164965], [12.3760547, 41.916573], [12.3760414, 41.9166515]], [[12.3771844, 41.9188732], [12.3771769, 41.9188264], [12.3771628, 41.9187841], [12.3771619, 41.9187699], [12.377158, 41.9187048]], [[12.3760414, 41.9166515], [12.375986, 41.9165774], [12.3759485, 41.9165273], [12.3759179, 41.9164917]], [[12.3760738, 41.9167156], [12.3764649, 41.9174238], [12.3765019, 41.9174867]]]}}, {"type": "Feature", "properties": {"id": "SS-ROM-14779", "nome": "Via di Casalotto Nuovo", "quartiere": "Municipio Roma XIII", "classificazione": "giallo", "score": 3, "note": "strada urbana senza ciclabile", "ciclabile": "no", "n_corsie": "2", "senso_unico": "si", "n_testimonianze": "0", "municipio": "XIII"}, "geometry": {"type": "MultiLineString", "coordinates": [[[12.3736801, 41.9191776], [12.3737721, 41.9192314], [12.374086, 41.9193169], [12.3740991, 41.9193206], [12.3741143, 41.9193246], [12.3741254, 41.9193263], [12.3741358, 41.9193274], [12.3741472, 41.9193275], [12.3741616, 41.919327], [12.3741794, 41.9193251], [12.3742319, 41.919322], [12.374303, 41.9193114], [12.3746526, 41.9192155], [12.3749304, 41.9191313], [12.375215, 41.9190396]], [[12.375215, 41.9190396], [12.3753039, 41.919103], [12.3754114, 41.9191299], [12.3755087, 41.9191567], [12.3755556, 41.9191696], [12.3755894, 41.919177], [12.3756203, 41.9191865], [12.3756706, 41.9192011], [12.3757699, 41.9192226], [12.3759482, 41.9192477], [12.3761623, 41.9192647], [12.3765159, 41.9192902], [12.3765905, 41.919297], [12.3769015, 41.9193173], [12.3769918, 41.9193196]]]}}, {"type": "Feature", "properties": {"id": "SS-ROM-14784", "nome": "Via di Castel di Guido", "quartiere": "Municipio Roma XIII", "classificazione": "giallo", "score": 3, "note": "strada urbana senza ciclabile (2 corsie)", "ciclabile": "no", "n_corsie": "2", "senso_unico": "no", "n_testimonianze": "0", "municipio": "XIII"}, "geometry": {"type": "MultiLineString", "coordinates": [[[12.3081606, 41.9009746], [12.3055308, 41.9015299], [12.3054619, 41.9015465], [12.305393, 41.901565], [12.3053052, 41.9015895], [12.3051512, 41.9016384], [12.3049972, 41.9016994], [12.3048808, 41.9017563], [12.3047763, 41.9018181], [12.3044309, 41.9020441], [12.3037268, 41.9025588], [12.303074, 41.902974], [12.3022521, 41.9034367], [12.3021099, 41.9035046], [12.3019686, 41.903562], [12.3018325, 41.9036074], [12.3016748, 41.9036546], [12.3015457, 41.903686], [12.3008175, 41.9038633], [12.2998958, 41.9041173], [12.2982087, 41.9045719], [12.2971595, 41.9048314], [12.2964728, 41.9050013], [12.296396, 41.905019], [12.2963132, 41.9050312], [12.2962245, 41.9050406], [12.2961408, 41.9050454], [12.2960652, 41.9050481], [12.2959892, 41.9050493], [12.2959213, 41.9050486], [12.2958463, 41.905045], [12.2957858, 41.9050388], [12.295712, 41.9050268], [12.2955827, 41.9050012], [12.2955086, 41.904985], [12.2954045, 41.9049601], [12.2953165, 41.9049352], [12.2952187, 41.9049074], [12.295129, 41.9048796], [12.2940741, 41.9045037], [12.2935314, 41.9043011], [12.2933574, 41.9042381], [12.2931546, 41.9041708], [12.292855, 41.9040736], [12.2927673, 41.9040452], [12.2925216, 41.903975], [12.2922491, 41.9039068], [12.2921064, 41.9038792], [12.2919905, 41.9038576], [12.2918835, 41.9038402], [12.2917621, 41.9038253], [12.2916488, 41.9038124], [12.291532, 41.9038002], [12.2914233, 41.9037901], [12.2913527, 41.9037849], [12.2908782, 41.9037635], [12.288803, 41.9036226], [12.2885118, 41.9036095], [12.2884461, 41.903609], [12.2883845, 41.9036076], [12.2883069, 41.9036101], [12.2882195, 41.9036138], [12.2881267, 41.9036194], [12.2878549, 41.9036419], [12.2877217, 41.9036481], [12.2875777, 41.9036503], [12.2874119, 41.9036481], [12.2872649, 41.903642], [12.2871318, 41.9036327], [12.2870176, 41.9036195], [12.2869078, 41.9035986], [12.2867695, 41.9035686], [12.2864759, 41.9034918], [12.2862532, 41.9034416], [12.2861239, 41.9034154], [12.2860357, 41.9034015], [12.2859502, 41.9033896], [12.2858446, 41.9033757], [12.2857416, 41.9033638], [12.2855108, 41.9033392], [12.2850425, 41.9033001], [12.2842825, 41.9032706], [12.2840218, 41.9032491], [12.282969, 41.9032027], [12.278159, 41.9031481], [12.2776814, 41.9031464], [12.2775866, 41.903143], [12.2774862, 41.9031375], [12.2773802, 41.9031331], [12.2772686, 41.9031266], [12.2770566, 41.9031114], [12.2768447, 41.903092], [12.2760627, 41.9029925], [12.2751288, 41.9028768], [12.2747464, 41.9028412], [12.2742764, 41.9028608]], [[12.2742764, 41.9028608], [12.2740148, 41.9028852], [12.2739214, 41.9028939], [12.2735293, 41.9029599], [12.2731316, 41.9030526], [12.2727553, 41.9031685]], [[12.3086923, 41.9008623], [12.3081606, 41.9009746]], [[12.324883, 41.8873414], [12.3224968, 41.8904692], [12.322297, 41.8907123], [12.3220723, 41.8909375], [12.319863, 41.892859], [12.319737, 41.8929832], [12.319681, 41.8930484], [12.3195929, 41.8931519], [12.3195467, 41.8932208], [12.3195026, 41.8932878], [12.3194719, 41.8933468], [12.3194247, 41.8934375], [12.3193155, 41.8936785], [12.3189712, 41.8946252], [12.31886, 41.8948977], [12.3188231, 41.8949764], [12.3187755, 41.8950671], [12.3187277, 41.8951506], [12.3186692, 41.8952462], [12.3182455, 41.8959055], [12.3181153, 41.8961486], [12.3180249, 41.8963375], [12.3179461, 41.8965029], [12.3177962, 41.8968555], [12.3177727, 41.8969012], [12.3177439, 41.896951], [12.3177185, 41.8969919], [12.3176878, 41.8970368], [12.3175971, 41.8971541], [12.3173906, 41.8973602], [12.3173754, 41.8973743], [12.3171967, 41.8975404], [12.3170365, 41.8976687], [12.3165094, 41.8980516], [12.3164285, 41.8981143], [12.3163362, 41.8981898], [12.3162658, 41.8982506], [12.3162008, 41.8983075], [12.3161293, 41.8983754], [12.3159867, 41.8985134], [12.3159538, 41.8985413], [12.3159195, 41.8985692], [12.3158839, 41.8985951], [12.315847, 41.898621], [12.3158161, 41.8986392], [12.3157838, 41.8986574], [12.3157555, 41.8986717], [12.3157232, 41.8986859], [12.3156923, 41.8986991], [12.3156587, 41.8987123], [12.315578, 41.8987428], [12.3154904, 41.8987725], [12.3138149, 41.8993317], [12.312195, 41.8999454], [12.3110556, 41.900334], [12.3110046, 41.9003498], [12.3109429, 41.9003676], [12.3108893, 41.9003827], [12.3108251, 41.9003997], [12.3102606, 41.9005355], [12.3093169, 41.9007304], [12.3088773, 41.9008232], [12.3086923, 41.9008623]]]}}, {"type": "Feature", "properties": {"id": "SS-ROM-14851", "nome": "Via di Montespaccato", "quartiere": "Municipio Roma XIII", "classificazione": "giallo", "score": 3, "note": "strada urbana senza ciclabile (1 corsie)", "ciclabile": "no", "n_corsie": "1", "senso_unico": "si", "n_testimonianze": "0", "municipio": "XIII"}, "geometry": {"type": "LineString", "coordinates": [[12.3943802, 41.9067288], [12.3937025, 41.9071861], [12.3936584, 41.9072176], [12.3936279, 41.9072393], [12.393582, 41.907271], [12.3928326, 41.9077949], [12.3927985, 41.9078187], [12.391849, 41.9084832], [12.3918094, 41.9085107]]}}, {"type": "Feature", "properties": {"id": "SS-ROM-14860", "nome": "Via di Pantan Monastero", "quartiere": "Municipio Roma XIII", "classificazione": "giallo", "score": 3, "note": "strada urbana senza ciclabile (2 corsie)", "ciclabile": "no", "n_corsie": "2", "senso_unico": "no", "n_testimonianze": "0", "municipio": "XIII"}, "geometry": {"type": "MultiLineString", "coordinates": [[[12.3540602, 41.9197041], [12.3541432, 41.9197755], [12.3541991, 41.9198335], [12.3543392, 41.9199958], [12.3543739, 41.920034], [12.3544139, 41.9200721], [12.3544545, 41.9201087], [12.3544951, 41.9201452], [12.3547145, 41.9203227]], [[12.357483, 41.9202617], [12.3575877, 41.9202898], [12.3576326, 41.9203043], [12.3576708, 41.9203189], [12.3577216, 41.9203425], [12.3577657, 41.9203661], [12.3578293, 41.9204053], [12.3578848, 41.9204444], [12.3581017, 41.9206131], [12.3581521, 41.9206482], [12.3582092, 41.9206863], [12.3582764, 41.920726], [12.3583305, 41.9207558], [12.3583919, 41.9207886], [12.3584506, 41.9208184], [12.3585752, 41.9208779], [12.3587157, 41.9209418], [12.3588259, 41.9209894], [12.3589325, 41.921033], [12.3592522, 41.9211551], [12.3593425, 41.921187], [12.359436, 41.921218], [12.3595335, 41.9212479], [12.3595942, 41.9212649], [12.3596575, 41.9212819], [12.3597189, 41.9212983], [12.359783, 41.9213147], [12.3599014, 41.9213426], [12.3599219, 41.9213474], [12.3599858, 41.9213651], [12.360013, 41.9213734], [12.360043, 41.9213827], [12.3600674, 41.921392], [12.3600945, 41.9214022], [12.3601394, 41.9214217], [12.3601756, 41.9214417], [12.3602158, 41.9214677], [12.3602553, 41.9215001], [12.3603296, 41.9215657], [12.3606918, 41.9219305], [12.3608422, 41.9220819], [12.3613203, 41.9225996], [12.3614437, 41.9227461], [12.3614713, 41.922781], [12.3614962, 41.9228149], [12.36152, 41.9228508], [12.3615412, 41.9228857], [12.3616221, 41.9230341], [12.3616831, 41.9231377], [12.361701, 41.9231645], [12.3617189, 41.9231894], [12.3617628, 41.9232412], [12.3619478, 41.9234419], [12.3620179, 41.9235301], [12.3620374, 41.923557], [12.3620556, 41.9235829], [12.3620717, 41.9236112], [12.3620864, 41.9236385], [12.3621344, 41.9237431], [12.3621547, 41.9237899], [12.3623072, 41.9241415], [12.3624069, 41.9243587], [12.3624278, 41.9244152], [12.3624479, 41.9244696], [12.3624687, 41.9245223], [12.3624837, 41.9245744], [12.3625318, 41.9247548], [12.3625441, 41.9248272], [12.3625659, 41.9249333], [12.362586, 41.9250098], [12.3626038, 41.9250474], [12.3626371, 41.9250985], [12.3627435, 41.9252306], [12.3627955, 41.9252722], [12.362811, 41.9253122]], [[12.3550462, 41.9204055], [12.3552715, 41.9203981], [12.3553425, 41.9203965], [12.3554028, 41.9203955], [12.3558515, 41.9203955], [12.356131, 41.9203955], [12.3561659, 41.920395], [12.3561968, 41.9203945], [12.3562294, 41.920393], [12.356258, 41.9203914], [12.3570574, 41.9203269], [12.3571608, 41.9203186], [12.3572224, 41.920312], [12.3572846, 41.9203039], [12.3573345, 41.9202952], [12.3573851, 41.9202851], [12.357483, 41.9202617]], [[12.3547145, 41.9203227], [12.3547511, 41.9203473], [12.3547701, 41.9203577], [12.3547931, 41.92037], [12.3548155, 41.9203794], [12.3548373, 41.9203878], [12.3548582, 41.9203942], [12.3548785, 41.9203996], [12.3548969, 41.9204028], [12.3549194, 41.920406], [12.3549425, 41.9204076], [12.354963, 41.9204083], [12.3550462, 41.9204055]]]}}, {"type": "Feature", "properties": {"id": "SS-ROM-14869", "nome": "Via di Polletrara", "quartiere": "Municipio Roma XIII", "classificazione": "giallo", "score": 3, "note": "strada urbana senza ciclabile", "ciclabile": "no", "n_corsie": "2", "senso_unico": "si", "n_testimonianze": "0", "municipio": "XIII"}, "geometry": {"type": "MultiLineString", "coordinates": [[[12.3683382, 41.9134701], [12.368354, 41.9134791], [12.3683685, 41.9134891], [12.3683797, 41.9134995], [12.3683882, 41.91351], [12.368414, 41.9135519], [12.3685207, 41.9137807], [12.3687015, 41.9142327]], [[12.3687015, 41.9142327], [12.3688274, 41.9144984], [12.3689568, 41.9146405], [12.3689711, 41.9146532], [12.3689873, 41.9146652], [12.369009, 41.9146754], [12.3690375, 41.9146825], [12.369066, 41.9146866], [12.3690976, 41.9146869], [12.3701496, 41.9145977], [12.3702156, 41.9145914]]]}}, {"type": "Feature", "properties": {"id": "SS-ROM-14993", "nome": "Via di Santa Gemma", "quartiere": "Municipio Roma XIII", "classificazione": "giallo", "score": 3, "note": "strada urbana senza ciclabile (2 corsie)", "ciclabile": "no", "n_corsie": "2", "senso_unico": "no", "n_testimonianze": "0", "municipio": "XIII"}, "geometry": {"type": "LineString", "coordinates": [[12.3675874, 41.9236935], [12.3675622, 41.92385], [12.3675836, 41.9240953], [12.3675795, 41.9242272], [12.3675527, 41.9243203], [12.367515, 41.9244516], [12.3674671, 41.9245441], [12.3674139, 41.9246386], [12.3673391, 41.9247429], [12.3672707, 41.9248336], [12.367122, 41.9249979], [12.3669543, 41.9251987], [12.3669075, 41.9252646], [12.3668449, 41.9253754], [12.3667795, 41.9255187], [12.3666515, 41.9258522], [12.3665461, 41.9260732], [12.3663581, 41.9263861], [12.3662801, 41.9265955], [12.3662784, 41.9266246], [12.3662795, 41.9266486], [12.3662839, 41.9266729], [12.3662924, 41.9266962], [12.3663414, 41.9267815]]}}, {"type": "Feature", "properties": {"id": "SS-ROM-15020", "nome": "Via di Selva Candida", "quartiere": "Municipio Roma XIII", "classificazione": "giallo", "score": 3, "note": "strada urbana senza ciclabile (2 corsie)", "ciclabile": "no", "n_corsie": "2", "senso_unico": "si", "n_testimonianze": "0", "municipio": "XIII"}, "geometry": {"type": "MultiLineString", "coordinates": [[[12.3760302, 41.9214676], [12.3760194, 41.9215757], [12.3759951, 41.9216462], [12.3759729, 41.921709], [12.3759237, 41.9217879], [12.37589, 41.9218418], [12.3758848, 41.9218517], [12.3758338, 41.9219352], [12.3756961, 41.9221393], [12.3753564, 41.9226429], [12.3752473, 41.9228045], [12.374992, 41.9231401], [12.3747839, 41.9233506], [12.3747518, 41.9233829], [12.3744516, 41.923685], [12.3741929, 41.9239755], [12.3741056, 41.9240911], [12.3740585, 41.9241671], [12.3740369, 41.9242195], [12.3740255, 41.924266], [12.3740248, 41.9243125], [12.3740349, 41.9243792], [12.3740649, 41.9244374], [12.374351, 41.9248103], [12.3743991, 41.9248547], [12.3750771, 41.925627], [12.3751359, 41.9256946], [12.375613, 41.9262427], [12.375759, 41.9264381], [12.3758636, 41.9265847], [12.3759213, 41.9266956], [12.3759347, 41.9267382], [12.3759387, 41.9267509], [12.3759426, 41.9268042], [12.3759324, 41.9270114], [12.3759276, 41.9271352], [12.3758944, 41.9276932], [12.3758674, 41.9282202], [12.3758766, 41.928331], [12.3759123, 41.9286342], [12.3759373, 41.9287611], [12.3759457, 41.9288173], [12.3760346, 41.9294095], [12.3761033, 41.9296781], [12.3761594, 41.9298306], [12.376278, 41.9301527], [12.3764646, 41.9306596], [12.3765801, 41.9311067], [12.3766356, 41.9313218], [12.3767241, 41.9317476], [12.3767575, 41.9319082], [12.376766, 41.931974], [12.3768091, 41.9322564], [12.3768189, 41.9323211], [12.3768341, 41.9323976], [12.3768475, 41.9324669], [12.3768627, 41.9325296], [12.3769697, 41.932915], [12.3770077, 41.9330561], [12.377025, 41.9331227], [12.3770369, 41.9331853], [12.3770746, 41.9334685], [12.3771071, 41.933757], [12.3771213, 41.9338414], [12.3771328, 41.9338941], [12.3771443, 41.933948], [12.3771665, 41.934046], [12.377237, 41.9343463], [12.3773293, 41.9346994], [12.3773595, 41.9348146]], [[12.3773595, 41.9348146], [12.3775044, 41.9353648], [12.3775697, 41.9356139], [12.377607, 41.9357728], [12.3776377, 41.9358975], [12.3776542, 41.9359917], [12.3776637, 41.9360819], [12.3776831, 41.9362852], [12.3776957, 41.9364391], [12.3777041, 41.9365123], [12.3777388, 41.9366276], [12.3777869, 41.9367698], [12.3780462, 41.9373969], [12.3783084, 41.9380172], [12.3783656, 41.9381526], [12.3784168, 41.9382691], [12.3785443, 41.9385595], [12.3785723, 41.938616], [12.3788158, 41.9391912], [12.3789573, 41.9395122], [12.3789877, 41.939588], [12.3790236, 41.9396722], [12.3790631, 41.9397576], [12.379143, 41.9399107], [12.3792746, 41.9401377], [12.379439, 41.9404046], [12.3794883, 41.9404893], [12.3795375, 41.9405816], [12.3795659, 41.9406407], [12.3795985, 41.940718], [12.3796544, 41.9408696], [12.379689, 41.9409843], [12.3797348, 41.941122], [12.3798276, 41.9413975], [12.3799974, 41.9419042], [12.3802345, 41.9426074], [12.3802605, 41.9426845], [12.3806098, 41.9437207], [12.3807056, 41.944], [12.3808372, 41.9443828], [12.3811072, 41.9451674], [12.381233, 41.9455368], [12.3813494, 41.9459044], [12.3815409, 41.946471], [12.3817077, 41.946917], [12.3817319, 41.9471369], [12.3817491, 41.94722], [12.3817433, 41.9473207], [12.3817295, 41.9474219], [12.3817039, 41.9474965], [12.3816541, 41.947567]], [[12.3761834, 41.9207346], [12.3760621, 41.9210754]], [[12.3760302, 41.9214676], [12.3758345, 41.9213938], [12.3757628, 41.9213688]], [[12.3760621, 41.9210754], [12.3760302, 41.9214676]]]}}, {"type": "Feature", "properties": {"id": "SS-ROM-15064", "nome": "Via di Val Cannuta", "quartiere": "Municipio Roma XIII", "classificazione": "giallo", "score": 3, "note": "strada urbana senza ciclabile (2 corsie)", "ciclabile": "no", "n_corsie": "2", "senso_unico": "no", "n_testimonianze": "0", "municipio": "XIII"}, "geometry": {"type": "MultiLineString", "coordinates": [[[12.4017755, 41.8912682], [12.4017922, 41.8913529], [12.4017945, 41.891375], [12.4017987, 41.8914035], [12.4018137, 41.8914688], [12.4018278, 41.8915216], [12.401847, 41.8915843], [12.4018776, 41.8916979], [12.401897, 41.8917632], [12.4019085, 41.8918111], [12.4019189, 41.8918689], [12.4019234, 41.8919047], [12.4019251, 41.8919374], [12.4019224, 41.8919709], [12.401911, 41.8920231], [12.4018926, 41.8920795], [12.4018897, 41.8921975]], [[12.4103311, 41.8970189], [12.4103908, 41.8970603], [12.4104821, 41.8971234], [12.4127924, 41.8987212], [12.4136033, 41.8993049], [12.4137359, 41.8994004], [12.4146527, 41.9000183], [12.4147401, 41.9000772], [12.4152914, 41.9004635], [12.415574, 41.900667], [12.4156199, 41.9007024], [12.4156617, 41.9007369], [12.415693, 41.9007689], [12.4157204, 41.9007999], [12.4157423, 41.9008309], [12.4157589, 41.9008629], [12.4157661, 41.900895], [12.415768, 41.9009281], [12.4157551, 41.9009796], [12.4157381, 41.9010196], [12.4157199, 41.9010596], [12.415694, 41.9011064], [12.4154917, 41.9014545], [12.4154446, 41.9015407], [12.4154335, 41.9015692], [12.4154261, 41.9015958], [12.4154219, 41.9016249], [12.4154203, 41.9016547], [12.415422, 41.9016845], [12.4154291, 41.9017175], [12.4154394, 41.9017505], [12.4154508, 41.9017803], [12.4154752, 41.9018399], [12.4154947, 41.9018824], [12.4155155, 41.9019261], [12.4155394, 41.9019722], [12.4157238, 41.9023139], [12.4157783, 41.9024148], [12.4158664, 41.9025739], [12.41633, 41.9034132], [12.4163791, 41.9035017]], [[12.4077111, 41.8956686], [12.4076347, 41.8957819]], [[12.4042739, 41.8951407], [12.4049131, 41.8949109], [12.404973, 41.89489], [12.4050407, 41.8948664], [12.4051064, 41.8948478], [12.4051707, 41.8948305]], [[12.4082634, 41.8949241], [12.4082083, 41.8950103], [12.4080057, 41.8953372], [12.407838, 41.8955998], [12.4078283, 41.895615], [12.407807, 41.8956426], [12.4077897, 41.8956554], [12.4077616, 41.8956662], [12.4077419, 41.8956693], [12.4077111, 41.8956686], [12.4076927, 41.8956468], [12.407686, 41.8956251], [12.4076927, 41.8955949], [12.4077163, 41.895557], [12.4080821, 41.8949665], [12.4081365, 41.8948811]], [[12.4018897, 41.8921975], [12.4019009, 41.8922135], [12.4019209, 41.8922336], [12.4019377, 41.8922469], [12.401955, 41.892259]], [[12.401955, 41.892259], [12.4021362, 41.892384], [12.4022139, 41.8924351], [12.4028077, 41.8928252], [12.4030642, 41.8929937], [12.4033165, 41.8931595], [12.4035196, 41.8932972]], [[12.4045942, 41.8946156], [12.4051707, 41.8948305], [12.4059267, 41.8951257], [12.4062376, 41.8952427], [12.4071, 41.8955744], [12.4075904, 41.8957661], [12.4076347, 41.8957819], [12.4092098, 41.8963887], [12.4095939, 41.8965389], [12.4096487, 41.8965624]], [[12.4038319, 41.8939681], [12.40384, 41.8940814]], [[12.403823, 41.8938788], [12.4038319, 41.8939681]], [[12.4036041, 41.8933597], [12.4036521, 41.8933861], [12.403669, 41.8933982], [12.4036858, 41.8934103], [12.4037012, 41.8934244], [12.4037142, 41.8934385], [12.4037355, 41.8934665], [12.4037573, 41.8935013], [12.40378, 41.8935528], [12.4037929, 41.8935896], [12.4038005, 41.8936225], [12.4038089, 41.8937167], [12.403823, 41.8938788]], [[12.4096487, 41.8965624], [12.4097205, 41.896597], [12.4097629, 41.8966189], [12.4098162, 41.8966504], [12.4098754, 41.8966883], [12.4103311, 41.8970189]], [[12.4038911, 41.8943287], [12.4038475, 41.8943044], [12.403823, 41.8942815], [12.4038073, 41.894266], [12.4037881, 41.8942416], [12.4037694, 41.8942118], [12.4037543, 41.8941811], [12.4037416, 41.8941462], [12.4037349, 41.8941172], [12.4037289, 41.8940845], [12.4037162, 41.8938822], [12.4037123, 41.8938375]], [[12.40384, 41.8940814], [12.4038463, 41.8941733], [12.4038506, 41.8942104], [12.4038578, 41.8942451], [12.4038635, 41.8942769], [12.4038911, 41.8943287]], [[12.4035196, 41.8932972], [12.4035574, 41.8933229], [12.4036041, 41.8933597]], [[12.4038911, 41.8943287], [12.4039079, 41.8943386], [12.4039416, 41.8943608], [12.403977, 41.8943796], [12.40403, 41.8944047], [12.4040774, 41.8944238], [12.4042626, 41.8944934], [12.4044889, 41.8945773], [12.4045942, 41.8946156]], [[12.4037123, 41.8938375], [12.4036859, 41.8935375], [12.4036805, 41.8935035], [12.4036725, 41.8934746], [12.4036604, 41.8934446], [12.403645, 41.8934192], [12.4036041, 41.8933597]]]}}, {"type": "Feature", "properties": {"id": "SS-ROM-15065", "nome": "Via di Val Favara", "quartiere": "Municipio Roma XIII", "classificazione": "giallo", "score": 3, "note": "strada urbana senza ciclabile (1 corsie)", "ciclabile": "no", "n_corsie": "1", "senso_unico": "si", "n_testimonianze": "0", "municipio": "XIII"}, "geometry": {"type": "LineString", "coordinates": [[12.4183883, 41.9240503], [12.4183263, 41.9240771], [12.4173473, 41.9245228], [12.4161541, 41.925056], [12.4155464, 41.9253238], [12.4147991, 41.9256835], [12.4147677, 41.9256969], [12.4147058, 41.9257273]]}}, {"type": "Feature", "properties": {"id": "SS-ROM-15089", "nome": "Via di Vallelunga", "quartiere": "Municipio Roma XIII", "classificazione": "giallo", "score": 3, "note": "strada urbana senza ciclabile (1 corsie)", "ciclabile": "no", "n_corsie": "1", "senso_unico": "si", "n_testimonianze": "0", "municipio": "XIII"}, "geometry": {"type": "MultiLineString", "coordinates": [[[12.397547, 41.9092936], [12.3974798, 41.9093379], [12.3967704, 41.909819]], [[12.3963248, 41.9100954], [12.3948357, 41.9100941], [12.3946482, 41.9100877], [12.3946243, 41.9100835], [12.3946005, 41.9100762], [12.3945841, 41.9100705], [12.3945649, 41.9100589], [12.3945456, 41.910041], [12.3945324, 41.9100256], [12.3945214, 41.9100081], [12.3945147, 41.909987], [12.3945106, 41.9099614], [12.3945097, 41.9099386], [12.3945107, 41.9099198], [12.394518, 41.9098771], [12.3945327, 41.9098138], [12.3945383, 41.9097756], [12.3945386, 41.9097545], [12.3945354, 41.9097263], [12.3945309, 41.9096945], [12.3945167, 41.9096413], [12.3944969, 41.9096019], [12.394465, 41.9095619], [12.3944266, 41.9095304], [12.3943982, 41.9095154], [12.3943707, 41.9095031], [12.3943339, 41.909491], [12.39429, 41.9094841], [12.3942507, 41.9094804], [12.3941698, 41.909481], [12.3940976, 41.9094859], [12.3939838, 41.9094986], [12.3938653, 41.9095177], [12.3937774, 41.9095291], [12.3937013, 41.9095385], [12.3936633, 41.9095404], [12.3936222, 41.9095411], [12.3935606, 41.909536], [12.3935214, 41.9095303], [12.3934892, 41.9095246], [12.3934496, 41.9095142], [12.3934155, 41.9095011], [12.3933905, 41.9094893], [12.3933691, 41.9094774], [12.3933476, 41.9094641], [12.3933285, 41.9094481], [12.3933171, 41.9094352], [12.3933046, 41.9094179], [12.3932868, 41.9093819], [12.3932748, 41.9093497], [12.393258, 41.9093031], [12.3932377, 41.9092556], [12.3932209, 41.9092216], [12.3932074, 41.9092018], [12.3931945, 41.909182], [12.393178, 41.9091612], [12.3931587, 41.9091429], [12.3931312, 41.9091214], [12.3931051, 41.9091057], [12.3930744, 41.90909], [12.3930411, 41.9090763], [12.393002, 41.9090631], [12.3929405, 41.9090454], [12.3928676, 41.909032], [12.3927152, 41.9089996], [12.3926248, 41.9089819], [12.3925499, 41.9089645], [12.3924942, 41.9089502], [12.3924406, 41.9089308], [12.3923508, 41.9088948], [12.3922907, 41.9088672], [12.3922395, 41.9088384], [12.3921309, 41.9087646], [12.39202, 41.9086817], [12.3918094, 41.9085107], [12.391574, 41.9083283], [12.3915465, 41.9083022], [12.3915216, 41.908276], [12.3915034, 41.9082508], [12.3914938, 41.9082266], [12.3914885, 41.9081964], [12.391488, 41.9081651], [12.3914875, 41.908097], [12.3914915, 41.9080476], [12.3914925, 41.9080037], [12.3914914, 41.9079671], [12.3914885, 41.9079353], [12.3914807, 41.9078899], [12.3914727, 41.9078633], [12.3914583, 41.9078344], [12.391443, 41.9078105], [12.3914203, 41.9077866], [12.3913743, 41.9077426], [12.3913393, 41.9077114], [12.3912736, 41.9076543], [12.3912079, 41.9076042], [12.3910297, 41.9074888], [12.3908387, 41.9073726], [12.3905778, 41.9072151], [12.3903147, 41.9070509], [12.3902166, 41.9069817], [12.3901886, 41.9069599], [12.3901652, 41.906939], [12.3901326, 41.9069077], [12.3901088, 41.906884], [12.3900849, 41.9068576], [12.3900449, 41.9068105], [12.3899999, 41.9067496], [12.3899555, 41.9066813], [12.3895268, 41.9059805], [12.3894731, 41.9058866], [12.3894599, 41.905859], [12.389445, 41.9058262], [12.3894362, 41.9057772], [12.3894357, 41.9057336], [12.3894426, 41.9057023], [12.3894669, 41.9056593], [12.3894952, 41.9056249], [12.3895412, 41.9055888], [12.3895839, 41.9055642], [12.3896328, 41.905543], [12.3898343, 41.9054698], [12.3898872, 41.9054528]], [[12.3967704, 41.909819], [12.3967337, 41.9098461], [12.3964134, 41.9100695], [12.3963895, 41.9100804], [12.3963656, 41.9100894], [12.3963478, 41.910093], [12.3963248, 41.9100954]]]}}, {"type": "Feature", "properties": {"id": "SS-ROM-15563", "nome": "Viale di Terra Santa", "quartiere": "Municipio Roma XIII", "classificazione": "blu", "score": 2, "note": "accesso limitato (ZTL)", "ciclabile": "no", "n_corsie": "1", "senso_unico": "no", "n_testimonianze": "0", "municipio": "XIII"}, "geometry": {"type": "LineString", "coordinates": [[12.3786511, 41.9190789], [12.3786883, 41.9190158], [12.3790718, 41.9190136], [12.3795556, 41.919017], [12.3796925, 41.9188315]]}}, {"type": "Feature", "properties": {"id": "SS-ROM-15609", "nome": "Vicolo dei Casali di Acquafredda", "quartiere": "Municipio Roma XIII", "classificazione": "giallo", "score": 3, "note": "strada urbana senza ciclabile", "ciclabile": "no", "n_corsie": "2", "senso_unico": "no", "n_testimonianze": "0", "municipio": "XIII"}, "geometry": {"type": "LineString", "coordinates": [[12.4019688, 41.9022372], [12.4019795, 41.9022034], [12.4019889, 41.9021577], [12.401998, 41.9021181], [12.402006, 41.9020719], [12.402011, 41.9020231], [12.4020106, 41.9019493], [12.4020057, 41.9019029], [12.402002, 41.901874], [12.4019951, 41.9018478], [12.4019798, 41.9018023], [12.4019615, 41.9017602], [12.4019399, 41.90172], [12.401918, 41.9016936], [12.4018977, 41.9016728], [12.4018727, 41.9016506], [12.4018468, 41.9016328], [12.4018177, 41.9016149], [12.4017909, 41.9016024], [12.4017617, 41.9015904], [12.4017273, 41.9015773], [12.400585, 41.9012728], [12.4005543, 41.9012634], [12.4005281, 41.901252], [12.400505, 41.9012394], [12.4004818, 41.9012244], [12.4004559, 41.901205], [12.4004317, 41.9011789], [12.4004158, 41.9011545], [12.4004008, 41.9011215], [12.4003926, 41.9010524], [12.4003071, 41.8985063], [12.4003048, 41.8984695], [12.4003012, 41.8984256], [12.4002957, 41.8983872], [12.4002842, 41.898334], [12.4002652, 41.8982568], [12.4002372, 41.8981375], [12.4002187, 41.8980739], [12.4002032, 41.8980334], [12.4001877, 41.8979977], [12.4001691, 41.8979619], [12.4001506, 41.8979309], [12.4001259, 41.8978979], [12.3999824, 41.8977222], [12.3999616, 41.8976929], [12.3999429, 41.8976664], [12.3999232, 41.8976358], [12.3999058, 41.8976039], [12.3998873, 41.897568], [12.3998215, 41.8974366], [12.399782, 41.8973594], [12.3997397, 41.8972771], [12.39967, 41.8971443], [12.399581, 41.8969908], [12.3995592, 41.8969532], [12.3995259, 41.8969031], [12.3994957, 41.8968585], [12.3994783, 41.8968297], [12.3994642, 41.8968025], [12.3994521, 41.896771], [12.3994433, 41.896741], [12.3994382, 41.8967114], [12.3994353, 41.8966803], [12.3994335, 41.896648], [12.3994339, 41.8966142], [12.3994379, 41.8965473]]}}, {"type": "Feature", "properties": {"id": "SS-ROM-15637", "nome": "Vicolo del Fontanile Arenato", "quartiere": "Municipio Roma XIII", "classificazione": "giallo", "score": 3, "note": "strada urbana senza ciclabile", "ciclabile": "no", "n_corsie": "2", "senso_unico": "si", "n_testimonianze": "0", "municipio": "XIII"}, "geometry": {"type": "MultiLineString", "coordinates": [[[12.4206268, 41.8847481], [12.4204662, 41.8848369]], [[12.4195118, 41.8850584], [12.4187135, 41.8855219]], [[12.4204662, 41.8848369], [12.4201018, 41.885042], [12.4199069, 41.8848383], [12.4195118, 41.8850584]]]}}, {"type": "Feature", "properties": {"id": "SS-ROM-15674", "nome": "Vicolo della Cellulosa", "quartiere": "Municipio Roma XIII", "classificazione": "giallo", "score": 3, "note": "strada urbana senza ciclabile (1 corsie)", "ciclabile": "no", "n_corsie": "1", "senso_unico": "no", "n_testimonianze": "0", "municipio": "XIII"}, "geometry": {"type": "LineString", "coordinates": [[12.3592728, 41.9189661], [12.3592213, 41.9190939], [12.3592144, 41.9191156], [12.3592048, 41.9191383], [12.3591956, 41.9191559], [12.3591837, 41.9191745], [12.3590748, 41.9193163], [12.3590644, 41.9193273], [12.3590538, 41.9193353], [12.3590429, 41.9193412], [12.3590315, 41.9193455], [12.3590147, 41.9193482], [12.3589962, 41.9193483], [12.3589743, 41.9193464], [12.3589424, 41.9193412], [12.3588978, 41.9193325], [12.3587427, 41.9193004]]}}, {"type": "Feature", "properties": {"id": "SS-ROM-15683", "nome": "Vicolo della Riserva del Fontanile", "quartiere": "Municipio Roma XIII", "classificazione": "giallo", "score": 3, "note": "strada urbana senza ciclabile", "ciclabile": "no", "n_corsie": "2", "senso_unico": "no", "n_testimonianze": "0", "municipio": "XIII"}, "geometry": {"type": "LineString", "coordinates": [[12.350174, 41.9107107], [12.3498521, 41.9109487], [12.349804, 41.9109823], [12.3497524, 41.9110164], [12.3496235, 41.9110974], [12.3493249, 41.9112851], [12.3491046, 41.911426], [12.3490195, 41.9114804], [12.3488262, 41.9116041], [12.3483925, 41.9118815], [12.3483683, 41.9118934], [12.3483413, 41.9119011], [12.3483116, 41.9119038], [12.348288, 41.9119036], [12.3482618, 41.9118985], [12.3482414, 41.911891], [12.3481315, 41.9118135], [12.3481171, 41.9118058], [12.3481014, 41.9117981], [12.348085, 41.9117925], [12.3480632, 41.9117888], [12.3480478, 41.9117874], [12.3480332, 41.9117865], [12.3480185, 41.9117867], [12.3480045, 41.9117873], [12.3479727, 41.9117905], [12.3479561, 41.9117926], [12.3479375, 41.9117953], [12.3479227, 41.911798], [12.3479058, 41.9118013], [12.3478869, 41.911806], [12.347868, 41.9118118], [12.3459951, 41.9125226], [12.3457122, 41.9126256], [12.3445351, 41.913054]]}}, {"type": "Feature", "properties": {"id": "SS-ROM-15707", "nome": "Vicolo di Casal Selce", "quartiere": "Municipio Roma XIII", "classificazione": "giallo", "score": 3, "note": "strada urbana senza ciclabile", "ciclabile": "no", "n_corsie": "2", "senso_unico": "no", "n_testimonianze": "0", "municipio": "XIII"}, "geometry": {"type": "LineString", "coordinates": [[12.3469635, 41.9069365], [12.3469475, 41.9069205], [12.3469302, 41.9069044], [12.3468937, 41.9068752], [12.346782, 41.9067977], [12.3466549, 41.9067072], [12.3464755, 41.9065793], [12.3461892, 41.9063885], [12.3461368, 41.9063502], [12.3460954, 41.9063167], [12.3460552, 41.9062803], [12.3460208, 41.906246], [12.3459892, 41.9062097], [12.3459365, 41.906129], [12.3459043, 41.906064], [12.3458761, 41.906002], [12.3458641, 41.9059631], [12.3458573, 41.9059281], [12.3458547, 41.9058911], [12.345856, 41.9058571], [12.345865, 41.9058073], [12.3458794, 41.9057634], [12.3459004, 41.9057136], [12.3459242, 41.9056708], [12.3459477, 41.905639], [12.3462152, 41.9053339], [12.3462415, 41.9053015], [12.3462597, 41.9052709], [12.3462794, 41.9052315], [12.3462881, 41.9051874], [12.3462915, 41.9051462], [12.3462871, 41.9051105], [12.3462307, 41.904904], [12.3462171, 41.9048688], [12.3462021, 41.9048315], [12.3461856, 41.9047969], [12.3461678, 41.9047603], [12.3460827, 41.9046127]]}}, {"type": "Feature", "properties": {"id": "SS-ROM-15708", "nome": "Vicolo di Casalotti", "quartiere": "Municipio Roma XIII", "classificazione": "giallo", "score": 3, "note": "strada urbana senza ciclabile", "ciclabile": "no", "n_corsie": "2", "senso_unico": "no", "n_testimonianze": "0", "municipio": "XIII"}, "geometry": {"type": "LineString", "coordinates": [[12.3686042, 41.9191086], [12.3685599, 41.9191161], [12.36812, 41.9188579], [12.3681069, 41.9188491], [12.368093, 41.9188376], [12.3680823, 41.9188254], [12.3680757, 41.9188138], [12.3680706, 41.9188014], [12.3680695, 41.9187895], [12.3680708, 41.9187754], [12.3680742, 41.9187608], [12.3681186, 41.9186513], [12.3684631, 41.9178007], [12.3685442, 41.917582], [12.3685629, 41.9175321], [12.3685762, 41.9174862], [12.3685892, 41.917428], [12.3685969, 41.9173738], [12.3686185, 41.9172022], [12.3686608, 41.9168256], [12.3686819, 41.9164794], [12.3686663, 41.9161612], [12.3686722, 41.9159595], [12.3686758, 41.9158379]]}}]}